site,year,date,primary_key,datetime_est,sensor,operator,Fo,Fm,Fp,Ft_L1,Ft_L2,Ft_L3,Ft_L4,Ft_L5,Ft_L6,Ft_L7,Ft_L8,Ft_L9,Ft_Lss,Fm_L1,Fm_L2,Fm_L3,Fm_L4,Fm_L5,Fm_L6,Fm_L7,Fm_L8,Fm_L9,Fm_Lss,NPQ_L1,NPQ_L2,NPQ_L3,NPQ_L4,NPQ_L5,NPQ_L6,NPQ_L7,NPQ_L8,NPQ_L9,NPQ_Lss,Qp_L1,Qp_L2,Qp_L3,Qp_L4,Qp_L5,Qp_L6,Qp_L7,Qp_L8,Qp_L9,Qp_Lss,Rfd,Fm_D1,Fm_D2,NPQ_D1,NPQ_D2,Qp_D1,Qp_D2,QY_max,QY_L1,QY_L2,QY_L3,QY_L4,QY_L5,QY_L6,QY_L7,QY_L8,QY_L9,QY_Lss,QY_D1,QY_D2
PIK,2022,2022-06-30,pik_118,,E2,Qi,682,2633,1626,780,682,651,650,617,618,585,617,585,585,845,715,715,683,715,683,683,682,650,683,2.12,2.68,2.68,2.86,2.68,2.86,2.86,2.86,3.05,2.86,0.16,0.11,0.2,0.11,0.31,0.22,0.34,0.22,0.24,0.43,1.78,975,1105,1.7,1.38,0.91,0.97,0.74,0.08,0.05,0.09,0.05,0.14,0.1,0.14,0.1,0.1,0.14,0.47,0.53
PIK,2022,2022-06-30,pik_1290,,E2,Qi,509,3191,2682,1785,1106,897,817,787,767,748,748,738,728,1945,1236,1017,937,897,887,887,877,887,877,0.64,1.58,2.14,2.41,2.56,2.6,2.6,2.64,2.6,2.64,0.11,0.16,0.19,0.21,0.21,0.23,0.26,0.25,0.28,0.36,2.68,1196,1436,1.67,1.22,0.95,0.97,0.84,0.08,0.11,0.12,0.13,0.12,0.14,0.16,0.15,0.17,0.17,0.63,0.68
PIK,2022,2022-06-30,pik_13,,E2,Qi,488,2211,1593,683,520,520,487,488,521,488,487,520,487,747,585,585,585,553,553,586,585,585,618,1.96,2.78,2.78,2.78,3,3,2.77,2.78,2.78,2.58,0.16,0.23,0.23,0.35,0.25,0.12,0.35,0.35,0.23,0.57,2.27,1138,1463,0.94,0.51,0.93,0.95,0.78,0.09,0.11,0.11,0.17,0.12,0.06,0.17,0.17,0.11,0.21,0.6,0.67
PIK,2022,2022-06-30,pik_1306,,E2,Qi,617,3154,2698,1235,846,780,715,715,683,682,715,747,683,1365,910,877,812,780,780,780,845,813,780,1.31,2.47,2.6,2.88,3.04,3.04,3.04,2.73,2.88,3.04,0.15,0.13,0.21,0.23,0.17,0.25,0.25,0.29,0.16,0.33,2.95,1495,1918,1.11,0.64,0.92,0.97,0.8,0.1,0.07,0.11,0.12,0.08,0.12,0.13,0.15,0.08,0.12,0.61,0.69
PIK,2022,2022-06-30,pik_1436,,E2,Qi,780,2828,2406,1658,1008,812,747,715,683,682,682,683,682,1723,1073,878,780,780,747,747,780,748,780,0.64,1.64,2.22,2.63,2.63,2.79,2.79,2.63,2.78,2.63,0.06,0.12,0.17,0.1,0.2,0.21,0.21,0.3,0.21,0.33,2.53,943,1105,2,1.56,0.89,0.93,0.72,0.04,0.06,0.08,0.04,0.08,0.09,0.09,0.13,0.09,0.13,0.41,0.47
PIK,2022,2022-06-30,pik_1530,,E2,Qi,651,3187,1626,715,586,585,585,552,585,585,585,585,585,813,683,650,650,683,682,650,683,682,683,2.92,3.67,3.9,3.9,3.67,3.67,3.9,3.67,3.67,3.67,0.24,0.31,0.23,0.23,0.42,0.31,0.23,0.32,0.31,0.38,1.78,1138,1398,1.8,1.28,1.03,1.07,0.8,0.12,0.14,0.1,0.1,0.19,0.14,0.1,0.14,0.14,0.14,0.6,0.67
PIK,2022,2022-06-30,pik_1620,,E2,Qi,521,2373,1821,846,618,585,553,552,553,553,552,553,586,1008,748,650,650,650,651,618,617,618,651,1.35,2.17,2.65,2.65,2.65,2.65,2.84,2.85,2.84,2.65,0.27,0.33,0.2,0.3,0.31,0.3,0.22,0.22,0.22,0.33,2.11,1398,1658,0.7,0.43,0.96,0.99,0.78,0.16,0.17,0.1,0.15,0.15,0.15,0.11,0.11,0.11,0.1,0.65,0.71
PIK,2022,2022-06-30,pik_1676,,E2,Qi,585,1821,1106,487,455,455,422,455,455,455,455,455,455,585,488,520,520,520,553,552,552,553,520,2.11,2.73,2.5,2.5,2.5,2.29,2.3,2.3,2.29,2.5,0.41,0.19,0.33,0.5,0.33,0.45,0.45,0.45,0.45,0.4,1.43,1138,1268,0.6,0.44,0.95,0.99,0.68,0.17,0.07,0.12,0.19,0.12,0.18,0.18,0.18,0.18,0.12,0.54,0.59
PIK,2022,2022-06-30,pik_1711,,E2,Qi,553,2894,2276,1041,716,650,618,585,585,585,553,553,552,1138,845,748,683,683,683,651,650,650,617,1.54,2.42,2.87,3.24,3.24,3.24,3.45,3.45,3.45,3.69,0.14,0.28,0.25,0.19,0.29,0.29,0.21,0.31,0.31,0.33,3.12,976,1170,1.97,1.47,0.91,0.97,0.81,0.09,0.15,0.13,0.1,0.14,0.14,0.1,0.15,0.15,0.11,0.53,0.61
PIK,2022,2022-06-30,pik_1826,,E2,Qi,508,2383,1705,708,548,509,499,489,488,489,489,479,479,808,628,598,588,568,568,558,569,559,559,1.95,2.79,2.98,3.05,3.2,3.2,3.27,3.19,3.26,3.26,0.22,0.26,0.31,0.32,0.3,0.3,0.27,0.3,0.31,0.47,2.56,1027,1286,1.32,0.85,0.93,0.96,0.79,0.12,0.13,0.15,0.15,0.14,0.14,0.12,0.14,0.14,0.14,0.57,0.64
PIK,2022,2022-06-30,pik_1859,,E2,Qi,617,3934,3251,1755,1072,877,812,812,780,780,780,780,780,1918,1170,975,943,910,878,910,878,845,877,1.05,2.36,3.03,3.17,3.32,3.48,3.32,3.48,3.66,3.49,0.12,0.14,0.18,0.25,0.19,0.2,0.26,0.2,0.14,0.27,3.17,1463,1756,1.69,1.24,0.93,1,0.84,0.08,0.08,0.1,0.14,0.11,0.11,0.14,0.11,0.08,0.11,0.62,0.7
PIK,2022,2022-06-30,pik_1906,,E2,Qi,449,2362,1814,957,668,598,568,558,538,538,528,509,518,1077,768,678,648,638,628,618,608,599,598,1.19,2.08,2.48,2.65,2.7,2.76,2.82,2.88,2.94,2.95,0.17,0.22,0.21,0.23,0.23,0.27,0.25,0.25,0.29,0.33,2.5,938,1176,1.52,1.01,0.92,0.95,0.81,0.11,0.13,0.12,0.12,0.13,0.14,0.13,0.13,0.15,0.13,0.58,0.64
PIK,2022,2022-06-30,pik_1972,,E1,Gregory,618,3219,2406,1073,748,683,715,715,715,716,715,716,683,1203,846,813,878,846,846,878,846,878,846,1.68,2.8,2.96,2.67,2.8,2.8,2.67,2.8,2.67,2.8,0.18,0.22,0.31,0.35,0.29,0.29,0.35,0.29,0.35,0.5,2.52,1561,1788,1.06,0.8,0.96,0.96,0.81,0.11,0.12,0.16,0.19,0.15,0.15,0.18,0.15,0.18,0.19,0.65,0.67
PIK,2022,2022-06-30,pik_2043,,E1,Gregory,716,2958,2146,943,715,553,488,488,455,456,488,456,488,1041,780,618,553,553,553,553,553,553,553,1.84,2.79,3.79,4.35,4.35,4.35,4.35,4.35,4.35,4.35,0.18,0.18,0.27,0.32,0.32,0.48,0.48,0.32,0.48,0.33,3.4,910,1138,2.25,1.6,1.02,0.99,0.76,0.09,0.08,0.11,0.12,0.12,0.18,0.18,0.12,0.18,0.12,0.5,0.54
PIK,2022,2022-06-30,pik_2106,,E1,Gregory,650,2601,1885,878,682,683,650,650,618,618,617,618,650,1008,813,780,780,748,780,748,780,748,748,1.58,2.2,2.33,2.33,2.48,2.33,2.48,2.33,2.48,2.48,0.24,0.33,0.26,0.35,0.28,0.44,0.38,0.44,0.38,0.38,1.9,1398,1658,0.86,0.57,0.94,0.98,0.75,0.13,0.16,0.12,0.17,0.13,0.21,0.17,0.21,0.17,0.13,0.58,0.65
PIK,2022,2022-06-30,pik_2112,,E1,Gregory,585,2146,1300,683,520,455,455,488,423,390,358,358,390,780,552,553,585,585,520,455,487,487,455,1.75,2.89,2.88,2.67,2.67,3.13,3.72,3.41,3.41,3.72,0.25,0.14,0.43,0.53,0.39,0.48,0.4,0.7,0.7,0.33,2.33,812,1008,1.64,1.13,1.19,1.16,0.73,0.12,0.06,0.18,0.22,0.17,0.19,0.14,0.26,0.26,0.14,0.6,0.64
PIK,2022,2022-06-30,pik_2155,,E1,Gregory,748,2796,1951,911,715,651,650,650,651,650,682,650,650,1041,813,780,748,781,780,780,780,813,780,1.69,2.44,2.58,2.74,2.58,2.58,2.58,2.58,2.44,2.58,0.25,0.27,0.38,0.31,0.39,0.38,0.38,0.29,0.45,0.5,2,1170,1463,1.39,0.91,0.99,1.02,0.73,0.12,0.12,0.17,0.13,0.17,0.17,0.17,0.13,0.2,0.17,0.53,0.6
PIK,2022,2022-06-30,pik_2168,,E1,Gregory,716,3804,2763,1040,813,781,748,748,748,715,748,715,715,1170,943,878,846,813,845,813,813,813,813,2.25,3.03,3.33,3.5,3.68,3.5,3.68,3.68,3.68,3.68,0.19,0.27,0.22,0.24,0.17,0.23,0.25,0.17,0.25,0.38,2.86,1398,1690,1.72,1.25,0.95,0.97,0.81,0.11,0.14,0.11,0.12,0.08,0.11,0.12,0.08,0.12,0.12,0.58,0.63
PIK,2022,2022-06-30,pik_2274,,E1,Gregory,845,3772,2829,1365,975,910,878,878,845,846,813,845,813,1528,1138,1073,1008,1008,975,976,976,975,943,1.47,2.31,2.52,2.74,2.74,2.87,2.86,2.86,2.87,3,0.18,0.28,0.31,0.27,0.27,0.28,0.28,0.35,0.28,0.36,2.48,1755,2048,1.15,0.84,1.02,1.02,0.78,0.11,0.14,0.15,0.13,0.13,0.13,0.13,0.17,0.13,0.14,0.63,0.67
PIK,2022,2022-06-30,pik_2441,,E1,Gregory,553,2341,1853,910,650,552,520,520,488,455,455,488,487,1041,748,618,586,585,553,552,552,553,552,1.25,2.13,2.79,2.99,3,3.23,3.24,3.24,3.23,3.24,0.21,0.26,0.23,0.25,0.25,0.27,0.41,0.41,0.27,0.4,2.8,1105,1365,1.12,0.72,1.07,1.06,0.76,0.13,0.13,0.11,0.11,0.11,0.12,0.18,0.18,0.12,0.12,0.65,0.69
PIK,2022,2022-06-30,pik_2671,,E1,Gregory,459,1675,1227,639,548,518,559,539,479,499,499,499,489,737,628,608,648,628,568,579,578,558,559,1.27,1.67,1.75,1.58,1.67,1.95,1.89,1.9,2,2,0.25,0.26,0.3,0.27,0.28,0.33,0.29,0.29,0.23,0.39,1.51,1017,1206,0.65,0.39,0.95,1.01,0.73,0.13,0.13,0.15,0.14,0.14,0.16,0.14,0.14,0.11,0.13,0.59,0.66
PIK,2022,2022-06-30,pik_2811,,E1,Gregory,520,3056,2145,1008,747,715,715,650,682,683,650,650,617,1203,942,845,812,813,780,780,780,780,780,1.54,2.24,2.62,2.76,2.76,2.92,2.92,2.92,2.92,2.92,0.25,0.34,0.27,0.21,0.36,0.23,0.22,0.3,0.3,0.56,2.48,1398,1755,1.19,0.74,0.94,0.95,0.83,0.16,0.21,0.15,0.12,0.2,0.13,0.12,0.17,0.17,0.21,0.65,0.7
PIK,2022,2022-06-30,pik_2815,,E1,Gregory,520,1853,1171,650,553,553,552,585,585,585,422,487,488,715,618,715,715,715,747,715,585,617,585,1.59,2,1.59,1.59,1.59,1.48,1.59,2.17,2,2.17,0.18,0.23,0.46,0.46,0.37,0.43,0.37,0.62,0.46,0.43,1.4,1040,1203,0.78,0.54,1.01,1.04,0.72,0.09,0.11,0.23,0.23,0.18,0.22,0.18,0.28,0.21,0.17,0.59,0.65
PIK,2022,2022-06-30,pik_2922,,E1,Gregory,349,1356,987,558,429,389,379,369,349,349,379,329,329,668,498,458,468,448,449,449,469,419,419,1.03,1.72,1.96,1.9,2.03,2.02,2.02,1.89,2.24,2.24,0.28,0.27,0.31,0.38,0.36,0.46,0.46,0.38,0.46,0.56,2,548,608,1.47,1.23,0.91,0.96,0.74,0.16,0.14,0.15,0.19,0.18,0.22,0.22,0.19,0.21,0.21,0.49,0.54
PIK,2022,2022-06-30,pik_2964,,E1,Gregory,618,2796,2178,1073,748,682,683,683,651,683,683,683,650,1202,878,813,813,813,813,813,813,780,812,1.33,2.18,2.44,2.44,2.44,2.44,2.44,2.44,2.58,2.44,0.18,0.28,0.32,0.32,0.32,0.39,0.32,0.32,0.25,0.46,2.35,1398,1561,1,0.79,0.95,1.01,0.78,0.11,0.15,0.16,0.16,0.16,0.2,0.16,0.16,0.12,0.2,0.6,0.67
PIK,2022,2022-06-30,pik_30,,E2,Qi,780,1918,943,552,520,487,487,487,455,455,488,488,488,585,552,520,552,520,520,520,552,520,520,2.28,2.47,2.69,2.47,2.69,2.69,2.69,2.47,2.69,2.69,0.18,0.2,0.22,0.4,0.22,0.44,0.44,0.39,0.22,0.49,0.93,683,780,1.81,1.46,0.69,0.9,0.59,0.06,0.06,0.06,0.12,0.06,0.12,0.12,0.12,0.06,0.06,0.24,0.33
PIK,2022,2022-06-30,pik_3118,,E1,Gregory,651,3153,2503,1236,878,781,748,748,748,748,748,716,748,1398,975,943,911,911,911,878,878,878,846,1.26,2.23,2.34,2.46,2.46,2.46,2.59,2.59,2.59,2.73,0.18,0.18,0.32,0.34,0.34,0.34,0.29,0.29,0.36,0.3,2.35,1788,2049,0.76,0.54,0.95,0.98,0.79,0.12,0.1,0.17,0.18,0.18,0.18,0.15,0.15,0.18,0.12,0.65,0.7
PIK,2022,2022-06-30,pik_3131,,E1,Gregory,748,3511,2666,1430,943,846,780,813,747,747,813,780,747,1593,1073,943,910,878,910,910,943,910,942,1.2,2.27,2.72,2.86,3,2.86,2.86,2.72,2.86,2.73,0.16,0.23,0.21,0.29,0.15,0.37,0.37,0.28,0.29,0.46,2.57,1365,1593,1.57,1.2,1.01,1.04,0.79,0.1,0.12,0.1,0.14,0.07,0.18,0.18,0.14,0.14,0.21,0.59,0.65
PIK,2022,2022-06-30,pik_3192,,E1,Gregory,715,3153,2308,910,682,650,617,650,650,617,618,618,651,1040,748,715,715,747,748,780,748,747,748,2.03,3.22,3.41,3.41,3.22,3.22,3.04,3.22,3.22,3.22,0.24,0.2,0.21,0.31,0.29,0.29,0.46,0.39,0.39,0.37,2.55,1008,1203,2.13,1.62,0.93,0.96,0.77,0.12,0.09,0.09,0.14,0.13,0.13,0.21,0.17,0.17,0.13,0.48,0.54
PIK,2022,2022-06-30,pik_3273,,E1,Gregory,552,2698,1983,1073,683,618,585,553,552,553,552,553,520,1236,845,748,715,683,716,683,682,683,715,1.18,2.19,2.61,2.77,2.95,2.77,2.95,2.96,2.95,2.77,0.21,0.35,0.34,0.36,0.38,0.45,0.38,0.38,0.38,0.6,2.81,1105,1333,1.44,1.02,1,1,0.8,0.13,0.19,0.17,0.18,0.19,0.23,0.19,0.19,0.19,0.27,0.62,0.66
PIK,2022,2022-06-30,pik_3282,,E1,Gregory,585,2926,2406,1366,877,748,715,683,650,650,618,618,618,1496,976,845,813,748,747,715,715,715,683,0.96,2,2.46,2.6,2.91,2.92,3.09,3.09,3.09,3.28,0.13,0.18,0.21,0.23,0.17,0.26,0.18,0.27,0.27,0.25,2.89,1333,1658,1.2,0.76,0.98,0.99,0.8,0.09,0.1,0.11,0.12,0.09,0.13,0.09,0.14,0.14,0.1,0.63,0.69
PIK,2022,2022-06-30,pik_3321,,E1,Gregory,525,0,1674,816,592,538,520,518,517,500,499,501,500,951,682,628,614,615,624,609,606,612,616,-1,-1,-1,-1,-1,-1,-1,-1,-1,-1,0,0,0,0,0,0,0,0,0,0.47,2.35,923,1114,-1,-1,-4.58e+15,0,0,0.14,0.13,0.14,0.15,0.16,0.17,0.18,0.18,0.18,0.19,0.56,0.62
PIK,2022,2022-06-30,pik_3356,,E1,Gregory,780,3739,2991,1463,975,846,813,781,748,781,748,748,748,1626,1073,943,910,878,845,845,846,846,845,1.3,2.48,2.97,3.11,3.26,3.42,3.42,3.42,3.42,3.42,0.16,0.18,0.21,0.22,0.23,0.25,0.16,0.25,0.25,0.33,3,1691,2049,1.21,0.82,0.97,0.99,0.79,0.1,0.09,0.1,0.11,0.11,0.11,0.08,0.12,0.12,0.11,0.62,0.67
PIK,2022,2022-06-30,pik_3366,,E1,Gregory,748,3154,2243,1106,781,748,716,716,715,683,651,716,715,1203,878,846,846,813,813,813,813,813,813,1.62,2.59,2.73,2.73,2.88,2.88,2.88,2.88,2.88,2.88,0.15,0.23,0.25,0.33,0.26,0.27,0.35,0.44,0.26,0.33,2.14,1171,1365,1.69,1.31,0.92,0.94,0.76,0.08,0.11,0.12,0.15,0.12,0.12,0.16,0.2,0.12,0.12,0.5,0.55
PIK,2022,2022-06-30,pik_3437,,E1,Gregory,748,3771,2828,1332,942,845,845,846,813,813,781,780,781,1495,1072,975,943,943,910,943,943,910,911,1.52,2.52,2.87,3,3,3.14,3,3,3.14,3.14,0.18,0.23,0.26,0.21,0.2,0.22,0.27,0.34,0.29,0.4,2.62,1495,1821,1.52,1.07,0.95,1,0.8,0.11,0.12,0.13,0.1,0.1,0.11,0.14,0.17,0.14,0.14,0.59,0.66
PIK,2022,2022-06-30,pik_3484,,E1,Gregory,617,3316,2601,1398,975,846,748,716,715,683,683,683,650,1593,1073,976,878,813,878,780,780,780,813,1.08,2.09,2.4,2.78,3.08,2.78,3.25,3.25,3.25,3.08,0.18,0.16,0.24,0.28,0.23,0.35,0.25,0.25,0.25,0.56,3,1236,1496,1.68,1.22,0.98,0.95,0.81,0.12,0.09,0.13,0.15,0.12,0.19,0.12,0.12,0.12,0.2,0.61,0.63
PIK,2022,2022-06-30,pik_3628,,E1,Gregory,650,2699,1951,1301,942,812,780,748,715,715,682,715,682,1463,1073,975,910,878,812,845,845,812,812,0.84,1.52,1.77,1.97,2.07,2.32,2.19,2.19,2.32,2.32,0.18,0.22,0.31,0.28,0.29,0.25,0.31,0.39,0.25,0.45,1.86,1073,1235,1.52,1.19,0.98,0.94,0.76,0.11,0.12,0.17,0.14,0.15,0.12,0.15,0.19,0.12,0.16,0.55,0.55
PIK,2022,2022-06-30,pik_373,,E2,Qi,683,1756,1138,651,586,618,553,553,553,553,521,553,553,716,651,618,618,618,618,650,586,586,586,1.45,1.7,1.84,1.84,1.84,1.84,1.7,2,2,2,0.23,0.27,0,0.3,0.3,0.3,0.41,0.32,0.16,0.34,1.06,845,943,1.08,0.86,0.89,0.98,0.61,0.09,0.1,0,0.11,0.11,0.11,0.15,0.11,0.06,0.06,0.38,0.45
PIK,2022,2022-06-30,pik_3759,,E1,Gregory,650,1788,1398,845,618,585,553,585,553,585,553,586,520,976,780,715,715,650,651,617,618,650,650,0.83,1.29,1.5,1.5,1.75,1.75,1.9,1.89,1.75,1.75,0.27,0.48,0.44,0.55,0.26,0.39,0.14,0.28,0.25,0.8,1.69,1105,1398,0.62,0.28,1.07,1.13,0.64,0.13,0.21,0.18,0.23,0.1,0.15,0.05,0.11,0.1,0.2,0.56,0.65
PIK,2022,2022-06-30,pik_402,,E2,Qi,355,0,643,460,369,350,345,334,332,330,327,329,327,528,424,406,398,393,391,390,387,388,386,-1,-1,-1,-1,-1,-1,-1,-1,-1,-1,0,0,0,0,0,0,0,0,0,0.46,0.97,0,0,0,0,0,0,0,0.13,0.13,0.14,0.13,0.15,0.15,0.15,0.16,0.15,0.15,0,0
PIK,2022,2022-06-30,pik_4025,,E2,Qi,520,3284,2569,1268,780,650,650,617,617,585,585,585,585,1430,845,747,715,683,715,715,682,682,650,1.3,2.89,3.4,3.59,3.81,3.59,3.59,3.82,3.82,4.05,0.16,0.13,0.24,0.17,0.18,0.26,0.34,0.27,0.27,0.29,3.39,1333,1593,1.46,1.06,0.96,0.96,0.84,0.11,0.08,0.13,0.09,0.1,0.14,0.18,0.14,0.14,0.1,0.66,0.69
PIK,2022,2022-06-30,pik_4086,,E2,Qi,650,3121,2698,1431,975,878,845,780,781,781,781,780,781,1528,1040,943,910,878,878,878,846,910,878,1.04,2,2.31,2.43,2.55,2.55,2.55,2.69,2.43,2.55,0.1,0.11,0.13,0.14,0.22,0.21,0.21,0.15,0.27,0.3,2.45,1268,1496,1.46,1.09,0.89,0.94,0.79,0.06,0.06,0.07,0.07,0.11,0.11,0.11,0.08,0.14,0.11,0.54,0.61
PIK,2022,2022-06-30,pik_413,,E2,Qi,519,2662,2034,937,659,598,578,578,578,558,558,568,548,1066,758,707,698,698,698,688,697,688,678,1.5,2.51,2.77,2.81,2.81,2.81,2.87,2.82,2.87,2.93,0.19,0.24,0.29,0.33,0.33,0.33,0.37,0.38,0.34,0.47,2.71,1127,1297,1.36,1.05,0.96,0.97,0.81,0.12,0.13,0.15,0.17,0.17,0.17,0.19,0.2,0.17,0.19,0.61,0.65
PIK,2022,2022-06-30,pik_4231,,E1,Gregory,583,1995,1312,610,482,427,399,386,416,384,380,410,382,675,540,473,466,441,480,446,436,452,441,1.96,2.69,3.22,3.28,3.52,3.16,3.47,3.58,3.41,3.52,0.21,0.27,0.27,0.4,0.36,0.36,0.4,0.37,0.26,0.42,2.43,596,667,2.35,1.99,1.06,1.07,0.71,0.1,0.11,0.1,0.14,0.12,0.13,0.14,0.13,0.09,0.13,0.45,0.48
PIK,2022,2022-06-30,pik_425,,E2,Qi,586,2666,1951,846,618,618,585,586,585,553,553,553,586,943,716,683,683,650,682,683,715,683,683,1.83,2.72,2.9,2.9,3.1,2.91,2.9,2.73,2.9,2.9,0.18,0.28,0.2,0.3,0.21,0.3,0.4,0.46,0.4,0.33,2.33,1073,1300,1.48,1.05,0.98,1.03,0.78,0.1,0.14,0.1,0.14,0.1,0.14,0.19,0.23,0.19,0.14,0.58,0.65
PIK,2022,2022-06-30,pik_4393,,E2,Qi,585,3024,2471,1105,846,780,748,747,748,748,715,748,715,1203,943,910,846,845,845,845,845,845,813,1.51,2.21,2.32,2.57,2.58,2.58,2.58,2.58,2.58,2.72,0.13,0.18,0.26,0.22,0.22,0.21,0.21,0.29,0.21,0.27,2.46,1528,1756,0.98,0.72,0.97,0.97,0.81,0.08,0.1,0.14,0.12,0.12,0.11,0.11,0.15,0.11,0.12,0.66,0.69
PIK,2022,2022-06-30,pik_4401,,E2,Qi,528,2323,1894,807,658,638,628,628,618,618,618,619,619,887,738,708,708,698,708,688,698,688,688,1.62,2.15,2.28,2.28,2.33,2.28,2.38,2.33,2.38,2.38,0.16,0.21,0.19,0.22,0.2,0.25,0.2,0.23,0.2,0.27,2.06,1007,1256,1.31,0.85,0.92,0.96,0.77,0.09,0.11,0.1,0.11,0.1,0.13,0.1,0.11,0.1,0.1,0.55,0.62
PIK,2022,2022-06-30,pik_4411,,E2,Qi,529,2762,2403,1067,837,747,718,698,688,678,659,658,648,1187,957,847,807,797,787,778,758,757,758,1.33,1.89,2.26,2.42,2.47,2.51,2.55,2.64,2.65,2.64,0.16,0.21,0.21,0.2,0.23,0.23,0.24,0.24,0.24,0.38,2.71,1506,1754,0.83,0.57,0.91,0.92,0.81,0.1,0.13,0.12,0.11,0.12,0.13,0.13,0.13,0.13,0.15,0.64,0.67
PIK,2022,2022-06-30,pik_4739,,E2,Qi,585,3738,3284,2406,1398,1041,911,845,780,812,780,748,780,2569,1528,1138,1008,943,911,878,878,878,813,0.46,1.45,2.28,2.71,2.96,3.1,3.26,3.26,3.26,3.6,0.08,0.12,0.14,0.16,0.18,0.25,0.13,0.2,0.27,0.11,3.21,1690,2081,1.21,0.8,0.98,1,0.84,0.06,0.09,0.09,0.1,0.1,0.14,0.08,0.11,0.15,0.04,0.69,0.75
PIK,2022,2022-06-30,pik_4784,,E2,Qi,488,2959,2406,1203,716,618,651,650,618,651,618,585,585,1333,846,748,781,813,748,748,781,748,747,1.22,2.5,2.96,2.79,2.64,2.96,2.96,2.79,2.96,2.96,0.14,0.26,0.31,0.29,0.34,0.31,0.23,0.36,0.39,0.42,3.11,1170,1300,1.53,1.28,0.96,1.01,0.84,0.1,0.15,0.17,0.17,0.2,0.17,0.13,0.21,0.22,0.22,0.64,0.7
PIK,2022,2022-06-30,pik_5454,,E2,Qi,419,1685,1216,578,458,428,428,429,418,408,408,408,408,658,508,488,489,479,468,478,478,478,468,1.56,2.32,2.45,2.45,2.52,2.6,2.53,2.53,2.53,2.6,0.22,0.21,0.26,0.27,0.23,0.23,0.32,0.32,0.32,0.38,1.98,668,807,1.52,1.09,0.9,0.96,0.75,0.12,0.1,0.12,0.12,0.1,0.11,0.15,0.15,0.15,0.13,0.49,0.57
PIK,2022,2022-06-30,pik_730,,E2,Qi,468,1825,1356,638,509,489,488,489,498,488,489,488,479,728,589,569,578,598,609,628,629,628,619,1.51,2.1,2.21,2.16,2.05,2,1.91,1.9,1.91,1.95,0.23,0.28,0.3,0.33,0.37,0.37,0.45,0.45,0.45,0.52,1.83,907,1067,1.01,0.71,0.97,1,0.74,0.12,0.14,0.14,0.16,0.18,0.18,0.22,0.22,0.22,0.23,0.57,0.63
PIK,2022,2022-06-30,pik_739,,E2,Qi,468,1745,1286,638,499,488,479,468,469,449,459,459,469,718,568,558,548,538,538,539,528,539,548,1.43,2.07,2.13,2.18,2.24,2.24,2.24,2.3,2.24,2.18,0.21,0.26,0.27,0.27,0.28,0.28,0.37,0.29,0.32,0.42,1.74,848,1017,1.06,0.72,0.93,0.96,0.73,0.11,0.12,0.13,0.13,0.13,0.13,0.17,0.13,0.15,0.14,0.53,0.59
PIK,2022,2022-06-30,pik_748,,E2,Qi,715,3153,2341,1041,910,878,846,845,780,845,845,813,813,1171,1040,1008,1008,975,976,943,976,943,943,1.69,2.03,2.13,2.13,2.23,2.23,2.34,2.23,2.34,2.34,0.2,0.24,0.25,0.31,0.26,0.39,0.21,0.26,0.27,0.31,1.88,1886,2049,0.67,0.54,0.95,0.99,0.77,0.11,0.12,0.13,0.16,0.13,0.2,0.1,0.13,0.14,0.14,0.64,0.68
PIK,2022,2022-06-30,pik_910,,E2,Qi,650,1853,1008,488,456,456,423,423,456,423,423,422,455,520,521,488,488,488,521,488,488,488,521,2.56,2.56,2.8,2.8,2.8,2.56,2.8,2.8,2.8,2.56,0.18,0.36,0.2,0.41,0.41,0.36,0.41,0.41,0.41,0.67,1.22,845,1008,1.19,0.84,0.92,1.03,0.65,0.06,0.12,0.07,0.13,0.13,0.12,0.13,0.13,0.14,0.13,0.42,0.52
PIK,2022,2022-06-30,pik_956,,E2,Qi,498,1645,1087,648,548,538,528,618,588,588,588,578,568,728,638,628,638,728,678,678,678,668,678,1.26,1.58,1.62,1.58,1.26,1.43,1.43,1.43,1.46,1.43,0.22,0.3,0.31,0.37,0.3,0.27,0.27,0.27,0.28,0.44,0.91,1266,1396,0.3,0.18,0.91,0.94,0.7,0.11,0.14,0.14,0.17,0.15,0.13,0.13,0.13,0.13,0.16,0.58,0.62
PIK,2022,2022-06-30,pik_960,,E2,Qi,716,1853,1008,585,487,520,520,487,520,520,488,488,521,585,552,585,552,618,585,585,585,586,585,2.17,2.36,2.17,2.36,2,2.17,2.17,2.17,2.16,2.17,0,0.37,0.33,0.18,0.61,0.33,0.33,0.5,0.5,0.4,0.93,910,976,1.04,0.9,0.9,0.95,0.61,0,0.12,0.11,0.06,0.21,0.11,0.11,0.17,0.17,0.11,0.39,0.43
PIK,2022,2022-06-30,pik_981,,E2,Qi,651,2894,2081,878,715,650,650,650,683,650,618,651,618,910,813,780,748,748,748,748,748,715,748,2.18,2.56,2.71,2.87,2.87,2.87,2.87,2.87,3.05,2.87,0.07,0.25,0.35,0.28,0.28,0.18,0.28,0.37,0.19,0.57,2.37,1171,1398,1.47,1.07,0.91,0.97,0.78,0.04,0.12,0.17,0.13,0.13,0.09,0.13,0.17,0.09,0.17,0.53,0.6
PIK,2022,2022-06-30,pik_984,,E2,Qi,553,2081,1170,553,423,488,455,456,455,455,455,455,456,618,520,553,520,553,553,553,521,553,521,2.37,3,2.76,3,2.76,2.76,2.76,2.99,2.76,2.99,0.23,0.46,0.28,0.31,0.41,0.42,0.42,0.31,0.42,0.4,1.57,813,943,1.56,1.21,1,0.99,0.73,0.11,0.19,0.12,0.12,0.18,0.18,0.18,0.13,0.18,0.12,0.52,0.55
PIK,2022,2022-07-30,pik_13,,E2,Gregory,878,4519,3804,2243,1431,1170,1105,1073,1041,1041,1040,1008,1041,2438,1560,1333,1268,1236,1268,1268,1300,1236,1268,0.85,1.9,2.39,2.56,2.66,2.56,2.56,2.48,2.66,2.56,0.12,0.14,0.22,0.24,0.25,0.33,0.33,0.37,0.35,0.39,2.65,1691,1983,1.67,1.28,0.98,0.99,0.81,0.08,0.08,0.12,0.13,0.13,0.18,0.18,0.2,0.18,0.18,0.6,0.64
PIK,2022,2022-07-30,pik_1530,,E2,Gregory,747,3512,2796,1398,943,943,910,878,911,878,910,877,877,1528,1073,1073,1041,1041,1041,1040,1072,1072,1040,1.3,2.27,2.27,2.37,2.37,2.37,2.38,2.28,2.28,2.38,0.14,0.23,0.23,0.24,0.3,0.24,0.3,0.28,0.34,0.39,2.19,1333,1528,1.63,1.3,0.88,0.93,0.79,0.09,0.12,0.12,0.13,0.16,0.12,0.16,0.15,0.18,0.16,0.51,0.57
PIK,2022,2022-07-30,pik_1620,,E2,Gregory,553,2503,2049,1138,813,715,715,683,682,650,650,651,618,1268,943,845,813,813,812,780,813,780,780,0.97,1.65,1.96,2.08,2.08,2.08,2.21,2.08,2.21,2.21,0.16,0.24,0.28,0.23,0.3,0.3,0.32,0.38,0.32,0.42,2.32,943,1138,1.65,1.2,0.97,0.97,0.78,0.1,0.14,0.15,0.12,0.16,0.16,0.17,0.2,0.17,0.21,0.55,0.6
PIK,2022,2022-07-30,pik_1676,,E2,Gregory,520,2275,1691,975,748,617,617,586,552,585,552,585,585,1171,878,748,748,781,748,683,715,715,683,0.94,1.59,2.04,2.04,1.91,2.04,2.33,2.18,2.18,2.33,0.26,0.26,0.33,0.33,0.47,0.5,0.29,0.44,0.35,0.33,1.89,1040,1267,1.19,0.8,0.93,0.94,0.77,0.17,0.15,0.18,0.18,0.25,0.26,0.14,0.23,0.18,0.14,0.56,0.62
PIK,2022,2022-07-30,pik_1711,,E2,Gregory,683,3511,2861,1658,1040,911,780,747,747,748,715,715,716,1820,1203,976,878,845,846,846,845,813,813,0.93,1.92,2.6,3,3.16,3.15,3.15,3.16,3.32,3.32,0.13,0.23,0.12,0.22,0.23,0.23,0.23,0.31,0.25,0.33,3,1398,1691,1.51,1.08,0.97,0.98,0.81,0.09,0.14,0.07,0.11,0.12,0.12,0.12,0.15,0.12,0.12,0.61,0.65
PIK,2022,2022-07-30,pik_1826,,E2,Gregory,552,2763,2178,1495,943,748,715,683,618,651,585,618,585,1723,1138,942,878,846,845,845,780,813,812,0.6,1.43,1.93,2.15,2.27,2.27,2.27,2.54,2.4,2.4,0.19,0.28,0.36,0.33,0.35,0.49,0.42,0.47,0.44,0.54,2.72,1073,1301,1.58,1.12,1.05,1.03,0.8,0.13,0.17,0.21,0.19,0.19,0.27,0.23,0.25,0.24,0.28,0.64,0.67
PIK,2022,2022-07-30,pik_1859,,E2,Gregory,585,3089,2276,1041,715,682,651,617,618,618,617,618,617,1138,813,748,748,715,715,715,747,747,780,1.71,2.8,3.13,3.13,3.32,3.32,3.32,3.14,3.14,2.96,0.14,0.23,0.17,0.25,0.28,0.27,0.27,0.34,0.34,0.56,2.69,975,1170,2.17,1.64,0.93,0.94,0.81,0.09,0.12,0.09,0.13,0.14,0.14,0.14,0.17,0.17,0.21,0.53,0.58
PIK,2022,2022-07-30,pik_1906,,E2,Gregory,520,2731,2211,1560,1073,910,813,747,748,715,716,683,650,1755,1203,1008,942,878,911,878,878,878,846,0.56,1.27,1.71,1.9,2.11,2,2.11,2.11,2.11,2.23,0.15,0.17,0.16,0.23,0.26,0.31,0.32,0.32,0.38,0.46,2.4,1040,1236,1.63,1.21,0.96,0.96,0.81,0.11,0.11,0.1,0.14,0.15,0.18,0.19,0.18,0.22,0.23,0.59,0.63
PIK,2022,2022-07-30,pik_1972,,E2,Gregory,422,2243,1626,976,651,520,487,455,487,487,487,520,521,1138,781,617,585,585,618,585,650,651,683,0.97,1.87,2.64,2.83,2.83,2.63,2.83,2.45,2.45,2.28,0.21,0.28,0.29,0.32,0.42,0.39,0.32,0.45,0.36,0.45,2.12,878,1040,1.55,1.16,0.94,0.98,0.81,0.14,0.17,0.16,0.17,0.22,0.21,0.17,0.25,0.2,0.24,0.59,0.66
PIK,2022,2022-07-30,pik_2043,,E2,Gregory,748,3349,2634,1723,1301,1138,1040,943,878,878,1040,943,878,2081,1560,1431,1300,1203,1138,1105,1301,1203,1138,0.61,1.15,1.34,1.58,1.78,1.94,2.03,1.57,1.78,1.94,0.25,0.27,0.34,0.35,0.39,0.42,0.38,0.35,0.39,0.47,2,1723,2016,0.94,0.66,1,0.98,0.78,0.17,0.17,0.2,0.2,0.22,0.23,0.21,0.2,0.22,0.23,0.64,0.66
PIK,2022,2022-07-30,pik_2106,,E2,Gregory,617,3641,3056,2178,1301,1007,910,878,845,812,812,845,813,2405,1398,1138,1041,1008,975,975,975,1007,1008,0.51,1.6,2.2,2.5,2.61,2.73,2.73,2.73,2.62,2.61,0.12,0.11,0.19,0.22,0.22,0.23,0.29,0.29,0.28,0.38,2.76,1203,1365,2.03,1.67,1.01,0.99,0.83,0.09,0.07,0.12,0.13,0.13,0.13,0.17,0.17,0.16,0.19,0.62,0.64
PIK,2022,2022-07-30,pik_2112,,E2,Gregory,359,1855,1406,977,658,548,449,508,499,508,509,438,508,1196,777,688,548,608,618,639,648,628,668,0.55,1.39,1.7,2.39,2.05,2,1.9,1.86,1.95,1.78,0.25,0.24,0.34,0.33,0.28,0.33,0.35,0.36,0.52,0.45,1.77,808,1047,1.3,0.77,0.96,0.96,0.81,0.18,0.15,0.2,0.18,0.16,0.19,0.21,0.21,0.3,0.24,0.62,0.68
PIK,2022,2022-07-30,pik_2155,,E2,Gregory,650,3771,3121,1885,1170,975,910,878,877,877,878,877,845,2113,1333,1138,1072,1040,1073,1073,1105,1073,1105,0.78,1.83,2.31,2.52,2.63,2.51,2.51,2.41,2.51,2.41,0.15,0.19,0.24,0.26,0.27,0.32,0.32,0.35,0.32,0.5,2.69,1528,1755,1.47,1.15,0.97,0.94,0.83,0.11,0.12,0.14,0.15,0.16,0.18,0.18,0.21,0.18,0.24,0.64,0.65
PIK,2022,2022-07-30,pik_2261,,E2,Gregory,409,1924,1555,1067,708,608,548,528,519,498,489,488,488,1197,807,698,648,638,618,618,618,618,618,0.61,1.38,1.76,1.97,2.02,2.11,2.11,2.11,2.11,2.11,0.16,0.2,0.22,0.28,0.31,0.29,0.36,0.38,0.39,0.45,2.19,708,798,1.72,1.41,0.93,0.95,0.79,0.11,0.12,0.13,0.15,0.17,0.16,0.19,0.21,0.21,0.21,0.54,0.58
PIK,2022,2022-07-30,pik_2274,,E2,Gregory,585,2894,2341,1300,878,716,650,617,585,586,553,521,455,1430,975,845,748,747,715,715,715,716,585,1.02,1.97,2.42,2.87,2.87,3.05,3.05,3.05,3.04,3.95,0.14,0.17,0.29,0.26,0.34,0.37,0.37,0.46,0.55,0.4,4.15,618,715,3.68,3.05,1.27,1.29,0.8,0.09,0.1,0.15,0.13,0.17,0.18,0.18,0.23,0.27,0.22,0.58,0.64
PIK,2022,2022-07-30,pik_2403,,E2,Gregory,683,3283,2666,1398,975,845,813,748,748,715,716,715,716,1560,1073,943,878,878,846,845,813,813,845,1.1,2.06,2.48,2.74,2.74,2.88,2.89,3.04,3.04,2.89,0.16,0.16,0.2,0.15,0.29,0.23,0.31,0.25,0.25,0.4,2.72,1236,1625,1.66,1.02,0.94,0.95,0.79,0.1,0.09,0.1,0.07,0.15,0.12,0.15,0.12,0.12,0.15,0.55,0.62
PIK,2022,2022-07-30,pik_3759,,E1,Qi,520,2861,2113,1073,715,618,552,553,520,520,520,520,488,1236,845,683,650,650,618,618,617,618,618,1.31,2.39,3.19,3.4,3.4,3.63,3.63,3.64,3.63,3.63,0.2,0.27,0.18,0.3,0.3,0.32,0.32,0.32,0.32,0.57,3.33,1170,1463,1.45,0.96,0.94,0.96,0.82,0.13,0.15,0.1,0.15,0.15,0.16,0.16,0.16,0.16,0.21,0.61,0.67
PIK,2022,2022-07-30,pik_3907,,E1,Qi,553,2698,2178,1528,943,845,683,650,617,650,618,617,585,1723,1073,976,813,747,715,748,748,747,715,0.57,1.51,1.76,2.32,2.61,2.77,2.61,2.61,2.61,2.77,0.16,0.2,0.23,0.3,0.25,0.27,0.25,0.34,0.34,0.44,2.72,1268,1496,1.13,0.8,0.99,1.02,0.8,0.11,0.12,0.13,0.16,0.13,0.14,0.13,0.17,0.17,0.18,0.64,0.7
PIK,2022,2022-07-30,pik_4006,,E1,Qi,553,2601,1918,1170,813,682,617,585,617,585,618,585,585,1333,910,780,747,715,748,780,813,812,780,0.95,1.86,2.33,2.48,2.64,2.48,2.33,2.2,2.2,2.33,0.19,0.19,0.24,0.34,0.36,0.34,0.48,0.45,0.52,0.5,2.28,1138,1333,1.29,0.95,0.97,1.01,0.79,0.12,0.11,0.13,0.17,0.18,0.18,0.25,0.24,0.28,0.25,0.6,0.66
PIK,2022,2022-07-30,pik_4025,,E2,Gregory,553,3089,2211,845,683,618,618,618,618,618,618,618,618,911,780,748,748,715,715,748,748,748,748,2.39,2.96,3.13,3.13,3.32,3.32,3.13,3.13,3.13,3.13,0.13,0.23,0.33,0.33,0.26,0.26,0.33,0.33,0.33,0.44,2.58,1333,1691,1.32,0.83,0.92,0.97,0.82,0.07,0.12,0.17,0.17,0.14,0.14,0.17,0.17,0.17,0.17,0.61,0.69
PIK,2022,2022-07-30,pik_4043,,E2,Gregory,943,4096,3251,1398,1105,1040,1007,976,975,975,975,975,976,1528,1170,1106,1073,1073,1073,1073,1106,1072,1073,1.68,2.5,2.7,2.82,2.82,2.82,2.82,2.7,2.82,2.82,0.15,0.11,0.13,0.13,0.19,0.2,0.2,0.25,0.19,0.25,2.33,1658,1983,1.47,1.07,0.95,0.98,0.77,0.09,0.06,0.06,0.06,0.09,0.09,0.09,0.12,0.09,0.09,0.55,0.61
PIK,2022,2022-07-30,pik_4141,,E1,Qi,585,2796,2146,1171,780,715,683,618,617,618,618,617,618,1366,910,846,780,748,747,748,780,780,780,1.05,2.07,2.3,2.58,2.74,2.74,2.74,2.58,2.58,2.58,0.22,0.26,0.29,0.24,0.35,0.35,0.35,0.4,0.41,0.45,2.47,1041,1268,1.69,1.21,0.96,1.02,0.79,0.14,0.14,0.15,0.12,0.17,0.17,0.17,0.21,0.21,0.21,0.56,0.64
PIK,2022,2022-07-30,pik_4199,,E1,Qi,419,2463,2223,1087,688,578,528,519,509,498,519,488,479,1296,808,688,638,618,598,598,618,588,588,0.9,2.05,2.58,2.86,2.99,3.12,3.12,2.99,3.19,3.19,0.22,0.24,0.28,0.31,0.29,0.27,0.31,0.29,0.32,0.5,3.64,1156,1436,1.13,0.72,0.98,0.99,0.83,0.16,0.15,0.16,0.17,0.16,0.15,0.17,0.16,0.17,0.19,0.68,0.74
PIK,2022,2022-07-30,pik_4784,,E1,Qi,455,2276,1561,780,553,520,520,488,487,455,456,455,423,943,683,651,618,618,585,585,586,585,553,1.41,2.33,2.5,2.68,2.68,2.89,2.89,2.88,2.89,3.12,0.28,0.35,0.38,0.3,0.4,0.33,0.44,0.44,0.44,0.67,2.69,975,1170,1.33,0.95,1,0.99,0.8,0.17,0.19,0.2,0.16,0.21,0.17,0.22,0.22,0.22,0.24,0.63,0.67
PIK,2022,2022-07-30,pik_5256,,E1,Qi,585,3023,2308,1398,943,780,748,748,715,715,682,715,715,1593,1073,910,845,877,846,845,877,910,877,0.9,1.82,2.32,2.58,2.45,2.57,2.58,2.45,2.32,2.45,0.18,0.2,0.26,0.21,0.27,0.29,0.29,0.41,0.39,0.42,2.23,1105,1268,1.74,1.38,0.92,0.97,0.81,0.12,0.12,0.14,0.11,0.15,0.15,0.15,0.22,0.21,0.18,0.56,0.62
PIK,2022,2022-07-30,pik_5334,,E1,Qi,716,2146,2665,1496,1138,910,586,585,553,553,585,552,553,1690,1268,1073,748,747,748,715,747,715,748,0.27,0.69,1,1.87,1.87,1.87,2,1.87,2,1.87,0.19,0.19,0.3,0.53,0.53,0.64,0.57,0.53,0.57,0.54,3.82,943,1138,1.28,0.89,1.18,1.22,0.67,0.11,0.1,0.15,0.22,0.22,0.26,0.23,0.22,0.23,0.26,0.55,0.63
PIK,2022,2022-07-30,pik_5366,,E1,Qi,650,3251,2633,1333,943,846,780,748,715,683,682,650,617,1430,1073,976,877,878,845,846,813,748,780,1.27,2.03,2.33,2.71,2.7,2.85,2.84,3,3.35,3.17,0.11,0.21,0.24,0.21,0.29,0.3,0.38,0.32,0.27,0.5,3.27,1073,1235,2.03,1.63,0.96,1,0.8,0.07,0.12,0.13,0.11,0.15,0.15,0.19,0.16,0.13,0.21,0.55,0.61
PIK,2022,2022-07-30,pik_5408,,E1,Qi,520,3056,2504,1626,1008,878,780,715,715,715,715,715,715,1820,1203,1008,911,911,910,943,910,910,943,0.68,1.54,2.03,2.35,2.35,2.36,2.24,2.36,2.36,2.24,0.14,0.25,0.21,0.24,0.36,0.36,0.4,0.36,0.36,0.44,2.5,1170,1333,1.61,1.29,0.94,0.97,0.83,0.11,0.16,0.13,0.14,0.22,0.21,0.24,0.21,0.21,0.24,0.61,0.66
PIK,2022,2022-07-30,pik_5454,,E1,Qi,683,3576,2926,1625,1072,911,878,845,846,813,845,846,845,1820,1202,1040,1008,976,976,1008,1041,1040,1040,0.96,1.98,2.44,2.55,2.66,2.66,2.55,2.44,2.44,2.44,0.16,0.18,0.22,0.24,0.25,0.25,0.36,0.34,0.34,0.4,2.46,1268,1496,1.82,1.39,0.94,0.99,0.81,0.11,0.11,0.12,0.13,0.13,0.13,0.19,0.19,0.19,0.19,0.56,0.63
PIK,2022,2022-07-30,pik_5470,,E1,Qi,553,2698,2113,1235,780,683,617,585,585,586,585,586,585,1398,942,813,747,715,748,748,748,748,748,0.93,1.86,2.32,2.61,2.77,2.61,2.61,2.61,2.61,2.61,0.17,0.3,0.3,0.34,0.36,0.42,0.42,0.42,0.42,0.46,2.61,975,1171,1.77,1.3,1.03,1.02,0.8,0.12,0.17,0.16,0.17,0.18,0.22,0.22,0.22,0.22,0.22,0.6,0.64
PIK,2022,2022-07-30,pik_5586,,E1,Qi,488,2373,2211,1333,846,715,618,618,618,651,683,683,716,1528,976,845,715,748,780,780,845,846,976,0.55,1.43,1.81,2.32,2.17,2.04,2.04,1.81,1.8,1.43,0.18,0.22,0.27,0.25,0.32,0.37,0.3,0.33,0.33,0.53,2.09,1235,1430,0.92,0.66,0.91,0.94,0.79,0.13,0.13,0.15,0.14,0.17,0.21,0.17,0.19,0.19,0.27,0.61,0.66
PIK,2022,2022-07-30,pik_5589,,E1,Qi,650,3511,3251,2081,1268,1040,976,1008,878,877,878,910,845,2340,1463,1235,1138,1203,1073,1105,1040,1105,1073,0.5,1.4,1.84,2.09,1.92,2.27,2.18,2.38,2.18,2.27,0.15,0.21,0.26,0.24,0.27,0.32,0.36,0.28,0.3,0.41,2.85,1301,1495,1.7,1.35,0.97,0.97,0.81,0.11,0.13,0.16,0.14,0.16,0.18,0.21,0.16,0.18,0.21,0.6,0.63
PIK,2022,2022-07-30,pik_5617,,E1,Qi,585,2958,2276,1431,877,748,748,715,747,748,715,747,715,1626,1040,911,942,942,942,975,975,975,943,0.82,1.84,2.25,2.14,2.14,2.14,2.03,2.03,2.03,2.14,0.17,0.27,0.32,0.37,0.43,0.37,0.41,0.47,0.41,0.47,2.18,1235,1365,1.4,1.17,1,1.02,0.8,0.12,0.16,0.18,0.21,0.24,0.21,0.23,0.27,0.23,0.24,0.63,0.67
PIK,2022,2022-07-30,pik_5666,,E1,Qi,439,2532,1954,1366,867,708,628,588,578,568,578,559,568,1575,1017,827,748,708,708,717,728,738,748,0.61,1.49,2.06,2.39,2.58,2.58,2.53,2.48,2.43,2.39,0.18,0.22,0.24,0.27,0.3,0.32,0.36,0.36,0.42,0.45,2.44,937,1167,1.7,1.17,0.97,0.98,0.83,0.13,0.15,0.14,0.16,0.17,0.18,0.21,0.21,0.24,0.24,0.62,0.68
PIK,2022,2022-07-30,pik_619,,E2,Gregory,617,3348,2731,1755,1138,942,877,878,813,845,780,781,748,1950,1300,1138,1072,1040,1008,1008,942,943,943,0.72,1.58,1.94,2.12,2.22,2.32,2.32,2.55,2.55,2.55,0.14,0.2,0.29,0.31,0.27,0.34,0.28,0.31,0.31,0.43,2.65,1398,1658,1.39,1.02,0.97,1,0.82,0.1,0.12,0.17,0.18,0.16,0.19,0.16,0.17,0.17,0.21,0.63,0.69
PIK,2023,2023-03-20,pik_118,,E2,Gregory,179,189,199,189,190,159,159,150,150,160,150,149,139,199,189,170,159,160,150,160,160,149,149,-0.05,0,0.11,0.19,0.18,0.26,0.18,0.18,0.27,0.27,0.9,-0.1,1.35,0,1.38,0,0,1.38,0,1,0.43,150,149,0.26,0.27,1.57,0,0.05,0.05,-0.01,0.06,0,0.06,0,0,0.06,0,0.07,0.07,0
PIK,2023,2023-03-20,pik_122,,E2,Gregory,105,119,112,105,111,115,111,112,106,109,102,106,102,109,115,118,121,115,115,111,105,118,105,0.09,0.03,0.01,-0.02,0.03,0.03,0.07,0.13,0.01,0.13,0.34,0.3,0.22,0.69,0.23,0.69,0.16,0.27,0.87,0.33,0.1,112,111,0.06,0.07,0.8,0.98,0.12,0.04,0.03,0.03,0.08,0.03,0.08,0.02,0.03,0.1,0.03,0.09,0.11
PIK,2023,2023-03-20,pik_1290,,E2,Gregory,210,249,249,240,219,199,199,199,190,209,239,190,209,240,230,209,219,209,189,190,240,189,229,0.04,0.08,0.19,0.14,0.19,0.32,0.31,0.04,0.32,0.09,0,0.33,0.35,0.65,0.35,-0.04,-0.81,0.03,-0.04,0.33,0.19,200,200,0.25,0.25,1.16,0.81,0.16,0,0.05,0.05,0.09,0.05,-0.01,-0.1,0,-0.01,0.09,0.15,0.1
PIK,2023,2023-03-20,pik_13,,E2,Gregory,105,121,118,119,112,106,105,102,92,99,96,95,96,122,119,114,109,108,102,105,102,103,96,-0.01,0.02,0.06,0.11,0.12,0.19,0.15,0.19,0.17,0.26,0.18,0.45,0.56,0.3,0.46,0.86,0.49,0.52,0.68,0,0.23,96,99,0.26,0.22,0.97,0.64,0.13,0.02,0.06,0.07,0.04,0.06,0.1,0.06,0.06,0.08,0,0.1,0.07
PIK,2023,2023-03-20,pik_1306,,E2,Gregory,339,440,416,407,352,314,294,283,285,278,275,280,279,417,358,321,301,293,291,281,280,286,288,0.06,0.23,0.37,0.46,0.5,0.51,0.57,0.57,0.54,0.53,0.11,0.09,0.12,0.14,0.21,0.13,0.07,0.11,0.13,0.26,0.49,301,311,0.46,0.41,0.63,0.68,0.23,0.02,0.02,0.02,0.02,0.03,0.02,0.01,0.02,0.02,0.03,0.11,0.12
PIK,2023,2023-03-20,pik_1436,,E2,Gregory,208,222,216,213,201,192,187,178,186,186,182,187,186,217,202,194,191,185,189,188,183,192,187,0.02,0.1,0.14,0.16,0.2,0.17,0.18,0.21,0.16,0.19,0.3,0.09,0.19,0.38,0.71,0.29,0.2,0.1,0.47,0.07,0.16,188,196,0.18,0.13,0.79,0.91,0.06,0.02,0,0.01,0.02,0.04,0.02,0.01,0.01,0.03,0.01,0.04,0.05
PIK,2023,2023-03-20,pik_1620,,E2,Gregory,159,170,179,169,169,160,160,149,160,150,150,150,149,179,169,160,159,159,160,150,160,150,159,-0.05,0.01,0.06,0.07,0.07,0.06,0.13,0.06,0.13,0.07,0.82,0,0,-0.1,1.03,0,0,1.02,0,1.11,0.2,149,149,0.14,0.14,0,-1.17,0.06,0.06,0,0,-0.01,0.06,0,0,0.06,0,0.06,0,-0.07
PIK,2023,2023-03-20,pik_1711,,E2,Gregory,137,153,150,146,146,137,138,131,135,131,131,131,134,150,144,141,141,138,134,137,137,130,137,0.02,0.06,0.09,0.09,0.11,0.14,0.12,0.12,0.18,0.12,0.26,-0.14,0.29,0.22,0.53,-0.08,0.46,0.46,-0.09,0.25,0.12,137,138,0.12,0.11,0.69,0.53,0.1,0.03,-0.01,0.03,0.02,0.05,-0.01,0.04,0.04,-0.01,0.02,0.07,0.05
PIK,2023,2023-03-20,pik_1859,,E2,Gregory,169,200,190,180,169,169,169,149,159,149,140,150,150,200,179,169,159,159,159,159,160,160,150,0,0.12,0.18,0.26,0.26,0.26,0.26,0.25,0.25,0.33,0.65,0.4,0,-0.49,0.49,0,0.49,0.98,0.49,0,0.27,160,150,0.25,0.33,0.98,0.06,0.16,0.1,0.06,0,-0.06,0.06,0,0.06,0.12,0.06,0,0.12,0.01
PIK,2023,2023-03-20,pik_1906,,E2,Gregory,73,83,83,77,76,76,77,74,73,73,73,73,74,83,83,80,80,79,77,76,76,80,76,0,0,0.04,0.04,0.05,0.08,0.09,0.09,0.04,0.09,0.6,0.7,0.43,0.32,0.55,0.46,0.35,0.35,0.75,0.67,0.12,79,83,0.05,0,0.99,0.6,0.12,0.07,0.08,0.05,0.04,0.06,0.05,0.04,0.04,0.09,0.03,0.11,0.07
PIK,2023,2023-03-20,pik_2043,,E2,Gregory,156,166,163,156,150,156,154,144,144,147,144,144,147,163,157,156,157,147,150,150,153,147,147,0.02,0.06,0.06,0.06,0.13,0.11,0.11,0.08,0.13,0.13,0.73,0.78,0,0.33,0.38,0.73,0.37,1.05,0.38,0,0.11,150,147,0.11,0.13,0.85,0.76,0.06,0.04,0.04,0,0.02,0.02,0.04,0.02,0.06,0.02,0,0.05,0.04
PIK,2023,2023-03-20,pik_2155,,E2,Gregory,359,448,448,419,369,338,329,319,319,310,309,299,359,439,379,349,339,329,319,319,319,309,369,0.02,0.18,0.28,0.32,0.36,0.4,0.4,0.4,0.45,0.21,0.23,0.15,0.19,0.19,0.2,0,0.19,0.21,0.22,0.33,0.25,369,379,0.21,0.18,0.8,0.76,0.2,0.05,0.03,0.03,0.03,0.03,0,0.03,0.03,0.03,0.03,0.14,0.13
PIK,2023,2023-03-20,pik_2168,,E2,Gregory,170,180,179,169,130,169,169,170,170,170,169,170,169,180,129,179,179,170,179,180,169,180,169,0,0.4,0.01,0.01,0.06,0.01,0,0.07,0,0.07,1.1,-0.19,1.01,1.01,0,0.91,1,0,1,0,0.06,169,170,0.07,0.06,2.26,1.12,0.06,0.06,-0.01,0.06,0.06,0,0.05,0.06,0,0.06,0,0.12,0.06
PIK,2023,2023-03-20,pik_2274,,E2,Gregory,128,131,135,131,121,121,125,118,125,118,112,150,150,131,128,135,124,124,125,122,115,159,153,0,0.02,-0.03,0.06,0.06,0.05,0.07,0.14,-0.18,-0.14,0,2.44,4.4,-0.37,2.23,0,1.53,1.29,2.05,0.33,-0.1,150,153,-0.13,-0.14,2.55,2.21,0.02,0,0.05,0.1,-0.01,0.05,0,0.03,0.03,0.06,0.02,0.07,0.06
PIK,2023,2023-03-20,pik_2441,,E2,Gregory,169,179,209,199,189,179,179,180,189,180,189,180,179,200,199,180,190,190,189,190,189,190,170,-0.1,-0.1,-0.01,-0.06,-0.06,-0.05,-0.06,-0.05,-0.06,0.05,0.08,0.81,0.1,0.98,0.89,0,0.89,0,0.89,1,0.17,189,189,-0.05,-0.05,0.9,0.9,0.06,0,0.05,0.01,0.06,0.05,0,0.05,0,0.05,-0.05,0.05,0.05
PIK,2023,2023-03-20,pik_2671,,E1,Qi,105,111,16,0,0,0,0,0,0,99,99,0,96,0,0,0,0,0,0,0,0,0,99,0,0,0,0,0,0,0,0,0,0.12,0,0,0,0,0,0,0.05,0.05,0,1,-0.83,109,102,0.02,0.09,1.73,0,0.05,0,0,0,0,0,0,0,0,0,0.03,0.09,0
PIK,2023,2023-03-20,pik_2760,,E1,Qi,90,92,99,96,99,93,86,86,80,83,80,76,77,102,96,96,96,87,83,86,79,86,80,-0.1,-0.04,-0.04,-0.04,0.06,0.11,0.07,0.16,0.07,0.15,2.45,-1.38,1.38,4.6,0.56,1.84,1.71,-0.68,5.71,0.3,0.29,76,83,0.21,0.11,4.38,7.97,0.02,0.06,-0.03,0.03,0.1,0.01,0.04,0.03,-0.01,0.12,0.04,0.08,0.16
PIK,2023,2023-03-20,pik_2811,,E1,Qi,108,99,0,0,0,103,111,106,99,99,96,93,96,0,0,108,109,115,108,108,99,105,109,0,0,-0.08,-0.09,-0.14,-0.08,-0.08,0,-0.06,-0.09,0,0,-0.46,0.18,-0.73,-0.83,-0.83,-0.33,-1.18,0.81,-1,102,115,-0.03,-0.14,-0.31,-1.3,-0.09,0,0,0.05,-0.02,0.08,0.08,0.08,0.03,0.11,0.12,0.03,0.14
PIK,2023,2023-03-20,pik_2815,,E1,Qi,269,299,259,249,249,239,229,229,229,220,199,219,210,269,249,249,239,240,219,220,219,209,210,0.11,0.2,0.2,0.25,0.25,0.37,0.36,0.37,0.43,0.42,0.82,0,0.47,0.51,0.56,-0.6,0,1.21,-0.66,0,0.23,210,210,0.42,0.42,0.66,1.31,0.1,0.07,0,0.04,0.04,0.05,-0.05,0,0.09,-0.05,0,0.05,0.1
PIK,2023,2023-03-20,pik_2851,,E1,Qi,92,102,105,102,93,95,99,99,96,95,93,87,99,99,103,103,99,106,99,103,96,99,96,0.03,-0.01,-0.01,0.03,-0.04,0.03,-0.01,0.06,0.03,0.06,-0.32,0.98,0.79,0,0.65,0.32,0.79,0.34,1.27,0,0.06,95,102,0.07,0,0.23,0.9,0.1,-0.03,0.1,0.08,0,0.07,0.03,0.08,0.03,0.12,-0.03,0.02,0.09
PIK,2023,2023-03-20,pik_2922,,E1,Qi,131,153,150,147,144,140,131,131,131,128,121,124,121,153,147,143,137,134,134,131,131,125,128,0,0.04,0.07,0.12,0.14,0.14,0.17,0.17,0.22,0.2,0.27,0.15,0.15,0.34,0.17,0.17,0.18,0.61,0.07,0.44,0.24,124,127,0.23,0.2,0.61,0.97,0.14,0.04,0.02,0.02,0.04,0.02,0.02,0.02,0.08,0.01,0.05,0.07,0.12
PIK,2023,2023-03-20,pik_2964,,E1,Qi,77,89,86,83,76,80,73,0,0,67,71,67,73,86,83,77,0,0,74,70,73,77,80,0.03,0.07,0.16,0,0,0.2,0.27,0.22,0.16,0.11,0.27,0.66,-0.33,0.13,0,8.72,0.39,0.24,1.09,0.78,0.18,80,74,0.11,0.2,1.02,0.82,0.13,0.03,0.08,-0.04,0,0,1,0.04,0.03,0.13,0.09,0.12,0.09
PIK,2023,2023-03-20,pik_30,,E2,Gregory,89,0,128,99,124,124,125,114,112,125,127,121,125,99,127,128,125,131,128,128,137,125,128,-1,-1,-1,-1,-1,-1,-1,-1,-1,-1,0,0,0,0,0,0,0,0,0,0.75,0.02,135,131,-1,-1,0,0,0,0,0.02,0.03,0,0.13,0.12,0.02,0.07,0.03,0.02,0.1,0.05
PIK,2023,2023-03-20,pik_3118,,E1,Qi,269,310,299,279,280,279,270,260,250,259,230,259,219,289,299,289,279,259,259,249,239,259,229,0.07,0.04,0.07,0.11,0.2,0.2,0.24,0.3,0.2,0.35,0.28,0.5,0.28,0.27,-0.03,0.31,-0.37,0.36,0,1.11,0.37,249,229,0.24,0.35,1.1,0.43,0.13,0.03,0.06,0.03,0.03,0,0.03,-0.04,0.04,0,0.04,0.12,0.04
PIK,2023,2023-03-20,pik_3131,,E1,Qi,160,200,200,189,189,169,159,159,149,139,140,140,140,199,199,179,180,169,140,149,149,139,139,0.01,0.01,0.12,0.11,0.18,0.43,0.34,0.34,0.44,0.44,0.25,0.25,0.31,0.64,0.34,-0.43,0.43,0.38,-0.05,-0.11,0.43,139,149,0.44,0.34,0.44,1.28,0.2,0.05,0.05,0.06,0.12,0.06,-0.06,0.07,0.06,-0.01,-0.01,0.06,0.2
PIK,2023,2023-03-20,pik_316,,E2,Gregory,200,219,220,209,210,189,209,200,199,199,200,199,199,230,210,199,210,210,210,210,199,189,199,-0.05,0.04,0.1,0.04,0.04,0.04,0.04,0.1,0.16,0.1,1.01,0,0.63,0.06,0.57,0.63,0.63,-0.06,-0.7,0,0.11,209,200,0.05,0.09,1.15,0,0.09,0.09,0,0.05,0,0.05,0.05,0.05,-0.01,-0.05,0,0.1,0
PIK,2023,2023-03-20,pik_3192,,E1,Qi,169,200,199,189,169,179,169,159,150,150,159,150,149,209,189,169,169,169,170,160,149,160,149,-0.04,0.06,0.18,0.18,0.18,0.18,0.25,0.34,0.25,0.34,0.59,0.72,-0.44,0,0.44,0.87,0.49,-0.56,0.49,0,0.34,159,150,0.26,0.33,1.48,0.55,0.16,0.1,0.11,-0.06,0,0.06,0.12,0.06,-0.07,0.06,0,0.19,0.07
PIK,2023,2023-03-20,pik_3273,,E1,Qi,90,0,0,0,0,0,0,0,0,0,0,0,0,0,0,0,0,0,0,0,0,0,0,0,0,0,0,0,0,0,0,0,0,0,0,0,0,0,0,0,0,0,0,0,0,0,0,0,0,0,0,0,0,0,0,0,0,0,0,0,0,0,0
PIK,2023,2023-03-20,pik_3282,,E1,Qi,249,289,279,269,250,249,240,230,230,219,229,220,210,270,269,249,250,240,229,229,229,219,229,0.07,0.07,0.16,0.16,0.2,0.26,0.26,0.26,0.32,0.26,0.03,0.54,0,0.33,0.35,-0.04,0.39,0,-0.04,0.63,0.33,219,219,0.32,0.32,0.42,0.42,0.14,0,0.07,0,0.04,0.04,0,0.04,0,0,0.08,0.05,0.05
PIK,2023,2023-03-20,pik_3321,,E1,Qi,129,170,169,169,160,149,160,150,140,150,140,139,130,169,170,159,170,160,159,150,139,139,150,0.01,0,0.07,0,0.06,0.07,0.13,0.22,0.22,0.13,0,0.24,0.27,0.24,0.27,0.52,0,-0.03,0,0.67,0.3,140,140,0.21,0.21,0.69,0.69,0.24,0,0.06,0.06,0.06,0.06,0.12,0,-0.01,0,0.13,0.14,0.14
PIK,2023,2023-03-20,pik_3356,,E1,Qi,179,209,219,199,189,190,169,169,179,170,170,169,179,199,199,189,180,169,179,180,169,179,179,0.05,0.05,0.11,0.16,0.24,0.17,0.16,0.24,0.17,0.17,0,0.37,-0.04,0.48,0,0,0.44,-0.05,0.45,0,0.22,169,170,0.24,0.23,0.5,0.98,0.14,0,0.05,-0.01,0.06,0,0,0.06,-0.01,0.06,0,0.06,0.12
PIK,2023,2023-03-20,pik_3366,,E1,Qi,229,299,289,289,259,239,229,219,209,209,200,199,200,299,249,239,239,220,209,210,210,210,200,0,0.2,0.25,0.25,0.36,0.43,0.42,0.42,0.42,0.5,0.14,-0.2,0,0.21,0.02,0,0.03,0.27,0.3,0,0.44,200,209,0.5,0.43,0.88,0.82,0.23,0.03,-0.04,0,0.04,0,0,0,0.05,0.05,0,0.15,0.14
PIK,2023,2023-03-20,pik_3437,,E1,Qi,150,150,179,169,169,140,160,150,160,160,170,149,149,169,169,160,159,149,150,160,160,159,150,-0.11,-0.11,-0.06,-0.06,0.01,0,-0.06,-0.06,-0.06,0,0,0,0,0,-3.52e+13,0,0,0,0,0,0.2,149,150,0.01,0,0,0,0,0,0,0.12,-0.01,-0.01,-0.07,0,-0.06,0.06,0.01,0,0
PIK,2023,2023-03-20,pik_3484,,E1,Qi,179,209,209,210,200,199,199,199,180,199,180,190,199,199,200,199,190,199,190,199,199,180,189,0.05,0.05,0.05,0.1,0.05,0.1,0.05,0.05,0.16,0.11,-0.4,0,0,-0.36,0,0.4,0,0.69,-0.44,10,0.05,189,190,0.11,0.1,0.4,0.4,0.14,-0.06,0,0,-0.05,0,0.05,0,0.1,-0.06,-0.05,0.05,0.05
PIK,2023,2023-03-20,pik_3505,,E1,Qi,87,90,99,96,80,86,93,89,83,89,92,92,87,99,80,92,99,93,92,93,96,96,96,-0.09,0.12,-0.02,-0.09,-0.03,-0.02,-0.03,-0.06,-0.06,-0.06,0.83,0,1.92,1.66,1.25,2.87,1.25,1.17,1.17,0.9,0.14,96,93,-0.06,-0.03,3.82,2.19,0.03,0.03,0,0.07,0.06,0.04,0.1,0.04,0.04,0.04,0.09,0.14,0.08
PIK,2023,2023-03-20,pik_3628,,E1,Qi,105,112,111,109,106,102,105,102,102,102,105,102,103,115,109,109,109,112,105,105,109,99,102,-0.03,0.03,0.03,0.03,0,0.07,0.07,0.03,0.13,0.1,0.81,0.45,1.05,0.6,1.43,0.49,0.49,0.6,-0.54,-0.17,0.08,105,99,0.07,0.13,0.97,0,0.06,0.05,0.03,0.06,0.04,0.09,0.03,0.03,0.04,-0.03,-0.01,0.06,0
PIK,2023,2023-03-20,pik_3967,,E1,Qi,140,179,170,169,150,150,140,140,139,139,129,119,130,179,170,150,149,140,139,139,140,139,130,0,0.05,0.19,0.2,0.28,0.29,0.29,0.28,0.29,0.38,0.26,0.56,0,0.32,0,0,0,0.44,0.81,0,0.31,139,149,0.29,0.2,0.81,1.07,0.22,0.06,0.12,0,0.06,0,0,0,0.08,0.14,0,0.14,0.2
PIK,2023,2023-03-20,pik_402,,E2,Gregory,144,0,0,0,132,128,128,117,123,127,117,116,115,0,136,134,131,122,126,128,120,120,120,0,-1,-1,-1,-1,-1,-1,-1,-1,-1,0,0,0,0,0,0,0,0,0,0.71,-1,0,125,0,-1,0,-4.22e+14,0,0,0.03,0.04,0.02,0.04,0.02,0.01,0.03,0.03,0.04,0,0.05
PIK,2023,2023-03-20,pik_4086,,E1,Qi,89,99,90,89,89,86,89,86,90,83,83,86,86,90,90,93,83,87,86,86,92,89,87,0.1,0.1,0.06,0.19,0.14,0.15,0.15,0.08,0.11,0.14,0.12,0.12,0.79,-0.84,0.13,-0.52,0.39,1.03,0.37,0.09,0.05,86,89,0.15,0.11,0.78,1.1,0.1,0.01,0.01,0.08,-0.07,0.01,-0.05,0.03,0.1,0.03,0.01,0.07,0.1
PIK,2023,2023-03-20,pik_413,,E2,Gregory,89,110,100,89,80,89,80,80,79,80,80,100,80,80,100,99,80,79,90,90,90,99,80,0.38,0.1,0.11,0.38,0.39,0.22,0.22,0.22,0.11,0.38,-0.77,1.13,0.58,0,-0.09,0.76,0.69,0.69,-0.06,0,0.25,90,80,0.22,0.38,0.69,-0.85,0.19,-0.11,0.2,0.1,0,-0.01,0.12,0.11,0.11,-0.01,0,0.11,-0.12
PIK,2023,2023-03-20,pik_4231,,E1,Qi,289,359,329,319,269,249,239,229,230,209,219,209,210,319,269,249,239,239,230,219,229,219,220,0.13,0.33,0.44,0.5,0.5,0.56,0.64,0.57,0.64,0.63,0,0,0,0,0.3,0,0.35,0.33,0.35,1,0.57,230,230,0.56,0.56,0.65,0.32,0.19,0,0,0,0,0.04,0,0.05,0.04,0.05,0.05,0.09,0.04
PIK,2023,2023-03-20,pik_425,,E2,Gregory,429,479,478,478,459,429,429,409,409,409,419,419,419,478,449,438,419,419,419,409,419,419,419,0,0.07,0.09,0.14,0.14,0.14,0.17,0.14,0.14,0.14,0,-0.23,0.21,-0.26,0.26,0.26,0,0,0,0,0.14,418,429,0.15,0.12,1.04,0.99,0.1,0,-0.02,0.02,-0.02,0.02,0.02,0,0,0,0,0.1,0.09
PIK,2023,2023-03-20,pik_4393,,E1,Qi,110,129,130,130,130,110,120,110,110,110,110,110,110,130,120,120,120,120,110,100,110,110,110,-0.01,0.08,0.08,0.08,0.08,0.17,0.29,0.17,0.17,0.17,0,-0.6,0.6,0,0.6,0,-0.85,0,0,0,0.18,130,120,-0.01,0.08,1.56,1.2,0.15,0,-0.08,0.08,0,0.08,0,-0.1,0,0,0,0.23,0.17
PIK,2023,2023-03-20,pik_4401,,E1,Qi,180,180,190,189,179,179,180,170,170,179,170,179,180,199,179,180,179,180,180,179,179,180,170,-0.1,0.01,0,0.01,0,0,0.01,0.01,0,0.06,0,0,0,0,0,0,0,0,0,-10,0.06,180,179,0,0.01,0,0,0,0.05,0,0.01,-0.01,0.06,0.06,0,0.05,0.01,-0.06,0,0.05
PIK,2023,2023-03-20,pik_4411,,E1,Qi,73,80,80,74,67,0,0,0,0,0,0,0,0,80,73,0,0,0,0,0,0,0,0,0,0.1,0,0,0,0,0,0,0,0,0.86,1.02,0,0,0,0,0,0,0,0,0,74,70,0.08,0.14,1.66,1.11,0.09,0.08,0.08,0,0,0,0,0,0,0,0,0.14,0.09
PIK,2023,2023-03-20,pik_4460,,E1,Qi,229,259,219,219,189,170,160,169,159,150,150,160,160,229,199,190,180,159,169,170,160,169,159,0.13,0.3,0.36,0.44,0.63,0.53,0.52,0.62,0.53,0.63,0.42,0.55,1.2,1.33,-0.84,0.75,1.49,0.83,0.68,-0.11,0.37,160,170,0.62,0.52,0.83,1.49,0.12,0.04,0.05,0.11,0.11,-0.06,0.06,0.12,0.06,0.05,-0.01,0.06,0.12
PIK,2023,2023-03-20,pik_4480,,E1,Qi,259,299,289,289,260,239,240,239,229,230,230,219,239,289,269,259,239,239,249,239,229,239,240,0.03,0.11,0.15,0.25,0.25,0.2,0.25,0.31,0.25,0.25,0,0.27,0.65,-0.04,0,0.7,0.34,-0.04,0.76,0.03,0.21,240,250,0.25,0.2,0.79,1.08,0.13,0,0.03,0.08,0,0,0.08,0.04,0,0.08,0,0.09,0.12
PIK,2023,2023-03-20,pik_4651,,E1,Qi,220,239,249,229,229,209,210,210,210,210,199,199,200,239,229,219,220,220,210,210,199,199,200,0,0.04,0.09,0.09,0.09,0.14,0.14,0.2,0.2,0.19,0.53,0,0.62,0.62,0.62,0,0,0,0,0,0.25,200,200,0.19,0.19,0.74,0.74,0.08,0.04,0,0.05,0.05,0.05,0,0,0,0,0,0.05,0.05
PIK,2023,2023-03-20,pik_4739,,E1,Qi,189,249,229,209,180,170,170,170,160,149,170,150,159,229,200,179,170,159,170,170,159,160,169,0.09,0.25,0.39,0.46,0.57,0.46,0.46,0.57,0.56,0.47,0.39,0.49,0.27,0,-0.41,0.33,0.69,-0.41,0.37,0.53,0.44,170,179,0.46,0.39,0.99,0.9,0.24,0.09,0.1,0.05,0,-0.07,0.06,0.12,-0.07,0.06,0.06,0.18,0.17
PIK,2023,2023-03-20,pik_4784,,E1,Qi,115,134,128,124,118,115,109,112,108,105,109,105,102,134,124,121,112,115,111,109,111,106,105,0,0.08,0.11,0.2,0.17,0.21,0.23,0.21,0.26,0.28,0.53,0.36,0.38,0.22,0.21,0.22,0.31,0.15,0.08,1,0.25,106,105,0.26,0.28,0.33,0.75,0.14,0.07,0.05,0.05,0.03,0.03,0.03,0.04,0.02,0.01,0.03,0.04,0.09
PIK,2023,2023-03-20,pik_4816,,E1,Qi,150,160,160,160,150,140,139,139,130,129,130,140,129,150,160,149,139,140,129,139,140,140,129,0.07,0,0.07,0.15,0.14,0.24,0.15,0.14,0.14,0.24,-1.13,1,1.03,0,0.13,-0.15,1.31,1.3,0,0,0.24,130,140,0.23,0.14,0,2.59,0.06,-0.07,0.06,0.06,0,0.01,-0.01,0.07,0.07,0,0,0,0.14
PIK,2023,2023-03-20,pik_4852,,E1,Qi,160,200,190,179,169,150,160,140,140,150,140,149,150,200,169,170,150,150,150,150,150,150,149,0,0.18,0.18,0.33,0.33,0.33,0.33,0.33,0.33,0.34,0.52,0,0.67,-0.42,0.42,0.42,0,0.42,0.04,-0.05,0.27,159,149,0.26,0.34,1.1,1.24,0.2,0.1,0,0.12,-0.07,0.07,0.07,0,0.07,0.01,-0.01,0.18,0.19
PIK,2023,2023-03-20,pik_730,,E2,Gregory,160,169,170,159,159,170,160,160,159,169,150,159,140,159,169,160,170,160,169,159,170,169,140,0.06,0,0.06,-0.01,0.06,0,0.06,-0.01,0,0.21,0,1.11,-1.24,1.1,0,1.11,-1.25,2.2,1.11,0,0.21,140,129,0.21,0.31,0.16,1.88,0.05,0,0.06,-0.06,0.06,0,0.06,-0.06,0.12,0.06,0,0.01,0.08
PIK,2023,2023-03-20,pik_739,,E2,Gregory,80,80,90,90,89,80,69,90,90,90,80,79,90,90,90,80,90,90,99,90,90,89,90,-0.11,-0.11,0,-0.11,-0.11,-0.19,-0.11,-0.11,-0.1,-0.11,0,0,0,0,0,0,0,0,0,0,0,119,110,-0.33,-0.27,1.33701e+15,0,0,0,0.01,0,0.23,0,0.09,0,0.11,0.11,0,0.16,0.01
PIK,2023,2023-03-20,pik_748,,E2,Gregory,259,259,250,249,239,239,230,229,230,219,229,190,199,239,249,249,239,229,219,229,230,190,189,0.08,0.04,0.04,0.08,0.13,0.18,0.13,0.13,0.36,0.37,0,0,0,0,0,0,3.51844e+14,0,0,10,0.26,199,189,0.3,0.37,0,0,0,-0.04,0.04,0.04,0.04,0,-0.05,0.04,0,0,-0.05,0.05,0
PIK,2023,2023-03-20,pik_981,,E2,Gregory,170,189,210,209,210,209,199,190,190,180,190,179,190,209,210,209,199,190,190,190,180,179,190,-0.1,-0.1,-0.1,-0.05,-0.01,-0.01,-0.01,0.05,0.06,-0.01,0,0,0,0,0,0,0.52,-0.58,0,0,0.11,189,189,0,0,1.05,1.05,0.1,0,0,0,0,0,0,0.05,-0.06,0,0,0.11,0.11
PIK,2023,2023-03-20,pik_984,,E2,Gregory,96,95,99,90,95,99,96,99,96,99,96,99,95,92,99,96,99,102,99,99,103,102,103,0.03,-0.04,-0.01,-0.04,-0.07,-0.04,-0.04,-0.08,-0.07,-0.08,-2.13,-3.68,2.94,-2.76,-2.6,-2.76,0,-5.95,-2.6,0.8,0.04,96,92,-0.01,0.03,-6.85,-3.2,-0.01,0.02,0.04,-0.03,0.03,0.03,0.03,0,0.07,0.03,0.08,0.07,0.03
PIK,2023,2023-03-29,pik_1436,,E1,Qi,389,549,538,518,408,348,339,329,319,309,309,310,299,538,428,378,349,329,329,319,319,320,309,0.02,0.28,0.45,0.57,0.67,0.67,0.72,0.72,0.72,0.78,0.13,0.19,0.36,0.14,0,0.15,0.16,0.16,0.16,0.25,0.8,329,339,0.67,0.62,0.75,0.86,0.29,0.04,0.05,0.08,0.03,0,0.03,0.03,0.03,0.03,0.03,0.15,0.17
PIK,2023,2023-03-29,pik_2671,,E1,Qi,219,269,259,249,229,209,199,199,190,190,189,190,179,259,239,219,199,199,190,190,189,190,189,0.04,0.13,0.23,0.35,0.35,0.42,0.42,0.42,0.42,0.42,0.21,0.25,0.29,0,0,0,0,0,0,0.33,0.45,189,200,0.42,0.34,0.77,0.69,0.19,0.04,0.04,0.05,0,0,0,0,0,0,0.05,0.11,0.1
PIK,2023,2023-03-29,pik_2760,,E2,Gregory,169,219,199,190,159,160,160,159,159,140,149,149,149,190,169,170,160,169,159,149,169,169,159,0.15,0.3,0.29,0.37,0.3,0.38,0.47,0.3,0.3,0.38,0,0.32,0.31,0,0.32,0,0.36,0.64,0.64,0.5,0.34,149,169,0.47,0.3,0.4,1.24,0.23,0,0.06,0.06,0,0.06,0,0.06,0.12,0.12,0.06,0.07,0.23
PIK,2023,2023-03-29,pik_2811,,E1,Qi,269,459,428,418,329,299,270,249,239,249,249,240,239,438,349,299,280,269,259,249,259,250,249,0.05,0.32,0.54,0.64,0.71,0.77,0.84,0.77,0.84,0.84,0.11,0.16,0,0.12,0.25,0.27,0,0.14,0.14,0.33,0.79,269,259,0.71,0.77,0.63,0.54,0.41,0.05,0.06,0,0.04,0.07,0.08,0,0.04,0.04,0.04,0.19,0.15
PIK,2023,2023-03-29,pik_2815,,E1,Qi,179,260,249,250,210,179,189,180,169,169,170,159,170,250,220,189,200,190,180,180,179,160,180,0.04,0.18,0.38,0.3,0.37,0.44,0.44,0.45,0.62,0.44,0,0.16,0.21,0.21,0.21,0.26,0.26,0.21,0.03,0.32,0.46,180,179,0.44,0.45,0.93,0.92,0.31,0,0.05,0.05,0.05,0.05,0.06,0.06,0.05,0.01,0.06,0.22,0.22
PIK,2023,2023-03-29,pik_2851,,E2,Gregory,478,687,758,718,628,539,458,428,419,409,409,389,448,768,638,549,468,448,429,409,409,408,468,-0.11,0.08,0.25,0.47,0.53,0.6,0.68,0.68,0.68,0.47,0.2,0.05,0.07,0.09,0.2,0.11,0,0,0.23,0.29,0.69,468,478,0.47,0.44,0.74,0.71,0.3,0.07,0.02,0.02,0.02,0.04,0.02,0,0,0.05,0.04,0.17,0.17
PIK,2023,2023-03-29,pik_2964,,E1,Qi,219,359,319,309,239,220,209,200,189,179,179,179,180,329,259,220,199,219,200,200,200,199,190,0.09,0.39,0.63,0.8,0.64,0.8,0.8,0.8,0.8,0.89,0.16,0.24,0,-0.19,0.31,0.21,0.4,0.4,0.38,0.32,0.77,199,210,0.8,0.71,0.77,0.72,0.39,0.06,0.08,0,-0.05,0.09,0.05,0.1,0.1,0.1,0.05,0.2,0.2
PIK,2023,2023-03-29,pik_3192,,E2,Gregory,780,1268,1203,1138,878,715,683,650,650,617,617,585,585,1170,845,747,715,650,650,650,618,617,650,0.08,0.5,0.7,0.77,0.95,0.95,0.95,1.05,1.06,0.95,0.07,-0.13,0.16,0.17,0,0,0.21,0.01,0.22,0.4,1.06,650,682,0.95,0.86,1.03,0.94,0.38,0.03,-0.04,0.04,0.04,0,0,0.05,0,0.05,0.1,0.25,0.24
PIK,2023,2023-03-29,pik_3282,,E2,Gregory,520,845,813,716,488,455,390,390,358,455,455,455,422,715,520,455,423,390,390,488,455,455,455,0.18,0.62,0.86,1,1.17,1.17,0.73,0.86,0.86,0.86,0,0.22,0,0.33,0,0.37,0.25,0,0,0.51,0.93,455,520,0.86,0.62,0.57,0.67,0.38,0,0.06,0,0.08,0,0.08,0.07,0,0,0.07,0.14,0.19
PIK,2023,2023-03-29,pik_3321,,E2,Gregory,553,1008,1040,975,748,585,552,520,553,553,553,552,520,1008,747,617,552,520,553,553,553,553,585,0,0.35,0.63,0.83,0.94,0.82,0.82,0.82,0.82,0.72,0.07,0,0.15,0,0,0,0,0,0.01,0.5,1,552,585,0.83,0.72,0.57,0.69,0.45,0.03,0,0.05,0,0,0,0,0,0,0.11,0.18,0.22
PIK,2023,2023-03-29,pik_3437,,E2,Gregory,299,369,369,369,299,269,269,259,249,250,259,250,249,369,309,279,279,279,259,260,259,259,259,0,0.19,0.32,0.32,0.32,0.42,0.42,0.42,0.42,0.42,0,0.2,0.24,0.24,0.48,0.27,0.27,0,0.25,0.33,0.48,259,269,0.42,0.37,0.55,0.48,0.19,0,0.03,0.04,0.04,0.07,0.04,0.04,0,0.03,0.04,0.08,0.07
PIK,2023,2023-03-29,pik_3484,,E2,Gregory,369,529,539,519,439,428,399,379,379,379,369,359,368,539,458,438,399,399,399,389,389,379,398,-0.02,0.16,0.21,0.33,0.33,0.33,0.36,0.36,0.4,0.33,0.12,0.15,0.09,0,0.2,0.2,0.11,0.21,0.22,0.38,0.46,398,389,0.33,0.36,0.81,0.74,0.3,0.04,0.04,0.02,0,0.05,0.05,0.03,0.05,0.05,0.08,0.2,0.18
PIK,2023,2023-03-29,pik_3628,,E2,Gregory,160,200,200,179,170,160,159,159,200,180,170,170,180,189,180,170,169,159,200,179,169,170,189,0.06,0.11,0.18,0.18,0.26,0,0.12,0.18,0.18,0.06,0.28,0.3,0.34,0.34,0,0,-0.03,-0.03,0,0.31,0.11,179,180,0.12,0.11,0.61,0.91,0.2,0.05,0.06,0.06,0.06,0,0,-0.01,-0.01,0,0.05,0.11,0.17
PIK,2023,2023-03-29,pik_373,,E1,Qi,143,176,163,163,147,140,134,131,134,137,140,138,137,172,157,144,140,141,147,144,144,144,141,0.02,0.12,0.22,0.26,0.25,0.2,0.22,0.22,0.22,0.25,0.28,0.37,0.17,0.28,0.45,0.55,0.31,0.17,0.26,0.4,0.19,147,150,0.2,0.17,0.8,0.65,0.19,0.05,0.06,0.03,0.04,0.07,0.09,0.05,0.03,0.04,0.03,0.13,0.11
PIK,2023,2023-03-29,pik_3967,,E1,Qi,96,115,118,115,111,102,102,106,96,96,102,99,93,121,118,115,109,105,102,102,106,105,102,-0.05,-0.03,0,0.06,0.1,0.13,0.13,0.08,0.1,0.13,0.29,0.35,0.68,0.41,-0.06,0.39,0.39,0.24,0.37,0.56,0.27,96,103,0.2,0.12,0.73,0.9,0.17,0.05,0.06,0.11,0.06,-0.01,0.06,0.06,0.04,0.06,0.09,0.1,0.14
PIK,2023,2023-03-29,pik_4086,,E1,Qi,83,96,96,92,90,83,86,86,89,89,89,87,86,102,96,102,96,92,93,90,92,89,90,-0.06,0,-0.06,0,0.04,0.03,0.07,0.04,0.08,0.07,0.69,0.46,1.31,0.77,0.5,0.33,0.09,0.25,0.18,0.57,0.12,90,87,0.07,0.1,0.95,0.74,0.14,0.1,0.06,0.19,0.1,0.07,0.04,0.01,0.03,0.02,0.04,0.12,0.09
PIK,2023,2023-03-29,pik_4231,,E1,Qi,359,608,578,598,409,379,339,289,279,289,279,260,259,598,439,379,339,299,299,279,299,279,289,0.02,0.38,0.6,0.79,1.03,1.03,1.18,1.03,1.18,1.1,0,0.2,0,0,0.13,0.26,-0.15,0.26,0.28,0.43,1.23,289,309,1.1,0.97,0.98,0.99,0.41,0,0.07,0,0,0.03,0.07,-0.04,0.07,0.07,0.1,0.24,0.26
PIK,2023,2023-03-29,pik_4393,,E1,Qi,96,118,112,109,109,105,102,105,99,102,99,99,96,118,115,108,112,105,106,106,99,102,102,0,0.03,0.09,0.05,0.12,0.11,0.11,0.19,0.16,0.16,0.41,0.29,0.16,0.5,0,0.39,0.22,0,0.18,0.67,0.17,102,102,0.16,0.16,0.77,0.53,0.19,0.08,0.05,0.03,0.09,0,0.07,0.04,0,0.03,0.06,0.13,0.09
PIK,2023,2023-03-29,pik_4401,,E1,Qi,83,96,95,86,89,90,83,86,86,83,86,80,80,95,95,89,86,90,87,93,80,79,83,0.01,0.01,0.08,0.12,0.07,0.1,0.03,0.2,0.22,0.16,0.71,0.47,-0.09,0.28,0.35,0.09,0.82,-0.65,-0.11,0.43,0.19,87,80,0.1,0.2,0.65,0.32,0.14,0.09,0.06,-0.01,0.03,0.04,0.01,0.11,-0.08,-0.01,0.04,0.08,0.04
PIK,2023,2023-03-29,pik_4411,,E2,Gregory,329,429,429,418,359,319,300,289,290,279,289,279,289,418,369,339,310,309,299,299,289,289,299,0.03,0.16,0.27,0.38,0.39,0.43,0.43,0.48,0.48,0.43,0,0.13,0.3,0.18,0.36,0.17,0.38,0,0.2,0.2,0.48,309,319,0.39,0.34,0.72,0.83,0.23,0,0.03,0.06,0.03,0.06,0.03,0.07,0,0.03,0.03,0.13,0.15
PIK,2023,2023-03-29,pik_4460,,E2,Gregory,682,1723,1626,1366,813,682,650,585,585,585,553,552,520,1365,845,683,618,618,618,618,617,585,553,0.26,1.04,1.52,1.79,1.79,1.79,1.79,1.79,1.95,2.12,0,0.09,0,-0.15,0.15,0.15,0.15,0.29,0.17,0.34,2.13,650,747,1.65,1.31,0.82,0.87,0.6,0,0.04,0,-0.05,0.05,0.05,0.05,0.1,0.06,0.06,0.3,0.35
PIK,2023,2023-03-29,pik_4480,,E2,Gregory,398,559,538,528,489,438,408,389,369,359,349,348,359,538,499,448,419,398,379,379,369,368,369,0.04,0.12,0.25,0.33,0.4,0.47,0.47,0.51,0.52,0.51,0.07,0.08,0.09,0.11,0.1,0.12,0.25,0.26,0.26,0.17,0.5,369,379,0.51,0.47,0.64,0.74,0.29,0.02,0.02,0.02,0.03,0.02,0.03,0.05,0.05,0.05,0.03,0.14,0.16
PIK,2023,2023-03-29,pik_4651,,E1,Qi,230,359,319,309,249,209,209,200,199,190,180,190,179,329,259,230,229,220,199,200,199,190,199,0.09,0.39,0.56,0.57,0.63,0.8,0.8,0.8,0.89,0.8,0.18,0.13,0.35,0.33,0.36,0,0.21,0.4,0,1,0.78,199,209,0.8,0.72,0.64,0.76,0.36,0.06,0.04,0.09,0.09,0.09,0,0.05,0.1,0,0.1,0.15,0.19
PIK,2023,2023-03-29,pik_4739,,E2,Gregory,716,1560,1398,975,585,520,487,487,487,455,455,455,455,1008,650,520,520,520,487,455,455,455,488,0.55,1.4,2,2,2,2.2,2.43,2.43,2.43,2.2,0.08,0.3,0,0.22,0.22,0,0,0,0,0.51,2.07,585,683,1.67,1.28,0.54,0.84,0.54,0.03,0.1,0,0.06,0.06,0,0,0,0,0.07,0.17,0.29
PIK,2023,2023-03-29,pik_4784,,E1,Qi,170,239,229,219,199,180,150,149,139,129,140,139,139,239,199,169,160,160,149,150,150,149,149,0,0.2,0.41,0.49,0.49,0.6,0.59,0.59,0.6,0.6,0.29,0,-0.29,0.29,0.32,0.33,0.69,0.33,0.33,0.34,0.65,149,149,0.6,0.6,0.66,0.63,0.29,0.08,0,-0.07,0.06,0.07,0.07,0.14,0.07,0.07,0.07,0.13,0.13
PIK,2023,2023-03-29,pik_4816,,E1,Qi,127,160,154,144,144,130,131,131,127,125,118,122,124,160,147,141,131,131,127,124,125,131,128,0,0.09,0.13,0.22,0.22,0.26,0.29,0.28,0.22,0.25,0.48,0.11,0.42,0,0,0,-0.05,0.33,0.39,0.25,0.24,127,127,0.26,0.26,0.55,0.74,0.21,0.1,0.02,0.08,0,0,0,-0.01,0.06,0.07,0.03,0.09,0.13
PIK,2023,2023-03-29,pik_4852,,E2,Gregory,528,728,727,707,588,528,488,479,469,468,448,448,438,728,598,528,498,479,489,458,458,458,449,0,0.22,0.38,0.46,0.52,0.49,0.59,0.59,0.59,0.62,0.1,0.07,0,0.1,0,0.2,-0.11,0.11,0.11,0.28,0.66,458,499,0.59,0.46,0.67,0.78,0.27,0.03,0.02,0,0.02,0,0.04,-0.02,0.02,0.02,0.02,0.13,0.16
PIK,2023,2023-03-29,pik_4893,,E2,Gregory,911,1365,1366,1333,1073,910,813,748,715,715,682,682,650,1366,1106,910,813,748,748,715,682,682,715,0,0.23,0.5,0.68,0.82,0.82,0.91,1,1,0.91,0.07,0.1,0,0,0,0.21,0,0,0,0.5,1.1,748,781,0.82,0.75,0.81,0.94,0.33,0.02,0.03,0,0,0,0.04,0,0,0,0.09,0.17,0.21
PIK,2023,2023-03-29,pik_5589,,E2,Gregory,449,668,678,628,538,498,439,389,379,389,399,379,379,648,538,508,459,389,399,389,409,399,399,0.03,0.24,0.31,0.46,0.72,0.67,0.72,0.63,0.67,0.67,0.1,0,0.07,0.17,0,0.22,0,0.11,0.22,0.25,0.79,409,409,0.63,0.63,0.64,0.74,0.33,0.03,0,0.02,0.04,0,0.05,0,0.02,0.05,0.05,0.15,0.17
PIK,2023,2023-03-29,pik_619,,E2,Gregory,118,141,137,134,125,122,121,121,118,118,121,112,115,137,128,128,124,125,121,121,125,118,118,0.03,0.1,0.1,0.14,0.13,0.17,0.17,0.13,0.19,0.19,0.14,0.16,0.31,0.17,0.22,0.17,0.17,0.22,0.36,1,0.19,118,124,0.19,0.14,0.54,0.5,0.16,0.02,0.02,0.05,0.02,0.03,0.02,0.02,0.03,0.05,0.03,0.08,0.07
PIK,2023,2023-03-29,pik_910,,E1,Qi,279,429,409,389,319,279,249,249,239,239,239,249,239,409,319,279,259,259,249,249,249,249,249,0.05,0.34,0.54,0.66,0.66,0.72,0.72,0.72,0.72,0.72,0.14,0,0,0.16,0.16,0.17,0.17,0.17,0,0.33,0.71,279,299,0.54,0.43,0.55,0.74,0.35,0.05,0,0,0.04,0.04,0.04,0.04,0.04,0,0.04,0.14,0.2
PIK,2023,2023-03-29,pik_956,,E1,Qi,137,182,176,172,160,147,147,144,140,140,140,140,137,182,166,153,150,150,147,143,144,144,144,0,0.1,0.19,0.21,0.21,0.24,0.27,0.26,0.26,0.26,0.22,0.16,0.18,0.09,0.19,0.23,0.1,0.13,0.13,0.32,0.28,140,143,0.3,0.27,0.78,0.72,0.25,0.05,0.04,0.04,0.02,0.04,0.05,0.02,0.03,0.03,0.05,0.16,0.15
PIK,2023,2023-03-29,pik_960,,E1,Qi,179,229,219,209,199,189,179,170,180,170,180,180,170,219,209,189,189,180,180,180,170,180,170,0.05,0.1,0.21,0.21,0.27,0.27,0.27,0.35,0.27,0.35,0.22,0.24,0,0.28,0.31,0,0.31,-0.34,0,0,0.29,180,190,0.27,0.21,0.93,1.12,0.22,0.05,0.05,0,0.05,0.06,0,0.06,-0.06,0,0,0.17,0.21
PIK,2023,2023-04-10,pik_1290,,E1,Qi,309,498,429,269,229,220,210,209,219,220,209,220,219,279,229,230,230,229,229,229,230,230,229,0.78,1.17,1.17,1.17,1.17,1.17,1.17,1.17,1.17,1.17,0.14,0,0.2,0.39,0.4,0.2,0.18,0.41,0.2,0.25,0.96,249,259,1,0.92,0.67,0.8,0.38,0.04,0,0.04,0.09,0.09,0.04,0.04,0.09,0.04,0.04,0.16,0.19
PIK,2023,2023-04-10,pik_13,,E1,Qi,389,858,668,349,289,280,289,289,290,289,279,289,289,379,319,310,319,299,319,309,329,319,329,1.26,1.69,1.77,1.69,1.87,1.69,1.78,1.61,1.69,1.61,0.23,0.3,0.32,0.3,0.11,0.29,0.21,0.48,0.3,0.5,1.31,379,429,1.26,1,0.91,0.92,0.55,0.08,0.09,0.1,0.09,0.03,0.09,0.06,0.15,0.09,0.12,0.32,0.35
PIK,2023,2023-04-10,pik_1306,,E1,Qi,349,639,529,299,249,239,240,239,250,249,259,259,249,309,259,259,259,259,269,270,279,279,279,1.07,1.47,1.47,1.47,1.47,1.38,1.37,1.29,1.29,1.29,0.11,0.15,0.31,0.29,0.31,0.27,0.3,0.27,0.27,0.5,1.12,309,349,1.07,0.83,0.9,1.01,0.45,0.03,0.04,0.08,0.07,0.08,0.07,0.08,0.07,0.07,0.11,0.26,0.32
PIK,2023,2023-04-10,pik_1436,,E1,Qi,369,588,508,309,249,259,259,250,249,249,259,259,260,319,259,269,269,260,269,269,279,269,270,0.84,1.27,1.19,1.19,1.26,1.19,1.19,1.11,1.19,1.18,0.13,0.19,0.17,0.17,0.19,0.35,0.35,0.33,0.17,0.24,0.95,299,310,0.97,0.9,1,0.81,0.37,0.03,0.04,0.04,0.04,0.04,0.07,0.07,0.07,0.04,0.04,0.23,0.19
PIK,2023,2023-04-10,pik_1530,,E1,Qi,399,847,748,508,409,399,378,398,389,409,409,349,388,538,429,419,408,419,429,439,439,369,439,0.57,0.97,1.02,1.08,1.02,0.97,0.93,0.93,1.3,0.93,0.13,0.13,0.13,0.21,0.14,0.26,0.19,0.19,0.17,0.36,0.93,459,498,0.85,0.7,0.92,1,0.53,0.06,0.05,0.05,0.07,0.05,0.09,0.07,0.07,0.05,0.12,0.35,0.4
PIK,2023,2023-04-10,pik_1676,,E1,Qi,209,329,299,249,210,190,200,190,189,189,190,190,199,269,220,200,200,210,209,209,210,200,209,0.22,0.5,0.64,0.64,0.57,0.57,0.57,0.57,0.64,0.57,0.23,0.16,0.19,0,0.36,0.36,0.36,0.36,0.19,0.2,0.5,209,219,0.57,0.5,0.88,0.97,0.36,0.07,0.05,0.05,0,0.1,0.1,0.1,0.1,0.05,0.05,0.23,0.27
PIK,2023,2023-04-10,pik_1711,,E1,Qi,289,489,439,309,239,239,250,249,249,249,259,250,249,319,259,249,250,259,259,259,279,269,259,0.53,0.89,0.96,0.96,0.89,0.89,0.89,0.75,0.82,0.89,0.1,0.29,0.15,0,0.14,0.14,0.14,0.25,0.26,0.26,0.76,290,299,0.69,0.64,0.83,0.9,0.41,0.03,0.08,0.04,0,0.04,0.04,0.04,0.07,0.07,0.04,0.24,0.27
PIK,2023,2023-04-10,pik_1826,,E1,Qi,210,369,379,289,190,200,179,159,189,179,169,180,170,319,210,240,189,179,189,189,189,199,189,0.16,0.76,0.54,0.95,1.06,0.95,0.95,0.95,0.85,0.95,0.24,0.32,0.51,0.19,0.42,0,0.19,0.38,0.33,0.38,1.23,189,220,0.95,0.68,0.95,1.02,0.43,0.09,0.1,0.17,0.05,0.11,0,0.05,0.11,0.1,0.1,0.26,0.32
PIK,2023,2023-04-10,pik_1859,,E1,Qi,270,399,329,209,189,200,199,199,200,200,190,190,180,219,189,209,209,209,210,210,210,210,200,0.82,1.11,0.91,0.91,0.91,0.9,0.9,0.9,0.9,1,0.22,0,0.22,0.24,0.24,0.24,0.24,0.47,0.47,0.67,0.83,220,230,0.81,0.73,0.65,1.01,0.32,0.05,0,0.04,0.05,0.05,0.05,0.05,0.1,0.1,0.1,0.14,0.22
PIK,2023,2023-04-10,pik_1972,,E1,Qi,586,1561,1365,748,586,520,487,487,487,488,520,488,488,813,585,553,552,520,552,553,553,586,553,0.92,1.67,1.82,1.83,2,1.83,1.82,1.82,1.66,1.82,0.17,0,0.16,0.32,0.18,0.32,0.32,0.16,0.43,0.4,1.8,651,748,1.4,1.09,0.97,0.98,0.62,0.08,0,0.06,0.12,0.06,0.12,0.12,0.06,0.17,0.12,0.4,0.43
PIK,2023,2023-04-10,pik_2106,,E1,Qi,259,538,468,359,309,279,299,290,299,309,310,309,319,369,319,299,309,319,319,329,319,329,339,0.46,0.69,0.8,0.74,0.69,0.69,0.64,0.69,0.64,0.59,0.06,0.08,0.18,0.08,0.23,0.16,0.15,0.07,0.15,0.2,0.47,349,389,0.54,0.38,0.91,0.94,0.52,0.03,0.03,0.07,0.03,0.09,0.06,0.06,0.03,0.06,0.06,0.37,0.41
PIK,2023,2023-04-10,pik_2112,,E1,Qi,289,529,498,399,289,269,289,299,289,299,260,309,319,408,299,279,309,309,299,319,300,329,339,0.3,0.77,0.9,0.71,0.71,0.77,0.66,0.76,0.61,0.56,0.06,0.1,0.12,0.2,0.1,0.1,0.19,0.42,0.18,0.2,0.56,349,369,0.52,0.43,0.88,0.89,0.45,0.02,0.03,0.04,0.06,0.03,0.03,0.06,0.13,0.06,0.06,0.31,0.33
PIK,2023,2023-04-10,pik_2155,,E1,Qi,488,943,748,423,325,357,357,358,358,326,325,358,358,423,358,325,358,357,390,358,358,358,358,1.23,1.63,1.9,1.63,1.64,1.42,1.63,1.63,1.63,1.63,0,0.35,-0.4,0.01,-0.01,0.29,0.34,0.35,0,0,1.09,423,455,1.23,1.07,0.79,0.92,0.48,0,0.09,-0.1,0,0,0.08,0.09,0.09,0,0,0.23,0.29
PIK,2023,2023-04-10,pik_2168,,E1,Qi,269,498,439,300,240,240,250,249,259,250,249,250,249,300,260,260,260,259,269,279,279,260,260,0.66,0.92,0.92,0.92,0.92,0.85,0.78,0.78,0.92,0.92,0,0.25,0.25,0.12,0.13,0.12,0.32,0.33,0.12,0.18,0.76,289,299,0.72,0.67,0.94,0.88,0.46,0,0.08,0.08,0.04,0.04,0.04,0.1,0.11,0.04,0.04,0.31,0.3
PIK,2023,2023-04-10,pik_2261,,E1,Qi,309,578,499,349,279,259,259,259,279,269,269,279,269,359,289,269,269,279,290,299,309,309,299,0.61,1,1.15,1.15,1.07,0.99,0.93,0.87,0.87,0.93,0.08,0.11,0.13,0.13,0.24,0.12,0.32,0.41,0.31,0.51,0.86,339,349,0.71,0.66,0.87,0.83,0.47,0.03,0.03,0.04,0.04,0.07,0.04,0.1,0.13,0.1,0.1,0.29,0.29
PIK,2023,2023-04-10,pik_2403,,E1,Qi,449,828,678,488,379,379,379,398,398,399,439,419,419,508,399,399,398,418,418,429,459,459,469,0.63,1.08,1.08,1.08,0.98,0.98,0.93,0.8,0.8,0.77,0.12,0.17,0.17,0.17,0.16,0.16,0.23,0.14,0.27,0.38,0.62,499,539,0.66,0.54,1.01,0.99,0.46,0.04,0.05,0.05,0.05,0.05,0.05,0.07,0.04,0.09,0.11,0.34,0.35
PIK,2023,2023-04-10,pik_2441,,E1,Qi,249,419,369,259,220,220,219,210,220,209,179,209,210,259,230,230,229,229,220,229,219,220,230,0.62,0.82,0.82,0.83,0.83,0.9,0.83,0.91,0.9,0.82,0,0.16,0.16,0.16,0.31,0,0.32,0.69,0.19,0.4,0.76,239,259,0.75,0.62,0.88,0.9,0.41,0,0.04,0.04,0.04,0.08,0,0.09,0.18,0.05,0.09,0.25,0.27
PIK,2023,2023-04-10,pik_2671,,E1,Qi,249,399,378,299,239,239,249,249,240,259,269,259,260,299,259,259,259,260,270,279,279,279,279,0.33,0.54,0.54,0.54,0.53,0.48,0.43,0.43,0.43,0.43,0,0.27,0.27,0.14,0.15,0.38,0.24,0.12,0.24,0.32,0.45,289,289,0.38,0.38,0.91,0.91,0.38,0,0.08,0.08,0.04,0.04,0.11,0.07,0.04,0.07,0.07,0.28,0.28
PIK,2023,2023-04-10,pik_2811,,E1,Qi,429,977,807,568,418,399,409,409,419,428,438,439,448,619,448,439,449,459,478,478,488,498,498,0.58,1.18,1.23,1.18,1.13,1.04,1.04,1,0.96,0.96,0.18,0.18,0.25,0.24,0.29,0.32,0.27,0.26,0.3,0.31,0.8,559,598,0.75,0.63,0.93,0.99,0.56,0.08,0.07,0.09,0.09,0.11,0.12,0.1,0.1,0.12,0.1,0.39,0.43
PIK,2023,2023-04-10,pik_2815,,E1,Qi,259,509,429,309,259,259,259,279,279,279,279,289,289,329,269,269,279,289,289,299,309,319,309,0.55,0.89,0.89,0.82,0.76,0.76,0.7,0.65,0.6,0.65,0.16,0.11,0.11,0.21,0.1,0.1,0.18,0.26,0.25,0.22,0.48,329,338,0.55,0.51,0.78,0.97,0.49,0.06,0.04,0.04,0.07,0.03,0.03,0.07,0.1,0.09,0.06,0.3,0.38
PIK,2023,2023-04-10,pik_2922,,E1,Qi,379,738,658,459,319,289,289,280,270,259,289,289,279,478,329,279,309,300,299,269,299,289,299,0.54,1.24,1.65,1.39,1.46,1.47,1.74,1.47,1.55,1.47,0.1,0.1,-0.14,0.23,0.24,0.35,0.14,0.12,0,0.4,1.36,319,329,1.31,1.24,0.85,0.91,0.49,0.04,0.03,-0.04,0.06,0.07,0.1,0.04,0.03,0,0.07,0.25,0.27
PIK,2023,2023-04-10,pik_2964,,E1,Qi,409,858,738,548,389,359,329,349,339,339,339,359,339,578,409,399,359,368,368,359,369,379,369,0.48,1.1,1.15,1.39,1.33,1.33,1.39,1.33,1.26,1.33,0.12,0.14,0.3,0.27,0.16,0.25,0.18,0.25,0.16,0.3,1.18,399,409,1.15,1.1,0.89,0.93,0.52,0.05,0.05,0.1,0.08,0.05,0.08,0.06,0.08,0.05,0.08,0.3,0.32
PIK,2023,2023-04-10,pik_3118,,E1,Qi,329,558,488,378,289,269,259,259,259,269,269,269,279,388,299,289,289,289,289,289,309,299,289,0.44,0.87,0.93,0.93,0.93,0.93,0.93,0.81,0.87,0.93,0.08,0.12,0.26,0.39,0.39,0.39,0.26,0.47,0.37,0.17,0.75,309,319,0.81,0.75,0.93,0.88,0.41,0.03,0.03,0.07,0.1,0.1,0.1,0.07,0.13,0.1,0.03,0.26,0.25
PIK,2023,2023-04-10,pik_3131,,E1,Qi,369,718,618,439,359,359,369,379,389,388,399,379,398,469,379,379,399,408,409,418,429,399,419,0.53,0.89,0.89,0.8,0.76,0.76,0.72,0.67,0.8,0.71,0.17,0.16,0.16,0.22,0.2,0.14,0.2,0.19,0.15,0.17,0.55,459,439,0.56,0.64,1.04,0.99,0.49,0.06,0.05,0.05,0.08,0.07,0.05,0.07,0.07,0.05,0.05,0.39,0.36
PIK,2023,2023-04-10,pik_3273,,E1,Qi,219,359,300,239,189,179,179,170,170,180,189,179,179,249,199,190,190,180,189,190,179,190,179,0.44,0.8,0.89,0.89,0.99,0.9,0.89,1.01,0.89,1.01,0.13,0.19,0.23,0.23,0.23,0.4,0.21,-0.23,0.23,0,0.68,199,199,0.8,0.8,0.96,0.75,0.39,0.04,0.05,0.06,0.06,0.06,0.1,0.05,-0.06,0.06,0,0.25,0.2
PIK,2023,2023-04-10,pik_3356,,E1,Qi,359,757,638,459,319,310,309,309,319,329,330,339,339,499,349,329,319,339,349,349,359,369,359,0.52,1.17,1.3,1.37,1.23,1.17,1.17,1.11,1.05,1.11,0.19,0.25,0.18,0.1,0.27,0.25,0.17,0.23,0.23,0.25,0.88,379,409,1,0.85,0.89,0.97,0.53,0.08,0.09,0.06,0.03,0.09,0.09,0.06,0.08,0.08,0.06,0.32,0.36
PIK,2023,2023-04-10,pik_3366,,E1,Qi,552,1431,1203,748,553,488,521,487,520,520,520,553,552,813,586,585,553,585,585,617,618,618,618,0.76,1.44,1.45,1.59,1.45,1.45,1.32,1.32,1.32,1.32,0.17,0.14,0.42,0.15,0.42,0.28,0.39,0.39,0.26,0.34,1.18,650,715,1.2,1,0.95,0.92,0.61,0.08,0.06,0.17,0.06,0.17,0.11,0.16,0.16,0.11,0.11,0.4,0.41
PIK,2023,2023-04-10,pik_3505,,E1,Qi,279,508,449,339,259,249,239,250,249,239,249,260,259,359,279,259,250,250,259,259,259,270,269,0.42,0.82,0.96,1.03,1.03,0.96,0.96,0.96,0.88,0.89,0.15,0.23,0.13,0.15,0,0.13,0.26,0.13,0.12,0.17,0.73,279,280,0.82,0.81,0.92,0.92,0.45,0.06,0.07,0.04,0.04,0,0.04,0.08,0.04,0.04,0.04,0.29,0.29
PIK,2023,2023-04-10,pik_373,,E2,Gregory,419,628,589,429,389,399,408,419,409,399,409,409,389,439,399,409,418,419,429,429,418,409,409,0.43,0.57,0.54,0.5,0.5,0.46,0.46,0.5,0.54,0.54,0.09,0.1,0.1,0.1,0,0.18,0.28,0.09,0,0.25,0.51,438,459,0.43,0.37,0.96,1.06,0.33,0.02,0.03,0.02,0.02,0,0.05,0.07,0.02,0,0.05,0.25,0.28
PIK,2023,2023-04-10,pik_3759,,E2,Gregory,439,609,588,398,339,349,369,369,379,378,379,379,369,398,348,349,379,388,389,379,389,389,379,0.53,0.75,0.74,0.61,0.57,0.57,0.61,0.57,0.57,0.61,0,0.14,0,0.14,0.25,0.13,0.01,0.13,0.13,0.17,0.59,428,439,0.42,0.39,0.97,0.94,0.28,0,0.03,0,0.03,0.05,0.03,0,0.03,0.03,0.03,0.21,0.21
PIK,2023,2023-04-10,pik_3907,,E2,Gregory,289,359,349,279,239,240,250,249,249,259,259,249,250,269,249,260,259,259,260,269,269,269,269,0.33,0.44,0.38,0.39,0.39,0.38,0.33,0.33,0.33,0.33,-0.24,0.28,0.52,0.23,0.26,0.28,0.24,0.24,0.48,0.63,0.4,280,279,0.28,0.29,0.9,0.91,0.19,-0.04,0.04,0.08,0.03,0.04,0.04,0.04,0.04,0.07,0.07,0.14,0.14
PIK,2023,2023-04-10,pik_4006,,E2,Gregory,389,558,518,359,319,349,339,329,359,349,349,349,329,389,330,349,349,359,359,359,359,359,359,0.43,0.69,0.6,0.6,0.55,0.55,0.55,0.55,0.55,0.55,0.33,0.16,0,0.13,0.38,0,0.13,0.13,0.13,0.38,0.57,369,379,0.51,0.47,1.09,1.26,0.3,0.08,0.03,0,0.03,0.08,0,0.03,0.03,0.03,0.08,0.24,0.29
PIK,2023,2023-04-10,pik_4025,,E2,Gregory,408,847,747,478,378,378,398,398,409,399,418,408,408,488,398,399,428,428,439,439,439,439,438,0.74,1.13,1.12,0.98,0.98,0.93,0.93,0.93,0.93,0.93,0.05,0.15,0.16,0.2,0.2,0.19,0.25,0.13,0.2,0.25,0.83,468,498,0.81,0.7,0.91,0.93,0.52,0.02,0.05,0.05,0.07,0.07,0.07,0.09,0.05,0.07,0.07,0.34,0.36
PIK,2023,2023-04-10,pik_4043,,E2,Gregory,715,1625,1430,813,618,618,618,618,585,618,618,618,585,845,683,651,618,650,651,650,651,683,650,0.92,1.38,1.5,1.63,1.5,1.5,1.5,1.5,1.38,1.5,0.1,0.27,0.15,0,0.15,0.3,0.15,0.15,0.27,0.4,1.44,780,845,1.08,0.92,0.88,0.97,0.56,0.04,0.1,0.05,0,0.05,0.1,0.05,0.05,0.1,0.1,0.33,0.38
PIK,2023,2023-04-10,pik_4141,,E2,Gregory,553,1008,943,553,422,423,455,488,455,455,423,487,488,586,455,455,455,487,455,488,488,488,520,0.72,1.22,1.22,1.22,1.07,1.22,1.07,1.07,1.07,0.94,0.17,0.27,0.26,0,-0.01,0,0.24,0.47,0.01,0.25,0.93,585,618,0.72,0.63,1.03,1.25,0.45,0.06,0.07,0.07,0,0,0,0.07,0.13,0,0.06,0.33,0.42
PIK,2023,2023-04-10,pik_425,,E1,Qi,448,588,539,419,369,369,359,359,358,349,359,359,349,419,369,369,369,379,369,379,379,369,369,0.4,0.59,0.59,0.59,0.55,0.59,0.55,0.55,0.59,0.59,0,0,0,0.17,0.31,0.18,0.47,0.31,0.17,0.67,0.54,389,409,0.51,0.44,0.75,0.82,0.24,0,0,0,0.03,0.05,0.03,0.08,0.05,0.03,0.05,0.13,0.15
PIK,2023,2023-04-10,pik_4411,,E2,Gregory,249,369,339,260,240,249,240,239,249,250,240,240,239,269,240,249,259,259,249,259,260,249,239,0.37,0.54,0.48,0.42,0.42,0.48,0.42,0.42,0.48,0.54,0.13,0,0,0.29,0.31,0,0.14,0.3,0.15,0,0.42,249,259,0.48,0.42,0.97,0.9,0.33,0.03,0,0,0.07,0.08,0,0.03,0.08,0.04,0,0.24,0.23
PIK,2023,2023-04-10,pik_4460,,E2,Gregory,439,868,748,449,389,398,419,429,408,408,409,399,399,469,409,419,449,449,438,438,438,428,439,0.85,1.12,1.07,0.93,0.93,0.98,0.98,0.98,1.03,0.98,0.12,0.16,0.16,0.2,0.13,0.21,0.21,0.2,0.21,0.4,0.87,489,538,0.78,0.61,0.86,0.93,0.49,0.04,0.05,0.05,0.07,0.04,0.07,0.07,0.07,0.07,0.09,0.31,0.35
PIK,2023,2023-04-10,pik_4480,,E2,Gregory,379,668,618,429,329,329,329,329,339,329,339,329,339,449,349,339,349,339,329,349,349,349,349,0.49,0.91,0.97,0.91,0.97,1.03,0.91,0.91,0.91,0.91,0.13,0.2,0.11,0.2,0.11,-0.11,0.2,0.1,0.2,0.14,0.82,379,409,0.76,0.63,0.86,0.99,0.43,0.04,0.06,0.03,0.06,0.03,-0.03,0.06,0.03,0.06,0.03,0.26,0.32
PIK,2023,2023-04-10,pik_4739,,E2,Gregory,509,1236,997,479,429,429,439,438,439,459,449,449,429,498,449,459,468,459,469,489,479,479,459,1.48,1.75,1.69,1.64,1.69,1.64,1.53,1.58,1.58,1.69,0.1,0.13,0.19,0.18,0.13,0.18,0.17,0.18,0.18,0.38,1.32,658,748,0.88,0.65,0.88,0.92,0.59,0.04,0.04,0.07,0.06,0.05,0.06,0.06,0.06,0.06,0.07,0.38,0.43
PIK,2023,2023-04-10,pik_4852,,E2,Gregory,683,1496,1333,780,520,488,488,488,488,520,521,521,520,780,586,521,553,553,521,553,586,553,553,0.92,1.55,1.87,1.71,1.71,1.87,1.71,1.55,1.71,1.71,0,0.35,0.22,0.38,0.38,0.22,0.2,0.35,0.19,0.25,1.56,618,683,1.42,1.19,0.8,0.81,0.54,0,0.11,0.06,0.12,0.12,0.06,0.06,0.11,0.06,0.06,0.26,0.29
PIK,2023,2023-04-10,pik_4893,,E2,Gregory,329,578,558,389,320,329,339,339,349,339,339,339,349,409,339,339,339,359,359,369,349,349,359,0.41,0.71,0.71,0.71,0.61,0.61,0.57,0.66,0.66,0.61,0.14,0.18,0.1,0,0.17,0.09,0.25,0.09,0.09,0.11,0.6,369,399,0.57,0.45,0.92,1.02,0.43,0.05,0.06,0.03,0,0.06,0.03,0.08,0.03,0.03,0.03,0.3,0.35
PIK,2023,2023-04-10,pik_5256,,E2,Gregory,349,598,528,369,249,239,259,269,269,270,220,229,229,379,269,249,269,279,279,259,240,239,229,0.58,1.22,1.4,1.22,1.14,1.14,1.31,1.49,1.5,1.61,0.08,0.31,0.18,0.15,0.14,0.14,-0.18,0.37,0.19,0,1.31,249,209,1.4,1.86,1.05,0.96,0.42,0.03,0.07,0.04,0.04,0.04,0.04,-0.04,0.08,0.04,0,0.24,0.19
PIK,2023,2023-04-10,pik_5334,,E2,Gregory,552,846,781,520,422,390,390,390,390,390,390,390,422,553,390,423,390,390,390,390,390,390,423,0.53,1.17,1,1.17,1.17,1.17,1.17,1.17,1.17,1,0.23,-0.42,0.37,0,0,0,0,0,0,0.01,0.85,455,488,0.86,0.73,0.96,1.13,0.35,0.06,-0.08,0.08,0,0,0,0,0,0,0,0.21,0.27
PIK,2023,2023-04-10,pik_5454,,E2,Gregory,389,608,588,458,339,329,339,349,359,369,379,369,369,458,349,339,349,369,379,379,379,389,379,0.33,0.74,0.79,0.74,0.65,0.6,0.6,0.6,0.56,0.6,0,0.12,0.12,0.12,0.21,0.2,0.1,0,0.19,0.17,0.59,409,438,0.49,0.39,0.8,0.86,0.36,0,0.03,0.03,0.03,0.05,0.05,0.03,0,0.05,0.03,0.22,0.25
PIK,2023,2023-04-10,pik_5470,,E2,Gregory,339,518,459,349,269,249,249,260,249,260,249,259,259,359,279,269,259,260,259,269,259,269,279,0.44,0.86,0.93,1,0.99,1,0.93,1,0.93,0.86,0.1,0.16,0.35,0.18,0,0.18,0.16,0.18,0.17,0.4,0.77,280,299,0.85,0.73,0.64,1,0.35,0.03,0.04,0.07,0.04,0,0.04,0.03,0.04,0.04,0.07,0.14,0.23
PIK,2023,2023-04-10,pik_5586,,E2,Gregory,520,780,715,488,390,357,357,358,390,390,358,358,390,520,390,390,390,390,390,423,390,390,390,0.5,1,1,1,1,1,0.84,1,1,1,0.25,0,0.42,0.42,0.41,0,0.37,0.41,0.41,0,0.83,455,422,0.71,0.85,0.94,0.36,0.33,0.06,0,0.08,0.08,0.08,0,0.08,0.08,0.08,0,0.21,0.08
PIK,2023,2023-04-10,pik_5617,,E2,Gregory,309,529,478,378,309,299,289,299,299,289,299,290,289,389,319,299,309,309,309,309,309,309,299,0.36,0.66,0.77,0.71,0.71,0.71,0.71,0.71,0.71,0.77,0.08,0.1,0,0.22,0.11,0.11,0.22,0.11,0.21,0.2,0.65,310,319,0.71,0.66,0.78,0.82,0.42,0.03,0.03,0,0.06,0.03,0.03,0.06,0.03,0.06,0.03,0.23,0.25
PIK,2023,2023-04-10,pik_5666,,E2,Gregory,289,458,418,329,239,219,219,219,229,229,229,229,229,329,249,239,229,229,239,249,239,239,249,0.39,0.84,0.92,1,1,0.92,0.84,0.92,0.92,0.84,0,0.17,0.36,0.19,0.19,0.18,0.33,0.18,0.18,0.4,0.83,249,259,0.84,0.77,0.65,0.92,0.37,0,0.04,0.08,0.04,0.04,0.04,0.08,0.04,0.04,0.08,0.16,0.23
PIK,2023,2023-04-10,pik_619,,E2,Gregory,280,419,409,339,299,289,299,299,299,289,299,289,289,349,299,309,309,309,319,309,309,299,309,0.2,0.4,0.36,0.36,0.36,0.31,0.36,0.36,0.4,0.36,0.1,0,0.24,0.12,0.12,0.23,0.24,0.12,0.13,0.29,0.42,309,319,0.36,0.31,1.09,0.91,0.33,0.03,0,0.06,0.03,0.03,0.06,0.06,0.03,0.03,0.06,0.29,0.25
PIK,2023,2023-04-10,pik_730,,E1,Qi,220,379,349,259,229,209,219,210,219,220,230,239,239,269,239,219,209,230,239,239,239,239,249,0.41,0.59,0.73,0.81,0.65,0.59,0.59,0.59,0.59,0.52,0.11,0.13,0.16,-0.17,0.29,0.27,0.25,0.12,0,0.17,0.46,259,279,0.46,0.36,0.82,0.83,0.42,0.04,0.04,0.05,-0.05,0.09,0.08,0.08,0.04,0,0.04,0.27,0.29
PIK,2023,2023-04-10,pik_910,,E2,Gregory,715,910,910,715,585,585,585,585,585,552,553,553,553,715,585,585,585,585,585,553,586,553,553,0.27,0.56,0.56,0.56,0.56,0.56,0.65,0.55,0.65,0.65,0,0,0,0,0,0,0.01,0.38,0,0,0.65,553,553,0.65,0.65,1.25,1.25,0.21,0,0,0,0,0,0,0,0.06,0,0,0.18,0.18
PIK,2023,2023-04-10,pik_956,,E2,Gregory,399,688,599,459,389,399,419,439,449,449,459,448,459,489,409,438,469,478,479,488,489,489,489,0.41,0.68,0.57,0.47,0.44,0.44,0.41,0.41,0.41,0.41,0.18,0.16,0.28,0.32,0.24,0.19,0.24,0.18,0.25,0.23,0.31,509,539,0.35,0.28,0.96,0.93,0.42,0.06,0.05,0.09,0.11,0.08,0.06,0.08,0.06,0.08,0.06,0.33,0.34
PIK,2023,2023-04-10,pik_960,,E2,Gregory,250,449,399,299,269,259,250,259,269,279,279,279,279,319,289,269,270,279,299,299,300,299,289,0.41,0.55,0.67,0.66,0.61,0.5,0.5,0.5,0.5,0.55,0.17,0.2,0.12,0.23,0.22,0.29,0.19,0.2,0.19,0.12,0.43,309,309,0.45,0.45,1.01,0.91,0.44,0.06,0.07,0.04,0.07,0.07,0.1,0.07,0.07,0.07,0.03,0.36,0.32
PIK,2023,2023-04-11,pik_118,,E2,Gregory,518,1147,1027,609,529,539,529,559,569,579,568,578,568,648,559,588,569,589,618,618,628,628,619,0.77,1.05,0.95,1.02,0.95,0.86,0.86,0.83,0.83,0.85,0.15,0.14,0.22,0.19,0.13,0.2,0.16,0.24,0.2,0.25,0.81,747,797,0.54,0.44,1,1.01,0.55,0.06,0.05,0.08,0.07,0.05,0.08,0.06,0.1,0.08,0.08,0.44,0.46
PIK,2023,2023-04-11,pik_122,,E2,Gregory,528,1076,947,549,449,469,479,499,508,508,528,518,518,568,468,479,519,519,538,548,548,558,548,0.89,1.3,1.25,1.07,1.07,1,0.96,0.96,0.93,0.96,0.09,0.13,0.07,0.23,0.12,0.16,0.21,0.11,0.2,0.2,0.83,648,697,0.66,0.54,0.96,0.96,0.51,0.03,0.04,0.02,0.08,0.04,0.06,0.07,0.04,0.07,0.05,0.37,0.39
PIK,2023,2023-04-11,pik_1620,,E2,Gregory,399,708,648,409,339,339,359,379,378,379,448,409,419,419,349,369,379,389,399,409,488,429,429,0.69,1.03,0.92,0.87,0.82,0.77,0.73,0.45,0.65,0.65,0.08,0.1,0.28,0.18,0.09,0.17,0.24,0.24,0.15,0.09,0.55,499,528,0.42,0.34,0.96,1.03,0.44,0.02,0.03,0.08,0.05,0.03,0.05,0.07,0.08,0.05,0.02,0.34,0.38
PIK,2023,2023-04-11,pik_1906,,E2,Gregory,209,349,320,259,230,229,239,249,239,249,249,249,239,269,239,249,259,259,259,269,259,269,269,0.3,0.46,0.4,0.35,0.35,0.35,0.3,0.35,0.3,0.3,0.11,0.12,0.25,0.23,0.12,0.23,0.22,0.12,0.22,0.38,0.34,270,289,0.29,0.21,0.88,0.97,0.4,0.04,0.04,0.08,0.08,0.04,0.08,0.07,0.04,0.07,0.11,0.3,0.35
PIK,2023,2023-04-11,pik_2043,,E2,Gregory,379,528,489,349,319,329,339,349,359,379,369,379,369,359,329,339,359,379,379,389,399,409,399,0.47,0.6,0.56,0.47,0.39,0.39,0.36,0.32,0.29,0.32,0.13,0.15,0.15,0.26,0.36,0.24,0.11,0.33,0.31,0.33,0.33,419,418,0.26,0.26,1,1,0.28,0.03,0.03,0.03,0.06,0.08,0.05,0.03,0.08,0.07,0.08,0.24,0.24
PIK,2023,2023-04-11,pik_2760,,E1,Qi,329,777,648,429,339,339,359,369,369,379,389,379,369,428,359,369,379,399,399,409,399,409,398,0.82,1.16,1.11,1.05,0.95,0.95,0.9,0.95,0.9,0.95,-0.01,0.14,0.21,0.13,0.18,0.18,0.18,0.06,0.18,0.23,0.76,459,489,0.69,0.59,0.93,0.97,0.58,0,0.06,0.08,0.05,0.08,0.08,0.07,0.03,0.07,0.07,0.41,0.45
PIK,2023,2023-04-11,pik_2851,,E1,Qi,120,200,180,169,140,150,139,150,160,150,159,160,150,179,150,170,159,170,170,169,159,169,160,0.12,0.33,0.18,0.26,0.18,0.18,0.18,0.26,0.18,0.25,0.15,0.2,0.33,0.36,0.33,0.16,0.31,0,0.15,0.25,0.2,180,169,0.11,0.18,0.9,0.97,0.4,0.06,0.07,0.12,0.13,0.12,0.06,0.11,0,0.05,0.06,0.34,0.35
PIK,2023,2023-04-11,pik_2851,,E1,Qi,309,608,499,329,279,269,300,309,309,329,329,339,329,379,289,309,329,329,349,349,359,369,368,0.6,1.1,0.97,0.85,0.85,0.74,0.74,0.69,0.65,0.65,0.35,0.11,0.39,0.26,0.18,0.32,0.16,0.23,0.22,0.33,0.52,409,438,0.49,0.39,0.99,0.99,0.49,0.13,0.03,0.13,0.09,0.06,0.11,0.06,0.08,0.08,0.11,0.39,0.41
PIK,2023,2023-04-11,pik_30,,E2,Gregory,299,509,469,369,279,270,259,250,249,240,259,250,249,369,300,279,270,259,250,260,269,270,269,0.38,0.7,0.82,0.89,0.97,1.04,0.96,0.89,0.89,0.89,0,0.24,0.12,0.15,0.13,0.02,0.29,0.14,0.27,0.41,0.88,309,329,0.65,0.55,0.86,0.97,0.41,0,0.07,0.03,0.04,0.03,0,0.08,0.04,0.07,0.07,0.26,0.3
PIK,2023,2023-04-11,pik_316,,E2,Gregory,289,508,479,379,329,349,359,369,379,389,389,369,369,389,359,369,389,389,399,408,409,398,399,0.31,0.42,0.38,0.31,0.31,0.27,0.25,0.24,0.28,0.27,0.07,0.24,0.15,0.21,0.14,0.13,0.12,0.13,0.2,0.25,0.3,429,449,0.18,0.13,0.96,1,0.43,0.03,0.08,0.05,0.08,0.05,0.05,0.05,0.05,0.07,0.08,0.37,0.4
PIK,2023,2023-04-11,pik_3192,,E1,Qi,469,1096,957,549,449,459,479,499,509,509,519,519,509,568,469,489,509,539,559,548,559,569,559,0.93,1.34,1.24,1.15,1.03,0.96,1,0.96,0.93,0.96,0.08,0.12,0.16,0.15,0.19,0.22,0.18,0.18,0.21,0.26,0.88,678,748,0.62,0.47,0.97,1.03,0.57,0.03,0.04,0.06,0.06,0.07,0.09,0.07,0.07,0.09,0.09,0.44,0.49
PIK,2023,2023-04-11,pik_3282,,E1,Qi,269,509,429,309,299,309,339,359,359,369,369,359,359,339,319,339,359,378,389,388,399,389,389,0.5,0.6,0.5,0.42,0.35,0.31,0.31,0.28,0.31,0.31,0.24,0.17,0.24,0.14,0.13,0.19,0.12,0.18,0.19,0.23,0.19,399,429,0.28,0.19,0.97,0.98,0.47,0.09,0.06,0.09,0.06,0.05,0.08,0.05,0.08,0.08,0.08,0.4,0.42
PIK,2023,2023-04-11,pik_3321,,E1,Qi,419,1206,1017,688,578,589,599,609,608,618,608,897,598,728,628,628,638,648,658,658,658,957,638,0.66,0.92,0.92,0.89,0.86,0.83,0.83,0.83,0.26,0.89,0.1,0.16,0.13,0.12,0.12,0.15,0.12,0.15,0.1,0.17,0.7,817,917,0.48,0.32,0.94,0.93,0.65,0.05,0.08,0.06,0.06,0.06,0.08,0.06,0.08,0.06,0.06,0.53,0.54
PIK,2023,2023-04-11,pik_3437,,E1,Qi,369,707,668,439,379,389,409,418,428,438,429,428,419,459,389,409,429,428,439,458,459,438,439,0.54,0.82,0.73,0.65,0.65,0.61,0.54,0.54,0.61,0.61,0.12,0.08,0.14,0.13,0.07,0.07,0.12,0.18,0.06,0.17,0.59,518,558,0.36,0.27,0.91,1.02,0.48,0.04,0.03,0.05,0.05,0.02,0.03,0.04,0.07,0.02,0.05,0.36,0.43
PIK,2023,2023-04-11,pik_3484,,E1,Qi,299,599,558,409,319,319,339,349,349,339,339,359,349,439,349,349,379,389,389,369,379,399,389,0.36,0.72,0.72,0.58,0.54,0.54,0.62,0.58,0.5,0.54,0.16,0.23,0.23,0.27,0.26,0.26,0.21,0.27,0.25,0.33,0.6,349,349,0.72,0.72,1.09,1.08,0.5,0.07,0.09,0.09,0.11,0.1,0.1,0.08,0.11,0.1,0.1,0.4,0.4
PIK,2023,2023-04-11,pik_3628,,E1,Qi,249,468,369,290,229,229,239,240,239,240,260,260,249,309,240,229,249,249,269,249,269,259,269,0.51,0.95,1.04,0.88,0.88,0.74,0.88,0.74,0.81,0.74,0.17,0.15,0,0.13,0.11,0.33,0.11,0.1,-0.01,0.29,0.48,279,279,0.68,0.68,0.94,0.83,0.47,0.06,0.05,0,0.04,0.04,0.11,0.04,0.03,0,0.07,0.32,0.29
PIK,2023,2023-04-11,pik_3967,,E1,Qi,309,678,508,379,349,349,359,379,379,378,379,349,339,409,379,389,409,418,429,429,418,409,378,0.66,0.79,0.74,0.66,0.62,0.58,0.58,0.62,0.66,0.79,0.18,0.2,0.25,0.29,0.22,0.27,0.28,0.22,0.35,0.3,0.5,409,439,0.66,0.54,1.1,1.04,0.54,0.07,0.08,0.1,0.12,0.09,0.12,0.12,0.09,0.15,0.1,0.46,0.45
PIK,2023,2023-04-11,pik_402,,E2,Gregory,319,668,528,399,349,379,389,399,399,389,379,379,379,419,369,389,409,419,408,408,399,399,399,0.59,0.81,0.72,0.63,0.59,0.64,0.64,0.67,0.67,0.67,0.12,0.14,0.07,0.12,0.12,0.06,0.12,0.13,0.13,0.18,0.39,429,439,0.56,0.52,0.95,1.03,0.52,0.05,0.05,0.03,0.05,0.05,0.02,0.05,0.05,0.05,0.05,0.39,0.43
PIK,2023,2023-04-11,pik_4086,,E1,Qi,439,1047,877,489,419,438,458,449,419,419,409,408,408,538,458,468,508,479,468,448,448,458,438,0.95,1.29,1.24,1.06,1.19,1.24,1.34,1.34,1.29,1.39,0.22,0.23,0.17,0.24,0.16,0.27,0.17,0.23,0.29,0.25,1.15,528,578,0.98,0.81,1.01,1.07,0.58,0.09,0.09,0.06,0.1,0.06,0.1,0.06,0.09,0.11,0.07,0.41,0.47
PIK,2023,2023-04-11,pik_413,,E2,Gregory,389,718,628,429,349,419,419,438,429,448,458,448,459,439,369,439,438,449,448,478,478,478,489,0.64,0.95,0.64,0.64,0.6,0.6,0.5,0.5,0.5,0.47,0.07,0.18,0.13,0.13,0.07,0.12,0.17,0.12,0.17,0.2,0.37,508,538,0.41,0.33,1.05,1.05,0.46,0.02,0.05,0.05,0.04,0.02,0.04,0.06,0.04,0.06,0.06,0.39,0.41
PIK,2023,2023-04-11,pik_4199,,E2,Gregory,780,1626,1431,878,650,682,715,748,780,812,780,780,780,877,682,715,780,845,813,878,877,877,845,0.85,1.38,1.27,1.08,0.92,1,0.85,0.85,0.85,0.92,0,0.15,0.14,0.24,0.32,0.12,0.2,0.3,0.3,0.29,0.83,1073,1171,0.52,0.39,0.95,1.01,0.52,0,0.05,0.05,0.08,0.11,0.04,0.08,0.11,0.11,0.08,0.39,0.44
PIK,2023,2023-04-11,pik_4231,,E1,Qi,389,957,857,489,388,429,439,449,449,449,459,448,438,509,418,449,459,479,489,499,479,488,488,0.88,1.29,1.13,1.08,1,0.96,0.92,1,0.96,0.96,0.09,0.18,0.11,0.11,0.15,0.19,0.23,0.1,0.19,0.31,0.96,559,608,0.71,0.57,0.93,0.95,0.59,0.04,0.07,0.04,0.04,0.06,0.08,0.1,0.04,0.08,0.1,0.43,0.46
PIK,2023,2023-04-11,pik_4393,,E1,Qi,210,378,349,290,249,250,260,279,269,279,269,269,259,289,269,270,279,289,289,300,289,279,279,0.31,0.41,0.4,0.35,0.31,0.31,0.26,0.31,0.35,0.35,-0.01,0.2,0.2,0.18,0.09,0.18,0.18,0.18,0.1,0.25,0.35,300,309,0.26,0.22,1.12,1.15,0.44,0,0.07,0.07,0.07,0.03,0.07,0.07,0.07,0.04,0.07,0.43,0.45
PIK,2023,2023-04-11,pik_4401,,E1,Qi,249,459,409,319,309,329,379,388,399,409,409,418,419,329,329,359,408,418,419,439,439,439,439,0.4,0.4,0.28,0.12,0.1,0.1,0.05,0.05,0.05,0.05,0.08,0.16,0.21,0.17,0.17,0.11,0.15,0.15,0.11,0.13,-0.02,469,489,-0.02,-0.06,0.92,0.9,0.46,0.03,0.06,0.08,0.07,0.07,0.05,0.07,0.07,0.05,0.05,0.43,0.43
PIK,2023,2023-04-11,pik_4648,,E2,Gregory,439,808,678,458,389,399,419,429,439,448,449,459,459,499,418,439,448,478,469,488,499,509,519,0.62,0.93,0.84,0.8,0.69,0.72,0.66,0.62,0.59,0.56,0.24,0.23,0.29,0.2,0.31,0.2,0.24,0.29,0.28,0.38,0.48,558,588,0.45,0.37,0.92,0.94,0.46,0.08,0.07,0.09,0.06,0.1,0.06,0.08,0.1,0.1,0.12,0.34,0.36
PIK,2023,2023-04-11,pik_4651,,E1,Qi,553,1658,1398,747,617,618,618,650,683,650,683,650,683,813,682,683,715,780,748,748,748,780,748,1.04,1.43,1.43,1.32,1.13,1.22,1.22,1.22,1.13,1.22,0.16,0.21,0.21,0.29,0.34,0.18,0.28,0.18,0.34,0.29,1.05,1073,1235,0.55,0.34,0.91,0.92,0.67,0.08,0.1,0.1,0.14,0.17,0.09,0.13,0.09,0.17,0.09,0.51,0.55
PIK,2023,2023-04-11,pik_4784,,E1,Qi,538,1456,1227,678,519,519,539,559,569,578,598,578,579,708,559,569,599,619,639,648,648,648,648,1.06,1.6,1.56,1.43,1.35,1.28,1.25,1.25,1.25,1.25,0.09,0.18,0.22,0.24,0.23,0.26,0.25,0.18,0.25,0.3,1.12,798,917,0.82,0.59,0.98,1.01,0.63,0.04,0.07,0.09,0.1,0.1,0.11,0.11,0.08,0.11,0.11,0.47,0.52
PIK,2023,2023-04-11,pik_4816,,E1,Qi,617,1756,1528,716,520,552,552,585,585,585,585,585,618,748,585,553,585,617,617,650,683,650,683,1.35,2,2.18,2,1.85,1.85,1.7,1.57,1.7,1.57,0.1,0.29,0,0.15,0.13,0.13,0.25,0.34,0.25,0.33,1.47,846,975,1.08,0.8,0.82,0.92,0.65,0.04,0.11,0,0.06,0.05,0.05,0.1,0.14,0.1,0.1,0.39,0.47
PIK,2023,2023-04-11,pik_5366,,E2,Gregory,399,748,648,468,419,449,479,489,489,489,499,489,479,499,429,479,519,509,529,529,529,529,519,0.5,0.74,0.56,0.44,0.47,0.41,0.41,0.41,0.41,0.44,0.17,0.07,0.17,0.2,0.11,0.2,0.2,0.15,0.2,0.25,0.35,559,569,0.34,0.31,0.95,1.01,0.47,0.06,0.02,0.06,0.08,0.04,0.08,0.08,0.06,0.08,0.08,0.38,0.4
PIK,2023,2023-04-11,pik_5408,,E2,Gregory,339,638,558,389,339,349,369,379,389,388,388,378,378,398,359,379,388,398,408,408,408,408,398,0.6,0.78,0.68,0.64,0.6,0.56,0.56,0.56,0.56,0.6,0.06,0.17,0.23,0.14,0.13,0.13,0.14,0.14,0.2,0.2,0.48,428,458,0.49,0.39,0.87,1.01,0.47,0.02,0.06,0.08,0.05,0.05,0.05,0.05,0.05,0.07,0.05,0.32,0.39
PIK,2023,2023-04-11,pik_5589,,E2,Gregory,528,927,808,519,469,498,509,539,538,539,559,539,539,539,499,518,548,568,568,578,589,579,579,0.72,0.86,0.79,0.69,0.63,0.63,0.6,0.57,0.6,0.6,0.12,0.21,0.13,0.23,0.16,0.17,0.21,0.16,0.22,0.29,0.5,658,698,0.41,0.33,0.91,0.98,0.43,0.04,0.06,0.04,0.07,0.05,0.05,0.07,0.05,0.07,0.07,0.32,0.36
PIK,2023,2023-04-11,pik_739,,E2,Gregory,553,1073,845,552,455,520,520,552,585,585,585,585,618,585,488,553,553,585,617,650,617,618,650,0.83,1.2,0.94,0.94,0.83,0.74,0.65,0.74,0.74,0.65,0.17,0.23,0.18,0.18,0.17,0.15,0.28,0.15,0.15,0.16,0.37,683,715,0.57,0.5,1.02,1.06,0.48,0.06,0.07,0.06,0.06,0.06,0.05,0.1,0.05,0.05,0.05,0.38,0.41
PIK,2023,2023-04-11,pik_748,,E2,Gregory,518,1007,948,659,598,658,668,658,688,688,698,698,737,668,628,687,688,678,717,718,718,718,777,0.51,0.6,0.47,0.46,0.49,0.4,0.4,0.4,0.4,0.3,0.03,0.13,0.11,0.07,0.08,0.1,0.1,0.07,0.07,0.15,0.29,817,847,0.23,0.19,0.98,1.01,0.49,0.01,0.05,0.04,0.03,0.03,0.04,0.04,0.03,0.03,0.05,0.43,0.45
PIK,2023,2023-04-11,pik_981,,E2,Gregory,469,817,778,439,399,389,419,448,458,468,458,458,498,448,419,429,459,479,508,508,498,498,519,0.82,0.95,0.9,0.78,0.71,0.61,0.61,0.64,0.64,0.57,0.07,0.17,0.33,0.3,0.21,0.31,0.25,0.26,0.26,0.12,0.56,568,568,0.44,0.44,1.29,1.29,0.43,0.02,0.05,0.09,0.09,0.06,0.1,0.08,0.08,0.08,0.04,0.44,0.44
PIK,2023,2023-04-11,pik_984,,E2,Gregory,585,1138,976,552,553,553,585,650,682,683,683,682,682,585,552,585,617,683,683,715,715,747,715,0.95,1.06,0.95,0.84,0.67,0.67,0.59,0.59,0.52,0.59,0.17,-0.01,0.17,0.15,0.13,0,0.12,0.12,0.23,0.14,0.43,813,878,0.4,0.3,0.99,1.06,0.49,0.06,0,0.05,0.05,0.05,0,0.04,0.04,0.09,0.05,0.4,0.45
PIK,2023,2023-04-18,pik_5256,,E1,Qi,455,1755,1463,1333,845,650,617,585,553,553,552,520,520,1495,910,748,715,682,650,650,650,650,617,0.17,0.93,1.35,1.45,1.57,1.7,1.7,1.7,1.7,1.84,0.15,0.12,0.24,0.25,0.27,0.29,0.29,0.29,0.39,0.43,1.81,650,812,1.7,1.16,0.88,0.91,0.74,0.11,0.07,0.13,0.14,0.14,0.15,0.15,0.15,0.2,0.16,0.45,0.52
PIK,2023,2023-04-18,pik_5334,,E1,Qi,650,2471,2178,1788,1300,1072,975,910,878,878,877,845,845,2016,1431,1203,1105,1040,1040,1008,975,1007,975,0.23,0.73,1.05,1.24,1.38,1.38,1.45,1.53,1.45,1.53,0.16,0.15,0.19,0.21,0.23,0.29,0.24,0.19,0.3,0.31,1.58,1040,1138,1.38,1.17,0.92,0.91,0.74,0.11,0.09,0.11,0.12,0.12,0.16,0.13,0.1,0.16,0.13,0.5,0.51
PIK,2023,2023-04-18,pik_5366,,E1,Qi,552,1398,1431,1366,878,682,617,585,585,585,552,553,488,1496,943,747,682,650,650,650,617,617,617,-0.07,0.48,0.87,1.05,1.15,1.15,1.15,1.27,1.27,1.27,0.14,0.14,0.19,0.22,0.24,0.24,0.24,0.26,0.26,0.57,1.93,618,650,1.26,1.15,0.79,0.96,0.61,0.09,0.07,0.09,0.1,0.1,0.1,0.1,0.11,0.1,0.21,0.32,0.4
PIK,2023,2023-04-18,pik_5408,,E1,Qi,455,1756,1561,1495,943,747,682,618,650,585,617,618,586,1723,1040,845,748,716,715,683,683,716,650,0.02,0.69,1.08,1.35,1.45,1.46,1.57,1.57,1.45,1.7,0.18,0.15,0.2,0.16,0.25,0.17,0.27,0.18,0.25,0.22,1.66,716,780,1.45,1.25,0.93,0.89,0.74,0.13,0.09,0.12,0.09,0.14,0.09,0.14,0.1,0.14,0.1,0.5,0.5
PIK,2023,2023-04-18,pik_5454,,E1,Qi,339,1137,938,907,608,489,449,449,418,409,399,389,379,1047,698,578,529,528,488,478,468,459,449,0.09,0.63,0.97,1.15,1.15,1.33,1.38,1.43,1.48,1.53,0.2,0.22,0.28,0.29,0.29,0.29,0.29,0.3,0.31,0.39,1.47,449,468,1.53,1.43,0.87,0.91,0.7,0.13,0.13,0.15,0.15,0.15,0.14,0.14,0.15,0.15,0.16,0.42,0.45
PIK,2023,2023-04-18,pik_5470,,E1,Qi,329,1227,1037,1007,658,518,468,438,429,409,399,399,389,1137,748,588,548,508,499,478,469,469,449,0.08,0.64,1.09,1.24,1.42,1.46,1.57,1.62,1.62,1.73,0.16,0.19,0.21,0.27,0.26,0.27,0.28,0.29,0.29,0.36,1.67,478,498,1.57,1.46,0.81,0.87,0.73,0.11,0.12,0.12,0.15,0.14,0.14,0.14,0.15,0.15,0.13,0.42,0.46
PIK,2023,2023-04-18,pik_5586,,E1,Qi,419,1276,1077,987,618,498,458,459,429,419,419,399,409,1146,708,588,529,519,498,499,498,489,479,0.11,0.8,1.17,1.41,1.46,1.56,1.56,1.56,1.61,1.66,0.21,0.24,0.32,0.29,0.25,0.31,0.36,0.36,0.42,0.44,1.63,519,568,1.46,1.25,0.81,0.85,0.67,0.14,0.13,0.15,0.13,0.12,0.14,0.16,0.16,0.18,0.15,0.37,0.4
PIK,2023,2023-04-18,pik_5589,,E1,Qi,349,1157,987,937,568,458,428,419,399,378,378,379,359,1077,648,528,498,468,469,438,448,439,428,0.07,0.79,1.19,1.32,1.47,1.47,1.64,1.58,1.64,1.7,0.19,0.22,0.26,0.28,0.22,0.31,0.29,0.33,0.29,0.46,1.75,469,499,1.47,1.32,0.88,0.88,0.7,0.13,0.12,0.13,0.14,0.1,0.15,0.14,0.16,0.14,0.16,0.42,0.44
PIK,2023,2023-04-18,pik_5617,,E1,Qi,329,1047,897,818,508,419,359,468,379,399,359,329,310,937,588,479,439,549,449,429,418,389,369,0.12,0.78,1.19,1.38,0.91,1.33,1.44,1.5,1.69,1.84,0.19,0.25,0.25,0.38,0.28,0.32,0.15,0.3,0.34,0.45,1.89,409,409,1.56,1.56,0.84,0.96,0.69,0.13,0.14,0.13,0.18,0.15,0.16,0.07,0.14,0.15,0.16,0.39,0.44
PIK,2023,2023-04-18,pik_5666,,E1,Qi,309,1257,1037,967,619,498,458,448,439,429,429,429,419,1127,728,608,548,538,529,529,529,529,518,0.12,0.73,1.07,1.29,1.34,1.38,1.38,1.38,1.38,1.43,0.19,0.23,0.3,0.29,0.29,0.3,0.34,0.34,0.34,0.41,1.47,539,608,1.33,1.07,0.88,0.91,0.75,0.14,0.15,0.18,0.16,0.17,0.17,0.19,0.19,0.19,0.19,0.5,0.54
PIK,2023,2023-04-19,pik_1290,,E1,Qi,520,1691,1430,1073,650,586,585,553,520,520,520,520,520,1203,715,650,618,617,617,617,617,617,585,0.41,1.37,1.6,1.74,1.74,1.74,1.74,1.74,1.74,1.89,0.18,0.19,0.21,0.12,0.23,0.35,0.35,0.35,0.35,0.34,1.75,683,780,1.48,1.17,0.9,0.82,0.69,0.11,0.09,0.1,0.05,0.1,0.16,0.16,0.16,0.16,0.11,0.43,0.42
PIK,2023,2023-04-19,pik_13,,E1,Qi,369,977,797,688,439,398,379,369,369,359,349,359,359,808,499,448,429,429,429,429,419,419,409,0.21,0.96,1.18,1.28,1.28,1.28,1.28,1.33,1.33,1.39,0.26,0.26,0.26,0.28,0.33,0.33,0.39,0.4,0.35,0.42,1.22,449,479,1.18,1.04,0.83,0.79,0.62,0.15,0.12,0.11,0.12,0.14,0.14,0.16,0.17,0.14,0.12,0.36,0.35
PIK,2023,2023-04-19,pik_1306,,E1,Qi,617,2374,2081,1463,845,780,715,682,683,585,585,552,552,1593,943,877,812,780,747,683,650,650,650,0.49,1.52,1.71,1.92,2.04,2.18,2.48,2.65,2.65,2.65,0.12,0.2,0.22,0.24,0.26,0.18,0.32,0.23,0.34,0.43,2.77,748,845,2.17,1.81,0.83,0.92,0.74,0.08,0.1,0.11,0.12,0.13,0.09,0.14,0.1,0.15,0.15,0.39,0.46
PIK,2023,2023-04-19,pik_1436,,E1,Qi,488,1202,1041,878,585,520,488,455,488,455,456,455,455,943,651,585,552,520,520,553,488,488,520,0.27,0.85,1.05,1.18,1.31,1.31,1.17,1.46,1.46,1.31,0.13,0.23,0.27,0.29,0.32,0.16,0.44,0.18,0.18,0.4,1.29,520,585,1.31,1.05,0.64,0.8,0.59,0.07,0.1,0.11,0.12,0.12,0.06,0.18,0.07,0.07,0.12,0.25,0.33
PIK,2023,2023-04-19,pik_1711,,E1,Qi,552,1756,1528,1203,715,617,585,585,552,552,553,521,553,1333,780,715,682,650,650,650,651,650,650,0.32,1.25,1.46,1.57,1.7,1.7,1.7,1.7,1.7,1.7,0.16,0.17,0.29,0.31,0.22,0.34,0.34,0.34,0.44,0.43,1.76,683,781,1.57,1.25,0.93,0.93,0.69,0.1,0.08,0.14,0.14,0.1,0.15,0.15,0.15,0.2,0.15,0.43,0.46
PIK,2023,2023-04-19,pik_1859,,E1,Qi,423,1365,1138,845,520,455,455,390,423,390,423,390,391,910,585,487,487,487,488,455,488,455,455,0.5,1.33,1.8,1.8,1.8,1.8,2,1.8,2,2,0.12,0.23,0.15,0.15,0.45,0.3,0.34,0.3,0.34,0.4,1.91,553,618,1.47,1.21,0.87,0.84,0.69,0.07,0.11,0.07,0.07,0.2,0.13,0.14,0.13,0.14,0.14,0.41,0.42
PIK,2023,2023-04-19,pik_2155,,E1,Qi,419,1246,997,907,598,528,509,508,509,499,499,478,489,1086,718,638,618,618,608,599,598,598,588,0.15,0.74,0.95,1.02,1.02,1.05,1.08,1.08,1.08,1.12,0.26,0.31,0.34,0.36,0.36,0.33,0.34,0.34,0.41,0.43,1.04,648,668,0.92,0.87,0.91,0.93,0.66,0.16,0.17,0.17,0.18,0.18,0.16,0.17,0.17,0.2,0.17,0.46,0.48
PIK,2023,2023-04-19,pik_2168,,E1,Qi,409,1196,1007,947,628,538,488,489,479,468,468,439,449,1086,728,598,568,558,558,539,528,509,519,0.1,0.64,1,1.11,1.14,1.14,1.22,1.27,1.35,1.3,0.2,0.25,0.2,0.29,0.26,0.3,0.28,0.25,0.31,0.39,1.24,539,579,1.22,1.07,0.8,0.82,0.66,0.13,0.14,0.1,0.14,0.12,0.14,0.13,0.11,0.14,0.13,0.37,0.4
PIK,2023,2023-04-19,pik_2441,,E1,Qi,359,797,788,798,698,568,458,459,439,408,409,409,418,1007,807,638,529,479,499,478,479,469,449,-0.21,-0.01,0.25,0.51,0.66,0.6,0.67,0.66,0.7,0.78,0.34,0.24,0.22,0.3,0.1,0.28,0.35,0.35,0.31,0.22,0.89,558,579,0.43,0.38,0.89,0.88,0.55,0.21,0.14,0.11,0.13,0.04,0.12,0.15,0.15,0.13,0.07,0.41,0.41
PIK,2023,2023-04-19,pik_2760,,E2,Gregory,553,2016,1756,1496,878,715,683,650,617,651,618,618,585,1593,942,812,748,716,715,716,715,715,715,0.27,1.14,1.48,1.7,1.82,1.82,1.82,1.82,1.82,1.82,0.09,0.12,0.23,0.18,0.19,0.28,0.19,0.28,0.28,0.4,2,781,845,1.58,1.39,0.91,0.88,0.73,0.06,0.07,0.12,0.09,0.09,0.14,0.09,0.14,0.14,0.18,0.46,0.46
PIK,2023,2023-04-19,pik_2851,,E2,Gregory,585,1951,1691,1333,780,650,585,585,553,552,553,521,520,1398,845,715,618,618,585,553,553,553,552,0.4,1.31,1.73,2.16,2.16,2.34,2.53,2.53,2.53,2.53,0.07,0.15,0.2,0.13,0.13,0.13,0,0,0.15,0.2,2.25,617,650,2.16,2,0.87,0.8,0.7,0.05,0.08,0.09,0.05,0.05,0.05,0,0,0.06,0.06,0.37,0.35
PIK,2023,2023-04-19,pik_2922,,E1,Qi,455,878,748,683,488,423,390,390,390,390,423,357,390,748,521,488,456,455,455,423,488,487,455,0.17,0.69,0.8,0.93,0.93,0.93,1.08,0.8,0.8,0.93,0.2,0.18,0.39,0.44,0.44,0.44,0.25,0.39,0.78,0.5,0.92,487,520,0.8,0.69,0.78,0.88,0.48,0.09,0.06,0.13,0.14,0.14,0.14,0.08,0.13,0.27,0.14,0.26,0.31
PIK,2023,2023-04-19,pik_3118,,E1,Qi,349,827,678,538,358,329,319,309,309,299,299,309,339,628,418,379,369,369,359,359,349,359,409,0.32,0.98,1.18,1.24,1.24,1.3,1.3,1.37,1.3,1.02,0.28,0.35,0.34,0.36,0.43,0.37,0.45,0.39,0.37,0.54,1,409,459,1.02,0.8,0.97,1,0.58,0.14,0.14,0.13,0.14,0.16,0.14,0.17,0.14,0.14,0.17,0.39,0.43
PIK,2023,2023-04-19,pik_3131,,E1,Qi,459,1247,1037,907,568,498,479,468,459,469,449,439,439,1037,668,568,539,538,519,538,528,518,519,0.2,0.87,1.2,1.31,1.32,1.4,1.32,1.36,1.41,1.4,0.21,0.31,0.28,0.26,0.31,0.28,0.3,0.36,0.37,0.5,1.36,558,588,1.23,1.12,0.86,0.91,0.63,0.13,0.15,0.12,0.11,0.13,0.12,0.13,0.15,0.15,0.15,0.37,0.41
PIK,2023,2023-04-19,pik_3192,,E2,Gregory,520,1625,1366,1106,715,650,618,618,618,585,618,618,585,1268,813,780,715,715,715,715,716,715,683,0.28,1,1.08,1.27,1.27,1.27,1.27,1.27,1.27,1.38,0.2,0.23,0.33,0.28,0.28,0.28,0.38,0.28,0.28,0.38,1.34,780,846,1.08,0.92,0.91,0.88,0.68,0.13,0.12,0.17,0.14,0.14,0.14,0.18,0.14,0.14,0.14,0.46,0.46
PIK,2023,2023-04-19,pik_3273,,E1,Qi,339,807,678,588,379,359,339,319,329,319,309,309,299,668,449,399,388,369,379,368,368,358,359,0.21,0.8,1.02,1.08,1.19,1.13,1.19,1.19,1.25,1.25,0.22,0.36,0.25,0.32,0.35,0.34,0.34,0.41,0.36,0.6,1.27,379,419,1.13,0.93,0.74,0.86,0.58,0.12,0.16,0.1,0.13,0.14,0.13,0.13,0.16,0.14,0.17,0.29,0.36
PIK,2023,2023-04-19,pik_3282,,E2,Gregory,520,1463,1430,1073,650,585,520,520,488,488,487,521,521,1170,716,650,586,585,585,585,553,650,682,0.25,1.04,1.25,1.5,1.5,1.5,1.5,1.65,1.25,1.15,0.14,0.2,0.22,0.27,0.26,0.39,0.39,0.29,0.44,0.55,1.74,683,716,1.14,1.04,0.94,0.97,0.64,0.08,0.09,0.1,0.11,0.11,0.17,0.17,0.12,0.2,0.24,0.43,0.46
PIK,2023,2023-04-19,pik_3321,,E2,Gregory,781,3479,3154,2926,1853,1528,1398,1333,1235,1203,1170,1170,1106,3089,1984,1691,1561,1463,1430,1398,1366,1333,1301,0.13,0.75,1.06,1.23,1.38,1.43,1.49,1.55,1.61,1.67,0.07,0.1,0.15,0.17,0.15,0.23,0.24,0.25,0.21,0.32,1.85,1365,1496,1.55,1.33,0.91,0.95,0.78,0.05,0.07,0.1,0.1,0.09,0.14,0.14,0.14,0.12,0.15,0.52,0.57
PIK,2023,2023-04-19,pik_3356,,E1,Qi,455,1431,1171,1073,715,585,553,553,520,520,487,487,488,1236,812,683,617,585,585,585,585,553,585,0.16,0.76,1.1,1.32,1.45,1.45,1.45,1.45,1.59,1.45,0.2,0.22,0.28,0.22,0.12,0.24,0.24,0.36,0.26,0.43,1.4,617,715,1.32,1,0.87,0.97,0.68,0.13,0.12,0.14,0.1,0.05,0.11,0.11,0.17,0.12,0.17,0.42,0.5
PIK,2023,2023-04-19,pik_3366,,E1,Qi,379,848,658,578,419,369,349,309,329,319,319,319,319,678,489,419,408,359,379,379,378,379,379,0.25,0.73,1.02,1.08,1.36,1.24,1.24,1.24,1.24,1.24,0.3,0.34,0.31,0.39,0.41,0.37,0.44,0.44,0.44,0.55,1.06,389,419,1.18,1.02,0.78,0.94,0.55,0.15,0.14,0.12,0.14,0.14,0.13,0.16,0.16,0.16,0.16,0.28,0.36
PIK,2023,2023-04-19,pik_3437,,E2,Gregory,715,2536,2309,1951,1041,846,813,780,748,715,715,715,651,2016,1106,911,846,813,813,781,748,748,748,0.26,1.29,1.78,2,2.12,2.12,2.25,2.39,2.39,2.39,0.05,0.11,0.15,0.08,0.09,0.18,0.19,0.1,0.1,0.43,2.55,845,976,2,1.6,0.84,0.94,0.72,0.03,0.06,0.07,0.04,0.04,0.08,0.08,0.04,0.04,0.13,0.38,0.47
PIK,2023,2023-04-19,pik_3484,,E2,Gregory,409,927,767,618,418,369,359,329,329,329,319,329,319,698,459,409,389,379,388,369,379,369,369,0.33,1.02,1.27,1.38,1.45,1.39,1.51,1.45,1.51,1.51,0.23,0.23,0.27,0.22,0.39,0.44,0.32,0.46,0.32,0.63,1.4,388,429,1.39,1.16,0.81,0.82,0.56,0.11,0.09,0.1,0.08,0.13,0.15,0.11,0.16,0.11,0.14,0.28,0.3
PIK,2023,2023-04-19,pik_3505,,E1,Qi,419,1087,927,868,598,519,499,489,479,469,469,469,469,977,678,608,569,558,549,549,549,549,548,0.11,0.6,0.79,0.91,0.95,0.98,0.98,0.98,0.98,0.98,0.19,0.24,0.31,0.27,0.27,0.29,0.33,0.33,0.33,0.44,0.98,568,608,0.91,0.79,0.81,0.87,0.61,0.11,0.12,0.15,0.12,0.12,0.13,0.15,0.15,0.15,0.14,0.37,0.41
PIK,2023,2023-04-19,pik_3628,,E2,Gregory,552,1593,1431,1138,715,650,585,585,552,552,553,520,520,1235,780,683,650,650,617,617,617,618,585,0.29,1.04,1.33,1.45,1.45,1.58,1.58,1.58,1.58,1.72,0.13,0.17,0.11,0.23,0.23,0.25,0.25,0.25,0.38,0.5,1.75,650,683,1.45,1.33,0.8,0.75,0.65,0.08,0.08,0.05,0.1,0.1,0.11,0.11,0.1,0.16,0.11,0.35,0.33
PIK,2023,2023-04-19,pik_3759,,E2,Gregory,911,2276,2113,2016,1366,1040,910,878,846,813,813,781,780,2081,1398,1073,975,943,878,845,878,846,845,0.09,0.63,1.12,1.33,1.41,1.59,1.69,1.59,1.69,1.69,0.05,0.05,0.07,0.17,0.18,0.1,0.11,0.2,0.21,0.29,1.71,910,1073,1.5,1.12,0.76,0.88,0.6,0.03,0.02,0.03,0.07,0.07,0.04,0.04,0.07,0.08,0.08,0.28,0.36
PIK,2023,2023-04-19,pik_3907,,E2,Gregory,289,608,538,508,389,329,309,299,290,289,279,289,280,588,438,389,349,339,329,329,319,329,300,0.03,0.39,0.56,0.74,0.79,0.85,0.85,0.91,0.85,1.03,0.26,0.25,0.37,0.3,0.31,0.32,0.33,0.34,0.33,0.25,0.92,319,358,0.91,0.7,0.85,0.91,0.52,0.14,0.11,0.15,0.11,0.12,0.12,0.12,0.13,0.12,0.07,0.31,0.36
PIK,2023,2023-04-19,pik_3967,,E2,Gregory,521,1170,1041,975,813,683,650,618,586,586,553,586,553,1105,878,748,715,682,650,618,618,618,618,0.06,0.33,0.56,0.64,0.72,0.8,0.89,0.89,0.89,0.89,0.22,0.15,0.2,0.21,0.22,0.24,0.13,0.27,0.13,0.33,0.88,585,650,1,0.8,0.87,0.85,0.55,0.12,0.07,0.09,0.09,0.09,0.1,0.05,0.11,0.05,0.11,0.33,0.35
PIK,2023,2023-04-19,pik_4006,,E2,Gregory,650,1820,1658,1626,1138,910,813,780,715,748,715,715,682,1723,1235,943,846,845,780,781,780,747,748,0.06,0.47,0.93,1.15,1.15,1.33,1.33,1.33,1.44,1.43,0.09,0.14,0.07,0.09,0.17,0.19,0.1,0.19,0.1,0.29,1.43,781,845,1.33,1.15,0.86,0.84,0.64,0.06,0.08,0.03,0.04,0.08,0.08,0.04,0.08,0.04,0.09,0.38,0.38
PIK,2023,2023-04-19,pik_4025,,E2,Gregory,585,2113,1853,1658,975,845,780,781,780,748,781,716,715,1820,1105,942,877,911,910,878,878,878,845,0.16,0.91,1.24,1.41,1.32,1.32,1.41,1.41,1.41,1.5,0.13,0.2,0.19,0.21,0.27,0.27,0.28,0.21,0.35,0.4,1.59,942,1040,1.24,1.03,0.9,0.89,0.72,0.09,0.12,0.1,0.11,0.14,0.14,0.15,0.11,0.18,0.15,0.48,0.5
PIK,2023,2023-04-19,pik_4043,,E2,Gregory,553,1431,1203,1105,812,683,651,585,618,585,617,586,585,1301,942,813,780,716,716,682,715,715,716,0.1,0.52,0.76,0.83,1,1,1.1,1,1,1,0.26,0.27,0.34,0.36,0.41,0.31,0.33,0.31,0.41,0.45,1.06,716,813,1,0.76,1.03,0.93,0.61,0.15,0.14,0.16,0.17,0.18,0.14,0.14,0.14,0.18,0.18,0.46,0.44
PIK,2023,2023-04-19,pik_4086,,E2,Gregory,429,1156,1007,947,688,568,519,488,488,479,479,468,468,1086,768,638,589,558,548,539,539,538,538,0.06,0.51,0.81,0.96,1.07,1.11,1.14,1.14,1.15,1.15,0.21,0.2,0.23,0.26,0.28,0.25,0.25,0.25,0.3,0.39,1.15,548,589,1.11,0.96,0.77,0.84,0.63,0.13,0.1,0.11,0.12,0.13,0.11,0.11,0.11,0.13,0.13,0.34,0.39
PIK,2023,2023-04-19,pik_4086,,E2,Gregory,618,2178,1983,1918,1365,1041,943,878,845,845,813,780,780,2049,1463,1105,976,942,910,877,877,877,845,0.06,0.49,0.97,1.23,1.31,1.39,1.48,1.48,1.48,1.58,0.09,0.11,0.1,0.06,0.13,0.14,0.07,0.14,0.22,0.2,1.54,910,1008,1.39,1.16,0.83,0.9,0.72,0.06,0.07,0.06,0.03,0.07,0.07,0.04,0.07,0.11,0.08,0.43,0.48
PIK,2023,2023-04-19,pik_4141,,E2,Gregory,1040,4259,4097,3966,3154,2504,2211,2081,1950,1918,1885,1853,1853,4194,3317,2666,2341,2211,2113,2081,2015,2015,1983,0.02,0.28,0.6,0.82,0.93,1.02,1.05,1.11,1.11,1.15,0.07,0.07,0.09,0.09,0.1,0.13,0.13,0.11,0.14,0.14,1.21,2048,2211,1.08,0.93,0.88,0.88,0.76,0.05,0.05,0.06,0.06,0.06,0.08,0.08,0.06,0.08,0.07,0.52,0.54
PIK,2023,2023-04-19,pik_4199,,E2,Gregory,651,2341,2081,1983,1528,1170,1008,943,910,878,878,878,878,2178,1658,1301,1138,1041,1007,1008,975,976,975,0.07,0.41,0.8,1.06,1.25,1.32,1.32,1.4,1.4,1.4,0.13,0.12,0.17,0.2,0.18,0.18,0.24,0.19,0.19,0.23,1.37,1008,1041,1.32,1.25,0.92,0.93,0.72,0.09,0.08,0.1,0.11,0.09,0.1,0.13,0.1,0.1,0.1,0.48,0.5
PIK,2023,2023-04-19,pik_4231,,E2,Gregory,812,3543,3642,3544,2894,2276,1919,1789,1658,1626,1626,1626,1593,3674,3024,2406,2016,1886,1756,1789,1723,1724,1723,-0.04,0.17,0.47,0.76,0.88,1.02,0.98,1.06,1.06,1.06,0.05,0.06,0.08,0.07,0.08,0.09,0.14,0.09,0.09,0.15,1.29,1756,1886,1.02,0.88,0.86,0.86,0.77,0.04,0.04,0.05,0.05,0.05,0.06,0.09,0.06,0.06,0.08,0.54,0.55
PIK,2023,2023-04-19,pik_425,,E1,Qi,419,1206,977,768,499,448,419,428,409,398,408,399,408,878,568,498,489,478,479,479,478,478,498,0.37,1.12,1.42,1.47,1.52,1.52,1.52,1.52,1.52,1.42,0.22,0.26,0.23,0.33,0.25,0.34,0.4,0.34,0.39,0.5,1.39,529,568,1.28,1.12,0.92,0.9,0.65,0.13,0.12,0.1,0.14,0.1,0.15,0.17,0.15,0.17,0.18,0.42,0.42
PIK,2023,2023-04-19,pik_4393,,E2,Gregory,845,2016,1886,1820,1463,1171,1040,975,943,911,878,845,846,1951,1528,1236,1105,1040,1007,975,911,910,943,0.03,0.32,0.63,0.82,0.94,1,1.07,1.21,1.22,1.14,0.12,0.08,0.11,0.14,0.15,0.16,0.16,0.09,0.19,0.3,1.23,943,976,1.14,1.07,0.97,0.91,0.58,0.07,0.04,0.05,0.06,0.06,0.06,0.07,0.04,0.07,0.1,0.38,0.37
PIK,2023,2023-04-19,pik_4401,,E2,Gregory,618,2048,1854,1756,1170,975,878,845,781,780,813,780,813,1919,1268,1040,943,910,911,910,911,910,878,0.07,0.62,0.97,1.17,1.25,1.25,1.25,1.25,1.25,1.33,0.12,0.13,0.12,0.13,0.14,0.28,0.28,0.21,0.28,0.18,1.28,943,1041,1.17,0.97,0.8,0.87,0.7,0.08,0.08,0.06,0.07,0.07,0.14,0.14,0.11,0.14,0.07,0.41,0.47
PIK,2023,2023-04-19,pik_4411,,E2,Gregory,520,1723,1561,1463,1040,813,748,715,650,618,650,650,618,1626,1138,878,813,780,747,715,683,715,683,0.06,0.51,0.96,1.12,1.21,1.31,1.41,1.52,1.41,1.52,0.15,0.14,0.14,0.15,0.16,0.26,0.28,0.1,0.19,0.25,1.53,683,780,1.52,1.21,0.8,0.9,0.7,0.1,0.09,0.07,0.08,0.08,0.13,0.14,0.05,0.09,0.1,0.38,0.46
PIK,2023,2023-04-19,pik_4460,,E2,Gregory,943,4259,4031,3902,2991,2438,2211,2113,2080,2048,2016,2015,2016,4129,3186,2601,2406,2309,2276,2244,2211,2243,2211,0.03,0.34,0.64,0.77,0.84,0.87,0.9,0.93,0.9,0.93,0.07,0.08,0.09,0.12,0.13,0.13,0.13,0.14,0.16,0.17,1,2471,2698,0.72,0.58,0.96,0.96,0.78,0.05,0.06,0.06,0.08,0.08,0.09,0.09,0.09,0.1,0.09,0.64,0.66
PIK,2023,2023-04-19,pik_4480,,E2,Gregory,585,1885,1658,1528,911,747,683,651,650,650,618,651,618,1691,975,813,781,748,715,715,683,716,683,0.11,0.93,1.32,1.41,1.52,1.64,1.64,1.76,1.63,1.76,0.14,0.12,0.17,0.26,0.28,0.2,0.2,0.21,0.2,0.25,1.68,748,780,1.52,1.42,0.84,0.87,0.69,0.1,0.07,0.08,0.13,0.13,0.09,0.09,0.1,0.09,0.1,0.39,0.42
PIK,2023,2023-04-19,pik_4651,,E2,Gregory,715,2666,2471,2308,1625,1203,1073,976,976,911,943,911,878,2503,1723,1300,1138,1106,1041,1040,1041,1008,1008,0.07,0.55,1.05,1.34,1.41,1.56,1.56,1.56,1.64,1.64,0.11,0.09,0.13,0.11,0.22,0.12,0.24,0.18,0.19,0.33,1.81,1073,1170,1.48,1.28,0.87,0.87,0.73,0.08,0.06,0.07,0.06,0.12,0.06,0.12,0.09,0.1,0.13,0.45,0.47
PIK,2023,2023-04-19,pik_4739,,E2,Gregory,1138,5006,4714,4454,3543,2991,2763,2601,2536,2438,2406,2406,2374,4649,3706,3153,2893,2763,2698,2698,2633,2601,2601,0.08,0.35,0.59,0.73,0.81,0.86,0.86,0.9,0.92,0.92,0.06,0.06,0.08,0.07,0.09,0.09,0.15,0.13,0.12,0.16,0.99,2731,3024,0.83,0.66,0.97,0.98,0.77,0.04,0.04,0.05,0.04,0.06,0.06,0.1,0.09,0.07,0.09,0.63,0.66
PIK,2023,2023-04-19,pik_4784,,E2,Gregory,329,688,628,608,499,419,398,369,359,349,349,339,329,658,528,448,418,398,379,369,369,359,349,0.05,0.3,0.54,0.65,0.73,0.82,0.86,0.86,0.92,0.97,0.15,0.12,0.16,0.12,0.19,0.14,0.15,0.15,0.15,0.22,0.91,349,369,0.97,0.86,0.72,0.87,0.52,0.08,0.05,0.06,0.05,0.07,0.05,0.05,0.05,0.06,0.06,0.26,0.32
PIK,2023,2023-04-19,pik_4852,,E2,Gregory,585,1658,1398,1300,846,716,682,650,650,650,618,618,617,1463,976,813,780,780,747,715,716,715,715,0.13,0.7,1.04,1.13,1.13,1.22,1.32,1.32,1.32,1.32,0.18,0.26,0.25,0.27,0.36,0.29,0.21,0.31,0.31,0.38,1.27,780,813,1.13,1.04,0.9,0.85,0.65,0.11,0.13,0.12,0.13,0.17,0.13,0.09,0.14,0.14,0.14,0.42,0.4
PIK,2023,2023-04-19,pik_4893,,E2,Gregory,812,2959,2764,2634,1950,1658,1528,1398,1398,1333,1366,1398,1333,2829,2113,1821,1691,1626,1593,1495,1528,1528,1496,0.05,0.4,0.62,0.75,0.82,0.86,0.98,0.94,0.94,0.98,0.1,0.12,0.14,0.16,0.24,0.21,0.19,0.18,0.15,0.21,1.07,1625,1756,0.82,0.69,0.98,0.97,0.73,0.07,0.08,0.09,0.1,0.14,0.12,0.11,0.11,0.09,0.11,0.58,0.59
PIK,2023,2023-04-19,pik_730,,E1,Qi,269,787,618,518,349,300,279,269,269,259,249,260,259,599,389,349,310,309,309,300,289,290,290,0.31,1.02,1.26,1.54,1.55,1.55,1.62,1.72,1.71,1.71,0.23,0.21,0.3,0.23,0.3,0.3,0.32,0.33,0.25,0.38,1.39,309,339,1.55,1.32,0.83,0.78,0.66,0.14,0.1,0.14,0.1,0.13,0.13,0.14,0.14,0.1,0.11,0.36,0.35
PIK,2023,2023-04-20,pik_118,,E1,Gregory,419,1257,1036,918,598,528,498,478,459,458,439,439,429,1067,718,628,588,568,548,548,538,549,538,0.18,0.75,1,1.14,1.21,1.29,1.29,1.34,1.29,1.34,0.22,0.31,0.32,0.32,0.33,0.35,0.35,0.4,0.43,0.52,1.41,598,678,1.1,0.85,0.85,0.94,0.67,0.14,0.17,0.16,0.15,0.16,0.16,0.16,0.18,0.2,0.2,0.42,0.49
PIK,2023,2023-04-20,pik_122,,E1,Gregory,553,1528,1236,846,553,553,521,488,520,487,488,520,487,943,651,585,585,585,585,585,585,618,618,0.62,1.35,1.61,1.61,1.61,1.61,1.61,1.61,1.47,1.47,0.2,0.35,0.14,0.27,0.41,0.28,0.42,0.41,0.38,0.58,1.54,715,780,1.14,0.96,0.9,0.88,0.64,0.1,0.15,0.05,0.11,0.17,0.11,0.17,0.17,0.16,0.21,0.41,0.42
PIK,2023,2023-04-20,pik_1530,,E2,Malaika,585,1723,1203,1073,715,585,553,553,553,553,520,552,520,1203,813,682,650,683,651,617,618,617,585,0.43,1.12,1.53,1.65,1.52,1.65,1.79,1.79,1.79,1.95,0.19,0.25,0.33,0.35,0.44,0.36,0.25,0.39,0.26,0.33,1.31,650,682,1.65,1.53,0.83,0.98,0.66,0.11,0.12,0.14,0.15,0.19,0.15,0.1,0.16,0.11,0.11,0.35,0.43
PIK,2023,2023-04-20,pik_1620,,E2,Malaika,617,1885,1495,1333,845,748,715,683,650,617,585,618,585,1431,943,813,748,715,715,682,683,683,683,0.32,1,1.32,1.52,1.64,1.64,1.76,1.76,1.76,1.76,0.11,0.21,0.17,0.1,0.1,0.21,0.22,0.34,0.22,0.43,1.56,683,715,1.76,1.64,0.89,0.83,0.67,0.07,0.1,0.08,0.04,0.04,0.09,0.1,0.14,0.1,0.14,0.38,0.36
PIK,2023,2023-04-20,pik_1676,,E2,Malaika,37,1952,1659,1322,840,749,719,712,675,658,647,642,631,1467,938,836,807,810,776,759,758,755,749,0.33,1.08,1.33,1.42,1.41,1.52,1.57,1.58,1.59,1.61,0.1,0.11,0.11,0.11,0.13,0.14,0.14,0.15,0.16,0.45,1.63,817,897,1.39,1.18,0.41,0.45,0.98,0.1,0.1,0.1,0.11,0.12,0.13,0.13,0.15,0.15,0.16,0.39,0.44
PIK,2023,2023-04-20,pik_1826,,E2,Malaika,618,2178,1854,1333,715,618,553,488,521,488,455,455,487,1431,780,683,618,553,553,521,520,520,488,0.52,1.79,2.19,2.52,2.94,2.94,3.18,3.19,3.19,3.46,0.11,0.18,0.22,0.25,0.3,0.15,0.17,0.33,0.33,0.01,2.81,520,586,3.19,2.72,0.66,0.82,0.72,0.07,0.08,0.1,0.11,0.12,0.06,0.06,0.12,0.12,0,0.25,0.33
PIK,2023,2023-04-20,pik_1906,,E2,Malaika,31,47,793,593,417,401,389,385,383,384,386,375,374,671,465,449,440,441,439,443,442,436,442,-0.93,-0.9,-0.9,-0.89,-0.89,-0.89,-0.89,-0.89,-0.89,-0.89,0.13,0.12,0.13,0.14,0.15,0.15,0.16,0.15,0.17,0.56,1.12,482,495,-0.9,-0.91,0.37,0.38,0.34,0.12,0.1,0.11,0.12,0.13,0.13,0.13,0.13,0.14,0.15,0.31,0.32
PIK,2023,2023-04-20,pik_1972,,E2,Malaika,220,559,399,379,269,249,239,250,239,239,220,229,239,459,329,310,289,279,279,279,279,289,299,0.22,0.7,0.8,0.93,1,1,1,1,0.93,0.87,0.31,0.38,0.43,0.39,0.24,0.33,0.33,0.49,0.47,0.61,0.67,289,319,0.93,0.75,0.7,0.8,0.61,0.17,0.18,0.2,0.17,0.1,0.14,0.14,0.21,0.21,0.2,0.31,0.38
PIK,2023,2023-04-20,pik_2043,,E2,Malaika,683,1951,1528,1333,845,748,683,682,650,650,585,618,618,1463,975,813,780,780,748,715,715,682,715,0.33,1,1.4,1.5,1.5,1.61,1.73,1.73,1.86,1.73,0.15,0.28,0.18,0.29,0.29,0.32,0.22,0.45,0.24,0.37,1.47,780,813,1.5,1.4,0.98,0.92,0.65,0.09,0.13,0.08,0.12,0.13,0.13,0.09,0.18,0.09,0.14,0.42,0.4
PIK,2023,2023-04-20,pik_2106,,E2,Malaika,617,1300,1106,845,585,552,520,487,487,488,487,520,487,910,617,585,553,552,552,553,552,585,552,0.43,1.11,1.22,1.35,1.36,1.36,1.35,1.36,1.22,1.36,0.16,0.15,0.17,0.19,0.37,0.37,0.37,0.37,0.33,0.67,1.27,617,715,1.11,0.82,0.61,0.84,0.53,0.07,0.05,0.06,0.06,0.12,0.12,0.12,0.12,0.11,0.12,0.21,0.32
PIK,2023,2023-04-20,pik_2112,,E2,Malaika,553,1918,1593,1235,748,651,618,586,553,553,553,521,521,1333,813,683,683,650,618,618,618,618,586,0.44,1.36,1.81,1.81,1.95,2.1,2.1,2.1,2.1,2.27,0.12,0.16,0.1,0.2,0.22,0.24,0.24,0.24,0.35,0.33,2.06,650,748,1.95,1.56,0.77,0.89,0.71,0.07,0.08,0.05,0.1,0.1,0.11,0.11,0.11,0.16,0.11,0.35,0.44
PIK,2023,2023-04-20,pik_2261,,E2,Malaika,388,1067,797,668,418,369,379,349,339,329,368,339,319,747,478,479,429,399,388,379,408,398,389,0.43,1.23,1.23,1.49,1.67,1.75,1.82,1.62,1.68,1.74,0.19,0.29,0.52,0.28,0.32,0.32,0.34,0.24,0.38,0.58,1.5,408,459,1.62,1.32,0.9,0.96,0.64,0.11,0.13,0.23,0.12,0.13,0.13,0.13,0.1,0.15,0.18,0.36,0.41
PIK,2023,2023-04-20,pik_2403,,E2,Malaika,585,1755,1854,1789,1268,1105,1008,911,878,813,813,781,748,1983,1463,1202,1171,1041,1008,976,943,911,878,-0.11,0.2,0.46,0.5,0.69,0.74,0.8,0.86,0.93,1,0.14,0.21,0.14,0.24,0.23,0.24,0.32,0.27,0.28,0.36,1.48,878,943,1,0.86,0.89,0.87,0.67,0.1,0.13,0.08,0.14,0.12,0.13,0.17,0.14,0.14,0.15,0.44,0.45
PIK,2023,2023-04-20,pik_2671,,E1,Gregory,455,911,813,683,553,552,487,488,228,260,260,228,227,780,585,552,553,487,325,325,292,293,292,0.17,0.56,0.65,0.65,0.87,1.8,1.8,2.12,2.11,2.12,0.27,0.14,0,0.32,-0.01,1.13,0.76,0.45,0.91,1.02,2.58,260,292,2.5,2.12,1.12,1.37,0.5,0.12,0.05,0,0.12,0,0.3,0.2,0.11,0.22,0.22,0.25,0.33
PIK,2023,2023-04-20,pik_2811,,E2,Malaika,448,1177,1017,728,489,448,418,408,419,399,389,389,419,828,559,528,498,478,468,469,469,459,499,0.42,1.11,1.23,1.36,1.46,1.51,1.51,1.51,1.56,1.36,0.23,0.29,0.36,0.39,0.37,0.27,0.38,0.43,0.39,0.5,1.43,549,599,1.14,0.96,0.8,0.88,0.62,0.12,0.13,0.15,0.16,0.15,0.1,0.15,0.17,0.15,0.16,0.35,0.4
PIK,2023,2023-04-20,pik_2815,,E1,Gregory,359,927,798,628,369,299,299,319,299,299,289,279,279,698,408,319,339,359,339,339,339,329,339,0.33,1.27,1.91,1.73,1.58,1.73,1.73,1.73,1.82,1.73,0.18,0.23,0.18,0.32,0.29,0.32,0.32,0.4,0.42,0.55,1.86,369,379,1.51,1.45,0.91,0.87,0.61,0.1,0.1,0.06,0.12,0.11,0.12,0.12,0.15,0.15,0.18,0.35,0.34
PIK,2023,2023-04-20,pik_2964,,E2,Malaika,702,2212,1981,1754,1086,926,888,856,833,820,806,789,783,1916,1205,1041,1004,981,959,950,941,928,924,0.15,0.84,1.12,1.2,1.25,1.31,1.33,1.35,1.38,1.39,0.13,0.18,0.22,0.23,0.26,0.27,0.28,0.3,0.32,0.41,1.53,991,1083,1.23,1.04,0.86,0.9,0.68,0.08,0.1,0.11,0.12,0.13,0.13,0.14,0.14,0.15,0.15,0.42,0.46
PIK,2023,2023-04-20,pik_30,,E1,Gregory,715,2048,1724,1268,813,716,618,618,586,585,585,585,585,1333,878,716,716,683,651,683,650,650,650,0.54,1.33,1.86,1.86,2,2.15,2,2.15,2.15,2.15,0.09,0.17,0,0.35,0.25,0.27,0.37,0.27,0.27,0.33,1.95,715,813,1.86,1.52,0.92,0.94,0.65,0.05,0.07,0,0.14,0.1,0.1,0.14,0.1,0.1,0.1,0.36,0.4
PIK,2023,2023-04-20,pik_316,,E1,Gregory,429,1306,1057,767,488,449,439,419,419,409,409,409,419,847,559,519,489,479,478,479,479,469,489,0.54,1.34,1.52,1.67,1.73,1.73,1.73,1.73,1.78,1.67,0.17,0.27,0.3,0.24,0.29,0.29,0.34,0.34,0.3,0.44,1.52,548,599,1.38,1.18,0.87,0.83,0.67,0.09,0.13,0.13,0.1,0.13,0.12,0.15,0.15,0.13,0.14,0.4,0.4
PIK,2023,2023-04-20,pik_373,,E1,Gregory,682,2210,1918,1236,780,715,683,683,682,650,650,650,650,1333,846,780,780,780,780,780,780,812,812,0.66,1.61,1.83,1.83,1.83,1.83,1.83,1.83,1.72,1.72,0.13,0.17,0.19,0.28,0.28,0.28,0.38,0.38,0.44,0.55,1.95,975,1106,1.27,1,0.8,0.89,0.69,0.07,0.08,0.08,0.12,0.12,0.13,0.17,0.17,0.2,0.2,0.4,0.47
PIK,2023,2023-04-20,pik_402,,E1,Gregory,240,458,369,319,259,229,229,220,219,220,230,219,219,369,299,269,259,260,249,259,250,249,249,0.24,0.53,0.7,0.77,0.76,0.84,0.77,0.83,0.84,0.84,0.32,0.36,0.43,0.34,0.45,0.36,0.44,0.24,0.36,0.43,0.68,269,269,0.7,0.7,0.85,0.85,0.48,0.14,0.13,0.15,0.12,0.15,0.12,0.15,0.08,0.12,0.12,0.3,0.3
PIK,2023,2023-04-20,pik_413,,E1,Gregory,439,1296,1066,858,538,489,469,449,429,418,418,419,418,947,608,549,518,509,499,498,498,498,489,0.37,1.13,1.36,1.5,1.55,1.6,1.6,1.6,1.6,1.65,0.16,0.24,0.24,0.22,0.27,0.33,0.37,0.37,0.37,0.47,1.55,549,628,1.36,1.06,0.8,0.88,0.66,0.09,0.12,0.11,0.09,0.12,0.14,0.16,0.16,0.16,0.15,0.36,0.43
PIK,2023,2023-04-20,pik_619,,E1,Gregory,309,758,588,488,329,309,290,269,279,280,279,279,280,579,379,349,339,329,329,329,329,329,329,0.31,1,1.17,1.24,1.3,1.3,1.3,1.3,1.3,1.3,0.3,0.31,0.29,0.37,0.47,0.39,0.39,0.39,0.39,0.49,1.1,349,369,1.17,1.05,0.86,0.92,0.59,0.16,0.13,0.11,0.14,0.18,0.15,0.15,0.15,0.15,0.15,0.34,0.38
PIK,2023,2023-04-20,pik_739,,E1,Gregory,520,1853,1625,1268,683,586,585,553,520,553,488,488,520,1366,748,683,683,585,617,650,618,585,585,0.36,1.48,1.71,1.71,2.17,2,1.85,2,2.17,2.17,0.11,0.17,0.29,0.3,0.12,0.34,0.32,0.46,0.37,0.33,2.12,650,683,1.85,1.71,0.84,0.98,0.72,0.07,0.09,0.14,0.14,0.05,0.16,0.15,0.21,0.17,0.11,0.4,0.48
PIK,2023,2023-04-20,pik_748,,E1,Gregory,1073,3966,3609,2731,1691,1528,1431,1365,1333,1268,1235,1203,1203,2796,1820,1658,1528,1463,1463,1398,1398,1365,1365,0.42,1.18,1.39,1.6,1.71,1.71,1.84,1.84,1.91,1.91,0.04,0.13,0.15,0.12,0.13,0.18,0.19,0.24,0.25,0.31,2,1496,1723,1.65,1.3,0.86,0.94,0.73,0.02,0.07,0.08,0.06,0.07,0.09,0.09,0.12,0.12,0.12,0.44,0.51
PIK,2023,2023-04-20,pik_910,,E1,Gregory,390,942,748,618,455,390,390,357,390,357,391,358,358,716,520,455,422,422,488,423,391,422,390,0.32,0.81,1.07,1.23,1.23,0.93,1.23,1.41,1.23,1.42,0.26,0.28,0.35,0.2,0.4,0.47,0.4,0,0.39,0.33,1.09,422,455,1.23,1.07,0.79,0.88,0.59,0.14,0.12,0.14,0.08,0.15,0.2,0.16,0,0.15,0.08,0.31,0.36
PIK,2023,2023-04-20,pik_956,,E1,Gregory,449,1526,1346,1167,698,608,569,488,459,459,458,439,439,1256,778,678,638,558,539,528,539,519,539,0.21,0.96,1.25,1.39,1.73,1.83,1.89,1.83,1.94,1.83,0.11,0.19,0.2,0.22,0.27,0.32,0.29,0.33,0.34,0.43,2.07,539,608,1.83,1.51,0.93,1.01,0.71,0.07,0.1,0.1,0.11,0.13,0.15,0.13,0.15,0.15,0.19,0.43,0.49
PIK,2023,2023-04-20,pik_960,,E1,Gregory,429,1077,837,608,428,399,389,379,379,369,389,369,359,688,488,449,429,439,449,449,439,428,458,0.57,1.21,1.4,1.51,1.45,1.4,1.4,1.45,1.52,1.35,0.24,0.3,0.29,0.25,0.36,0.4,0.46,0.3,0.37,0.66,1.33,488,538,1.21,1,0.85,0.9,0.6,0.12,0.12,0.11,0.09,0.14,0.16,0.18,0.11,0.14,0.22,0.34,0.39
PIK,2023,2023-04-20,pik_981,,E1,Gregory,650,1951,1756,1333,781,618,585,552,553,520,488,488,487,1431,813,683,650,585,585,552,585,553,520,0.36,1.4,1.86,2,2.34,2.34,2.53,2.34,2.53,2.75,0.12,0.09,0.23,0.25,0.15,0.15,0.16,0.44,0.32,0.26,2.61,618,683,2.16,1.86,0.81,0.81,0.67,0.07,0.04,0.1,0.1,0.06,0.05,0.06,0.17,0.12,0.06,0.32,0.33
PIK,2023,2023-04-20,pik_984,,E1,Gregory,846,2764,2601,1983,1203,1040,976,942,911,845,845,846,943,2146,1301,1170,1138,1073,1040,1008,1008,1008,1138,0.29,1.12,1.36,1.43,1.58,1.66,1.74,1.74,1.74,1.43,0.12,0.15,0.23,0.29,0.26,0.27,0.36,0.36,0.36,0.4,1.76,1366,1658,1.02,0.67,0.86,0.95,0.69,0.08,0.08,0.11,0.14,0.12,0.12,0.16,0.16,0.16,0.17,0.45,0.55
PIK,2023,2023-05-05,pik_1620,,E2,Gregory,488,1268,1073,943,585,488,455,423,391,391,391,391,390,976,618,520,455,456,423,423,423,423,423,0.3,1.05,1.44,1.79,1.78,2,2,2,2,2,0.06,0.12,0.16,0,0.2,0.22,0.22,0.22,0.22,0.34,1.75,423,456,2,1.78,0.67,0.59,0.62,0.03,0.05,0.06,0,0.07,0.08,0.08,0.08,0.08,0.08,0.23,0.21
PIK,2023,2023-05-05,pik_1676,,E2,Gregory,617,1788,1528,1431,975,845,748,748,715,682,650,683,650,1528,1040,911,845,780,780,780,747,748,715,0.17,0.72,0.96,1.12,1.29,1.29,1.29,1.39,1.39,1.5,0.1,0.12,0.15,0.24,0.09,0.18,0.28,0.29,0.2,0.25,1.35,747,780,1.39,1.29,0.78,0.83,0.65,0.06,0.06,0.07,0.11,0.04,0.08,0.13,0.13,0.09,0.09,0.35,0.38
PIK,2023,2023-05-05,pik_1711,,E2,Gregory,747,3056,2666,2080,1268,1040,942,878,845,845,813,812,812,2276,1365,1170,1073,975,942,942,910,910,942,0.34,1.24,1.61,1.85,2.13,2.24,2.24,2.36,2.36,2.24,0.12,0.12,0.21,0.23,0.2,0.21,0.21,0.22,0.22,0.36,2.28,1008,1138,2.03,1.69,0.89,0.91,0.76,0.09,0.07,0.11,0.12,0.1,0.1,0.1,0.11,0.11,0.14,0.45,0.49
PIK,2023,2023-05-05,pik_1826,,E2,Gregory,489,828,767,688,578,548,528,519,518,518,509,509,508,698,598,558,548,539,528,538,529,539,548,0.19,0.38,0.48,0.51,0.54,0.57,0.54,0.57,0.54,0.51,0.04,0.1,0.06,0.12,0.12,0.06,0.12,0.12,0.18,0.31,0.51,558,568,0.48,0.46,0.79,0.76,0.41,0.01,0.03,0.02,0.04,0.04,0.02,0.04,0.04,0.06,0.07,0.25,0.25
PIK,2023,2023-05-05,pik_1859,,E2,Gregory,553,1984,1658,1333,781,683,618,585,553,586,586,553,553,1463,910,780,683,650,683,651,651,651,651,0.36,1.18,1.54,1.9,2.05,1.9,2.05,2.05,2.05,2.05,0.14,0.26,0.25,0.2,0.22,0.4,0.22,0.22,0.33,0.43,2,716,813,1.77,1.44,0.75,0.86,0.72,0.09,0.14,0.12,0.1,0.1,0.19,0.1,0.1,0.15,0.15,0.36,0.44
PIK,2023,2023-05-05,pik_1906,,E2,Gregory,299,807,668,548,348,300,289,279,269,259,239,259,249,608,388,339,319,299,289,289,289,289,289,0.33,1.08,1.38,1.53,1.7,1.79,1.79,1.79,1.79,1.79,0.18,0.23,0.28,0.23,0.17,0.18,0.27,0.46,0.27,0.57,1.68,319,349,1.53,1.31,0.7,0.74,0.63,0.1,0.1,0.12,0.09,0.07,0.07,0.1,0.17,0.1,0.14,0.28,0.32
PIK,2023,2023-05-05,pik_1972,,E2,Gregory,399,678,589,519,439,409,389,389,389,379,389,379,389,559,459,429,409,399,399,399,409,409,409,0.21,0.48,0.58,0.66,0.7,0.7,0.7,0.66,0.66,0.66,0.2,0.14,0.15,0.16,0.09,0.09,0.17,0.16,0.25,0.29,0.51,419,429,0.62,0.58,0.55,0.53,0.41,0.07,0.04,0.05,0.05,0.03,0.03,0.05,0.05,0.07,0.05,0.17,0.16
PIK,2023,2023-05-05,pik_2043,,E2,Gregory,520,1496,1203,878,585,487,488,487,487,488,487,487,520,943,618,552,553,553,552,552,553,552,553,0.59,1.42,1.71,1.71,1.71,1.71,1.71,1.71,1.71,1.71,0.13,0.12,0.29,0.29,0.29,0.29,0.28,0.29,0.29,0.25,1.31,650,682,1.3,1.19,0.78,0.83,0.65,0.07,0.05,0.12,0.12,0.12,0.12,0.12,0.12,0.12,0.06,0.35,0.38
PIK,2023,2023-05-05,pik_2106,,E2,Gregory,459,867,798,708,538,488,469,459,448,439,439,418,429,738,568,508,489,478,468,459,458,448,449,0.17,0.53,0.71,0.77,0.81,0.85,0.89,0.89,0.94,0.93,0.09,0.14,0.11,0.12,0.12,0.13,0.14,0.13,0.21,0.22,0.86,468,488,0.85,0.78,0.72,0.8,0.47,0.04,0.05,0.04,0.04,0.04,0.04,0.04,0.04,0.07,0.04,0.23,0.27
PIK,2023,2023-05-05,pik_2112,,E2,Gregory,521,1886,1691,1463,943,781,715,650,651,618,586,553,586,1560,1008,846,748,715,683,651,618,618,618,0.21,0.87,1.23,1.52,1.64,1.76,1.9,2.05,2.05,2.05,0.09,0.11,0.14,0.09,0.18,0.1,0.11,0.11,0.23,0.16,1.89,683,716,1.76,1.63,0.78,0.82,0.72,0.06,0.06,0.08,0.04,0.09,0.05,0.05,0.05,0.11,0.05,0.38,0.41
PIK,2023,2023-05-05,pik_2155,,E2,Gregory,618,2568,2145,1885,1203,1008,943,910,846,846,846,845,878,2048,1300,1105,1040,1040,1008,1008,976,975,1008,0.25,0.98,1.32,1.47,1.47,1.55,1.55,1.63,1.63,1.55,0.11,0.12,0.15,0.17,0.22,0.29,0.29,0.24,0.24,0.33,1.44,1138,1235,1.26,1.08,0.83,0.92,0.76,0.08,0.07,0.09,0.09,0.12,0.16,0.16,0.13,0.13,0.13,0.49,0.55
PIK,2023,2023-05-05,pik_2168,,E2,Gregory,845,4129,3804,3316,2114,1723,1593,1463,1365,1333,1268,1236,1203,3479,2244,1820,1658,1561,1495,1463,1431,1398,1366,0.19,0.84,1.27,1.49,1.65,1.76,1.82,1.89,1.95,2.02,0.06,0.09,0.08,0.06,0.11,0.15,0.15,0.2,0.2,0.28,2.16,1561,1788,1.65,1.31,0.84,0.93,0.8,0.05,0.06,0.05,0.04,0.06,0.09,0.09,0.11,0.12,0.12,0.5,0.58
PIK,2023,2023-05-05,pik_2403,,E2,Gregory,553,1398,1236,877,650,585,553,520,520,520,487,520,520,976,682,618,585,585,585,585,552,617,585,0.43,1.05,1.26,1.39,1.39,1.39,1.39,1.53,1.27,1.39,0.2,0.11,0.13,0.14,0.28,0.28,0.28,0.31,0.39,0.5,1.38,618,683,1.26,1.05,0.78,0.78,0.6,0.1,0.05,0.05,0.05,0.11,0.11,0.11,0.12,0.16,0.11,0.32,0.33
PIK,2023,2023-05-05,pik_2441,,E2,Gregory,520,1040,943,747,618,585,520,553,520,520,520,552,520,780,650,585,553,553,553,553,552,553,553,0.33,0.6,0.78,0.88,0.88,0.88,0.88,0.88,0.88,0.88,0.1,0.13,0,0.17,0,0.17,0.17,0.17,0.01,0.34,0.81,618,650,0.68,0.6,0.71,0.78,0.5,0.04,0.05,0,0.06,0,0.06,0.06,0.06,0,0.06,0.26,0.3
PIK,2023,2023-05-05,pik_2922,,E1,Qi,585,2081,1821,1398,877,715,683,651,618,585,618,585,586,1560,910,812,748,716,715,716,683,683,716,0.33,1.29,1.56,1.78,1.91,1.91,1.91,2.05,2.05,1.91,0.16,0.07,0.24,0.18,0.19,0.29,0.39,0.21,0.31,0.57,2.11,846,911,1.46,1.28,0.83,0.81,0.72,0.1,0.04,0.12,0.09,0.09,0.14,0.18,0.1,0.14,0.18,0.42,0.43
PIK,2023,2023-05-05,pik_3118,,E1,Qi,319,1047,827,698,458,399,369,359,339,339,349,339,339,797,518,459,429,419,409,399,408,398,399,0.31,1.02,1.28,1.44,1.5,1.56,1.62,1.57,1.63,1.62,0.2,0.22,0.26,0.29,0.3,0.36,0.32,0.31,0.32,0.4,1.44,419,449,1.5,1.33,0.85,0.9,0.7,0.12,0.12,0.13,0.14,0.14,0.17,0.15,0.14,0.15,0.15,0.41,0.45
PIK,2023,2023-05-05,pik_3131,,E1,Qi,456,1756,1528,1202,780,683,683,650,618,618,618,618,618,1365,878,813,748,748,716,748,748,780,780,0.29,1,1.16,1.35,1.35,1.45,1.35,1.35,1.25,1.25,0.17,0.19,0.28,0.16,0.24,0.25,0.32,0.32,0.37,0.45,1.47,845,910,1.08,0.93,0.86,0.9,0.74,0.12,0.11,0.16,0.09,0.13,0.14,0.17,0.17,0.21,0.21,0.5,0.54
PIK,2023,2023-05-05,pik_3273,,E1,Qi,553,1885,1723,1366,813,683,585,552,520,520,520,520,488,1431,813,715,650,585,552,552,552,552,553,0.32,1.32,1.64,1.9,2.22,2.41,2.41,2.41,2.41,2.41,0.07,0,0.09,0.22,0.13,0.14,0.14,0.14,0.14,0.4,2.53,618,682,2.05,1.76,0.72,0.82,0.71,0.05,0,0.04,0.1,0.06,0.06,0.06,0.06,0.06,0.12,0.32,0.38
PIK,2023,2023-05-05,pik_3356,,E1,Qi,456,1495,1333,975,618,520,520,455,455,455,422,422,455,1105,683,585,520,520,521,520,487,520,520,0.35,1.19,1.56,1.88,1.88,1.87,1.88,2.07,1.88,1.88,0.19,0.19,0.24,0,0.28,0.29,0.28,0.31,0.43,0.33,1.93,553,585,1.7,1.56,0.9,0.83,0.69,0.12,0.1,0.11,0,0.12,0.13,0.12,0.13,0.19,0.12,0.41,0.39
PIK,2023,2023-05-05,pik_3366,,E1,Qi,390,845,715,617,455,390,390,390,325,357,358,325,357,650,487,423,390,390,390,390,390,390,390,0.3,0.74,1,1.17,1.17,1.17,1.17,1.17,1.17,1.17,0.11,0.16,0.21,0,0,0.48,0.24,0.23,0.48,0.25,1,390,390,1.17,1.17,0.72,0.95,0.54,0.05,0.07,0.08,0,0,0.17,0.08,0.08,0.17,0.08,0.25,0.33
PIK,2023,2023-05-05,pik_373,,E2,Gregory,455,1430,1105,715,520,455,455,390,422,423,423,423,423,845,553,520,487,488,487,488,488,488,521,0.69,1.59,1.75,1.94,1.93,1.94,1.93,1.93,1.93,1.74,0.28,0.13,0.29,0.16,0.48,0.32,0.32,0.32,0.32,0.5,1.61,585,618,1.44,1.31,0.83,0.77,0.68,0.15,0.06,0.12,0.07,0.2,0.13,0.13,0.13,0.13,0.19,0.39,0.37
PIK,2023,2023-05-05,pik_3759,,E2,Gregory,369,1037,847,568,399,369,349,339,329,349,339,339,349,629,439,409,399,388,388,399,389,389,409,0.65,1.36,1.54,1.6,1.67,1.67,1.6,1.67,1.67,1.54,0.19,0.21,0.23,0.31,0.31,0.38,0.31,0.32,0.32,0.47,1.43,468,518,1.22,1,0.9,0.89,0.64,0.1,0.09,0.1,0.13,0.13,0.15,0.13,0.13,0.13,0.15,0.4,0.42
PIK,2023,2023-05-05,pik_3907,,E2,Gregory,553,1626,1398,943,618,553,553,552,520,520,520,552,553,1040,715,650,650,618,618,617,650,650,650,0.56,1.27,1.5,1.5,1.63,1.63,1.64,1.5,1.5,1.5,0.17,0.29,0.34,0.34,0.25,0.37,0.37,0.46,0.35,0.5,1.53,780,845,1.08,0.92,0.78,0.92,0.66,0.09,0.14,0.15,0.15,0.11,0.16,0.16,0.2,0.15,0.15,0.37,0.46
PIK,2023,2023-05-05,pik_3967,,E1,Qi,279,508,468,399,339,309,309,300,299,299,299,309,299,419,329,319,319,299,309,309,310,319,319,0.21,0.54,0.59,0.59,0.7,0.64,0.64,0.64,0.59,0.59,0.12,-0.09,0.09,0.09,-0.01,0.1,0.1,0.11,0.09,0.4,0.57,319,329,0.59,0.54,0.54,0.61,0.45,0.05,-0.03,0.03,0.03,0,0.03,0.03,0.04,0.03,0.06,0.18,0.21
PIK,2023,2023-05-05,pik_4006,,E2,Gregory,683,2049,1886,1463,943,781,748,683,650,618,650,618,617,1560,1008,846,748,715,683,683,683,683,682,0.31,1.03,1.42,1.74,1.87,2,2,2,2,2,0.1,0.13,0.17,0,0.11,0.12,0.24,0.12,0.24,0.33,2.06,748,812,1.74,1.52,0.83,0.91,0.67,0.06,0.06,0.08,0,0.04,0.05,0.1,0.05,0.1,0.1,0.35,0.4
PIK,2023,2023-05-05,pik_4025,,E2,Gregory,748,3479,3024,2276,1431,1203,1073,1008,976,911,910,910,878,2438,1528,1300,1170,1105,1073,1041,1073,1040,1040,0.43,1.28,1.68,1.97,2.15,2.24,2.34,2.24,2.35,2.35,0.09,0.1,0.13,0.15,0.16,0.17,0.24,0.29,0.24,0.38,2.44,1203,1431,1.89,1.43,0.87,0.98,0.78,0.07,0.06,0.07,0.08,0.09,0.09,0.12,0.15,0.12,0.16,0.49,0.59
PIK,2023,2023-05-05,pik_4043,,E2,Gregory,845,3771,3413,2959,1951,1626,1430,1268,1203,1105,1072,1040,1073,3186,2113,1788,1593,1463,1366,1268,1236,1235,1202,0.18,0.78,1.11,1.37,1.58,1.76,1.97,2.05,2.05,2.14,0.1,0.12,0.15,0.17,0.23,0.21,0.24,0.25,0.3,0.26,2.18,1365,1560,1.76,1.42,0.9,0.95,0.78,0.07,0.08,0.09,0.1,0.13,0.12,0.13,0.13,0.16,0.11,0.5,0.56
PIK,2023,2023-05-05,pik_4086,,E1,Qi,423,1333,1040,780,487,422,423,357,390,357,390,390,390,878,585,487,455,423,422,422,423,455,423,0.52,1.28,1.74,1.93,2.15,2.16,2.16,2.15,1.93,2.15,0.19,0.34,0.3,0.17,0.38,0.19,0.38,0.19,0.34,0.25,1.67,488,520,1.73,1.56,0.91,0.82,0.68,0.11,0.17,0.13,0.07,0.16,0.08,0.15,0.08,0.14,0.08,0.4,0.38
PIK,2023,2023-05-05,pik_4141,,E2,Gregory,269,658,488,379,279,249,239,239,239,239,239,239,239,448,309,289,289,279,269,269,279,279,269,0.47,1.13,1.28,1.28,1.36,1.45,1.45,1.36,1.36,1.45,0.31,0.24,0.36,0.45,0.38,0.3,0.3,0.38,0.38,0.43,1.04,299,319,1.2,1.06,0.75,0.76,0.59,0.15,0.1,0.14,0.17,0.14,0.11,0.11,0.14,0.14,0.11,0.3,0.31
PIK,2023,2023-05-05,pik_4231,,E1,Qi,339,817,628,508,359,319,289,279,269,280,270,259,269,568,379,339,319,299,309,290,290,289,289,0.44,1.16,1.41,1.56,1.73,1.64,1.82,1.82,1.83,1.83,0.21,0.13,0.16,0.26,0.2,0.37,0.1,0.21,0.31,0.33,1.33,289,309,1.83,1.64,0.52,0.65,0.59,0.11,0.05,0.06,0.09,0.07,0.13,0.03,0.07,0.1,0.07,0.17,0.23
PIK,2023,2023-05-05,pik_4393,,E1,Qi,359,867,718,638,468,409,389,369,359,348,349,349,339,717,508,439,419,399,389,378,369,369,369,0.21,0.71,0.97,1.07,1.17,1.23,1.29,1.35,1.35,1.35,0.2,0.17,0.16,0.18,0.19,0.2,0.21,0.14,0.14,0.33,1.12,369,389,1.35,1.23,0.65,0.66,0.59,0.11,0.08,0.07,0.07,0.08,0.08,0.08,0.05,0.05,0.08,0.24,0.26
PIK,2023,2023-05-05,pik_4401,,E1,Qi,369,1236,957,827,568,529,518,508,519,518,518,519,519,977,678,638,638,638,638,648,658,668,678,0.27,0.82,0.94,0.94,0.94,0.94,0.91,0.88,0.85,0.82,0.24,0.29,0.31,0.34,0.37,0.34,0.36,0.38,0.4,0.47,0.84,718,768,0.72,0.61,0.94,0.96,0.7,0.15,0.16,0.17,0.19,0.2,0.19,0.2,0.21,0.22,0.23,0.54,0.57
PIK,2023,2023-05-05,pik_4411,,E1,Qi,319,488,439,429,379,339,329,319,319,309,309,299,309,449,379,349,329,339,329,319,319,319,319,0.09,0.29,0.4,0.48,0.44,0.48,0.53,0.53,0.53,0.53,0.14,0,0.1,0,0.22,0.12,0.12,0.12,0.24,0.25,0.42,319,339,0.53,0.44,0.49,0.66,0.35,0.04,0,0.03,0,0.06,0.03,0.03,0.03,0.06,0.03,0.13,0.18
PIK,2023,2023-05-05,pik_4460,,E1,Qi,650,2178,1918,1560,942,747,683,650,650,650,650,650,650,1690,1008,845,780,747,748,747,748,780,748,0.29,1.16,1.58,1.79,1.92,1.91,1.92,1.91,1.79,1.91,0.12,0.13,0.24,0.27,0.29,0.29,0.29,0.29,0.36,0.43,1.95,846,943,1.57,1.31,0.81,0.89,0.7,0.08,0.07,0.12,0.12,0.13,0.13,0.13,0.13,0.17,0.13,0.39,0.45
PIK,2023,2023-05-05,pik_4480,,E1,Qi,270,419,369,339,289,269,259,259,259,259,250,250,240,369,299,279,269,259,259,259,260,250,259,0.14,0.4,0.5,0.56,0.62,0.62,0.62,0.61,0.68,0.62,0.25,0.12,0.13,0.14,0,0,0,0.15,0,0.66,0.54,269,269,0.56,0.56,0.57,0.57,0.36,0.08,0.03,0.04,0.04,0,0,0,0.04,0,0.07,0.15,0.15
PIK,2023,2023-05-05,pik_4651,,E1,Qi,439,1356,1206,1057,668,538,478,458,428,418,409,409,399,1136,718,578,528,498,458,448,438,428,429,0.19,0.89,1.35,1.57,1.72,1.96,2.03,2.1,2.17,2.16,0.11,0.13,0.15,0.21,0.19,0.16,0.16,0.16,0.11,0.27,2.02,448,478,2.03,1.84,0.65,0.74,0.68,0.07,0.07,0.07,0.09,0.08,0.07,0.07,0.07,0.04,0.07,0.27,0.31
PIK,2023,2023-05-05,pik_4739,,E1,Qi,552,2276,1886,1431,910,780,747,715,715,715,715,715,747,1593,975,877,877,845,877,878,910,942,910,0.43,1.33,1.6,1.6,1.69,1.6,1.59,1.5,1.42,1.5,0.15,0.12,0.2,0.27,0.29,0.34,0.34,0.39,0.43,0.39,1.52,1040,1137,1.19,1,0.9,0.94,0.76,0.1,0.07,0.11,0.15,0.15,0.18,0.19,0.21,0.24,0.18,0.53,0.57
PIK,2023,2023-05-05,pik_4784,,E1,Qi,488,1788,1561,1365,845,683,651,585,586,553,553,553,553,1495,943,781,683,683,618,618,618,618,618,0.2,0.9,1.29,1.62,1.62,1.89,1.89,1.89,1.89,1.89,0.13,0.18,0.23,0.09,0.28,0.11,0.22,0.22,0.22,0.33,1.82,650,715,1.75,1.5,0.81,0.7,0.73,0.09,0.1,0.13,0.05,0.14,0.05,0.11,0.11,0.11,0.11,0.4,0.36
PIK,2023,2023-05-05,pik_4852,,E1,Qi,520,2016,1723,1366,813,683,618,586,553,553,521,521,521,1496,911,748,683,651,651,618,618,618,618,0.35,1.21,1.7,1.95,2.1,2.1,2.26,2.26,2.26,2.26,0.13,0.19,0.17,0.19,0.21,0.31,0.22,0.33,0.33,0.43,2.31,683,748,1.95,1.7,0.77,0.93,0.74,0.09,0.11,0.09,0.1,0.1,0.15,0.11,0.16,0.16,0.16,0.38,0.48
PIK,2023,2023-05-05,pik_4893,,E1,Qi,553,1755,1496,1170,715,617,585,520,488,455,487,520,488,1268,780,618,585,553,553,552,552,552,520,0.38,1.25,1.84,2,2.17,2.17,2.18,2.18,2.18,2.38,0.13,0.17,0,0,0.15,0.29,0.43,0.29,0.14,0.25,2.07,552,650,2.18,1.7,0.72,0.9,0.68,0.08,0.08,0,0,0.06,0.12,0.18,0.12,0.06,0.06,0.29,0.4
PIK,2023,2023-05-05,pik_5256,,E1,Qi,487,1853,1593,1365,845,682,650,585,585,585,585,585,552,1528,910,780,747,683,683,650,618,617,650,0.21,1.04,1.38,1.48,1.71,1.71,1.85,2,2,1.85,0.15,0.12,0.23,0.24,0.28,0.28,0.2,0.11,0.11,0.38,1.89,682,748,1.72,1.48,0.84,0.82,0.74,0.11,0.07,0.13,0.13,0.14,0.14,0.1,0.05,0.05,0.15,0.43,0.44
PIK,2023,2023-05-05,pik_5334,,E1,Qi,399,1326,1047,768,479,429,389,378,359,359,358,369,359,868,529,459,439,428,428,419,419,429,419,0.53,1.51,1.89,2.02,2.1,2.1,2.16,2.16,2.09,2.16,0.19,0.2,0.15,0.26,0.27,0.38,0.34,0.34,0.33,0.5,1.92,469,509,1.83,1.61,0.8,0.79,0.7,0.12,0.09,0.07,0.11,0.12,0.16,0.14,0.15,0.14,0.14,0.36,0.37
PIK,2023,2023-05-05,pik_5366,,E1,Qi,199,399,309,279,209,200,180,180,180,189,179,189,189,319,239,220,210,210,219,219,219,209,219,0.25,0.67,0.81,0.9,0.9,0.82,0.82,0.82,0.91,0.82,0.28,0.33,0.25,0.41,0.41,0.5,0.39,0.51,0.28,0.5,0.63,230,240,0.73,0.66,0.72,0.88,0.5,0.13,0.13,0.09,0.14,0.14,0.18,0.14,0.18,0.1,0.14,0.27,0.33
PIK,2023,2023-05-05,pik_5408,,E1,Qi,618,2438,2113,1560,878,780,682,650,650,650,650,618,650,1626,975,845,747,715,715,683,715,715,715,0.5,1.5,1.89,2.26,2.41,2.41,2.57,2.41,2.41,2.41,0.06,0.18,0.15,0.18,0.2,0.2,0.11,0.2,0.29,0.29,2.25,845,943,1.89,1.59,0.76,0.91,0.75,0.04,0.1,0.08,0.09,0.09,0.09,0.05,0.09,0.14,0.09,0.38,0.48
PIK,2023,2023-05-05,pik_5454,,E1,Qi,239,588,499,429,299,269,269,259,249,259,249,249,250,459,329,299,289,279,280,269,289,280,280,0.28,0.79,0.97,1.03,1.11,1.1,1.19,1.03,1.1,1.1,0.12,0.2,0.24,0.17,0.18,0.27,0.09,0.33,0.27,0.38,1,290,289,1.03,1.03,0.74,0.74,0.59,0.07,0.09,0.1,0.07,0.07,0.11,0.04,0.14,0.11,0.11,0.31,0.31
PIK,2023,2023-05-05,pik_5470,,E1,Qi,240,578,469,429,309,279,269,259,259,239,240,249,229,489,349,309,299,289,279,269,270,269,269,0.18,0.66,0.87,0.93,1,1.07,1.15,1.14,1.15,1.15,0.23,0.25,0.23,0.24,0.25,0.18,0.28,0.28,0.19,0.67,1.05,279,279,1.07,1.07,0.62,0.62,0.58,0.12,0.11,0.1,0.1,0.1,0.07,0.11,0.11,0.07,0.15,0.25,0.25
PIK,2023,2023-05-05,pik_5586,,E1,Qi,455,1398,1138,780,488,422,390,390,390,390,390,390,390,878,520,487,455,455,455,455,455,455,455,0.59,1.69,1.87,2.07,2.07,2.07,2.07,2.07,2.07,2.07,0.2,0.14,0.32,0.35,0.35,0.35,0.35,0.35,0.35,0.5,1.92,552,618,1.53,1.26,0.78,0.77,0.67,0.11,0.06,0.13,0.14,0.14,0.14,0.14,0.14,0.14,0.14,0.35,0.37
PIK,2023,2023-05-05,pik_5589,,E1,Qi,439,1486,1227,897,568,509,489,478,458,438,458,448,449,1007,658,578,559,548,528,538,538,538,548,0.48,1.26,1.57,1.66,1.71,1.81,1.76,1.76,1.76,1.71,0.18,0.27,0.25,0.26,0.27,0.29,0.4,0.32,0.36,0.52,1.73,628,678,1.37,1.19,0.92,0.9,0.7,0.11,0.14,0.12,0.13,0.13,0.13,0.19,0.15,0.17,0.18,0.46,0.47
PIK,2023,2023-05-05,pik_5617,,E1,Qi,319,599,539,458,379,359,349,329,329,329,329,329,319,468,389,379,349,359,349,349,339,349,339,0.28,0.54,0.58,0.72,0.67,0.72,0.72,0.77,0.72,0.77,0.05,0.07,0.15,0,0.24,0.17,0.17,0.09,0.17,0.34,0.69,359,379,0.67,0.58,0.57,0.73,0.47,0.02,0.03,0.05,0,0.08,0.06,0.06,0.03,0.06,0.06,0.19,0.26
PIK,2023,2023-05-05,pik_5666,,E1,Qi,219,588,449,409,280,249,229,219,209,209,199,199,200,469,319,269,249,239,239,229,219,219,230,0.25,0.84,1.19,1.36,1.46,1.46,1.57,1.68,1.68,1.56,0.22,0.26,0.17,0.19,0.21,0.31,0.22,0.24,0.24,0.5,1.25,229,249,1.57,1.36,0.54,0.77,0.63,0.13,0.12,0.07,0.08,0.08,0.13,0.09,0.09,0.09,0.13,0.21,0.32
PIK,2023,2023-05-05,pik_619,,E2,Gregory,349,947,728,598,449,429,418,429,428,439,429,418,428,717,538,529,528,528,538,539,538,538,538,0.32,0.76,0.79,0.79,0.79,0.76,0.76,0.76,0.76,0.76,0.29,0.34,0.39,0.43,0.38,0.41,0.38,0.41,0.45,0.48,0.7,578,618,0.64,0.53,0.91,0.95,0.63,0.17,0.17,0.19,0.21,0.19,0.2,0.19,0.2,0.22,0.2,0.47,0.5
PIK,2023,2023-05-05,pik_910,,E2,Gregory,748,2503,2179,1821,1105,845,748,715,682,650,650,650,683,1919,1138,910,813,747,715,715,715,715,715,0.3,1.2,1.75,2.08,2.35,2.5,2.5,2.5,2.5,2.5,0.08,0.06,0.16,0.18,0.1,0.12,0.23,0.23,0.23,0.16,2.19,813,878,2.08,1.85,0.74,0.82,0.7,0.05,0.03,0.07,0.08,0.04,0.05,0.09,0.09,0.09,0.04,0.32,0.37
PIK,2023,2023-05-05,pik_956,,E2,Gregory,552,1593,1301,1073,715,618,586,585,552,552,520,552,520,1203,781,715,650,651,618,650,617,650,618,0.32,1.04,1.23,1.45,1.45,1.58,1.45,1.58,1.45,1.58,0.18,0.18,0.3,0.23,0.23,0.25,0.35,0.37,0.35,0.5,1.5,683,682,1.33,1.34,0.96,0.96,0.65,0.11,0.08,0.14,0.1,0.1,0.11,0.15,0.16,0.15,0.16,0.43,0.43
PIK,2023,2023-05-05,pik_960,,E2,Gregory,715,2666,2178,1625,1041,877,845,845,812,813,845,878,878,1723,1073,975,976,943,943,1008,1008,975,1040,0.55,1.48,1.73,1.73,1.83,1.83,1.64,1.64,1.73,1.56,0.09,0.06,0.2,0.27,0.21,0.28,0.38,0.32,0.2,0.36,1.48,1138,1203,1.34,1.22,0.9,0.93,0.73,0.06,0.03,0.1,0.13,0.1,0.14,0.19,0.16,0.1,0.16,0.49,0.51
PIK,2023,2023-05-06,pik_118,,E2,Gregory,349,488,409,349,279,269,269,270,260,260,260,259,259,369,309,289,279,290,270,270,270,279,280,0.32,0.58,0.69,0.75,0.68,0.81,0.81,0.81,0.75,0.74,0.23,0.48,0.36,0.19,0.36,0.21,0.21,0.21,0.39,0.52,0.58,279,290,0.75,0.68,0.75,0.74,0.28,0.05,0.1,0.07,0.04,0.07,0.04,0.04,0.04,0.07,0.08,0.14,0.14
PIK,2023,2023-05-06,pik_122,,E2,Gregory,617,1626,1268,650,488,455,455,455,455,455,455,488,488,683,520,488,488,455,520,520,553,520,553,1.38,2.13,2.33,2.33,2.57,2.13,2.13,1.94,2.13,1.94,0.12,0.18,0.21,0.21,0,0.36,0.36,0.5,0.18,0.4,1.6,682,747,1.38,1.18,0.82,0.91,0.62,0.05,0.06,0.07,0.07,0,0.12,0.12,0.18,0.06,0.12,0.33,0.39
PIK,2023,2023-05-06,pik_1290,,E2,Gregory,976,3739,3089,1268,846,748,780,748,716,716,748,715,748,1333,910,845,813,813,813,813,813,813,813,1.8,3.11,3.42,3.6,3.6,3.6,3.6,3.6,3.6,3.6,0.1,0.17,0.29,0.11,0.21,0.31,0.31,0.21,0.32,0.29,3.13,1268,1561,1.95,1.4,0.89,0.96,0.74,0.05,0.07,0.11,0.04,0.08,0.12,0.12,0.08,0.12,0.08,0.44,0.52
PIK,2023,2023-05-06,pik_13,,E2,Gregory,878,2959,2634,1495,910,813,780,780,813,813,813,813,813,1528,943,878,845,845,911,878,878,878,878,0.94,2.14,2.37,2.5,2.5,2.25,2.37,2.37,2.37,2.37,0.04,0.08,0.18,0.19,0.19,0.25,0.18,0.18,0.18,0.29,2.24,1203,1398,1.46,1.12,0.88,0.92,0.7,0.02,0.03,0.07,0.08,0.08,0.11,0.07,0.07,0.07,0.07,0.43,0.49
PIK,2023,2023-05-06,pik_1306,,E2,Gregory,650,1593,1235,585,423,390,390,390,390,423,422,422,423,618,455,423,455,455,455,455,455,455,455,1.58,2.5,2.77,2.5,2.5,2.5,2.5,2.5,2.5,2.5,0.15,0.24,0.28,0.49,0.49,0.49,0.24,0.25,0.25,0.49,1.92,585,650,1.72,1.45,0.8,0.94,0.59,0.05,0.07,0.08,0.14,0.14,0.14,0.07,0.07,0.07,0.07,0.28,0.35
PIK,2023,2023-05-06,pik_1436,,E2,Gregory,747,2340,1886,812,552,552,520,552,552,553,585,585,585,845,585,585,585,617,585,618,650,683,650,1.77,3,3,3,2.79,3,2.79,2.6,2.43,2.6,0.09,0.16,0.16,0.32,0.29,0.16,0.29,0.27,0.37,0.4,2.22,943,1073,1.48,1.18,0.89,0.98,0.68,0.04,0.06,0.06,0.11,0.11,0.06,0.11,0.1,0.14,0.1,0.41,0.48
PIK,2023,2023-05-06,pik_1530,,E2,Gregory,683,1495,1236,813,618,585,585,553,553,552,553,553,553,845,651,651,650,618,617,585,585,585,585,0.77,1.3,1.3,1.3,1.42,1.42,1.56,1.56,1.56,1.56,0.09,0.15,0.3,0.29,0.32,0.32,0.18,0.17,0.17,0.25,1.24,683,683,1.19,1.19,0.81,0.81,0.54,0.04,0.05,0.1,0.1,0.11,0.1,0.06,0.05,0.05,0.05,0.29,0.29
PIK,2023,2023-05-06,pik_2261,,E2,Gregory,459,628,519,418,339,329,309,309,309,309,309,299,309,428,359,339,329,329,329,319,319,319,309,0.47,0.75,0.85,0.91,0.91,0.91,0.97,0.97,0.97,1.03,0.12,0.32,0.18,0.38,0.38,0.38,0.2,0.2,0.4,0,0.68,329,329,0.91,0.91,0.56,0.56,0.27,0.02,0.06,0.03,0.06,0.06,0.06,0.03,0.03,0.06,0,0.09,0.09
PIK,2023,2023-05-06,pik_2274,,E2,Gregory,269,349,299,249,229,209,209,210,209,219,209,210,210,269,239,229,229,219,229,229,229,220,220,0.3,0.46,0.52,0.52,0.59,0.52,0.52,0.52,0.59,0.59,0.4,0.25,0.53,0.53,0.26,0.53,0.27,0.53,0.29,0.5,0.42,240,230,0.45,0.52,0.74,0.53,0.23,0.07,0.04,0.09,0.09,0.04,0.09,0.04,0.09,0.05,0.05,0.12,0.09
PIK,2023,2023-05-06,pik_2671,,E1,Qi,249,479,369,289,229,220,200,209,209,219,210,209,219,329,249,229,230,239,230,240,249,240,249,0.46,0.92,1.09,1.08,1,1.08,1,0.92,1,0.92,0.31,0.25,0.13,0.42,0.4,0.3,0.28,0.48,0.41,0.5,0.68,269,289,0.78,0.66,0.76,0.76,0.48,0.12,0.08,0.04,0.13,0.13,0.09,0.09,0.16,0.13,0.12,0.26,0.27
PIK,2023,2023-05-06,pik_2760,,E1,Qi,269,398,330,279,230,220,209,209,199,199,200,200,210,289,250,230,229,230,229,219,220,209,220,0.38,0.59,0.73,0.74,0.73,0.74,0.82,0.81,0.9,0.81,0.13,0.35,0.2,0.4,0.42,0.61,0.44,0.43,0.21,0.33,0.57,230,240,0.73,0.66,0.8,0.95,0.32,0.03,0.08,0.04,0.09,0.09,0.13,0.09,0.09,0.04,0.05,0.17,0.21
PIK,2023,2023-05-06,pik_2811,,E1,Qi,319,558,469,359,299,279,279,280,279,269,279,269,269,389,329,319,309,309,299,299,299,299,309,0.43,0.7,0.75,0.81,0.81,0.87,0.87,0.87,0.87,0.81,0.22,0.3,0.42,0.33,0.32,0.23,0.35,0.23,0.35,0.8,0.74,329,349,0.7,0.6,0.79,0.81,0.43,0.08,0.09,0.13,0.1,0.09,0.07,0.1,0.07,0.1,0.13,0.24,0.26
PIK,2023,2023-05-06,pik_2815,,E1,Qi,319,608,489,409,348,319,319,319,309,309,299,299,309,458,369,339,329,319,329,329,329,329,329,0.33,0.65,0.79,0.85,0.91,0.85,0.85,0.85,0.85,0.85,0.26,0.16,0.18,0.09,0,0.18,0.18,0.28,0.28,0.33,0.58,339,369,0.79,0.65,0.7,0.76,0.48,0.11,0.06,0.06,0.03,0,0.06,0.06,0.09,0.09,0.06,0.24,0.27
PIK,2023,2023-05-06,pik_2851,,E1,Qi,379,509,449,399,349,319,309,299,309,299,299,289,289,409,349,329,329,319,309,309,309,309,299,0.24,0.46,0.55,0.55,0.6,0.65,0.65,0.65,0.65,0.7,0.11,0,0.17,0.33,0.35,0,0.19,0.19,0.38,0.33,0.55,299,299,0.7,0.7,0.4,0.4,0.26,0.02,0,0.03,0.06,0.06,0,0.03,0.03,0.06,0.03,0.07,0.07
PIK,2023,2023-05-06,pik_2964,,E1,Qi,650,1885,1398,683,521,488,520,488,488,520,487,520,520,748,586,553,553,553,553,585,585,585,586,1.52,2.22,2.41,2.41,2.41,2.41,2.22,2.22,2.22,2.22,0.2,0.3,0.33,0.17,0.33,0.33,0.3,0.45,0.3,0.4,1.69,748,845,1.52,1.23,0.91,0.92,0.66,0.09,0.11,0.12,0.06,0.12,0.12,0.11,0.17,0.11,0.11,0.39,0.42
PIK,2023,2023-05-06,pik_30,,E2,Gregory,780,1821,1496,910,748,650,650,617,650,617,617,617,618,943,780,650,650,650,650,617,650,618,650,0.93,1.33,1.8,1.8,1.8,1.8,1.95,1.8,1.95,1.8,0.09,0.11,0,0,0.16,0,0,0.16,0.01,0.25,1.42,683,715,1.67,1.55,0.57,0.66,0.57,0.03,0.04,0,0,0.05,0,0,0.05,0,0.05,0.19,0.23
PIK,2023,2023-05-06,pik_316,,E2,Gregory,650,1658,1365,813,586,553,520,520,521,553,520,520,520,813,618,586,553,585,586,553,585,585,617,1.04,1.68,1.83,2,1.83,1.83,2,1.83,1.83,1.69,0,0.14,0.16,0.18,0.31,0.31,0,0.31,0.31,0.6,1.62,683,780,1.43,1.13,0.86,0.89,0.61,0,0.05,0.06,0.06,0.11,0.11,0,0.11,0.11,0.16,0.33,0.38
PIK,2023,2023-05-06,pik_3192,,E1,Qi,359,827,579,329,260,250,259,260,270,259,269,269,269,339,289,279,289,299,299,289,309,309,309,1.44,1.86,1.96,1.86,1.77,1.77,1.86,1.68,1.68,1.68,0.08,0.32,0.34,0.33,0.41,0.3,0.33,0.4,0.4,0.5,1.15,349,369,1.37,1.24,0.89,0.88,0.57,0.03,0.1,0.1,0.1,0.13,0.1,0.1,0.13,0.13,0.13,0.32,0.32
PIK,2023,2023-05-06,pik_3282,,E1,Qi,455,976,780,455,358,325,325,325,357,325,325,325,358,488,390,357,357,357,358,390,390,358,358,1,1.5,1.73,1.73,1.73,1.73,1.5,1.5,1.73,1.73,0.19,0.26,0.3,0.3,0.3,0.01,0.53,0.53,0.31,0,1.18,423,487,1.31,1,0.47,0.73,0.53,0.07,0.08,0.09,0.09,0.09,0,0.17,0.17,0.09,0,0.16,0.27
PIK,2023,2023-05-06,pik_3321,,E1,Qi,429,1187,877,459,369,379,369,369,369,369,379,369,349,518,419,419,419,429,429,419,439,429,438,1.29,1.83,1.83,1.83,1.77,1.77,1.83,1.7,1.77,1.71,0.26,0.31,0.25,0.31,0.36,0.36,0.31,0.35,0.36,0.69,1.51,548,638,1.17,0.86,0.89,0.99,0.64,0.11,0.12,0.1,0.12,0.14,0.14,0.12,0.14,0.14,0.2,0.4,0.48
PIK,2023,2023-05-06,pik_3437,,E1,Qi,617,1268,1008,520,455,455,455,422,455,455,455,455,455,553,488,488,488,487,520,520,488,487,520,1.29,1.6,1.6,1.6,1.6,1.44,1.44,1.6,1.6,1.44,0.19,0.23,0.23,0.23,0.46,0.41,0.41,0.23,0.23,0.5,1.22,650,683,0.95,0.86,0.85,0.92,0.51,0.06,0.07,0.07,0.07,0.13,0.12,0.12,0.07,0.07,0.12,0.3,0.33
PIK,2023,2023-05-06,pik_3484,,E1,Qi,448,797,618,429,339,319,310,329,329,349,339,369,378,449,359,339,339,349,359,369,379,408,408,0.78,1.22,1.35,1.35,1.28,1.22,1.16,1.1,0.95,0.95,0.15,0.21,0.24,0.34,0.23,0.32,0.2,0.39,0.34,0.43,0.63,488,528,0.63,0.51,0.7,0.83,0.44,0.04,0.06,0.06,0.09,0.06,0.08,0.05,0.11,0.1,0.07,0.23,0.28
PIK,2023,2023-05-06,pik_3505,,E2,Gregory,379,479,469,448,379,339,319,309,309,289,279,279,269,458,389,349,339,319,309,299,289,289,289,0.05,0.23,0.37,0.41,0.5,0.55,0.6,0.66,0.66,0.66,0.11,0.15,0.18,0.37,0.21,0,0.24,0.25,0.25,0.67,0.74,289,289,0.66,0.66,0.25,0,0.21,0.02,0.03,0.03,0.06,0.03,0,0.03,0.03,0.03,0.07,0.03,0
PIK,2023,2023-05-06,pik_3628,,E1,Qi,279,419,339,259,209,199,209,199,199,189,199,210,210,279,219,219,209,209,219,219,220,230,230,0.5,0.91,0.91,1,1,0.91,0.91,0.9,0.82,0.82,0.29,0.22,0.44,0,0.24,0.44,0.66,0.46,0.4,0.5,0.61,229,249,0.83,0.68,0.61,0.87,0.33,0.07,0.05,0.09,0,0.05,0.09,0.14,0.1,0.09,0.09,0.13,0.2
PIK,2023,2023-05-06,pik_402,,E2,Gregory,715,2178,1788,943,618,585,552,585,585,585,585,617,585,1008,715,617,617,618,617,617,682,650,682,1.16,2.05,2.53,2.53,2.52,2.53,2.53,2.19,2.35,2.19,0.13,0.34,0.14,0.29,0.15,0.14,0.14,0.36,0.13,0.5,2.06,910,1041,1.39,1.09,0.85,0.95,0.67,0.06,0.14,0.05,0.11,0.05,0.05,0.05,0.14,0.05,0.14,0.39,0.47
PIK,2023,2023-05-06,pik_413,,E2,Gregory,845,2178,1723,845,585,553,520,520,553,552,553,585,585,877,617,553,585,553,585,585,585,618,650,1.48,2.53,2.94,2.72,2.94,2.72,2.72,2.72,2.52,2.35,0.09,0.17,0,0.37,0.21,0.18,0.19,0.18,0.17,0.4,1.95,780,910,1.79,1.39,0.69,0.9,0.61,0.04,0.05,0,0.11,0.06,0.05,0.06,0.05,0.05,0.1,0.25,0.36
PIK,2023,2023-05-06,pik_4199,,E2,Gregory,617,878,813,748,683,618,585,585,585,553,553,553,520,748,683,650,585,618,585,585,585,585,553,0.17,0.29,0.35,0.5,0.42,0.5,0.5,0.5,0.5,0.59,0,0,0.21,0,0.23,0,0.25,0.25,0.25,0.34,0.56,552,553,0.59,0.59,0.84,0.56,0.3,0,0,0.05,0,0.05,0,0.05,0.05,0.05,0.06,0.18,0.12
PIK,2023,2023-05-06,pik_425,,E2,Gregory,813,2764,2113,1040,748,682,682,683,683,682,683,683,683,1105,813,780,781,781,780,780,748,780,781,1.5,2.4,2.54,2.54,2.54,2.54,2.54,2.7,2.54,2.54,0.12,0.19,0.31,0.31,0.31,0.31,0.31,0.22,0.31,0.5,2.09,975,1073,1.83,1.58,0.8,0.94,0.71,0.06,0.08,0.13,0.13,0.13,0.12,0.13,0.09,0.12,0.13,0.37,0.45
PIK,2023,2023-05-06,pik_4816,,E2,Gregory,449,618,539,439,349,329,329,319,319,349,349,359,349,439,369,349,349,349,339,369,369,378,369,0.41,0.67,0.77,0.77,0.77,0.82,0.67,0.67,0.63,0.67,0,0.3,0.33,0.33,0.49,0.34,0.3,0.3,0.27,0.4,0.54,389,399,0.59,0.55,0.81,0.77,0.27,0,0.05,0.06,0.06,0.09,0.06,0.05,0.05,0.05,0.05,0.15,0.15
PIK,2023,2023-05-06,pik_730,,E2,Gregory,309,558,479,439,389,369,349,349,339,329,319,319,309,468,399,389,379,369,359,349,349,339,329,0.19,0.4,0.43,0.47,0.51,0.55,0.6,0.6,0.65,0.7,0.15,0.07,0.14,0.22,0.16,0.16,0.17,0.26,0.18,0.33,0.55,349,359,0.6,0.55,0.68,0.82,0.45,0.06,0.03,0.05,0.08,0.05,0.06,0.06,0.09,0.06,0.06,0.23,0.28
PIK,2023,2023-05-06,pik_739,,E2,Gregory,585,1593,1366,975,650,552,553,553,487,520,520,520,488,1040,682,617,585,552,552,552,552,585,553,0.53,1.34,1.58,1.72,1.89,1.89,1.89,1.89,1.72,1.88,0.12,0.11,0.26,0.14,0,0.31,0.16,0.16,0.29,0.4,1.8,618,650,1.58,1.45,0.79,0.73,0.63,0.06,0.05,0.11,0.05,0,0.12,0.06,0.06,0.11,0.12,0.32,0.3
PIK,2023,2023-05-06,pik_748,,E2,Gregory,1235,2601,2373,1691,1268,1171,1138,1073,1040,1073,1041,1040,1040,1724,1268,1170,1170,1138,1105,1105,1106,1072,1072,0.51,1.05,1.22,1.22,1.29,1.35,1.35,1.35,1.43,1.43,0.05,0,0,0.08,0.18,0.18,0.09,0.18,0.1,0.14,1.28,1236,1333,1.1,0.95,0.84,0.88,0.53,0.02,0,0,0.03,0.06,0.06,0.03,0.06,0.03,0.03,0.29,0.32
PIK,2023,2023-05-06,pik_981,,E2,Gregory,813,2211,1723,813,618,618,618,618,618,618,618,618,618,878,650,683,683,715,716,683,683,716,715,1.52,2.4,2.24,2.24,2.09,2.09,2.24,2.24,2.09,2.09,0.18,0.15,0.27,0.27,0.38,0.38,0.27,0.27,0.38,0.5,1.79,878,943,1.52,1.34,1,0.98,0.63,0.07,0.05,0.1,0.1,0.14,0.14,0.1,0.1,0.14,0.14,0.41,0.41
PIK,2023,2023-05-06,pik_984,,E2,Gregory,748,1951,1495,748,520,520,487,488,487,520,520,520,520,780,585,553,553,553,552,552,585,585,617,1.5,2.34,2.53,2.53,2.53,2.53,2.53,2.34,2.34,2.16,0.1,0.34,0.19,0.38,0.38,0.38,0.19,0.34,0.34,0.5,1.88,813,878,1.4,1.22,1,0.97,0.62,0.04,0.11,0.06,0.12,0.12,0.12,0.06,0.11,0.11,0.16,0.4,0.41
PIK,2023,2023-05-18,pik_1530,,E2,Gregory,553,1171,1008,813,585,520,488,520,487,487,520,488,488,878,617,553,552,520,553,520,553,553,553,0.33,0.9,1.12,1.12,1.25,1.12,1.25,1.12,1.12,1.12,0.16,0.14,0.17,0.34,0,0.35,0.19,0.17,0.34,0.5,1.07,618,683,0.89,0.71,0.85,0.96,0.53,0.07,0.05,0.06,0.12,0,0.12,0.06,0.06,0.12,0.12,0.32,0.38
PIK,2023,2023-05-18,pik_1620,,E2,Gregory,618,2178,1918,1333,877,812,747,715,683,715,682,650,682,1430,942,878,845,812,780,780,780,780,780,0.52,1.31,1.48,1.58,1.68,1.79,1.79,1.79,1.79,1.79,0.11,0.13,0.15,0.23,0.25,0.26,0.18,0.26,0.35,0.34,1.81,910,1072,1.39,1.03,0.83,0.93,0.72,0.07,0.07,0.08,0.12,0.12,0.12,0.08,0.13,0.17,0.13,0.43,0.51
PIK,2023,2023-05-18,pik_1676,,E2,Gregory,682,1950,1723,1365,877,748,715,683,650,683,650,650,650,1398,878,813,780,748,780,715,715,748,747,0.39,1.22,1.4,1.5,1.61,1.5,1.73,1.73,1.61,1.61,0.04,0,0.18,0.2,0.21,0.39,0.11,0.22,0.31,0.37,1.65,845,910,1.31,1.14,0.86,0.92,0.65,0.02,0,0.08,0.08,0.09,0.17,0.04,0.09,0.13,0.13,0.38,0.43
PIK,2023,2023-05-18,pik_1711,,E2,Gregory,715,2275,1853,1171,780,715,715,682,682,650,650,683,683,1268,877,812,747,780,780,780,747,780,780,0.79,1.59,1.8,2.05,1.92,1.92,1.92,2.05,1.92,1.92,0.14,0.24,0.27,0.1,0.29,0.29,0.39,0.31,0.29,0.37,1.71,943,1073,1.41,1.12,0.94,0.96,0.69,0.08,0.11,0.12,0.04,0.13,0.13,0.17,0.13,0.12,0.12,0.45,0.48
PIK,2023,2023-05-18,pik_1826,,E2,Gregory,651,1691,1333,976,618,552,552,552,553,553,553,553,553,1041,683,618,617,617,617,618,617,618,617,0.62,1.48,1.74,1.74,1.74,1.74,1.74,1.74,1.74,1.74,0.13,0.24,0.29,0.29,0.29,0.28,0.29,0.28,0.29,0.33,1.41,682,747,1.48,1.26,0.73,0.84,0.62,0.06,0.1,0.11,0.11,0.11,0.1,0.11,0.1,0.11,0.1,0.28,0.35
PIK,2023,2023-05-18,pik_1859,,E2,Gregory,845,2016,1593,846,683,618,618,618,618,651,651,650,651,943,748,683,715,683,715,748,748,748,748,1.14,1.7,1.95,1.82,1.95,1.82,1.7,1.7,1.7,1.7,0.26,0.26,0.3,0.41,0.3,0.41,0.38,0.38,0.39,0.43,1.45,878,1008,1.3,1,0.79,0.95,0.58,0.1,0.09,0.1,0.14,0.1,0.14,0.13,0.13,0.13,0.13,0.3,0.39
PIK,2023,2023-05-18,pik_1906,,E2,Gregory,520,1203,1008,813,553,488,455,487,456,488,488,455,455,813,586,521,520,553,488,488,521,488,520,0.48,1.05,1.31,1.31,1.18,1.47,1.47,1.31,1.47,1.31,0,0.14,0.17,0.35,0.32,0.19,0,0.17,0.19,0.5,1.22,521,618,1.31,0.95,0.69,0.91,0.57,0,0.06,0.06,0.12,0.12,0.07,0,0.06,0.07,0.12,0.25,0.37
PIK,2023,2023-05-18,pik_1972,,E2,Gregory,349,837,619,489,319,309,299,289,279,279,280,289,290,549,379,339,339,329,339,329,329,339,339,0.52,1.21,1.47,1.47,1.54,1.47,1.54,1.54,1.47,1.47,0.23,0.41,0.24,0.33,0.34,0.49,0.43,0.42,0.41,0.55,1.13,349,379,1.4,1.21,0.77,0.81,0.58,0.11,0.16,0.09,0.12,0.12,0.18,0.15,0.15,0.15,0.14,0.28,0.31
PIK,2023,2023-05-18,pik_2043,,E2,Gregory,650,2015,1756,1106,781,683,618,617,585,585,585,553,586,1138,813,748,683,650,683,618,650,651,651,0.77,1.48,1.69,1.95,2.1,1.95,2.26,2.1,2.1,2.1,0.05,0.09,0.2,0.23,0.13,0.35,0.14,0.25,0.37,0.33,2,845,1008,1.38,1,0.9,0.94,0.68,0.03,0.04,0.09,0.1,0.05,0.14,0.05,0.1,0.15,0.1,0.42,0.48
PIK,2023,2023-05-18,pik_2106,,E2,Gregory,219,359,300,269,240,220,210,210,219,210,209,209,229,279,259,240,230,220,229,239,229,229,240,0.29,0.39,0.5,0.56,0.63,0.57,0.5,0.57,0.57,0.5,0.11,0.23,0.28,0.3,0.16,0.15,0.41,0.3,0.3,0.22,0.31,260,259,0.38,0.39,0.85,0.73,0.39,0.04,0.07,0.08,0.09,0.05,0.04,0.12,0.09,0.09,0.05,0.27,0.23
PIK,2023,2023-05-18,pik_2112,,E2,Gregory,683,1626,1431,1040,715,651,618,585,618,586,586,585,586,1105,748,716,650,683,683,651,651,650,618,0.47,1.17,1.27,1.5,1.38,1.38,1.5,1.5,1.5,1.63,0.12,0.11,0.24,0.14,0.39,0.26,0.28,0.28,0.28,0.2,1.44,683,748,1.38,1.17,0.78,0.78,0.58,0.06,0.04,0.09,0.05,0.14,0.1,0.1,0.1,0.1,0.05,0.29,0.3
PIK,2023,2023-05-18,pik_2155,,E2,Gregory,585,1463,1170,813,650,618,586,618,618,585,585,618,585,910,715,683,651,683,716,715,715,683,715,0.61,1.05,1.14,1.25,1.14,1.04,1.05,1.05,1.14,1.05,0.22,0.21,0.23,0.25,0.23,0.32,0.43,0.43,0.23,0.57,1,846,910,0.73,0.61,0.91,0.89,0.6,0.11,0.09,0.1,0.1,0.1,0.14,0.18,0.18,0.1,0.18,0.42,0.43
PIK,2023,2023-05-18,pik_2168,,E2,Gregory,748,2244,1821,1073,813,715,715,715,748,748,716,683,683,1171,911,813,813,813,813,846,846,813,813,0.92,1.46,1.76,1.76,1.76,1.76,1.65,1.65,1.76,1.76,0.16,0.24,0.29,0.29,0.29,0.19,0.27,0.36,0.38,0.57,1.67,1008,1235,1.23,0.82,0.82,0.95,0.67,0.08,0.11,0.12,0.12,0.12,0.08,0.12,0.15,0.16,0.16,0.39,0.5
PIK,2023,2023-05-18,pik_2261,,E2,Gregory,553,1333,1041,747,520,455,488,488,423,455,455,455,422,845,585,520,520,520,520,520,520,520,487,0.58,1.28,1.56,1.56,1.56,1.56,1.56,1.56,1.56,1.74,0.25,0.29,0.35,0.17,0.17,0.53,0.35,0.35,0.35,0.5,1.47,553,553,1.41,1.41,0.96,0.8,0.59,0.12,0.11,0.12,0.06,0.06,0.19,0.12,0.12,0.12,0.13,0.35,0.29
PIK,2023,2023-05-18,pik_2274,,E2,Gregory,409,897,728,518,378,349,329,349,339,329,329,339,339,558,398,379,369,369,378,378,378,378,378,0.61,1.25,1.37,1.43,1.43,1.37,1.37,1.37,1.37,1.37,0.17,0.15,0.24,0.33,0.16,0.31,0.39,0.39,0.31,0.39,1.15,418,448,1.15,1,0.8,0.83,0.54,0.07,0.05,0.08,0.11,0.05,0.1,0.13,0.13,0.1,0.1,0.28,0.31
PIK,2023,2023-05-18,pik_2403,,E2,Gregory,428,1217,997,778,548,509,489,479,479,469,469,459,459,857,598,548,538,529,529,529,529,529,529,0.42,1.04,1.22,1.26,1.3,1.3,1.3,1.3,1.3,1.3,0.16,0.18,0.16,0.2,0.21,0.21,0.25,0.25,0.3,0.41,1.17,569,609,1.14,1,0.8,0.82,0.65,0.09,0.08,0.07,0.09,0.09,0.09,0.11,0.11,0.13,0.13,0.37,0.39
PIK,2023,2023-05-18,pik_2441,,E2,Gregory,650,2373,2081,1300,877,780,748,716,682,715,650,651,650,1398,942,845,846,813,780,780,780,747,780,0.7,1.52,1.81,1.8,1.92,2.04,2.04,2.04,2.18,2.04,0.11,0.13,0.16,0.24,0.25,0.27,0.18,0.36,0.28,0.4,2.2,910,1203,1.61,0.97,0.85,0.94,0.73,0.07,0.07,0.08,0.12,0.12,0.13,0.08,0.17,0.13,0.17,0.43,0.54
PIK,2023,2023-05-18,pik_2671,,E2,Gregory,781,3023,2699,1756,1171,1073,1073,1040,976,976,1008,976,975,1854,1268,1203,1203,1138,1138,1138,1171,1171,1138,0.63,1.38,1.51,1.51,1.66,1.66,1.66,1.58,1.58,1.66,0.08,0.14,0.2,0.2,0.17,0.27,0.27,0.26,0.32,0.33,1.77,1398,1625,1.16,0.86,0.9,0.92,0.74,0.05,0.08,0.11,0.11,0.09,0.14,0.14,0.14,0.17,0.14,0.51,0.56
PIK,2023,2023-05-18,pik_2760,,E2,Gregory,618,2113,1723,1171,715,683,651,651,650,650,650,650,651,1301,845,748,748,748,781,748,780,780,781,0.62,1.5,1.82,1.82,1.82,1.71,1.82,1.71,1.71,1.71,0.17,0.31,0.19,0.28,0.28,0.36,0.28,0.35,0.35,0.44,1.65,943,1073,1.24,0.97,1,0.93,0.71,0.1,0.15,0.09,0.13,0.13,0.17,0.13,0.17,0.17,0.17,0.52,0.52
PIK,2023,2023-05-18,pik_2811,,E2,Gregory,618,1950,1528,1202,780,682,650,650,585,617,650,585,553,1300,780,748,715,683,683,683,683,650,618,0.5,1.5,1.61,1.73,1.86,1.86,1.86,1.86,2,2.16,0.13,0,0.19,0.21,0.11,0.33,0.22,0.11,0.24,0.33,1.76,748,878,1.61,1.22,0.87,0.9,0.68,0.08,0,0.09,0.09,0.05,0.14,0.1,0.05,0.1,0.11,0.39,0.44
PIK,2023,2023-05-18,pik_2815,,E2,Gregory,488,1466,1177,808,539,488,468,469,489,479,489,479,479,877,588,528,528,528,548,548,548,558,558,0.67,1.49,1.78,1.78,1.78,1.68,1.68,1.68,1.63,1.63,0.14,0.19,0.18,0.27,0.27,0.25,0.29,0.25,0.33,0.44,1.46,648,728,1.26,1.01,0.85,0.91,0.67,0.08,0.08,0.08,0.11,0.11,0.11,0.13,0.11,0.14,0.14,0.4,0.45
PIK,2023,2023-05-18,pik_2851,,E2,Gregory,651,1594,1301,813,553,520,488,488,488,455,456,488,488,878,618,553,520,520,520,520,553,553,521,0.82,1.58,1.88,2.07,2.07,2.07,2.07,1.88,1.88,2.06,0.17,0.29,0.18,0.19,0.19,0.19,0.39,0.52,0.35,0.25,1.67,586,651,1.72,1.45,0.64,0.94,0.59,0.07,0.11,0.06,0.06,0.06,0.06,0.12,0.18,0.12,0.06,0.22,0.35
PIK,2023,2023-05-18,pik_2922,,E2,Gregory,683,2244,1951,1366,877,780,715,683,682,682,650,650,650,1496,910,845,812,715,715,715,747,748,748,0.5,1.47,1.66,1.76,2.14,2.14,2.14,2,2,2,0.14,0.08,0.17,0.26,0.11,0.11,0.11,0.3,0.3,0.43,2,910,1073,1.47,1.09,0.82,0.93,0.7,0.09,0.04,0.08,0.12,0.04,0.05,0.05,0.13,0.13,0.13,0.39,0.49
PIK,2023,2023-05-18,pik_2964,,E2,Gregory,650,2568,2308,1821,1137,975,845,813,747,747,747,715,715,1950,1235,1040,942,943,878,845,845,845,813,0.32,1.08,1.47,1.73,1.72,1.92,2.04,2.04,2.04,2.16,0.1,0.14,0.11,0.2,0.27,0.3,0.24,0.24,0.31,0.3,2.23,943,1105,1.72,1.32,0.86,0.95,0.75,0.07,0.08,0.06,0.1,0.14,0.15,0.12,0.12,0.15,0.12,0.45,0.53
PIK,2023,2023-05-18,pik_3118,,E2,Gregory,650,2601,2146,1593,1041,911,845,846,813,781,748,813,650,1788,1203,1073,1040,976,975,943,943,1040,813,0.45,1.16,1.42,1.5,1.66,1.67,1.76,1.76,1.5,2.2,0.16,0.23,0.27,0.34,0.25,0.31,0.33,0.4,0.4,0.42,2.3,976,1138,1.66,1.29,1.07,1.11,0.75,0.11,0.13,0.15,0.19,0.13,0.17,0.17,0.21,0.22,0.2,0.57,0.63
PIK,2023,2023-05-18,pik_3131,,E2,Gregory,780,2698,2308,1593,1073,975,910,845,846,846,846,813,813,1690,1203,1073,1008,975,943,943,975,976,975,0.6,1.24,1.51,1.68,1.77,1.86,1.86,1.77,1.76,1.77,0.09,0.21,0.18,0.2,0.28,0.22,0.22,0.28,0.35,0.42,1.84,1138,1301,1.37,1.07,0.95,0.97,0.71,0.06,0.11,0.09,0.1,0.13,0.1,0.1,0.13,0.17,0.17,0.49,0.52
PIK,2023,2023-05-18,pik_3192,,E2,Gregory,748,2828,2406,1723,1138,943,845,845,813,813,813,813,813,1886,1235,1073,976,976,943,943,943,975,1008,0.5,1.29,1.64,1.9,1.9,2,2,2,1.9,1.81,0.13,0.14,0.24,0.27,0.27,0.29,0.29,0.29,0.34,0.5,1.96,1203,1463,1.35,0.93,0.9,0.98,0.74,0.09,0.08,0.12,0.13,0.13,0.14,0.14,0.14,0.17,0.19,0.49,0.58
PIK,2023,2023-05-18,pik_3273,,E2,Gregory,618,1756,1463,910,617,553,553,553,553,553,553,521,553,1007,650,618,618,618,618,618,618,618,618,0.74,1.7,1.84,1.84,1.84,1.84,1.84,1.84,1.84,1.84,0.19,0.13,0.27,0.27,0.27,0.27,0.27,0.27,0.4,0.4,1.65,716,780,1.45,1.25,0.74,0.83,0.65,0.1,0.05,0.11,0.11,0.11,0.11,0.11,0.11,0.16,0.11,0.32,0.37
PIK,2023,2023-05-18,pik_3282,,E2,Gregory,349,787,698,558,389,349,349,349,339,329,329,319,319,588,419,389,369,369,359,359,359,359,349,0.34,0.88,1.02,1.13,1.13,1.19,1.19,1.19,1.19,1.26,0.11,0.18,0.27,0.15,0.15,0.15,0.23,0.23,0.31,0.38,1.19,399,439,0.97,0.79,0.84,0.83,0.56,0.05,0.07,0.1,0.05,0.05,0.06,0.08,0.08,0.11,0.09,0.33,0.34
PIK,2023,2023-05-18,pik_3356,,E2,Gregory,479,1495,1336,987,648,578,548,538,518,508,498,499,498,1037,698,638,598,588,578,568,568,558,568,0.44,1.14,1.34,1.5,1.54,1.59,1.63,1.63,1.68,1.63,0.08,0.14,0.2,0.18,0.19,0.23,0.24,0.28,0.24,0.39,1.68,678,768,1.21,0.95,0.84,0.9,0.68,0.05,0.07,0.09,0.08,0.09,0.1,0.11,0.12,0.11,0.12,0.41,0.47
PIK,2023,2023-05-18,pik_3366,,E2,Gregory,683,1918,1625,1235,716,618,553,553,487,520,487,455,423,1300,781,650,618,586,585,585,487,487,455,0.48,1.46,1.95,2.1,2.27,2.28,2.28,2.94,2.94,3.22,0.09,0.2,0.13,0.29,0.16,0.47,0.31,0,0.21,0.33,2.84,553,617,2.47,2.11,0.86,1,0.64,0.05,0.08,0.05,0.11,0.06,0.17,0.11,0,0.07,0.07,0.29,0.37
PIK,2023,2023-05-18,pik_3484,,E2,Gregory,748,1788,1561,1268,813,748,716,715,683,683,683,683,683,1301,845,781,781,780,715,748,715,748,748,0.37,1.12,1.29,1.29,1.29,1.5,1.39,1.5,1.39,1.39,0.05,0.1,0.11,0.22,0.22,0.13,0.24,0.13,0.24,0.33,1.29,813,911,1.2,0.96,0.83,0.95,0.58,0.03,0.04,0.04,0.08,0.08,0.04,0.09,0.04,0.09,0.09,0.32,0.39
PIK,2023,2023-05-18,pik_3505,,E2,Gregory,617,1625,1301,1040,683,586,553,553,553,553,553,553,553,1105,748,683,618,618,585,618,618,618,618,0.47,1.17,1.38,1.63,1.63,1.78,1.63,1.63,1.63,1.63,0.11,0.2,0.35,0.27,0.27,0.15,0.27,0.27,0.27,0.33,1.35,716,748,1.27,1.17,0.87,1.02,0.62,0.06,0.09,0.14,0.11,0.11,0.05,0.11,0.11,0.11,0.11,0.36,0.44
PIK,2023,2023-05-18,pik_3759,,E1,Diery,488,1463,1171,910,617,553,552,520,520,488,488,488,520,1007,683,683,618,650,618,586,618,618,585,0.45,1.14,1.14,1.37,1.25,1.37,1.5,1.37,1.37,1.5,0.17,0.2,0.39,0.23,0.43,0.35,0.38,0.46,0.46,0.33,1.25,715,813,1.05,0.8,1.01,0.99,0.67,0.1,0.1,0.19,0.11,0.2,0.16,0.17,0.21,0.21,0.11,0.5,0.52
PIK,2023,2023-05-18,pik_3907,,E1,Diery,369,1147,837,718,479,439,429,399,379,379,359,369,359,808,559,499,489,439,439,439,418,429,429,0.42,1.05,1.3,1.35,1.61,1.61,1.61,1.74,1.67,1.67,0.19,0.28,0.25,0.26,0.2,0.31,0.31,0.32,0.32,0.47,1.33,459,498,1.5,1.3,0.9,0.92,0.68,0.11,0.14,0.12,0.12,0.09,0.14,0.14,0.14,0.14,0.16,0.41,0.44
PIK,2023,2023-05-18,pik_4006,,E1,Diery,195,552,423,325,228,227,196,195,195,195,195,195,195,423,260,260,261,260,260,228,227,227,260,0.3,1.12,1.12,1.11,1.12,1.12,1.42,1.43,1.43,1.12,0.4,0.27,0.27,0.54,0.54,0.54,0.34,0.33,0.33,0.5,1.17,260,293,1.12,0.88,0.81,1.13,0.65,0.23,0.12,0.13,0.25,0.25,0.25,0.14,0.14,0.14,0.25,0.38,0.56
PIK,2023,2023-05-18,pik_4025,,E1,Diery,520,1398,1170,878,585,552,585,553,520,520,553,521,488,943,650,585,650,617,617,618,586,585,618,0.48,1.15,1.39,1.15,1.27,1.27,1.26,1.39,1.39,1.26,0.13,0.23,0.14,0.23,0.24,0.37,0.37,0.14,0.26,0.57,1.4,683,813,1.05,0.72,0.84,0.97,0.63,0.07,0.1,0.06,0.1,0.1,0.16,0.16,0.06,0.11,0.21,0.38,0.48
PIK,2023,2023-05-18,pik_4043,,E1,Diery,160,249,210,199,160,140,140,139,139,160,159,129,150,230,180,169,170,160,169,179,189,170,180,0.08,0.38,0.47,0.46,0.56,0.47,0.39,0.32,0.46,0.38,0.4,0.39,0.63,0.64,0.5,0.65,0.37,0.53,0.88,0.49,0.4,180,179,0.38,0.39,0.97,0.96,0.36,0.13,0.11,0.17,0.18,0.13,0.18,0.11,0.16,0.24,0.17,0.28,0.27
PIK,2023,2023-05-18,pik_4141,,E1,Diery,423,1821,1463,1203,780,650,553,520,520,488,520,487,488,1431,910,780,716,650,618,585,618,617,618,0.27,1,1.33,1.54,1.8,1.95,2.11,1.95,1.95,1.95,0.22,0.23,0.28,0.4,0.37,0.3,0.32,0.3,0.4,0.5,2,683,813,1.67,1.24,0.95,0.94,0.77,0.16,0.14,0.17,0.23,0.2,0.16,0.17,0.16,0.21,0.21,0.52,0.56
PIK,2023,2023-05-18,pik_4199,,E1,Diery,369,1007,848,738,518,449,418,409,398,389,379,379,379,838,578,518,479,469,448,449,439,439,439,0.2,0.74,0.94,1.1,1.15,1.25,1.24,1.29,1.29,1.29,0.2,0.21,0.28,0.28,0.29,0.26,0.31,0.32,0.32,0.4,1.24,499,518,1.02,0.94,0.91,0.86,0.63,0.12,0.1,0.13,0.13,0.13,0.11,0.13,0.14,0.14,0.14,0.42,0.4
PIK,2023,2023-05-18,pik_4411,,E1,Diery,309,907,738,618,419,369,349,339,339,329,329,329,339,658,459,409,419,399,389,379,399,389,378,0.38,0.98,1.22,1.16,1.27,1.33,1.39,1.27,1.33,1.4,0.1,0.18,0.21,0.35,0.33,0.28,0.3,0.38,0.34,0.3,1.18,429,498,1.11,0.82,0.82,0.89,0.66,0.06,0.09,0.1,0.17,0.15,0.13,0.13,0.18,0.15,0.1,0.39,0.46
PIK,2023,2023-05-18,pik_4460,,E1,Diery,488,1203,975,682,521,521,487,488,487,488,488,487,487,812,650,586,618,585,617,585,618,618,617,0.48,0.85,1.05,0.95,1.06,0.95,1.06,0.95,0.95,0.95,0.32,0.45,0.27,0.49,0.4,0.49,0.4,0.49,0.49,0.57,1,812,943,0.48,0.28,0.88,0.97,0.59,0.16,0.2,0.11,0.21,0.17,0.21,0.17,0.21,0.21,0.21,0.44,0.52
PIK,2023,2023-05-18,pik_4480,,E1,Diery,369,967,758,638,449,419,409,399,389,379,369,359,359,748,528,479,459,469,449,459,448,439,449,0.29,0.83,1.02,1.11,1.06,1.15,1.11,1.16,1.2,1.15,0.26,0.32,0.28,0.25,0.34,0.31,0.4,0.41,0.43,0.53,1.11,469,478,1.06,1.02,0.92,0.98,0.62,0.15,0.15,0.13,0.11,0.15,0.13,0.17,0.18,0.18,0.2,0.41,0.44
PIK,2023,2023-05-18,pik_4739,,E1,Diery,0,0,0,0,0,0,0,0,0,0,0,0,0,0,0,0,0,0,0,0,0,0,0,0,0,0,0,0,0,0,0,0,0,0,0,0,0,0,0,0,0,0,0,0,0,0,0,0,0,0,0,0,0,0,0,0,0,0,0,0,0,0,0
PIK,2023,2023-05-18,pik_4852,,E1,Diery,281,536,434,370,303,290,284,284,278,280,275,272,275,403,332,313,309,300,303,294,300,293,297,0.33,0.61,0.71,0.73,0.79,0.77,0.82,0.79,0.83,0.8,0.2,0.24,0.21,0.24,0.16,0.24,0.14,0.25,0.22,0.34,0.58,322,338,0.66,0.59,0.78,0.78,0.48,0.08,0.09,0.07,0.08,0.05,0.08,0.05,0.08,0.07,0.07,0.28,0.28
PIK,2023,2023-05-18,pik_4893,,E1,Diery,280,668,548,449,289,269,269,249,239,240,240,239,240,508,329,309,299,289,289,280,269,280,289,0.31,1.03,1.16,1.23,1.31,1.31,1.39,1.48,1.39,1.31,0.23,0.3,0.33,0.26,0.37,0.46,0.39,0.3,0.4,0.49,1.28,309,339,1.16,0.97,0.82,0.79,0.58,0.12,0.12,0.13,0.1,0.14,0.17,0.14,0.11,0.15,0.17,0.32,0.32
PIK,2023,2023-05-18,pik_5408,,E1,Diery,54,67,58,55,51,54,54,51,54,51,51,54,51,64,67,67,67,67,67,63,67,67,67,0.05,0,0,0,0,0,0.06,0,0,0,0.75,1.23,1,1,1.23,1,1.03,1.23,1,1,0.14,64,64,0.05,0.05,1.42,1.09,0.19,0.14,0.24,0.19,0.19,0.24,0.19,0.19,0.24,0.19,0.24,0.27,0.2
PIK,2023,2023-05-18,pik_5454,,E1,Diery,51,1210,948,702,479,437,419,393,383,383,380,383,374,798,530,492,460,441,437,438,431,437,434,0.52,1.28,1.46,1.63,1.74,1.77,1.76,1.81,1.77,1.79,0.13,0.11,0.12,0.1,0.12,0.14,0.14,0.13,0.14,0.51,1.53,0,0,0,0,6.35,6.54,0.96,0.12,0.1,0.11,0.09,0.11,0.12,0.13,0.12,0.12,0.14,0,0
PIK,2023,2023-05-19,pik_118,,E2,Gregory,552,1495,1203,715,521,488,488,488,488,521,521,521,488,813,553,553,586,586,586,618,618,585,618,0.84,1.7,1.7,1.55,1.55,1.55,1.42,1.42,1.56,1.42,0.25,0.15,0.3,0.42,0.42,0.42,0.38,0.38,0.27,0.67,1.47,716,813,1.09,0.84,0.91,0.91,0.63,0.12,0.06,0.12,0.17,0.17,0.17,0.16,0.16,0.11,0.21,0.41,0.44
PIK,2023,2023-05-19,pik_122,,E2,Gregory,716,2341,1950,1106,845,781,780,748,715,748,715,715,715,1203,911,878,878,846,878,878,846,845,845,0.95,1.57,1.67,1.67,1.77,1.67,1.67,1.77,1.77,1.77,0.15,0.15,0.24,0.24,0.26,0.4,0.32,0.34,0.34,0.45,1.73,1106,1235,1.12,0.9,0.97,0.97,0.69,0.08,0.07,0.11,0.11,0.12,0.19,0.15,0.15,0.15,0.15,0.5,0.53
PIK,2023,2023-05-19,pik_1290,,E2,Gregory,1040,4421,3836,2308,1430,1171,1105,1040,1040,1008,975,975,975,2438,1560,1301,1235,1138,1138,1138,1138,1138,1105,0.81,1.83,2.4,2.58,2.88,2.88,2.88,2.88,2.88,3,0.08,0.16,0.2,0.22,0.19,0.19,0.25,0.31,0.31,0.36,2.93,1658,1983,1.67,1.23,0.93,0.97,0.76,0.05,0.08,0.1,0.11,0.09,0.09,0.11,0.14,0.14,0.12,0.51,0.57
PIK,2023,2023-05-19,pik_13,,E2,Gregory,618,2145,1723,1008,683,617,585,618,585,585,585,585,585,1105,780,715,683,682,715,715,715,715,715,0.94,1.75,2,2.14,2.15,2,2,2,2,2,0.16,0.26,0.3,0.33,0.21,0.4,0.4,0.4,0.4,0.5,1.95,878,1040,1.44,1.06,0.96,0.92,0.71,0.09,0.12,0.14,0.14,0.09,0.18,0.18,0.18,0.18,0.18,0.48,0.5
PIK,2023,2023-05-19,pik_1306,,E2,Gregory,585,1463,1268,813,586,553,520,520,520,520,520,520,488,846,651,586,586,585,553,552,552,552,585,0.73,1.25,1.5,1.5,1.5,1.65,1.65,1.65,1.65,1.5,0.08,0.25,0.15,0.3,0.3,0.16,0.16,0.16,0.16,0.6,1.6,682,780,1.15,0.88,0.81,0.84,0.6,0.04,0.1,0.06,0.11,0.11,0.06,0.06,0.06,0.06,0.17,0.33,0.37
PIK,2023,2023-05-19,pik_1436,,E2,Gregory,1040,4584,3999,2308,1528,1528,1236,1170,1138,1138,1138,1106,1073,2341,1625,1690,1333,1268,1236,1268,1268,1236,1236,0.96,1.82,1.71,2.44,2.62,2.71,2.62,2.62,2.71,2.71,0.02,0.11,0.17,0.15,0.16,0.17,0.21,0.21,0.22,0.5,2.73,2113,2536,1.17,0.81,0.83,0.92,0.77,0.01,0.06,0.1,0.07,0.08,0.08,0.1,0.1,0.11,0.13,0.51,0.6
PIK,2023,2023-05-19,pik_30,,E2,Gregory,488,1626,1365,813,650,618,618,617,617,617,618,618,618,943,748,716,715,716,715,748,781,780,780,0.72,1.17,1.27,1.27,1.27,1.27,1.17,1.08,1.08,1.08,0.24,0.25,0.27,0.27,0.27,0.27,0.34,0.4,0.39,0.45,1.21,975,1106,0.67,0.47,0.91,0.91,0.7,0.14,0.13,0.14,0.14,0.14,0.14,0.18,0.21,0.21,0.21,0.53,0.56
PIK,2023,2023-05-19,pik_316,,E2,Gregory,878,3511,2959,1821,1300,1171,1106,1073,1073,1040,1041,1041,1008,1951,1431,1300,1300,1235,1236,1235,1236,1235,1235,0.8,1.45,1.7,1.7,1.84,1.84,1.84,1.84,1.84,1.84,0.11,0.17,0.19,0.28,0.26,0.26,0.31,0.31,0.31,0.44,1.94,1756,2146,1,0.64,0.93,0.96,0.75,0.07,0.09,0.1,0.15,0.13,0.13,0.16,0.16,0.16,0.18,0.56,0.62
PIK,2023,2023-05-19,pik_3321,,E2,Gregory,877,3446,2796,1561,1105,1008,976,942,942,910,911,910,911,1788,1268,1138,1105,1105,1105,1073,1105,1105,1105,0.93,1.72,2.03,2.12,2.12,2.12,2.21,2.12,2.12,2.12,0.21,0.25,0.23,0.24,0.3,0.3,0.32,0.36,0.36,0.5,2.07,1821,2145,0.89,0.61,0.97,0.96,0.75,0.13,0.13,0.11,0.12,0.15,0.15,0.15,0.18,0.18,0.18,0.59,0.62
PIK,2023,2023-05-19,pik_3437,,E2,Gregory,1008,3154,2504,1365,1008,910,910,910,845,845,846,845,813,1496,1138,1008,1008,1008,1008,976,1040,1008,1008,1.11,1.77,2.13,2.13,2.13,2.13,2.23,2.03,2.13,2.13,0.17,0.26,0.24,0.24,0.24,0.4,0.34,0.45,0.4,0.55,2.08,1593,1885,0.98,0.67,1.02,1.05,0.68,0.09,0.11,0.1,0.1,0.1,0.16,0.13,0.19,0.16,0.19,0.53,0.59
PIK,2023,2023-05-19,pik_3628,,E2,Gregory,399,888,668,419,349,359,369,369,389,379,388,389,379,479,409,409,429,439,439,449,468,468,469,0.85,1.17,1.17,1.07,1.02,1.02,0.98,0.9,0.9,0.89,0.31,0.41,0.34,0.38,0.42,0.3,0.41,0.44,0.43,0.6,0.76,579,648,0.53,0.37,0.89,0.98,0.55,0.13,0.15,0.12,0.14,0.16,0.11,0.16,0.17,0.17,0.19,0.4,0.46
PIK,2023,2023-05-19,pik_373,,E2,Gregory,682,2243,1788,1008,682,682,650,650,650,650,650,650,683,1073,780,747,715,747,780,780,780,812,813,1.09,1.88,2,2.14,2,1.88,1.88,1.88,1.76,1.76,0.12,0.28,0.2,0.22,0.3,0.38,0.38,0.38,0.44,0.4,1.62,1040,1170,1.16,0.92,0.91,0.92,0.7,0.06,0.13,0.09,0.09,0.13,0.17,0.17,0.17,0.2,0.16,0.47,0.5
PIK,2023,2023-05-19,pik_3967,,E2,Gregory,468,1874,1526,947,648,608,618,608,578,568,559,528,538,1027,728,708,738,748,708,717,718,678,678,0.82,1.57,1.65,1.54,1.51,1.65,1.61,1.61,1.76,1.76,0.13,0.2,0.27,0.3,0.34,0.35,0.39,0.41,0.42,0.48,1.84,867,987,1.16,0.9,0.95,0.97,0.75,0.08,0.11,0.14,0.16,0.19,0.18,0.21,0.22,0.22,0.21,0.55,0.6
PIK,2023,2023-05-19,pik_402,,E2,Gregory,319,827,618,409,329,329,339,349,339,349,349,339,329,469,379,389,389,399,409,419,419,418,418,0.76,1.18,1.13,1.13,1.07,1.02,0.97,0.97,0.98,0.98,0.27,0.31,0.36,0.3,0.29,0.39,0.37,0.37,0.42,0.56,0.88,459,488,0.8,0.69,0.92,0.97,0.61,0.13,0.13,0.15,0.13,0.13,0.17,0.17,0.17,0.19,0.21,0.43,0.47
PIK,2023,2023-05-19,pik_4086,,E1,Qi,585,2666,2211,1365,943,845,813,812,813,780,780,748,780,1528,1073,942,943,942,976,943,975,943,943,0.74,1.48,1.83,1.83,1.83,1.73,1.83,1.73,1.83,1.83,0.16,0.21,0.18,0.25,0.25,0.3,0.31,0.35,0.37,0.39,1.83,1235,1463,1.16,0.82,0.93,0.94,0.78,0.11,0.12,0.1,0.14,0.14,0.17,0.17,0.2,0.21,0.17,0.58,0.62
PIK,2023,2023-05-19,pik_413,,E2,Gregory,813,2341,1853,1008,781,716,715,683,716,715,715,715,715,1073,845,780,813,813,846,813,845,845,878,1.18,1.77,2,1.88,1.88,1.77,1.88,1.77,1.77,1.67,0.13,0.19,0.21,0.31,0.4,0.38,0.31,0.38,0.38,0.5,1.59,1073,1203,1.18,0.95,0.98,0.93,0.65,0.06,0.08,0.08,0.12,0.16,0.15,0.12,0.15,0.15,0.19,0.45,0.46
PIK,2023,2023-05-19,pik_4231,,E1,Qi,349,927,717,429,359,379,389,389,389,399,379,379,369,479,429,449,449,469,478,489,478,459,469,0.94,1.16,1.06,1.06,0.98,0.94,0.9,0.94,1.02,0.98,0.23,0.38,0.35,0.3,0.37,0.4,0.39,0.45,0.39,0.59,0.94,538,579,0.72,0.6,0.94,0.95,0.62,0.1,0.16,0.16,0.13,0.17,0.19,0.18,0.21,0.17,0.21,0.46,0.48
PIK,2023,2023-05-19,pik_425,,E2,Gregory,845,3869,3316,2211,1398,1203,1105,1073,1040,1041,1040,1008,976,2341,1495,1333,1268,1236,1235,1170,1171,1203,1170,0.65,1.59,1.9,2.05,2.13,2.13,2.31,2.3,2.22,2.31,0.08,0.11,0.18,0.24,0.25,0.3,0.21,0.22,0.31,0.4,2.4,1561,1918,1.48,1.02,0.92,0.98,0.78,0.06,0.06,0.1,0.13,0.13,0.16,0.11,0.11,0.16,0.17,0.54,0.63
PIK,2023,2023-05-19,pik_4393,,E2,Gregory,585,975,813,586,520,553,520,488,488,488,488,520,520,650,553,520,520,553,553,553,553,553,553,0.5,0.76,0.88,0.88,0.76,0.76,0.76,0.76,0.76,0.76,0.32,0.22,-0.24,0,0.43,0.43,0.43,0.43,0.22,0.34,0.56,618,651,0.58,0.5,0.89,0.98,0.4,0.1,0.06,-0.06,0,0.12,0.12,0.12,0.12,0.06,0.06,0.26,0.3
PIK,2023,2023-05-19,pik_4401,,E1,Qi,339,698,519,439,359,329,319,289,289,270,279,250,249,489,388,359,339,319,309,299,289,270,259,0.43,0.8,0.94,1.06,1.19,1.26,1.33,1.42,1.59,1.69,0.24,0.2,0.24,0.17,0.29,0.2,0.31,0.11,0.25,0.25,1.08,309,329,1.26,1.12,0.8,0.73,0.51,0.1,0.07,0.08,0.06,0.09,0.06,0.1,0.03,0.07,0.04,0.26,0.24
PIK,2023,2023-05-19,pik_4651,,E2,Gregory,528,1017,918,767,589,539,519,499,469,449,429,429,429,798,628,569,549,539,509,489,469,468,459,0.27,0.62,0.79,0.85,0.89,1,1.08,1.17,1.17,1.22,0.09,0.17,0.15,0.16,0.23,0.25,0.27,0.28,0.28,0.38,1.14,519,558,0.96,0.82,0.78,0.9,0.48,0.04,0.06,0.05,0.05,0.07,0.08,0.08,0.09,0.08,0.07,0.25,0.3
PIK,2023,2023-05-19,pik_4784,,E2,Gregory,389,1187,968,618,459,439,458,468,458,468,459,459,459,688,509,519,538,568,558,558,568,568,578,0.73,1.33,1.29,1.21,1.09,1.13,1.13,1.09,1.09,1.05,0.19,0.21,0.33,0.31,0.36,0.37,0.33,0.39,0.39,0.52,1.11,698,788,0.7,0.51,0.86,0.94,0.67,0.1,0.1,0.15,0.15,0.18,0.18,0.16,0.19,0.19,0.21,0.47,0.54
PIK,2023,2023-05-19,pik_4816,,E2,Gregory,469,1276,928,608,419,389,369,408,409,418,428,429,428,678,469,429,449,468,489,499,499,508,519,0.88,1.72,1.97,1.84,1.73,1.61,1.56,1.56,1.51,1.46,0.22,0.28,0.25,0.47,0.33,0.41,0.4,0.35,0.38,0.54,1.17,579,638,1.2,1,0.91,0.98,0.63,0.1,0.11,0.09,0.18,0.13,0.16,0.16,0.14,0.16,0.18,0.4,0.45
PIK,2023,2023-05-19,pik_5256,,E1,Qi,618,2763,2243,1723,716,585,585,585,585,585,552,617,585,1951,845,748,715,683,715,715,716,813,715,0.42,2.27,2.69,2.86,3.05,2.86,2.86,2.86,2.4,2.86,0.16,0.3,0.45,0.38,0.31,0.38,0.38,0.48,0.48,0.4,2.83,813,1008,2.4,1.74,1.03,1.15,0.78,0.12,0.15,0.22,0.18,0.14,0.18,0.18,0.23,0.24,0.18,0.52,0.64
PIK,2023,2023-05-19,pik_5334,,E1,Qi,458,1416,1087,638,468,459,459,458,479,488,479,489,499,707,538,529,528,578,578,598,598,619,618,1,1.63,1.68,1.68,1.45,1.45,1.37,1.37,1.29,1.29,0.19,0.29,0.3,0.3,0.45,0.37,0.39,0.42,0.44,0.48,1.18,738,828,0.92,0.71,0.91,0.96,0.68,0.1,0.13,0.13,0.13,0.21,0.17,0.18,0.2,0.21,0.19,0.47,0.53
PIK,2023,2023-05-19,pik_5366,,E1,Qi,279,629,459,309,239,249,239,249,249,259,250,250,269,349,279,289,289,299,299,299,299,310,309,0.8,1.25,1.18,1.18,1.1,1.1,1.1,1.1,1.03,1.04,0.28,0.4,0.38,0.47,0.45,0.45,0.36,0.44,0.51,0.44,0.71,349,389,0.8,0.62,0.98,1.06,0.56,0.11,0.14,0.14,0.17,0.17,0.17,0.13,0.16,0.19,0.13,0.4,0.46
PIK,2023,2023-05-19,pik_5470,,E1,Qi,270,678,489,378,279,270,269,260,259,249,259,259,259,438,319,309,299,299,299,299,309,309,309,0.55,1.13,1.19,1.27,1.27,1.27,1.27,1.19,1.19,1.19,0.28,0.3,0.31,0.25,0.33,0.33,0.42,0.4,0.4,0.56,0.89,349,369,0.94,0.84,0.92,0.96,0.6,0.14,0.13,0.13,0.1,0.13,0.13,0.17,0.16,0.16,0.16,0.4,0.43
PIK,2023,2023-05-19,pik_5586,,E1,Qi,618,2178,1658,1170,780,650,650,585,553,553,520,553,520,1268,812,813,683,650,650,650,618,618,617,0.72,1.68,1.68,2.19,2.35,2.35,2.35,2.52,2.52,2.53,0.13,0.08,0.41,0.11,0.23,0.35,0.35,0.38,0.25,0.5,2.19,812,878,1.68,1.48,0.91,0.96,0.72,0.08,0.04,0.2,0.05,0.1,0.15,0.15,0.16,0.11,0.16,0.44,0.48
PIK,2023,2023-05-19,pik_5589,,E1,Qi,319,897,608,439,319,279,269,250,259,249,249,249,260,509,369,329,319,299,299,309,319,319,319,0.76,1.43,1.73,1.81,2,2,1.9,1.81,1.81,1.81,0.27,0.32,0.38,0.4,0.44,0.36,0.51,0.56,0.56,0.54,1.34,369,399,1.43,1.25,1.02,1.07,0.64,0.14,0.14,0.15,0.16,0.16,0.13,0.19,0.22,0.22,0.18,0.43,0.48
PIK,2023,2023-05-19,pik_5617,,E1,Qi,459,1316,1037,698,498,478,478,469,479,478,479,488,488,768,558,538,538,548,569,578,588,598,598,0.71,1.36,1.45,1.45,1.4,1.31,1.28,1.24,1.2,1.2,0.17,0.24,0.26,0.26,0.33,0.35,0.38,0.41,0.4,0.48,1.12,697,787,0.89,0.67,0.89,0.96,0.65,0.09,0.11,0.11,0.11,0.14,0.16,0.17,0.19,0.18,0.18,0.44,0.51
PIK,2023,2023-05-19,pik_5666,,E1,Qi,553,1365,1106,748,520,488,487,488,488,488,488,520,520,781,552,520,520,553,552,618,586,552,585,0.75,1.47,1.62,1.62,1.47,1.47,1.21,1.33,1.47,1.33,0.09,0.16,0.17,0.18,0.32,0.31,0.53,0.43,0.16,0.33,1.13,650,715,1.1,0.91,0.85,0.94,0.59,0.04,0.06,0.06,0.06,0.12,0.12,0.21,0.17,0.06,0.11,0.35,0.41
PIK,2023,2023-05-19,pik_619,,E2,Gregory,585,1788,1430,683,585,586,586,585,553,585,586,585,553,781,650,650,683,715,683,651,683,683,683,1.29,1.75,1.75,1.62,1.5,1.62,1.75,1.62,1.62,1.62,0.27,0.23,0.23,0.32,0.4,0.43,0.24,0.32,0.33,0.57,1.59,943,1073,0.9,0.67,0.86,0.93,0.67,0.13,0.1,0.1,0.14,0.18,0.19,0.1,0.14,0.14,0.19,0.45,0.52
PIK,2023,2023-05-19,pik_730,,E2,Gregory,309,568,458,329,279,279,289,290,300,289,299,289,300,379,319,309,329,329,339,339,339,349,349,0.5,0.78,0.84,0.73,0.73,0.68,0.68,0.68,0.63,0.63,0.37,0.39,0.31,0.37,0.36,0.35,0.44,0.35,0.51,0.49,0.53,389,419,0.46,0.36,0.85,0.93,0.46,0.13,0.13,0.1,0.12,0.12,0.12,0.15,0.12,0.17,0.14,0.31,0.36
PIK,2023,2023-05-19,pik_739,,E2,Gregory,650,1691,1431,910,715,683,650,651,651,618,618,617,618,976,748,715,715,715,715,716,715,715,747,0.73,1.26,1.37,1.37,1.37,1.37,1.36,1.37,1.37,1.26,0.14,0.11,0.11,0.23,0.22,0.22,0.34,0.34,0.34,0.5,1.32,910,1008,0.86,0.68,0.92,0.92,0.62,0.07,0.04,0.04,0.09,0.09,0.09,0.14,0.14,0.14,0.17,0.43,0.45
PIK,2023,2023-05-19,pik_748,,E2,Gregory,716,2081,1626,846,715,716,716,683,716,715,715,715,715,976,845,813,846,878,846,910,910,910,878,1.13,1.46,1.56,1.46,1.37,1.46,1.29,1.29,1.29,1.37,0.28,0.35,0.28,0.35,0.5,0.35,0.47,0.47,0.47,0.56,1.27,1235,1398,0.69,0.49,0.84,0.95,0.66,0.13,0.15,0.12,0.15,0.22,0.15,0.21,0.21,0.21,0.19,0.45,0.54
PIK,2023,2023-05-19,pik_910,,E2,Gregory,399,728,608,479,399,389,389,379,379,379,379,379,369,509,429,409,419,408,419,419,409,418,409,0.43,0.7,0.78,0.74,0.78,0.74,0.74,0.78,0.74,0.78,0.16,0.21,0.15,0.22,0.22,0.3,0.3,0.23,0.29,0.44,0.65,448,469,0.62,0.55,0.79,0.8,0.45,0.06,0.07,0.05,0.07,0.07,0.1,0.1,0.07,0.09,0.1,0.27,0.28
PIK,2023,2023-05-19,pik_956,,E2,Gregory,780,2470,1983,1171,911,878,878,877,878,846,878,878,911,1301,1041,1008,1040,1073,1073,1073,1073,1073,1106,0.9,1.37,1.45,1.38,1.3,1.3,1.3,1.3,1.3,1.23,0.19,0.26,0.27,0.33,0.38,0.37,0.44,0.37,0.37,0.43,1.18,1333,1463,0.85,0.69,0.95,0.95,0.68,0.1,0.12,0.13,0.16,0.18,0.18,0.21,0.18,0.18,0.18,0.51,0.53
PIK,2023,2023-05-19,pik_960,,E2,Gregory,518,1197,908,569,489,489,499,519,508,509,508,509,498,629,549,549,578,579,598,588,598,599,598,0.9,1.18,1.18,1.07,1.07,1,1.04,1,1,1,0.23,0.29,0.29,0.35,0.27,0.38,0.34,0.38,0.38,0.53,0.82,648,698,0.85,0.71,0.86,0.92,0.57,0.1,0.11,0.11,0.14,0.1,0.15,0.13,0.15,0.15,0.17,0.35,0.4
PIK,2023,2023-05-19,pik_981,,E2,Gregory,715,2796,2276,1333,943,845,780,780,780,748,747,748,715,1496,1072,943,942,910,910,878,878,878,878,0.87,1.61,1.97,1.97,2.07,2.07,2.18,2.18,2.18,2.18,0.18,0.23,0.21,0.35,0.29,0.29,0.31,0.31,0.31,0.46,2.18,1268,1528,1.21,0.83,0.95,0.97,0.74,0.11,0.12,0.1,0.17,0.14,0.14,0.15,0.15,0.15,0.19,0.54,0.6
PIK,2023,2023-05-19,pik_984,,E2,Gregory,1138,4974,4422,3056,2048,1755,1658,1594,1496,1495,1463,1463,1430,3153,2178,1918,1788,1756,1691,1691,1659,1659,1658,0.58,1.28,1.59,1.78,1.83,1.94,1.94,2,2,2,0.05,0.1,0.15,0.13,0.17,0.22,0.22,0.22,0.22,0.32,2.09,2146,2601,1.32,0.91,0.92,0.96,0.77,0.03,0.06,0.08,0.07,0.09,0.12,0.12,0.12,0.12,0.14,0.55,0.61
PIK,2023,2023-06-19,pik_118,,E1,Diery,369,1277,937,469,398,389,379,379,379,369,378,378,379,559,488,479,479,498,499,499,508,508,518,1.28,1.62,1.67,1.67,1.56,1.56,1.56,1.51,1.51,1.47,0.31,0.38,0.39,0.43,0.49,0.49,0.53,0.52,0.52,0.61,1.47,847,987,0.51,0.29,0.93,0.97,0.71,0.16,0.18,0.19,0.21,0.24,0.24,0.26,0.26,0.26,0.27,0.58,0.64
PIK,2023,2023-06-19,pik_1290,,E1,Diery,456,1203,846,455,390,423,390,358,391,423,423,390,455,520,488,456,488,488,488,521,520,553,586,1.31,1.47,1.64,1.47,1.47,1.47,1.31,1.31,1.18,1.05,0.3,0.5,0.19,0.5,0.67,0.5,0.45,0.45,0.69,0.5,0.86,813,943,0.48,0.28,0.91,0.98,0.62,0.12,0.2,0.07,0.2,0.27,0.2,0.19,0.19,0.29,0.22,0.48,0.55
PIK,2023,2023-06-19,pik_13,,E1,Diery,651,2049,1496,748,618,618,585,586,650,585,585,618,617,813,650,683,650,683,683,715,715,748,715,1.52,2.15,2,2.15,2,2,1.87,1.87,1.74,1.87,0.17,0.12,0.23,0.25,0.34,0.12,0.42,0.42,0.4,0.5,1.42,1170,1430,0.75,0.43,0.91,0.95,0.68,0.08,0.05,0.1,0.1,0.14,0.05,0.18,0.18,0.17,0.14,0.5,0.57
PIK,2023,2023-06-19,pik_1436,,E1,Diery,553,1430,976,487,422,422,423,390,423,423,455,455,455,552,455,487,488,488,520,520,521,553,553,1.59,2.14,1.94,1.93,1.93,1.75,1.75,1.74,1.59,1.59,0.31,0.22,0.38,0.38,0.57,0.51,0.51,0.35,0.47,0.5,1.15,943,1073,0.52,0.33,1.01,1.06,0.61,0.12,0.07,0.13,0.13,0.2,0.19,0.19,0.13,0.18,0.18,0.52,0.58
PIK,2023,2023-06-19,pik_2760,,E2,Gregory,715,3089,2308,1105,780,716,748,716,715,715,683,683,683,1236,943,846,846,846,878,846,845,846,846,1.5,2.28,2.65,2.65,2.65,2.52,2.65,2.66,2.65,2.65,0.19,0.34,0.32,0.24,0.32,0.38,0.33,0.4,0.4,0.42,2.38,1235,1528,1.5,1.02,0.97,0.99,0.77,0.11,0.17,0.15,0.12,0.15,0.19,0.15,0.19,0.19,0.19,0.55,0.62
PIK,2023,2023-06-19,pik_2851,,E2,Gregory,845,4129,3414,1658,1203,1073,1008,1008,1008,975,943,943,943,1756,1333,1203,1171,1138,1105,1105,1105,1105,1073,1.35,2.1,2.43,2.53,2.63,2.74,2.74,2.74,2.74,2.85,0.09,0.18,0.2,0.27,0.22,0.17,0.23,0.29,0.29,0.31,2.62,1626,1918,1.54,1.15,0.96,0.95,0.8,0.06,0.1,0.11,0.14,0.11,0.09,0.12,0.15,0.15,0.12,0.58,0.61
PIK,2023,2023-06-19,pik_2922,,E2,Gregory,781,2763,2081,878,683,651,651,651,650,617,650,650,650,943,781,748,715,748,748,747,780,780,780,1.93,2.54,2.69,2.86,2.69,2.69,2.7,2.54,2.54,2.54,0.15,0.3,0.32,0.23,0.32,0.32,0.43,0.4,0.4,0.57,2.2,1203,1398,1.3,0.98,0.98,0.99,0.72,0.07,0.13,0.13,0.09,0.13,0.13,0.17,0.17,0.17,0.17,0.51,0.56
PIK,2023,2023-06-19,pik_30,,E1,Diery,455,1463,1008,521,422,390,390,423,422,422,423,423,390,618,520,520,520,552,553,552,553,585,553,1.37,1.81,1.81,1.81,1.65,1.65,1.65,1.65,1.5,1.65,0.32,0.43,0.57,0.57,0.51,0.52,0.52,0.52,0.59,0.71,1.58,911,1041,0.61,0.41,0.99,0.97,0.69,0.16,0.19,0.25,0.25,0.23,0.24,0.24,0.24,0.28,0.29,0.57,0.59
PIK,2023,2023-06-19,pik_3118,,E2,Gregory,812,4031,3153,1268,975,910,878,878,878,845,845,878,846,1365,1073,1041,1008,1008,976,976,975,943,976,1.95,2.76,2.87,3,3,3.13,3.13,3.13,3.27,3.13,0.12,0.18,0.25,0.26,0.26,0.21,0.27,0.27,0.14,0.36,2.73,1398,1723,1.88,1.34,0.92,0.96,0.8,0.07,0.09,0.13,0.13,0.13,0.1,0.13,0.13,0.07,0.13,0.54,0.6
PIK,2023,2023-06-19,pik_3131,,E2,Gregory,780,2926,1918,845,748,715,715,716,716,716,716,716,716,943,846,845,813,846,846,813,846,813,813,2.1,2.46,2.46,2.6,2.46,2.46,2.6,2.46,2.6,2.6,0.22,0.26,0.35,0.28,0.35,0.35,0.28,0.35,0.28,0.43,1.68,1365,1593,1.14,0.84,0.93,0.95,0.73,0.1,0.12,0.15,0.12,0.15,0.15,0.12,0.15,0.12,0.12,0.52,0.57
PIK,2023,2023-06-19,pik_316,,E1,Diery,683,2861,2276,1105,846,780,748,748,715,683,683,683,683,1235,943,910,878,878,878,846,845,845,845,1.32,2.03,2.14,2.26,2.26,2.26,2.38,2.39,2.39,2.39,0.18,0.2,0.28,0.3,0.3,0.38,0.4,0.4,0.4,0.55,2.33,1430,1755,1,0.63,0.96,0.95,0.76,0.11,0.1,0.14,0.15,0.15,0.19,0.19,0.19,0.19,0.19,0.59,0.63
PIK,2023,2023-06-19,pik_3192,,E2,Gregory,877,4389,3837,2016,1398,1268,1170,1105,1073,1073,1007,1007,1007,2178,1561,1398,1333,1268,1300,1300,1235,1203,1203,1.02,1.81,2.14,2.29,2.46,2.38,2.38,2.55,2.65,2.65,0.11,0.18,0.17,0.22,0.24,0.32,0.32,0.35,0.31,0.4,2.81,1918,2243,1.29,0.96,0.93,0.95,0.8,0.07,0.1,0.09,0.12,0.13,0.17,0.17,0.18,0.16,0.16,0.59,0.64
PIK,2023,2023-06-19,pik_3273,,E2,Gregory,911,4097,3089,1301,975,911,878,878,878,878,878,878,878,1398,1073,1008,1008,976,1008,1008,1008,1040,1008,1.93,2.82,3.06,3.06,3.2,3.06,3.06,3.06,2.94,3.06,0.13,0.19,0.21,0.28,0.22,0.28,0.28,0.28,0.33,0.36,2.52,1756,2179,1.33,0.88,0.96,0.99,0.78,0.07,0.09,0.1,0.13,0.1,0.13,0.13,0.13,0.16,0.13,0.57,0.64
PIK,2023,2023-06-19,pik_3282,,E2,Gregory,1073,3902,2763,1333,1073,1008,1008,976,976,943,943,943,943,1463,1203,1138,1106,1106,1106,1040,1041,1073,1073,1.67,2.24,2.43,2.53,2.53,2.53,2.75,2.75,2.64,2.64,0.18,0.24,0.26,0.21,0.27,0.27,0.23,0.23,0.29,0.36,1.93,1918,2113,1.03,0.85,0.96,0.99,0.73,0.09,0.11,0.11,0.09,0.12,0.12,0.09,0.09,0.12,0.12,0.54,0.58
PIK,2023,2023-06-19,pik_3356,,E2,Gregory,878,4714,3317,1593,910,780,715,716,650,650,683,650,650,1821,1073,878,781,813,813,813,813,812,812,1.59,3.39,4.37,5.04,4.8,4.8,4.8,4.8,4.81,4.81,0.2,0.3,0.25,0.2,0.28,0.47,0.47,0.37,0.46,0.42,4.1,1300,1560,2.63,2.02,1.1,1.13,0.81,0.13,0.15,0.11,0.08,0.12,0.2,0.2,0.16,0.2,0.2,0.6,0.67
PIK,2023,2023-06-19,pik_3366,,E2,Gregory,650,2113,1821,748,585,553,521,521,521,488,488,521,520,813,651,585,586,553,553,553,553,520,520,1.6,2.25,2.61,2.61,2.82,2.82,2.82,2.82,3.06,3.06,0.17,0.25,0.14,0.29,0.16,0.16,0.32,0.32,-0.01,0,2.5,716,781,1.95,1.71,0.74,0.83,0.69,0.08,0.1,0.05,0.11,0.06,0.06,0.12,0.12,0,0,0.32,0.38
PIK,2023,2023-06-19,pik_3437,,E2,Gregory,910,4259,3381,1300,975,943,910,910,910,878,878,911,911,1365,1041,1041,1008,1008,1040,1041,1041,1008,1041,2.12,3.09,3.09,3.23,3.23,3.1,3.09,3.09,3.23,3.09,0.09,0.13,0.2,0.21,0.21,0.26,0.33,0.33,0.21,0.36,2.71,1593,1886,1.67,1.26,0.92,0.97,0.79,0.05,0.06,0.09,0.1,0.1,0.12,0.16,0.16,0.1,0.12,0.53,0.6
PIK,2023,2023-06-19,pik_3484,,E2,Gregory,618,2991,2341,1073,748,683,650,650,650,650,650,618,650,1203,845,813,780,780,748,780,780,780,780,1.49,2.54,2.68,2.83,2.83,3,2.83,2.83,2.83,2.83,0.18,0.22,0.31,0.33,0.33,0.27,0.33,0.33,0.42,0.44,2.6,1170,1431,1.56,1.09,0.93,0.98,0.79,0.11,0.11,0.16,0.17,0.17,0.13,0.17,0.17,0.21,0.17,0.56,0.64
PIK,2023,2023-06-19,pik_3505,,E2,Gregory,585,1723,1431,715,617,585,618,585,585,585,585,618,617,747,683,683,650,650,650,650,650,682,683,1.31,1.52,1.52,1.65,1.65,1.65,1.65,1.65,1.53,1.52,0.09,0.22,0.33,0.12,0.24,0.24,0.24,0.24,0.22,0.34,1.32,813,1007,1.12,0.71,0.75,0.85,0.66,0.04,0.1,0.14,0.05,0.1,0.1,0.1,0.1,0.09,0.1,0.36,0.45
PIK,2023,2023-06-19,pik_3628,,E2,Gregory,748,3544,2634,1495,1040,878,813,780,748,748,748,715,683,1658,1138,1008,943,910,878,877,878,845,845,1.14,2.11,2.52,2.76,2.89,3.04,3.04,3.04,3.19,3.19,0.15,0.16,0.25,0.28,0.29,0.31,0.31,0.31,0.33,0.5,2.86,1203,1463,1.95,1.42,0.97,0.99,0.79,0.1,0.09,0.13,0.14,0.14,0.15,0.15,0.15,0.15,0.19,0.54,0.6
PIK,2023,2023-06-19,pik_402,,E1,Diery,520,1691,1203,650,520,487,520,520,488,520,521,520,487,682,585,585,585,585,585,585,585,585,585,1.48,1.89,1.89,1.89,1.89,1.89,1.89,1.89,1.89,1.89,0.1,0.25,0.38,0.25,0.25,0.38,0.25,0.25,0.25,0.6,1.47,943,1138,0.79,0.49,0.93,0.95,0.69,0.05,0.11,0.17,0.11,0.11,0.17,0.11,0.11,0.11,0.17,0.52,0.57
PIK,2023,2023-06-19,pik_4086,,E2,Gregory,716,3154,2666,1398,943,846,780,293,163,131,130,130,130,1528,1041,943,910,390,163,195,195,196,163,1.06,2.03,2.34,2.47,7.09,18.35,15.17,15.17,15.09,18.35,0.14,0.18,0.2,0.29,0.84,0,1.89,1.92,1.93,0.34,19.51,130,130,23.26,23.26,6.06,6.06,0.77,0.09,0.09,0.1,0.14,0.25,0,0.33,0.33,0.34,0.2,0.75,0.75
PIK,2023,2023-06-19,pik_413,,E1,Diery,423,1463,781,455,390,390,390,423,422,390,390,390,390,553,521,585,552,552,553,552,553,585,585,1.65,1.81,1.5,1.65,1.65,1.65,1.65,1.65,1.5,1.5,0.37,0.54,0.67,0.61,0.49,0.49,0.61,0.61,0.67,0.67,1,812,910,0.8,0.61,0.97,1,0.71,0.18,0.25,0.33,0.29,0.23,0.24,0.29,0.29,0.33,0.33,0.56,0.61
PIK,2023,2023-06-19,pik_4231,,E2,Gregory,683,3837,2991,1755,1171,943,878,845,812,812,812,780,813,1983,1300,1073,1008,975,976,975,975,975,943,0.93,1.95,2.58,2.81,2.94,2.93,2.94,2.94,2.94,3.07,0.16,0.16,0.21,0.24,0.25,0.31,0.31,0.31,0.37,0.33,2.68,1593,1983,1.41,0.93,0.93,0.95,0.82,0.11,0.1,0.12,0.13,0.13,0.17,0.17,0.17,0.2,0.14,0.61,0.67
PIK,2023,2023-06-19,pik_4393,,E2,Gregory,813,2893,2309,1138,878,780,748,748,715,715,748,748,715,1203,943,878,878,846,812,813,813,845,813,1.4,2.07,2.29,2.29,2.42,2.56,2.56,2.56,2.42,2.56,0.1,0.15,0.26,0.34,0.27,0.29,0.29,0.19,0.27,0.38,2.23,1105,1268,1.62,1.28,0.89,0.92,0.72,0.05,0.07,0.11,0.15,0.12,0.12,0.12,0.08,0.11,0.12,0.44,0.49
PIK,2023,2023-06-19,pik_4401,,E2,Gregory,748,3641,2926,1333,910,845,813,780,748,747,716,747,715,1463,1073,942,910,910,911,910,911,911,911,1.49,2.39,2.87,3,3,3,3,3,3,3,0.15,0.29,0.21,0.22,0.29,0.36,0.36,0.44,0.37,0.55,3.09,1528,1918,1.38,0.9,0.96,0.99,0.79,0.09,0.15,0.1,0.11,0.14,0.18,0.18,0.21,0.18,0.22,0.6,0.66
PIK,2023,2023-06-19,pik_4651,,E2,Gregory,812,3478,2633,1041,878,813,781,748,780,748,748,748,748,1170,943,910,878,878,845,845,845,846,845,1.97,2.69,2.82,2.96,2.96,3.12,3.12,3.12,3.11,3.12,0.21,0.15,0.23,0.24,0.33,0.17,0.26,0.26,0.26,0.37,2.52,1691,2016,1.06,0.73,0.94,0.93,0.77,0.11,0.07,0.11,0.11,0.15,0.08,0.11,0.11,0.12,0.11,0.58,0.61
PIK,2023,2023-06-19,pik_4784,,E2,Gregory,845,3478,2731,1236,878,845,813,813,780,780,780,780,748,1333,975,943,943,910,911,943,943,943,910,1.61,2.57,2.69,2.69,2.82,2.82,2.69,2.69,2.69,2.82,0.13,0.21,0.23,0.3,0.24,0.32,0.38,0.38,0.38,0.5,2.65,1398,1658,1.49,1.1,0.96,0.98,0.76,0.07,0.1,0.1,0.14,0.11,0.14,0.17,0.17,0.17,0.18,0.53,0.59
PIK,2023,2023-06-19,pik_4816,,E2,Gregory,845,4682,3934,2276,1496,1268,1170,1138,1105,1105,1106,1105,1073,2438,1593,1398,1333,1301,1268,1300,1301,1300,1300,0.92,1.94,2.35,2.51,2.6,2.69,2.6,2.6,2.6,2.6,0.09,0.1,0.16,0.22,0.22,0.23,0.27,0.27,0.27,0.39,2.67,2081,2535,1.25,0.85,0.96,0.97,0.82,0.07,0.06,0.09,0.12,0.13,0.13,0.15,0.15,0.15,0.17,0.64,0.69
PIK,2023,2023-06-19,pik_5256,,E2,Gregory,715,3446,2731,1528,1040,910,878,845,813,845,812,780,813,1691,1203,1073,1008,1008,1008,1008,976,943,975,1.04,1.86,2.21,2.42,2.42,2.42,2.42,2.53,2.65,2.53,0.15,0.24,0.28,0.24,0.31,0.37,0.31,0.32,0.34,0.42,2.36,1431,1724,1.41,1,0.96,0.98,0.79,0.1,0.14,0.15,0.13,0.16,0.19,0.16,0.17,0.17,0.17,0.59,0.64
PIK,2023,2023-06-19,pik_5408,,E2,Gregory,1073,5591,4714,2243,1365,1170,1072,1073,1073,1040,1008,1008,1008,2341,1496,1267,1235,1203,1170,1203,1171,1170,1170,1.39,2.74,3.41,3.53,3.65,3.78,3.65,3.77,3.78,3.78,0.07,0.17,0.16,0.27,0.23,0.18,0.29,0.3,0.3,0.42,3.68,2048,2504,1.73,1.23,0.94,0.95,0.81,0.04,0.09,0.08,0.13,0.11,0.08,0.14,0.14,0.14,0.14,0.57,0.62
PIK,2023,2023-06-19,pik_5454,,E2,Gregory,585,1788,1333,650,585,585,552,585,552,552,552,585,552,748,650,618,618,650,650,683,650,650,682,1.39,1.75,1.89,1.89,1.75,1.75,1.62,1.75,1.75,1.62,0.28,0.23,0.13,0.26,0.23,0.35,0.44,0.35,0.23,0.57,1.41,943,1072,0.9,0.67,0.86,0.88,0.67,0.13,0.1,0.05,0.11,0.1,0.15,0.19,0.15,0.1,0.19,0.45,0.48
PIK,2023,2023-06-19,pik_5586,,E2,Gregory,683,2535,1788,748,618,585,585,617,585,650,650,618,618,845,683,682,683,748,748,748,748,781,780,2,2.71,2.72,2.71,2.39,2.39,2.39,2.39,2.25,2.25,0.24,0.23,0.34,0.34,0.39,0.49,0.29,0.29,0.46,0.62,1.89,1235,1430,1.05,0.77,0.92,0.98,0.73,0.11,0.1,0.14,0.14,0.18,0.22,0.13,0.13,0.21,0.21,0.53,0.59
PIK,2023,2023-06-19,pik_5589,,E2,Gregory,780,3868,3089,1658,1138,943,878,813,812,780,780,780,748,1821,1268,1105,1008,943,942,942,942,910,910,1.12,2.05,2.5,2.84,3.1,3.11,3.11,3.11,3.25,3.25,0.14,0.18,0.28,0.25,0.28,0.28,0.35,0.35,0.3,0.5,3.13,1496,1788,1.59,1.16,0.93,0.96,0.8,0.09,0.1,0.15,0.13,0.14,0.14,0.17,0.17,0.14,0.18,0.57,0.62
PIK,2023,2023-06-19,pik_619,,E1,Diery,650,2438,1723,747,618,585,585,585,618,585,617,585,617,845,650,682,682,683,683,715,715,748,715,1.89,2.75,2.57,2.57,2.57,2.57,2.41,2.41,2.26,2.41,0.24,0.12,0.33,0.33,0.33,0.22,0.41,0.31,0.48,0.43,1.79,1300,1593,0.88,0.53,0.92,0.92,0.73,0.12,0.05,0.14,0.14,0.14,0.1,0.18,0.14,0.22,0.14,0.55,0.59
PIK,2023,2023-06-19,pik_730,,E1,Diery,683,2178,1593,618,552,586,552,585,553,553,553,586,585,748,650,618,617,651,683,683,650,683,682,1.91,2.35,2.52,2.53,2.35,2.19,2.19,2.35,2.19,2.19,0.4,0.38,0.14,0.28,0.26,0.47,0.47,0.38,0.35,0.43,1.72,1431,1658,0.52,0.31,0.96,0.97,0.69,0.17,0.15,0.05,0.11,0.1,0.19,0.19,0.15,0.14,0.14,0.57,0.61
PIK,2023,2023-06-19,pik_739,,E1,Diery,650,2926,2081,878,650,650,585,585,617,585,618,617,617,1041,780,748,748,747,747,747,780,812,812,1.81,2.75,2.91,2.91,2.92,2.92,2.92,2.75,2.6,2.6,0.28,0.35,0.28,0.46,0.46,0.37,0.46,0.43,0.49,0.6,2.37,1300,1625,1.25,0.8,0.95,0.97,0.78,0.16,0.17,0.13,0.22,0.22,0.17,0.22,0.21,0.24,0.24,0.58,0.64
PIK,2023,2023-06-19,pik_748,,E1,Diery,715,2829,1886,846,683,683,650,650,618,651,651,650,650,910,748,748,715,748,748,781,748,781,780,2.11,2.78,2.78,2.96,2.78,2.78,2.62,2.78,2.62,2.63,0.14,0.2,0.2,0.21,0.3,0.4,0.37,0.3,0.37,0.57,1.9,1463,1853,0.93,0.53,0.96,0.96,0.75,0.07,0.09,0.09,0.09,0.13,0.17,0.17,0.13,0.17,0.17,0.58,0.63
PIK,2023,2023-06-19,pik_981,,E1,Diery,650,2601,1886,1008,748,683,650,618,650,618,748,617,617,1203,943,878,877,846,878,845,943,846,813,1.16,1.76,1.96,1.97,2.07,1.96,2.08,1.76,2.07,2.2,0.28,0.4,0.44,0.51,0.55,0.52,0.54,0.4,0.55,0.6,2.06,1430,1723,0.82,0.51,0.99,0.96,0.75,0.16,0.21,0.22,0.26,0.27,0.26,0.27,0.21,0.27,0.24,0.61,0.64
PIK,2023,2023-06-19,pik_984,,E1,Diery,585,1918,1398,553,455,390,358,390,390,422,390,390,390,650,520,487,455,455,455,455,455,488,520,1.95,2.69,2.94,3.22,3.22,3.22,3.22,3.22,2.93,2.69,0.34,0.33,0.54,0.61,0.41,0.41,0.21,0.41,0.55,0.67,2.58,1008,1106,0.9,0.73,1.06,1.04,0.69,0.15,0.12,0.2,0.21,0.14,0.14,0.07,0.14,0.2,0.25,0.58,0.59
PIK,2023,2023-06-20,pik_122,,E2,Gregory,845,4682,3576,1723,1236,1105,1106,1008,1008,1073,1073,1073,1073,1918,1430,1300,1300,1268,1268,1398,1365,1366,1333,1.44,2.27,2.6,2.6,2.69,2.69,2.35,2.43,2.43,2.51,0.16,0.23,0.27,0.27,0.37,0.37,0.4,0.38,0.38,0.47,2.33,2373,2731,0.97,0.71,0.94,0.97,0.82,0.1,0.14,0.15,0.15,0.21,0.21,0.23,0.21,0.21,0.2,0.66,0.7
PIK,2023,2023-06-20,pik_1306,,E2,Gregory,1008,4129,3154,1138,943,878,846,846,846,878,846,846,878,1203,975,943,943,943,943,975,1008,976,976,2.43,3.23,3.38,3.38,3.38,3.38,3.23,3.1,3.23,3.23,0.11,0.08,0.17,0.25,0.25,0.25,0.24,0.37,0.32,0.38,2.59,1691,2114,1.44,0.95,0.93,0.98,0.76,0.05,0.03,0.07,0.1,0.1,0.1,0.1,0.16,0.13,0.1,0.52,0.6
PIK,2023,2023-06-20,pik_1530,,E1,Diery,349,1386,997,468,379,349,339,349,329,338,329,329,329,548,429,419,419,429,429,409,419,419,419,1.53,2.23,2.31,2.31,2.23,2.23,2.39,2.31,2.31,2.31,0.27,0.24,0.35,0.4,0.39,0.49,0.37,0.45,0.45,0.57,2.03,618,738,1.24,0.88,0.96,0.95,0.75,0.15,0.12,0.17,0.19,0.19,0.23,0.17,0.21,0.21,0.21,0.55,0.58
PIK,2023,2023-06-20,pik_1620,,E1,Diery,488,1463,1008,520,423,422,422,422,423,423,422,455,422,553,488,455,487,487,455,487,487,488,520,1.65,2,2.22,2,2,2.22,2,2,2,1.81,0.14,0.33,0.19,0.33,0.33,0.18,0.33,0.33,0.17,0.6,1.39,715,878,1.05,0.67,0.92,0.88,0.67,0.06,0.13,0.07,0.13,0.13,0.07,0.13,0.13,0.07,0.19,0.45,0.48
PIK,2023,2023-06-20,pik_1676,,E1,Diery,845,3413,2536,943,650,585,585,585,553,586,618,617,617,1040,747,716,683,683,650,716,715,715,715,2.28,3.57,3.77,4,4,4.25,3.77,3.77,3.77,3.77,0.19,0.33,0.47,0.38,0.38,0.41,0.47,0.35,0.35,0.6,3.11,1365,1593,1.5,1.14,0.95,0.94,0.75,0.09,0.13,0.18,0.14,0.14,0.15,0.18,0.14,0.14,0.14,0.52,0.55
PIK,2023,2023-06-20,pik_1711,,E1,Diery,618,2016,1365,586,520,487,488,488,488,520,520,521,520,683,585,553,585,586,618,651,618,618,650,1.95,2.45,2.65,2.45,2.44,2.26,2.1,2.26,2.26,2.1,0.33,0.28,0.31,0.42,0.42,0.51,0.48,0.39,0.38,0.67,1.62,1235,1398,0.63,0.44,0.95,0.95,0.69,0.14,0.11,0.12,0.17,0.17,0.21,0.2,0.16,0.16,0.2,0.55,0.58
PIK,2023,2023-06-20,pik_1826,,E1,Diery,552,3283,1691,716,618,553,553,553,553,553,552,553,553,813,650,618,650,651,650,618,617,651,618,3.04,4.05,4.31,4.05,4.04,4.05,4.31,4.32,4.04,4.31,0.22,0.1,0.22,0.3,0.3,0.3,0.22,0.22,0.3,0.29,2.06,975,1171,2.37,1.8,0.84,0.91,0.83,0.12,0.05,0.11,0.15,0.15,0.15,0.11,0.11,0.15,0.11,0.5,0.58
PIK,2023,2023-06-20,pik_1859,,E1,Diery,455,1690,1138,553,423,423,423,422,423,422,455,423,422,650,488,488,488,520,520,520,520,520,520,1.6,2.46,2.46,2.46,2.25,2.25,2.25,2.25,2.25,2.25,0.29,0.3,0.3,0.3,0.41,0.41,0.41,0.27,0.41,0.6,1.7,780,943,1.17,0.79,0.97,0.97,0.73,0.15,0.13,0.13,0.13,0.19,0.19,0.19,0.12,0.19,0.19,0.54,0.59
PIK,2023,2023-06-20,pik_1906,,E1,Diery,650,2341,1626,748,553,520,520,487,487,488,488,520,520,813,618,585,552,553,585,618,585,618,585,1.88,2.79,3,3.24,3.23,3,2.79,3,2.79,3,0.17,0.26,0.28,0.15,0.31,0.43,0.52,0.42,0.39,0.4,2.13,975,1170,1.4,1,0.9,0.98,0.72,0.08,0.11,0.11,0.06,0.12,0.17,0.21,0.17,0.16,0.11,0.47,0.56
PIK,2023,2023-06-20,pik_1972,,E1,Diery,309,1277,838,409,349,279,269,270,269,269,269,269,269,488,389,339,319,329,339,339,339,339,339,1.62,2.28,2.77,3,2.88,2.77,2.77,2.77,2.77,2.77,0.3,0.21,0.39,0.36,0.4,0.45,0.45,0.45,0.45,0.5,2.12,518,628,1.47,1.03,0.96,1.02,0.76,0.16,0.1,0.18,0.16,0.18,0.21,0.21,0.21,0.21,0.21,0.54,0.62
PIK,2023,2023-06-20,pik_2043,,E1,Diery,488,2113,1496,617,487,455,488,487,487,487,487,455,455,683,520,520,553,585,553,585,617,585,585,2.09,3.06,3.06,2.82,2.61,2.82,2.61,2.42,2.61,2.61,0.19,0.14,0.28,0.25,0.35,0.26,0.35,0.43,0.46,0.57,2.29,877,1073,1.41,0.97,0.96,1.01,0.77,0.1,0.06,0.12,0.12,0.17,0.12,0.17,0.21,0.22,0.22,0.56,0.64
PIK,2023,2023-06-20,pik_2106,,E1,Diery,349,1416,977,528,399,388,359,349,349,329,290,279,279,649,498,488,458,459,469,329,369,378,369,1.18,1.84,1.9,2.09,2.08,2.02,3.3,2.84,2.75,2.84,0.32,0.38,0.4,0.43,0.48,0.51,0,0.48,0.58,0.53,2.5,569,688,1.49,1.06,1.08,1.04,0.75,0.19,0.2,0.2,0.22,0.24,0.26,0,0.21,0.26,0.24,0.6,0.62
PIK,2023,2023-06-20,pik_2112,,E1,Diery,715,2276,1690,715,650,585,585,618,585,585,585,585,617,780,683,682,715,682,715,715,715,715,715,1.92,2.33,2.34,2.18,2.34,2.18,2.18,2.18,2.18,2.18,0.19,0.12,0.36,0.45,0.24,0.45,0.45,0.45,0.45,0.43,1.74,1235,1756,0.84,0.3,0.97,1.03,0.69,0.08,0.05,0.14,0.18,0.09,0.18,0.18,0.18,0.18,0.14,0.53,0.65
PIK,2023,2023-06-20,pik_2155,,E1,Diery,748,3024,2309,878,716,651,618,651,651,651,683,683,651,975,780,715,748,748,781,846,845,878,878,2.1,2.88,3.23,3.04,3.04,2.87,2.57,2.58,2.44,2.44,0.2,0.19,0.21,0.4,0.3,0.38,0.5,0.42,0.47,0.64,2.55,1561,1918,0.94,0.58,0.99,0.95,0.75,0.1,0.08,0.09,0.17,0.13,0.17,0.23,0.19,0.22,0.26,0.6,0.63
PIK,2023,2023-06-20,pik_2168,,E1,Diery,585,2211,1430,650,520,520,520,520,553,520,520,553,552,715,617,585,585,618,618,585,618,618,617,2.09,2.58,2.78,2.78,2.58,2.58,2.78,2.58,2.58,2.58,0.19,0.36,0.26,0.26,0.36,0.24,0.26,0.36,0.24,0.33,1.59,1040,1268,1.13,0.74,0.94,0.92,0.74,0.09,0.16,0.11,0.11,0.16,0.11,0.11,0.16,0.11,0.11,0.53,0.56
PIK,2023,2023-06-20,pik_2261,,E1,Diery,585,2536,1691,683,553,553,521,521,553,520,553,520,553,748,618,618,618,618,618,650,650,650,650,2.39,3.1,3.1,3.1,3.1,3.1,2.9,2.9,2.9,2.9,0.18,0.23,0.23,0.35,0.35,0.23,0.43,0.32,0.43,0.43,2.06,1040,1301,1.44,0.95,0.92,0.95,0.77,0.09,0.11,0.11,0.16,0.16,0.11,0.2,0.15,0.2,0.15,0.53,0.6
PIK,2023,2023-06-20,pik_2274,,E1,Diery,683,2504,2016,1008,683,618,586,586,618,585,586,586,618,1040,683,651,651,651,650,650,683,683,683,1.41,2.67,2.85,2.85,2.85,2.85,2.85,2.67,2.67,2.67,0.06,0,0.12,0.24,0.24,0.12,0.24,0.34,0.34,0.33,2.26,1008,1171,1.48,1.14,0.81,0.85,0.73,0.03,0,0.05,0.1,0.1,0.05,0.1,0.14,0.14,0.1,0.42,0.47
PIK,2023,2023-06-20,pik_2403,,E1,Diery,553,2113,1625,747,553,0,0,0,32,0,33,0,32,910,682,0,0,33,0,32,33,32,33,1.32,2.1,0,0,63.03,0,65.03,63.03,65.03,63.03,0.33,0.4,0,0,23.7,0.04,24.41,0,24.41,0,49.78,33,32,63.03,65.03,0.72,0,0.74,0.18,0.19,0,0,1,0,1,0,1,0.03,0.03,0
PIK,2023,2023-06-20,pik_2441,,E1,Diery,389,1136,747,378,349,349,348,349,349,349,359,358,359,408,388,389,388,399,399,399,419,418,418,1.78,1.93,1.92,1.93,1.85,1.85,1.85,1.71,1.72,1.72,0.18,0.25,0.26,0.26,0.31,0.31,0.31,0.35,0.35,0.54,1.08,747,907,0.52,0.25,0.93,0.94,0.66,0.07,0.1,0.1,0.1,0.13,0.13,0.13,0.14,0.14,0.14,0.52,0.57
PIK,2023,2023-06-20,pik_2671,,E2,Gregory,780,3348,2568,1138,846,781,748,716,716,683,683,683,651,1203,911,878,813,813,780,781,781,780,781,1.78,2.68,2.81,3.12,3.12,3.29,3.29,3.29,3.29,3.29,0.1,0.15,0.24,0.18,0.27,0.19,0.29,0.29,0.29,0.5,2.94,1073,1300,2.12,1.58,0.89,0.98,0.77,0.05,0.07,0.11,0.08,0.12,0.08,0.13,0.13,0.12,0.17,0.45,0.55
PIK,2023,2023-06-20,pik_2811,,E2,Gregory,715,3186,2308,1073,780,748,715,682,683,455,682,650,682,1170,877,845,812,780,780,683,813,780,780,1.72,2.63,2.77,2.92,3.08,3.08,3.66,2.92,3.08,3.08,0.15,0.23,0.24,0.26,0.27,0.27,0.78,0.34,0.36,0.33,2.38,1137,1365,1.8,1.33,0.93,1,0.78,0.08,0.11,0.11,0.12,0.13,0.12,0.33,0.16,0.17,0.13,0.51,0.59
PIK,2023,2023-06-20,pik_2815,,E2,Gregory,813,3902,3088,1236,943,878,878,846,846,845,878,845,878,1333,1040,976,976,1008,1008,1008,1008,1008,1008,1.93,2.75,3,3,2.87,2.87,2.87,2.87,2.87,2.87,0.13,0.19,0.21,0.21,0.32,0.32,0.33,0.26,0.33,0.36,2.52,1659,2080,1.35,0.88,0.92,0.98,0.79,0.07,0.09,0.1,0.1,0.16,0.16,0.16,0.13,0.16,0.13,0.57,0.66
PIK,2023,2023-06-20,pik_2964,,E2,Gregory,813,3967,3056,1203,942,878,878,845,845,877,878,845,812,1268,1040,1008,975,975,943,975,975,975,975,2.13,2.81,2.94,3.07,3.07,3.21,3.07,3.07,3.07,3.07,0.09,0.19,0.26,0.2,0.27,0.22,0.21,0.2,0.27,0.5,2.76,1463,1755,1.71,1.26,0.91,0.97,0.8,0.05,0.09,0.13,0.1,0.13,0.1,0.1,0.1,0.13,0.17,0.53,0.61
PIK,2023,2023-06-20,pik_3321,,E2,Gregory,1040,4129,2894,1170,1073,1073,975,1008,1008,1008,1040,1008,943,1236,1171,1138,1106,1105,1073,1040,1106,1106,1041,2.34,2.53,2.63,2.73,2.74,2.85,2.97,2.73,2.73,2.97,0.11,0.18,0.13,0.27,0.2,0.14,0.07,0.13,0.2,0.38,2.07,1528,1983,1.7,1.08,0.89,0.95,0.75,0.05,0.08,0.06,0.12,0.09,0.06,0.03,0.06,0.09,0.09,0.47,0.56
PIK,2023,2023-06-20,pik_373,,E1,Diery,423,1301,813,390,357,0,0,0,0,0,0,0,0,455,130,0,0,0,0,0,0,0,0,1.86,9.01,0,0,0,0,0,0,0,0,0.34,-10.17,0,0,0,0,0,0,0,0,0,0,0,0,0,0,0,0.67,0.14,-1.75,0,0,0,0,0,0,0,0,0,0
PIK,2023,2023-06-20,pik_3759,,E2,Gregory,845,3251,2568,975,812,748,780,715,748,715,748,748,747,1072,845,813,812,812,845,813,845,845,877,2.03,2.85,3,3,3,2.85,3,2.85,2.85,2.71,0.19,0.09,0.19,0.09,0.29,0.27,0.29,0.27,0.27,0.45,2.44,1658,2016,0.96,0.61,0.93,0.96,0.74,0.09,0.04,0.08,0.04,0.12,0.11,0.12,0.11,0.11,0.15,0.55,0.61
PIK,2023,2023-06-20,pik_3907,,E2,Gregory,780,3706,2926,1138,878,812,812,780,780,812,780,780,812,1236,976,943,910,910,943,911,975,943,943,2,2.8,2.93,3.07,3.07,2.93,3.07,2.8,2.93,2.93,0.14,0.2,0.28,0.22,0.3,0.35,0.23,0.4,0.35,0.45,2.6,1690,2113,1.19,0.75,0.91,0.95,0.79,0.08,0.1,0.14,0.11,0.14,0.17,0.11,0.2,0.17,0.14,0.58,0.65
PIK,2023,2023-06-20,pik_3967,,E2,Gregory,1040,5917,5202,2536,1658,1333,1235,1171,1041,1008,975,942,943,2666,1723,1463,1333,1301,1170,1171,1073,1073,1073,1.22,2.43,3.04,3.44,3.55,4.06,4.05,4.51,4.51,4.51,0.07,0.07,0.17,0.14,0.2,0.23,0.29,0.2,0.27,0.31,4.52,1593,1918,2.71,2.08,1.06,1.04,0.82,0.05,0.04,0.09,0.07,0.1,0.11,0.14,0.09,0.12,0.12,0.59,0.63
PIK,2023,2023-06-20,pik_4006,,E2,Gregory,910,3836,2829,1041,813,748,715,748,748,748,780,748,748,1138,878,846,846,845,878,910,878,878,878,2.37,3.37,3.53,3.53,3.54,3.37,3.22,3.37,3.37,3.37,0.17,0.17,0.28,0.37,0.28,0.35,0.41,0.26,0.35,0.5,2.78,1560,1918,1.46,1,0.92,0.96,0.76,0.09,0.07,0.12,0.15,0.11,0.15,0.18,0.11,0.15,0.15,0.52,0.59
PIK,2023,2023-06-20,pik_4025,,E2,Gregory,650,2731,1886,748,618,585,585,585,552,553,552,552,552,877,683,682,650,682,650,650,650,650,650,2.11,3,3,3.2,3,3.2,3.2,3.2,3.2,3.2,0.29,0.21,0.32,0.23,0.32,0.35,0.35,0.35,0.35,0.43,2.42,1170,1398,1.33,0.95,0.96,0.97,0.76,0.15,0.1,0.14,0.1,0.14,0.15,0.15,0.15,0.15,0.15,0.56,0.61
PIK,2023,2023-06-20,pik_4043,,E2,Gregory,683,2764,1951,813,618,618,585,585,585,585,585,553,585,878,715,683,650,618,650,650,650,650,650,2.15,2.87,3.05,3.25,3.47,3.25,3.25,3.25,3.25,3.25,0.15,0.31,0.22,0.24,0.13,0.24,0.24,0.24,0.36,0.29,2.34,1040,1268,1.66,1.18,0.94,1.01,0.75,0.07,0.14,0.1,0.1,0.05,0.1,0.1,0.1,0.15,0.1,0.5,0.59
PIK,2023,2023-06-20,pik_4141,,E2,Gregory,813,4324,3609,1788,1171,976,943,943,943,943,943,911,911,1885,1268,1106,1105,1073,1106,1106,1106,1106,1106,1.29,2.41,2.91,2.91,3.03,2.91,2.91,2.91,2.91,2.91,0.08,0.14,0.22,0.28,0.23,0.28,0.28,0.28,0.34,0.46,2.96,1658,2015,1.61,1.15,0.91,0.94,0.81,0.05,0.08,0.12,0.15,0.12,0.15,0.15,0.15,0.18,0.18,0.57,0.63
PIK,2023,2023-06-20,pik_4199,,E2,Gregory,716,3512,2536,1105,813,748,650,650,650,650,683,650,651,1268,910,910,813,780,813,845,845,846,845,1.77,2.86,2.86,3.32,3.5,3.32,3.16,3.16,3.15,3.16,0.22,0.21,0.35,0.42,0.36,0.42,0.48,0.4,0.48,0.6,2.9,1300,1593,1.7,1.2,0.97,0.99,0.8,0.13,0.11,0.18,0.2,0.17,0.2,0.23,0.19,0.23,0.23,0.57,0.63
PIK,2023,2023-06-20,pik_425,,E2,Gregory,747,4129,3414,1853,1203,976,911,878,846,845,845,845,846,1983,1268,1073,1041,1008,976,943,1008,976,976,1.08,2.26,2.85,2.97,3.1,3.23,3.38,3.1,3.23,3.23,0.1,0.09,0.17,0.23,0.25,0.26,0.2,0.31,0.26,0.36,3.04,1691,2048,1.44,1.02,0.92,0.94,0.82,0.07,0.05,0.09,0.12,0.13,0.13,0.1,0.16,0.13,0.13,0.6,0.65
PIK,2023,2023-06-20,pik_4411,,E2,Gregory,618,2666,1886,780,586,586,585,585,586,553,585,520,553,878,716,683,683,651,683,683,650,650,650,2.04,2.72,2.9,2.9,3.1,2.9,2.9,3.1,3.1,3.1,0.21,0.39,0.31,0.31,0.23,0.31,0.41,0.22,0.45,0.5,2.41,1073,1235,1.48,1.16,1.01,1,0.77,0.11,0.18,0.14,0.14,0.1,0.14,0.19,0.1,0.2,0.15,0.58,0.61
PIK,2023,2023-06-20,pik_4460,,E2,Gregory,1040,5266,4292,2048,1366,1171,1106,1073,1041,1040,1040,1008,1008,2178,1463,1301,1236,1203,1170,1203,1171,1171,1203,1.42,2.6,3.05,3.26,3.38,3.5,3.38,3.5,3.5,3.38,0.1,0.13,0.2,0.22,0.22,0.23,0.28,0.24,0.29,0.46,3.26,2048,2471,1.57,1.13,0.93,0.94,0.8,0.06,0.07,0.1,0.11,0.11,0.11,0.14,0.11,0.14,0.16,0.57,0.62
PIK,2023,2023-06-20,pik_4480,,E2,Gregory,1105,5690,4844,2731,1821,1560,1463,1398,1333,1333,1268,1268,1236,2893,1951,1690,1560,1528,1496,1430,1431,1430,1398,0.97,1.92,2.37,2.65,2.72,2.8,2.98,2.98,2.98,3.07,0.08,0.11,0.14,0.12,0.16,0.21,0.13,0.22,0.22,0.36,2.92,2373,2829,1.4,1.01,0.93,0.96,0.81,0.06,0.07,0.08,0.06,0.09,0.11,0.07,0.11,0.11,0.12,0.59,0.64
PIK,2023,2023-06-20,pik_4480,,E2,Gregory,1106,5267,4259,1755,1430,1333,1301,1300,1268,1268,1268,1236,1235,1918,1528,1463,1431,1398,1431,1398,1398,1398,1398,1.75,2.45,2.6,2.68,2.77,2.68,2.77,2.77,2.77,2.77,0.15,0.12,0.17,0.18,0.14,0.23,0.19,0.19,0.23,0.36,2.45,2601,3153,1.02,0.67,0.94,0.95,0.79,0.08,0.06,0.09,0.09,0.07,0.11,0.09,0.09,0.12,0.12,0.61,0.66
PIK,2023,2023-06-20,pik_4739,,E2,Gregory,1008,5397,4617,2634,1691,1398,1301,1236,1203,1203,1138,1170,1138,2764,1789,1528,1431,1366,1333,1300,1300,1268,1268,0.95,2.02,2.53,2.77,2.95,3.05,3.15,3.15,3.26,3.26,0.07,0.09,0.15,0.17,0.18,0.19,0.15,0.24,0.15,0.31,3.06,2048,2374,1.64,1.27,0.92,0.96,0.81,0.05,0.05,0.09,0.09,0.1,0.1,0.07,0.12,0.08,0.1,0.57,0.63
PIK,2023,2023-06-20,pik_4852,,E2,Gregory,910,4031,2991,1203,976,911,878,878,878,878,910,878,878,1333,1106,1041,1041,1008,1008,1008,1040,1041,1008,2.02,2.64,2.87,2.87,3,3,3,2.88,2.87,3,0.18,0.24,0.27,0.33,0.28,0.28,0.28,0.27,0.33,0.44,2.41,1593,1885,1.53,1.14,0.92,0.92,0.77,0.1,0.12,0.12,0.16,0.13,0.13,0.13,0.12,0.16,0.13,0.53,0.57
PIK,2023,2023-06-20,pik_4893,,E2,Gregory,943,4649,3706,1755,1235,1072,1008,975,975,975,910,943,942,1853,1366,1202,1170,1138,1105,1105,1105,1072,1072,1.51,2.4,2.87,2.97,3.09,3.21,3.21,3.21,3.34,3.34,0.09,0.18,0.21,0.28,0.29,0.24,0.24,0.37,0.25,0.36,2.93,1658,1983,1.8,1.34,0.91,0.97,0.8,0.05,0.1,0.11,0.14,0.14,0.12,0.12,0.18,0.12,0.12,0.53,0.61
PIK,2023,2023-06-20,pik_5334,,E2,Gregory,910,3674,2763,1203,942,910,878,878,910,910,878,878,910,1268,1040,1040,975,1007,1007,1007,1040,1040,1008,1.9,2.53,2.53,2.77,2.65,2.65,2.65,2.53,2.53,2.64,0.1,0.2,0.27,0.22,0.28,0.21,0.21,0.34,0.34,0.33,2.04,1430,1723,1.57,1.13,0.84,0.9,0.75,0.05,0.09,0.12,0.1,0.13,0.1,0.1,0.16,0.16,0.1,0.45,0.53
PIK,2023,2023-06-20,pik_5366,,E2,Gregory,1040,4649,3869,1950,1430,1301,1203,1170,1170,1138,1105,1106,1105,2113,1593,1398,1333,1300,1268,1268,1268,1236,1236,1.2,1.92,2.33,2.49,2.58,2.67,2.67,2.67,2.76,2.76,0.13,0.19,0.14,0.2,0.2,0.16,0.21,0.26,0.22,0.31,2.5,2081,2406,1.23,0.93,0.98,0.97,0.78,0.08,0.1,0.07,0.1,0.1,0.08,0.1,0.13,0.11,0.11,0.59,0.62
PIK,2023,2023-06-20,pik_5470,,E2,Gregory,748,3446,2796,1300,877,812,747,780,748,748,715,715,715,1430,1008,910,878,878,878,845,878,877,878,1.41,2.42,2.79,2.92,2.92,2.92,3.08,2.92,2.93,2.92,0.15,0.25,0.22,0.31,0.23,0.31,0.24,0.39,0.39,0.46,2.91,1333,1625,1.59,1.12,1,0.98,0.78,0.09,0.13,0.11,0.15,0.11,0.15,0.11,0.19,0.18,0.19,0.59,0.62
PIK,2023,2023-06-20,pik_5617,,E2,Gregory,845,3543,2861,1430,1040,942,942,910,877,877,845,845,845,1561,1138,1040,1040,1040,1040,1040,1040,1007,1007,1.27,2.11,2.41,2.41,2.41,2.41,2.41,2.41,2.52,2.52,0.14,0.17,0.19,0.19,0.26,0.32,0.32,0.39,0.34,0.42,2.39,1300,1463,1.73,1.42,0.97,0.94,0.76,0.08,0.09,0.09,0.09,0.12,0.16,0.16,0.19,0.16,0.16,0.53,0.53
PIK,2023,2023-06-20,pik_5666,,E2,Gregory,943,4974,4259,2211,1398,1170,1105,1105,1073,1073,1040,1073,1041,2341,1496,1333,1235,1203,1203,1203,1235,1203,1236,1.12,2.32,2.73,3.03,3.13,3.13,3.13,3.03,3.13,3.02,0.08,0.12,0.23,0.2,0.16,0.21,0.21,0.31,0.21,0.37,3.09,1853,2276,1.68,1.19,0.91,0.95,0.81,0.06,0.07,0.12,0.11,0.08,0.11,0.11,0.16,0.11,0.16,0.56,0.63
PIK,2023,2023-06-20,pik_910,,E1,Diery,911,3056,2374,878,683,683,683,715,716,715,716,716,715,976,813,813,845,878,846,878,878,878,911,2.13,2.76,2.76,2.62,2.48,2.61,2.48,2.48,2.48,2.35,0.23,0.42,0.42,0.49,0.46,0.39,0.46,0.46,0.46,0.6,2.32,1561,1854,0.96,0.65,0.99,0.98,0.7,0.1,0.16,0.16,0.19,0.19,0.15,0.19,0.18,0.18,0.22,0.54,0.58
PIK,2023,2023-06-20,pik_956,,E1,Diery,439,1475,1047,469,388,329,359,260,359,349,359,349,339,509,428,428,418,349,418,409,409,418,409,1.9,2.45,2.45,2.53,3.23,2.53,2.61,2.61,2.53,2.61,0.18,0.23,0.57,0.35,0.71,0.35,0.37,0.31,0.41,0.54,2.09,598,688,1.47,1.14,0.92,0.94,0.7,0.08,0.09,0.23,0.14,0.26,0.14,0.15,0.12,0.17,0.17,0.45,0.49
PIK,2023,2023-06-20,pik_960,,E1,Diery,455,1625,1170,553,455,423,422,423,422,423,423,423,422,618,553,521,521,553,553,520,520,553,553,1.63,1.94,2.12,2.12,1.94,1.94,2.12,2.12,1.94,1.94,0.21,0.38,0.42,0.42,0.5,0.51,0.41,0.41,0.5,0.57,1.77,813,943,1,0.72,0.92,0.92,0.72,0.11,0.18,0.19,0.19,0.24,0.24,0.19,0.19,0.24,0.24,0.52,0.55
PIK,2023,2023-07-18,pik_1290,,E1,Emilie,487,2601,2016,1203,715,585,553,520,520,487,520,553,520,1365,845,682,650,650,618,617,650,650,683,0.91,2.08,2.81,3,3,3.21,3.22,3,3,2.81,0.17,0.26,0.27,0.29,0.38,0.31,0.42,0.38,0.29,0.56,2.88,846,1008,2.07,1.58,0.99,1.03,0.81,0.12,0.15,0.14,0.15,0.2,0.16,0.21,0.2,0.15,0.24,0.58,0.65
PIK,2023,2023-07-18,pik_1306,,E1,Emilie,586,3121,2666,2081,1398,1106,942,878,846,813,780,781,748,2211,1495,1236,1105,1040,976,943,943,943,878,0.41,1.09,1.53,1.82,2,2.2,2.31,2.31,2.31,2.55,0.08,0.1,0.17,0.24,0.26,0.23,0.24,0.31,0.3,0.36,2.56,1268,1496,1.46,1.09,0.88,0.93,0.81,0.06,0.06,0.11,0.15,0.16,0.13,0.14,0.17,0.17,0.15,0.56,0.63
PIK,2023,2023-07-18,pik_1436,,E1,Emilie,617,3837,1691,943,683,618,585,585,552,585,585,585,552,1041,780,780,748,747,748,747,781,780,813,2.69,3.92,3.92,4.13,4.14,4.13,4.14,3.91,3.92,3.72,0.16,0.24,0.4,0.43,0.43,0.52,0.43,0.49,0.49,0.62,2.06,1040,1203,2.69,2.19,1.01,1,0.84,0.09,0.12,0.21,0.22,0.22,0.26,0.22,0.25,0.25,0.32,0.59,0.62
PIK,2023,2023-07-18,pik_1530,,E1,Emilie,878,3933,3251,1690,1073,943,878,878,845,845,845,845,878,1756,1170,1041,975,975,943,976,975,976,1008,1.24,2.36,2.78,3.03,3.03,3.17,3.03,3.03,3.03,2.9,0.06,0.16,0.2,0.21,0.21,0.23,0.29,0.29,0.29,0.33,2.7,1268,1528,2.1,1.57,0.92,0.96,0.78,0.04,0.08,0.09,0.1,0.1,0.1,0.13,0.13,0.13,0.13,0.49,0.55
PIK,2023,2023-07-18,pik_1620,,E1,Emilie,586,3088,2536,1528,942,780,716,683,683,651,683,683,683,1658,1073,910,845,813,813,813,845,846,910,0.86,1.88,2.39,2.65,2.8,2.8,2.8,2.65,2.65,2.39,0.11,0.2,0.26,0.28,0.3,0.3,0.38,0.36,0.36,0.5,2.71,1170,1463,1.64,1.11,0.94,0.96,0.81,0.08,0.12,0.14,0.15,0.16,0.16,0.2,0.19,0.19,0.25,0.58,0.64
PIK,2023,2023-07-18,pik_1676,,E1,Emilie,617,3186,2569,1300,813,683,650,618,651,618,618,618,618,1431,910,748,716,715,748,716,716,748,748,1.23,2.5,3.26,3.45,3.46,3.26,3.45,3.45,3.26,3.26,0.14,0.2,0.18,0.19,0.28,0.26,0.28,0.28,0.35,0.44,3.16,1040,1203,2.06,1.65,0.92,0.97,0.81,0.09,0.11,0.09,0.09,0.14,0.13,0.14,0.14,0.17,0.17,0.53,0.6
PIK,2023,2023-07-18,pik_1711,,E1,Emilie,813,3512,2601,1788,1333,1171,1073,1040,1040,975,943,943,942,2178,1593,1430,1333,1300,1301,1268,1235,1236,1203,0.61,1.2,1.46,1.63,1.7,1.7,1.77,1.84,1.84,1.92,0.27,0.27,0.32,0.35,0.36,0.36,0.42,0.44,0.44,0.47,1.76,2015,2275,0.74,0.54,0.98,0.98,0.77,0.18,0.16,0.18,0.2,0.2,0.2,0.23,0.24,0.24,0.22,0.65,0.67
PIK,2023,2023-07-18,pik_1826,,E1,Emilie,359,1615,1077,578,449,409,398,409,399,399,399,379,389,688,519,498,469,499,488,499,498,488,489,1.35,2.11,2.24,2.44,2.24,2.31,2.24,2.24,2.31,2.3,0.27,0.25,0.34,0.3,0.35,0.35,0.39,0.38,0.43,0.5,1.77,678,798,1.38,1.02,0.94,0.99,0.78,0.16,0.13,0.18,0.15,0.18,0.18,0.2,0.2,0.22,0.2,0.56,0.62
PIK,2023,2023-07-18,pik_1859,,E1,Emilie,683,3219,2601,1268,878,781,748,748,748,748,683,715,682,1365,943,878,878,846,846,878,846,845,812,1.36,2.41,2.67,2.67,2.8,2.8,2.67,2.8,2.81,2.96,0.12,0.13,0.22,0.29,0.23,0.23,0.29,0.39,0.31,0.45,2.81,1073,1301,2,1.47,0.88,0.96,0.79,0.07,0.07,0.11,0.15,0.12,0.12,0.15,0.19,0.15,0.16,0.49,0.57
PIK,2023,2023-07-18,pik_1906,,E1,Emilie,585,3088,2601,1853,1073,878,813,747,747,748,715,747,715,1984,1138,943,878,845,845,845,845,910,878,0.56,1.71,2.27,2.52,2.65,2.65,2.65,2.65,2.39,2.52,0.09,0.09,0.12,0.13,0.22,0.22,0.21,0.29,0.32,0.42,2.64,975,1105,2.17,1.79,0.87,0.92,0.81,0.07,0.06,0.07,0.07,0.12,0.12,0.11,0.15,0.18,0.19,0.5,0.56
PIK,2023,2023-07-18,pik_1972,,E1,Emilie,455,1886,1235,552,423,390,390,390,390,390,357,390,422,650,455,455,423,455,455,455,455,455,487,1.9,3.15,3.15,3.46,3.15,3.15,3.15,3.15,3.15,2.87,0.29,0.16,0.33,0.19,0.33,0.33,0.33,0.5,0.33,0.34,1.93,683,878,1.76,1.15,0.9,1,0.76,0.15,0.07,0.14,0.08,0.14,0.14,0.14,0.22,0.14,0.13,0.48,0.59
PIK,2023,2023-07-18,pik_2043,,E1,Emilie,715,3056,2341,1073,781,683,651,618,650,651,650,683,683,1171,780,748,715,715,748,748,780,813,813,1.61,2.92,3.09,3.27,3.27,3.09,3.09,2.92,2.76,2.76,0.15,0,0.2,0.21,0.31,0.29,0.29,0.37,0.34,0.4,2.43,943,1073,2.24,1.85,0.89,0.96,0.77,0.08,0,0.09,0.09,0.14,0.13,0.13,0.17,0.16,0.16,0.45,0.52
PIK,2023,2023-07-18,pik_2106,,E1,Emilie,455,2145,1691,1041,617,552,520,520,487,488,488,488,488,1138,715,617,585,552,553,586,585,585,585,0.88,2,2.48,2.67,2.89,2.88,2.66,2.67,2.67,2.67,0.13,0.25,0.2,0.22,0.12,0.24,0.33,0.33,0.33,0.43,2.47,715,845,2,1.54,0.9,0.97,0.79,0.09,0.14,0.11,0.11,0.06,0.12,0.17,0.17,0.17,0.17,0.5,0.58
PIK,2023,2023-07-18,pik_2112,,E1,Emilie,438,1924,1386,777,518,458,449,438,448,458,469,459,469,897,618,548,538,539,568,588,608,609,629,1.14,2.11,2.51,2.58,2.57,2.39,2.27,2.16,2.16,2.06,0.22,0.31,0.33,0.34,0.38,0.42,0.43,0.44,0.48,0.52,1.96,837,997,1.3,0.93,0.98,1,0.77,0.13,0.16,0.16,0.17,0.19,0.21,0.22,0.23,0.25,0.25,0.58,0.64
PIK,2023,2023-07-18,pik_2155,,E1,Emilie,618,2991,2439,1333,943,781,748,651,683,683,651,650,650,1496,1040,878,812,813,781,781,780,780,780,1,1.88,2.41,2.68,2.68,2.83,2.83,2.83,2.83,2.83,0.17,0.16,0.21,0.15,0.39,0.25,0.25,0.33,0.33,0.44,2.75,1072,1235,1.79,1.42,0.94,0.94,0.79,0.11,0.09,0.11,0.08,0.2,0.13,0.13,0.17,0.17,0.17,0.55,0.58
PIK,2023,2023-07-18,pik_2168,,E1,Emilie,520,2568,1984,976,715,650,618,618,617,618,617,585,553,1138,813,716,716,715,748,748,748,748,748,1.26,2.16,2.59,2.59,2.59,2.43,2.43,2.43,2.43,2.43,0.22,0.22,0.18,0.26,0.26,0.33,0.33,0.33,0.41,0.67,2.59,976,1138,1.63,1.26,0.89,0.99,0.8,0.14,0.12,0.09,0.14,0.14,0.18,0.17,0.18,0.22,0.26,0.53,0.63
PIK,2023,2023-07-18,pik_2261,,E1,Emilie,289,1017,748,438,309,289,259,279,290,299,290,309,299,498,359,339,329,359,369,389,398,409,409,1.04,1.83,2,2.09,1.83,1.76,1.61,1.56,1.49,1.49,0.22,0.3,0.32,0.47,0.47,0.45,0.47,0.55,0.49,0.58,1.5,478,549,1.13,0.85,0.92,0.98,0.72,0.12,0.14,0.15,0.21,0.22,0.21,0.23,0.27,0.24,0.27,0.5,0.56
PIK,2023,2023-07-18,pik_2274,,E1,Emilie,429,2024,1715,1236,768,638,578,539,498,499,488,468,478,1376,857,688,648,598,578,568,568,578,579,0.47,1.36,1.94,2.12,2.38,2.5,2.56,2.56,2.5,2.5,0.14,0.17,0.13,0.2,0.19,0.27,0.24,0.28,0.37,0.39,2.59,668,788,2.03,1.57,0.92,0.96,0.79,0.1,0.1,0.07,0.11,0.1,0.14,0.12,0.14,0.19,0.17,0.51,0.57
PIK,2023,2023-07-18,pik_2403,,E1,Emilie,747,3901,3316,2081,1268,1073,975,943,878,910,877,878,878,2210,1398,1170,1106,1105,1073,1073,1041,1008,1008,0.77,1.79,2.33,2.53,2.53,2.64,2.64,2.75,2.87,2.87,0.08,0.15,0.15,0.22,0.27,0.34,0.28,0.3,0.25,0.31,2.78,1398,1626,1.79,1.4,0.93,0.94,0.81,0.06,0.09,0.08,0.12,0.15,0.18,0.15,0.16,0.13,0.13,0.56,0.6
PIK,2023,2023-07-18,pik_2441,,E1,Emilie,715,3153,2601,1431,975,813,812,748,748,747,748,716,716,1593,1041,910,877,845,845,813,846,846,846,0.98,2.03,2.46,2.6,2.73,2.73,2.88,2.73,2.73,2.73,0.16,0.12,0.21,0.15,0.24,0.24,0.17,0.24,0.32,0.4,2.63,1170,1431,1.69,1.2,0.94,0.97,0.77,0.1,0.06,0.11,0.07,0.11,0.11,0.08,0.12,0.15,0.15,0.53,0.59
PIK,2023,2023-07-18,pik_373,,E2,Gregory,651,2796,2081,1105,715,683,618,585,617,585,617,618,618,1203,813,748,716,716,715,715,748,747,748,1.32,2.44,2.74,2.91,2.91,2.91,2.91,2.74,2.74,2.74,0.14,0.25,0.19,0.3,0.4,0.3,0.4,0.37,0.37,0.44,2.37,1072,1301,1.61,1.15,0.92,0.95,0.77,0.08,0.12,0.09,0.14,0.18,0.14,0.18,0.18,0.17,0.17,0.51,0.57
PIK,2023,2023-07-18,pik_3967,,E2,Gregory,943,5884,5332,4162,2341,1788,1560,1431,1398,1333,1333,1301,1333,4259,2471,1918,1626,1560,1495,1495,1463,1463,1496,0.38,1.38,2.07,2.62,2.77,2.94,2.94,3.02,3.02,2.93,0.03,0.08,0.11,0.07,0.14,0.11,0.19,0.16,0.2,0.24,3,1723,1886,2.41,2.12,0.93,0.96,0.84,0.02,0.05,0.07,0.04,0.08,0.06,0.11,0.09,0.11,0.11,0.57,0.6
PIK,2023,2023-07-18,pik_4086,,E2,Gregory,910,4974,4291,2861,1788,1430,1301,1171,1171,1105,1073,1073,1073,3024,1918,1560,1398,1333,1268,1268,1203,1236,1235,0.64,1.59,2.19,2.56,2.73,2.92,2.92,3.13,3.02,3.03,0.07,0.11,0.14,0.12,0.22,0.14,0.24,0.21,0.25,0.28,3,1495,1821,2.33,1.73,0.95,0.98,0.82,0.05,0.07,0.08,0.07,0.12,0.08,0.13,0.11,0.13,0.13,0.54,0.61
PIK,2023,2023-07-18,pik_4231,,E2,Gregory,976,5169,4161,1853,1268,1138,1138,1073,1041,1073,1041,1073,1041,1983,1366,1268,1235,1235,1236,1235,1203,1203,1170,1.61,2.78,3.08,3.19,3.19,3.18,3.19,3.3,3.3,3.42,0.11,0.13,0.2,0.16,0.26,0.31,0.26,0.27,0.22,0.28,3,1431,1593,2.61,2.24,0.96,0.97,0.81,0.07,0.07,0.1,0.08,0.13,0.16,0.13,0.13,0.11,0.11,0.52,0.55
PIK,2023,2023-07-18,pik_425,,E1,Emilie,585,2991,2439,1593,1105,943,911,878,846,845,878,846,812,1756,1203,1073,1041,1008,1040,1008,1008,1008,976,0.7,1.49,1.79,1.87,1.97,1.88,1.97,1.97,1.97,2.06,0.13,0.13,0.2,0.21,0.22,0.32,0.28,0.22,0.28,0.36,2,1106,1235,1.7,1.42,0.88,0.96,0.8,0.09,0.08,0.12,0.12,0.13,0.19,0.16,0.13,0.16,0.17,0.53,0.61
PIK,2023,2023-07-18,pik_4393,,E2,Gregory,845,3251,2731,1496,1008,910,878,846,813,813,781,780,780,1528,1106,975,910,910,878,845,845,878,846,1.13,1.94,2.33,2.57,2.57,2.7,2.85,2.85,2.7,2.84,0.04,0.18,0.14,0.08,0.16,0.17,0.09,0.18,0.26,0.25,2.5,975,1040,2.33,2.13,0.79,0.78,0.74,0.02,0.09,0.07,0.04,0.07,0.07,0.04,0.08,0.11,0.08,0.37,0.37
PIK,2023,2023-07-18,pik_4401,,E2,Gregory,780,3316,2861,1528,1105,1008,910,910,877,845,812,812,780,1593,1170,1105,1007,975,975,975,942,942,910,1.08,1.83,2,2.29,2.4,2.4,2.4,2.52,2.52,2.64,0.07,0.1,0.17,0.19,0.14,0.21,0.27,0.29,0.29,0.36,2.67,1333,1560,1.49,1.13,0.99,1,0.76,0.04,0.06,0.09,0.1,0.07,0.1,0.13,0.14,0.14,0.14,0.56,0.6
PIK,2023,2023-07-18,pik_4411,,E2,Gregory,846,4258,3674,2114,1398,1105,1040,976,975,975,976,975,943,2243,1463,1203,1138,1106,1105,1072,1073,1105,1073,0.9,1.91,2.54,2.74,2.85,2.85,2.97,2.97,2.85,2.97,0.08,0.08,0.15,0.17,0.23,0.23,0.18,0.18,0.23,0.29,2.9,1333,1561,2.19,1.73,0.92,0.94,0.8,0.06,0.04,0.08,0.09,0.12,0.12,0.09,0.09,0.12,0.12,0.51,0.56
PIK,2023,2023-07-18,pik_4460,,E2,Gregory,813,4031,3088,1625,1138,1008,975,943,943,943,943,910,878,1820,1268,1170,1138,1106,1138,1138,1138,1138,1138,1.21,2.18,2.45,2.54,2.64,2.54,2.54,2.54,2.54,2.54,0.17,0.18,0.26,0.27,0.28,0.32,0.32,0.32,0.38,0.53,2.52,1723,2080,1.34,0.94,0.93,1,0.8,0.11,0.1,0.14,0.14,0.15,0.17,0.17,0.17,0.2,0.23,0.59,0.67
PIK,2023,2023-07-18,pik_4480,,E2,Gregory,943,5462,4746,2926,1788,1496,1398,1332,1300,1268,1268,1235,1235,3089,1950,1691,1560,1528,1495,1463,1463,1430,1431,0.77,1.8,2.23,2.5,2.57,2.65,2.73,2.73,2.82,2.82,0.07,0.13,0.19,0.18,0.22,0.23,0.24,0.24,0.25,0.32,2.84,2080,2438,1.63,1.24,0.92,0.98,0.83,0.05,0.08,0.12,0.1,0.13,0.13,0.13,0.13,0.14,0.14,0.59,0.67
PIK,2023,2023-07-18,pik_4651,,E2,Gregory,780,4584,3771,2309,1398,1138,1041,1040,975,975,975,1008,975,2536,1593,1300,1203,1171,1170,1170,1170,1170,1203,0.81,1.88,2.53,2.81,2.91,2.92,2.92,2.92,2.92,2.81,0.12,0.19,0.21,0.24,0.2,0.3,0.3,0.3,0.25,0.44,2.87,2114,2601,1.17,0.76,0.93,0.97,0.83,0.09,0.12,0.12,0.13,0.11,0.17,0.17,0.17,0.14,0.19,0.65,0.71
PIK,2023,2023-07-18,pik_4739,,E2,Gregory,813,4617,3869,2179,1398,1236,1138,1138,1073,1073,1040,1040,1041,2308,1561,1365,1300,1268,1301,1235,1268,1267,1268,1,1.96,2.38,2.55,2.64,2.55,2.74,2.64,2.64,2.64,0.08,0.17,0.16,0.22,0.18,0.31,0.24,0.32,0.32,0.41,2.72,1886,2178,1.45,1.12,0.92,0.95,0.82,0.06,0.1,0.09,0.12,0.1,0.18,0.13,0.18,0.18,0.18,0.6,0.66
PIK,2023,2023-07-18,pik_4784,,E2,Gregory,747,3771,3739,1983,1268,1105,1041,1040,1008,1008,1008,1008,975,2211,1430,1301,1235,1203,1236,1236,1236,1268,1268,0.71,1.64,1.9,2.05,2.13,2.05,2.05,2.05,1.97,1.97,0.15,0.19,0.26,0.28,0.24,0.32,0.32,0.32,0.36,0.5,2.83,2015,2439,0.87,0.55,0.92,0.94,0.8,0.1,0.11,0.15,0.16,0.14,0.18,0.18,0.18,0.21,0.23,0.63,0.68
PIK,2023,2023-07-18,pik_4816,,E2,Gregory,1008,4811,4161,2276,1463,1203,1106,1105,1073,1072,1073,1072,1073,2374,1528,1366,1268,1268,1235,1235,1235,1235,1268,1.03,2.15,2.52,2.79,2.79,2.9,2.9,2.9,2.9,2.79,0.06,0.08,0.23,0.26,0.26,0.27,0.27,0.27,0.27,0.38,2.88,1625,1918,1.96,1.51,0.89,0.93,0.79,0.04,0.04,0.12,0.13,0.13,0.13,0.13,0.13,0.13,0.15,0.5,0.56
PIK,2023,2023-07-18,pik_4852,,E2,Gregory,748,3739,3056,1756,1235,1073,1007,1008,975,975,910,910,910,1886,1333,1203,1137,1138,1105,1105,1105,1041,1073,0.98,1.8,2.11,2.29,2.29,2.38,2.38,2.38,2.59,2.48,0.1,0.13,0.19,0.21,0.21,0.22,0.22,0.33,0.24,0.42,2.36,1593,1854,1.35,1.02,0.91,0.92,0.8,0.07,0.07,0.11,0.11,0.11,0.12,0.12,0.18,0.13,0.15,0.57,0.61
PIK,2023,2023-07-18,pik_4893,,E2,Gregory,910,5625,4909,2926,1755,1430,1300,1268,1268,1235,1235,1203,1203,3023,1885,1560,1430,1398,1365,1398,1366,1398,1398,0.86,1.98,2.61,2.93,3.02,3.12,3.02,3.12,3.02,3.02,0.04,0.11,0.14,0.16,0.17,0.13,0.21,0.17,0.25,0.32,3.08,1853,2211,2.04,1.54,0.89,0.94,0.84,0.03,0.07,0.08,0.09,0.09,0.07,0.12,0.1,0.14,0.14,0.56,0.63
PIK,2023,2023-07-18,pik_5256,,E2,Gregory,682,3414,2731,1431,911,780,748,747,683,715,715,715,715,1528,1041,878,846,846,845,845,845,845,845,1.23,2.28,2.89,3.04,3.04,3.04,3.04,3.04,3.04,3.04,0.1,0.23,0.22,0.23,0.23,0.39,0.31,0.31,0.31,0.4,2.82,1073,1203,2.18,1.84,0.87,0.88,0.8,0.06,0.12,0.11,0.12,0.12,0.19,0.15,0.15,0.15,0.15,0.48,0.51
PIK,2023,2023-07-18,pik_5334,,E2,Gregory,813,3966,3154,1658,1073,845,780,813,780,780,780,780,780,1789,1170,975,910,943,943,943,975,976,975,1.22,2.39,3.07,3.36,3.21,3.21,3.21,3.07,3.06,3.07,0.12,0.16,0.27,0.3,0.29,0.36,0.36,0.41,0.41,0.5,3.04,1365,1593,1.91,1.49,0.96,0.97,0.8,0.07,0.08,0.13,0.14,0.14,0.17,0.17,0.2,0.2,0.2,0.55,0.59
PIK,2023,2023-07-18,pik_5366,,E2,Gregory,617,1788,1365,683,585,586,586,553,553,553,553,553,553,748,650,618,651,651,618,618,585,618,586,1.39,1.75,1.89,1.75,1.75,1.89,1.89,2.06,1.89,2.05,0.2,0.24,0.13,0.24,0.37,0.27,0.27,0.14,0.27,0.2,1.47,910,1008,0.96,0.77,0.94,1,0.65,0.09,0.1,0.05,0.1,0.15,0.11,0.11,0.05,0.11,0.06,0.46,0.52
PIK,2023,2023-07-18,pik_5408,,E2,Gregory,943,4941,4259,2601,1658,1333,1203,1105,1073,1072,1040,1041,1040,2731,1788,1463,1333,1268,1268,1268,1236,1236,1268,0.81,1.76,2.38,2.71,2.9,2.9,2.9,3,3,2.9,0.07,0.12,0.16,0.18,0.25,0.3,0.3,0.31,0.31,0.41,3.1,1658,1983,1.98,1.49,0.9,0.96,0.81,0.05,0.07,0.09,0.1,0.13,0.15,0.15,0.16,0.16,0.18,0.53,0.61
PIK,2023,2023-07-18,pik_5454,,E2,Gregory,943,4584,3934,1853,1268,1138,1008,975,943,943,943,943,943,1950,1398,1236,1138,1072,1041,1041,1040,1041,1040,1.35,2.28,2.71,3.03,3.28,3.4,3.4,3.41,3.4,3.41,0.08,0.17,0.16,0.23,0.19,0.2,0.2,0.2,0.2,0.3,3.17,1690,2178,1.71,1.1,0.88,0.97,0.79,0.05,0.09,0.08,0.11,0.09,0.09,0.09,0.09,0.09,0.09,0.52,0.63
PIK,2023,2023-07-18,pik_5470,,E2,Gregory,715,3577,2959,1755,1106,910,813,780,748,780,781,781,780,1886,1170,976,911,878,878,910,943,910,975,0.9,2.06,2.66,2.93,3.07,3.07,2.93,2.79,2.93,2.67,0.1,0.1,0.13,0.21,0.23,0.3,0.28,0.33,0.28,0.43,2.79,1268,1496,1.82,1.39,0.92,0.97,0.8,0.07,0.05,0.07,0.11,0.11,0.15,0.14,0.17,0.14,0.2,0.54,0.61
PIK,2023,2023-07-18,pik_5586,,E2,Gregory,715,3348,2535,1040,780,715,683,682,682,683,683,715,715,1203,878,845,813,813,812,845,877,877,878,1.78,2.81,2.96,3.12,3.12,3.12,2.96,2.82,2.82,2.81,0.24,0.23,0.32,0.34,0.34,0.34,0.4,0.45,0.38,0.46,2.55,1398,1691,1.39,0.98,0.96,0.98,0.79,0.14,0.11,0.15,0.16,0.16,0.16,0.19,0.22,0.18,0.19,0.58,0.64
PIK,2023,2023-07-18,pik_5589,,E2,Gregory,976,4779,3869,1984,1333,1106,1073,1008,975,942,943,943,943,2113,1463,1301,1203,1170,1171,1138,1138,1138,1105,1.26,2.27,2.67,2.97,3.08,3.08,3.2,3.2,3.2,3.32,0.1,0.16,0.29,0.22,0.28,0.34,0.36,0.36,0.36,0.42,3.1,2048,2438,1.33,0.96,0.94,0.96,0.8,0.06,0.09,0.15,0.11,0.14,0.17,0.17,0.17,0.17,0.15,0.59,0.64
PIK,2023,2023-07-18,pik_5617,,E2,Gregory,715,3869,3089,1756,1073,910,910,846,845,813,845,813,846,1951,1268,1105,1073,1041,1041,1073,1041,1073,1073,0.98,2.05,2.5,2.61,2.72,2.72,2.61,2.72,2.61,2.61,0.14,0.26,0.32,0.28,0.35,0.35,0.44,0.35,0.44,0.5,2.65,1659,1983,1.33,0.95,0.96,0.97,0.82,0.1,0.15,0.18,0.15,0.19,0.19,0.24,0.19,0.24,0.21,0.63,0.67
PIK,2023,2023-07-18,pik_5666,,E2,Gregory,813,3771,3186,1983,1236,1040,910,910,910,877,845,845,877,2113,1333,1105,1040,1040,1008,1040,1008,1040,1008,0.78,1.83,2.41,2.63,2.63,2.74,2.63,2.74,2.63,2.74,0.09,0.13,0.11,0.25,0.25,0.2,0.31,0.33,0.37,0.31,2.63,1268,1463,1.97,1.58,0.98,0.99,0.78,0.06,0.07,0.06,0.12,0.12,0.1,0.16,0.16,0.19,0.13,0.54,0.58
PIK,2023,2023-07-18,pik_619,,E2,Gregory,549,2104,1665,838,638,568,548,539,538,538,528,518,528,918,688,638,629,629,628,628,628,628,628,1.29,2.06,2.3,2.34,2.34,2.35,2.35,2.35,2.35,2.35,0.16,0.15,0.24,0.28,0.31,0.31,0.31,0.35,0.38,0.43,2.15,877,987,1.4,1.13,0.9,0.94,0.74,0.09,0.07,0.11,0.13,0.14,0.14,0.14,0.16,0.18,0.16,0.49,0.53
PIK,2023,2023-07-18,pik_730,,E1,Emilie,468,2791,2393,1835,1227,987,868,808,778,768,768,758,768,1994,1336,1087,977,927,907,917,917,937,937,0.4,1.09,1.57,1.86,2.01,2.08,2.04,2.04,1.98,1.98,0.1,0.12,0.14,0.18,0.21,0.23,0.26,0.26,0.31,0.33,2.12,1156,1376,1.41,1.03,0.95,0.97,0.83,0.08,0.08,0.09,0.11,0.13,0.14,0.16,0.16,0.19,0.18,0.64,0.69
PIK,2023,2023-07-18,pik_910,,E2,Gregory,715,4031,3349,1788,1171,975,877,877,845,845,845,845,812,1885,1236,1073,975,943,943,910,942,942,942,1.14,2.26,2.76,3.13,3.27,3.27,3.43,3.28,3.28,3.28,0.08,0.09,0.17,0.19,0.13,0.2,0.14,0.2,0.2,0.4,3.12,1235,1430,2.26,1.82,0.76,0.88,0.82,0.05,0.05,0.09,0.1,0.07,0.1,0.07,0.1,0.1,0.14,0.45,0.55
PIK,2023,2023-07-18,pik_956,,E2,Gregory,650,3056,2439,1431,910,813,748,715,748,716,715,682,683,1528,1008,911,878,845,845,878,846,845,845,1,2.03,2.35,2.48,2.62,2.62,2.48,2.61,2.62,2.62,0.1,0.18,0.21,0.29,0.3,0.23,0.36,0.31,0.38,0.42,2.57,1040,1235,1.94,1.47,0.95,0.97,0.79,0.06,0.1,0.11,0.15,0.15,0.11,0.18,0.15,0.19,0.19,0.53,0.58
PIK,2023,2023-07-18,pik_960,,E2,Gregory,780,4161,3348,2015,1333,1105,1008,1008,1008,976,975,976,976,2178,1463,1268,1171,1138,1138,1138,1171,1138,1171,0.91,1.84,2.28,2.55,2.66,2.66,2.66,2.55,2.66,2.55,0.11,0.15,0.23,0.25,0.21,0.21,0.26,0.3,0.26,0.37,2.43,1625,1950,1.56,1.13,0.92,0.95,0.81,0.07,0.09,0.13,0.14,0.11,0.11,0.14,0.17,0.14,0.17,0.58,0.63
PIK,2023,2023-07-19,pik_118,,E1,Qi,715,3089,2309,1040,715,682,651,651,618,650,682,650,683,1138,846,780,748,748,780,812,812,812,878,1.71,2.65,2.96,3.13,3.13,2.96,2.8,2.8,2.8,2.52,0.16,0.33,0.28,0.29,0.29,0.46,0.43,0.34,0.43,0.54,2.38,1301,1560,1.37,0.98,0.99,1,0.77,0.09,0.15,0.13,0.13,0.13,0.21,0.2,0.16,0.2,0.22,0.58,0.62
PIK,2023,2023-07-19,pik_122,,E1,Qi,553,2244,1560,781,585,553,552,520,552,520,553,552,520,878,683,618,650,650,650,682,683,683,682,1.56,2.29,2.63,2.45,2.45,2.45,2.29,2.29,2.29,2.29,0.2,0.3,0.23,0.32,0.43,0.32,0.49,0.39,0.4,0.63,2,1008,1203,1.23,0.87,0.95,0.96,0.75,0.11,0.14,0.11,0.15,0.2,0.15,0.24,0.19,0.19,0.24,0.55,0.59
PIK,2023,2023-07-19,pik_13,,E1,Qi,585,1951,1431,748,585,553,552,553,520,520,520,553,552,780,651,618,618,618,650,617,585,618,617,1.5,2,2.16,2.16,2.16,2,2.16,2.34,2.16,2.16,0.08,0.23,0.25,0.25,0.25,0.46,0.37,0.27,0.25,0.33,1.59,748,910,1.61,1.14,0.92,0.96,0.7,0.04,0.1,0.11,0.11,0.11,0.2,0.16,0.11,0.11,0.11,0.44,0.5
PIK,2023,2023-07-19,pik_2671,,E2,Gregory,748,3024,2211,975,780,715,748,715,715,748,715,715,683,1072,845,845,845,845,845,845,845,845,845,1.82,2.58,2.58,2.58,2.58,2.58,2.58,2.58,2.58,2.58,0.17,0.17,0.33,0.25,0.33,0.33,0.25,0.33,0.33,0.5,2.24,1267,1463,1.39,1.07,0.96,0.97,0.75,0.09,0.08,0.15,0.11,0.15,0.15,0.11,0.15,0.15,0.19,0.54,0.58
PIK,2023,2023-07-19,pik_2760,,E2,Gregory,878,3674,2829,1528,1041,910,813,781,813,780,780,748,780,1658,1138,976,910,911,943,910,910,911,910,1.22,2.23,2.76,3.04,3.03,2.9,3.04,3.04,3.03,3.04,0.13,0.17,0.15,0.24,0.32,0.31,0.32,0.32,0.41,0.33,2.63,1170,1333,2.14,1.76,1.05,1.09,0.76,0.08,0.09,0.07,0.11,0.14,0.14,0.14,0.14,0.18,0.14,0.53,0.59
PIK,2023,2023-07-19,pik_2811,,E2,Gregory,715,3836,3284,2243,1463,1203,1105,1040,1040,1041,975,976,975,2439,1625,1366,1268,1236,1203,1203,1235,1203,1170,0.57,1.36,1.81,2.03,2.1,2.19,2.19,2.11,2.19,2.28,0.11,0.15,0.2,0.22,0.27,0.23,0.23,0.36,0.33,0.35,2.37,1658,1918,1.31,1,0.93,0.96,0.81,0.08,0.1,0.12,0.13,0.16,0.14,0.13,0.21,0.19,0.17,0.61,0.66
PIK,2023,2023-07-19,pik_2815,,E2,Gregory,813,4877,4161,2503,1593,1365,1300,1268,1235,1203,1170,1170,1170,2634,1756,1528,1463,1430,1430,1430,1398,1430,1398,0.85,1.78,2.19,2.33,2.41,2.41,2.41,2.49,2.41,2.49,0.07,0.14,0.17,0.19,0.19,0.23,0.27,0.28,0.31,0.33,2.56,2146,2536,1.27,0.92,0.95,0.98,0.83,0.05,0.09,0.11,0.11,0.11,0.14,0.16,0.16,0.18,0.16,0.65,0.71
PIK,2023,2023-07-19,pik_2851,,E2,Gregory,715,3381,2568,1203,813,781,748,715,683,715,715,716,715,1300,943,845,813,813,813,812,812,813,845,1.6,2.59,3,3.16,3.16,3.16,3.16,3.16,3.16,3,0.13,0.27,0.16,0.17,0.25,0.34,0.25,0.25,0.25,0.4,2.59,1170,1431,1.89,1.36,0.94,0.93,0.79,0.07,0.14,0.08,0.08,0.12,0.16,0.12,0.12,0.12,0.15,0.53,0.57
PIK,2023,2023-07-19,pik_2922,,E2,Gregory,878,4714,3869,2503,1528,1203,1073,1040,976,975,976,976,976,2665,1658,1333,1203,1171,1170,1138,1105,1137,1138,0.77,1.84,2.54,2.92,3.03,3.03,3.14,3.27,3.15,3.14,0.09,0.13,0.18,0.2,0.21,0.32,0.28,0.23,0.28,0.31,2.96,1691,2080,1.79,1.27,1.04,1.02,0.81,0.06,0.08,0.1,0.11,0.11,0.17,0.14,0.12,0.14,0.14,0.63,0.67
PIK,2023,2023-07-19,pik_2964,,E2,Gregory,878,4486,3707,1496,1105,1040,942,942,943,943,942,942,975,1593,1235,1137,1040,1040,1072,1073,1105,1105,1073,1.82,2.63,2.95,3.31,3.31,3.18,3.18,3.06,3.06,3.18,0.1,0.2,0.17,0.19,0.19,0.24,0.24,0.29,0.29,0.25,2.8,1625,2015,1.76,1.23,0.94,0.94,0.8,0.06,0.11,0.09,0.09,0.09,0.12,0.12,0.15,0.15,0.09,0.56,0.61
PIK,2023,2023-07-19,pik_30,,E1,Qi,618,2666,1951,845,617,552,552,618,585,585,585,585,585,910,682,650,650,682,682,715,682,715,715,1.93,2.91,3.1,3.1,2.91,2.91,2.73,2.91,2.73,2.73,0.13,0.21,0.34,0.34,0.2,0.31,0.39,0.31,0.39,0.45,2.34,975,1105,1.73,1.41,0.91,0.91,0.77,0.07,0.1,0.15,0.15,0.09,0.14,0.18,0.14,0.18,0.18,0.5,0.53
PIK,2023,2023-07-19,pik_3118,,E2,Gregory,813,4226,3414,1593,1073,976,943,943,910,910,910,943,878,1755,1203,1106,1073,1040,1073,1073,1073,1073,1106,1.41,2.51,2.82,2.94,3.06,2.94,2.94,2.94,2.94,2.82,0.15,0.2,0.22,0.23,0.18,0.29,0.29,0.29,0.23,0.5,2.89,1528,1821,1.77,1.32,0.95,0.97,0.81,0.09,0.11,0.12,0.12,0.09,0.15,0.15,0.15,0.12,0.21,0.57,0.63
PIK,2023,2023-07-19,pik_3131,,E2,Gregory,780,4487,3544,1788,1138,975,943,911,910,911,911,878,943,1984,1268,1138,1105,1073,1073,1073,1073,1106,1106,1.26,2.54,2.94,3.06,3.18,3.18,3.18,3.18,3.06,3.06,0.15,0.18,0.26,0.27,0.28,0.29,0.28,0.28,0.38,0.36,2.76,1821,2211,1.46,1.03,0.89,0.94,0.83,0.1,0.1,0.14,0.15,0.15,0.15,0.15,0.15,0.21,0.15,0.59,0.66
PIK,2023,2023-07-19,pik_316,,E1,Qi,520,2568,2048,943,650,617,617,617,585,617,617,585,585,1073,780,683,715,715,715,715,715,748,748,1.39,2.29,2.76,2.59,2.59,2.59,2.59,2.59,2.43,2.43,0.19,0.31,0.19,0.26,0.26,0.35,0.26,0.26,0.41,0.5,2.5,1138,1365,1.26,0.88,0.94,0.95,0.8,0.12,0.17,0.1,0.14,0.14,0.18,0.14,0.14,0.22,0.22,0.6,0.64
PIK,2023,2023-07-19,pik_3192,,E2,Gregory,780,3706,3088,1626,1106,975,943,910,910,878,877,846,845,1821,1236,1105,1105,1040,1040,1040,1073,1073,1040,1.04,2,2.35,2.35,2.56,2.56,2.56,2.45,2.45,2.56,0.17,0.19,0.22,0.28,0.24,0.24,0.3,0.35,0.41,0.46,2.65,1788,2146,1.07,0.73,0.96,0.95,0.79,0.11,0.11,0.12,0.15,0.12,0.12,0.16,0.18,0.21,0.19,0.62,0.65
PIK,2023,2023-07-19,pik_3273,,E2,Gregory,942,4357,3284,1398,1040,975,942,910,943,911,910,878,877,1528,1170,1105,1072,1041,1073,1073,1040,1073,1040,1.85,2.72,2.94,3.06,3.19,3.06,3.06,3.19,3.06,3.19,0.15,0.23,0.25,0.26,0.27,0.26,0.32,0.27,0.39,0.46,2.74,1691,2081,1.58,1.09,0.92,0.96,0.78,0.09,0.11,0.12,0.12,0.13,0.12,0.15,0.12,0.18,0.16,0.54,0.61
PIK,2023,2023-07-19,pik_3282,,E2,Gregory,813,4194,3479,1919,1203,943,911,878,846,877,878,878,878,2048,1301,1138,1073,1008,1008,1040,1040,1040,1073,1.05,2.22,2.69,2.91,3.16,3.16,3.03,3.03,3.03,2.91,0.09,0.13,0.32,0.29,0.26,0.32,0.31,0.31,0.31,0.46,2.96,1788,2178,1.35,0.93,0.97,0.96,0.81,0.06,0.08,0.17,0.15,0.13,0.16,0.16,0.16,0.16,0.18,0.62,0.66
PIK,2023,2023-07-19,pik_3321,,E2,Gregory,813,4812,4162,2926,1788,1430,1268,1203,1171,1138,1106,1138,1171,3121,1950,1561,1398,1366,1333,1333,1398,1365,1398,0.54,1.47,2.08,2.44,2.52,2.61,2.61,2.44,2.53,2.44,0.08,0.12,0.14,0.16,0.2,0.21,0.25,0.36,0.29,0.33,2.55,1820,2211,1.64,1.18,0.93,0.98,0.83,0.06,0.08,0.08,0.09,0.12,0.12,0.15,0.21,0.17,0.16,0.61,0.68
PIK,2023,2023-07-19,pik_3356,,E2,Gregory,911,4129,3284,1431,1008,943,943,910,910,910,846,878,878,1495,1106,1040,1008,1008,1008,976,1008,1008,975,1.76,2.73,2.97,3.1,3.1,3.1,3.23,3.1,3.1,3.23,0.08,0.18,0.2,0.14,0.21,0.21,0.15,0.35,0.28,0.3,2.74,1301,1561,2.17,1.65,0.85,0.95,0.78,0.04,0.09,0.09,0.06,0.1,0.1,0.07,0.16,0.13,0.1,0.45,0.54
PIK,2023,2023-07-19,pik_3366,,E2,Gregory,911,3252,2504,1236,878,845,813,813,812,780,780,780,780,1300,943,910,878,878,845,878,878,878,878,1.5,2.45,2.57,2.7,2.7,2.85,2.7,2.7,2.7,2.7,0.1,0.16,0.17,0.18,0.18,0.1,0.27,0.27,0.27,0.38,2.21,1171,1333,1.78,1.44,0.93,0.95,0.72,0.05,0.07,0.07,0.07,0.07,0.04,0.11,0.11,0.11,0.11,0.44,0.49
PIK,2023,2023-07-19,pik_3437,,E2,Gregory,943,4747,3902,2113,1333,1138,1073,1040,1040,1040,1040,1041,1040,2276,1496,1268,1235,1170,1203,1235,1235,1268,1236,1.09,2.17,2.74,2.84,3.06,2.95,2.84,2.84,2.74,2.84,0.11,0.19,0.2,0.26,0.22,0.27,0.31,0.31,0.35,0.4,2.75,1983,2438,1.39,0.95,0.97,0.97,0.8,0.07,0.11,0.1,0.13,0.11,0.14,0.16,0.16,0.18,0.16,0.61,0.65
PIK,2023,2023-07-19,pik_3484,,E2,Gregory,878,4259,3414,1593,1170,1073,1041,1008,976,1008,1008,1008,1008,1723,1268,1171,1138,1138,1138,1138,1138,1138,1138,1.47,2.36,2.64,2.74,2.74,2.74,2.74,2.74,2.74,2.74,0.12,0.14,0.16,0.17,0.23,0.28,0.23,0.23,0.23,0.31,2.39,1756,2048,1.43,1.08,0.97,0.95,0.79,0.08,0.08,0.08,0.09,0.11,0.14,0.11,0.11,0.11,0.11,0.59,0.62
PIK,2023,2023-07-19,pik_3505,,E2,Gregory,586,2731,2211,1138,748,618,618,585,586,585,586,585,585,1268,846,716,715,683,683,715,683,716,716,1.15,2.23,2.81,2.82,3,3,2.82,3,2.81,2.81,0.16,0.22,0.28,0.28,0.3,0.3,0.37,0.3,0.37,0.45,2.78,975,1138,1.8,1.4,1,0.95,0.79,0.1,0.12,0.14,0.14,0.14,0.14,0.18,0.14,0.18,0.18,0.57,0.57
PIK,2023,2023-07-19,pik_3628,,E2,Gregory,650,2633,1983,942,683,650,618,618,618,618,617,650,617,1040,748,716,683,715,715,747,715,716,715,1.53,2.52,2.68,2.86,2.68,2.68,2.52,2.68,2.68,2.68,0.17,0.19,0.2,0.22,0.3,0.3,0.37,0.3,0.2,0.43,2.21,1105,1366,1.38,0.93,0.89,0.97,0.75,0.09,0.09,0.09,0.1,0.14,0.14,0.17,0.14,0.09,0.14,0.5,0.6
PIK,2023,2023-07-19,pik_3907,,E2,Gregory,943,4649,3934,2276,1463,1235,1138,1073,1041,1073,1041,1040,1041,2439,1593,1333,1268,1203,1203,1203,1236,1235,1203,0.91,1.92,2.49,2.67,2.86,2.86,2.86,2.76,2.76,2.86,0.1,0.14,0.14,0.2,0.21,0.27,0.21,0.31,0.31,0.33,2.78,1593,1951,1.92,1.38,0.92,0.96,0.8,0.07,0.08,0.07,0.1,0.11,0.13,0.11,0.16,0.16,0.13,0.53,0.6
PIK,2023,2023-07-19,pik_4006,,E1,Qi,780,3348,2633,1203,748,683,650,618,651,651,651,651,683,1301,845,748,748,715,781,780,813,846,813,1.57,2.96,3.48,3.48,3.68,3.29,3.29,3.12,2.96,3.12,0.13,0.25,0.21,0.31,0.33,0.38,0.38,0.45,0.51,0.36,2.86,1138,1365,1.94,1.45,1.03,1.04,0.77,0.08,0.11,0.09,0.13,0.14,0.17,0.17,0.2,0.23,0.16,0.54,0.59
PIK,2023,2023-07-19,pik_402,,E1,Qi,488,2146,1463,650,488,456,521,488,487,520,520,520,487,715,585,553,553,586,585,585,585,585,585,2,2.67,2.88,2.88,2.66,2.67,2.67,2.67,2.67,2.67,0.17,0.34,0.38,0.12,0.35,0.35,0.23,0.23,0.23,0.5,2,910,1073,1.36,1,0.91,0.91,0.77,0.09,0.17,0.18,0.06,0.17,0.17,0.11,0.11,0.11,0.17,0.54,0.58
PIK,2023,2023-07-19,pik_4025,,E1,Qi,683,3902,2666,1756,1041,878,813,780,780,748,780,780,781,1983,1203,1040,976,976,975,1008,1008,1041,1008,0.97,2.24,2.75,3,3,3,2.87,2.87,2.75,2.87,0.16,0.23,0.28,0.31,0.37,0.37,0.47,0.41,0.45,0.47,2.41,1496,1788,1.61,1.18,1.05,1.04,0.82,0.11,0.13,0.16,0.17,0.2,0.2,0.26,0.23,0.25,0.23,0.67,0.71
PIK,2023,2023-07-19,pik_4043,,E1,Qi,748,4324,3642,2764,1723,1366,1171,1138,1105,1073,1073,1040,1040,3023,1951,1561,1430,1333,1333,1333,1333,1366,1333,0.43,1.22,1.77,2.02,2.24,2.24,2.24,2.24,2.17,2.24,0.11,0.17,0.2,0.3,0.25,0.29,0.33,0.33,0.4,0.41,2.5,1951,2373,1.22,0.82,0.98,1,0.83,0.09,0.12,0.12,0.18,0.15,0.17,0.2,0.2,0.24,0.22,0.67,0.73
PIK,2023,2023-07-19,pik_413,,E1,Qi,682,2958,2341,1073,748,683,683,650,683,683,683,683,682,1236,846,813,813,813,780,813,845,813,813,1.39,2.5,2.64,2.64,2.64,2.79,2.64,2.5,2.64,2.64,0.23,0.24,0.33,0.33,0.42,0.27,0.33,0.39,0.33,0.4,2.43,1138,1301,1.6,1.27,0.96,0.93,0.77,0.13,0.12,0.16,0.16,0.2,0.12,0.16,0.19,0.16,0.16,0.54,0.55
PIK,2023,2023-07-19,pik_4141,,E1,Qi,715,3609,1886,1073,683,618,586,553,553,585,585,585,585,1203,780,683,650,683,715,715,748,748,748,2,3.63,4.28,4.55,4.28,4.05,4.05,3.82,3.82,3.82,0.19,0.27,0.22,0.23,0.44,0.51,0.41,0.48,0.48,0.5,2.22,975,1138,2.7,2.17,1.08,1.07,0.8,0.11,0.12,0.1,0.1,0.19,0.23,0.18,0.22,0.22,0.22,0.57,0.6
PIK,2023,2023-07-19,pik_4199,,E1,Qi,489,1744,1067,568,409,379,369,379,389,389,399,409,419,648,459,429,429,429,449,468,489,509,509,1.69,2.8,3.07,3.07,3.07,2.88,2.73,2.57,2.43,2.43,0.25,0.27,0.3,0.36,0.3,0.34,0.41,0.44,0.46,0.5,1.55,608,718,1.87,1.43,0.9,0.97,0.72,0.12,0.11,0.12,0.14,0.12,0.13,0.17,0.18,0.2,0.18,0.43,0.5
PIK,2023,2023-07-19,pik_739,,E1,Qi,585,2666,1919,846,650,617,650,585,585,586,618,585,585,942,715,715,748,715,683,715,715,780,748,1.83,2.73,2.73,2.56,2.73,2.9,2.73,2.73,2.42,2.56,0.18,0.19,0.28,0.26,0.37,0.3,0.37,0.28,0.49,0.5,2.28,1040,1235,1.56,1.16,1.02,1.01,0.78,0.1,0.09,0.14,0.13,0.18,0.14,0.18,0.14,0.25,0.22,0.59,0.63
PIK,2023,2023-07-19,pik_739,,E2,Gregory,976,5105,4291,2633,1658,1333,1203,1073,1040,1073,1040,1073,1073,2828,1788,1463,1333,1236,1203,1203,1235,1235,1268,0.81,1.86,2.49,2.83,3.13,3.24,3.24,3.13,3.13,3.03,0.1,0.12,0.16,0.19,0.26,0.27,0.22,0.31,0.26,0.35,3,1788,2210,1.86,1.31,0.94,1,0.81,0.07,0.07,0.09,0.1,0.13,0.14,0.11,0.16,0.13,0.15,0.56,0.65
PIK,2023,2023-07-19,pik_748,,E1,Qi,585,2796,2179,1040,748,682,618,651,650,650,683,651,650,1105,813,748,748,780,780,813,813,781,780,1.53,2.44,2.74,2.74,2.58,2.58,2.44,2.44,2.58,2.58,0.1,0.15,0.18,0.35,0.32,0.32,0.38,0.31,0.32,0.36,2.35,1138,1333,1.46,1.1,0.94,0.99,0.79,0.06,0.08,0.09,0.17,0.17,0.17,0.2,0.16,0.17,0.17,0.57,0.63
PIK,2023,2023-07-19,pik_981,,E1,Qi,617,3056,2276,1138,748,683,683,650,683,683,682,683,715,1301,846,780,780,813,813,813,845,845,845,1.35,2.61,2.92,2.92,2.76,2.76,2.76,2.62,2.62,2.62,0.2,0.22,0.25,0.25,0.39,0.31,0.31,0.37,0.37,0.36,2.18,1202,1366,1.54,1.24,0.93,0.93,0.8,0.13,0.12,0.12,0.12,0.2,0.16,0.16,0.19,0.19,0.15,0.57,0.6
PIK,2023,2023-07-19,pik_984,,E1,Qi,650,3251,2438,1072,748,650,617,617,650,650,650,682,650,1235,845,780,747,747,780,812,780,780,813,1.63,2.85,3.17,3.35,3.35,3.17,3,3.17,3.17,3,0.22,0.23,0.34,0.36,0.36,0.34,0.4,0.34,0.26,0.56,2.75,1170,1430,1.78,1.27,0.94,0.96,0.8,0.13,0.11,0.17,0.17,0.17,0.17,0.2,0.17,0.13,0.2,0.55,0.61
PIK,2023,2023-08-19,pik_118,,E2,Gregory,780,5072,4227,3251,2178,1691,1659,1430,1366,1301,1236,1236,1203,3446,2373,1853,1820,1593,1528,1496,1431,1398,1398,0.47,1.14,1.74,1.79,2.18,2.32,2.39,2.54,2.63,2.63,0.07,0.11,0.13,0.13,0.16,0.17,0.21,0.22,0.19,0.26,2.51,1723,2048,1.94,1.48,0.99,0.99,0.85,0.06,0.08,0.09,0.09,0.1,0.11,0.13,0.14,0.12,0.14,0.64,0.68
PIK,2023,2023-08-19,pik_122,,E2,Gregory,780,4064,3381,2081,1366,1105,1008,976,976,943,975,943,943,2276,1463,1235,1171,1138,1138,1105,1138,1138,1138,0.79,1.78,2.29,2.47,2.57,2.57,2.68,2.57,2.57,2.57,0.12,0.11,0.19,0.25,0.26,0.26,0.27,0.26,0.32,0.35,2.59,1430,1690,1.84,1.4,0.95,1,0.81,0.09,0.07,0.11,0.14,0.14,0.14,0.15,0.14,0.17,0.17,0.57,0.63
PIK,2023,2023-08-19,pik_1290,,E2,Gregory,845,4357,3511,1919,1235,1007,943,910,910,910,878,942,910,2113,1398,1170,1105,1073,1072,1105,1106,1105,1106,1.06,2.12,2.72,2.94,3.06,3.06,2.94,2.94,2.94,2.94,0.14,0.2,0.26,0.29,0.3,0.3,0.34,0.4,0.29,0.4,2.86,1593,1918,1.74,1.27,0.95,1,0.81,0.09,0.12,0.14,0.15,0.15,0.15,0.18,0.21,0.15,0.18,0.57,0.64
PIK,2023,2023-08-19,pik_13,,E2,Gregory,878,5592,4877,3316,2244,1756,1528,1366,1268,1268,1236,1235,1203,3479,2374,1886,1658,1495,1431,1398,1398,1398,1365,0.61,1.36,1.97,2.37,2.74,2.91,3,3,3,3.1,0.06,0.08,0.11,0.13,0.15,0.2,0.16,0.2,0.2,0.28,3.05,2016,2406,1.77,1.32,0.95,0.97,0.84,0.05,0.05,0.07,0.08,0.09,0.11,0.09,0.12,0.12,0.12,0.63,0.68
PIK,2023,2023-08-19,pik_1436,,E2,Gregory,1105,6210,5365,3023,1886,1528,1431,1365,1333,1268,1300,1235,1267,3154,2048,1691,1594,1528,1528,1495,1463,1463,1463,0.97,2.03,2.67,2.9,3.06,3.06,3.15,3.24,3.24,3.24,0.06,0.13,0.17,0.19,0.2,0.24,0.29,0.21,0.3,0.32,3.23,2113,2438,1.94,1.55,0.93,0.93,0.82,0.04,0.08,0.1,0.1,0.11,0.13,0.15,0.11,0.16,0.13,0.57,0.6
PIK,2023,2023-08-19,pik_1530,,E2,Gregory,845,3153,2438,1398,975,845,748,748,781,748,780,748,748,1528,1105,943,911,846,878,878,910,943,910,1.06,1.85,2.34,2.46,2.73,2.59,2.59,2.46,2.34,2.46,0.15,0.24,0.23,0.41,0.27,0.26,0.34,0.32,0.46,0.45,2.26,1203,1463,1.62,1.16,1.01,1.03,0.73,0.09,0.12,0.1,0.18,0.12,0.11,0.15,0.14,0.21,0.18,0.51,0.58
PIK,2023,2023-08-19,pik_1620,,E2,Gregory,748,3349,2275,1365,976,878,780,846,845,845,813,813,813,1561,1138,1008,943,1040,1040,1040,1040,1040,1008,1.15,1.94,2.32,2.55,2.22,2.22,2.22,2.22,2.22,2.32,0.2,0.26,0.25,0.35,0.36,0.36,0.36,0.42,0.42,0.46,1.8,1333,1658,1.51,1.02,0.93,0.96,0.78,0.13,0.14,0.13,0.17,0.19,0.19,0.19,0.22,0.22,0.19,0.54,0.61
PIK,2023,2023-08-19,pik_1676,,E2,Gregory,878,3577,2926,1431,1041,975,910,878,878,878,878,846,813,1528,1106,1073,1040,1008,975,1008,1008,1008,943,1.34,2.23,2.33,2.44,2.55,2.67,2.55,2.55,2.55,2.79,0.11,0.12,0.19,0.26,0.28,0.22,0.28,0.28,0.35,0.44,2.6,1430,1691,1.5,1.12,0.91,0.97,0.75,0.06,0.06,0.09,0.12,0.13,0.1,0.13,0.13,0.16,0.14,0.5,0.58
PIK,2023,2023-08-19,pik_1826,,E2,Gregory,748,3544,2796,1398,943,846,813,846,813,845,846,845,846,1528,1008,943,910,975,943,1008,975,975,1008,1.32,2.52,2.76,2.89,2.63,2.76,2.52,2.63,2.63,2.52,0.14,0.13,0.21,0.22,0.26,0.28,0.31,0.26,0.26,0.42,2.3,1560,1951,1.27,0.82,0.9,0.94,0.79,0.09,0.06,0.1,0.11,0.13,0.14,0.16,0.13,0.13,0.16,0.56,0.63
PIK,2023,2023-08-19,pik_1906,,E2,Gregory,975,4357,3706,1983,1268,1073,976,943,878,911,878,911,943,2081,1366,1171,1040,1073,1008,1041,1041,1073,1040,1.09,2.19,2.72,3.19,3.06,3.32,3.19,3.19,3.06,3.19,0.08,0.14,0.17,0.14,0.26,0.29,0.28,0.35,0.33,0.27,2.93,1430,1755,2.05,1.48,0.9,0.95,0.78,0.05,0.07,0.08,0.06,0.12,0.13,0.12,0.16,0.15,0.09,0.48,0.56
PIK,2023,2023-08-19,pik_1972,,E2,Gregory,780,3316,2569,1365,943,812,780,780,780,780,812,813,813,1528,1008,911,910,910,943,943,975,1008,1008,1.17,2.29,2.64,2.64,2.64,2.52,2.52,2.4,2.29,2.29,0.18,0.13,0.23,0.3,0.3,0.36,0.36,0.34,0.39,0.5,2.16,1333,1561,1.49,1.12,0.95,0.96,0.76,0.11,0.06,0.11,0.14,0.14,0.17,0.17,0.17,0.19,0.19,0.54,0.58
PIK,2023,2023-08-19,pik_2043,,E2,Gregory,1040,4161,3511,1658,1106,975,943,976,1008,976,1008,976,976,1788,1203,1105,1073,1138,1138,1170,1171,1171,1203,1.33,2.46,2.77,2.88,2.66,2.66,2.56,2.55,2.55,2.46,0.13,0.17,0.27,0.28,0.32,0.25,0.36,0.3,0.36,0.5,2.6,1560,1886,1.67,1.21,0.98,0.99,0.75,0.07,0.08,0.12,0.12,0.14,0.11,0.17,0.14,0.17,0.19,0.52,0.57
PIK,2023,2023-08-19,pik_2106,,E2,Gregory,683,2796,2178,1170,877,780,780,845,812,812,813,812,812,1301,975,910,910,1007,943,975,1008,1007,1007,1.15,1.87,2.07,2.07,1.78,1.97,1.87,1.77,1.78,1.78,0.17,0.19,0.28,0.28,0.31,0.27,0.32,0.37,0.37,0.5,1.68,1333,1560,1.1,0.79,0.9,0.92,0.76,0.1,0.1,0.14,0.14,0.16,0.14,0.17,0.19,0.19,0.19,0.54,0.58
PIK,2023,2023-08-19,pik_2112,,E2,Gregory,651,3023,2341,1365,910,813,748,780,748,748,748,781,780,1560,1007,911,911,943,911,910,943,976,976,0.94,2,2.32,2.32,2.21,2.32,2.32,2.21,2.1,2.1,0.19,0.18,0.21,0.34,0.32,0.34,0.34,0.39,0.37,0.46,2,1594,1886,0.9,0.6,0.96,0.97,0.78,0.12,0.1,0.11,0.18,0.17,0.18,0.18,0.21,0.2,0.2,0.63,0.67
PIK,2023,2023-08-19,pik_2261,,E2,Gregory,846,4259,3577,1951,1235,1007,910,878,878,845,845,780,682,2114,1333,1105,1073,1007,975,1008,1008,911,812,1.01,2.2,2.85,2.97,3.23,3.37,3.23,3.23,3.68,4.25,0.12,0.13,0.17,0.3,0.26,0.21,0.33,0.33,0.31,0.4,4.24,1203,1463,2.54,1.91,1.06,1.11,0.8,0.08,0.07,0.09,0.15,0.13,0.1,0.16,0.16,0.14,0.16,0.57,0.64
PIK,2023,2023-08-19,pik_2274,,E2,Gregory,1040,5267,4519,2536,1463,1203,1073,1040,1008,1008,1008,1040,1073,2601,1561,1268,1170,1138,1138,1138,1170,1170,1236,1.02,2.37,3.15,3.5,3.63,3.63,3.63,3.5,3.5,3.26,0.04,0.11,0.1,0.17,0.18,0.24,0.24,0.29,0.23,0.36,3.21,1853,2276,1.84,1.31,0.92,0.96,0.8,0.02,0.06,0.05,0.08,0.09,0.11,0.11,0.14,0.11,0.13,0.54,0.61
PIK,2023,2023-08-19,pik_2403,,E2,Gregory,1008,4616,3771,1625,1235,1138,1105,1073,1073,1073,1040,1008,1008,1690,1365,1268,1235,1235,1203,1171,1203,1138,1170,1.73,2.38,2.64,2.74,2.74,2.84,2.94,2.84,3.06,2.95,0.07,0.19,0.21,0.22,0.27,0.22,0.18,0.28,0.24,0.42,2.74,1885,2145,1.45,1.15,0.9,0.92,0.78,0.04,0.1,0.1,0.11,0.13,0.11,0.08,0.14,0.11,0.14,0.53,0.58
PIK,2023,2023-08-19,pik_2760,,E1,Qi,618,3837,2861,2081,1333,1041,943,878,846,878,846,813,845,2308,1463,1203,1106,1073,1073,1073,1040,1073,1073,0.66,1.62,2.19,2.47,2.58,2.58,2.58,2.69,2.58,2.58,0.13,0.13,0.22,0.25,0.31,0.36,0.31,0.32,0.41,0.39,2.39,1333,1625,1.88,1.36,1.02,1.05,0.84,0.1,0.09,0.13,0.15,0.18,0.21,0.18,0.19,0.24,0.21,0.66,0.72
PIK,2023,2023-08-19,pik_2851,,E1,Qi,683,3544,2959,1886,1170,943,813,780,715,715,748,748,748,2016,1268,1040,943,878,878,878,910,943,976,0.76,1.79,2.41,2.76,3.04,3.04,3.04,2.89,2.76,2.63,0.09,0.13,0.17,0.26,0.22,0.36,0.36,0.34,0.39,0.5,2.96,1300,1625,1.73,1.18,0.99,1,0.81,0.06,0.08,0.09,0.14,0.11,0.19,0.19,0.18,0.21,0.23,0.6,0.66
PIK,2023,2023-08-19,pik_30,,E2,Gregory,780,4487,3869,2634,1691,1398,1202,1203,1138,1138,1105,1073,1105,2796,1788,1528,1333,1301,1301,1268,1268,1268,1268,0.6,1.51,1.94,2.37,2.45,2.45,2.54,2.54,2.54,2.54,0.08,0.08,0.14,0.17,0.13,0.22,0.18,0.22,0.27,0.28,2.5,1528,1756,1.94,1.56,0.9,0.91,0.83,0.06,0.05,0.09,0.1,0.08,0.13,0.1,0.13,0.15,0.13,0.55,0.59
PIK,2023,2023-08-19,pik_316,,E2,Gregory,1008,3771,3088,1918,1333,1202,1138,1105,1072,1073,1072,1040,1040,2080,1495,1300,1267,1235,1235,1235,1235,1268,1268,0.81,1.52,1.9,1.98,2.05,2.05,2.05,2.05,1.97,1.97,0.13,0.21,0.16,0.21,0.22,0.28,0.28,0.28,0.37,0.41,1.97,1626,1853,1.32,1.04,0.96,1.04,0.73,0.08,0.11,0.08,0.1,0.11,0.13,0.13,0.13,0.18,0.18,0.52,0.6
PIK,2023,2023-08-19,pik_3192,,E1,Qi,715,4226,3316,1820,1040,813,812,715,748,716,683,715,682,1950,1170,943,878,845,878,813,845,845,878,1.17,2.61,3.48,3.81,4,3.81,4.2,4,4,3.81,0.1,0.19,0.26,0.15,0.31,0.29,0.25,0.39,0.31,0.5,3.86,1300,1561,2.25,1.71,1,1,0.83,0.07,0.11,0.14,0.08,0.15,0.15,0.12,0.19,0.15,0.22,0.6,0.65
PIK,2023,2023-08-19,pik_3282,,E1,Qi,650,2893,2373,1333,813,715,682,683,683,650,683,682,715,1495,943,812,780,748,813,813,846,910,910,0.94,2.07,2.56,2.71,2.87,2.56,2.56,2.42,2.18,2.18,0.17,0.26,0.24,0.26,0.18,0.32,0.41,0.38,0.48,0.46,2.32,1105,1398,1.62,1.07,0.93,1,0.78,0.11,0.14,0.12,0.13,0.09,0.16,0.2,0.19,0.25,0.21,0.53,0.63
PIK,2023,2023-08-19,pik_3321,,E1,Qi,617,2959,2211,1040,683,586,585,586,553,553,618,585,586,1203,780,683,650,650,683,683,748,715,748,1.46,2.79,3.33,3.55,3.55,3.33,3.33,2.96,3.14,2.96,0.22,0.25,0.3,0.22,0.22,0.41,0.41,0.35,0.38,0.5,2.77,1041,1268,1.84,1.33,0.98,0.99,0.79,0.14,0.12,0.14,0.1,0.1,0.19,0.19,0.17,0.18,0.22,0.56,0.62
PIK,2023,2023-08-19,pik_3437,,E1,Qi,478,1974,1496,807,578,498,468,469,458,469,488,478,518,947,668,598,568,568,568,589,628,618,678,1.08,1.96,2.3,2.48,2.48,2.48,2.35,2.14,2.19,1.91,0.25,0.26,0.34,0.37,0.37,0.41,0.42,0.45,0.46,0.5,1.89,817,897,1.42,1.2,1.02,1.04,0.76,0.15,0.13,0.17,0.18,0.17,0.19,0.2,0.22,0.23,0.24,0.57,0.61
PIK,2023,2023-08-19,pik_3484,,E1,Qi,617,3218,2568,1690,1073,910,748,911,1041,747,748,716,748,1853,1235,976,846,1008,1203,878,845,878,943,0.74,1.61,2.3,2.8,2.19,1.67,2.67,2.81,2.67,2.41,0.12,0.21,0.12,0.22,0.17,0.22,0.28,0.22,0.34,0.43,2.43,1138,1365,1.83,1.36,0.91,1,0.81,0.09,0.13,0.07,0.12,0.1,0.13,0.15,0.11,0.18,0.21,0.54,0.64
PIK,2023,2023-08-19,pik_3628,,E1,Qi,747,3673,3056,1691,1040,877,813,748,748,748,715,748,748,1788,1138,942,878,845,845,878,877,910,911,1.05,2.23,2.9,3.18,3.35,3.35,3.18,3.19,3.04,3.03,0.08,0.16,0.14,0.15,0.24,0.24,0.31,0.38,0.36,0.42,3.09,1203,1463,2.05,1.51,0.96,1.02,0.8,0.05,0.09,0.07,0.07,0.11,0.11,0.15,0.18,0.18,0.18,0.54,0.62
PIK,2023,2023-08-19,pik_402,,E2,Gregory,683,3447,2731,1593,1235,910,813,812,780,715,748,747,748,1756,1398,1040,943,942,911,878,943,910,910,0.96,1.47,2.31,2.66,2.66,2.78,2.93,2.66,2.79,2.79,0.14,0.19,0.23,0.26,0.26,0.28,0.37,0.39,0.35,0.38,2.65,1203,1398,1.87,1.47,0.97,1.05,0.8,0.09,0.12,0.12,0.14,0.14,0.14,0.19,0.21,0.18,0.18,0.57,0.65
PIK,2023,2023-08-19,pik_413,,E2,Gregory,1106,5429,5201,2958,1853,1528,1398,1333,1301,1301,1301,1333,1333,3088,1983,1658,1495,1496,1463,1496,1495,1495,1528,0.76,1.74,2.27,2.63,2.63,2.71,2.63,2.63,2.63,2.55,0.06,0.11,0.14,0.13,0.21,0.22,0.25,0.25,0.21,0.32,2.9,2080,2471,1.61,1.2,0.89,0.92,0.8,0.04,0.07,0.08,0.06,0.11,0.11,0.13,0.13,0.11,0.13,0.53,0.59
PIK,2023,2023-08-19,pik_425,,E2,Gregory,1073,5690,4974,3154,2016,1691,1561,1463,1463,1431,1268,1267,1333,3316,2178,1821,1658,1593,1593,1593,1463,1431,1496,0.72,1.61,2.12,2.43,2.57,2.57,2.57,2.89,2.98,2.8,0.07,0.12,0.12,0.11,0.15,0.15,0.19,0.25,0.22,0.26,2.73,2048,2276,1.78,1.5,0.91,0.95,0.81,0.05,0.07,0.07,0.06,0.08,0.08,0.1,0.13,0.11,0.11,0.56,0.6
PIK,2023,2023-08-19,pik_4480,,E1,Qi,780,4162,3381,1593,1008,846,813,780,780,780,780,780,748,1723,1073,943,878,878,878,846,878,878,910,1.42,2.88,3.41,3.74,3.74,3.74,3.92,3.74,3.74,3.57,0.12,0.11,0.21,0.15,0.23,0.23,0.17,0.23,0.23,0.5,3.52,1463,1788,1.84,1.33,0.92,0.92,0.81,0.08,0.06,0.1,0.07,0.11,0.11,0.08,0.11,0.11,0.18,0.56,0.6
PIK,2023,2023-08-19,pik_4852,,E1,Qi,715,3056,2341,975,683,618,715,715,683,650,683,683,715,1072,748,747,780,845,813,813,845,813,845,1.85,3.09,3.09,2.92,2.62,2.76,2.76,2.62,2.76,2.62,0.17,0.2,0.39,0.18,0.32,0.34,0.43,0.4,0.34,0.44,2.27,1366,1658,1.24,0.84,0.92,0.95,0.77,0.09,0.09,0.17,0.08,0.15,0.16,0.2,0.19,0.16,0.15,0.55,0.61
PIK,2023,2023-08-19,pik_4893,,E1,Qi,1073,5429,4584,2634,1755,1496,1398,1301,1301,1300,1268,1268,1463,2796,1886,1626,1495,1430,1431,1431,1430,1431,1593,0.94,1.88,2.34,2.63,2.8,2.79,2.79,2.8,2.79,2.41,0.09,0.12,0.15,0.12,0.17,0.18,0.18,0.22,0.22,0.2,2.13,2568,3056,1.11,0.78,0.94,0.96,0.8,0.06,0.07,0.08,0.06,0.09,0.09,0.09,0.11,0.11,0.08,0.62,0.67
PIK,2023,2023-08-19,pik_5334,,E1,Qi,715,3544,1691,813,585,520,488,488,488,488,488,488,488,878,618,585,553,586,553,553,585,585,585,3.04,4.73,5.06,5.41,5.05,5.41,5.41,5.06,5.06,5.06,0.15,0.13,0.28,0.31,0.42,0.31,0.31,0.42,0.42,0.43,2.47,813,877,3.36,3.04,1.01,1.05,0.8,0.07,0.05,0.11,0.12,0.17,0.12,0.12,0.17,0.17,0.17,0.48,0.52
PIK,2023,2023-08-19,pik_5408,,E1,Qi,1008,4454,2504,1105,683,618,585,553,650,618,585,618,618,1203,715,617,618,650,715,715,715,748,715,2.7,5.23,6.22,6.21,5.85,5.23,5.23,5.23,4.95,5.23,0.17,0.13,-0.01,0.17,0.45,0.26,0.38,0.51,0.48,0.37,3.05,1008,1203,3.42,2.7,1.11,1.13,0.77,0.08,0.04,0,0.05,0.15,0.09,0.14,0.18,0.17,0.14,0.48,0.54
PIK,2023,2023-08-19,pik_5454,,E1,Qi,715,2471,1853,943,715,617,585,553,552,553,585,553,586,1073,780,682,683,683,683,683,715,716,716,1.3,2.17,2.62,2.62,2.62,2.62,2.62,2.46,2.45,2.45,0.23,0.19,0.24,0.35,0.47,0.47,0.47,0.44,0.55,0.5,2.16,942,1495,1.62,0.65,1.07,0.98,0.71,0.12,0.08,0.1,0.14,0.19,0.19,0.19,0.18,0.23,0.18,0.52,0.59
PIK,2023,2023-08-19,pik_5470,,E1,Qi,780,2796,2146,1008,715,683,650,617,650,683,683,715,716,1105,780,748,715,748,781,813,845,845,878,1.53,2.58,2.74,2.91,2.74,2.58,2.44,2.31,2.31,2.18,0.17,0.2,0.21,0.23,0.43,0.4,0.37,0.44,0.35,0.55,2,1073,1268,1.61,1.21,0.91,0.95,0.72,0.09,0.08,0.09,0.09,0.18,0.17,0.16,0.19,0.15,0.18,0.45,0.51
PIK,2023,2023-08-19,pik_5586,,E1,Qi,845,3641,2048,1008,716,618,585,585,586,618,650,650,650,1138,780,683,683,715,716,748,748,781,813,2.2,3.67,4.33,4.33,4.09,4.09,3.87,3.87,3.66,3.48,0.22,0.2,0.25,0.37,0.46,0.46,0.43,0.32,0.4,0.56,2.15,1138,1398,2.2,1.6,1.01,1,0.77,0.11,0.08,0.1,0.14,0.18,0.18,0.17,0.13,0.17,0.2,0.51,0.56
PIK,2023,2023-08-19,pik_5617,,E1,Qi,650,3316,2666,1268,878,780,748,747,747,748,748,715,748,1365,976,845,845,877,877,878,878,910,910,1.43,2.4,2.92,2.92,2.78,2.78,2.78,2.78,2.64,2.64,0.11,0.18,0.15,0.22,0.28,0.28,0.28,0.28,0.4,0.45,2.56,1203,1431,1.76,1.32,0.86,0.89,0.8,0.07,0.1,0.08,0.11,0.15,0.15,0.15,0.15,0.21,0.18,0.51,0.57
PIK,2023,2023-08-19,pik_5666,,E1,Qi,845,3674,2796,1171,780,683,651,650,651,683,683,715,715,1268,878,780,715,748,748,846,845,878,910,1.9,3.18,3.71,4.14,3.91,3.91,3.34,3.35,3.18,3.04,0.14,0.25,0.3,0.23,0.32,0.32,0.44,0.44,0.42,0.55,2.91,1203,1431,2.05,1.57,0.88,0.92,0.77,0.08,0.11,0.12,0.09,0.13,0.13,0.19,0.19,0.19,0.21,0.46,0.52
PIK,2023,2023-08-19,pik_730,,E2,Gregory,780,3998,3316,1951,1300,1105,1007,1007,1007,975,975,975,942,2113,1430,1203,1137,1138,1106,1138,1170,1170,1170,0.89,1.8,2.32,2.52,2.51,2.61,2.51,2.42,2.42,2.42,0.11,0.15,0.15,0.21,0.21,0.17,0.27,0.3,0.3,0.41,2.52,1593,1918,1.51,1.08,0.95,1,0.8,0.08,0.09,0.08,0.11,0.12,0.09,0.14,0.17,0.17,0.19,0.59,0.66
PIK,2023,2023-08-19,pik_739,,E2,Gregory,877,3641,2958,1496,1040,911,845,845,878,878,911,910,943,1690,1138,1041,1008,1008,1040,1073,1138,1171,1171,1.15,2.2,2.5,2.61,2.61,2.5,2.39,2.2,2.11,2.11,0.19,0.17,0.26,0.35,0.35,0.33,0.38,0.4,0.44,0.44,2.14,1528,1658,1.38,1.2,0.9,0.97,0.76,0.11,0.09,0.12,0.16,0.16,0.16,0.18,0.2,0.22,0.19,0.51,0.57
PIK,2023,2023-08-19,pik_748,,E2,Gregory,1073,5072,4324,2081,1398,1235,1170,1138,1138,1138,1138,1106,1106,2211,1560,1365,1333,1300,1268,1333,1333,1365,1333,1.29,2.25,2.72,2.8,2.9,3,2.8,2.8,2.72,2.8,0.09,0.19,0.19,0.25,0.26,0.21,0.3,0.3,0.38,0.41,2.91,1854,2276,1.74,1.23,0.94,0.98,0.79,0.06,0.1,0.1,0.12,0.12,0.1,0.15,0.15,0.19,0.17,0.54,0.61
PIK,2023,2023-08-19,pik_981,,E2,Gregory,910,3576,2959,1853,1268,1366,1105,1008,1008,943,975,976,975,1951,1301,1495,1203,1106,1073,1040,1041,1073,1040,0.83,1.75,1.39,1.97,2.23,2.33,2.44,2.44,2.33,2.44,0.08,0.05,0.16,0.16,0.19,0.13,0.2,0.14,0.19,0.22,2.03,1236,1366,1.89,1.62,0.73,0.86,0.75,0.05,0.03,0.09,0.08,0.09,0.06,0.09,0.06,0.09,0.06,0.37,0.45
PIK,2023,2023-08-19,pik_984,,E2,Gregory,943,5364,4552,2828,1788,1398,1268,1236,1203,1202,1171,1170,1171,2926,1918,1528,1366,1365,1365,1365,1333,1333,1365,0.83,1.8,2.51,2.93,2.93,2.93,2.93,3.02,3.02,2.93,0.05,0.11,0.15,0.13,0.17,0.22,0.22,0.23,0.23,0.33,2.89,1756,2146,2.05,1.5,0.92,0.95,0.82,0.03,0.07,0.09,0.07,0.09,0.12,0.12,0.12,0.12,0.14,0.56,0.62
PIK,2023,2023-08-20,pik_1306,,E2,Gregory,1007,4974,4096,1528,1203,1138,1072,1073,1073,1073,1040,1040,1040,1626,1333,1268,1235,1203,1236,1203,1203,1203,1236,2.06,2.73,2.92,3.03,3.13,3.02,3.13,3.13,3.13,3.02,0.11,0.19,0.2,0.27,0.22,0.27,0.22,0.28,0.28,0.46,2.94,1886,2308,1.64,1.16,0.86,0.94,0.8,0.06,0.1,0.1,0.13,0.11,0.13,0.11,0.14,0.14,0.16,0.52,0.61
PIK,2023,2023-08-20,pik_1711,,E2,Gregory,910,5591,4780,2926,1821,1430,1268,1235,1203,1170,1138,1138,1138,3122,1951,1593,1430,1365,1333,1333,1333,1366,1365,0.79,1.87,2.51,2.91,3.1,3.19,3.19,3.19,3.09,3.1,0.08,0.1,0.17,0.2,0.17,0.18,0.22,0.27,0.3,0.39,3.2,2243,2828,1.49,0.98,0.93,0.97,0.84,0.06,0.07,0.1,0.11,0.1,0.1,0.12,0.15,0.17,0.17,0.62,0.7
PIK,2023,2023-08-20,pik_1859,,E2,Gregory,813,4909,4097,2373,1496,1170,1073,1040,1008,1008,1008,1008,976,2536,1626,1333,1203,1170,1170,1170,1203,1170,1171,0.94,2.02,2.68,3.08,3.2,3.2,3.2,3.08,3.2,3.19,0.09,0.13,0.21,0.2,0.2,0.25,0.25,0.29,0.25,0.4,3.2,1723,2048,1.85,1.4,0.94,0.98,0.83,0.06,0.08,0.12,0.11,0.11,0.14,0.14,0.16,0.14,0.17,0.6,0.67
PIK,2023,2023-08-20,pik_2106,,E1,Emilie,439,1685,1187,518,399,388,389,398,398,399,419,409,418,588,458,448,459,469,488,488,509,509,508,1.87,2.68,2.76,2.67,2.59,2.45,2.45,2.31,2.31,2.32,0.24,0.3,0.31,0.35,0.34,0.41,0.4,0.38,0.43,0.48,1.84,757,937,1.23,0.8,0.94,0.97,0.74,0.12,0.13,0.13,0.15,0.15,0.18,0.18,0.18,0.2,0.18,0.53,0.6
PIK,2023,2023-08-20,pik_2155,,E2,Gregory,748,3966,3089,1333,910,878,845,813,813,813,813,846,780,1495,1040,975,943,943,943,943,943,943,943,1.65,2.81,3.07,3.21,3.21,3.21,3.21,3.21,3.21,3.21,0.18,0.24,0.19,0.21,0.27,0.27,0.27,0.27,0.2,0.5,2.96,1398,1658,1.84,1.39,0.93,0.98,0.81,0.11,0.12,0.1,0.1,0.14,0.14,0.14,0.14,0.1,0.17,0.56,0.63
PIK,2023,2023-08-20,pik_2168,,E2,Gregory,878,4812,3869,1625,1073,975,975,943,943,911,911,911,911,1755,1203,1105,1073,1073,1041,1041,1041,1041,1073,1.74,3,3.35,3.48,3.48,3.62,3.62,3.62,3.62,3.48,0.12,0.2,0.23,0.18,0.24,0.19,0.25,0.25,0.25,0.42,3.25,1593,1886,2.02,1.55,0.89,0.92,0.82,0.07,0.11,0.12,0.09,0.12,0.09,0.12,0.12,0.12,0.15,0.53,0.59
PIK,2023,2023-08-20,pik_2441,,E2,Gregory,813,4259,3414,1626,1041,911,878,878,878,878,845,845,845,1756,1171,1041,1008,976,976,1008,1008,1040,1040,1.43,2.64,3.09,3.23,3.36,3.36,3.23,3.23,3.1,3.1,0.12,0.21,0.25,0.26,0.2,0.2,0.26,0.32,0.37,0.5,3.04,1496,1854,1.85,1.3,0.95,0.95,0.81,0.07,0.11,0.12,0.13,0.1,0.1,0.13,0.16,0.19,0.19,0.57,0.61
PIK,2023,2023-08-20,pik_2671,,E2,Gregory,780,2861,2048,780,683,651,651,650,651,683,683,683,683,911,748,748,716,748,781,781,813,813,845,2.14,2.82,2.82,3,2.82,2.66,2.66,2.52,2.52,2.39,0.31,0.21,0.32,0.23,0.32,0.4,0.3,0.37,0.37,0.5,2,1203,1398,1.38,1.05,0.92,0.99,0.73,0.14,0.09,0.13,0.09,0.13,0.17,0.13,0.16,0.16,0.19,0.49,0.56
PIK,2023,2023-08-20,pik_2811,,E2,Gregory,747,4129,3316,1528,1008,910,846,878,846,845,813,813,813,1691,1138,1008,1008,975,976,1040,976,1008,1008,1.44,2.63,3.1,3.1,3.23,3.23,2.97,3.23,3.1,3.1,0.15,0.21,0.19,0.31,0.19,0.26,0.35,0.32,0.37,0.46,3.08,1431,1723,1.89,1.4,0.93,0.95,0.82,0.1,0.11,0.1,0.16,0.1,0.13,0.19,0.17,0.19,0.19,0.57,0.62
PIK,2023,2023-08-20,pik_2815,,E2,Gregory,878,4779,3999,1788,1170,1040,1040,1008,1008,1008,1008,1072,1040,1885,1235,1170,1170,1170,1170,1203,1203,1203,1235,1.54,2.87,3.08,3.08,3.08,3.08,2.97,2.97,2.97,2.87,0.08,0.1,0.21,0.21,0.27,0.27,0.31,0.31,0.21,0.38,2.85,1820,2210,1.63,1.16,0.94,0.96,0.82,0.05,0.05,0.11,0.11,0.14,0.14,0.16,0.16,0.11,0.16,0.59,0.65
PIK,2023,2023-08-20,pik_2922,,E2,Gregory,748,2764,1625,715,586,553,553,586,553,586,586,585,585,780,683,650,683,683,651,683,650,716,683,2.54,3.05,3.25,3.05,3.05,3.25,3.05,3.25,2.86,3.05,0.19,0.36,0.38,0.48,0.36,0.39,0.36,0.25,0.45,0.5,1.78,1040,1236,1.66,1.24,0.93,0.96,0.73,0.08,0.14,0.15,0.19,0.14,0.15,0.14,0.1,0.18,0.14,0.47,0.53
PIK,2023,2023-08-20,pik_2964,,E2,Gregory,682,3804,2991,1593,1041,910,845,845,845,813,813,813,813,1788,1170,1008,975,976,976,1008,975,975,1008,1.13,2.25,2.77,2.9,2.9,2.9,2.77,2.9,2.9,2.77,0.16,0.19,0.18,0.25,0.25,0.25,0.35,0.31,0.31,0.46,2.68,1626,1950,1.34,0.95,0.97,1,0.82,0.11,0.11,0.1,0.13,0.13,0.13,0.19,0.17,0.17,0.19,0.64,0.7
PIK,2023,2023-08-20,pik_3118,,E2,Gregory,780,3576,2666,1008,747,780,748,780,715,748,780,748,748,1105,877,845,845,877,877,878,878,910,910,2.24,3.08,3.23,3.23,3.08,3.08,3.07,3.07,2.93,2.93,0.17,0.32,0.17,0.25,0.24,0.39,0.32,0.24,0.37,0.5,2.56,1333,1593,1.68,1.24,0.9,0.93,0.78,0.09,0.15,0.08,0.11,0.11,0.18,0.15,0.11,0.18,0.18,0.51,0.57
PIK,2023,2023-08-20,pik_3131,,E2,Gregory,781,4292,2536,1040,781,748,748,715,715,748,715,747,747,1138,878,878,846,877,813,878,845,877,910,2.77,3.89,3.89,4.07,3.89,4.28,3.89,4.08,3.89,3.72,0.16,0.23,0.31,0.25,0.39,0.26,0.31,0.33,0.31,0.5,2.39,1301,1560,2.3,1.75,0.87,0.94,0.82,0.09,0.11,0.15,0.12,0.18,0.12,0.15,0.15,0.15,0.18,0.5,0.58
PIK,2023,2023-08-20,pik_3273,,E2,Gregory,943,5007,4064,2244,1398,1170,1105,1072,1040,1040,1041,1041,1040,2471,1528,1366,1268,1268,1236,1235,1268,1236,1268,1.03,2.28,2.67,2.95,2.95,3.05,3.05,2.95,3.05,2.95,0.14,0.15,0.27,0.25,0.3,0.31,0.31,0.34,0.31,0.44,2.91,2244,2666,1.23,0.88,0.95,0.98,0.81,0.09,0.09,0.14,0.13,0.15,0.16,0.16,0.18,0.16,0.18,0.62,0.68
PIK,2023,2023-08-20,pik_3356,,E2,Gregory,845,4356,3446,1723,1105,975,910,910,910,911,911,943,910,1918,1268,1106,1073,1073,1073,1106,1106,1138,1138,1.27,2.44,2.94,3.06,3.06,3.06,2.94,2.94,2.83,2.83,0.16,0.23,0.23,0.3,0.3,0.3,0.34,0.34,0.33,0.47,2.79,1789,2179,1.43,1,0.95,0.97,0.81,0.1,0.13,0.12,0.15,0.15,0.15,0.18,0.18,0.17,0.2,0.6,0.66
PIK,2023,2023-08-20,pik_3366,,E2,Gregory,683,2373,1463,617,552,520,520,520,553,553,488,520,520,682,585,585,585,618,585,585,585,618,618,2.48,3.06,3.06,3.06,2.84,3.06,3.06,3.06,2.84,2.84,0.23,0.15,0.29,0.29,0.4,0.14,0.14,0.44,0.4,0.5,1.81,813,975,1.92,1.43,0.87,0.93,0.71,0.1,0.06,0.11,0.11,0.16,0.05,0.05,0.17,0.16,0.16,0.4,0.47
PIK,2023,2023-08-20,pik_3505,,E2,Gregory,846,3999,3382,1561,1041,878,846,813,845,812,813,780,813,1723,1138,975,943,943,911,910,910,877,910,1.32,2.51,3.1,3.24,3.24,3.39,3.39,3.39,3.56,3.39,0.15,0.17,0.21,0.22,0.29,0.16,0.23,0.23,0.25,0.3,3.16,1366,1658,1.93,1.41,0.94,0.97,0.79,0.09,0.09,0.1,0.1,0.14,0.07,0.11,0.11,0.11,0.11,0.52,0.59
PIK,2023,2023-08-20,pik_373,,E2,Gregory,1073,4064,3024,1171,911,878,878,878,845,846,846,845,846,1236,1008,943,943,943,943,910,943,911,943,2.29,3.03,3.31,3.31,3.31,3.31,3.47,3.31,3.46,3.31,0.11,0.24,0.18,0.18,0.18,0.26,0.18,0.26,0.19,0.37,2.57,1528,1821,1.66,1.23,0.87,0.93,0.74,0.05,0.1,0.07,0.07,0.07,0.1,0.07,0.1,0.07,0.1,0.45,0.52
PIK,2023,2023-08-20,pik_3759,,E1,Emilie,878,2731,1983,910,715,715,682,650,682,650,683,651,650,943,813,748,747,715,747,748,748,781,748,1.9,2.36,2.65,2.66,2.82,2.66,2.65,2.65,2.5,2.65,0.08,0.31,0.12,0.24,0.26,0.24,0.36,0.24,0.44,0.6,2.05,1138,1333,1.4,1.05,0.79,0.91,0.68,0.03,0.12,0.04,0.09,0.09,0.09,0.13,0.09,0.17,0.13,0.37,0.46
PIK,2023,2023-08-20,pik_3907,,E1,Emilie,943,3218,2276,878,748,683,683,683,683,715,683,715,716,911,781,780,781,781,813,780,780,780,813,2.53,3.12,3.13,3.12,3.12,2.96,3.13,3.13,3.13,2.96,0.09,0.11,0.34,0.34,0.34,0.42,0.23,0.34,0.23,0.37,2.18,1300,1625,1.48,0.98,0.91,0.98,0.71,0.04,0.04,0.12,0.13,0.13,0.16,0.08,0.12,0.08,0.12,0.45,0.54
PIK,2023,2023-08-20,pik_3967,,E1,Emilie,585,2016,1528,651,520,520,520,520,520,520,488,520,487,748,618,553,585,585,585,585,585,552,585,1.7,2.26,2.65,2.45,2.45,2.45,2.45,2.45,2.65,2.45,0.27,0.37,0.15,0.27,0.27,0.27,0.27,0.4,0.14,0.6,2.14,747,877,1.7,1.3,0.82,0.93,0.71,0.13,0.16,0.06,0.11,0.11,0.11,0.11,0.17,0.06,0.17,0.39,0.48
PIK,2023,2023-08-20,pik_4006,,E1,Emilie,781,2991,2244,1040,748,683,683,683,683,683,683,716,683,1073,748,748,748,748,748,748,781,748,781,1.79,3,3,3,3,3,3,2.83,3,2.83,0.06,0,0.21,0.21,0.21,0.21,0.21,0.3,0.1,0.38,2.29,1073,1333,1.79,1.24,0.9,0.96,0.74,0.03,0,0.09,0.09,0.09,0.09,0.09,0.13,0.04,0.13,0.45,0.54
PIK,2023,2023-08-20,pik_4025,,E1,Emilie,553,1853,1138,552,488,455,455,455,487,422,455,455,455,618,553,520,520,520,552,520,552,520,553,2,2.35,2.56,2.56,2.56,2.36,2.56,2.36,2.56,2.35,0.24,0.29,0.31,0.31,0.31,0.29,0.47,0.43,0.31,0.5,1.5,716,878,1.59,1.11,0.86,0.99,0.7,0.11,0.12,0.12,0.12,0.12,0.12,0.19,0.18,0.12,0.18,0.41,0.52
PIK,2023,2023-08-20,pik_4043,,E1,Emilie,748,3804,3153,1625,1008,878,813,781,781,781,781,781,780,1723,1040,975,911,911,911,878,878,878,910,1.21,2.66,2.9,3.18,3.18,3.18,3.33,3.33,3.33,3.18,0.09,0.06,0.19,0.22,0.29,0.29,0.23,0.23,0.23,0.4,3.04,1398,1723,1.72,1.21,0.93,0.93,0.8,0.06,0.03,0.1,0.11,0.14,0.14,0.11,0.11,0.11,0.14,0.56,0.6
PIK,2023,2023-08-20,pik_4086,,E1,Emilie,279,1057,1037,438,359,329,329,329,319,319,319,319,320,498,399,388,379,369,368,379,369,378,369,1.12,1.65,1.72,1.79,1.86,1.87,1.79,1.86,1.8,1.86,0.21,0.2,0.3,0.26,0.22,0.27,0.32,0.27,0.31,0.45,2.24,618,767,0.71,0.38,0.86,0.89,0.74,0.12,0.1,0.15,0.13,0.11,0.13,0.16,0.14,0.16,0.13,0.53,0.6
PIK,2023,2023-08-20,pik_4141,,E1,Emilie,780,2536,1626,846,650,650,650,617,650,651,651,650,747,878,715,716,683,715,715,716,716,748,812,1.89,2.55,2.54,2.71,2.55,2.55,2.54,2.54,2.39,2.12,0.08,0.23,0.24,0.13,0.35,0.23,0.23,0.23,0.33,0.22,1.18,1007,1203,1.52,1.11,0.96,0.99,0.69,0.04,0.09,0.09,0.05,0.14,0.09,0.09,0.09,0.13,0.08,0.45,0.51
PIK,2023,2023-08-20,pik_4199,,E1,Emilie,429,1954,1425,648,479,439,429,429,429,419,408,419,428,738,559,519,509,508,508,498,489,498,498,1.65,2.5,2.76,2.84,2.85,2.85,2.92,3,2.92,2.92,0.21,0.28,0.32,0.33,0.32,0.32,0.33,0.35,0.33,0.37,2.33,768,937,1.54,1.09,0.96,1,0.78,0.12,0.14,0.15,0.16,0.16,0.16,0.16,0.17,0.16,0.14,0.56,0.63
PIK,2023,2023-08-20,pik_4231,,E1,Emilie,617,2991,2308,1138,748,683,650,682,682,683,618,650,650,1268,846,747,781,780,813,812,845,845,845,1.36,2.54,3,2.83,2.83,2.68,2.68,2.54,2.54,2.54,0.17,0.22,0.17,0.33,0.25,0.32,0.31,0.52,0.44,0.54,2.55,1268,1528,1.36,0.96,0.95,1,0.79,0.1,0.12,0.09,0.17,0.13,0.16,0.16,0.27,0.23,0.23,0.59,0.66
PIK,2023,2023-08-20,pik_4401,,E1,Emilie,747,3186,2536,1073,780,715,650,617,617,585,585,585,552,1138,845,813,747,715,682,715,682,650,682,1.8,2.77,2.92,3.27,3.46,3.67,3.46,3.67,3.9,3.67,0.11,0.17,0.27,0.3,0.32,0.23,0.43,0.35,0.25,0.67,3.59,1235,1528,1.58,1.09,0.94,1.01,0.77,0.06,0.08,0.12,0.13,0.14,0.1,0.18,0.14,0.1,0.19,0.53,0.62
PIK,2023,2023-08-20,pik_4651,,E1,Emilie,780,3869,3121,1723,1137,1008,943,877,877,877,845,845,845,1918,1267,1138,1040,1040,1040,1040,1040,1040,1073,1.02,2.05,2.4,2.72,2.72,2.72,2.72,2.72,2.72,2.61,0.15,0.18,0.21,0.18,0.3,0.3,0.3,0.36,0.36,0.5,2.69,1626,1983,1.38,0.95,0.96,0.98,0.8,0.1,0.1,0.11,0.09,0.16,0.16,0.16,0.19,0.19,0.21,0.6,0.66
PIK,2023,2023-08-20,pik_4784,,E1,Emilie,683,2503,2016,813,650,618,586,553,553,553,553,520,520,877,715,651,651,618,618,618,618,618,618,1.85,2.5,2.84,2.84,3.05,3.05,3.05,3.05,3.05,3.05,0.15,0.21,0.12,0.24,0.27,0.27,0.27,0.27,0.4,0.6,2.88,846,975,1.96,1.57,0.81,0.91,0.73,0.07,0.09,0.05,0.1,0.11,0.11,0.11,0.11,0.16,0.16,0.38,0.47
PIK,2023,2023-08-20,pik_4816,,E1,Emilie,618,1886,1203,520,488,456,423,423,423,423,423,455,423,553,488,488,488,488,488,488,488,488,488,2.41,2.86,2.86,2.86,2.86,2.86,2.86,2.86,2.86,2.86,0.16,0,0.19,0.38,0.38,0.38,0.38,0.38,0.19,0.67,1.84,683,781,1.76,1.41,0.78,0.82,0.67,0.06,0,0.07,0.13,0.13,0.13,0.13,0.13,0.07,0.13,0.33,0.38
PIK,2023,2023-08-20,pik_5256,,E1,Emilie,780,3479,2796,1170,813,748,682,682,682,682,715,715,715,1235,911,813,813,780,813,846,878,846,878,1.82,2.82,3.28,3.28,3.46,3.28,3.11,2.96,3.11,2.96,0.1,0.23,0.18,0.36,0.29,0.36,0.42,0.4,0.34,0.5,2.91,1203,1431,1.89,1.43,0.94,0.97,0.78,0.05,0.11,0.08,0.16,0.13,0.16,0.19,0.19,0.15,0.19,0.51,0.57
PIK,2023,2023-08-20,pik_5366,,E2,Gregory,1105,4811,3966,1853,1495,1300,1236,1170,1137,1137,1105,1072,1105,1950,1593,1398,1333,1268,1268,1235,1235,1202,1235,1.47,2.02,2.44,2.61,2.79,2.79,2.9,2.9,3,2.9,0.09,0.12,0.14,0.15,0.16,0.22,0.17,0.23,0.24,0.4,2.59,1755,2048,1.74,1.35,0.77,0.86,0.77,0.05,0.06,0.07,0.07,0.08,0.1,0.08,0.11,0.11,0.11,0.43,0.51
PIK,2023,2023-08-20,pik_5589,,E1,Emilie,715,2406,1886,943,715,650,618,651,618,650,650,650,618,1008,748,715,716,716,715,715,715,747,748,1.39,2.22,2.37,2.36,2.36,2.37,2.37,2.37,2.22,2.22,0.13,0.1,0.22,0.33,0.22,0.33,0.22,0.22,0.31,0.57,2.05,975,1138,1.47,1.11,0.82,0.87,0.7,0.06,0.04,0.09,0.14,0.09,0.14,0.09,0.09,0.13,0.17,0.4,0.46
PIK,2023,2023-08-20,pik_619,,E2,Gregory,780,2926,2340,910,715,650,585,618,585,553,552,553,553,975,780,715,650,650,650,618,617,618,586,2,2.75,3.09,3.5,3.5,3.5,3.73,3.74,3.73,3.99,0.14,0.2,0.23,0.26,0.13,0.26,0.29,0.29,0.29,0.25,3.23,1008,1203,1.9,1.43,0.86,0.92,0.73,0.07,0.08,0.09,0.1,0.05,0.1,0.11,0.11,0.11,0.06,0.42,0.49
PIK,2023,2023-08-20,pik_910,,E2,Gregory,1170,5202,4096,1528,1203,1106,1073,1008,1040,1041,1040,1008,1008,1593,1268,1203,1171,1138,1105,1138,1105,1105,1105,2.27,3.1,3.32,3.44,3.57,3.71,3.57,3.71,3.71,3.71,0.08,0.11,0.18,0.19,0.27,0.14,0.2,0.14,0.21,0.3,3.06,1528,1724,2.4,2.02,0.89,0.92,0.78,0.04,0.05,0.08,0.08,0.11,0.06,0.09,0.06,0.09,0.09,0.45,0.49
PIK,2023,2023-08-20,pik_956,,E2,Gregory,651,2926,2373,1008,715,650,650,650,650,650,650,650,617,1040,812,747,780,747,748,748,748,747,747,1.81,2.6,2.92,2.75,2.92,2.91,2.91,2.91,2.92,2.92,0.06,0.24,0.28,0.35,0.28,0.28,0.28,0.28,0.28,0.45,2.85,1072,1301,1.73,1.25,0.92,0.94,0.78,0.03,0.12,0.13,0.17,0.13,0.13,0.13,0.13,0.13,0.17,0.51,0.57
PIK,2023,2023-08-20,pik_960,,E2,Gregory,1073,5299,4161,1560,1236,1138,1138,1105,1105,1073,1073,1041,1073,1658,1333,1236,1203,1235,1203,1203,1235,1203,1203,2.2,2.98,3.29,3.4,3.29,3.4,3.4,3.29,3.4,3.4,0.11,0.15,0.17,0.11,0.22,0.17,0.23,0.27,0.29,0.31,2.88,1691,2016,2.13,1.63,0.86,0.91,0.8,0.06,0.07,0.08,0.05,0.11,0.08,0.11,0.13,0.13,0.11,0.48,0.55
PIK,2023,2023-09-05,pik_1290,,E2,Gregory,618,2666,1919,780,650,617,585,553,553,552,552,552,553,910,683,650,650,650,650,650,650,618,617,1.93,2.9,3.1,3.1,3.1,3.1,3.1,3.1,3.31,3.32,0.27,0.11,0.11,0.22,0.33,0.33,0.34,0.34,0.25,0.4,2.47,1105,1235,1.41,1.16,0.96,0.96,0.77,0.14,0.05,0.05,0.1,0.15,0.15,0.15,0.15,0.11,0.1,0.56,0.58
PIK,2023,2023-09-05,pik_13,,E2,Gregory,716,4226,3446,1691,1105,910,878,845,845,845,877,845,845,1820,1203,1040,1008,1008,1008,1040,1008,1040,1040,1.32,2.51,3.06,3.19,3.19,3.19,3.06,3.19,3.06,3.06,0.1,0.14,0.23,0.24,0.3,0.3,0.34,0.24,0.34,0.43,3.08,1561,1886,1.71,1.24,0.94,0.95,0.83,0.07,0.08,0.12,0.13,0.16,0.16,0.19,0.13,0.19,0.19,0.6,0.66
PIK,2023,2023-09-05,pik_1306,,E2,Gregory,878,4942,4129,1950,1333,1170,1105,1073,1073,1073,1040,1040,1040,2113,1463,1300,1236,1235,1203,1235,1203,1203,1203,1.34,2.38,2.8,3,3,3.11,3,3.11,3.11,3.11,0.12,0.15,0.18,0.2,0.24,0.2,0.24,0.26,0.26,0.36,2.97,1951,2374,1.53,1.08,0.95,0.97,0.82,0.08,0.09,0.1,0.11,0.13,0.11,0.13,0.14,0.14,0.14,0.62,0.67
PIK,2023,2023-09-05,pik_1436,,E2,Gregory,1073,5299,4259,1690,1235,1138,1105,1072,1073,1040,1040,1040,1040,1820,1365,1235,1203,1203,1171,1171,1203,1170,1170,1.91,2.88,3.29,3.4,3.4,3.53,3.53,3.4,3.53,3.53,0.12,0.19,0.16,0.17,0.23,0.18,0.24,0.29,0.24,0.33,3.1,2145,2536,1.47,1.09,0.91,0.94,0.8,0.07,0.1,0.08,0.08,0.11,0.08,0.11,0.14,0.11,0.11,0.56,0.62
PIK,2023,2023-09-05,pik_1530,,E2,Gregory,942,3511,2178,878,780,748,748,715,715,715,683,747,715,943,845,813,813,780,780,780,748,780,780,2.72,3.16,3.32,3.32,3.5,3.5,3.5,3.69,3.5,3.5,0.16,0.19,0.21,0.21,0.22,0.22,0.22,0.24,0.11,0.4,2.05,1105,1366,2.18,1.57,0.83,0.93,0.73,0.07,0.08,0.08,0.08,0.08,0.08,0.08,0.09,0.04,0.08,0.38,0.48
PIK,2023,2023-09-05,pik_1620,,E2,Gregory,1333,3641,2698,1268,1105,976,976,975,943,942,943,910,878,1300,1170,1041,1040,1008,976,975,1008,975,975,1.8,2.11,2.5,2.5,2.61,2.73,2.73,2.61,2.73,2.73,0.06,0.16,0.19,0.19,0.1,0.11,0.11,0.2,0.21,0.5,2.07,1529,1853,1.38,0.96,0.96,1.05,0.63,0.02,0.06,0.06,0.06,0.03,0.03,0.03,0.06,0.07,0.1,0.4,0.49
PIK,2023,2023-09-05,pik_1676,,E2,Gregory,1138,3186,2276,1235,1008,975,910,878,845,877,845,845,812,1236,1073,1008,942,943,910,910,910,877,877,1.58,1.97,2.16,2.38,2.38,2.5,2.5,2.5,2.63,2.63,0,0.16,0.09,0.1,0.2,0.21,0.11,0.21,0.11,0.5,1.8,1300,1398,1.45,1.28,0.77,0.9,0.64,0,0.06,0.03,0.03,0.07,0.07,0.04,0.07,0.04,0.07,0.33,0.4
PIK,2023,2023-09-05,pik_1826,,E2,Gregory,942,2633,2145,1007,910,845,845,812,813,812,812,812,780,1105,1008,942,910,910,878,845,878,845,845,1.38,1.61,1.8,1.89,1.89,2,2.12,2,2.12,2.12,0.21,0.24,0.26,0.19,0.28,0.2,0.11,0.2,0.11,0.5,1.75,1821,1951,0.45,0.35,0.9,0.93,0.64,0.09,0.1,0.1,0.07,0.11,0.07,0.04,0.08,0.04,0.08,0.5,0.53
PIK,2023,2023-09-05,pik_1906,,E2,Gregory,651,2146,1073,520,455,488,488,455,422,455,423,423,455,585,520,553,520,488,520,488,487,455,520,2.67,3.13,2.88,3.13,3.4,3.13,3.4,3.41,3.72,3.13,0.29,0.35,0.32,0.17,0.2,0.53,0.2,0.38,0.21,0.5,1.36,943,1073,1.28,1,0.96,0.91,0.7,0.11,0.12,0.12,0.06,0.07,0.19,0.07,0.13,0.07,0.12,0.48,0.49
PIK,2023,2023-09-05,pik_1972,,E2,Gregory,748,3577,2438,943,846,781,781,780,781,748,748,748,748,1073,943,878,846,845,813,845,781,845,813,2.33,2.79,3.07,3.23,3.23,3.4,3.23,3.58,3.23,3.4,0.23,0.21,0.23,0.16,0.16,0.09,0.24,0.09,0.24,0.33,2.26,1430,1658,1.5,1.16,0.83,0.86,0.79,0.12,0.1,0.11,0.08,0.08,0.04,0.11,0.04,0.11,0.08,0.5,0.55
PIK,2023,2023-09-05,pik_2043,,E2,Gregory,1073,4227,3251,1236,976,911,878,878,845,878,845,846,878,1301,1041,975,943,943,943,976,975,975,943,2.25,3.06,3.34,3.48,3.48,3.48,3.33,3.34,3.34,3.48,0.11,0.15,0.16,0.17,0.17,0.26,0.25,0.33,0.33,0.33,2.7,1886,2406,1.24,0.76,0.91,0.97,0.75,0.05,0.06,0.07,0.07,0.07,0.1,0.1,0.13,0.13,0.07,0.52,0.61
PIK,2023,2023-09-05,pik_2106,,E2,Gregory,429,1665,1007,489,409,388,398,388,388,378,378,378,379,568,469,448,448,448,448,428,438,448,438,1.93,2.55,2.72,2.72,2.72,2.72,2.89,2.8,2.72,2.8,0.28,0.29,0.31,0.26,0.31,0.31,0.27,0.32,0.36,0.46,1.66,768,897,1.17,0.86,0.93,0.99,0.74,0.14,0.13,0.13,0.11,0.13,0.13,0.12,0.14,0.16,0.13,0.53,0.6
PIK,2023,2023-09-05,pik_2112,,E2,Gregory,975,5266,3934,1430,1203,1138,1105,1105,1105,1073,1073,1040,1040,1528,1300,1268,1268,1203,1203,1203,1171,1203,1203,2.45,3.05,3.15,3.15,3.38,3.38,3.38,3.5,3.38,3.38,0.11,0.14,0.2,0.25,0.16,0.16,0.22,0.17,0.27,0.39,2.78,2016,2406,1.61,1.19,0.87,0.91,0.81,0.06,0.07,0.1,0.13,0.08,0.08,0.11,0.08,0.14,0.14,0.55,0.61
PIK,2023,2023-09-05,pik_2261,,E2,Gregory,943,2829,1723,845,813,780,780,780,748,748,748,748,748,943,878,845,845,781,813,813,813,781,813,2,2.22,2.35,2.35,2.62,2.48,2.48,2.48,2.62,2.48,0.26,0.19,0.21,0.21,0,0.22,0.22,0.22,0.12,0.5,1.3,1138,1333,1.49,1.12,0.7,0.86,0.67,0.1,0.07,0.08,0.08,0,0.08,0.08,0.08,0.04,0.08,0.31,0.41
PIK,2023,2023-09-05,pik_2274,,E2,Gregory,520,1658,911,423,390,390,358,325,358,357,357,325,326,455,423,390,422,390,423,390,423,390,423,2.64,2.92,3.25,2.93,3.25,2.92,3.25,2.92,3.25,2.92,0.19,0.22,0,0.42,0.49,0.43,0.25,0.44,0.49,0.74,1.79,683,845,1.43,0.96,0.9,1.02,0.69,0.07,0.08,0,0.15,0.17,0.15,0.08,0.16,0.17,0.23,0.43,0.54
PIK,2023,2023-09-05,pik_2403,,E2,Gregory,813,2113,1203,618,552,553,552,553,520,553,520,520,553,651,586,618,585,617,585,585,585,585,586,2.25,2.61,2.42,2.61,2.42,2.61,2.61,2.61,2.61,2.61,0.15,0.19,0.33,0.18,0.33,0.36,0.18,0.36,0.36,0.5,1.18,943,1041,1.24,1.03,0.83,0.92,0.62,0.05,0.06,0.11,0.06,0.1,0.11,0.05,0.11,0.11,0.06,0.34,0.41
PIK,2023,2023-09-05,pik_2671,,E2,Gregory,716,2470,1300,650,553,552,520,520,488,487,488,488,487,683,586,585,553,552,553,552,520,520,552,2.62,3.22,3.22,3.47,3.47,3.47,3.47,3.75,3.75,3.47,0.12,0.15,0.15,0.17,0.16,0.33,0.33,0.18,0.18,0.4,1.67,910,1073,1.71,1.3,0.9,0.94,0.71,0.05,0.06,0.06,0.06,0.06,0.12,0.12,0.06,0.06,0.12,0.43,0.49
PIK,2023,2023-09-05,pik_2760,,E1,Emilie,520,1886,1171,618,488,488,455,455,455,455,455,455,455,683,553,520,552,552,553,553,553,553,520,1.76,2.41,2.63,2.42,2.42,2.41,2.41,2.41,2.41,2.63,0.2,0.27,0.15,0.4,0.4,0.41,0.41,0.41,0.41,0.4,1.57,813,1008,1.32,0.87,0.9,0.94,0.72,0.1,0.12,0.06,0.18,0.18,0.18,0.18,0.18,0.18,0.12,0.48,0.55
PIK,2023,2023-09-05,pik_2811,,E2,Gregory,553,1918,1203,520,455,455,455,455,455,423,455,422,423,585,520,520,520,487,488,488,455,487,455,2.28,2.69,2.69,2.69,2.94,2.93,2.93,3.22,2.94,3.22,0.26,0.31,0.31,0.31,0.17,0.18,0.35,0,0.35,0.33,1.84,846,943,1.27,1.03,0.89,0.88,0.71,0.11,0.12,0.12,0.12,0.07,0.07,0.13,0,0.13,0.07,0.46,0.48
PIK,2023,2023-09-05,pik_2815,,E2,Gregory,683,2080,1202,585,553,520,552,520,520,520,553,553,520,650,618,585,585,585,585,585,618,585,585,2.2,2.37,2.56,2.56,2.56,2.56,2.56,2.37,2.56,2.56,0.26,0.28,0.3,0.15,0.3,0.3,0.3,0.28,0.15,0.67,1.31,942,1105,1.21,0.88,0.86,0.9,0.67,0.1,0.11,0.11,0.06,0.11,0.11,0.11,0.11,0.05,0.11,0.41,0.47
PIK,2023,2023-09-05,pik_2851,,E1,Emilie,598,2223,1346,579,478,459,439,419,419,419,419,418,418,618,528,499,469,468,478,468,468,468,458,2.6,3.21,3.45,3.74,3.75,3.65,3.75,3.75,3.75,3.85,0.15,0.24,0.21,0.18,0.29,0.33,0.29,0.29,0.29,0.45,2.22,737,917,2.02,1.42,0.83,0.86,0.73,0.06,0.09,0.08,0.06,0.1,0.12,0.1,0.1,0.11,0.09,0.39,0.46
PIK,2023,2023-09-05,pik_2922,,E2,Gregory,747,2601,1561,617,553,520,521,520,553,520,520,520,520,683,585,618,618,585,585,585,585,585,585,2.81,3.45,3.21,3.21,3.45,3.45,3.45,3.45,3.45,3.45,0.24,0.15,0.43,0.42,0.31,0.15,0.31,0.31,0.31,0.5,2,975,1040,1.67,1.5,0.9,1.07,0.71,0.1,0.05,0.16,0.16,0.11,0.05,0.11,0.11,0.11,0.11,0.43,0.53
PIK,2023,2023-09-05,pik_2964,,E2,Gregory,813,3543,2374,910,845,813,845,813,781,813,813,781,780,1040,911,911,910,911,911,911,878,878,911,2.41,2.89,2.89,2.89,2.89,2.89,2.89,3.04,3.04,2.89,0.25,0.16,0.23,0.15,0.23,0.31,0.23,0.16,0.24,0.45,2.04,1528,1723,1.32,1.06,0.86,0.88,0.77,0.12,0.07,0.11,0.07,0.11,0.14,0.11,0.07,0.11,0.14,0.51,0.55
PIK,2023,2023-09-05,pik_3118,,E2,Gregory,683,2731,1626,651,585,585,553,553,553,521,521,553,521,716,650,586,618,618,618,618,586,586,586,2.81,3.2,3.66,3.42,3.42,3.42,3.42,3.66,3.66,3.66,0.21,0.24,0,0.26,0.26,0.26,0.39,0.28,0.14,0.66,2.12,911,1138,2,1.4,0.71,0.82,0.75,0.09,0.1,0,0.11,0.11,0.11,0.16,0.11,0.06,0.11,0.36,0.46
PIK,2023,2023-09-05,pik_3131,,E2,Gregory,845,3284,2146,878,748,780,715,748,683,715,715,683,716,943,878,845,813,780,780,813,781,781,780,2.48,2.74,2.89,3.04,3.21,3.21,3.04,3.2,3.2,3.21,0.15,0.34,0.18,0.29,0.1,0.31,0.29,0.21,0.31,0.5,2,1268,1496,1.59,1.2,0.83,0.88,0.74,0.07,0.15,0.08,0.12,0.04,0.12,0.12,0.08,0.13,0.08,0.44,0.5
PIK,2023,2023-09-05,pik_3192,,E1,Emilie,715,3673,2568,1007,748,715,682,683,683,682,683,650,682,1105,845,780,780,747,781,780,780,813,812,2.32,3.35,3.71,3.71,3.92,3.7,3.71,3.71,3.52,3.52,0.16,0.24,0.18,0.27,0.19,0.27,0.27,0.27,0.42,0.45,2.77,1073,1300,2.42,1.83,0.89,0.93,0.81,0.09,0.11,0.08,0.13,0.09,0.13,0.13,0.12,0.2,0.16,0.49,0.55
PIK,2023,2023-09-05,pik_3282,,E1,Emilie,715,3056,1918,748,650,618,585,585,585,585,585,585,585,813,715,683,683,683,650,683,683,683,715,2.76,3.27,3.47,3.47,3.47,3.7,3.47,3.47,3.47,3.27,0.17,0.21,0.23,0.34,0.34,0.24,0.34,0.34,0.34,0.57,2.28,1040,1333,1.94,1.29,0.89,0.91,0.77,0.08,0.09,0.1,0.14,0.14,0.1,0.14,0.14,0.14,0.18,0.47,0.54
PIK,2023,2023-09-05,pik_3321,,E1,Emilie,520,2374,1560,618,553,520,520,487,520,520,585,552,552,715,618,617,585,585,552,585,683,650,650,2.32,2.84,2.85,3.06,3.06,3.3,3.06,2.48,2.65,2.65,0.26,0.22,0.33,0.24,0.36,0.13,0.24,0.28,0.31,0.38,1.83,1008,1235,1.36,0.92,0.86,0.93,0.78,0.14,0.11,0.16,0.11,0.17,0.06,0.11,0.14,0.15,0.15,0.52,0.61
PIK,2023,2023-09-05,pik_3356,,E2,Gregory,975,4291,2958,1073,942,878,846,846,813,846,813,813,813,1170,1007,975,975,911,911,911,910,943,943,2.67,3.26,3.4,3.4,3.71,3.71,3.71,3.72,3.55,3.55,0.17,0.15,0.23,0.3,0.17,0.26,0.17,0.25,0.32,0.57,2.64,1528,1821,1.81,1.36,0.81,0.91,0.77,0.08,0.06,0.1,0.13,0.07,0.11,0.07,0.11,0.14,0.14,0.45,0.54
PIK,2023,2023-09-05,pik_3366,,E2,Gregory,877,2438,1723,845,747,748,715,715,715,715,715,715,715,878,812,813,813,780,780,780,813,748,780,1.78,2,2,2,2.13,2.13,2.13,2,2.26,2.13,0.1,0.22,0.21,0.32,0.23,0.23,0.23,0.32,0.12,0.4,1.41,1268,1463,0.92,0.67,0.85,0.95,0.64,0.04,0.08,0.08,0.12,0.08,0.08,0.08,0.12,0.04,0.08,0.41,0.49
PIK,2023,2023-09-05,pik_3437,,E1,Emilie,780,4064,3056,1398,943,813,781,781,781,781,748,748,780,1528,1073,943,911,911,911,911,911,911,943,1.66,2.79,3.31,3.46,3.46,3.46,3.46,3.46,3.46,3.31,0.14,0.23,0.28,0.29,0.29,0.29,0.29,0.37,0.37,0.46,2.92,1658,2048,1.45,0.98,0.96,0.96,0.81,0.09,0.12,0.14,0.14,0.14,0.14,0.14,0.18,0.18,0.17,0.61,0.65
PIK,2023,2023-09-05,pik_3484,,E1,Emilie,650,2829,2080,910,683,617,617,617,585,618,585,585,553,975,747,715,715,683,682,682,683,683,683,1.9,2.79,2.96,2.96,3.14,3.15,3.15,3.14,3.14,3.14,0.12,0.18,0.3,0.3,0.22,0.32,0.21,0.32,0.32,0.57,2.76,1073,1333,1.64,1.12,0.87,0.96,0.77,0.07,0.09,0.14,0.14,0.1,0.14,0.09,0.14,0.14,0.19,0.49,0.59
PIK,2023,2023-09-05,pik_3505,,E2,Gregory,878,4129,3219,1268,1041,943,911,878,878,845,813,845,845,1333,1073,1008,1008,975,976,911,943,943,975,2.1,2.85,3.1,3.1,3.23,3.23,3.53,3.38,3.38,3.23,0.09,0.06,0.14,0.2,0.21,0.22,0.16,0.3,0.23,0.45,2.81,1723,2081,1.4,0.98,0.9,0.94,0.79,0.05,0.03,0.06,0.1,0.1,0.1,0.07,0.14,0.1,0.13,0.55,0.61
PIK,2023,2023-09-05,pik_3628,,E1,Emilie,319,1236,728,339,279,259,250,260,250,260,240,240,250,379,319,289,299,289,289,289,280,289,299,2.26,2.87,3.28,3.13,3.28,3.28,3.28,3.41,3.28,3.13,0.23,0.29,0.26,0.4,0.25,0.34,0.25,0.36,0.42,0.49,1.91,499,609,1.48,1.03,0.93,0.95,0.74,0.11,0.13,0.1,0.16,0.1,0.13,0.1,0.14,0.17,0.16,0.5,0.56
PIK,2023,2023-09-05,pik_425,,E2,Gregory,943,4129,2569,976,878,846,813,813,813,781,780,781,781,1073,943,911,911,911,878,878,911,878,911,2.85,3.38,3.53,3.53,3.53,3.7,3.7,3.53,3.7,3.53,0.19,0.16,0.17,0.25,0.25,0.18,0.26,0.34,0.26,0.44,2.29,1366,1626,2.02,1.54,0.9,0.98,0.77,0.09,0.07,0.07,0.11,0.11,0.07,0.11,0.14,0.11,0.14,0.48,0.56
PIK,2023,2023-09-05,pik_4411,,E1,Emilie,618,2178,1300,585,487,487,488,487,520,487,455,487,455,650,520,553,585,553,553,553,553,553,585,2.35,3.19,2.94,2.72,2.94,2.94,2.94,2.94,2.94,2.72,0.23,0.17,0.31,0.41,0.31,0.15,0.31,0.45,0.31,0.67,1.86,813,975,1.68,1.23,0.91,0.94,0.72,0.1,0.06,0.12,0.17,0.12,0.06,0.12,0.18,0.12,0.22,0.44,0.5
PIK,2023,2023-09-05,pik_4460,,E1,Emilie,780,2893,1885,813,748,682,682,683,650,650,650,650,683,878,780,748,748,748,748,748,715,715,715,2.29,2.71,2.87,2.87,2.87,2.87,2.87,3.05,3.05,3.05,0.16,0.1,0.21,0.21,0.21,0.32,0.32,0.23,0.23,0.2,1.76,1138,1365,1.54,1.12,0.89,0.93,0.73,0.07,0.04,0.09,0.09,0.09,0.13,0.13,0.09,0.09,0.04,0.46,0.52
PIK,2023,2023-09-05,pik_4480,,E1,Emilie,780,3544,2536,910,780,747,715,748,715,715,715,715,715,1008,877,845,780,780,780,748,780,748,748,2.52,3.04,3.19,3.54,3.54,3.54,3.74,3.54,3.74,3.74,0.19,0.24,0.25,0.19,0.09,0.19,0.1,0.19,0.1,0.2,2.55,1496,1756,1.37,1.02,0.91,0.93,0.78,0.1,0.11,0.12,0.08,0.04,0.08,0.04,0.08,0.04,0.04,0.54,0.59
PIK,2023,2023-09-05,pik_4739,,E1,Emilie,509,2463,1805,748,598,548,528,508,489,489,479,479,479,818,668,618,588,558,548,548,538,538,528,2.01,2.69,2.99,3.19,3.41,3.49,3.49,3.58,3.58,3.66,0.15,0.21,0.23,0.21,0.19,0.23,0.23,0.24,0.24,0.41,2.77,967,1117,1.55,1.21,0.84,0.89,0.79,0.09,0.1,0.11,0.1,0.09,0.11,0.11,0.11,0.11,0.09,0.5,0.56
PIK,2023,2023-09-05,pik_4852,,E1,Emilie,339,1436,947,469,379,359,339,329,329,319,329,319,319,559,439,409,389,379,379,359,369,369,369,1.57,2.27,2.51,2.69,2.79,2.79,3,2.89,2.89,2.89,0.29,0.27,0.25,0.28,0.29,0.29,0.25,0.24,0.3,0.45,1.97,678,797,1.12,0.8,0.88,0.91,0.76,0.16,0.14,0.12,0.13,0.13,0.13,0.11,0.11,0.14,0.14,0.53,0.59
PIK,2023,2023-09-05,pik_4893,,E1,Emilie,651,2341,1430,586,520,553,520,520,488,487,488,520,520,651,585,586,585,585,585,585,585,585,585,2.6,3,2.99,3,3,3,3,3,3,3,0.24,0.28,0.14,0.28,0.28,0.42,0.43,0.42,0.28,0.4,1.75,1040,1235,1.25,0.9,0.93,0.96,0.72,0.1,0.11,0.06,0.11,0.11,0.17,0.17,0.17,0.11,0.11,0.5,0.55
PIK,2023,2023-09-05,pik_5256,,E1,Emilie,682,2081,1333,618,552,520,520,520,520,520,520,455,455,650,617,585,585,553,553,585,520,487,488,2.2,2.37,2.56,2.56,2.76,2.76,2.56,3,3.27,3.26,0.13,0.28,0.3,0.3,0.17,0.17,0.3,0,0.2,0.51,1.93,846,943,1.46,1.21,1.02,1.07,0.67,0.05,0.11,0.11,0.11,0.06,0.06,0.11,0,0.07,0.07,0.46,0.52
PIK,2023,2023-09-05,pik_5334,,E1,Emilie,683,2536,1788,748,617,618,586,553,520,521,521,521,520,812,650,651,618,585,586,586,586,586,585,2.12,2.9,2.9,3.1,3.34,3.33,3.33,3.33,3.33,3.34,0.17,0.12,0.12,0.13,0.14,0.29,0.29,0.29,0.29,0.5,2.44,1040,1170,1.44,1.17,0.89,0.9,0.73,0.08,0.05,0.05,0.05,0.05,0.11,0.11,0.11,0.11,0.11,0.47,0.5
PIK,2023,2023-09-05,pik_5366,,E1,Emilie,617,1691,1041,456,423,422,455,422,423,423,390,390,390,488,520,488,487,455,456,488,423,423,455,2.47,2.25,2.47,2.47,2.72,2.71,2.47,3,3,2.72,0.2,0.54,0.4,0.2,0.23,0.23,0.4,0.26,0.26,0.67,1.67,910,1040,0.86,0.63,0.96,1.03,0.64,0.07,0.19,0.14,0.07,0.07,0.07,0.13,0.08,0.08,0.14,0.46,0.53
PIK,2023,2023-09-05,pik_5408,,E1,Emilie,748,3154,2471,1301,911,846,813,748,716,715,716,715,682,1430,1008,911,846,813,781,781,748,781,780,1.21,2.13,2.46,2.73,2.88,3.04,3.04,3.22,3.04,3.04,0.15,0.19,0.15,0.08,0.18,0.19,0.19,0.1,0.19,0.43,2.62,1398,1690,1.26,0.87,0.87,0.94,0.76,0.09,0.1,0.07,0.04,0.08,0.08,0.08,0.04,0.08,0.13,0.51,0.6
PIK,2023,2023-09-05,pik_5454,,E1,Emilie,529,2402,1735,698,529,489,459,449,439,439,429,419,429,787,608,548,528,519,499,498,508,488,488,2.05,2.95,3.38,3.55,3.63,3.81,3.82,3.73,3.92,3.92,0.21,0.27,0.24,0.3,0.31,0.28,0.28,0.36,0.34,0.42,3.04,907,1156,1.65,1.08,0.96,0.96,0.78,0.11,0.13,0.11,0.13,0.13,0.12,0.12,0.16,0.14,0.12,0.55,0.6
PIK,2023,2023-09-05,pik_5470,,E1,Emilie,715,2894,1918,748,650,618,618,617,617,585,585,618,586,812,715,715,683,683,650,651,650,683,618,2.56,3.05,3.05,3.24,3.24,3.45,3.45,3.45,3.24,3.68,0.17,0.21,0.32,0.23,0.23,0.12,0.25,0.25,0.23,0.33,2.27,1171,1463,1.47,0.98,0.86,0.92,0.75,0.08,0.09,0.14,0.1,0.1,0.05,0.1,0.1,0.1,0.05,0.47,0.56
PIK,2023,2023-09-05,pik_5586,,E1,Emilie,683,1723,1333,650,552,520,521,552,520,520,520,520,487,682,585,552,521,520,553,552,520,553,520,1.53,1.95,2.12,2.31,2.31,2.12,2.12,2.31,2.12,2.31,0.12,0.17,0.18,0,-0.2,0.18,0.18,0,0.18,1,1.74,1203,1366,0.43,0.26,0.89,0.96,0.6,0.05,0.06,0.06,0,-0.06,0.06,0.06,0,0.06,0.06,0.46,0.52
PIK,2023,2023-09-05,pik_5589,,E1,Emilie,683,2373,1561,585,520,488,488,520,487,487,487,487,488,650,585,585,552,552,553,552,552,520,553,2.65,3.06,3.06,3.3,3.3,3.29,3.3,3.3,3.56,3.29,0.25,0.29,0.44,0.32,0.16,0.33,0.32,0.32,0.18,1,2.2,910,1105,1.61,1.15,0.73,0.82,0.71,0.1,0.11,0.17,0.12,0.06,0.12,0.12,0.12,0.06,0.12,0.36,0.44
PIK,2023,2023-09-05,pik_5617,,E1,Emilie,585,2243,1366,585,520,488,487,487,455,455,455,488,455,650,585,553,520,552,552,520,520,520,520,2.45,2.83,3.06,3.31,3.06,3.06,3.31,3.31,3.31,3.31,0.22,0.26,0.29,0.16,0.29,0.43,0.32,0.32,0.16,0.67,2,1040,1268,1.16,0.77,0.94,0.96,0.74,0.1,0.11,0.12,0.06,0.12,0.18,0.12,0.12,0.06,0.12,0.53,0.59
PIK,2023,2023-09-05,pik_5666,,E1,Emilie,780,3121,2211,943,748,683,650,617,617,585,585,585,553,1041,846,780,715,715,683,682,650,650,683,2,2.69,3,3.37,3.37,3.57,3.58,3.8,3.8,3.57,0.19,0.26,0.29,0.22,0.34,0.24,0.36,0.26,0.26,0.66,3,1203,1463,1.59,1.13,0.91,0.95,0.75,0.09,0.12,0.12,0.09,0.14,0.1,0.14,0.1,0.1,0.19,0.49,0.56
PIK,2023,2023-09-05,pik_730,,E2,Gregory,781,3837,2731,1040,846,813,781,812,780,812,780,780,780,1170,943,910,911,910,877,910,910,910,910,2.28,3.07,3.22,3.21,3.22,3.38,3.22,3.22,3.22,3.22,0.2,0.21,0.22,0.3,0.22,0.23,0.22,0.3,0.3,0.4,2.5,1495,1918,1.57,1,0.94,0.95,0.8,0.11,0.1,0.11,0.14,0.11,0.11,0.11,0.14,0.14,0.14,0.57,0.63
PIK,2023,2023-09-06,pik_118,,E1,Emilie,488,2601,1885,910,618,552,520,520,520,520,487,520,488,975,715,650,618,585,585,586,585,618,585,1.67,2.64,3,3.21,3.45,3.45,3.44,3.45,3.21,3.45,0.11,0.25,0.29,0.31,0.23,0.23,0.23,0.34,0.31,0.43,2.86,1007,1235,1.58,1.11,0.98,0.98,0.81,0.07,0.14,0.15,0.16,0.11,0.11,0.11,0.17,0.16,0.17,0.61,0.66
PIK,2023,2023-09-06,pik_122,,E1,Emilie,585,2926,2210,1170,813,715,715,682,682,650,650,617,617,1300,910,845,780,812,780,780,747,747,747,1.25,2.22,2.46,2.75,2.6,2.75,2.75,2.92,2.92,2.92,0.16,0.19,0.29,0.16,0.3,0.24,0.32,0.26,0.34,0.45,2.58,1202,1398,1.43,1.09,0.96,0.99,0.8,0.1,0.11,0.15,0.08,0.16,0.13,0.17,0.13,0.17,0.17,0.59,0.65
PIK,2023,2023-09-06,pik_1711,,E2,Gregory,813,4031,2926,1171,878,813,813,813,813,780,780,813,780,1300,976,943,943,943,942,942,943,942,942,2.1,3.13,3.27,3.27,3.27,3.28,3.28,3.27,3.28,3.28,0.18,0.21,0.29,0.29,0.29,0.28,0.36,0.36,0.28,0.45,2.75,1496,1820,1.69,1.21,0.95,0.98,0.8,0.1,0.1,0.14,0.14,0.14,0.14,0.17,0.17,0.14,0.17,0.57,0.63
PIK,2023,2023-09-06,pik_1859,,E2,Gregory,975,4909,4064,1886,1268,1106,1073,1040,1041,1008,1008,1008,1008,2048,1398,1236,1170,1236,1203,1171,1203,1171,1203,1.4,2.51,2.97,3.2,2.97,3.08,3.19,3.08,3.19,3.08,0.13,0.17,0.21,0.17,0.31,0.27,0.28,0.33,0.28,0.38,3.03,1788,2146,1.75,1.29,0.95,0.97,0.8,0.08,0.09,0.11,0.08,0.16,0.13,0.14,0.16,0.14,0.16,0.56,0.62
PIK,2023,2023-09-06,pik_2155,,E2,Gregory,780,3251,2276,911,748,715,715,683,715,716,682,683,683,1073,846,780,812,813,813,813,813,813,813,2.03,2.84,3.17,3,3,3,3,3,3,3,0.3,0.26,0.19,0.27,0.36,0.27,0.27,0.36,0.36,0.5,2.33,1203,1365,1.7,1.38,0.9,0.92,0.76,0.15,0.12,0.08,0.12,0.16,0.12,0.12,0.16,0.16,0.16,0.49,0.52
PIK,2023,2023-09-06,pik_2168,,E2,Gregory,911,5527,4584,2439,1528,1268,1203,1171,1138,1138,1106,1106,1106,2666,1658,1398,1333,1333,1301,1301,1333,1301,1301,1.07,2.33,2.95,3.15,3.15,3.25,3.25,3.15,3.25,3.25,0.12,0.13,0.17,0.18,0.22,0.23,0.23,0.31,0.28,0.38,3.14,1951,2276,1.83,1.43,0.91,0.93,0.84,0.09,0.08,0.09,0.1,0.12,0.13,0.13,0.17,0.15,0.15,0.58,0.63
PIK,2023,2023-09-06,pik_2441,,E2,Gregory,748,4031,3218,1463,1008,910,845,877,845,845,845,845,813,1593,1138,1008,975,943,975,942,943,943,975,1.53,2.54,3,3.13,3.27,3.13,3.28,3.27,3.27,3.13,0.13,0.21,0.19,0.26,0.14,0.26,0.2,0.21,0.21,0.42,2.96,1365,1658,1.95,1.43,0.88,0.98,0.81,0.08,0.11,0.1,0.13,0.07,0.13,0.1,0.1,0.1,0.17,0.52,0.63
PIK,2023,2023-09-06,pik_30,,E1,Emilie,553,2503,1723,748,586,553,521,521,521,520,488,520,521,845,650,650,618,618,586,618,586,586,618,1.96,2.85,2.85,3.05,3.05,3.27,3.05,3.27,3.27,3.05,0.21,0.21,0.31,0.34,0.34,0.25,0.34,0.37,0.25,0.37,2.31,976,1203,1.56,1.08,0.92,0.95,0.78,0.11,0.1,0.15,0.16,0.16,0.11,0.16,0.17,0.11,0.16,0.53,0.59
PIK,2023,2023-09-06,pik_316,,E1,Emilie,586,2535,1885,878,683,618,618,586,586,586,586,586,586,975,780,748,748,683,683,683,683,650,683,1.6,2.25,2.39,2.39,2.71,2.71,2.71,2.71,2.9,2.71,0.18,0.25,0.35,0.35,0.3,0.3,0.3,0.3,0.21,0.43,2.22,1171,1366,1.16,0.86,0.96,0.96,0.77,0.1,0.12,0.17,0.17,0.14,0.14,0.14,0.14,0.1,0.14,0.58,0.62
PIK,2023,2023-09-06,pik_3273,,E1,Emilie,682,2341,1398,716,650,585,585,618,618,585,618,618,585,781,716,683,650,683,651,650,683,683,715,2,2.27,2.43,2.6,2.43,2.6,2.6,2.43,2.43,2.27,0.19,0.22,0.35,0.25,0.23,0.13,0.25,0.23,0.23,0.67,1.39,1041,1203,1.25,0.95,0.96,0.97,0.71,0.08,0.09,0.14,0.1,0.1,0.05,0.1,0.1,0.1,0.18,0.5,0.54
PIK,2023,2023-09-06,pik_373,,E1,Emilie,520,1983,1203,553,455,422,390,423,390,390,390,390,423,618,488,487,488,488,488,488,455,455,487,2.21,3.06,3.07,3.06,3.06,3.06,3.06,3.36,3.36,3.07,0.23,0.17,0.33,0.49,0.33,0.49,0.49,0.36,0.36,0.4,1.84,943,1073,1.1,0.85,0.9,0.9,0.74,0.11,0.07,0.13,0.2,0.13,0.2,0.2,0.14,0.14,0.13,0.52,0.55
PIK,2023,2023-09-06,pik_3759,,E2,Gregory,1040,4259,2861,1170,910,845,845,845,813,845,812,845,812,1236,1007,943,943,943,943,910,942,910,942,2.45,3.23,3.52,3.52,3.52,3.52,3.68,3.52,3.68,3.52,0.11,0.23,0.26,0.26,0.26,0.34,0.18,0.34,0.18,0.5,2.52,1560,1788,1.73,1.38,0.9,0.93,0.76,0.05,0.1,0.1,0.1,0.1,0.14,0.07,0.14,0.07,0.14,0.48,0.53
PIK,2023,2023-09-06,pik_3907,,E2,Gregory,813,3381,2568,1105,845,748,716,683,683,683,683,650,683,1203,943,813,780,781,813,780,780,781,780,1.81,2.59,3.16,3.33,3.33,3.16,3.33,3.33,3.33,3.33,0.15,0.22,0.19,0.19,0.3,0.37,0.3,0.3,0.4,0.43,2.76,1301,1593,1.6,1.12,0.91,0.96,0.76,0.08,0.1,0.08,0.08,0.13,0.16,0.12,0.12,0.17,0.12,0.5,0.57
PIK,2023,2023-09-06,pik_3967,,E2,Gregory,618,2373,1398,521,455,455,455,423,422,423,423,390,423,586,488,552,552,488,521,488,488,488,488,3.05,3.86,3.3,3.3,3.86,3.55,3.86,3.86,3.86,3.86,0.27,0.18,0.44,0.44,0.36,0.49,0.36,0.36,0.54,0.66,2.3,682,845,2.48,1.81,0.95,0.99,0.74,0.11,0.07,0.18,0.18,0.13,0.19,0.13,0.13,0.2,0.13,0.43,0.5
PIK,2023,2023-09-06,pik_4006,,E2,Gregory,747,3088,1983,780,650,650,650,650,650,618,618,650,618,878,748,715,715,747,715,715,748,747,748,2.52,3.13,3.32,3.32,3.13,3.32,3.32,3.13,3.13,3.13,0.24,0.3,0.22,0.22,0.3,0.22,0.32,0.4,0.3,0.57,2.21,1170,1495,1.64,1.07,0.87,0.94,0.76,0.11,0.13,0.09,0.09,0.13,0.09,0.14,0.17,0.13,0.17,0.47,0.57
PIK,2023,2023-09-06,pik_402,,E1,Emilie,456,1691,1105,455,390,390,390,390,325,357,357,358,358,488,455,422,422,390,422,422,390,390,390,2.47,2.72,3.01,3.01,3.34,3.01,3.01,3.34,3.34,3.34,0.15,0.34,0.19,0.19,0,0.57,0.38,0.22,0.21,0.33,2.09,585,715,1.89,1.37,0.8,0.94,0.73,0.07,0.14,0.08,0.08,0,0.23,0.15,0.08,0.08,0.08,0.39,0.5
PIK,2023,2023-09-06,pik_4025,,E1,Emilie,553,1626,975,487,455,455,423,390,390,391,390,391,390,520,520,488,488,455,456,456,455,456,455,2.13,2.13,2.33,2.33,2.57,2.57,2.57,2.57,2.57,2.57,0.17,0.33,0.18,0.36,0.41,0.41,0.4,0.41,0.4,0.66,1.5,910,1008,0.79,0.61,0.96,1,0.66,0.06,0.12,0.07,0.13,0.14,0.14,0.14,0.14,0.14,0.14,0.5,0.55
PIK,2023,2023-09-06,pik_4025,,E2,Gregory,748,3674,2699,1105,845,748,747,715,715,715,683,715,683,1235,911,878,845,813,813,813,846,813,813,1.97,3.03,3.18,3.35,3.52,3.52,3.52,3.34,3.52,3.52,0.19,0.15,0.31,0.24,0.26,0.26,0.26,0.41,0.26,0.44,2.95,1203,1430,2.05,1.57,0.96,0.98,0.8,0.11,0.07,0.15,0.12,0.12,0.12,0.12,0.19,0.12,0.16,0.54,0.59
PIK,2023,2023-09-06,pik_4043,,E2,Gregory,813,3739,2503,943,781,748,748,715,715,683,716,716,683,1008,878,846,846,846,813,813,813,780,813,2.71,3.26,3.42,3.42,3.42,3.6,3.6,3.6,3.79,3.6,0.13,0.24,0.26,0.26,0.34,0.27,0.36,0.27,0.19,0.5,2.66,1171,1430,2.19,1.61,0.89,0.9,0.78,0.06,0.11,0.12,0.12,0.15,0.12,0.16,0.12,0.08,0.16,0.47,0.52
PIK,2023,2023-09-06,pik_4086,,E2,Gregory,878,4681,3479,1268,943,878,845,813,813,780,813,780,813,1398,1040,975,943,910,910,910,910,878,878,2.35,3.5,3.8,3.96,4.14,4.14,4.14,4.14,4.33,4.33,0.16,0.19,0.21,0.22,0.23,0.23,0.31,0.23,0.25,0.33,3.28,1528,1853,2.06,1.53,0.8,0.86,0.81,0.09,0.09,0.1,0.1,0.11,0.11,0.14,0.11,0.11,0.07,0.47,0.54
PIK,2023,2023-09-06,pik_413,,E1,Emilie,716,3153,2439,1008,748,715,683,651,618,650,650,618,618,1106,845,781,748,748,748,748,748,716,748,1.85,2.73,3.04,3.22,3.22,3.22,3.22,3.22,3.4,3.22,0.16,0.24,0.18,0.19,0.29,0.39,0.29,0.29,0.31,0.5,2.95,1333,1593,1.37,0.98,0.95,0.97,0.77,0.09,0.11,0.08,0.09,0.13,0.17,0.13,0.13,0.14,0.17,0.56,0.61
PIK,2023,2023-09-06,pik_4141,,E2,Gregory,716,3121,2243,943,747,683,650,683,651,651,651,650,682,1041,813,780,813,780,781,813,781,781,780,2,2.84,3,2.84,3,3,2.84,3,3,3,0.18,0.17,0.27,0.43,0.27,0.36,0.43,0.36,0.37,0.38,2.29,1268,1495,1.46,1.09,0.93,0.95,0.77,0.09,0.08,0.12,0.2,0.12,0.17,0.2,0.17,0.17,0.13,0.54,0.59
PIK,2023,2023-09-06,pik_4199,,E2,Gregory,748,3609,2666,1105,877,813,812,813,780,780,747,748,747,1268,975,943,910,877,910,878,877,878,877,1.85,2.7,2.83,2.97,3.12,2.97,3.11,3.12,3.11,3.12,0.22,0.2,0.28,0.22,0.15,0.29,0.23,0.31,0.31,0.45,2.57,1365,1625,1.64,1.22,0.89,0.92,0.79,0.13,0.1,0.14,0.11,0.07,0.14,0.11,0.15,0.15,0.15,0.52,0.58
PIK,2023,2023-09-06,pik_4231,,E2,Gregory,813,4617,3642,1528,1008,943,910,910,878,845,878,846,846,1658,1106,1073,1040,1040,1041,1008,1008,1008,1008,1.78,3.17,3.3,3.44,3.44,3.44,3.58,3.58,3.58,3.58,0.13,0.17,0.23,0.24,0.24,0.31,0.32,0.26,0.32,0.45,3.3,1528,1821,2.02,1.54,0.91,0.94,0.82,0.08,0.09,0.12,0.12,0.12,0.16,0.16,0.13,0.16,0.16,0.55,0.61
PIK,2023,2023-09-06,pik_4393,,E2,Gregory,1301,4552,3544,1496,1171,1041,1008,976,943,976,943,976,976,1528,1203,1106,1073,1041,1041,1041,1008,1041,1041,1.98,2.78,3.12,3.24,3.37,3.37,3.37,3.52,3.37,3.37,0.05,0.07,0.16,0.16,0.17,0.26,0.17,0.18,0.17,0.29,2.63,1528,1789,1.98,1.54,0.89,0.92,0.71,0.02,0.03,0.06,0.06,0.06,0.09,0.06,0.06,0.06,0.06,0.4,0.45
PIK,2023,2023-09-06,pik_4401,,E2,Gregory,813,2536,1658,683,618,553,553,585,553,553,585,553,553,748,651,650,651,650,618,618,618,618,618,2.39,2.9,2.9,2.9,2.9,3.1,3.1,3.1,3.1,3.1,0.23,0.14,0.42,0.43,0.28,0.31,0.31,0.16,0.31,0.5,2,1138,1398,1.23,0.81,0.94,0.95,0.68,0.09,0.05,0.15,0.15,0.1,0.11,0.11,0.05,0.11,0.11,0.46,0.51
PIK,2023,2023-09-06,pik_4651,,E2,Gregory,650,2244,1268,553,487,488,488,488,456,455,488,487,455,618,585,552,553,520,520,520,553,520,553,2.63,2.84,3.07,3.06,3.32,3.32,3.32,3.06,3.32,3.06,0.26,0.43,0.31,0.31,0.17,0.34,0.34,0.31,0.18,0.75,1.79,781,910,1.87,1.47,0.91,0.93,0.71,0.11,0.17,0.12,0.12,0.06,0.12,0.12,0.12,0.06,0.18,0.42,0.46
PIK,2023,2023-09-06,pik_4784,,E2,Gregory,716,2991,1886,748,650,618,618,618,618,618,585,618,585,846,748,715,683,715,683,683,683,715,682,2.54,3,3.18,3.38,3.18,3.38,3.38,3.38,3.18,3.39,0.24,0.3,0.31,0.23,0.31,0.23,0.23,0.34,0.31,0.5,2.22,1073,1333,1.79,1.24,0.91,0.96,0.76,0.12,0.13,0.14,0.1,0.14,0.1,0.1,0.14,0.14,0.14,0.48,0.56
PIK,2023,2023-09-06,pik_4816,,E2,Gregory,845,2373,1203,618,553,521,521,520,520,520,520,521,521,683,586,586,553,585,586,553,553,586,553,2.47,3.05,3.05,3.29,3.06,3.05,3.29,3.29,3.05,3.29,0.28,0.18,0.36,0.2,0.36,0.36,0.2,0.2,0.36,0.49,1.31,911,1008,1.6,1.35,0.87,0.89,0.64,0.1,0.06,0.11,0.06,0.11,0.11,0.06,0.06,0.11,0.06,0.36,0.39
PIK,2023,2023-09-06,pik_619,,E1,Emilie,429,1475,887,429,369,359,349,349,349,359,359,349,369,468,399,409,409,408,419,429,429,418,429,2.15,2.7,2.61,2.61,2.62,2.52,2.44,2.44,2.53,2.44,0.19,0.19,0.3,0.36,0.36,0.41,0.39,0.39,0.4,0.5,1.4,788,897,0.87,0.64,0.94,0.95,0.71,0.08,0.08,0.12,0.15,0.14,0.17,0.16,0.16,0.17,0.14,0.53,0.57
PIK,2023,2023-09-06,pik_739,,E1,Emilie,489,2502,1815,788,579,549,549,529,528,529,518,518,508,898,668,638,628,638,638,639,638,638,628,1.79,2.75,2.92,2.98,2.92,2.92,2.92,2.92,2.92,2.98,0.21,0.25,0.27,0.25,0.33,0.34,0.34,0.37,0.37,0.52,2.57,1057,1296,1.37,0.93,0.94,0.95,0.8,0.12,0.13,0.14,0.13,0.17,0.17,0.17,0.19,0.19,0.19,0.59,0.65
PIK,2023,2023-09-06,pik_748,,E1,Emilie,748,3804,2926,1268,878,781,781,716,716,683,683,715,715,1333,975,878,845,845,813,781,813,781,813,1.85,2.9,3.33,3.5,3.5,3.68,3.87,3.68,3.87,3.68,0.08,0.19,0.23,0.16,0.32,0.26,0.28,0.34,0.19,0.38,3.09,1593,1984,1.39,0.92,0.94,0.99,0.8,0.05,0.1,0.11,0.08,0.15,0.12,0.13,0.16,0.08,0.12,0.59,0.67
PIK,2023,2023-09-06,pik_910,,E2,Gregory,846,2016,1106,618,585,586,586,553,553,553,553,553,553,651,618,585,618,618,586,586,618,618,618,2.1,2.26,2.45,2.26,2.26,2.44,2.44,2.26,2.26,2.26,0.16,0.18,-0.01,0.17,0.35,0.2,0.2,0.35,0.35,1,1,878,1008,1.3,1,0.79,0.87,0.58,0.05,0.05,0,0.05,0.11,0.06,0.06,0.11,0.11,0.11,0.3,0.36
PIK,2023,2023-09-06,pik_956,,E1,Emilie,845,2958,1853,813,716,683,682,683,651,650,618,650,650,911,813,748,747,715,715,715,716,715,715,2.25,2.64,2.95,2.96,3.14,3.14,3.14,3.13,3.14,3.14,0.25,0.29,0.22,0.22,0.12,0.24,0.24,0.36,0.24,0.4,1.85,1333,1625,1.22,0.82,0.88,0.93,0.71,0.11,0.12,0.09,0.09,0.04,0.09,0.09,0.14,0.09,0.09,0.46,0.54
PIK,2023,2023-09-06,pik_960,,E1,Emilie,650,1268,813,488,456,455,423,455,423,423,423,456,423,521,488,487,520,488,456,488,455,488,488,1.43,1.6,1.6,1.44,1.6,1.78,1.6,1.79,1.6,1.6,0.23,0.24,0.25,0.66,0.25,0.28,0.5,0.28,0.24,0.66,0.92,748,813,0.7,0.56,1.09,1.06,0.49,0.06,0.07,0.07,0.19,0.07,0.07,0.13,0.07,0.07,0.13,0.39,0.4
PIK,2023,2023-09-06,pik_984,,E1,Emilie,748,2861,1885,878,716,716,683,650,650,650,650,650,618,910,781,748,780,715,747,715,748,715,716,2.14,2.66,2.82,2.67,3,2.83,3,2.82,3,3,0.07,0.19,0.1,0.29,0.22,0.31,0.22,0.31,0.22,0.6,2.05,1105,1300,1.59,1.2,0.9,0.93,0.74,0.04,0.08,0.04,0.12,0.09,0.13,0.09,0.13,0.09,0.14,0.47,0.52
PIK,2023,2023-09-26,pik_1290,,E1,Qi,617,3381,2828,1788,1106,878,780,715,683,683,683,682,682,1918,1203,976,845,812,747,748,780,813,878,0.76,1.81,2.46,3,3.16,3.53,3.52,3.33,3.16,2.85,0.09,0.13,0.18,0.15,0.23,0.17,0.17,0.24,0.31,0.5,3.15,1138,1398,1.97,1.42,0.95,0.97,0.82,0.07,0.08,0.1,0.08,0.12,0.09,0.09,0.12,0.16,0.22,0.57,0.63
PIK,2023,2023-09-26,pik_13,,E1,Qi,553,3414,2959,2049,1300,1008,878,780,748,748,781,781,813,2178,1398,1073,943,878,878,911,910,976,1041,0.57,1.44,2.18,2.62,2.89,2.89,2.75,2.75,2.5,2.28,0.08,0.1,0.1,0.12,0.2,0.26,0.31,0.24,0.33,0.44,2.64,1268,1496,1.69,1.28,0.94,0.94,0.84,0.06,0.07,0.06,0.07,0.11,0.15,0.18,0.14,0.2,0.22,0.62,0.65
PIK,2023,2023-09-26,pik_1306,,E1,Qi,650,3998,3479,2665,1658,1203,975,910,845,845,878,878,910,2894,1723,1301,1105,975,975,975,1007,1072,1138,0.38,1.32,2.07,2.62,3.1,3.1,3.1,2.97,2.73,2.51,0.1,0.05,0.12,0.2,0.12,0.24,0.24,0.23,0.31,0.39,2.82,1463,1853,1.73,1.16,0.95,1,0.84,0.08,0.04,0.08,0.12,0.07,0.13,0.13,0.13,0.18,0.2,0.62,0.7
PIK,2023,2023-09-26,pik_1436,,E1,Qi,682,2991,2406,1333,877,715,618,617,617,617,650,682,682,1496,975,780,715,715,747,780,780,845,877,1,2.07,2.83,3.18,3.18,3,2.83,2.83,2.54,2.41,0.17,0.19,0.18,0.3,0.31,0.38,0.45,0.36,0.39,0.46,2.53,1105,1301,1.71,1.3,0.95,1.01,0.77,0.11,0.1,0.08,0.14,0.14,0.17,0.21,0.17,0.19,0.22,0.53,0.6
PIK,2023,2023-09-26,pik_1530,,E1,Qi,585,2698,2081,1301,910,780,683,650,617,617,585,585,585,1496,1073,910,845,812,780,747,781,715,715,0.8,1.51,1.96,2.19,2.32,2.46,2.61,2.45,2.77,2.77,0.2,0.26,0.26,0.36,0.38,0.41,0.35,0.49,0.37,0.45,2.56,976,1171,1.76,1.3,0.94,0.96,0.78,0.13,0.15,0.14,0.19,0.2,0.21,0.17,0.25,0.18,0.18,0.53,0.58
PIK,2023,2023-09-26,pik_1620,,E2,Gregory,813,3024,2438,1040,748,683,650,617,585,585,585,585,585,1138,813,747,682,682,683,650,650,650,683,1.66,2.72,3.05,3.43,3.43,3.43,3.65,3.65,3.65,3.43,0.17,0.19,0.21,0.12,0.25,0.38,0.27,0.27,0.27,0.5,3.17,976,1203,2.1,1.51,0.86,0.88,0.73,0.09,0.08,0.09,0.05,0.1,0.14,0.1,0.1,0.1,0.14,0.4,0.46
PIK,2023,2023-09-26,pik_1676,,E1,Qi,449,1795,1256,578,419,369,379,379,369,389,399,409,408,688,469,439,428,459,459,489,498,508,508,1.61,2.83,3.09,3.19,2.91,2.91,2.67,2.6,2.53,2.53,0.3,0.24,0.38,0.27,0.4,0.45,0.45,0.44,0.42,0.53,2.08,648,867,1.77,1.07,0.92,0.91,0.75,0.16,0.11,0.16,0.11,0.17,0.2,0.2,0.2,0.19,0.2,0.48,0.54
PIK,2023,2023-09-26,pik_1711,,E1,Qi,520,2763,2243,1236,846,716,618,585,585,585,585,585,618,1366,943,781,716,683,683,716,715,715,748,1.02,1.93,2.54,2.86,3.05,3.05,2.86,2.86,2.86,2.69,0.14,0.17,0.15,0.26,0.28,0.28,0.35,0.34,0.34,0.4,2.63,975,1236,1.83,1.24,0.94,0.96,0.81,0.1,0.1,0.08,0.14,0.14,0.14,0.18,0.18,0.18,0.17,0.57,0.63
PIK,2023,2023-09-26,pik_1826,,E1,Qi,488,2731,2244,1365,943,748,683,617,618,618,618,618,650,1561,1040,845,780,715,715,748,781,813,845,0.75,1.63,2.23,2.5,2.82,2.82,2.65,2.5,2.36,2.23,0.17,0.15,0.2,0.22,0.25,0.25,0.31,0.37,0.42,0.5,2.45,1170,1398,1.33,0.95,0.96,0.96,0.82,0.13,0.09,0.11,0.12,0.14,0.14,0.17,0.21,0.24,0.23,0.64,0.67
PIK,2023,2023-09-26,pik_1859,,E1,Qi,520,2763,2211,1105,748,618,585,520,521,521,553,553,553,1268,846,683,650,618,618,618,650,683,715,1.18,2.27,3.05,3.25,3.47,3.47,3.47,3.25,3.05,2.86,0.19,0.2,0.18,0.2,0.32,0.32,0.32,0.3,0.37,0.55,3,910,1073,2.04,1.58,0.91,0.92,0.81,0.13,0.12,0.1,0.1,0.16,0.16,0.16,0.15,0.19,0.23,0.54,0.58
PIK,2023,2023-09-26,pik_1906,,E2,Gregory,683,2861,2244,1365,910,747,715,650,715,650,682,682,683,1495,975,878,812,747,780,780,780,748,780,0.91,1.93,2.26,2.52,2.83,2.67,2.67,2.67,2.82,2.67,0.14,0.13,0.3,0.25,0.29,0.18,0.36,0.27,0.19,0.37,2.29,1138,1431,1.51,1,0.87,0.93,0.76,0.09,0.07,0.15,0.12,0.13,0.08,0.17,0.13,0.09,0.12,0.49,0.57
PIK,2023,2023-09-26,pik_1972,,E1,Qi,399,1994,1475,858,658,568,528,538,559,588,628,638,648,1037,787,659,618,648,688,757,797,837,868,0.92,1.53,2.03,2.23,2.08,1.9,1.63,1.5,1.38,1.3,0.26,0.27,0.24,0.26,0.3,0.32,0.37,0.34,0.38,0.49,1.28,1117,1316,0.79,0.52,0.89,0.92,0.8,0.17,0.16,0.14,0.15,0.17,0.19,0.22,0.21,0.24,0.25,0.62,0.67
PIK,2023,2023-09-26,pik_2043,,E2,Gregory,1365,6372,5852,3543,1950,1756,1073,975,878,845,845,812,780,3511,1983,1821,1138,1008,976,943,911,910,942,0.81,2.21,2.5,4.6,5.32,5.53,5.76,5.99,6,5.76,-0.01,0.03,0.07,0.14,0.09,0.28,0.3,0.21,0.31,0.5,6.5,1300,1528,3.9,3.17,1.11,1.14,0.79,-0.01,0.02,0.04,0.06,0.03,0.1,0.1,0.07,0.11,0.17,0.47,0.53
PIK,2023,2023-09-26,pik_2106,,E1,Qi,520,2536,1950,975,682,586,520,553,520,520,552,552,585,1138,780,683,650,651,650,682,682,715,715,1.23,2.25,2.71,2.9,2.9,2.9,2.72,2.72,2.55,2.55,0.23,0.23,0.28,0.4,0.3,0.4,0.47,0.37,0.44,0.4,2.33,877,943,1.89,1.69,0.97,0.99,0.79,0.14,0.13,0.14,0.2,0.15,0.2,0.24,0.19,0.23,0.18,0.56,0.59
PIK,2023,2023-09-26,pik_2112,,E1,Qi,487,3024,2438,1723,1138,845,715,683,682,650,682,715,715,1918,1268,943,845,813,812,813,846,910,943,0.58,1.38,2.21,2.58,2.72,2.72,2.72,2.57,2.32,2.21,0.13,0.15,0.17,0.26,0.27,0.27,0.34,0.33,0.35,0.47,2.41,1236,1561,1.45,0.94,0.93,0.97,0.84,0.1,0.1,0.1,0.15,0.16,0.16,0.2,0.19,0.21,0.24,0.63,0.71
PIK,2023,2023-09-26,pik_2155,,E1,Qi,618,3804,3218,2601,1593,1203,1008,910,878,877,878,911,943,2893,1723,1333,1138,1040,1073,1105,1138,1171,1202,0.31,1.21,1.85,2.34,2.66,2.55,2.44,2.34,2.25,2.16,0.13,0.11,0.15,0.19,0.21,0.31,0.34,0.38,0.36,0.42,2.41,1560,1886,1.44,1.02,0.98,0.96,0.84,0.1,0.08,0.1,0.11,0.12,0.18,0.21,0.23,0.22,0.22,0.67,0.69
PIK,2023,2023-09-26,pik_2168,,E1,Qi,488,2665,2210,1430,910,715,683,650,618,617,618,682,683,1625,1040,845,748,747,780,780,813,845,911,0.64,1.56,2.15,2.56,2.57,2.42,2.42,2.28,2.15,1.93,0.16,0.2,0.26,0.16,0.23,0.37,0.37,0.42,0.33,0.47,2.24,1138,1333,1.34,1,0.96,0.99,0.82,0.12,0.12,0.15,0.09,0.13,0.21,0.21,0.24,0.19,0.25,0.63,0.68
PIK,2023,2023-09-26,pik_2261,,E1,Qi,357,1691,1203,748,585,488,455,423,422,423,455,455,422,878,683,586,585,585,553,553,618,586,618,0.93,1.48,1.89,1.89,1.89,2.06,2.06,1.74,1.89,1.74,0.22,0.24,0.3,0.39,0.49,0.43,0.43,0.46,0.4,0.6,1.85,715,846,1.37,1,0.89,0.89,0.79,0.15,0.14,0.17,0.22,0.28,0.24,0.24,0.26,0.22,0.32,0.55,0.58
PIK,2023,2023-09-26,pik_2274,,E2,Gregory,845,3349,2894,1398,910,780,747,715,748,748,748,748,780,1431,943,845,780,813,813,845,846,878,910,1.34,2.55,2.96,3.29,3.12,3.12,2.96,2.96,2.81,2.68,0.04,0.08,0.18,0.1,0.29,0.19,0.27,0.27,0.34,0.44,2.71,1138,1365,1.94,1.45,0.85,0.91,0.75,0.02,0.03,0.08,0.04,0.12,0.08,0.11,0.12,0.15,0.14,0.43,0.5
PIK,2023,2023-09-26,pik_2403,,E1,Qi,455,2016,1463,780,552,487,456,422,423,423,455,455,488,911,618,553,521,520,520,520,520,553,618,1.21,2.26,2.65,2.87,2.88,2.88,2.88,2.88,2.65,2.26,0.24,0.21,0.25,0.27,0.4,0.4,0.4,0.27,0.37,0.44,2,683,780,1.95,1.58,0.98,0.95,0.77,0.14,0.11,0.12,0.12,0.19,0.19,0.19,0.12,0.18,0.21,0.52,0.54
PIK,2023,2023-09-26,pik_2441,,E1,Qi,389,1954,1466,778,538,458,409,429,399,409,418,439,449,908,618,528,478,509,479,488,518,559,578,1.15,2.16,2.7,3.09,2.84,3.08,3,2.77,2.5,2.38,0.22,0.23,0.25,0.29,0.31,0.34,0.32,0.37,0.4,0.5,2.27,748,937,1.61,1.09,0.92,0.97,0.8,0.14,0.13,0.13,0.14,0.16,0.17,0.16,0.19,0.21,0.22,0.56,0.64
PIK,2023,2023-09-26,pik_2671,,E2,Gregory,747,3674,3251,1690,1073,910,878,780,780,780,747,780,748,1755,1171,1008,943,878,813,845,877,877,877,1.09,2.14,2.64,2.9,3.18,3.52,3.35,3.19,3.19,3.19,0.06,0.15,0.19,0.14,0.23,0.09,0.16,0.31,0.23,0.44,3.35,1366,1528,1.69,1.4,0.92,0.93,0.8,0.04,0.08,0.1,0.07,0.11,0.04,0.08,0.15,0.11,0.15,0.55,0.57
PIK,2023,2023-09-26,pik_2760,,E2,Gregory,618,2309,1398,716,520,488,488,488,520,520,520,520,488,845,617,585,618,618,650,683,683,651,650,1.73,2.74,2.95,2.74,2.74,2.55,2.38,2.38,2.55,2.55,0.31,0.37,0.4,0.5,0.5,0.46,0.53,0.53,0.46,0.62,1.86,878,976,1.63,1.37,1.09,1.12,0.73,0.15,0.16,0.17,0.21,0.21,0.2,0.24,0.24,0.2,0.25,0.55,0.6
PIK,2023,2023-09-26,pik_2811,,E2,Gregory,390,2276,3349,1950,1236,1008,845,780,781,780,780,747,747,2113,1366,1138,975,911,878,911,910,877,877,0.08,0.67,1,1.33,1.5,1.59,1.5,1.5,1.6,1.6,0.09,0.13,0.16,0.2,0.22,0.17,0.22,0.22,0.23,0.33,3.48,1170,1463,0.95,0.56,0.78,0.85,0.83,0.08,0.1,0.11,0.13,0.14,0.11,0.14,0.14,0.15,0.15,0.56,0.64
PIK,2023,2023-09-26,pik_2815,,E2,Gregory,683,4129,3609,2568,1528,1203,1073,1007,975,975,943,1007,975,2763,1690,1301,1203,1138,1106,1073,1106,1138,1203,0.49,1.44,2.17,2.43,2.63,2.73,2.85,2.73,2.63,2.43,0.09,0.14,0.12,0.18,0.2,0.21,0.16,0.26,0.2,0.37,2.7,1463,1690,1.82,1.44,0.94,1,0.83,0.07,0.1,0.08,0.11,0.12,0.12,0.09,0.15,0.12,0.19,0.6,0.67
PIK,2023,2023-09-26,pik_2851,,E2,Gregory,618,2405,1723,781,586,553,487,521,488,487,488,455,423,943,650,618,552,586,586,585,520,553,520,1.55,2.7,2.89,3.36,3.1,3.1,3.11,3.62,3.35,3.62,0.32,0.22,0.25,0.3,0.27,0.4,0.41,0.16,0.44,0.6,3.07,747,910,2.22,1.64,0.92,1.02,0.74,0.17,0.1,0.11,0.12,0.11,0.17,0.17,0.06,0.18,0.19,0.44,0.54
PIK,2023,2023-09-26,pik_2922,,E1,Qi,682,2991,2406,1333,877,715,618,617,617,617,650,682,682,1496,975,780,715,715,747,780,780,845,877,1,2.07,2.83,3.18,3.18,3,2.83,2.83,2.54,2.41,0.17,0.19,0.18,0.3,0.31,0.38,0.45,0.36,0.39,0.46,2.53,1105,1301,1.71,1.3,0.95,1.01,0.77,0.11,0.1,0.08,0.14,0.14,0.17,0.21,0.17,0.19,0.22,0.53,0.6
PIK,2023,2023-09-26,pik_2964,,E2,Gregory,780,4942,4292,2958,1918,1496,1235,1170,1105,1073,1073,1040,1041,3121,2048,1593,1366,1300,1236,1203,1203,1203,1203,0.58,1.41,2.1,2.62,2.8,3,3.11,3.11,3.11,3.11,0.07,0.09,0.1,0.16,0.17,0.19,0.19,0.19,0.24,0.28,3.12,1463,1723,2.38,1.87,0.94,0.96,0.84,0.05,0.06,0.06,0.1,0.1,0.11,0.11,0.11,0.14,0.13,0.58,0.62
PIK,2023,2023-09-26,pik_3118,,E1,Qi,520,2763,2243,1236,846,716,618,585,585,585,585,585,618,1366,943,781,716,683,683,716,715,715,748,1.02,1.93,2.54,2.86,3.05,3.05,2.86,2.86,2.86,2.69,0.14,0.17,0.15,0.26,0.28,0.28,0.35,0.34,0.34,0.4,2.63,975,1236,1.83,1.24,0.94,0.96,0.81,0.1,0.1,0.08,0.14,0.14,0.14,0.18,0.18,0.18,0.17,0.57,0.63
PIK,2023,2023-09-26,pik_3131,,E1,Qi,553,3414,2959,2049,1300,1008,878,780,748,748,781,781,813,2178,1398,1073,943,878,878,911,910,976,1041,0.57,1.44,2.18,2.62,2.89,2.89,2.75,2.75,2.5,2.28,0.08,0.1,0.1,0.12,0.2,0.26,0.31,0.24,0.33,0.44,2.64,1268,1496,1.69,1.28,0.94,0.94,0.84,0.06,0.07,0.06,0.07,0.11,0.15,0.18,0.14,0.2,0.22,0.62,0.65
PIK,2023,2023-09-26,pik_3192,,E2,Gregory,845,4194,3446,1788,1106,943,878,813,845,845,845,845,878,1918,1203,1008,976,975,975,975,1008,1008,1008,1.19,2.49,3.16,3.3,3.3,3.3,3.3,3.16,3.16,3.16,0.11,0.15,0.13,0.21,0.35,0.28,0.28,0.33,0.33,0.33,2.92,1268,1398,2.31,2,0.89,0.94,0.8,0.07,0.08,0.06,0.1,0.17,0.13,0.13,0.16,0.16,0.13,0.49,0.54
PIK,2023,2023-09-26,pik_3273,,E1,Qi,553,2828,2373,1365,910,748,650,650,618,617,585,586,618,1463,975,813,715,715,683,682,683,683,748,0.93,1.9,2.48,2.96,2.96,3.14,3.15,3.14,3.14,2.78,0.1,0.11,0.15,0.18,0.18,0.19,0.19,0.29,0.28,0.36,2.84,975,1203,1.9,1.35,0.91,0.98,0.8,0.07,0.07,0.08,0.09,0.09,0.1,0.1,0.14,0.14,0.17,0.53,0.62
PIK,2023,2023-09-26,pik_3282,,E2,Gregory,813,4422,3869,2569,1593,1268,1138,1073,1073,1041,1073,1073,1073,2731,1723,1398,1300,1236,1236,1236,1267,1268,1236,0.62,1.57,2.16,2.4,2.58,2.58,2.58,2.49,2.49,2.58,0.08,0.12,0.16,0.22,0.24,0.24,0.28,0.27,0.27,0.28,2.61,1593,1886,1.78,1.34,0.96,0.97,0.82,0.06,0.08,0.09,0.12,0.13,0.13,0.16,0.15,0.15,0.13,0.59,0.64
PIK,2023,2023-09-26,pik_3321,,E2,Gregory,748,4942,4291,3088,1853,1398,1171,1073,1041,1041,1041,1041,1008,3349,1984,1561,1333,1236,1203,1203,1236,1203,1236,0.48,1.49,2.17,2.71,3,3.11,3.11,3,3.11,3,0.1,0.1,0.16,0.2,0.23,0.23,0.23,0.27,0.23,0.41,3.26,1723,2113,1.87,1.34,0.91,0.96,0.85,0.08,0.07,0.1,0.12,0.13,0.13,0.13,0.16,0.13,0.18,0.6,0.68
PIK,2023,2023-09-26,pik_3356,,E1,Qi,448,2722,2123,1485,1007,808,708,628,608,589,599,588,618,1695,1147,918,808,748,718,718,748,788,807,0.61,1.37,1.97,2.37,2.64,2.79,2.79,2.64,2.45,2.37,0.16,0.18,0.19,0.21,0.28,0.27,0.31,0.34,0.43,0.45,2.44,1047,1346,1.6,1.02,0.95,0.99,0.84,0.12,0.12,0.12,0.12,0.16,0.15,0.18,0.2,0.25,0.23,0.63,0.71
PIK,2023,2023-09-26,pik_3366,,E1,Qi,617,3381,2828,1788,1106,878,780,715,683,683,683,682,682,1918,1203,976,845,812,747,748,780,813,878,0.76,1.81,2.46,3,3.16,3.53,3.52,3.33,3.16,2.85,0.09,0.13,0.18,0.15,0.23,0.17,0.17,0.24,0.31,0.5,3.15,1138,1398,1.97,1.42,0.95,0.97,0.82,0.07,0.08,0.1,0.08,0.12,0.09,0.09,0.12,0.16,0.22,0.57,0.63
PIK,2023,2023-09-26,pik_3437,,E2,Gregory,748,3933,3446,2113,1268,1008,878,845,845,846,845,845,845,2276,1398,1105,1008,943,975,976,975,1040,1040,0.73,1.81,2.56,2.9,3.17,3.03,3.03,3.03,2.78,2.78,0.1,0.15,0.16,0.25,0.21,0.26,0.26,0.26,0.35,0.4,3.08,1333,1561,1.95,1.52,0.99,0.99,0.81,0.07,0.09,0.09,0.13,0.1,0.13,0.13,0.13,0.19,0.19,0.59,0.62
PIK,2023,2023-09-26,pik_3484,,E2,Gregory,682,3511,2926,2048,1431,1203,1040,1008,911,910,877,877,846,2276,1625,1333,1203,1138,1106,1073,1040,1007,1008,0.54,1.16,1.63,1.92,2.09,2.17,2.27,2.38,2.49,2.48,0.14,0.18,0.16,0.23,0.2,0.31,0.27,0.28,0.24,0.36,2.46,1203,1463,1.92,1.4,0.92,0.95,0.81,0.1,0.12,0.1,0.14,0.11,0.18,0.15,0.16,0.13,0.16,0.54,0.6
PIK,2023,2023-09-26,pik_3505,,E1,Qi,650,3998,3479,2665,1658,1203,975,910,845,845,878,878,910,2894,1723,1301,1105,975,975,975,1007,1072,1138,0.38,1.32,2.07,2.62,3.1,3.1,3.1,2.97,2.73,2.51,0.1,0.05,0.12,0.2,0.12,0.24,0.24,0.23,0.31,0.39,2.82,1463,1853,1.73,1.16,0.95,1,0.84,0.08,0.04,0.08,0.12,0.07,0.13,0.13,0.13,0.18,0.2,0.62,0.7
PIK,2023,2023-09-26,pik_3628,,E2,Gregory,683,3511,2796,1593,1040,878,748,715,650,715,715,716,715,1788,1138,976,846,812,781,813,813,845,845,0.96,2.09,2.6,3.15,3.32,3.5,3.32,3.32,3.16,3.16,0.16,0.15,0.19,0.23,0.24,0.35,0.25,0.25,0.31,0.36,2.91,1041,1236,2.37,1.84,0.96,0.98,0.81,0.11,0.09,0.1,0.12,0.12,0.17,0.12,0.12,0.15,0.15,0.53,0.58
PIK,2023,2023-09-26,pik_3759,,E2,Gregory,716,2796,2113,1008,715,618,585,553,553,520,520,455,423,1105,845,715,683,683,650,683,682,585,520,1.53,2.31,2.91,3.09,3.09,3.3,3.09,3.1,3.78,4.38,0.16,0.33,0.32,0.35,0.46,0.37,0.57,0.57,0.59,0.6,4,975,1138,1.87,1.46,1.19,1.16,0.74,0.09,0.15,0.14,0.14,0.19,0.15,0.24,0.24,0.22,0.19,0.6,0.63
PIK,2023,2023-09-26,pik_3907,,E2,Gregory,455,1463,1073,552,390,357,325,293,293,325,325,325,293,650,455,390,358,391,325,357,391,390,390,1.25,2.22,2.75,3.09,2.74,3.5,3.1,2.74,2.75,2.75,0.3,0.35,0.23,0.26,0.67,0.3,0.26,0.45,0.45,0.75,2.66,487,585,2,1.5,0.94,0.83,0.69,0.15,0.14,0.08,0.09,0.25,0.1,0.09,0.17,0.17,0.25,0.4,0.39
PIK,2023,2023-09-26,pik_3967,,E2,Gregory,911,4974,4356,2764,1658,1300,1138,1073,1040,1008,1008,976,975,2894,1788,1431,1268,1171,1170,1105,1138,1138,1137,0.72,1.78,2.48,2.92,3.25,3.25,3.5,3.37,3.37,3.37,0.06,0.12,0.16,0.19,0.16,0.22,0.18,0.23,0.28,0.36,3.47,1398,1593,2.56,2.12,0.92,0.94,0.82,0.04,0.07,0.09,0.1,0.08,0.11,0.09,0.11,0.14,0.14,0.51,0.55
PIK,2023,2023-09-26,pik_4006,,E2,Gregory,943,5266,4551,2861,1950,1463,1268,1138,1040,1007,1007,1007,1040,3218,2048,1561,1333,1235,1170,1105,1137,1137,1170,0.64,1.57,2.37,2.95,3.26,3.5,3.77,3.63,3.63,3.5,0.15,0.07,0.11,0.09,0.15,0.22,0.18,0.23,0.23,0.27,3.38,1593,1983,2.31,1.66,0.91,0.96,0.82,0.11,0.05,0.06,0.05,0.08,0.11,0.09,0.11,0.11,0.11,0.53,0.61
PIK,2023,2023-09-26,pik_4025,,E2,Gregory,781,4031,3284,1723,1040,846,780,813,813,780,813,780,813,1918,1171,976,910,911,943,943,943,1007,1008,1.1,2.44,3.13,3.43,3.42,3.27,3.27,3.27,3,3,0.15,0.2,0.27,0.29,0.22,0.28,0.35,0.28,0.44,0.46,3.04,1365,1625,1.95,1.48,0.94,0.96,0.81,0.1,0.11,0.13,0.14,0.11,0.14,0.17,0.14,0.23,0.19,0.55,0.6
PIK,2023,2023-09-26,pik_4043,,E2,Gregory,845,5136,4552,3088,1854,1398,1203,1105,1072,1041,1041,1073,1040,3251,1983,1496,1300,1203,1203,1203,1203,1236,1235,0.58,1.59,2.43,2.95,3.27,3.27,3.27,3.27,3.16,3.16,0.07,0.1,0.11,0.13,0.15,0.2,0.25,0.25,0.24,0.35,3.38,1626,1983,2.16,1.59,0.97,0.97,0.84,0.05,0.07,0.07,0.07,0.08,0.11,0.13,0.13,0.13,0.16,0.6,0.64
PIK,2023,2023-09-26,pik_4086,,E2,Gregory,715,3251,2601,1626,1073,910,813,812,747,747,747,780,747,1788,1203,1008,943,943,943,910,910,943,942,0.82,1.7,2.23,2.45,2.45,2.45,2.57,2.57,2.45,2.45,0.14,0.19,0.19,0.27,0.27,0.41,0.36,0.36,0.34,0.5,2.48,1073,1236,2.03,1.63,0.9,0.92,0.78,0.09,0.11,0.1,0.14,0.14,0.21,0.18,0.18,0.17,0.21,0.49,0.53
PIK,2023,2023-09-26,pik_4141,,E2,Gregory,715,3609,2829,1820,1203,943,846,781,748,780,748,781,813,2048,1365,1073,943,911,911,911,976,1008,1041,0.76,1.64,2.36,2.83,2.96,2.96,2.96,2.7,2.58,2.47,0.16,0.2,0.22,0.2,0.28,0.35,0.28,0.45,0.42,0.47,2.48,1333,1626,1.71,1.22,0.98,0.99,0.8,0.11,0.12,0.12,0.1,0.14,0.18,0.14,0.23,0.23,0.22,0.59,0.64
PIK,2023,2023-09-26,pik_4199,,E2,Gregory,585,3251,2699,1821,1171,911,845,748,715,683,650,715,878,1918,1268,1008,878,813,813,813,813,845,1007,0.69,1.56,2.23,2.7,3,3,3,3,2.85,2.23,0.07,0.12,0.16,0.07,0.15,0.23,0.3,0.38,0.28,0.26,2.07,1137,1366,1.86,1.38,0.88,0.98,0.82,0.05,0.08,0.1,0.04,0.08,0.12,0.16,0.2,0.15,0.13,0.54,0.64
PIK,2023,2023-09-26,pik_4231,,E2,Gregory,748,3869,3154,1918,1171,910,845,813,781,813,845,813,813,2113,1301,1040,943,943,911,943,943,976,975,0.83,1.97,2.72,3.1,3.1,3.25,3.1,3.1,2.96,2.97,0.13,0.17,0.24,0.21,0.27,0.29,0.27,0.21,0.33,0.42,2.88,1236,1398,2.13,1.77,0.92,0.93,0.81,0.09,0.1,0.12,0.1,0.14,0.14,0.14,0.1,0.17,0.17,0.53,0.56
PIK,2023,2023-09-26,pik_425,,E1,Qi,553,2828,2373,1365,910,748,650,650,618,617,585,586,618,1463,975,813,715,715,683,682,683,683,748,0.93,1.9,2.48,2.96,2.96,3.14,3.15,3.14,3.14,2.78,0.1,0.11,0.15,0.18,0.18,0.19,0.19,0.29,0.28,0.36,2.84,975,1203,1.9,1.35,0.91,0.98,0.8,0.07,0.07,0.08,0.09,0.09,0.1,0.1,0.14,0.14,0.17,0.53,0.62
PIK,2023,2023-09-26,pik_4393,,E2,Gregory,813,2926,2276,943,715,585,585,520,520,487,488,520,488,1040,748,683,585,585,585,552,585,585,553,1.81,2.91,3.28,4,4,4,4.3,4,4,4.29,0.19,0.11,0.38,0,0.32,0.32,0.36,0.48,0.32,0.5,3.66,878,1138,2.33,1.57,1.02,0.96,0.72,0.09,0.04,0.14,0,0.11,0.11,0.12,0.17,0.11,0.12,0.45,0.49
PIK,2023,2023-09-26,pik_4401,,E2,Gregory,942,3934,3251,1365,1041,910,878,812,780,747,748,748,715,1463,1138,1040,942,942,910,910,846,846,845,1.69,2.46,2.78,3.18,3.18,3.32,3.32,3.65,3.65,3.66,0.12,0.18,0.27,0.16,0.32,0.34,0.42,0.29,0.29,0.45,3.55,1301,1658,2.02,1.37,0.93,0.96,0.76,0.07,0.09,0.12,0.07,0.14,0.14,0.18,0.12,0.12,0.15,0.48,0.55
PIK,2023,2023-09-26,pik_4411,,E2,Gregory,780,3641,2991,1658,1105,910,813,781,780,748,748,747,748,1755,1171,1008,911,878,877,878,910,911,911,1.07,2.11,2.61,3,3.15,3.15,3.15,3,3,3,0.09,0.1,0.19,0.22,0.24,0.24,0.32,0.37,0.38,0.45,3,1138,1366,2.2,1.67,0.91,0.95,0.79,0.06,0.06,0.1,0.11,0.11,0.11,0.15,0.18,0.18,0.18,0.49,0.55
PIK,2023,2023-09-26,pik_4460,,E2,Gregory,748,3674,3089,1886,1203,942,878,846,845,845,813,845,846,2048,1301,1040,975,943,975,975,1008,1008,1008,0.79,1.82,2.53,2.77,2.9,2.77,2.77,2.64,2.64,2.64,0.12,0.13,0.18,0.2,0.21,0.26,0.26,0.37,0.31,0.38,2.65,1268,1463,1.9,1.51,0.94,0.95,0.8,0.08,0.08,0.09,0.1,0.1,0.13,0.13,0.19,0.16,0.16,0.54,0.58
PIK,2023,2023-09-26,pik_4480,,E2,Gregory,780,4454,3869,2471,1528,1203,1041,911,845,845,846,813,780,2601,1626,1301,1138,1041,976,943,943,911,910,0.71,1.74,2.42,2.91,3.28,3.56,3.72,3.72,3.89,3.89,0.07,0.1,0.13,0.16,0.24,0.26,0.21,0.21,0.22,0.4,3.96,1300,1691,2.43,1.63,0.95,0.96,0.82,0.05,0.06,0.08,0.09,0.12,0.13,0.1,0.1,0.11,0.14,0.55,0.62
PIK,2023,2023-09-26,pik_4651,,E2,Gregory,748,4161,3479,2048,1203,976,878,846,845,846,845,878,878,2178,1300,1041,975,943,975,976,975,1040,1008,0.91,2.2,3,3.27,3.41,3.27,3.26,3.27,3,3.13,0.08,0.13,0.12,0.19,0.2,0.26,0.26,0.26,0.29,0.29,2.96,1268,1463,2.28,1.84,0.93,0.97,0.82,0.06,0.07,0.06,0.1,0.1,0.13,0.13,0.13,0.16,0.13,0.54,0.6
PIK,2023,2023-09-26,pik_4739,,E2,Gregory,845,5495,4844,3609,2113,1561,1333,1203,1203,1171,1138,1170,1171,3771,2243,1658,1463,1365,1333,1333,1366,1366,1398,0.46,1.45,2.31,2.76,3.03,3.12,3.12,3.02,3.02,2.93,0.05,0.08,0.09,0.15,0.21,0.17,0.21,0.29,0.25,0.35,3.14,1723,2080,2.19,1.64,0.89,0.95,0.85,0.04,0.06,0.06,0.09,0.12,0.1,0.12,0.17,0.14,0.16,0.57,0.64
PIK,2023,2023-09-26,pik_4784,,E2,Gregory,617,2796,2243,1203,780,651,618,586,585,585,585,617,617,1333,878,748,715,650,715,715,747,747,780,1.1,2.18,2.74,2.91,3.3,2.91,2.91,2.74,2.74,2.58,0.16,0.21,0.27,0.29,0.22,0.38,0.38,0.45,0.36,0.5,2.64,943,1138,1.97,1.46,0.95,0.97,0.78,0.1,0.11,0.13,0.14,0.1,0.18,0.18,0.22,0.17,0.21,0.52,0.57
PIK,2023,2023-09-26,pik_4852,,E2,Gregory,748,3934,3252,2374,1593,1301,1138,1040,975,942,910,910,877,2569,1788,1496,1301,1203,1138,1105,1106,1072,1041,0.53,1.2,1.63,2.02,2.27,2.46,2.56,2.56,2.67,2.78,0.1,0.17,0.21,0.21,0.24,0.26,0.27,0.33,0.28,0.34,2.71,1300,1495,2.03,1.63,0.98,0.98,0.81,0.08,0.11,0.13,0.13,0.14,0.14,0.15,0.18,0.15,0.16,0.58,0.61
PIK,2023,2023-09-26,pik_4893,,E2,Gregory,812,4487,3902,2666,1658,1333,1171,1041,1008,976,943,943,975,2828,1821,1431,1235,1170,1106,1105,1105,1138,1170,0.59,1.46,2.14,2.63,2.84,3.06,3.06,3.06,2.94,2.84,0.08,0.14,0.12,0.09,0.2,0.17,0.22,0.28,0.32,0.38,3,1430,1723,2.14,1.6,0.88,0.95,0.82,0.06,0.09,0.07,0.05,0.11,0.09,0.12,0.15,0.17,0.17,0.52,0.6
PIK,2023,2023-09-26,pik_5334,,E1,Qi,399,1994,1475,858,658,568,528,538,559,588,628,638,648,1037,787,659,618,648,688,757,797,837,868,0.92,1.53,2.03,2.23,2.08,1.9,1.63,1.5,1.38,1.3,0.26,0.27,0.24,0.26,0.3,0.32,0.37,0.34,0.38,0.49,1.28,1117,1316,0.79,0.52,0.89,0.92,0.8,0.17,0.16,0.14,0.15,0.17,0.19,0.22,0.21,0.24,0.25,0.62,0.67
PIK,2023,2023-09-26,pik_5366,,E1,Qi,520,2763,2211,1105,748,618,585,520,521,521,553,553,553,1268,846,683,650,618,618,618,650,683,715,1.18,2.27,3.05,3.25,3.47,3.47,3.47,3.25,3.05,2.86,0.19,0.2,0.18,0.2,0.32,0.32,0.32,0.3,0.37,0.55,3,910,1073,2.04,1.58,0.91,0.92,0.81,0.13,0.12,0.1,0.1,0.16,0.16,0.16,0.15,0.19,0.23,0.54,0.58
PIK,2023,2023-09-26,pik_5470,,E1,Qi,389,1954,1466,778,538,458,409,429,399,409,418,439,449,908,618,528,478,509,479,488,518,559,578,1.15,2.16,2.7,3.09,2.84,3.08,3,2.77,2.5,2.38,0.22,0.23,0.25,0.29,0.31,0.34,0.32,0.37,0.4,0.5,2.27,748,937,1.61,1.09,0.92,0.97,0.8,0.14,0.13,0.13,0.14,0.16,0.17,0.16,0.19,0.21,0.22,0.56,0.64
PIK,2023,2023-09-26,pik_5617,,E1,Qi,618,3804,3218,2601,1593,1203,1008,910,878,877,878,911,943,2893,1723,1333,1138,1040,1073,1105,1138,1171,1202,0.31,1.21,1.85,2.34,2.66,2.55,2.44,2.34,2.25,2.16,0.13,0.11,0.15,0.19,0.21,0.31,0.34,0.38,0.36,0.42,2.41,1560,1886,1.44,1.02,0.98,0.96,0.84,0.1,0.08,0.1,0.11,0.12,0.18,0.21,0.23,0.22,0.22,0.67,0.69
PIK,2023,2023-09-26,pik_5666,,E1,Qi,488,2665,2210,1430,910,715,683,650,618,617,618,682,683,1625,1040,845,748,747,780,780,813,845,911,0.64,1.56,2.15,2.56,2.57,2.42,2.42,2.28,2.15,1.93,0.16,0.2,0.26,0.16,0.23,0.37,0.37,0.42,0.33,0.47,2.24,1138,1333,1.34,1,0.96,0.99,0.82,0.12,0.12,0.15,0.09,0.13,0.21,0.21,0.24,0.19,0.25,0.63,0.68
PIK,2023,2023-09-26,pik_730,,E1,Qi,448,2722,2123,1485,1007,808,708,628,608,589,599,588,618,1695,1147,918,808,748,718,718,748,788,807,0.61,1.37,1.97,2.37,2.64,2.79,2.79,2.64,2.45,2.37,0.16,0.18,0.19,0.21,0.28,0.27,0.31,0.34,0.43,0.45,2.44,1047,1346,1.6,1.02,0.95,0.99,0.84,0.12,0.12,0.12,0.12,0.16,0.15,0.18,0.2,0.25,0.23,0.63,0.71
PIK,2023,2023-09-27,pik_118,,E2,Gregory,813,4324,3479,1919,1203,975,910,878,846,846,845,845,878,2146,1333,1105,1040,1041,1008,1041,1040,1073,1073,1.01,2.24,2.91,3.16,3.15,3.29,3.15,3.16,3.03,3.03,0.16,0.17,0.22,0.25,0.31,0.32,0.37,0.37,0.41,0.43,2.96,1495,1789,1.89,1.42,0.94,0.96,0.81,0.11,0.1,0.12,0.12,0.16,0.16,0.19,0.19,0.21,0.18,0.57,0.62
PIK,2023,2023-09-27,pik_122,,E2,Gregory,715,3446,2829,1398,911,781,715,715,683,715,715,716,716,1528,1008,846,813,781,780,781,813,846,878,1.26,2.42,3.07,3.24,3.41,3.42,3.41,3.24,3.07,2.92,0.14,0.18,0.16,0.25,0.18,0.27,0.18,0.25,0.32,0.45,2.95,1106,1301,2.12,1.65,0.96,0.93,0.79,0.09,0.1,0.08,0.12,0.08,0.12,0.08,0.12,0.15,0.18,0.53,0.55
PIK,2023,2023-09-27,pik_30,,E2,Gregory,618,3121,2503,1203,781,650,618,618,618,618,618,618,618,1333,845,715,683,715,683,748,716,748,780,1.34,2.69,3.37,3.57,3.37,3.57,3.17,3.36,3.17,3,0.15,0.14,0.19,0.2,0.28,0.2,0.35,0.28,0.35,0.5,3.05,975,1138,2.2,1.74,0.89,0.96,0.8,0.1,0.08,0.09,0.1,0.14,0.1,0.17,0.14,0.17,0.21,0.5,0.57
PIK,2023,2023-09-27,pik_316,,E2,Gregory,650,2958,2178,1106,781,683,683,651,650,650,683,683,683,1333,911,813,813,813,813,813,846,846,878,1.22,2.25,2.64,2.64,2.64,2.64,2.64,2.5,2.5,2.37,0.28,0.27,0.32,0.32,0.4,0.41,0.41,0.38,0.38,0.5,2.19,1138,1301,1.6,1.27,0.94,0.98,0.78,0.17,0.14,0.16,0.16,0.2,0.2,0.2,0.19,0.19,0.22,0.54,0.6
PIK,2023,2023-09-27,pik_373,,E2,Gregory,1073,5006,3868,1333,1073,1008,975,942,942,942,942,943,942,1430,1138,1073,1041,1040,1040,1040,1008,1008,1008,2.5,3.4,3.67,3.81,3.81,3.81,3.81,3.97,3.97,3.97,0.13,0.13,0.14,0.15,0.22,0.22,0.22,0.15,0.15,0.29,3.11,2113,2568,1.37,0.95,0.91,0.93,0.79,0.07,0.06,0.06,0.06,0.09,0.09,0.09,0.07,0.06,0.07,0.55,0.61
PIK,2023,2023-09-27,pik_402,,E2,Gregory,780,4356,3641,2048,1267,1040,878,878,845,813,812,812,780,2178,1365,1072,975,910,910,910,877,878,845,1,2.19,3.06,3.47,3.79,3.79,3.79,3.97,3.96,4.16,0.09,0.12,0.06,0.2,0.07,0.15,0.22,0.15,0.16,0.25,3.67,1398,1788,2.12,1.44,0.9,0.97,0.82,0.06,0.07,0.03,0.1,0.04,0.07,0.11,0.07,0.08,0.08,0.54,0.64
PIK,2023,2023-09-27,pik_413,,E2,Gregory,1171,5365,4552,2081,1366,1171,1105,1073,1041,1041,1008,1041,1073,2179,1463,1236,1171,1138,1170,1138,1170,1138,1170,1.46,2.67,3.34,3.58,3.71,3.59,3.71,3.59,3.71,3.59,0.08,0.13,0.12,0.13,0.13,0.25,0.2,0.32,0.2,0.25,3.24,1495,1755,2.59,2.06,0.87,0.96,0.78,0.04,0.07,0.05,0.06,0.06,0.11,0.09,0.14,0.09,0.08,0.43,0.52
PIK,2023,2023-09-27,pik_4816,,E2,Gregory,618,2113,1756,813,552,553,487,487,488,487,456,455,455,878,617,553,553,521,520,552,520,488,520,1.41,2.42,2.82,2.82,3.06,3.06,2.83,3.06,3.33,3.06,0.15,0.25,0,0.31,0.17,0.16,0.3,0.33,0.19,0.5,2.86,780,975,1.71,1.17,0.79,0.88,0.71,0.07,0.11,0,0.12,0.07,0.06,0.12,0.12,0.07,0.12,0.37,0.47
PIK,2023,2023-09-27,pik_5256,,E2,Gregory,748,3609,2731,1268,845,747,650,650,650,650,650,748,910,1365,943,877,748,715,748,747,715,2406,1008,1.64,2.83,3.12,3.82,4.05,3.82,3.83,4.05,0.5,2.58,0.12,0.21,0.31,0.3,0.21,0.3,0.29,0.21,0.96,0.18,2,1431,1886,1.52,0.91,1.13,1.16,0.79,0.07,0.1,0.15,0.13,0.09,0.13,0.13,0.09,0.69,0.1,0.68,0.78
PIK,2023,2023-09-27,pik_5408,,E2,Gregory,845,3511,2829,1268,845,747,683,650,650,682,715,715,715,1398,910,780,748,747,748,780,813,878,877,1.51,2.86,3.5,3.69,3.7,3.69,3.5,3.32,3,3,0.17,0.16,0.1,0.22,0.32,0.33,0.3,0.29,0.42,0.55,2.96,1138,1365,2.09,1.57,0.9,0.91,0.76,0.09,0.07,0.04,0.09,0.13,0.13,0.13,0.12,0.19,0.18,0.46,0.5
PIK,2023,2023-09-27,pik_5454,,E2,Gregory,780,3218,2535,1137,780,683,617,650,650,618,617,650,618,1203,845,748,715,715,715,683,715,747,715,1.67,2.81,3.3,3.5,3.5,3.5,3.71,3.5,3.31,3.5,0.1,0.17,0.21,0.33,0.22,0.22,0.24,0.33,0.31,0.5,3.1,1170,1431,1.75,1.25,0.89,0.94,0.76,0.05,0.08,0.09,0.14,0.09,0.09,0.1,0.14,0.13,0.14,0.47,0.55
PIK,2023,2023-09-27,pik_5586,,E2,Gregory,845,3837,2959,1235,846,781,748,781,748,748,780,748,748,1333,943,846,846,878,878,878,878,846,845,1.88,3.07,3.54,3.54,3.37,3.37,3.37,3.37,3.54,3.54,0.13,0.22,0.18,0.26,0.25,0.33,0.33,0.25,0.26,0.37,2.96,1171,1398,2.28,1.74,0.91,0.95,0.78,0.07,0.1,0.08,0.12,0.11,0.15,0.15,0.11,0.12,0.11,0.47,0.53
PIK,2023,2023-09-27,pik_5589,,E2,Gregory,747,3772,3121,1885,1236,910,813,748,683,683,651,683,618,2048,1333,1040,878,813,781,748,748,716,748,0.84,1.83,2.63,3.3,3.64,3.83,4.04,4.04,4.27,4.04,0.12,0.12,0.24,0.15,0.17,0.28,0.2,0.29,0.11,0.5,4.05,1170,1495,2.22,1.52,0.95,0.99,0.8,0.08,0.07,0.12,0.07,0.08,0.13,0.09,0.13,0.05,0.17,0.53,0.61
PIK,2023,2023-09-27,pik_619,,E2,Gregory,910,2893,2211,1268,976,878,846,813,781,748,748,716,716,1366,1008,1008,878,878,846,846,813,846,813,1.12,1.87,1.87,2.29,2.29,2.42,2.42,2.56,2.42,2.56,0.14,0.07,0.3,0.09,0.19,0.2,0.3,0.21,0.39,0.49,2.09,1008,1203,1.87,1.4,0.9,0.97,0.69,0.07,0.03,0.13,0.04,0.07,0.08,0.12,0.08,0.15,0.12,0.39,0.46
PIK,2023,2023-09-27,pik_739,,E2,Gregory,748,2731,2081,976,715,618,586,586,586,618,651,683,683,1106,781,716,683,683,683,748,781,845,878,1.47,2.5,2.81,3,3,3,2.65,2.5,2.23,2.11,0.23,0.2,0.33,0.36,0.36,0.36,0.41,0.39,0.43,0.5,2.05,1008,1138,1.71,1.4,0.98,0.98,0.73,0.12,0.08,0.14,0.14,0.14,0.14,0.17,0.17,0.19,0.22,0.48,0.51
PIK,2023,2023-09-27,pik_748,,E2,Gregory,910,4226,3381,1723,1105,943,846,780,813,781,813,780,781,1853,1268,1040,943,943,878,878,943,911,943,1.28,2.33,3.06,3.48,3.48,3.81,3.81,3.48,3.64,3.48,0.11,0.25,0.2,0.23,0.39,0.17,0.26,0.31,0.33,0.45,3.33,1268,1561,2.33,1.71,0.93,0.94,0.78,0.07,0.13,0.09,0.1,0.17,0.07,0.11,0.14,0.14,0.17,0.49,0.54
PIK,2023,2023-09-27,pik_910,,E2,Gregory,878,4942,4324,2698,1626,1301,1105,1040,975,943,943,943,943,2796,1723,1366,1203,1138,1073,1073,1073,1073,1072,0.77,1.87,2.62,3.11,3.34,3.61,3.61,3.61,3.61,3.61,0.05,0.09,0.08,0.15,0.17,0.18,0.24,0.24,0.24,0.33,3.59,1398,1658,2.54,1.98,0.86,0.94,0.82,0.04,0.06,0.05,0.08,0.09,0.09,0.12,0.12,0.12,0.12,0.49,0.57
PIK,2023,2023-09-27,pik_956,,E2,Gregory,715,2113,1690,1008,748,650,617,618,618,585,618,617,618,1106,845,747,682,683,715,682,748,748,748,0.91,1.5,1.83,2.1,2.09,1.96,2.1,1.82,1.82,1.82,0.18,0.26,0.32,0.25,0.25,0.34,0.37,0.42,0.43,0.5,1.73,845,943,1.5,1.24,0.97,0.96,0.66,0.09,0.11,0.13,0.1,0.1,0.14,0.14,0.17,0.18,0.17,0.42,0.45
PIK,2023,2023-09-27,pik_960,,E2,Gregory,650,2634,1984,1008,748,683,650,618,618,585,586,585,585,1106,845,748,716,715,715,715,716,715,716,1.38,2.12,2.52,2.68,2.68,2.68,2.68,2.68,2.68,2.68,0.16,0.23,0.19,0.2,0.3,0.3,0.4,0.4,0.4,0.57,2.39,943,1106,1.79,1.38,0.86,0.94,0.75,0.09,0.11,0.09,0.09,0.14,0.14,0.18,0.18,0.18,0.18,0.45,0.53
PIK,2023,2023-09-27,pik_981,,E2,Gregory,943,4974,4324,2536,1625,1301,1170,1073,1040,1008,943,975,976,2634,1723,1398,1236,1171,1138,1170,1106,1138,1105,0.89,1.89,2.56,3.02,3.25,3.37,3.25,3.5,3.37,3.5,0.05,0.1,0.13,0.1,0.17,0.17,0.28,0.3,0.29,0.31,3.43,1398,1625,2.56,2.06,0.94,0.96,0.81,0.04,0.06,0.07,0.05,0.08,0.09,0.14,0.15,0.14,0.12,0.51,0.56
PIK,2023,2023-09-27,pik_984,,E2,Gregory,618,2763,2178,1106,780,683,651,650,683,683,747,716,747,1203,878,780,683,748,781,813,942,910,942,1.3,2.15,2.54,3.05,2.69,2.54,2.4,1.93,2.04,1.93,0.13,0.21,0.25,0.1,0.27,0.25,0.32,0.38,0.4,0.5,1.92,1496,1723,0.85,0.6,0.87,0.88,0.78,0.08,0.11,0.12,0.05,0.13,0.13,0.16,0.21,0.21,0.21,0.57,0.6
PIK,2023,2023-10-11,pik_118,,E2,Gregory,715,3511,2991,2243,1495,1235,1138,1040,910,975,975,975,943,2471,1658,1398,1235,1170,1073,1138,1137,1170,1137,0.42,1.12,1.51,1.84,2,2.27,2.09,2.09,2,2.09,0.13,0.15,0.19,0.14,0.2,0.28,0.26,0.25,0.29,0.35,2.17,1301,1463,1.7,1.4,1.01,1,0.8,0.09,0.1,0.12,0.08,0.11,0.15,0.14,0.14,0.17,0.17,0.6,0.62
PIK,2023,2023-10-11,pik_122,,E2,Gregory,716,3739,3219,2405,1594,1333,1170,1040,1007,942,910,943,910,2600,1724,1463,1268,1202,1137,1073,1072,1138,1105,0.44,1.17,1.56,1.95,2.11,2.29,2.48,2.49,2.29,2.38,0.1,0.11,0.14,0.13,0.23,0.2,0.22,0.28,0.3,0.38,2.54,1203,1528,2.11,1.45,0.94,0.94,0.81,0.08,0.08,0.09,0.08,0.13,0.11,0.12,0.15,0.17,0.18,0.54,0.6
PIK,2023,2023-10-11,pik_1290,,E2,Gregory,585,2276,2016,1267,813,715,650,617,585,585,618,585,586,1333,910,813,748,715,715,715,682,715,716,0.71,1.5,1.8,2.04,2.18,2.18,2.18,2.34,2.18,2.18,0.08,0.2,0.24,0.27,0.29,0.38,0.38,0.2,0.38,0.44,2.44,780,975,1.92,1.33,0.84,0.9,0.74,0.05,0.11,0.12,0.13,0.14,0.18,0.18,0.09,0.18,0.18,0.42,0.5
PIK,2023,2023-10-11,pik_13,,E2,Gregory,878,4780,4389,3479,2179,1820,1561,1463,1366,1268,1203,1171,1170,3544,2276,1951,1690,1561,1430,1365,1333,1333,1333,0.35,1.1,1.45,1.83,2.06,2.34,2.5,2.59,2.59,2.59,0.02,0.06,0.1,0.12,0.11,0.08,0.13,0.18,0.22,0.26,2.75,1430,1658,2.34,1.88,0.96,0.97,0.82,0.02,0.04,0.07,0.08,0.06,0.04,0.07,0.1,0.12,0.12,0.55,0.59
PIK,2023,2023-10-11,pik_1306,,E2,Gregory,813,3348,2894,2145,1365,1106,976,878,845,813,780,780,780,2243,1430,1171,1040,975,910,845,877,877,878,0.49,1.34,1.86,2.22,2.43,2.68,2.96,2.82,2.82,2.81,0.06,0.08,0.11,0.13,0.21,0.16,0.09,0.25,0.25,0.3,2.71,1008,1203,2.32,1.78,0.87,0.92,0.76,0.04,0.05,0.06,0.06,0.1,0.07,0.04,0.11,0.11,0.11,0.42,0.49
PIK,2023,2023-10-11,pik_1436,,E2,Gregory,813,4226,3707,3186,2146,1821,1626,1496,1398,1301,1235,1235,1203,3479,2373,2016,1853,1691,1560,1528,1496,1496,1463,0.21,0.78,1.1,1.28,1.5,1.71,1.77,1.82,1.82,1.89,0.11,0.14,0.15,0.19,0.18,0.17,0.25,0.29,0.29,0.35,2.08,1658,2016,1.55,1.1,0.98,0.99,0.81,0.08,0.1,0.1,0.12,0.12,0.1,0.15,0.17,0.17,0.18,0.61,0.66
PIK,2023,2023-10-11,pik_1530,,E2,Gregory,780,3544,3056,1983,1267,1073,943,878,813,780,812,780,780,2113,1365,1138,1041,975,943,878,910,910,910,0.68,1.6,2.11,2.4,2.63,2.76,3.04,2.89,2.89,2.89,0.09,0.12,0.11,0.18,0.2,0.28,0.24,0.23,0.3,0.36,2.92,1072,1300,2.31,1.73,0.82,0.88,0.78,0.06,0.07,0.06,0.09,0.1,0.14,0.11,0.11,0.14,0.14,0.42,0.5
PIK,2023,2023-10-11,pik_1620,,E2,Gregory,748,3478,2926,1983,1300,1138,1041,976,910,911,878,878,846,2145,1430,1235,1171,1073,1073,1041,1040,1041,1041,0.62,1.43,1.82,1.97,2.24,2.24,2.34,2.34,2.34,2.34,0.11,0.15,0.14,0.2,0.17,0.29,0.24,0.3,0.3,0.46,2.46,1105,1300,2.15,1.68,0.88,0.95,0.78,0.08,0.09,0.08,0.11,0.09,0.15,0.12,0.16,0.16,0.19,0.47,0.55
PIK,2023,2023-10-11,pik_1676,,E2,Gregory,781,4617,4031,3186,2081,1593,1333,1235,1170,1105,1105,1105,1105,3479,2276,1756,1495,1398,1365,1333,1333,1300,1333,0.33,1.03,1.63,2.09,2.3,2.38,2.46,2.46,2.55,2.46,0.11,0.12,0.14,0.18,0.19,0.24,0.29,0.29,0.26,0.33,2.65,1495,1690,2.09,1.73,0.96,0.96,0.83,0.08,0.09,0.09,0.11,0.12,0.14,0.17,0.17,0.15,0.17,0.59,0.62
PIK,2023,2023-10-11,pik_1826,,E2,Gregory,780,4194,3706,2796,1951,1593,1398,1301,1203,1138,1105,1106,1073,2959,2048,1659,1495,1398,1333,1268,1236,1235,1203,0.42,1.05,1.53,1.81,2,2.15,2.31,2.39,2.4,2.49,0.07,0.07,0.06,0.11,0.12,0.17,0.18,0.19,0.19,0.27,2.45,1366,1625,2.07,1.58,0.85,0.89,0.81,0.06,0.05,0.04,0.06,0.07,0.1,0.1,0.11,0.1,0.11,0.5,0.56
PIK,2023,2023-10-11,pik_1906,,E2,Gregory,747,2829,2406,1626,1040,878,846,747,682,683,650,683,715,1658,1073,943,878,813,780,747,715,747,748,0.71,1.64,2,2.22,2.48,2.63,2.79,2.96,2.79,2.78,0.03,0.06,0.14,0.08,0.18,0.29,0.2,0.22,0.2,0.14,2.37,813,975,2.48,1.9,0.72,0.89,0.74,0.02,0.03,0.07,0.04,0.08,0.13,0.09,0.09,0.09,0.04,0.32,0.43
PIK,2023,2023-10-11,pik_1972,,E2,Gregory,780,4617,4194,3316,2113,1788,1560,1397,1300,1236,1236,1203,1170,3381,2211,1885,1690,1560,1463,1366,1366,1366,1365,0.37,1.09,1.45,1.73,1.96,2.16,2.38,2.38,2.38,2.38,0.02,0.06,0.08,0.12,0.17,0.18,0.16,0.16,0.2,0.29,2.58,1496,1755,2.09,1.63,0.92,0.94,0.83,0.02,0.04,0.05,0.08,0.1,0.11,0.1,0.1,0.12,0.14,0.57,0.61
PIK,2023,2023-10-11,pik_2043,,E2,Gregory,552,1788,1463,910,617,553,488,455,455,455,487,456,488,1040,683,586,553,552,552,520,585,585,585,0.72,1.62,2.05,2.23,2.24,2.24,2.44,2.06,2.06,2.06,0.22,0.21,0.13,0.29,0.43,0.43,0.32,0.4,0.52,0.43,2,651,748,1.75,1.39,0.89,0.99,0.69,0.12,0.1,0.06,0.12,0.18,0.18,0.12,0.17,0.22,0.17,0.4,0.48
PIK,2023,2023-10-11,pik_2106,,E2,Gregory,1008,4031,3642,2731,1853,1560,1398,1333,1268,1170,1203,1171,1170,2796,1919,1658,1463,1398,1333,1333,1300,1301,1333,0.44,1.1,1.43,1.76,1.88,2.02,2.02,2.1,2.1,2.02,0.03,0.06,0.11,0.09,0.09,0.1,0.25,0.15,0.2,0.28,2.11,1365,1495,1.95,1.7,0.9,0.91,0.75,0.02,0.03,0.06,0.04,0.05,0.05,0.12,0.07,0.1,0.12,0.45,0.48
PIK,2023,2023-10-11,pik_2112,,E2,Gregory,716,3414,2861,1886,1268,1073,943,878,845,845,781,813,781,2081,1398,1170,1073,975,975,975,976,1008,976,0.64,1.44,1.92,2.18,2.5,2.5,2.5,2.5,2.39,2.5,0.13,0.15,0.15,0.22,0.19,0.26,0.26,0.39,0.37,0.43,2.66,1105,1300,2.09,1.63,0.91,0.98,0.79,0.09,0.09,0.08,0.12,0.1,0.13,0.13,0.2,0.19,0.2,0.5,0.57
PIK,2023,2023-10-11,pik_2261,,E2,Gregory,780,3414,2958,1983,1235,1105,975,911,845,813,845,812,812,2081,1333,1170,1040,975,975,943,910,942,943,0.64,1.56,1.92,2.28,2.5,2.5,2.62,2.75,2.62,2.62,0.07,0.13,0.1,0.12,0.13,0.27,0.29,0.15,0.29,0.34,2.64,1040,1203,2.28,1.84,0.86,0.9,0.77,0.05,0.07,0.06,0.06,0.07,0.13,0.14,0.07,0.14,0.14,0.44,0.49
PIK,2023,2023-10-11,pik_2274,,E2,Gregory,683,1951,1658,1268,780,715,650,618,618,585,617,617,618,1398,877,748,748,683,715,715,683,682,716,0.4,1.22,1.61,1.61,1.86,1.73,1.73,1.86,1.86,1.72,0.16,0.24,0.11,0.32,0.24,0.34,0.45,0.25,0.24,0.38,1.68,747,845,1.61,1.31,0.73,0.86,0.65,0.09,0.11,0.04,0.13,0.1,0.14,0.18,0.1,0.1,0.14,0.3,0.38
PIK,2023,2023-10-11,pik_2403,,E2,Gregory,877,3478,3023,1820,1203,1041,943,846,780,748,748,748,748,1885,1301,1073,976,911,845,845,846,845,845,0.85,1.67,2.24,2.56,2.82,3.12,3.12,3.11,3.12,3.12,0.06,0.14,0.06,0.07,0.16,0.18,0.27,0.28,0.27,0.37,3.04,943,1073,2.69,2.24,0.85,0.89,0.75,0.03,0.08,0.03,0.03,0.07,0.08,0.11,0.12,0.11,0.11,0.38,0.42
PIK,2023,2023-10-11,pik_2922,,E2,Gregory,715,3641,3089,2178,1528,1300,1171,1041,1008,943,942,942,943,2373,1690,1463,1300,1203,1138,1138,1106,1138,1138,0.53,1.15,1.49,1.8,2.03,2.2,2.2,2.29,2.2,2.2,0.11,0.15,0.18,0.17,0.23,0.2,0.31,0.27,0.31,0.35,2.28,1235,1495,1.95,1.44,0.91,0.97,0.8,0.08,0.1,0.11,0.1,0.13,0.11,0.17,0.15,0.17,0.17,0.53,0.61
PIK,2023,2023-10-11,pik_30,,E2,Gregory,715,3836,3283,2374,1593,1333,1170,1040,1008,943,910,943,942,2536,1723,1463,1301,1236,1138,1073,1073,1073,1105,0.51,1.23,1.62,1.95,2.1,2.37,2.58,2.58,2.58,2.47,0.09,0.11,0.14,0.17,0.27,0.2,0.22,0.28,0.22,0.33,2.49,1236,1463,2.1,1.62,0.9,1,0.81,0.06,0.08,0.09,0.1,0.16,0.11,0.12,0.15,0.12,0.15,0.53,0.62
PIK,2023,2023-10-11,pik_3118,,E2,Gregory,813,3901,3446,2275,1528,1300,1138,1073,975,943,942,911,911,2373,1625,1366,1268,1138,1041,1040,1007,1008,1008,0.64,1.4,1.86,2.08,2.43,2.75,2.75,2.87,2.87,2.87,0.06,0.1,0.08,0.19,0.11,0.13,0.19,0.13,0.19,0.25,2.78,1105,1268,2.53,2.08,0.91,0.93,0.79,0.04,0.06,0.05,0.1,0.06,0.06,0.09,0.06,0.1,0.1,0.47,0.51
PIK,2023,2023-10-11,pik_3131,,E2,Gregory,585,2666,2211,1561,1008,877,747,683,683,651,650,650,650,1691,1073,943,845,780,748,748,747,780,812,0.58,1.48,1.83,2.16,2.42,2.56,2.56,2.57,2.42,2.28,0.11,0.1,0.13,0.22,0.24,0.17,0.26,0.26,0.33,0.5,2.4,975,1203,1.73,1.22,0.83,0.92,0.78,0.08,0.06,0.07,0.12,0.12,0.09,0.13,0.13,0.17,0.2,0.47,0.57
PIK,2023,2023-10-11,pik_316,,E2,Gregory,650,3869,3478,3056,2048,1788,1658,1528,1463,1333,1268,1236,1203,3316,2275,2048,1918,1788,1690,1626,1528,1495,1495,0.17,0.7,0.89,1.02,1.16,1.29,1.38,1.53,1.59,1.59,0.1,0.13,0.18,0.19,0.21,0.2,0.27,0.26,0.26,0.33,1.89,1625,1821,1.38,1.12,0.95,0.97,0.83,0.08,0.1,0.13,0.14,0.15,0.13,0.18,0.17,0.17,0.2,0.64,0.68
PIK,2023,2023-10-11,pik_3273,,E2,Gregory,1041,4389,3869,3284,2211,1821,1626,1496,1398,1366,1333,1366,1333,3544,2406,2016,1821,1690,1625,1593,1593,1593,1593,0.24,0.82,1.18,1.41,1.6,1.7,1.76,1.76,1.76,1.76,0.1,0.13,0.16,0.19,0.21,0.26,0.26,0.3,0.26,0.33,1.9,1756,1983,1.5,1.21,0.99,1,0.76,0.07,0.08,0.1,0.11,0.11,0.14,0.14,0.16,0.14,0.16,0.56,0.59
PIK,2023,2023-10-11,pik_3356,,E2,Gregory,747,4031,3544,3023,2113,1723,1561,1431,1366,1268,1268,1236,1203,3283,2243,1918,1723,1626,1528,1496,1496,1463,1463,0.23,0.8,1.1,1.34,1.48,1.64,1.69,1.69,1.76,1.76,0.1,0.08,0.15,0.14,0.19,0.17,0.25,0.25,0.25,0.33,1.95,1593,1788,1.53,1.25,0.93,0.96,0.81,0.08,0.06,0.1,0.09,0.12,0.11,0.15,0.15,0.16,0.18,0.59,0.64
PIK,2023,2023-10-11,pik_3366,,E2,Gregory,683,2828,2276,1593,1105,943,846,813,748,780,748,748,781,1755,1236,1073,943,911,910,910,943,943,1008,0.61,1.29,1.64,2,2.1,2.11,2.11,2,2,1.81,0.14,0.18,0.22,0.2,0.21,0.35,0.28,0.4,0.4,0.5,1.91,1203,1431,1.35,0.98,0.94,0.96,0.76,0.09,0.11,0.12,0.1,0.11,0.18,0.14,0.21,0.21,0.23,0.54,0.59
PIK,2023,2023-10-11,pik_3967,,E1,Qi,329,1396,1087,778,479,409,369,339,329,339,349,339,339,867,548,469,429,399,399,419,409,419,419,0.61,1.55,1.98,2.25,2.5,2.5,2.33,2.41,2.33,2.33,0.15,0.22,0.25,0.28,0.31,0.36,0.39,0.3,0.39,0.5,2.21,459,528,2.04,1.64,0.89,0.92,0.76,0.1,0.13,0.13,0.14,0.15,0.18,0.19,0.15,0.19,0.19,0.46,0.51
PIK,2023,2023-10-11,pik_402,,E2,Gregory,878,5332,4747,3934,2503,1951,1594,1430,1333,1301,1236,1235,1235,4129,2633,2081,1756,1593,1496,1463,1431,1463,1463,0.29,1.03,1.56,2.04,2.35,2.56,2.64,2.73,2.64,2.64,0.06,0.07,0.09,0.15,0.17,0.19,0.19,0.24,0.27,0.33,2.84,1593,1886,2.35,1.83,0.88,0.94,0.84,0.05,0.05,0.06,0.09,0.1,0.11,0.11,0.14,0.16,0.16,0.53,0.6
PIK,2023,2023-10-11,pik_4086,,E1,Qi,359,1396,1037,608,428,388,359,348,329,339,349,359,359,688,488,438,398,389,399,399,399,419,439,1.03,1.86,2.19,2.51,2.59,2.5,2.5,2.5,2.33,2.18,0.2,0.24,0.24,0.22,0.24,0.39,0.33,0.28,0.31,0.5,1.89,499,568,1.8,1.46,0.9,0.91,0.74,0.12,0.12,0.11,0.1,0.11,0.18,0.15,0.13,0.14,0.18,0.46,0.49
PIK,2023,2023-10-11,pik_413,,E2,Gregory,683,3122,2438,1626,1073,878,812,780,748,715,748,747,747,1723,1170,975,910,878,845,846,878,878,878,0.81,1.67,2.2,2.43,2.56,2.69,2.69,2.56,2.56,2.56,0.08,0.14,0.19,0.21,0.22,0.23,0.31,0.3,0.3,0.37,2.26,976,1171,2.2,1.67,0.89,0.97,0.78,0.06,0.08,0.1,0.11,0.11,0.11,0.15,0.15,0.15,0.15,0.47,0.56
PIK,2023,2023-10-11,pik_4231,,E1,Qi,422,1918,1496,1073,715,585,520,520,520,520,520,553,520,1203,813,715,650,618,618,650,618,683,715,0.59,1.36,1.68,1.95,2.1,2.1,1.95,2.1,1.81,1.68,0.16,0.2,0.32,0.37,0.3,0.3,0.37,0.3,0.34,0.5,1.88,846,943,1.27,1.03,1.01,0.98,0.78,0.11,0.12,0.18,0.2,0.16,0.16,0.2,0.16,0.19,0.27,0.61,0.62
PIK,2023,2023-10-11,pik_425,,E2,Gregory,617,1723,1398,683,520,520,455,455,488,488,520,520,520,780,585,585,552,552,585,586,618,586,618,1.21,1.95,1.95,2.12,2.12,1.95,1.94,1.79,1.94,1.79,0.28,0.29,0.29,0.48,0.48,0.44,0.44,0.41,0.3,0.5,1.69,748,845,1.3,1.04,0.9,0.91,0.64,0.12,0.11,0.11,0.18,0.18,0.17,0.17,0.16,0.11,0.16,0.39,0.42
PIK,2023,2023-10-11,pik_4393,,E1,Qi,389,1715,1346,887,618,528,499,479,469,459,459,458,468,1017,718,638,589,578,569,578,578,588,608,0.69,1.39,1.69,1.91,1.97,2.01,1.97,1.97,1.92,1.82,0.19,0.24,0.31,0.28,0.32,0.33,0.39,0.39,0.41,0.5,1.88,668,777,1.57,1.21,0.89,0.95,0.77,0.13,0.14,0.17,0.15,0.17,0.18,0.21,0.21,0.22,0.23,0.51,0.58
PIK,2023,2023-10-11,pik_4401,,E1,Qi,369,1157,888,558,379,359,359,339,339,349,349,349,349,638,448,409,408,399,398,409,428,439,438,0.81,1.58,1.83,1.84,1.9,1.91,1.83,1.7,1.64,1.64,0.23,0.34,0.28,0.28,0.35,0.35,0.34,0.42,0.46,0.53,1.54,509,568,1.27,1.04,0.93,0.96,0.68,0.13,0.15,0.12,0.12,0.15,0.15,0.15,0.18,0.21,0.2,0.45,0.49
PIK,2023,2023-10-11,pik_4651,,E1,Qi,553,3934,3576,2959,1723,1366,1170,1007,910,877,845,845,845,3023,1820,1463,1235,1105,1040,975,942,975,1008,0.3,1.16,1.69,2.19,2.56,2.78,3.03,3.18,3.03,2.9,0.03,0.07,0.1,0.08,0.14,0.2,0.17,0.17,0.22,0.31,3.23,1138,1430,2.46,1.75,0.9,0.92,0.86,0.02,0.05,0.07,0.05,0.09,0.12,0.1,0.1,0.13,0.16,0.57,0.64
PIK,2023,2023-10-11,pik_4784,,E1,Qi,520,2211,1885,1333,846,683,586,553,455,488,488,455,488,1366,878,747,650,585,520,520,553,553,585,0.62,1.52,1.96,2.4,2.78,3.25,3.25,3,3,2.78,0.04,0.06,0.16,0.2,0.12,0.29,0.14,0.26,0.4,0.37,2.86,650,813,2.4,1.72,1.02,0.96,0.76,0.02,0.04,0.09,0.1,0.05,0.12,0.06,0.12,0.18,0.17,0.5,0.52
PIK,2023,2023-10-11,pik_4816,,E1,Qi,239,578,469,349,240,209,199,210,199,210,199,209,209,378,260,249,230,220,229,240,240,250,249,0.53,1.22,1.32,1.51,1.63,1.52,1.41,1.41,1.31,1.32,0.16,0.2,0.42,0.37,0.13,0.36,0.34,0.46,0.43,0.5,1.24,279,339,1.07,0.71,0.79,0.91,0.59,0.08,0.08,0.16,0.13,0.05,0.13,0.12,0.17,0.16,0.16,0.32,0.41
PIK,2023,2023-10-11,pik_5256,,E1,Qi,520,2828,2341,1496,910,813,715,650,618,553,553,586,586,1593,1040,878,780,747,683,650,651,683,716,0.78,1.72,2.22,2.63,2.79,3.14,3.35,3.34,3.14,2.95,0.09,0.2,0.13,0.15,0.24,0.18,0.3,0.3,0.27,0.4,2.99,780,975,2.63,1.9,0.83,0.94,0.82,0.06,0.12,0.07,0.08,0.13,0.1,0.15,0.15,0.14,0.18,0.46,0.57
PIK,2023,2023-10-11,pik_5334,,E1,Qi,553,2373,1984,1236,845,715,650,585,553,520,520,488,488,1366,910,813,715,683,617,585,618,618,617,0.74,1.61,1.92,2.32,2.47,2.85,3.06,2.84,2.84,2.85,0.15,0.13,0.23,0.18,0.29,0.22,0.25,0.34,0.46,0.57,3.07,683,846,2.47,1.8,0.88,0.93,0.77,0.1,0.07,0.12,0.09,0.14,0.1,0.11,0.16,0.21,0.21,0.43,0.5
PIK,2023,2023-10-11,pik_5366,,E1,Qi,459,1885,1486,838,598,539,509,488,479,469,479,478,478,927,698,629,599,578,578,578,588,598,608,1.03,1.7,2,2.15,2.26,2.26,2.26,2.21,2.15,2.1,0.16,0.27,0.28,0.3,0.32,0.35,0.39,0.38,0.4,0.5,2.11,708,848,1.66,1.22,0.89,0.95,0.76,0.1,0.14,0.14,0.15,0.16,0.17,0.19,0.19,0.2,0.21,0.48,0.55
PIK,2023,2023-10-11,pik_5408,,E1,Qi,552,2536,2016,1268,846,748,650,617,585,585,618,618,618,1398,975,813,748,715,682,715,748,813,780,0.81,1.6,2.12,2.39,2.55,2.72,2.55,2.39,2.12,2.25,0.14,0.23,0.15,0.25,0.27,0.29,0.36,0.34,0.45,0.5,2.26,910,1073,1.79,1.36,0.95,0.95,0.78,0.09,0.13,0.08,0.13,0.14,0.14,0.18,0.17,0.24,0.21,0.54,0.58
PIK,2023,2023-10-11,pik_5454,,E1,Qi,429,1954,1485,1037,728,628,589,549,519,509,499,499,509,1176,837,738,678,638,629,619,618,618,638,0.66,1.33,1.65,1.88,2.06,2.11,2.16,2.16,2.16,2.06,0.17,0.22,0.26,0.24,0.26,0.33,0.34,0.36,0.36,0.46,1.92,728,858,1.68,1.28,0.89,0.95,0.78,0.12,0.13,0.15,0.13,0.14,0.17,0.18,0.19,0.19,0.2,0.51,0.58
PIK,2023,2023-10-11,pik_5470,,E1,Qi,521,2503,2113,1528,943,780,715,650,618,553,553,521,521,1625,975,877,780,715,650,618,617,618,585,0.54,1.57,1.85,2.21,2.5,2.85,3.05,3.06,3.05,3.28,0.08,0.05,0.19,0.15,0.17,0.1,0.22,0.21,0.32,0.28,3.06,651,715,2.84,2.5,0.9,0.87,0.79,0.06,0.03,0.11,0.08,0.09,0.05,0.11,0.1,0.16,0.11,0.45,0.45
PIK,2023,2023-10-11,pik_5586,,E1,Qi,585,2796,2504,1919,1105,910,780,715,715,650,650,683,683,2049,1236,1008,878,845,845,781,780,813,813,0.36,1.26,1.77,2.18,2.31,2.31,2.58,2.58,2.44,2.44,0.09,0.17,0.17,0.21,0.29,0.29,0.33,0.32,0.31,0.36,2.67,943,1203,1.97,1.32,0.92,0.96,0.79,0.06,0.11,0.1,0.11,0.15,0.15,0.17,0.17,0.16,0.16,0.52,0.6
PIK,2023,2023-10-11,pik_5589,,E1,Qi,419,1486,1196,917,598,518,488,469,449,439,428,419,419,1007,678,588,539,518,509,508,488,499,498,0.48,1.19,1.53,1.76,1.87,1.92,1.93,2.05,1.98,1.98,0.14,0.22,0.24,0.2,0.2,0.25,0.29,0.27,0.35,0.42,1.85,538,628,1.76,1.37,0.89,0.92,0.72,0.09,0.12,0.12,0.09,0.09,0.12,0.14,0.12,0.16,0.16,0.43,0.48
PIK,2023,2023-10-11,pik_5617,,E1,Qi,520,2081,1788,1268,813,650,618,585,553,553,520,553,553,1366,846,748,715,683,683,618,683,650,683,0.52,1.46,1.78,1.91,2.05,2.05,2.37,2.05,2.2,2.05,0.11,0.07,0.25,0.27,0.29,0.38,0.22,0.48,0.31,0.44,2.23,780,910,1.67,1.29,0.94,0.94,0.75,0.07,0.04,0.13,0.14,0.14,0.19,0.11,0.24,0.15,0.19,0.5,0.54
PIK,2023,2023-10-11,pik_5666,,E1,Qi,349,1336,1017,747,489,419,379,349,349,329,329,319,329,837,548,478,439,418,399,399,398,389,389,0.6,1.44,1.79,2.04,2.2,2.35,2.35,2.36,2.43,2.43,0.17,0.2,0.25,0.28,0.35,0.27,0.38,0.38,0.4,0.4,2.09,449,538,1.98,1.48,0.87,0.94,0.74,0.11,0.11,0.12,0.14,0.17,0.13,0.18,0.17,0.18,0.15,0.42,0.5
PIK,2023,2023-10-11,pik_730,,E2,Gregory,618,2438,2016,1430,975,878,813,715,715,683,650,683,683,1593,1138,1008,943,877,845,845,846,846,845,0.53,1.14,1.42,1.59,1.78,1.89,1.89,1.88,1.88,1.89,0.16,0.25,0.23,0.26,0.36,0.3,0.38,0.46,0.38,0.45,1.95,910,1040,1.68,1.34,0.95,0.95,0.75,0.1,0.14,0.13,0.14,0.18,0.15,0.19,0.23,0.19,0.19,0.5,0.53
PIK,2023,2023-10-11,pik_739,,E2,Gregory,1040,4942,4616,3414,1886,1626,1463,1333,1301,1203,1170,1203,1171,3382,1951,1690,1561,1398,1333,1301,1300,1268,1268,0.46,1.53,1.92,2.17,2.54,2.71,2.8,2.8,2.9,2.9,-0.01,0.06,0.07,0.12,0.09,0.05,0.15,0.2,0.1,0.19,2.94,1366,1625,2.62,2.04,0.84,0.94,0.79,-0.01,0.03,0.04,0.06,0.05,0.02,0.08,0.1,0.05,0.08,0.43,0.52
PIK,2023,2023-10-11,pik_748,,E2,Gregory,748,4161,3608,2893,1886,1625,1430,1333,1268,1235,1203,1138,1138,3056,2048,1820,1625,1528,1463,1398,1366,1365,1398,0.36,1.03,1.29,1.56,1.72,1.84,1.98,2.05,2.05,1.98,0.07,0.11,0.16,0.19,0.2,0.22,0.19,0.2,0.28,0.33,2.17,1496,1723,1.78,1.41,0.98,0.98,0.82,0.05,0.08,0.11,0.12,0.13,0.13,0.12,0.12,0.17,0.19,0.61,0.64
PIK,2023,2023-10-11,pik_981,,E2,Gregory,780,4193,3641,2471,1723,1430,1268,1137,1106,1041,1008,1008,1008,2601,1821,1593,1398,1268,1235,1203,1171,1203,1235,0.61,1.3,1.63,2,2.31,2.4,2.49,2.58,2.49,2.4,0.07,0.08,0.16,0.16,0.18,0.19,0.24,0.25,0.29,0.39,2.61,1366,1626,2.07,1.58,0.93,0.99,0.81,0.05,0.05,0.1,0.09,0.1,0.1,0.13,0.14,0.16,0.18,0.55,0.62
PIK,2023,2023-10-11,pik_984,,E2,Gregory,813,3837,3317,2471,1625,1398,1235,1170,1073,1041,1008,976,976,2601,1755,1528,1398,1333,1236,1203,1170,1171,1170,0.48,1.19,1.51,1.74,1.88,2.1,2.19,2.28,2.28,2.28,0.07,0.12,0.14,0.2,0.22,0.24,0.25,0.26,0.31,0.37,2.4,1333,1658,1.88,1.31,0.95,0.99,0.79,0.05,0.07,0.09,0.12,0.12,0.13,0.13,0.14,0.17,0.17,0.54,0.61
PIK,2023,2023-10-12,pik_1711,,E1,Gregory,748,2958,2503,1463,911,747,682,650,618,617,618,618,618,1528,976,845,747,683,682,682,715,716,748,0.94,2.03,2.5,2.96,3.33,3.34,3.34,3.14,3.13,2.95,0.07,0.13,0.25,0.2,0.12,0.23,0.24,0.33,0.33,0.57,3.05,878,1073,2.37,1.76,0.87,0.88,0.75,0.04,0.07,0.12,0.09,0.05,0.09,0.1,0.14,0.14,0.17,0.41,0.45
PIK,2023,2023-10-12,pik_1859,,E2,Olivia,910,4811,4389,3153,2015,1625,1398,1301,1203,1170,1170,1138,1138,3219,2113,1723,1496,1333,1333,1268,1268,1268,1301,0.49,1.28,1.79,2.22,2.61,2.61,2.79,2.79,2.79,2.7,0.03,0.07,0.09,0.11,0.04,0.18,0.15,0.15,0.19,0.28,2.86,1431,1626,2.36,1.96,0.85,0.91,0.81,0.02,0.05,0.06,0.07,0.02,0.1,0.08,0.08,0.1,0.13,0.48,0.54
PIK,2023,2023-10-12,pik_2155,,E1,Gregory,878,4616,4161,3154,1918,1495,1268,1137,1073,1040,1008,1008,976,3218,2015,1593,1366,1235,1170,1137,1138,1138,1138,0.43,1.29,1.9,2.38,2.74,2.95,3.06,3.06,3.06,3.06,0.03,0.07,0.1,0.13,0.15,0.16,0.17,0.22,0.22,0.33,3.26,1268,1495,2.64,2.09,0.9,0.98,0.81,0.02,0.05,0.06,0.07,0.08,0.08,0.09,0.11,0.11,0.14,0.49,0.57
PIK,2023,2023-10-12,pik_2168,,E2,Olivia,479,2233,1895,1396,878,748,688,678,678,639,618,609,608,1556,977,838,787,768,777,747,738,717,718,0.44,1.29,1.66,1.84,1.91,1.87,1.99,2.03,2.11,2.11,0.14,0.16,0.19,0.22,0.21,0.23,0.26,0.3,0.28,0.34,2.12,728,837,2.07,1.67,0.86,0.88,0.79,0.1,0.1,0.11,0.13,0.12,0.13,0.14,0.16,0.15,0.15,0.47,0.51
PIK,2023,2023-10-12,pik_2441,,E1,Gregory,780,3902,3414,2145,1333,1138,975,911,878,813,846,813,813,2178,1431,1203,1073,976,943,911,911,911,911,0.79,1.73,2.24,2.64,3,3.14,3.28,3.28,3.28,3.28,0.02,0.12,0.1,0.17,0.13,0.14,0.22,0.15,0.22,0.27,3.2,943,1105,3.14,2.53,0.84,0.89,0.8,0.02,0.07,0.05,0.09,0.07,0.07,0.11,0.07,0.11,0.11,0.41,0.47
PIK,2023,2023-10-12,pik_2671,,E2,Olivia,715,1853,1561,1106,845,748,716,716,683,682,650,650,650,1236,943,813,781,781,748,748,747,780,780,0.5,0.97,1.28,1.37,1.37,1.48,1.48,1.48,1.38,1.38,0.2,0.23,0.19,0.21,0.21,0.22,0.23,0.33,0.42,0.5,1.4,845,943,1.19,0.97,0.91,1,0.61,0.11,0.1,0.08,0.08,0.08,0.09,0.09,0.13,0.17,0.17,0.38,0.45
PIK,2023,2023-10-12,pik_2760,,E1,Gregory,448,2023,1645,1096,698,609,539,508,508,498,509,509,508,1216,778,668,628,598,598,598,618,638,658,0.66,1.6,2.03,2.22,2.38,2.38,2.38,2.27,2.17,2.07,0.15,0.18,0.16,0.27,0.3,0.3,0.33,0.34,0.38,0.49,2.24,797,968,1.54,1.09,0.95,0.97,0.78,0.1,0.1,0.09,0.14,0.15,0.15,0.17,0.18,0.2,0.23,0.55,0.61
PIK,2023,2023-10-12,pik_2815,,E2,Olivia,249,628,489,369,250,229,220,210,210,220,210,209,209,409,290,259,249,240,240,239,249,249,249,0.54,1.17,1.42,1.52,1.62,1.62,1.63,1.52,1.52,1.52,0.2,0.33,0.3,0.31,0.34,0.34,0.22,0.42,0.43,0.58,1.34,279,329,1.25,0.91,0.8,0.82,0.6,0.1,0.14,0.12,0.12,0.12,0.12,0.08,0.16,0.16,0.16,0.32,0.36
PIK,2023,2023-10-12,pik_2851,,E1,Gregory,488,2698,2211,1625,1072,877,780,683,650,618,585,585,585,1755,1170,942,845,780,715,683,683,683,682,0.54,1.31,1.86,2.19,2.46,2.77,2.95,2.95,2.95,2.96,0.1,0.13,0.11,0.13,0.22,0.17,0.18,0.27,0.27,0.33,2.78,780,910,2.46,1.96,0.88,0.89,0.82,0.07,0.08,0.07,0.08,0.12,0.09,0.1,0.14,0.14,0.14,0.5,0.54
PIK,2023,2023-10-12,pik_2964,,E2,Olivia,319,947,698,509,359,329,309,310,289,310,299,289,309,598,419,378,359,349,349,359,359,369,379,0.58,1.26,1.51,1.64,1.71,1.71,1.64,1.64,1.57,1.5,0.27,0.31,0.29,0.33,0.27,0.41,0.32,0.39,0.5,0.5,1.26,439,508,1.16,0.86,0.9,0.92,0.66,0.15,0.14,0.13,0.14,0.11,0.17,0.14,0.17,0.22,0.18,0.43,0.47
PIK,2023,2023-10-12,pik_3192,,E1,Gregory,388,2353,1924,1695,1136,937,838,768,728,717,708,718,717,1954,1276,1067,957,897,877,877,888,918,947,0.2,0.84,1.21,1.46,1.62,1.68,1.68,1.65,1.56,1.48,0.16,0.15,0.17,0.18,0.22,0.26,0.28,0.31,0.33,0.41,1.68,1087,1306,1.16,0.8,0.96,0.97,0.84,0.13,0.11,0.12,0.12,0.14,0.17,0.18,0.2,0.22,0.24,0.67,0.72
PIK,2023,2023-10-12,pik_3282,,E1,Gregory,586,3284,2861,2438,1528,1300,1170,1041,943,911,878,878,812,2568,1658,1366,1235,1171,1073,1008,1008,975,1008,0.28,0.98,1.4,1.66,1.8,2.06,2.26,2.26,2.37,2.26,0.06,0.11,0.07,0.08,0.18,0.2,0.16,0.22,0.17,0.4,2.52,1171,1463,1.8,1.24,0.94,0.99,0.82,0.05,0.08,0.05,0.05,0.11,0.12,0.1,0.13,0.1,0.19,0.58,0.67
PIK,2023,2023-10-12,pik_3321,,E1,Gregory,585,3641,3186,2829,1853,1495,1300,1170,1105,1040,1008,976,976,3023,2016,1625,1398,1236,1171,1170,1171,1138,1171,0.2,0.81,1.24,1.6,1.95,2.11,2.11,2.11,2.2,2.11,0.08,0.11,0.11,0.11,0.08,0.09,0.18,0.22,0.23,0.32,2.26,1333,1561,1.73,1.33,0.97,0.93,0.84,0.06,0.08,0.08,0.07,0.05,0.06,0.11,0.14,0.14,0.17,0.63,0.65
PIK,2023,2023-10-12,pik_3437,,E1,Gregory,552,2438,2048,1365,910,780,683,617,617,553,553,552,585,1495,1008,845,748,683,683,650,650,650,683,0.63,1.42,1.89,2.26,2.57,2.57,2.75,2.75,2.75,2.57,0.13,0.17,0.14,0.17,0.2,0.2,0.31,0.31,0.32,0.33,2.5,813,975,2,1.5,0.98,0.98,0.77,0.09,0.1,0.08,0.09,0.1,0.1,0.15,0.15,0.15,0.14,0.52,0.57
PIK,2023,2023-10-12,pik_3484,,E1,Gregory,359,1406,1087,727,508,459,429,389,389,378,388,389,399,828,579,509,469,458,459,459,469,488,498,0.7,1.43,1.76,2,2.07,2.06,2.06,2,1.88,1.82,0.19,0.22,0.19,0.17,0.31,0.31,0.36,0.35,0.4,0.47,1.72,568,658,1.48,1.14,0.91,0.92,0.74,0.12,0.12,0.1,0.09,0.15,0.15,0.18,0.17,0.2,0.2,0.49,0.53
PIK,2023,2023-10-12,pik_3628,,E1,Gregory,521,2730,2374,1723,1073,910,812,715,683,651,618,650,618,1853,1203,975,877,813,748,748,780,715,748,0.47,1.27,1.8,2.11,2.36,2.65,2.65,2.5,2.82,2.65,0.09,0.17,0.11,0.13,0.22,0.16,0.24,0.38,0.17,0.4,2.84,846,1040,2.23,1.62,0.95,0.96,0.81,0.07,0.11,0.07,0.07,0.12,0.09,0.13,0.21,0.09,0.17,0.54,0.59
PIK,2023,2023-10-12,pik_373,,E2,Olivia,309,947,738,609,419,378,359,339,339,329,329,339,339,708,489,438,428,409,408,399,418,408,418,0.34,0.94,1.16,1.21,1.32,1.32,1.37,1.27,1.32,1.27,0.23,0.28,0.28,0.33,0.36,0.36,0.38,0.45,0.36,0.47,1.18,448,509,1.11,0.86,0.9,0.97,0.67,0.14,0.14,0.14,0.16,0.17,0.17,0.18,0.21,0.17,0.19,0.44,0.51
PIK,2023,2023-10-12,pik_3759,,E1,Gregory,650,2829,2243,1561,1138,943,846,781,748,747,748,715,715,1690,1203,1008,943,878,845,845,878,877,910,0.67,1.35,1.81,2,2.22,2.35,2.35,2.22,2.23,2.11,0.11,0.09,0.12,0.19,0.22,0.23,0.23,0.29,0.36,0.5,2.14,1007,1170,1.81,1.42,0.89,0.91,0.77,0.08,0.05,0.06,0.1,0.11,0.11,0.12,0.15,0.18,0.21,0.48,0.53
PIK,2023,2023-10-12,pik_3907,,E1,Gregory,618,1495,1333,1073,618,553,521,488,488,488,455,455,488,1073,683,586,553,521,520,521,488,520,520,0.39,1.19,1.55,1.7,1.87,1.88,1.87,2.06,1.88,1.88,0,0.24,0.16,0.17,0.19,0.19,0.19,0.21,0.38,0.25,1.73,553,618,1.7,1.42,0.68,0.85,0.59,0,0.1,0.06,0.06,0.06,0.06,0.06,0.07,0.12,0.06,0.24,0.32
PIK,2023,2023-10-12,pik_4006,,E1,Gregory,683,2113,1658,910,683,617,585,553,553,520,520,553,552,1008,715,683,618,585,585,585,617,618,618,1.1,1.96,2.09,2.42,2.61,2.61,2.61,2.42,2.42,2.42,0.19,0.11,0.24,0.14,0.15,0.15,0.3,0.41,0.28,0.4,2,813,910,1.6,1.32,0.81,0.83,0.68,0.1,0.04,0.1,0.05,0.05,0.05,0.11,0.16,0.11,0.11,0.36,0.39
PIK,2023,2023-10-12,pik_4025,,E1,Gregory,650,3316,2829,1821,1203,976,845,813,748,748,715,748,715,1918,1300,1040,943,878,878,911,943,943,943,0.73,1.55,2.19,2.52,2.78,2.78,2.64,2.52,2.52,2.52,0.07,0.12,0.11,0.19,0.14,0.28,0.34,0.45,0.38,0.54,2.96,1203,1528,1.76,1.17,0.95,0.98,0.8,0.05,0.07,0.06,0.1,0.07,0.15,0.18,0.24,0.21,0.24,0.57,0.64
PIK,2023,2023-10-12,pik_4043,,E1,Gregory,715,4324,3901,3088,1983,1593,1365,1267,1203,1203,1171,1170,1170,3219,2113,1723,1495,1398,1365,1333,1366,1366,1398,0.34,1.05,1.51,1.89,2.09,2.17,2.24,2.17,2.17,2.09,0.05,0.09,0.11,0.14,0.15,0.19,0.16,0.23,0.23,0.3,2.33,1560,1821,1.77,1.37,0.94,0.97,0.83,0.04,0.06,0.08,0.09,0.09,0.12,0.1,0.14,0.14,0.16,0.6,0.66
PIK,2023,2023-10-12,pik_4141,,E1,Gregory,683,3024,2406,1756,1171,943,813,780,781,747,780,813,813,1951,1301,1040,911,910,878,910,943,976,1008,0.55,1.32,1.91,2.32,2.32,2.44,2.32,2.21,2.1,2,0.15,0.17,0.17,0.21,0.28,0.22,0.35,0.33,0.32,0.4,1.96,1171,1365,1.58,1.22,0.93,0.98,0.77,0.1,0.1,0.09,0.11,0.14,0.11,0.18,0.17,0.17,0.19,0.53,0.6
PIK,2023,2023-10-12,pik_4199,,E1,Gregory,781,3804,3316,2828,1885,1593,1398,1268,1203,1138,1073,1073,1041,3088,2048,1723,1561,1398,1333,1300,1268,1268,1268,0.23,0.86,1.21,1.44,1.72,1.85,1.93,2,2,2,0.11,0.12,0.12,0.17,0.16,0.17,0.22,0.27,0.27,0.37,2.19,1463,1723,1.6,1.21,0.93,0.98,0.79,0.08,0.08,0.08,0.1,0.09,0.1,0.12,0.15,0.15,0.18,0.56,0.62
PIK,2023,2023-10-12,pik_4411,,E1,Gregory,553,2081,1658,1138,813,650,553,520,553,520,455,423,422,1268,878,715,650,617,617,585,585,521,520,0.64,1.37,1.91,2.2,2.37,2.37,2.56,2.56,2.99,3,0.16,0.14,0.19,0.32,0.35,0.23,0.25,0.51,0.46,0.5,2.93,617,780,2.37,1.67,1.05,1.15,0.73,0.1,0.07,0.09,0.15,0.16,0.1,0.11,0.22,0.19,0.19,0.47,0.58
PIK,2023,2023-10-12,pik_4460,,E1,Gregory,618,2438,1983,1235,813,651,618,618,585,618,650,650,650,1333,910,748,716,650,683,715,780,813,845,0.83,1.68,2.26,2.41,2.75,2.57,2.41,2.13,2,1.89,0.12,0.2,0.27,0.3,0.11,0.32,0.29,0.34,0.4,0.54,2.05,1040,1203,1.34,1.03,0.9,0.96,0.75,0.07,0.11,0.13,0.14,0.05,0.14,0.14,0.17,0.2,0.23,0.5,0.57
PIK,2023,2023-10-12,pik_4480,,E1,Gregory,682,2991,2471,1463,976,813,748,683,651,651,651,650,651,1560,1073,911,813,748,716,716,716,748,748,0.92,1.79,2.28,2.68,3,3.18,3.18,3.18,3,3,0.1,0.16,0.21,0.17,0.19,0.2,0.2,0.2,0.29,0.37,2.8,943,1138,2.17,1.63,0.87,0.91,0.77,0.06,0.09,0.11,0.08,0.09,0.09,0.09,0.09,0.13,0.13,0.45,0.51
PIK,2023,2023-10-12,pik_4739,,E1,Gregory,878,5885,5462,4779,2861,2275,1950,1788,1690,1658,1658,1625,1626,4844,2958,2340,2080,1918,1853,1853,1853,1853,1886,0.21,0.99,1.51,1.83,2.07,2.18,2.18,2.18,2.18,2.12,0.02,0.04,0.04,0.09,0.1,0.14,0.16,0.16,0.19,0.25,2.36,2178,2536,1.7,1.32,0.95,0.96,0.85,0.01,0.03,0.03,0.06,0.07,0.09,0.11,0.11,0.12,0.14,0.64,0.68
PIK,2023,2023-10-12,pik_4852,,E1,Gregory,715,4259,3803,2698,1691,1301,1106,975,910,877,845,845,845,2763,1756,1398,1171,1073,1008,942,943,976,975,0.54,1.43,2.05,2.64,2.97,3.23,3.52,3.52,3.36,3.37,0.03,0.06,0.11,0.1,0.16,0.18,0.13,0.2,0.25,0.31,3.5,1073,1301,2.97,2.27,0.87,0.95,0.83,0.02,0.04,0.07,0.06,0.09,0.1,0.07,0.1,0.13,0.13,0.48,0.57
PIK,2023,2023-10-12,pik_4893,,E1,Gregory,715,2926,2438,1528,1041,878,780,780,780,748,748,748,748,1658,1138,943,911,878,845,846,878,846,878,0.76,1.57,2.1,2.21,2.33,2.46,2.46,2.33,2.46,2.33,0.12,0.16,0.14,0.29,0.23,0.16,0.25,0.31,0.25,0.4,2.26,1040,1236,1.81,1.37,0.89,0.93,0.76,0.08,0.09,0.07,0.14,0.11,0.08,0.12,0.15,0.12,0.15,0.47,0.53
PIK,2023,2023-10-12,pik_619,,E2,Olivia,715,3674,3251,2048,1268,1040,943,845,845,846,845,845,813,2081,1301,1073,943,943,943,943,943,975,976,0.77,1.82,2.42,2.9,2.9,2.9,2.9,2.9,2.77,2.76,0.02,0.04,0.06,0,0.2,0.2,0.2,0.2,0.25,0.39,3,1171,1365,2.14,1.69,0.93,0.9,0.81,0.02,0.03,0.03,0,0.1,0.1,0.1,0.1,0.13,0.17,0.53,0.55
PIK,2023,2023-10-12,pik_910,,E2,Olivia,418,1555,1246,977,638,568,539,509,499,498,488,488,478,1126,748,668,628,618,618,618,628,618,629,0.38,1.08,1.33,1.48,1.52,1.52,1.52,1.48,1.52,1.47,0.2,0.26,0.28,0.27,0.34,0.37,0.37,0.43,0.4,0.54,1.61,708,807,1.2,0.93,0.89,0.93,0.73,0.13,0.15,0.15,0.14,0.18,0.19,0.19,0.22,0.21,0.24,0.49,0.54
PIK,2023,2023-10-12,pik_956,,E2,Olivia,439,1765,1416,907,618,558,538,518,499,489,508,509,518,1016,718,638,618,598,588,598,628,638,658,0.74,1.46,1.77,1.86,1.95,2,1.95,1.81,1.77,1.68,0.17,0.25,0.24,0.25,0.26,0.3,0.36,0.37,0.39,0.5,1.73,708,837,1.49,1.11,0.87,0.91,0.75,0.11,0.14,0.13,0.13,0.13,0.15,0.18,0.19,0.2,0.21,0.48,0.54
PIK,2023,2023-10-12,pik_960,,E2,Olivia,585,2503,2113,1495,1008,813,748,715,651,617,618,585,585,1658,1040,910,846,780,748,715,683,682,683,0.51,1.41,1.75,1.96,2.21,2.35,2.5,2.66,2.67,2.66,0.14,0.05,0.2,0.22,0.16,0.26,0.28,0.2,0.3,0.38,2.61,747,877,2.35,1.85,0.97,0.9,0.77,0.1,0.03,0.11,0.12,0.08,0.13,0.14,0.1,0.14,0.14,0.48,0.48
PIK,2023,2023-10-23,pik_1290,,E1,Qi,429,1565,1246,747,538,458,428,418,409,419,428,429,418,847,608,528,499,488,489,509,518,529,538,0.85,1.57,1.96,2.14,2.21,2.2,2.07,2.02,1.96,1.91,0.2,0.23,0.28,0.31,0.32,0.36,0.38,0.37,0.4,0.55,1.98,608,688,1.57,1.27,0.94,0.94,0.73,0.12,0.12,0.13,0.14,0.14,0.16,0.18,0.17,0.19,0.22,0.48,0.51
PIK,2023,2023-10-23,pik_13,,E1,Qi,488,2081,1821,1268,812,683,585,585,553,553,552,552,585,1332,845,715,683,650,650,618,650,650,683,0.56,1.46,1.91,2.05,2.2,2.2,2.37,2.2,2.2,2.05,0.07,0.07,0.08,0.28,0.2,0.3,0.21,0.3,0.3,0.3,2.11,780,910,1.67,1.29,0.98,1.03,0.77,0.05,0.04,0.04,0.14,0.1,0.15,0.11,0.15,0.15,0.14,0.54,0.61
PIK,2023,2023-10-23,pik_1306,,E1,Qi,585,2438,2048,1333,877,715,618,617,552,585,585,553,585,1430,942,780,715,650,650,650,682,650,650,0.7,1.59,2.13,2.41,2.75,2.75,2.75,2.57,2.75,2.75,0.1,0.13,0.17,0.28,0.11,0.33,0.22,0.3,0.33,0.29,2.5,813,976,2,1.5,0.86,0.95,0.76,0.07,0.07,0.08,0.14,0.05,0.15,0.1,0.14,0.15,0.1,0.44,0.53
PIK,2023,2023-10-23,pik_1436,,E1,Qi,520,1951,1560,1105,748,650,553,552,520,520,553,553,520,1268,813,715,683,617,618,618,650,716,683,0.54,1.4,1.73,1.86,2.16,2.16,2.16,2,1.72,1.86,0.2,0.15,0.18,0.39,0.23,0.34,0.34,0.31,0.45,0.56,2,780,943,1.5,1.07,0.87,0.97,0.73,0.13,0.08,0.09,0.19,0.11,0.16,0.16,0.15,0.23,0.24,0.46,0.55
PIK,2023,2023-10-23,pik_1620,,E1,Qi,391,910,715,455,358,293,292,293,293,292,293,293,292,487,390,325,325,358,325,357,325,325,357,0.87,1.33,1.8,1.8,1.54,1.8,1.55,1.8,1.8,1.55,0.16,0.23,0.31,0.32,0.53,0.31,0.53,0.31,0.31,0.5,1.45,390,455,1.33,1,0.92,1.07,0.57,0.07,0.08,0.1,0.1,0.18,0.1,0.18,0.1,0.1,0.18,0.33,0.43
PIK,2023,2023-10-23,pik_1711,,E1,Qi,369,1296,997,538,398,359,329,329,329,339,349,349,369,618,458,399,379,379,379,399,419,419,449,1.1,1.83,2.25,2.42,2.42,2.42,2.25,2.09,2.09,1.89,0.24,0.28,0.23,0.31,0.31,0.31,0.34,0.37,0.37,0.44,1.7,509,598,1.55,1.17,0.91,0.96,0.72,0.13,0.13,0.1,0.13,0.13,0.13,0.15,0.17,0.17,0.18,0.45,0.52
PIK,2023,2023-10-23,pik_1859,,E1,Qi,716,3479,3023,1560,1008,845,748,715,715,715,748,683,715,1625,1073,878,813,813,845,845,845,846,845,1.14,2.24,2.96,3.28,3.28,3.12,3.12,3.12,3.11,3.12,0.06,0.11,0.08,0.17,0.25,0.32,0.32,0.24,0.4,0.4,3.23,1040,1203,2.35,1.89,0.87,0.9,0.79,0.04,0.06,0.04,0.08,0.12,0.15,0.15,0.11,0.19,0.15,0.47,0.51
PIK,2023,2023-10-23,pik_1906,,E1,Qi,357,1138,910,552,390,325,325,325,325,325,325,357,357,617,455,390,390,390,390,390,390,390,423,0.84,1.5,1.92,1.92,1.92,1.92,1.92,1.92,1.92,1.69,0.19,0.31,0.39,0.39,0.39,0.39,0.39,0.39,0.2,0.4,1.55,455,553,1.5,1.06,0.76,0.92,0.69,0.11,0.14,0.17,0.17,0.17,0.17,0.17,0.17,0.08,0.16,0.36,0.47
PIK,2023,2023-10-23,pik_2043,,E1,Qi,239,448,339,250,200,190,190,179,179,190,190,189,200,299,220,210,199,209,219,220,220,219,230,0.5,1.04,1.13,1.25,1.14,1.05,1.04,1.04,1.05,0.95,0.44,0.3,0.33,0.16,0.5,0.61,0.45,0.45,0.46,0.5,0.69,240,259,0.87,0.73,0.78,0.68,0.47,0.16,0.09,0.1,0.05,0.14,0.18,0.14,0.14,0.14,0.13,0.25,0.23
PIK,2023,2023-10-23,pik_2155,,E1,Qi,650,3056,2633,1691,1073,942,812,813,780,747,780,780,780,1821,1170,975,910,877,910,910,910,943,942,0.68,1.61,2.13,2.36,2.48,2.36,2.36,2.36,2.24,2.24,0.1,0.14,0.06,0.21,0.14,0.27,0.34,0.27,0.32,0.38,2.38,1040,1235,1.94,1.47,0.95,0.92,0.79,0.07,0.08,0.03,0.11,0.07,0.14,0.18,0.14,0.17,0.17,0.53,0.55
PIK,2023,2023-10-23,pik_2168,,E1,Qi,553,3121,2763,1919,1171,911,845,748,748,715,748,716,716,2049,1236,1040,878,846,813,845,845,846,845,0.52,1.53,2,2.55,2.69,2.84,2.69,2.69,2.69,2.69,0.08,0.08,0.2,0.07,0.21,0.15,0.28,0.21,0.28,0.36,2.86,975,1073,2.2,1.91,0.9,0.94,0.82,0.06,0.05,0.12,0.04,0.12,0.08,0.15,0.11,0.15,0.15,0.53,0.58
PIK,2023,2023-10-23,pik_2274,,E1,Qi,319,728,549,389,289,259,259,259,259,259,259,259,269,429,319,299,299,299,299,299,319,319,319,0.7,1.28,1.43,1.43,1.43,1.43,1.43,1.28,1.28,1.28,0.22,0.26,0.39,0.39,0.39,0.39,0.39,0.52,0.52,0.56,1.04,359,399,1.03,0.82,0.79,0.91,0.56,0.09,0.09,0.13,0.13,0.13,0.13,0.13,0.19,0.19,0.16,0.31,0.38
PIK,2023,2023-10-23,pik_2441,,E1,Qi,379,1276,967,569,399,349,339,329,329,329,339,348,359,648,449,399,389,379,379,399,419,428,449,0.97,1.84,2.2,2.28,2.37,2.37,2.2,2.05,1.98,1.84,0.22,0.25,0.29,0.31,0.32,0.32,0.41,0.44,0.42,0.53,1.69,509,559,1.51,1.28,0.93,0.95,0.7,0.12,0.11,0.13,0.13,0.13,0.13,0.18,0.19,0.19,0.2,0.45,0.48
PIK,2023,2023-10-23,pik_2671,,E1,Qi,618,2146,1724,1008,683,618,553,553,521,521,553,553,585,1106,780,651,618,618,618,650,683,683,715,0.94,1.75,2.3,2.47,2.47,2.47,2.3,2.14,2.14,2,0.16,0.26,0.12,0.25,0.25,0.38,0.46,0.43,0.43,0.45,1.95,748,846,1.87,1.54,0.94,1.01,0.71,0.09,0.12,0.05,0.11,0.11,0.16,0.2,0.19,0.19,0.18,0.43,0.5
PIK,2023,2023-10-23,pik_2760,,E2,Gregory,748,1756,1430,910,682,650,618,617,585,618,618,618,618,975,748,715,650,650,650,683,682,715,715,0.8,1.35,1.46,1.7,1.7,1.7,1.57,1.57,1.46,1.46,0.16,0.24,0.26,0.15,0.15,0.3,0.28,0.27,0.38,0.5,1.31,780,812,1.25,1.16,0.89,0.83,0.57,0.07,0.09,0.09,0.05,0.05,0.1,0.1,0.09,0.14,0.14,0.33,0.32
PIK,2023,2023-10-23,pik_2811,,E2,Gregory,585,2926,2536,2048,1301,1105,975,878,846,781,748,780,715,2179,1398,1171,1040,943,878,845,846,846,845,0.34,1.09,1.5,1.81,2.1,2.33,2.46,2.46,2.46,2.46,0.08,0.11,0.09,0.11,0.12,0.07,0.14,0.22,0.15,0.36,2.55,943,1073,2.1,1.73,0.92,0.92,0.8,0.06,0.07,0.06,0.06,0.07,0.04,0.08,0.12,0.08,0.15,0.52,0.55
PIK,2023,2023-10-23,pik_2815,,E1,Qi,429,1895,1546,1017,678,569,518,508,509,519,518,528,539,1127,748,638,598,578,588,598,618,628,638,0.68,1.53,1.97,2.17,2.28,2.22,2.17,2.07,2.02,1.97,0.15,0.16,0.2,0.26,0.24,0.26,0.25,0.31,0.3,0.34,1.87,688,758,1.75,1.5,0.92,0.93,0.77,0.1,0.09,0.11,0.13,0.12,0.13,0.13,0.16,0.16,0.16,0.51,0.54
PIK,2023,2023-10-23,pik_2851,,E2,Gregory,715,2081,1625,845,585,553,553,552,552,520,553,553,552,877,682,618,618,617,617,650,650,650,650,1.37,2.05,2.37,2.37,2.37,2.37,2.2,2.2,2.2,2.2,0.08,0.37,0.29,0.29,0.29,0.29,0.54,0.4,0.4,0.43,1.94,715,812,1.91,1.56,0.92,1.03,0.66,0.04,0.14,0.11,0.11,0.11,0.11,0.2,0.15,0.15,0.15,0.36,0.44
PIK,2023,2023-10-23,pik_2922,,E2,Gregory,650,1918,1496,813,585,521,488,520,553,553,520,520,520,878,651,586,585,585,618,618,618,683,650,1.18,1.95,2.27,2.28,2.28,2.1,2.1,2.1,1.81,1.95,0.16,0.25,0.3,0.44,0.3,0.27,0.27,0.41,0.58,0.57,1.88,715,780,1.68,1.46,0.86,0.94,0.66,0.07,0.1,0.11,0.17,0.11,0.11,0.11,0.16,0.24,0.2,0.36,0.42
PIK,2023,2023-10-23,pik_2964,,E1,Qi,552,2243,1853,1463,943,813,715,650,650,617,618,585,618,1593,1007,845,780,715,683,682,683,683,683,0.41,1.23,1.65,1.88,2.14,2.28,2.29,2.28,2.28,2.28,0.12,0.11,0.07,0.16,0.18,0.1,0.2,0.2,0.3,0.25,2,748,845,2,1.65,0.86,0.86,0.75,0.08,0.06,0.04,0.08,0.09,0.05,0.1,0.1,0.14,0.1,0.43,0.46
PIK,2023,2023-10-23,pik_3118,,E2,Gregory,682,2503,2081,1301,845,747,650,650,618,585,585,618,585,1365,877,748,715,682,650,682,650,683,715,0.83,1.85,2.35,2.5,2.67,2.85,2.67,2.85,2.66,2.5,0.08,0.08,0,0.21,0.11,0.12,0.34,0.24,0.23,0.5,2.56,748,813,2.35,2.08,0.88,0.86,0.73,0.05,0.04,0,0.09,0.05,0.05,0.14,0.1,0.1,0.18,0.39,0.4
PIK,2023,2023-10-23,pik_3131,,E2,Gregory,715,2503,2016,1007,748,617,585,617,618,617,617,618,617,1073,813,715,683,715,715,747,747,747,747,1.33,2.08,2.5,2.66,2.5,2.5,2.35,2.35,2.35,2.35,0.12,0.18,0.33,0.35,0.33,0.33,0.41,0.41,0.4,0.57,2.27,845,975,1.96,1.57,0.92,0.95,0.71,0.06,0.08,0.14,0.14,0.14,0.14,0.17,0.17,0.17,0.17,0.42,0.47
PIK,2023,2023-10-23,pik_3192,,E2,Gregory,780,2374,1983,1171,845,716,683,683,716,683,683,683,715,1268,846,781,748,748,781,780,781,813,780,0.87,1.81,2.04,2.17,2.17,2.04,2.04,2.04,1.92,2.04,0.15,0,0.21,0.22,0.22,0.21,0.31,0.31,0.39,0.25,1.77,846,943,1.81,1.52,0.91,0.92,0.67,0.08,0,0.08,0.09,0.09,0.08,0.12,0.13,0.16,0.08,0.39,0.41
PIK,2023,2023-10-23,pik_3273,,E2,Gregory,650,2048,1626,911,651,585,520,521,521,520,521,553,553,975,716,586,553,586,586,585,650,650,651,1.1,1.86,2.49,2.7,2.49,2.49,2.5,2.15,2.15,2.15,0.13,0.21,0,0.16,0.29,0.29,0.29,0.49,0.37,0.5,1.94,781,846,1.62,1.42,0.93,0.9,0.68,0.07,0.09,0,0.06,0.11,0.11,0.11,0.2,0.15,0.15,0.42,0.42
PIK,2023,2023-10-23,pik_3282,,E2,Gregory,846,2569,2146,1170,812,780,715,715,715,715,715,715,747,1267,910,812,812,812,812,812,845,845,845,1.03,1.82,2.16,2.16,2.16,2.16,2.16,2.04,2.04,2.04,0.15,0.26,0.1,0.31,0.31,0.31,0.31,0.38,0.38,0.38,1.87,942,1072,1.73,1.4,0.89,0.92,0.67,0.08,0.11,0.04,0.12,0.12,0.12,0.12,0.15,0.15,0.12,0.38,0.42
PIK,2023,2023-10-23,pik_3321,,E2,Gregory,812,3283,2764,1463,942,812,748,780,780,780,780,780,748,1528,1007,877,877,878,877,910,910,910,878,1.15,2.26,2.74,2.74,2.74,2.74,2.61,2.61,2.61,2.74,0.07,0.13,0.17,0.33,0.25,0.25,0.31,0.31,0.31,0.44,2.7,1072,1202,2.06,1.73,0.91,0.97,0.75,0.04,0.06,0.07,0.15,0.11,0.11,0.14,0.14,0.14,0.15,0.45,0.51
PIK,2023,2023-10-23,pik_3356,,E2,Gregory,585,2016,1626,1106,780,650,585,585,552,552,552,553,553,1236,845,715,650,650,650,650,650,683,650,0.63,1.39,1.82,2.1,2.1,2.1,2.1,2.1,1.95,2.1,0.18,0.15,0.2,0.23,0.23,0.34,0.34,0.34,0.42,0.43,1.94,748,813,1.7,1.48,0.82,0.88,0.71,0.11,0.08,0.09,0.1,0.1,0.15,0.15,0.15,0.19,0.15,0.39,0.44
PIK,2023,2023-10-23,pik_3366,,E2,Gregory,478,1057,787,578,468,428,428,408,418,419,419,419,429,658,488,468,468,448,458,459,469,479,479,0.61,1.17,1.26,1.26,1.36,1.31,1.3,1.25,1.21,1.21,0.28,0.11,0.24,0.24,0.26,0.25,0.25,0.3,0.35,0.45,0.83,509,528,1.08,1,0.75,0.7,0.55,0.12,0.04,0.09,0.09,0.09,0.09,0.09,0.11,0.13,0.1,0.28,0.26
PIK,2023,2023-10-23,pik_3437,,E2,Gregory,748,2406,1951,1073,780,683,650,617,618,585,618,618,650,1170,845,748,715,682,715,715,715,748,748,1.06,1.85,2.22,2.37,2.53,2.37,2.37,2.37,2.22,2.22,0.16,0.18,0.21,0.23,0.25,0.34,0.46,0.34,0.43,0.43,2,910,975,1.64,1.47,0.86,0.85,0.69,0.08,0.08,0.09,0.09,0.1,0.14,0.18,0.14,0.17,0.13,0.39,0.4
PIK,2023,2023-10-23,pik_3484,,E2,Gregory,748,2146,1658,878,650,618,586,553,586,586,585,586,586,943,748,651,651,651,651,651,651,683,650,1.28,1.87,2.3,2.3,2.3,2.3,2.3,2.3,2.14,2.3,0.15,0.33,0.14,0.28,0.42,0.28,0.28,0.28,0.38,0.4,1.83,748,813,1.87,1.64,0.77,0.87,0.65,0.07,0.13,0.05,0.1,0.15,0.1,0.1,0.1,0.14,0.1,0.3,0.36
PIK,2023,2023-10-23,pik_3505,,E2,Gregory,617,1658,1268,813,585,520,488,455,456,456,456,488,455,878,650,553,488,520,488,488,521,521,553,0.89,1.55,2,2.4,2.19,2.4,2.4,2.18,2.18,2,0.16,0.25,0.17,0,0.36,0.2,0.2,0.36,0.18,0.6,1.79,586,618,1.83,1.68,0.89,0.82,0.63,0.07,0.1,0.06,0,0.12,0.07,0.07,0.12,0.06,0.18,0.33,0.32
PIK,2023,2023-10-23,pik_3628,,E2,Gregory,479,838,648,409,339,319,309,310,310,319,329,329,339,449,359,339,339,339,339,349,369,379,399,0.87,1.33,1.47,1.47,1.47,1.47,1.4,1.27,1.21,1.1,0.31,0.23,0.25,0.38,0.37,0.37,0.36,0.44,0.52,0.6,0.91,428,458,0.96,0.83,0.84,0.97,0.43,0.09,0.06,0.06,0.09,0.09,0.09,0.09,0.11,0.13,0.15,0.23,0.28
PIK,2023,2023-10-23,pik_3759,,E2,Gregory,553,1073,813,488,422,390,357,390,358,358,422,390,423,520,390,390,390,390,390,455,455,455,488,1.06,1.75,1.75,1.75,1.75,1.75,1.36,1.36,1.36,1.2,0.2,-0.32,0,0.33,0,0.32,0.75,0.25,0.5,0.5,0.92,520,552,1.06,0.94,0.8,0.9,0.48,0.06,-0.08,0,0.08,0,0.08,0.21,0.07,0.14,0.13,0.25,0.29
PIK,2023,2023-10-23,pik_3907,,E2,Gregory,520,1236,1008,650,455,390,358,390,390,390,390,390,390,682,488,455,455,422,422,422,455,423,455,0.81,1.53,1.72,1.72,1.93,1.93,1.93,1.72,1.92,1.72,0.11,0.19,0.42,0.63,0.24,0.24,0.24,0.42,0.24,0.5,1.58,552,585,1.24,1.11,0.93,0.84,0.58,0.05,0.07,0.14,0.21,0.08,0.08,0.08,0.14,0.08,0.14,0.35,0.33
PIK,2023,2023-10-23,pik_3967,,E1,Qi,423,1593,1268,943,585,520,488,455,456,456,456,422,488,1041,682,618,585,520,521,520,520,520,520,0.53,1.34,1.58,1.72,2.06,2.06,2.06,2.06,2.06,2.06,0.15,0.26,0.31,0.33,0.26,0.26,0.26,0.26,0.4,0.16,1.6,553,650,1.88,1.45,0.84,0.85,0.73,0.09,0.14,0.16,0.17,0.12,0.12,0.12,0.12,0.19,0.06,0.41,0.45
PIK,2023,2023-10-23,pik_4006,,E2,Gregory,812,2535,2048,1235,845,747,682,650,618,650,618,617,617,1365,910,812,747,715,683,683,683,682,683,0.86,1.79,2.12,2.39,2.55,2.71,2.71,2.71,2.72,2.71,0.18,0.17,0.2,0.23,0.24,0.26,0.13,0.26,0.26,0.34,2.32,780,845,2.25,2,0.84,0.74,0.68,0.1,0.07,0.08,0.09,0.09,0.1,0.05,0.1,0.1,0.1,0.33,0.31
PIK,2023,2023-10-23,pik_4025,,E2,Gregory,910,3706,3121,1625,1041,878,845,813,845,846,846,813,813,1691,1106,976,943,975,975,976,976,975,976,1.19,2.35,2.8,2.93,2.8,2.8,2.8,2.8,2.8,2.8,0.07,0.12,0.22,0.24,0.37,0.3,0.3,0.3,0.37,0.42,2.84,1171,1333,2.16,1.78,0.96,0.98,0.75,0.04,0.06,0.1,0.1,0.17,0.13,0.13,0.13,0.17,0.17,0.47,0.51
PIK,2023,2023-10-23,pik_4043,,E2,Gregory,781,2569,2048,1137,780,683,617,618,618,618,650,650,650,1235,845,747,682,715,715,748,747,780,812,1.08,2.04,2.44,2.77,2.59,2.59,2.43,2.44,2.29,2.16,0.15,0.18,0.21,0.25,0.35,0.35,0.43,0.32,0.41,0.55,2.15,910,1040,1.82,1.47,0.96,0.98,0.7,0.08,0.08,0.09,0.1,0.14,0.14,0.17,0.13,0.17,0.2,0.43,0.47
PIK,2023,2023-10-23,pik_4086,,E1,Qi,429,1256,948,589,429,389,368,359,349,349,359,349,358,668,469,429,409,389,389,389,399,409,418,0.88,1.68,1.93,2.07,2.23,2.23,2.23,2.15,2.07,2,0.23,0.2,0.23,0.26,0.21,0.28,0.28,0.26,0.38,0.51,1.65,459,509,1.74,1.47,0.79,0.9,0.66,0.12,0.09,0.09,0.1,0.08,0.1,0.1,0.1,0.15,0.14,0.33,0.39
PIK,2023,2023-10-23,pik_4141,,E2,Gregory,812,2568,2178,1333,878,748,715,650,618,650,618,650,650,1366,910,813,747,715,683,715,715,747,748,0.88,1.82,2.16,2.44,2.59,2.76,2.59,2.59,2.44,2.43,0.05,0.08,0.2,0.11,0.24,0.26,0.24,0.36,0.34,0.43,2.35,813,942,2.16,1.73,0.79,0.86,0.68,0.02,0.04,0.08,0.04,0.09,0.1,0.09,0.14,0.13,0.13,0.32,0.38
PIK,2023,2023-10-23,pik_4199,,E2,Gregory,748,2829,2341,1593,1041,878,813,781,715,716,715,715,683,1723,1171,976,878,845,846,780,780,780,780,0.64,1.42,1.9,2.22,2.35,2.34,2.63,2.63,2.63,2.63,0.12,0.21,0.21,0.16,0.17,0.34,0.19,0.19,0.19,0.37,2.43,845,975,2.35,1.9,0.85,0.88,0.74,0.08,0.11,0.1,0.07,0.08,0.15,0.08,0.08,0.08,0.12,0.38,0.43
PIK,2023,2023-10-23,pik_4231,,E1,Qi,520,1983,1691,1268,813,650,618,585,585,553,585,585,552,1333,878,748,715,650,683,650,650,650,683,0.49,1.26,1.65,1.77,2.05,1.9,2.05,2.05,2.05,1.9,0.07,0.13,0.25,0.27,0.21,0.29,0.31,0.21,0.21,0.45,2.06,715,813,1.77,1.44,0.9,0.9,0.74,0.05,0.07,0.13,0.14,0.1,0.14,0.15,0.1,0.1,0.19,0.45,0.48
PIK,2023,2023-10-23,pik_425,,E1,Qi,520,1821,1496,975,650,553,520,488,488,488,488,520,521,1073,715,618,585,585,553,586,586,618,586,0.7,1.55,1.95,2.11,2.11,2.29,2.11,2.11,1.95,2.11,0.15,0.18,0.23,0.25,0.37,0.27,0.37,0.37,0.35,0.28,1.87,683,813,1.67,1.24,0.98,0.91,0.71,0.09,0.09,0.11,0.11,0.17,0.12,0.17,0.17,0.16,0.11,0.48,0.48
PIK,2023,2023-10-23,pik_4393,,E1,Qi,369,838,628,459,339,319,299,299,299,309,309,309,309,509,379,349,339,329,339,349,349,349,359,0.65,1.21,1.4,1.47,1.55,1.47,1.4,1.4,1.4,1.33,0.23,0.29,0.25,0.35,0.27,0.35,0.33,0.33,0.33,0.5,1.03,399,429,1.1,0.95,0.8,0.83,0.56,0.1,0.11,0.09,0.12,0.09,0.12,0.11,0.11,0.11,0.14,0.3,0.33
PIK,2023,2023-10-23,pik_4401,,E1,Qi,319,668,519,379,289,269,249,259,259,259,269,259,269,419,309,299,289,279,289,289,299,299,309,0.59,1.16,1.23,1.31,1.39,1.31,1.31,1.23,1.23,1.16,0.23,0.19,0.31,0.43,0.23,0.32,0.32,0.31,0.41,0.5,0.93,329,359,1.03,0.86,0.87,0.9,0.52,0.1,0.06,0.1,0.14,0.07,0.1,0.1,0.1,0.13,0.13,0.3,0.33
PIK,2023,2023-10-23,pik_4411,,E2,Gregory,520,1138,845,520,390,357,390,390,390,422,390,423,422,553,455,422,423,455,455,487,455,487,487,1.06,1.5,1.7,1.69,1.5,1.5,1.34,1.5,1.34,1.34,0.16,0.44,0.5,0.25,0.44,0.44,0.4,0.44,0.39,0.5,1,520,552,1.19,1.06,0.89,0.8,0.54,0.06,0.14,0.15,0.08,0.14,0.14,0.13,0.14,0.13,0.13,0.31,0.29
PIK,2023,2023-10-23,pik_4460,,E2,Gregory,683,3446,2991,1853,1138,910,780,748,748,748,781,813,845,1918,1203,976,910,845,878,911,943,976,976,0.8,1.86,2.53,2.79,3.08,2.92,2.78,2.65,2.53,2.53,0.05,0.09,0.13,0.28,0.23,0.29,0.35,0.33,0.31,0.34,2.54,1203,1430,1.86,1.41,0.92,0.94,0.8,0.03,0.05,0.07,0.14,0.11,0.15,0.18,0.17,0.17,0.13,0.54,0.59
PIK,2023,2023-10-23,pik_4480,,E2,Gregory,618,1951,1529,910,617,553,520,520,520,520,520,520,553,1040,715,618,585,585,617,585,618,617,650,0.88,1.73,2.16,2.34,2.34,2.16,2.34,2.16,2.16,2,0.23,0.31,0.26,0.28,0.28,0.39,0.28,0.39,0.39,0.43,1.76,715,780,1.73,1.5,1.03,0.9,0.68,0.12,0.14,0.11,0.11,0.11,0.16,0.11,0.16,0.16,0.15,0.45,0.42
PIK,2023,2023-10-23,pik_4651,,E1,Qi,389,1037,818,539,389,359,349,339,349,339,349,359,358,609,419,389,389,389,389,399,409,419,418,0.7,1.47,1.67,1.67,1.67,1.67,1.6,1.54,1.47,1.48,0.23,0.18,0.2,0.27,0.33,0.27,0.38,0.37,0.36,0.47,1.28,458,488,1.26,1.12,0.92,0.83,0.62,0.11,0.07,0.08,0.1,0.13,0.1,0.15,0.15,0.14,0.14,0.39,0.37
PIK,2023,2023-10-23,pik_4739,,E2,Gregory,943,5852,5429,4454,2633,2113,1853,1723,1691,1593,1528,1496,1431,4617,2829,2308,2048,1950,1951,1918,1853,1821,1821,0.27,1.07,1.54,1.86,2,2,2.05,2.16,2.21,2.21,0.04,0.1,0.13,0.15,0.18,0.21,0.27,0.28,0.29,0.41,2.79,2535,3186,1.31,0.84,0.94,0.98,0.84,0.04,0.07,0.08,0.1,0.12,0.13,0.17,0.18,0.18,0.21,0.65,0.72
PIK,2023,2023-10-23,pik_4784,,E1,Qi,399,1815,1476,1117,718,618,548,518,489,469,459,459,448,1256,817,698,638,598,588,568,559,558,558,0.45,1.22,1.6,1.84,2.04,2.09,2.2,2.25,2.25,2.25,0.16,0.2,0.2,0.25,0.25,0.31,0.33,0.34,0.34,0.44,2.29,629,758,1.89,1.39,0.92,0.95,0.78,0.11,0.12,0.11,0.14,0.13,0.17,0.17,0.18,0.18,0.2,0.51,0.57
PIK,2023,2023-10-23,pik_4816,,E1,Qi,319,698,539,359,269,259,250,249,249,260,249,269,259,379,290,290,290,289,289,299,299,309,309,0.84,1.41,1.41,1.41,1.42,1.42,1.33,1.33,1.26,1.26,0.13,0.22,0.32,0.42,0.42,0.42,0.39,0.5,0.38,0.56,1.08,359,389,0.94,0.79,0.88,0.9,0.54,0.05,0.07,0.11,0.14,0.14,0.14,0.13,0.17,0.13,0.16,0.33,0.36
PIK,2023,2023-10-23,pik_4852,,E2,Gregory,748,2308,1853,943,683,617,585,585,617,618,618,650,650,1040,748,682,618,650,682,682,748,747,813,1.22,2.09,2.38,2.73,2.55,2.38,2.38,2.09,2.09,1.84,0.19,0.22,0.25,0.15,0.27,0.25,0.25,0.43,0.32,0.5,1.85,910,975,1.54,1.37,0.87,0.93,0.68,0.09,0.09,0.1,0.05,0.1,0.1,0.09,0.17,0.13,0.2,0.39,0.43
PIK,2023,2023-10-23,pik_4893,,E2,Gregory,716,1821,1528,845,650,617,585,553,552,585,585,585,585,943,715,650,617,618,618,617,650,650,682,0.93,1.55,1.8,1.95,1.95,1.95,1.95,1.8,1.8,1.67,0.23,0.24,0.14,0.15,0.31,0.31,0.15,0.28,0.28,0.5,1.61,780,878,1.33,1.07,0.94,0.87,0.61,0.1,0.09,0.05,0.05,0.11,0.11,0.05,0.1,0.1,0.14,0.37,0.37
PIK,2023,2023-10-23,pik_730,,E1,Qi,368,1745,1376,997,678,568,519,479,469,459,459,469,469,1116,747,648,598,558,549,539,548,558,578,0.56,1.34,1.69,1.92,2.13,2.18,2.24,2.18,2.13,2.02,0.15,0.15,0.21,0.24,0.26,0.27,0.28,0.3,0.29,0.42,1.93,648,737,1.69,1.37,0.9,0.95,0.79,0.11,0.09,0.12,0.13,0.14,0.15,0.15,0.16,0.16,0.19,0.52,0.58
PIK,2023,2023-10-24,pik_118,,E2,Gregory,845,3283,2666,1268,910,780,780,780,748,780,748,780,813,1398,1008,878,878,910,910,975,975,1008,1008,1.35,2.26,2.74,2.74,2.61,2.61,2.37,2.37,2.26,2.26,0.17,0.21,0.26,0.26,0.32,0.4,0.43,0.5,0.48,0.5,2.28,1170,1365,1.81,1.41,0.93,0.92,0.74,0.09,0.1,0.11,0.11,0.14,0.18,0.2,0.23,0.23,0.19,0.47,0.5
PIK,2023,2023-10-24,pik_122,,E2,Gregory,845,2666,2145,1203,943,845,813,812,813,780,813,780,813,1333,1008,943,943,911,943,976,976,943,975,1,1.64,1.83,1.83,1.93,1.83,1.73,1.73,1.83,1.73,0.19,0.14,0.24,0.32,0.26,0.32,0.46,0.38,0.4,0.45,1.64,1138,1236,1.34,1.16,0.96,0.95,0.68,0.1,0.06,0.1,0.14,0.11,0.14,0.2,0.17,0.17,0.17,0.46,0.47
PIK,2023,2023-10-24,pik_1530,,E2,Gregory,943,3089,2633,1138,845,748,682,715,715,748,748,747,748,1203,878,813,780,781,845,845,878,878,910,1.57,2.52,2.8,2.96,2.96,2.66,2.66,2.52,2.52,2.39,0.11,0.1,0.21,0.34,0.23,0.4,0.3,0.38,0.38,0.55,2.52,1300,1496,1.38,1.06,0.92,0.95,0.69,0.05,0.04,0.08,0.13,0.08,0.15,0.11,0.15,0.15,0.18,0.45,0.5
PIK,2023,2023-10-24,pik_1676,,E2,Gregory,617,1560,1301,715,553,520,487,520,520,552,553,553,585,780,552,552,552,585,617,617,650,618,650,1,1.83,1.83,1.83,1.67,1.53,1.53,1.4,1.52,1.4,0.19,-0.01,0.17,0.34,0.3,0.42,0.28,0.38,0.28,0.4,1.22,813,877,0.92,0.78,0.72,0.8,0.6,0.08,0,0.06,0.12,0.11,0.16,0.11,0.15,0.11,0.1,0.32,0.37
PIK,2023,2023-10-24,pik_1826,,E1,Qi,553,2081,1788,1008,683,552,488,455,455,488,520,520,520,1106,682,618,553,520,552,585,585,618,650,0.88,2.05,2.37,2.76,3,2.77,2.56,2.56,2.37,2.2,0.15,0,0.24,0.28,0.31,0.42,0.38,0.25,0.35,0.57,2.44,715,845,1.91,1.46,0.93,0.94,0.73,0.09,0,0.11,0.12,0.12,0.18,0.17,0.11,0.16,0.2,0.45,0.5
PIK,2023,2023-10-24,pik_1972,,E2,Gregory,682,2536,2178,1138,780,650,585,520,585,553,520,585,553,1365,877,780,715,650,715,650,715,683,715,0.86,1.89,2.25,2.55,2.9,2.55,2.9,2.55,2.71,2.55,0.28,0.23,0.37,0.42,0.49,0.42,0.36,0.63,0.34,0.5,2.94,943,1106,1.69,1.29,1.1,1.14,0.73,0.17,0.11,0.17,0.18,0.2,0.18,0.15,0.27,0.14,0.23,0.55,0.62
PIK,2023,2023-10-24,pik_2106,,E2,Gregory,715,3251,2828,1755,1138,910,780,780,780,845,845,813,812,1918,1301,1040,910,910,910,1008,1040,1008,1040,0.69,1.5,2.13,2.57,2.57,2.57,2.23,2.13,2.23,2.13,0.13,0.21,0.24,0.29,0.29,0.29,0.31,0.35,0.37,0.54,2.48,1398,1658,1.33,0.96,0.92,0.94,0.78,0.08,0.13,0.12,0.14,0.14,0.14,0.16,0.19,0.19,0.22,0.56,0.61
PIK,2023,2023-10-24,pik_2112,,E1,Qi,683,3511,3024,2048,1333,1106,943,878,846,845,846,878,878,2178,1431,1236,1073,975,975,976,1040,1040,1106,0.61,1.45,1.84,2.27,2.6,2.6,2.6,2.38,2.38,2.17,0.08,0.11,0.18,0.22,0.19,0.25,0.25,0.34,0.28,0.44,2.44,1333,1593,1.63,1.2,0.92,0.97,0.81,0.06,0.07,0.11,0.12,0.1,0.13,0.13,0.19,0.16,0.21,0.56,0.63
PIK,2023,2023-10-24,pik_2261,,E1,Qi,618,2926,2373,1593,1040,878,813,780,683,651,650,617,650,1788,1202,1040,942,877,878,878,845,813,780,0.64,1.43,1.81,2.11,2.34,2.33,2.33,2.46,2.6,2.75,0.16,0.22,0.27,0.25,0.21,0.42,0.49,0.44,0.47,0.4,2.65,910,1008,2.22,1.9,1.06,1.09,0.79,0.11,0.13,0.16,0.14,0.11,0.22,0.26,0.23,0.24,0.17,0.57,0.61
PIK,2023,2023-10-24,pik_2403,,E2,Gregory,813,3414,2991,1788,1170,1008,878,846,845,878,845,846,846,1886,1268,1073,975,976,975,975,975,1008,975,0.81,1.69,2.18,2.5,2.5,2.5,2.5,2.5,2.39,2.5,0.08,0.14,0.12,0.21,0.28,0.28,0.21,0.28,0.33,0.4,2.54,1170,1301,1.92,1.62,0.85,0.91,0.76,0.05,0.08,0.06,0.1,0.13,0.13,0.1,0.13,0.16,0.13,0.44,0.5
PIK,2023,2023-10-24,pik_30,,E2,Gregory,715,2731,2211,1138,780,683,617,585,618,650,618,650,682,1235,845,682,682,683,683,747,747,780,780,1.21,2.23,3,3,3,3,2.66,2.66,2.5,2.5,0.14,0.17,0,0.23,0.35,0.23,0.3,0.4,0.37,0.38,2.24,910,1008,2,1.71,0.88,0.89,0.74,0.08,0.08,0,0.1,0.14,0.1,0.13,0.17,0.17,0.13,0.43,0.45
PIK,2023,2023-10-24,pik_316,,E2,Gregory,813,3349,2829,1496,1008,813,747,748,748,780,812,813,812,1594,1040,910,845,845,910,943,943,942,975,1.1,2.22,2.68,2.96,2.96,2.68,2.55,2.55,2.56,2.43,0.1,0.06,0.23,0.26,0.26,0.39,0.37,0.3,0.29,0.39,2.48,1105,1236,2.03,1.71,0.99,0.98,0.76,0.06,0.03,0.11,0.12,0.11,0.18,0.17,0.14,0.14,0.17,0.5,0.53
PIK,2023,2023-10-24,pik_373,,E2,Gregory,877,2666,2080,1008,812,683,650,650,682,683,747,682,683,1041,813,748,715,682,747,780,813,812,813,1.56,2.28,2.56,2.73,2.91,2.57,2.42,2.28,2.28,2.28,0.07,0,0.24,0.26,0.14,0.24,0.33,0.21,0.42,0.57,2.05,1105,1268,1.41,1.1,0.84,0.89,0.67,0.03,0,0.09,0.09,0.05,0.09,0.12,0.08,0.16,0.16,0.38,0.44
PIK,2023,2023-10-24,pik_402,,E2,Gregory,813,2666,2210,1170,813,715,682,715,715,715,715,715,715,1236,878,780,748,747,813,813,845,878,878,1.16,2.04,2.42,2.56,2.57,2.28,2.28,2.16,2.04,2.04,0.1,0.17,0.21,0.23,0.11,0.29,0.29,0.37,0.43,0.5,2.09,1008,1106,1.64,1.41,0.91,0.97,0.7,0.05,0.07,0.08,0.09,0.04,0.12,0.12,0.15,0.19,0.19,0.42,0.47
PIK,2023,2023-10-24,pik_413,,E2,Gregory,813,2081,1691,813,586,553,553,553,553,520,585,585,585,845,618,585,586,585,618,650,682,682,715,1.46,2.37,2.56,2.55,2.56,2.37,2.2,2.05,2.05,1.91,0.1,0.16,0.18,0.18,0.18,0.33,0.61,0.42,0.42,0.57,1.89,845,943,1.46,1.21,0.89,0.92,0.61,0.04,0.05,0.05,0.06,0.05,0.11,0.2,0.14,0.14,0.18,0.35,0.38
PIK,2023,2023-10-24,pik_5256,,E1,Qi,618,1593,1268,715,520,455,423,422,423,456,455,455,487,747,552,488,488,455,488,488,487,553,553,1.13,1.89,2.26,2.26,2.5,2.26,2.26,2.27,1.88,1.88,0.1,0.16,0.21,0.41,0.23,0.41,0.2,0.2,0.5,0.4,1.6,651,747,1.45,1.13,0.89,1.02,0.61,0.04,0.06,0.07,0.13,0.07,0.13,0.07,0.07,0.18,0.12,0.35,0.44
PIK,2023,2023-10-24,pik_5334,,E1,Qi,418,1495,1107,678,469,399,369,339,329,339,339,349,359,758,519,449,409,379,369,379,389,409,419,0.97,1.88,2.33,2.66,2.94,3.05,2.94,2.84,2.66,2.57,0.19,0.2,0.26,0.24,0.27,0.28,0.27,0.32,0.35,0.5,2.08,519,608,1.88,1.46,0.82,0.9,0.72,0.11,0.1,0.11,0.1,0.11,0.11,0.11,0.13,0.15,0.14,0.39,0.46
PIK,2023,2023-10-24,pik_5366,,E1,Qi,438,1415,1067,608,438,399,379,359,369,359,369,379,389,688,498,448,429,419,419,429,439,449,469,1.06,1.84,2.16,2.3,2.38,2.38,2.3,2.22,2.15,2.02,0.22,0.27,0.26,0.29,0.36,0.3,0.4,0.39,0.38,0.53,1.74,538,618,1.63,1.29,0.81,0.91,0.69,0.12,0.12,0.11,0.12,0.14,0.12,0.16,0.16,0.16,0.17,0.37,0.45
PIK,2023,2023-10-24,pik_5408,,E1,Qi,488,1496,1170,585,423,391,358,391,358,390,357,357,390,683,488,423,423,390,391,423,423,455,488,1.19,2.07,2.54,2.54,2.84,2.83,2.54,2.54,2.29,2.07,0.3,0.33,0.21,0.42,-0.01,0.24,0.21,0.42,0.56,0.6,2,585,651,1.56,1.3,0.87,0.95,0.67,0.14,0.13,0.08,0.15,0,0.08,0.08,0.16,0.22,0.2,0.39,0.45
PIK,2023,2023-10-24,pik_5454,,E1,Qi,488,1431,1106,586,455,390,357,358,357,390,390,390,455,650,488,455,390,390,422,455,455,487,520,1.2,1.93,2.15,2.67,2.67,2.39,2.15,2.15,1.94,1.75,0.21,0.17,0.38,0.25,0.24,0.42,0.38,0.38,0.5,0.4,1.43,617,683,1.32,1.1,0.92,0.89,0.66,0.1,0.07,0.14,0.08,0.08,0.15,0.14,0.14,0.2,0.12,0.42,0.43
PIK,2023,2023-10-24,pik_5470,,E1,Qi,309,857,619,389,269,259,240,230,239,240,239,249,249,449,319,289,270,269,269,270,280,289,299,0.91,1.69,1.97,2.17,2.19,2.19,2.17,2.06,1.97,1.87,0.28,0.39,0.28,0.31,0.41,0.31,0.31,0.4,0.37,0.56,1.49,339,369,1.53,1.32,0.86,0.88,0.64,0.13,0.16,0.1,0.11,0.14,0.11,0.11,0.15,0.14,0.17,0.35,0.38
PIK,2023,2023-10-24,pik_5586,,E1,Qi,520,1365,1041,521,423,391,325,325,390,390,390,422,422,618,456,390,390,423,423,455,455,455,520,1.21,1.99,2.5,2.5,2.23,2.23,2,2,2,1.62,0.37,0.21,-0.01,0.53,0.69,0.23,0.41,0.41,0.21,0.5,1.47,585,650,1.33,1.1,1.08,1.03,0.62,0.16,0.07,0,0.17,0.23,0.08,0.14,0.14,0.07,0.19,0.44,0.45
PIK,2023,2023-10-24,pik_5589,,E1,Qi,618,2145,1821,1073,716,618,585,585,552,553,552,553,552,1138,781,683,650,650,618,617,650,682,683,0.88,1.75,2.14,2.3,2.3,2.47,2.48,2.3,2.15,2.14,0.1,0.18,0.22,0.23,0.23,0.26,0.25,0.35,0.43,0.5,2.3,780,975,1.75,1.2,0.88,0.94,0.71,0.06,0.08,0.1,0.1,0.1,0.11,0.1,0.15,0.19,0.19,0.42,0.5
PIK,2023,2023-10-24,pik_5617,,E1,Qi,379,1196,948,579,419,379,369,369,359,369,379,379,388,668,469,429,429,429,439,449,469,479,479,0.79,1.55,1.79,1.79,1.79,1.72,1.66,1.55,1.5,1.5,0.24,0.23,0.27,0.32,0.32,0.41,0.4,0.42,0.45,0.48,1.44,549,598,1.18,1,0.92,0.93,0.68,0.13,0.11,0.12,0.14,0.14,0.18,0.18,0.19,0.21,0.19,0.46,0.48
PIK,2023,2023-10-24,pik_5666,,E1,Qi,270,788,548,359,249,249,220,220,239,239,229,239,240,419,299,269,259,269,279,289,289,299,299,0.88,1.64,1.93,2.04,1.93,1.82,1.73,1.73,1.64,1.64,0.28,0.4,0.19,0.39,0.46,0.35,0.42,0.5,0.48,0.59,1.28,319,368,1.47,1.14,0.93,0.97,0.66,0.14,0.17,0.07,0.15,0.18,0.14,0.17,0.21,0.2,0.2,0.4,0.46
PIK,2023,2023-10-24,pik_619,,E2,Gregory,650,1951,1561,910,618,552,520,520,488,520,552,553,520,942,683,618,585,585,617,617,618,650,617,1.07,1.86,2.16,2.34,2.34,2.16,2.16,2.16,2,2.16,0.07,0.23,0.28,0.3,0.3,0.54,0.41,0.28,0.37,0.43,2,682,747,1.86,1.61,1.04,0.9,0.67,0.03,0.1,0.11,0.11,0.11,0.21,0.16,0.11,0.15,0.16,0.43,0.39
PIK,2023,2023-10-24,pik_739,,E2,Gregory,813,3348,2763,1690,1138,976,878,845,878,878,878,911,878,1820,1268,1073,1008,975,1008,1040,1073,1105,1106,0.84,1.64,2.12,2.32,2.43,2.32,2.22,2.12,2.03,2.03,0.11,0.19,0.18,0.27,0.28,0.27,0.32,0.36,0.35,0.5,2.15,1301,1496,1.57,1.24,0.91,0.97,0.76,0.07,0.1,0.09,0.13,0.13,0.13,0.16,0.18,0.18,0.21,0.5,0.56
PIK,2023,2023-10-24,pik_748,,E2,Gregory,1235,3413,3218,1853,1398,1268,1235,1203,1203,1170,1138,1170,1106,1951,1528,1365,1333,1333,1365,1333,1333,1333,1301,0.75,1.23,1.5,1.56,1.56,1.5,1.56,1.56,1.56,1.62,0.1,0.19,0.17,0.18,0.24,0.29,0.3,0.36,0.3,0.54,1.91,1691,1951,1.02,0.75,0.91,0.93,0.64,0.05,0.09,0.07,0.07,0.1,0.12,0.12,0.15,0.12,0.15,0.42,0.47
PIK,2023,2023-10-24,pik_910,,E2,Gregory,910,3576,3056,1691,1137,942,845,812,813,813,813,813,845,1756,1203,1007,942,910,910,910,943,975,975,1.04,1.97,2.55,2.8,2.93,2.93,2.93,2.79,2.67,2.67,0.06,0.11,0.14,0.24,0.25,0.25,0.25,0.32,0.37,0.36,2.62,1138,1236,2.14,1.89,0.89,0.89,0.75,0.04,0.05,0.06,0.1,0.11,0.11,0.11,0.14,0.17,0.13,0.43,0.45
PIK,2023,2023-10-24,pik_956,,E2,Gregory,878,3544,3024,1658,1073,910,845,845,845,845,878,846,845,1723,1171,975,943,975,975,1008,1008,1008,1008,1.06,2.03,2.63,2.76,2.63,2.63,2.52,2.52,2.52,2.52,0.06,0.17,0.15,0.23,0.29,0.29,0.35,0.28,0.35,0.46,2.58,1333,1593,1.66,1.22,0.87,0.92,0.75,0.04,0.08,0.07,0.1,0.13,0.13,0.16,0.13,0.16,0.16,0.46,0.53
PIK,2023,2023-10-24,pik_960,,E2,Gregory,585,1690,1333,748,552,487,487,488,487,520,520,520,520,845,585,552,552,553,552,553,585,585,618,1,1.89,2.06,2.06,2.06,2.06,2.06,1.89,1.89,1.73,0.24,0.14,0.31,0.31,0.31,0.31,0.16,0.28,0.28,0.5,1.56,683,715,1.47,1.36,0.99,0.92,0.65,0.11,0.06,0.12,0.12,0.12,0.12,0.06,0.11,0.11,0.16,0.43,0.41
PIK,2023,2023-10-24,pik_981,,E2,Gregory,813,2373,1788,846,585,520,520,553,520,553,553,586,618,910,618,585,585,585,618,650,683,683,715,1.61,2.84,3.06,3.06,3.06,2.84,2.65,2.47,2.47,2.32,0.17,0.16,0.35,0.35,0.17,0.48,0.43,0.53,0.4,0.43,1.89,846,943,1.8,1.52,0.95,0.96,0.66,0.07,0.05,0.11,0.11,0.05,0.16,0.15,0.19,0.14,0.14,0.38,0.41
PIK,2023,2023-10-24,pik_984,,E2,Gregory,845,2536,2210,1300,878,781,716,683,683,716,683,683,716,1333,910,845,781,781,748,780,781,813,845,0.9,1.79,2,2.25,2.25,2.39,2.25,2.25,2.12,2,0.05,0.08,0.19,0.22,0.33,0.23,0.22,0.33,0.41,0.5,2.09,1008,1138,1.52,1.23,0.87,0.97,0.67,0.02,0.04,0.08,0.08,0.13,0.09,0.08,0.13,0.16,0.15,0.39,0.46
PIK,2023,2023-11-14,pik_118,,E2,Gregory,780,2438,2146,1853,1170,975,877,780,748,715,715,682,682,1918,1203,1040,910,845,813,780,780,747,780,0.27,1.03,1.34,1.68,1.89,2,2.13,2.13,2.26,2.13,0.05,0.05,0.13,0.08,0.18,0.19,0.21,0.21,0.22,0.38,2.15,845,910,1.89,1.68,0.91,0.81,0.68,0.03,0.03,0.06,0.04,0.08,0.08,0.08,0.08,0.09,0.13,0.38,0.36
PIK,2023,2023-11-14,pik_122,,E2,Gregory,650,1820,1593,1333,812,650,585,585,520,520,520,520,520,1398,877,683,650,585,585,552,585,552,585,0.3,1.08,1.66,1.8,2.11,2.11,2.3,2.11,2.3,2.11,0.08,0.16,0.12,0.26,0,0.3,0.16,0.3,0.16,0.4,2.06,618,715,1.94,1.55,0.7,0.88,0.64,0.05,0.07,0.05,0.1,0,0.11,0.06,0.11,0.06,0.11,0.26,0.36
PIK,2023,2023-11-14,pik_1290,,E2,Gregory,715,1821,1561,1235,780,683,618,585,553,553,552,553,520,1300,878,715,651,650,585,585,585,585,618,0.4,1.07,1.55,1.8,1.8,2.11,2.11,2.11,2.11,1.95,0.1,0.26,0.12,0.14,0.28,0.16,0.16,0.17,0.16,0.5,2,683,780,1.67,1.33,0.78,0.84,0.61,0.05,0.11,0.04,0.05,0.1,0.05,0.05,0.06,0.05,0.16,0.29,0.33
PIK,2023,2023-11-14,pik_13,,E2,Gregory,209,339,309,299,229,199,190,190,170,169,169,169,169,329,249,209,200,190,190,189,189,169,179,0.03,0.36,0.62,0.69,0.78,0.78,0.79,0.79,1.01,0.89,0.24,0.26,0.17,0.19,0,0.41,0.41,0.41,0,0.25,0.83,189,209,0.79,0.62,0.82,0.86,0.38,0.09,0.08,0.05,0.05,0,0.11,0.11,0.11,0,0.06,0.21,0.24
PIK,2023,2023-11-14,pik_1306,,E2,Gregory,650,1950,1756,1625,1073,910,813,780,748,715,683,650,650,1723,1171,976,910,845,813,780,780,780,780,0.13,0.67,1,1.14,1.31,1.4,1.5,1.5,1.5,1.5,0.09,0.15,0.14,0.22,0.17,0.18,0.19,0.28,0.38,0.44,1.7,813,878,1.4,1.22,0.88,0.86,0.67,0.06,0.08,0.07,0.11,0.08,0.08,0.08,0.12,0.17,0.17,0.4,0.41
PIK,2023,2023-11-14,pik_1436,,E2,Gregory,878,2796,2666,2504,1691,1398,1268,1171,1105,1073,1008,1008,942,2536,1756,1463,1333,1236,1170,1138,1073,1040,1040,0.1,0.59,0.91,1.1,1.26,1.39,1.46,1.61,1.69,1.69,0.02,0.06,0.08,0.1,0.11,0.12,0.12,0.13,0.07,0.25,1.83,1040,1138,1.69,1.46,0.84,0.85,0.69,0.01,0.04,0.04,0.05,0.05,0.06,0.06,0.06,0.03,0.09,0.38,0.4
PIK,2023,2023-11-14,pik_1530,,E2,Gregory,878,2211,1951,1463,877,747,682,617,585,585,553,553,553,1495,910,780,683,682,650,618,618,618,618,0.48,1.43,1.83,2.24,2.24,2.4,2.58,2.58,2.58,2.58,0.04,0.09,0.12,0,0.3,0.32,0.18,0.35,0.35,0.5,2.53,715,845,2.09,1.62,0.69,0.84,0.6,0.02,0.04,0.04,0,0.1,0.1,0.05,0.11,0.11,0.11,0.23,0.31
PIK,2023,2023-11-14,pik_1620,,E2,Gregory,299,588,488,458,329,269,239,239,239,219,209,220,230,518,358,289,279,279,259,249,249,249,239,0.14,0.64,1.03,1.11,1.11,1.27,1.36,1.36,1.36,1.46,0.25,0.22,0.21,0.46,0.46,0.26,0.41,0.55,0.4,0.22,1.12,269,279,1.19,1.11,0.96,0.8,0.49,0.12,0.08,0.07,0.14,0.14,0.08,0.12,0.16,0.12,0.04,0.29,0.25
PIK,2023,2023-11-14,pik_1676,,E2,Gregory,534,0,0,0,0,0,0,0,0,0,0,0,0,0,0,0,0,0,0,0,0,0,0,0,0,0,0,0,0,0,0,0,0,0,0,0,0,0,0,0,0,0,0,0,0,0,0,0,0,0,0,0,0,0,0,0,0,0,0,0,0,0,0
PIK,2023,2023-11-14,pik_1826,,E2,Gregory,469,977,857,767,499,439,389,379,369,349,339,329,329,827,539,459,429,399,389,369,359,359,359,0.18,0.81,1.13,1.28,1.45,1.51,1.65,1.72,1.72,1.72,0.15,0.2,0.13,0.29,0.16,0.17,0.19,0.2,0.29,0.38,1.6,379,418,1.58,1.34,0.71,0.75,0.52,0.07,0.07,0.04,0.09,0.05,0.05,0.05,0.06,0.08,0.08,0.21,0.24
PIK,2023,2023-11-14,pik_1906,,E2,Gregory,1073,2861,2536,2048,1235,1040,877,812,780,780,748,747,715,2080,1301,1072,942,877,878,812,780,812,780,0.38,1.2,1.67,2.04,2.26,2.26,2.52,2.67,2.52,2.67,0.03,0.12,0.08,0.19,0.22,0.33,0.12,0.13,0.25,0.34,2.55,846,1008,2.38,1.84,0.82,0.87,0.62,0.02,0.05,0.03,0.07,0.07,0.11,0.04,0.04,0.08,0.08,0.27,0.32
PIK,2023,2023-11-14,pik_1972,,E2,Gregory,715,2861,2536,2341,1560,1268,1106,1008,943,878,845,846,781,2438,1658,1333,1171,1073,1008,943,910,878,878,0.17,0.73,1.15,1.44,1.67,1.84,2.03,2.14,2.26,2.26,0.06,0.09,0.08,0.1,0.11,0.13,0.14,0.15,0.08,0.3,2.25,911,975,2.14,1.93,0.88,0.79,0.75,0.04,0.06,0.05,0.06,0.06,0.06,0.07,0.07,0.04,0.11,0.43,0.4
PIK,2023,2023-11-14,pik_2043,,E2,Gregory,439,867,758,728,508,438,388,369,359,349,339,339,319,798,548,468,419,408,389,379,369,359,369,0.09,0.58,0.85,1.07,1.12,1.23,1.29,1.35,1.42,1.35,0.19,0.19,0.19,0.23,0.3,0.25,0.26,0.28,0.19,0.56,1.38,369,418,1.35,1.07,0.74,0.74,0.49,0.09,0.07,0.06,0.07,0.1,0.08,0.08,0.08,0.06,0.14,0.22,0.24
PIK,2023,2023-11-14,pik_2112,,E2,Gregory,650,1755,1496,1268,780,650,617,585,552,520,487,487,520,1365,845,715,682,617,617,552,585,552,585,0.29,1.08,1.45,1.57,1.84,1.84,2.18,2,2.18,2,0.12,0.17,0.22,0.24,0.14,0.28,0.17,0.46,0.34,0.4,1.88,617,650,1.84,1.7,0.84,0.65,0.63,0.07,0.08,0.09,0.1,0.05,0.11,0.06,0.17,0.12,0.11,0.32,0.25
PIK,2023,2023-11-14,pik_2261,,E2,Gregory,747,2698,2471,2113,1333,1105,975,878,845,813,780,781,748,2178,1430,1171,1040,943,911,878,878,846,846,0.24,0.89,1.3,1.59,1.86,1.96,2.07,2.07,2.19,2.19,0.04,0.12,0.11,0.12,0.14,0.15,0.16,0.24,0.17,0.33,2.3,878,943,2.07,1.86,0.89,0.87,0.72,0.03,0.07,0.06,0.06,0.07,0.07,0.07,0.11,0.08,0.12,0.41,0.41
PIK,2023,2023-11-14,pik_2274,,E2,Gregory,419,688,638,598,428,368,339,329,309,309,309,299,309,628,459,388,369,349,339,329,329,329,339,0.1,0.5,0.77,0.86,0.97,1.03,1.09,1.09,1.09,1.03,0.13,0.23,0.19,0.32,0.23,0.37,0.26,0.26,0.39,0.43,1.06,349,389,0.97,0.77,0.82,0.77,0.39,0.05,0.07,0.05,0.08,0.06,0.09,0.06,0.06,0.09,0.09,0.2,0.21
PIK,2023,2023-11-14,pik_2403,,E2,Gregory,419,897,728,638,449,399,369,349,339,329,319,329,339,698,488,419,389,379,369,369,349,359,369,0.29,0.84,1.14,1.31,1.37,1.43,1.43,1.57,1.5,1.43,0.18,0.21,0.14,0.16,0.24,0.25,0.34,0.28,0.27,0.33,1.15,379,409,1.37,1.19,0.73,0.79,0.53,0.09,0.08,0.05,0.05,0.08,0.08,0.11,0.09,0.08,0.08,0.24,0.27
PIK,2023,2023-11-14,pik_2671,,E1,Diery,398,1077,937,877,588,508,458,439,429,418,409,409,399,977,658,558,518,498,489,478,468,469,468,0.1,0.64,0.93,1.08,1.16,1.2,1.25,1.3,1.3,1.3,0.17,0.21,0.19,0.26,0.27,0.28,0.29,0.3,0.3,0.41,1.35,488,539,1.21,1,0.84,0.93,0.63,0.1,0.11,0.09,0.12,0.12,0.12,0.13,0.13,0.13,0.15,0.37,0.43
PIK,2023,2023-11-14,pik_2811,,E1,Diery,259,777,678,668,508,428,388,379,368,359,369,359,359,777,588,498,448,448,428,419,419,429,429,0,0.32,0.56,0.73,0.73,0.82,0.85,0.85,0.81,0.81,0.21,0.23,0.25,0.25,0.29,0.27,0.28,0.23,0.31,0.37,0.89,439,489,0.77,0.59,0.85,0.95,0.67,0.14,0.14,0.14,0.13,0.15,0.14,0.14,0.12,0.16,0.16,0.45,0.53
PIK,2023,2023-11-14,pik_2815,,E1,Diery,349,888,798,788,758,707,688,668,658,639,628,618,608,908,868,827,787,767,758,738,727,718,708,-0.02,0.02,0.07,0.13,0.16,0.17,0.2,0.22,0.24,0.25,0.22,0.21,0.25,0.22,0.23,0.23,0.24,0.24,0.25,0.29,0.31,717,737,0.24,0.2,0.92,0.96,0.61,0.13,0.13,0.15,0.13,0.13,0.13,0.13,0.14,0.14,0.14,0.51,0.54
PIK,2023,2023-11-14,pik_2922,,E1,Diery,650,1756,1496,1398,943,748,715,651,618,618,586,618,553,1528,976,845,748,716,716,683,650,683,650,0.15,0.8,1.08,1.35,1.45,1.45,1.57,1.7,1.57,1.7,0.14,0.07,0.25,0.1,0.22,0.33,0.24,0.25,0.24,0.43,1.71,715,846,1.46,1.08,0.89,0.94,0.63,0.09,0.03,0.11,0.04,0.09,0.14,0.1,0.1,0.1,0.15,0.36,0.42
PIK,2023,2023-11-14,pik_2964,,E1,Diery,309,947,628,598,419,358,319,309,299,289,289,289,279,678,479,418,369,359,349,339,339,329,319,0.4,0.98,1.27,1.57,1.64,1.71,1.79,1.79,1.88,1.97,0.2,0.25,0.3,0.3,0.32,0.33,0.35,0.35,0.29,0.34,1.25,339,369,1.79,1.57,1.03,1.03,0.67,0.12,0.13,0.14,0.14,0.14,0.14,0.15,0.15,0.12,0.13,0.44,0.46
PIK,2023,2023-11-14,pik_30,,E2,Gregory,469,828,708,599,409,349,329,319,309,299,299,289,299,628,429,369,339,329,319,319,309,309,309,0.32,0.93,1.24,1.44,1.52,1.6,1.6,1.68,1.68,1.68,0.13,0.16,0.21,0.12,0.13,0.14,0.28,0.15,0.29,0.2,1.37,339,369,1.44,1.24,0.49,0.75,0.43,0.05,0.05,0.05,0.03,0.03,0.03,0.06,0.03,0.06,0.03,0.12,0.19
PIK,2023,2023-11-14,pik_3118,,E1,Diery,339,818,728,698,518,429,399,369,349,339,329,339,309,798,558,468,429,409,399,378,379,369,359,0.03,0.47,0.75,0.91,1,1.05,1.16,1.16,1.22,1.28,0.22,0.15,0.19,0.16,0.24,0.31,0.26,0.33,0.21,0.42,1.36,369,399,1.22,1.05,0.84,0.92,0.59,0.13,0.07,0.08,0.07,0.1,0.13,0.1,0.13,0.08,0.14,0.33,0.38
PIK,2023,2023-11-14,pik_3131,,E1,Diery,289,688,538,508,389,339,309,309,299,309,299,289,299,588,439,389,379,349,349,349,349,349,359,0.17,0.57,0.77,0.82,0.97,0.97,0.97,0.97,0.97,0.92,0.25,0.24,0.29,0.43,0.28,0.35,0.28,0.35,0.42,0.46,0.8,369,389,0.86,0.77,0.89,0.94,0.58,0.14,0.11,0.13,0.18,0.11,0.14,0.11,0.14,0.17,0.17,0.38,0.41
PIK,2023,2023-11-14,pik_316,,E2,Gregory,489,808,718,638,439,369,359,339,319,319,319,329,319,668,449,379,369,349,339,339,339,329,329,0.21,0.8,1.13,1.19,1.32,1.38,1.38,1.38,1.46,1.46,0.13,0.08,0.11,0.12,0.13,0.27,0.27,0.27,0,0.2,1.25,349,379,1.32,1.13,0.65,0.79,0.39,0.04,0.02,0.03,0.03,0.03,0.06,0.06,0.06,0,0.03,0.14,0.18
PIK,2023,2023-11-14,pik_3273,,E1,Diery,240,618,529,519,399,349,329,319,319,299,309,299,290,619,469,419,399,399,389,379,369,369,349,0,0.32,0.47,0.55,0.55,0.59,0.63,0.67,0.67,0.77,0.26,0.27,0.32,0.35,0.4,0.36,0.43,0.34,0.39,0.4,0.82,378,398,0.63,0.55,0.97,0.89,0.61,0.16,0.15,0.17,0.18,0.2,0.18,0.21,0.16,0.19,0.17,0.47,0.45
PIK,2023,2023-11-14,pik_3356,,E1,Diery,520,1463,1301,1203,845,716,651,585,552,520,520,553,520,1300,943,781,715,651,650,617,585,585,585,0.13,0.55,0.87,1.05,1.25,1.25,1.37,1.5,1.5,1.5,0.12,0.19,0.17,0.19,0.23,0.34,0.36,0.26,0.13,0.29,1.5,618,715,1.37,1.05,0.85,0.87,0.64,0.07,0.1,0.08,0.09,0.1,0.15,0.16,0.11,0.05,0.11,0.37,0.41
PIK,2023,2023-11-14,pik_3366,,E1,Diery,309,628,538,538,399,349,329,319,299,289,279,279,270,608,469,389,379,349,339,329,329,329,319,0.03,0.34,0.61,0.66,0.8,0.85,0.91,0.91,0.91,0.97,0.23,0.34,0.26,0.34,0.24,0.33,0.35,0.43,0.43,0.49,0.99,319,329,0.97,0.91,0.9,0.87,0.51,0.12,0.15,0.1,0.13,0.09,0.12,0.12,0.15,0.15,0.15,0.31,0.3
PIK,2023,2023-11-14,pik_3505,,E1,Diery,617,1723,1561,1365,877,780,683,682,618,585,585,553,552,1430,975,813,748,716,682,682,651,650,617,0.2,0.77,1.12,1.3,1.41,1.53,1.53,1.65,1.65,1.79,0.08,0.2,0.09,0.2,0.11,0.23,0.34,0.25,0.37,0.34,1.83,650,715,1.65,1.41,0.99,0.96,0.64,0.05,0.1,0.04,0.09,0.05,0.09,0.14,0.1,0.15,0.11,0.4,0.41
PIK,2023,2023-11-14,pik_373,,E2,Gregory,1365,5396,5039,4096,2633,2113,1853,1690,1593,1528,1463,1431,1398,4161,2699,2243,1950,1788,1723,1658,1658,1625,1626,0.3,1,1.41,1.77,2.02,2.13,2.25,2.25,2.32,2.32,0.02,0.04,0.11,0.1,0.11,0.16,0.16,0.25,0.25,0.35,2.6,1983,2438,1.72,1.21,0.88,0.96,0.75,0.02,0.02,0.06,0.05,0.05,0.08,0.08,0.12,0.12,0.14,0.46,0.55
PIK,2023,2023-11-14,pik_3967,,E1,Diery,429,887,748,688,479,419,389,368,349,339,339,329,339,738,508,438,408,378,369,359,359,348,349,0.2,0.75,1.03,1.17,1.35,1.4,1.47,1.47,1.55,1.54,0.14,0.15,0.13,0.14,0.08,0.18,0.18,0.18,0.18,0.2,1.21,359,399,1.47,1.22,0.55,0.69,0.52,0.07,0.06,0.04,0.05,0.03,0.05,0.06,0.06,0.05,0.03,0.17,0.22
PIK,2023,2023-11-14,pik_402,,E2,Gregory,553,1626,1366,1007,650,552,488,488,487,455,455,423,487,1105,715,618,553,520,520,520,487,488,520,0.47,1.27,1.63,1.94,2.13,2.13,2.13,2.34,2.33,2.13,0.16,0.2,0.25,0.3,0.16,0.17,0.33,0.18,0.36,0.2,1.8,585,683,1.78,1.38,0.81,0.85,0.66,0.09,0.09,0.11,0.12,0.06,0.06,0.12,0.07,0.13,0.06,0.33,0.38
PIK,2023,2023-11-14,pik_4086,,E1,Diery,419,927,798,758,529,469,408,399,388,369,369,369,359,837,588,509,468,439,429,418,418,409,409,0.11,0.58,0.82,0.98,1.11,1.16,1.22,1.22,1.27,1.27,0.18,0.23,0.2,0.34,0.25,0.27,0.33,0.33,0.28,0.42,1.22,448,489,1.07,0.9,0.84,0.89,0.55,0.09,0.1,0.08,0.13,0.09,0.1,0.12,0.12,0.1,0.12,0.31,0.35
PIK,2023,2023-11-14,pik_413,,E2,Gregory,715,1756,1496,1235,780,650,585,553,552,553,520,520,520,1300,812,682,585,585,585,552,552,553,585,0.35,1.16,1.57,2,2,2,2.18,2.18,2.18,2,0.1,0.1,0.13,0,0.17,0.17,-0.01,0.18,0.19,0.4,1.88,617,682,1.85,1.57,0.78,0.79,0.59,0.05,0.04,0.05,0,0.05,0.06,0,0.06,0.06,0.11,0.26,0.29
PIK,2023,2023-11-14,pik_4231,,E1,Diery,339,628,549,449,319,289,280,259,249,249,239,239,239,468,339,309,290,280,269,269,259,269,259,0.34,0.85,1.03,1.17,1.24,1.33,1.33,1.42,1.33,1.42,0.1,0.19,0.22,0.12,0.27,0.28,0.28,0.3,0.42,0.33,1.3,289,299,1.17,1.1,0.86,0.93,0.46,0.04,0.06,0.06,0.03,0.08,0.07,0.07,0.08,0.11,0.08,0.24,0.27
PIK,2023,2023-11-14,pik_425,,E2,Gregory,975,3934,3803,3706,2568,2048,1820,1658,1561,1495,1431,1366,1300,3803,2633,2146,1885,1788,1626,1528,1463,1430,1398,0.03,0.49,0.83,1.09,1.2,1.42,1.57,1.69,1.75,1.81,0.03,0.04,0.07,0.06,0.13,0.07,0.04,0.04,0.09,0.17,1.93,1430,1561,1.75,1.52,0.82,0.84,0.75,0.03,0.02,0.05,0.03,0.07,0.04,0.02,0.02,0.04,0.07,0.43,0.46
PIK,2023,2023-11-14,pik_4393,,E1,Diery,249,478,398,378,269,239,219,219,209,209,219,209,219,418,289,259,249,239,239,239,229,239,239,0.14,0.65,0.85,0.92,1,1,1,1.09,1,1,0.21,0.19,0.23,0.37,0.27,0.4,0.4,0.14,0.4,0.34,0.82,249,269,0.92,0.78,0.86,0.76,0.48,0.1,0.07,0.08,0.12,0.08,0.13,0.13,0.04,0.13,0.08,0.28,0.26
PIK,2023,2023-11-14,pik_4401,,E1,Diery,585,1105,943,780,520,455,390,390,390,390,390,390,357,812,552,488,423,423,422,423,423,390,390,0.36,1,1.26,1.61,1.61,1.62,1.61,1.61,1.83,1.83,0.1,0.19,0.24,0.31,0.31,0.3,0.31,0.31,0,1,1.64,423,455,1.61,1.43,0.61,0.53,0.47,0.04,0.06,0.07,0.08,0.08,0.08,0.08,0.08,0,0.08,0.15,0.14
PIK,2023,2023-11-14,pik_4651,,E1,Diery,650,1886,1625,1268,781,651,586,553,521,521,521,520,488,1333,780,683,618,586,553,553,521,553,520,0.41,1.42,1.76,2.05,2.22,2.41,2.41,2.62,2.41,2.63,0.09,0,0.11,0.13,0.15,0.16,0.16,0,0.17,0.25,2.33,553,585,2.41,2.22,0.66,0.75,0.66,0.05,0,0.05,0.05,0.06,0.06,0.06,0,0.06,0.06,0.24,0.28
PIK,2023,2023-11-14,pik_4784,,E1,Diery,399,1007,838,788,509,439,399,358,349,349,329,329,329,858,549,459,429,398,388,379,369,369,359,0.17,0.83,1.19,1.35,1.53,1.6,1.66,1.73,1.73,1.81,0.14,0.16,0.11,0.18,0.27,0.27,0.22,0.3,0.3,0.33,1.55,378,409,1.66,1.46,0.65,0.7,0.6,0.08,0.07,0.04,0.07,0.1,0.1,0.08,0.11,0.11,0.08,0.24,0.27
PIK,2023,2023-11-14,pik_4816,,E1,Diery,389,718,648,628,488,429,389,369,359,349,339,339,339,678,518,449,419,399,369,369,369,349,339,0.06,0.39,0.6,0.71,0.8,0.95,0.95,0.95,1.06,1.12,0.17,0.15,0.13,0.22,0.24,0.09,0.18,0.27,0.1,0,0.91,359,369,1,0.95,0.75,0.72,0.46,0.07,0.06,0.04,0.07,0.08,0.03,0.05,0.08,0.03,0,0.22,0.22
PIK,2023,2023-11-14,pik_5256,,E1,Diery,585,1463,1301,1106,682,585,520,488,455,487,455,455,455,1171,748,617,553,520,520,520,520,488,488,0.25,0.96,1.37,1.65,1.81,1.81,1.81,1.81,2,2,0.1,0.2,0.13,0.16,0.18,0.36,0.18,0.36,0.2,0.34,1.86,553,618,1.65,1.37,0.81,0.81,0.6,0.06,0.09,0.05,0.06,0.06,0.12,0.06,0.12,0.07,0.07,0.29,0.32
PIK,2023,2023-11-14,pik_5408,,E1,Diery,309,508,469,439,319,269,259,240,240,239,239,239,239,469,329,289,279,260,270,259,259,269,279,0.08,0.54,0.76,0.82,0.95,0.88,0.96,0.96,0.89,0.82,0.17,0.1,0.26,0.27,0.31,0.44,0.31,0.31,0.44,0.68,0.96,309,339,0.64,0.5,0.92,0.87,0.39,0.06,0.03,0.07,0.07,0.08,0.11,0.08,0.08,0.11,0.14,0.26,0.26
PIK,2023,2023-11-14,pik_5454,,E1,Diery,715,1529,1365,1235,910,813,748,716,683,650,650,650,618,1267,942,845,780,781,748,683,715,683,683,0.21,0.62,0.81,0.96,0.96,1.04,1.24,1.14,1.24,1.24,0.05,0.08,0.1,0.11,0.23,0.24,0.14,0.26,0.14,0.5,1.21,748,781,1.04,0.96,0.73,0.79,0.53,0.03,0.03,0.04,0.04,0.08,0.09,0.05,0.09,0.05,0.1,0.26,0.29
PIK,2023,2023-11-14,pik_5586,,E1,Diery,150,210,190,170,130,119,130,120,130,110,119,120,129,199,150,139,130,140,130,130,139,130,129,0.06,0.4,0.51,0.62,0.5,0.62,0.62,0.51,0.62,0.63,0.53,0.6,0.69,0,0.68,0,0.78,0.69,0.39,0,0.47,139,159,0.51,0.32,0.65,1.06,0.29,0.15,0.13,0.14,0,0.14,0,0.15,0.14,0.08,0,0.14,0.25
PIK,2023,2023-11-14,pik_5589,,E1,Diery,240,379,339,309,230,200,190,199,179,179,179,180,180,339,249,230,219,199,199,209,209,210,210,0.12,0.52,0.65,0.73,0.9,0.9,0.81,0.81,0.8,0.8,0.26,0.28,0.5,0.53,0,0.43,0.59,0.59,0.59,0.75,0.88,219,249,0.73,0.52,0.89,0.87,0.37,0.09,0.08,0.13,0.13,0,0.1,0.14,0.14,0.14,0.14,0.22,0.24
PIK,2023,2023-11-14,pik_619,,E2,Gregory,845,3089,2861,2601,1593,1301,1203,1106,1041,1008,943,910,911,2666,1658,1430,1300,1171,1138,1041,1008,1008,975,0.16,0.86,1.16,1.38,1.64,1.71,1.97,2.06,2.06,2.17,0.04,0.07,0.16,0.14,0.11,0.17,0.07,0.14,0.21,0.18,2.14,1041,1138,1.97,1.71,0.93,0.92,0.73,0.02,0.04,0.09,0.07,0.06,0.09,0.03,0.06,0.1,0.07,0.44,0.46
PIK,2023,2023-11-14,pik_730,,E2,Gregory,813,2665,2406,2308,1496,1202,1072,1007,943,910,845,812,812,2438,1593,1300,1170,1105,1008,975,943,943,910,0.09,0.67,1.05,1.28,1.41,1.64,1.73,1.83,1.83,1.93,0.08,0.11,0.14,0.17,0.18,0.14,0.15,0.23,0.31,0.27,1.96,943,1040,1.83,1.56,0.85,0.93,0.69,0.05,0.06,0.08,0.08,0.09,0.06,0.07,0.1,0.14,0.11,0.38,0.44
PIK,2023,2023-11-14,pik_739,,E2,Gregory,943,3674,3414,2829,1756,1463,1333,1203,1105,1073,1008,976,1008,2861,1821,1528,1366,1236,1203,1138,1106,1073,1073,0.28,1.02,1.4,1.69,1.97,2.05,2.23,2.32,2.42,2.42,0.02,0.06,0.08,0.05,0.05,0.17,0.12,0.19,0.2,0.18,2.39,1106,1171,2.32,2.14,0.76,0.81,0.74,0.01,0.04,0.04,0.02,0.03,0.08,0.06,0.09,0.09,0.06,0.35,0.39
PIK,2023,2023-11-14,pik_748,,E2,Gregory,780,1658,1398,1105,715,617,585,552,552,552,552,520,552,1170,747,650,617,585,585,585,585,585,585,0.42,1.22,1.55,1.69,1.83,1.83,1.83,1.83,1.83,1.83,0.13,0.13,0.17,0.18,0.2,0.2,0.2,0.2,0.39,0.25,1.53,650,682,1.55,1.43,0.82,0.75,0.53,0.06,0.04,0.05,0.05,0.06,0.06,0.06,0.06,0.11,0.06,0.25,0.24
PIK,2023,2023-11-14,pik_910,,E2,Gregory,683,2243,2081,1918,1300,1105,877,780,748,715,683,683,650,2048,1398,1138,910,845,780,781,748,715,748,0.1,0.6,0.97,1.46,1.65,1.88,1.87,2,2.14,2,0.09,0.12,0.05,0.08,0.17,0.09,0.19,0.2,0.11,0.38,2.2,781,813,1.87,1.76,0.85,0.88,0.7,0.06,0.07,0.03,0.04,0.08,0.04,0.08,0.09,0.04,0.13,0.38,0.4
PIK,2023,2023-11-14,pik_956,,E2,Gregory,910,3219,2959,2763,1853,1528,1366,1300,1235,1170,1138,1105,1073,2893,1950,1625,1528,1430,1332,1300,1268,1235,1203,0.11,0.65,0.98,1.11,1.25,1.42,1.48,1.54,1.61,1.68,0.06,0.08,0.11,0.19,0.17,0.14,0.2,0.21,0.21,0.27,1.76,1235,1333,1.61,1.41,0.91,0.9,0.72,0.04,0.05,0.06,0.11,0.09,0.07,0.1,0.1,0.11,0.11,0.45,0.46
PIK,2023,2023-11-14,pik_960,,E2,Gregory,1138,4194,3934,3544,2178,1788,1625,1463,1398,1268,1268,1203,1203,3577,2211,1853,1690,1560,1431,1365,1300,1333,1268,0.17,0.9,1.26,1.48,1.69,1.93,2.07,2.23,2.15,2.31,0.01,0.03,0.06,0.07,0.12,0.05,0.15,0.05,0.21,0.15,2.27,1333,1430,2.15,1.93,0.8,0.85,0.73,0.01,0.01,0.04,0.04,0.06,0.02,0.07,0.02,0.1,0.05,0.37,0.41
PIK,2023,2023-11-14,pik_981,,E2,Gregory,747,1723,1593,1430,878,715,650,617,617,585,552,552,552,1463,911,748,683,650,617,617,585,585,585,0.18,0.89,1.3,1.52,1.65,1.79,1.79,1.95,1.95,1.95,0.04,0.09,0.12,0.14,0.15,0,0.16,0.18,0.18,0.2,1.89,617,682,1.79,1.53,0.82,0.84,0.57,0.02,0.04,0.04,0.05,0.05,0,0.05,0.06,0.06,0.06,0.26,0.29
PIK,2023,2023-11-14,pik_984,,E2,Gregory,845,2341,2081,1561,910,812,715,682,617,617,650,585,585,1560,975,812,780,715,682,650,650,617,650,0.5,1.4,1.88,2,2.27,2.43,2.6,2.6,2.79,2.6,0,0.16,0,0.22,0.13,0.28,0.15,0,0.16,0.5,2.56,683,748,2.43,2.13,0.7,0.73,0.64,0,0.07,0,0.08,0.05,0.1,0.05,0,0.05,0.1,0.24,0.26
PIK,2023,2023-11-15,pik_1711,,E1,Qi,488,1626,1463,1365,877,716,618,586,553,553,521,488,520,1495,975,781,715,651,618,618,586,586,585,0.09,0.67,1.08,1.27,1.5,1.63,1.63,1.77,1.77,1.78,0.13,0.17,0.16,0.27,0.21,0.22,0.22,0.24,0.37,0.29,1.81,618,683,1.63,1.38,0.78,0.87,0.7,0.09,0.1,0.08,0.14,0.1,0.11,0.11,0.11,0.17,0.11,0.37,0.43
PIK,2023,2023-11-15,pik_1859,,E1,Qi,488,1854,1626,1463,975,780,716,651,618,618,586,618,586,1593,1040,878,813,748,748,683,683,716,715,0.16,0.78,1.11,1.28,1.48,1.48,1.71,1.71,1.59,1.59,0.12,0.1,0.2,0.22,0.24,0.33,0.19,0.28,0.26,0.4,1.77,716,780,1.59,1.38,0.88,0.92,0.74,0.08,0.06,0.11,0.12,0.13,0.17,0.1,0.14,0.14,0.18,0.46,0.5
PIK,2023,2023-11-15,pik_2106,,E2,Gregory,682,1788,1626,1496,1007,845,747,715,650,650,617,617,585,1593,1072,910,812,748,715,715,715,650,650,0.12,0.67,0.96,1.2,1.39,1.5,1.5,1.5,1.75,1.75,0.1,0.12,0.16,0.19,0.11,0.23,0.23,0.35,0.14,0.4,1.78,650,715,1.75,1.5,0.68,0.69,0.62,0.06,0.06,0.07,0.08,0.04,0.09,0.09,0.14,0.05,0.1,0.25,0.27
PIK,2023,2023-11-15,pik_2155,,E1,Qi,716,2828,2536,2438,1723,1398,1236,1170,1106,1073,1041,1041,1007,2601,1886,1528,1398,1333,1268,1235,1203,1170,1138,0.09,0.5,0.85,1.02,1.12,1.23,1.29,1.35,1.42,1.49,0.09,0.13,0.14,0.2,0.21,0.22,0.23,0.24,0.2,0.25,1.52,1202,1397,1.35,1.02,0.97,0.94,0.75,0.06,0.09,0.09,0.12,0.12,0.13,0.13,0.13,0.11,0.12,0.54,0.56
PIK,2023,2023-11-15,pik_2168,,E1,Qi,585,2406,2178,2048,1463,1138,1040,943,846,813,780,748,715,2243,1560,1235,1105,1040,943,878,845,845,813,0.07,0.54,0.95,1.18,1.31,1.55,1.74,1.85,1.85,1.96,0.12,0.09,0.13,0.1,0.16,0.19,0.14,0.15,0.22,0.27,2.05,846,911,1.84,1.64,0.81,0.93,0.76,0.09,0.06,0.08,0.06,0.09,0.1,0.07,0.08,0.11,0.12,0.42,0.5
PIK,2023,2023-11-15,pik_2441,,E1,Qi,488,1723,1496,1398,942,780,715,650,617,618,585,585,552,1561,1008,845,780,715,682,683,683,682,650,0.1,0.71,1.04,1.21,1.41,1.53,1.52,1.52,1.53,1.65,0.15,0.11,0.14,0.16,0.18,0.19,0.19,0.29,0.28,0.43,1.71,715,780,1.41,1.21,0.89,0.94,0.72,0.1,0.07,0.08,0.08,0.09,0.1,0.1,0.14,0.14,0.15,0.45,0.5
PIK,2023,2023-11-15,pik_2760,,E2,Gregory,976,3089,2894,2601,1658,1300,1105,1008,943,878,846,846,813,2731,1723,1365,1203,1040,1008,943,911,878,878,0.13,0.79,1.26,1.57,1.97,2.06,2.28,2.39,2.52,2.52,0.07,0.07,0.1,0.18,0.07,0.16,0.17,0.18,0.1,0.25,2.56,878,943,2.52,2.28,0.78,0.7,0.68,0.05,0.04,0.05,0.08,0.03,0.06,0.07,0.07,0.04,0.07,0.3,0.28
PIK,2023,2023-11-15,pik_2851,,E2,Gregory,488,846,748,650,488,422,390,390,358,357,357,357,325,748,553,455,422,390,390,358,357,390,358,0.13,0.53,0.86,1,1.17,1.17,1.36,1.37,1.17,1.36,0.33,0.36,0.26,0.28,0,0.32,0.01,0,0.33,1,1.3,390,390,1.17,1.17,0.99,0.66,0.42,0.13,0.12,0.07,0.08,0,0.08,0,0,0.08,0.09,0.25,0.17
PIK,2023,2023-11-15,pik_3192,,E2,Gregory,459,917,748,668,459,399,379,358,349,349,349,349,359,748,519,439,419,409,389,389,389,389,389,0.23,0.77,1.09,1.19,1.24,1.36,1.36,1.36,1.36,1.36,0.24,0.32,0.28,0.3,0.4,0.35,0.35,0.35,0.35,0.38,1.08,439,479,1.09,0.91,0.78,0.79,0.5,0.11,0.12,0.09,0.1,0.12,0.1,0.1,0.1,0.1,0.08,0.25,0.27
PIK,2023,2023-11-15,pik_3282,,E2,Gregory,910,2763,2504,2341,1593,1301,1138,1040,1008,943,910,878,911,2504,1723,1366,1203,1138,1073,1041,1008,976,975,0.1,0.6,1.02,1.3,1.43,1.58,1.65,1.74,1.83,1.83,0.1,0.13,0.09,0.11,0.19,0.14,0.22,0.23,0.24,0.18,1.75,1040,1105,1.66,1.5,0.86,0.92,0.67,0.07,0.08,0.05,0.05,0.09,0.06,0.09,0.1,0.1,0.07,0.38,0.41
PIK,2023,2023-11-15,pik_3321,,E2,Gregory,715,1951,1625,1463,975,813,683,650,618,618,585,585,586,1626,1073,878,781,715,683,683,683,683,683,0.2,0.82,1.22,1.5,1.73,1.86,1.86,1.86,1.86,1.86,0.17,0.19,0.17,0.31,0.23,0.25,0.25,0.38,0.38,0.43,1.77,748,813,1.61,1.4,0.76,0.86,0.63,0.1,0.09,0.07,0.13,0.09,0.1,0.1,0.14,0.14,0.14,0.3,0.36
PIK,2023,2023-11-15,pik_3437,,E2,Gregory,878,3056,2698,1918,1170,975,878,813,813,748,781,748,748,2016,1268,1073,943,878,878,846,845,845,845,0.52,1.41,1.85,2.24,2.48,2.48,2.61,2.62,2.62,2.62,0.08,0.15,0.2,0.16,0.18,0.18,0.28,0.19,0.28,0.37,2.61,910,1040,2.36,1.94,0.76,0.89,0.71,0.05,0.08,0.09,0.07,0.07,0.07,0.12,0.08,0.11,0.11,0.32,0.41
PIK,2023,2023-11-15,pik_3484,,E2,Gregory,747,2113,1756,1625,1073,813,748,683,617,650,618,618,617,1788,1138,910,781,748,682,682,650,650,618,0.18,0.86,1.32,1.71,1.82,2.1,2.1,2.25,2.25,2.42,0.15,0.12,0.24,0.1,0.22,0.26,0.13,0.14,0.14,0.01,1.85,683,715,2.09,1.96,0.9,0.83,0.65,0.09,0.06,0.11,0.04,0.09,0.1,0.05,0.05,0.05,0,0.33,0.32
PIK,2023,2023-11-15,pik_3628,,E2,Gregory,617,1398,1170,1040,651,520,487,455,455,455,422,423,423,1106,715,585,520,487,455,455,455,422,455,0.26,0.96,1.39,1.69,1.87,2.07,2.07,2.07,2.31,2.07,0.12,0.23,0.32,0.2,0.21,0,0,0.25,-0.01,0.33,1.77,520,521,1.69,1.68,0.78,0.78,0.56,0.06,0.09,0.11,0.06,0.07,0,0,0.07,0,0.07,0.25,0.25
PIK,2023,2023-11-15,pik_3759,,E2,Gregory,329,519,439,389,269,230,220,220,210,220,219,219,219,409,289,250,240,230,230,230,229,239,239,0.27,0.8,1.08,1.16,1.26,1.26,1.26,1.27,1.17,1.17,0.16,0.28,0.37,0.4,0.21,0.43,0.21,0.22,0.4,0.5,1,259,289,1,0.8,0.69,1,0.37,0.05,0.07,0.08,0.08,0.04,0.09,0.04,0.04,0.08,0.08,0.15,0.24
PIK,2023,2023-11-15,pik_3907,,E2,Gregory,389,598,528,468,339,309,279,269,260,260,260,250,260,509,359,329,299,279,279,280,280,279,289,0.17,0.67,0.82,1,1.14,1.14,1.14,1.14,1.14,1.07,0.26,0.23,0.27,0.32,0.18,0.34,0.36,0.36,0.52,0.49,1.03,309,329,0.94,0.82,0.73,0.79,0.35,0.08,0.06,0.06,0.07,0.04,0.07,0.07,0.07,0.1,0.1,0.16,0.18
PIK,2023,2023-11-15,pik_4006,,E2,Gregory,553,1073,911,715,520,455,422,423,423,423,423,423,456,780,520,487,455,423,455,455,456,455,456,0.38,1.06,1.2,1.36,1.54,1.36,1.36,1.35,1.36,1.35,0.21,0,0.22,0.25,0,0.25,0.25,0.25,0.25,0,1,521,553,1.06,0.94,0.6,0.54,0.48,0.08,0,0.07,0.07,0,0.07,0.07,0.07,0.07,0,0.19,0.18
PIK,2023,2023-11-15,pik_4025,,E2,Gregory,780,2309,2015,1690,1040,846,748,683,683,650,650,651,651,1788,1105,943,813,748,748,716,748,716,748,0.29,1.09,1.45,1.84,2.09,2.09,2.22,2.09,2.22,2.09,0.09,0.12,0.23,0.2,0.22,0.22,0.24,0.34,0.24,0.43,2.1,780,911,1.96,1.53,0.73,0.9,0.66,0.05,0.06,0.1,0.08,0.09,0.09,0.09,0.13,0.09,0.13,0.29,0.39
PIK,2023,2023-11-15,pik_4043,,E2,Gregory,910,2959,2569,2146,1301,1040,910,845,780,780,715,715,715,2243,1366,1073,975,910,845,813,812,780,812,0.32,1.17,1.76,2.03,2.25,2.5,2.64,2.64,2.79,2.64,0.07,0.09,0.07,0.16,0.17,0.2,0.11,0.31,0.22,0.37,2.59,878,1007,2.37,1.94,0.83,0.97,0.69,0.04,0.05,0.03,0.07,0.07,0.08,0.04,0.12,0.08,0.12,0.33,0.42
PIK,2023,2023-11-15,pik_4141,,E2,Gregory,780,2439,2113,1788,1138,911,813,748,683,683,683,683,683,1853,1203,976,878,846,781,748,748,748,748,0.32,1.03,1.5,1.78,1.88,2.12,2.26,2.26,2.26,2.26,0.06,0.11,0.14,0.17,0.27,0.31,0.22,0.22,0.22,0.33,2.09,845,910,1.89,1.68,0.91,0.89,0.68,0.04,0.05,0.07,0.07,0.12,0.13,0.09,0.09,0.09,0.09,0.38,0.39
PIK,2023,2023-11-15,pik_4199,,E2,Gregory,716,1853,1528,1137,748,682,715,682,618,617,618,650,618,1235,845,683,748,715,682,683,650,683,683,0.5,1.19,1.71,1.48,1.59,1.72,1.71,1.85,1.71,1.71,0.15,0.27,0,0.11,0.12,0.25,0.26,0.14,0.13,0.33,1.47,716,780,1.59,1.38,0.84,0.83,0.61,0.08,0.11,0,0.04,0.05,0.09,0.1,0.05,0.05,0.1,0.32,0.33
PIK,2023,2023-11-15,pik_4411,,E2,Gregory,458,987,798,708,488,409,389,369,359,359,358,359,359,808,529,459,419,428,408,419,408,409,408,0.22,0.87,1.15,1.36,1.31,1.42,1.36,1.42,1.41,1.42,0.25,0.2,0.31,0.22,0.41,0.37,0.44,0.38,0.38,0.55,1.22,459,479,1.15,1.06,0.81,0.81,0.54,0.12,0.08,0.11,0.07,0.14,0.12,0.14,0.12,0.12,0.12,0.28,0.29
PIK,2023,2023-11-15,pik_4460,,E2,Gregory,553,1561,1333,1105,682,585,553,487,487,488,488,487,487,1170,747,650,618,552,553,585,585,585,585,0.33,1.09,1.4,1.53,1.83,1.82,1.67,1.67,1.67,1.67,0.1,0.19,0.23,0.25,0.3,0.3,0.41,0.41,0.41,0.5,1.74,683,748,1.29,1.09,0.97,0.93,0.65,0.06,0.09,0.1,0.11,0.12,0.12,0.17,0.17,0.17,0.17,0.43,0.43
PIK,2023,2023-11-15,pik_4480,,E2,Gregory,448,1087,868,748,499,438,388,379,369,369,359,369,359,847,559,468,438,428,409,409,399,409,419,0.28,0.94,1.32,1.48,1.54,1.66,1.66,1.72,1.66,1.59,0.22,0.25,0.17,0.31,0.32,0.28,0.28,0.29,0.28,0.55,1.42,429,468,1.53,1.32,0.71,0.78,0.59,0.12,0.11,0.06,0.11,0.11,0.1,0.1,0.1,0.1,0.14,0.25,0.3
PIK,2023,2023-11-15,pik_4739,,E2,Gregory,1040,5104,4779,4291,2601,2081,1821,1658,1528,1463,1398,1366,1333,4357,2699,2178,1918,1756,1626,1561,1528,1496,1496,0.17,0.89,1.34,1.66,1.91,2.14,2.27,2.34,2.41,2.41,0.02,0.05,0.07,0.09,0.1,0.11,0.12,0.16,0.16,0.26,2.59,1561,1723,2.27,1.96,0.88,0.9,0.8,0.02,0.04,0.04,0.05,0.06,0.06,0.06,0.09,0.09,0.11,0.48,0.51
PIK,2023,2023-11-15,pik_4852,,E2,Gregory,748,1788,1561,1398,1008,878,780,748,715,715,715,683,683,1528,1073,943,878,813,780,780,780,748,748,0.17,0.67,0.9,1.04,1.2,1.29,1.29,1.29,1.39,1.39,0.16,0.13,0.16,0.28,0.21,0.22,0.22,0.22,0.24,0.33,1.29,781,845,1.29,1.12,0.77,0.87,0.58,0.09,0.06,0.07,0.11,0.08,0.08,0.08,0.08,0.09,0.09,0.29,0.35
PIK,2023,2023-11-15,pik_4893,,E2,Gregory,748,1950,1756,1398,845,780,683,650,618,585,617,617,618,1463,942,780,716,715,683,650,682,683,682,0.33,1.07,1.5,1.72,1.73,1.86,2,1.86,1.86,1.86,0.08,0.24,0,0.12,0.25,0.26,0.29,0.26,0.27,0.33,1.84,780,845,1.5,1.31,0.85,0.94,0.62,0.04,0.1,0,0.05,0.09,0.1,0.1,0.1,0.1,0.09,0.33,0.38
PIK,2023,2023-11-15,pik_5334,,E1,Qi,422,975,780,683,422,357,293,325,325,293,292,292,293,748,520,422,357,357,358,325,325,325,325,0.3,0.88,1.31,1.73,1.73,1.72,2,2,2,2,0.17,0.46,0.43,0.55,0.28,0.28,0.32,0.33,0.33,0.33,1.66,358,357,1.72,1.73,0.84,1.11,0.57,0.09,0.19,0.15,0.18,0.09,0.09,0.1,0.1,0.1,0.1,0.27,0.36
PIK,2023,2023-11-15,pik_5366,,E1,Qi,309,668,549,459,329,279,260,259,259,240,260,259,259,539,359,319,309,279,289,289,290,289,299,0.24,0.86,1.09,1.16,1.39,1.31,1.31,1.3,1.31,1.23,0.31,0.22,0.35,0.45,0.22,0.31,0.51,0.31,0.31,0.51,1.12,319,359,1.09,0.86,0.79,0.8,0.54,0.15,0.08,0.13,0.16,0.07,0.1,0.17,0.1,0.1,0.13,0.28,0.31
PIK,2023,2023-11-15,pik_5470,,E1,Qi,240,459,369,339,260,220,189,189,190,190,179,189,180,399,299,240,219,209,209,210,209,199,200,0.15,0.54,0.91,1.1,1.2,1.2,1.19,1.2,1.31,1.29,0.34,0.35,0.26,0.45,0.33,0.31,0.32,0.49,0.18,0.5,1.05,210,239,1.19,0.92,0.65,0.77,0.48,0.15,0.13,0.08,0.14,0.1,0.09,0.1,0.14,0.05,0.1,0.19,0.25
PIK,2023,2023-11-15,pik_5617,,E1,Qi,428,1167,967,817,499,429,389,379,369,369,369,358,358,908,559,469,439,419,409,418,398,408,408,0.29,1.09,1.49,1.66,1.79,1.85,1.79,1.93,1.86,1.86,0.17,0.24,0.21,0.29,0.25,0.26,0.31,0.2,0.33,0.42,1.7,448,509,1.6,1.29,0.83,0.87,0.63,0.1,0.11,0.09,0.11,0.1,0.1,0.12,0.07,0.12,0.12,0.33,0.37
PIK,2023,2023-11-15,pik_5666,,E1,Qi,299,619,489,428,299,269,249,249,250,249,269,259,259,498,349,309,299,289,279,289,289,299,299,0.24,0.77,1,1.07,1.14,1.22,1.14,1.14,1.07,1.07,0.3,0.38,0.37,0.49,0.42,0.32,0.42,0.21,0.39,0.5,0.89,319,349,0.94,0.77,0.87,0.83,0.52,0.14,0.14,0.13,0.17,0.14,0.1,0.14,0.07,0.13,0.13,0.31,0.31
PIK,2023,2023-11-23,pik_118,,E1,Diery,249,538,519,509,409,358,339,319,309,299,309,300,299,588,468,398,389,359,349,359,349,349,339,-0.09,0.15,0.35,0.38,0.5,0.54,0.5,0.54,0.54,0.59,0.24,0.25,0.22,0.28,0.26,0.27,0.38,0.27,0.33,0.4,0.74,369,379,0.46,0.42,0.85,0.82,0.54,0.13,0.13,0.1,0.13,0.11,0.11,0.17,0.11,0.14,0.12,0.38,0.37
PIK,2023,2023-11-23,pik_122,,E1,Diery,459,1156,1077,1046,738,628,528,518,498,469,459,449,449,1127,797,678,598,578,558,528,519,509,509,0.03,0.45,0.71,0.93,1,1.07,1.19,1.23,1.27,1.27,0.12,0.14,0.16,0.27,0.24,0.25,0.27,0.29,0.29,0.33,1.4,518,568,1.23,1.04,0.9,0.9,0.6,0.07,0.07,0.07,0.12,0.1,0.11,0.11,0.12,0.12,0.12,0.36,0.39
PIK,2023,2023-11-23,pik_1290,,E1,Diery,553,1789,1756,1724,1333,1041,943,878,813,780,781,748,683,1788,1333,1073,976,878,813,781,781,748,715,0,0.34,0.67,0.83,1.04,1.2,1.29,1.29,1.39,1.5,0.05,0,0.05,0.06,0,0,0,0,0,0.12,1.57,715,748,1.5,1.39,0.87,0.9,0.69,0.04,0,0.03,0.03,0,0,0,0,0,0.04,0.41,0.43
PIK,2023,2023-11-23,pik_13,,E1,Diery,716,2503,2276,2308,1983,1593,1430,1365,1333,1268,1300,1235,1235,2374,2016,1690,1528,1431,1398,1366,1333,1333,1301,0.05,0.24,0.48,0.64,0.75,0.79,0.83,0.88,0.88,0.92,0.04,0.02,0.09,0.11,0.08,0.08,0.12,0.04,0.13,0.11,0.84,1366,1398,0.83,0.79,0.91,0.88,0.71,0.03,0.02,0.06,0.06,0.05,0.05,0.07,0.02,0.07,0.05,0.52,0.51
PIK,2023,2023-11-23,pik_1306,,E1,Diery,748,2049,1951,1919,1463,1138,1041,910,878,813,813,748,748,2016,1463,1203,1040,943,943,845,845,813,781,0.02,0.4,0.7,0.97,1.17,1.17,1.42,1.42,1.52,1.62,0.08,0,0.11,0,0.08,0.16,0.09,0.09,0.2,0.14,1.61,813,846,1.52,1.42,0.78,0.83,0.63,0.05,0,0.05,0,0.03,0.07,0.04,0.04,0.08,0.04,0.32,0.35
PIK,2023,2023-11-23,pik_1436,,E1,Diery,438,897,818,798,629,528,488,459,439,429,408,399,499,878,658,558,508,479,459,449,428,439,558,0.02,0.36,0.61,0.77,0.87,0.95,1,1.1,1.04,0.61,0.18,0.1,0.14,0.11,0.12,0.12,0.13,0.14,0.27,0.31,0.64,529,559,0.7,0.6,0.79,0.82,0.51,0.09,0.04,0.05,0.04,0.04,0.04,0.04,0.05,0.09,0.11,0.3,0.32
PIK,2023,2023-11-23,pik_1620,,E1,Diery,379,698,618,608,499,409,369,349,329,319,309,299,299,668,529,419,389,359,349,329,329,319,319,0.04,0.32,0.67,0.79,0.94,1,1.12,1.12,1.19,1.19,0.2,0.15,0.07,0.16,0.09,0.19,0.11,0.21,0.23,0.29,1.07,319,339,1.19,1.06,0.56,0.71,0.46,0.09,0.06,0.02,0.05,0.03,0.06,0.03,0.06,0.06,0.06,0.16,0.21
PIK,2023,2023-11-23,pik_1711,,E1,Diery,339,678,608,618,489,409,359,339,319,299,289,279,279,668,519,429,389,359,339,319,319,299,309,0.01,0.31,0.58,0.74,0.89,1,1.13,1.13,1.27,1.19,0.15,0.13,0.12,0.21,0.16,0.18,0.2,0.29,0.22,0.38,1.18,309,319,1.19,1.13,0.62,0.69,0.5,0.07,0.06,0.05,0.08,0.06,0.06,0.06,0.09,0.07,0.1,0.19,0.22
PIK,2023,2023-11-23,pik_1859,,E1,Diery,585,1625,1626,1593,1171,943,845,780,748,715,683,683,650,1691,1203,1008,878,813,780,748,748,682,683,-0.04,0.35,0.61,0.85,1,1.08,1.17,1.17,1.38,1.38,0.09,0.05,0.12,0.08,0.09,0.09,0.1,0.19,0,0.17,1.5,682,748,1.38,1.17,0.78,0.68,0.64,0.06,0.03,0.06,0.04,0.04,0.04,0.04,0.09,0,0.05,0.33,0.3
PIK,2023,2023-11-23,pik_1906,,E2,Gregory,249,379,379,369,329,289,259,249,249,239,239,229,249,429,369,309,279,269,269,269,269,249,269,-0.12,0.03,0.23,0.36,0.41,0.41,0.41,0.41,0.52,0.41,0.38,0.32,0.22,0.26,0.27,0.27,0.41,0.41,0.31,0.4,0.52,279,309,0.36,0.23,0.65,0.87,0.34,0.14,0.11,0.06,0.07,0.07,0.07,0.11,0.11,0.08,0.07,0.18,0.26
PIK,2023,2023-11-23,pik_2043,,E1,Diery,419,688,658,658,569,499,459,439,419,409,389,379,369,688,579,509,479,449,429,409,409,399,389,0,0.19,0.35,0.44,0.53,0.6,0.68,0.68,0.72,0.77,0.11,0.05,0.06,0.14,0.08,0.08,0,0.18,0.18,0.29,0.78,379,399,0.82,0.72,0.5,0.55,0.39,0.04,0.02,0.02,0.04,0.02,0.02,0,0.05,0.05,0.05,0.13,0.15
PIK,2023,2023-11-23,pik_2155,,E1,Diery,438,1156,1057,1067,897,728,648,608,588,578,568,558,548,1156,947,777,698,668,638,628,618,618,618,0,0.22,0.49,0.66,0.73,0.81,0.84,0.87,0.87,0.87,0.12,0.09,0.12,0.14,0.18,0.16,0.17,0.17,0.21,0.29,0.93,628,688,0.84,0.68,0.81,0.85,0.62,0.08,0.05,0.06,0.07,0.09,0.08,0.08,0.08,0.1,0.11,0.38,0.42
PIK,2023,2023-11-23,pik_2168,,E1,Diery,478,1336,1216,1196,857,718,648,589,559,528,518,498,488,1306,917,768,688,648,609,578,558,548,538,0.02,0.46,0.74,0.94,1.06,1.19,1.31,1.39,1.44,1.48,0.13,0.12,0.13,0.12,0.2,0.18,0.2,0.17,0.22,0.28,1.49,548,578,1.44,1.31,0.81,0.83,0.64,0.08,0.07,0.07,0.06,0.09,0.08,0.09,0.07,0.09,0.09,0.34,0.36
PIK,2023,2023-11-23,pik_2274,,E1,Diery,319,528,498,498,409,349,309,300,279,269,269,260,259,538,439,369,339,329,299,289,289,280,279,-0.02,0.2,0.43,0.56,0.6,0.77,0.83,0.83,0.89,0.89,0.19,0.19,0.17,0.3,0.3,0.25,0.26,0.26,0.28,0.33,0.92,289,309,0.83,0.71,0.79,0.69,0.4,0.07,0.07,0.05,0.09,0.09,0.07,0.07,0.07,0.07,0.07,0.21,0.19
PIK,2023,2023-11-23,pik_2441,,E1,Diery,369,658,608,608,478,409,369,359,339,329,319,309,309,648,508,429,399,379,369,349,349,339,329,0.02,0.3,0.53,0.65,0.74,0.78,0.89,0.89,0.94,1,0.14,0.16,0.14,0.23,0.17,0.27,0.2,0.29,0.31,0.25,0.97,339,358,0.94,0.84,0.82,0.93,0.44,0.06,0.06,0.05,0.08,0.05,0.08,0.06,0.09,0.09,0.06,0.24,0.28
PIK,2023,2023-11-23,pik_2671,,E2,Gregory,781,1788,1658,1625,1236,1008,878,845,780,748,715,715,683,1723,1301,1073,910,878,813,780,748,748,748,0.04,0.37,0.67,0.96,1.04,1.2,1.29,1.39,1.39,1.39,0.1,0.1,0.14,0.09,0.1,0.11,0.11,0.13,0.13,0.33,1.43,748,813,1.39,1.2,0.74,0.76,0.56,0.06,0.05,0.06,0.04,0.04,0.04,0.04,0.04,0.04,0.09,0.26,0.28
PIK,2023,2023-11-23,pik_2811,,E2,Gregory,439,887,748,738,608,529,458,429,409,409,379,379,369,828,668,568,498,459,449,439,419,419,419,0.07,0.33,0.56,0.78,0.93,0.98,1.02,1.12,1.12,1.12,0.22,0.21,0.17,0.22,0.19,0.26,0.2,0.29,0.29,0.45,1.03,419,439,1.12,1.02,0.81,0.81,0.51,0.11,0.09,0.07,0.08,0.07,0.09,0.07,0.1,0.1,0.12,0.26,0.27
PIK,2023,2023-11-23,pik_2815,,E2,Gregory,586,1788,1626,1593,1203,1008,878,780,747,715,682,650,650,1690,1301,1040,943,845,780,748,747,715,715,0.06,0.37,0.72,0.9,1.12,1.29,1.39,1.39,1.5,1.5,0.09,0.13,0.06,0.13,0.16,0.09,0.1,0.19,0.2,0.25,1.5,715,715,1.5,1.5,0.91,0.91,0.67,0.06,0.08,0.03,0.07,0.08,0.04,0.04,0.09,0.09,0.09,0.41,0.41
PIK,2023,2023-11-23,pik_2922,,E2,Gregory,439,798,658,649,528,449,399,379,369,349,349,329,329,738,568,479,439,409,399,389,389,369,379,0.08,0.4,0.67,0.82,0.95,1,1.05,1.05,1.16,1.11,0.28,0.19,0.19,0.29,0.25,0.26,0.36,0.36,0.4,0.56,1,378,409,1.11,0.95,0.75,0.75,0.45,0.12,0.07,0.06,0.09,0.07,0.08,0.1,0.1,0.11,0.13,0.21,0.22
PIK,2023,2023-11-23,pik_2964,,E2,Gregory,585,1691,1561,1528,1105,878,780,715,683,650,618,585,618,1625,1170,943,845,781,716,683,650,650,618,0.04,0.45,0.79,1,1.17,1.36,1.48,1.6,1.6,1.74,0.09,0.1,0.13,0.16,0.18,0.1,0.11,0.12,0.24,0,1.53,650,683,1.6,1.48,0.83,0.88,0.65,0.06,0.06,0.07,0.08,0.08,0.05,0.05,0.05,0.1,0,0.35,0.38
PIK,2023,2023-11-23,pik_30,,E1,Diery,488,780,780,716,618,553,521,488,390,487,455,455,455,748,651,586,553,488,488,520,487,455,455,0.04,0.2,0.33,0.41,0.6,0.6,0.5,0.6,0.71,0.71,0.12,0.15,0.18,0.19,0,0.74,0.22,0.24,0,0,0.71,488,488,0.6,0.6,0.74,0.74,0.37,0.04,0.05,0.06,0.06,0,0.2,0.06,0.07,0,0,0.2,0.2
PIK,2023,2023-11-23,pik_3118,,E2,Gregory,409,857,778,778,578,498,449,418,399,369,369,359,369,827,618,528,489,448,419,419,399,399,399,0.04,0.39,0.62,0.75,0.91,1.05,1.05,1.15,1.15,1.15,0.12,0.15,0.14,0.21,0.18,0.14,0.34,0.22,0.3,0.3,1.11,399,429,1.15,1,0.81,0.86,0.52,0.06,0.06,0.06,0.08,0.07,0.05,0.12,0.08,0.1,0.08,0.27,0.3
PIK,2023,2023-11-23,pik_3131,,E2,Gregory,419,788,688,678,538,448,419,389,369,359,359,359,368,747,578,488,449,419,409,399,399,389,388,0.05,0.36,0.61,0.76,0.88,0.93,0.97,0.97,1.03,1.03,0.2,0.18,0.23,0.2,0.22,0.31,0.33,0.33,0.25,0.22,0.87,408,438,0.93,0.8,0.77,0.9,0.47,0.09,0.07,0.08,0.07,0.07,0.1,0.1,0.1,0.08,0.05,0.24,0.29
PIK,2023,2023-11-23,pik_316,,E1,Diery,339,678,598,598,498,418,388,358,348,329,319,309,309,668,538,458,418,388,359,358,349,339,339,0.01,0.26,0.48,0.62,0.75,0.89,0.89,0.94,1,1,0.21,0.17,0.22,0.19,0.21,0.09,0.23,0.25,0.27,0.33,0.94,339,349,1,0.94,0.71,0.67,0.5,0.1,0.07,0.09,0.07,0.08,0.03,0.08,0.09,0.09,0.09,0.24,0.23
PIK,2023,2023-11-23,pik_3273,,E2,Gregory,552,1105,1008,943,683,553,520,487,488,455,422,456,423,1041,748,650,585,520,520,487,487,488,456,0.06,0.48,0.7,0.89,1.12,1.12,1.27,1.27,1.26,1.42,0.19,0.22,0.4,0.32,0.2,0.19,0.21,0.44,0.21,0.5,1.38,488,552,1.26,1,0.65,0.88,0.5,0.09,0.09,0.15,0.11,0.06,0.06,0.07,0.13,0.07,0.07,0.2,0.29
PIK,2023,2023-11-23,pik_3356,,E2,Gregory,528,1137,1047,1047,838,707,628,578,549,528,509,489,479,1136,898,757,668,618,588,568,539,529,518,0,0.27,0.5,0.7,0.84,0.93,1,1.11,1.15,1.19,0.15,0.14,0.15,0.15,0.17,0.18,0.19,0.16,0.22,0.28,1.19,529,568,1.15,1,0.76,0.86,0.54,0.08,0.07,0.07,0.06,0.06,0.07,0.07,0.06,0.08,0.08,0.26,0.32
PIK,2023,2023-11-23,pik_3366,,E2,Gregory,586,1170,1073,1041,780,650,585,553,520,520,455,487,455,1138,845,682,618,585,552,552,520,520,520,0.03,0.38,0.72,0.89,1,1.12,1.12,1.25,1.25,1.25,0.17,0.18,0.13,0.15,0.16,0.18,0.18,0.41,0.21,0.5,1.36,520,552,1.25,1.12,0.81,0.92,0.5,0.09,0.08,0.05,0.05,0.05,0.06,0.06,0.12,0.06,0.12,0.25,0.29
PIK,2023,2023-11-23,pik_3505,,E2,Gregory,780,2048,2276,2308,1983,1625,1463,1333,1268,1203,1171,1105,1073,2406,2016,1690,1496,1398,1333,1268,1236,1171,1170,-0.15,0.02,0.21,0.37,0.46,0.54,0.62,0.66,0.75,0.75,0.06,0.03,0.07,0.04,0.09,0.09,0.1,0.11,0.12,0.23,1.12,1170,1171,0.75,0.75,0.75,0.81,0.62,0.04,0.02,0.04,0.02,0.05,0.05,0.05,0.05,0.06,0.08,0.36,0.39
PIK,2023,2023-11-23,pik_3967,,E2,Gregory,520,1203,1137,1072,812,683,585,553,520,487,487,487,455,1170,845,715,651,618,585,552,520,520,488,0.03,0.42,0.68,0.85,0.95,1.06,1.18,1.31,1.31,1.47,0.15,0.08,0.1,0.24,0.26,0.29,0.31,0.18,0.18,0.25,1.5,520,553,1.31,1.18,0.87,0.78,0.57,0.08,0.04,0.04,0.1,0.11,0.11,0.12,0.06,0.06,0.07,0.31,0.29
PIK,2023,2023-11-23,pik_402,,E1,Diery,408,1076,957,957,797,638,588,578,558,549,549,549,539,1076,867,708,658,638,628,628,618,619,619,0,0.24,0.52,0.64,0.69,0.71,0.71,0.74,0.74,0.74,0.18,0.14,0.19,0.21,0.19,0.23,0.26,0.23,0.23,0.32,0.78,658,707,0.64,0.52,0.85,0.93,0.62,0.11,0.08,0.1,0.11,0.09,0.11,0.13,0.11,0.11,0.13,0.43,0.48
PIK,2023,2023-11-23,pik_4086,,E2,Gregory,399,957,877,867,668,568,499,459,429,409,398,389,378,917,707,589,539,479,459,449,428,419,418,0.04,0.35,0.62,0.78,1,1.08,1.13,1.24,1.28,1.29,0.1,0.11,0.08,0.17,0.1,0.16,0.22,0.18,0.19,0.4,1.32,418,438,1.29,1.18,0.62,0.7,0.58,0.05,0.06,0.04,0.07,0.04,0.07,0.09,0.07,0.07,0.1,0.24,0.27
PIK,2023,2023-11-23,pik_413,,E1,Diery,428,897,847,847,629,528,468,439,409,389,389,359,359,917,668,558,499,449,439,429,409,399,389,-0.02,0.34,0.61,0.8,1,1.04,1.09,1.19,1.25,1.31,0.14,0.13,0.13,0.16,0.06,0.2,0.27,0.15,0.31,0.3,1.36,408,459,1.2,0.95,0.88,0.85,0.52,0.08,0.06,0.05,0.06,0.02,0.07,0.09,0.05,0.1,0.08,0.29,0.31
PIK,2023,2023-11-23,pik_4231,,E2,Gregory,943,3121,2991,2959,2178,1690,1528,1463,1398,1365,1333,1301,1268,3121,2243,1755,1625,1560,1463,1463,1431,1398,1430,0,0.39,0.78,0.92,1,1.13,1.13,1.18,1.23,1.18,0.07,0.05,0.07,0.11,0.12,0.09,0.13,0.13,0.14,0.26,1.36,1463,1560,1.13,1,0.86,0.89,0.7,0.05,0.03,0.04,0.06,0.06,0.04,0.07,0.07,0.07,0.11,0.44,0.48
PIK,2023,2023-11-23,pik_425,,E1,Diery,209,369,429,428,349,300,269,259,239,229,230,230,229,478,389,329,309,279,269,259,269,270,259,-0.23,-0.05,0.12,0.19,0.32,0.37,0.42,0.37,0.37,0.42,0.21,0.23,0.22,0.33,0.2,0.31,0.33,0.4,0.41,0.38,0.87,259,279,0.42,0.32,0.99,0.97,0.43,0.1,0.1,0.09,0.13,0.07,0.11,0.12,0.14,0.15,0.12,0.35,0.35
PIK,2023,2023-11-23,pik_4393,,E2,Gregory,813,2373,2178,2113,1463,1170,1040,942,877,813,780,748,748,2211,1496,1202,1040,1007,910,878,845,812,780,0.07,0.59,0.97,1.28,1.36,1.61,1.7,1.81,1.92,2.04,0.07,0.04,0.05,0,0.14,0.09,0.18,0.19,0.2,0.14,1.91,813,877,1.92,1.71,0.81,0.8,0.66,0.04,0.02,0.03,0,0.06,0.04,0.07,0.08,0.08,0.04,0.32,0.33
PIK,2023,2023-11-23,pik_4401,,E2,Gregory,508,1186,1116,1096,807,678,628,588,559,549,538,538,528,1146,837,718,658,628,608,589,588,588,588,0.03,0.42,0.65,0.8,0.89,0.95,1.01,1.02,1.02,1.02,0.08,0.07,0.12,0.11,0.15,0.2,0.17,0.21,0.21,0.32,1.11,608,638,0.95,0.86,0.85,0.86,0.57,0.04,0.04,0.06,0.05,0.06,0.08,0.07,0.09,0.09,0.1,0.34,0.36
PIK,2023,2023-11-23,pik_4411,,E2,Gregory,368,658,588,578,499,439,409,379,369,368,359,349,359,638,538,469,439,419,399,388,399,379,379,0.03,0.22,0.4,0.5,0.57,0.65,0.7,0.65,0.74,0.74,0.22,0.18,0.18,0.2,0.29,0.23,0.16,0.31,0.25,0.22,0.64,379,398,0.74,0.65,0.67,0.69,0.44,0.09,0.07,0.06,0.07,0.1,0.08,0.05,0.1,0.08,0.05,0.21,0.22
PIK,2023,2023-11-23,pik_4460,,E2,Gregory,553,1723,1561,1528,1073,878,780,747,683,650,650,617,618,1691,1170,943,877,812,780,747,747,715,715,0.02,0.47,0.83,0.96,1.12,1.21,1.31,1.31,1.41,1.41,0.14,0.14,0.13,0.21,0.16,0.25,0.27,0.27,0.29,0.33,1.53,780,845,1.21,1.04,0.85,0.98,0.68,0.1,0.08,0.07,0.11,0.08,0.12,0.13,0.13,0.14,0.14,0.42,0.5
PIK,2023,2023-11-23,pik_4480,,E2,Gregory,650,1691,1625,1561,1171,975,910,812,780,747,715,682,683,1723,1236,1040,942,877,812,780,780,747,748,-0.02,0.37,0.63,0.8,0.93,1.08,1.17,1.17,1.26,1.26,0.15,0.1,0.13,0.07,0.16,0.09,0.1,0.2,0.21,0.25,1.38,748,812,1.26,1.08,0.84,0.83,0.62,0.09,0.05,0.06,0.03,0.07,0.04,0.04,0.08,0.09,0.09,0.35,0.36
PIK,2023,2023-11-23,pik_4651,,E2,Gregory,520,1528,1366,1333,1106,911,813,781,715,715,651,651,617,1495,1203,1008,878,846,780,748,716,716,715,0.02,0.27,0.52,0.74,0.81,0.96,1.04,1.13,1.13,1.14,0.17,0.13,0.17,0.14,0.15,0.17,0.09,0.19,0.19,0.34,1.21,748,781,1.04,0.96,0.8,0.92,0.66,0.11,0.08,0.1,0.07,0.08,0.08,0.04,0.09,0.09,0.14,0.39,0.46
PIK,2023,2023-11-23,pik_4739,,E2,Gregory,1072,5396,5137,5039,3479,2634,2341,2145,2015,1918,1853,1755,1723,5169,3544,2699,2406,2243,2113,2015,1983,1885,1820,0.04,0.52,1,1.24,1.41,1.55,1.68,1.72,1.86,1.96,0.03,0.03,0.04,0.04,0.07,0.08,0.08,0.11,0.12,0.11,1.98,1821,1950,1.96,1.77,0.84,0.9,0.8,0.03,0.02,0.02,0.03,0.04,0.05,0.05,0.07,0.07,0.05,0.48,0.53
PIK,2023,2023-11-23,pik_4784,,E2,Gregory,553,1463,1333,1333,943,780,715,683,650,585,585,585,553,1431,1008,845,780,715,715,650,650,618,618,0.02,0.45,0.73,0.88,1.05,1.05,1.25,1.25,1.37,1.37,0.11,0.12,0.16,0.18,0.1,0.2,0.24,0.24,0.13,0.33,1.41,651,683,1.25,1.14,0.83,0.88,0.62,0.07,0.06,0.08,0.08,0.04,0.09,0.1,0.1,0.05,0.11,0.35,0.38
PIK,2023,2023-11-23,pik_4816,,E2,Gregory,458,857,788,758,579,479,439,419,399,389,389,379,379,828,609,509,459,439,439,419,419,419,419,0.04,0.41,0.68,0.87,0.95,0.95,1.05,1.05,1.05,1.05,0.18,0.13,0.17,0.14,0.15,0.3,0.24,0.24,0.32,0.4,1.08,449,499,0.91,0.72,0.71,0.89,0.47,0.08,0.05,0.06,0.04,0.05,0.09,0.07,0.07,0.1,0.1,0.22,0.3
PIK,2023,2023-11-23,pik_4852,,E2,Gregory,585,1236,1138,1105,910,780,715,650,617,585,552,552,552,1203,975,812,747,682,650,617,617,585,585,0.03,0.27,0.52,0.65,0.81,0.9,1,1,1.11,1.11,0.16,0.14,0.09,0.11,0.12,0.14,0.15,0.29,0.16,0.25,1.06,585,617,1.11,1,0.64,0.74,0.53,0.08,0.07,0.04,0.04,0.05,0.05,0.05,0.11,0.06,0.06,0.22,0.26
PIK,2023,2023-11-23,pik_4893,,E2,Gregory,529,1266,1137,1127,828,678,618,578,559,529,519,519,519,1247,898,738,678,638,609,589,589,579,579,0.02,0.41,0.72,0.87,0.98,1.08,1.15,1.15,1.19,1.19,0.17,0.16,0.18,0.21,0.23,0.2,0.26,0.3,0.27,0.35,1.19,608,678,1.08,0.87,0.78,0.86,0.58,0.1,0.08,0.08,0.09,0.09,0.08,0.1,0.12,0.1,0.1,0.31,0.37
PIK,2023,2023-11-23,pik_5334,,E2,Gregory,585,1463,1300,1268,1008,812,715,682,650,617,585,585,585,1398,1073,877,780,747,715,682,682,650,650,0.05,0.36,0.67,0.88,0.96,1.05,1.15,1.15,1.25,1.25,0.16,0.12,0.16,0.19,0.2,0.21,0.23,0.35,0.25,0.29,1.22,650,747,1.25,0.96,0.62,0.9,0.6,0.09,0.06,0.07,0.08,0.09,0.09,0.1,0.14,0.1,0.1,0.25,0.39
PIK,2023,2023-11-23,pik_5366,,E2,Gregory,459,948,817,807,618,548,489,479,458,438,429,429,419,877,678,578,529,509,488,468,459,449,449,0.08,0.4,0.64,0.79,0.86,0.94,1.03,1.07,1.11,1.11,0.16,0.2,0.13,0.2,0.16,0.17,0.19,0.19,0.13,0.3,0.95,449,479,1.11,0.98,0.6,0.78,0.52,0.08,0.09,0.05,0.08,0.06,0.06,0.06,0.07,0.04,0.07,0.2,0.27
PIK,2023,2023-11-23,pik_5470,,E2,Gregory,289,479,419,419,369,319,289,279,270,259,259,259,259,469,409,349,329,299,289,299,289,289,289,0.02,0.17,0.37,0.46,0.6,0.66,0.6,0.66,0.66,0.66,0.27,0.27,0.27,0.39,0.23,0.23,0.46,0.37,0.37,0.5,0.62,289,309,0.66,0.55,0.73,0.87,0.4,0.11,0.1,0.09,0.12,0.07,0.07,0.13,0.1,0.1,0.1,0.21,0.26
PIK,2023,2023-11-23,pik_5617,,E2,Gregory,618,1398,1333,1301,976,813,715,650,650,618,618,585,585,1398,1008,845,780,715,650,650,650,650,650,0,0.39,0.65,0.79,0.96,1.15,1.15,1.15,1.15,1.15,0.12,0.07,0.09,0.2,0.23,0,0.13,0.13,0.27,0.33,1.28,650,715,1.15,0.96,0.67,0.7,0.56,0.07,0.03,0.04,0.08,0.09,0,0.05,0.05,0.1,0.1,0.25,0.27
PIK,2023,2023-11-23,pik_5666,,E2,Gregory,812,2601,2405,2373,1723,1333,1138,1007,910,910,845,780,780,2535,1821,1431,1203,1073,1008,943,943,878,845,0.03,0.43,0.82,1.16,1.42,1.58,1.76,1.76,1.96,2.08,0.09,0.09,0.12,0.11,0.13,0.21,0.08,0.23,0.26,0.22,2.08,975,1138,1.67,1.29,0.74,0.87,0.69,0.06,0.05,0.07,0.05,0.06,0.1,0.03,0.1,0.11,0.08,0.33,0.43
PIK,2023,2023-11-23,pik_730,,E1,Diery,585,1756,1691,1691,1365,1072,975,910,877,812,780,780,748,1755,1430,1137,1040,943,910,877,845,812,845,0,0.23,0.54,0.69,0.86,0.93,1,1.08,1.16,1.08,0.05,0.07,0.1,0.12,0.07,0.07,0.15,0.16,0.08,0.3,1.26,845,910,1.08,0.93,0.86,0.91,0.67,0.04,0.05,0.06,0.06,0.03,0.04,0.07,0.08,0.04,0.11,0.42,0.46
PIK,2023,2023-11-23,pik_739,,E1,Diery,409,967,888,868,559,558,479,428,449,428,399,379,399,928,588,569,498,429,479,458,419,379,409,0.04,0.64,0.7,0.94,1.25,1.02,1.11,1.31,1.55,1.36,0.11,0.11,0.04,0.09,0.01,0.16,0.17,0.13,0,0.08,1.23,448,448,1.16,1.16,0.86,0.92,0.58,0.06,0.05,0.02,0.04,0,0.06,0.07,0.05,0,0.02,0.33,0.35
PIK,2023,2023-11-23,pik_981,,E1,Diery,137,185,169,169,154,144,138,128,127,121,124,125,118,185,169,157,147,143,140,140,137,140,134,0,0.09,0.18,0.26,0.29,0.32,0.32,0.35,0.32,0.38,0.33,0.37,0.36,0.28,0.49,0.44,0.65,0.46,0.51,0.73,0.43,137,144,0.35,0.28,0.89,1.04,0.26,0.09,0.09,0.08,0.06,0.1,0.09,0.14,0.09,0.11,0.12,0.18,0.22
PIK,2023,2023-11-23,pik_984,,E1,Diery,429,947,907,907,717,608,519,488,468,448,439,429,359,967,737,628,559,508,478,478,459,439,379,-0.02,0.28,0.51,0.69,0.86,0.98,0.98,1.06,1.16,1.5,0.11,0.06,0.07,0.17,0.1,0.06,0.17,0.12,0.06,0.2,1.53,409,449,1.32,1.11,0.78,0.8,0.55,0.06,0.03,0.03,0.07,0.04,0.02,0.06,0.04,0.02,0.05,0.27,0.29
PIK,2023,2023-11-24,pik_1530,,E1,Fatima,398,698,668,668,658,618,568,538,508,488,468,469,449,688,678,638,588,548,518,508,488,479,458,0.01,0.03,0.09,0.19,0.27,0.35,0.37,0.43,0.46,0.52,0.07,0.07,0.08,0.09,0.05,0.05,0.11,0.12,0.06,0.08,0.49,458,458,0.52,0.52,0.79,0.79,0.43,0.03,0.03,0.03,0.03,0.02,0.02,0.04,0.04,0.02,0.02,0.26,0.26
PIK,2023,2023-11-24,pik_1676,,E1,Fatima,139,210,199,209,200,189,180,169,169,170,160,149,149,219,210,199,190,179,179,170,170,179,159,-0.04,0,0.06,0.11,0.17,0.17,0.24,0.24,0.17,0.32,0.13,0.14,0.15,0.17,0.18,0.18,0,0.2,0.55,0.34,0.34,169,179,0.24,0.17,1.02,0.74,0.34,0.05,0.05,0.05,0.05,0.06,0.06,0,0.06,0.17,0.06,0.3,0.22
PIK,2023,2023-11-24,pik_1826,,E1,Fatima,389,857,788,808,738,658,588,528,479,458,438,439,429,847,788,678,618,558,468,478,459,449,449,0.01,0.09,0.26,0.39,0.54,0.83,0.79,0.87,0.91,0.91,0.08,0.12,0.06,0.1,0.12,-0.06,0.1,0.12,0.06,0.13,0.84,429,429,1,1,0.81,0.87,0.55,0.05,0.06,0.03,0.05,0.05,-0.02,0.04,0.05,0.02,0.04,0.3,0.33
PIK,2023,2023-11-24,pik_1826,,E1,Fatima,22,33,25,23,22,22,23,23,23,23,21,22,23,33,32,34,33,31,34,31,34,34,33,0,0.03,-0.03,0,0.06,-0.03,0.06,-0.03,-0.03,0,0.91,0.96,1.04,0.91,0.81,0.95,0.81,1.12,1.04,0.77,0.09,35,33,-0.06,0,1.15,1.27,0.33,0.3,0.31,0.35,0.3,0.26,0.32,0.26,0.38,0.35,0.3,0.4,0.42
PIK,2023,2023-11-24,pik_1972,,E1,Fatima,190,348,320,309,299,279,249,260,239,249,229,220,219,349,339,299,279,270,259,259,249,239,249,0,0.03,0.16,0.25,0.29,0.34,0.34,0.4,0.46,0.4,0.25,0.26,0.16,0.27,0.09,0.2,0.1,0.22,0.22,0.5,0.46,239,239,0.46,0.46,0.68,0.56,0.45,0.11,0.12,0.07,0.11,0.04,0.08,0.04,0.08,0.08,0.12,0.25,0.21
PIK,2023,2023-11-24,pik_2106,,E1,Fatima,149,239,220,220,200,189,180,180,169,159,160,159,149,239,229,209,200,189,189,180,180,169,149,0,0.04,0.14,0.19,0.26,0.26,0.33,0.33,0.41,0.6,0.21,0.35,0.28,0.3,0.15,0.33,0.37,0.36,0.2,0,0.48,160,160,0.49,0.49,0.87,0.65,0.38,0.08,0.13,0.1,0.1,0.05,0.11,0.12,0.11,0.06,0,0.25,0.19
PIK,2023,2023-11-24,pik_2112,,E1,Fatima,169,269,250,239,239,229,229,209,199,210,189,180,190,269,259,249,239,219,219,219,199,200,200,0,0.04,0.08,0.13,0.23,0.23,0.23,0.35,0.34,0.34,0.3,0.21,0.23,0.12,0.14,0.28,0.13,0.17,0.33,0.25,0.32,190,199,0.42,0.35,0.54,0.83,0.37,0.11,0.08,0.08,0.04,0.05,0.09,0.04,0.05,0.1,0.05,0.16,0.25
PIK,2023,2023-11-24,pik_2261,,E1,Fatima,220,389,359,349,329,309,269,259,249,249,249,229,240,398,379,329,309,299,279,270,260,259,260,-0.02,0.03,0.18,0.26,0.3,0.39,0.44,0.5,0.5,0.5,0.28,0.31,0.15,0.34,0.36,0.3,0.22,0.12,0.34,0.25,0.5,259,269,0.5,0.45,0.9,0.96,0.43,0.12,0.13,0.06,0.13,0.13,0.11,0.08,0.04,0.12,0.08,0.31,0.33
PIK,2023,2023-11-24,pik_2403,,E1,Fatima,260,529,479,479,429,379,339,309,299,289,289,280,269,529,459,398,359,339,329,309,309,299,299,0,0.15,0.33,0.47,0.56,0.61,0.71,0.71,0.77,0.77,0.19,0.14,0.11,0.14,0.22,0.23,0.17,0.17,0.17,0.34,0.78,300,299,0.76,0.77,0.81,0.73,0.51,0.09,0.07,0.05,0.06,0.09,0.09,0.06,0.06,0.06,0.1,0.3,0.27
PIK,2023,2023-11-24,pik_2760,,E2,Gregory,418,798,728,718,668,579,529,489,468,459,438,439,429,798,727,628,559,538,518,489,488,479,479,0,0.1,0.27,0.43,0.48,0.54,0.63,0.64,0.67,0.67,0.21,0.18,0.19,0.14,0.24,0.26,0.17,0.29,0.24,0.36,0.7,469,479,0.7,0.67,0.8,0.83,0.48,0.1,0.08,0.08,0.05,0.09,0.1,0.06,0.1,0.08,0.1,0.28,0.29
PIK,2023,2023-11-24,pik_2851,,E2,Gregory,369,698,628,628,558,468,419,398,379,359,359,359,349,698,598,508,459,428,419,409,388,379,369,0,0.17,0.37,0.52,0.63,0.67,0.71,0.8,0.84,0.89,0.21,0.15,0.2,0.24,0.2,0.27,0.36,0.23,0.16,0.25,0.8,379,399,0.84,0.75,0.81,0.82,0.47,0.1,0.07,0.08,0.09,0.07,0.1,0.12,0.07,0.05,0.05,0.26,0.28
PIK,2023,2023-11-24,pik_3192,,E2,Gregory,379,758,678,668,598,499,439,408,389,388,368,368,369,748,658,549,489,458,439,428,418,408,409,0.01,0.15,0.38,0.55,0.66,0.73,0.77,0.81,0.86,0.85,0.22,0.2,0.22,0.26,0.29,0.31,0.26,0.34,0.28,0.34,0.84,409,419,0.85,0.81,0.77,0.8,0.5,0.11,0.09,0.09,0.1,0.11,0.11,0.09,0.12,0.1,0.1,0.27,0.29
PIK,2023,2023-11-24,pik_3282,,E2,Gregory,520,878,813,813,715,651,586,521,521,487,488,488,487,878,780,683,618,553,553,520,520,487,488,0,0.13,0.29,0.42,0.59,0.59,0.69,0.69,0.8,0.8,0.18,0.22,0.13,0.16,0.19,0.19,0.22,0.21,-0.01,0.01,0.67,488,521,0.8,0.69,0.73,0.87,0.41,0.07,0.08,0.05,0.05,0.06,0.06,0.06,0.06,0,0,0.2,0.25
PIK,2023,2023-11-24,pik_3321,,E2,Gregory,458,977,877,877,827,738,658,609,578,548,538,518,508,967,918,818,738,678,628,608,588,578,558,0.01,0.06,0.19,0.32,0.44,0.56,0.61,0.66,0.69,0.75,0.18,0.19,0.2,0.24,0.23,0.19,0.24,0.21,0.26,0.28,0.73,549,568,0.78,0.72,0.84,0.89,0.53,0.09,0.1,0.1,0.11,0.1,0.08,0.1,0.09,0.1,0.09,0.33,0.35
PIK,2023,2023-11-24,pik_3437,,E2,Gregory,399,718,658,648,628,578,528,488,469,449,439,429,429,708,678,618,568,528,509,479,478,459,449,0.01,0.06,0.16,0.26,0.36,0.41,0.5,0.5,0.56,0.6,0.19,0.17,0.16,0.18,0.2,0.22,0.18,0.23,0.19,0.15,0.53,449,449,0.6,0.6,0.8,0.8,0.44,0.08,0.07,0.06,0.07,0.08,0.08,0.06,0.08,0.07,0.04,0.27,0.27
PIK,2023,2023-11-24,pik_3484,,E2,Gregory,369,549,458,449,439,399,379,359,339,339,329,319,319,479,459,429,389,389,369,369,348,339,349,0.15,0.2,0.28,0.41,0.41,0.49,0.49,0.58,0.62,0.57,0.21,0.15,0.25,0.1,0.3,0.33,0.33,0.23,0.25,0.33,0.44,339,339,0.62,0.62,0.89,0.89,0.33,0.06,0.04,0.07,0.03,0.08,0.08,0.08,0.05,0.06,0.09,0.21,0.21
PIK,2023,2023-11-24,pik_3628,,E2,Gregory,459,768,728,718,698,628,558,528,489,469,459,449,449,777,737,668,598,558,518,499,498,479,469,-0.01,0.04,0.15,0.28,0.38,0.48,0.54,0.54,0.6,0.64,0.19,0.13,0.16,0.19,0.16,0.18,0.2,0.26,0.21,0.18,0.62,469,478,0.64,0.61,0.81,0.77,0.4,0.08,0.05,0.06,0.07,0.05,0.06,0.06,0.08,0.06,0.04,0.23,0.23
PIK,2023,2023-11-24,pik_373,,E1,Fatima,239,329,329,319,309,310,299,299,289,289,279,279,269,329,320,320,299,309,309,289,289,289,289,0,0.03,0.03,0.1,0.06,0.06,0.14,0.14,0.14,0.14,0.11,0.13,0.12,0,0.12,0.25,0,0.14,0.14,0.33,0.22,289,289,0.14,0.14,0.97,0.84,0.27,0.03,0.03,0.03,0,0.03,0.06,0,0.03,0.03,0.07,0.24,0.21
PIK,2023,2023-11-24,pik_3759,,E2,Gregory,199,260,239,239,229,219,199,209,190,190,190,180,169,259,239,239,229,219,220,200,190,189,189,0,0.09,0.09,0.14,0.19,0.18,0.3,0.37,0.38,0.38,0.33,0.19,0.38,0.62,0.22,0.66,0.26,0,0.26,0.67,0.41,190,190,0.37,0.37,0.86,0.58,0.23,0.08,0.04,0.08,0.13,0.05,0.14,0.05,0,0.05,0.11,0.16,0.11
PIK,2023,2023-11-24,pik_3907,,E2,Gregory,179,230,219,219,210,199,189,200,180,180,170,170,180,229,219,219,219,200,200,190,180,189,179,0,0.05,0.05,0.05,0.15,0.15,0.21,0.28,0.22,0.28,0.2,0.19,0.43,0.64,0,0.5,0.28,0.3,0.53,-0.03,0.22,180,180,0.28,0.28,0.91,0.61,0.22,0.04,0.04,0.09,0.14,0,0.1,0.05,0.06,0.1,-0.01,0.17,0.11
PIK,2023,2023-11-24,pik_4006,,E2,Gregory,498,747,707,708,688,648,608,578,548,548,528,518,499,748,708,678,628,598,578,558,548,528,518,0,0.06,0.1,0.19,0.25,0.29,0.34,0.36,0.41,0.44,0.16,0.09,0.14,0.11,0.12,0.19,0.07,0.14,0.07,0.21,0.42,518,518,0.44,0.44,0.74,0.67,0.33,0.05,0.03,0.04,0.03,0.03,0.05,0.02,0.04,0.02,0.04,0.19,0.17
PIK,2023,2023-11-24,pik_4025,,E2,Gregory,553,1366,1301,1301,1236,1073,943,845,781,748,715,716,650,1333,1301,1138,975,878,846,813,780,748,715,0.02,0.05,0.2,0.4,0.56,0.61,0.68,0.75,0.83,0.91,0.04,0.09,0.1,0.06,0.08,0.16,0.17,0.18,0.1,0.29,1,683,715,1,0.91,0.79,0.84,0.6,0.02,0.05,0.06,0.03,0.04,0.08,0.08,0.08,0.04,0.09,0.33,0.36
PIK,2023,2023-11-24,pik_4043,,E2,Gregory,459,888,818,828,768,668,598,549,529,509,499,479,469,887,828,708,628,578,559,539,529,509,509,0,0.07,0.25,0.41,0.54,0.59,0.65,0.68,0.74,0.74,0.14,0.16,0.13,0.12,0.13,0.14,0.15,0.16,0.17,0.27,0.74,499,508,0.78,0.75,0.81,0.79,0.48,0.07,0.07,0.06,0.05,0.05,0.05,0.06,0.06,0.06,0.08,0.28,0.27
PIK,2023,2023-11-24,pik_4141,,E2,Gregory,518,917,898,908,877,817,757,708,668,648,618,608,598,937,897,847,777,728,688,668,648,628,608,-0.02,0.02,0.08,0.18,0.26,0.33,0.37,0.42,0.46,0.51,0.07,0.05,0.09,0.07,0.07,0.08,0.08,0.13,0.09,0.06,0.5,598,608,0.53,0.51,0.8,0.87,0.44,0.03,0.02,0.04,0.03,0.03,0.03,0.03,0.05,0.03,0.02,0.27,0.29
PIK,2023,2023-11-24,pik_4199,,E2,Gregory,409,827,787,777,757,678,618,578,538,528,508,488,478,827,787,708,648,598,568,538,518,508,488,0,0.05,0.17,0.28,0.38,0.46,0.54,0.6,0.63,0.69,0.12,0.08,0.09,0.1,0.08,0.13,0.05,0.05,0.1,0.07,0.65,488,478,0.69,0.73,0.76,0.78,0.51,0.06,0.04,0.04,0.05,0.03,0.05,0.02,0.02,0.04,0.02,0.28,0.29
PIK,2023,2023-11-24,pik_4411,,E2,Gregory,269,439,379,379,339,310,289,259,269,259,259,249,249,429,379,339,309,299,289,279,269,280,279,0.02,0.16,0.29,0.42,0.47,0.52,0.57,0.63,0.57,0.57,0.31,0.3,0.26,0.21,0.44,0.24,0.25,0.13,0.39,0.43,0.52,279,279,0.57,0.57,0.74,0.75,0.39,0.12,0.11,0.09,0.06,0.13,0.07,0.07,0.04,0.11,0.11,0.21,0.22
PIK,2023,2023-11-24,pik_4460,,E2,Gregory,418,1017,928,938,868,727,638,568,538,508,489,468,459,1017,938,787,688,608,568,548,518,508,489,0,0.08,0.29,0.48,0.67,0.79,0.86,0.96,1,1.08,0.13,0.13,0.14,0.15,0.14,0.12,0.17,0.13,0.19,0.19,1.02,489,498,1.08,1.04,0.75,0.82,0.59,0.08,0.07,0.08,0.07,0.07,0.05,0.07,0.06,0.08,0.06,0.31,0.34
PIK,2023,2023-11-24,pik_4480,,E2,Gregory,289,579,569,569,498,439,389,358,359,329,329,319,319,649,559,469,429,398,379,369,359,349,348,-0.11,0.04,0.23,0.35,0.45,0.53,0.57,0.61,0.66,0.66,0.23,0.22,0.14,0.22,0.25,0.13,0.28,0.22,0.23,0.33,0.78,329,339,0.76,0.71,0.66,0.72,0.5,0.12,0.11,0.06,0.09,0.1,0.05,0.11,0.08,0.09,0.08,0.24,0.27
PIK,2023,2023-11-24,pik_4852,,E2,Gregory,449,997,917,917,867,758,678,618,589,549,528,508,498,987,927,807,718,648,609,578,568,548,538,0.01,0.08,0.24,0.39,0.54,0.64,0.72,0.76,0.82,0.85,0.13,0.12,0.12,0.12,0.1,0.08,0.12,0.17,0.18,0.24,0.84,509,509,0.96,0.96,0.72,0.77,0.55,0.07,0.06,0.06,0.06,0.05,0.03,0.05,0.07,0.07,0.07,0.28,0.29
PIK,2023,2023-11-24,pik_4893,,E2,Gregory,521,1106,976,975,748,651,586,521,520,488,455,455,455,1040,813,683,586,553,553,520,488,455,455,0.06,0.36,0.62,0.89,1,1,1.13,1.27,1.43,1.43,0.12,0.18,0.11,0,0.16,0.17,0.18,0.2,0,0,1.15,456,456,1.43,1.43,0.46,0.68,0.53,0.06,0.08,0.05,0,0.06,0.06,0.06,0.07,0,0,0.14,0.21
PIK,2023,2023-11-24,pik_5256,,E2,Gregory,339,519,488,478,478,459,419,409,379,379,358,359,349,498,488,469,429,409,399,389,378,369,349,0.04,0.06,0.11,0.21,0.27,0.3,0.33,0.37,0.41,0.49,0.12,0.06,0.07,0.08,0,0.17,0.09,0.19,0.1,0,0.4,359,359,0.45,0.45,0.93,0.83,0.35,0.04,0.02,0.02,0.02,0,0.05,0.03,0.05,0.03,0,0.25,0.22
PIK,2023,2023-11-24,pik_5408,,E2,Gregory,399,668,638,628,599,538,498,458,448,429,419,409,399,668,638,558,518,478,468,449,439,419,419,0,0.05,0.2,0.29,0.4,0.43,0.49,0.52,0.59,0.59,0.15,0.16,0.1,0.11,0.13,0.13,0.14,0.15,0.08,0.2,0.6,419,418,0.59,0.6,0.88,0.88,0.4,0.06,0.06,0.04,0.04,0.04,0.04,0.04,0.05,0.02,0.05,0.26,0.26
PIK,2023,2023-11-24,pik_5454,,E2,Gregory,299,428,399,399,389,359,339,319,309,299,299,279,289,429,409,389,359,339,339,319,319,299,309,0,0.05,0.1,0.19,0.26,0.26,0.34,0.34,0.43,0.39,0.23,0.17,0.27,0.21,0.23,0.35,0.26,0.26,0.29,0.29,0.38,299,299,0.43,0.43,0.87,0.87,0.3,0.07,0.05,0.08,0.06,0.06,0.09,0.06,0.06,0.07,0.06,0.2,0.2
PIK,2023,2023-11-24,pik_5586,,E2,Gregory,309,389,389,369,379,359,339,339,309,309,299,299,289,399,389,379,349,339,329,319,319,309,299,-0.03,0,0.03,0.11,0.15,0.18,0.22,0.22,0.26,0.3,0.36,0.12,0.26,0.15,0,0.34,0.18,0.36,0.19,0.2,0.35,299,299,0.3,0.3,0.81,0.81,0.21,0.08,0.03,0.05,0.03,0,0.06,0.03,0.06,0.03,0.03,0.13,0.13
PIK,2023,2023-11-24,pik_5589,,E2,Gregory,419,618,608,599,589,558,538,518,499,489,469,458,449,618,599,578,538,529,509,489,488,468,469,0,0.03,0.07,0.15,0.17,0.21,0.26,0.27,0.32,0.32,0.1,0.05,0.11,0,0.07,0.07,0,0.14,0.08,0.2,0.35,459,469,0.35,0.32,0.92,0.89,0.32,0.03,0.02,0.03,0,0.02,0.02,0,0.04,0.02,0.04,0.24,0.23
PIK,2023,2023-11-24,pik_619,,E1,Fatima,209,319,309,309,309,299,269,269,259,249,239,250,240,329,319,309,299,289,269,259,259,250,250,-0.03,0,0.03,0.07,0.1,0.19,0.23,0.23,0.28,0.28,0.17,0.09,0.1,0.3,0.21,0.12,0.13,0.26,0,0.16,0.29,249,240,0.28,0.33,0.83,0.88,0.34,0.06,0.03,0.03,0.1,0.07,0.04,0.04,0.08,0,0.04,0.24,0.25
PIK,2023,2023-11-24,pik_748,,E1,Fatima,289,539,518,518,489,419,389,369,349,329,329,319,309,548,509,449,408,379,369,339,339,339,329,-0.02,0.06,0.2,0.32,0.42,0.46,0.59,0.59,0.59,0.64,0.12,0.09,0.16,0.12,0.07,0.15,0.08,0.08,0.17,0.22,0.68,319,319,0.69,0.69,0.73,0.92,0.46,0.05,0.04,0.07,0.05,0.03,0.05,0.03,0.03,0.06,0.06,0.25,0.31
PIK,2023,2023-11-24,pik_910,,E1,Fatima,289,538,499,498,469,419,379,359,339,319,319,319,299,548,518,459,409,379,369,359,339,339,329,-0.02,0.04,0.17,0.32,0.42,0.46,0.5,0.59,0.59,0.64,0.2,0.21,0.21,0.19,0.14,0.22,0.31,0.17,0.17,0.33,0.67,329,329,0.64,0.64,0.79,0.78,0.46,0.09,0.09,0.09,0.07,0.05,0.08,0.11,0.06,0.06,0.09,0.27,0.27
PIK,2023,2023-11-24,pik_956,,E1,Fatima,170,220,220,210,210,210,200,210,190,190,190,180,179,220,230,220,210,210,210,200,200,190,189,0,-0.04,0,0.05,0.05,0.05,0.1,0.1,0.16,0.16,0.2,0.37,0.2,0.22,0,0.43,0.24,0.24,0.26,0.25,0.23,189,190,0.16,0.16,1.02,1.04,0.23,0.05,0.09,0.05,0.05,0,0.1,0.05,0.05,0.05,0.05,0.21,0.21
PIK,2023,2023-11-24,pik_960,,E1,Fatima,279,468,449,439,439,418,399,378,368,358,349,349,329,479,459,429,399,398,388,368,359,349,349,-0.02,0.02,0.09,0.17,0.18,0.21,0.27,0.3,0.34,0.34,0.2,0.11,0.07,0,0.14,0.14,0.08,0.08,0,0.2,0.36,349,349,0.34,0.34,0.94,0.94,0.4,0.08,0.04,0.03,0,0.05,0.05,0.03,0.03,0,0.06,0.32,0.32
PIK,2023,2023-12-14,pik_118,,E2,Olivia,189,259,259,259,249,239,219,219,209,199,189,190,190,259,259,249,239,219,219,209,199,200,200,0,0,0.04,0.08,0.18,0.18,0.24,0.3,0.29,0.29,0,0.14,0.15,0.33,0,0.19,0.21,0.23,0.22,0.25,0.36,180,180,0.44,0.44,0.54,0.54,0.27,0,0.04,0.04,0.08,0,0.05,0.05,0.05,0.05,0.05,0.11,0.11
PIK,2023,2023-12-14,pik_122,,E2,Olivia,89,102,102,99,98,96,96,93,86,87,86,89,83,102,105,102,103,99,92,93,86,92,92,0,-0.03,0,-0.01,0.03,0.11,0.1,0.19,0.11,0.11,0.23,0.51,0.46,0.53,0.49,0.56,0.55,0,0.28,0.69,0.23,89,93,0.15,0.1,0.6,1.56,0.13,0.03,0.07,0.06,0.07,0.06,0.07,0.06,0,0.03,0.1,0.07,0.18
PIK,2023,2023-12-14,pik_1530,,E2,Olivia,179,229,210,210,200,199,179,169,169,169,159,159,159,230,220,199,189,189,179,179,169,169,169,0,0.04,0.15,0.21,0.21,0.28,0.28,0.36,0.36,0.36,0.4,0.43,0,0.28,0.56,0.31,0.31,0.35,0.35,0.33,0.32,159,149,0.44,0.54,0.39,0.44,0.22,0.09,0.09,0,0.05,0.11,0.06,0.06,0.06,0.06,0.06,0.06,0.07
PIK,2023,2023-12-14,pik_1676,,E2,Olivia,140,169,166,163,159,150,147,140,141,134,134,128,128,173,166,159,157,150,143,140,140,137,138,-0.02,0.02,0.06,0.08,0.13,0.18,0.21,0.21,0.23,0.22,0.33,0.25,0.35,0.39,0.43,0.09,0.29,0.29,0.46,0.5,0.3,131,134,0.29,0.26,1.05,1.01,0.17,0.06,0.04,0.06,0.06,0.07,0.01,0.04,0.04,0.07,0.07,0.15,0.14
PIK,2023,2023-12-14,pik_1711,,E2,Olivia,179,239,219,219,209,199,189,179,169,169,169,159,159,239,229,219,199,189,179,179,169,169,169,0,0.04,0.09,0.2,0.26,0.34,0.34,0.41,0.41,0.41,0.33,0.36,0.39,0.23,0.25,0.28,0.28,0,0.31,0.33,0.38,169,169,0.41,0.41,0.93,0.59,0.25,0.08,0.09,0.09,0.05,0.05,0.06,0.06,0,0.06,0.06,0.18,0.11
PIK,2023,2023-12-14,pik_1826,,E2,Olivia,115,131,128,125,125,121,118,118,115,115,115,118,112,134,134,131,131,127,121,122,118,122,121,-0.02,-0.02,0,0,0.03,0.08,0.07,0.11,0.07,0.08,0.54,0.54,0.62,0.81,0.6,0.44,0.5,0.23,0.29,0.6,0.14,121,125,0.08,0.05,1.38,1.37,0.12,0.07,0.07,0.08,0.1,0.07,0.05,0.06,0.03,0.03,0.07,0.16,0.16
PIK,2023,2023-12-14,pik_1859,,E2,Olivia,259,448,429,438,398,368,329,309,299,279,279,269,259,458,418,378,349,319,309,289,289,279,279,-0.02,0.07,0.19,0.28,0.4,0.45,0.55,0.55,0.61,0.61,0.1,0.12,0.07,0.16,0.09,0.1,0.11,0.11,0.11,0.29,0.66,269,269,0.67,0.67,0.73,0.85,0.42,0.04,0.05,0.03,0.06,0.03,0.03,0.03,0.03,0.04,0.07,0.22,0.26
PIK,2023,2023-12-14,pik_1972,,E2,Olivia,259,488,449,449,429,369,349,329,299,290,290,280,269,498,449,399,369,349,329,310,300,310,289,-0.02,0.09,0.22,0.32,0.4,0.48,0.57,0.63,0.57,0.69,0.21,0.1,0.18,0.14,0.15,0.24,0.18,0.09,0.27,0.29,0.67,279,279,0.75,0.75,0.75,0.64,0.47,0.1,0.04,0.08,0.05,0.06,0.09,0.06,0.03,0.1,0.07,0.25,0.22
PIK,2023,2023-12-14,pik_2106,,E2,Olivia,179,219,219,219,209,209,189,170,170,170,160,160,160,229,219,219,199,199,180,170,170,170,170,-0.04,0,0,0.1,0.1,0.22,0.29,0.29,0.29,0.29,0.23,0.25,0.25,0.3,0.86,0.36,0,0.4,0.4,0.33,0.37,160,170,0.37,0.29,0.45,1.19,0.18,0.04,0.05,0.05,0.05,0.15,0.06,0,0.06,0.06,0.06,0.06,0.18
PIK,2023,2023-12-14,pik_2112,,E2,Olivia,86,102,96,90,95,86,86,86,80,83,79,83,79,99,99,95,89,93,90,86,86,87,83,0.03,0.03,0.07,0.15,0.1,0.13,0.19,0.19,0.17,0.23,0.59,0.26,0.64,0.24,0.52,0.79,0.26,0.6,0.34,0.67,0.22,86,86,0.19,0.19,0.6,0.77,0.16,0.09,0.04,0.09,0.03,0.08,0.11,0.03,0.08,0.05,0.05,0.08,0.1
PIK,2023,2023-12-14,pik_2155,,E2,Olivia,289,389,379,379,359,329,309,299,299,289,289,269,279,389,359,349,329,319,299,299,289,289,279,0,0.08,0.11,0.18,0.22,0.3,0.3,0.35,0.35,0.39,0.1,0,0.24,0.27,0.28,0,0.16,0,0.34,0,0.36,279,279,0.39,0.39,0.72,0.72,0.26,0.03,0,0.06,0.06,0.06,0,0.03,0,0.07,0,0.14,0.14
PIK,2023,2023-12-14,pik_2168,,E2,Olivia,112,134,128,128,124,121,118,112,112,109,108,109,108,137,134,128,124,121,119,118,115,115,115,-0.02,0,0.05,0.08,0.11,0.13,0.14,0.17,0.17,0.17,0.39,0.45,0.35,0.31,0.49,0.4,0.52,0.42,0.36,0.44,0.19,105,115,0.28,0.17,0.93,0.78,0.16,0.07,0.07,0.05,0.05,0.07,0.06,0.08,0.06,0.05,0.06,0.12,0.11
PIK,2023,2023-12-14,pik_2261,,E2,Olivia,150,188,182,182,172,163,153,154,147,144,143,140,141,192,182,173,163,163,156,153,151,147,146,-0.02,0.03,0.09,0.15,0.15,0.21,0.23,0.25,0.28,0.29,0.25,0.28,0.31,0.34,0.31,0.33,0.34,0.31,0.29,0.28,0.29,144,144,0.31,0.31,0.56,0.73,0.2,0.05,0.05,0.06,0.06,0.06,0.06,0.06,0.05,0.05,0.03,0.09,0.12
PIK,2023,2023-12-14,pik_2403,,E2,Olivia,105,131,127,122,124,121,112,109,109,109,102,105,105,137,131,131,127,122,114,115,115,112,115,-0.04,0,0,0.03,0.07,0.15,0.14,0.14,0.17,0.14,0.53,0.27,0.38,0.61,0.57,0.25,0.29,0.63,0.36,0.45,0.21,109,109,0.2,0.2,0.86,0.7,0.2,0.11,0.05,0.08,0.12,0.11,0.04,0.05,0.11,0.06,0.09,0.15,0.12
PIK,2023,2023-12-14,pik_2441,,E2,Olivia,239,319,299,299,279,259,240,230,219,230,210,219,219,319,299,269,260,250,239,230,230,219,219,0,0.07,0.19,0.23,0.28,0.33,0.39,0.39,0.46,0.46,0.25,0.28,0.17,0.36,0.38,0.42,0,0.45,0,0,0.37,219,229,0.46,0.39,0.49,0.68,0.25,0.06,0.07,0.04,0.08,0.08,0.08,0,0.09,0,0,0.09,0.13
PIK,2023,2023-12-14,pik_2922,,E1,Qi,229,369,339,339,329,289,249,239,229,229,209,209,199,369,339,309,269,249,239,229,219,219,199,0,0.09,0.19,0.37,0.48,0.54,0.61,0.68,0.68,0.85,0.21,0.08,0.19,0.24,0.14,0.15,0,0.17,0.17,0,0.7,199,209,0.85,0.77,0.41,0.74,0.38,0.08,0.03,0.06,0.07,0.04,0.04,0,0.05,0.05,0,0.1,0.19
PIK,2023,2023-12-14,pik_30,,E2,Olivia,159,209,199,199,189,199,179,179,169,169,159,159,169,209,209,199,189,179,189,179,169,169,169,0,0,0.05,0.11,0.17,0.11,0.17,0.24,0.24,0.24,0.2,0.4,0,0.24,0,0.48,0.26,0.29,0.29,0,0.18,169,159,0.24,0.31,0.85,0.62,0.24,0.05,0.1,0,0.05,0,0.11,0.06,0.06,0.06,0,0.17,0.12
PIK,2023,2023-12-14,pik_3118,,E1,Qi,229,289,289,289,279,259,249,239,229,219,219,209,209,299,289,269,259,249,229,229,219,219,219,-0.03,0,0.07,0.12,0.16,0.26,0.26,0.32,0.32,0.32,0.16,0.17,0.19,0.2,0.22,0,0.25,0,0.28,0.25,0.38,209,219,0.38,0.32,0.9,1.1,0.21,0.03,0.03,0.04,0.04,0.04,0,0.04,0,0.05,0.05,0.14,0.18
PIK,2023,2023-12-14,pik_3131,,E1,Qi,160,199,189,179,179,169,159,149,139,140,130,130,130,199,199,179,179,159,149,150,150,150,130,0,0,0.11,0.11,0.25,0.34,0.33,0.33,0.33,0.53,0.51,0.51,0.31,0.62,0.39,0.43,0.43,0.86,0.86,0,0.45,130,130,0.53,0.53,0.56,1.12,0.2,0.1,0.1,0.06,0.11,0.06,0.07,0.07,0.13,0.13,0,0.08,0.15
PIK,2023,2023-12-14,pik_316,,E2,Olivia,160,229,219,219,219,209,199,199,179,179,179,169,160,239,229,219,219,199,199,189,179,179,179,-0.04,0,0.05,0.05,0.15,0.15,0.21,0.28,0.28,0.28,0.27,0.14,0.16,0.31,0,0.37,0.2,0,0.22,0.47,0.37,169,169,0.36,0.36,0.49,0.49,0.3,0.08,0.04,0.05,0.09,0,0.1,0.05,0,0.06,0.11,0.12,0.12
PIK,2023,2023-12-14,pik_3273,,E1,Qi,199,259,249,249,239,219,219,199,199,189,189,170,180,259,259,239,229,209,199,189,199,190,180,0,0,0.08,0.13,0.24,0.3,0.37,0.3,0.36,0.44,0.17,0.33,0.38,0.21,0.24,0,0,0.27,0.58,0,0.38,180,180,0.44,0.44,0.64,0.64,0.23,0.04,0.08,0.08,0.04,0.05,0,0,0.05,0.11,0,0.11,0.11
PIK,2023,2023-12-14,pik_3356,,E1,Qi,180,229,239,239,229,219,209,199,189,189,179,180,179,249,239,229,219,209,199,199,189,190,179,-0.08,-0.04,0,0.05,0.1,0.15,0.15,0.21,0.21,0.28,0.18,0.19,0.2,0.22,0.24,0.26,0.26,0.29,0.29,0,0.34,169,169,0.36,0.36,0.35,0.71,0.21,0.04,0.04,0.04,0.05,0.05,0.05,0.05,0.05,0.05,0,0.06,0.12
PIK,2023,2023-12-14,pik_3366,,E1,Qi,249,359,359,349,339,309,289,279,269,259,249,239,239,369,359,329,299,289,259,259,259,249,239,-0.03,0,0.09,0.2,0.24,0.39,0.39,0.39,0.44,0.5,0.17,0.18,0.21,0.12,0.13,-0.16,0,0.16,0.17,0,0.5,230,239,0.56,0.5,0.79,0.74,0.31,0.05,0.06,0.06,0.03,0.03,-0.04,0,0.04,0.04,0,0.17,0.17
PIK,2023,2023-12-14,pik_3505,,E1,Qi,149,219,210,200,200,190,180,179,169,160,159,159,149,230,210,210,200,179,179,179,169,159,159,-0.05,0.04,0.04,0.09,0.22,0.22,0.22,0.3,0.38,0.38,0.39,0.15,0.31,0.33,0,0.2,0.38,0.22,0,0.33,0.41,159,159,0.38,0.38,0.74,0.74,0.32,0.13,0.05,0.1,0.1,0,0.06,0.11,0.06,0,0.06,0.19,0.19
PIK,2023,2023-12-14,pik_373,,E1,Qi,144,166,170,160,153,150,137,134,131,128,128,128,124,172,160,150,144,141,137,134,138,128,130,-0.03,0.04,0.11,0.15,0.18,0.21,0.24,0.2,0.3,0.28,0.51,0.34,0,0.42,0.43,0.39,0.41,0.64,0,0.32,0.37,131,137,0.27,0.21,0.92,1.04,0.13,0.07,0.04,0,0.05,0.05,0.04,0.04,0.07,0,0.05,0.1,0.12
PIK,2023,2023-12-14,pik_3967,,E1,Qi,190,260,250,259,239,239,229,219,209,199,209,189,189,269,269,239,229,229,219,209,209,199,200,-0.03,-0.03,0.09,0.14,0.14,0.19,0.24,0.24,0.31,0.3,0.13,0.4,0,0,0.18,0.19,0.21,0,0.23,0.28,0.32,190,190,0.37,0.37,0.5,0.99,0.27,0.04,0.11,0,0,0.04,0.05,0.05,0,0.05,0.05,0.11,0.21
PIK,2023,2023-12-14,pik_402,,E2,Olivia,42,56,45,43,42,43,44,44,42,43,42,43,42,55,54,56,55,56,56,54,56,54,52,0.02,0.04,0,0.02,0,0,0.04,0,0.04,0.08,0.88,0.91,0.93,0.81,0.86,1,0.84,1,0.84,0.83,0.07,56,54,0,0.04,1.07,1.07,0.25,0.22,0.22,0.23,0.2,0.21,0.25,0.2,0.25,0.2,0.19,0.27,0.26
PIK,2023,2023-12-14,pik_4086,,E1,Qi,170,230,219,219,209,199,189,179,179,169,159,160,159,239,229,209,209,179,179,179,169,170,169,-0.04,0,0.1,0.1,0.28,0.28,0.28,0.36,0.35,0.36,0.31,0.34,0.2,0.39,0,0,0.26,0.29,0.28,0.33,0.38,159,159,0.45,0.45,0.64,0.96,0.26,0.08,0.09,0.05,0.1,0,0,0.06,0.06,0.06,0.06,0.13,0.19
PIK,2023,2023-12-14,pik_413,,E2,Olivia,319,498,468,468,428,388,349,329,319,309,289,279,279,498,468,398,369,349,339,319,309,299,289,0,0.06,0.25,0.35,0.43,0.47,0.56,0.61,0.67,0.72,0.17,0.25,0.08,0.18,0.2,0.21,0.12,0.25,0.27,0.2,0.68,289,290,0.72,0.72,0.85,0.7,0.36,0.06,0.09,0.03,0.05,0.06,0.06,0.03,0.06,0.07,0.03,0.21,0.17
PIK,2023,2023-12-14,pik_4231,,E1,Qi,455,1008,1041,1008,976,813,748,683,618,585,585,520,520,1040,943,878,748,716,650,618,553,520,520,-0.03,0.07,0.15,0.35,0.41,0.55,0.63,0.82,0.94,0.94,0.06,-0.07,0.14,0,0.1,0.11,0.13,-0.14,0,0,1,520,487,0.94,1.07,0.65,0.72,0.55,0.03,-0.03,0.07,0,0.05,0.05,0.05,-0.06,0,0,0.25,0.27
PIK,2023,2023-12-14,pik_4393,,E1,Qi,189,239,230,230,230,210,200,180,180,170,170,169,149,240,240,220,200,190,190,180,180,169,159,0,0,0.09,0.19,0.26,0.26,0.33,0.33,0.41,0.5,0.2,0.2,0.23,0,0.3,0.3,0.33,0.33,0,0.5,0.54,159,159,0.5,0.5,0.8,0.84,0.21,0.04,0.04,0.05,0,0.05,0.05,0.06,0.06,0,0.06,0.12,0.13
PIK,2023,2023-12-14,pik_4401,,E1,Qi,99,115,115,115,112,108,105,102,99,96,96,96,92,118,124,115,108,105,102,102,103,102,99,-0.03,-0.07,0,0.06,0.1,0.13,0.13,0.12,0.13,0.16,0.18,0.65,0.44,0.21,0.22,0.23,0.47,0.54,0.47,0.44,0.25,96,106,0.2,0.08,0.88,1.02,0.14,0.03,0.1,0.06,0.03,0.03,0.03,0.06,0.07,0.06,0.07,0.1,0.13
PIK,2023,2023-12-14,pik_4651,,E1,Qi,160,219,209,199,209,189,180,170,170,160,160,170,160,209,209,199,190,180,170,170,170,160,170,0.05,0.05,0.1,0.15,0.22,0.29,0.29,0.29,0.37,0.29,0.18,0,0.2,0.22,0.24,0,0.26,0.26,-0.29,0.48,0.31,160,159,0.37,0.38,0.32,0.3,0.27,0.05,0,0.05,0.05,0.06,0,0.06,0.06,-0.06,0.06,0.07,0.06
PIK,2023,2023-12-14,pik_4784,,E1,Qi,150,180,179,179,169,169,160,150,150,140,140,140,140,189,179,169,170,160,150,150,140,150,140,-0.05,0.01,0.07,0.06,0.12,0.2,0.2,0.29,0.2,0.29,0.3,0.34,0,0.37,0.41,0,0.47,0,0.47,0,0.28,140,149,0.29,0.21,1.06,1.42,0.17,0.05,0.06,0,0.06,0.06,0,0.07,0,0.07,0,0.14,0.2
PIK,2023,2023-12-14,pik_4816,,E1,Qi,73,83,83,76,77,77,70,70,70,67,67,71,67,80,83,76,79,77,83,74,73,74,74,0.04,0,0.09,0.05,0.08,0,0.12,0.14,0.12,0.12,0.43,0.6,-0.12,0.99,0.81,1.3,0.87,0.76,0.37,0.64,0.24,74,74,0.12,0.12,0.5,1.24,0.12,0.05,0.07,-0.01,0.11,0.09,0.16,0.09,0.08,0.04,0.09,0.05,0.14
PIK,2023,2023-12-14,pik_5334,,E1,Qi,160,199,189,179,189,179,179,169,159,169,149,159,149,189,189,199,189,170,169,169,169,149,159,0.05,0.05,0,0.05,0.17,0.18,0.18,0.18,0.34,0.25,0.28,0,0.51,0.28,0.03,0.35,0,0.69,-0.43,0.5,0.27,159,160,0.25,0.24,0.77,0.38,0.2,0.05,0,0.1,0.05,0.01,0.06,0,0.12,-0.07,0.06,0.13,0.06
PIK,2023,2023-12-14,pik_5366,,E1,Qi,139,160,150,150,140,140,130,130,120,120,110,120,120,160,160,150,140,130,130,120,120,120,120,0,0,0.07,0.14,0.23,0.23,0.33,0.33,0.33,0.33,0.48,0.95,0.54,0.61,0,0.7,0,0.82,0,0,0.25,120,120,0.33,0.33,1.64,1.64,0.13,0.06,0.12,0.07,0.07,0,0.08,0,0.08,0,0,0.17,0.17
PIK,2023,2023-12-14,pik_5470,,E1,Qi,118,131,131,131,128,128,128,125,122,122,119,121,115,137,137,138,131,128,128,122,122,121,122,-0.04,-0.04,-0.05,0,0.02,0.02,0.07,0.07,0.08,0.07,0.42,0.64,0.7,0.23,0.24,0.48,0,0.26,0,0.5,0.14,118,118,0.11,0.11,0.84,0.66,0.1,0.04,0.07,0.07,0.02,0.02,0.05,0,0.02,0,0.06,0.08,0.06
PIK,2023,2023-12-14,pik_5666,,E1,Qi,100,139,130,120,120,100,100,90,90,90,80,90,90,130,130,120,109,100,100,100,90,90,100,0.07,0.07,0.16,0.28,0.39,0.39,0.39,0.54,0.54,0.39,0.29,0.29,0.66,0.35,0.46,0.46,0.46,0.55,0,1,0.44,90,100,0.54,0.39,0.06,0.91,0.28,0.08,0.08,0.17,0.08,0.1,0.1,0.1,0.11,0,0.1,0.01,0.2
PIK,2023,2023-12-14,pik_619,,E1,Qi,121,156,150,150,143,138,137,128,125,127,121,121,118,160,156,147,143,140,137,134,127,131,131,-0.03,0,0.06,0.09,0.11,0.14,0.16,0.23,0.19,0.19,0.27,0.37,0.29,0.2,0.42,0.43,0.26,0.25,0.39,0.68,0.27,125,125,0.25,0.25,0.98,0.81,0.22,0.06,0.08,0.06,0.04,0.09,0.09,0.05,0.05,0.08,0.1,0.18,0.15
PIK,2023,2023-12-14,pik_739,,E2,Olivia,250,329,319,309,309,299,279,269,269,249,249,239,239,329,329,319,299,279,269,269,269,249,239,0,0,0.03,0.1,0.18,0.22,0.22,0.22,0.32,0.38,0.25,0.25,0.27,0.3,0.17,0,0.36,0.36,0.21,0,0.33,239,249,0.38,0.32,0.9,0.83,0.24,0.06,0.06,0.06,0.07,0.04,0,0.07,0.07,0.04,0,0.17,0.16
PIK,2023,2023-12-14,pik_748,,E2,Olivia,279,399,379,389,379,349,329,319,299,289,279,279,269,398,389,369,339,329,309,299,299,289,279,0,0.03,0.08,0.18,0.21,0.29,0.33,0.33,0.38,0.43,0.08,0.09,0.19,0.11,0.12,0.13,0.14,0.27,0.15,0.2,0.41,279,269,0.43,0.48,0.62,0.66,0.3,0.02,0.03,0.05,0.03,0.03,0.03,0.03,0.07,0.03,0.04,0.14,0.15
PIK,2023,2023-12-14,pik_910,,E1,Qi,269,429,399,399,349,310,279,250,249,229,229,219,229,429,369,319,289,279,259,249,249,239,229,0,0.16,0.34,0.48,0.54,0.66,0.72,0.72,0.79,0.87,0.19,0.16,0.09,0.12,0.37,0.15,0.31,0.31,0.34,0,0.74,229,239,0.87,0.79,0.72,0.67,0.37,0.07,0.05,0.03,0.03,0.1,0.04,0.08,0.08,0.08,0,0.17,0.17
PIK,2023,2023-12-14,pik_956,,E1,Qi,86,99,96,96,96,93,90,86,86,83,86,86,87,102,103,99,96,89,93,92,89,86,89,-0.03,-0.04,0,0.03,0.11,0.06,0.08,0.11,0.15,0.11,0.44,0.5,0.46,0.49,0.28,0.61,0.79,0.28,0,0.17,0.1,90,89,0.1,0.11,1.29,0.85,0.13,0.06,0.07,0.06,0.06,0.03,0.08,0.1,0.03,0,0.02,0.16,0.1
PIK,2023,2023-12-14,pik_960,,E1,Qi,180,259,239,230,220,209,189,180,170,170,170,160,160,249,240,219,210,200,190,180,170,170,170,0.04,0.08,0.18,0.23,0.29,0.36,0.44,0.52,0.52,0.52,0.26,0.29,0.17,0.38,0.4,0.43,0.24,0,0.26,0.32,0.49,169,169,0.53,0.53,1.04,1.06,0.31,0.08,0.08,0.05,0.1,0.1,0.11,0.06,0,0.06,0.06,0.23,0.24
PIK,2023,2023-12-14,pik_981,,E2,Olivia,115,147,138,137,134,134,124,118,118,115,112,109,108,150,150,141,131,127,121,124,118,118,118,-0.02,-0.02,0.04,0.12,0.16,0.21,0.19,0.25,0.25,0.25,0.39,0.48,0.24,0.27,0.37,0.13,0.38,0.28,0.42,0.53,0.28,112,109,0.31,0.35,0.66,0.38,0.22,0.09,0.11,0.05,0.05,0.07,0.02,0.07,0.05,0.08,0.08,0.12,0.06
PIK,2023,2023-12-14,pik_984,,E2,Olivia,144,178,169,170,166,166,159,154,150,147,147,140,141,175,179,172,169,163,159,157,153,150,150,0.02,-0.01,0.03,0.05,0.09,0.12,0.13,0.16,0.19,0.19,0.15,0.38,0.19,0.32,0.31,0.32,0.37,0.23,0.4,0.36,0.2,144,146,0.24,0.22,0.56,0.8,0.19,0.03,0.07,0.03,0.06,0.06,0.06,0.06,0.04,0.07,0.06,0.09,0.13
PIK,2023,2023-12-15,pik_1290,,E1,Emilie,349,528,498,488,409,359,329,319,299,299,289,289,289,518,419,369,349,329,299,309,289,299,289,0.02,0.26,0.43,0.51,0.6,0.77,0.71,0.83,0.77,0.83,0.17,0.08,0.1,0.23,0.13,0,0.14,0,0.15,0,0.72,289,309,0.83,0.71,0.63,0.7,0.34,0.06,0.02,0.03,0.06,0.03,0,0.03,0,0.03,0,0.14,0.16
PIK,2023,2023-12-15,pik_13,,E1,Emilie,369,718,688,678,548,468,409,399,379,369,369,359,359,698,558,478,428,409,389,379,369,369,359,0.03,0.29,0.5,0.68,0.76,0.85,0.89,0.95,0.95,1,0.06,0.04,0.05,0.12,0.07,0.08,0.08,0,0.08,0,0.92,369,379,0.95,0.89,0.66,0.71,0.49,0.03,0.02,0.02,0.04,0.02,0.03,0.03,0,0.03,0,0.22,0.24
PIK,2023,2023-12-15,pik_1306,,E1,Emilie,341,508,473,462,389,343,318,303,294,287,283,274,270,482,405,351,326,311,302,294,290,282,278,0.05,0.25,0.45,0.56,0.63,0.68,0.73,0.75,0.8,0.83,0.13,0.14,0.09,0.1,0.11,0.12,0.11,0.11,0.13,0.2,0.75,282,290,0.8,0.75,0.68,0.69,0.33,0.04,0.04,0.02,0.02,0.03,0.03,0.02,0.02,0.03,0.03,0.15,0.15
PIK,2023,2023-12-15,pik_1436,,E1,Emilie,715,1691,1626,1561,1203,975,845,748,715,650,650,650,617,1626,1236,1008,878,780,715,683,682,650,617,0.04,0.37,0.68,0.93,1.17,1.37,1.48,1.48,1.6,1.74,0.07,0.05,0.07,0.09,0.11,0,0.14,0.13,0,0,1.64,617,650,1.74,1.6,0.63,0.73,0.58,0.04,0.03,0.03,0.04,0.04,0,0.05,0.05,0,0,0.21,0.25
PIK,2023,2023-12-15,pik_1620,,E2,Qi,230,379,329,289,220,199,190,190,190,179,179,179,179,329,239,209,199,190,200,189,189,200,199,0.15,0.59,0.81,0.9,0.99,0.89,1.01,1.01,0.89,0.9,0.34,0.27,0.18,0.18,0,0.2,0.22,0.22,0.41,0.67,0.84,219,249,0.73,0.52,0.67,0.81,0.39,0.12,0.08,0.05,0.05,0,0.05,0.05,0.05,0.1,0.1,0.18,0.24
PIK,2023,2023-12-15,pik_1906,,E2,Qi,118,137,134,127,112,109,102,99,102,106,102,99,102,138,124,108,115,112,111,112,109,102,111,-0.01,0.1,0.27,0.19,0.22,0.23,0.22,0.26,0.34,0.23,0.57,0.76,-0.08,0.95,1,0.7,0.46,0.57,0.27,0.75,0.31,112,115,0.22,0.19,1,1.17,0.14,0.08,0.1,-0.01,0.11,0.12,0.08,0.05,0.06,0.03,0.08,0.12,0.14
PIK,2023,2023-12-15,pik_2043,,E2,Qi,90,106,99,99,89,86,83,80,80,80,80,80,86,96,96,92,90,92,86,83,83,89,87,0.1,0.1,0.15,0.18,0.15,0.23,0.28,0.28,0.19,0.22,-0.23,0.53,0.49,0.59,0.98,0.55,0.3,0.3,0.78,0.1,0.15,86,83,0.23,0.28,0.55,0.3,0.15,-0.03,0.07,0.07,0.08,0.13,0.07,0.04,0.04,0.1,0.01,0.07,0.04
PIK,2023,2023-12-15,pik_2274,,E2,Qi,99,108,105,102,99,89,92,105,86,92,96,99,95,112,102,102,93,102,102,106,95,103,102,-0.04,0.06,0.06,0.16,0.06,0.06,0.02,0.14,0.05,0.06,1.04,0.37,1.61,0.15,-0.37,1.98,1.61,-0.14,0.49,0.37,0.11,103,98,0.05,0.1,1.58,1.61,0.08,0.09,0.03,0.13,0.01,-0.03,0.16,0.13,-0.01,0.04,0.07,0.13,0.12
PIK,2023,2023-12-15,pik_2671,,E2,Qi,239,359,309,279,219,199,179,189,179,179,199,189,189,309,239,209,190,199,199,189,199,199,209,0.16,0.5,0.72,0.89,0.8,0.8,0.9,0.8,0.8,0.72,0.32,0.33,0.21,0.28,0.23,0.46,0.25,0,0.23,0.51,0.63,219,219,0.64,0.64,0.58,0.58,0.33,0.1,0.08,0.05,0.06,0.05,0.1,0.05,0,0.05,0.1,0.14,0.14
PIK,2023,2023-12-15,pik_2760,,E1,Emilie,329,528,489,459,348,310,289,280,259,249,259,249,249,499,369,319,299,280,289,279,269,270,259,0.06,0.43,0.66,0.77,0.89,0.83,0.89,0.96,0.96,1.04,0.22,0.19,0.11,0.13,0,0.42,0.44,0.16,0.33,0.25,0.96,269,289,0.96,0.83,0.63,0.7,0.38,0.08,0.06,0.03,0.03,0,0.1,0.11,0.04,0.08,0.04,0.15,0.17
PIK,2023,2023-12-15,pik_2811,,E2,Qi,119,179,159,139,130,120,100,110,100,110,110,100,110,159,140,130,120,120,110,120,120,120,110,0.13,0.28,0.38,0.49,0.49,0.63,0.49,0.49,0.49,0.63,0.41,0.25,0.29,0.66,0.33,0.38,0.33,0.33,0.66,0,0.45,120,130,0.49,0.38,0.66,0.86,0.34,0.13,0.07,0.08,0.17,0.08,0.09,0.08,0.08,0.17,0,0.17,0.23
PIK,2023,2023-12-15,pik_2815,,E2,Qi,160,249,220,220,190,160,149,139,149,149,149,139,139,250,210,179,169,169,159,149,149,149,149,0,0.19,0.39,0.47,0.47,0.57,0.67,0.67,0.67,0.67,0.33,0.3,0.37,0.43,0.65,0.24,0,0,0.27,0.5,0.58,150,159,0.66,0.57,0.53,0.94,0.36,0.12,0.1,0.11,0.12,0.18,0.06,0,0,0.07,0.07,0.13,0.25
PIK,2023,2023-12-15,pik_2851,,E1,Emilie,878,1918,1756,1593,1137,943,845,780,780,747,747,716,715,1691,1170,975,910,845,780,780,748,748,716,0.13,0.64,0.97,1.11,1.27,1.46,1.46,1.56,1.56,1.68,0.11,0.07,0.09,0.2,0.22,0,0.13,0,0.14,0.01,1.46,748,845,1.56,1.27,0.55,0.67,0.54,0.06,0.03,0.03,0.07,0.08,0,0.04,0,0.04,0,0.17,0.23
PIK,2023,2023-12-15,pik_2964,,E2,Qi,159,229,210,200,179,159,139,140,130,140,140,129,140,230,189,169,159,160,159,149,150,149,149,0,0.21,0.36,0.44,0.43,0.44,0.54,0.53,0.54,0.54,0.43,0.2,0.24,0.54,0.53,0.78,0.27,0.3,0.6,0.47,0.5,150,160,0.53,0.43,0.6,0.8,0.31,0.13,0.05,0.06,0.13,0.12,0.18,0.06,0.07,0.13,0.06,0.13,0.19
PIK,2023,2023-12-15,pik_3192,,E1,Emilie,279,459,398,349,249,240,230,220,210,220,230,230,230,378,269,259,239,230,240,230,250,240,250,0.21,0.71,0.77,0.92,1,0.91,1,0.84,0.91,0.84,0.22,0.27,0.27,0.15,0.18,0.5,0.18,0.31,0.17,0.5,0.73,269,279,0.71,0.65,0.66,0.64,0.39,0.08,0.07,0.07,0.04,0.04,0.12,0.04,0.08,0.04,0.08,0.18,0.18
PIK,2023,2023-12-15,pik_3282,,E1,Emilie,493,1394,1238,1128,748,614,545,497,468,447,429,418,410,1171,770,638,569,515,487,467,449,439,429,0.19,0.81,1.18,1.45,1.71,1.86,1.99,2.1,2.18,2.25,0.06,0.06,0.08,0.1,0.09,0.1,0.11,0.12,0.13,0.18,2.02,438,468,2.18,1.98,0.73,0.77,0.65,0.04,0.03,0.04,0.04,0.03,0.04,0.04,0.04,0.05,0.04,0.27,0.29
PIK,2023,2023-12-15,pik_3321,,E1,Emilie,371,798,724,683,502,427,394,376,362,352,345,336,332,716,520,440,409,388,371,362,351,348,343,0.11,0.53,0.81,0.95,1.06,1.15,1.2,1.27,1.29,1.33,0.09,0.08,0.08,0.1,0.09,0.07,0.08,0.05,0.1,0.16,1.18,345,362,1.31,1.2,0.61,0.65,0.54,0.05,0.03,0.03,0.04,0.03,0.02,0.03,0.02,0.03,0.03,0.2,0.22
PIK,2023,2023-12-15,pik_3437,,E1,Emilie,617,1528,1398,1267,878,682,585,553,521,521,455,488,487,1300,878,682,617,553,553,488,487,455,488,0.18,0.74,1.24,1.48,1.76,1.76,2.13,2.14,2.36,2.13,0.05,0,0,0.14,0,0.17,-0.21,0.21,-0.24,0.01,1.87,488,520,2.13,1.94,0.84,0.75,0.6,0.03,0,0,0.05,0,0.06,-0.07,0.07,-0.07,0,0.27,0.25
PIK,2023,2023-12-15,pik_3484,,E1,Emilie,389,787,688,578,389,339,329,309,309,299,299,299,299,588,399,359,339,319,329,319,329,309,309,0.34,0.97,1.19,1.32,1.47,1.39,1.47,1.39,1.55,1.55,0.04,0.07,0.18,0.1,0.11,0.2,0.21,0.3,0.11,0.17,1.3,319,349,1.47,1.26,0.75,0.83,0.51,0.02,0.03,0.06,0.03,0.03,0.06,0.06,0.09,0.03,0.03,0.22,0.26
PIK,2023,2023-12-15,pik_3628,,E1,Emilie,239,269,259,240,219,160,160,160,149,149,149,159,149,239,220,169,170,159,169,159,159,159,149,0.13,0.22,0.59,0.58,0.69,0.59,0.69,0.69,0.69,0.81,-0.04,0.05,0.73,0.8,-0.09,1.62,0.91,0.91,0,0,0.74,159,139,0.69,0.94,1.73,1.18,0.11,0,0,0.05,0.06,-0.01,0.12,0.06,0.06,0,0,0.12,0.07
PIK,2023,2023-12-15,pik_3759,,E1,Emilie,259,319,309,289,229,210,210,199,200,189,190,189,190,299,229,210,200,189,190,199,190,199,199,0.07,0.39,0.52,0.6,0.69,0.68,0.6,0.68,0.6,0.6,0.19,0,0,-0.39,-0.44,-0.43,0.4,0,0.4,0.45,0.63,209,209,0.53,0.53,0.69,0.36,0.19,0.03,0,0,-0.05,-0.05,-0.05,0.05,0,0.05,0.05,0.09,0.05
PIK,2023,2023-12-15,pik_3907,,E1,Emilie,299,389,368,348,309,270,280,259,259,249,239,250,239,359,319,290,269,279,259,259,259,260,269,0.08,0.22,0.34,0.45,0.39,0.5,0.5,0.5,0.5,0.45,0.14,0.16,0.38,-0.24,0.4,0,0.23,0.46,0.23,0.75,0.54,260,269,0.5,0.45,0.69,0.65,0.23,0.03,0.03,0.07,-0.04,0.07,0,0.04,0.08,0.04,0.11,0.12,0.11
PIK,2023,2023-12-15,pik_4006,,E1,Emilie,189,239,239,189,159,140,140,140,139,130,139,139,129,209,170,150,140,140,139,140,149,149,149,0.14,0.41,0.59,0.71,0.71,0.72,0.71,0.6,0.6,0.6,0.51,0.41,0.47,0,0,0,0.53,0.47,0.47,1.05,0.85,150,149,0.59,0.6,0.52,0.9,0.21,0.1,0.06,0.07,0,0,0,0.07,0.07,0.07,0.13,0.07,0.13
PIK,2023,2023-12-15,pik_4025,,E1,Emilie,428,877,798,738,498,409,378,369,349,348,339,349,339,768,518,438,399,369,359,358,349,359,359,0.14,0.69,1,1.2,1.38,1.44,1.45,1.51,1.44,1.44,0.08,0.1,0.19,0.16,0,0.09,0.09,0.1,0.09,0.29,1.35,369,389,1.38,1.25,0.71,0.73,0.51,0.04,0.04,0.07,0.05,0,0.03,0.03,0.03,0.03,0.06,0.22,0.23
PIK,2023,2023-12-15,pik_4043,,E1,Emilie,488,976,910,846,618,520,455,422,422,423,390,422,422,878,618,520,487,455,455,455,423,390,390,0.11,0.58,0.88,1,1.15,1.15,1.15,1.31,1.5,1.5,0.08,0,0,0.2,0.23,0.23,0.22,0.26,-0.29,-0.49,1.16,390,423,1.5,1.31,0.3,0.77,0.5,0.04,0,0,0.07,0.07,0.07,0.07,0.08,-0.08,-0.08,0.08,0.23
PIK,2023,2023-12-15,pik_4141,,E1,Emilie,179,279,239,220,180,150,139,150,159,150,140,149,150,249,190,170,159,159,169,169,169,169,170,0.12,0.47,0.64,0.75,0.75,0.65,0.65,0.65,0.65,0.64,0.35,0.19,0.46,0.52,0.23,0.23,0.44,0.68,0.47,1,0.59,179,179,0.56,0.56,0.85,0.64,0.36,0.12,0.05,0.12,0.13,0.06,0.06,0.11,0.17,0.12,0.12,0.22,0.17
PIK,2023,2023-12-15,pik_4199,,E1,Emilie,339,748,558,528,398,329,289,279,309,309,209,189,189,568,428,339,309,289,379,339,239,219,209,0.32,0.75,1.21,1.42,1.59,0.97,1.21,2.13,2.42,2.58,0.15,0.17,0.08,0.19,0.11,0.49,0.25,0.45,0.52,0.4,1.95,209,220,2.58,2.4,1.14,0.89,0.55,0.07,0.07,0.03,0.06,0.03,0.18,0.09,0.13,0.14,0.1,0.29,0.23
PIK,2023,2023-12-15,pik_425,,E1,Emilie,488,1138,1041,976,683,553,488,455,423,423,422,422,390,1041,716,586,520,488,455,455,423,422,422,0.09,0.59,0.94,1.19,1.33,1.5,1.5,1.69,1.7,1.7,0.11,0.1,0.14,0.16,0.19,0.2,0.2,0.01,0,0.33,1.67,423,455,1.69,1.5,0.47,0.61,0.57,0.06,0.05,0.06,0.06,0.07,0.07,0.07,0,0,0.08,0.16,0.21
PIK,2023,2023-12-15,pik_4411,,E1,Emilie,115,144,134,138,125,108,105,109,105,105,99,102,102,150,134,121,115,118,112,111,108,112,112,-0.04,0.07,0.19,0.25,0.22,0.29,0.3,0.33,0.29,0.29,0.38,0.35,0.61,0.52,0.45,0.38,0.33,0.52,0.54,0.53,0.31,106,115,0.36,0.25,0.84,0.62,0.2,0.08,0.07,0.11,0.09,0.08,0.06,0.05,0.08,0.09,0.09,0.13,0.1
PIK,2023,2023-12-15,pik_4460,,E1,Emilie,259,479,429,408,329,279,259,249,229,239,229,220,220,448,359,289,279,259,249,249,239,240,239,0.07,0.33,0.66,0.72,0.85,0.92,0.92,1,1,1,0.2,0.21,0.1,0.22,0.12,0.26,0.13,0.14,0.28,0.32,0.95,249,259,0.92,0.85,0.64,0.6,0.46,0.09,0.08,0.03,0.07,0.04,0.08,0.04,0.04,0.08,0.08,0.2,0.19
PIK,2023,2023-12-15,pik_4480,,E1,Emilie,179,299,250,240,210,169,150,150,139,140,130,129,140,270,220,179,170,150,159,150,150,149,140,0.11,0.36,0.67,0.76,0.99,0.88,0.99,0.99,1.01,1.14,0.29,0.14,0.2,0.43,0,0.48,0.26,0.53,0.54,0,0.79,160,160,0.87,0.87,0.71,0.47,0.4,0.11,0.05,0.06,0.12,0,0.13,0.07,0.13,0.13,0,0.19,0.12
PIK,2023,2023-12-15,pik_4739,,E1,Emilie,586,1431,1333,1138,716,586,521,488,488,456,456,455,455,1203,748,618,553,488,488,488,488,455,455,0.19,0.91,1.32,1.59,1.93,1.93,1.93,1.93,2.15,2.15,0.1,0.1,0.13,0.16,0,0,0.2,0.2,0,0,1.93,488,553,1.93,1.59,0.6,0.82,0.59,0.05,0.04,0.05,0.06,0,0,0.07,0.07,0,0,0.2,0.29
PIK,2023,2023-12-15,pik_4852,,E1,Emilie,260,429,369,330,259,239,219,220,219,210,209,210,209,359,269,249,249,240,229,239,229,230,229,0.19,0.59,0.72,0.72,0.79,0.87,0.79,0.87,0.87,0.87,0.23,0.13,0.15,0.44,0.31,0.17,0.46,0.34,0.34,0.5,0.77,239,249,0.79,0.72,0.63,0.73,0.39,0.08,0.04,0.04,0.12,0.08,0.04,0.12,0.09,0.09,0.09,0.17,0.2
PIK,2023,2023-12-15,pik_4893,,E1,Emilie,359,638,588,499,339,299,280,259,259,259,259,249,249,508,348,309,290,279,269,269,269,259,259,0.26,0.83,1.06,1.2,1.29,1.37,1.37,1.37,1.46,1.46,0.05,0.09,0.12,0.13,0.28,0.15,0.15,0.15,0.16,0.2,1.36,289,299,1.21,1.13,0.8,0.63,0.44,0.02,0.03,0.03,0.03,0.07,0.04,0.04,0.04,0.04,0.04,0.21,0.17
PIK,2023,2023-12-15,pik_5256,,E1,Emilie,289,419,389,359,279,259,249,239,239,239,239,229,239,368,299,269,259,249,249,239,249,249,239,0.14,0.4,0.56,0.62,0.68,0.68,0.75,0.68,0.68,0.75,0.09,0.28,0.17,0.18,0.19,0.19,0,0.19,0.38,0,0.63,249,269,0.68,0.56,0.95,0.83,0.31,0.02,0.07,0.04,0.04,0.04,0.04,0,0.04,0.08,0,0.2,0.19
PIK,2023,2023-12-15,pik_5408,,E1,Emilie,129,189,169,160,149,130,129,109,110,109,120,120,119,180,169,140,129,129,120,130,129,120,129,0.05,0.12,0.35,0.47,0.47,0.57,0.45,0.47,0.57,0.47,0.36,0.4,0.28,0,0.64,0.37,0.67,0.29,0,0.53,0.42,130,130,0.45,0.45,0.63,0.63,0.32,0.11,0.12,0.07,0,0.16,0.08,0.16,0.07,0,0.08,0.15,0.15
PIK,2023,2023-12-15,pik_5454,,E1,Emilie,102,115,115,109,99,96,93,86,93,90,89,90,93,119,111,102,96,93,96,99,95,92,96,-0.03,0.04,0.13,0.2,0.24,0.2,0.16,0.21,0.25,0.2,0.72,0.99,0.58,0.32,0.81,0.32,0.92,0.66,0.23,0.3,0.24,96,96,0.2,0.2,0.76,0.65,0.11,0.08,0.11,0.06,0.03,0.08,0.03,0.09,0.06,0.02,0.03,0.07,0.06
PIK,2023,2023-12-15,pik_5586,,E1,Emilie,249,369,349,309,250,219,200,200,199,189,190,179,180,329,249,229,220,210,210,189,190,189,200,0.12,0.48,0.61,0.68,0.76,0.76,0.95,0.94,0.95,0.85,0.2,-0.02,0.19,0.41,0.22,0.24,0,0,0.27,0.49,0.94,209,220,0.77,0.68,0.67,0.61,0.33,0.06,0,0.04,0.09,0.05,0.05,0,0,0.05,0.1,0.14,0.14
PIK,2023,2023-12-15,pik_5589,,E1,Emilie,209,349,299,289,219,209,180,189,169,169,170,159,169,309,249,209,200,189,179,189,190,179,169,0.13,0.4,0.67,0.75,0.85,0.95,0.85,0.84,0.95,1.07,0.17,0.37,0,0.36,0,0.22,0.4,0.39,0.44,0,0.77,179,199,0.95,0.75,0.42,0.53,0.4,0.06,0.12,0,0.1,0,0.06,0.11,0.11,0.11,0,0.11,0.15
PIK,2023,2023-12-15,pik_5617,,E2,Qi,249,379,339,329,249,229,219,219,219,209,199,209,199,339,279,239,239,229,219,210,219,219,219,0.12,0.36,0.59,0.59,0.66,0.73,0.8,0.73,0.73,0.73,0.09,0.39,0.17,0.34,0.18,0,0.02,0.39,0.2,0.5,0.7,229,239,0.66,0.59,0.73,0.51,0.34,0.03,0.11,0.04,0.08,0.04,0,0,0.09,0.05,0.09,0.17,0.13
PIK,2023,2023-12-15,pik_730,,E1,Emilie,129,190,170,169,150,120,129,110,120,120,110,119,120,179,150,130,129,120,130,120,119,110,120,0.06,0.27,0.46,0.47,0.58,0.46,0.58,0.6,0.73,0.58,0.18,0,0.31,0,0.36,0.31,0,0.33,-0.38,0,0.42,120,130,0.58,0.46,0.36,0.63,0.32,0.06,0,0.08,0,0.08,0.08,0,0.08,-0.08,0,0.08,0.15
PIN,2022,2022-07-11,pin_1062,,CLF_1,Qi,650,2829,2829,1430,1041,943,878,878,813,813,748,780,781,1658,1236,1106,1041,1040,1041,1041,1008,975,1008,0.71,1.29,1.56,1.72,1.72,1.72,1.72,1.81,1.9,1.81,0.21,0.27,0.26,0.28,0.28,0.4,0.4,0.47,0.37,0.54,2.62,1398,1625,1.02,0.74,0.97,0.97,0.77,0.14,0.16,0.15,0.16,0.16,0.22,0.22,0.26,0.2,0.23,0.6,0.64
PIN,2022,2022-07-11,pin_1204,,CLF_3,Samuel,508,2293,1765,767,619,518,478,398,259,289,279,219,199,827,678,578,538,419,279,319,299,239,289,1.77,2.38,2.97,3.26,4.47,7.22,6.19,6.67,8.59,6.93,0.13,0.17,0.22,0.25,0.13,0.24,0.29,0.21,0.31,1,7.87,618,708,2.71,2.24,1.13,1.16,0.78,0.07,0.09,0.1,0.11,0.05,0.07,0.09,0.07,0.08,0.31,0.55,0.61
PIN,2022,2022-07-11,pin_1205,,CLF_3,Samuel,389,1875,1276,618,459,448,448,428,428,428,429,429,439,728,558,528,538,539,528,538,548,548,558,1.58,2.36,2.55,2.49,2.48,2.55,2.49,2.42,2.42,2.36,0.25,0.33,0.29,0.32,0.39,0.37,0.39,0.41,0.41,0.5,1.91,1017,1206,0.84,0.55,0.94,0.98,0.79,0.15,0.18,0.15,0.17,0.21,0.19,0.2,0.22,0.22,0.21,0.64,0.69
PIN,2022,2022-07-11,pin_1213,,CLF_1,Qi,943,4877,4129,2113,1333,1138,1138,1105,1073,1073,1073,1073,1040,2275,1463,1301,1300,1268,1268,1268,1268,1268,1236,1.14,2.33,2.75,2.75,2.85,2.85,2.85,2.85,2.85,2.95,0.11,0.16,0.24,0.24,0.25,0.3,0.3,0.3,0.3,0.43,2.97,1820,2146,1.68,1.27,0.91,0.96,0.81,0.07,0.09,0.13,0.12,0.13,0.15,0.15,0.15,0.15,0.16,0.55,0.62
PIN,2022,2022-07-11,pin_1220,,CLF_1,Qi,650,3348,2471,1235,813,683,683,683,650,650,683,650,650,1528,976,845,845,845,845,812,813,845,813,1.19,2.43,2.96,2.96,2.96,2.96,3.12,3.12,2.96,3.12,0.29,0.31,0.37,0.37,0.37,0.45,0.4,0.32,0.45,0.5,2.8,1170,1398,1.86,1.39,0.99,0.99,0.81,0.19,0.17,0.19,0.19,0.19,0.23,0.2,0.16,0.23,0.2,0.58,0.63
PIN,2022,2022-07-11,pin_1307,,CLF_3,Samuel,780,3804,3088,1365,976,910,910,878,845,845,845,845,845,1496,1073,1008,976,976,943,943,910,943,943,1.54,2.55,2.77,2.9,2.9,3.03,3.03,3.18,3.03,3.03,0.14,0.17,0.19,0.14,0.2,0.21,0.21,0.15,0.21,0.3,2.65,1690,2015,1.25,0.89,0.97,0.98,0.79,0.09,0.09,0.1,0.07,0.1,0.1,0.1,0.07,0.1,0.1,0.62,0.66
PIN,2022,2022-07-11,pin_1355,,CLF_3,Samuel,585,2795,1886,748,618,585,585,553,553,553,585,553,553,846,715,683,682,683,683,650,651,651,650,2.3,2.91,3.09,3.1,3.09,3.09,3.3,3.29,3.29,3.3,0.22,0.28,0.3,0.3,0.4,0.4,0.32,0.22,0.32,0.43,2.41,1041,1300,1.68,1.15,0.91,0.98,0.79,0.12,0.14,0.14,0.14,0.19,0.19,0.15,0.1,0.15,0.15,0.53,0.63
PIN,2022,2022-07-11,pin_1373,,CLF_1,Qi,585,2633,2081,878,683,650,617,618,585,585,553,520,520,1008,781,748,748,748,683,650,650,617,618,1.61,2.37,2.52,2.52,2.52,2.86,3.05,3.05,3.27,3.26,0.23,0.25,0.26,0.35,0.35,0.3,0.22,0.32,0.35,0.5,3,1236,1301,1.13,1.02,1.02,1.11,0.78,0.13,0.13,0.13,0.18,0.17,0.14,0.1,0.15,0.16,0.16,0.63,0.7
PIN,2022,2022-07-11,pin_1590,,CLF_1,Qi,14,27,18,15,17,16,16,17,16,16,17,16,16,27,28,29,30,27,28,29,27,26,28,0,-0.04,-0.07,-0.1,0,-0.04,-0.07,0,0.04,-0.04,0.92,0.8,0.9,0.92,0.77,0.87,0.9,0.77,0.81,0.92,0.12,28,28,-0.04,-0.04,0.95,1.09,0.48,0.44,0.39,0.45,0.47,0.37,0.43,0.45,0.37,0.38,0.43,0.46,0.54
PIN,2022,2022-07-11,pin_1590,,CLF_1,Qi,780,4584,3739,2210,1333,1073,1007,943,942,942,942,878,910,2438,1561,1236,1170,1138,1105,1105,1138,1073,1073,0.88,1.94,2.71,2.92,3.03,3.15,3.15,3.03,3.27,3.27,0.13,0.23,0.23,0.25,0.31,0.27,0.27,0.31,0.34,0.42,3.11,2113,2568,1.17,0.79,0.93,0.97,0.83,0.09,0.15,0.13,0.14,0.17,0.15,0.15,0.17,0.18,0.15,0.65,0.71
PIN,2022,2022-07-11,pin_1827,,CLF_1,Qi,715,3446,2698,1301,845,780,715,715,715,715,748,748,715,1398,942,845,845,845,845,845,877,877,877,1.46,2.66,3.08,3.08,3.08,3.08,3.08,2.93,2.93,2.93,0.11,0.2,0.16,0.32,0.32,0.32,0.32,0.3,0.3,0.55,2.77,1365,1658,1.52,1.08,0.87,0.94,0.79,0.07,0.1,0.08,0.15,0.15,0.15,0.15,0.15,0.15,0.18,0.52,0.61
PIN,2022,2022-07-11,pin_1834,,CLF_1,Qi,683,3349,2275,1463,1040,878,781,683,650,682,650,682,683,1690,1171,975,943,812,780,812,813,812,812,0.98,1.86,2.43,2.55,3.12,3.29,3.12,3.12,3.12,3.12,0.2,0.19,0.19,0.33,0.33,0.35,0.33,0.41,0.33,0.44,2.33,1496,1951,1.24,0.72,0.99,0.98,0.8,0.13,0.11,0.1,0.17,0.16,0.17,0.16,0.2,0.16,0.16,0.63,0.68
PIN,2022,2022-07-11,pin_1840,,CLF_3,Samuel,459,2502,1894,908,618,578,558,528,529,529,538,528,539,1037,718,658,648,648,628,628,638,638,648,1.41,2.48,2.8,2.86,2.86,2.98,2.98,2.92,2.92,2.86,0.19,0.25,0.23,0.26,0.35,0.3,0.3,0.29,0.32,0.39,2.51,1107,1326,1.26,0.89,0.98,0.99,0.82,0.12,0.14,0.12,0.14,0.19,0.16,0.16,0.16,0.17,0.17,0.65,0.69
PIN,2022,2022-07-11,pin_1933,,Julie_1,Krystina S,845,3934,3121,1301,910,845,813,812,780,780,780,813,780,1398,1008,943,911,910,910,910,942,878,910,1.81,2.9,3.17,3.32,3.32,3.32,3.32,3.18,3.48,3.32,0.12,0.2,0.22,0.23,0.24,0.31,0.31,0.37,0.16,0.45,3,1333,1625,1.95,1.42,0.88,0.93,0.79,0.07,0.1,0.1,0.11,0.11,0.14,0.14,0.17,0.07,0.14,0.49,0.56
PIN,2022,2022-07-11,pin_1942,,Julie_1,Krystina S,716,3609,2958,1365,910,878,846,813,780,780,780,813,813,1463,1008,910,910,910,943,911,942,975,943,1.47,2.58,2.97,2.97,2.97,2.83,2.96,2.83,2.7,2.83,0.11,0.18,0.07,0.14,0.21,0.34,0.28,0.34,0.32,0.33,2.64,1365,1626,1.64,1.22,0.91,0.96,0.8,0.07,0.1,0.04,0.07,0.11,0.17,0.14,0.17,0.17,0.14,0.55,0.62
PIN,2022,2022-07-11,pin_1981,,CLF_1,Qi,683,3934,3316,1561,976,845,910,877,877,878,878,845,878,1755,1106,976,1040,1008,1008,1008,1008,1007,1040,1.24,2.56,3.03,2.78,2.9,2.9,2.9,2.9,2.91,2.78,0.16,0.21,0.25,0.22,0.24,0.24,0.23,0.23,0.29,0.42,2.78,1690,2081,1.33,0.89,0.86,0.94,0.83,0.11,0.12,0.13,0.12,0.13,0.13,0.13,0.13,0.16,0.16,0.58,0.67
PIN,2022,2022-07-11,pin_2076,,CLF_3,Samuel,398,2393,1925,1346,788,648,578,558,539,528,518,519,509,1536,907,738,678,648,619,628,618,618,608,0.56,1.64,2.24,2.53,2.69,2.87,2.81,2.87,2.87,2.94,0.16,0.2,0.2,0.25,0.24,0.23,0.28,0.29,0.28,0.38,2.78,987,1226,1.42,0.95,0.96,0.98,0.83,0.12,0.13,0.12,0.15,0.14,0.13,0.16,0.16,0.16,0.16,0.65,0.71
PIN,2022,2022-07-11,pin_2158,,CLF_3,Samuel,369,1844,1346,798,538,468,429,429,409,409,409,408,409,987,658,558,528,508,518,489,499,508,498,0.87,1.8,2.3,2.49,2.63,2.56,2.77,2.7,2.63,2.7,0.28,0.31,0.29,0.35,0.3,0.4,0.32,0.35,0.38,0.45,2.29,778,968,1.37,0.9,0.96,0.99,0.8,0.19,0.18,0.16,0.19,0.16,0.21,0.16,0.18,0.2,0.18,0.6,0.67
PIN,2022,2022-07-11,pin_219,,CLF_2,Étienne Ferland,389,2233,1825,927,579,519,518,538,538,558,548,558,538,1037,658,608,588,648,648,658,678,668,668,1.15,2.39,2.67,2.8,2.45,2.45,2.39,2.29,2.34,2.34,0.15,0.21,0.26,0.21,0.29,0.29,0.26,0.32,0.28,0.42,2.39,1037,1266,1.15,0.76,0.92,0.93,0.83,0.11,0.12,0.15,0.12,0.17,0.17,0.15,0.19,0.16,0.19,0.63,0.68
PIN,2022,2022-07-11,pin_2196,,CLF_3,Samuel,349,1665,1247,618,418,369,339,329,319,309,319,319,309,718,488,419,389,379,369,379,369,359,369,1.32,2.41,2.97,3.28,3.39,3.51,3.39,3.51,3.64,3.51,0.22,0.27,0.25,0.27,0.29,0.3,0.4,0.3,0.25,0.55,3.04,598,768,1.78,1.17,0.9,0.96,0.79,0.14,0.14,0.12,0.13,0.13,0.14,0.18,0.14,0.11,0.16,0.52,0.61
PIN,2022,2022-07-11,pin_2237,,CLF_3,Samuel,650,3901,3251,1918,1041,813,780,747,748,715,715,682,715,2081,1171,943,878,813,812,812,813,780,780,0.87,2.33,3.14,3.44,3.8,3.8,3.8,3.8,4,4,0.11,0.18,0.25,0.21,0.16,0.15,0.23,0.24,0.25,0.25,3.55,1528,1886,1.55,1.07,0.9,0.95,0.83,0.08,0.11,0.14,0.11,0.08,0.08,0.12,0.12,0.13,0.08,0.6,0.67
PIN,2022,2022-07-11,pin_2367,,CLF_2,Étienne Ferland,439,2093,1536,757,499,438,429,399,399,398,389,389,389,858,568,508,478,469,459,458,469,449,459,1.44,2.68,3.12,3.38,3.46,3.56,3.57,3.46,3.66,3.56,0.19,0.24,0.29,0.22,0.33,0.29,0.29,0.37,0.3,0.5,2.95,777,997,1.69,1.1,0.97,1,0.79,0.12,0.12,0.14,0.1,0.15,0.13,0.13,0.17,0.13,0.15,0.56,0.64
PIN,2022,2022-07-11,pin_2428,,Julie_2,Étienne Ferland,585,2308,1918,943,682,1268,748,716,651,651,683,651,650,1008,715,1333,781,748,748,716,715,716,716,1.29,2.23,0.73,1.96,2.09,2.09,2.22,2.23,2.22,2.22,0.11,0.1,0.08,0.08,0.09,0.27,0.19,0.09,0.19,0.4,1.95,1138,1300,1.03,0.78,0.77,0.8,0.75,0.06,0.05,0.05,0.04,0.04,0.13,0.09,0.04,0.09,0.09,0.46,0.5
PIN,2022,2022-07-11,pin_2437,,CLF_2,Étienne Ferland,520,2666,2081,975,683,618,586,552,553,553,552,552,520,1106,780,716,683,682,617,618,650,617,650,1.41,2.42,2.72,2.9,2.91,3.32,3.31,3.1,3.32,3.1,0.19,0.23,0.26,0.28,0.37,0.21,0.22,0.3,0.22,0.5,3,1105,1398,1.41,0.91,0.93,0.99,0.8,0.12,0.12,0.14,0.14,0.19,0.1,0.11,0.15,0.11,0.2,0.59,0.67
PIN,2022,2022-07-11,pin_2467,,CLF_3,Samuel,489,2831,2243,1495,917,708,618,568,549,539,529,519,518,1705,1037,797,708,658,619,608,608,588,578,0.66,1.73,2.55,3,3.3,3.57,3.66,3.66,3.81,3.9,0.17,0.18,0.19,0.23,0.26,0.22,0.22,0.26,0.24,0.32,3.33,1057,1385,1.68,1.04,0.97,0.98,0.83,0.12,0.12,0.11,0.13,0.14,0.11,0.11,0.13,0.12,0.1,0.62,0.68
PIN,2022,2022-07-11,pin_2497,,CLF_2,Étienne Ferland,358,1886,1431,780,520,455,422,423,390,423,422,390,422,878,585,520,487,520,488,488,487,455,488,1.15,2.22,2.63,2.87,2.63,2.86,2.86,2.87,3.15,2.86,0.17,0.2,0.23,0.25,0.35,0.38,0.25,0.25,0.28,0.34,2.39,748,910,1.52,1.07,0.97,1.01,0.81,0.11,0.11,0.12,0.13,0.19,0.2,0.13,0.13,0.14,0.14,0.61,0.68
PIN,2022,2022-07-11,pin_2512,,Julie_2,Étienne Ferland,682,3771,2796,1333,813,716,716,651,618,585,553,586,553,1431,911,813,813,748,715,683,683,716,683,1.64,3.14,3.64,3.64,4.04,4.27,4.52,4.52,4.27,4.52,0.11,0.21,0.24,0.24,0.27,0.29,0.32,0.42,0.39,0.5,4.06,1171,1463,2.22,1.58,1.05,1.08,0.82,0.07,0.11,0.12,0.12,0.13,0.14,0.14,0.19,0.18,0.19,0.61,0.69
PIN,2022,2022-07-11,pin_2521,,CLF_2,Étienne Ferland,349,1725,1296,807,619,728,668,579,638,598,589,568,588,957,768,898,837,738,818,748,728,718,748,0.8,1.25,0.92,1.06,1.34,1.11,1.31,1.37,1.4,1.31,0.23,0.3,0.28,0.31,0.34,0.34,0.32,0.31,0.34,0.43,1.2,1226,1246,0.41,0.38,1.06,1.05,0.8,0.16,0.19,0.19,0.2,0.22,0.22,0.2,0.19,0.21,0.21,0.78,0.78
PIN,2022,2022-07-11,pin_257,,Julie_1,Krystina S,650,2113,1626,715,586,553,585,585,586,586,585,618,520,780,618,618,650,651,716,716,748,683,585,1.71,2.42,2.42,2.25,2.25,1.95,1.95,1.82,2.09,2.61,0.18,0.13,0.26,0.24,0.25,0.42,0.42,0.49,0.23,0.33,2.13,976,1365,1.16,0.55,1.05,1.08,0.69,0.08,0.05,0.11,0.1,0.1,0.18,0.18,0.22,0.1,0.11,0.53,0.64
PIN,2022,2022-07-11,pin_2740,,Julie_2,Étienne Ferland,683,3056,2276,943,683,618,618,618,618,618,617,618,618,1040,715,682,683,683,715,683,715,716,747,1.94,3.27,3.48,3.47,3.47,3.27,3.47,3.27,3.27,3.09,0.17,0.1,0.21,0.22,0.22,0.3,0.22,0.31,0.31,0.44,2.68,1106,1398,1.76,1.19,0.95,0.98,0.78,0.09,0.04,0.09,0.1,0.1,0.14,0.1,0.14,0.14,0.17,0.53,0.6
PIN,2022,2022-07-11,pin_2757,,CLF_1,Qi,813,4162,3414,1691,1106,943,878,878,877,877,813,845,813,1820,1236,1073,1041,1008,1008,976,975,975,976,1.29,2.37,2.88,3,3.13,3.13,3.26,3.27,3.27,3.26,0.11,0.19,0.24,0.31,0.26,0.26,0.21,0.34,0.27,0.5,3.2,1626,1983,1.56,1.1,0.94,0.99,0.8,0.07,0.11,0.12,0.16,0.13,0.13,0.1,0.17,0.13,0.17,0.58,0.66
PIN,2022,2022-07-11,pin_278,,Julie_1,Krystina S,449,2093,1515,658,468,429,419,399,399,399,399,389,399,758,528,478,468,469,459,459,459,459,469,1.76,2.96,3.38,3.47,3.46,3.56,3.56,3.56,3.56,3.46,0.23,0.24,0.23,0.23,0.33,0.29,0.29,0.29,0.34,0.44,2.8,708,888,1.96,1.36,0.89,0.96,0.79,0.13,0.11,0.1,0.1,0.15,0.13,0.13,0.13,0.15,0.15,0.49,0.58
PIN,2022,2022-07-11,pin_2815,,CLF_2,Étienne Ferland,553,2959,2309,1105,683,585,552,520,488,488,488,488,488,1235,780,650,585,585,553,553,553,553,553,1.4,2.79,3.55,4.06,4.06,4.35,4.35,4.35,4.35,4.35,0.16,0.23,0.2,0.12,0.24,0.26,0.26,0.26,0.26,0.4,3.73,1008,1235,1.94,1.4,0.92,0.98,0.81,0.11,0.12,0.1,0.06,0.11,0.12,0.12,0.12,0.12,0.12,0.55,0.63
PIN,2022,2022-07-11,pin_2842,,CLF_3,Samuel,439,2243,1764,1047,668,559,519,528,509,499,488,478,478,1196,767,648,598,628,608,589,588,578,588,0.88,1.92,2.46,2.75,2.57,2.69,2.81,2.81,2.88,2.81,0.18,0.22,0.25,0.25,0.3,0.31,0.29,0.33,0.34,0.48,2.69,957,1207,1.34,0.86,0.95,0.96,0.8,0.12,0.13,0.14,0.13,0.16,0.16,0.15,0.17,0.17,0.19,0.6,0.66
PIN,2022,2022-07-11,pin_2866,,CLF_1,Qi,389,1984,1406,728,508,449,359,379,369,329,299,289,269,857,598,528,429,448,439,409,349,349,349,1.32,2.32,2.76,3.62,3.43,3.52,3.85,4.68,4.68,4.68,0.24,0.27,0.29,0.35,0.32,0.34,0.43,0.34,0.41,0.58,4.23,598,678,2.32,1.93,1.15,1.16,0.8,0.15,0.15,0.15,0.16,0.15,0.16,0.2,0.14,0.17,0.23,0.63,0.68
PIN,2022,2022-07-11,pin_2954,,CLF_1,Qi,617,3706,2828,1430,943,781,715,683,683,683,682,650,617,1658,1073,911,813,813,781,781,748,748,747,1.24,2.45,3.07,3.56,3.56,3.75,3.75,3.95,3.95,3.96,0.2,0.2,0.26,0.23,0.31,0.24,0.24,0.18,0.26,0.67,3.58,1463,1853,1.53,1,0.9,0.96,0.83,0.14,0.12,0.14,0.12,0.16,0.13,0.13,0.09,0.13,0.17,0.6,0.68
PIN,2022,2022-07-11,pin_3061,,CLF_1,Qi,650,3511,2828,1365,878,780,747,716,748,716,716,748,715,1495,1008,911,878,846,878,878,846,878,910,1.35,2.48,2.85,3,3.15,3,3,3.15,3,2.86,0.13,0.23,0.27,0.28,0.3,0.28,0.35,0.3,0.28,0.46,2.96,1171,1398,2,1.51,0.93,0.95,0.81,0.09,0.13,0.14,0.15,0.15,0.15,0.18,0.15,0.15,0.21,0.56,0.6
PIN,2022,2022-07-11,pin_3085,,CLF_3,Samuel,618,3024,2439,1138,781,683,683,618,618,618,553,586,585,1300,878,748,715,715,716,716,650,716,715,1.33,2.44,3.04,3.23,3.23,3.22,3.22,3.65,3.22,3.23,0.2,0.21,0.18,0.09,0.28,0.29,0.29,0.33,0.38,0.45,3.17,1041,1235,1.9,1.45,0.93,0.99,0.8,0.12,0.11,0.09,0.04,0.14,0.14,0.14,0.15,0.18,0.18,0.53,0.6
PIN,2022,2022-07-11,pin_3134,,CLF_1,Qi,529,2513,1885,1107,688,618,568,589,559,578,539,548,549,1277,808,728,668,688,668,678,628,668,648,0.97,2.11,2.45,2.76,2.65,2.76,2.71,3,2.76,2.88,0.2,0.27,0.29,0.3,0.28,0.33,0.29,0.29,0.36,0.43,2.43,1146,1346,1.19,0.87,0.98,1,0.79,0.13,0.15,0.15,0.15,0.14,0.16,0.15,0.14,0.18,0.15,0.62,0.67
PIN,2022,2022-07-11,pin_3254,,CLF_1,Qi,683,3803,2828,1820,1170,943,878,813,813,813,812,780,748,2081,1301,1073,1008,975,975,943,942,943,878,0.83,1.92,2.54,2.77,2.9,2.9,3.03,3.04,3.03,3.33,0.18,0.17,0.22,0.24,0.31,0.31,0.26,0.26,0.33,0.44,2.78,1658,2016,1.29,0.89,0.94,1,0.82,0.13,0.1,0.12,0.13,0.17,0.17,0.14,0.14,0.17,0.15,0.63,0.71
PIN,2022,2022-07-11,pin_3361,,CLF_1,Qi,683,3284,2536,1138,748,650,651,618,618,618,585,585,586,1301,846,781,748,748,716,715,683,716,716,1.52,2.88,3.2,3.39,3.39,3.59,3.59,3.81,3.59,3.59,0.21,0.23,0.35,0.28,0.37,0.3,0.3,0.32,0.4,0.57,3.33,1138,1333,1.89,1.46,0.9,1,0.79,0.13,0.12,0.17,0.13,0.17,0.14,0.14,0.14,0.18,0.18,0.51,0.61
PIN,2022,2022-07-11,pin_3601,,Julie_1,Krystina S,878,4096,3511,1463,943,846,780,780,747,715,748,747,747,1528,1008,878,846,845,845,812,845,845,812,1.68,3.06,3.67,3.84,3.85,3.85,4.04,3.85,3.85,4.04,0.07,0.14,0.08,0.18,0.18,0.27,0.28,0.27,0.27,0.33,3.7,1235,1463,2.32,1.8,0.85,0.94,0.79,0.04,0.06,0.04,0.08,0.08,0.12,0.12,0.11,0.12,0.08,0.45,0.53
PIN,2022,2022-07-11,pin_3621,,Julie_1,Krystina S,878,2146,1658,976,780,748,715,683,683,683,618,618,650,1073,845,781,748,716,748,715,716,683,715,1,1.54,1.75,1.87,2,1.87,2,2,2.14,2,0.22,0.21,0.12,0.13,0.14,0.26,0.14,0.42,0.3,0.4,1.55,813,976,1.64,1.2,0.79,1.01,0.59,0.09,0.08,0.04,0.04,0.05,0.09,0.04,0.14,0.1,0.09,0.28,0.4
PIN,2022,2022-07-11,pin_3868,,CLF_3,Samuel,20,0,0,0,0,0,0,0,0,0,0,0,0,0,0,0,0,0,0,0,0,0,0,0,0,0,0,0,0,0,0,0,0,0,0,0,0,0,0,0,0,0,0,0,0,0,0,0,0,0,0,0,0,0,0,0,0,0,0,0,0,0,0
PIN,2022,2022-07-11,pin_3884,,CLF_3,Samuel,585,2893,2309,1138,845,780,716,715,747,715,715,748,715,1300,975,878,845,845,845,845,845,877,845,1.23,1.97,2.29,2.42,2.42,2.42,2.42,2.42,2.3,2.42,0.19,0.23,0.2,0.29,0.29,0.22,0.29,0.29,0.27,0.4,2.23,1365,1658,1.12,0.74,0.91,0.93,0.8,0.12,0.13,0.11,0.15,0.15,0.12,0.15,0.15,0.15,0.15,0.59,0.65
PIN,2022,2022-07-11,pin_3904,,Julie_1,Krystina S,943,4909,4129,2146,1366,1138,1073,1073,1008,1007,1008,1008,1008,2243,1463,1268,1203,1170,1105,1137,1105,1105,1138,1.19,2.36,2.87,3.08,3.2,3.44,3.32,3.44,3.44,3.31,0.07,0.12,0.2,0.21,0.17,0.18,0.23,0.18,0.18,0.31,3.1,1593,1853,2.08,1.65,0.92,0.94,0.81,0.04,0.07,0.1,0.11,0.08,0.09,0.11,0.09,0.09,0.11,0.53,0.58
PIN,2022,2022-07-11,pin_393,,CLF_2,Étienne Ferland,499,2273,1835,1047,618,518,468,449,429,449,438,438,428,1156,698,578,578,519,508,499,508,498,488,0.97,2.26,2.93,2.93,3.38,3.47,3.56,3.47,3.56,3.66,0.15,0.22,0.22,0.4,0.3,0.35,0.23,0.31,0.28,0.3,3.29,837,1046,1.72,1.17,1.07,1.07,0.78,0.09,0.11,0.1,0.19,0.13,0.16,0.1,0.14,0.12,0.12,0.61,0.67
PIN,2022,2022-07-11,pin_3957,,CLF_3,Samuel,520,3218,2764,1463,943,748,747,715,682,715,748,748,781,1626,1041,846,845,813,813,813,845,845,878,0.98,2.09,2.8,2.81,2.96,2.96,2.96,2.81,2.81,2.67,0.14,0.15,0.2,0.2,0.21,0.28,0.21,0.2,0.2,0.3,2.54,1658,1918,0.94,0.68,0.86,0.9,0.84,0.1,0.09,0.12,0.12,0.12,0.16,0.12,0.11,0.11,0.11,0.63,0.68
PIN,2022,2022-07-11,pin_3969,,Julie_1,Krystina S,846,4324,3707,1919,1170,1008,911,878,878,846,846,813,846,2016,1235,1041,1008,976,943,910,943,911,911,1.14,2.5,3.15,3.29,3.43,3.59,3.75,3.59,3.75,3.75,0.07,0.1,0.06,0.2,0.21,0.15,0.15,0.22,0.23,0.25,3.38,1398,1658,2.09,1.61,0.9,0.99,0.8,0.05,0.05,0.03,0.1,0.1,0.07,0.07,0.1,0.11,0.07,0.51,0.61
PIN,2022,2022-07-11,pin_4007,,Julie_1,Krystina S,911,4356,3804,2178,1398,1203,1105,1040,1040,976,976,976,975,2244,1463,1236,1138,1073,1106,1073,1008,1041,1040,0.94,1.98,2.52,2.83,3.06,2.94,3.06,3.32,3.18,3.19,0.04,0.08,0.05,0.06,0.06,0.12,0.19,0.07,0.13,0.2,2.9,1788,2113,1.44,1.06,0.93,0.97,0.79,0.03,0.04,0.03,0.03,0.03,0.06,0.09,0.03,0.06,0.06,0.56,0.63
PIN,2022,2022-07-11,pin_480,,Julie_1,Krystina S,617,2991,2406,1203,813,715,683,650,651,651,651,585,585,1333,911,813,781,748,781,781,715,682,650,1.24,2.28,2.68,2.83,3,2.83,2.83,3.18,3.39,3.6,0.15,0.2,0.24,0.25,0.27,0.33,0.33,0.19,0.3,0.29,3.11,1106,1300,1.7,1.3,1,1,0.79,0.1,0.11,0.12,0.13,0.13,0.17,0.17,0.09,0.14,0.1,0.59,0.62
PIN,2022,2022-07-11,pin_535,,CLF_1,Qi,539,2123,1386,568,429,448,438,439,438,439,439,439,438,658,499,509,528,509,528,528,538,539,548,2.23,3.25,3.17,3.02,3.17,3.02,3.02,2.95,2.94,2.87,0.29,0.34,0.29,0.4,0.33,0.4,0.4,0.43,0.43,0.55,2.16,768,897,1.76,1.37,0.96,0.98,0.75,0.14,0.14,0.12,0.17,0.14,0.17,0.17,0.18,0.19,0.2,0.49,0.55
PIN,2022,2022-07-11,pin_548,,CLF_2,Étienne Ferland,553,3251,2731,1593,975,845,747,748,715,715,683,683,682,1755,1106,910,877,845,845,812,845,813,845,0.85,1.94,2.57,2.71,2.85,2.85,3,2.85,3,2.85,0.13,0.19,0.12,0.26,0.21,0.28,0.22,0.34,0.29,0.46,3,1105,1268,1.94,1.56,0.94,0.98,0.83,0.09,0.12,0.07,0.15,0.11,0.15,0.12,0.19,0.16,0.19,0.59,0.64
PIN,2022,2022-07-11,pin_556,,Julie_1,Krystina S,683,3577,3023,1756,1073,911,813,813,781,781,781,813,780,1854,1138,1008,943,878,878,910,878,911,910,0.93,2.14,2.55,2.79,3.07,3.07,2.93,3.07,2.93,2.93,0.08,0.1,0.18,0.26,0.15,0.22,0.27,0.22,0.21,0.4,2.88,1365,1756,1.62,1.04,0.92,0.96,0.81,0.05,0.06,0.1,0.14,0.07,0.11,0.14,0.11,0.11,0.14,0.57,0.65
PIN,2022,2022-07-11,pin_625,,Julie_2,Étienne Ferland,585,3186,2536,1333,845,716,682,715,748,748,715,715,715,1528,910,813,813,813,878,910,910,910,910,1.09,2.5,2.92,2.92,2.92,2.63,2.5,2.5,2.5,2.5,0.19,0.13,0.22,0.3,0.23,0.27,0.32,0.38,0.38,0.46,2.55,1203,1398,1.65,1.28,0.95,0.95,0.82,0.13,0.07,0.12,0.16,0.12,0.15,0.18,0.21,0.21,0.21,0.59,0.63
PIN,2022,2022-07-11,pin_63,,Julie_2,Étienne Ferland,618,3413,2698,1235,813,748,748,781,748,748,716,716,748,1398,910,845,845,878,845,845,878,878,878,1.44,2.75,3.04,3.04,2.89,3.04,3.04,2.89,2.89,2.89,0.18,0.19,0.22,0.22,0.21,0.22,0.22,0.34,0.34,0.36,2.61,1203,1398,1.84,1.44,0.92,0.93,0.82,0.12,0.11,0.11,0.11,0.11,0.11,0.11,0.18,0.18,0.15,0.57,0.6
PIN,2022,2022-07-11,pin_689,,Julie_2,Étienne Ferland,520,2536,1983,1008,683,650,617,553,586,586,553,553,585,1171,813,780,748,683,715,716,716,715,748,1.17,2.12,2.25,2.39,2.71,2.55,2.54,2.54,2.55,2.39,0.22,0.29,0.31,0.33,0.37,0.35,0.35,0.44,0.43,0.5,2.39,1040,1203,1.44,1.11,1.02,1,0.79,0.14,0.16,0.17,0.18,0.19,0.18,0.18,0.23,0.23,0.22,0.62,0.65
PIN,2022,2022-07-11,pin_746,,CLF_2,Étienne Ferland,520,2796,2211,845,585,553,520,520,521,521,520,488,488,975,682,618,585,585,586,586,585,585,586,1.87,3.1,3.52,3.78,3.78,3.77,3.77,3.78,3.78,3.77,0.22,0.28,0.21,0.23,0.23,0.23,0.23,0.23,0.35,0.43,3.53,845,1040,2.31,1.69,1.01,1.01,0.81,0.13,0.14,0.11,0.11,0.11,0.11,0.11,0.11,0.17,0.17,0.58,0.62
PIN,2022,2022-07-11,pin_773,,CLF_2,Étienne Ferland,499,2821,2254,1037,678,608,578,578,569,578,568,568,569,1137,758,678,659,658,658,668,668,667,678,1.48,2.72,3.16,3.28,3.29,3.29,3.22,3.22,3.23,3.16,0.13,0.19,0.2,0.24,0.23,0.26,0.26,0.29,0.28,0.41,2.96,987,1187,1.86,1.38,0.93,0.95,0.82,0.09,0.11,0.1,0.12,0.12,0.14,0.13,0.15,0.15,0.16,0.58,0.63
PIN,2022,2022-07-11,pin_871,,Julie_1,Krystina S,781,3837,3056,1301,878,813,813,683,846,780,715,682,682,1398,943,911,910,1820,1072,943,910,910,878,1.74,3.07,3.21,3.22,1.11,2.58,3.07,3.22,3.22,3.37,0.12,0.14,0.22,0.22,0.96,0.4,0.35,0.45,0.52,0.46,3.48,1365,1561,1.81,1.46,1.1,1.12,0.8,0.07,0.07,0.11,0.11,0.62,0.21,0.17,0.21,0.25,0.22,0.64,0.69
PIN,2022,2022-07-11,pin_879,,Julie_2,Étienne Ferland,845,4031,3283,1495,943,845,813,813,780,780,781,780,780,1626,1041,943,911,910,878,910,911,910,910,1.48,2.87,3.27,3.42,3.43,3.59,3.43,3.42,3.43,3.43,0.13,0.19,0.22,0.23,0.23,0.25,0.31,0.31,0.31,0.4,3.21,1398,1658,1.88,1.43,0.94,1,0.79,0.08,0.09,0.1,0.11,0.11,0.11,0.14,0.14,0.14,0.14,0.54,0.61
PIN,2022,2022-07-16,pin_4241,,Julie 1,Étienne,650,3153,2244,1008,683,716,683,683,651,683,683,683,683,1106,780,748,781,780,781,813,813,813,846,1.85,3.04,3.22,3.04,3.04,3.04,2.88,2.88,2.88,2.73,0.15,0.25,0.09,0.26,0.25,0.34,0.32,0.32,0.32,0.55,2.29,1333,1528,1.37,1.06,0.94,0.95,0.79,0.09,0.12,0.04,0.13,0.12,0.17,0.16,0.16,0.16,0.19,0.59,0.62
PIN,2022,2022-07-16,pin_4262,,Julie 2,Étienne,419,1954,1336,628,439,418,418,429,449,459,469,468,468,728,509,489,508,539,569,579,609,608,628,1.68,2.84,3,2.85,2.63,2.43,2.37,2.21,2.21,2.11,0.24,0.28,0.3,0.36,0.41,0.41,0.4,0.43,0.43,0.54,1.85,767,917,1.55,1.13,0.95,0.98,0.79,0.14,0.14,0.15,0.18,0.2,0.21,0.21,0.23,0.23,0.25,0.56,0.62
PIN,2022,2022-07-16,pin_4411,,Julie 2,Étienne,748,4064,3414,1756,1138,975,845,845,813,813,845,813,845,1918,1235,1040,975,975,975,943,975,1008,1008,1.12,2.29,2.91,3.17,3.17,3.17,3.31,3.17,3.03,3.03,0.12,0.14,0.12,0.26,0.26,0.32,0.27,0.26,0.37,0.39,3.04,1398,1723,1.91,1.36,0.92,0.95,0.82,0.08,0.08,0.06,0.13,0.13,0.17,0.14,0.13,0.19,0.16,0.56,0.62
PIN,2022,2022-07-16,pin_4436,,Julie 1,Étienne,748,3478,2796,1170,845,748,748,716,715,748,715,748,780,1301,910,813,813,813,846,813,845,846,846,1.67,2.82,3.28,3.28,3.28,3.11,3.28,3.12,3.11,3.11,0.17,0.15,0.17,0.17,0.26,0.33,0.17,0.33,0.25,0.23,2.58,1300,1528,1.68,1.28,0.91,0.93,0.78,0.1,0.07,0.08,0.08,0.12,0.15,0.08,0.15,0.12,0.08,0.52,0.57
PIN,2022,2022-07-16,pin_4474,,Julie 1,Étienne,329,1217,888,458,349,339,329,329,309,319,309,319,319,518,409,399,389,388,388,388,389,389,399,1.35,1.98,2.05,2.13,2.14,2.14,2.14,2.13,2.13,2.05,0.22,0.31,0.32,0.33,0.33,0.44,0.38,0.44,0.39,0.53,1.78,618,718,0.97,0.69,0.92,0.97,0.73,0.12,0.15,0.15,0.15,0.15,0.2,0.18,0.21,0.18,0.2,0.53,0.6
PIN,2022,2022-07-16,pin_4482,,Julie 2,Étienne,379,1994,1575,868,579,508,488,468,478,488,479,479,479,977,668,588,588,588,598,608,619,628,618,1.04,1.99,2.39,2.39,2.39,2.33,2.28,2.22,2.18,2.23,0.17,0.23,0.24,0.31,0.37,0.36,0.35,0.4,0.41,0.46,2.29,897,1057,1.22,0.89,0.96,0.98,0.81,0.11,0.13,0.14,0.17,0.2,0.2,0.2,0.23,0.24,0.22,0.63,0.68
PIN,2022,2022-07-16,pin_4538,,Julie 1,Étienne,521,2471,1886,911,683,618,617,585,586,617,586,585,553,1008,748,715,683,683,683,715,715,716,716,1.45,2.3,2.46,2.62,2.62,2.62,2.46,2.46,2.45,2.45,0.16,0.16,0.26,0.19,0.28,0.28,0.26,0.35,0.35,0.56,2.41,1073,1301,1.3,0.9,0.98,0.98,0.79,0.1,0.09,0.14,0.1,0.14,0.14,0.14,0.18,0.18,0.23,0.61,0.65
PIN,2022,2022-07-16,pin_4681,,CFL 1,Qi,780,4389,3544,1723,1106,911,846,846,813,813,813,846,846,1918,1203,1008,976,943,943,976,1008,1008,1008,1.29,2.65,3.35,3.5,3.65,3.65,3.5,3.35,3.35,3.35,0.15,0.14,0.19,0.26,0.21,0.28,0.33,0.38,0.31,0.42,3.19,1561,1820,1.81,1.41,0.87,0.92,0.82,0.1,0.08,0.1,0.13,0.1,0.14,0.17,0.19,0.16,0.16,0.54,0.61
PIN,2022,2022-07-16,pin_4716,,Julie 2,Étienne,419,2483,2143,1067,728,648,618,608,608,608,608,618,618,1206,817,748,718,708,718,738,738,748,758,1.06,2.04,2.32,2.46,2.51,2.46,2.36,2.36,2.32,2.28,0.16,0.18,0.22,0.24,0.24,0.26,0.3,0.3,0.29,0.4,2.47,1107,1346,1.24,0.84,0.91,0.94,0.83,0.12,0.11,0.13,0.14,0.14,0.15,0.18,0.18,0.17,0.18,0.62,0.68
PIN,2022,2022-07-16,pin_4743,,CFL 1,Qi,748,2828,1333,585,422,455,455,455,422,455,455,455,455,650,520,520,488,521,521,521,553,553,586,3.35,4.44,4.44,4.8,4.43,4.43,4.43,4.11,4.11,3.83,0.26,0.56,0.37,0.21,0.37,0.56,0.37,0.5,0.5,0.67,1.93,748,878,2.78,2.22,1.13,1.12,0.74,0.1,0.19,0.12,0.07,0.13,0.19,0.13,0.18,0.18,0.22,0.48,0.52
PIN,2022,2022-07-16,pin_4760,,CFL 1,Qi,682,4064,3186,1755,1072,910,910,878,910,846,780,812,780,1951,1235,1072,1105,1072,1170,1040,975,1040,1008,1.08,2.29,2.79,2.68,2.79,2.47,2.91,3.17,2.91,3.03,0.14,0.22,0.27,0.31,0.32,0.38,0.33,0.37,0.39,0.5,3.08,1560,1886,1.61,1.15,0.98,1.01,0.83,0.1,0.13,0.15,0.18,0.18,0.22,0.19,0.2,0.22,0.23,0.65,0.71
PIN,2022,2022-07-16,pin_4772,,Julie 1,Étienne,683,3446,2439,1007,715,683,682,682,650,650,650,683,682,1073,813,780,780,780,748,780,748,748,780,2.21,3.24,3.42,3.42,3.42,3.61,3.42,3.61,3.61,3.42,0.11,0.25,0.26,0.26,0.26,0.28,0.35,0.28,0.19,0.38,2.58,1170,1398,1.95,1.46,0.91,0.94,0.8,0.06,0.12,0.12,0.13,0.13,0.13,0.17,0.13,0.09,0.13,0.53,0.58
PIN,2022,2022-07-16,pin_4791,,Julie 2,Étienne,388,1675,1266,598,438,409,389,389,389,379,389,389,389,668,498,468,458,449,459,459,459,459,469,1.51,2.36,2.58,2.66,2.73,2.65,2.65,2.65,2.65,2.57,0.18,0.24,0.26,0.32,0.28,0.32,0.37,0.32,0.32,0.44,2.25,658,788,1.55,1.13,0.94,0.96,0.77,0.1,0.12,0.13,0.15,0.13,0.15,0.17,0.15,0.15,0.17,0.53,0.58
PIN,2022,2022-07-16,pin_4805,,Julie 1,Étienne,585,2893,2179,975,682,650,651,617,618,618,585,618,618,1040,747,715,715,683,715,748,747,715,748,1.78,2.87,3.05,3.05,3.24,3.05,2.87,2.87,3.05,2.87,0.11,0.17,0.18,0.18,0.2,0.27,0.34,0.43,0.27,0.4,2.53,1040,1235,1.78,1.34,0.96,0.97,0.8,0.06,0.09,0.09,0.09,0.1,0.14,0.17,0.22,0.14,0.17,0.56,0.61
PIN,2022,2022-07-16,pin_4970,,CFL 1,Qi,618,3381,2601,1301,845,715,715,715,715,715,715,716,715,1528,975,845,845,845,877,877,910,910,910,1.21,2.47,3,3,3,2.86,2.86,2.72,2.72,2.72,0.22,0.24,0.29,0.29,0.29,0.34,0.34,0.39,0.39,0.5,2.64,1398,1659,1.42,1.04,0.97,0.97,0.82,0.15,0.13,0.15,0.15,0.15,0.18,0.18,0.21,0.21,0.21,0.63,0.67
PIN,2022,2022-07-16,pin_4990,,CFL 1,Qi,489,1914,1276,568,438,429,449,458,469,478,479,488,479,658,508,509,529,558,569,589,598,608,608,1.91,2.77,2.76,2.62,2.43,2.36,2.25,2.2,2.15,2.15,0.27,0.32,0.36,0.34,0.39,0.38,0.4,0.42,0.41,0.54,1.66,787,907,1.43,1.11,0.93,0.97,0.74,0.14,0.14,0.16,0.15,0.18,0.18,0.19,0.2,0.2,0.21,0.51,0.56
PIN,2022,2022-07-16,pin_5096,,Julie 2,Étienne,449,2353,1784,937,628,548,538,518,509,518,509,508,508,1067,708,648,628,638,638,638,639,648,648,1.21,2.32,2.63,2.75,2.69,2.69,2.69,2.68,2.63,2.63,0.19,0.2,0.29,0.27,0.35,0.38,0.35,0.38,0.4,0.48,2.51,968,1186,1.43,0.98,0.96,0.99,0.81,0.12,0.11,0.15,0.14,0.19,0.2,0.19,0.2,0.22,0.22,0.61,0.67
PIN,2022,2022-07-16,pin_5141,,CFL 1,Qi,715,4519,3674,1983,1138,975,910,910,910,911,910,943,910,2243,1301,1105,1105,1105,1072,1106,1106,1138,1105,1.01,2.47,3.09,3.09,3.09,3.22,3.09,3.09,2.97,3.09,0.16,0.21,0.21,0.31,0.31,0.27,0.31,0.31,0.3,0.4,3.04,1658,1984,1.73,1.28,0.95,0.98,0.84,0.12,0.13,0.12,0.18,0.18,0.15,0.18,0.18,0.17,0.18,0.63,0.69
PIN,2022,2022-07-16,pin_5211,,CFL 1,Qi,618,3902,3154,1951,1203,1008,910,878,878,878,878,910,910,2179,1398,1138,1073,1105,1105,1106,1138,1138,1171,0.79,1.79,2.43,2.64,2.53,2.53,2.53,2.43,2.43,2.33,0.14,0.21,0.19,0.26,0.34,0.34,0.34,0.38,0.33,0.42,2.47,1821,2179,1.14,0.79,0.95,0.98,0.84,0.1,0.14,0.11,0.15,0.21,0.21,0.21,0.23,0.2,0.22,0.68,0.73
PIN,2022,2022-07-16,pin_5224,,CFL 1,Qi,651,4032,3316,2243,1398,1105,1007,943,911,911,910,878,845,2536,1528,1268,1170,1072,1105,1105,1105,1106,1105,0.59,1.64,2.18,2.45,2.76,2.65,2.65,2.65,2.65,2.65,0.15,0.13,0.21,0.23,0.21,0.3,0.3,0.3,0.35,0.47,2.92,1626,1984,1.48,1.03,0.95,0.98,0.84,0.12,0.09,0.13,0.14,0.12,0.18,0.18,0.18,0.21,0.24,0.64,0.71
PIN,2022,2022-07-16,pin_5293,,CFL 1,Qi,683,3771,2959,1366,943,878,845,812,780,813,812,812,812,1528,1040,975,942,943,943,975,943,975,975,1.47,2.63,2.87,3,3,3,2.87,3,2.87,2.87,0.16,0.17,0.18,0.19,0.26,0.33,0.31,0.26,0.31,0.36,2.64,1593,1983,1.37,0.9,0.93,1,0.82,0.11,0.09,0.1,0.1,0.14,0.17,0.17,0.14,0.17,0.17,0.61,0.7
PIN,2022,2022-07-16,pin_5341,,CFL 1,Qi,780,3608,2504,976,780,715,715,683,682,683,683,682,682,1073,845,813,812,812,780,813,813,781,813,2.36,3.27,3.44,3.44,3.44,3.63,3.44,3.44,3.62,3.44,0.17,0.17,0.27,0.27,0.35,0.29,0.36,0.36,0.29,0.5,2.67,1105,1301,2.27,1.77,0.89,0.93,0.78,0.09,0.08,0.12,0.12,0.16,0.13,0.16,0.16,0.13,0.16,0.47,0.52
PIN,2022,2022-07-16,pin_5419,,CFL 1,Qi,748,4129,3284,1691,1105,943,910,877,877,877,845,878,878,1918,1268,1105,1040,1040,1040,1072,1073,1106,1106,1.15,2.26,2.74,2.97,2.97,2.97,2.85,2.85,2.73,2.73,0.17,0.22,0.27,0.23,0.29,0.29,0.34,0.39,0.38,0.47,2.74,1658,1886,1.49,1.19,0.94,0.95,0.82,0.12,0.13,0.15,0.12,0.16,0.16,0.18,0.21,0.21,0.21,0.61,0.64
PIN,2022,2022-07-16,pin_5650,,CFL 1,Qi,585,3446,2731,1723,1040,813,780,748,780,748,748,780,748,1918,1138,943,943,910,910,975,942,975,975,0.8,2.03,2.65,2.65,2.79,2.79,2.53,2.66,2.53,2.53,0.14,0.14,0.24,0.3,0.32,0.25,0.4,0.36,0.34,0.5,2.65,1463,1690,1.36,1.04,0.96,0.98,0.83,0.1,0.09,0.14,0.17,0.18,0.14,0.23,0.21,0.2,0.23,0.64,0.69
PIN,2022,2022-07-16,pin_5923,,CFL 1,Qi,585,2374,1560,650,488,488,488,488,488,520,521,520,520,715,553,553,618,553,618,586,618,618,618,2.32,3.29,3.29,2.84,3.29,2.84,3.05,2.84,2.84,2.84,0.19,0.28,0.28,0.47,0.28,0.47,0.26,0.35,0.36,0.5,2,846,976,1.81,1.43,0.89,0.96,0.75,0.09,0.12,0.12,0.21,0.12,0.21,0.11,0.16,0.16,0.16,0.46,0.53
PIN,2022,2022-07-16,pin_5988,,CFL 1,Qi,650,3153,2275,943,715,651,651,650,650,650,650,650,650,1073,813,748,748,780,780,780,813,813,813,1.94,2.88,3.22,3.22,3.04,3.04,3.04,2.88,2.88,2.88,0.21,0.24,0.27,0.27,0.34,0.34,0.34,0.4,0.4,0.56,2.5,1202,1366,1.62,1.31,0.91,0.95,0.79,0.12,0.12,0.13,0.13,0.17,0.17,0.17,0.2,0.2,0.2,0.54,0.6
PIN,2022,2022-07-16,pin_5996,,CFL 1,Qi,877,3576,2665,1105,780,715,682,682,682,715,683,715,747,1203,877,780,780,780,780,812,813,845,845,1.97,3.08,3.58,3.58,3.58,3.58,3.4,3.4,3.23,3.23,0.16,0.26,0.21,0.31,0.31,0.31,0.29,0.39,0.37,0.38,2.57,1170,1366,2.06,1.62,0.94,0.97,0.75,0.08,0.11,0.08,0.13,0.13,0.13,0.12,0.16,0.15,0.12,0.47,0.52
PIN,2022,2022-07-16,pin_6066,,CFL 1,Qi,618,2374,1463,650,488,455,455,455,455,455,455,455,455,683,585,552,520,552,552,553,553,553,585,2.48,3.06,3.3,3.57,3.3,3.3,3.29,3.29,3.29,3.06,0.11,0.4,0.44,0.33,0.44,0.44,0.44,0.44,0.44,0.57,2.22,878,1008,1.7,1.36,1.01,1.06,0.74,0.05,0.17,0.18,0.12,0.18,0.18,0.18,0.18,0.18,0.22,0.52,0.58
PIN,2022,2022-07-16,pin_6073,,CFL 1,Qi,813,3186,2244,943,748,716,715,748,748,715,748,715,748,1040,846,846,845,846,845,846,878,878,911,2.06,2.77,2.77,2.77,2.77,2.77,2.77,2.63,2.63,2.5,0.19,0.27,0.35,0.35,0.27,0.26,0.35,0.33,0.42,0.46,2,1203,1398,1.65,1.28,0.93,0.99,0.74,0.09,0.12,0.15,0.15,0.12,0.11,0.15,0.15,0.19,0.18,0.49,0.56
PIN,2022,2022-08-09,NA,,Julie_1,Krystina,715,4747,4422,3706,2504,2048,1756,1886,1788,1658,1560,1788,1625,3933,2666,2243,1951,2276,2113,1983,1853,2113,1983,0.21,0.78,1.12,1.43,1.09,1.25,1.39,1.56,1.25,1.39,0.07,0.08,0.12,0.14,0.23,0.22,0.23,0.23,0.22,0.31,1.72,2341,2633,1.03,0.8,0.94,0.94,0.85,0.06,0.06,0.09,0.1,0.17,0.15,0.16,0.16,0.15,0.18,0.69,0.72
PIN,2022,2022-08-09,NA,,Julie_1,Krystina,781,5104,4649,4324,2958,2406,2113,1983,1821,1885,1788,1723,1755,4551,3088,2568,2244,2146,2016,2080,2016,1983,2016,0.12,0.65,0.99,1.27,1.38,1.53,1.45,1.53,1.57,1.53,0.06,0.05,0.09,0.08,0.11,0.14,0.14,0.16,0.19,0.21,1.65,2276,2568,1.24,0.99,0.94,0.96,0.85,0.05,0.04,0.06,0.06,0.08,0.1,0.09,0.11,0.13,0.13,0.67,0.71
PIN,2022,2022-08-09,NA,,Julie_1,Krystina,683,4194,3609,3056,1983,1593,1366,1267,1235,1171,1138,1138,1137,3284,2048,1723,1528,1463,1365,1365,1333,1366,1397,0.28,1.05,1.43,1.74,1.87,2.07,2.07,2.15,2.07,2,0.09,0.04,0.11,0.16,0.21,0.15,0.23,0.24,0.27,0.35,2.17,1690,1951,1.48,1.15,0.94,0.95,0.84,0.07,0.03,0.08,0.11,0.13,0.1,0.14,0.15,0.17,0.19,0.63,0.67
PIN,2022,2022-08-09,NA,,Julie_2,Maxim,422,2048,1625,1073,781,683,618,618,618,585,683,553,552,1236,911,813,748,748,748,715,878,716,715,0.66,1.25,1.52,1.74,1.74,1.74,1.86,1.33,1.86,1.86,0.19,0.23,0.26,0.3,0.3,0.3,0.32,0.36,0.4,0.46,1.94,846,943,1.42,1.17,0.88,0.92,0.79,0.13,0.14,0.16,0.17,0.17,0.17,0.18,0.22,0.23,0.23,0.54,0.59
PIN,2022,2022-08-09,NA,,Julie_2,Maxim,585,3186,2991,1853,1333,1105,976,878,845,747,747,715,780,1983,1496,1203,1073,975,910,878,812,845,910,0.61,1.13,1.65,1.97,2.27,2.5,2.63,2.92,2.77,2.5,0.09,0.16,0.13,0.15,0.17,0.13,0.27,0.15,0.28,0.25,2.83,1268,1430,1.51,1.23,1,1.02,0.82,0.07,0.11,0.08,0.09,0.1,0.07,0.15,0.08,0.15,0.14,0.64,0.68
PIN,2022,2022-08-09,NA,,Julie_2,Maxim,552,3121,2764,2504,2015,1268,1106,1008,845,877,877,845,813,2634,2113,1366,1171,1106,943,1008,1008,943,975,0.18,0.48,1.28,1.67,1.82,2.31,2.1,2.1,2.31,2.2,0.06,0.06,0.11,0.09,0.14,0.18,0.22,0.22,0.18,0.29,2.4,1041,1170,2,1.67,0.98,1,0.82,0.05,0.05,0.07,0.06,0.09,0.1,0.13,0.13,0.1,0.17,0.59,0.64
PIN,2022,2022-08-09,pin_1062,,Julie_2,Maxim,169,3818,1924,1516,997,797,687,609,578,568,538,538,548,1714,1136,887,768,708,678,658,658,658,678,1.23,2.36,3.3,3.97,4.39,4.63,4.8,4.8,4.8,4.63,0.13,0.14,0.12,0.13,0.17,0.19,0.17,0.23,0.23,0.35,2.51,767,847,3.98,3.51,0.75,0.77,0.96,0.12,0.12,0.1,0.11,0.14,0.15,0.14,0.18,0.18,0.19,0.61,0.64
PIN,2022,2022-08-09,pin_1213,,Julie_1,Krystina,780,5592,5495,4487,2666,2081,1691,1560,1430,1366,1301,1333,1333,4649,2796,2146,1788,1691,1560,1495,1528,1528,1561,0.2,1,1.61,2.13,2.31,2.58,2.74,2.66,2.66,2.58,0.04,0.06,0.04,0.08,0.12,0.13,0.14,0.24,0.2,0.29,3.12,1951,2341,1.87,1.39,0.9,0.94,0.86,0.03,0.05,0.03,0.05,0.08,0.08,0.09,0.15,0.13,0.15,0.62,0.68
PIN,2022,2022-08-09,pin_1220,,Julie_2,Maxim,553,3121,2535,1885,1333,1171,1105,1072,975,942,1008,975,910,2146,1561,1365,1301,1267,1202,1236,1268,1170,1138,0.45,1,1.29,1.4,1.46,1.6,1.53,1.46,1.67,1.74,0.16,0.21,0.21,0.23,0.24,0.29,0.37,0.31,0.26,0.37,1.79,1333,1496,1.34,1.09,0.95,0.98,0.82,0.12,0.15,0.14,0.15,0.15,0.19,0.24,0.21,0.17,0.2,0.63,0.67
PIN,2022,2022-08-09,pin_1307,,Julie_2,Maxim,552,3153,2698,2114,1398,1106,976,878,878,846,813,813,813,2276,1495,1268,1106,1041,976,976,1008,976,1041,0.39,1.11,1.49,1.85,2.03,2.23,2.23,2.13,2.23,2.03,0.09,0.09,0.2,0.19,0.26,0.17,0.22,0.32,0.28,0.41,2.32,1171,1365,1.69,1.31,1,1.03,0.82,0.07,0.06,0.13,0.12,0.16,0.1,0.13,0.19,0.17,0.22,0.64,0.69
PIN,2022,2022-08-09,pin_1355,,Julie_1,Krystina,845,4877,4292,3219,2048,1593,1333,1203,1138,1105,1105,1105,1106,3316,2145,1658,1431,1300,1268,1235,1236,1268,1301,0.47,1.27,1.94,2.41,2.75,2.85,2.95,2.95,2.85,2.75,0.04,0.07,0.06,0.12,0.13,0.19,0.19,0.19,0.23,0.32,2.88,1691,2048,1.88,1.38,0.96,0.97,0.83,0.03,0.05,0.04,0.07,0.07,0.1,0.11,0.11,0.13,0.15,0.6,0.65
PIN,2022,2022-08-09,pin_1373,,Julie_1,Krystina,585,3609,3316,2374,1398,1138,1008,910,813,812,846,845,845,2504,1496,1203,1105,1008,943,910,1040,975,1041,0.44,1.41,2,2.27,2.58,2.83,2.97,2.47,2.7,2.47,0.07,0.1,0.09,0.14,0.16,0.24,0.19,0.31,0.23,0.38,2.92,1106,1366,2.26,1.64,0.96,0.94,0.84,0.05,0.07,0.05,0.09,0.1,0.14,0.11,0.19,0.13,0.19,0.59,0.62
PIN,2022,2022-08-09,pin_1590,,Julie_2,Maxim,683,3316,2894,2178,1333,1008,878,780,780,747,715,585,748,2341,1463,1138,1008,910,910,910,943,716,943,0.42,1.27,1.91,2.29,2.64,2.64,2.64,2.52,3.63,2.52,0.1,0.14,0.2,0.24,0.28,0.28,0.35,0.46,0.4,0.35,2.87,878,1268,2.78,1.62,1.25,1.12,0.79,0.07,0.09,0.11,0.13,0.14,0.14,0.18,0.24,0.18,0.21,0.63,0.67
PIN,2022,2022-08-09,pin_1834,,Julie_2,Maxim,650,3121,2763,2015,1138,943,878,813,715,748,618,520,553,2145,1268,1041,1008,943,878,910,748,650,780,0.46,1.46,2,2.1,2.31,2.55,2.43,3.17,3.8,3,0.08,0.17,0.17,0.23,0.26,0.36,0.34,0.36,0.45,0.58,4,1041,1105,2,1.82,1.06,1.13,0.79,0.06,0.1,0.09,0.13,0.14,0.19,0.18,0.17,0.2,0.29,0.59,0.65
PIN,2022,2022-08-09,pin_1840,,Julie_1,Krystina,846,5494,4584,3707,2275,1756,1430,1301,1268,1170,1203,1203,1171,3869,2438,1853,1593,1431,1430,1365,1365,1398,1398,0.42,1.25,1.96,2.45,2.84,2.84,3.02,3.02,2.93,2.93,0.05,0.09,0.08,0.17,0.15,0.19,0.25,0.21,0.24,0.3,2.91,1756,2048,2.13,1.68,0.99,1.02,0.85,0.04,0.07,0.05,0.1,0.09,0.11,0.14,0.12,0.14,0.16,0.63,0.68
PIN,2022,2022-08-09,pin_1942,,Julie_1,Krystina,683,3218,4194,3641,2341,1756,1463,1301,1235,1203,1170,1040,943,3836,2471,1918,1593,1430,1365,1431,1398,1203,1138,-0.16,0.3,0.68,1.02,1.25,1.36,1.25,1.3,1.67,1.83,0.06,0.07,0.12,0.13,0.14,0.16,0.26,0.26,0.23,0.25,3.45,1171,1235,1.75,1.61,1.21,1.3,0.79,0.05,0.05,0.08,0.08,0.09,0.1,0.16,0.16,0.14,0.17,0.69,0.76
PIN,2022,2022-08-09,pin_1981,,Julie_1,Krystina,748,4681,4064,2959,1690,1365,1105,1040,975,813,846,813,748,3088,1788,1431,1203,1138,1041,878,1040,910,910,0.52,1.62,2.27,2.89,3.11,3.5,4.33,3.5,4.14,4.14,0.05,0.08,0.07,0.14,0.15,0.12,0.15,0.35,0.21,0.33,4.43,1170,1171,3,3,1.12,1.22,0.84,0.04,0.05,0.05,0.08,0.09,0.06,0.07,0.19,0.11,0.18,0.64,0.69
PIN,2022,2022-08-09,pin_2076,,CLF_2,Gregory,683,4812,4454,4064,2698,2048,1658,1431,1268,1170,1138,1073,1040,4227,2796,2146,1756,1496,1366,1268,1203,1170,1138,0.14,0.72,1.24,1.74,2.22,2.52,2.79,3,3.11,3.23,0.05,0.05,0.06,0.08,0.07,0.11,0.13,0.09,0.14,0.22,3.28,1593,2016,2.02,1.39,0.89,0.95,0.86,0.04,0.04,0.05,0.06,0.04,0.07,0.08,0.05,0.08,0.09,0.59,0.68
PIN,2022,2022-08-09,pin_2076,,CLF_3,Qi,439,2871,2303,1884,1256,1047,967,917,867,857,818,957,937,2173,1456,1226,1176,1096,1077,1097,1087,1257,1257,0.32,0.97,1.34,1.44,1.62,1.67,1.62,1.64,1.28,1.28,0.16,0.19,0.21,0.26,0.24,0.29,0.32,0.37,0.34,0.43,1.46,1556,1765,0.85,0.63,0.92,0.94,0.85,0.13,0.14,0.15,0.18,0.16,0.19,0.22,0.25,0.24,0.25,0.69,0.72
PIN,2022,2022-08-09,pin_2158,,CLF_2,Gregory,650,4161,3738,3251,2211,1820,1658,1495,1431,1366,1268,1301,1235,3413,2340,1983,1788,1658,1560,1560,1496,1463,1463,0.22,0.78,1.1,1.33,1.51,1.67,1.67,1.78,1.84,1.84,0.06,0.07,0.11,0.1,0.14,0.12,0.19,0.23,0.17,0.27,2.03,1691,1885,1.46,1.21,0.98,0.97,0.84,0.05,0.06,0.08,0.07,0.1,0.08,0.12,0.15,0.11,0.16,0.67,0.69
PIN,2022,2022-08-09,pin_219,,Julie_1,Krystina,552,3771,3317,2926,2114,1658,1398,1268,1235,1171,1203,1170,1170,3187,2276,1821,1626,1463,1431,1398,1398,1398,1463,0.18,0.66,1.07,1.32,1.58,1.64,1.7,1.7,1.7,1.58,0.1,0.09,0.12,0.2,0.19,0.2,0.24,0.2,0.24,0.33,1.84,1658,1918,1.27,0.97,0.95,0.95,0.85,0.08,0.07,0.09,0.14,0.13,0.14,0.16,0.14,0.16,0.2,0.69,0.71
PIN,2022,2022-08-09,pin_2237,,CLF_3,Qi,508,3220,2613,1895,1147,857,738,658,658,638,687,658,668,2084,1286,977,848,788,758,828,858,848,868,0.55,1.5,2.3,2.8,3.09,3.25,2.89,2.75,2.8,2.71,0.12,0.16,0.2,0.22,0.29,0.24,0.4,0.34,0.38,0.46,2.91,1136,1386,1.83,1.32,0.95,0.98,0.84,0.09,0.11,0.12,0.13,0.16,0.13,0.23,0.2,0.22,0.23,0.62,0.68
PIN,2022,2022-08-09,pin_257,,Julie_2,Maxim,489,2622,2243,1495,1057,917,817,797,777,778,788,778,768,1655,1176,1037,957,947,947,957,987,997,997,0.58,1.23,1.53,1.74,1.77,1.77,1.74,1.66,1.63,1.63,0.13,0.15,0.18,0.24,0.26,0.29,0.3,0.32,0.35,0.43,1.92,1117,1246,1.35,1.1,0.92,0.94,0.81,0.1,0.1,0.12,0.15,0.16,0.18,0.19,0.2,0.22,0.23,0.6,0.63
PIN,2022,2022-08-09,pin_278,,Julie_1,Krystina,747,5202,4584,3967,2471,1950,1691,1528,1430,1366,1333,1301,1333,4161,2634,2145,1853,1658,1593,1561,1528,1561,1560,0.25,0.97,1.43,1.81,2.14,2.27,2.33,2.4,2.33,2.33,0.06,0.08,0.13,0.13,0.12,0.16,0.19,0.2,0.26,0.27,2.44,1853,2146,1.81,1.42,0.93,0.96,0.86,0.05,0.06,0.09,0.09,0.08,0.1,0.12,0.13,0.17,0.15,0.63,0.68
PIN,2022,2022-08-09,pin_2842,,CLF_3,Qi,521,2828,2114,1431,1040,813,781,683,683,716,715,748,715,1626,1171,976,878,846,878,911,943,943,975,0.74,1.42,1.9,2.22,2.34,2.22,2.1,2,2,1.9,0.17,0.17,0.28,0.19,0.34,0.38,0.36,0.41,0.35,0.5,1.96,1138,1268,1.49,1.23,0.98,1,0.82,0.12,0.11,0.17,0.11,0.19,0.22,0.21,0.24,0.21,0.27,0.63,0.67
PIN,2022,2022-08-09,pin_3085,,CLF_2,Gregory,682,3966,3349,2373,1593,1203,1040,1040,975,975,942,942,910,2503,1690,1333,1203,1170,1137,1105,1105,1137,1138,0.58,1.35,1.98,2.3,2.39,2.49,2.59,2.59,2.49,2.49,0.07,0.09,0.16,0.23,0.19,0.25,0.21,0.26,0.3,0.39,2.68,1366,1626,1.9,1.44,0.96,0.96,0.83,0.05,0.06,0.1,0.14,0.11,0.14,0.12,0.15,0.17,0.2,0.6,0.64
PIN,2022,2022-08-09,pin_3601,,CLF_3,Qi,715,4162,3511,2601,1723,1333,1073,1073,1008,1007,1040,1040,1040,2796,1885,1495,1301,1236,1203,1235,1268,1301,1366,0.49,1.21,1.78,2.2,2.37,2.46,2.37,2.28,2.2,2.05,0.09,0.13,0.17,0.29,0.22,0.28,0.31,0.3,0.33,0.44,2.38,1593,1918,1.61,1.17,0.94,1.01,0.83,0.07,0.09,0.11,0.18,0.13,0.16,0.18,0.18,0.2,0.24,0.61,0.69
PIN,2022,2022-08-09,pin_3621,,Julie_1,Krystina,748,4161,3577,2926,1853,1528,1236,1041,1171,1072,1073,1040,1008,3252,2080,1691,1398,1236,1430,1300,1300,1268,1236,0.28,1,1.46,1.98,2.37,1.91,2.2,2.2,2.28,2.37,0.13,0.16,0.15,0.19,0.27,0.3,0.3,0.3,0.31,0.37,2.55,1397,1755,1.98,1.37,0.92,0.98,0.82,0.1,0.11,0.1,0.12,0.16,0.18,0.18,0.17,0.18,0.18,0.56,0.65
PIN,2022,2022-08-09,pin_3868,,CLF_2,Gregory,553,3121,3771,3186,1853,1463,1301,1137,1072,1072,1040,1040,1040,3219,1950,1560,1365,1268,1203,1203,1170,1203,1170,-0.03,0.6,1,1.29,1.46,1.59,1.59,1.67,1.59,1.67,0.01,0.07,0.09,0.07,0.16,0.17,0.17,0.17,0.21,0.21,2.63,1365,1528,1.29,1.04,0.89,0.92,0.82,0.01,0.05,0.06,0.05,0.1,0.11,0.11,0.11,0.14,0.11,0.6,0.64
PIN,2022,2022-08-09,pin_3884,,CLF_3,Qi,552,3446,2926,2243,1333,1073,943,910,845,877,877,878,877,2405,1463,1171,1040,1040,975,1040,1072,1041,1040,0.43,1.36,1.94,2.31,2.31,2.53,2.31,2.21,2.31,2.31,0.09,0.13,0.13,0.15,0.2,0.22,0.26,0.29,0.26,0.28,2.34,1138,1333,2.03,1.59,0.95,1.02,0.84,0.07,0.09,0.08,0.09,0.12,0.13,0.16,0.18,0.16,0.16,0.6,0.68
PIN,2022,2022-08-09,pin_3904,,CLF_3,Qi,468,3100,2592,2233,1435,1146,967,907,807,817,787,807,777,2442,1575,1266,1086,1047,967,987,987,977,997,0.27,0.97,1.45,1.85,1.96,2.21,2.14,2.14,2.17,2.11,0.1,0.12,0.14,0.17,0.2,0.26,0.27,0.32,0.27,0.37,2.34,1146,1296,1.71,1.39,0.98,1.01,0.85,0.09,0.09,0.09,0.11,0.13,0.17,0.17,0.2,0.17,0.22,0.66,0.71
PIN,2022,2022-08-09,pin_393,,Julie_2,Maxim,650,3218,2666,2308,1723,1398,1105,1073,976,910,878,878,813,2536,1983,1626,1366,1301,1203,1138,1105,1073,1008,0.27,0.62,0.98,1.36,1.47,1.67,1.83,1.91,2,2.19,0.12,0.18,0.21,0.31,0.28,0.32,0.34,0.36,0.32,0.33,2.28,1203,1300,1.67,1.48,1.13,1.14,0.8,0.09,0.13,0.14,0.19,0.18,0.19,0.2,0.21,0.18,0.19,0.68,0.7
PIN,2022,2022-08-09,pin_3957,,CLF_2,Gregory,650,3706,3283,2698,1723,1398,1236,1105,1072,1008,1040,1040,1040,2796,1820,1496,1235,1236,1171,1171,1203,1203,1235,0.33,1.04,1.48,2,2,2.16,2.16,2.08,2.08,2,0.04,0.08,0.1,0,0.17,0.14,0.23,0.22,0.22,0.3,2.16,1561,1853,1.37,1,0.91,0.95,0.82,0.04,0.05,0.07,0,0.11,0.08,0.14,0.14,0.14,0.16,0.6,0.67
PIN,2022,2022-08-09,pin_3969,,CLF_2,Gregory,617,3868,3446,2894,1918,1528,1333,1203,1137,1073,1073,1072,1072,3089,2048,1691,1495,1398,1333,1268,1268,1268,1268,0.25,0.89,1.29,1.59,1.77,1.9,2.05,2.05,2.05,2.05,0.08,0.09,0.14,0.16,0.21,0.23,0.24,0.24,0.24,0.29,2.21,1430,1626,1.7,1.38,0.93,0.99,0.84,0.06,0.06,0.1,0.11,0.14,0.15,0.15,0.15,0.15,0.15,0.61,0.68
PIN,2022,2022-08-09,pin_4007,,CLF_3,Qi,552,3154,2439,1886,1203,1008,878,747,715,715,747,715,748,2048,1301,1073,976,878,845,845,845,878,911,0.54,1.42,1.94,2.23,2.59,2.73,2.73,2.73,2.59,2.46,0.1,0.11,0.1,0.17,0.26,0.28,0.28,0.21,0.33,0.36,2.26,1008,1203,2.13,1.62,0.91,0.97,0.82,0.08,0.08,0.06,0.1,0.15,0.15,0.15,0.12,0.19,0.18,0.55,0.62
PIN,2022,2022-08-09,pin_4681,,CLF_3,Qi,586,3056,2536,1626,1008,846,716,683,618,617,585,650,618,1723,1138,845,845,780,716,715,748,910,780,0.77,1.69,2.62,2.62,2.92,3.27,3.27,3.09,2.36,2.92,0.08,0.19,0,0.28,0.24,0.28,0.28,0.43,0.51,0.42,3.1,910,1106,2.36,1.76,0.96,1.02,0.81,0.06,0.11,0,0.15,0.12,0.14,0.14,0.22,0.29,0.21,0.54,0.62
PIN,2022,2022-08-09,pin_4743,,CLF_2,Gregory,650,3674,3284,2178,1398,1105,976,1008,878,845,845,845,812,2308,1495,1203,1106,1138,1007,1007,943,975,943,0.59,1.46,2.05,2.32,2.23,2.65,2.65,2.9,2.77,2.9,0.08,0.1,0.13,0.2,0.19,0.23,0.29,0.19,0.24,0.34,3.04,1171,1333,2.14,1.76,0.89,0.89,0.82,0.06,0.06,0.08,0.12,0.11,0.13,0.16,0.1,0.13,0.14,0.53,0.56
PIN,2022,2022-08-09,pin_4760,,CLF_3,Qi,650,4226,3544,2698,1723,1301,1106,1008,943,943,911,910,911,2926,1885,1463,1268,1138,1105,1105,1138,1138,1138,0.44,1.24,1.89,2.33,2.71,2.82,2.82,2.71,2.71,2.71,0.1,0.12,0.17,0.21,0.19,0.25,0.25,0.33,0.34,0.37,2.89,1333,1463,2.17,1.89,1,0.98,0.85,0.08,0.09,0.11,0.13,0.11,0.15,0.15,0.2,0.2,0.2,0.63,0.64
PIN,2022,2022-08-09,pin_480,,Julie_2,Maxim,479,2961,2422,1924,1306,1037,907,837,787,768,748,747,737,2084,1436,1166,1037,967,927,908,908,907,917,0.42,1.06,1.54,1.86,2.06,2.19,2.26,2.26,2.26,2.23,0.1,0.13,0.16,0.19,0.21,0.24,0.25,0.29,0.29,0.35,2.29,1017,1126,1.91,1.63,1,1,0.84,0.08,0.09,0.11,0.13,0.13,0.15,0.15,0.18,0.18,0.2,0.64,0.66
PIN,2022,2022-08-09,pin_4970,,CLF_2,Gregory,552,3089,2698,1983,1333,1106,1072,1007,910,878,910,845,845,2178,1495,1203,1235,1170,1041,1041,1073,1041,1008,0.42,1.07,1.57,1.5,1.64,1.97,1.97,1.88,1.97,2.06,0.12,0.16,0.13,0.2,0.22,0.21,0.26,0.25,0.31,0.31,2.19,1366,1561,1.26,0.98,0.96,0.98,0.82,0.09,0.11,0.08,0.13,0.14,0.13,0.16,0.15,0.19,0.16,0.64,0.69
PIN,2022,2022-08-09,pin_4990,,CLF_3,Qi,488,3543,2894,2048,1333,1040,910,780,748,715,715,715,748,2276,1496,1171,1008,910,878,845,812,877,943,0.56,1.37,2.03,2.51,2.89,3.04,3.19,3.36,3.04,2.76,0.13,0.15,0.17,0.15,0.23,0.24,0.26,0.2,0.3,0.43,2.87,1138,1398,2.11,1.53,0.9,0.95,0.86,0.1,0.11,0.11,0.1,0.14,0.15,0.15,0.12,0.18,0.21,0.6,0.67
PIN,2022,2022-08-09,pin_5141,,CLF_2,Gregory,682,4031,3511,2601,1658,1268,1105,1073,910,1008,943,878,845,2796,1886,1463,1300,1268,1072,1235,1138,1105,1008,0.44,1.14,1.76,2.1,2.18,2.76,2.26,2.54,2.65,3,0.09,0.17,0.21,0.24,0.25,0.27,0.31,0.29,0.36,0.33,3.16,1658,2178,1.43,0.85,0.97,0.97,0.83,0.07,0.12,0.13,0.15,0.15,0.15,0.18,0.17,0.21,0.16,0.65,0.7
PIN,2022,2022-08-09,pin_5141,,CLF_2,Gregory,845,3608,3121,2341,1560,1268,1105,1040,1008,975,976,1008,975,2471,1658,1365,1203,1170,1138,1138,1170,1138,1138,0.46,1.18,1.64,2,2.08,2.17,2.17,2.08,2.17,2.17,0.08,0.1,0.13,0.16,0.22,0.23,0.28,0.32,0.23,0.33,2.2,1366,1561,1.64,1.31,0.95,0.96,0.77,0.05,0.06,0.07,0.08,0.11,0.11,0.14,0.17,0.11,0.14,0.52,0.56
PIN,2022,2022-08-09,pin_5211,,CLF_3,Qi,478,3151,3081,2493,1704,1346,1157,1077,1007,957,937,938,938,2682,1844,1456,1257,1187,1127,1097,1077,1077,1097,0.17,0.71,1.16,1.51,1.65,1.8,1.87,1.93,1.93,1.87,0.09,0.1,0.1,0.12,0.14,0.16,0.19,0.2,0.2,0.29,2.28,1307,1536,1.41,1.05,0.85,0.91,0.85,0.07,0.08,0.08,0.08,0.09,0.11,0.13,0.13,0.13,0.14,0.6,0.66
PIN,2022,2022-08-09,pin_5224,,CLF_2,Gregory,618,3934,3479,2731,1983,1593,1365,1235,1170,1138,1138,1138,1105,2796,2146,1691,1496,1431,1333,1333,1365,1398,1301,0.41,0.83,1.33,1.63,1.75,1.95,1.95,1.88,1.81,2.02,0.03,0.1,0.08,0.13,0.21,0.19,0.23,0.26,0.28,0.27,2.15,1593,1918,1.47,1.05,0.92,0.96,0.84,0.02,0.08,0.06,0.09,0.14,0.12,0.15,0.17,0.19,0.15,0.63,0.69
PIN,2022,2022-08-09,pin_5293,,CLF_3,Qi,715,3219,2861,2601,1756,1398,1138,1007,975,943,845,780,780,2763,1853,1463,1268,1105,1040,975,910,845,813,0.17,0.74,1.2,1.54,1.91,2.1,2.3,2.54,2.81,2.96,0.08,0.08,0.07,0.18,0.16,0.12,0.06,0.14,0.16,0.13,2.67,1171,1430,1.75,1.25,0.79,0.86,0.78,0.06,0.05,0.04,0.1,0.09,0.06,0.03,0.07,0.08,0.04,0.44,0.52
PIN,2022,2022-08-09,pin_5341,,CLF_2,Gregory,617,4357,4064,3608,2438,1983,1593,1463,1365,1301,1301,1268,1203,3706,2600,2081,1723,1593,1463,1463,1463,1463,1366,0.18,0.68,1.09,1.53,1.74,1.98,1.98,1.98,1.98,2.19,0.03,0.08,0.06,0.11,0.12,0.1,0.17,0.17,0.2,0.22,2.38,1593,1886,1.74,1.31,0.95,0.95,0.86,0.03,0.06,0.05,0.08,0.08,0.07,0.11,0.11,0.13,0.12,0.65,0.69
PIN,2022,2022-08-09,pin_5419,,CLF_2,Gregory,618,3512,3024,2308,1626,1235,1040,975,1040,878,845,715,716,2569,1853,1496,1203,1170,1268,1073,1008,878,878,0.37,0.9,1.35,1.92,2,1.77,2.27,2.48,3,3,0.13,0.17,0.26,0.22,0.27,0.29,0.31,0.28,0.34,0.33,3.22,1040,1138,2.38,2.09,1.07,1.14,0.82,0.1,0.12,0.17,0.14,0.17,0.18,0.18,0.16,0.19,0.18,0.62,0.69
PIN,2022,2022-08-09,pin_5419,,CLF_3,Qi,488,3186,2536,1951,1235,1008,813,748,683,683,650,683,650,2211,1398,1106,943,846,846,813,813,845,846,0.44,1.28,1.88,2.38,2.77,2.77,2.92,2.92,2.77,2.77,0.15,0.16,0.13,0.22,0.19,0.32,0.27,0.34,0.32,0.46,2.9,1073,1268,1.97,1.51,0.98,0.97,0.85,0.12,0.12,0.09,0.14,0.12,0.19,0.16,0.2,0.19,0.23,0.64,0.67
PIN,2022,2022-08-09,pin_548,,Julie_1,Krystina,585,3706,3219,2861,2016,1625,1463,1268,1203,1171,1203,1203,1203,3056,2146,1788,1625,1430,1398,1365,1430,1430,1398,0.21,0.73,1.07,1.28,1.59,1.65,1.72,1.59,1.59,1.65,0.08,0.08,0.13,0.14,0.17,0.21,0.21,0.24,0.24,0.24,1.68,1528,1755,1.43,1.11,0.99,0.98,0.84,0.06,0.06,0.09,0.1,0.11,0.14,0.14,0.16,0.16,0.14,0.68,0.7
PIN,2022,2022-08-09,pin_556,,Julie_1,Krystina,845,4941,4227,3414,2113,1593,1366,1268,1203,1138,1105,1138,1138,3576,2243,1723,1496,1365,1333,1268,1301,1333,1333,0.38,1.2,1.87,2.3,2.62,2.71,2.9,2.8,2.71,2.71,0.06,0.08,0.12,0.15,0.12,0.17,0.18,0.27,0.26,0.32,2.71,1658,1918,1.98,1.58,0.92,0.96,0.83,0.05,0.06,0.08,0.09,0.07,0.1,0.1,0.15,0.15,0.15,0.57,0.63
PIN,2022,2022-08-09,pin_5650,,CLF_2,Gregory,780,5039,4292,3381,2275,1755,1463,1268,1203,1072,1040,1040,1040,3544,2373,1853,1560,1430,1301,1203,1203,1203,1203,0.42,1.12,1.72,2.23,2.52,2.87,3.19,3.19,3.19,3.19,0.06,0.06,0.08,0.1,0.19,0.13,0.19,0.24,0.24,0.28,3.13,1723,2080,1.92,1.42,0.96,0.99,0.85,0.05,0.04,0.05,0.06,0.11,0.08,0.11,0.14,0.14,0.14,0.62,0.69
PIN,2022,2022-08-09,pin_5923,,CLF_3,Qi,553,3609,2894,2471,1691,1366,1301,1073,1106,1073,1008,1041,1040,2796,1918,1561,1625,1268,1398,1398,1333,1333,1365,0.29,0.88,1.31,1.22,1.85,1.58,1.58,1.71,1.71,1.64,0.14,0.16,0.18,0.28,0.23,0.31,0.34,0.36,0.33,0.4,1.78,1495,1625,1.41,1.22,0.94,0.98,0.85,0.12,0.12,0.12,0.2,0.15,0.21,0.23,0.24,0.22,0.24,0.65,0.7
PIN,2022,2022-08-09,pin_5988,,CLF_2,Gregory,715,4292,3966,3511,2438,1950,1690,1560,1496,1365,1333,1268,1236,3706,2601,2178,1918,1755,1658,1593,1528,1495,1496,0.16,0.65,0.97,1.24,1.45,1.59,1.69,1.81,1.87,1.87,0.06,0.08,0.15,0.17,0.17,0.15,0.22,0.2,0.24,0.3,2.21,1691,1886,1.54,1.28,0.99,1,0.83,0.05,0.06,0.1,0.12,0.11,0.1,0.14,0.13,0.15,0.17,0.65,0.69
PIN,2022,2022-08-09,pin_5996,,CLF_3,Qi,520,3284,2731,1951,1301,1008,911,780,748,716,748,683,715,2113,1398,1138,975,878,813,813,845,878,878,0.55,1.35,1.89,2.37,2.74,3.04,3.04,2.89,2.74,2.74,0.1,0.1,0.18,0.11,0.19,0.14,0.21,0.2,0.38,0.36,2.82,1105,1431,1.97,1.29,0.92,0.94,0.84,0.08,0.07,0.11,0.07,0.11,0.08,0.12,0.11,0.22,0.19,0.59,0.66
PIN,2022,2022-08-09,pin_6066,,CLF_2,Gregory,650,4161,3706,2959,2048,1723,1951,1755,1560,1463,1463,1495,1626,3024,2146,1788,2081,1885,1690,1593,1593,1625,1788,0.38,0.94,1.33,1,1.21,1.46,1.61,1.61,1.56,1.33,0.03,0.06,0.05,0.09,0.1,0.11,0.12,0.12,0.12,0.15,1.28,1918,2081,1.17,1,0.97,0.96,0.84,0.02,0.05,0.04,0.06,0.07,0.08,0.08,0.08,0.08,0.09,0.69,0.7
PIN,2022,2022-08-09,pin_6066,,CLF_2,Gregory,715,4161,3706,3251,2146,1691,1528,1366,1268,1203,1170,1138,1073,3446,2308,1853,1658,1528,1463,1365,1333,1333,1268,0.21,0.8,1.25,1.51,1.72,1.84,2.05,2.12,2.12,2.28,0.07,0.1,0.13,0.12,0.17,0.21,0.19,0.2,0.24,0.3,2.45,1626,1983,1.56,1.1,0.98,0.99,0.83,0.06,0.07,0.09,0.08,0.11,0.13,0.12,0.12,0.15,0.15,0.64,0.69
PIN,2022,2022-08-09,pin_6073,,CLF_3,Qi,553,3447,2861,2146,1495,1235,1041,976,943,878,910,911,911,2374,1658,1365,1171,1106,1073,1073,1041,1105,1106,0.45,1.08,1.53,1.94,2.12,2.21,2.21,2.31,2.12,2.12,0.12,0.14,0.14,0.17,0.19,0.2,0.29,0.21,0.28,0.33,2.14,1398,1723,1.47,1,0.92,0.94,0.84,0.1,0.1,0.1,0.11,0.12,0.12,0.18,0.13,0.18,0.18,0.63,0.68
PIN,2022,2022-08-09,pin_625,,Julie_2,Maxim,520,3186,2731,2341,1528,1203,1008,911,878,845,877,878,910,2503,1625,1333,1138,1041,1008,1008,1041,1073,1106,0.27,0.96,1.39,1.8,2.06,2.16,2.16,2.06,1.97,1.88,0.08,0.08,0.14,0.18,0.2,0.21,0.26,0.25,0.29,0.32,2,1301,1528,1.45,1.09,0.96,0.99,0.84,0.06,0.06,0.1,0.11,0.12,0.13,0.16,0.16,0.18,0.18,0.65,0.7
PIN,2022,2022-08-09,pin_63,,Julie_2,Maxim,368,2323,2024,1865,1336,1097,957,858,807,758,738,728,728,2074,1466,1226,1077,977,927,887,877,868,888,0.12,0.58,0.89,1.16,1.38,1.51,1.62,1.65,1.68,1.62,0.12,0.12,0.14,0.16,0.18,0.19,0.22,0.24,0.24,0.3,1.78,977,1106,1.38,1.1,0.97,0.99,0.84,0.1,0.09,0.11,0.11,0.12,0.13,0.15,0.16,0.16,0.18,0.67,0.71
PIN,2022,2022-08-09,pin_689,,Julie_1,Krystina,780,4747,4259,3316,2146,1723,1528,1398,1366,1301,1333,1333,1333,3479,2275,1853,1658,1560,1528,1560,1561,1593,1625,0.36,1.09,1.56,1.86,2.04,2.11,2.04,2.04,1.98,1.92,0.06,0.08,0.11,0.12,0.17,0.17,0.27,0.23,0.26,0.32,2.2,1983,2243,1.39,1.12,0.96,0.96,0.84,0.05,0.06,0.07,0.08,0.1,0.11,0.17,0.15,0.16,0.18,0.66,0.68
PIN,2022,2022-08-09,pin_746,,Julie_1,Krystina,716,4584,3999,3088,1984,1528,1301,1137,1073,1041,1008,1008,1008,3348,2081,1594,1430,1235,1170,1171,1138,1170,1203,0.37,1.2,1.88,2.21,2.71,2.92,2.91,3.03,2.92,2.81,0.1,0.07,0.06,0.14,0.13,0.14,0.19,0.2,0.24,0.33,2.97,1528,1853,2,1.47,0.93,0.95,0.84,0.08,0.05,0.04,0.09,0.08,0.08,0.11,0.11,0.14,0.16,0.6,0.65
PIN,2022,2022-08-09,pin_773,,Julie_2,Maxim,379,2173,1834,1366,937,767,658,608,578,568,568,558,558,1535,1056,877,767,708,697,688,698,698,718,0.42,1.06,1.48,1.83,2.07,2.12,2.16,2.11,2.11,2.03,0.14,0.16,0.19,0.23,0.23,0.28,0.29,0.31,0.33,0.42,2.29,827,977,1.63,1.22,0.96,0.97,0.83,0.11,0.11,0.13,0.14,0.14,0.17,0.17,0.19,0.2,0.22,0.61,0.66
PIN,2022,2022-08-09,pin_871,,Julie_2,Maxim,553,2861,2340,1918,1301,943,845,780,748,781,748,748,781,2048,1431,1105,1008,878,910,911,911,943,943,0.4,1,1.59,1.84,2.26,2.14,2.14,2.14,2.03,2.03,0.08,0.13,0.24,0.27,0.2,0.31,0.25,0.31,0.36,0.29,2,1073,1170,1.67,1.45,1.04,1.01,0.81,0.06,0.09,0.15,0.16,0.11,0.18,0.14,0.18,0.21,0.17,0.64,0.64
PIN,2022,2022-08-09,pin_879,,Julie_1,Krystina,748,5234,4746,4356,2698,2048,1690,1495,1366,1300,1301,1300,1301,4551,2861,2178,1820,1625,1496,1430,1463,1463,1496,0.15,0.83,1.4,1.88,2.22,2.5,2.66,2.58,2.58,2.5,0.05,0.07,0.08,0.11,0.12,0.14,0.15,0.18,0.18,0.25,2.65,1691,1983,2.1,1.64,0.88,0.94,0.86,0.04,0.06,0.06,0.07,0.08,0.09,0.09,0.11,0.11,0.13,0.58,0.66
PIN,2022,2022-08-10,NA,,Julie_1,Maxim,585,3446,2894,2048,1333,1138,1008,943,910,878,878,878,878,2276,1496,1268,1170,1073,1073,1041,1073,1041,1008,0.51,1.3,1.72,1.95,2.21,2.21,2.31,2.21,2.31,2.42,0.13,0.16,0.16,0.22,0.2,0.25,0.26,0.3,0.26,0.27,2.3,1333,1626,1.59,1.12,0.93,0.97,0.83,0.1,0.11,0.1,0.14,0.12,0.15,0.16,0.18,0.16,0.13,0.61,0.68
PIN,2022,2022-08-10,pin_2196,,CFL_3,Gregory,715,4454,3804,2796,1625,1268,1073,1041,1008,1008,976,976,976,2991,1788,1398,1203,1138,1170,1171,1171,1138,1138,0.49,1.49,2.19,2.7,2.91,2.81,2.8,2.8,2.91,2.91,0.08,0.13,0.15,0.18,0.15,0.24,0.24,0.29,0.25,0.31,2.9,1496,1723,1.98,1.59,0.92,0.99,0.84,0.07,0.09,0.09,0.11,0.09,0.14,0.14,0.17,0.14,0.14,0.59,0.66
PIN,2022,2022-08-10,pin_2367,,CFL_3,Gregory,585,3934,3186,2341,1398,1073,943,878,846,813,813,813,813,2601,1561,1203,1073,1008,976,976,976,976,976,0.51,1.52,2.27,2.67,2.9,3.03,3.03,3.03,3.03,3.03,0.13,0.15,0.17,0.2,0.22,0.23,0.28,0.28,0.28,0.36,2.92,1528,1918,1.57,1.05,0.96,0.97,0.85,0.1,0.1,0.11,0.12,0.13,0.13,0.17,0.17,0.17,0.17,0.66,0.71
PIN,2022,2022-08-10,pin_2428,,CFL_3,Gregory,715,3641,3056,1983,1301,1072,975,942,942,910,877,878,845,2146,1463,1235,1137,1105,1073,1040,1072,1040,1007,0.7,1.49,1.95,2.2,2.3,2.39,2.5,2.4,2.5,2.62,0.11,0.18,0.23,0.25,0.27,0.22,0.23,0.33,0.29,0.36,2.62,1333,1561,1.73,1.33,0.9,0.95,0.8,0.08,0.11,0.13,0.14,0.15,0.12,0.12,0.18,0.16,0.16,0.54,0.6
PIN,2022,2022-08-10,pin_2437,,CFL_3,Gregory,618,3739,3121,2308,1398,1138,1008,943,910,877,911,878,877,2504,1593,1268,1170,1105,1105,1105,1105,1072,1105,0.49,1.35,1.95,2.2,2.38,2.38,2.38,2.38,2.49,2.38,0.1,0.18,0.16,0.23,0.24,0.29,0.34,0.29,0.31,0.39,2.56,1431,1690,1.61,1.21,0.97,0.99,0.83,0.08,0.12,0.1,0.14,0.15,0.18,0.21,0.18,0.18,0.21,0.64,0.69
PIN,2022,2022-08-10,pin_2497,,CFL_3,Gregory,651,4064,3544,2698,1756,1366,1170,1073,1040,1008,975,976,943,2926,1919,1528,1366,1235,1203,1170,1170,1138,1138,0.39,1.12,1.66,1.98,2.29,2.38,2.47,2.47,2.57,2.57,0.1,0.12,0.16,0.22,0.21,0.22,0.23,0.28,0.24,0.35,2.76,1626,1984,1.5,1.05,0.94,0.96,0.84,0.08,0.08,0.11,0.14,0.13,0.14,0.14,0.17,0.14,0.17,0.64,0.69
PIN,2022,2022-08-10,pin_2512,,CFL_3,Gregory,618,3641,3186,2373,1528,1203,1073,1040,975,975,975,943,911,2536,1723,1333,1268,1203,1171,1170,1170,1171,1106,0.44,1.11,1.73,1.87,2.03,2.11,2.11,2.11,2.11,2.29,0.08,0.16,0.15,0.24,0.22,0.27,0.27,0.27,0.32,0.32,2.5,1398,1691,1.6,1.15,1,1.03,0.83,0.06,0.11,0.1,0.15,0.14,0.17,0.17,0.17,0.19,0.18,0.65,0.71
PIN,2022,2022-08-10,pin_2521,,CFL_3,Gregory,586,3512,2894,1919,1170,910,780,781,748,748,715,748,748,2114,1268,1040,943,911,878,878,878,911,878,0.66,1.77,2.38,2.72,2.86,3,3,3,2.86,3,0.12,0.12,0.21,0.3,0.25,0.27,0.27,0.33,0.32,0.33,2.87,1203,1495,1.92,1.35,0.94,0.96,0.83,0.09,0.08,0.12,0.17,0.14,0.15,0.15,0.19,0.18,0.15,0.59,0.65
PIN,2022,2022-08-10,pin_2757,,CFL_2,Qi,521,3186,2731,2113,1300,1008,910,845,780,780,748,748,748,2243,1398,1105,1008,943,910,878,878,878,878,0.42,1.28,1.88,2.16,2.38,2.5,2.63,2.63,2.63,2.63,0.07,0.1,0.14,0.16,0.17,0.24,0.19,0.25,0.25,0.31,2.65,1105,1268,1.88,1.51,0.92,0.96,0.84,0.06,0.07,0.09,0.1,0.1,0.14,0.11,0.15,0.15,0.15,0.59,0.64
PIN,2022,2022-08-10,pin_2815,,CFL_3,Gregory,650,3609,3057,2049,1300,1106,1008,943,943,911,878,878,846,2211,1496,1301,1138,1106,1105,1073,1105,1073,1073,0.63,1.41,1.77,2.17,2.26,2.27,2.36,2.27,2.36,2.36,0.1,0.2,0.24,0.19,0.25,0.25,0.26,0.35,0.32,0.41,2.61,1431,1821,1.52,0.98,0.95,0.97,0.82,0.07,0.13,0.15,0.11,0.15,0.15,0.15,0.21,0.18,0.21,0.61,0.68
PIN,2022,2022-08-10,pin_2866,,CFL_2,Qi,552,3283,2796,2145,1235,975,845,780,748,780,715,715,748,2341,1333,1073,943,878,845,877,845,845,845,0.4,1.46,2.06,2.48,2.74,2.89,2.74,2.89,2.89,2.89,0.11,0.11,0.15,0.18,0.2,0.2,0.19,0.27,0.27,0.27,2.74,1170,1398,1.81,1.35,0.96,0.99,0.83,0.08,0.07,0.09,0.1,0.11,0.11,0.11,0.15,0.15,0.11,0.61,0.67
PIN,2022,2022-08-10,pin_2954,,CFL_2,Qi,448,2722,2263,1635,1007,807,717,678,678,678,678,678,688,1774,1096,897,817,787,787,807,827,847,867,0.53,1.48,2.03,2.33,2.46,2.46,2.37,2.29,2.21,2.14,0.1,0.12,0.16,0.2,0.23,0.23,0.27,0.3,0.33,0.39,2.29,1056,1266,1.58,1.15,0.93,0.96,0.84,0.08,0.08,0.1,0.12,0.14,0.14,0.16,0.18,0.2,0.21,0.61,0.68
PIN,2022,2022-08-10,pin_3061,,CFL_2,Qi,553,2828,2406,1561,942,780,715,682,682,682,650,682,683,1658,1073,845,780,780,780,812,812,812,812,0.71,1.64,2.35,2.63,2.63,2.63,2.48,2.48,2.48,2.48,0.08,0.2,0.14,0.16,0.24,0.24,0.3,0.37,0.3,0.36,2.52,975,1105,1.9,1.56,0.91,1,0.8,0.06,0.12,0.08,0.08,0.13,0.13,0.16,0.2,0.16,0.16,0.53,0.62
PIN,2022,2022-08-10,pin_3134,,CFL_2,Qi,455,2764,2341,1723,1040,813,716,683,651,651,683,683,651,1821,1138,910,813,781,748,781,781,813,813,0.52,1.43,2.04,2.4,2.54,2.7,2.54,2.54,2.4,2.4,0.07,0.13,0.17,0.2,0.21,0.22,0.28,0.21,0.27,0.42,2.6,1138,1366,1.43,1.02,0.97,0.97,0.84,0.05,0.09,0.11,0.12,0.13,0.13,0.17,0.13,0.16,0.2,0.66,0.69
PIN,2022,2022-08-10,pin_3254,,CFL_2,Qi,553,3317,2764,2146,1300,1073,910,910,878,911,911,910,877,2341,1430,1171,1106,1073,1041,1073,1105,1105,1105,0.42,1.32,1.83,2,2.09,2.19,2.09,2,2,2,0.11,0.13,0.13,0.28,0.25,0.26,0.24,0.28,0.28,0.39,2.15,1365,1560,1.43,1.13,0.92,0.98,0.83,0.08,0.09,0.08,0.18,0.15,0.16,0.15,0.18,0.18,0.21,0.62,0.69
PIN,2022,2022-08-10,pin_3361,,CFL_2,Qi,553,3706,3283,2633,1431,1073,943,910,846,846,846,845,878,2699,1496,1138,1040,976,976,976,1008,1008,1008,0.37,1.48,2.26,2.56,2.8,2.8,2.8,2.68,2.68,2.68,0.03,0.06,0.09,0.15,0.11,0.22,0.22,0.26,0.27,0.27,2.74,1268,1463,1.92,1.53,0.93,0.93,0.85,0.02,0.04,0.06,0.09,0.07,0.13,0.13,0.16,0.16,0.13,0.62,0.64
PIN,2022,2022-08-10,pin_3868,,Julie_1,Maxim,682,3446,2959,2016,1171,943,845,780,748,748,748,748,748,2080,1268,1041,911,878,878,878,910,911,910,0.66,1.72,2.31,2.78,2.92,2.92,2.92,2.79,2.78,2.79,0.04,0.13,0.17,0.14,0.22,0.29,0.29,0.34,0.35,0.38,2.96,1171,1333,1.94,1.59,1.01,1.04,0.8,0.03,0.08,0.09,0.07,0.11,0.15,0.15,0.18,0.18,0.18,0.58,0.63
PIN,2022,2022-08-10,pin_4241,,CFL_2,Qi,585,2991,2504,1593,976,813,748,715,748,715,715,748,748,1723,1073,878,846,813,845,845,845,877,845,0.74,1.79,2.41,2.54,2.68,2.54,2.54,2.54,2.41,2.54,0.11,0.15,0.14,0.22,0.23,0.21,0.29,0.29,0.27,0.27,2.35,1138,1301,1.63,1.3,0.89,0.94,0.8,0.08,0.09,0.07,0.12,0.12,0.11,0.15,0.15,0.15,0.11,0.54,0.6
PIN,2022,2022-08-10,pin_4262,,Julie_1,Maxim,748,4421,3739,2666,1690,1333,1203,1138,1105,1073,1073,1073,1073,2991,1951,1561,1430,1366,1365,1365,1333,1365,1333,0.48,1.27,1.83,2.09,2.24,2.24,2.24,2.32,2.24,2.32,0.14,0.2,0.23,0.26,0.28,0.32,0.36,0.33,0.36,0.38,2.48,1821,2178,1.43,1.03,0.96,0.97,0.83,0.11,0.13,0.15,0.16,0.17,0.19,0.21,0.2,0.21,0.2,0.64,0.69
PIN,2022,2022-08-10,pin_4411,,Julie_1,Maxim,813,4292,3706,2178,1496,1235,1138,1073,1041,1008,975,975,976,2341,1658,1398,1300,1235,1236,1203,1203,1170,1171,0.83,1.59,2.07,2.3,2.48,2.47,2.57,2.57,2.67,2.67,0.1,0.16,0.2,0.22,0.24,0.29,0.3,0.35,0.31,0.37,2.8,1789,2211,1.4,0.94,0.96,0.98,0.81,0.07,0.1,0.12,0.12,0.13,0.16,0.16,0.19,0.17,0.17,0.62,0.68
PIN,2022,2022-08-10,pin_4436,,CFL_3,Gregory,487,2438,1853,1105,715,552,553,521,521,520,520,520,553,1301,813,651,650,650,683,650,683,682,715,0.87,2,2.75,2.75,2.75,2.57,2.75,2.57,2.57,2.41,0.22,0.21,0.29,0.29,0.38,0.45,0.39,0.45,0.45,0.45,2.35,1041,1236,1.34,0.97,0.99,1.02,0.8,0.15,0.12,0.15,0.15,0.2,0.24,0.2,0.24,0.24,0.23,0.63,0.68
PIN,2022,2022-08-10,pin_4474,,CFL_3,Gregory,650,3641,2926,1983,1300,1040,976,910,910,878,910,877,845,2244,1463,1268,1171,1105,1138,1138,1138,1138,1138,0.62,1.49,1.87,2.11,2.3,2.2,2.2,2.2,2.2,2.2,0.16,0.17,0.29,0.28,0.3,0.34,0.39,0.34,0.39,0.5,2.46,1528,1821,1.38,1,0.97,0.97,0.82,0.12,0.11,0.18,0.17,0.18,0.2,0.23,0.2,0.23,0.26,0.64,0.68
PIN,2022,2022-08-10,pin_4482,,Julie_1,Maxim,429,2313,1945,1207,778,648,598,578,558,568,558,558,558,1316,868,718,668,658,648,658,668,668,678,0.76,1.66,2.22,2.46,2.52,2.57,2.52,2.46,2.46,2.41,0.12,0.17,0.17,0.19,0.22,0.25,0.25,0.29,0.29,0.35,2.49,867,1006,1.67,1.3,0.94,0.98,0.81,0.08,0.1,0.1,0.1,0.12,0.14,0.14,0.16,0.16,0.18,0.59,0.64
PIN,2022,2022-08-10,pin_4538,,CFL_3,Gregory,617,3576,2894,1886,1235,975,877,846,845,845,812,845,813,2146,1365,1137,1073,1041,1040,1040,1040,1073,1040,0.67,1.62,2.15,2.33,2.44,2.44,2.44,2.44,2.33,2.44,0.16,0.15,0.24,0.31,0.32,0.32,0.32,0.38,0.36,0.44,2.56,1398,1723,1.56,1.08,0.93,0.97,0.83,0.12,0.1,0.14,0.18,0.19,0.19,0.19,0.22,0.21,0.22,0.6,0.68
PIN,2022,2022-08-10,pin_4716,,Julie_1,Maxim,650,3478,3023,2048,1203,943,878,813,813,781,846,813,845,2211,1300,1041,943,911,911,911,943,943,975,0.57,1.68,2.34,2.69,2.82,2.82,2.82,2.69,2.69,2.57,0.1,0.12,0.17,0.13,0.2,0.2,0.27,0.19,0.25,0.29,2.58,1235,1430,1.82,1.43,0.95,0.99,0.81,0.07,0.07,0.09,0.07,0.11,0.11,0.14,0.1,0.14,0.13,0.58,0.64
PIN,2022,2022-08-10,pin_4772,,CFL_2,Qi,519,2941,2423,1546,947,758,698,678,668,678,668,678,688,1695,1037,848,798,777,787,808,807,848,847,0.74,1.84,2.47,2.69,2.79,2.74,2.64,2.64,2.47,2.47,0.12,0.14,0.19,0.22,0.23,0.27,0.29,0.31,0.35,0.4,2.52,1216,1485,1.42,0.98,0.95,0.96,0.82,0.09,0.09,0.11,0.13,0.13,0.15,0.16,0.17,0.2,0.19,0.62,0.68
PIN,2022,2022-08-10,pin_4805,,CFL_2,Qi,552,3413,2504,1625,910,715,683,651,618,650,650,650,683,1788,1008,813,781,748,748,748,780,780,780,0.91,2.39,3.2,3.37,3.56,3.56,3.56,3.38,3.38,3.38,0.12,0.16,0.22,0.23,0.24,0.33,0.25,0.31,0.31,0.27,2.67,1138,1333,2,1.56,0.99,0.98,0.84,0.09,0.1,0.12,0.13,0.13,0.17,0.13,0.17,0.17,0.12,0.63,0.66
PIN,2022,2022-08-10,pin_5096,,Julie_1,Maxim,682,3576,3056,2146,1431,1170,1106,1040,1041,976,975,911,910,2341,1561,1333,1236,1171,1171,1138,1105,1106,1106,0.53,1.29,1.68,1.89,2.05,2.05,2.14,2.24,2.23,2.23,0.11,0.13,0.2,0.18,0.19,0.19,0.25,0.21,0.31,0.38,2.36,1398,1560,1.56,1.29,0.93,0.96,0.81,0.08,0.08,0.12,0.11,0.11,0.11,0.14,0.12,0.18,0.18,0.58,0.62
PIN,2022,2022-10-03,NA,,Julie_2,Gregory,748,4063,3544,2341,1463,1171,1041,975,943,943,911,911,878,2471,1560,1268,1138,1106,1105,1106,1073,1073,1073,0.64,1.6,2.2,2.57,2.67,2.68,2.67,2.79,2.79,2.79,0.07,0.1,0.13,0.15,0.22,0.27,0.27,0.28,0.28,0.37,3.04,1268,1463,2.2,1.78,0.97,0.94,0.82,0.05,0.06,0.08,0.09,0.12,0.15,0.15,0.15,0.15,0.18,0.56,0.58
PIN,2022,2022-10-03,pin_1062,,Julie_2,Gregory,650,2601,2146,1203,780,683,650,650,650,650,650,682,650,1333,878,748,748,716,780,748,813,781,813,0.95,1.96,2.48,2.48,2.63,2.33,2.48,2.2,2.33,2.2,0.16,0.22,0.19,0.28,0.2,0.35,0.28,0.41,0.27,0.5,2.3,911,976,1.86,1.66,0.84,0.94,0.75,0.1,0.11,0.09,0.13,0.09,0.17,0.13,0.2,0.13,0.2,0.43,0.5
PIN,2022,2022-10-03,pin_1204,,Julie_2,Gregory,439,1815,2383,1954,1465,1177,1057,987,947,907,887,858,848,2074,1585,1286,1167,1107,1057,1007,997,977,967,-0.12,0.15,0.41,0.56,0.64,0.72,0.8,0.82,0.86,0.88,0.07,0.1,0.12,0.14,0.17,0.16,0.16,0.17,0.19,0.28,1.81,1117,1256,0.62,0.45,0.79,0.8,0.76,0.06,0.08,0.08,0.09,0.11,0.1,0.1,0.11,0.12,0.12,0.52,0.55
PIN,2022,2022-10-03,pin_1205,,Julie_2,Gregory,479,1944,1615,1057,668,569,519,509,498,508,518,528,528,1137,728,629,579,579,588,608,618,638,658,0.71,1.67,2.09,2.36,2.36,2.31,2.2,2.15,2.05,1.95,0.11,0.15,0.19,0.22,0.25,0.32,0.34,0.33,0.34,0.46,2.06,747,847,1.6,1.3,0.91,0.95,0.75,0.07,0.08,0.1,0.1,0.12,0.15,0.16,0.16,0.17,0.2,0.49,0.54
PIN,2022,2022-10-03,pin_1213,,Julie_2,Gregory,586,3251,2828,2211,1300,1041,878,846,813,813,813,781,748,2373,1463,1170,1041,943,943,943,943,943,943,0.37,1.22,1.78,2.12,2.45,2.45,2.45,2.45,2.45,2.45,0.09,0.17,0.18,0.26,0.18,0.24,0.24,0.24,0.3,0.43,2.78,1106,1268,1.94,1.56,0.92,0.92,0.82,0.07,0.11,0.11,0.16,0.1,0.14,0.14,0.14,0.17,0.21,0.56,0.59
PIN,2022,2022-10-03,pin_1220,,Julie_2,Gregory,780,4519,3674,2893,1658,1301,1105,1073,1040,1008,1008,975,943,3056,1788,1430,1236,1202,1202,1170,1170,1203,1170,0.48,1.53,2.16,2.66,2.76,2.76,2.86,2.86,2.76,2.86,0.07,0.11,0.15,0.19,0.19,0.24,0.25,0.25,0.34,0.41,2.9,1333,1561,2.39,1.89,0.96,0.97,0.83,0.05,0.07,0.09,0.11,0.11,0.13,0.14,0.14,0.19,0.19,0.56,0.6
PIN,2022,2022-10-03,pin_1307,,Julie_2,Gregory,682,2504,2080,1268,813,715,651,683,683,716,683,716,716,1398,878,780,748,748,748,813,780,813,813,0.79,1.85,2.21,2.35,2.35,2.35,2.08,2.21,2.08,2.08,0.16,0.15,0.18,0.29,0.2,0.2,0.26,0.27,0.26,0.33,1.91,910,1008,1.75,1.48,0.94,0.93,0.73,0.09,0.07,0.08,0.13,0.09,0.09,0.12,0.12,0.12,0.12,0.46,0.48
PIN,2022,2022-10-03,pin_1355,,Julie_1,Qi,617,1853,1626,1171,780,650,585,618,585,553,553,553,585,1236,812,682,683,617,618,618,618,650,650,0.5,1.28,1.72,1.71,2,2,2,2,1.85,1.85,0.09,0.08,0.11,0.34,0,0.13,0.26,0.26,0.36,0.33,1.78,715,812,1.59,1.28,0.73,0.86,0.67,0.05,0.04,0.05,0.14,0,0.05,0.11,0.11,0.15,0.1,0.32,0.4
PIN,2022,2022-10-03,pin_1373,,Julie_1,Qi,585,1950,1561,845,617,520,520,487,520,520,553,552,553,911,682,617,585,585,585,585,618,650,618,1.14,1.86,2.16,2.33,2.33,2.33,2.33,2.16,2,2.16,0.14,0.21,0.37,0.27,0.41,0.27,0.27,0.25,0.34,0.33,1.82,683,781,1.86,1.5,0.85,0.95,0.7,0.07,0.1,0.16,0.11,0.17,0.11,0.11,0.11,0.15,0.11,0.38,0.46
PIN,2022,2022-10-03,pin_1590,,Julie_1,Qi,585,2308,1853,1040,715,617,553,552,585,585,617,618,618,1138,780,682,650,650,682,683,715,748,780,1.03,1.96,2.38,2.55,2.55,2.38,2.38,2.23,2.09,1.96,0.15,0.17,0.2,0.33,0.33,0.31,0.31,0.29,0.36,0.5,2,846,943,1.73,1.45,0.89,0.95,0.75,0.09,0.08,0.1,0.15,0.15,0.14,0.14,0.14,0.17,0.21,0.46,0.52
PIN,2022,2022-10-03,pin_1827,,Julie_1,Qi,715,2178,1788,976,748,651,651,618,618,618,618,617,650,1041,781,683,683,683,683,716,715,715,715,1.09,1.79,2.19,2.19,2.19,2.19,2.04,2.05,2.05,2.05,0.13,0.1,0.12,0.12,0.24,0.24,0.34,0.34,0.34,0.29,1.75,780,845,1.79,1.58,0.89,0.87,0.67,0.06,0.04,0.05,0.05,0.1,0.1,0.14,0.14,0.14,0.09,0.37,0.38
PIN,2022,2022-10-03,pin_1834,,Julie_1,Qi,780,3966,3543,2699,1723,1366,1236,1138,1073,1040,1040,1041,1041,2828,1788,1463,1301,1236,1170,1138,1138,1171,1138,0.4,1.22,1.71,2.05,2.21,2.39,2.49,2.49,2.39,2.49,0.06,0.06,0.11,0.09,0.14,0.15,0.16,0.16,0.2,0.21,2.4,1333,1561,1.98,1.54,0.89,0.91,0.8,0.05,0.04,0.07,0.05,0.08,0.08,0.09,0.09,0.11,0.09,0.51,0.56
PIN,2022,2022-10-03,pin_1840,,Julie_1,Qi,618,2341,1821,1333,878,748,683,650,650,618,650,650,683,1496,1008,813,748,748,748,748,780,813,878,0.56,1.32,1.88,2.13,2.13,2.13,2.13,2,1.88,1.67,0.17,0.24,0.16,0.18,0.28,0.28,0.37,0.35,0.41,0.46,1.67,943,1040,1.48,1.25,0.98,0.96,0.74,0.11,0.13,0.08,0.09,0.13,0.13,0.17,0.17,0.2,0.22,0.52,0.53
PIN,2022,2022-10-03,pin_1933,,Julie_1,Qi,650,4097,3479,2633,1560,1203,1040,975,943,943,943,943,911,2861,1723,1301,1170,1105,1073,1106,1105,1138,1138,0.43,1.38,2.15,2.5,2.71,2.82,2.7,2.71,2.6,2.6,0.1,0.14,0.12,0.18,0.2,0.21,0.25,0.25,0.29,0.39,2.82,1268,1495,2.23,1.74,0.91,0.96,0.84,0.08,0.09,0.08,0.11,0.12,0.12,0.15,0.15,0.17,0.2,0.56,0.63
PIN,2022,2022-10-03,pin_1942,,Julie_1,Qi,521,2113,1789,1430,910,780,683,618,651,650,650,651,651,1593,1040,878,781,748,716,715,716,748,748,0.33,1.03,1.41,1.71,1.82,1.95,1.96,1.95,1.82,1.82,0.15,0.21,0.2,0.24,0.33,0.18,0.18,0.18,0.25,0.33,1.75,813,943,1.6,1.24,0.89,0.96,0.75,0.1,0.12,0.11,0.13,0.17,0.09,0.09,0.09,0.13,0.13,0.48,0.55
PIN,2022,2022-10-03,pin_1981,,Julie_1,Qi,585,2666,2276,1658,1008,845,780,715,683,651,683,683,683,1756,1105,943,845,780,748,780,781,780,813,0.52,1.41,1.83,2.16,2.42,2.56,2.42,2.41,2.42,2.28,0.08,0.15,0.19,0.15,0.16,0.17,0.32,0.25,0.24,0.36,2.33,911,1041,1.93,1.56,0.85,0.91,0.78,0.06,0.09,0.1,0.08,0.08,0.09,0.17,0.13,0.12,0.16,0.46,0.53
PIN,2022,2022-10-03,pin_219,,Julie_1,Qi,618,3868,3283,2633,1625,1268,1073,975,878,878,878,845,878,2861,1788,1366,1170,1073,1008,1008,1008,1008,1008,0.35,1.16,1.83,2.31,2.6,2.84,2.84,2.84,2.84,2.84,0.1,0.13,0.11,0.14,0.15,0.22,0.22,0.22,0.28,0.27,2.74,1203,1463,2.22,1.64,0.96,0.94,0.84,0.08,0.09,0.07,0.08,0.09,0.13,0.13,0.13,0.16,0.13,0.59,0.62
PIN,2022,2022-10-03,pin_393,,Julie_1,Qi,812,3641,3186,2113,1236,976,910,845,845,845,845,845,845,2178,1301,1073,975,911,911,943,943,943,975,0.67,1.8,2.39,2.73,3,3,2.86,2.86,2.86,2.73,0.04,0.09,0.18,0.14,0.16,0.16,0.22,0.22,0.22,0.33,2.77,1106,1236,2.29,1.95,0.86,0.97,0.78,0.03,0.05,0.09,0.07,0.07,0.07,0.1,0.1,0.1,0.13,0.44,0.53
PIN,2022,2022-10-03,pin_4241,,Julie_2,Gregory,487,1365,942,553,423,390,390,357,423,390,390,423,422,618,455,423,423,422,455,455,488,520,520,1.21,2,2.23,2.23,2.23,2,2,1.8,1.62,1.62,0.23,0.19,0.22,0.22,0.43,0.19,0.38,0.51,0.46,0.5,1.23,552,585,1.47,1.33,0.84,0.76,0.64,0.11,0.07,0.08,0.08,0.15,0.07,0.14,0.2,0.19,0.19,0.35,0.33
PIN,2022,2022-10-03,pin_4262,,Julie_1,Qi,553,1788,1463,1105,715,617,585,553,520,520,553,552,552,1203,780,650,618,618,585,618,618,617,650,0.49,1.29,1.75,1.89,1.89,2.06,1.89,1.89,1.9,1.75,0.14,0.17,0.11,0.12,0.24,0.26,0.36,0.24,0.24,0.43,1.65,715,780,1.5,1.29,0.87,0.93,0.69,0.08,0.08,0.05,0.05,0.11,0.11,0.16,0.11,0.11,0.15,0.41,0.46
PIN,2022,2022-10-03,pin_4411,,Julie_1,Qi,617,2373,2016,1431,878,748,683,650,585,585,585,585,585,1560,975,813,747,683,683,682,650,650,683,0.52,1.43,1.92,2.18,2.47,2.47,2.48,2.65,2.65,2.47,0.13,0.18,0.16,0.18,0.11,0.32,0.32,0.23,0.23,0.38,2.45,747,877,2.18,1.71,0.83,0.87,0.74,0.08,0.1,0.08,0.09,0.05,0.14,0.14,0.1,0.1,0.14,0.39,0.44
PIN,2022,2022-10-03,pin_4436,,Julie_2,Gregory,651,1918,1528,910,618,586,553,520,553,520,553,553,586,976,683,618,585,618,618,618,651,651,650,0.97,1.81,2.1,2.28,2.1,2.1,2.1,1.95,1.95,1.95,0.14,0.23,0.13,0.15,0.41,0.27,0.41,0.38,0.38,0.28,1.61,748,846,1.56,1.27,0.81,0.92,0.66,0.07,0.1,0.05,0.05,0.16,0.11,0.16,0.15,0.15,0.1,0.35,0.42
PIN,2022,2022-10-03,pin_4474,,Julie_2,Gregory,618,1658,1268,715,521,488,455,456,456,455,455,488,455,780,586,521,488,488,521,520,520,520,553,1.13,1.83,2.18,2.4,2.4,2.18,2.19,2.19,2.19,2,0.19,0.3,0.18,0.2,0.2,0.36,0.36,0.36,0.18,0.6,1.79,585,650,1.83,1.55,0.89,1.01,0.63,0.08,0.11,0.06,0.07,0.07,0.12,0.12,0.12,0.06,0.18,0.33,0.4
PIN,2022,2022-10-03,pin_4482,,Julie_1,Qi,715,3511,2958,2178,1333,1040,878,845,813,812,780,812,813,2275,1398,1105,1008,910,911,943,943,911,943,0.54,1.51,2.18,2.48,2.86,2.85,2.72,2.72,2.85,2.72,0.06,0.08,0.11,0.24,0.14,0.21,0.27,0.34,0.22,0.29,2.64,1105,1235,2.18,1.84,1.01,1,0.8,0.04,0.05,0.06,0.13,0.07,0.11,0.14,0.17,0.11,0.14,0.56,0.58
PIN,2022,2022-10-03,pin_4538,,Julie_1,Qi,552,1723,1398,943,650,585,552,552,553,553,585,585,553,1073,747,682,617,617,650,618,651,651,683,0.61,1.31,1.53,1.79,1.79,1.65,1.79,1.65,1.65,1.52,0.21,0.27,0.31,0.24,0.24,0.34,0.24,0.23,0.23,0.5,1.53,716,780,1.41,1.21,0.78,0.85,0.68,0.12,0.13,0.14,0.11,0.11,0.15,0.11,0.1,0.1,0.19,0.36,0.42
PIN,2022,2022-10-03,pin_4681,,Julie_2,Gregory,553,1398,1170,715,520,423,455,422,455,422,422,422,423,748,552,488,487,455,455,455,488,488,487,0.87,1.53,1.86,1.87,2.07,2.07,2.07,1.86,1.86,1.87,0.1,0.15,0.38,0.19,0.22,0,0.22,0.39,0.39,0.5,1.77,552,585,1.53,1.39,0.78,0.85,0.6,0.04,0.06,0.13,0.07,0.07,0,0.07,0.14,0.14,0.13,0.29,0.33
PIN,2022,2022-10-03,pin_4716,,Julie_1,Qi,520,1658,1236,650,488,455,455,456,423,488,456,455,455,715,553,488,487,521,520,553,553,553,553,1.32,2,2.4,2.4,2.18,2.19,2,2,2,2,0.19,0.28,0.17,0.17,0.31,0.46,0.28,0.42,0.42,0.5,1.72,651,716,1.55,1.32,0.86,1.03,0.69,0.09,0.12,0.07,0.07,0.12,0.19,0.12,0.18,0.18,0.18,0.4,0.5
PIN,2022,2022-10-03,pin_4743,,Julie_2,Gregory,553,1723,1366,747,520,455,423,422,423,423,390,390,390,813,585,520,487,487,487,487,488,455,488,1.12,1.95,2.31,2.54,2.54,2.54,2.54,2.53,2.79,2.53,0.16,0.27,0.32,0.35,0.36,0.35,0.35,0.54,0.4,0.75,2.5,586,683,1.94,1.52,0.8,0.94,0.68,0.08,0.11,0.12,0.13,0.13,0.13,0.13,0.2,0.14,0.2,0.33,0.43
PIN,2022,2022-10-03,pin_4760,,Julie_2,Gregory,391,1528,1333,1106,682,585,585,488,488,488,487,487,488,1203,813,683,617,618,618,585,552,585,585,0.27,0.88,1.24,1.48,1.47,1.47,1.61,1.77,1.61,1.61,0.12,0.27,0.25,0.1,0.39,0.39,0.31,0.23,0.32,0.37,1.73,650,715,1.35,1.14,1,0.95,0.74,0.08,0.16,0.14,0.05,0.21,0.21,0.17,0.12,0.17,0.17,0.55,0.55
PIN,2022,2022-10-03,pin_4772,,Julie_1,Qi,650,2666,2211,1626,1040,845,748,716,716,716,683,715,683,1788,1138,943,845,813,813,813,813,846,845,0.49,1.34,1.83,2.16,2.28,2.28,2.28,2.28,2.15,2.16,0.13,0.15,0.2,0.23,0.25,0.25,0.25,0.33,0.31,0.5,2.24,943,1008,1.83,1.64,0.92,0.9,0.76,0.09,0.09,0.1,0.11,0.12,0.12,0.12,0.16,0.15,0.19,0.48,0.48
PIN,2022,2022-10-03,pin_4791,,Julie_2,Gregory,585,1691,1300,780,553,521,488,488,488,488,488,521,488,845,618,553,521,553,553,553,586,553,618,1,1.74,2.06,2.25,2.06,2.06,2.06,1.89,2.06,1.74,0.16,0.26,0.15,0.17,0.31,0.31,0.31,0.42,0.15,0.67,1.66,650,748,1.6,1.26,0.71,0.86,0.65,0.08,0.11,0.06,0.06,0.12,0.12,0.12,0.17,0.06,0.21,0.3,0.39
PIN,2022,2022-10-03,pin_480,,Julie_1,Qi,585,2211,1820,1203,715,617,585,552,553,553,585,553,586,1267,780,650,585,617,618,618,617,650,651,0.75,1.83,2.4,2.78,2.58,2.58,2.58,2.58,2.4,2.4,0.08,0.17,0.11,0,0.24,0.24,0.24,0.12,0.33,0.29,2.11,748,781,1.96,1.83,0.9,0.93,0.74,0.05,0.08,0.05,0,0.11,0.11,0.11,0.05,0.15,0.1,0.43,0.46
PIN,2022,2022-10-03,pin_4805,,Julie_1,Qi,520,1984,1528,943,650,585,520,520,521,521,488,520,553,1041,748,618,585,585,553,586,618,618,650,0.91,1.65,2.21,2.39,2.39,2.59,2.39,2.21,2.21,2.05,0.16,0.25,0.11,0.24,0.24,0.13,0.24,0.45,0.34,0.37,1.76,748,846,1.65,1.35,0.93,0.92,0.74,0.09,0.13,0.05,0.11,0.11,0.06,0.11,0.21,0.16,0.15,0.48,0.5
PIN,2022,2022-10-03,pin_4970,,Julie_2,Gregory,552,1918,1561,1105,715,618,585,552,552,552,552,552,552,1235,812,715,650,617,617,617,617,617,650,0.55,1.36,1.68,1.95,2.11,2.11,2.11,2.11,2.11,1.95,0.17,0.23,0.28,0.22,0.24,0.24,0.24,0.24,0.24,0.43,1.83,683,780,1.81,1.46,0.81,0.91,0.71,0.11,0.12,0.14,0.1,0.11,0.11,0.11,0.11,0.11,0.15,0.38,0.46
PIN,2022,2022-10-03,pin_4990,,Julie_2,Gregory,682,3283,2828,1723,1040,877,812,780,748,747,780,780,780,1853,1138,975,910,877,845,877,877,910,877,0.77,1.88,2.37,2.61,2.74,2.89,2.74,2.74,2.61,2.74,0.1,0.15,0.19,0.21,0.22,0.23,0.29,0.22,0.28,0.27,2.63,976,1138,2.36,1.88,0.88,0.95,0.79,0.07,0.09,0.1,0.11,0.11,0.11,0.15,0.11,0.14,0.11,0.47,0.54
PIN,2022,2022-10-03,pin_5096,,Julie_2,Gregory,520,1918,1658,1203,780,650,618,553,552,520,552,520,552,1301,845,715,650,618,585,617,617,650,650,0.47,1.27,1.68,1.95,2.1,2.28,2.11,2.11,1.95,1.95,0.12,0.14,0.18,0.1,0.23,0.13,0.34,0.23,0.42,0.38,2,715,780,1.68,1.46,0.82,0.88,0.73,0.08,0.08,0.09,0.05,0.11,0.06,0.16,0.11,0.2,0.15,0.41,0.46
PIN,2022,2022-10-03,pin_5141,,Julie_2,Gregory,618,3511,3121,2601,1463,1171,1008,911,813,780,780,748,748,2731,1528,1236,1073,943,878,878,813,846,845,0.29,1.3,1.84,2.27,2.72,3,3,3.32,3.15,3.16,0.06,0.06,0.08,0.1,0.06,0.14,0.21,0.08,0.22,0.27,3.17,911,1041,2.85,2.37,0.85,0.91,0.82,0.05,0.04,0.05,0.06,0.03,0.07,0.11,0.04,0.12,0.11,0.47,0.53
PIN,2022,2022-10-03,pin_5211,,Julie_1,Qi,469,2224,1805,1366,807,668,598,558,538,519,528,529,518,1506,887,738,668,618,608,599,599,609,608,0.48,1.51,2.01,2.33,2.6,2.66,2.71,2.71,2.65,2.66,0.13,0.15,0.17,0.2,0.19,0.23,0.27,0.24,0.26,0.39,2.48,687,797,2.24,1.79,0.89,0.94,0.79,0.09,0.09,0.09,0.1,0.1,0.12,0.13,0.12,0.13,0.15,0.48,0.54
PIN,2022,2022-10-03,pin_5224,,Julie_1,Qi,813,2698,2308,1496,975,877,845,845,845,845,845,877,878,1593,1072,942,910,910,942,943,943,975,975,0.69,1.52,1.86,1.96,1.96,1.86,1.86,1.86,1.77,1.77,0.11,0.19,0.15,0.16,0.16,0.23,0.23,0.23,0.22,0.27,1.63,1007,1138,1.68,1.37,0.83,0.87,0.7,0.06,0.09,0.07,0.07,0.07,0.1,0.1,0.1,0.1,0.1,0.39,0.43
PIN,2022,2022-10-03,pin_5293,,Julie_1,Qi,618,2439,2081,1853,1073,878,748,683,650,618,618,618,618,2016,1203,910,845,748,715,683,683,683,715,0.21,1.03,1.68,1.89,2.26,2.41,2.57,2.57,2.57,2.41,0.11,0.18,0.07,0.23,0.18,0.2,0.21,0.21,0.21,0.37,2.37,748,813,2.26,2,0.83,0.89,0.75,0.08,0.11,0.04,0.11,0.09,0.09,0.1,0.1,0.1,0.14,0.39,0.44
PIN,2022,2022-10-03,pin_5341,,Julie_1,Qi,618,2406,2016,1594,943,780,683,650,618,618,618,618,618,1724,1008,845,781,715,683,715,683,683,682,0.4,1.39,1.85,2.08,2.37,2.52,2.37,2.52,2.52,2.53,0.11,0.12,0.15,0.26,0.2,0.21,0.29,0.21,0.21,0.28,2.26,748,845,2.22,1.85,0.92,0.92,0.74,0.08,0.06,0.08,0.13,0.09,0.1,0.14,0.1,0.1,0.09,0.44,0.46
PIN,2022,2022-10-03,pin_535,,Julie_2,Gregory,33,33,32,32,32,0,33,33,33,0,0,32,32,32,32,33,33,33,33,33,65,32,32,0.03,0.03,0,0,0,0,0,-0.49,0.03,0.03,0,0,0,0,0,0,0,0,0,0,0,32,32,0.03,0.03,0,0,0,0,0,1,0,0,0,1,1,0,0,0,0
PIN,2022,2022-10-03,pin_5419,,Julie_1,Qi,748,3609,3186,2178,1268,1008,910,845,845,845,813,813,845,2340,1365,1073,975,943,943,943,943,975,975,0.54,1.64,2.36,2.7,2.83,2.83,2.83,2.83,2.7,2.7,0.1,0.12,0.11,0.13,0.21,0.21,0.21,0.28,0.33,0.31,2.77,1073,1203,2.36,2,0.91,0.96,0.79,0.07,0.07,0.06,0.07,0.1,0.1,0.1,0.14,0.17,0.13,0.48,0.54
PIN,2022,2022-10-03,pin_548,,Julie_1,Qi,618,2861,2341,1560,976,813,748,683,683,683,683,683,716,1723,1073,911,813,813,780,813,813,845,878,0.66,1.67,2.14,2.52,2.52,2.67,2.52,2.52,2.39,2.26,0.14,0.16,0.2,0.16,0.31,0.25,0.31,0.31,0.37,0.38,2.27,943,1073,2.03,1.67,0.95,0.95,0.78,0.09,0.09,0.11,0.08,0.16,0.12,0.16,0.16,0.19,0.18,0.52,0.55
PIN,2022,2022-10-03,pin_556,,Julie_1,Qi,618,2699,2211,1495,943,780,715,617,650,618,618,651,716,1625,1040,845,780,716,715,716,748,781,813,0.66,1.6,2.19,2.46,2.77,2.77,2.77,2.61,2.46,2.32,0.12,0.17,0.15,0.17,0.29,0.19,0.29,0.36,0.34,0.3,2.09,976,1105,1.77,1.44,0.91,0.96,0.77,0.08,0.09,0.08,0.08,0.14,0.09,0.14,0.17,0.17,0.12,0.5,0.56
PIN,2022,2022-10-03,pin_5650,,Julie_1,Qi,617,2048,1561,846,618,586,553,553,585,553,553,553,553,943,683,618,618,618,651,650,651,651,683,1.17,2,2.31,2.31,2.31,2.15,2.15,2.15,2.15,2,0.2,0.22,0.13,0.26,0.26,0.24,0.35,0.35,0.35,0.57,1.82,748,846,1.74,1.42,0.85,0.94,0.7,0.1,0.1,0.05,0.11,0.11,0.1,0.15,0.15,0.15,0.19,0.39,0.46
PIN,2022,2022-10-03,pin_5923,,Julie_2,Gregory,552,1528,1301,1040,683,585,552,553,520,520,487,520,487,1138,748,683,617,585,585,552,552,585,585,0.34,1.04,1.24,1.48,1.61,1.61,1.77,1.77,1.61,1.61,0.15,0.19,0.33,0.25,0.14,0.28,0.15,0.3,0.28,0.5,1.67,617,683,1.48,1.24,0.76,0.87,0.64,0.09,0.09,0.14,0.11,0.05,0.11,0.06,0.12,0.11,0.17,0.32,0.38
PIN,2022,2022-10-03,pin_5988,,Julie_2,Gregory,618,2471,2179,1658,943,781,715,683,651,585,585,585,586,1658,976,813,748,716,683,650,651,650,618,0.49,1.53,2.04,2.3,2.45,2.62,2.8,2.8,2.8,3,0,0.06,0.08,0.09,0.1,0.1,0.23,0.23,0.23,0.16,2.72,683,813,2.62,2.04,0.84,0.89,0.75,0,0.03,0.04,0.04,0.05,0.05,0.1,0.1,0.1,0.05,0.38,0.44
PIN,2022,2022-10-03,pin_5996,,Julie_2,Gregory,716,2796,2373,1658,1008,845,748,683,683,683,651,618,651,1756,1073,910,813,748,748,716,716,715,716,0.59,1.61,2.07,2.44,2.74,2.74,2.91,2.91,2.91,2.91,0.09,0.11,0.15,0.17,0.2,0.2,0.11,0.21,0.32,0.29,2.65,813,910,2.44,2.07,0.87,0.88,0.74,0.06,0.06,0.07,0.08,0.09,0.09,0.05,0.09,0.14,0.09,0.4,0.43
PIN,2022,2022-10-03,pin_6066,,Julie_1,Qi,650,2698,2374,1885,1171,976,845,780,748,748,716,716,748,2015,1235,1041,911,878,813,846,846,878,845,0.34,1.18,1.59,1.96,2.07,2.32,2.19,2.19,2.07,2.19,0.09,0.09,0.11,0.14,0.22,0.16,0.23,0.31,0.36,0.27,2.17,943,1040,1.86,1.59,0.86,0.91,0.76,0.06,0.05,0.06,0.07,0.11,0.08,0.12,0.15,0.18,0.11,0.45,0.5
PIN,2022,2022-10-03,pin_6073,,Julie_1,Qi,521,1333,1170,1008,651,586,520,521,488,488,488,488,488,1138,716,618,585,553,586,553,520,553,553,0.17,0.86,1.16,1.28,1.41,1.27,1.41,1.56,1.41,1.41,0.2,0.2,0.12,0.27,0.15,0.41,0.3,0.16,0.3,0.4,1.4,585,651,1.28,1.05,0.82,0.93,0.61,0.11,0.09,0.05,0.11,0.06,0.17,0.12,0.06,0.12,0.12,0.33,0.4
PIN,2022,2022-10-03,pin_625,,Julie_2,Gregory,618,2471,2276,1593,976,813,748,683,683,650,650,650,650,1658,1008,878,781,715,683,716,716,716,715,0.49,1.45,1.81,2.16,2.46,2.62,2.45,2.45,2.45,2.46,0.06,0.06,0.14,0.09,0.1,0,0.2,0.2,0.2,0.25,2.5,780,878,2.17,1.81,0.77,0.86,0.75,0.04,0.03,0.07,0.04,0.04,0,0.09,0.09,0.09,0.09,0.37,0.45
PIN,2022,2022-10-03,pin_63,,Julie_1,Qi,813,5234,4844,4259,2568,2015,1723,1528,1431,1398,1366,1398,1366,4356,2633,2081,1820,1658,1528,1496,1496,1528,1528,0.2,0.99,1.52,1.88,2.16,2.43,2.5,2.5,2.43,2.43,0.03,0.03,0.05,0.08,0.12,0.1,0.11,0.14,0.14,0.2,2.55,1723,1983,2.04,1.64,0.91,0.93,0.84,0.02,0.02,0.03,0.05,0.08,0.06,0.07,0.09,0.09,0.11,0.58,0.62
PIN,2022,2022-10-03,pin_746,,Julie_2,Gregory,715,2503,2016,1040,748,715,650,650,683,683,683,683,650,1106,813,716,715,748,748,781,781,781,781,1.26,2.08,2.5,2.5,2.35,2.35,2.2,2.2,2.2,2.2,0.11,0.18,0,0.22,0.31,0.2,0.29,0.29,0.29,0.57,2.1,878,976,1.85,1.56,0.87,0.88,0.71,0.06,0.08,0,0.09,0.13,0.09,0.13,0.13,0.13,0.17,0.41,0.43
PIN,2022,2022-10-03,pin_773,,Julie_2,Gregory,683,2861,2438,1430,846,748,683,618,618,650,651,651,683,1528,943,780,716,715,715,715,716,715,780,0.87,2.03,2.67,3,3,3,3,3,3,2.67,0.1,0.2,0.09,0.1,0.31,0.31,0.2,0.2,0.2,0.33,2.57,846,976,2.38,1.93,0.87,0.9,0.76,0.06,0.1,0.04,0.05,0.14,0.14,0.09,0.09,0.09,0.12,0.42,0.47
PIN,2022,2022-10-04,pin_2076,,Julie_2,Gregory,650,2341,1756,878,617,553,585,585,585,618,650,617,650,976,715,650,683,682,682,748,715,747,747,1.4,2.27,2.6,2.43,2.43,2.43,2.13,2.27,2.13,2.13,0.19,0.31,0.36,0.33,0.33,0.33,0.38,0.21,0.38,0.33,1.7,878,943,1.67,1.48,0.9,0.88,0.72,0.1,0.14,0.15,0.14,0.14,0.14,0.17,0.09,0.17,0.13,0.45,0.45
PIN,2022,2022-10-04,pin_2158,,Julie_2,Gregory,650,3381,2926,1853,1137,975,878,845,845,812,813,845,812,1983,1267,1073,975,975,975,975,975,975,1007,0.7,1.67,2.15,2.47,2.47,2.47,2.47,2.47,2.47,2.36,0.09,0.17,0.16,0.18,0.24,0.24,0.31,0.3,0.24,0.43,2.6,1138,1235,1.97,1.74,0.93,0.96,0.81,0.07,0.1,0.09,0.1,0.13,0.13,0.17,0.17,0.13,0.19,0.54,0.58
PIN,2022,2022-10-04,pin_2196,,Julie_2,Gregory,618,2146,1756,1073,682,618,585,585,585,585,585,585,585,1170,780,683,650,650,683,683,715,715,715,0.83,1.75,2.14,2.3,2.3,2.14,2.14,2,2,2,0.14,0.27,0.22,0.23,0.23,0.33,0.33,0.4,0.4,0.5,2,813,943,1.64,1.28,0.91,0.93,0.71,0.08,0.13,0.1,0.1,0.1,0.14,0.14,0.18,0.18,0.18,0.44,0.48
PIN,2022,2022-10-04,pin_2237,,Julie_2,Gregory,748,3901,3414,2406,1365,1105,975,910,943,943,910,911,911,2536,1496,1203,1137,1105,1073,1106,1072,1106,1105,0.54,1.61,2.24,2.43,2.53,2.64,2.53,2.64,2.53,2.53,0.07,0.14,0.14,0.26,0.32,0.23,0.27,0.28,0.32,0.37,2.75,1366,1658,1.86,1.35,0.92,0.95,0.81,0.05,0.09,0.08,0.14,0.18,0.12,0.15,0.15,0.18,0.18,0.55,0.61
PIN,2022,2022-10-04,pin_2367,,Julie_2,Gregory,585,1951,1626,1041,651,585,521,553,521,553,553,553,521,1138,748,650,618,585,586,618,585,618,618,0.71,1.61,2,2.16,2.34,2.33,2.16,2.34,2.16,2.16,0.15,0.27,0.23,0.37,0.13,0.27,0.25,0.13,0.25,0.49,2.12,683,748,1.86,1.61,0.74,0.92,0.7,0.09,0.13,0.1,0.16,0.05,0.11,0.11,0.05,0.11,0.16,0.33,0.43
PIN,2022,2022-10-04,pin_2428,,Julie_2,Gregory,910,3543,3089,1886,1236,1073,1008,976,943,910,943,878,878,2049,1398,1236,1138,1138,1106,1105,1106,1073,1073,0.73,1.53,1.87,2.11,2.11,2.2,2.21,2.2,2.3,2.3,0.13,0.22,0.26,0.24,0.3,0.31,0.37,0.31,0.39,0.46,2.52,1528,1853,1.32,0.91,0.92,0.93,0.74,0.08,0.12,0.13,0.11,0.14,0.15,0.18,0.15,0.18,0.18,0.51,0.56
PIN,2022,2022-10-04,pin_2437,,Julie_2,Gregory,650,3382,2860,2081,1365,1073,943,845,813,780,780,748,748,2341,1528,1235,1105,1040,1008,975,975,975,910,0.44,1.21,1.74,2.06,2.25,2.36,2.47,2.47,2.47,2.72,0.15,0.16,0.22,0.25,0.33,0.35,0.37,0.37,0.42,0.36,2.82,1203,1398,1.81,1.42,0.99,0.95,0.81,0.11,0.11,0.13,0.15,0.19,0.19,0.2,0.2,0.23,0.18,0.59,0.61
PIN,2022,2022-10-04,pin_2467,,Julie_1,Qi,618,3316,2828,2341,1430,1236,1105,1008,976,976,943,943,910,2569,1561,1333,1203,1138,1105,1138,1073,1106,1105,0.29,1.12,1.49,1.76,1.91,2,1.91,2.09,2,2,0.11,0.12,0.11,0.13,0.19,0.2,0.24,0.21,0.25,0.38,2.11,1235,1463,1.69,1.27,0.94,0.94,0.81,0.09,0.08,0.07,0.08,0.11,0.12,0.14,0.12,0.15,0.18,0.58,0.62
PIN,2022,2022-10-04,pin_2497,,Julie_2,Gregory,543,2393,2097,1706,1082,881,792,746,724,710,701,696,695,1848,1181,966,878,837,818,805,803,803,804,0.29,1.03,1.48,1.73,1.86,1.93,1.97,1.98,1.98,1.98,0.11,0.13,0.15,0.18,0.2,0.21,0.22,0.24,0.25,0.31,2.02,902,1030,1.65,1.32,0.93,0.95,0.77,0.08,0.08,0.09,0.1,0.11,0.11,0.12,0.13,0.13,0.14,0.52,0.56
PIN,2022,2022-10-04,pin_2512,,Julie_1,Qi,813,3349,2666,1430,943,780,747,715,747,747,748,748,747,1561,1041,878,846,813,813,845,878,878,910,1.15,2.22,2.81,2.96,3.12,3.12,2.96,2.81,2.81,2.68,0.14,0.19,0.25,0.27,0.28,0.19,0.26,0.33,0.33,0.46,2.57,1008,1268,2.32,1.64,1,1.04,0.76,0.08,0.09,0.11,0.12,0.12,0.08,0.12,0.15,0.15,0.18,0.48,0.56
PIN,2022,2022-10-04,pin_2521,,Julie_1,Qi,683,3577,3121,2503,1593,1333,1170,1073,1008,943,943,910,910,2666,1723,1430,1300,1170,1138,1073,1040,1040,1040,0.34,1.08,1.5,1.75,2.06,2.14,2.33,2.44,2.44,2.44,0.08,0.11,0.11,0.16,0.14,0.2,0.22,0.17,0.23,0.27,2.43,1170,1398,2.06,1.56,0.91,0.97,0.81,0.06,0.08,0.07,0.1,0.08,0.11,0.12,0.09,0.12,0.12,0.53,0.6
PIN,2022,2022-10-04,pin_257,,Julie_2,Gregory,586,2048,1756,1333,812,715,618,585,552,552,520,520,520,1431,877,748,650,617,585,552,552,552,553,0.43,1.34,1.74,2.15,2.32,2.5,2.71,2.71,2.71,2.7,0.11,0.14,0.09,0.11,0.12,0.14,0,0.14,0.14,0.2,2.38,585,617,2.5,2.32,0.93,0.86,0.71,0.07,0.07,0.04,0.05,0.05,0.06,0,0.06,0.06,0.06,0.39,0.37
PIN,2022,2022-10-04,pin_2740,,Julie_1,Qi,585,2049,1658,1202,780,683,650,585,585,553,585,552,585,1300,813,748,650,650,682,650,683,650,683,0.58,1.52,1.74,2.15,2.15,2,2.15,2,2.15,2,0.12,0.08,0.18,0,0.23,0.31,0.34,0.32,0.34,0.33,1.83,780,845,1.63,1.42,0.94,0.99,0.71,0.08,0.04,0.09,0,0.1,0.14,0.15,0.14,0.15,0.14,0.46,0.5
PIN,2022,2022-10-04,pin_2757,,Julie_1,Qi,716,5007,4552,4259,2861,2211,1854,1658,1496,1398,1333,1333,1301,4454,2959,2309,1984,1756,1626,1529,1496,1463,1463,0.12,0.69,1.17,1.52,1.85,2.08,2.27,2.35,2.42,2.42,0.05,0.04,0.06,0.09,0.08,0.12,0.13,0.17,0.14,0.21,2.5,1593,1788,2.14,1.8,0.93,0.93,0.86,0.04,0.03,0.04,0.07,0.06,0.08,0.09,0.11,0.09,0.11,0.61,0.64
PIN,2022,2022-10-04,pin_278,,Julie_2,Gregory,617,3479,3056,2568,1528,1235,1073,942,911,877,845,845,845,2731,1658,1333,1171,1073,1040,1040,1008,1008,1008,0.27,1.1,1.61,1.97,2.24,2.35,2.35,2.45,2.45,2.45,0.08,0.11,0.11,0.14,0.21,0.21,0.27,0.28,0.28,0.33,2.62,1073,1236,2.24,1.81,0.87,0.93,0.82,0.06,0.08,0.07,0.08,0.12,0.12,0.16,0.16,0.16,0.16,0.51,0.58
PIN,2022,2022-10-04,pin_2815,,Julie_1,Qi,683,3316,2958,2503,1528,1202,1105,1008,943,910,878,878,845,2665,1658,1332,1203,1105,1073,1008,1008,975,1008,0.24,1,1.49,1.76,2,2.09,2.29,2.29,2.4,2.29,0.08,0.12,0.16,0.14,0.16,0.22,0.18,0.24,0.19,0.33,2.5,1072,1202,2.09,1.76,0.93,0.97,0.79,0.06,0.08,0.1,0.08,0.09,0.12,0.1,0.13,0.1,0.16,0.51,0.57
PIN,2022,2022-10-04,pin_2842,,Julie_1,Qi,553,3218,2764,2406,1495,1203,1072,943,910,845,813,845,845,2601,1625,1333,1170,1073,1040,1007,1008,1007,1040,0.24,0.98,1.41,1.75,2,2.09,2.2,2.19,2.2,2.09,0.09,0.11,0.15,0.13,0.2,0.21,0.27,0.32,0.27,0.38,2.27,1138,1333,1.83,1.41,0.91,0.95,0.83,0.07,0.08,0.1,0.08,0.12,0.12,0.16,0.19,0.16,0.19,0.57,0.63
PIN,2022,2022-10-04,pin_2866,,Julie_1,Qi,618,1918,1463,911,651,553,520,488,488,488,488,520,520,1008,683,618,553,553,553,553,553,618,618,0.9,1.81,2.1,2.47,2.47,2.47,2.47,2.47,2.1,2.1,0.18,0.11,0.26,0.16,0.31,0.31,0.31,0.31,0.39,0.5,1.81,715,813,1.68,1.36,0.93,0.93,0.68,0.1,0.05,0.11,0.06,0.12,0.12,0.12,0.12,0.16,0.16,0.41,0.44
PIN,2022,2022-10-04,pin_2954,,Julie_1,Qi,488,1593,1236,910,618,520,487,455,422,422,455,455,455,975,617,553,520,520,487,487,488,520,552,0.63,1.58,1.88,2.06,2.06,2.27,2.27,2.26,2.06,1.89,0.11,0,0.14,0.15,0.29,0.33,0.33,0.17,0.29,0.5,1.72,585,650,1.72,1.45,0.73,0.94,0.69,0.07,0,0.06,0.06,0.12,0.13,0.13,0.07,0.12,0.18,0.33,0.45
PIN,2022,2022-10-04,pin_3061,,Julie_1,Qi,846,2829,2439,1366,910,813,780,748,748,748,716,748,748,1430,975,845,813,780,780,813,813,813,813,0.98,1.9,2.35,2.48,2.63,2.63,2.48,2.48,2.48,2.48,0.08,0.15,0.09,0.1,0.1,0.1,0.2,0.3,0.2,0.25,2.26,878,943,2.22,2,0.79,0.87,0.7,0.04,0.07,0.04,0.04,0.04,0.04,0.08,0.12,0.08,0.08,0.33,0.38
PIN,2022,2022-10-04,pin_3085,,Julie_1,Qi,715,2569,1951,1268,812,682,585,585,553,552,585,585,585,1431,878,747,650,650,650,650,683,682,682,0.8,1.93,2.44,2.95,2.95,2.95,2.95,2.76,2.77,2.77,0.19,0.16,0.2,0.25,0.25,0.38,0.38,0.35,0.35,0.43,2.34,845,976,2.04,1.63,1.09,1.08,0.72,0.11,0.08,0.09,0.1,0.1,0.15,0.15,0.14,0.14,0.14,0.5,0.53
PIN,2022,2022-10-04,pin_3134,,Julie_2,Gregory,449,1266,947,498,378,368,359,359,368,369,379,389,389,538,418,398,408,408,428,428,439,449,449,1.35,2.03,2.18,2.1,2.1,1.96,1.96,1.88,1.82,1.82,0.17,0.25,0.21,0.32,0.32,0.37,0.36,0.35,0.34,0.43,1.43,499,539,1.54,1.35,0.86,0.94,0.65,0.07,0.1,0.08,0.12,0.12,0.14,0.14,0.14,0.13,0.13,0.36,0.41
PIN,2022,2022-10-04,pin_3254,,Julie_2,Gregory,586,2796,2276,1073,683,618,618,585,618,651,651,683,650,1171,780,683,683,683,716,781,781,813,813,1.39,2.58,3.09,3.09,3.09,2.91,2.58,2.58,2.44,2.44,0.14,0.24,0.2,0.2,0.3,0.28,0.32,0.32,0.31,0.46,2.5,975,1105,1.87,1.53,0.94,0.88,0.79,0.08,0.12,0.1,0.1,0.14,0.14,0.17,0.17,0.16,0.2,0.53,0.53
PIN,2022,2022-10-04,pin_3361,,Julie_2,Gregory,618,2666,2178,1430,910,812,780,747,780,780,780,812,812,1593,975,910,845,877,877,910,942,975,1007,0.67,1.73,1.93,2.16,2.04,2.04,1.93,1.83,1.73,1.65,0.15,0.12,0.2,0.15,0.28,0.21,0.27,0.32,0.31,0.43,1.68,1137,1268,1.34,1.1,0.88,0.88,0.77,0.1,0.07,0.11,0.08,0.15,0.11,0.14,0.17,0.17,0.19,0.51,0.54
PIN,2022,2022-10-04,pin_3601,,Julie_2,Gregory,780,2763,2276,1203,780,715,650,682,715,715,715,715,715,1300,845,748,748,780,780,813,845,813,845,1.13,2.27,2.69,2.69,2.54,2.54,2.4,2.27,2.4,2.27,0.14,0.18,0.11,0.32,0.3,0.2,0.28,0.35,0.28,0.4,2.18,1008,1170,1.74,1.36,1.01,1.02,0.72,0.07,0.08,0.04,0.13,0.13,0.08,0.12,0.15,0.12,0.15,0.48,0.53
PIN,2022,2022-10-04,pin_3621,,Julie_2,Gregory,650,3381,2699,1560,975,813,716,683,683,683,748,716,716,1723,1073,878,813,813,813,846,911,911,943,0.96,2.15,2.85,3.16,3.16,3.16,3,2.71,2.71,2.59,0.14,0.16,0.14,0.24,0.32,0.32,0.38,0.34,0.4,0.54,2.77,1398,1658,1.42,1.04,0.95,0.96,0.81,0.09,0.09,0.07,0.12,0.16,0.16,0.19,0.18,0.21,0.24,0.6,0.65
PIN,2022,2022-10-04,pin_3868,,Julie_1,Qi,520,1756,1496,1138,716,585,553,520,456,488,423,455,456,1203,748,618,585,521,520,521,455,456,488,0.46,1.35,1.84,2,2.37,2.38,2.37,2.86,2.85,2.6,0.09,0.09,0.12,0.12,0,0.3,0.15,0.18,0.01,0.25,2.28,520,586,2.38,2,0.75,0.88,0.7,0.05,0.04,0.05,0.05,0,0.12,0.06,0.07,0,0.07,0.31,0.39
PIN,2022,2022-10-04,pin_3884,,Julie_1,Qi,487,2341,1918,1398,910,748,682,617,553,553,553,553,553,1528,942,813,715,682,650,650,650,618,650,0.53,1.49,1.88,2.27,2.43,2.6,2.6,2.6,2.79,2.6,0.12,0.06,0.14,0.09,0.18,0.29,0.29,0.29,0.21,0.37,2.47,747,910,2.13,1.57,0.87,0.96,0.79,0.09,0.03,0.08,0.05,0.1,0.15,0.15,0.15,0.11,0.15,0.48,0.57
PIN,2022,2022-10-04,pin_3904,,Julie_2,Gregory,846,2893,2536,1625,1008,878,813,781,781,813,781,780,781,1690,1073,943,878,845,846,845,878,878,911,0.71,1.7,2.07,2.29,2.42,2.42,2.42,2.29,2.29,2.18,0.07,0.13,0.16,0.17,0.18,0.19,0.09,0.26,0.26,0.4,2.25,975,1073,1.97,1.7,0.89,0.9,0.71,0.04,0.06,0.07,0.07,0.08,0.08,0.04,0.11,0.11,0.14,0.4,0.42
PIN,2022,2022-10-04,pin_3957,,Julie_2,Gregory,715,2438,1983,1041,715,617,617,617,650,650,650,650,683,1138,780,715,683,715,715,715,747,812,780,1.14,2.13,2.41,2.57,2.41,2.41,2.41,2.26,2,2.13,0.16,0.19,0.33,0.24,0.33,0.22,0.22,0.31,0.45,0.33,1.9,942,1073,1.59,1.27,0.93,0.94,0.71,0.09,0.08,0.14,0.1,0.14,0.09,0.09,0.13,0.2,0.12,0.45,0.49
PIN,2022,2022-10-04,pin_3969,,Julie_1,Qi,650,3121,2601,2178,1365,1105,975,910,845,845,780,812,845,2373,1495,1203,1073,975,942,910,910,942,975,0.32,1.09,1.59,1.91,2.2,2.31,2.43,2.43,2.31,2.2,0.11,0.13,0.14,0.16,0.12,0.19,0.14,0.27,0.26,0.29,2.08,1040,1170,2,1.67,0.89,0.95,0.79,0.08,0.09,0.08,0.09,0.07,0.1,0.07,0.14,0.14,0.13,0.5,0.56
PIN,2022,2022-10-04,pin_4007,,Julie_1,Qi,716,3153,2731,1950,1203,976,878,780,748,715,748,715,716,2049,1268,1041,878,878,813,813,813,813,813,0.54,1.49,2.03,2.59,2.59,2.88,2.88,2.88,2.88,2.88,0.07,0.09,0.12,0,0.23,0.17,0.26,0.17,0.26,0.33,2.81,910,1073,2.46,1.94,0.79,0.9,0.77,0.05,0.05,0.06,0,0.11,0.08,0.12,0.08,0.12,0.12,0.39,0.48
PIN,2022,2022-10-04,pin_689,,Julie_2,Gregory,650,3608,3219,2634,1626,1366,1203,1073,1041,975,975,1008,976,2796,1723,1463,1301,1203,1138,1138,1138,1138,1171,0.29,1.09,1.47,1.77,2,2.17,2.17,2.17,2.17,2.08,0.07,0.08,0.1,0.12,0.18,0.14,0.24,0.24,0.19,0.33,2.3,1300,1495,1.78,1.41,0.89,0.93,0.82,0.06,0.06,0.07,0.08,0.11,0.09,0.14,0.14,0.11,0.17,0.55,0.61
PIN,2022,2022-10-04,pin_871,,Julie_2,Gregory,618,2114,1788,1366,878,715,683,618,618,618,618,618,651,1463,943,780,715,715,683,683,683,716,748,0.44,1.24,1.71,1.96,1.96,2.1,2.1,2.1,1.95,1.83,0.11,0.13,0.18,0.1,0.3,0.22,0.22,0.22,0.3,0.33,1.75,780,878,1.71,1.41,0.88,0.96,0.71,0.07,0.07,0.08,0.04,0.14,0.1,0.1,0.1,0.14,0.13,0.42,0.48
PIN,2022,2022-10-04,pin_879,,Julie_2,Gregory,618,2341,1983,1528,976,846,747,715,683,748,715,715,748,1658,1073,910,813,780,813,878,878,845,845,0.41,1.18,1.57,1.88,2,1.88,1.67,1.67,1.77,1.77,0.12,0.16,0.14,0.17,0.17,0.33,0.29,0.36,0.31,0.27,1.65,943,1008,1.48,1.32,0.98,0.95,0.74,0.08,0.09,0.07,0.08,0.08,0.16,0.15,0.19,0.15,0.11,0.52,0.52
PIN,2022,2022-11-07,NA,,e1,Malaika,682,3706,3381,2894,1691,1431,1268,1138,1072,975,943,910,910,3023,1886,1561,1398,1268,1203,1138,1105,1073,1073,0.23,0.97,1.37,1.65,1.92,2.08,2.26,2.35,2.45,2.45,0.05,0.15,0.13,0.15,0.17,0.18,0.25,0.26,0.27,0.33,2.72,1170,1366,2.17,1.71,0.9,0.96,0.82,0.04,0.1,0.08,0.09,0.1,0.11,0.14,0.15,0.15,0.15,0.53,0.6
PIN,2022,2022-11-07,pin_1062,,e2,Qi,683,3999,3446,2114,1431,1203,1138,1040,943,943,911,910,943,2243,1560,1333,1268,1138,1138,1138,1138,1138,1138,0.78,1.56,2,2.15,2.51,2.51,2.51,2.51,2.51,2.51,0.08,0.13,0.16,0.17,0.15,0.3,0.3,0.34,0.35,0.38,2.65,1625,2081,1.46,0.92,0.84,0.92,0.83,0.06,0.08,0.1,0.1,0.09,0.17,0.17,0.2,0.2,0.17,0.56,0.66
PIN,2022,2022-11-07,pin_1204,,e2,Qi,845,4779,4422,4064,2276,1886,1691,1561,1431,1366,1301,1301,1235,4194,2405,2016,1821,1723,1626,1561,1496,1463,1463,0.14,0.99,1.37,1.62,1.77,1.94,2.06,2.19,2.27,2.27,0.04,0.08,0.1,0.11,0.15,0.2,0.21,0.22,0.19,0.32,2.58,1593,1885,2,1.54,0.91,0.96,0.82,0.03,0.05,0.06,0.07,0.09,0.12,0.12,0.13,0.11,0.16,0.55,0.62
PIN,2022,2022-11-07,pin_1205,,e2,Qi,715,3771,3413,2926,1626,1366,1268,1171,1106,1040,1008,975,975,3056,1723,1463,1398,1301,1236,1203,1138,1203,1138,0.23,1.19,1.58,1.7,1.9,2.05,2.13,2.31,2.13,2.31,0.05,0.09,0.11,0.15,0.17,0.18,0.23,0.2,0.33,0.31,2.5,1365,1626,1.76,1.32,0.9,0.96,0.81,0.04,0.06,0.07,0.09,0.1,0.11,0.14,0.11,0.19,0.14,0.55,0.62
PIN,2022,2022-11-07,pin_1213,,e2,Qi,1040,5429,4454,2796,1918,1496,1268,1073,976,943,975,943,943,2926,2113,1690,1431,1268,1171,1171,1171,1138,1138,0.86,1.57,2.21,2.79,3.28,3.64,3.64,3.64,3.77,3.77,0.06,0.15,0.2,0.22,0.31,0.35,0.41,0.35,0.37,0.43,3.72,1626,2113,2.34,1.57,1,1.01,0.81,0.04,0.09,0.11,0.11,0.15,0.17,0.19,0.17,0.17,0.17,0.56,0.63
PIN,2022,2022-11-07,pin_1220,,e2,Qi,617,2991,2406,1268,911,716,683,617,585,585,618,585,618,1398,975,813,715,715,683,716,715,715,748,1.14,2.07,2.68,3.18,3.18,3.38,3.18,3.18,3.18,3,0.14,0.12,0.23,0.09,0.29,0.31,0.38,0.28,0.38,0.4,2.89,1008,1268,1.97,1.36,1.03,0.99,0.79,0.09,0.07,0.12,0.04,0.14,0.14,0.18,0.14,0.18,0.17,0.58,0.62
PIN,2022,2022-11-07,pin_1307,,e2,Qi,389,1625,1296,728,508,418,389,359,349,339,349,349,349,818,578,468,429,409,388,389,409,409,419,0.99,1.81,2.47,2.79,2.97,3.19,3.18,2.97,2.97,2.88,0.18,0.23,0.22,0.2,0.28,0.23,0.3,0.33,0.33,0.47,2.71,508,608,2.2,1.67,0.9,0.99,0.76,0.11,0.12,0.11,0.09,0.12,0.1,0.13,0.15,0.15,0.17,0.45,0.54
PIN,2022,2022-11-07,pin_1355,,e2,Qi,748,4519,3901,3283,1983,1658,1496,1398,1268,1203,1138,1137,1040,3446,2080,1820,1658,1528,1431,1365,1333,1301,1268,0.31,1.17,1.48,1.73,1.96,2.16,2.31,2.39,2.47,2.56,0.06,0.07,0.13,0.15,0.13,0.19,0.2,0.24,0.21,0.35,2.75,1366,1593,2.31,1.84,0.95,0.99,0.83,0.05,0.05,0.09,0.1,0.09,0.11,0.12,0.15,0.13,0.18,0.57,0.63
PIN,2022,2022-11-07,pin_1373,,e2,Qi,748,3674,3153,1820,1073,878,780,683,650,618,618,650,650,1918,1170,975,780,748,715,715,747,748,780,0.92,2.14,2.77,3.71,3.91,4.14,4.14,3.92,3.91,3.71,0.08,0.15,0.2,0,0.2,0.21,0.31,0.39,0.3,0.44,3.85,1040,1398,2.53,1.63,0.89,0.97,0.8,0.05,0.08,0.1,0,0.09,0.09,0.14,0.17,0.13,0.17,0.47,0.58
PIN,2022,2022-11-07,pin_1590,,e2,Qi,748,3966,3316,1853,1203,1008,878,845,813,813,780,780,780,1951,1333,1072,975,942,910,943,943,975,975,1.03,1.98,2.7,3.07,3.21,3.36,3.21,3.21,3.07,3.07,0.07,0.16,0.11,0.19,0.2,0.21,0.27,0.34,0.39,0.46,3.25,1203,1528,2.3,1.6,0.91,0.96,0.81,0.05,0.1,0.06,0.1,0.1,0.11,0.14,0.17,0.2,0.2,0.51,0.6
PIN,2022,2022-11-07,pin_1827,,e2,Qi,748,4194,3772,2016,1430,1171,976,877,813,813,747,781,682,2113,1496,1235,1041,975,943,877,910,911,812,0.98,1.8,2.4,3.03,3.3,3.45,3.78,3.61,3.6,4.17,0.07,0.07,0.09,0.12,0.19,0.27,0.15,0.36,0.29,0.4,4.53,1040,1463,3.03,1.87,0.94,1.01,0.82,0.05,0.04,0.05,0.06,0.1,0.14,0.07,0.18,0.14,0.16,0.5,0.62
PIN,2022,2022-11-07,pin_1834,,e2,Qi,585,2666,2275,1430,943,780,715,650,617,585,552,552,553,1528,1007,911,780,715,682,683,650,618,651,0.74,1.65,1.93,2.42,2.73,2.91,2.9,3.1,3.31,3.1,0.1,0.11,0.26,0.16,0.19,0.2,0.3,0.32,0.24,0.38,3.11,813,1105,2.28,1.41,0.92,0.94,0.78,0.06,0.06,0.14,0.08,0.09,0.1,0.14,0.15,0.11,0.15,0.48,0.56
PIN,2022,2022-11-07,pin_1840,,e2,Qi,813,3349,2601,1301,910,780,715,683,618,650,650,683,715,1366,942,812,747,715,715,748,748,813,812,1.45,2.56,3.12,3.48,3.68,3.68,3.48,3.48,3.12,3.12,0.08,0.07,0.09,0.1,0.11,0.34,0.32,0.32,0.37,0.37,2.64,1007,1268,2.33,1.64,0.87,0.95,0.76,0.05,0.03,0.04,0.04,0.04,0.14,0.13,0.13,0.16,0.12,0.42,0.51
PIN,2022,2022-11-07,pin_1981,,e2,Qi,650,3966,3446,2405,1561,1236,1040,877,812,747,716,715,683,2438,1626,1333,1105,975,878,845,813,780,780,0.63,1.44,1.98,2.59,3.07,3.52,3.69,3.88,4.08,4.08,0.02,0.06,0.12,0.1,0.18,0.14,0.22,0.23,0.17,0.33,4.05,878,1105,3.52,2.59,0.84,0.95,0.84,0.01,0.04,0.07,0.06,0.1,0.08,0.12,0.12,0.08,0.12,0.44,0.56
PIN,2022,2022-11-07,pin_219,,e2,Qi,585,3089,2796,1983,1170,1007,878,813,748,747,747,747,715,2145,1300,1137,1008,942,910,910,942,910,910,0.44,1.38,1.72,2.06,2.28,2.39,2.39,2.28,2.39,2.39,0.1,0.16,0.19,0.22,0.24,0.32,0.32,0.37,0.32,0.46,2.91,1072,1268,1.88,1.44,0.96,0.97,0.81,0.08,0.1,0.11,0.13,0.14,0.18,0.18,0.21,0.18,0.21,0.58,0.62
PIN,2022,2022-11-07,pin_2196,,e1,Malaika,780,3608,3251,2796,1626,1365,1268,1138,1007,942,910,845,845,2926,1756,1463,1300,1202,1105,1007,975,975,942,0.23,1.05,1.47,1.78,2,2.27,2.58,2.7,2.7,2.83,0.06,0.12,0.11,0.04,0.1,0.17,0.13,0.13,0.27,0.3,2.85,1040,1170,2.47,2.08,0.86,0.87,0.78,0.04,0.07,0.07,0.02,0.05,0.09,0.06,0.07,0.13,0.1,0.44,0.47
PIN,2022,2022-11-07,pin_2428,,e1,Malaika,552,2015,1691,1333,813,683,552,520,520,487,455,487,487,1463,878,715,650,585,585,585,552,552,552,0.38,1.29,1.82,2.1,2.44,2.44,2.44,2.65,2.65,2.65,0.14,0.14,0.09,0.33,0.26,0.26,0.39,0.42,0.28,0.33,2.47,682,812,1.95,1.48,0.91,0.93,0.73,0.09,0.07,0.04,0.15,0.11,0.11,0.17,0.18,0.12,0.12,0.43,0.48
PIN,2022,2022-11-07,pin_2437,,e1,Malaika,585,2926,2633,1853,1072,943,812,747,715,682,650,650,650,1950,1170,1007,942,845,845,812,780,812,812,0.5,1.5,1.91,2.11,2.46,2.46,2.6,2.75,2.6,2.6,0.07,0.14,0.11,0.25,0.22,0.29,0.3,0.32,0.38,0.55,3.05,942,1170,2.11,1.5,0.86,0.95,0.8,0.05,0.08,0.06,0.14,0.12,0.15,0.16,0.17,0.2,0.2,0.48,0.58
PIN,2022,2022-11-07,pin_2497,,e1,Malaika,975,4226,3934,3089,1918,1560,1431,1301,1235,1138,1105,1040,1007,3088,1918,1658,1463,1333,1301,1203,1170,1137,1105,0.37,1.2,1.55,1.89,2.17,2.25,2.51,2.61,2.72,2.82,0,0,0.1,0.04,0.05,0.1,0.11,0.12,0.18,0.27,2.91,1235,1430,2.42,1.96,0.8,0.9,0.77,0,0,0.06,0.02,0.02,0.05,0.05,0.06,0.09,0.09,0.4,0.48
PIN,2022,2022-11-07,pin_2512,,e1,Malaika,553,2600,2243,1658,910,780,715,650,650,618,618,617,650,1821,1008,878,813,780,748,748,715,780,780,0.43,1.58,1.96,2.2,2.33,2.48,2.48,2.64,2.33,2.33,0.12,0.16,0.2,0.22,0.32,0.25,0.34,0.27,0.4,0.45,2.45,943,1170,1.76,1.22,0.9,0.98,0.79,0.09,0.1,0.11,0.12,0.17,0.13,0.17,0.14,0.21,0.17,0.52,0.61
PIN,2022,2022-11-07,pin_2521,,e1,Malaika,448,2094,1954,1217,787,688,628,618,558,538,529,509,508,1336,867,767,707,708,628,618,618,608,608,0.57,1.42,1.73,1.96,1.96,2.33,2.39,2.39,2.44,2.44,0.13,0.15,0.18,0.2,0.23,0.21,0.25,0.28,0.32,0.42,2.85,678,797,2.09,1.63,0.84,0.88,0.79,0.09,0.09,0.1,0.11,0.13,0.11,0.13,0.14,0.16,0.16,0.46,0.51
PIN,2022,2022-11-07,pin_2740,,e1,Malaika,449,1485,1226,927,568,498,438,399,369,349,339,349,329,1007,618,548,478,439,429,409,399,399,389,0.47,1.4,1.71,2.11,2.38,2.46,2.63,2.72,2.72,2.82,0.13,0.17,0.2,0.2,0.22,0.35,0.38,0.39,0.33,0.5,2.73,449,569,2.31,1.61,0.92,0.97,0.7,0.08,0.08,0.09,0.08,0.09,0.14,0.15,0.15,0.13,0.15,0.38,0.46
PIN,2022,2022-11-07,pin_2815,,e1,Malaika,715,3739,3349,2699,1431,1170,1040,942,878,780,748,715,715,2764,1496,1235,1138,1007,910,878,813,812,780,0.35,1.5,2.03,2.29,2.71,3.11,3.26,3.6,3.6,3.79,0.03,0.07,0.09,0.15,0.12,0.07,0.22,0.17,0.25,0.22,3.68,780,878,3.79,3.26,0.8,0.82,0.81,0.02,0.04,0.05,0.09,0.06,0.04,0.11,0.08,0.12,0.08,0.38,0.41
PIN,2022,2022-11-07,pin_393,,e2,Qi,715,3902,3608,2731,1723,1463,1236,1073,975,911,877,813,812,2764,1788,1495,1301,1171,1106,1008,976,910,942,0.41,1.18,1.61,2,2.33,2.53,2.87,3,3.29,3.14,0.02,0.05,0.03,0.08,0.15,0.21,0.18,0.19,0.21,0.33,3.44,1008,1236,2.87,2.16,0.85,0.95,0.82,0.01,0.04,0.02,0.05,0.08,0.12,0.1,0.1,0.11,0.14,0.45,0.55
PIN,2022,2022-11-07,pin_480,,e2,Qi,553,2763,2145,1593,1105,878,780,748,715,715,715,715,748,1755,1203,975,878,845,813,845,780,812,878,0.57,1.3,1.83,2.15,2.27,2.4,2.27,2.54,2.4,2.15,0.13,0.13,0.17,0.2,0.21,0.22,0.28,0.16,0.22,0.36,1.87,1073,1301,1.58,1.12,0.8,0.88,0.8,0.09,0.08,0.1,0.11,0.11,0.12,0.15,0.08,0.12,0.15,0.48,0.57
PIN,2022,2022-11-07,pin_535,,e2,Qi,748,4356,4064,2146,1496,1138,1170,943,845,976,910,910,748,2178,1561,1236,1268,1105,975,1073,1007,1040,877,1,1.79,2.52,2.44,2.94,3.47,3.06,3.33,3.19,3.97,0.02,0.07,0.14,0.13,0.27,0.26,0.17,0.18,0.23,0.4,4.43,1203,1918,2.62,1.27,0.99,1.12,0.83,0.01,0.04,0.08,0.08,0.15,0.13,0.09,0.1,0.12,0.15,0.57,0.76
PIN,2022,2022-11-07,pin_548,,e2,Qi,845,4519,3349,2764,1463,1235,1040,943,845,813,780,780,748,2829,1561,1268,1073,1008,943,878,910,878,910,0.6,1.89,2.56,3.21,3.48,3.79,4.15,3.97,4.15,3.97,0.03,0.1,0.05,0.06,0.13,0.22,0.16,0.31,0.24,0.42,3.48,943,1170,3.79,2.86,0.94,1,0.81,0.02,0.06,0.03,0.03,0.06,0.1,0.07,0.14,0.11,0.18,0.45,0.53
PIN,2022,2022-11-07,pin_556,,e2,Qi,715,4227,3901,2861,1756,1463,1301,1138,1040,943,878,813,813,2959,1821,1528,1366,1203,1105,1040,975,910,877,0.43,1.32,1.77,2.09,2.51,2.83,3.06,3.34,3.65,3.82,0.04,0.05,0.07,0.08,0.09,0.1,0.17,0.19,0.21,0.22,3.8,975,1235,3.34,2.42,0.75,0.89,0.83,0.03,0.04,0.04,0.05,0.05,0.06,0.09,0.1,0.11,0.07,0.4,0.53
PIN,2022,2022-11-07,pin_625,,e2,Qi,748,3674,3219,2275,1333,1105,910,780,683,715,682,618,585,2308,1398,1137,942,845,813,747,715,650,617,0.59,1.63,2.23,2.9,3.35,3.52,3.92,4.14,4.65,4.95,0.02,0.08,0.05,0.07,0.16,0.34,0.1,0.11,0.12,0.2,4.5,715,877,4.14,3.19,0.84,1,0.8,0.01,0.05,0.03,0.03,0.08,0.16,0.04,0.05,0.05,0.05,0.36,0.48
PIN,2022,2022-11-07,pin_63,,e2,Qi,845,5364,5072,4519,2373,1950,1723,1626,1398,1268,1170,1072,1040,4584,2503,2015,1821,1593,1463,1333,1235,1170,1137,0.17,1.14,1.66,1.95,2.37,2.67,3.02,3.34,3.58,3.72,0.02,0.07,0.05,0.08,-0.03,0.07,0.09,0.1,0.16,0.21,3.88,1170,1366,3.58,2.93,0.77,0.91,0.84,0.01,0.05,0.03,0.05,-0.02,0.04,0.05,0.05,0.08,0.09,0.42,0.52
PIN,2022,2022-11-07,pin_689,,e2,Qi,845,4779,3901,2145,1333,1073,910,845,813,780,780,780,747,2275,1463,1171,1040,942,943,943,942,975,942,1.1,2.27,3.08,3.6,4.07,4.07,4.07,4.07,3.9,4.07,0.08,0.15,0.16,0.25,0.22,0.29,0.36,0.36,0.41,0.5,4.22,1268,1723,2.77,1.77,1.02,1.02,0.82,0.06,0.09,0.08,0.12,0.1,0.14,0.17,0.17,0.2,0.21,0.56,0.64
PIN,2022,2022-11-07,pin_746,,e2,Qi,942,5072,4747,3836,2146,1788,1593,1496,1431,1398,1496,1398,1366,3999,2276,1951,1756,1691,1658,1658,1756,1691,1626,0.27,1.23,1.6,1.89,2,2.06,2.06,1.89,2,2.12,0.05,0.09,0.13,0.15,0.19,0.23,0.27,0.25,0.29,0.32,2.48,1918,2341,1.64,1.17,0.95,0.98,0.81,0.04,0.06,0.08,0.09,0.12,0.14,0.16,0.15,0.17,0.16,0.59,0.65
PIN,2022,2022-11-07,pin_773,,e2,Qi,780,4584,4649,4031,2113,1723,1561,1365,1463,1398,1333,1301,1235,4129,2211,1788,1658,1495,1658,1561,1496,1463,1431,0.11,1.07,1.56,1.76,2.07,1.76,1.94,2.06,2.13,2.2,0.03,0.06,0.06,0.09,0.14,0.18,0.17,0.18,0.18,0.29,2.76,1561,1853,1.94,1.47,0.87,0.93,0.83,0.02,0.04,0.04,0.06,0.09,0.12,0.1,0.11,0.11,0.14,0.54,0.61
PIN,2022,2022-11-08,NA,,e2,Qi,520,2243,1951,1821,1236,1171,1106,1073,1073,1073,1073,1072,1073,2048,1365,1333,1268,1236,1268,1300,1301,1301,1300,0.1,0.64,0.68,0.77,0.81,0.77,0.73,0.72,0.72,0.73,0.15,0.14,0.18,0.2,0.2,0.24,0.27,0.27,0.27,0.32,0.82,1561,1690,0.44,0.33,0.93,0.94,0.77,0.11,0.09,0.12,0.13,0.13,0.15,0.17,0.18,0.18,0.17,0.65,0.67
PIN,2022,2022-11-08,pin_1933,,e2,Malaika,419,2134,2154,1924,1087,877,778,698,638,588,558,529,499,1914,1107,887,798,728,668,618,578,548,529,0.11,0.93,1.41,1.67,1.93,2.19,2.45,2.69,2.89,3.03,-0.01,0.03,0.02,0.04,0.07,0.08,0.09,0.07,0.07,0.16,3.32,519,558,3.11,2.82,0.7,0.83,0.8,-0.01,0.02,0.01,0.03,0.04,0.04,0.05,0.03,0.03,0.06,0.35,0.43
PIN,2022,2022-11-08,pin_1942,,e2,Malaika,682,3479,3316,3121,1918,1593,1366,1235,1105,1040,975,943,878,3186,1951,1658,1431,1268,1138,1105,1040,975,910,0.09,0.78,1.1,1.43,1.74,2.06,2.15,2.35,2.57,2.82,0.03,0.02,0.06,0.07,0.04,0.05,0.1,0.11,0.06,0.09,2.78,910,943,2.82,2.69,0.76,0.92,0.8,0.02,0.02,0.04,0.05,0.03,0.03,0.06,0.06,0.03,0.04,0.39,0.48
PIN,2022,2022-11-08,pin_2158,,e2,Anchalya,682,3348,3024,2764,1593,1333,1138,1072,1007,910,845,813,780,2861,1658,1366,1235,1105,1008,975,910,878,845,0.17,1.02,1.45,1.71,2.03,2.32,2.43,2.68,2.81,2.96,0.04,0.06,0.04,0.13,0.05,0,0.13,0.14,0.15,0.2,2.88,878,943,2.81,2.55,0.81,0.86,0.8,0.03,0.04,0.02,0.08,0.03,0,0.07,0.07,0.07,0.08,0.41,0.45
PIN,2022,2022-11-08,pin_2237,,e2,Anchalya,877,4877,4454,4064,2438,1983,1853,1723,1593,1593,1431,1365,1236,4194,2568,2113,2016,1821,1723,1755,1593,1528,1398,0.16,0.9,1.31,1.42,1.68,1.83,1.78,2.06,2.19,2.49,0.04,0.07,0.09,0.12,0.09,0.12,0.15,0.17,0.18,0.25,2.6,1560,1788,2.13,1.73,0.98,1.02,0.82,0.03,0.05,0.06,0.08,0.05,0.08,0.09,0.1,0.11,0.12,0.58,0.64
PIN,2022,2022-11-08,pin_2467,,e2,Anchalya,568,3718,3549,3130,1595,1306,1156,1037,1007,978,937,927,827,3210,1665,1385,1236,1126,1086,1087,1037,1037,917,0.16,1.23,1.68,2.01,2.3,2.42,2.42,2.59,2.59,3.05,0.03,0.06,0.08,0.1,0.13,0.12,0.16,0.16,0.17,0.26,3.29,947,1057,2.93,2.52,0.77,0.88,0.85,0.02,0.04,0.06,0.06,0.08,0.07,0.1,0.1,0.11,0.1,0.45,0.54
PIN,2022,2022-11-08,pin_257,,e2,Malaika,683,1723,1528,1268,780,683,585,585,553,487,487,487,487,1333,813,715,650,618,585,552,520,520,520,0.29,1.12,1.41,1.65,1.79,1.95,2.12,2.31,2.31,2.31,0.09,0.1,0.12,0.27,0.15,0.16,0.36,0.2,0.2,0.25,2.14,585,683,1.95,1.52,0.65,0.76,0.6,0.05,0.04,0.04,0.1,0.05,0.05,0.12,0.06,0.06,0.06,0.22,0.29
PIN,2022,2022-11-08,pin_278,,e2,Malaika,585,2015,1853,1691,1040,845,748,683,651,618,586,585,585,1821,1105,911,813,748,715,716,683,650,650,0.11,0.82,1.21,1.48,1.69,1.82,1.81,1.95,2.1,2.1,0.1,0.1,0.14,0.16,0.18,0.19,0.29,0.31,0.23,0.29,2.17,683,780,1.95,1.58,0.95,0.94,0.71,0.07,0.06,0.07,0.08,0.09,0.09,0.14,0.14,0.1,0.1,0.43,0.46
PIN,2022,2022-11-08,pin_2842,,e2,Anchalya,650,3706,3511,2731,1593,1301,1170,1105,943,878,845,748,683,2764,1658,1431,1236,1203,1040,1008,975,910,813,0.34,1.24,1.59,2,2.08,2.56,2.68,2.8,3.07,3.56,0.02,0.06,0.14,0.09,0.13,0.16,0.23,0.24,0.33,0.33,4.14,846,943,3.38,2.93,1.11,1.08,0.82,0.01,0.04,0.09,0.05,0.08,0.09,0.13,0.13,0.18,0.16,0.58,0.59
PIN,2022,2022-11-08,pin_2954,,e2,Anchalya,618,2569,2243,2178,1430,1138,1040,1366,1463,1235,1202,1203,1138,2374,1528,1235,1170,1398,1593,1366,1301,1301,1268,0.08,0.68,1.08,1.2,0.84,0.61,0.88,0.97,0.97,1.03,0.11,0.1,0.13,0.19,0.04,0.12,0.15,0.12,0.12,0.2,0.97,1300,1496,0.98,0.72,0.89,0.91,0.76,0.08,0.06,0.08,0.11,0.02,0.08,0.1,0.08,0.08,0.1,0.55,0.59
PIN,2022,2022-11-08,pin_3061,,e2,Anchalya,585,3381,3836,3641,2048,1658,1496,1398,1365,1268,1203,1170,1073,3706,2113,1756,1561,1495,1463,1398,1268,1235,1203,-0.09,0.6,0.93,1.17,1.26,1.31,1.42,1.67,1.74,1.81,0.02,0.04,0.08,0.06,0.1,0.1,0.14,0.08,0.08,0.24,2.58,1203,1300,1.81,1.6,0.77,0.85,0.83,0.02,0.03,0.06,0.04,0.06,0.07,0.09,0.05,0.05,0.11,0.49,0.55
PIN,2022,2022-11-08,pin_3085,,e2,Anchalya,553,2763,2666,2016,1301,1171,1040,1008,878,845,813,813,780,2146,1463,1301,1170,1170,1041,1008,1040,1008,1008,0.29,0.89,1.12,1.36,1.36,1.65,1.74,1.66,1.74,1.74,0.08,0.16,0.15,0.18,0.22,0.26,0.27,0.36,0.33,0.47,2.42,1268,1625,1.18,0.7,0.91,0.91,0.8,0.06,0.11,0.1,0.11,0.14,0.16,0.16,0.22,0.19,0.23,0.59,0.64
PIN,2022,2022-11-08,pin_3134,,e2,Anchalya,780,2861,2634,2601,1788,1431,1301,1268,1235,1138,1105,1072,1040,2731,1886,1496,1366,1333,1268,1203,1203,1170,1105,0.05,0.52,0.91,1.09,1.15,1.26,1.38,1.38,1.45,1.59,0.07,0.08,0.07,0.08,0.09,0.05,0.1,0.15,0.16,0.15,1.53,1235,1366,1.32,1.09,0.88,0.94,0.73,0.05,0.05,0.04,0.05,0.05,0.03,0.05,0.08,0.08,0.06,0.47,0.52
PIN,2022,2022-11-08,pin_3361,,e2,Anchalya,478,2034,1914,1874,1196,987,907,827,857,807,538,967,977,2004,1296,1077,997,907,957,917,608,1107,1097,0.01,0.57,0.89,1.04,1.24,1.13,1.22,2.35,0.84,0.85,0.09,0.11,0.13,0.15,0.15,0.17,0.2,0.23,0.2,0.2,0.96,1097,1197,0.85,0.7,0.93,0.96,0.76,0.06,0.08,0.08,0.09,0.09,0.1,0.12,0.12,0.13,0.11,0.59,0.63
PIN,2022,2022-11-08,pin_3601,,e2,Anchalya,469,2034,1824,1744,1187,937,738,688,658,628,588,538,518,1895,1326,1047,837,778,758,728,678,648,608,0.07,0.53,0.94,1.43,1.61,1.68,1.79,2,2.14,2.35,0.11,0.15,0.17,0.2,0.21,0.24,0.25,0.25,0.33,0.28,2.52,618,668,2.29,2.04,1.12,1.14,0.77,0.08,0.1,0.11,0.12,0.12,0.13,0.14,0.13,0.17,0.15,0.56,0.6
PIN,2022,2022-11-08,pin_3621,,e2,Anchalya,586,2374,2146,1755,1106,943,911,846,943,878,877,943,878,1919,1203,1040,1041,943,1073,943,975,1040,1041,0.24,0.97,1.28,1.28,1.52,1.21,1.52,1.43,1.28,1.28,0.12,0.13,0.16,0.22,0.19,0.21,0.13,0.18,0.16,0.39,1.44,1106,1431,1.15,0.66,0.75,0.84,0.75,0.09,0.08,0.09,0.12,0.1,0.12,0.07,0.1,0.09,0.16,0.44,0.55
PIN,2022,2022-11-08,pin_3957,,e2,Anchalya,845,4031,3609,3089,1723,1496,1333,1235,1203,1105,1072,1041,975,3284,1886,1658,1528,1463,1398,1332,1300,1235,1202,0.23,1.14,1.43,1.64,1.76,1.88,2.03,2.1,2.26,2.35,0.08,0.14,0.16,0.22,0.27,0.25,0.31,0.32,0.29,0.39,2.7,1463,1853,1.76,1.18,1,1.02,0.79,0.06,0.09,0.1,0.13,0.16,0.14,0.17,0.18,0.16,0.19,0.58,0.65
PIN,2022,2022-11-08,pin_3969,,e2,Anchalya,650,3056,2763,2731,1788,1691,1593,1495,1528,1528,1495,1430,1365,2958,1983,1820,1788,1788,1788,1821,1755,1690,1658,0.03,0.54,0.68,0.71,0.71,0.71,0.68,0.74,0.81,0.84,0.1,0.14,0.1,0.16,0.24,0.21,0.23,0.22,0.23,0.3,1.02,1723,1918,0.77,0.59,0.92,0.97,0.79,0.08,0.1,0.07,0.11,0.16,0.15,0.16,0.15,0.15,0.18,0.62,0.68
PIN,2022,2022-11-08,pin_4007,,e2,Anchalya,458,2333,2433,2323,1456,1336,1346,1306,1316,1236,1216,1207,1206,2443,1536,1446,1455,1416,1435,1366,1356,1356,1376,-0.05,0.52,0.61,0.6,0.65,0.63,0.71,0.72,0.72,0.7,0.06,0.07,0.11,0.1,0.11,0.12,0.13,0.15,0.16,0.23,1.02,1326,1506,0.76,0.55,0.83,0.87,0.8,0.05,0.05,0.08,0.07,0.08,0.08,0.1,0.1,0.11,0.12,0.58,0.63
PIN,2022,2022-11-08,pin_4241,,e2,Qi,520,2016,1691,1105,878,747,748,683,650,650,650,618,618,1300,976,878,878,813,845,781,748,780,748,0.55,1.07,1.3,1.3,1.48,1.39,1.58,1.7,1.58,1.7,0.23,0.17,0.27,0.27,0.3,0.42,0.32,0.25,0.39,0.44,1.74,877,1007,1.3,1,0.93,0.87,0.74,0.15,0.1,0.15,0.15,0.16,0.23,0.17,0.13,0.21,0.17,0.52,0.52
PIN,2022,2022-11-08,pin_4262,,e2,Qi,780,3576,3381,3218,2016,1723,1431,1366,1301,1300,1366,1365,1365,3381,2178,1886,1593,1528,1430,1366,1496,1528,1528,0.06,0.64,0.9,1.24,1.34,1.5,1.62,1.39,1.34,1.34,0.06,0.11,0.13,0.17,0.18,0.15,0.08,0.14,0.18,0.21,1.48,1593,1821,1.24,0.96,0.9,0.91,0.78,0.05,0.07,0.09,0.1,0.11,0.09,0.05,0.09,0.11,0.11,0.55,0.59
PIN,2022,2022-11-08,pin_4411,,e2,Qi,650,2763,2374,2146,1366,1138,1040,1008,943,910,943,877,910,2341,1496,1268,1203,1106,1105,1073,1073,1073,1105,0.18,0.85,1.18,1.3,1.5,1.5,1.58,1.58,1.58,1.5,0.11,0.14,0.17,0.23,0.16,0.26,0.27,0.22,0.33,0.35,1.61,1268,1496,1.18,0.85,0.9,0.95,0.76,0.08,0.09,0.1,0.14,0.09,0.15,0.15,0.12,0.18,0.18,0.54,0.61
PIN,2022,2022-11-08,pin_4436,,e2,Qi,682,2828,2568,2146,1301,1106,943,878,845,780,715,715,715,2243,1398,1236,1041,975,943,877,845,813,812,0.26,1.02,1.29,1.72,1.9,2,2.22,2.35,2.48,2.48,0.06,0.11,0.18,0.18,0.19,0.2,0.22,0.32,0.25,0.33,2.59,845,911,2.35,2.1,0.79,0.85,0.76,0.04,0.07,0.11,0.09,0.1,0.1,0.11,0.15,0.12,0.12,0.38,0.43
PIN,2022,2022-11-08,pin_4474,,e2,Qi,682,3511,3283,2731,1561,1333,1235,1138,1040,975,910,877,845,2796,1658,1430,1300,1203,1105,1073,1007,1008,942,0.26,1.12,1.46,1.7,1.92,2.18,2.27,2.49,2.48,2.73,0.03,0.09,0.11,0.08,0.09,0.1,0.16,0.18,0.24,0.25,2.89,943,1040,2.72,2.38,0.92,0.96,0.81,0.02,0.06,0.07,0.05,0.05,0.06,0.09,0.1,0.13,0.1,0.48,0.53
PIN,2022,2022-11-08,pin_4482,,e2,Qi,683,4031,3544,3479,2341,1788,1658,1593,1561,1496,1463,1496,1365,3706,2535,1951,1853,1788,1756,1724,1723,1658,1625,0.09,0.59,1.07,1.18,1.25,1.3,1.34,1.34,1.43,1.48,0.07,0.1,0.12,0.15,0.16,0.16,0.2,0.22,0.15,0.27,1.6,1626,1918,1.48,1.1,0.96,0.97,0.83,0.06,0.08,0.08,0.11,0.11,0.11,0.13,0.15,0.1,0.16,0.64,0.68
PIN,2022,2022-11-08,pin_4538,,e2,Qi,813,3674,3511,2796,1690,1463,1333,1203,1105,976,878,813,780,2893,1756,1528,1398,1268,1170,1073,1008,943,910,0.27,1.09,1.4,1.63,1.9,2.14,2.42,2.64,2.9,3.04,0.05,0.06,0.07,0.08,0.09,0.11,0.18,0.26,0.29,0.36,3.5,975,1073,2.77,2.42,0.9,1.02,0.78,0.03,0.04,0.04,0.05,0.05,0.06,0.09,0.13,0.14,0.14,0.43,0.52
PIN,2022,2022-11-08,pin_4681,,e2,Qi,487,1755,1528,1008,650,553,488,488,423,455,423,455,423,1073,651,618,553,521,455,520,521,488,488,0.64,1.7,1.84,2.17,2.37,2.86,2.38,2.37,2.6,2.6,0.1,0,0.22,0.26,0.15,0.17,0.29,0.43,0.16,0.5,2.61,682,813,1.57,1.16,0.95,0.88,0.72,0.06,0,0.11,0.12,0.06,0.07,0.12,0.19,0.07,0.13,0.48,0.48
PIN,2022,2022-11-08,pin_4716,,e2,Qi,520,2959,2504,2439,1528,1268,1171,1105,1105,1041,1040,1073,1041,2601,1625,1333,1300,1268,1235,1203,1236,1236,1203,0.14,0.82,1.22,1.28,1.33,1.4,1.46,1.39,1.39,1.46,0.08,0.08,0.07,0.15,0.19,0.16,0.21,0.24,0.2,0.25,1.41,1300,1463,1.28,1.02,0.89,0.95,0.82,0.06,0.06,0.05,0.1,0.13,0.11,0.13,0.16,0.13,0.13,0.6,0.67
PIN,2022,2022-11-08,pin_4743,,e2,Qi,617,2178,1983,1528,943,813,747,715,683,650,618,617,618,1593,1008,878,845,813,780,748,715,682,682,0.37,1.16,1.48,1.58,1.68,1.79,1.91,2.05,2.19,2.19,0.06,0.12,0.15,0.23,0.25,0.26,0.28,0.3,0.22,0.25,2.21,748,845,1.91,1.58,0.93,0.93,0.72,0.04,0.06,0.07,0.12,0.12,0.12,0.13,0.14,0.1,0.09,0.43,0.46
PIN,2022,2022-11-08,pin_4760,,e2,Qi,552,2211,1918,1463,975,845,845,813,781,781,812,780,748,1625,1105,1008,975,1008,976,976,975,976,975,0.36,1,1.19,1.27,1.19,1.27,1.27,1.27,1.27,1.27,0.14,0.2,0.28,0.23,0.33,0.35,0.35,0.29,0.35,0.47,1.56,1041,1170,1.12,0.89,0.96,0.95,0.75,0.1,0.12,0.16,0.13,0.19,0.2,0.2,0.17,0.2,0.23,0.56,0.58
PIN,2022,2022-11-08,pin_4772,,e2,Qi,617,2243,1983,1918,1138,943,878,780,780,748,715,683,682,2080,1235,1040,975,910,845,845,845,812,813,0.08,0.82,1.16,1.3,1.46,1.65,1.65,1.65,1.76,1.76,0.11,0.13,0.17,0.19,0.28,0.15,0.23,0.31,0.33,0.45,1.91,910,975,1.46,1.3,0.83,0.87,0.72,0.08,0.08,0.09,0.1,0.14,0.08,0.11,0.15,0.16,0.16,0.43,0.47
PIN,2022,2022-11-08,pin_4791,,e2,Qi,520,2568,2406,2243,1333,1106,1008,942,910,812,813,813,748,2406,1398,1203,1105,1007,975,910,910,910,878,0.07,0.84,1.13,1.32,1.55,1.63,1.82,1.82,1.82,1.92,0.09,0.07,0.12,0.14,0.11,0.11,0.18,0.18,0.18,0.36,2.22,943,1073,1.72,1.39,0.88,0.93,0.8,0.07,0.05,0.08,0.09,0.06,0.07,0.11,0.11,0.11,0.15,0.52,0.58
PIN,2022,2022-11-08,pin_4805,,e2,Qi,552,3251,2991,2828,1658,1365,1235,1138,1073,975,943,846,813,3023,1756,1463,1366,1236,1170,1041,1008,1008,943,0.08,0.85,1.22,1.38,1.63,1.78,2.12,2.23,2.23,2.45,0.08,0.08,0.1,0.14,0.12,0.13,0.1,0.11,0.27,0.29,2.68,1008,1138,2.23,1.86,0.91,1,0.83,0.06,0.06,0.07,0.1,0.08,0.08,0.06,0.06,0.16,0.14,0.55,0.63
PIN,2022,2022-11-08,pin_4970,,e2,Qi,489,1934,1765,1396,878,728,658,598,548,518,498,488,478,1495,947,828,718,658,618,588,568,538,539,0.29,1.04,1.34,1.69,1.94,2.13,2.29,2.4,2.59,2.59,0.1,0.12,0.22,0.16,0.18,0.23,0.25,0.27,0.21,0.31,2.69,559,619,2.46,2.12,0.85,0.9,0.75,0.07,0.07,0.12,0.08,0.09,0.11,0.12,0.12,0.09,0.11,0.39,0.44
PIN,2022,2022-11-08,pin_4990,,e2,Qi,618,3414,3121,2861,1691,1365,1235,1138,1040,1007,943,846,813,3024,1853,1528,1398,1268,1203,1170,1106,1008,976,0.13,0.84,1.23,1.44,1.69,1.84,1.92,2.09,2.39,2.5,0.07,0.12,0.16,0.18,0.16,0.22,0.23,0.25,0.28,0.33,2.84,1008,1138,2.39,2,0.96,1.04,0.82,0.05,0.09,0.11,0.12,0.1,0.14,0.14,0.15,0.16,0.17,0.55,0.63
PIN,2022,2022-11-08,pin_5096,,e2,Qi,617,2926,2633,2406,1463,1203,1105,1138,1072,1040,1007,1008,976,2601,1593,1398,1268,1300,1171,1203,1170,1170,1171,0.12,0.84,1.09,1.31,1.25,1.5,1.43,1.5,1.5,1.5,0.1,0.12,0.22,0.21,0.2,0.14,0.22,0.23,0.23,0.32,1.7,1235,1333,1.37,1.2,0.99,0.97,0.79,0.07,0.08,0.14,0.13,0.12,0.08,0.14,0.14,0.14,0.17,0.6,0.61
PIN,2022,2022-11-08,pin_5141,,e2,Qi,845,3966,3739,3316,1755,1398,1268,1171,1040,1007,943,877,910,3413,1853,1495,1333,1235,1138,1040,1007,1007,1007,0.16,1.14,1.65,1.98,2.21,2.49,2.81,2.94,2.94,2.94,0.04,0.08,0.11,0.09,0.1,0.17,0.06,0.13,0.27,0.25,3.11,1072,1235,2.7,2.21,0.79,0.89,0.79,0.03,0.05,0.06,0.05,0.05,0.09,0.03,0.06,0.13,0.1,0.39,0.47
PIN,2022,2022-11-08,pin_5211,,e2,Qi,747,4421,4227,4096,2406,1918,1756,1593,1528,1398,1333,1300,1268,4259,2503,2048,1853,1723,1626,1560,1496,1463,1430,0.04,0.77,1.16,1.39,1.57,1.72,1.83,1.96,2.02,2.09,0.05,0.05,0.09,0.08,0.11,0.09,0.16,0.17,0.18,0.23,2.33,1528,1723,1.89,1.57,0.91,0.98,0.83,0.04,0.04,0.06,0.05,0.08,0.06,0.1,0.11,0.11,0.11,0.57,0.64
PIN,2022,2022-11-08,pin_5224,,e2,Qi,748,2666,2568,2438,1496,1235,1105,1008,975,975,910,878,845,2601,1593,1268,845,1105,1040,1008,1008,1007,975,0.02,0.67,1.1,2.16,1.41,1.56,1.64,1.64,1.65,1.73,0.09,0.1,0.05,-0.69,0.17,0.12,0.07,0.2,0.26,0.36,2.04,1040,1105,1.56,1.41,0.81,0.86,0.72,0.06,0.06,0.03,-0.31,0.09,0.06,0.03,0.1,0.13,0.13,0.41,0.44
PIN,2022,2022-11-08,pin_5293,,e2,Qi,428,2492,2422,2323,1226,917,807,728,668,648,598,608,618,2413,1306,977,877,787,718,698,678,688,698,0.03,0.91,1.55,1.84,2.17,2.47,2.57,2.68,2.62,2.57,0.05,0.09,0.09,0.13,0.12,0.12,0.12,0.21,0.2,0.27,2.92,708,808,2.52,2.08,0.78,0.87,0.83,0.04,0.06,0.06,0.08,0.07,0.07,0.07,0.12,0.12,0.11,0.45,0.53
PIN,2022,2022-11-08,pin_5341,,CFL2,Anchalya,552,2470,2178,2113,1268,1007,1008,878,747,650,585,488,488,2275,1365,1072,1040,942,812,715,618,553,520,0.09,0.81,1.3,1.38,1.62,2.04,2.45,3,3.47,3.75,0.09,0.11,0.1,0.05,0.12,0.15,0.18,0.11,0.27,0.16,3.46,553,585,3.47,3.22,0.94,0.98,0.78,0.07,0.07,0.06,0.03,0.07,0.08,0.09,0.05,0.12,0.06,0.41,0.44
PIN,2022,2022-11-08,pin_5419,,e2,Qi,715,4064,3901,3771,2373,1788,1398,1203,1138,1008,943,878,813,3901,2406,1885,1431,1301,1170,1105,1008,943,910,0.04,0.69,1.16,1.84,2.12,2.47,2.68,3.03,3.31,3.47,0.04,0.02,0.08,0.04,0.13,0.05,0.16,0.12,0.13,0.25,3.8,878,910,3.63,3.47,0.81,0.91,0.82,0.03,0.01,0.05,0.02,0.08,0.03,0.09,0.06,0.07,0.11,0.41,0.46
PIN,2022,2022-11-08,pin_5650,,CFL1,Anchalya,553,2698,2959,2666,1756,1398,1170,1138,1008,845,748,650,585,2829,1918,1561,1333,1301,1138,943,878,780,715,-0.05,0.41,0.73,1.02,1.07,1.37,1.86,2.07,2.46,2.77,0.07,0.12,0.15,0.19,0.19,0.18,0.18,0.27,0.32,0.33,4.06,683,227,2.95,10.89,1.25,2.33,0.8,0.06,0.08,0.1,0.12,0.13,0.11,0.1,0.15,0.17,0.18,0.62,0.57
PIN,2022,2022-11-08,pin_5923,,e2,Qi,780,4454,4259,4194,3024,2503,2340,2275,2210,2178,2113,2048,1983,4389,3186,2666,2503,2438,2405,2341,2308,2275,2210,0.01,0.4,0.67,0.78,0.83,0.85,0.9,0.93,0.96,1.02,0.05,0.07,0.08,0.09,0.09,0.11,0.1,0.12,0.14,0.17,1.15,2308,2504,0.93,0.78,0.93,0.97,0.82,0.04,0.05,0.06,0.07,0.07,0.08,0.07,0.08,0.1,0.1,0.66,0.7
PIN,2022,2022-11-08,pin_5988,,e2,Qi,618,2796,2406,1886,1203,1106,1008,943,878,845,813,813,813,2016,1366,1268,1171,1106,1073,1008,1008,1008,1008,0.39,1.05,1.21,1.39,1.53,1.61,1.77,1.77,1.77,1.77,0.09,0.19,0.21,0.23,0.25,0.32,0.29,0.35,0.35,0.4,1.96,1105,1267,1.53,1.21,0.96,0.96,0.78,0.06,0.12,0.13,0.14,0.15,0.18,0.16,0.19,0.19,0.19,0.56,0.59
PIN,2022,2022-11-08,pin_5996,,e2,Qi,747,2991,2894,2665,1788,1495,1398,1332,1236,1203,1137,1105,1072,2796,1886,1594,1495,1430,1365,1332,1235,1203,1170,0.07,0.59,0.88,1,1.09,1.19,1.25,1.42,1.49,1.56,0.06,0.08,0.1,0.11,0.12,0.16,0.17,0.14,0.15,0.2,1.7,1268,1528,1.36,0.96,0.82,0.88,0.75,0.05,0.05,0.06,0.06,0.07,0.09,0.1,0.08,0.08,0.08,0.46,0.53
PIN,2022,2022-11-08,pin_6066,,e2,Qi,682,3511,3284,3154,1820,1463,1333,1268,1203,1138,1073,1040,1007,3316,1918,1561,1495,1398,1333,1268,1236,1203,1203,0.06,0.83,1.25,1.35,1.51,1.63,1.77,1.84,1.92,1.92,0.06,0.07,0.1,0.17,0.15,0.16,0.17,0.22,0.23,0.35,2.26,1268,1463,1.77,1.4,0.86,0.91,0.81,0.05,0.05,0.06,0.11,0.09,0.1,0.1,0.13,0.14,0.16,0.51,0.58
PIN,2022,2022-11-08,pin_6073,,e2,Qi,747,3836,3544,3381,2016,1690,1593,1496,1431,1398,1365,1333,1333,3543,2178,1853,1723,1658,1593,1625,1560,1528,1495,0.08,0.76,1.07,1.23,1.31,1.41,1.36,1.46,1.51,1.57,0.06,0.11,0.13,0.12,0.15,0.16,0.22,0.2,0.21,0.21,1.66,1625,1885,1.36,1.04,0.91,0.93,0.81,0.05,0.07,0.09,0.08,0.1,0.1,0.14,0.12,0.13,0.11,0.58,0.62
PIN,2022,2022-11-08,pin_871,,e2,Malaika,747,3608,3446,3153,1755,1430,1268,1170,1105,1040,1008,943,910,3153,1788,1463,1300,1202,1137,1105,1040,1008,975,0.14,1.02,1.47,1.78,2,2.17,2.27,2.47,2.58,2.7,0,0.03,0.04,0.04,0.05,0.05,0.11,0.06,0.12,0.18,2.79,942,975,2.83,2.7,0.69,0.79,0.79,0,0.02,0.02,0.02,0.03,0.03,0.06,0.03,0.06,0.07,0.35,0.4
PIN,2022,2022-11-08,pin_879,,e2,Malaika,650,3088,2828,2634,1496,1203,1073,975,910,845,780,780,748,2731,1561,1268,1138,1072,975,910,845,845,813,0.13,0.98,1.44,1.71,1.88,2.17,2.39,2.65,2.65,2.8,0.05,0.06,0.08,0.1,0.16,0.12,0.14,0.15,0.15,0.22,2.78,845,943,2.65,2.27,0.76,0.91,0.79,0.04,0.04,0.05,0.06,0.09,0.07,0.07,0.08,0.08,0.08,0.38,0.48
PIN,2022,2022-11-09,pin_2076,,e2,Qi,780,4291,4032,3186,1853,1528,1333,1171,1072,1008,943,910,878,3219,1918,1626,1398,1236,1106,1073,1008,975,975,0.33,1.24,1.64,2.07,2.47,2.88,3,3.26,3.4,3.4,0.01,0.05,0.1,0.08,0.09,0.06,0.11,0.13,0.13,0.3,3.59,1106,1333,2.88,2.22,0.77,0.84,0.82,0.01,0.03,0.06,0.05,0.05,0.03,0.06,0.06,0.07,0.1,0.41,0.49
PIN,2022,2022-11-09,pin_2757,,e1,Malaika,618,3023,2763,2243,1365,1170,1073,975,943,878,813,781,748,2276,1495,1268,1171,1073,1008,910,910,878,845,0.33,1.02,1.38,1.58,1.82,2,2.32,2.32,2.44,2.58,0.02,0.13,0.12,0.14,0.16,0.11,0.07,0.2,0.21,0.27,2.69,878,975,2.44,2.1,0.91,0.9,0.8,0.01,0.09,0.08,0.08,0.09,0.06,0.04,0.11,0.11,0.11,0.48,0.5
PIN,2022,2022-11-09,pin_2866,,e1,Malaika,478,1565,1326,957,608,538,488,469,439,419,418,409,399,1027,668,578,529,509,489,479,469,459,449,0.52,1.34,1.71,1.96,2.07,2.2,2.27,2.34,2.41,2.49,0.11,0.18,0.15,0.18,0.18,0.25,0.31,0.27,0.27,0.38,2.32,448,518,2.49,2.02,0.79,0.89,0.69,0.07,0.09,0.07,0.08,0.08,0.1,0.13,0.11,0.11,0.11,0.31,0.38
PIN,2022,2022-11-09,pin_3254,,e1,Malaika,715,3056,2796,2276,1333,1040,943,845,813,780,748,748,748,2406,1398,1138,1008,975,910,878,845,878,878,0.27,1.19,1.69,2.03,2.13,2.36,2.48,2.62,2.48,2.48,0.07,0.08,0.16,0.12,0.26,0.22,0.23,0.24,0.31,0.36,2.74,976,1138,2.13,1.69,0.91,0.94,0.77,0.05,0.05,0.09,0.06,0.13,0.11,0.11,0.11,0.15,0.15,0.47,0.51
PIN,2022,2022-11-09,pin_3868,,e2,Qi,780,3218,2991,2243,1365,1138,975,878,781,748,682,650,650,2309,1430,1170,1008,943,846,780,748,748,683,0.39,1.25,1.75,2.19,2.41,2.8,3.13,3.3,3.3,3.71,0.04,0.08,0.05,0.07,0.14,0.17,0.1,0.21,0.31,0.2,3.6,845,1073,2.81,2,0.85,0.89,0.76,0.03,0.05,0.03,0.03,0.07,0.08,0.04,0.09,0.13,0.05,0.38,0.45
PIN,2022,2022-11-09,pin_3884,,e2,Qi,617,2373,2211,1430,878,780,650,650,585,553,553,553,552,1495,943,845,715,683,650,650,650,650,683,0.59,1.52,1.81,2.32,2.47,2.65,2.65,2.65,2.65,2.47,0.07,0.13,0.15,0.2,0.11,0.23,0.34,0.34,0.34,0.57,3.01,1007,1268,1.36,0.87,0.88,0.94,0.74,0.04,0.07,0.08,0.09,0.05,0.1,0.15,0.15,0.15,0.19,0.48,0.56
PIN,2022,2022-11-09,pin_3904,,e1,Qi,845,2829,2601,2178,1236,1008,943,845,812,748,748,715,683,2243,1268,1073,1008,943,845,813,813,747,748,0.26,1.23,1.64,1.81,2,2.35,2.48,2.48,2.79,2.78,0.04,0.05,0.13,0.14,0.24,0.09,0.2,0.2,0.11,0.33,2.81,813,910,2.48,2.11,0.7,0.83,0.7,0.03,0.03,0.06,0.06,0.1,0.04,0.08,0.08,0.04,0.09,0.28,0.36
PIN,2023,2023-02-11,pin_5096,2023-02-11 12:53:46,,,553,1788,1691,1593,943,747,650,617,618,585,585,553,552,1658,1008,780,682,683,650,618,617,585,553,0.08,0.77,1.29,1.62,1.62,1.75,1.89,1.9,2.06,2.23,0.06,0.12,0.09,0.1,0.21,0.11,0.12,0.12,0.13,0.01,2.06,585,618,2.06,1.89,0.79,0.85,0.69,0.04,0.06,0.04,0.05,0.1,0.05,0.05,0.05,0.05,0,0.33,0.37
PIN,2023,2023-02-11,pin_4791,2023-02-11 13:09:27,,,585,2341,2178,2015,1138,845,748,683,650,618,585,585,553,2080,1138,878,780,715,715,683,650,618,618,0.13,1.06,1.67,2,2.27,2.27,2.43,2.6,2.79,2.79,0.04,0,0.07,0.08,0.09,0.19,0.2,0.22,0.12,0.33,2.94,651,650,2.6,2.6,0.88,0.88,0.75,0.03,0,0.04,0.04,0.04,0.09,0.1,0.1,0.05,0.11,0.4,0.4
PIN,2023,2023-02-11,pin_4716,2023-02-11 13:11:54,,,498,1785,1595,1475,837,579,568,528,518,528,509,449,479,1535,798,688,578,579,549,548,519,509,489,0.16,1.24,1.59,2.09,2.08,2.25,2.26,2.44,2.51,2.65,0.06,-0.09,0.32,0.04,0.19,0.13,0.08,0.04,0.28,0.07,2.33,518,588,2.45,2.04,0.9,0.92,0.72,0.04,-0.05,0.16,0.02,0.09,0.06,0.04,0.02,0.12,0.02,0.38,0.42
PIN,2023,2023-02-11,pin_4482,2023-02-11 13:25:57,,,438,1187,1067,908,639,539,498,478,469,449,439,439,429,1057,688,579,539,518,499,489,478,468,469,0.12,0.73,1.05,1.2,1.29,1.38,1.43,1.48,1.54,1.53,0.23,0.14,0.15,0.17,0.18,0.14,0.2,0.2,0.15,0.29,1.49,439,508,1.7,1.34,0.76,0.88,0.63,0.14,0.07,0.07,0.08,0.08,0.06,0.08,0.08,0.06,0.09,0.3,0.37
PIN,2023,2023-02-11,pin_4411,2023-02-11 13:27:16,,,290,518,439,429,319,279,269,250,249,250,239,240,230,479,339,299,279,279,269,259,259,249,249,0.08,0.53,0.73,0.86,0.86,0.93,1,1,1.08,1.08,0.25,0.17,0.21,0.12,0.35,0.26,0.12,0.27,0.13,0.49,0.91,260,280,0.99,0.85,0.56,0.73,0.44,0.1,0.06,0.07,0.04,0.1,0.07,0.03,0.08,0.04,0.08,0.16,0.22
PIN,2023,2023-02-11,pin_4262,2023-02-11 13:34:06,,,448,820,724,678,479,419,401,390,382,374,369,364,363,711,495,431,410,400,390,386,380,375,373,0.15,0.66,0.9,1,1.05,1.1,1.12,1.16,1.19,1.2,0.11,0.1,0.09,0.07,0.09,0.07,0.11,0.1,0.11,0.16,0.99,379,397,1.16,1.07,0.62,0.65,0.45,0.05,0.03,0.03,0.02,0.03,0.02,0.03,0.03,0.03,0.03,0.17,0.19
PIN,2023,2023-06-09,pin_4681,2023-06-09 12:39:31,,,309,1067,868,529,379,329,349,339,349,358,369,379,379,589,419,389,388,398,408,418,439,438,468,0.81,1.55,1.74,1.75,1.68,1.62,1.55,1.43,1.44,1.28,0.18,0.19,0.33,0.21,0.31,0.3,0.29,0.32,0.27,0.5,1.29,529,608,1.02,0.75,0.79,0.87,0.71,0.1,0.1,0.15,0.1,0.15,0.14,0.14,0.16,0.13,0.19,0.43,0.51
PIN,2023,2023-06-09,pin_4743,2023-06-09 12:48:11,,,469,2173,1914,1435,768,658,608,558,559,529,518,518,488,1485,828,708,648,608,588,579,578,578,548,0.46,1.62,2.07,2.35,2.57,2.7,2.75,2.76,2.76,2.97,0.05,0.12,0.13,0.12,0.16,0.1,0.18,0.21,0.21,0.32,2.92,638,768,2.41,1.83,0.88,0.95,0.78,0.03,0.07,0.07,0.06,0.08,0.05,0.09,0.1,0.1,0.11,0.45,0.53
PIN,2023,2023-06-09,pin_4760,2023-06-09 12:57:58,,,409,2004,1465,957,658,588,558,538,548,578,568,578,558,1067,738,658,638,638,638,708,698,708,688,0.88,1.72,2.05,2.14,2.14,2.14,1.83,1.87,1.83,1.91,0.15,0.18,0.19,0.23,0.28,0.25,0.32,0.32,0.32,0.41,1.63,977,1057,1.05,0.9,0.92,0.97,0.8,0.1,0.11,0.11,0.13,0.16,0.14,0.18,0.19,0.18,0.19,0.6,0.65
PIN,2023,2023-06-09,pin_4970,2023-06-09 13:06:08,,,389,1854,1765,1177,738,628,638,578,468,539,538,529,528,1256,788,688,668,638,568,608,619,608,618,0.48,1.35,1.69,1.78,1.91,2.26,2.05,2,2.05,2,0.09,0.1,0.15,0.08,0.17,0.33,0.21,0.23,0.24,0.35,2.34,718,907,1.58,1.04,0.89,0.93,0.79,0.06,0.06,0.09,0.04,0.09,0.18,0.11,0.13,0.13,0.15,0.53,0.6
PIN,2023,2023-06-09,pin_5224,2023-06-09 13:10:15,,,618,2080,1788,1333,813,716,651,618,618,585,618,618,618,1366,878,748,716,650,651,651,683,683,683,0.52,1.37,1.78,1.91,2.2,2.2,2.2,2.05,2.05,2.05,0.04,0.15,0.09,0.2,0.12,0.12,0.24,0.22,0.22,0.29,1.89,748,845,1.78,1.46,0.85,0.86,0.7,0.02,0.07,0.04,0.09,0.05,0.05,0.1,0.1,0.1,0.1,0.39,0.42
PIN,2023,2023-06-09,pin_4990,2023-06-09 13:14:37,,,553,2764,2373,1365,878,781,748,683,683,651,683,683,650,1431,943,846,813,748,748,748,748,780,781,0.93,1.93,2.27,2.4,2.7,2.7,2.7,2.7,2.54,2.54,0.07,0.12,0.14,0.15,0.17,0.17,0.25,0.17,0.23,0.45,2.65,975,1138,1.83,1.43,0.91,0.96,0.8,0.05,0.07,0.08,0.08,0.09,0.09,0.13,0.09,0.12,0.17,0.53,0.6
PIN,2023,2023-06-09,pin_5141,2023-06-09 13:24:00,,,408,1794,1465,927,589,508,499,488,489,499,509,499,499,997,649,578,548,558,568,578,598,608,628,0.8,1.76,2.1,2.27,2.22,2.16,2.1,2,1.95,1.86,0.11,0.17,0.23,0.18,0.24,0.27,0.26,0.28,0.33,0.48,1.94,798,868,1.25,1.07,0.91,0.96,0.77,0.07,0.09,0.12,0.09,0.13,0.14,0.14,0.15,0.18,0.21,0.55,0.6
PIN,2023,2023-06-09,pin_5293,2023-06-09 13:26:26,,,439,2054,1755,1117,658,588,579,539,538,548,539,538,528,1227,748,678,668,618,648,668,668,678,678,0.67,1.75,2.03,2.07,2.32,2.17,2.07,2.07,2.03,2.03,0.13,0.21,0.24,0.24,0.24,0.32,0.33,0.35,0.38,0.43,2.32,737,837,1.79,1.45,1.04,1.05,0.79,0.09,0.12,0.13,0.13,0.13,0.17,0.18,0.19,0.21,0.22,0.59,0.63
PIN,2023,2023-06-09,pin_5211,2023-06-09 13:32:27,,,389,1824,1575,1147,688,638,588,598,588,588,598,658,648,1227,768,698,668,678,668,698,708,808,778,0.49,1.38,1.61,1.73,1.69,1.73,1.61,1.58,1.26,1.34,0.09,0.17,0.15,0.21,0.2,0.21,0.27,0.26,0.3,0.32,1.43,908,1036,1.01,0.76,0.95,0.95,0.79,0.07,0.1,0.09,0.12,0.12,0.12,0.16,0.16,0.19,0.17,0.62,0.64
PIN,2023,2023-06-09,pin_5341,2023-06-09 13:44:10,,,553,2731,2406,1431,943,780,715,715,715,683,715,683,683,1496,943,845,813,813,780,781,780,780,813,0.83,1.9,2.23,2.36,2.36,2.5,2.5,2.5,2.5,2.36,0.06,0,0.14,0.22,0.22,0.16,0.24,0.16,0.23,0.36,2.52,975,1203,1.8,1.27,0.85,0.94,0.8,0.04,0,0.08,0.12,0.12,0.08,0.13,0.08,0.12,0.16,0.5,0.59
PIN,2023,2023-06-09,pin_5419,2023-06-09 13:52:04,,,469,1785,1415,1127,678,508,498,458,459,438,509,509,519,1216,728,569,548,518,518,528,578,598,618,0.47,1.45,2.14,2.26,2.45,2.45,2.38,2.09,1.98,1.89,0.11,0.13,0.23,0.2,0.26,0.25,0.38,0.25,0.31,0.4,1.73,798,938,1.24,0.9,0.92,0.95,0.74,0.07,0.07,0.11,0.09,0.12,0.11,0.17,0.12,0.15,0.16,0.51,0.56
PIN,2023,2023-06-09,pin_5650,2023-06-09 14:00:41,,,487,2146,1821,1008,781,618,585,553,553,585,553,553,553,1073,813,650,650,650,683,650,650,683,683,1,1.64,2.3,2.3,2.3,2.14,2.3,2.3,2.14,2.14,0.1,0.07,0.1,0.2,0.29,0.37,0.2,0.29,0.37,0.4,2.29,781,877,1.75,1.45,0.9,0.95,0.77,0.06,0.04,0.05,0.1,0.15,0.19,0.1,0.15,0.19,0.19,0.5,0.56
PIN,2023,2023-06-09,pin_4436,2023-06-09 14:04:50,,,458,2014,1566,808,599,509,478,469,458,468,488,478,469,928,677,599,548,548,558,568,599,598,608,1.17,1.97,2.36,2.68,2.68,2.61,2.55,2.36,2.37,2.31,0.21,0.22,0.3,0.27,0.3,0.37,0.36,0.37,0.4,0.52,2.34,797,977,1.53,1.06,0.98,1,0.77,0.13,0.12,0.15,0.13,0.14,0.18,0.18,0.19,0.2,0.23,0.56,0.62
PIN,2023,2023-06-09,pin_4805,2023-06-09 14:14:30,,,509,2213,1755,1037,718,638,629,619,619,628,628,648,628,1146,798,727,727,738,748,778,808,838,818,0.93,1.77,2.04,2.04,2,1.96,1.84,1.74,1.64,1.71,0.15,0.18,0.23,0.26,0.31,0.32,0.36,0.41,0.41,0.49,1.79,957,1156,1.31,0.91,0.93,0.99,0.77,0.1,0.1,0.12,0.13,0.16,0.17,0.19,0.22,0.23,0.23,0.55,0.63
PIN,2023,2023-06-09,pin_4241,2023-06-09 14:23:59,,,428,1904,1526,857,608,499,458,469,448,459,508,469,488,927,658,569,508,529,508,539,608,579,588,1.05,1.89,2.35,2.75,2.6,2.75,2.53,2.13,2.29,2.24,0.12,0.14,0.24,0.21,0.23,0.25,0.3,0.31,0.37,0.46,2.13,788,917,1.42,1.08,0.91,0.94,0.78,0.08,0.08,0.12,0.1,0.11,0.12,0.15,0.16,0.19,0.17,0.53,0.59
PIN,2023,2023-06-09,pin_4772,2023-06-09 14:32:19,,,449,1615,1346,918,609,528,489,489,479,489,499,488,498,1017,678,588,568,568,568,578,599,618,618,0.59,1.38,1.75,1.84,1.84,1.84,1.79,1.7,1.61,1.61,0.16,0.2,0.21,0.29,0.29,0.33,0.32,0.34,0.42,0.4,1.7,717,807,1.25,1,1.04,1.07,0.72,0.1,0.1,0.1,0.14,0.14,0.16,0.15,0.17,0.21,0.19,0.56,0.6
PIN,2023,2023-06-09,pin_4474,2023-06-09 14:35:32,,,389,1695,1286,828,499,459,429,419,419,409,429,439,419,898,549,499,469,459,459,469,489,509,499,0.89,2.09,2.4,2.61,2.69,2.69,2.61,2.47,2.33,2.4,0.12,0.17,0.16,0.18,0.18,0.18,0.27,0.25,0.27,0.44,2.07,579,658,1.93,1.58,0.84,0.91,0.77,0.08,0.09,0.08,0.09,0.09,0.09,0.13,0.12,0.14,0.16,0.45,0.52
PIN,2023,2023-06-09,pin_5923,2023-06-09 14:44:36,,,572,2098,1646,869,613,563,565,572,581,591,591,599,597,963,683,639,647,671,694,713,725,733,736,1.18,2.07,2.28,2.24,2.13,2.02,1.94,1.89,1.86,1.85,0.18,0.22,0.27,0.28,0.32,0.35,0.36,0.39,0.38,0.47,1.76,846,939,1.48,1.23,0.91,0.94,0.73,0.1,0.1,0.12,0.13,0.15,0.16,0.17,0.18,0.18,0.19,0.47,0.51
PIN,2023,2023-06-09,pin_6073,2023-06-09 14:45:23,,,553,2276,1821,845,618,553,553,553,586,553,585,553,552,943,683,650,618,651,650,683,683,683,716,1.41,2.33,2.5,2.68,2.5,2.5,2.33,2.33,2.33,2.18,0.18,0.2,0.32,0.23,0.32,0.21,0.39,0.3,0.39,0.56,2.3,813,975,1.8,1.33,0.91,0.93,0.76,0.1,0.1,0.15,0.11,0.15,0.1,0.19,0.14,0.19,0.23,0.48,0.53
PIN,2023,2023-06-09,pin_5988,2023-06-09 14:47:11,,,429,1744,1566,877,648,558,468,459,529,539,549,488,569,1017,708,608,548,528,608,628,648,598,688,0.71,1.46,1.87,2.18,2.3,1.87,1.78,1.69,1.92,1.53,0.21,0.15,0.16,0.3,0.27,0.25,0.27,0.29,0.36,0.36,1.75,768,817,1.27,1.13,0.86,0.91,0.75,0.14,0.08,0.08,0.15,0.13,0.13,0.14,0.15,0.18,0.17,0.49,0.54
PIN,2023,2023-06-09,pin_6066,2023-06-09 14:53:08,,,429,2014,1595,1037,678,588,548,529,519,509,538,529,528,1177,768,658,638,629,629,628,668,668,688,0.71,1.62,2.06,2.16,2.2,2.2,2.21,2.01,2.01,1.93,0.17,0.2,0.19,0.26,0.3,0.33,0.35,0.35,0.38,0.49,2.02,788,947,1.56,1.13,0.92,0.98,0.79,0.12,0.12,0.11,0.14,0.16,0.17,0.19,0.19,0.21,0.23,0.54,0.62
PIN,2023,2023-06-09,pin_4538,2023-06-09 14:57:30,,,650,3089,2731,1983,1300,1040,975,910,878,877,812,780,780,2178,1366,1138,1073,1040,975,1073,1008,942,943,0.42,1.26,1.71,1.88,1.97,2.17,1.88,2.06,2.28,2.28,0.12,0.08,0.15,0.16,0.22,0.18,0.32,0.35,0.32,0.39,2.5,1072,1203,1.88,1.57,1.02,1.05,0.79,0.09,0.05,0.09,0.09,0.12,0.1,0.18,0.19,0.17,0.17,0.58,0.62
PIN,2023,2023-06-09,pin_4482,2023-06-09 15:06:41,,,428,1954,1446,868,579,499,558,489,419,389,428,548,398,918,638,569,658,569,499,469,498,578,468,1.13,2.06,2.43,1.97,2.43,2.92,3.17,2.92,2.38,3.18,0.09,0.17,0.24,0.28,0.28,0.34,0.37,0.3,0.1,0.35,2.63,538,957,2.63,1.04,1.08,0.98,0.78,0.05,0.09,0.12,0.15,0.14,0.16,0.17,0.14,0.05,0.15,0.54,0.63
PIN,2023,2023-06-09,pin_4791,2023-06-09 15:08:54,,,419,1216,1485,947,658,598,648,598,598,568,558,528,558,1076,768,688,778,718,707,688,688,648,688,0.13,0.58,0.77,0.56,0.69,0.72,0.77,0.77,0.88,0.77,0.19,0.26,0.25,0.3,0.32,0.29,0.34,0.36,0.37,0.43,1.66,808,927,0.5,0.31,0.91,0.96,0.66,0.12,0.14,0.13,0.17,0.17,0.15,0.17,0.19,0.19,0.19,0.51,0.57
PIN,2023,2023-06-09,pin_4411,2023-06-09 15:13:45,,,468,1934,1615,1117,757,678,667,648,628,629,598,598,598,1236,858,788,768,748,758,748,728,738,728,0.56,1.25,1.45,1.52,1.59,1.55,1.59,1.66,1.62,1.66,0.14,0.2,0.25,0.24,0.24,0.31,0.29,0.33,0.35,0.4,1.7,817,927,1.37,1.09,0.88,0.93,0.76,0.1,0.12,0.14,0.13,0.13,0.17,0.16,0.18,0.19,0.18,0.5,0.56
PIN,2023,2023-06-09,pin_4262,2023-06-09 15:22:44,,,585,2699,2308,1593,1040,812,748,650,747,683,682,715,748,1658,1073,943,812,747,878,812,780,846,878,0.63,1.52,1.86,2.32,2.61,2.07,2.32,2.46,2.19,2.07,0.06,0.05,0.25,0.15,0.26,0.28,0.3,0.25,0.29,0.33,2.09,1041,1268,1.59,1.13,0.91,0.94,0.78,0.04,0.03,0.14,0.08,0.13,0.15,0.16,0.13,0.15,0.15,0.53,0.59
PIN,2023,2023-06-09,pin_5096,2023-06-09 15:26:07,,,499,2183,1575,857,1137,1087,957,917,1017,928,887,908,768,978,1366,1217,1096,1067,1226,1107,1077,1107,927,1.23,0.6,0.79,0.99,1.05,0.78,0.97,1.03,0.97,1.35,0.21,0.25,0.16,0.2,0.23,0.26,0.26,0.28,0.28,0.42,1.05,1625,1934,0.34,0.13,0.91,0.94,0.77,0.12,0.17,0.11,0.13,0.14,0.17,0.16,0.18,0.18,0.17,0.65,0.7
PIN,2023,2023-06-09,pin_4716,2023-06-09 15:27:43,,,219,1136,1096,807,209,458,469,448,429,857,658,648,638,937,319,589,538,488,519,977,778,758,767,0.21,2.56,0.93,1.11,1.33,1.19,0.16,0.46,0.5,0.48,0.18,0.64,0.32,0.19,0.13,0.26,0.16,0.21,0.2,0.37,0.72,898,1156,0.27,-0.02,0.72,0.77,0.81,0.14,0.34,0.22,0.13,0.08,0.17,0.12,0.15,0.15,0.17,0.56,0.62
PIN,2023,2023-06-12,pin_3361,2023-06-12 10:10:54,,,617,3316,2828,1626,1040,910,813,780,747,747,715,748,715,1756,1138,975,910,911,877,877,878,878,845,0.89,1.91,2.4,2.64,2.64,2.78,2.78,2.78,2.78,2.92,0.11,0.14,0.12,0.2,0.26,0.28,0.28,0.35,0.28,0.36,2.96,1138,1496,1.91,1.22,0.95,0.95,0.81,0.07,0.09,0.07,0.11,0.14,0.15,0.15,0.19,0.15,0.15,0.57,0.63
PIN,2023,2023-06-12,pin_2954,2023-06-12 10:14:23,,,487,2308,1625,910,683,617,585,585,585,586,553,553,520,1105,846,781,747,780,780,781,748,781,781,1.09,1.73,1.96,2.09,1.96,1.96,1.96,2.09,1.96,1.96,0.28,0.33,0.38,0.4,0.45,0.45,0.45,0.48,0.52,0.62,2.12,1138,1398,1.03,0.65,1.01,1.01,0.79,0.18,0.19,0.21,0.22,0.25,0.25,0.25,0.26,0.29,0.33,0.66,0.7
PIN,2023,2023-06-12,pin_3134,2023-06-12 10:14:39,,,269,1316,977,529,399,359,358,358,369,359,369,359,359,639,469,449,449,458,468,488,488,498,498,1.06,1.81,1.93,1.93,1.87,1.81,1.7,1.7,1.64,1.64,0.26,0.26,0.35,0.36,0.38,0.36,0.45,0.41,0.47,0.54,1.72,658,797,1,0.65,0.96,1,0.8,0.17,0.15,0.2,0.2,0.22,0.21,0.26,0.24,0.28,0.28,0.64,0.7
PIN,2023,2023-06-12,pin_3254,2023-06-12 10:19:01,,,479,2443,1955,968,678,609,589,589,579,569,579,568,558,1077,768,698,708,698,718,718,728,738,738,1.27,2.18,2.5,2.45,2.5,2.4,2.4,2.36,2.31,2.31,0.16,0.21,0.24,0.31,0.29,0.35,0.38,0.37,0.42,0.52,2.5,977,1186,1.5,1.06,0.95,0.97,0.8,0.1,0.12,0.13,0.17,0.16,0.19,0.21,0.2,0.23,0.24,0.59,0.65
PIN,2023,2023-06-12,pin_2757,2023-06-12 10:26:30,,,369,1914,1515,847,608,568,539,529,519,498,489,478,469,947,698,648,648,638,638,628,628,618,618,1.02,1.74,1.95,1.95,2,2,2.05,2.05,2.1,2.1,0.16,0.21,0.21,0.29,0.29,0.32,0.36,0.38,0.39,0.47,2.23,787,958,1.43,1,0.98,1,0.81,0.11,0.13,0.12,0.17,0.17,0.19,0.21,0.22,0.23,0.24,0.62,0.68
PIN,2023,2023-06-12,pin_3061,2023-06-12 10:27:48,,,585,3414,2926,1560,1008,878,813,748,748,716,716,716,715,1658,1138,943,911,878,878,878,878,845,878,1.06,2,2.62,2.75,2.89,2.89,2.89,2.89,3.04,2.89,0.08,0.19,0.12,0.19,0.27,0.27,0.33,0.33,0.28,0.42,3.09,1138,1365,2,1.5,0.93,0.94,0.83,0.06,0.11,0.07,0.11,0.15,0.15,0.18,0.18,0.15,0.19,0.57,0.62
PIN,2023,2023-06-12,pin_2866,2023-06-12 10:28:43,,,618,3544,2829,1723,1105,910,878,846,813,813,781,813,781,1918,1268,1073,1041,1008,1008,1008,1008,1041,1041,0.85,1.79,2.3,2.4,2.52,2.52,2.52,2.52,2.4,2.4,0.14,0.2,0.26,0.27,0.28,0.34,0.34,0.39,0.38,0.53,2.62,1333,1593,1.66,1.22,0.91,0.99,0.83,0.1,0.13,0.15,0.16,0.16,0.19,0.19,0.23,0.22,0.25,0.59,0.67
PIN,2023,2023-06-12,pin_2497,2023-06-12 10:37:13,,,349,2004,1526,767,399,329,329,329,329,329,319,319,329,887,479,408,399,409,429,429,439,439,439,1.26,3.18,3.91,4.02,3.9,3.67,3.67,3.56,3.56,3.56,0.2,0.31,0.39,0.36,0.4,0.46,0.46,0.54,0.54,0.48,3.64,529,648,2.79,2.09,1.08,1.12,0.83,0.14,0.17,0.19,0.18,0.2,0.23,0.23,0.27,0.27,0.25,0.6,0.68
PIN,2023,2023-06-12,pin_2196,2023-06-12 10:37:48,,,409,2004,1605,827,568,498,478,458,458,448,448,438,438,907,628,568,548,548,538,548,548,548,548,1.21,2.19,2.53,2.66,2.66,2.72,2.66,2.66,2.66,2.66,0.14,0.17,0.23,0.25,0.32,0.29,0.35,0.35,0.39,0.48,2.66,728,877,1.75,1.29,0.91,0.97,0.8,0.09,0.1,0.12,0.13,0.16,0.15,0.18,0.18,0.2,0.2,0.53,0.61
PIN,2023,2023-06-12,pin_2521,2023-06-12 10:39:11,,,650,3641,2926,1626,1008,812,747,715,748,715,715,715,715,1788,1105,910,877,877,878,845,845,877,877,1.04,2.3,3,3.15,3.15,3.15,3.31,3.31,3.15,3.15,0.13,0.15,0.2,0.28,0.35,0.28,0.3,0.3,0.35,0.45,3.09,1203,1495,2.03,1.44,0.9,1,0.82,0.09,0.09,0.11,0.15,0.18,0.15,0.15,0.15,0.18,0.18,0.54,0.65
PIN,2023,2023-06-12,pin_2367,2023-06-12 10:47:23,,,520,2406,1950,1041,715,650,617,585,585,585,585,585,585,1138,780,715,715,715,748,715,683,748,715,1.11,2.08,2.37,2.37,2.37,2.22,2.37,2.52,2.22,2.37,0.13,0.15,0.18,0.26,0.35,0.41,0.35,0.28,0.41,0.44,2.33,910,1040,1.64,1.31,0.93,0.92,0.78,0.09,0.08,0.09,0.14,0.18,0.22,0.18,0.14,0.22,0.18,0.54,0.56
PIN,2023,2023-06-12,pin_3884,2023-06-12 10:59:36,,,488,2721,2133,1116,777,688,658,638,638,648,618,618,608,1266,887,817,798,808,817,837,827,828,827,1.15,2.07,2.33,2.41,2.37,2.33,2.25,2.29,2.29,2.29,0.17,0.21,0.27,0.31,0.37,0.38,0.39,0.43,0.44,0.54,2.51,1147,1406,1.37,0.94,0.95,0.98,0.82,0.12,0.12,0.16,0.18,0.21,0.22,0.23,0.25,0.25,0.26,0.63,0.69
PIN,2023,2023-06-12,pin_3868,2023-06-12 11:00:27,,,429,2363,1935,987,658,578,528,528,519,519,518,518,508,1077,737,638,608,618,619,629,638,658,648,1.19,2.21,2.7,2.89,2.82,2.82,2.76,2.7,2.59,2.65,0.12,0.18,0.17,0.25,0.27,0.3,0.32,0.34,0.38,0.52,2.81,957,1216,1.47,0.94,0.9,0.94,0.82,0.08,0.11,0.09,0.13,0.15,0.16,0.17,0.19,0.21,0.22,0.58,0.66
PIN,2023,2023-06-12,pin_3957,2023-06-12 11:08:29,,,319,1475,1056,588,428,388,379,368,369,359,349,349,339,718,528,488,469,478,479,489,478,479,478,1.05,1.79,2.02,2.14,2.09,2.08,2.02,2.09,2.08,2.09,0.28,0.34,0.38,0.36,0.43,0.42,0.49,0.5,0.5,0.61,2.12,668,797,1.21,0.85,1.01,1,0.78,0.18,0.19,0.2,0.19,0.23,0.23,0.27,0.27,0.27,0.29,0.63,0.66
PIN,2023,2023-06-12,pin_2428,2023-06-12 11:17:54,,,552,2991,2439,1268,845,748,715,715,683,682,650,650,618,1398,975,845,813,845,813,845,812,812,845,1.14,2.07,2.54,2.68,2.54,2.68,2.54,2.68,2.68,2.54,0.14,0.23,0.21,0.22,0.28,0.29,0.35,0.37,0.37,0.64,2.95,1137,1365,1.63,1.19,0.91,0.93,0.82,0.09,0.13,0.11,0.12,0.15,0.16,0.19,0.2,0.2,0.27,0.57,0.62
PIN,2023,2023-06-12,pin_2512,2023-06-12 11:18:03,,,469,2223,1785,808,588,558,558,568,558,549,549,539,529,887,668,648,668,688,698,698,698,688,688,1.51,2.33,2.43,2.33,2.23,2.18,2.18,2.18,2.23,2.23,0.15,0.23,0.27,0.31,0.33,0.37,0.4,0.4,0.4,0.53,2.37,1007,1217,1.21,0.83,0.94,0.98,0.79,0.09,0.12,0.14,0.16,0.17,0.2,0.21,0.21,0.22,0.23,0.59,0.66
PIN,2023,2023-06-12,pin_2740,2023-06-12 11:21:41,,,419,2173,1665,858,579,509,478,469,469,459,459,459,449,997,678,598,588,588,579,598,588,588,588,1.18,2.21,2.63,2.7,2.7,2.75,2.63,2.7,2.7,2.7,0.21,0.26,0.28,0.35,0.38,0.36,0.43,0.41,0.41,0.56,2.71,848,1077,1.56,1.02,0.95,0.96,0.81,0.14,0.15,0.15,0.19,0.2,0.19,0.23,0.22,0.22,0.24,0.59,0.65
PIN,2023,2023-06-12,pin_2815,2023-06-12 11:27:41,,,585,2991,2341,1170,813,715,715,683,683,650,650,650,651,1300,943,846,813,845,813,845,846,845,846,1.3,2.17,2.54,2.68,2.54,2.68,2.54,2.54,2.54,2.54,0.16,0.24,0.29,0.23,0.36,0.3,0.43,0.43,0.43,0.5,2.6,1236,1495,1.42,1,0.96,0.97,0.8,0.1,0.14,0.15,0.12,0.19,0.16,0.23,0.23,0.23,0.23,0.61,0.65
PIN,2023,2023-06-12,pin_2437,2023-06-12 11:29:41,,,552,2991,2504,1203,845,716,715,650,650,618,617,618,585,1301,910,846,813,780,780,748,748,748,748,1.3,2.29,2.54,2.68,2.83,2.83,3,3,3,3,0.11,0.12,0.28,0.22,0.31,0.31,0.33,0.33,0.33,0.5,3.28,1138,1332,1.63,1.25,0.91,0.96,0.82,0.08,0.07,0.15,0.12,0.17,0.17,0.17,0.18,0.17,0.22,0.57,0.63
PIN,2023,2023-06-12,pin_4007,2023-06-12 11:39:48,,,553,2471,1951,845,618,586,521,520,520,521,488,488,488,910,683,651,618,618,618,618,586,585,618,1.72,2.62,2.8,3,3,3,3,3.22,3.22,3,0.13,0.19,0.21,0.34,0.34,0.34,0.34,0.37,0.37,0.57,3,878,1008,1.81,1.45,0.94,0.94,0.78,0.07,0.1,0.1,0.16,0.16,0.16,0.16,0.17,0.17,0.21,0.52,0.55
PIN,2023,2023-06-12,pin_3969,2023-06-12 11:40:24,,,618,3154,2535,1171,813,716,683,683,683,683,650,683,683,1301,943,846,845,813,813,845,813,846,813,1.42,2.34,2.73,2.73,2.88,2.88,2.73,2.88,2.73,2.88,0.16,0.25,0.29,0.37,0.31,0.31,0.37,0.39,0.37,0.4,2.71,1235,1495,1.55,1.11,0.94,0.96,0.8,0.1,0.14,0.15,0.19,0.16,0.16,0.19,0.2,0.19,0.16,0.58,0.63
PIN,2023,2023-06-12,pin_3621,2023-06-12 11:48:10,,,488,1983,1268,488,423,423,391,423,391,423,423,391,423,553,488,488,488,488,488,488,488,488,520,2.59,3.06,3.06,3.06,3.06,3.06,3.06,3.06,3.06,2.81,0.26,0.31,0.31,0.46,0.31,0.46,0.31,0.31,0.46,0.6,2,813,1008,1.44,0.97,0.93,0.95,0.75,0.12,0.13,0.13,0.2,0.13,0.2,0.13,0.13,0.2,0.19,0.52,0.58
PIN,2023,2023-06-12,pin_3904,2023-06-12 11:49:35,,,617,2503,1756,683,553,521,520,487,521,520,488,488,488,748,618,585,586,585,553,585,585,585,553,2.35,3.05,3.28,3.27,3.28,3.53,3.28,3.28,3.28,3.53,0.18,0.24,0.26,0.27,0.4,0.14,0.27,0.4,0.4,0.5,2.6,813,1008,2.08,1.48,0.88,0.93,0.75,0.09,0.11,0.11,0.11,0.17,0.06,0.11,0.17,0.17,0.12,0.44,0.52
PIN,2023,2023-06-12,pin_3085,2023-06-12 12:10:07,,,240,1107,918,369,259,220,200,199,210,200,199,190,189,399,279,250,229,219,229,209,209,219,209,1.77,2.97,3.43,3.83,4.05,3.83,4.3,4.3,4.05,4.3,0.13,0.15,0.27,0.3,0.22,0.19,0.11,0.12,0.32,0.41,3.86,339,429,2.27,1.58,0.9,0.92,0.78,0.08,0.07,0.12,0.13,0.09,0.08,0.04,0.05,0.13,0.1,0.47,0.53
PIN,2023,2023-06-12,pin_2158,2023-06-12 12:11:03,,,715,2145,1365,650,618,553,520,553,520,553,520,520,520,747,683,618,585,585,585,618,617,585,585,1.87,2.14,2.47,2.67,2.67,2.67,2.47,2.48,2.67,2.67,0.32,0.24,0.29,0.31,0.15,0.31,0.29,0.43,0.31,0.5,1.62,877,1073,1.45,1,0.9,1.03,0.67,0.13,0.1,0.11,0.11,0.05,0.11,0.11,0.16,0.11,0.11,0.41,0.52
PIN,2023,2023-06-12,pin_2842,2023-06-12 12:18:44,,,339,1067,728,389,289,299,279,289,289,279,289,289,299,418,329,329,329,339,349,349,349,339,349,1.55,2.24,2.24,2.24,2.15,2.06,2.06,2.06,2.15,2.06,0.15,0.31,0.23,0.38,0.36,0.42,0.49,0.42,0.36,0.42,1.43,489,588,1.18,0.81,0.95,0.97,0.68,0.07,0.12,0.09,0.15,0.15,0.17,0.2,0.17,0.15,0.14,0.47,0.53
PIN,2023,2023-06-12,pin_2076,2023-06-12 12:18:56,,,468,2373,1824,698,528,489,469,469,459,438,448,439,439,758,588,548,539,539,518,518,518,519,529,2.13,3.04,3.33,3.4,3.4,3.58,3.58,3.58,3.57,3.49,0.14,0.2,0.22,0.27,0.27,0.24,0.33,0.29,0.33,0.5,3.15,778,967,2.05,1.45,0.9,0.93,0.8,0.08,0.1,0.11,0.13,0.13,0.11,0.15,0.14,0.15,0.17,0.51,0.58
PIN,2023,2023-06-12,pin_2237,2023-06-12 12:28:01,,,553,1983,1333,520,455,455,422,423,390,390,390,390,390,585,520,455,488,455,488,455,455,455,455,2.39,2.81,3.36,3.06,3.36,3.06,3.36,3.36,3.36,3.36,0.26,0.31,0,0.35,0.19,0.52,0.38,0.38,0.38,0.67,2.42,715,845,1.77,1.35,0.94,0.95,0.72,0.11,0.12,0,0.14,0.07,0.2,0.14,0.14,0.14,0.14,0.45,0.5
PIN,2023,2023-06-12,pin_2467,2023-06-12 12:30:02,,,389,1216,857,428,369,339,339,339,319,329,329,329,329,458,408,388,379,369,379,379,379,369,379,1.66,1.98,2.13,2.21,2.3,2.21,2.21,2.21,2.3,2.21,0.15,0.23,0.31,0.26,0.21,0.4,0.33,0.33,0.28,0.42,1.6,668,847,0.82,0.44,0.97,0.99,0.68,0.07,0.1,0.13,0.11,0.08,0.16,0.13,0.13,0.11,0.13,0.52,0.59
PIN,2023,2023-06-12,pin_625,2023-06-12 12:48:22,,,1073,2243,1820,1073,780,715,618,618,585,585,585,585,617,1073,813,747,715,682,650,650,650,617,617,1.09,1.76,2,2.14,2.29,2.45,2.45,2.45,2.64,2.64,0,0.14,0.16,0.53,0.38,0.42,0.42,0.42,0.22,0,1.95,1040,1235,1.16,0.82,0.74,0.91,0.52,0,0.04,0.04,0.14,0.09,0.1,0.1,0.1,0.05,0,0.25,0.34
PIN,2023,2023-06-12,pin_746,2023-06-12 12:49:13,,,1007,4161,2698,975,910,845,845,878,878,878,845,845,845,1040,1007,942,942,975,910,910,910,975,942,3,3.13,3.42,3.42,3.27,3.57,3.57,3.57,3.27,3.42,0.14,0.22,0.25,0.25,0.24,0.09,0.09,0.18,0.32,0.5,2.19,1333,1626,2.12,1.56,0.83,0.91,0.76,0.06,0.1,0.1,0.1,0.1,0.04,0.04,0.07,0.13,0.1,0.41,0.5
PIN,2023,2023-06-12,pin_773,2023-06-12 12:54:53,,,715,2243,1983,1203,878,748,715,716,683,651,651,651,618,1203,910,780,715,748,683,683,651,651,651,0.86,1.46,1.88,2.14,2,2.28,2.28,2.45,2.45,2.45,0,0.08,0.1,0,0.1,0,0.12,0,0,0.25,2.21,813,943,1.76,1.38,0.73,0.8,0.68,0,0.04,0.04,0,0.04,0,0.05,0,0,0.05,0.32,0.38
PIN,2023,2023-06-12,pin_393,2023-06-12 12:57:37,,,813,2080,1398,650,585,520,520,520,520,520,487,520,487,683,617,585,585,585,552,552,552,552,552,2.05,2.37,2.56,2.56,2.56,2.77,2.77,2.77,2.77,2.77,0.14,0.16,0.36,0.36,0.36,0.2,0.2,0.4,0.2,0.67,1.87,747,877,1.78,1.37,0.85,0.93,0.61,0.05,0.05,0.11,0.11,0.11,0.06,0.06,0.12,0.06,0.12,0.3,0.37
PIN,2023,2023-06-12,pin_548,2023-06-12 12:57:42,,,319,878,449,270,259,250,230,230,230,230,240,240,229,299,269,270,269,260,260,260,270,269,269,1.94,2.26,2.25,2.26,2.38,2.38,2.38,2.25,2.26,2.26,0.26,0.11,0.21,0.42,0.34,0.34,0.34,0.32,0.31,0.57,0.96,309,358,1.84,1.45,0.76,0.93,0.64,0.1,0.04,0.07,0.14,0.12,0.12,0.12,0.11,0.11,0.15,0.29,0.39
PIN,2023,2023-06-12,pin_63,2023-06-12 13:03:36,,,780,2991,2015,780,715,682,650,650,650,650,650,618,618,812,747,715,715,682,715,683,683,683,683,2.68,3,3.18,3.18,3.39,3.18,3.38,3.38,3.38,3.38,0.09,0.1,0.11,0.23,0.12,0.23,0.12,0.12,0.24,0.5,2.26,1105,1463,1.71,1.04,0.8,0.99,0.74,0.04,0.04,0.05,0.09,0.05,0.09,0.05,0.05,0.1,0.1,0.41,0.58
PIN,2023,2023-06-12,pin_219,2023-06-12 13:09:26,,,468,1535,897,478,419,409,409,409,399,409,409,399,409,518,458,458,458,458,468,468,469,479,479,1.96,2.35,2.35,2.35,2.35,2.28,2.28,2.27,2.2,2.2,0.18,0.21,0.26,0.26,0.26,0.36,0.31,0.31,0.4,0.58,1.19,917,1057,0.67,0.45,0.92,0.94,0.7,0.08,0.09,0.11,0.11,0.11,0.15,0.13,0.13,0.17,0.15,0.53,0.58
PIN,2023,2023-06-12,pin_535,2023-06-12 13:12:49,,,715,2406,1593,683,586,586,553,553,585,553,553,553,553,715,618,586,586,586,618,585,586,553,586,2.37,2.89,3.11,3.11,3.11,2.89,3.11,3.11,3.35,3.11,0.11,0.14,0,0.15,0.15,0.14,0.15,0.15,0,0.34,1.88,813,976,1.96,1.47,0.81,0.95,0.7,0.04,0.05,0,0.06,0.06,0.05,0.05,0.06,0,0.06,0.36,0.47
PIN,2023,2023-06-12,pin_1062,2023-06-12 13:21:17,,,409,1636,1156,518,379,379,369,359,359,359,369,359,359,578,459,439,439,439,429,439,439,439,449,1.83,2.56,2.73,2.73,2.73,2.81,2.73,2.73,2.73,2.64,0.2,0.38,0.31,0.36,0.41,0.37,0.41,0.36,0.41,0.6,2.22,748,898,1.19,0.82,0.95,0.97,0.75,0.1,0.17,0.14,0.16,0.18,0.16,0.18,0.16,0.18,0.2,0.55,0.6
PIN,2023,2023-06-12,pin_689,2023-06-12 13:21:23,,,715,1820,1495,715,650,585,585,585,552,585,552,585,520,747,682,618,617,617,585,617,585,585,585,1.44,1.67,1.94,1.95,1.95,2.11,1.95,2.11,2.11,2.11,0.11,0.13,0.16,0.15,0.15,0.17,0.15,0.17,0,0.66,1.88,1040,1235,0.75,0.47,0.87,0.98,0.61,0.04,0.05,0.05,0.05,0.05,0.06,0.05,0.06,0,0.11,0.41,0.5
PIN,2023,2023-06-12,pin_1827,2023-06-12 13:26:41,,,585,2276,1626,682,553,552,520,520,520,487,487,520,520,747,618,585,585,585,585,585,618,618,617,2.05,2.68,2.89,2.89,2.89,2.89,2.89,2.68,2.68,2.69,0.18,0.24,0.13,0.26,0.26,0.26,0.39,0.48,0.36,0.5,2.13,910,1138,1.5,1,0.93,0.92,0.74,0.09,0.11,0.06,0.11,0.11,0.11,0.17,0.21,0.16,0.16,0.5,0.54
PIN,2023,2023-06-12,pin_1213,2023-06-12 13:29:08,,,509,2482,1725,678,539,518,508,508,499,499,499,499,489,778,619,588,598,588,598,588,588,598,588,2.19,3.01,3.22,3.15,3.22,3.15,3.22,3.22,3.15,3.22,0.23,0.26,0.25,0.31,0.28,0.34,0.32,0.32,0.34,0.52,2.53,937,1156,1.65,1.15,0.9,0.94,0.79,0.13,0.13,0.12,0.15,0.14,0.17,0.15,0.15,0.17,0.17,0.53,0.6
PIN,2023,2023-06-12,pin_1373,2023-06-12 13:31:12,,,683,1756,1431,1105,975,910,878,845,845,812,780,780,747,1138,1008,943,910,878,877,845,812,780,780,0.54,0.74,0.86,0.93,1,1,1.08,1.16,1.25,1.25,0.06,0.07,0.08,0.08,0.09,0.08,0.09,0.09,0,0.2,0.92,1008,1106,0.74,0.59,0.82,0.89,0.61,0.03,0.03,0.03,0.04,0.04,0.04,0.04,0.04,0,0.04,0.39,0.44
PIN,2023,2023-06-12,pin_1220,2023-06-12 13:37:57,,,468,1714,1017,468,419,399,428,398,398,389,389,389,389,518,459,448,478,458,458,458,458,448,458,2.31,2.73,2.83,2.59,2.74,2.74,2.74,2.74,2.83,2.74,0.22,0.21,0.27,0.25,0.32,0.32,0.36,0.36,0.32,0.53,1.61,608,738,1.82,1.32,0.84,0.91,0.73,0.1,0.09,0.11,0.1,0.13,0.13,0.15,0.15,0.13,0.15,0.41,0.49
PIN,2023,2023-06-12,pin_1590,2023-06-12 13:39:50,,,520,1560,1235,683,585,552,520,520,520,520,488,488,488,715,618,585,520,552,520,487,520,520,488,1.18,1.52,1.67,2,1.83,2,2.2,2,2,2.2,0.09,0.12,0.13,0,0.14,0,-0.18,0.15,0.15,0,1.53,781,910,1,0.71,0.83,0.8,0.67,0.04,0.05,0.06,0,0.06,0,-0.07,0.06,0.06,0,0.42,0.43
PIN,2023,2023-06-12,pin_1981,2023-06-12 13:41:26,,,585,2308,1593,682,553,520,520,455,488,455,455,456,455,780,618,618,585,552,553,553,553,553,520,1.96,2.73,2.73,2.95,3.18,3.17,3.17,3.17,3.17,3.44,0.25,0.24,0.36,0.26,0.43,0.28,0.43,0.43,0.42,0.5,2.5,877,1106,1.63,1.09,0.98,1.01,0.75,0.13,0.11,0.16,0.11,0.18,0.12,0.18,0.18,0.18,0.12,0.52,0.59
PIN,2023,2023-06-12,pin_1834,2023-06-12 13:51:57,,,1007,1853,2048,1366,1106,1007,942,910,877,877,845,845,812,1398,1138,1040,975,942,910,877,877,878,845,0.33,0.63,0.78,0.9,0.97,1.04,1.11,1.11,1.11,1.19,0.06,0.08,0.1,0.11,0.11,0.12,0,0.13,0.13,0.25,1.52,1398,1691,0.33,0.1,0.84,1.02,0.46,0.02,0.03,0.03,0.03,0.03,0.04,0,0.04,0.04,0.04,0.33,0.44
PIN,2023,2023-06-12,pin_1307,2023-06-12 13:57:53,,,553,2146,1431,553,488,455,456,487,456,456,456,456,455,586,553,520,521,521,488,521,520,520,521,2.66,2.88,3.13,3.12,3.12,3.4,3.12,3.13,3.13,3.12,0.13,0.28,0.3,0.3,0.16,0.17,0.3,0.3,0.3,0.67,2.15,943,1170,1.28,0.83,0.86,0.86,0.74,0.06,0.12,0.12,0.12,0.07,0.07,0.12,0.12,0.12,0.13,0.48,0.53
PIN,2023,2023-06-12,pin_1840,2023-06-12 13:58:15,,,1073,2309,1983,1008,813,780,780,780,716,716,748,748,748,1073,878,845,781,781,748,780,780,748,780,1.15,1.63,1.73,1.96,1.96,2.09,1.96,1.96,2.09,1.96,0.17,0.24,0.26,0,0,0.16,0.29,0.15,0,0.25,1.65,1560,1788,0.48,0.29,0.76,0.93,0.54,0.06,0.07,0.08,0,0,0.04,0.08,0.04,0,0.04,0.33,0.44
PIN,2023,2023-06-12,pin_1355,2023-06-12 14:03:04,,,975,3121,1951,845,715,682,682,683,715,682,682,683,715,877,780,747,715,715,780,748,747,715,747,2.56,3,3.18,3.37,3.37,3,3.17,3.18,3.37,3.18,0.1,0.23,0.25,0.14,0.13,0.23,0.26,0.25,0.13,0.33,1.73,1332,1626,1.34,0.92,0.75,0.9,0.69,0.04,0.08,0.09,0.05,0.04,0.08,0.09,0.09,0.04,0.04,0.37,0.48
PIN,2023,2023-06-12,pin_1205,2023-06-12 14:05:46,,,617,2211,1398,682,585,618,585,585,586,586,586,553,585,715,650,650,650,618,618,618,618,618,650,2.09,2.4,2.4,2.4,2.58,2.58,2.58,2.58,2.58,2.4,0.1,0.23,0.11,0.23,0.13,0.12,0.12,0.12,0.25,0.34,1.39,878,1073,1.52,1.06,0.88,0.87,0.72,0.05,0.1,0.05,0.1,0.05,0.05,0.05,0.05,0.11,0.1,0.44,0.48
PIN,2023,2023-06-12,pin_1204,2023-06-12 14:11:16,,,1300,2406,2146,1170,1008,943,943,878,845,878,846,846,813,1203,1040,975,943,910,878,911,878,846,846,1,1.31,1.47,1.55,1.64,1.74,1.64,1.74,1.84,1.84,0.09,0.11,0.13,0,0.14,0.16,0.15,0.15,0,0.2,1.64,1366,1528,0.76,0.57,1.02,1.15,0.46,0.03,0.03,0.03,0,0.04,0.04,0.04,0.04,0,0.04,0.33,0.4
PIN,2023,2023-06-12,pin_879,2023-06-12 14:12:08,,,468,1395,748,389,349,339,329,319,319,319,319,319,309,419,389,369,369,359,359,369,359,359,359,2.33,2.59,2.78,2.78,2.89,2.89,2.78,2.89,2.89,2.89,0.19,0.29,0.24,0.32,0.33,0.33,0.39,0.33,0.33,0.56,1.42,439,509,2.18,1.74,0.83,0.94,0.66,0.07,0.1,0.08,0.11,0.11,0.11,0.14,0.11,0.11,0.14,0.32,0.39
PIN,2023,2023-06-12,pin_1942,2023-06-12 14:16:25,,,553,1333,781,423,390,391,391,358,358,358,390,390,358,455,423,423,423,423,391,391,391,423,423,1.93,2.15,2.15,2.15,2.15,2.41,2.41,2.41,2.15,2.15,0.22,0.25,0.24,0.24,0.5,0.29,0.29,0.01,0.25,1,1.18,618,683,1.16,0.95,0.8,0.91,0.59,0.07,0.08,0.08,0.08,0.15,0.08,0.08,0,0.08,0.15,0.32,0.38
PIN,2023,2023-06-12,pin_1933,2023-06-12 14:24:18,,,683,1236,1073,618,553,520,488,488,456,455,488,423,423,618,585,521,488,488,488,488,456,456,456,1,1.11,1.37,1.53,1.53,1.53,1.53,1.71,1.71,1.71,0,0.2,0.01,0,0,0.27,0.28,-0.31,0.31,0.34,1.54,780,878,0.58,0.41,0.99,1.01,0.45,0,0.05,0,0,0,0.07,0.07,-0.07,0.07,0.07,0.33,0.37
PIN,2023,2023-06-12,pin_871,2023-06-12 14:24:56,,,780,2276,1691,878,716,683,650,651,650,650,617,617,618,943,781,716,715,650,683,683,683,683,650,1.41,1.91,2.18,2.18,2.5,2.33,2.33,2.33,2.33,2.5,0.16,0.21,0.12,0.24,0,0.13,0.13,0.26,0.26,0.49,1.74,1366,1561,0.67,0.46,0.67,0.81,0.66,0.07,0.08,0.05,0.09,0,0.05,0.05,0.1,0.1,0.05,0.36,0.46
PIN,2023,2023-06-12,pin_278,2023-06-12 14:27:17,,,478,1236,707,388,349,339,329,339,339,339,339,339,329,408,379,378,368,368,368,368,378,369,369,2.03,2.26,2.27,2.36,2.36,2.36,2.36,2.27,2.35,2.35,0.14,0.24,0.32,0.33,0.25,0.25,0.25,0.32,0.25,0.8,1.15,638,787,0.94,0.57,0.8,0.96,0.61,0.05,0.08,0.1,0.11,0.08,0.08,0.08,0.1,0.08,0.11,0.36,0.48
PIN,2023,2023-06-12,pin_257,2023-06-12 14:33:48,,,650,1918,1268,553,520,520,487,520,455,488,488,487,488,618,585,553,552,585,585,553,585,520,553,2.1,2.28,2.47,2.47,2.28,2.28,2.47,2.28,2.69,2.47,0.27,0.3,0.17,0.33,0.3,0.6,0.33,0.44,0.18,0.66,1.6,975,1170,0.97,0.64,0.94,0.97,0.66,0.11,0.11,0.06,0.12,0.11,0.22,0.12,0.17,0.06,0.12,0.47,0.53
PIN,2023,2023-06-12,pin_556,2023-06-12 14:34:38,,,520,1756,1105,520,521,488,488,488,488,488,488,488,488,553,553,553,521,553,521,553,521,553,521,2.18,2.18,2.18,2.37,2.18,2.37,2.18,2.37,2.18,2.37,0.14,0.14,0.27,0.15,0.27,0.15,0.27,0.15,0.27,0.5,1.26,781,943,1.25,0.86,0.73,0.86,0.7,0.06,0.06,0.12,0.06,0.12,0.06,0.12,0.06,0.12,0.06,0.38,0.48
PIN,2023,2023-06-12,pin_480,2023-06-12 14:35:44,,,747,1723,1300,618,520,487,520,520,520,520,488,488,520,618,553,520,520,552,552,520,520,520,520,1.79,2.12,2.31,2.31,2.12,2.12,2.31,2.31,2.31,2.31,0,0.2,0.22,0,0.2,0.2,0,0.22,0.22,0,1.5,1007,1170,0.71,0.47,0.82,0.95,0.57,0,0.06,0.06,0,0.06,0.06,0,0.06,0.06,0,0.35,0.44
PIN,2023,2023-06-21,pin_2467,2023-06-21 10:24:24,,,748,3186,2438,878,650,585,585,552,553,553,520,553,585,911,683,682,618,618,618,618,651,651,650,2.5,3.66,3.67,4.16,4.16,4.16,4.16,3.89,3.89,3.9,0.08,0.12,0.35,0.14,0.28,0.27,0.27,0.5,0.38,0.33,3.17,877,1007,2.63,2.16,0.94,0.95,0.77,0.04,0.05,0.14,0.05,0.11,0.11,0.11,0.2,0.15,0.1,0.44,0.48
PIN,2023,2023-06-21,pin_2842,2023-06-21 10:26:17,,,455,1495,975,488,390,423,423,423,455,423,456,423,423,553,521,455,488,488,520,520,521,553,520,1.7,1.87,2.29,2.06,2.06,1.88,1.88,1.87,1.7,1.88,0.26,0.57,0.17,0.31,0.31,0.28,0.42,0.28,0.51,0.6,1.3,748,911,1,0.64,0.81,0.92,0.7,0.12,0.25,0.07,0.13,0.13,0.12,0.19,0.12,0.24,0.19,0.43,0.54
PIN,2023,2023-06-21,pin_3085,2023-06-21 10:35:28,,,520,1951,1366,651,520,488,488,488,488,488,488,487,455,748,586,618,618,618,618,618,618,650,618,1.61,2.33,2.16,2.16,2.16,2.16,2.16,2.16,2,2.16,0.25,0.25,0.45,0.45,0.45,0.45,0.45,0.45,0.52,0.71,2,1138,1333,0.71,0.46,0.97,0.97,0.73,0.13,0.11,0.21,0.21,0.21,0.21,0.21,0.21,0.25,0.26,0.6,0.63
PIN,2023,2023-06-21,pin_2158,2023-06-21 10:44:56,,,459,1227,738,409,369,359,349,359,349,359,369,359,369,439,409,409,399,409,409,409,419,419,419,1.79,2,2,2.08,2,2,2,1.93,1.93,1.93,0.18,0.27,0.34,0.36,0.34,0.41,0.34,0.33,0.39,0.5,1,589,708,1.08,0.73,0.92,0.95,0.63,0.07,0.1,0.12,0.13,0.12,0.15,0.12,0.12,0.14,0.12,0.41,0.46
PIN,2023,2023-06-21,pin_2076,2023-06-21 10:54:38,,,260,1007,683,293,261,261,228,228,261,228,228,260,228,358,293,325,293,293,293,326,325,293,293,1.81,2.44,2.1,2.44,2.44,2.44,2.09,2.1,2.44,2.44,0.36,0.24,0.41,0.49,0.49,0.24,0.62,0.62,0.25,0.66,2,618,715,0.63,0.41,0.91,0.95,0.74,0.18,0.11,0.2,0.22,0.22,0.11,0.3,0.3,0.11,0.22,0.58,0.64
PIN,2023,2023-06-21,pin_3361,2023-06-21 11:04:42,,,478,1545,1017,489,419,409,409,409,409,409,409,409,409,519,459,449,459,449,459,459,459,469,469,1.98,2.37,2.44,2.37,2.44,2.37,2.37,2.37,2.29,2.29,0.13,0.22,0.23,0.27,0.23,0.27,0.27,0.27,0.32,0.46,1.49,748,907,1.07,0.7,0.92,0.97,0.69,0.06,0.09,0.09,0.11,0.09,0.11,0.11,0.11,0.13,0.13,0.48,0.55
PIN,2023,2023-06-21,pin_3134,2023-06-21 11:17:21,,,585,1236,1235,780,682,682,650,650,683,650,650,682,650,877,748,747,748,748,748,748,747,748,747,0.41,0.65,0.65,0.65,0.65,0.65,0.65,0.65,0.65,0.65,0.25,0.22,0.22,0.33,0.33,0.22,0.33,0.32,0.22,0.37,0.9,1137,1430,0.09,-0.14,1.02,1.05,0.53,0.11,0.09,0.09,0.13,0.13,0.09,0.13,0.13,0.09,0.13,0.51,0.59
PIN,2023,2023-06-21,pin_3254,2023-06-21 11:25:45,,,419,1167,848,459,389,379,379,359,359,359,359,349,349,489,419,409,399,389,389,389,389,389,379,1.39,1.79,1.85,1.92,2,2,2,2,2,2.08,0.14,0.18,0.19,0.13,0.21,0.21,0.21,0.21,0.28,0.34,1.43,619,737,0.89,0.58,0.93,0.97,0.64,0.06,0.07,0.07,0.05,0.08,0.08,0.08,0.08,0.1,0.08,0.45,0.51
PIN,2023,2023-06-21,pin_3061,2023-06-21 11:26:57,,,617,1950,1333,747,617,585,585,585,552,552,520,520,520,813,650,618,585,617,585,585,552,552,585,1.4,2,2.16,2.33,2.16,2.33,2.33,2.53,2.53,2.33,0.17,0.12,0.13,0,0.13,0.14,0.14,0.15,0.15,0.5,1.56,747,877,1.61,1.22,0.67,0.83,0.68,0.08,0.05,0.05,0,0.05,0.06,0.06,0.06,0.06,0.11,0.3,0.41
PIN,2023,2023-06-21,pin_2954,2023-06-21 11:34:55,,,169,528,359,189,159,159,159,160,160,160,160,160,170,229,189,189,189,189,189,199,189,200,200,1.31,1.79,1.79,1.79,1.79,1.79,1.65,1.79,1.64,1.64,0.36,0.37,0.37,0.37,0.36,0.36,0.44,0.36,0.45,0.5,1.11,319,389,0.66,0.36,0.89,0.92,0.68,0.17,0.16,0.16,0.16,0.15,0.15,0.2,0.15,0.2,0.15,0.5,0.56
PIN,2023,2023-06-21,pin_2866,2023-06-21 11:40:57,,,521,1430,1268,715,585,553,553,553,520,520,553,553,553,781,650,618,618,618,650,650,650,683,683,0.83,1.2,1.31,1.31,1.31,1.2,1.2,1.2,1.09,1.09,0.17,0.23,0.24,0.24,0.24,0.45,0.45,0.34,0.42,0.57,1.29,1040,1235,0.38,0.16,1.01,0.96,0.64,0.08,0.1,0.11,0.11,0.11,0.2,0.2,0.15,0.19,0.19,0.56,0.58
PIN,2023,2023-06-21,pin_2757,2023-06-21 11:45:52,,,715,2374,1593,586,520,455,487,487,487,487,488,520,488,585,586,520,553,553,553,553,585,553,586,3.06,3.05,3.57,3.29,3.29,3.29,3.29,3.06,3.29,3.05,0,0.31,0.37,0.34,0.34,0.34,0.34,0.46,0.17,0.6,2.26,1235,1398,0.92,0.7,0.96,1.01,0.7,0,0.11,0.12,0.12,0.12,0.12,0.12,0.17,0.06,0.17,0.53,0.58
PIN,2023,2023-06-21,pin_2237,2023-06-21 11:51:03,,,975,2763,1658,747,715,683,715,715,715,715,748,747,747,845,780,780,813,813,813,813,845,845,845,2.27,2.54,2.54,2.4,2.4,2.4,2.4,2.27,2.27,2.27,0.32,0.24,0.36,0.34,0.34,0.34,0.34,0.32,0.32,0.5,1.22,1561,1820,0.77,0.52,0.94,0.98,0.65,0.12,0.08,0.12,0.12,0.12,0.12,0.12,0.11,0.12,0.12,0.48,0.54
PIN,2023,2023-06-21,pin_4007,2023-06-21 11:56:24,,,650,2536,1788,682,617,585,618,617,585,585,618,618,585,715,682,650,683,682,682,682,683,683,683,2.55,2.72,2.9,2.71,2.72,2.72,2.72,2.71,2.71,2.71,0.1,0.22,0.23,0.22,0.22,0.32,0.32,0.22,0.22,0.6,2.06,1171,1495,1.17,0.7,0.87,0.96,0.74,0.05,0.1,0.1,0.1,0.1,0.14,0.14,0.1,0.1,0.14,0.5,0.61
PIN,2023,2023-06-21,pin_3621,2023-06-21 12:02:00,,,748,3316,2179,878,748,716,716,716,748,748,748,748,748,975,813,846,878,878,878,878,911,878,910,2.4,3.08,2.92,2.78,2.78,2.78,2.78,2.64,2.78,2.64,0.2,0.17,0.33,0.39,0.39,0.31,0.31,0.37,0.31,0.5,1.91,1463,1821,1.27,0.82,0.92,0.96,0.77,0.1,0.08,0.15,0.18,0.18,0.15,0.15,0.18,0.15,0.18,0.56,0.62
PIN,2023,2023-06-21,pin_3969,2023-06-21 12:04:49,,,349,1556,1037,409,348,349,349,349,329,339,339,339,349,459,408,388,398,398,399,399,409,399,419,2.39,2.81,3.01,2.91,2.91,2.9,2.9,2.8,2.9,2.71,0.22,0.31,0.22,0.26,0.26,0.37,0.32,0.36,0.32,0.47,1.97,688,887,1.26,0.75,0.94,0.97,0.78,0.11,0.15,0.1,0.12,0.12,0.18,0.15,0.17,0.15,0.17,0.57,0.64
PIN,2023,2023-06-21,pin_3904,2023-06-21 12:13:16,,,651,2666,1885,813,683,618,618,618,618,585,585,585,585,780,715,683,651,650,650,650,650,618,618,2.42,2.73,2.9,3.1,3.1,3.1,3.1,3.1,3.31,3.31,-0.09,0.1,0.22,0.12,0.11,0.11,0.23,0.23,0.13,0.25,2.22,780,878,2.42,2.04,0.79,0.88,0.76,-0.04,0.04,0.1,0.05,0.05,0.05,0.1,0.1,0.05,0.05,0.37,0.44
PIN,2023,2023-06-21,pin_3601,2023-06-21 12:15:58,,,781,3186,2374,976,748,715,683,683,650,682,683,715,715,1073,813,780,748,748,781,780,780,780,780,1.97,2.92,3.08,3.26,3.26,3.08,3.08,3.08,3.08,3.08,0.18,0.18,0.19,0.21,0.21,0.39,0.29,0.29,0.19,0.33,2.32,1333,1723,1.39,0.85,0.87,0.91,0.75,0.09,0.08,0.08,0.09,0.09,0.17,0.13,0.12,0.08,0.08,0.49,0.57
PIN,2023,2023-06-21,pin_2521,2023-06-21 12:56:39,,,553,1951,1398,650,521,488,487,488,488,488,488,487,488,682,553,585,585,586,585,586,585,553,585,1.86,2.53,2.34,2.34,2.33,2.34,2.33,2.34,2.53,2.34,0.1,0.14,0.38,0.39,0.39,0.38,0.39,0.38,0.29,0.6,1.86,943,1203,1.07,0.62,0.88,0.98,0.72,0.05,0.06,0.17,0.17,0.17,0.17,0.17,0.17,0.12,0.17,0.48,0.59
PIN,2023,2023-06-21,pin_2367,2023-06-21 13:01:47,,,488,1814,1415,658,499,469,459,449,449,448,438,438,438,688,529,499,499,499,499,488,488,498,498,1.64,2.43,2.64,2.64,2.64,2.64,2.72,2.72,2.64,2.64,0.09,0.13,0.14,0.19,0.23,0.23,0.19,0.24,0.28,0.43,2.23,758,938,1.39,0.93,0.92,0.97,0.73,0.04,0.06,0.06,0.08,0.1,0.1,0.08,0.1,0.12,0.12,0.49,0.57
PIN,2023,2023-06-21,pin_2497,2023-06-21 13:04:33,,,553,1821,1106,488,455,455,455,455,390,423,423,422,422,552,488,487,487,488,455,488,488,487,487,2.3,2.73,2.74,2.74,2.73,3,2.73,2.73,2.74,2.74,0.28,0.18,0.17,0.17,0.18,0.39,0.35,0.35,0.35,0.67,1.62,682,878,1.67,1.07,0.93,0.92,0.7,0.12,0.07,0.07,0.07,0.07,0.14,0.13,0.13,0.13,0.13,0.43,0.48
PIN,2023,2023-06-21,pin_2196,2023-06-21 13:09:33,,,458,1126,638,349,319,300,309,299,309,299,289,299,299,378,348,339,339,329,339,339,339,329,349,1.98,2.24,2.32,2.32,2.42,2.32,2.32,2.32,2.42,2.23,0.23,0.27,0.38,0.29,0.31,0.29,0.39,0.48,0.31,0.56,1.13,409,459,1.75,1.45,0.92,0.93,0.59,0.08,0.08,0.12,0.09,0.09,0.09,0.12,0.15,0.09,0.14,0.32,0.35
PIN,2023,2023-06-21,pin_2437,2023-06-21 13:12:44,,,618,1853,1138,553,487,455,488,455,455,487,455,455,455,585,552,520,553,520,520,552,520,520,520,2.17,2.36,2.56,2.35,2.56,2.56,2.36,2.56,2.56,2.56,0.14,0.32,0.35,0.31,0.35,0.35,0.32,0.35,0.35,0.67,1.5,781,878,1.37,1.11,0.91,0.91,0.67,0.05,0.12,0.12,0.12,0.12,0.12,0.12,0.12,0.12,0.12,0.42,0.44
PIN,2023,2023-06-21,pin_2428,2023-06-21 13:17:48,,,508,1665,1186,538,448,428,418,409,409,399,399,399,398,568,468,458,448,438,438,428,438,428,428,1.93,2.56,2.64,2.72,2.8,2.8,2.89,2.8,2.89,2.89,0.12,0.11,0.17,0.18,0.18,0.18,0.18,0.24,0.18,0.28,1.98,598,688,1.78,1.42,0.89,0.93,0.69,0.05,0.04,0.07,0.07,0.07,0.07,0.07,0.09,0.07,0.07,0.4,0.45
PIN,2023,2023-06-21,pin_2512,2023-06-21 13:22:40,,,715,3154,2438,975,780,715,683,682,650,650,650,617,618,1040,812,780,715,747,715,683,715,715,715,2.03,2.88,3.04,3.41,3.22,3.41,3.62,3.41,3.41,3.41,0.12,0.08,0.18,0.1,0.19,0.21,0.11,0.21,0.31,0.43,2.94,1008,1203,2.13,1.62,0.93,0.96,0.77,0.06,0.04,0.08,0.04,0.09,0.09,0.05,0.09,0.14,0.14,0.48,0.54
PIN,2023,2023-06-21,pin_2740,2023-06-21 13:27:09,,,488,1475,1037,538,419,409,389,389,389,379,389,389,379,568,458,429,419,429,419,419,419,429,429,1.6,2.22,2.44,2.52,2.44,2.52,2.52,2.52,2.44,2.44,0.12,0.22,0.13,0.2,0.25,0.2,0.26,0.2,0.25,0.5,1.74,589,688,1.5,1.14,0.84,0.9,0.67,0.05,0.09,0.05,0.07,0.09,0.07,0.1,0.07,0.09,0.12,0.37,0.43
PIN,2023,2023-06-21,pin_2815,2023-06-21 13:30:42,,,812,2080,1268,618,552,585,553,552,552,552,553,586,552,650,650,682,682,682,650,683,683,716,715,2.2,2.2,2.05,2.05,2.05,2.2,2.05,2.05,1.91,1.91,0.15,0.46,0.42,0.56,0.56,0.46,0.57,0.56,0.52,0.71,1.3,1235,1333,0.68,0.56,1.04,1.02,0.61,0.05,0.15,0.14,0.19,0.19,0.15,0.19,0.19,0.18,0.23,0.5,0.51
PIN,2023,2023-06-21,pin_3868,2023-06-21 13:40:06,,,911,3414,2536,1171,943,878,846,813,813,845,813,781,813,1235,975,943,910,878,878,878,878,878,846,1.76,2.5,2.62,2.75,2.89,2.89,2.89,2.89,2.89,3.04,0.1,0.07,0.16,0.17,0.18,0.18,0.09,0.18,0.27,0.17,2.12,1105,1268,2.09,1.69,0.81,0.86,0.73,0.05,0.03,0.07,0.07,0.07,0.07,0.04,0.07,0.11,0.04,0.38,0.44
PIN,2023,2023-06-21,pin_3884,2023-06-21 13:44:21,,,585,1885,1398,683,552,487,455,488,488,488,455,488,455,683,585,520,520,520,488,487,520,520,520,1.76,2.22,2.62,2.62,2.62,2.86,2.87,2.62,2.62,2.62,0,0.14,0.17,0.33,0.16,0,-0.01,0.33,0.16,0.4,2.07,683,748,1.76,1.52,0.86,0.93,0.69,0,0.06,0.06,0.12,0.06,0,0,0.12,0.06,0.12,0.38,0.44
PIN,2023,2023-06-21,pin_3957,2023-06-21 13:48:15,,,459,1675,1176,498,399,379,379,379,368,368,368,368,368,558,439,429,429,429,418,418,418,418,418,2,2.82,2.9,2.9,2.9,3.01,3.01,3.01,3.01,3.01,0.23,0.22,0.29,0.29,0.29,0.3,0.3,0.3,0.3,0.51,2.2,678,798,1.47,1.1,0.97,1.14,0.73,0.11,0.09,0.12,0.12,0.12,0.12,0.12,0.12,0.12,0.12,0.5,0.64
PIN,2023,2023-06-21,pin_1827,2023-06-21 14:09:09,,,585,1788,1366,845,683,682,617,650,585,585,585,585,585,910,748,715,650,650,650,650,650,617,617,0.96,1.39,1.5,1.75,1.75,1.75,1.75,1.75,1.9,1.9,0.14,0.19,0.1,0.12,0,0.23,0.23,0.23,0.12,0.25,1.34,780,878,1.29,1.04,0.79,0.89,0.67,0.07,0.09,0.05,0.05,0,0.1,0.1,0.1,0.05,0.05,0.37,0.45
PIN,2023,2023-06-21,pin_1373,2023-06-21 14:09:24,,,878,3349,2471,1041,878,813,813,846,846,813,813,845,813,1041,910,878,911,910,845,878,878,846,878,2.22,2.68,2.81,2.68,2.68,2.96,2.81,2.81,2.96,2.81,0,0.08,0.17,0.25,0.16,0,0.17,0.17,0,0.4,2.04,1300,1593,1.58,1.1,0.77,0.89,0.74,0,0.04,0.07,0.11,0.07,0,0.07,0.07,0,0.07,0.4,0.51
PIN,2023,2023-06-21,pin_1220,2023-06-21 14:12:15,,,552,1755,1268,553,488,487,455,487,487,520,553,520,520,618,520,552,520,520,552,617,618,618,617,1.84,2.38,2.18,2.38,2.38,2.18,1.84,1.84,1.84,1.84,0.24,0.16,0.29,0.32,0.16,0.29,0.36,0.24,0.37,0.5,1.44,943,1171,0.86,0.5,0.96,0.94,0.69,0.11,0.06,0.12,0.12,0.06,0.12,0.16,0.11,0.16,0.16,0.52,0.56
PIN,2023,2023-06-21,pin_1981,2023-06-21 14:13:06,,,520,2113,1496,618,488,455,455,455,422,422,455,455,422,650,520,520,520,520,487,487,487,487,487,2.25,3.06,3.06,3.06,3.06,3.34,3.34,3.34,3.34,3.34,0.1,0.14,0.29,0.29,0.29,0.32,0.32,0.16,0.16,0.67,2.55,747,910,1.83,1.32,0.83,0.88,0.75,0.05,0.06,0.12,0.12,0.12,0.13,0.13,0.07,0.07,0.13,0.43,0.5
PIN,2023,2023-06-21,pin_1213,2023-06-21 14:17:23,,,780,3641,2698,1008,813,780,780,0,748,650,682,683,682,1073,910,878,878,0,846,748,780,780,780,2.39,3,3.15,3.15,0,3.3,3.87,3.67,3.67,3.67,0.12,0.22,0.24,0.24,0,0.25,0.3,0.29,0.28,0.38,2.96,1235,1560,1.95,1.33,0.95,0.99,0.79,0.06,0.11,0.11,0.11,0,0.12,0.13,0.13,0.12,0.13,0.53,0.6
PIN,2023,2023-06-21,pin_1834,2023-06-21 14:20:59,,,553,1625,1040,520,455,455,455,422,455,423,423,423,423,520,487,488,487,455,487,455,488,488,488,2.12,2.34,2.33,2.34,2.57,2.34,2.57,2.33,2.33,2.33,0,0.18,0.18,0.18,0.21,0.18,0.2,0.36,0.36,0.5,1.46,781,910,1.08,0.79,0.86,0.89,0.66,0,0.07,0.07,0.07,0.07,0.07,0.07,0.13,0.13,0.13,0.42,0.46
PIN,2023,2023-06-21,pin_1062,2023-06-21 14:21:01,,,683,2731,1983,715,585,585,520,553,553,585,552,552,553,747,650,585,617,618,618,618,617,585,585,2.66,3.2,3.67,3.43,3.42,3.42,3.42,3.43,3.67,3.67,0.1,0.24,0,0.39,0.26,0.26,0.13,0.26,0.14,0.33,2.59,910,1105,2,1.47,0.78,0.91,0.75,0.04,0.1,0,0.16,0.11,0.11,0.05,0.11,0.06,0.05,0.39,0.5
PIN,2023,2023-06-21,pin_1590,2023-06-21 14:27:07,,,651,2146,1593,748,585,553,553,553,553,521,553,521,521,780,650,585,586,586,553,586,553,553,553,1.75,2.3,2.67,2.66,2.66,2.88,2.66,2.88,2.88,2.88,0.09,0.24,0.14,0.15,0.15,0,0.29,0,0.16,0.25,2.06,748,878,1.87,1.44,0.78,0.84,0.7,0.04,0.1,0.05,0.06,0.06,0,0.11,0,0.06,0.06,0.35,0.41
PIN,2023,2023-06-21,pin_689,2023-06-21 14:29:26,,,845,2991,2081,943,813,813,812,780,747,747,748,748,748,1008,910,878,812,845,812,812,813,813,813,1.97,2.29,2.41,2.68,2.54,2.68,2.68,2.68,2.68,2.68,0.14,0.24,0.17,0,0.18,0.2,0.2,0.2,0.2,0.33,1.78,975,1073,2.07,1.79,0.74,0.89,0.72,0.06,0.11,0.07,0,0.08,0.08,0.08,0.08,0.08,0.08,0.33,0.42
PIN,2023,2023-06-21,pin_879,2023-06-21 14:31:57,,,813,2568,2113,1040,812,780,715,682,682,650,650,650,650,1073,845,780,747,715,715,715,682,650,650,1.39,2.04,2.29,2.44,2.59,2.59,2.59,2.77,2.95,2.95,0.06,0.09,0,0.11,0.12,0.12,0.24,0.13,0,0,2.25,910,1040,1.82,1.47,0.74,0.8,0.68,0.03,0.04,0,0.04,0.05,0.05,0.09,0.05,0,0,0.32,0.38
PIN,2023,2023-06-21,pin_535,2023-06-21 14:32:09,,,488,1714,1176,568,478,449,439,419,419,419,409,409,409,588,508,488,469,459,459,449,449,449,449,1.91,2.37,2.51,2.65,2.73,2.73,2.82,2.82,2.82,2.82,0.07,0.14,0.19,0.16,0.22,0.22,0.17,0.22,0.22,0.31,1.88,549,618,2.12,1.77,0.82,0.88,0.72,0.03,0.06,0.08,0.06,0.09,0.09,0.07,0.09,0.09,0.09,0.36,0.42
PIN,2023,2023-06-21,pin_1933,2023-06-21 14:36:45,,,488,1984,1398,618,521,455,456,423,455,456,456,456,456,715,553,553,553,520,553,553,520,521,521,1.77,2.59,2.59,2.59,2.82,2.59,2.59,2.82,2.81,2.81,0.26,0.13,0.38,0.38,0.42,0.38,0.38,0.28,0.28,0.4,2.07,781,976,1.54,1.03,0.91,0.94,0.75,0.14,0.06,0.18,0.18,0.19,0.18,0.18,0.12,0.12,0.12,0.5,0.57
PIN,2023,2023-06-21,pin_1942,2023-06-21 14:39:41,,,478,1416,987,448,379,349,339,339,329,329,319,319,319,468,409,379,369,359,359,349,339,349,339,2.03,2.46,2.74,2.84,2.94,2.94,3.06,3.18,3.06,3.18,0.11,0.2,0.23,0.24,0.17,0.25,0.18,0.18,0.26,0.33,2.09,528,658,1.68,1.15,0.8,0.89,0.66,0.04,0.07,0.08,0.08,0.06,0.08,0.06,0.06,0.09,0.06,0.34,0.42
PIN,2023,2023-06-21,pin_871,2023-06-21 14:41:25,,,449,1845,1466,738,568,518,489,469,459,439,439,429,429,778,598,538,518,508,498,479,469,469,459,1.37,2.09,2.43,2.56,2.63,2.7,2.85,2.93,2.93,3.02,0.09,0.1,0.08,0.12,0.17,0.17,0.19,0.14,0.19,0.3,2.42,718,867,1.57,1.13,0.71,0.83,0.76,0.05,0.05,0.04,0.06,0.08,0.08,0.08,0.06,0.09,0.07,0.39,0.49
PIN,2023,2023-06-21,pin_746,2023-06-21 14:42:44,,,780,3219,2373,878,716,683,650,650,651,651,651,651,650,943,748,748,715,715,716,716,716,716,715,2.41,3.3,3.3,3.5,3.5,3.5,3.5,3.5,3.5,3.5,0.14,0.1,0.21,0.22,0.22,0.22,0.22,0.22,0.22,0.4,2.65,1170,1463,1.75,1.2,0.84,0.95,0.76,0.07,0.04,0.09,0.09,0.09,0.09,0.09,0.09,0.09,0.09,0.44,0.56
PIN,2023,2023-06-21,pin_773,2023-06-21 14:45:50,,,585,1625,1236,780,682,617,553,585,552,552,553,520,553,845,683,650,585,585,585,585,553,552,585,0.92,1.38,1.5,1.78,1.78,1.78,1.78,1.94,1.94,1.78,0.16,0,0.12,0.14,0,0.14,0.14,0,0.15,0.2,1.24,683,715,1.38,1.27,0.89,0.93,0.64,0.08,0,0.05,0.05,0,0.06,0.06,0,0.06,0.05,0.38,0.41
PIN,2023,2023-06-21,pin_219,2023-06-21 14:55:26,,,553,1560,910,455,422,390,423,390,358,390,423,390,422,520,455,488,455,455,455,423,488,455,455,2,2.43,2.2,2.43,2.43,2.43,2.69,2.2,2.43,2.43,0.33,0.21,0.55,0.2,0.41,0.61,0.24,0.37,0.41,0.51,1.16,747,910,1.09,0.71,0.84,0.97,0.65,0.12,0.07,0.2,0.07,0.14,0.21,0.08,0.13,0.14,0.07,0.39,0.5
PIN,2023,2023-06-21,pin_63,2023-06-21 14:56:12,,,1073,2309,1984,813,748,716,716,683,683,683,650,651,683,878,781,748,748,716,683,716,716,683,683,1.63,1.96,2.09,2.09,2.22,2.38,2.22,2.22,2.38,2.38,0.24,0.15,0.16,0.16,0.18,0,0.18,0.35,0.18,0,1.9,1236,1495,0.87,0.54,0.76,0.97,0.54,0.07,0.04,0.04,0.04,0.05,0,0.05,0.09,0.05,0,0.29,0.41
PIN,2023,2023-06-21,pin_393,2023-06-21 14:58:20,,,715,2829,2146,845,650,585,585,553,586,553,553,553,586,910,683,650,618,651,618,651,651,618,618,2.11,3.14,3.35,3.58,3.35,3.58,3.35,3.35,3.58,3.58,0.15,0.12,0.25,0.14,0.37,0.13,0.37,0.37,0.27,0.25,2.66,943,1171,2,1.42,0.83,0.96,0.75,0.07,0.05,0.1,0.05,0.15,0.05,0.15,0.15,0.11,0.05,0.41,0.53
PIN,2023,2023-06-21,pin_257,2023-06-21 15:08:26,,,716,1821,1040,520,456,455,456,423,455,455,455,488,487,553,521,488,488,488,520,520,488,521,520,2.29,2.5,2.73,2.73,2.73,2.5,2.5,2.73,2.5,2.5,0.19,0.41,0.23,0.22,0.46,0.41,0.41,0.23,0.21,0.34,1.14,682,813,1.67,1.24,0.78,0.98,0.61,0.06,0.12,0.07,0.07,0.13,0.12,0.12,0.07,0.06,0.06,0.28,0.4
PIN,2023,2023-06-21,pin_278,2023-06-21 15:11:16,,,683,1788,1333,650,585,553,553,553,553,520,520,520,520,716,618,585,585,585,585,553,553,553,553,1.5,1.89,2.06,2.06,2.06,2.06,2.23,2.23,2.23,2.23,0.23,0.15,0.16,0.16,0.16,0.16,0.18,0.18,0.18,0.34,1.56,943,1106,0.9,0.62,0.82,1,0.62,0.09,0.05,0.05,0.05,0.05,0.05,0.06,0.06,0.06,0.06,0.38,0.5
PIN,2023,2023-06-21,pin_625,2023-06-21 15:11:38,,,553,1984,1268,553,488,455,423,423,423,423,423,423,423,650,521,520,488,488,521,488,488,488,488,2.05,2.81,2.82,3.07,3.07,2.81,3.07,3.07,3.07,3.07,0.33,0.16,0.31,0.34,0.34,0.46,0.34,0.34,0.34,0.5,2,650,781,2.05,1.54,0.76,0.91,0.72,0.15,0.06,0.12,0.13,0.13,0.19,0.13,0.13,0.13,0.13,0.35,0.46
PIN,2023,2023-06-21,pin_548,2023-06-21 15:16:30,,,458,1366,877,448,378,369,359,359,359,349,359,349,349,469,408,398,399,398,399,389,399,389,399,1.91,2.35,2.43,2.42,2.43,2.42,2.51,2.42,2.51,2.42,0.11,0.2,0.2,0.27,0.27,0.27,0.28,0.27,0.28,0.5,1.51,459,518,1.98,1.64,0.71,0.85,0.66,0.04,0.07,0.07,0.1,0.1,0.1,0.1,0.1,0.1,0.13,0.28,0.36
PIN,2023,2023-06-21,pin_480,2023-06-21 15:17:39,,,1138,3934,3284,1495,1235,1138,1073,1105,1073,1040,1008,1041,1041,1495,1235,1203,1106,1073,1105,1073,1073,1073,1073,1.63,2.19,2.27,2.56,2.67,2.56,2.67,2.67,2.67,2.67,0,0,0.13,0.07,-0.07,0.07,0.08,0.15,0.07,0.14,2.15,1496,1756,1.63,1.24,0.68,0.81,0.71,0,0,0.05,0.03,-0.03,0.03,0.03,0.06,0.03,0.03,0.33,0.43
PIN,2023,2023-06-21,pin_1205,2023-06-21 15:21:47,,,509,1964,1496,648,599,549,528,518,518,509,508,509,499,708,668,598,598,578,578,578,578,569,569,1.77,1.94,2.28,2.28,2.4,2.4,2.4,2.4,2.45,2.45,0.17,0.21,0.18,0.25,0.23,0.23,0.26,0.27,0.23,0.47,2,938,1167,1.09,0.68,0.83,0.91,0.74,0.08,0.1,0.08,0.12,0.1,0.1,0.12,0.12,0.11,0.12,0.48,0.57
PIN,2023,2023-06-21,pin_556,2023-06-21 15:22:14,,,715,2081,1430,683,618,585,585,585,553,553,553,521,553,715,650,650,586,618,618,618,618,586,585,1.91,2.2,2.2,2.55,2.37,2.37,2.37,2.37,2.55,2.56,0.11,0.13,0.27,0,0.15,0.29,0.29,0.29,0.32,0.25,1.59,781,910,1.66,1.29,0.7,0.94,0.66,0.04,0.05,0.1,0,0.05,0.11,0.11,0.11,0.11,0.05,0.29,0.43
PIN,2023,2023-06-21,pin_1204,2023-06-21 15:29:36,,,528,2094,1595,758,539,499,489,479,469,459,458,458,458,818,608,559,549,539,539,529,528,528,528,1.56,2.44,2.75,2.81,2.88,2.88,2.96,2.97,2.97,2.97,0.14,0.25,0.24,0.25,0.26,0.3,0.31,0.31,0.31,0.47,2.48,758,917,1.76,1.28,0.89,0.94,0.75,0.07,0.11,0.11,0.11,0.11,0.13,0.13,0.13,0.13,0.13,0.46,0.53
PIN,2023,2023-06-21,pin_1307,2023-06-21 15:30:26,,,519,1495,837,448,389,389,378,378,378,378,378,388,379,478,449,429,428,428,428,428,428,418,428,2.13,2.33,2.48,2.49,2.49,2.49,2.49,2.49,2.58,2.49,0.17,0.37,0.27,0.33,0.33,0.33,0.33,0.33,0.21,0.62,1.21,548,668,1.73,1.24,0.76,0.89,0.65,0.06,0.13,0.09,0.12,0.12,0.12,0.12,0.12,0.07,0.11,0.31,0.4
PIN,2023,2023-06-21,pin_1355,2023-06-21 15:31:16,,,299,967,668,289,249,239,240,239,239,229,239,239,229,299,259,259,249,259,259,249,259,259,259,2.23,2.73,2.73,2.88,2.73,2.73,2.88,2.73,2.73,2.73,0.08,0.1,0.21,0.1,0.21,0.21,0.22,0.21,0.21,0.5,1.92,429,528,1.25,0.83,0.84,1,0.69,0.03,0.04,0.08,0.04,0.08,0.08,0.08,0.08,0.08,0.12,0.42,0.55
PIN,2023,2023-06-21,pin_1840,2023-06-21 15:33:17,,,538,2314,1835,897,698,638,628,608,608,598,588,578,578,947,737,687,668,658,658,648,648,638,638,1.44,2.14,2.37,2.46,2.52,2.52,2.57,2.57,2.63,2.63,0.09,0.1,0.14,0.12,0.16,0.16,0.16,0.19,0.2,0.33,2.17,1007,1216,1.3,0.9,0.87,0.94,0.77,0.05,0.05,0.07,0.06,0.08,0.08,0.08,0.09,0.09,0.09,0.52,0.6
PIN,2023,2023-06-22,pin_4482,2023-06-22 10:00:47,,,429,1924,1396,608,479,439,439,429,439,439,439,439,439,688,549,529,539,549,549,568,579,579,589,1.8,2.5,2.64,2.57,2.5,2.5,2.39,2.32,2.32,2.27,0.21,0.26,0.35,0.38,0.44,0.4,0.45,0.47,0.47,0.56,2.18,977,1186,0.97,0.62,0.97,0.99,0.78,0.12,0.13,0.17,0.19,0.22,0.2,0.23,0.24,0.24,0.25,0.62,0.67
PIN,2023,2023-06-22,pin_4262,2023-06-22 10:01:18,,,747,4194,3478,1755,1138,1008,911,943,943,910,910,910,845,1918,1268,1106,1105,1105,1106,1106,1105,1106,1105,1.19,2.31,2.79,2.8,2.8,2.79,2.79,2.8,2.79,2.8,0.13,0.18,0.16,0.32,0.27,0.27,0.32,0.32,0.32,0.53,3.12,1723,2146,1.43,0.95,0.92,0.95,0.82,0.08,0.1,0.09,0.18,0.15,0.15,0.18,0.18,0.18,0.24,0.6,0.67
PIN,2023,2023-06-22,pin_4791,2023-06-22 10:02:25,,,618,2991,2309,911,651,618,650,586,618,618,618,618,618,1008,748,716,683,748,748,715,748,780,748,1.97,3,3.18,3.38,3,3,3.18,3,2.83,3,0.17,0.26,0.29,0.1,0.44,0.35,0.28,0.35,0.42,0.5,2.74,1138,1463,1.63,1.04,0.91,0.95,0.79,0.1,0.13,0.14,0.05,0.22,0.17,0.14,0.17,0.21,0.17,0.54,0.62
PIN,2023,2023-06-22,pin_4411,2023-06-22 10:03:30,,,520,2373,1755,845,618,585,552,618,618,586,586,553,553,943,715,682,682,780,748,683,716,716,715,1.52,2.32,2.48,2.48,2.04,2.17,2.47,2.31,2.31,2.32,0.18,0.26,0.28,0.38,0.39,0.33,0.28,0.35,0.44,0.55,2.17,975,1170,1.43,1.03,0.95,0.96,0.78,0.1,0.14,0.14,0.19,0.21,0.17,0.14,0.18,0.23,0.23,0.57,0.61
PIN,2023,2023-06-22,pin_4716,2023-06-22 10:05:25,,,399,1466,1017,469,399,398,398,399,399,419,409,409,418,529,459,458,468,478,488,488,508,508,508,1.77,2.19,2.2,2.13,2.07,2,2,1.89,1.89,1.89,0.23,0.29,0.29,0.32,0.35,0.39,0.3,0.41,0.41,0.5,1.43,748,917,0.96,0.6,0.9,0.95,0.73,0.11,0.13,0.13,0.15,0.17,0.18,0.14,0.19,0.19,0.18,0.52,0.6
PIN,2023,2023-06-22,pin_5224,2023-06-22 10:13:20,,,498,2253,1635,688,518,508,478,478,468,488,478,488,478,777,588,588,569,568,578,578,588,598,598,1.9,2.83,2.83,2.96,2.97,2.9,2.9,2.83,2.77,2.77,0.21,0.25,0.28,0.34,0.34,0.4,0.33,0.39,0.38,0.52,2.42,817,987,1.76,1.28,0.91,0.96,0.78,0.11,0.12,0.14,0.16,0.16,0.19,0.16,0.19,0.18,0.2,0.51,0.59
PIN,2023,2023-06-22,pin_5141,2023-06-22 10:15:58,,,529,2483,1885,738,539,499,489,489,478,488,489,489,499,808,599,569,559,559,578,579,589,599,609,2.07,3.15,3.36,3.44,3.44,3.3,3.29,3.22,3.15,3.08,0.16,0.21,0.27,0.28,0.28,0.37,0.34,0.36,0.39,0.5,2.78,898,1097,1.77,1.26,0.93,0.97,0.79,0.09,0.1,0.12,0.13,0.13,0.17,0.16,0.17,0.18,0.18,0.53,0.6
PIN,2023,2023-06-22,pin_4743,2023-06-22 10:16:08,,,780,2373,1690,747,553,552,552,520,520,520,520,520,552,748,585,585,617,585,617,617,617,617,617,2.17,3.06,3.06,2.85,3.06,2.85,2.85,2.85,2.85,2.85,0,0.16,0.17,0.3,0.33,0.45,0.45,0.45,0.45,0.5,2.06,975,1170,1.43,1.03,0.95,1.05,0.67,0,0.05,0.06,0.11,0.11,0.16,0.16,0.16,0.16,0.11,0.43,0.53
PIN,2023,2023-06-22,pin_4990,2023-06-22 10:18:02,,,845,3999,2991,1170,878,813,846,846,813,813,846,813,846,1268,1008,976,943,943,976,975,1008,1041,1008,2.15,2.97,3.1,3.24,3.24,3.1,3.1,2.97,2.84,2.97,0.14,0.27,0.35,0.22,0.22,0.35,0.35,0.33,0.44,0.45,2.54,1398,1723,1.86,1.32,0.9,0.95,0.79,0.08,0.13,0.17,0.1,0.1,0.17,0.17,0.16,0.22,0.16,0.51,0.59
PIN,2023,2023-06-22,pin_4681,2023-06-22 10:19:34,,,379,1405,987,418,349,339,329,339,339,339,339,349,349,468,399,398,398,408,408,428,428,428,438,2,2.52,2.53,2.53,2.44,2.44,2.28,2.28,2.28,2.21,0.23,0.29,0.34,0.4,0.38,0.38,0.46,0.46,0.41,0.56,1.83,728,857,0.93,0.64,0.96,0.97,0.73,0.11,0.13,0.15,0.17,0.17,0.17,0.21,0.21,0.18,0.2,0.56,0.6
PIN,2023,2023-06-22,pin_5341,2023-06-22 10:21:20,,,748,3674,2796,1170,845,748,748,748,748,748,748,748,780,1268,943,845,878,846,846,846,878,878,878,1.9,2.9,3.35,3.18,3.34,3.34,3.34,3.18,3.18,3.18,0.13,0.21,0.24,0.31,0.24,0.24,0.24,0.31,0.31,0.3,2.58,1398,1755,1.63,1.09,0.93,0.94,0.8,0.08,0.1,0.11,0.15,0.12,0.12,0.12,0.15,0.15,0.11,0.56,0.61
PIN,2023,2023-06-22,pin_5293,2023-06-22 10:24:09,,,521,2243,1495,585,455,455,423,423,423,422,455,422,455,585,520,488,488,520,488,520,520,520,520,2.83,3.31,3.6,3.6,3.31,3.6,3.31,3.31,3.31,3.31,0,0.29,0.16,0.32,0.43,0.32,0.43,0.29,0.43,0.4,2.29,715,878,2.14,1.55,0.89,0.92,0.77,0,0.12,0.07,0.13,0.19,0.13,0.19,0.12,0.19,0.12,0.45,0.52
PIN,2023,2023-06-22,pin_4760,2023-06-22 10:24:34,,,552,2536,1691,716,553,520,552,552,520,520,520,520,553,846,651,651,618,650,650,650,650,683,715,2,2.9,2.9,3.1,2.9,2.9,2.9,2.9,2.71,2.55,0.28,0.31,0.42,0.23,0.31,0.42,0.42,0.42,0.49,0.55,2.06,1008,1203,1.52,1.11,0.93,0.99,0.78,0.15,0.15,0.2,0.11,0.15,0.2,0.2,0.2,0.24,0.23,0.55,0.62
PIN,2023,2023-06-22,pin_5419,2023-06-22 10:29:48,,,846,3251,2146,878,715,715,683,683,650,682,650,683,650,943,780,748,748,748,748,747,747,748,747,2.45,3.17,3.35,3.35,3.35,3.35,3.35,3.35,3.35,3.35,0.15,0.21,0.11,0.22,0.22,0.33,0.22,0.33,0.22,0.5,2.3,1008,1138,2.23,1.86,0.83,0.92,0.74,0.07,0.08,0.04,0.09,0.09,0.13,0.09,0.13,0.09,0.13,0.39,0.46
PIN,2023,2023-06-22,pin_4970,2023-06-22 10:35:54,,,552,2276,1723,748,552,553,520,520,487,487,520,520,520,812,617,585,552,553,586,585,585,618,618,1.8,2.69,2.89,3.12,3.12,2.88,2.89,2.89,2.68,2.68,0.15,0.23,0.12,0.13,0.14,0.38,0.38,0.25,0.35,0.43,2.31,846,943,1.69,1.41,0.93,0.92,0.76,0.08,0.11,0.05,0.06,0.06,0.17,0.17,0.11,0.16,0.16,0.5,0.52
PIN,2023,2023-06-22,pin_6066,2023-06-22 10:38:17,,,618,2471,1626,650,553,520,488,521,521,521,488,488,488,683,618,585,553,553,586,553,585,585,585,2.62,3,3.22,3.47,3.47,3.22,3.47,3.22,3.22,3.22,0.11,0.25,0.27,0.29,0.14,0.27,0.14,0.4,0.4,0.5,2.33,683,845,2.62,1.92,0.74,0.91,0.75,0.05,0.11,0.11,0.12,0.06,0.11,0.06,0.17,0.17,0.17,0.33,0.46
PIN,2023,2023-06-22,pin_5988,2023-06-22 10:40:28,,,329,1555,1127,508,349,309,309,299,299,299,289,299,299,588,398,359,349,359,359,359,369,359,378,1.64,2.91,3.33,3.46,3.33,3.33,3.33,3.21,3.33,3.11,0.23,0.25,0.3,0.25,0.36,0.36,0.36,0.46,0.36,0.53,2.77,538,668,1.89,1.33,0.95,0.97,0.79,0.14,0.12,0.14,0.11,0.17,0.17,0.17,0.22,0.17,0.21,0.54,0.6
PIN,2023,2023-06-22,pin_5996,2023-06-22 10:45:59,,,553,1561,1203,683,553,553,553,553,553,553,520,521,520,813,651,618,586,585,585,618,618,618,618,0.92,1.4,1.53,1.66,1.67,1.67,1.53,1.53,1.53,1.53,0.33,0.35,0.25,0.14,0.13,0.13,0.25,0.38,0.37,0.6,1.31,748,911,1.09,0.71,0.84,0.9,0.65,0.16,0.15,0.11,0.06,0.05,0.05,0.11,0.16,0.16,0.16,0.39,0.46
PIN,2023,2023-06-22,pin_6073,2023-06-22 10:49:28,,,498,2323,1794,718,518,478,468,468,458,459,448,448,448,787,578,558,548,548,548,548,548,548,538,1.95,3.02,3.16,3.24,3.24,3.24,3.24,3.24,3.24,3.32,0.16,0.22,0.31,0.31,0.31,0.35,0.35,0.39,0.39,0.5,3,728,857,2.19,1.71,0.9,0.95,0.79,0.09,0.1,0.14,0.15,0.15,0.16,0.16,0.18,0.18,0.17,0.48,0.55
PIN,2023,2023-06-22,pin_5923,2023-06-22 10:49:30,,,488,2004,1466,589,459,429,428,418,399,408,409,408,418,648,509,489,479,488,478,479,498,498,498,2.09,2.94,3.1,3.18,3.11,3.19,3.18,3.02,3.02,3.02,0.18,0.22,0.28,0.25,0.33,0.39,0.35,0.41,0.41,0.5,2.51,758,948,1.64,1.11,0.93,0.96,0.76,0.09,0.1,0.12,0.11,0.14,0.17,0.15,0.18,0.18,0.16,0.5,0.57
PIN,2023,2023-06-22,pin_5650,2023-06-22 11:08:11,,,249,1087,708,329,259,249,249,249,259,249,259,249,259,388,299,289,299,319,329,319,329,339,349,1.8,2.64,2.76,2.64,2.41,2.3,2.41,2.3,2.21,2.11,0.28,0.28,0.29,0.35,0.44,0.42,0.44,0.42,0.52,0.64,1.73,518,629,1.1,0.73,0.91,0.99,0.77,0.15,0.13,0.14,0.17,0.22,0.21,0.22,0.21,0.27,0.26,0.56,0.65
PIN,2023,2023-06-22,pin_4241,2023-06-22 11:15:12,,,520,2211,1365,553,488,487,488,488,455,488,488,488,487,618,552,552,552,553,585,585,585,585,585,2.58,3.01,3.01,3.01,3,2.78,2.78,2.78,2.78,2.78,0.22,0.26,0.26,0.26,0.26,0.48,0.36,0.36,0.36,0.5,1.8,910,1040,1.43,1.13,0.87,0.88,0.76,0.11,0.12,0.12,0.12,0.12,0.22,0.17,0.17,0.17,0.17,0.5,0.53
PIN,2023,2023-06-22,pin_4474,2023-06-22 11:16:41,,,419,2034,1526,668,508,478,488,488,488,488,478,478,478,748,578,568,588,588,598,608,598,598,588,1.72,2.52,2.58,2.46,2.46,2.4,2.35,2.4,2.4,2.46,0.18,0.23,0.31,0.32,0.32,0.35,0.37,0.38,0.38,0.46,2.19,897,1057,1.27,0.92,0.92,0.95,0.79,0.11,0.12,0.16,0.17,0.17,0.18,0.2,0.2,0.2,0.19,0.58,0.63
PIN,2023,2023-06-22,pin_4538,2023-06-22 11:23:45,,,585,2633,1691,650,552,552,552,520,552,520,520,520,553,747,617,617,617,618,618,617,617,617,650,2.52,3.27,3.27,3.27,3.26,3.26,3.27,3.27,3.27,3.05,0.26,0.23,0.23,0.23,0.35,0.24,0.35,0.35,0.35,0.5,2.06,1040,1235,1.53,1.13,0.91,0.93,0.78,0.13,0.11,0.11,0.11,0.16,0.11,0.16,0.16,0.16,0.15,0.53,0.58
PIN,2023,2023-06-22,pin_4436,2023-06-22 11:27:38,,,650,2503,1950,813,618,617,617,618,617,617,617,618,585,845,650,650,682,650,682,650,682,683,715,1.96,2.85,2.85,2.67,2.85,2.67,2.85,2.67,2.66,2.5,0.08,0.12,0.12,0.22,0.12,0.22,0.12,0.22,0.22,0.5,2.33,1073,1333,1.33,0.88,0.88,0.93,0.74,0.04,0.05,0.05,0.1,0.05,0.1,0.05,0.1,0.1,0.18,0.48,0.56
PIN,2023,2023-06-22,pin_4772,2023-06-22 11:31:09,,,585,1691,1171,650,585,585,552,553,520,520,520,552,520,682,618,617,617,585,585,585,585,585,585,1.48,1.74,1.74,1.74,1.89,1.89,1.89,1.89,1.89,1.89,0.11,0.13,0.13,0.26,0.14,0.28,0.28,0.28,0.14,0.5,1.25,780,910,1.17,0.86,0.8,0.92,0.65,0.05,0.05,0.05,0.11,0.05,0.11,0.11,0.11,0.06,0.11,0.37,0.46
PIN,2023,2023-06-22,pin_4805,2023-06-22 11:33:03,,,487,1691,1106,487,423,390,390,423,423,422,422,423,422,552,455,455,487,455,455,488,487,488,520,2.06,2.72,2.72,2.47,2.72,2.72,2.47,2.47,2.47,2.25,0.26,0.18,0.36,0.48,0.18,0.18,0.32,0.32,0.32,0.6,1.62,812,1007,1.08,0.68,0.88,1.03,0.71,0.12,0.07,0.14,0.2,0.07,0.07,0.14,0.13,0.13,0.19,0.48,0.61
PIN,2023,2023-06-22,pin_5211,2023-06-22 11:45:09,,,683,3024,2016,846,747,682,683,682,650,650,650,651,650,911,813,747,780,747,780,747,748,748,748,2.32,2.72,3.05,2.88,3.05,2.88,3.05,3.04,3.04,3.04,0.14,0.17,0.19,0.27,0.19,0.36,0.28,0.29,0.28,0.43,2.1,1040,1203,1.91,1.51,0.92,0.94,0.77,0.07,0.08,0.09,0.12,0.09,0.17,0.13,0.13,0.13,0.13,0.5,0.54
PIN,2023,2023-07-19,pin_2954,2023-07-19 10:41:41,,,553,3219,2764,1690,1106,943,845,780,748,748,716,683,683,1788,1236,1040,975,910,878,846,846,813,813,0.8,1.6,2.1,2.3,2.54,2.67,2.8,2.8,2.96,2.96,0.08,0.16,0.15,0.22,0.25,0.26,0.21,0.27,0.29,0.36,3.05,1041,1235,2.09,1.61,0.92,0.93,0.83,0.05,0.11,0.09,0.13,0.14,0.15,0.12,0.15,0.16,0.16,0.56,0.6
PIN,2023,2023-07-19,pin_3254,2023-07-19 10:45:25,,,359,1845,1505,797,548,478,459,449,448,448,448,429,419,907,638,558,549,569,578,588,588,568,569,1.03,1.89,2.31,2.36,2.24,2.19,2.14,2.14,2.25,2.24,0.18,0.24,0.26,0.3,0.38,0.4,0.42,0.42,0.44,0.52,2.59,697,778,1.65,1.37,0.91,0.95,0.81,0.12,0.14,0.14,0.16,0.21,0.22,0.24,0.24,0.24,0.26,0.56,0.6
PIN,2023,2023-07-19,pin_2866,2023-07-19 10:48:59,,,553,3674,3154,2341,1366,1073,910,845,780,781,748,748,780,2536,1496,1170,1008,943,943,910,911,910,910,0.45,1.46,2.14,2.64,2.9,2.9,3.04,3.03,3.04,3.04,0.1,0.12,0.13,0.16,0.18,0.29,0.24,0.31,0.31,0.31,3.04,1203,1398,2.05,1.63,0.92,0.96,0.85,0.08,0.09,0.08,0.1,0.1,0.17,0.14,0.18,0.18,0.14,0.59,0.65
PIN,2023,2023-07-19,pin_2757,2023-07-19 10:50:37,,,520,2536,2016,1105,780,650,618,618,618,585,585,552,520,1236,878,748,716,716,683,683,715,715,682,1.05,1.89,2.39,2.54,2.54,2.71,2.71,2.55,2.55,2.72,0.16,0.19,0.25,0.26,0.26,0.19,0.28,0.35,0.44,0.55,2.88,878,1040,1.89,1.44,0.91,0.97,0.79,0.11,0.11,0.13,0.14,0.14,0.1,0.14,0.18,0.23,0.24,0.52,0.59
PIN,2023,2023-07-19,pin_3361,2023-07-19 10:54:12,,,585,3057,2731,1593,943,781,716,683,650,650,650,617,618,1658,1008,846,781,715,748,716,716,715,748,0.84,2.03,2.61,2.91,3.28,3.09,3.27,3.27,3.28,3.09,0.06,0.11,0.14,0.16,0.09,0.26,0.19,0.19,0.28,0.4,3.42,910,1041,2.36,1.94,0.96,0.95,0.81,0.04,0.06,0.08,0.08,0.04,0.13,0.09,0.09,0.14,0.17,0.54,0.56
PIN,2023,2023-07-19,pin_3061,2023-07-19 10:57:35,,,528,3031,2622,1745,1187,977,878,828,808,777,758,738,747,1894,1297,1097,1017,977,947,937,917,907,897,0.6,1.34,1.76,1.98,2.1,2.2,2.23,2.31,2.34,2.38,0.11,0.13,0.17,0.22,0.25,0.25,0.29,0.29,0.32,0.35,2.51,1137,1336,1.67,1.27,0.92,0.94,0.83,0.08,0.08,0.11,0.14,0.15,0.15,0.17,0.17,0.19,0.17,0.59,0.63
PIN,2023,2023-07-19,pin_3134,2023-07-19 10:58:50,,,552,3024,2471,1593,1040,878,780,748,748,715,715,715,682,1820,1235,1008,943,910,911,911,910,910,911,0.66,1.45,2,2.21,2.32,2.32,2.32,2.32,2.32,2.32,0.17,0.24,0.22,0.3,0.31,0.31,0.37,0.37,0.37,0.5,2.62,1236,1463,1.45,1.07,0.94,0.97,0.82,0.12,0.16,0.13,0.17,0.18,0.18,0.22,0.21,0.21,0.25,0.61,0.67
PIN,2023,2023-07-19,pin_2237,2023-07-19 11:17:18,,,618,3252,2569,976,748,716,683,683,683,683,683,651,683,1041,845,781,781,781,781,781,781,813,781,2.12,2.85,3.16,3.16,3.16,3.16,3.16,3.16,3,3.16,0.11,0.22,0.16,0.25,0.25,0.25,0.25,0.25,0.39,0.38,2.76,1105,1300,1.94,1.5,0.84,0.91,0.81,0.06,0.11,0.08,0.13,0.13,0.13,0.13,0.13,0.2,0.13,0.5,0.57
PIN,2023,2023-07-19,pin_3085,2023-07-19 11:26:37,,,748,3284,2145,878,683,650,650,617,618,617,650,650,650,1008,813,748,747,747,748,780,780,780,780,2.26,3.04,3.39,3.4,3.4,3.39,3.21,3.21,3.21,3.21,0.25,0.35,0.3,0.3,0.4,0.4,0.47,0.37,0.37,0.5,2.3,1593,1820,1.06,0.8,0.95,0.98,0.77,0.13,0.16,0.13,0.13,0.17,0.17,0.21,0.17,0.17,0.17,0.59,0.64
PIN,2023,2023-07-19,pin_2467,2023-07-19 11:27:36,,,259,808,598,259,239,209,190,180,180,180,190,190,190,289,259,229,220,220,220,220,220,220,219,1.8,2.12,2.53,2.67,2.67,2.67,2.67,2.67,2.67,2.69,0.24,0.19,0.23,0.37,0.5,0.5,0.5,0.37,0.37,0.42,2.15,349,429,1.32,0.88,1.01,1.1,0.68,0.1,0.08,0.09,0.14,0.18,0.18,0.18,0.14,0.14,0.13,0.48,0.58
PIN,2023,2023-07-19,pin_2158,2023-07-19 11:39:22,,,651,3641,2991,1528,1040,910,846,846,812,813,813,813,780,1658,1171,1040,975,975,975,943,943,943,943,1.2,2.11,2.5,2.73,2.73,2.73,2.86,2.86,2.86,2.86,0.12,0.19,0.22,0.24,0.24,0.3,0.25,0.25,0.25,0.39,2.83,1463,1723,1.49,1.11,0.96,0.96,0.82,0.08,0.11,0.12,0.13,0.13,0.17,0.14,0.14,0.14,0.17,0.62,0.66
PIN,2023,2023-07-19,pin_2076,2023-07-19 12:02:29,,,553,2958,2374,1365,845,716,650,650,650,650,618,617,617,1528,943,813,780,780,780,780,780,781,747,0.94,2.14,2.64,2.79,2.79,2.79,2.79,2.79,2.79,2.96,0.15,0.18,0.22,0.31,0.31,0.31,0.31,0.39,0.39,0.4,2.85,1073,1301,1.76,1.27,0.94,0.95,0.81,0.11,0.1,0.12,0.17,0.17,0.17,0.17,0.21,0.21,0.17,0.58,0.62
PIN,2023,2023-07-19,pin_2196,2023-07-19 12:14:02,,,438,2173,1646,738,499,449,439,439,429,439,458,439,469,838,569,509,509,509,509,519,538,538,558,1.59,2.82,3.27,3.27,3.27,3.27,3.19,3.04,3.04,2.89,0.2,0.24,0.24,0.29,0.29,0.33,0.32,0.3,0.37,0.41,2.51,888,1116,1.45,0.95,0.91,0.93,0.8,0.12,0.12,0.12,0.14,0.14,0.16,0.15,0.15,0.18,0.16,0.56,0.62
PIN,2023,2023-07-19,pin_2497,2023-07-19 12:14:49,,,867,2751,1406,927,668,598,569,548,538,529,528,538,549,1137,837,758,728,718,717,717,718,718,738,1.42,2.29,2.63,2.78,2.83,2.84,2.84,2.83,2.83,2.73,0.39,0.51,0.56,0.6,0.65,0.69,0.73,0.73,0.69,0.53,1.56,1296,1496,1.12,0.84,1.28,1.26,0.68,0.18,0.2,0.21,0.22,0.24,0.25,0.26,0.26,0.25,0.26,0.65,0.68
PIN,2023,2023-07-19,pin_2521,2023-07-19 12:14:56,,,520,3479,2666,1073,780,715,683,683,683,651,651,651,650,1138,846,813,780,780,748,748,748,781,716,2.06,3.11,3.28,3.46,3.46,3.65,3.65,3.65,3.45,3.86,0.09,0.13,0.21,0.22,0.22,0.16,0.24,0.24,0.3,0.29,3.1,1236,1430,1.81,1.43,0.83,0.88,0.85,0.06,0.08,0.12,0.12,0.12,0.09,0.13,0.13,0.17,0.09,0.55,0.61
PIN,2023,2023-07-19,pin_2428,2023-07-19 12:16:59,,,683,3088,2276,1041,716,683,650,650,651,650,618,618,618,1106,813,748,715,748,716,715,715,748,748,1.79,2.8,3.13,3.32,3.13,3.31,3.32,3.32,3.13,3.13,0.11,0.25,0.19,0.2,0.28,0.2,0.2,0.3,0.38,0.45,2.68,1041,1203,1.97,1.57,0.98,0.98,0.78,0.06,0.12,0.09,0.09,0.13,0.09,0.09,0.14,0.17,0.17,0.53,0.57
PIN,2023,2023-07-19,pin_2367,2023-07-19 12:26:11,,,682,3446,2893,1365,877,748,683,683,683,683,682,683,683,1398,943,813,780,748,748,748,747,747,747,1.46,2.65,3.24,3.42,3.61,3.61,3.61,3.61,3.61,3.61,0.04,0.13,0.16,0.26,0.19,0.19,0.19,0.19,0.18,0.28,3.24,943,1106,2.65,2.12,0.92,0.99,0.8,0.02,0.07,0.08,0.12,0.09,0.09,0.09,0.09,0.09,0.09,0.48,0.56
PIN,2023,2023-07-19,pin_2512,2023-07-19 12:26:51,,,210,1187,917,518,319,269,249,229,229,229,229,249,249,598,359,299,289,279,279,289,289,299,309,0.98,2.31,2.97,3.11,3.25,3.25,3.11,3.11,2.97,2.84,0.19,0.19,0.19,0.26,0.34,0.34,0.39,0.39,0.31,0.43,2.68,418,509,1.84,1.33,0.92,0.97,0.82,0.13,0.11,0.1,0.14,0.18,0.18,0.21,0.21,0.17,0.19,0.57,0.65
PIN,2023,2023-07-19,pin_2437,2023-07-19 12:29:43,,,553,2828,2309,1138,748,617,585,553,553,520,520,553,553,1268,780,715,650,650,683,650,650,683,650,1.23,2.63,2.96,3.35,3.35,3.14,3.35,3.35,3.14,3.35,0.16,0.08,0.27,0.21,0.31,0.38,0.41,0.41,0.38,0.43,3.18,910,1073,2.11,1.64,0.94,0.94,0.8,0.1,0.04,0.14,0.1,0.15,0.19,0.2,0.2,0.19,0.15,0.54,0.58
PIN,2023,2023-07-19,pin_2740,2023-07-19 12:36:59,,,780,3478,2666,1202,813,748,715,715,715,715,683,683,682,1300,878,813,780,780,780,813,781,780,780,1.68,2.96,3.28,3.46,3.46,3.46,3.28,3.45,3.46,3.46,0.13,0.16,0.18,0.19,0.19,0.19,0.27,0.29,0.28,0.38,2.91,1007,1203,2.45,1.89,0.9,0.94,0.78,0.08,0.07,0.08,0.08,0.08,0.08,0.12,0.13,0.12,0.13,0.45,0.51
PIN,2023,2023-07-19,pin_2815,2023-07-19 12:38:24,,,488,2601,2114,975,650,585,553,520,488,488,520,487,488,1105,748,650,617,617,618,585,617,618,585,1.35,2.48,3,3.22,3.22,3.21,3.45,3.22,3.21,3.45,0.18,0.24,0.19,0.2,0.31,0.41,0.34,0.31,0.42,0.43,3.33,910,1138,1.86,1.29,0.95,1,0.81,0.12,0.13,0.1,0.1,0.16,0.21,0.17,0.16,0.21,0.17,0.57,0.66
PIN,2023,2023-07-19,pin_3884,2023-07-19 12:40:27,,,170,887,618,358,250,220,190,209,209,199,199,199,199,449,310,260,269,259,259,269,279,269,279,0.98,1.86,2.41,2.3,2.42,2.42,2.3,2.18,2.3,2.18,0.3,0.32,0.28,0.52,0.35,0.35,0.46,0.5,0.46,0.62,2.11,329,379,1.7,1.34,0.94,0.94,0.81,0.2,0.19,0.15,0.29,0.19,0.19,0.26,0.29,0.26,0.29,0.57,0.6
PIN,2023,2023-07-19,pin_3868,2023-07-19 12:43:12,,,339,1605,1277,658,459,409,389,369,379,369,369,369,379,748,528,479,458,439,459,449,459,448,459,1.15,2.04,2.35,2.5,2.66,2.5,2.57,2.5,2.58,2.5,0.19,0.24,0.28,0.29,0.32,0.34,0.35,0.38,0.35,0.47,2.37,1396,1555,0.15,0.03,0.95,0.95,0.79,0.12,0.13,0.15,0.15,0.16,0.17,0.18,0.2,0.18,0.17,0.73,0.74
PIN,2023,2023-07-19,pin_3957,2023-07-19 12:50:11,,,715,3446,2829,1105,846,781,748,748,781,748,748,748,748,1203,911,878,878,878,845,846,845,878,878,1.86,2.78,2.92,2.92,2.92,3.08,3.07,3.08,2.92,2.92,0.14,0.14,0.22,0.3,0.3,0.16,0.24,0.24,0.3,0.36,2.78,1625,1951,1.12,0.77,0.96,1,0.79,0.08,0.07,0.11,0.15,0.15,0.08,0.12,0.11,0.15,0.15,0.62,0.68
PIN,2023,2023-07-19,pin_3969,2023-07-19 13:14:32,,,813,3544,2146,812,682,651,553,553,260,293,293,227,195,910,780,716,650,651,325,358,357,293,227,2.89,3.54,3.95,4.45,4.44,9.9,8.9,8.93,11.1,14.61,0.23,0.3,0.22,0.39,0.39,0.85,0.72,0.71,1.04,0.33,10.01,455,618,6.79,4.73,2.13,2,0.77,0.11,0.13,0.09,0.15,0.15,0.2,0.18,0.18,0.23,0.14,0.64,0.74
PIN,2023,2023-07-19,pin_3904,2023-07-19 13:26:54,,,520,2081,1463,780,520,520,455,487,488,488,488,455,455,845,617,553,552,520,585,520,553,552,552,1.46,2.37,2.76,2.77,3,2.56,3,2.76,2.77,2.77,0.14,0.33,0.13,0.4,0.15,0.36,0.14,0.26,0.4,0.5,2.22,845,1073,1.46,0.94,0.91,0.95,0.75,0.08,0.16,0.06,0.18,0.06,0.17,0.06,0.12,0.18,0.18,0.5,0.58
PIN,2023,2023-07-19,pin_3621,2023-07-19 13:34:37,,,521,1788,1138,618,455,423,423,390,423,618,456,423,455,650,520,488,456,455,455,715,521,488,488,1.75,2.44,2.66,2.92,2.93,2.93,1.5,2.43,2.66,2.66,0.1,0.3,0.33,0.19,0.37,0.18,0.28,0.3,0.33,0.25,1.5,651,878,1.75,1.04,0.96,1.02,0.71,0.05,0.12,0.13,0.07,0.14,0.07,0.14,0.12,0.13,0.07,0.45,0.56
PIN,2023,2023-07-19,pin_257,2023-07-19 13:39:48,,,780,2829,2081,1041,715,650,682,617,682,650,682,682,682,1138,781,748,715,748,715,780,780,812,812,1.49,2.62,2.78,2.96,2.78,2.96,2.63,2.63,2.48,2.48,0.17,0.2,0.32,0.12,0.43,0.12,0.4,0.3,0.37,0.5,2.05,1040,1301,1.72,1.17,0.83,0.91,0.72,0.09,0.08,0.13,0.05,0.18,0.05,0.17,0.13,0.16,0.16,0.41,0.5
PIN,2023,2023-07-19,pin_3601,2023-07-19 13:40:12,,,683,2503,2015,1236,1040,910,878,1138,650,585,553,617,585,1463,1203,1105,1072,1333,748,748,748,747,780,0.71,1.08,1.27,1.33,0.88,2.35,2.35,2.35,2.35,2.21,0.25,0.24,0.33,0.34,0.25,0.3,0.49,0.59,0.39,0.6,2.44,1105,1301,1.27,0.92,1.03,1.03,0.73,0.16,0.14,0.18,0.18,0.15,0.13,0.22,0.26,0.17,0.25,0.56,0.6
PIN,2023,2023-07-19,pin_278,2023-07-19 13:41:56,,,230,987,718,319,250,220,209,230,230,249,240,239,369,379,280,259,259,279,280,289,309,299,418,1.6,2.53,2.81,2.81,2.54,2.53,2.42,2.19,2.3,1.36,0.28,0.22,0.32,0.42,0.36,0.37,0.28,0.44,0.4,0.26,0.95,718,967,0.37,0.02,0.96,0.97,0.77,0.16,0.11,0.15,0.19,0.18,0.18,0.14,0.22,0.2,0.12,0.68,0.74
PIN,2023,2023-07-19,pin_480,2023-07-19 13:53:58,,,553,2471,1820,813,585,552,520,552,520,552,553,553,520,910,650,651,618,650,650,650,683,650,650,1.72,2.8,2.8,3,2.8,2.8,2.8,2.62,2.8,2.8,0.19,0.21,0.32,0.34,0.32,0.42,0.32,0.39,0.31,0.45,2.5,780,975,2.17,1.53,1.04,1.1,0.78,0.11,0.1,0.15,0.16,0.15,0.2,0.15,0.19,0.15,0.2,0.54,0.63
PIN,2023,2023-07-19,pin_556,2023-07-19 13:56:47,,,478,1925,1376,589,439,398,389,378,389,389,388,399,399,668,498,459,449,468,479,489,498,498,518,1.88,2.87,3.19,3.29,3.11,3.02,2.94,2.87,2.87,2.72,0.23,0.27,0.32,0.32,0.45,0.44,0.47,0.5,0.45,0.57,2.45,728,897,1.64,1.15,0.98,1.01,0.75,0.12,0.12,0.13,0.13,0.19,0.19,0.2,0.22,0.2,0.23,0.52,0.59
PIN,2023,2023-07-19,pin_879,2023-07-19 14:07:06,,,748,3121,2471,1105,877,845,812,813,813,813,813,813,845,1203,975,910,943,943,943,910,943,943,943,1.59,2.2,2.43,2.31,2.31,2.31,2.43,2.31,2.31,2.31,0.15,0.2,0.15,0.28,0.28,0.28,0.22,0.28,0.28,0.3,1.92,1268,1561,1.46,1,0.91,0.95,0.76,0.08,0.1,0.07,0.14,0.14,0.14,0.11,0.14,0.14,0.1,0.51,0.58
PIN,2023,2023-07-19,pin_871,2023-07-19 14:07:58,,,650,2796,2276,1138,846,780,781,748,748,748,748,748,780,1300,976,910,878,845,845,878,846,878,878,1.15,1.86,2.07,2.18,2.31,2.31,2.18,2.3,2.18,2.18,0.21,0.25,0.28,0.22,0.23,0.23,0.29,0.23,0.29,0.3,1.92,1300,1625,1.15,0.72,0.91,0.97,0.77,0.12,0.13,0.14,0.11,0.11,0.11,0.15,0.12,0.15,0.11,0.55,0.64
PIN,2023,2023-07-19,pin_1933,2023-07-19 14:16:18,,,618,2438,1984,1008,716,650,651,618,618,586,618,618,586,1041,780,716,683,683,683,683,683,650,651,1.34,2.13,2.41,2.57,2.57,2.57,2.57,2.57,2.75,2.75,0.06,0.17,0.2,0.1,0.21,0.21,0.31,0.21,0.11,0.33,2.39,943,1105,1.59,1.21,0.91,0.92,0.75,0.03,0.08,0.09,0.05,0.1,0.1,0.14,0.1,0.05,0.1,0.48,0.53
PIN,2023,2023-07-19,pin_1942,2023-07-19 14:18:19,,,650,3218,2536,1300,878,780,748,748,715,716,715,683,715,1398,975,878,878,846,878,878,878,878,878,1.3,2.3,2.67,2.67,2.8,2.67,2.67,2.67,2.67,2.67,0.11,0.18,0.22,0.29,0.23,0.36,0.36,0.36,0.43,0.42,2.55,1235,1528,1.61,1.11,1,0.98,0.8,0.07,0.1,0.11,0.15,0.12,0.19,0.18,0.19,0.22,0.19,0.6,0.64
PIN,2023,2023-07-19,pin_1827,2023-07-19 14:45:08,,,813,3901,3186,1528,1073,976,943,943,942,943,910,910,910,1626,1170,1106,1073,1040,1040,1008,1008,1008,1040,1.4,2.33,2.53,2.64,2.75,2.75,2.87,2.87,2.87,2.75,0.1,0.16,0.23,0.24,0.19,0.19,0.13,0.2,0.2,0.31,2.5,1300,1593,2,1.45,0.9,0.94,0.79,0.06,0.08,0.12,0.12,0.09,0.09,0.06,0.1,0.1,0.12,0.5,0.57
PIN,2023,2023-07-19,pin_1981,2023-07-19 14:47:39,,,339,927,688,428,339,309,329,319,319,319,309,309,299,459,389,349,359,339,359,349,349,349,359,1.02,1.38,1.66,1.58,1.73,1.58,1.66,1.66,1.66,1.58,0.15,0.31,0.29,0.21,0.15,0.28,0.22,0.29,0.29,0.5,1.3,448,508,1.07,0.82,0.93,0.97,0.63,0.07,0.13,0.11,0.08,0.06,0.11,0.09,0.11,0.11,0.17,0.42,0.47
PIN,2023,2023-07-19,pin_1062,2023-07-19 14:48:21,,,618,3381,2764,1268,845,715,682,683,682,683,715,682,715,1398,910,813,812,780,813,845,845,845,813,1.42,2.72,3.16,3.16,3.33,3.16,3,3,3,3.16,0.14,0.13,0.23,0.31,0.24,0.31,0.36,0.29,0.37,0.3,2.87,1268,1463,1.67,1.31,0.94,0.94,0.82,0.09,0.07,0.12,0.16,0.12,0.16,0.19,0.15,0.19,0.12,0.59,0.62
PIN,2023,2023-07-19,pin_1213,2023-07-19 14:50:13,,,748,3869,3186,1593,1040,911,846,877,812,812,813,845,812,1690,1106,1008,976,976,943,943,943,975,942,1.29,2.5,2.84,2.96,2.96,3.1,3.1,3.1,2.97,3.11,0.09,0.11,0.18,0.26,0.2,0.28,0.28,0.27,0.26,0.36,2.92,1626,2016,1.38,0.92,0.94,0.99,0.81,0.06,0.06,0.1,0.13,0.1,0.14,0.14,0.14,0.13,0.14,0.6,0.68
PIN,2023,2023-07-19,pin_1220,2023-07-19 14:50:45,,,479,2333,1994,987,688,618,638,618,618,678,648,638,1276,1127,798,718,757,757,778,858,817,828,1605,1.07,1.92,2.25,2.08,2.08,2,1.72,1.86,1.82,0.45,0.19,0.24,0.26,0.28,0.33,0.36,0.36,0.36,0.4,0.32,0.56,1515,1455,0.54,0.6,0.97,1.09,0.79,0.12,0.14,0.14,0.16,0.18,0.21,0.21,0.21,0.23,0.2,0.69,0.77
PIN,2023,2023-07-19,pin_1590,2023-07-19 14:55:38,,,617,2861,2244,1170,781,651,618,617,618,618,618,651,618,1268,846,748,715,748,748,748,780,780,780,1.26,2.38,2.82,3,2.82,2.82,2.82,2.67,2.67,2.67,0.13,0.15,0.27,0.28,0.36,0.36,0.36,0.42,0.33,0.45,2.63,1073,1268,1.67,1.26,0.94,0.96,0.78,0.08,0.08,0.13,0.14,0.18,0.17,0.17,0.21,0.17,0.21,0.55,0.59
PIN,2023,2023-07-19,pin_1373,2023-07-19 14:57:59,,,163,3056,2666,1268,943,845,812,780,748,780,780,812,780,1366,1008,943,910,910,910,910,942,942,943,1.24,2.03,2.24,2.36,2.36,2.36,2.36,2.24,2.24,2.24,0.08,0.08,0.12,0.13,0.17,0.21,0.17,0.2,0.16,0.42,2.42,1463,1821,1.09,0.68,0.67,0.72,0.95,0.07,0.06,0.1,0.11,0.14,0.18,0.14,0.17,0.14,0.17,0.6,0.66
PIN,2023,2023-07-19,pin_535,2023-07-19 14:58:32,,,650,2764,2146,911,651,585,585,553,553,553,553,553,553,1008,715,683,650,651,650,650,618,618,651,1.74,2.87,3.05,3.25,3.25,3.25,3.25,3.47,3.47,3.25,0.18,0.2,0.32,0.23,0.35,0.34,0.34,0.25,0.25,0.43,2.88,1040,1300,1.66,1.13,0.96,0.95,0.76,0.1,0.09,0.14,0.1,0.15,0.15,0.15,0.11,0.11,0.15,0.53,0.57
PIN,2023,2023-07-19,pin_689,2023-07-19 15:06:13,,,682,2991,2373,1138,845,780,748,715,747,715,715,682,683,1235,910,845,845,845,813,877,845,845,845,1.42,2.29,2.54,2.54,2.54,2.68,2.41,2.54,2.54,2.54,0.13,0.14,0.16,0.23,0.31,0.17,0.37,0.31,0.39,0.45,2.47,1301,1528,1.3,0.96,0.97,1.01,0.77,0.08,0.07,0.08,0.11,0.15,0.08,0.18,0.15,0.19,0.19,0.57,0.64
PIN,2023,2023-07-19,pin_1355,2023-07-19 15:06:50,,,748,3837,3187,2016,1268,1040,943,910,910,877,877,878,877,2178,1365,1137,1072,1073,1072,1072,1040,1040,1040,0.76,1.81,2.37,2.58,2.58,2.58,2.58,2.69,2.69,2.69,0.11,0.12,0.16,0.22,0.28,0.28,0.34,0.3,0.29,0.36,2.63,1560,1885,1.46,1.04,0.93,0.95,0.81,0.07,0.07,0.09,0.12,0.15,0.15,0.18,0.16,0.16,0.16,0.58,0.64
PIN,2023,2023-07-19,pin_1834,2023-07-19 15:06:52,,,479,2253,1784,747,548,498,478,468,468,468,458,458,468,827,598,548,538,518,518,518,518,518,508,1.72,2.77,3.11,3.19,3.35,3.35,3.35,3.35,3.35,3.44,0.17,0.17,0.19,0.24,0.21,0.21,0.21,0.25,0.25,0.25,2.81,857,1106,1.63,1.04,0.91,0.96,0.79,0.1,0.08,0.09,0.11,0.1,0.1,0.1,0.12,0.12,0.08,0.53,0.62
PIN,2023,2023-07-19,pin_1307,2023-07-19 15:11:27,,,448,2104,1785,1027,688,568,538,509,509,499,489,499,489,1107,738,618,598,568,568,558,568,569,558,0.9,1.85,2.4,2.52,2.7,2.7,2.77,2.7,2.7,2.77,0.11,0.12,0.16,0.2,0.21,0.21,0.21,0.28,0.25,0.33,2.65,937,1177,1.25,0.79,0.96,0.99,0.79,0.07,0.07,0.08,0.1,0.1,0.1,0.11,0.14,0.12,0.12,0.6,0.67
PIN,2023,2023-07-19,pin_1204,2023-07-19 15:15:21,,,845,4194,3706,2341,1560,1301,1170,1105,1106,1073,1041,1041,1008,2471,1658,1430,1300,1235,1203,1203,1203,1203,1203,0.7,1.53,1.93,2.23,2.4,2.49,2.49,2.49,2.49,2.49,0.08,0.1,0.16,0.18,0.2,0.15,0.2,0.25,0.25,0.4,2.68,1691,1983,1.48,1.11,0.91,0.96,0.8,0.05,0.06,0.09,0.1,0.11,0.08,0.11,0.13,0.13,0.16,0.56,0.62
PIN,2023,2023-07-19,pin_1205,2023-07-19 15:16:19,,,438,2233,1844,1087,747,678,638,618,598,579,578,569,568,1197,817,747,748,698,678,668,668,658,668,0.87,1.73,1.99,1.99,2.2,2.29,2.34,2.34,2.39,2.34,0.13,0.14,0.16,0.25,0.2,0.21,0.24,0.24,0.25,0.35,2.25,1027,1276,1.17,0.75,0.94,0.96,0.8,0.09,0.09,0.09,0.15,0.11,0.12,0.13,0.13,0.14,0.15,0.61,0.67
PIN,2023,2023-07-20,pin_63,2023-07-20 10:18:10,,,438,1954,1476,648,479,429,419,409,409,399,409,409,409,698,519,489,469,459,459,469,469,479,479,1.8,2.76,3,3.17,3.26,3.26,3.17,3.17,3.08,3.08,0.13,0.16,0.26,0.23,0.24,0.24,0.33,0.28,0.32,0.39,2.61,618,728,2.16,1.68,0.93,0.95,0.78,0.07,0.08,0.12,0.11,0.11,0.11,0.15,0.13,0.15,0.15,0.48,0.53
PIN,2023,2023-07-20,pin_773,2023-07-20 10:23:33,,,329,1227,827,468,359,329,329,319,329,329,319,329,319,559,429,399,399,399,399,408,419,419,428,1.19,1.86,2.08,2.08,2.08,2.08,2.01,1.93,1.93,1.87,0.29,0.33,0.37,0.37,0.43,0.37,0.41,0.49,0.45,0.64,1.59,568,668,1.16,0.84,0.94,0.95,0.73,0.16,0.16,0.18,0.18,0.2,0.18,0.19,0.24,0.21,0.25,0.52,0.57
PIN,2023,2023-07-20,pin_746,2023-07-20 10:30:16,,,585,3023,2405,1040,715,617,585,552,585,585,585,552,552,1105,747,682,650,650,650,650,650,650,682,1.74,3.05,3.43,3.65,3.65,3.65,3.65,3.65,3.65,3.43,0.1,0.08,0.2,0.21,0.32,0.21,0.21,0.21,0.32,0.5,3.36,975,1202,2.1,1.51,0.93,0.95,0.81,0.06,0.04,0.1,0.1,0.15,0.1,0.1,0.1,0.15,0.19,0.53,0.59
PIN,2023,2023-07-20,pin_625,2023-07-20 10:35:30,,,518,2752,2143,968,639,578,548,538,538,528,538,548,538,1067,718,639,629,619,628,638,648,668,668,1.58,2.83,3.31,3.38,3.45,3.38,3.31,3.25,3.12,3.12,0.15,0.21,0.19,0.26,0.27,0.29,0.34,0.34,0.35,0.46,2.98,877,1007,2.14,1.73,0.92,0.96,0.81,0.09,0.11,0.1,0.13,0.13,0.14,0.17,0.17,0.18,0.19,0.53,0.58
PIN,2023,2023-07-20,pin_219,2023-07-20 10:40:59,,,190,1017,778,459,289,259,249,259,239,239,249,239,240,508,339,299,299,309,299,299,309,299,309,1,2,2.4,2.4,2.29,2.4,2.4,2.29,2.4,2.29,0.14,0.25,0.24,0.3,0.28,0.36,0.36,0.34,0.36,0.46,2.24,509,598,1,0.7,1,1,0.81,0.1,0.15,0.13,0.17,0.16,0.2,0.2,0.19,0.2,0.22,0.69,0.72
PIN,2023,2023-07-20,pin_5224,2023-07-20 10:53:21,,,845,3479,2666,1138,975,911,878,878,878,845,878,878,845,1203,1008,976,975,976,976,943,943,943,943,1.89,2.45,2.56,2.57,2.56,2.56,2.69,2.69,2.69,2.69,0.1,0.07,0.14,0.21,0.22,0.22,0.23,0.15,0.15,0.3,2.16,1203,1430,1.89,1.43,0.83,0.97,0.76,0.05,0.03,0.07,0.1,0.1,0.1,0.1,0.07,0.07,0.1,0.43,0.54
PIN,2023,2023-07-20,pin_5419,2023-07-20 10:57:16,,,585,2535,1723,716,552,520,488,488,488,488,487,487,520,813,585,553,553,585,585,553,552,585,585,2.12,3.33,3.58,3.58,3.33,3.33,3.58,3.59,3.33,3.33,0.23,0.13,0.14,0.28,0.38,0.38,0.28,0.28,0.39,0.33,2.31,846,976,2,1.6,0.95,0.95,0.77,0.12,0.06,0.06,0.12,0.17,0.17,0.12,0.12,0.17,0.11,0.5,0.53
PIN,2023,2023-07-20,pin_5341,2023-07-20 10:58:05,,,683,3577,2666,1008,846,780,780,748,748,716,715,715,715,1138,943,878,845,845,846,845,845,845,845,2.14,2.79,3.07,3.23,3.23,3.23,3.23,3.23,3.23,3.23,0.2,0.19,0.22,0.15,0.23,0.23,0.31,0.31,0.31,0.45,2.73,1203,1463,1.97,1.44,0.92,0.98,0.81,0.11,0.1,0.11,0.08,0.11,0.12,0.15,0.15,0.15,0.15,0.54,0.62
PIN,2023,2023-07-20,pin_4970,2023-07-20 11:05:40,,,780,3349,2568,1203,943,877,813,845,813,813,813,780,813,1268,975,942,911,911,910,877,878,911,878,1.64,2.43,2.56,2.68,2.68,2.68,2.82,2.81,2.68,2.81,0.09,0.07,0.14,0.23,0.15,0.23,0.16,0.16,0.3,0.22,2.16,1170,1431,1.86,1.34,0.88,0.93,0.77,0.05,0.03,0.07,0.11,0.07,0.11,0.07,0.07,0.14,0.07,0.47,0.55
PIN,2023,2023-07-20,pin_5293,2023-07-20 11:07:31,,,553,2698,2016,1041,650,585,585,553,553,520,552,520,520,1138,748,683,618,618,618,618,585,618,618,1.37,2.61,2.95,3.37,3.37,3.37,3.37,3.61,3.37,3.37,0.14,0.25,0.29,0.11,0.22,0.22,0.34,0.12,0.34,0.5,2.88,813,975,2.32,1.77,0.89,0.91,0.8,0.09,0.13,0.14,0.05,0.11,0.11,0.16,0.06,0.16,0.16,0.48,0.53
PIN,2023,2023-07-20,pin_5650,2023-07-20 11:10:21,,,586,2796,2341,1040,715,651,618,586,618,585,553,585,585,1073,748,683,651,651,683,651,650,650,651,1.61,2.74,3.09,3.29,3.29,3.09,3.29,3.3,3.3,3.29,0.05,0.09,0.1,0.11,0.21,0.2,0.22,0.32,0.21,0.29,3,878,976,2.18,1.86,0.89,0.88,0.79,0.03,0.04,0.05,0.05,0.1,0.1,0.1,0.15,0.1,0.1,0.48,0.5
PIN,2023,2023-07-20,pin_4760,2023-07-20 11:12:07,,,618,3283,2536,1170,812,715,715,715,650,650,650,650,650,1301,878,813,780,780,780,780,780,748,780,1.52,2.74,3.04,3.21,3.21,3.21,3.21,3.21,3.39,3.21,0.16,0.14,0.23,0.16,0.16,0.33,0.33,0.33,0.26,0.4,2.9,1072,1300,2.06,1.53,0.88,0.95,0.81,0.1,0.08,0.12,0.08,0.08,0.17,0.17,0.17,0.13,0.17,0.51,0.6
PIN,2023,2023-07-20,pin_4681,2023-07-20 11:21:43,,,910,2503,1950,1073,813,748,780,748,748,747,780,748,780,1138,845,813,813,813,813,845,813,846,846,1.2,1.96,2.08,2.08,2.08,2.08,1.96,2.08,1.96,1.96,0.13,0.1,0.22,0.11,0.22,0.22,0.31,0.11,0.31,0.29,1.5,1138,1366,1.2,0.83,0.84,0.88,0.64,0.06,0.04,0.08,0.04,0.08,0.08,0.12,0.04,0.12,0.08,0.37,0.43
PIN,2023,2023-07-20,pin_5141,2023-07-20 11:22:48,,,715,3479,2926,1398,943,813,780,747,748,715,715,715,715,1495,1008,910,878,845,845,845,845,845,845,1.33,2.45,2.82,2.96,3.12,3.12,3.12,3.12,3.12,3.12,0.1,0.12,0.21,0.23,0.24,0.24,0.32,0.32,0.32,0.4,3.09,1268,1561,1.74,1.23,0.92,0.95,0.79,0.06,0.06,0.11,0.11,0.12,0.11,0.15,0.15,0.15,0.15,0.54,0.6
PIN,2023,2023-07-20,pin_4743,2023-07-20 11:30:22,,,617,2438,1886,911,618,552,521,521,521,520,520,488,520,975,650,618,585,586,586,553,585,585,586,1.5,2.75,2.94,3.17,3.16,3.16,3.41,3.17,3.17,3.16,0.12,0.11,0.25,0.26,0.27,0.27,0.15,0.27,0.4,0.4,2.63,943,1138,1.59,1.14,0.91,0.99,0.75,0.07,0.05,0.11,0.11,0.11,0.11,0.06,0.11,0.17,0.11,0.48,0.57
PIN,2023,2023-07-20,pin_5988,2023-07-20 11:36:37,,,553,2113,1528,748,585,553,552,520,520,520,552,553,552,813,650,617,617,618,618,650,650,650,618,1.6,2.25,2.42,2.42,2.42,2.42,2.25,2.25,2.25,2.42,0.15,0.22,0.23,0.23,0.35,0.35,0.43,0.32,0.32,0.34,1.77,878,1008,1.41,1.1,0.96,0.9,0.74,0.08,0.1,0.1,0.11,0.16,0.16,0.2,0.15,0.15,0.11,0.52,0.52
PIN,2023,2023-07-20,pin_4990,2023-07-20 11:36:51,,,617,2763,1918,813,650,617,618,585,618,585,585,586,585,878,715,683,683,683,650,683,683,683,683,2.15,2.86,3.05,3.05,3.05,3.25,3.05,3.05,3.05,3.05,0.14,0.19,0.21,0.21,0.31,0.11,0.31,0.31,0.31,0.43,2.28,1008,1203,1.74,1.3,0.92,0.94,0.78,0.07,0.09,0.1,0.1,0.14,0.05,0.14,0.14,0.14,0.14,0.52,0.57
PIN,2023,2023-07-20,pin_6066,2023-07-20 11:41:29,,,489,2513,1984,888,618,558,538,528,529,528,518,518,529,977,698,648,639,628,629,628,628,638,628,1.57,2.6,2.88,2.93,3,3,3,3,2.94,3,0.15,0.21,0.27,0.31,0.31,0.31,0.31,0.34,0.37,0.4,2.75,888,1047,1.83,1.4,0.93,0.96,0.81,0.09,0.11,0.14,0.16,0.16,0.16,0.16,0.18,0.19,0.16,0.55,0.61
PIN,2023,2023-07-20,pin_5996,2023-07-20 11:43:43,,,748,3121,2146,943,715,683,650,650,618,618,586,618,586,1008,780,748,682,683,651,683,683,683,715,2.1,3,3.17,3.58,3.57,3.79,3.57,3.57,3.57,3.37,0.13,0.19,0.2,0.11,0.12,0.13,0.23,0.35,0.23,0.5,2.66,846,1008,2.69,2.1,0.92,0.95,0.76,0.06,0.08,0.09,0.05,0.05,0.05,0.1,0.14,0.1,0.18,0.42,0.48
PIN,2023,2023-07-20,pin_5211,2023-07-20 11:45:52,,,780,3934,2666,2048,1430,1203,1138,1040,943,910,878,845,812,2211,1626,1398,1300,1203,1138,1105,1073,1072,1041,0.78,1.42,1.81,2.03,2.27,2.46,2.56,2.67,2.67,2.78,0.11,0.19,0.24,0.22,0.25,0.32,0.33,0.35,0.4,0.44,2.28,1398,1658,1.81,1.37,1.07,1.09,0.8,0.07,0.12,0.14,0.12,0.14,0.17,0.18,0.18,0.21,0.22,0.63,0.69
PIN,2023,2023-07-20,pin_5923,2023-07-20 11:54:53,,,683,2406,1658,748,618,585,585,618,617,618,618,618,618,878,683,716,682,748,747,780,748,748,780,1.74,2.52,2.36,2.53,2.22,2.22,2.08,2.22,2.22,2.08,0.31,0.23,0.43,0.34,0.4,0.4,0.46,0.4,0.4,0.55,1.68,1073,1235,1.24,0.95,0.92,0.98,0.72,0.15,0.1,0.18,0.14,0.17,0.17,0.21,0.17,0.17,0.21,0.49,0.55
PIN,2023,2023-07-20,pin_6073,2023-07-20 12:01:42,,,329,1056,688,339,289,279,269,259,269,269,269,269,279,389,329,309,319,319,329,329,329,329,329,1.71,2.21,2.42,2.31,2.31,2.21,2.21,2.21,2.21,2.21,0.29,0.3,0.25,0.39,0.47,0.45,0.45,0.45,0.45,0.46,1.47,478,558,1.21,0.89,0.96,0.99,0.69,0.13,0.12,0.1,0.16,0.19,0.18,0.18,0.18,0.18,0.15,0.48,0.54
PIN,2023,2023-07-20,pin_5096,2023-07-20 12:04:13,,,469,1655,1236,688,498,458,438,429,429,449,439,439,439,738,528,498,488,489,489,499,498,489,498,1.24,2.13,2.32,2.39,2.38,2.38,2.32,2.32,2.38,2.32,0.13,0.13,0.19,0.24,0.29,0.29,0.23,0.27,0.24,0.37,1.82,588,668,1.81,1.48,0.82,0.86,0.72,0.07,0.06,0.08,0.1,0.12,0.12,0.1,0.12,0.1,0.12,0.39,0.43
PIN,2023,2023-07-20,pin_4411,2023-07-20 12:04:33,,,585,2113,1398,682,585,553,553,552,553,552,520,553,553,780,650,683,651,650,683,683,683,683,683,1.71,2.25,2.09,2.25,2.25,2.09,2.09,2.09,2.09,2.09,0.26,0.22,0.42,0.34,0.34,0.42,0.42,0.52,0.42,0.5,1.53,976,1138,1.16,0.86,0.97,0.98,0.72,0.13,0.1,0.19,0.15,0.15,0.19,0.19,0.24,0.19,0.19,0.53,0.57
PIN,2023,2023-07-20,pin_4716,2023-07-20 12:12:35,,,508,2254,1775,1017,668,589,568,558,558,569,569,569,579,1146,747,688,668,668,678,708,718,718,728,0.97,2.02,2.28,2.37,2.37,2.32,2.18,2.14,2.14,2.1,0.18,0.2,0.28,0.3,0.33,0.35,0.38,0.4,0.4,0.47,2.07,897,1026,1.51,1.2,0.94,0.94,0.77,0.11,0.11,0.14,0.15,0.16,0.18,0.2,0.21,0.21,0.2,0.55,0.57
PIN,2023,2023-07-20,pin_4791,2023-07-20 12:16:05,,,585,2731,2179,975,650,585,585,552,520,553,520,520,552,1040,748,651,650,617,650,618,618,650,650,1.63,2.65,3.2,3.2,3.43,3.2,3.42,3.42,3.2,3.2,0.11,0.26,0.22,0.21,0.23,0.43,0.23,0.35,0.43,0.43,2.95,1040,1236,1.63,1.21,0.97,0.93,0.79,0.06,0.13,0.1,0.1,0.11,0.2,0.11,0.16,0.2,0.15,0.56,0.58
PIN,2023,2023-07-20,pin_4482,2023-07-20 12:22:49,,,618,2991,2179,1008,715,683,650,650,683,650,683,651,683,1138,845,781,780,780,780,780,780,780,780,1.63,2.54,2.83,2.83,2.83,2.83,2.83,2.83,2.83,2.83,0.19,0.3,0.25,0.33,0.33,0.25,0.33,0.25,0.33,0.3,2.19,1203,1430,1.49,1.09,0.93,0.95,0.79,0.11,0.15,0.13,0.17,0.17,0.12,0.17,0.12,0.17,0.12,0.57,0.61
PIN,2023,2023-07-20,pin_4474,2023-07-20 12:26:49,,,585,1463,1105,650,585,585,552,552,553,585,553,585,585,715,650,617,617,585,650,585,618,585,618,1.05,1.25,1.37,1.37,1.5,1.25,1.5,1.37,1.5,1.37,0.21,0.25,0.13,0.27,0.15,0.37,0,0.27,0,0.2,0.89,845,1040,0.73,0.41,0.91,0.91,0.6,0.09,0.1,0.05,0.11,0.06,0.15,0,0.11,0,0.05,0.42,0.47
PIN,2023,2023-07-20,pin_4241,2023-07-20 12:29:14,,,845,3674,2275,878,748,715,715,715,715,715,748,715,715,975,845,813,845,845,845,845,845,877,877,2.77,3.35,3.52,3.35,3.35,3.35,3.35,3.35,3.19,3.19,0.21,0.26,0.28,0.35,0.35,0.35,0.35,0.26,0.42,0.55,2.18,1268,1463,1.9,1.51,0.86,0.97,0.77,0.1,0.11,0.12,0.15,0.15,0.15,0.15,0.11,0.18,0.18,0.46,0.56
PIN,2023,2023-07-20,pin_4772,2023-07-20 12:36:13,,,585,2374,1625,715,585,553,520,553,553,553,553,553,553,716,618,618,585,618,618,618,650,618,618,2.32,2.84,2.84,3.06,2.84,2.84,2.84,2.65,2.84,2.84,0,0.12,0.24,0.26,0.24,0.24,0.24,0.33,0.24,0.33,1.94,813,1008,1.92,1.36,0.86,0.91,0.75,0,0.05,0.11,0.11,0.11,0.11,0.11,0.15,0.11,0.11,0.44,0.52
PIN,2023,2023-07-20,pin_4805,2023-07-20 12:41:21,,,845,3739,2601,1073,878,846,846,813,781,813,813,813,781,1171,976,943,910,943,911,911,911,943,911,2.19,2.83,2.97,3.11,2.97,3.1,3.1,3.1,2.97,3.1,0.16,0.21,0.22,0.15,0.3,0.31,0.24,0.24,0.3,0.5,2.33,1268,1496,1.95,1.5,0.81,0.94,0.77,0.08,0.1,0.1,0.07,0.14,0.14,0.11,0.11,0.14,0.14,0.44,0.54
PIN,2023,2023-07-20,pin_4538,2023-07-20 12:50:39,,,715,3024,2015,942,780,747,845,813,780,747,748,748,747,1040,910,877,1007,877,910,910,878,878,910,1.91,2.32,2.45,2,2.45,2.32,2.32,2.44,2.44,2.32,0.18,0.29,0.31,0.31,0.15,0.29,0.36,0.31,0.31,0.5,1.7,1462,1853,1.07,0.63,0.91,0.95,0.76,0.09,0.14,0.15,0.16,0.07,0.14,0.18,0.15,0.15,0.18,0.56,0.63
PIN,2023,2023-07-20,pin_4436,2023-07-20 12:53:00,,,618,2081,1560,748,586,553,521,521,520,520,520,520,520,748,618,586,586,553,553,585,553,585,585,1.78,2.37,2.55,2.55,2.76,2.76,2.56,2.76,2.56,2.56,0,0.13,0.14,0.28,0.15,0.15,0.28,0.15,0.28,0.4,2,716,780,1.91,1.67,0.81,0.88,0.7,0,0.05,0.06,0.11,0.06,0.06,0.11,0.06,0.11,0.11,0.36,0.42
PIN,2023,2023-07-20,pin_4007,2023-07-20 14:12:36,,,1008,2991,1984,911,845,813,780,780,748,748,748,748,748,976,878,878,845,813,813,846,846,813,813,2.06,2.41,2.41,2.54,2.68,2.68,2.54,2.54,2.68,2.68,0.17,0.1,0.2,0.22,0.12,0.23,0.32,0.32,0.23,0.33,1.65,1138,1366,1.63,1.19,0.8,0.9,0.66,0.07,0.04,0.07,0.08,0.04,0.08,0.12,0.12,0.08,0.08,0.34,0.43
PIN,2023,2023-07-20,pin_2842,2023-07-20 14:16:17,,,878,2991,2114,1041,813,780,748,748,715,748,748,716,716,1073,878,845,846,813,780,780,781,748,813,1.79,2.41,2.54,2.54,2.68,2.83,2.83,2.83,3,2.68,0.06,0.18,0.19,0.29,0.2,0.22,0.11,0.11,0.11,0.43,1.95,1040,1171,1.88,1.55,0.82,0.92,0.71,0.03,0.07,0.08,0.12,0.08,0.08,0.04,0.04,0.04,0.12,0.38,0.44
PIN,2023,2023-07-20,pin_1840,2023-07-20 14:29:28,,,429,1735,1326,638,489,458,448,448,449,449,449,448,458,708,539,508,518,508,508,519,528,528,528,1.45,2.22,2.42,2.35,2.42,2.42,2.34,2.29,2.29,2.29,0.18,0.19,0.21,0.28,0.25,0.25,0.28,0.31,0.32,0.41,1.9,787,987,1.2,0.76,0.89,0.94,0.75,0.1,0.09,0.1,0.14,0.12,0.12,0.13,0.15,0.15,0.13,0.52,0.6
PIN,2023,2023-08-11,pin_5996,2023-08-11 10:51:06,,,509,1077,1007,977,668,548,498,468,449,429,428,419,409,1036,708,588,528,498,479,468,448,428,429,0.04,0.52,0.83,1.04,1.16,1.25,1.3,1.4,1.52,1.51,0.11,0.13,0.18,0.16,0.18,0.19,0.26,0.14,0.07,0.2,1.46,429,458,1.51,1.35,0.76,0.81,0.53,0.06,0.06,0.07,0.06,0.06,0.06,0.08,0.04,0.02,0.05,0.23,0.26
PIN,2023,2023-08-11,pin_5923,2023-08-11 10:55:57,,,456,1528,1431,1430,1268,1072,1040,976,943,878,1007,1203,1040,1528,1333,1138,1105,1041,975,911,1106,1268,1105,0,0.15,0.34,0.38,0.47,0.57,0.68,0.38,0.21,0.38,0.09,0.07,0.09,0.09,0.1,0.05,0.06,0.14,0.08,0.09,0.38,1073,1106,0.42,0.38,1.07,1.07,0.7,0.06,0.05,0.06,0.06,0.06,0.03,0.04,0.09,0.05,0.06,0.67,0.68
PIN,2023,2023-08-11,pin_6066,2023-08-11 10:58:16,,,618,2601,2470,2470,1853,1430,1235,1137,1072,975,1008,910,877,2600,1918,1528,1300,1202,1137,1073,1040,975,975,0,0.36,0.7,1,1.16,1.29,1.42,1.5,1.67,1.67,0.07,0.05,0.1,0.08,0.09,0.1,0.16,0.05,0.12,0.2,1.82,975,1007,1.67,1.58,0.98,0.99,0.76,0.05,0.03,0.06,0.05,0.05,0.06,0.09,0.03,0.07,0.1,0.53,0.55
PIN,2023,2023-08-11,pin_5988,2023-08-11 11:00:16,,,521,2016,1886,1853,1300,1008,878,781,748,715,716,683,683,1951,1398,1041,943,846,846,813,813,748,748,0.03,0.44,0.94,1.14,1.38,1.38,1.48,1.48,1.7,1.7,0.07,0.11,0.05,0.12,0.14,0.21,0.22,0.22,0.17,0.22,1.76,780,813,1.58,1.48,0.87,0.89,0.74,0.05,0.07,0.03,0.07,0.08,0.12,0.12,0.12,0.09,0.09,0.46,0.48
PIN,2023,2023-08-11,pin_5419,2023-08-11 11:07:58,,,419,1665,1486,1446,1017,798,718,648,618,588,549,538,518,1576,1097,878,768,708,668,638,608,588,569,0.06,0.52,0.9,1.17,1.35,1.49,1.61,1.74,1.83,1.93,0.11,0.11,0.15,0.11,0.15,0.14,0.15,0.19,0.17,0.2,1.87,558,578,1.98,1.88,0.93,0.92,0.75,0.08,0.07,0.09,0.07,0.08,0.07,0.08,0.1,0.09,0.09,0.46,0.47
PIN,2023,2023-08-11,pin_5224,2023-08-11 11:12:35,,,419,1456,1157,1116,758,598,528,499,469,449,439,419,409,1187,788,618,558,519,499,479,469,459,448,0.23,0.85,1.36,1.61,1.81,1.92,2.04,2.1,2.17,2.25,0.09,0.07,0.06,0.11,0.08,0.13,0.14,0.14,0.2,0.23,1.83,439,449,2.32,2.24,0.91,0.98,0.71,0.06,0.04,0.03,0.05,0.04,0.06,0.06,0.06,0.09,0.09,0.39,0.42
PIN,2023,2023-08-11,pin_5650,2023-08-11 11:13:43,,,553,1463,1333,1333,943,781,716,651,651,585,553,553,553,1431,1008,846,748,716,683,650,650,618,618,0.02,0.45,0.73,0.96,1.04,1.14,1.25,1.25,1.37,1.37,0.11,0.12,0.16,0.09,0.2,0.11,0.24,0.35,0.26,0.33,1.41,618,683,1.37,1.14,0.64,0.88,0.62,0.07,0.06,0.08,0.04,0.09,0.05,0.1,0.15,0.11,0.11,0.26,0.38
PIN,2023,2023-08-11,pin_5293,2023-08-11 11:17:32,,,552,2113,2015,1983,1691,1332,1137,1040,975,910,910,845,813,2113,1723,1365,1202,1072,1007,943,943,877,845,0,0.23,0.55,0.76,0.97,1.1,1.24,1.24,1.41,1.5,0.08,0.03,0.04,0.09,0.05,0.06,0.06,0.06,0.07,0.08,1.48,878,878,1.41,1.41,0.89,0.96,0.74,0.06,0.02,0.02,0.05,0.03,0.03,0.03,0.03,0.04,0.04,0.48,0.52
PIN,2023,2023-08-11,pin_5141,2023-08-11 11:30:54,,,617,2569,2471,2439,1918,1430,1268,1138,1105,1041,943,910,878,2536,1885,1463,1301,1171,1105,1008,976,911,878,0.01,0.36,0.76,0.97,1.19,1.32,1.55,1.63,1.82,1.93,0.05,-0.03,0.04,0.04,0.05,0,-0.06,0.06,0,0,1.81,878,846,1.93,2.04,0.78,0.83,0.76,0.04,-0.02,0.02,0.03,0.03,0,-0.03,0.03,0,0,0.41,0.42
PIN,2023,2023-08-11,pin_5211,2023-08-11 11:33:10,,,458,1406,1326,1316,957,717,618,568,528,508,488,468,458,1385,997,747,648,588,548,538,518,488,488,0.02,0.41,0.88,1.17,1.39,1.57,1.61,1.71,1.88,1.88,0.07,0.07,0.08,0.09,0.07,0.08,0.13,0.13,0.1,0.19,1.9,468,489,2,1.88,0.73,0.83,0.67,0.05,0.04,0.04,0.05,0.03,0.04,0.06,0.06,0.04,0.06,0.3,0.35
PIN,2023,2023-08-11,pin_4990,2023-08-11 11:34:41,,,586,1430,1398,1365,1171,1040,975,878,846,813,813,748,748,1495,1300,1171,1041,911,943,878,845,845,878,-0.04,0.1,0.22,0.37,0.57,0.52,0.63,0.69,0.69,0.63,0.14,0.18,0.21,0.12,0.08,0.21,0.16,0.08,0.25,0.36,0.87,845,878,0.69,0.63,0.92,0.95,0.59,0.09,0.1,0.11,0.06,0.04,0.1,0.07,0.04,0.11,0.15,0.42,0.44
PIN,2023,2023-08-11,pin_4970,2023-08-11 11:36:59,,,199,229,239,229,229,229,219,210,210,210,200,190,200,229,239,219,219,220,210,210,210,190,200,0,-0.04,0.05,0.05,0.04,0.09,0.09,0.09,0.21,0.14,0,0.31,-0.36,0,0.36,0,0,0.39,0,0,0.19,199,199,0.15,0.15,0.82,0.87,0.13,0,0.04,-0.05,0,0.05,0,0,0.05,0,0,0.1,0.1
PIN,2023,2023-08-11,pin_4760,2023-08-11 11:40:01,,,429,1336,1247,1206,907,718,628,588,558,538,508,499,479,1296,947,738,658,608,578,558,529,509,509,0.03,0.41,0.81,1.03,1.2,1.31,1.39,1.53,1.62,1.62,0.1,0.07,0.05,0.09,0.07,0.07,0.08,0.09,0.04,0.17,1.6,508,538,1.63,1.48,0.83,0.84,0.68,0.07,0.04,0.03,0.05,0.03,0.03,0.04,0.04,0.02,0.06,0.37,0.39
PIN,2023,2023-08-11,pin_4743,2023-08-11 11:44:59,,,279,728,698,668,539,439,419,379,349,349,339,339,329,748,568,459,439,399,389,369,359,359,349,-0.03,0.28,0.59,0.66,0.82,0.87,0.97,1.03,1.03,1.09,0.17,0.09,0.09,0.09,0.11,0.22,0.12,0.13,0.13,0.2,1.12,359,389,1.03,0.87,0.76,0.72,0.62,0.11,0.05,0.04,0.05,0.05,0.1,0.05,0.06,0.06,0.06,0.33,0.33
PIN,2023,2023-08-11,pin_4716,2023-08-11 11:54:05,,,199,558,478,429,319,249,230,219,200,199,190,179,169,498,359,289,249,239,239,210,210,209,199,0.12,0.55,0.93,1.24,1.33,1.33,1.66,1.66,1.67,1.8,0.22,0.21,0.29,0.17,0.19,0.37,0.13,0.24,0.36,0.43,1.83,190,210,1.94,1.66,0.83,1.07,0.64,0.14,0.11,0.14,0.08,0.08,0.16,0.05,0.1,0.14,0.15,0.32,0.43
PIN,2023,2023-08-11,pin_4482,2023-08-11 11:56:03,,,160,448,398,389,299,299,279,279,279,249,259,249,260,449,379,358,319,319,309,289,319,309,300,0,0.18,0.25,0.4,0.4,0.45,0.55,0.4,0.45,0.49,0.21,0.35,0.28,0.22,0.22,0.18,0.26,0.33,0.35,0.25,0.53,299,309,0.5,0.45,0.86,0.93,0.64,0.13,0.21,0.16,0.13,0.13,0.1,0.14,0.19,0.19,0.13,0.47,0.52
PIN,2023,2023-08-11,pin_4262,2023-08-11 12:00:42,,,429,917,858,838,618,529,479,478,458,418,408,408,389,908,648,559,508,498,488,448,428,418,419,0.01,0.42,0.64,0.81,0.84,0.88,1.05,1.14,1.19,1.19,0.15,0.1,0.13,0.15,0.11,0.16,0.19,0.13,0.07,0.27,1.21,409,419,1.24,1.19,0.73,0.77,0.53,0.08,0.05,0.05,0.06,0.04,0.06,0.07,0.05,0.02,0.07,0.24,0.26
PIN,2023,2023-08-11,pin_4411,2023-08-11 12:03:23,,,429,1227,1146,1136,878,708,618,579,549,528,518,499,489,1226,937,747,668,619,598,568,559,549,538,0,0.31,0.64,0.84,0.98,1.05,1.16,1.19,1.23,1.28,0.11,0.11,0.1,0.15,0.13,0.17,0.15,0.16,0.2,0.23,1.34,519,558,1.36,1.2,0.96,0.97,0.65,0.07,0.06,0.05,0.07,0.06,0.08,0.07,0.07,0.09,0.09,0.42,0.45
PIN,2023,2023-08-11,pin_4791,2023-08-11 12:03:46,,,409,1087,1007,977,678,548,538,479,459,429,478,449,429,1017,698,558,558,519,479,449,508,478,459,0.07,0.56,0.95,0.95,1.09,1.27,1.42,1.14,1.27,1.37,0.06,0.06,0.04,0.08,0.17,0.1,0.11,0.14,0.14,0.21,1.35,439,449,1.48,1.42,0.8,0.82,0.62,0.04,0.03,0.02,0.04,0.08,0.04,0.04,0.06,0.06,0.07,0.32,0.33
PIN,2023,2023-08-11,pin_5096,2023-08-11 12:11:39,,,520,1951,1886,1690,1040,845,748,682,650,617,585,585,552,1788,1105,845,780,682,650,617,617,585,585,0.09,0.77,1.31,1.5,1.86,2,2.16,2.16,2.34,2.34,0.08,0.1,0,0.08,0,0,0,0.11,0,0.17,2.42,618,845,2.16,1.31,0.79,0.99,0.73,0.05,0.06,0,0.04,0,0,0,0.05,0,0.06,0.37,0.54
PIN,2023,2023-08-11,pin_4772,2023-08-11 12:24:18,,,748,1951,1918,1885,1463,1138,1007,942,877,878,878,846,813,1951,1463,1171,1040,975,942,910,878,845,845,0,0.33,0.67,0.88,1,1.07,1.14,1.22,1.31,1.31,0.05,0,0.06,0.07,0.08,0.16,0.08,0,0,0.12,1.36,846,878,1.31,1.22,0.84,0.88,0.62,0.03,0,0.03,0.03,0.03,0.07,0.04,0,0,0.04,0.35,0.37
PIN,2023,2023-08-11,pin_4474,2023-08-11 12:24:43,,,309,568,499,459,339,309,289,280,289,279,269,279,269,509,379,329,329,309,299,289,289,289,289,0.12,0.5,0.73,0.73,0.84,0.9,0.97,0.97,0.97,0.97,0.23,0.29,0.19,0.37,0.3,0.11,0.12,0.23,0.12,0.33,0.86,319,319,0.78,0.78,0.88,0.78,0.46,0.1,0.11,0.06,0.12,0.09,0.03,0.03,0.07,0.03,0.07,0.28,0.25
PIN,2023,2023-08-11,pin_4805,2023-08-11 12:26:28,,,270,778,678,668,488,428,399,349,319,309,300,279,269,748,539,468,439,399,349,339,329,309,299,0.04,0.44,0.66,0.77,0.95,1.23,1.29,1.36,1.52,1.6,0.17,0.17,0.16,0.18,0.26,0.19,0.2,0.2,0.23,0.27,1.52,289,309,1.69,1.52,0.92,0.91,0.65,0.11,0.09,0.09,0.09,0.13,0.09,0.09,0.09,0.1,0.1,0.38,0.39
PIN,2023,2023-08-11,pin_4241,2023-08-11 12:26:38,,,683,2536,2373,2146,1268,1040,976,911,878,845,846,845,813,2308,1333,1138,1040,1008,975,942,911,910,878,0.1,0.9,1.23,1.44,1.52,1.6,1.69,1.78,1.79,1.89,0.1,0.08,0.16,0.12,0.19,0.19,0.21,0.14,0.14,0.18,1.92,910,975,1.79,1.6,0.94,0.91,0.73,0.07,0.05,0.09,0.06,0.1,0.1,0.1,0.07,0.07,0.07,0.46,0.47
PIN,2023,2023-08-11,pin_1204,2023-08-11 13:48:14,,,650,2633,2600,2568,2113,1626,1333,1170,1105,1008,943,943,910,2666,2145,1658,1398,1236,1105,1073,1008,975,943,-0.01,0.23,0.59,0.88,1.13,1.38,1.45,1.61,1.7,1.79,0.05,0.02,0.03,0.08,0.09,0,0.11,0.12,0.06,0.08,1.86,910,1918,1.89,0.37,0.84,1.08,0.75,0.04,0.01,0.02,0.05,0.05,0,0.06,0.06,0.03,0.03,0.43,0.75
PIN,2023,2023-08-11,pin_1205,2023-08-11 13:49:16,,,975,3608,3414,3349,2373,1755,1495,1365,1268,1235,1170,1105,1073,3446,2373,1756,1560,1398,1333,1268,1203,1170,1105,0.05,0.52,1.05,1.31,1.58,1.71,1.85,2,2.08,2.27,0.04,0,0,0.08,0.05,0.1,0.05,0.06,0.12,0.07,2.18,1105,1138,2.27,2.17,0.98,1,0.73,0.03,0,0,0.04,0.02,0.05,0.03,0.03,0.06,0.03,0.44,0.46
PIN,2023,2023-08-11,pin_63,2023-08-11 13:55:20,,,229,578,519,488,399,329,299,269,279,260,240,250,229,578,439,369,339,319,299,289,279,279,259,0,0.32,0.57,0.71,0.81,0.93,1,1.07,1.07,1.23,0.26,0.17,0.22,0.25,0.34,0.15,0.23,0.33,0.25,0.34,1.27,270,279,1.14,1.07,0.99,1.01,0.6,0.16,0.09,0.11,0.12,0.16,0.07,0.1,0.14,0.1,0.12,0.41,0.43
PIN,2023,2023-08-11,pin_219,2023-08-11 13:57:06,,,389,1366,1256,1236,1017,797,698,658,638,618,598,589,588,1376,1097,857,757,708,708,678,658,649,639,-0.01,0.25,0.59,0.8,0.93,0.93,1.01,1.08,1.1,1.14,0.14,0.11,0.11,0.13,0.12,0.17,0.16,0.17,0.17,0.18,1.14,629,668,1.17,1.04,0.86,0.89,0.72,0.1,0.07,0.07,0.08,0.07,0.1,0.09,0.09,0.09,0.08,0.46,0.49
PIN,2023,2023-08-11,pin_1307,2023-08-11 13:58:00,,,553,1593,1495,1496,1138,845,716,650,651,650,586,553,553,1560,1170,878,781,715,682,650,618,618,585,0.02,0.36,0.81,1.04,1.23,1.34,1.45,1.58,1.58,1.72,0.06,0.05,0.07,0.17,0.2,0.1,0,0.12,0.25,0.2,1.7,553,553,1.88,1.88,0.74,0.6,0.65,0.04,0.03,0.04,0.08,0.09,0.05,0,0.05,0.11,0.05,0.29,0.24
PIN,2023,2023-08-11,pin_1355,2023-08-11 14:00:06,,,715,2048,2113,2080,1658,1333,1073,975,910,878,845,846,780,2145,1690,1333,1073,975,943,846,878,813,813,-0.05,0.21,0.54,0.91,1.1,1.17,1.42,1.33,1.52,1.52,0.05,0.03,0,0,0,0.08,-0.09,0.08,-0.1,0.11,1.71,780,747,1.63,1.74,0.7,0.64,0.65,0.03,0.02,0,0,0,0.03,-0.04,0.04,-0.04,0.04,0.29,0.26
PIN,2023,2023-08-11,pin_393,2023-08-11 14:06:33,,,229,468,419,409,319,269,250,229,229,219,209,219,209,459,348,299,269,259,249,239,230,229,239,0.02,0.34,0.57,0.74,0.81,0.88,0.96,1.03,1.04,0.96,0.22,0.19,0.25,0.19,0.32,0.22,0.24,0.27,0.13,0.43,1,239,239,0.96,0.96,0.84,0.83,0.51,0.11,0.08,0.1,0.07,0.12,0.08,0.08,0.09,0.04,0.13,0.29,0.29
PIN,2023,2023-08-11,pin_1840,2023-08-11 14:07:51,,,878,3511,3251,3219,2568,1983,1658,1528,1430,1366,1301,1268,1203,3251,2601,1983,1690,1560,1430,1366,1333,1268,1203,0.08,0.35,0.77,1.08,1.25,1.46,1.57,1.63,1.77,1.92,0.01,0.02,0,0.03,0.04,0,0,0.05,0,0,1.7,1203,1203,1.92,1.92,0.8,0.8,0.75,0.01,0.01,0,0.02,0.02,0,0,0.02,0,0,0.41,0.41
PIN,2023,2023-08-11,pin_548,2023-08-11 14:08:09,,,683,3024,2926,2893,2438,1886,1626,1495,1398,1300,1235,1235,1171,2991,2471,1919,1658,1496,1398,1365,1300,1236,1203,0.01,0.22,0.58,0.82,1.02,1.16,1.22,1.33,1.45,1.51,0.04,0.02,0.03,0.03,0,0,0.08,0.08,0,0.05,1.5,1171,1235,1.58,1.45,0.88,0.9,0.77,0.03,0.01,0.02,0.02,0,0,0.05,0.05,0,0.03,0.5,0.53
PIN,2023,2023-08-11,pin_773,2023-08-11 14:13:45,,,449,1286,1147,1137,957,708,628,569,529,509,489,479,459,1197,977,748,638,579,549,529,509,489,479,0.07,0.32,0.72,1.02,1.22,1.34,1.43,1.53,1.63,1.68,0.08,0.03,0.1,0.03,0.04,0.08,0.09,0.09,0.05,0.12,1.5,469,479,1.74,1.68,0.74,0.82,0.65,0.05,0.02,0.05,0.02,0.02,0.04,0.04,0.04,0.02,0.04,0.3,0.33
PIN,2023,2023-08-11,pin_625,2023-08-11 14:15:45,,,552,2438,2536,2471,1885,1496,1430,1301,1170,1138,1073,1008,975,2601,1983,1560,1431,1301,1268,1203,1138,1073,1041,-0.06,0.23,0.56,0.7,0.87,0.92,1.03,1.14,1.27,1.34,0.06,0.07,0.06,0,0,0.12,0.09,0.09,0.1,0.14,1.6,1008,1041,1.42,1.34,0.77,0.79,0.77,0.05,0.05,0.04,0,0,0.08,0.05,0.06,0.06,0.06,0.45,0.47
PIN,2023,2023-08-11,pin_556,2023-08-11 14:24:30,,,683,2243,2178,2113,1528,1203,1072,975,943,877,877,845,780,2210,1593,1235,1105,1008,943,910,910,845,845,0.01,0.41,0.82,1.03,1.23,1.38,1.46,1.46,1.65,1.65,0.06,0.07,0.05,0.06,0.06,0,0.08,0.08,0,0.22,1.79,845,812,1.65,1.76,0.83,0.88,0.7,0.04,0.04,0.03,0.03,0.03,0,0.04,0.04,0,0.08,0.38,0.4
PIN,2023,2023-08-11,pin_871,2023-08-11 14:26:20,,,359,937,897,887,648,538,469,439,419,409,389,379,369,937,678,548,489,449,429,409,409,389,389,0,0.38,0.71,0.92,1.09,1.18,1.29,1.29,1.41,1.41,0.09,0.08,0.04,0.09,0.05,0.05,0,0.12,0.06,0.17,1.43,369,379,1.54,1.47,0.63,0.74,0.62,0.05,0.04,0.02,0.04,0.02,0.02,0,0.05,0.03,0.05,0.24,0.29
PIN,2023,2023-08-11,pin_480,2023-08-11 14:26:53,,,240,538,479,478,439,399,379,369,359,359,359,349,339,568,498,459,439,449,429,418,428,399,389,-0.05,0.08,0.17,0.23,0.2,0.25,0.29,0.26,0.35,0.38,0.28,0.22,0.25,0.27,0.35,0.33,0.29,0.32,0.26,0.31,0.41,399,408,0.35,0.32,0.89,0.85,0.55,0.16,0.12,0.13,0.14,0.18,0.16,0.14,0.16,0.13,0.13,0.43,0.41
PIN,2023,2023-08-11,pin_879,2023-08-11 14:27:48,,,419,1516,1416,1406,1107,827,728,658,618,598,569,549,538,1516,1177,887,778,718,668,638,608,598,588,0,0.29,0.71,0.95,1.11,1.27,1.38,1.49,1.54,1.58,0.1,0.09,0.11,0.11,0.15,0.14,0.12,0.13,0.16,0.19,1.63,568,598,1.67,1.54,0.85,0.89,0.72,0.07,0.06,0.07,0.06,0.08,0.07,0.06,0.06,0.08,0.09,0.42,0.45
PIN,2023,2023-08-11,pin_278,2023-08-11 14:32:38,,,279,638,549,539,398,339,309,279,270,259,250,249,239,608,448,379,329,319,299,299,280,279,269,0.05,0.42,0.68,0.94,1,1.13,1.13,1.28,1.29,1.37,0.21,0.24,0.24,0.15,0.32,0.26,0.36,0.3,0.3,0.38,1.3,269,269,1.37,1.37,0.85,0.85,0.56,0.11,0.11,0.11,0.06,0.13,0.1,0.13,0.11,0.11,0.11,0.3,0.3
PIN,2023,2023-08-11,pin_1942,2023-08-11 14:37:23,,,553,1560,1496,1496,1203,910,780,715,683,650,618,618,585,1593,1203,943,813,748,683,650,650,585,585,-0.02,0.3,0.65,0.92,1.09,1.28,1.4,1.4,1.67,1.67,0.09,0,0.07,0.08,0.09,0,0,0.11,-0.14,0,1.56,553,553,1.82,1.82,0.75,0.6,0.65,0.06,0,0.03,0.04,0.04,0,0,0.05,-0.06,0,0.29,0.24
PIN,2023,2023-08-11,pin_1933,2023-08-11 14:39:23,,,339,977,947,947,828,639,548,498,458,438,418,399,399,1007,858,677,578,518,478,448,438,418,399,-0.03,0.14,0.44,0.69,0.89,1.04,1.18,1.23,1.34,1.45,0.09,0.06,0.1,0.1,0.08,0.09,0.05,0.1,0.1,0,1.37,399,409,1.45,1.39,0.81,0.89,0.65,0.06,0.03,0.06,0.05,0.04,0.04,0.02,0.05,0.05,0,0.35,0.39
PIN,2023,2023-08-11,pin_1590,2023-08-11 14:40:05,,,509,1436,1356,1346,1117,897,798,728,688,648,628,608,589,1446,1157,937,828,758,718,678,668,628,618,-0.01,0.24,0.53,0.73,0.89,1,1.12,1.15,1.29,1.32,0.11,0.06,0.08,0.07,0.08,0.09,0.1,0.13,0.07,0.14,1.3,599,609,1.4,1.36,0.73,0.79,0.65,0.07,0.03,0.04,0.04,0.04,0.04,0.04,0.06,0.03,0.05,0.32,0.34
PIN,2023,2023-08-11,pin_1827,2023-08-11 14:43:42,,,409,618,598,608,538,478,468,448,438,428,419,409,409,628,558,509,478,458,449,439,439,429,419,-0.02,0.11,0.21,0.29,0.35,0.38,0.41,0.41,0.44,0.47,0.09,0.11,0.21,0.07,0.08,0.09,0.09,0.17,0.18,0.12,0.46,419,429,0.47,0.44,0.74,0.8,0.34,0.03,0.04,0.06,0.02,0.02,0.02,0.03,0.05,0.05,0.02,0.19,0.21
PIN,2023,2023-08-11,pin_1834,2023-08-11 14:49:18,,,488,1156,1107,1106,777,618,558,519,499,479,458,448,439,1146,798,638,588,539,508,499,479,468,449,0.01,0.45,0.81,0.97,1.14,1.28,1.32,1.41,1.47,1.57,0.06,0.05,0.07,0.12,0.1,0.05,0.11,0.12,0.12,0.08,1.52,459,469,1.52,1.46,0.8,0.84,0.58,0.03,0.03,0.03,0.05,0.04,0.02,0.04,0.04,0.04,0.02,0.28,0.3
PIN,2023,2023-08-11,pin_746,2023-08-11 14:52:46,,,617,1821,1723,1691,1333,1008,878,813,780,747,715,682,682,1788,1366,1073,911,878,845,780,747,747,715,0.02,0.33,0.7,1,1.07,1.16,1.33,1.44,1.44,1.55,0.08,0.04,0.11,0.07,0.15,0.16,0.09,0.1,0.2,0.13,1.53,715,747,1.55,1.44,0.84,0.88,0.66,0.05,0.02,0.06,0.04,0.07,0.08,0.04,0.04,0.09,0.05,0.36,0.39
PIN,2023,2023-08-11,pin_1220,2023-08-11 15:00:54,,,149,279,239,239,220,199,180,180,160,150,149,150,139,269,230,209,209,189,170,170,159,159,149,0.04,0.21,0.33,0.33,0.48,0.64,0.64,0.75,0.75,0.87,0.24,0.1,0.12,0.35,0.13,0.17,0.34,0.19,0.17,0.33,0.72,139,139,1.01,1.01,0.47,0.71,0.47,0.11,0.04,0.05,0.14,0.05,0.06,0.12,0.06,0.06,0.07,0.14,0.22
PIN,2023,2023-08-11,pin_1213,2023-08-11 15:07:40,,,553,1950,1820,1820,1430,1072,910,812,780,682,650,617,650,1918,1495,1138,942,877,813,780,715,682,683,0.02,0.3,0.71,1.07,1.22,1.4,1.5,1.73,1.86,1.86,0.07,0.07,0.1,0.06,0.14,0.08,0.25,0.19,0.2,0.13,1.8,617,650,2.16,2,0.71,0.88,0.72,0.05,0.04,0.06,0.03,0.07,0.04,0.13,0.09,0.1,0.05,0.32,0.4
PIN,2023,2023-08-11,pin_535,2023-08-11 15:32:56,,,299,688,658,658,618,558,518,478,449,429,419,409,399,678,638,578,528,488,468,449,439,429,419,0.01,0.08,0.19,0.3,0.41,0.47,0.53,0.57,0.6,0.64,0.05,0.06,0.07,0.04,0.04,0.09,0.1,0.1,0.1,0.14,0.65,409,419,0.68,0.64,0.9,0.92,0.57,0.03,0.03,0.03,0.02,0.02,0.04,0.04,0.05,0.05,0.05,0.39,0.41
PIN,2023,2023-08-11,pin_1062,2023-08-11 15:37:47,,,508,1755,1635,1625,1425,1067,897,807,758,718,698,688,658,1774,1505,1146,957,867,817,777,758,728,718,-0.01,0.17,0.53,0.83,1.02,1.15,1.26,1.32,1.41,1.44,0.12,0.08,0.11,0.11,0.13,0.14,0.15,0.15,0.11,0.19,1.48,698,728,1.51,1.41,0.87,0.9,0.71,0.08,0.05,0.07,0.06,0.07,0.07,0.08,0.08,0.05,0.08,0.43,0.45
PIN,2023,2023-08-11,pin_1373,2023-08-11 15:43:34,,,189,458,418,418,369,309,269,249,239,219,229,219,209,468,398,339,299,279,259,249,249,229,229,-0.02,0.15,0.35,0.53,0.64,0.77,0.84,0.84,1,1,0.18,0.13,0.17,0.21,0.23,0.17,0.28,0.18,0.11,0.29,1,219,229,1.09,1,0.79,0.74,0.59,0.11,0.07,0.09,0.1,0.11,0.08,0.12,0.08,0.04,0.09,0.32,0.31
PIN,2023,2023-08-11,pin_1981,2023-08-11 15:44:14,,,618,2568,2308,2243,2016,1658,1333,1170,1040,1007,910,878,877,2276,2048,1626,1333,1202,1072,975,942,942,877,0.13,0.25,0.58,0.93,1.14,1.4,1.63,1.73,1.73,1.93,0.02,0.02,-0.03,0,0.04,0.05,-0.06,0.06,0.13,0,1.63,877,877,1.93,1.93,0.86,0.86,0.76,0.01,0.02,-0.02,0,0.03,0.03,-0.03,0.03,0.07,0,0.44,0.44
PIN,2023,2023-08-11,pin_689,2023-08-11 15:49:30,,,650,3966,4129,4096,3674,2894,2406,2146,2113,1983,1885,1788,1821,4161,3706,2926,2438,2211,2146,2016,1918,1821,1918,-0.05,0.07,0.36,0.63,0.79,0.85,0.97,1.07,1.18,1.07,0.02,0.01,0.01,0.02,0.04,0.02,0.02,0.02,0.03,0.08,1.27,1658,1658,1.39,1.39,0.86,0.89,0.84,0.02,0.01,0.01,0.01,0.03,0.02,0.02,0.02,0.02,0.05,0.59,0.61
PIN,2023,2023-08-22,pin_2196,2023-08-22 10:50:27,,,553,2373,1756,910,618,520,488,488,520,520,553,553,552,1040,650,585,585,585,618,617,683,682,715,1.28,2.65,3.06,3.06,3.06,2.84,2.85,2.47,2.48,2.32,0.21,0.1,0.25,0.37,0.37,0.34,0.34,0.39,0.39,0.5,2.18,910,1073,1.61,1.21,0.96,1.01,0.77,0.12,0.05,0.11,0.17,0.17,0.16,0.16,0.19,0.19,0.23,0.54,0.61
PIN,2023,2023-08-22,pin_2437,2023-08-22 10:50:41,,,329,1316,1087,658,409,349,339,319,319,319,319,319,319,698,439,379,349,359,359,359,369,369,369,0.89,2,2.47,2.77,2.67,2.67,2.67,2.57,2.57,2.57,0.09,0.14,0.17,0.06,0.25,0.25,0.25,0.3,0.3,0.38,2.41,449,528,1.93,1.49,0.88,0.93,0.75,0.06,0.07,0.08,0.03,0.11,0.11,0.11,0.14,0.14,0.14,0.45,0.51
PIN,2023,2023-08-22,pin_2367,2023-08-22 10:51:47,,,618,2568,2016,878,553,487,488,455,455,488,488,520,520,943,617,552,520,553,553,553,585,585,617,1.72,3.16,3.65,3.94,3.64,3.64,3.64,3.39,3.39,3.16,0.13,0.24,0.29,0.16,0.44,0.44,0.29,0.4,0.27,0.5,2.88,748,846,2.43,2.04,0.91,0.98,0.76,0.07,0.1,0.12,0.06,0.18,0.18,0.12,0.17,0.11,0.16,0.43,0.5
PIN,2023,2023-08-22,pin_2512,2023-08-22 10:57:45,,,618,3186,2601,1105,780,716,651,651,650,617,650,650,650,1170,812,747,748,715,748,715,748,747,747,1.72,2.92,3.27,3.26,3.46,3.26,3.46,3.26,3.27,3.27,0.09,0.08,0.08,0.26,0.19,0.27,0.28,0.27,0.26,0.33,3,975,1202,2.27,1.65,0.95,0.93,0.81,0.06,0.04,0.04,0.13,0.09,0.13,0.14,0.13,0.13,0.13,0.53,0.57
PIN,2023,2023-08-22,pin_2497,2023-08-22 10:58:57,,,651,2861,2211,975,682,618,586,586,618,618,585,618,617,1040,780,683,683,716,715,780,780,813,780,1.75,2.67,3.19,3.19,3,3,2.67,2.67,2.52,2.67,0.11,0.26,0.21,0.32,0.4,0.3,0.43,0.52,0.49,0.5,2.58,1007,1203,1.84,1.38,0.89,0.96,0.77,0.06,0.13,0.1,0.14,0.18,0.14,0.21,0.25,0.24,0.21,0.48,0.57
PIN,2023,2023-08-22,pin_2521,2023-08-22 11:00:47,,,651,3511,2958,1366,846,748,683,683,650,683,683,650,650,1463,911,813,748,748,748,748,748,780,748,1.4,2.85,3.32,3.69,3.69,3.69,3.69,3.69,3.5,3.69,0.1,0.13,0.16,0.18,0.18,0.27,0.18,0.18,0.34,0.38,3.55,1138,1431,2.09,1.45,0.92,0.96,0.81,0.07,0.07,0.08,0.09,0.09,0.13,0.09,0.09,0.17,0.13,0.54,0.61
PIN,2023,2023-08-22,pin_2740,2023-08-22 11:03:40,,,618,2504,2113,1105,651,585,553,553,553,553,521,553,553,1138,683,618,585,618,586,586,586,586,618,1.2,2.67,3.05,3.28,3.05,3.27,3.27,3.27,3.27,3.05,0.05,0.1,0.12,0.13,0.24,0.14,0.14,0.27,0.14,0.33,2.82,716,813,2.5,2.08,0.88,0.88,0.75,0.03,0.05,0.05,0.05,0.11,0.06,0.06,0.11,0.06,0.11,0.41,0.44
PIN,2023,2023-08-22,pin_2954,2023-08-22 11:07:38,,,618,2275,1821,975,650,552,520,520,520,553,520,520,520,1072,715,585,618,585,585,618,617,650,650,1.12,2.18,2.89,2.68,2.89,2.89,2.68,2.69,2.5,2.5,0.16,0.2,0.14,0.38,0.27,0.27,0.25,0.37,0.46,0.5,2.5,748,845,2.04,1.69,0.84,0.92,0.73,0.09,0.09,0.06,0.16,0.11,0.11,0.11,0.16,0.2,0.2,0.39,0.46
PIN,2023,2023-08-22,pin_3254,2023-08-22 11:11:52,,,683,3414,2828,1561,943,748,715,683,683,683,715,716,716,1690,1040,878,780,813,813,845,878,878,911,1.02,2.28,2.89,3.38,3.2,3.2,3.04,2.89,2.89,2.75,0.11,0.17,0.29,0.17,0.33,0.33,0.39,0.37,0.36,0.5,2.95,1073,1236,2.18,1.76,0.93,0.98,0.8,0.08,0.09,0.15,0.08,0.16,0.16,0.19,0.19,0.18,0.21,0.52,0.58
PIN,2023,2023-08-22,pin_3361,2023-08-22 11:12:32,,,369,2034,1625,1176,738,578,518,489,488,489,499,499,509,1316,817,668,608,589,588,609,628,658,678,0.55,1.49,2.04,2.35,2.45,2.46,2.34,2.24,2.09,2,0.14,0.15,0.23,0.26,0.3,0.3,0.34,0.35,0.41,0.48,2.19,937,1147,1.17,0.77,0.93,0.97,0.82,0.11,0.1,0.13,0.15,0.17,0.17,0.2,0.21,0.24,0.25,0.63,0.7
PIN,2023,2023-08-22,pin_2815,2023-08-22 11:15:38,,,189,798,589,339,239,219,199,189,199,200,190,190,190,409,299,270,259,259,249,249,259,260,250,0.95,1.67,1.96,2.08,2.08,2.2,2.2,2.08,2.07,2.19,0.27,0.37,0.36,0.45,0.53,0.4,0.39,0.52,0.53,0.6,2.1,359,449,1.22,0.78,0.84,0.93,0.76,0.17,0.2,0.19,0.23,0.27,0.2,0.2,0.27,0.27,0.24,0.5,0.6
PIN,2023,2023-08-22,pin_3134,2023-08-22 11:16:51,,,585,3219,2731,1333,813,748,682,682,715,682,715,683,683,1398,910,780,780,812,845,813,813,813,845,1.3,2.54,3.13,3.13,2.96,2.81,2.96,2.96,2.96,2.81,0.07,0.19,0.08,0.24,0.3,0.28,0.3,0.23,0.3,0.42,3,1008,1170,2.19,1.75,0.94,0.94,0.82,0.05,0.11,0.04,0.13,0.16,0.15,0.16,0.12,0.16,0.19,0.55,0.58
PIN,2023,2023-08-22,pin_3969,2023-08-22 11:21:07,,,715,2828,2276,1203,715,683,650,650,650,618,650,650,650,1268,780,715,716,748,715,715,748,747,747,1.23,2.63,2.96,2.95,2.78,2.96,2.96,2.78,2.79,2.79,0.09,0.19,0.1,0.22,0.3,0.21,0.32,0.3,0.3,0.43,2.5,975,1170,1.9,1.42,0.79,0.91,0.75,0.05,0.08,0.04,0.09,0.13,0.09,0.14,0.13,0.13,0.13,0.4,0.5
PIN,2023,2023-08-22,pin_4007,2023-08-22 11:25:02,,,748,3771,3219,1495,975,846,813,813,813,781,780,813,781,1593,1073,911,911,878,878,911,910,911,943,1.37,2.51,3.14,3.14,3.29,3.29,3.14,3.14,3.14,3,0.1,0.17,0.14,0.22,0.15,0.15,0.29,0.29,0.22,0.42,3.12,1203,1398,2.13,1.7,0.91,0.97,0.8,0.06,0.09,0.07,0.11,0.07,0.07,0.14,0.14,0.11,0.17,0.51,0.58
PIN,2023,2023-08-22,pin_3061,2023-08-22 11:26:27,,,469,1715,1306,598,449,409,409,408,409,399,409,409,418,658,498,458,458,458,458,469,479,478,488,1.61,2.44,2.74,2.74,2.74,2.74,2.66,2.58,2.59,2.51,0.18,0.23,0.26,0.26,0.26,0.26,0.35,0.34,0.34,0.41,2.12,578,668,1.97,1.57,0.91,0.97,0.73,0.09,0.1,0.11,0.11,0.11,0.11,0.15,0.15,0.14,0.14,0.43,0.49
PIN,2023,2023-08-22,pin_3884,2023-08-22 11:27:27,,,479,2293,1865,987,598,498,468,459,459,459,459,458,458,1077,658,559,538,538,538,548,559,568,568,1.13,2.48,3.1,3.26,3.26,3.26,3.18,3.1,3.04,3.04,0.13,0.18,0.23,0.28,0.31,0.31,0.34,0.37,0.4,0.48,3.07,798,947,1.87,1.42,0.95,0.97,0.79,0.08,0.09,0.11,0.13,0.15,0.15,0.16,0.18,0.19,0.19,0.54,0.59
PIN,2023,2023-08-22,pin_3957,2023-08-22 11:29:41,,,585,3056,2536,1170,780,683,650,650,650,650,650,683,650,1268,845,780,747,747,715,747,748,780,747,1.41,2.62,2.92,3.09,3.09,3.27,3.09,3.09,2.92,3.09,0.12,0.14,0.24,0.26,0.26,0.18,0.26,0.26,0.24,0.3,2.9,1138,1398,1.69,1.19,0.89,0.95,0.81,0.08,0.08,0.12,0.13,0.13,0.09,0.13,0.13,0.12,0.13,0.54,0.63
PIN,2023,2023-08-22,pin_3904,2023-08-22 11:30:01,,,683,2666,2049,976,650,585,553,552,553,552,553,552,520,1073,748,683,650,650,618,618,617,650,617,1.48,2.56,2.9,3.1,3.1,3.31,3.31,3.32,3.1,3.32,0.17,0.29,0.34,0.36,0.36,0.26,0.27,0.26,0.36,0.5,2.94,975,1203,1.73,1.22,0.91,1,0.74,0.09,0.13,0.14,0.15,0.15,0.11,0.11,0.1,0.15,0.16,0.47,0.57
PIN,2023,2023-08-22,pin_3621,2023-08-22 11:33:59,,,378,1525,967,409,329,309,299,299,299,299,289,289,299,448,369,349,339,339,339,339,349,339,339,2.4,3.13,3.37,3.5,3.5,3.5,3.5,3.37,3.5,3.5,0.18,0.26,0.28,0.29,0.29,0.29,0.29,0.42,0.37,0.37,2.23,558,718,1.73,1.12,0.92,0.94,0.75,0.09,0.11,0.11,0.12,0.12,0.12,0.12,0.17,0.15,0.12,0.48,0.56
PIN,2023,2023-08-22,pin_3868,2023-08-22 11:34:51,,,586,2255,1835,904,623,566,546,544,543,547,555,558,557,960,664,610,594,595,603,613,622,630,640,1.35,2.4,2.7,2.8,2.79,2.74,2.68,2.63,2.58,2.52,0.11,0.14,0.17,0.19,0.2,0.23,0.25,0.24,0.26,0.37,2.29,840,987,1.68,1.28,0.88,0.92,0.74,0.06,0.06,0.07,0.08,0.09,0.1,0.11,0.11,0.11,0.13,0.45,0.51
PIN,2023,2023-08-22,pin_2866,2023-08-22 11:42:02,,,339,2054,1674,1217,767,619,559,519,498,488,488,489,489,1376,877,708,649,619,598,598,618,618,628,0.49,1.34,1.9,2.16,2.32,2.43,2.43,2.32,2.32,2.27,0.15,0.18,0.2,0.23,0.27,0.28,0.31,0.35,0.35,0.44,2.42,767,908,1.68,1.26,0.95,0.99,0.83,0.12,0.13,0.13,0.14,0.16,0.17,0.18,0.21,0.21,0.22,0.62,0.68
PIN,2023,2023-08-22,pin_2757,2023-08-22 11:50:17,,,748,4096,3641,1723,1170,1073,1008,975,976,943,975,911,943,1853,1268,1138,1106,1073,1073,1073,1073,1073,1040,1.21,2.23,2.6,2.7,2.82,2.82,2.82,2.82,2.82,2.94,0.1,0.13,0.1,0.16,0.17,0.17,0.22,0.17,0.28,0.23,2.86,1398,1560,1.93,1.63,0.96,0.96,0.82,0.07,0.08,0.06,0.09,0.09,0.09,0.12,0.09,0.15,0.09,0.58,0.6
PIN,2023,2023-08-22,pin_2842,2023-08-22 12:02:36,,,428,1764,1415,658,449,389,369,369,369,359,369,359,369,718,489,429,409,409,418,419,429,429,439,1.46,2.61,3.11,3.31,3.31,3.22,3.21,3.11,3.11,3.02,0.15,0.18,0.22,0.23,0.23,0.28,0.34,0.32,0.38,0.5,2.83,568,718,2.11,1.46,0.84,0.92,0.76,0.08,0.08,0.09,0.1,0.1,0.12,0.14,0.14,0.16,0.16,0.42,0.51
PIN,2023,2023-08-22,pin_2237,2023-08-22 12:05:50,,,379,1555,1206,728,469,379,359,339,359,359,369,369,368,818,509,419,409,399,409,419,429,449,458,0.9,2.06,2.71,2.8,2.9,2.8,2.71,2.62,2.46,2.4,0.18,0.16,0.21,0.27,0.34,0.27,0.31,0.3,0.38,0.48,2.28,529,628,1.94,1.48,0.88,0.91,0.76,0.11,0.08,0.1,0.12,0.15,0.12,0.14,0.14,0.18,0.2,0.45,0.51
PIN,2023,2023-08-22,pin_2076,2023-08-22 12:10:14,,,747,4357,3771,2438,1235,1007,813,812,781,748,716,748,748,2536,1332,1040,910,878,845,846,846,845,845,0.72,2.27,3.19,3.79,3.96,4.16,4.15,4.15,4.16,4.16,0.05,0.12,0.06,0.21,0.15,0.16,0.24,0.32,0.24,0.33,4.04,1138,1301,2.83,2.35,0.92,0.93,0.83,0.04,0.07,0.03,0.11,0.08,0.08,0.12,0.15,0.11,0.11,0.51,0.55
PIN,2023,2023-08-22,pin_2467,2023-08-22 12:16:18,,,585,2341,1854,1138,716,618,585,553,520,521,553,520,520,1333,813,683,650,618,618,585,618,617,618,0.76,1.88,2.43,2.6,2.79,2.79,3,2.79,2.79,2.79,0.23,0.23,0.2,0.22,0.24,0.36,0.26,0.24,0.36,0.5,2.57,715,878,2.27,1.67,0.85,0.91,0.75,0.15,0.12,0.1,0.1,0.11,0.16,0.11,0.11,0.16,0.16,0.41,0.48
PIN,2023,2023-08-22,pin_3601,2023-08-22 13:05:59,,,845,2178,1593,975,682,650,585,585,553,585,585,585,585,975,715,682,618,618,585,585,618,650,618,1.23,2.05,2.19,2.52,2.52,2.72,2.72,2.52,2.35,2.52,0,0.14,0.14,0.17,0.17,0.18,0,0.17,0.31,0.25,1.72,715,747,2.05,1.92,0.8,0.87,0.61,0,0.05,0.05,0.05,0.05,0.05,0,0.05,0.1,0.05,0.27,0.3
PIN,2023,2023-08-22,pin_63,2023-08-22 13:13:15,,,355,1312,937,421,322,302,294,288,285,285,284,283,284,439,341,322,315,311,309,308,308,309,313,1.99,2.85,3.07,3.17,3.22,3.25,3.26,3.26,3.25,3.19,0.09,0.14,0.16,0.17,0.19,0.2,0.19,0.2,0.22,0.32,2.3,409,500,2.21,1.62,0.89,0.97,0.73,0.04,0.06,0.06,0.07,0.07,0.08,0.07,0.08,0.08,0.09,0.41,0.49
PIN,2023,2023-08-22,pin_1834,2023-08-22 13:18:57,,,553,1918,1333,585,487,455,455,455,422,455,423,455,455,650,520,520,488,520,487,520,520,553,520,1.95,2.69,2.69,2.93,2.69,2.94,2.69,2.69,2.47,2.69,0.22,0.16,0.31,0.18,0.31,0.35,0.31,0.47,0.43,0.4,1.93,846,1008,1.27,0.9,0.96,0.91,0.71,0.1,0.06,0.12,0.07,0.12,0.13,0.12,0.19,0.18,0.12,0.5,0.52
PIN,2023,2023-08-22,pin_548,2023-08-22 13:26:54,,,498,2353,1705,688,519,489,469,459,449,449,448,449,448,738,549,519,509,509,498,499,499,509,508,2.19,3.29,3.53,3.62,3.62,3.72,3.72,3.72,3.62,3.63,0.13,0.12,0.13,0.18,0.22,0.22,0.23,0.23,0.26,0.36,2.81,618,697,2.81,2.38,0.85,0.9,0.79,0.07,0.05,0.06,0.08,0.1,0.1,0.1,0.1,0.12,0.12,0.42,0.47
PIN,2023,2023-08-22,pin_1590,2023-08-22 13:27:25,,,489,2054,1495,707,499,449,459,449,459,469,468,478,478,817,578,529,529,539,569,578,588,598,598,1.51,2.55,2.88,2.88,2.81,2.61,2.55,2.49,2.43,2.43,0.24,0.29,0.33,0.29,0.37,0.41,0.4,0.43,0.42,0.48,2.13,758,867,1.71,1.37,0.95,0.96,0.76,0.13,0.14,0.15,0.13,0.17,0.19,0.19,0.2,0.2,0.2,0.51,0.55
PIN,2023,2023-08-22,pin_773,2023-08-22 13:33:40,,,785,3642,3016,1411,989,907,878,862,859,866,862,865,868,1500,1057,977,954,951,941,954,961,973,983,1.43,2.45,2.73,2.82,2.83,2.87,2.82,2.79,2.74,2.7,0.1,0.13,0.15,0.16,0.19,0.18,0.19,0.21,0.23,0.32,2.47,1287,1634,1.83,1.23,0.87,0.92,0.78,0.06,0.06,0.07,0.08,0.09,0.09,0.09,0.1,0.11,0.12,0.49,0.57
PIN,2023,2023-08-22,pin_1220,2023-08-22 13:36:36,,,520,1918,1463,747,552,487,487,488,488,520,488,487,488,845,617,520,520,552,552,617,618,617,650,1.27,2.11,2.69,2.69,2.47,2.47,2.11,2.1,2.11,1.95,0.21,0.23,0.15,0.15,0.27,0.27,0.34,0.45,0.45,0.62,2,748,845,1.56,1.27,0.85,0.92,0.73,0.12,0.11,0.06,0.06,0.12,0.12,0.16,0.21,0.21,0.25,0.44,0.5
PIN,2023,2023-08-22,pin_625,2023-08-22 13:38:37,,,396,1656,1224,577,395,351,341,342,344,352,359,368,377,649,435,391,387,389,401,417,432,452,463,1.55,2.81,3.24,3.28,3.26,3.13,2.97,2.83,2.66,2.58,0.2,0.2,0.24,0.28,0.28,0.33,0.35,0.37,0.4,0.49,2.25,675,820,1.45,1.02,0.92,0.95,0.76,0.11,0.09,0.1,0.12,0.12,0.14,0.16,0.17,0.19,0.19,0.52,0.58
PIN,2023,2023-08-22,pin_1213,2023-08-22 13:39:47,,,748,3122,2276,975,715,683,650,650,651,651,683,650,682,1041,780,748,748,716,716,716,716,748,748,2,3,3.17,3.17,3.36,3.36,3.36,3.36,3.17,3.17,0.12,0.19,0.2,0.3,0.22,0.22,0.22,0.11,0.3,0.29,2.34,1008,1171,2.1,1.67,0.89,0.92,0.76,0.06,0.08,0.09,0.13,0.09,0.09,0.09,0.05,0.13,0.09,0.45,0.5
PIN,2023,2023-08-22,pin_1062,2023-08-22 13:44:14,,,780,3478,2634,1170,813,748,715,683,682,715,682,682,683,1235,877,781,813,780,748,780,780,780,780,1.82,2.97,3.45,3.28,3.46,3.65,3.46,3.46,3.46,3.46,0.1,0.16,0.1,0.27,0.28,0.21,0.19,0.29,0.29,0.33,2.86,1008,1170,2.45,1.97,0.9,0.93,0.78,0.05,0.07,0.04,0.12,0.12,0.09,0.08,0.13,0.13,0.12,0.45,0.5
PIN,2023,2023-08-22,pin_689,2023-08-22 13:58:47,,,439,2333,1795,1066,678,579,549,518,508,508,519,519,519,1246,798,678,638,618,638,638,658,668,688,0.87,1.92,2.44,2.66,2.78,2.66,2.66,2.55,2.49,2.39,0.21,0.25,0.26,0.26,0.3,0.38,0.38,0.38,0.4,0.53,2.46,947,1156,1.46,1.02,0.94,0.98,0.81,0.14,0.15,0.15,0.14,0.16,0.2,0.2,0.21,0.22,0.25,0.6,0.66
PIN,2023,2023-08-22,pin_1827,2023-08-22 14:02:54,,,585,2309,1756,910,585,585,520,520,520,520,520,553,520,943,682,617,585,585,552,585,585,585,585,1.45,2.39,2.74,2.95,2.95,3.18,2.95,2.95,2.95,2.95,0.06,0.31,0.12,0.26,0.26,0.14,0.26,0.26,0.13,0.33,2.38,716,780,2.22,1.96,0.86,0.92,0.75,0.03,0.14,0.05,0.11,0.11,0.06,0.11,0.11,0.05,0.11,0.41,0.46
PIN,2023,2023-08-22,pin_871,2023-08-22 14:22:54,,,528,2532,2093,1196,768,638,588,559,538,539,529,528,508,1296,827,708,648,618,598,588,589,578,578,0.95,2.06,2.58,2.91,3.1,3.23,3.31,3.3,3.38,3.38,0.12,0.13,0.19,0.19,0.2,0.21,0.18,0.22,0.19,0.37,3.12,937,1216,1.7,1.08,0.91,0.96,0.79,0.08,0.07,0.1,0.09,0.1,0.1,0.08,0.1,0.09,0.12,0.53,0.62
PIN,2023,2023-08-22,pin_556,2023-08-22 14:43:59,,,747,4259,3739,1950,1170,975,943,911,878,878,878,878,878,2048,1236,1073,1041,1008,976,1008,1008,1008,1008,1.08,2.45,2.97,3.09,3.23,3.36,3.23,3.23,3.23,3.23,0.07,0.09,0.17,0.18,0.18,0.19,0.24,0.24,0.24,0.31,3.26,1495,1820,1.85,1.34,0.91,0.94,0.82,0.05,0.05,0.09,0.09,0.1,0.1,0.13,0.13,0.13,0.13,0.57,0.62
PIN,2023,2023-08-22,pin_1981,2023-08-22 14:51:36,,,683,2699,2146,1040,683,651,618,618,618,618,650,650,650,1073,748,683,715,715,716,683,716,748,748,1.52,2.61,2.95,2.77,2.77,2.77,2.95,2.77,2.61,2.61,0.06,0.19,0.11,0.31,0.31,0.31,0.22,0.21,0.29,0.33,2.3,878,976,2.07,1.77,0.91,0.9,0.75,0.03,0.09,0.05,0.14,0.14,0.14,0.1,0.09,0.13,0.13,0.44,0.47
PIN,2023,2023-08-22,pin_1942,2023-08-22 14:56:17,,,349,2054,1735,1246,758,808,579,509,469,449,429,429,419,1366,847,908,638,559,529,499,489,479,489,0.5,1.43,1.26,2.22,2.67,2.88,3.12,3.2,3.29,3.2,0.11,0.16,0.16,0.15,0.16,0.2,0.18,0.23,0.2,0.35,3.14,738,997,1.78,1.06,0.93,0.97,0.83,0.09,0.11,0.11,0.09,0.09,0.11,0.1,0.12,0.1,0.14,0.59,0.68
PIN,2023,2023-08-22,pin_1933,2023-08-22 14:56:30,,,586,2699,2114,1170,780,651,586,585,618,618,618,618,651,1333,878,748,716,715,715,748,780,813,813,1.02,2.07,2.61,2.77,2.77,2.77,2.61,2.46,2.32,2.32,0.19,0.21,0.26,0.37,0.37,0.28,0.35,0.41,0.46,0.45,2.25,1073,1236,1.52,1.18,0.98,0.97,0.78,0.12,0.11,0.13,0.18,0.18,0.14,0.17,0.21,0.24,0.2,0.58,0.61
PIN,2023,2023-08-22,pin_1840,2023-08-22 15:05:59,,,459,2223,1795,1097,728,618,558,568,578,598,598,618,618,1236,827,718,688,698,728,768,777,807,817,0.8,1.69,2.1,2.23,2.18,2.05,1.89,1.86,1.75,1.72,0.17,0.2,0.25,0.35,0.34,0.37,0.39,0.4,0.4,0.46,1.9,967,1126,1.3,0.97,0.97,0.98,0.79,0.11,0.12,0.14,0.19,0.19,0.21,0.22,0.23,0.23,0.24,0.61,0.65
PIN,2023,2023-08-22,pin_1307,2023-08-22 15:09:25,,,488,2063,1615,748,548,509,489,489,499,509,519,519,539,847,618,559,569,569,589,618,649,668,658,1.44,2.34,2.69,2.63,2.63,2.5,2.34,2.18,2.09,2.14,0.21,0.23,0.19,0.3,0.3,0.32,0.36,0.4,0.44,0.43,2,887,1076,1.33,0.92,0.93,0.95,0.76,0.12,0.11,0.09,0.14,0.14,0.15,0.18,0.2,0.22,0.18,0.54,0.59
PIN,2023,2023-08-22,pin_1355,2023-08-22 15:10:00,,,368,1754,1406,838,579,498,459,448,428,428,438,438,429,938,648,558,519,509,518,518,518,528,538,0.87,1.71,2.14,2.38,2.45,2.39,2.39,2.39,2.32,2.26,0.16,0.18,0.2,0.22,0.23,0.33,0.33,0.29,0.32,0.48,2.28,668,818,1.63,1.14,0.91,0.96,0.79,0.11,0.11,0.11,0.12,0.12,0.17,0.17,0.15,0.17,0.2,0.54,0.61
PIN,2023,2023-08-22,pin_1205,2023-08-22 15:15:30,,,585,2666,2341,1561,976,780,682,650,650,650,650,650,650,1658,1041,845,780,715,747,715,715,748,748,0.61,1.56,2.16,2.42,2.73,2.57,2.73,2.73,2.56,2.56,0.08,0.11,0.15,0.25,0.19,0.26,0.19,0.19,0.26,0.33,2.6,943,1203,1.83,1.22,0.87,0.96,0.78,0.06,0.06,0.08,0.13,0.09,0.13,0.09,0.09,0.13,0.13,0.48,0.59
PIN,2023,2023-08-22,pin_1204,2023-08-22 15:20:08,,,618,2829,2504,1951,1171,878,812,780,780,748,748,748,748,2081,1235,976,878,878,845,813,845,878,845,0.36,1.29,1.9,2.22,2.22,2.35,2.48,2.35,2.22,2.35,0.09,0.09,0.18,0.14,0.21,0.15,0.16,0.22,0.28,0.3,2.35,1040,1301,1.72,1.17,0.88,0.97,0.78,0.06,0.05,0.1,0.08,0.11,0.08,0.08,0.11,0.15,0.11,0.5,0.6
PIN,2023,2023-08-22,pin_257,2023-08-22 15:51:53,,,657,2244,574,0,656,0,555,537,528,526,516,515,513,0,701,0,593,574,563,555,552,553,550,0,2.2,0,2.78,2.91,2.99,3.04,3.07,3.06,3.08,0,0.15,0,0.16,0.17,0.16,0.14,0.17,0.18,0.08,0.12,0,977,0,1.3,0,0.92,0.71,0,0.06,0,0.06,0.06,0.06,0.05,0.07,0.07,0.07,0,0.47
PIN,2023,2023-08-23,pin_2428,2023-08-23 10:54:12,,,617,2763,2341,1430,813,683,650,617,618,617,650,650,650,1560,878,747,683,682,682,715,748,748,747,0.77,2.15,2.7,3.05,3.05,3.05,2.86,2.69,2.69,2.7,0.13,0.14,0.18,0.1,0.21,0.2,0.29,0.27,0.27,0.3,2.6,910,1040,2.04,1.66,0.94,0.99,0.78,0.08,0.07,0.09,0.05,0.1,0.09,0.14,0.13,0.13,0.13,0.5,0.56
PIN,2023,2023-08-23,pin_4482,2023-08-23 11:12:46,,,520,2308,1723,975,585,487,455,487,455,455,455,488,487,1073,682,585,552,520,553,553,553,553,552,1.15,2.38,2.95,3.18,3.44,3.17,3.17,3.17,3.17,3.18,0.15,0.28,0.36,0.39,0.15,0.39,0.39,0.39,0.26,0.34,2.54,780,975,1.96,1.37,0.93,1.01,0.77,0.09,0.14,0.17,0.18,0.06,0.18,0.18,0.18,0.12,0.12,0.5,0.6
PIN,2023,2023-08-23,pin_3085,2023-08-23 11:14:41,,,813,3576,2959,1170,813,748,715,682,682,682,682,683,682,1235,845,780,748,747,747,747,747,780,780,1.9,3.23,3.58,3.78,3.79,3.79,3.79,3.79,3.58,3.58,0.1,0.09,0.1,0.11,0.21,0.21,0.21,0.21,0.29,0.38,3.34,1007,1170,2.55,2.06,0.92,0.95,0.77,0.05,0.04,0.04,0.04,0.09,0.09,0.09,0.09,0.12,0.13,0.45,0.5
PIN,2023,2023-08-23,pin_4411,2023-08-23 11:19:44,,,683,2405,1918,975,682,618,585,552,585,553,552,585,585,1072,747,683,683,650,650,650,683,682,683,1.24,2.22,2.52,2.52,2.7,2.7,2.7,2.52,2.53,2.52,0.17,0.2,0.23,0.34,0.37,0.25,0.37,0.46,0.34,0.43,2.28,942,1171,1.55,1.05,0.9,0.96,0.72,0.09,0.09,0.1,0.14,0.15,0.1,0.15,0.19,0.14,0.14,0.45,0.53
PIN,2023,2023-08-23,pin_2158,2023-08-23 11:23:51,,,553,3186,2568,1333,878,780,715,682,682,682,650,650,650,1430,943,877,813,812,780,780,780,748,780,1.23,2.38,2.63,2.92,2.92,3.08,3.08,3.08,3.26,3.08,0.1,0.12,0.19,0.22,0.29,0.23,0.23,0.31,0.25,0.4,2.95,1138,1463,1.8,1.18,0.86,0.94,0.83,0.07,0.07,0.11,0.12,0.16,0.13,0.13,0.17,0.13,0.17,0.54,0.64
PIN,2023,2023-08-23,pin_4716,2023-08-23 11:28:05,,,553,2373,1853,812,552,553,520,520,553,520,520,585,585,877,650,618,617,617,618,617,617,682,682,1.71,2.65,2.84,2.85,2.85,2.84,2.85,2.85,2.48,2.48,0.14,0.32,0.23,0.34,0.34,0.23,0.34,0.34,0.29,0.37,2.17,878,1040,1.7,1.28,0.88,0.9,0.77,0.07,0.15,0.11,0.16,0.16,0.11,0.16,0.16,0.14,0.14,0.48,0.53
PIN,2023,2023-08-23,pin_4791,2023-08-23 11:35:43,,,618,2178,1366,552,423,358,390,390,487,390,325,293,227,585,456,390,423,455,552,422,390,358,293,2.72,3.78,4.58,4.15,3.79,2.95,4.16,4.58,5.08,6.43,0.14,0.21,0.26,0.24,0.41,0.3,0.23,0.54,0.62,0.67,5.02,358,390,5.08,4.58,1.86,2.14,0.72,0.06,0.07,0.08,0.08,0.14,0.12,0.08,0.17,0.18,0.23,0.54,0.67
PIN,2023,2023-08-23,pin_4474,2023-08-23 11:39:14,,,716,2894,2276,1073,748,683,683,650,650,650,650,650,618,1138,813,748,748,716,716,716,716,716,748,1.54,2.56,2.87,2.87,3.04,3.04,3.04,3.04,3.04,2.87,0.1,0.17,0.2,0.2,0.21,0.21,0.21,0.21,0.21,0.57,2.68,878,975,2.3,1.97,0.93,0.92,0.75,0.06,0.08,0.09,0.09,0.09,0.09,0.09,0.09,0.09,0.17,0.44,0.47
PIN,2023,2023-08-23,pin_4241,2023-08-23 11:42:37,,,617,3284,2796,1723,1008,846,748,716,748,748,715,716,748,1821,1073,911,813,813,845,813,846,878,845,0.8,2.06,2.6,3.04,3.04,2.89,3.04,2.88,2.74,2.89,0.08,0.1,0.13,0.15,0.23,0.22,0.15,0.29,0.34,0.3,2.74,1333,1593,1.46,1.06,0.92,0.93,0.81,0.05,0.06,0.07,0.08,0.12,0.11,0.08,0.15,0.18,0.11,0.59,0.63
PIN,2023,2023-08-23,pin_4805,2023-08-23 11:47:26,,,650,3348,2894,1528,1041,878,813,780,748,748,748,748,715,1626,1138,943,878,813,813,813,781,813,781,1.06,1.94,2.55,2.81,3.12,3.12,3.12,3.29,3.12,3.29,0.09,0.15,0.13,0.14,0.08,0.16,0.16,0.09,0.16,0.22,3.05,1170,1430,1.86,1.34,0.99,0.96,0.81,0.06,0.09,0.07,0.07,0.04,0.08,0.08,0.04,0.08,0.08,0.58,0.61
PIN,2023,2023-08-23,pin_4772,2023-08-23 11:50:56,,,781,3349,2633,1040,780,748,716,715,715,683,683,683,715,1073,846,845,781,748,813,748,748,781,781,2.12,2.96,2.96,3.29,3.48,3.12,3.48,3.48,3.29,3.29,0.06,0.17,0.25,0.19,0.1,0.27,0.21,0.21,0.29,0.25,2.68,1203,1431,1.78,1.34,0.85,0.93,0.77,0.03,0.08,0.11,0.08,0.04,0.12,0.09,0.09,0.13,0.08,0.46,0.55
PIN,2023,2023-08-23,pin_5096,2023-08-23 11:54:41,,,389,1864,1386,698,469,419,419,399,389,399,389,398,398,798,549,499,479,479,469,479,479,478,478,1.34,2.4,2.74,2.89,2.89,2.97,2.89,2.89,2.9,2.9,0.2,0.28,0.32,0.25,0.34,0.35,0.34,0.38,0.34,0.4,2.48,727,878,1.56,1.12,0.96,0.98,0.79,0.13,0.15,0.16,0.13,0.17,0.17,0.17,0.19,0.17,0.17,0.57,0.63
PIN,2023,2023-08-23,pin_4538,2023-08-23 11:56:30,,,683,3674,2959,1333,976,780,747,715,715,683,715,683,682,1495,1008,878,845,780,780,780,780,780,780,1.46,2.64,3.18,3.35,3.71,3.71,3.71,3.71,3.71,3.71,0.17,0.06,0.22,0.23,0.17,0.17,0.26,0.17,0.26,0.33,3.34,1203,1593,2.05,1.31,1.01,1,0.81,0.11,0.03,0.11,0.12,0.08,0.08,0.12,0.08,0.12,0.13,0.6,0.65
PIN,2023,2023-08-23,pin_4436,2023-08-23 12:02:12,,,478,2692,2313,1515,837,648,578,558,548,558,558,568,588,1645,917,728,658,638,638,658,668,698,718,0.64,1.94,2.7,3.09,3.22,3.22,3.09,3.03,2.86,2.75,0.11,0.14,0.2,0.23,0.24,0.27,0.29,0.31,0.34,0.38,2.93,937,1107,1.87,1.43,0.95,0.96,0.82,0.08,0.09,0.11,0.12,0.13,0.14,0.15,0.16,0.19,0.18,0.58,0.63
PIN,2023,2023-08-23,pin_5988,2023-08-23 12:15:49,,,618,3056,2536,1626,943,781,748,683,683,683,683,683,683,1756,1041,911,846,813,813,813,813,813,813,0.74,1.94,2.35,2.61,2.76,2.76,2.76,2.76,2.76,2.76,0.11,0.16,0.26,0.22,0.31,0.31,0.31,0.31,0.31,0.4,2.71,1171,1366,1.61,1.24,0.97,0.93,0.8,0.07,0.09,0.14,0.12,0.16,0.16,0.16,0.16,0.16,0.16,0.58,0.6
PIN,2023,2023-08-23,pin_6066,2023-08-23 12:19:25,,,552,2601,2145,1171,650,585,553,520,520,520,520,520,520,1203,715,650,618,618,618,617,617,617,617,1.16,2.64,3,3.21,3.21,3.21,3.22,3.22,3.22,3.22,0.04,0.18,0.21,0.22,0.34,0.34,0.34,0.34,0.34,0.43,3.12,715,781,2.64,2.33,0.9,0.79,0.79,0.03,0.09,0.1,0.11,0.16,0.16,0.16,0.16,0.16,0.16,0.45,0.42
PIN,2023,2023-08-23,pin_5224,2023-08-23 12:49:54,,,459,1964,1476,678,459,409,399,389,379,369,379,379,369,748,508,459,449,439,439,439,439,439,439,1.63,2.87,3.28,3.37,3.47,3.47,3.47,3.47,3.47,3.47,0.17,0.21,0.25,0.26,0.27,0.32,0.38,0.32,0.32,0.47,3,608,748,2.23,1.63,0.98,0.98,0.77,0.09,0.1,0.11,0.11,0.11,0.14,0.16,0.14,0.14,0.16,0.49,0.55
PIN,2023,2023-08-23,pin_5341,2023-08-23 12:59:17,,,469,2393,1884,917,638,558,528,518,508,498,498,498,498,1037,728,648,608,588,588,588,588,588,598,1.31,2.29,2.69,2.94,3.07,3.07,3.07,3.07,3.07,3,0.18,0.22,0.26,0.26,0.24,0.27,0.3,0.3,0.3,0.42,2.78,878,1126,1.73,1.13,0.93,0.95,0.8,0.12,0.12,0.14,0.13,0.12,0.14,0.15,0.15,0.15,0.17,0.56,0.63
PIN,2023,2023-08-23,pin_5419,2023-08-23 13:08:08,,,456,1918,1203,553,422,390,390,422,390,390,423,422,423,617,520,455,455,422,455,487,488,552,553,2.11,2.69,3.22,3.22,3.55,3.22,2.94,2.93,2.47,2.47,0.2,0.41,0.33,0.33,0,0.33,0.44,0.3,0.49,0.5,1.84,780,910,1.46,1.11,0.96,0.95,0.76,0.1,0.19,0.14,0.14,0,0.14,0.2,0.13,0.24,0.24,0.54,0.57
PIN,2023,2023-08-23,pin_5141,2023-08-23 13:19:21,,,715,2470,1723,715,553,553,520,520,552,520,520,520,520,780,618,585,585,585,585,585,585,585,585,2.17,3,3.22,3.22,3.22,3.22,3.22,3.22,3.22,3.22,0.19,0.28,0.15,0.3,0.3,0.15,0.3,0.3,0.3,0.4,2.31,910,1138,1.71,1.17,0.9,0.97,0.71,0.08,0.11,0.05,0.11,0.11,0.06,0.11,0.11,0.11,0.11,0.43,0.51
PIN,2023,2023-08-23,pin_4990,2023-08-23 13:22:06,,,618,2243,1658,748,552,520,520,488,521,487,520,487,520,813,585,585,552,553,585,585,618,618,650,1.76,2.83,2.83,3.06,3.06,2.83,2.83,2.63,2.63,2.45,0.16,0.14,0.27,0.15,0.3,0.27,0.41,0.38,0.5,0.57,2.19,780,910,1.88,1.46,0.87,0.97,0.72,0.08,0.06,0.11,0.06,0.12,0.11,0.17,0.16,0.21,0.2,0.42,0.5
PIN,2023,2023-08-23,pin_4760,2023-08-23 13:23:21,,,715,2959,2210,1202,845,780,715,748,747,715,748,748,748,1268,910,845,845,845,845,845,845,845,845,1.33,2.25,2.5,2.5,2.5,2.5,2.5,2.5,2.5,2.5,0.09,0.15,0.16,0.33,0.24,0.25,0.33,0.24,0.24,0.3,1.95,1008,1138,1.94,1.6,0.81,0.89,0.76,0.05,0.07,0.08,0.15,0.11,0.12,0.15,0.11,0.11,0.11,0.42,0.49
PIN,2023,2023-08-23,pin_5650,2023-08-23 13:24:52,,,748,2633,1755,781,618,585,585,553,553,520,553,520,553,813,650,651,618,618,618,585,585,618,585,2.24,3.05,3.04,3.26,3.26,3.26,3.5,3.5,3.26,3.5,0.09,0.13,0.26,0.14,0.28,0.28,0.31,0.15,0.43,0.25,2.17,781,878,2.37,2,0.78,0.89,0.72,0.04,0.05,0.1,0.05,0.11,0.11,0.11,0.05,0.16,0.05,0.33,0.41
PIN,2023,2023-08-23,pin_5293,2023-08-23 13:27:10,,,585,2276,1756,812,585,552,520,520,553,552,552,618,617,878,618,585,617,617,617,618,650,683,683,1.59,2.68,2.89,2.69,2.69,2.69,2.68,2.5,2.33,2.33,0.14,0.12,0.13,0.36,0.36,0.24,0.24,0.33,0.2,0.29,1.85,1007,1203,1.26,0.89,0.98,0.94,0.74,0.08,0.05,0.06,0.16,0.16,0.1,0.11,0.15,0.1,0.1,0.55,0.57
PIN,2023,2023-08-23,pin_4970,2023-08-23 13:31:34,,,379,907,668,369,289,289,289,289,289,279,269,279,269,409,319,309,319,319,319,309,309,299,309,1.22,1.84,1.94,1.84,1.84,1.84,1.94,1.94,2.03,1.94,0.25,0.29,0.2,0.29,0.29,0.29,0.3,0.4,0.21,0.57,1.48,399,479,1.27,0.89,0.85,0.99,0.58,0.1,0.09,0.06,0.09,0.09,0.09,0.1,0.13,0.07,0.13,0.32,0.42
PIN,2023,2023-08-24,pin_1373,2023-08-24 15:03:42,,,683,3023,2504,1073,715,650,618,618,618,585,618,618,618,1073,747,715,683,650,650,650,650,650,650,1.82,3.05,3.23,3.43,3.65,3.65,3.65,3.65,3.65,3.65,0,0.09,0.2,0.22,0.12,0.12,0.24,0.12,0.12,0.16,3.05,943,1138,2.21,1.66,0.87,0.91,0.77,0,0.04,0.09,0.1,0.05,0.05,0.1,0.05,0.05,0.05,0.45,0.51
PIN,2023,2023-08-24,pin_5996,2023-08-24 15:05:42,,,553,2211,2503,1073,683,552,553,553,552,520,520,520,488,1073,682,618,553,585,553,552,552,553,520,1.06,2.24,2.58,3,2.78,3,3.01,3.01,3,3.25,0,0,0.23,0,0.12,0,0.14,0.14,0.14,0.33,4.13,780,975,1.83,1.27,0.73,0.82,0.75,0,0,0.11,0,0.05,0,0.06,0.06,0.06,0.06,0.37,0.47
PIN,2023,2023-08-24,pin_5923,2023-08-24 15:07:35,,,349,1366,2123,1007,748,678,638,648,658,648,659,668,678,1096,827,738,698,708,728,717,738,758,768,0.25,0.65,0.85,0.96,0.93,0.88,0.91,0.85,0.8,0.78,0.12,0.15,0.13,0.14,0.14,0.16,0.16,0.18,0.19,0.36,2.13,1317,1625,0.04,-0.16,0.73,0.81,0.74,0.08,0.1,0.08,0.09,0.08,0.1,0.1,0.11,0.12,0.12,0.54,0.63
PIN,2023,2023-08-24,pin_535,2023-08-24 15:09:07,,,683,3771,3088,1365,943,878,812,780,780,780,781,780,748,1463,1008,943,910,878,877,846,878,846,878,1.58,2.74,3,3.14,3.29,3.3,3.46,3.29,3.46,3.29,0.11,0.12,0.13,0.21,0.22,0.22,0.15,0.22,0.15,0.44,3.13,1171,1398,2.22,1.7,0.86,0.93,0.82,0.07,0.06,0.07,0.11,0.11,0.11,0.08,0.11,0.08,0.15,0.5,0.58
PIN,2023,2023-08-24,pin_6073,2023-08-24 15:16:15,,,479,2303,1844,877,598,528,498,499,489,489,489,489,489,947,648,588,548,548,539,549,549,548,549,1.43,2.55,2.92,3.2,3.2,3.27,3.19,3.19,3.2,3.19,0.12,0.15,0.21,0.19,0.19,0.2,0.23,0.23,0.23,0.32,2.77,908,1137,1.54,1.03,0.92,0.95,0.79,0.07,0.08,0.1,0.09,0.09,0.09,0.11,0.11,0.11,0.11,0.55,0.62
PIN,2023,2023-08-24,pin_393,2023-08-24 15:18:39,,,468,2194,1944,1057,638,548,508,488,478,468,468,468,468,1097,668,578,538,528,518,518,508,508,508,1,2.28,2.8,3.08,3.16,3.24,3.24,3.32,3.32,3.32,0.06,0.08,0.11,0.12,0.16,0.17,0.21,0.17,0.17,0.24,3.15,778,957,1.82,1.29,0.91,0.96,0.79,0.04,0.04,0.05,0.06,0.08,0.08,0.1,0.08,0.08,0.08,0.51,0.59
PIN,2023,2023-08-24,pin_219,2023-08-24 15:21:36,,,585,2536,1788,781,585,585,520,520,520,552,552,553,552,878,650,618,618,618,651,651,683,650,682,1.89,2.9,3.1,3.1,3.1,2.9,2.9,2.71,2.9,2.72,0.21,0.22,0.12,0.35,0.35,0.44,0.33,0.41,0.32,0.5,2.24,942,1137,1.69,1.23,0.87,0.95,0.77,0.11,0.1,0.05,0.16,0.16,0.2,0.15,0.19,0.15,0.19,0.48,0.57
PIN,2023,2023-08-24,pin_5211,2023-08-24 15:27:19,,,458,1884,1466,688,479,429,418,418,418,418,428,438,438,768,529,479,478,478,478,478,508,498,518,1.45,2.56,2.93,2.94,2.94,2.94,2.94,2.71,2.78,2.64,0.19,0.2,0.24,0.28,0.28,0.28,0.28,0.35,0.27,0.42,2.35,717,858,1.63,1.2,0.9,0.95,0.76,0.1,0.09,0.1,0.13,0.13,0.13,0.13,0.16,0.12,0.15,0.49,0.56
PIN,2023,2023-08-24,pin_746,2023-08-24 15:32:04,,,650,3219,2731,1333,813,715,650,650,650,683,617,650,618,1366,878,780,748,715,715,682,748,715,715,1.36,2.67,3.13,3.3,3.5,3.5,3.72,3.3,3.5,3.5,0.04,0.14,0.17,0.27,0.19,0.19,0,0.37,0.19,0.43,3.42,975,1138,2.3,1.83,0.86,0.93,0.8,0.02,0.07,0.08,0.13,0.09,0.09,0,0.18,0.09,0.14,0.47,0.54
PIN,2023,2023-08-24,pin_480,2023-08-24 15:35:36,,,650,2894,2438,1268,813,715,682,650,618,617,650,650,650,1300,845,780,747,715,715,715,682,715,683,1.23,2.42,2.71,2.87,3.05,3.05,3.05,3.24,3.05,3.24,0.04,0.08,0.17,0.18,0.2,0.29,0.3,0.1,0.2,0.14,2.75,975,1170,1.97,1.47,0.87,0.95,0.78,0.02,0.04,0.08,0.09,0.09,0.14,0.14,0.05,0.09,0.05,0.47,0.56
PIN,2023,2023-08-24,pin_4743,2023-08-24 15:37:19,,,349,1227,898,399,289,269,260,270,270,279,279,270,280,439,319,309,299,309,309,309,329,319,329,1.79,2.85,2.97,3.1,2.97,2.97,2.97,2.73,2.85,2.73,0.19,0.24,0.33,0.34,0.33,0.33,0.25,0.38,0.39,0.55,2.21,558,677,1.2,0.81,0.9,0.96,0.72,0.09,0.09,0.13,0.13,0.13,0.13,0.1,0.15,0.15,0.15,0.48,0.56
PIN,2023,2023-08-24,pin_4681,2023-08-24 15:38:46,,,651,2276,1886,845,553,488,487,487,488,520,520,520,488,877,585,520,488,520,553,520,553,552,553,1.6,2.89,3.38,3.66,3.38,3.12,3.38,3.12,3.12,3.12,0.07,0.14,0.17,0.01,0.17,0.31,0,0.16,0.15,0.5,2.86,1040,1203,1.19,0.89,0.88,0.95,0.71,0.04,0.05,0.06,0,0.06,0.12,0,0.06,0.06,0.12,0.47,0.54
PIN,2023,2023-08-24,pin_879,2023-08-24 15:46:43,,,618,3154,2666,1495,943,780,715,683,682,650,650,650,618,1560,1008,845,813,748,747,748,748,747,747,1.02,2.13,2.73,2.88,3.22,3.22,3.22,3.22,3.22,3.22,0.06,0.11,0.15,0.23,0.18,0.18,0.27,0.27,0.26,0.5,3.31,1105,1365,1.85,1.31,0.9,0.93,0.8,0.04,0.06,0.08,0.12,0.09,0.09,0.13,0.13,0.13,0.17,0.53,0.59
PIN,2023,2023-08-24,pin_4262,2023-08-24 15:49:13,,,489,2064,1695,768,528,479,459,458,459,459,439,449,439,808,568,519,499,508,508,499,488,508,488,1.55,2.63,2.98,3.14,3.06,3.06,3.14,3.23,3.06,3.23,0.09,0.15,0.17,0.18,0.22,0.22,0.18,0.23,0.26,0.35,2.86,867,1037,1.38,0.99,0.88,0.92,0.76,0.05,0.07,0.08,0.08,0.1,0.1,0.08,0.1,0.12,0.1,0.51,0.57
PIN,2023,2023-08-24,pin_278,2023-08-24 15:52:55,,,585,3089,2308,942,715,683,651,618,618,618,618,617,618,1105,780,780,748,715,748,748,715,747,748,1.8,2.96,2.96,3.13,3.32,3.13,3.13,3.32,3.14,3.13,0.24,0.16,0.24,0.25,0.27,0.34,0.34,0.27,0.34,0.5,2.73,1398,1658,1.21,0.86,0.95,0.96,0.81,0.15,0.08,0.12,0.13,0.14,0.17,0.17,0.14,0.17,0.17,0.63,0.67
PIN,2023,2023-09-26,pin_4411,2023-09-26 11:22:36,,,458,2043,1675,1067,728,628,558,529,509,498,508,508,518,1167,798,688,628,588,578,588,588,608,618,0.75,1.56,1.97,2.25,2.47,2.53,2.47,2.47,2.36,2.31,0.13,0.15,0.16,0.22,0.2,0.24,0.31,0.27,0.32,0.39,2.23,807,1017,1.53,1.01,0.92,0.96,0.78,0.09,0.09,0.09,0.11,0.1,0.12,0.15,0.14,0.16,0.16,0.53,0.61
PIN,2023,2023-09-26,pin_4482,2023-09-26 11:22:40,,,1041,6274,5819,4161,2406,1853,1561,1463,1398,1365,1366,1333,1333,4194,2471,1918,1658,1528,1495,1463,1463,1463,1463,0.5,1.54,2.27,2.78,3.11,3.2,3.29,3.29,3.29,3.29,0.01,0.04,0.06,0.1,0.08,0.12,0.12,0.12,0.16,0.21,3.37,1788,2211,2.51,1.84,0.89,0.94,0.83,0.01,0.03,0.03,0.06,0.04,0.06,0.07,0.07,0.09,0.09,0.53,0.6
PIN,2023,2023-09-26,pin_4262,2023-09-26 11:26:36,,,682,3999,3478,2569,1496,1138,943,878,845,813,845,845,845,2796,1626,1203,1040,976,943,975,1008,1008,1040,0.43,1.46,2.32,2.85,3.1,3.24,3.1,2.97,2.97,2.85,0.11,0.12,0.09,0.17,0.18,0.19,0.31,0.29,0.29,0.43,3.12,1235,1431,2.24,1.79,0.92,0.93,0.83,0.08,0.08,0.05,0.09,0.1,0.1,0.17,0.16,0.16,0.19,0.55,0.59
PIN,2023,2023-09-26,pin_4474,2023-09-26 11:40:34,,,553,2308,1853,1106,715,618,585,553,520,520,520,521,553,1236,812,683,618,618,585,553,585,618,585,0.87,1.84,2.38,2.73,2.73,2.95,3.17,2.95,2.73,2.95,0.17,0.23,0.2,0.12,0.23,0.25,0.14,0.25,0.34,0.16,2.35,781,911,1.96,1.53,0.89,0.96,0.76,0.11,0.12,0.1,0.05,0.11,0.11,0.06,0.11,0.16,0.05,0.46,0.54
PIN,2023,2023-09-26,pin_4772,2023-09-26 11:42:18,,,650,2796,2374,1333,845,715,650,650,585,617,650,650,650,1398,910,780,715,683,683,716,748,781,813,1,2.07,2.58,2.91,3.09,3.09,2.91,2.74,2.58,2.44,0.07,0.14,0.17,0.2,0.11,0.32,0.3,0.28,0.35,0.46,2.65,911,1073,2.07,1.61,0.9,0.92,0.77,0.05,0.07,0.08,0.09,0.05,0.14,0.14,0.13,0.17,0.2,0.46,0.52
PIN,2023,2023-09-26,pin_4241,2023-09-26 11:47:36,,,683,3121,2634,1398,846,716,715,683,683,683,716,715,715,1496,943,813,781,781,780,813,813,845,878,1.09,2.31,2.84,3,3,3,2.84,2.84,2.69,2.55,0.1,0.2,0.25,0.18,0.27,0.26,0.33,0.25,0.31,0.46,2.68,1040,1203,2,1.59,0.92,0.98,0.78,0.07,0.1,0.12,0.08,0.13,0.12,0.16,0.12,0.15,0.19,0.5,0.57
PIN,2023,2023-09-26,pin_4805,2023-09-26 11:50:49,,,650,3283,3153,2048,1268,1008,910,845,813,813,813,780,781,2243,1398,1106,1008,911,911,910,911,943,943,0.46,1.35,1.97,2.26,2.6,2.6,2.61,2.6,2.48,2.48,0.12,0.15,0.15,0.18,0.14,0.2,0.2,0.2,0.32,0.42,3.04,1268,1561,1.59,1.1,0.92,0.95,0.8,0.09,0.09,0.09,0.1,0.07,0.11,0.11,0.11,0.17,0.17,0.56,0.62
PIN,2023,2023-09-26,pin_4538,2023-09-26 11:51:58,,,418,1904,1585,1126,747,598,528,498,488,488,488,498,508,1246,827,688,618,588,588,588,618,618,638,0.53,1.3,1.77,2.08,2.24,2.24,2.24,2.08,2.08,1.98,0.14,0.16,0.23,0.27,0.29,0.32,0.32,0.39,0.36,0.45,2.12,778,898,1.45,1.12,0.93,0.94,0.78,0.1,0.1,0.13,0.15,0.15,0.17,0.17,0.21,0.19,0.2,0.55,0.59
PIN,2023,2023-09-26,pin_5988,2023-09-26 12:01:36,,,488,2633,2113,1463,910,715,651,618,586,586,553,585,586,1691,1040,845,748,716,683,716,715,748,780,0.56,1.53,2.12,2.52,2.68,2.86,2.68,2.68,2.52,2.38,0.18,0.2,0.26,0.23,0.25,0.27,0.33,0.42,0.39,0.54,2.61,943,1138,1.79,1.31,0.9,0.96,0.81,0.13,0.12,0.15,0.13,0.14,0.14,0.18,0.23,0.22,0.25,0.55,0.63
PIN,2023,2023-09-26,pin_6066,2023-09-26 12:04:42,,,552,2016,1691,1138,748,617,553,553,553,552,585,586,585,1203,813,683,683,618,651,650,651,683,715,0.68,1.48,1.95,1.95,2.26,2.1,2.1,2.1,1.95,1.82,0.09,0.15,0.2,0.4,0.23,0.33,0.33,0.22,0.3,0.44,1.89,846,943,1.38,1.14,0.88,1,0.73,0.05,0.08,0.1,0.19,0.11,0.15,0.15,0.1,0.14,0.18,0.46,0.55
PIN,2023,2023-09-26,pin_6073,2023-09-26 12:11:37,,,877,3641,3186,1853,1105,910,877,845,845,845,812,812,845,1950,1170,1007,942,910,910,910,910,942,942,0.87,2.11,2.62,2.87,3,3,3,3,2.87,2.87,0.08,0.11,0.21,0.15,0.16,0.16,0.16,0.24,0.31,0.27,2.77,1072,1203,2.4,2.03,0.94,0.95,0.76,0.05,0.06,0.1,0.07,0.07,0.07,0.07,0.11,0.14,0.1,0.45,0.49
PIN,2023,2023-09-26,pin_5996,2023-09-26 12:12:00,,,469,1017,858,538,439,408,408,398,399,399,389,389,389,568,458,429,428,438,429,419,419,409,409,0.79,1.22,1.37,1.38,1.32,1.37,1.43,1.43,1.49,1.49,0.13,0.12,0.15,0.14,0.27,0.21,0.15,0.22,0.15,0.25,1.21,488,548,1.08,0.86,0.74,0.8,0.54,0.05,0.04,0.05,0.05,0.09,0.07,0.05,0.07,0.05,0.05,0.26,0.31
PIN,2023,2023-09-26,pin_5341,2023-09-26 12:19:34,,,429,1744,1455,718,459,419,389,388,379,379,388,388,399,778,509,449,439,438,438,448,458,468,459,1.24,2.43,2.88,2.97,2.98,2.98,2.89,2.81,2.73,2.8,0.13,0.21,0.15,0.26,0.26,0.31,0.35,0.34,0.38,0.38,2.65,559,648,2.12,1.69,0.94,0.95,0.75,0.08,0.1,0.07,0.11,0.11,0.13,0.15,0.15,0.17,0.13,0.47,0.51
PIN,2023,2023-09-26,pin_5923,2023-09-26 12:19:39,,,521,3153,2861,2406,1561,1235,1040,943,911,878,846,813,813,2569,1691,1301,1138,1040,1008,1008,975,976,1008,0.23,0.86,1.42,1.77,2.03,2.13,2.13,2.23,2.23,2.13,0.08,0.11,0.08,0.13,0.15,0.16,0.21,0.22,0.27,0.37,2.52,1170,1365,1.69,1.31,0.98,0.97,0.83,0.06,0.08,0.05,0.09,0.09,0.1,0.13,0.13,0.17,0.19,0.64,0.67
PIN,2023,2023-09-26,pin_5224,2023-09-26 12:22:10,,,369,1635,1356,977,598,508,458,449,439,439,439,449,449,1086,687,588,548,529,539,549,549,559,578,0.51,1.38,1.78,1.98,2.09,2.03,1.98,1.98,1.92,1.83,0.14,0.22,0.25,0.31,0.29,0.35,0.37,0.37,0.36,0.45,2.02,628,717,1.6,1.28,0.95,0.95,0.77,0.1,0.13,0.14,0.16,0.15,0.19,0.2,0.2,0.2,0.22,0.54,0.57
PIN,2023,2023-09-26,pin_5419,2023-09-26 12:25:08,,,488,2146,1788,1202,683,585,520,520,455,487,455,455,488,1300,780,618,552,520,487,520,520,520,585,0.65,1.75,2.47,2.89,3.13,3.41,3.13,3.13,3.13,2.67,0.11,0.23,0.11,0.12,0,0.15,0.14,0.28,0.28,0.5,2.66,683,813,2.14,1.64,0.83,0.92,0.77,0.08,0.12,0.05,0.06,0,0.07,0.06,0.12,0.12,0.17,0.43,0.52
PIN,2023,2023-09-26,pin_5650,2023-09-26 12:35:03,,,683,3317,2828,1690,1041,813,748,716,716,715,748,716,748,1789,1105,943,813,781,781,813,845,846,878,0.85,2,2.52,3.08,3.25,3.25,3.08,2.93,2.92,2.78,0.08,0.1,0.26,0.16,0.17,0.17,0.25,0.23,0.31,0.36,2.78,1171,1431,1.83,1.32,0.92,0.95,0.79,0.06,0.06,0.14,0.08,0.08,0.08,0.12,0.11,0.15,0.15,0.53,0.59
PIN,2023,2023-09-26,pin_4743,2023-09-26 12:35:44,,,586,1886,1593,845,553,520,487,487,455,455,455,487,487,910,618,553,552,520,553,585,553,585,552,1.07,2.05,2.41,2.42,2.63,2.41,2.22,2.41,2.22,2.42,0.14,0.25,0.15,0.3,0.17,0.45,0.55,0.45,0.41,0.4,2.27,715,813,1.64,1.32,0.89,0.98,0.69,0.07,0.11,0.06,0.12,0.06,0.18,0.22,0.18,0.17,0.12,0.41,0.48
PIN,2023,2023-09-26,pin_5141,2023-09-26 12:42:58,,,520,2406,2081,1301,781,651,553,488,488,488,488,488,520,1366,846,683,586,553,553,553,553,553,618,0.76,1.84,2.52,3.11,3.35,3.35,3.35,3.35,3.35,2.89,0.07,0.14,0.09,0.12,0.26,0.26,0.26,0.26,0.26,0.38,3,748,910,2.22,1.64,0.9,0.93,0.78,0.05,0.08,0.05,0.06,0.12,0.12,0.12,0.12,0.12,0.16,0.48,0.54
PIN,2023,2023-09-26,pin_5293,2023-09-26 12:43:47,,,553,2731,2309,1886,1106,846,716,683,650,650,586,586,618,2049,1236,943,845,780,716,683,683,716,748,0.33,1.21,1.9,2.23,2.5,2.81,3,3,2.81,2.65,0.11,0.16,0.18,0.28,0.23,0.18,0.1,0.29,0.36,0.4,2.74,943,1106,1.9,1.47,0.96,1,0.8,0.08,0.11,0.1,0.15,0.12,0.09,0.05,0.14,0.18,0.17,0.55,0.62
PIN,2023,2023-09-26,pin_5211,2023-09-26 12:47:04,,,498,1784,1386,728,518,468,458,449,448,458,458,468,478,827,578,518,518,518,528,538,548,568,578,1.16,2.09,2.44,2.44,2.44,2.38,2.32,2.26,2.14,2.09,0.22,0.23,0.23,0.27,0.31,0.35,0.34,0.37,0.39,0.48,1.9,698,788,1.56,1.26,0.94,0.95,0.72,0.12,0.1,0.1,0.12,0.13,0.15,0.15,0.16,0.18,0.17,0.47,0.51
PIN,2023,2023-09-26,pin_4970,2023-09-26 12:53:48,,,388,599,469,329,279,260,259,269,269,259,270,260,279,339,279,280,279,279,279,279,290,289,279,0.77,1.15,1.14,1.15,1.15,1.15,1.15,1.07,1.07,1.15,0.13,0,0.35,0.35,0.18,0.18,0.35,0.33,0.48,0,0.68,299,319,1,0.88,0.78,0.84,0.35,0.03,0,0.07,0.07,0.04,0.04,0.07,0.07,0.1,0,0.17,0.19
PIN,2023,2023-09-26,pin_4990,2023-09-26 12:56:04,,,470,2817,2657,1770,1151,932,822,760,718,706,693,689,680,1899,1248,1023,914,851,825,814,811,817,819,0.48,1.26,1.75,2.08,2.31,2.41,2.46,2.47,2.45,2.44,0.09,0.11,0.14,0.16,0.18,0.22,0.22,0.25,0.26,0.36,2.91,1014,1235,1.78,1.28,0.89,0.93,0.83,0.07,0.08,0.09,0.1,0.11,0.13,0.13,0.15,0.16,0.17,0.57,0.64
PIN,2023,2023-09-26,pin_5096,2023-09-26 12:59:16,,,618,3186,2764,1561,1008,846,780,747,715,715,716,715,716,1626,1073,910,845,813,813,845,813,813,845,0.96,1.97,2.5,2.77,2.92,2.92,2.77,2.92,2.92,2.77,0.06,0.1,0.13,0.15,0.16,0.23,0.29,0.23,0.23,0.33,2.86,1040,1203,2.06,1.65,0.92,0.93,0.81,0.04,0.06,0.07,0.08,0.08,0.12,0.15,0.12,0.12,0.15,0.53,0.57
PIN,2023,2023-09-26,pin_4681,2023-09-26 13:03:37,,,617,2146,1756,780,552,520,455,487,488,488,487,455,488,812,585,552,520,520,520,553,552,553,585,1.64,2.67,2.89,3.13,3.13,3.13,2.88,2.89,2.88,2.67,0.08,0.14,0.15,0.33,0.17,0.16,0.3,0.3,0.45,0.43,2.6,780,910,1.75,1.36,0.97,0.98,0.71,0.04,0.06,0.06,0.12,0.06,0.06,0.12,0.12,0.18,0.17,0.46,0.5
PIN,2023,2023-09-26,pin_4791,2023-09-26 13:05:30,,,529,2413,1934,1136,658,538,509,489,499,499,509,519,519,1216,718,598,558,558,548,568,578,598,628,0.98,2.36,3.04,3.32,3.32,3.4,3.25,3.17,3.04,2.84,0.1,0.16,0.21,0.19,0.27,0.2,0.27,0.26,0.28,0.42,2.73,738,1186,2.27,1.03,0.91,1.08,0.78,0.07,0.08,0.1,0.09,0.12,0.09,0.12,0.12,0.13,0.17,0.47,0.69
PIN,2023,2023-09-26,pin_4716,2023-09-26 13:07:47,,,780,3186,2763,1365,910,748,748,748,747,748,781,780,748,1430,942,813,813,813,846,845,878,878,910,1.23,2.38,2.92,2.92,2.92,2.77,2.77,2.63,2.63,2.5,0.08,0.07,0.18,0.18,0.18,0.26,0.26,0.24,0.24,0.45,2.69,1041,1170,2.06,1.72,0.93,0.99,0.76,0.05,0.03,0.08,0.08,0.08,0.12,0.11,0.11,0.11,0.18,0.47,0.53
PIN,2023,2023-09-26,pin_2842,2023-09-26 14:21:07,,,378,1376,1037,489,369,339,349,339,339,339,349,349,359,529,399,378,379,389,399,409,419,419,429,1.6,2.45,2.64,2.63,2.54,2.45,2.36,2.28,2.28,2.21,0.15,0.17,0.25,0.19,0.3,0.35,0.39,0.37,0.37,0.44,1.89,558,688,1.47,1,0.93,0.94,0.73,0.08,0.08,0.1,0.08,0.13,0.15,0.17,0.17,0.17,0.16,0.48,0.54
PIN,2023,2023-09-26,pin_3957,2023-09-26 14:21:12,,,586,2049,1690,748,521,455,455,423,423,488,456,488,488,780,553,488,456,520,553,553,521,521,553,1.63,2.71,3.2,3.49,2.94,2.71,2.71,2.93,2.93,2.71,0.08,0.14,0.18,0.01,0.48,0.58,0.29,0.32,0.16,0.33,2.46,683,748,2,1.74,0.84,1,0.71,0.04,0.06,0.07,0,0.19,0.24,0.12,0.12,0.06,0.12,0.38,0.48
PIN,2023,2023-09-26,pin_3884,2023-09-26 14:22:10,,,479,1874,1436,658,468,428,428,438,448,458,468,468,458,747,538,498,508,528,548,588,598,608,608,1.51,2.48,2.76,2.69,2.55,2.42,2.19,2.13,2.08,2.08,0.22,0.29,0.32,0.36,0.38,0.4,0.46,0.45,0.47,0.56,2.14,708,808,1.65,1.32,0.97,0.98,0.74,0.12,0.13,0.14,0.16,0.17,0.18,0.22,0.22,0.23,0.25,0.51,0.54
PIN,2023,2023-09-26,pin_3868,2023-09-26 14:23:17,,,553,2438,1984,1138,748,618,585,553,553,553,553,585,585,1235,813,683,650,618,651,650,683,715,715,0.97,2,2.57,2.75,2.94,2.75,2.75,2.57,2.41,2.41,0.12,0.15,0.19,0.21,0.23,0.32,0.31,0.39,0.36,0.44,2.39,878,1040,1.78,1.34,0.94,1,0.77,0.08,0.08,0.1,0.1,0.11,0.15,0.15,0.19,0.18,0.18,0.52,0.59
PIN,2023,2023-09-26,pin_2467,2023-09-26 14:30:46,,,448,1725,1386,768,499,449,439,429,439,449,458,458,468,867,579,509,499,509,529,539,558,578,588,0.99,1.98,2.39,2.46,2.39,2.26,2.2,2.09,1.98,1.93,0.19,0.28,0.26,0.27,0.34,0.36,0.35,0.37,0.42,0.5,1.96,698,807,1.47,1.14,0.93,0.97,0.74,0.11,0.14,0.12,0.12,0.16,0.17,0.17,0.18,0.21,0.2,0.5,0.56
PIN,2023,2023-09-26,pin_3969,2023-09-26 14:35:11,,,429,2024,1665,908,588,498,478,478,478,488,498,508,498,997,648,568,548,558,578,598,628,638,638,1.03,2.12,2.56,2.69,2.63,2.5,2.38,2.22,2.17,2.17,0.14,0.17,0.24,0.25,0.28,0.34,0.35,0.39,0.38,0.47,2.34,807,937,1.51,1.16,0.95,0.98,0.79,0.09,0.09,0.12,0.13,0.14,0.17,0.18,0.21,0.2,0.22,0.57,0.62
PIN,2023,2023-09-26,pin_2497,2023-09-26 14:35:18,,,552,2244,1658,911,618,487,423,261,130,162,98,65,65,976,683,585,488,293,195,163,163,98,97,1.3,2.29,2.84,3.6,6.66,10.51,12.77,12.77,21.9,22.13,0.12,0.2,0.38,0.33,0.38,1.58,0.03,2.19,2.85,0.49,24.51,162,162,12.85,12.85,4.43,4.43,0.75,0.07,0.1,0.17,0.13,0.11,0.33,0.01,0.4,0.34,0.33,0.8,0.8
PIN,2023,2023-09-26,pin_4007,2023-09-26 14:37:05,,,449,1804,1416,897,588,508,478,468,478,478,488,509,508,1017,668,578,548,558,578,598,618,638,658,0.77,1.7,2.12,2.29,2.23,2.12,2.02,1.92,1.83,1.74,0.19,0.23,0.25,0.27,0.33,0.35,0.4,0.41,0.39,0.52,1.79,788,907,1.29,0.99,0.94,0.97,0.75,0.12,0.12,0.12,0.13,0.16,0.17,0.2,0.21,0.2,0.23,0.53,0.58
PIN,2023,2023-09-26,pin_2237,2023-09-26 14:39:10,,,618,2568,2016,975,618,553,553,553,585,585,618,618,585,1073,683,650,650,683,683,748,781,780,813,1.39,2.76,2.95,2.95,2.76,2.76,2.43,2.29,2.29,2.16,0.16,0.21,0.34,0.34,0.42,0.31,0.46,0.43,0.42,0.64,2.45,1008,1235,1.55,1.08,0.93,0.96,0.76,0.09,0.1,0.15,0.15,0.19,0.14,0.22,0.21,0.21,0.28,0.52,0.58
PIN,2023,2023-09-26,pin_2158,2023-09-26 14:44:00,,,553,2470,2048,1105,748,878,650,585,520,520,520,520,488,1235,813,1008,715,618,617,585,585,585,553,1,2.04,1.45,2.45,3,3,3.22,3.22,3.22,3.47,0.17,0.15,0.22,0.18,0.11,0.34,0.25,0.25,0.25,0.5,3.2,813,1007,2.04,1.45,0.9,0.94,0.78,0.11,0.08,0.13,0.09,0.05,0.16,0.11,0.11,0.11,0.12,0.48,0.55
PIN,2023,2023-09-26,pin_3621,2023-09-26 14:44:12,,,553,2275,1886,975,617,553,520,520,488,488,488,487,487,1008,682,618,585,585,553,585,553,585,552,1.26,2.34,2.68,2.89,2.89,3.11,2.89,3.11,2.89,3.12,0.06,0.2,0.23,0.25,0.25,0.27,0.37,0.27,0.38,0.4,2.87,715,878,2.18,1.59,0.92,0.95,0.76,0.03,0.1,0.11,0.11,0.11,0.12,0.17,0.12,0.17,0.12,0.45,0.52
PIN,2023,2023-09-26,pin_3904,2023-09-26 14:48:56,,,439,2034,1725,1046,648,538,498,478,478,478,478,479,479,1107,707,588,548,548,548,558,558,568,578,0.84,1.88,2.46,2.71,2.71,2.71,2.65,2.65,2.58,2.52,0.08,0.15,0.17,0.18,0.26,0.26,0.29,0.29,0.31,0.41,2.6,718,817,1.83,1.49,0.89,0.9,0.78,0.06,0.08,0.09,0.09,0.13,0.13,0.14,0.14,0.16,0.17,0.5,0.54
PIN,2023,2023-09-26,pin_2076,2023-09-26 14:50:42,,,369,2084,1665,1216,738,588,529,499,499,509,509,529,529,1386,848,678,628,618,618,638,668,688,708,0.5,1.46,2.07,2.32,2.37,2.37,2.27,2.12,2.03,1.94,0.16,0.2,0.22,0.27,0.33,0.33,0.34,0.4,0.38,0.46,2.15,858,1017,1.43,1.05,0.97,0.96,0.82,0.12,0.13,0.13,0.16,0.19,0.19,0.2,0.24,0.23,0.25,0.64,0.67
PIN,2023,2023-09-26,pin_2815,2023-09-26 15:06:22,,,650,2860,2340,1235,780,650,618,618,618,553,585,553,553,1300,845,715,716,650,683,683,651,651,650,1.2,2.38,3,2.99,3.4,3.19,3.19,3.39,3.39,3.4,0.08,0.15,0.2,0.3,0.11,0.21,0.42,0.23,0.35,0.43,3.23,878,1105,2.26,1.59,0.87,0.93,0.77,0.05,0.08,0.09,0.14,0.05,0.1,0.19,0.1,0.15,0.15,0.44,0.53
PIN,2023,2023-09-26,pin_2740,2023-09-26 15:10:46,,,585,2601,2049,1008,683,618,585,585,585,618,618,586,585,1138,748,683,715,683,715,748,748,781,780,1.29,2.48,2.81,2.64,2.81,2.64,2.48,2.48,2.33,2.33,0.19,0.17,0.2,0.37,0.3,0.37,0.35,0.35,0.49,0.6,2.5,976,1138,1.66,1.29,0.89,0.95,0.78,0.11,0.09,0.1,0.18,0.14,0.18,0.17,0.17,0.25,0.25,0.5,0.57
PIN,2023,2023-09-26,pin_2512,2023-09-26 15:14:21,,,650,2763,2406,1398,878,748,715,682,650,650,650,650,650,1495,975,813,780,747,747,748,747,747,780,0.85,1.83,2.4,2.54,2.7,2.7,2.69,2.7,2.7,2.54,0.1,0.19,0.16,0.17,0.19,0.28,0.28,0.28,0.28,0.4,2.7,942,1073,1.93,1.58,0.92,0.98,0.76,0.06,0.1,0.08,0.08,0.09,0.13,0.13,0.13,0.13,0.17,0.48,0.55
PIN,2023,2023-09-26,pin_2521,2023-09-26 15:16:21,,,845,3284,2763,1301,878,813,780,780,780,812,780,780,813,1398,943,878,845,846,878,878,878,878,943,1.35,2.48,2.74,2.89,2.88,2.74,2.74,2.74,2.74,2.48,0.13,0.15,0.17,0.18,0.18,0.26,0.17,0.26,0.26,0.4,2.4,1106,1235,1.97,1.66,0.9,0.91,0.74,0.07,0.07,0.07,0.08,0.08,0.11,0.08,0.11,0.11,0.14,0.44,0.47
PIN,2023,2023-09-26,pin_2437,2023-09-26 15:19:30,,,747,2731,2276,1171,780,683,618,617,650,650,617,617,618,1235,845,748,715,683,747,747,747,747,748,1.21,2.23,2.65,2.82,3,2.66,2.66,2.66,2.66,2.65,0.09,0.17,0.21,0.33,0.24,0.31,0.31,0.41,0.41,0.5,2.68,975,1105,1.8,1.47,0.96,0.97,0.73,0.05,0.08,0.09,0.14,0.1,0.13,0.13,0.17,0.17,0.17,0.47,0.5
PIN,2023,2023-09-26,pin_2428,2023-09-26 15:22:00,,,553,2894,2569,1983,1203,910,813,715,682,650,650,618,650,2113,1268,975,911,845,748,747,748,715,715,0.37,1.28,1.97,2.18,2.42,2.87,2.87,2.87,3.05,3.05,0.08,0.08,0.11,0.19,0.28,0.17,0.25,0.25,0.27,0.25,2.95,942,1235,2.07,1.34,0.89,0.98,0.81,0.06,0.05,0.07,0.11,0.15,0.09,0.13,0.13,0.14,0.09,0.52,0.63
PIN,2023,2023-09-26,pin_2367,2023-09-26 15:22:05,,,553,2243,1854,1008,683,585,553,553,553,553,520,553,521,1105,748,650,618,618,651,618,618,618,618,1.03,2,2.45,2.63,2.63,2.45,2.63,2.63,2.63,2.63,0.15,0.17,0.21,0.23,0.23,0.32,0.23,0.35,0.23,0.37,2.56,943,1138,1.38,0.97,0.92,0.99,0.75,0.09,0.09,0.1,0.11,0.11,0.15,0.11,0.16,0.11,0.16,0.52,0.6
PIN,2023,2023-09-26,pin_2196,2023-09-26 15:28:42,,,747,4194,3674,2438,1529,1236,1105,1041,1008,976,975,976,943,2601,1723,1398,1268,1170,1171,1171,1138,1138,1138,0.61,1.43,2,2.31,2.58,2.58,2.58,2.69,2.69,2.69,0.08,0.17,0.19,0.22,0.2,0.25,0.3,0.26,0.26,0.35,2.9,1365,1626,2.07,1.58,0.91,0.94,0.82,0.06,0.11,0.12,0.13,0.11,0.14,0.17,0.14,0.14,0.17,0.55,0.6
PIN,2023,2023-09-27,pin_3361,2023-09-27 10:41:58,,,270,1326,1157,718,459,369,329,310,309,309,319,319,319,768,519,429,379,359,368,369,388,388,399,0.73,1.55,2.09,2.5,2.69,2.6,2.59,2.42,2.42,2.32,0.09,0.19,0.25,0.25,0.27,0.31,0.31,0.33,0.33,0.44,2.63,498,588,1.66,1.26,0.94,0.96,0.8,0.07,0.12,0.14,0.13,0.14,0.16,0.16,0.18,0.18,0.2,0.56,0.61
PIN,2023,2023-09-27,pin_3134,2023-09-27 10:42:40,,,458,2791,2423,2104,1366,1077,907,797,727,717,687,687,678,2313,1505,1206,1016,927,867,847,837,857,877,0.21,0.85,1.31,1.75,2.01,2.22,2.3,2.33,2.26,2.18,0.11,0.13,0.16,0.17,0.22,0.26,0.25,0.3,0.33,0.43,2.57,1066,1356,1.62,1.06,0.93,0.97,0.84,0.09,0.09,0.11,0.11,0.14,0.16,0.15,0.18,0.2,0.23,0.62,0.69
PIN,2023,2023-09-27,pin_3254,2023-09-27 10:44:37,,,553,3023,2699,2179,1398,1073,911,846,813,813,781,813,813,2341,1528,1203,1041,1008,943,943,943,976,1008,0.29,0.98,1.51,1.9,2,2.21,2.21,2.21,2.1,2,0.09,0.12,0.17,0.21,0.27,0.24,0.24,0.3,0.28,0.4,2.32,1203,1431,1.51,1.11,0.93,0.97,0.82,0.07,0.09,0.11,0.12,0.16,0.14,0.14,0.17,0.17,0.19,0.59,0.66
PIN,2023,2023-09-27,pin_3061,2023-09-27 10:46:23,,,553,2861,2504,2179,1365,1106,878,846,781,748,748,748,780,2373,1495,1170,1008,943,878,878,878,943,943,0.21,0.91,1.45,1.84,2.03,2.26,2.26,2.26,2.03,2.03,0.11,0.13,0.09,0.22,0.18,0.2,0.26,0.26,0.36,0.33,2.21,1138,1333,1.51,1.15,0.96,1,0.81,0.08,0.09,0.05,0.13,0.1,0.11,0.15,0.15,0.21,0.17,0.6,0.66
PIN,2023,2023-09-27,pin_2866,2023-09-27 10:48:35,,,553,3414,3056,2894,2048,1659,1398,1236,1171,1106,1073,1073,1073,3154,2276,1821,1561,1431,1333,1300,1301,1301,1301,0.08,0.5,0.87,1.19,1.39,1.56,1.63,1.62,1.62,1.62,0.1,0.13,0.12,0.15,0.2,0.18,0.22,0.26,0.26,0.3,1.85,1496,1756,1.28,0.94,1,0.99,0.84,0.08,0.1,0.09,0.1,0.14,0.12,0.15,0.18,0.18,0.18,0.7,0.72
PIN,2023,2023-09-27,pin_2954,2023-09-27 10:55:40,,,339,1366,1017,549,379,329,309,319,309,309,309,319,319,618,438,369,368,359,368,379,399,409,419,1.21,2.12,2.7,2.71,2.81,2.71,2.6,2.42,2.34,2.26,0.19,0.27,0.24,0.36,0.25,0.36,0.4,0.48,0.46,0.56,2.19,508,638,1.69,1.14,0.96,0.99,0.75,0.11,0.13,0.11,0.16,0.11,0.16,0.18,0.23,0.22,0.24,0.51,0.58
PIN,2023,2023-09-27,pin_2757,2023-09-27 10:57:02,,,419,2382,1935,1416,888,688,618,569,568,558,548,569,578,1595,1007,798,708,678,688,688,718,738,767,0.49,1.37,1.98,2.36,2.51,2.46,2.46,2.32,2.23,2.11,0.15,0.18,0.23,0.22,0.28,0.3,0.33,0.4,0.39,0.46,2.35,918,1116,1.59,1.13,0.96,0.98,0.82,0.11,0.12,0.14,0.13,0.16,0.17,0.19,0.24,0.23,0.25,0.62,0.67
PIN,2023,2023-09-27,pin_3085,2023-09-27 11:14:47,,,553,2763,2373,1495,976,781,651,618,586,585,553,585,586,1593,1073,846,748,683,683,651,651,683,716,0.73,1.58,2.27,2.69,3.05,3.05,3.24,3.24,3.05,2.86,0.09,0.15,0.14,0.25,0.19,0.29,0.21,0.31,0.29,0.44,3.05,1008,1365,1.74,1.02,0.92,1,0.8,0.06,0.09,0.08,0.13,0.1,0.14,0.1,0.15,0.14,0.18,0.55,0.67
PIN,2023,2023-09-27,pin_1827,2023-09-27 11:14:59,,,617,2634,2211,1365,813,683,585,552,552,552,552,585,585,1463,878,748,650,617,617,617,617,650,683,0.8,2,2.52,3.05,3.27,3.27,3.27,3.27,3.05,2.86,0.1,0.14,0.18,0.22,0.24,0.24,0.24,0.24,0.22,0.43,2.78,846,1008,2.11,1.61,0.9,0.93,0.77,0.07,0.07,0.09,0.1,0.11,0.11,0.11,0.11,0.1,0.14,0.46,0.52
PIN,2023,2023-09-27,pin_1981,2023-09-27 11:18:40,,,489,2483,1964,1286,778,618,538,518,509,509,519,538,548,1456,887,698,618,598,598,618,658,688,708,0.71,1.8,2.56,3.02,3.15,3.15,3.02,2.77,2.61,2.51,0.17,0.21,0.21,0.26,0.27,0.3,0.35,0.41,0.41,0.5,2.58,867,1027,1.86,1.42,0.94,0.96,0.8,0.12,0.12,0.11,0.13,0.13,0.15,0.18,0.21,0.22,0.23,0.55,0.6
PIN,2023,2023-09-27,pin_1590,2023-09-27 11:22:08,,,458,2502,2133,1745,1036,797,678,608,568,538,538,528,538,1924,1136,887,757,678,638,638,628,638,648,0.3,1.2,1.82,2.31,2.69,2.92,2.92,2.98,2.92,2.86,0.12,0.13,0.17,0.18,0.19,0.21,0.29,0.27,0.32,0.39,2.96,817,1007,2.06,1.48,0.92,0.96,0.82,0.09,0.09,0.1,0.1,0.1,0.11,0.16,0.14,0.17,0.17,0.55,0.61
PIN,2023,2023-09-27,pin_1373,2023-09-27 11:26:53,,,878,4389,3869,2374,1333,1073,943,911,910,910,910,910,910,2471,1431,1170,1040,1008,1040,1040,1040,1073,1073,0.78,2.07,2.75,3.22,3.35,3.22,3.22,3.22,3.09,3.09,0.06,0.12,0.16,0.19,0.2,0.26,0.26,0.26,0.31,0.36,3.25,1430,1723,2.07,1.55,0.92,0.96,0.8,0.04,0.07,0.08,0.09,0.1,0.12,0.12,0.12,0.15,0.15,0.52,0.59
PIN,2023,2023-09-27,pin_1220,2023-09-27 11:32:54,,,683,3836,3219,2243,1300,1007,910,878,845,812,845,845,845,2438,1430,1170,1040,975,942,1008,1008,1008,1007,0.57,1.68,2.28,2.69,2.93,3.07,2.81,2.81,2.81,2.81,0.11,0.14,0.24,0.22,0.18,0.19,0.35,0.3,0.3,0.36,2.81,1300,1496,1.95,1.56,0.94,0.95,0.82,0.08,0.09,0.14,0.12,0.1,0.1,0.19,0.16,0.16,0.16,0.57,0.61
PIN,2023,2023-09-27,pin_1213,2023-09-27 11:36:19,,,650,3966,3511,2699,1463,1105,878,813,812,780,780,780,813,2861,1561,1138,975,878,878,845,878,910,910,0.39,1.54,2.49,3.07,3.52,3.52,3.69,3.52,3.36,3.36,0.07,0.09,0.05,0.18,0.14,0.14,0.15,0.21,0.26,0.25,3.32,1170,1463,2.39,1.71,0.88,0.95,0.84,0.06,0.06,0.03,0.1,0.07,0.08,0.08,0.11,0.14,0.11,0.53,0.62
PIN,2023,2023-09-27,pin_1062,2023-09-27 11:40:32,,,585,2373,1951,1073,682,552,520,552,553,553,553,585,553,1203,747,617,585,617,650,650,650,715,715,0.97,2.18,2.85,3.06,2.85,2.65,2.65,2.65,2.32,2.32,0.18,0.18,0.24,0.26,0.24,0.33,0.33,0.33,0.38,0.55,2.53,845,942,1.81,1.52,0.96,0.94,0.75,0.11,0.09,0.11,0.11,0.11,0.15,0.15,0.15,0.18,0.23,0.5,0.52
PIN,2023,2023-09-27,pin_689,2023-09-27 11:45:18,,,553,3576,3089,2569,1528,1171,976,878,846,780,780,780,780,2763,1625,1268,1106,976,943,878,911,911,943,0.29,1.2,1.82,2.23,2.66,2.79,3.07,2.93,2.93,2.79,0.09,0.08,0.12,0.19,0.17,0.17,0.19,0.25,0.25,0.39,2.96,1236,1561,1.89,1.29,0.89,0.95,0.85,0.07,0.06,0.08,0.12,0.1,0.1,0.11,0.14,0.14,0.17,0.58,0.67
PIN,2023,2023-09-27,pin_535,2023-09-27 11:50:53,,,553,3283,2893,2276,1268,910,780,715,683,651,650,618,650,2406,1333,975,845,748,716,716,716,716,748,0.36,1.46,2.37,2.89,3.39,3.59,3.59,3.59,3.59,3.39,0.07,0.07,0.11,0.14,0.08,0.09,0.18,0.18,0.26,0.33,3.45,976,1235,2.36,1.66,0.9,0.93,0.83,0.05,0.05,0.07,0.08,0.04,0.05,0.09,0.09,0.14,0.13,0.53,0.6
PIN,2023,2023-09-27,pin_1834,2023-09-27 12:01:03,,,553,2601,2178,1268,813,650,586,585,552,520,520,520,520,1365,878,748,683,650,617,585,618,617,585,0.91,1.96,2.48,2.81,3,3.22,3.45,3.21,3.22,3.45,0.11,0.13,0.25,0.29,0.21,0.23,0.24,0.34,0.34,0.4,3.19,910,1138,1.86,1.29,0.95,0.97,0.79,0.07,0.07,0.13,0.14,0.1,0.11,0.11,0.16,0.16,0.11,0.54,0.6
PIN,2023,2023-09-27,pin_1933,2023-09-27 12:19:07,,,553,3056,2666,1560,845,650,618,618,585,586,585,585,618,1658,910,715,651,683,650,683,715,715,748,0.84,2.36,3.27,3.69,3.47,3.7,3.47,3.27,3.27,3.09,0.08,0.12,0.18,0.1,0.19,0.2,0.28,0.35,0.35,0.4,3.31,911,1138,2.35,1.69,0.87,0.96,0.82,0.06,0.07,0.09,0.05,0.1,0.1,0.14,0.18,0.18,0.17,0.5,0.6
PIN,2023,2023-09-27,pin_1942,2023-09-27 12:21:40,,,509,2921,2513,1695,947,748,678,638,638,628,638,648,648,1805,1027,827,758,728,728,748,768,797,807,0.62,1.84,2.53,2.85,3.01,3.01,2.91,2.8,2.66,2.62,0.08,0.12,0.17,0.19,0.23,0.23,0.29,0.31,0.33,0.41,2.88,1047,1256,1.79,1.33,0.94,0.97,0.83,0.06,0.08,0.1,0.11,0.12,0.12,0.16,0.17,0.19,0.2,0.59,0.65
PIN,2023,2023-09-27,pin_879,2023-09-27 12:26:43,,,618,2926,2471,1496,943,781,683,683,683,683,651,683,716,1593,1008,845,781,748,748,781,813,878,878,0.84,1.9,2.46,2.75,2.91,2.91,2.75,2.6,2.33,2.33,0.09,0.11,0.15,0.25,0.18,0.18,0.25,0.39,0.42,0.42,2.45,1041,1203,1.81,1.43,0.93,0.94,0.79,0.06,0.06,0.08,0.13,0.09,0.09,0.13,0.2,0.22,0.18,0.53,0.57
PIN,2023,2023-09-27,pin_871,2023-09-27 12:30:53,,,618,3252,2861,2113,1202,975,845,780,748,748,780,780,780,2276,1300,1007,910,878,878,845,910,942,942,0.43,1.5,2.23,2.57,2.7,2.7,2.85,2.57,2.45,2.45,0.1,0.12,0.06,0.13,0.21,0.28,0.22,0.26,0.31,0.38,2.67,1202,1430,1.71,1.27,0.97,0.94,0.81,0.07,0.08,0.03,0.07,0.11,0.15,0.11,0.14,0.17,0.17,0.59,0.61
PIN,2023,2023-09-27,pin_1840,2023-09-27 12:32:09,,,618,3219,2763,1788,1105,878,812,780,780,812,845,877,845,1918,1203,975,910,911,943,1008,1073,1106,1138,0.68,1.68,2.3,2.54,2.53,2.41,2.19,2,1.91,1.83,0.09,0.13,0.18,0.2,0.26,0.31,0.34,0.36,0.35,0.5,2.27,1333,1560,1.41,1.06,0.96,0.96,0.81,0.07,0.08,0.1,0.11,0.14,0.17,0.19,0.21,0.21,0.26,0.61,0.65
PIN,2023,2023-09-27,pin_257,2023-09-27 12:41:34,,,1073,1885,1593,910,715,650,650,618,618,585,617,617,585,910,682,617,617,618,618,618,617,617,585,1.07,1.76,2.06,2.06,2.05,2.05,2.05,2.06,2.06,2.22,0,-0.23,-0.27,-0.27,0,0,0.27,0,0,0,1.72,682,715,1.76,1.64,0.89,0.82,0.43,0,-0.05,-0.05,-0.05,0,0,0.05,0,0,0,0.19,0.18
PIN,2023,2023-09-27,pin_1307,2023-09-27 12:42:04,,,683,2959,2503,1235,812,683,650,650,683,650,650,650,715,1365,845,780,748,715,747,780,813,845,845,1.17,2.5,2.79,2.96,3.14,2.96,2.79,2.64,2.5,2.5,0.16,0.08,0.27,0.29,0.2,0.19,0.36,0.42,0.47,0.4,2.5,1008,1170,1.94,1.53,0.91,0.93,0.77,0.1,0.04,0.12,0.13,0.09,0.09,0.17,0.2,0.23,0.15,0.48,0.53
PIN,2023,2023-09-27,pin_278,2023-09-27 12:44:08,,,813,4649,3934,2731,1560,1203,1073,1040,1040,1040,1008,1073,1041,2926,1723,1365,1235,1203,1203,1203,1236,1300,1333,0.59,1.7,2.41,2.76,2.86,2.86,2.86,2.76,2.58,2.49,0.09,0.15,0.2,0.24,0.25,0.25,0.25,0.33,0.31,0.43,2.78,1658,1983,1.8,1.34,0.97,0.98,0.83,0.07,0.09,0.12,0.13,0.14,0.14,0.14,0.18,0.17,0.22,0.61,0.66
PIN,2023,2023-09-27,pin_1355,2023-09-27 12:46:20,,,650,3186,2796,1918,1138,910,813,748,683,715,715,715,715,2015,1203,943,813,781,781,780,813,845,846,0.58,1.65,2.38,2.92,3.08,3.08,3.08,2.92,2.77,2.77,0.07,0.09,0.07,0,0.09,0.26,0.17,0.24,0.3,0.4,2.91,1073,1268,1.97,1.51,0.91,0.93,0.8,0.05,0.05,0.03,0,0.04,0.13,0.08,0.12,0.15,0.15,0.51,0.56
PIN,2023,2023-09-27,pin_480,2023-09-27 12:46:33,,,683,2991,2406,1170,781,683,651,651,683,683,683,683,683,1300,878,781,748,715,781,813,813,846,846,1.3,2.41,2.83,3,3.18,2.83,2.68,2.68,2.54,2.54,0.17,0.22,0.27,0.28,0.2,0.27,0.33,0.33,0.39,0.46,2.52,1041,1203,1.87,1.49,0.87,0.94,0.77,0.1,0.11,0.13,0.13,0.09,0.13,0.16,0.16,0.19,0.19,0.47,0.54
PIN,2023,2023-09-27,pin_1205,2023-09-27 12:51:03,,,683,3934,3544,2438,1333,1041,943,846,846,878,878,846,878,2568,1431,1106,1008,943,943,975,1008,976,1008,0.53,1.75,2.56,2.9,3.17,3.17,3.03,2.9,3.03,2.9,0.07,0.11,0.1,0.12,0.19,0.19,0.18,0.23,0.25,0.31,3.04,1203,1430,2.27,1.75,0.87,0.9,0.83,0.05,0.07,0.06,0.06,0.1,0.1,0.1,0.13,0.13,0.13,0.51,0.57
PIN,2023,2023-09-27,pin_1204,2023-09-27 12:55:20,,,585,3121,2829,2211,1236,943,812,780,747,747,715,747,747,2341,1333,1008,878,845,812,813,813,877,877,0.33,1.34,2.1,2.55,2.69,2.84,2.84,2.84,2.56,2.56,0.07,0.11,0.11,0.14,0.14,0.15,0.15,0.23,0.27,0.33,2.79,1041,1203,2,1.59,0.9,0.91,0.81,0.06,0.07,0.06,0.08,0.08,0.08,0.08,0.12,0.15,0.15,0.53,0.57
PIN,2023,2023-09-27,pin_556,2023-09-27 12:55:34,,,748,3739,3154,2114,1236,1008,878,846,813,846,813,846,878,2243,1333,1106,1008,976,943,976,1008,1041,1041,0.67,1.8,2.38,2.71,2.83,2.97,2.83,2.71,2.59,2.59,0.08,0.12,0.16,0.25,0.26,0.27,0.26,0.37,0.36,0.36,2.59,1300,1495,1.88,1.5,0.95,0.95,0.8,0.06,0.07,0.09,0.13,0.13,0.14,0.13,0.19,0.19,0.16,0.55,0.59
PIN,2023,2023-09-27,pin_773,2023-09-27 13:04:20,,,399,1615,1316,608,409,379,379,369,379,369,379,379,379,638,439,419,419,419,429,429,429,439,429,1.53,2.68,2.85,2.85,2.85,2.76,2.76,2.76,2.68,2.76,0.09,0.15,0.22,0.22,0.27,0.26,0.31,0.26,0.3,0.33,2.47,559,668,1.89,1.42,0.94,0.99,0.75,0.05,0.07,0.1,0.1,0.12,0.12,0.14,0.12,0.14,0.12,0.48,0.55
PIN,2023,2023-09-27,pin_746,2023-09-27 13:08:41,,,358,1951,1528,1203,748,586,521,488,488,455,488,488,488,1300,846,683,585,585,585,585,618,585,618,0.5,1.31,1.86,2.34,2.34,2.34,2.34,2.16,2.34,2.16,0.1,0.18,0.23,0.19,0.29,0.29,0.39,0.36,0.29,0.4,2.13,780,943,1.5,1.07,1.04,1.01,0.82,0.07,0.12,0.14,0.11,0.17,0.17,0.22,0.21,0.17,0.21,0.67,0.69
PIN,2023,2023-09-27,pin_625,2023-09-27 13:20:58,,,520,2926,2634,2048,1170,877,780,715,650,682,682,682,682,2113,1235,943,845,747,747,747,747,780,812,0.38,1.37,2.1,2.46,2.92,2.92,2.92,2.92,2.75,2.6,0.04,0.08,0.12,0.13,0.08,0.24,0.16,0.16,0.23,0.36,2.86,1040,1235,1.81,1.37,0.9,0.92,0.82,0.03,0.05,0.07,0.08,0.04,0.13,0.09,0.09,0.13,0.16,0.56,0.61
PIN,2023,2023-09-27,pin_548,2023-09-27 13:21:55,,,552,3089,2763,1950,1300,1105,1008,975,976,943,910,878,911,2048,1430,1235,1138,1105,1105,1073,1073,1073,1040,0.51,1.16,1.5,1.71,1.8,1.8,1.88,1.88,1.88,1.97,0.06,0.13,0.16,0.18,0.19,0.19,0.2,0.25,0.3,0.25,2.03,1333,1626,1.32,0.9,0.95,0.96,0.82,0.05,0.09,0.11,0.11,0.12,0.12,0.12,0.15,0.18,0.12,0.63,0.68
PIN,2023,2023-09-27,pin_393,2023-09-27 13:47:32,,,617,2828,2406,1332,780,683,651,651,618,618,651,651,650,1430,878,748,716,716,715,781,781,813,813,0.98,2.22,2.78,2.95,2.95,2.96,2.62,2.62,2.48,2.48,0.11,0.21,0.18,0.19,0.19,0.29,0.42,0.33,0.39,0.42,2.7,975,1105,1.9,1.56,0.97,1.01,0.78,0.07,0.11,0.09,0.09,0.09,0.14,0.21,0.17,0.2,0.2,0.53,0.59
PIN,2023,2023-09-27,pin_63,2023-09-27 13:51:51,,,585,3544,3186,2374,1301,976,846,781,780,781,813,813,813,2504,1398,1073,943,878,910,943,943,943,943,0.42,1.54,2.3,2.76,3.04,2.89,2.76,2.76,2.76,2.76,0.07,0.1,0.15,0.18,0.2,0.25,0.3,0.24,0.24,0.29,2.92,1235,1496,1.87,1.37,0.91,0.96,0.83,0.05,0.07,0.09,0.1,0.11,0.14,0.17,0.14,0.14,0.14,0.58,0.65
PIN,2023,2023-09-27,pin_219,2023-09-27 13:55:16,,,459,1894,1336,559,429,399,409,419,428,429,439,438,439,628,489,479,479,488,518,528,529,538,548,2.02,2.87,2.95,2.95,2.88,2.66,2.59,2.58,2.52,2.46,0.22,0.27,0.38,0.33,0.32,0.38,0.4,0.36,0.4,0.52,2.04,698,797,1.71,1.38,0.93,0.95,0.76,0.11,0.12,0.17,0.15,0.14,0.17,0.19,0.17,0.19,0.2,0.5,0.54
PIN,2023,2023-09-27,pin_4436,2023-09-27 14:17:06,,,586,2536,2081,845,553,553,521,553,553,586,586,618,618,910,618,618,618,651,683,683,748,748,748,1.79,3.1,3.1,3.1,2.9,2.71,2.71,2.39,2.39,2.39,0.13,0.23,0.23,0.35,0.33,0.4,0.3,0.44,0.35,0.45,2.37,1008,1171,1.52,1.17,0.96,0.96,0.77,0.07,0.11,0.11,0.16,0.15,0.19,0.14,0.22,0.17,0.17,0.55,0.58
PIN,2023,2023-09-27,pin_4760,2023-09-27 14:18:47,,,683,3056,2503,1170,780,683,618,651,651,651,683,683,651,1300,846,748,748,748,781,748,813,813,813,1.35,2.61,3.09,3.09,3.09,2.91,3.09,2.76,2.76,2.76,0.17,0.16,0.19,0.38,0.28,0.35,0.28,0.33,0.33,0.5,2.84,1073,1236,1.85,1.47,0.94,0.95,0.78,0.1,0.08,0.09,0.17,0.13,0.17,0.13,0.16,0.16,0.2,0.51,0.55
PIN,2023,2023-10-10,pin_5923,2023-10-10 11:41:37,,,468,2453,2183,1814,1167,997,898,828,788,758,737,717,717,1934,1267,1087,987,917,897,867,857,847,857,0.27,0.94,1.26,1.49,1.68,1.73,1.83,1.86,1.9,1.86,0.08,0.11,0.13,0.14,0.16,0.2,0.21,0.23,0.26,0.31,2.04,927,1087,1.65,1.26,0.96,0.96,0.81,0.06,0.08,0.08,0.09,0.1,0.12,0.13,0.14,0.15,0.16,0.59,0.62
PIN,2023,2023-10-10,pin_6073,2023-10-10 11:50:16,,,617,3251,2893,2015,1300,1073,943,845,780,780,780,780,780,2113,1365,1106,1008,910,877,845,877,877,878,0.54,1.38,1.94,2.23,2.57,2.71,2.85,2.71,2.71,2.7,0.06,0.07,0.05,0.11,0.13,0.21,0.15,0.21,0.21,0.25,2.71,1105,1398,1.94,1.33,0.89,0.97,0.81,0.05,0.05,0.03,0.06,0.07,0.11,0.08,0.11,0.11,0.11,0.53,0.63
PIN,2023,2023-10-10,pin_4805,2023-10-10 11:51:22,,,878,4454,4097,3349,2049,1625,1398,1235,1170,1073,1073,1040,1040,3414,2114,1690,1463,1333,1235,1203,1170,1138,1170,0.3,1.11,1.64,2.04,2.34,2.61,2.7,2.81,2.91,2.81,0.03,0.05,0.06,0.08,0.13,0.1,0.21,0.16,0.17,0.25,2.94,1301,1528,2.42,1.91,0.97,0.98,0.8,0.02,0.03,0.04,0.04,0.07,0.05,0.11,0.08,0.09,0.11,0.52,0.57
PIN,2023,2023-10-10,pin_4772,2023-10-10 11:54:15,,,877,4811,4324,2861,1723,1463,1268,1138,1105,1073,1073,1073,1040,2926,1885,1560,1365,1268,1235,1203,1170,1235,1235,0.64,1.55,2.08,2.52,2.79,2.9,3,3.11,2.9,2.9,0.03,0.13,0.1,0.13,0.19,0.2,0.2,0.16,0.25,0.35,3.16,1495,1788,2.22,1.69,0.93,0.96,0.82,0.02,0.09,0.06,0.07,0.1,0.11,0.11,0.08,0.13,0.16,0.54,0.6
PIN,2023,2023-10-10,pin_6066,2023-10-10 11:54:55,,,911,4844,4389,3283,2016,1658,1463,1365,1300,1301,1301,1268,1300,3414,2146,1756,1625,1496,1463,1496,1496,1528,1560,0.42,1.26,1.76,1.98,2.24,2.31,2.24,2.24,2.17,2.11,0.05,0.09,0.09,0.17,0.15,0.2,0.23,0.23,0.3,0.35,2.38,1853,2210,1.61,1.19,0.93,0.95,0.81,0.04,0.06,0.06,0.1,0.09,0.11,0.13,0.13,0.17,0.17,0.58,0.63
PIN,2023,2023-10-10,pin_4538,2023-10-10 11:57:52,,,586,3512,3088,2244,1366,1106,975,910,878,846,846,845,845,2374,1463,1203,1106,1008,1008,976,1008,1008,1008,0.48,1.4,1.92,2.18,2.48,2.48,2.6,2.48,2.48,2.48,0.07,0.1,0.13,0.19,0.17,0.22,0.23,0.27,0.27,0.33,2.65,1268,1561,1.77,1.25,0.96,0.94,0.83,0.05,0.07,0.08,0.12,0.1,0.13,0.13,0.16,0.16,0.16,0.62,0.65
PIN,2023,2023-10-10,pin_5988,2023-10-10 11:58:35,,,439,2353,1975,1326,827,668,599,549,529,529,539,548,558,1466,907,747,668,628,618,638,658,688,708,0.61,1.59,2.15,2.52,2.75,2.81,2.69,2.58,2.42,2.32,0.13,0.14,0.18,0.19,0.23,0.27,0.32,0.33,0.36,0.46,2.54,917,1107,1.57,1.13,0.93,0.95,0.81,0.1,0.09,0.11,0.1,0.13,0.14,0.17,0.18,0.2,0.21,0.59,0.64
PIN,2023,2023-10-10,pin_4436,2023-10-10 12:03:19,,,553,2894,2439,1560,1008,813,683,650,585,585,585,585,617,1723,1106,910,780,715,683,682,683,715,747,0.68,1.62,2.18,2.71,3.05,3.24,3.24,3.24,3.05,2.87,0.13,0.14,0.19,0.23,0.18,0.29,0.28,0.29,0.36,0.4,2.95,911,1137,2.18,1.55,0.94,0.96,0.81,0.09,0.09,0.11,0.12,0.09,0.14,0.14,0.14,0.18,0.17,0.54,0.6
PIN,2023,2023-10-10,pin_4241,2023-10-10 12:09:31,,,650,4194,3576,2210,1235,943,878,813,813,813,813,845,846,2308,1333,1073,943,943,943,910,943,1008,1041,0.82,2.15,2.91,3.45,3.45,3.45,3.61,3.45,3.16,3.03,0.06,0.12,0.21,0.13,0.25,0.25,0.2,0.25,0.29,0.4,3.23,1301,1593,2.22,1.63,0.91,0.91,0.85,0.04,0.07,0.12,0.07,0.14,0.14,0.11,0.14,0.16,0.19,0.57,0.61
PIN,2023,2023-10-10,pin_4474,2023-10-10 12:11:29,,,553,3154,2699,1658,1008,780,683,617,618,585,585,585,585,1756,1106,845,748,715,683,683,683,683,715,0.8,1.85,2.73,3.22,3.41,3.62,3.62,3.62,3.62,3.41,0.08,0.14,0.14,0.16,0.27,0.19,0.28,0.28,0.28,0.45,3.61,976,1203,2.23,1.62,0.9,0.93,0.82,0.06,0.09,0.08,0.09,0.14,0.1,0.14,0.14,0.14,0.18,0.53,0.59
PIN,2023,2023-10-10,pin_5224,2023-10-10 12:11:54,,,439,2034,1745,1107,748,658,599,578,558,559,549,538,538,1187,818,728,678,648,648,638,648,648,638,0.71,1.49,1.79,2,2.14,2.14,2.19,2.14,2.14,2.19,0.1,0.14,0.17,0.21,0.2,0.26,0.23,0.28,0.32,0.36,2.24,698,798,1.91,1.55,0.9,0.94,0.78,0.07,0.09,0.1,0.12,0.11,0.14,0.12,0.15,0.17,0.16,0.5,0.55
PIN,2023,2023-10-10,pin_4743,2023-10-10 12:15:53,,,683,3349,2795,1658,1138,975,846,812,748,748,748,748,780,1821,1236,1073,975,910,910,911,910,942,943,0.84,1.71,2.12,2.43,2.68,2.68,2.68,2.68,2.56,2.55,0.13,0.13,0.16,0.25,0.21,0.35,0.35,0.35,0.39,0.36,2.58,1202,1495,1.79,1.24,0.93,0.99,0.8,0.09,0.08,0.09,0.13,0.11,0.18,0.18,0.18,0.21,0.17,0.54,0.63
PIN,2023,2023-10-10,pin_5419,2023-10-10 12:16:55,,,449,2283,1366,867,579,488,439,399,369,349,349,329,319,987,658,548,498,478,449,439,429,429,429,1.31,2.47,3.17,3.58,3.78,4.08,4.2,4.32,4.32,4.32,0.19,0.22,0.22,0.25,0.36,0.4,0.47,0.43,0.54,0.5,3.28,508,608,3.49,2.75,1.24,1.23,0.8,0.12,0.12,0.11,0.12,0.17,0.18,0.21,0.19,0.23,0.26,0.59,0.64
PIN,2023,2023-10-10,pin_5650,2023-10-10 12:24:01,,,379,1914,1505,1017,687,558,499,468,459,449,448,449,449,1147,758,628,568,538,539,539,548,559,578,0.67,1.53,2.05,2.37,2.56,2.55,2.55,2.49,2.42,2.31,0.16,0.15,0.2,0.22,0.24,0.28,0.31,0.34,0.36,0.46,2.35,688,837,1.78,1.29,0.93,0.95,0.8,0.11,0.09,0.11,0.12,0.13,0.15,0.17,0.18,0.2,0.22,0.55,0.61
PIN,2023,2023-10-10,pin_4970,2023-10-10 12:26:28,,,389,788,718,468,378,349,339,339,329,339,329,329,329,488,379,369,359,349,349,339,349,359,349,0.61,1.08,1.14,1.19,1.26,1.26,1.32,1.26,1.19,1.26,0.11,0.01,0.17,0.17,0.09,0.18,0,0.18,0.26,0.33,1.18,398,419,0.98,0.88,0.8,0.81,0.51,0.04,0,0.05,0.06,0.03,0.06,0,0.06,0.08,0.06,0.27,0.29
PIN,2023,2023-10-10,pin_4760,2023-10-10 12:29:13,,,449,2323,1855,1247,848,718,628,588,558,548,539,518,519,1416,947,818,738,698,688,678,678,668,678,0.64,1.45,1.84,2.15,2.33,2.38,2.43,2.43,2.48,2.43,0.17,0.17,0.21,0.26,0.28,0.34,0.35,0.37,0.41,0.5,2.57,807,967,1.88,1.4,0.94,0.96,0.81,0.12,0.1,0.12,0.15,0.16,0.19,0.19,0.21,0.22,0.23,0.56,0.61
PIN,2023,2023-10-10,pin_5141,2023-10-10 12:33:17,,,499,2463,2153,1426,907,747,658,598,558,548,539,548,549,1565,997,827,728,678,658,658,658,678,698,0.57,1.47,1.98,2.38,2.63,2.74,2.74,2.74,2.63,2.53,0.12,0.15,0.17,0.18,0.23,0.3,0.33,0.35,0.37,0.47,2.92,848,1037,1.9,1.38,0.96,0.99,0.8,0.09,0.09,0.1,0.1,0.12,0.15,0.17,0.18,0.19,0.21,0.55,0.62
PIN,2023,2023-10-10,pin_5293,2023-10-10 12:33:30,,,469,2792,2562,2303,1425,1106,937,828,757,718,688,668,658,2403,1475,1156,987,878,817,778,748,737,727,0.16,0.89,1.42,1.83,2.18,2.42,2.59,2.73,2.79,2.84,0.05,0.05,0.06,0.08,0.09,0.12,0.13,0.14,0.17,0.21,2.89,797,957,2.5,1.92,0.92,0.94,0.83,0.04,0.03,0.04,0.05,0.06,0.07,0.08,0.08,0.09,0.09,0.54,0.59
PIN,2023,2023-10-10,pin_5211,2023-10-10 12:38:53,,,419,1905,1565,848,569,489,459,449,439,428,429,439,429,937,648,558,518,518,529,518,538,539,549,1.03,1.94,2.41,2.68,2.68,2.6,2.68,2.54,2.53,2.47,0.15,0.22,0.24,0.23,0.27,0.34,0.35,0.4,0.37,0.48,2.65,738,948,1.58,1.01,0.98,0.99,0.78,0.09,0.12,0.12,0.11,0.13,0.17,0.17,0.2,0.19,0.22,0.57,0.63
PIN,2023,2023-10-10,pin_4990,2023-10-10 12:40:10,,,553,3674,3154,2341,1463,1105,943,878,780,780,748,748,748,2536,1560,1235,1105,975,910,910,911,910,911,0.45,1.36,1.97,2.32,2.77,3.04,3.04,3.03,3.04,3.03,0.1,0.09,0.16,0.23,0.17,0.25,0.25,0.31,0.31,0.39,3.22,1171,1398,2.14,1.63,0.91,0.92,0.85,0.08,0.06,0.11,0.15,0.1,0.14,0.14,0.18,0.18,0.18,0.58,0.63
PIN,2023,2023-10-10,pin_5096,2023-10-10 12:51:40,,,748,4714,4292,3544,2081,1626,1398,1268,1171,1138,1106,1073,1105,3674,2178,1723,1496,1366,1301,1268,1236,1236,1203,0.28,1.16,1.74,2.15,2.45,2.62,2.72,2.81,2.81,2.92,0.04,0.06,0.09,0.1,0.12,0.17,0.17,0.18,0.23,0.18,2.88,1398,1626,2.37,1.9,0.91,0.93,0.84,0.04,0.04,0.06,0.07,0.07,0.1,0.1,0.11,0.13,0.08,0.56,0.6
PIN,2023,2023-10-10,pin_4791,2023-10-10 12:52:16,,,369,2044,1684,1097,688,568,488,448,439,439,429,429,429,1207,757,618,558,518,508,519,528,519,528,0.69,1.7,2.31,2.66,2.95,3.02,2.94,2.87,2.94,2.87,0.13,0.15,0.14,0.23,0.25,0.26,0.29,0.35,0.32,0.4,2.93,648,778,2.15,1.63,0.97,0.97,0.82,0.09,0.09,0.08,0.13,0.14,0.14,0.15,0.19,0.17,0.19,0.57,0.62
PIN,2023,2023-10-10,pin_4716,2023-10-10 12:54:48,,,586,2666,2373,1788,1138,975,845,780,780,748,748,748,715,1918,1203,1007,942,910,845,845,878,878,878,0.39,1.22,1.65,1.83,1.93,2.16,2.16,2.04,2.04,2.04,0.09,0.09,0.06,0.19,0.26,0.15,0.22,0.27,0.27,0.39,2.32,975,1138,1.73,1.34,1,1,0.78,0.07,0.05,0.03,0.1,0.14,0.08,0.11,0.15,0.15,0.19,0.57,0.6
PIN,2023,2023-10-10,pin_4411,2023-10-10 12:59:51,,,553,2731,2211,1463,975,845,780,780,747,748,715,747,715,1593,1072,975,910,910,878,910,910,910,910,0.71,1.55,1.8,2,2,2.11,2,2,2,2,0.12,0.15,0.23,0.25,0.25,0.27,0.31,0.38,0.32,0.43,2.09,1105,1333,1.47,1.05,0.91,1,0.8,0.08,0.09,0.13,0.14,0.14,0.15,0.18,0.21,0.18,0.21,0.56,0.66
PIN,2023,2023-10-10,pin_4262,2023-10-10 13:00:17,,,553,2699,2373,1528,911,748,683,618,618,618,586,585,585,1593,975,846,748,683,683,715,683,715,715,0.69,1.77,2.19,2.61,2.95,2.95,2.77,2.95,2.77,2.77,0.06,0.11,0.21,0.17,0.19,0.19,0.27,0.29,0.36,0.45,3.06,845,1008,2.19,1.68,0.91,0.93,0.8,0.04,0.07,0.12,0.09,0.1,0.1,0.14,0.14,0.18,0.18,0.5,0.55
PIN,2023,2023-10-10,pin_4482,2023-10-10 13:01:08,,,585,3414,2861,2179,1398,1170,1040,943,878,878,845,845,813,2439,1561,1300,1138,1073,1007,1008,1008,1008,1008,0.4,1.19,1.63,2,2.18,2.39,2.39,2.39,2.39,2.39,0.14,0.15,0.15,0.14,0.2,0.22,0.22,0.27,0.27,0.4,2.52,1203,1398,1.84,1.44,0.9,0.94,0.83,0.11,0.1,0.1,0.09,0.12,0.13,0.13,0.16,0.16,0.19,0.57,0.63
PIN,2023,2023-10-10,pin_4681,2023-10-10 13:10:49,,,553,1983,1658,813,553,521,488,488,455,455,455,455,422,846,585,553,521,521,488,488,520,487,487,1.34,2.39,2.59,2.81,2.81,3.06,3.06,2.81,3.07,3.07,0.07,0.13,0.14,0.16,0.16,0.17,0.17,0.31,0.17,0.5,2.93,650,780,2.05,1.54,0.87,0.91,0.72,0.04,0.05,0.06,0.06,0.06,0.07,0.07,0.12,0.07,0.13,0.4,0.46
PIN,2023,2023-10-10,pin_1942,2023-10-10 14:00:47,,,448,2692,2342,2004,1216,997,857,767,717,697,687,677,688,2163,1316,1086,947,857,827,817,807,817,837,0.24,1.05,1.48,1.84,2.14,2.26,2.29,2.34,2.29,2.22,0.09,0.11,0.12,0.15,0.17,0.22,0.24,0.25,0.28,0.36,2.4,967,1156,1.78,1.33,0.92,0.95,0.83,0.07,0.08,0.08,0.1,0.11,0.13,0.15,0.15,0.17,0.18,0.59,0.65
PIN,2023,2023-10-10,pin_1933,2023-10-10 14:02:35,,,389,2164,1835,1346,798,668,588,538,508,489,479,479,469,1476,887,748,658,608,578,558,558,558,578,0.47,1.44,1.89,2.29,2.56,2.74,2.88,2.88,2.88,2.74,0.12,0.15,0.17,0.18,0.2,0.22,0.23,0.26,0.26,0.44,2.91,648,778,2.34,1.78,0.91,0.93,0.82,0.09,0.1,0.11,0.11,0.12,0.12,0.12,0.14,0.14,0.19,0.52,0.58
PIN,2023,2023-10-10,pin_879,2023-10-10 14:13:45,,,379,2203,1904,1625,967,797,698,618,568,548,528,508,518,1754,1066,867,757,688,648,618,608,598,608,0.26,1.07,1.54,1.91,2.2,2.4,2.56,2.62,2.68,2.62,0.09,0.13,0.12,0.13,0.17,0.21,0.2,0.23,0.27,0.32,2.68,668,777,2.3,1.84,0.91,0.92,0.83,0.07,0.09,0.08,0.08,0.1,0.12,0.11,0.13,0.15,0.15,0.54,0.58
PIN,2023,2023-10-10,pin_871,2023-10-10 14:16:02,,,449,2243,1884,1446,897,758,668,618,589,579,569,568,578,1595,1007,857,767,707,698,678,688,688,708,0.41,1.23,1.62,1.92,2.17,2.21,2.31,2.26,2.26,2.17,0.13,0.17,0.19,0.22,0.23,0.28,0.27,0.31,0.32,0.4,2.26,778,907,1.88,1.47,0.91,0.94,0.8,0.09,0.11,0.12,0.13,0.13,0.16,0.15,0.17,0.17,0.18,0.53,0.58
PIN,2023,2023-10-10,pin_1307,2023-10-10 14:26:40,,,552,3348,3023,2504,1463,1236,1073,943,878,813,780,715,747,2633,1561,1301,1138,1008,943,878,845,813,780,0.27,1.14,1.57,1.94,2.32,2.55,2.81,2.96,3.12,3.29,0.06,0.09,0.08,0.09,0.11,0.12,0.13,0.14,0.22,0.09,3.05,910,1235,2.68,1.71,0.86,0.97,0.84,0.05,0.06,0.05,0.06,0.06,0.07,0.07,0.08,0.12,0.04,0.5,0.63
PIN,2023,2023-10-10,pin_1355,2023-10-10 14:28:49,,,349,1984,1575,1286,838,678,588,529,509,489,489,479,479,1466,947,778,698,638,608,608,618,619,629,0.35,1.1,1.55,1.84,2.11,2.26,2.26,2.21,2.21,2.15,0.16,0.17,0.2,0.25,0.28,0.28,0.33,0.35,0.38,0.44,2.29,707,857,1.81,1.32,1.04,1.03,0.82,0.12,0.12,0.13,0.16,0.17,0.16,0.2,0.21,0.23,0.24,0.65,0.69
PIN,2023,2023-10-10,pin_1205,2023-10-10 14:33:14,,,319,1814,1485,1246,807,658,578,538,519,499,479,479,489,1425,917,758,678,638,618,608,588,608,618,0.27,0.98,1.39,1.68,1.84,1.94,1.98,2.09,1.98,1.94,0.16,0.17,0.2,0.23,0.25,0.26,0.29,0.31,0.35,0.39,2.04,668,758,1.72,1.39,0.94,0.95,0.82,0.13,0.12,0.13,0.15,0.16,0.16,0.18,0.19,0.21,0.21,0.6,0.63
PIN,2023,2023-10-10,pin_1204,2023-10-10 14:35:33,,,529,3161,2782,2214,1366,1097,967,868,808,788,768,758,758,2363,1476,1207,1067,977,928,908,898,898,898,0.34,1.14,1.62,1.96,2.24,2.41,2.48,2.52,2.52,2.52,0.08,0.11,0.14,0.15,0.18,0.22,0.22,0.25,0.27,0.33,2.67,1027,1237,2.08,1.56,0.9,0.94,0.83,0.06,0.07,0.09,0.09,0.11,0.13,0.13,0.14,0.16,0.16,0.55,0.62
PIN,2023,2023-10-10,pin_1840,2023-10-10 14:39:15,,,509,3131,2822,2333,1375,1106,967,877,817,787,757,737,747,2473,1465,1196,1046,957,907,877,857,857,867,0.27,1.14,1.62,1.99,2.27,2.45,2.57,2.65,2.65,2.61,0.07,0.09,0.11,0.12,0.14,0.17,0.17,0.2,0.24,0.29,2.78,947,1116,2.31,1.81,0.88,0.94,0.84,0.06,0.06,0.08,0.08,0.08,0.1,0.1,0.12,0.14,0.14,0.54,0.61
PIN,2023,2023-10-10,pin_257,2023-10-10 14:52:15,,,449,1635,1565,1446,1176,1017,917,848,798,768,738,708,698,1436,1176,1017,917,848,808,768,738,718,698,0.14,0.39,0.61,0.78,0.93,1.02,1.13,1.22,1.28,1.34,-0.01,0,0,0,0,0.02,0,0,0.03,0,1.24,708,738,1.31,1.22,0.9,0.94,0.73,-0.01,0,0,0,0,0.01,0,0,0.01,0,0.48,0.51
PIN,2023,2023-10-10,pin_393,2023-10-10 14:53:01,,,650,3966,3674,3283,1885,1561,1300,1137,1105,1008,975,943,943,3381,1950,1593,1398,1268,1170,1072,1073,1073,1073,0.17,1.03,1.49,1.84,2.13,2.39,2.7,2.7,2.7,2.7,0.04,0.05,0.03,0.11,0.17,0.09,0.1,0.16,0.21,0.25,2.9,1170,1333,2.39,1.98,0.92,0.93,0.84,0.03,0.03,0.02,0.07,0.1,0.06,0.06,0.09,0.12,0.12,0.56,0.59
PIN,2023,2023-10-10,pin_219,2023-10-10 14:55:34,,,468,2831,2413,1954,1126,907,778,698,658,618,608,588,588,2094,1206,967,857,778,728,708,688,688,688,0.35,1.35,1.93,2.3,2.64,2.89,3,3.11,3.11,3.11,0.08,0.1,0.1,0.15,0.18,0.17,0.23,0.21,0.26,0.33,3.1,758,867,2.73,2.27,0.87,0.95,0.83,0.07,0.07,0.06,0.09,0.1,0.1,0.13,0.12,0.15,0.15,0.5,0.57
PIN,2023,2023-10-10,pin_63,2023-10-10 14:57:37,,,528,2831,2423,1944,1126,907,817,748,698,678,658,658,648,2094,1216,997,897,827,787,778,758,758,768,0.35,1.33,1.84,2.16,2.42,2.6,2.64,2.73,2.73,2.69,0.09,0.11,0.15,0.15,0.17,0.21,0.24,0.24,0.24,0.34,2.74,837,987,2.38,1.87,0.91,0.94,0.81,0.07,0.07,0.09,0.09,0.1,0.11,0.13,0.13,0.13,0.16,0.51,0.57
PIN,2023,2023-10-10,pin_480,2023-10-10 15:02:25,,,359,2153,1934,1775,1097,857,728,638,578,538,508,478,479,1844,1137,887,758,668,608,578,548,528,508,0.17,0.89,1.43,1.84,2.22,2.54,2.72,2.93,3.08,3.24,0.05,0.05,0.05,0.06,0.07,0.08,0.12,0.13,0.17,0.15,3.04,568,638,2.79,2.37,0.83,0.89,0.83,0.04,0.04,0.03,0.04,0.04,0.05,0.07,0.07,0.09,0.06,0.47,0.53
PIN,2023,2023-10-10,pin_278,2023-10-10 15:04:18,,,339,1964,1695,1446,877,748,668,618,578,568,548,538,538,1555,957,817,748,698,678,658,648,658,658,0.26,1.05,1.4,1.63,1.81,1.9,1.98,2.03,1.98,1.98,0.09,0.12,0.13,0.17,0.18,0.24,0.22,0.25,0.3,0.35,2.15,728,847,1.7,1.32,0.92,0.96,0.83,0.07,0.08,0.08,0.11,0.11,0.15,0.14,0.15,0.18,0.18,0.59,0.65
PIN,2023,2023-10-10,pin_746,2023-10-10 15:14:13,,,618,3674,3251,2861,1723,1366,1171,1073,975,910,910,813,845,3056,1853,1496,1301,1138,1073,1008,943,943,910,0.2,0.98,1.46,1.82,2.23,2.42,2.64,2.9,2.9,3.04,0.08,0.1,0.13,0.16,0.09,0.15,0.17,0.06,0.25,0.18,2.85,1008,1171,2.64,2.14,0.84,0.91,0.83,0.06,0.07,0.09,0.1,0.06,0.09,0.1,0.03,0.14,0.07,0.48,0.56
PIN,2023,2023-10-10,pin_625,2023-10-10 15:17:24,,,428,2502,2203,1994,1126,897,757,658,598,548,518,488,468,2113,1196,947,807,708,638,598,568,548,548,0.18,1.09,1.64,2.1,2.53,2.92,3.18,3.4,3.57,3.57,0.07,0.08,0.08,0.1,0.12,0.11,0.16,0.17,0.21,0.35,3.71,578,688,3.33,2.64,0.82,0.91,0.83,0.06,0.06,0.05,0.06,0.07,0.06,0.08,0.09,0.11,0.15,0.43,0.52
PIN,2023,2023-10-24,pin_1355,2023-10-24 10:35:08,,,748,4389,4162,3836,2601,2113,1918,1788,1659,1593,1528,1496,1463,3967,2764,2276,2015,1918,1821,1756,1691,1691,1658,0.11,0.59,0.93,1.18,1.29,1.41,1.5,1.6,1.6,1.65,0.04,0.08,0.1,0.07,0.1,0.13,0.14,0.15,0.18,0.21,1.84,1821,2179,1.41,1.01,0.93,0.97,0.83,0.03,0.06,0.07,0.05,0.07,0.09,0.09,0.1,0.12,0.12,0.62,0.69
PIN,2023,2023-10-24,pin_1307,2023-10-24 10:38:16,,,408,2143,1914,1664,1046,857,777,727,698,668,658,648,638,1825,1176,977,887,847,818,808,798,798,798,0.17,0.82,1.19,1.42,1.53,1.62,1.65,1.69,1.69,1.69,0.11,0.16,0.19,0.19,0.23,0.24,0.28,0.29,0.31,0.39,2,878,1026,1.44,1.09,0.91,0.96,0.81,0.09,0.11,0.12,0.12,0.14,0.15,0.17,0.18,0.19,0.2,0.58,0.64
PIN,2023,2023-10-24,pin_1205,2023-10-24 10:38:27,,,389,2472,2183,1855,1147,948,807,717,658,629,598,598,598,1984,1237,1017,887,797,738,708,708,698,698,0.25,1,1.43,1.79,2.1,2.35,2.49,2.49,2.54,2.54,0.08,0.1,0.1,0.14,0.16,0.18,0.18,0.26,0.24,0.29,2.65,778,947,2.18,1.61,0.92,0.96,0.84,0.07,0.07,0.07,0.09,0.1,0.11,0.11,0.16,0.14,0.14,0.58,0.64
PIN,2023,2023-10-24,pin_1204,2023-10-24 10:41:14,,,650,4097,3869,3739,2731,2243,1951,1788,1658,1593,1528,1495,1463,3934,2893,2373,2080,1951,1821,1723,1690,1690,1658,0.04,0.42,0.73,0.97,1.1,1.25,1.38,1.42,1.42,1.47,0.06,0.07,0.07,0.09,0.12,0.13,0.11,0.14,0.17,0.21,1.64,1788,1983,1.29,1.07,0.91,0.98,0.84,0.05,0.06,0.05,0.06,0.08,0.09,0.08,0.1,0.12,0.12,0.64,0.7
PIN,2023,2023-10-24,pin_1840,2023-10-24 10:49:15,,,618,3512,3218,2633,1625,1398,1268,1138,1040,975,943,911,878,2731,1755,1495,1333,1236,1138,1105,1073,1041,1040,0.29,1,1.35,1.63,1.84,2.09,2.18,2.27,2.37,2.38,0.05,0.11,0.1,0.08,0.13,0.14,0.2,0.21,0.21,0.33,2.67,1106,1268,2.18,1.77,0.89,0.94,0.82,0.04,0.07,0.06,0.05,0.08,0.09,0.12,0.12,0.12,0.16,0.53,0.59
PIN,2023,2023-10-24,pin_1220,2023-10-24 10:50:56,,,429,2263,1854,1446,928,808,728,688,658,638,638,618,628,1665,1107,967,897,847,827,827,827,828,837,0.36,1.04,1.34,1.52,1.67,1.74,1.74,1.74,1.73,1.7,0.17,0.24,0.25,0.3,0.31,0.34,0.37,0.37,0.42,0.48,1.95,917,1067,1.47,1.12,0.94,0.96,0.81,0.13,0.16,0.16,0.19,0.19,0.2,0.23,0.23,0.25,0.25,0.6,0.64
PIN,2023,2023-10-24,pin_1834,2023-10-24 10:52:27,,,715,3739,3479,3088,1853,1528,1365,1268,1170,1105,1040,975,975,3218,1918,1593,1430,1366,1235,1170,1105,1073,1040,0.16,0.95,1.35,1.61,1.74,2.03,2.2,2.38,2.48,2.6,0.05,0.05,0.06,0.07,0.12,0.09,0.1,0.11,0.17,0.15,2.57,1105,1333,2.38,1.8,0.79,0.89,0.81,0.04,0.03,0.04,0.05,0.07,0.05,0.06,0.06,0.09,0.06,0.44,0.54
PIN,2023,2023-10-24,pin_1213,2023-10-24 10:52:52,,,329,1825,1645,1526,947,797,718,648,618,578,558,558,548,1655,1026,867,797,738,698,668,648,658,658,0.1,0.78,1.1,1.29,1.47,1.61,1.73,1.82,1.77,1.77,0.1,0.11,0.12,0.15,0.19,0.18,0.22,0.22,0.24,0.32,2,727,887,1.51,1.06,0.96,0.96,0.82,0.08,0.08,0.08,0.1,0.12,0.11,0.13,0.14,0.15,0.17,0.62,0.66
PIN,2023,2023-10-24,pin_1981,2023-10-24 10:55:04,,,508,3130,2771,2224,1376,1157,1007,897,828,768,728,708,698,2383,1476,1247,1097,987,917,857,827,818,828,0.31,1.12,1.51,1.85,2.17,2.41,2.65,2.78,2.83,2.78,0.08,0.1,0.11,0.13,0.15,0.16,0.18,0.21,0.23,0.34,2.97,897,1087,2.49,1.88,0.87,0.93,0.84,0.07,0.07,0.07,0.08,0.09,0.1,0.1,0.12,0.13,0.16,0.52,0.6
PIN,2023,2023-10-24,pin_1373,2023-10-24 10:58:48,,,449,2383,2044,1485,967,808,688,618,548,628,548,518,498,1605,1037,877,758,668,608,708,638,598,588,0.48,1.3,1.72,2.14,2.57,2.92,2.37,2.74,2.98,3.05,0.1,0.1,0.13,0.16,0.14,0.19,0.2,0.26,0.26,0.38,3.1,638,808,2.74,1.95,0.85,0.92,0.81,0.07,0.07,0.08,0.09,0.07,0.1,0.11,0.14,0.13,0.15,0.45,0.54
PIN,2023,2023-10-24,pin_1827,2023-10-24 11:01:12,,,682,3349,2959,1983,1236,1040,910,813,780,715,683,650,682,2048,1268,1073,975,878,812,747,748,748,715,0.64,1.64,2.12,2.43,2.81,3.12,3.48,3.48,3.48,3.68,0.05,0.04,0.06,0.13,0.15,0.08,0.09,0.19,0.28,0.14,3.34,812,1008,3.12,2.32,0.82,0.9,0.8,0.03,0.03,0.03,0.07,0.07,0.04,0.04,0.09,0.13,0.05,0.4,0.48
PIN,2023,2023-10-24,pin_1062,2023-10-24 11:02:15,,,520,2536,2113,1268,813,650,585,520,487,487,520,520,488,1366,878,715,617,585,585,552,585,617,650,0.86,1.89,2.55,3.11,3.34,3.34,3.59,3.34,3.11,2.9,0.11,0.13,0.17,0.11,0.24,0.35,0.26,0.24,0.32,0.62,3.33,780,910,2.25,1.79,0.92,0.98,0.79,0.07,0.07,0.09,0.05,0.11,0.17,0.12,0.11,0.16,0.25,0.5,0.57
PIN,2023,2023-10-24,pin_689,2023-10-24 11:08:51,,,683,4129,3837,3479,2048,1658,1496,1365,1300,1203,1170,1138,1105,3576,2146,1755,1560,1463,1398,1333,1300,1268,1268,0.15,0.92,1.35,1.65,1.82,1.95,2.1,2.18,2.26,2.26,0.03,0.06,0.08,0.06,0.1,0.11,0.16,0.16,0.17,0.25,2.47,1333,1495,2.1,1.76,0.87,0.94,0.83,0.03,0.05,0.06,0.04,0.07,0.07,0.1,0.1,0.1,0.13,0.54,0.61
PIN,2023,2023-10-24,pin_393,2023-10-24 11:12:00,,,585,3284,2861,2244,1333,1073,943,845,780,748,715,683,683,2374,1431,1171,1040,943,878,846,813,813,813,0.38,1.29,1.8,2.16,2.48,2.74,2.88,3.04,3.04,3.04,0.07,0.1,0.13,0.16,0.18,0.2,0.21,0.23,0.3,0.36,3.19,910,1073,2.61,2.06,0.89,0.96,0.82,0.05,0.07,0.08,0.09,0.1,0.11,0.12,0.12,0.16,0.16,0.5,0.58
PIN,2023,2023-10-24,pin_548,2023-10-24 11:14:29,,,339,2064,1815,1665,1037,828,718,638,588,559,519,499,468,1785,1107,887,768,688,638,599,559,539,528,0.16,0.86,1.33,1.69,2,2.24,2.45,2.69,2.83,2.91,0.08,0.09,0.1,0.1,0.12,0.13,0.11,0.12,0.13,0.26,2.88,538,609,2.84,2.39,0.87,0.95,0.84,0.07,0.06,0.07,0.07,0.07,0.08,0.07,0.07,0.07,0.11,0.5,0.57
PIN,2023,2023-10-24,pin_1590,2023-10-24 11:14:58,,,715,4519,4227,4097,2504,1983,1756,1561,1463,1333,1268,1202,1171,4194,2569,2081,1853,1658,1561,1430,1365,1300,1301,0.08,0.76,1.17,1.44,1.73,1.89,2.16,2.31,2.48,2.47,0.03,0.03,0.07,0.08,0.09,0.1,0.11,0.12,0.12,0.22,2.61,1333,1496,2.39,2.02,0.84,0.92,0.84,0.02,0.03,0.05,0.05,0.06,0.06,0.07,0.07,0.08,0.1,0.51,0.59
PIN,2023,2023-10-24,pin_535,2023-10-24 11:20:36,,,538,2632,2243,1874,1146,947,827,757,698,678,628,619,618,2014,1226,1017,897,808,768,718,698,678,678,0.31,1.15,1.59,1.93,2.26,2.43,2.67,2.77,2.88,2.88,0.09,0.1,0.11,0.14,0.12,0.17,0.11,0.2,0.17,0.24,2.63,728,847,2.62,2.11,0.85,0.91,0.8,0.07,0.07,0.07,0.08,0.06,0.09,0.06,0.1,0.09,0.09,0.44,0.51
PIN,2023,2023-10-24,pin_625,2023-10-24 11:21:32,,,552,3284,3023,2829,1723,1300,1137,1007,943,845,780,747,715,2991,1820,1398,1203,1072,975,910,845,845,812,0.1,0.8,1.35,1.73,2.06,2.37,2.61,2.89,2.89,3.04,0.07,0.07,0.1,0.09,0.1,0.06,0.12,0.14,0.21,0.3,3.23,845,942,2.89,2.49,0.82,0.88,0.83,0.05,0.05,0.07,0.05,0.06,0.03,0.07,0.08,0.12,0.12,0.46,0.52
PIN,2023,2023-10-24,pin_219,2023-10-24 11:24:27,,,428,2333,1964,1445,887,748,658,588,538,508,489,478,459,1556,968,818,718,648,608,588,558,548,558,0.5,1.41,1.85,2.25,2.6,2.84,2.97,3.18,3.26,3.18,0.1,0.13,0.14,0.14,0.17,0.21,0.26,0.24,0.25,0.4,3.28,648,827,2.6,1.82,0.89,0.94,0.82,0.07,0.08,0.09,0.08,0.09,0.12,0.14,0.12,0.13,0.18,0.49,0.58
PIN,2023,2023-10-24,pin_746,2023-10-24 11:25:52,,,459,2413,2184,1745,1017,828,718,638,568,529,499,489,479,1815,1077,878,758,678,608,578,539,529,519,0.33,1.24,1.75,2.18,2.56,2.97,3.17,3.48,3.56,3.65,0.05,0.09,0.09,0.09,0.11,0.13,0.17,0.15,0.16,0.22,3.56,559,658,3.32,2.67,0.79,0.9,0.81,0.04,0.06,0.06,0.05,0.06,0.07,0.08,0.07,0.08,0.08,0.39,0.48
PIN,2023,2023-10-24,pin_773,2023-10-24 11:30:47,,,299,1566,1286,907,579,498,439,409,389,379,369,369,359,1026,688,578,518,488,468,469,469,459,469,0.53,1.28,1.71,2.02,2.21,2.35,2.34,2.34,2.41,2.34,0.16,0.24,0.23,0.26,0.28,0.3,0.34,0.38,0.35,0.48,2.58,519,619,2.02,1.53,0.96,0.95,0.81,0.12,0.16,0.14,0.15,0.16,0.17,0.19,0.21,0.2,0.23,0.56,0.6
PIN,2023,2023-10-24,pin_63,2023-10-24 11:34:29,,,715,4194,3901,3576,2243,1755,1528,1365,1203,1138,1073,1040,976,3674,2276,1821,1560,1398,1268,1203,1138,1105,1041,0.14,0.84,1.3,1.69,2,2.31,2.49,2.69,2.8,3.03,0.03,0.02,0.05,0.03,0.04,0.09,0.09,0.1,0.1,0.14,3,1072,1138,2.91,2.69,0.88,0.9,0.83,0.03,0.01,0.04,0.02,0.02,0.05,0.05,0.06,0.06,0.06,0.49,0.51
PIN,2023,2023-10-24,pin_556,2023-10-24 11:40:16,,,359,2064,1775,1256,798,688,608,548,499,469,448,438,429,1346,868,748,658,598,548,519,508,488,489,0.53,1.38,1.76,2.14,2.45,2.77,2.98,3.06,3.23,3.22,0.09,0.12,0.13,0.13,0.14,0.16,0.18,0.22,0.19,0.32,3.14,539,638,2.83,2.24,0.87,0.92,0.83,0.07,0.08,0.08,0.08,0.08,0.09,0.1,0.12,0.1,0.12,0.48,0.55
PIN,2023,2023-10-24,pin_278,2023-10-24 11:41:13,,,521,2959,2601,1918,1203,1008,878,780,748,716,682,683,651,2016,1268,1073,976,910,845,781,780,780,780,0.47,1.33,1.76,2.03,2.25,2.5,2.79,2.79,2.79,2.79,0.06,0.08,0.1,0.17,0.24,0.2,0.15,0.23,0.23,0.36,3,813,1008,2.64,1.94,0.85,0.95,0.82,0.05,0.05,0.06,0.1,0.14,0.11,0.08,0.13,0.12,0.17,0.48,0.58
PIN,2023,2023-10-24,pin_257,2023-10-24 11:43:08,,,519,1246,1157,828,528,459,428,409,409,389,389,379,379,838,538,478,448,428,408,398,409,389,399,0.49,1.32,1.61,1.78,1.91,2.05,2.13,2.05,2.2,2.12,0.02,0.05,0.11,0.13,0.14,-0.01,0.07,0.16,0.08,0.25,2.05,479,588,1.6,1.12,0.72,0.81,0.58,0.01,0.02,0.04,0.04,0.04,0,0.02,0.05,0.03,0.05,0.25,0.32
PIN,2023,2023-10-24,pin_480,2023-10-24 11:49:05,,,409,2522,2144,1715,1047,888,778,688,638,588,559,529,509,1864,1147,967,838,757,698,648,629,598,589,0.35,1.2,1.61,2.01,2.33,2.61,2.89,3.01,3.22,3.28,0.1,0.12,0.12,0.11,0.15,0.15,0.16,0.2,0.21,0.32,3.21,618,738,3.08,2.42,0.89,0.92,0.84,0.08,0.09,0.08,0.07,0.09,0.09,0.09,0.11,0.12,0.14,0.5,0.55
PIN,2023,2023-10-24,pin_1933,2023-10-24 12:02:19,,,209,1117,888,628,409,349,309,279,269,269,259,260,259,738,479,409,369,339,329,319,329,319,339,0.51,1.33,1.73,2.03,2.29,2.4,2.5,2.4,2.5,2.29,0.2,0.22,0.24,0.28,0.31,0.32,0.28,0.38,0.33,0.5,2.43,379,469,1.95,1.38,0.93,0.95,0.81,0.15,0.15,0.15,0.16,0.18,0.18,0.16,0.21,0.18,0.24,0.55,0.62
PIN,2023,2023-10-24,pin_1942,2023-10-24 12:04:15,,,478,2562,2333,1994,1236,1027,898,808,738,698,678,638,638,2064,1276,1057,918,838,778,738,707,678,678,0.24,1.01,1.42,1.79,2.06,2.29,2.47,2.62,2.78,2.78,0.04,0.05,0.04,0.04,0.06,0.09,0.1,0.08,0.11,0.15,2.66,718,857,2.57,1.99,0.81,0.9,0.81,0.03,0.03,0.03,0.02,0.04,0.05,0.05,0.04,0.06,0.06,0.44,0.53
PIN,2023,2023-10-24,pin_879,2023-10-24 12:10:29,,,469,2573,2244,1875,1077,877,778,688,638,609,588,568,558,1994,1147,947,838,758,698,688,658,638,638,0.29,1.24,1.72,2.07,2.39,2.69,2.74,2.91,3.03,3.03,0.08,0.09,0.12,0.12,0.16,0.16,0.21,0.2,0.21,0.3,3.02,698,827,2.69,2.11,0.86,0.92,0.82,0.06,0.06,0.07,0.07,0.09,0.09,0.11,0.11,0.11,0.13,0.47,0.54
PIN,2023,2023-10-24,pin_871,2023-10-24 12:12:00,,,499,2263,2064,1745,1017,798,688,639,609,568,569,519,499,1775,1037,828,728,658,618,598,598,559,539,0.27,1.18,1.73,2.11,2.44,2.66,2.78,2.78,3.05,3.2,0.02,0.03,0.06,0.1,0.06,0.03,0.1,0.1,0.15,0.22,3.14,558,598,3.06,2.78,0.8,0.86,0.78,0.02,0.02,0.04,0.05,0.03,0.01,0.05,0.05,0.07,0.07,0.37,0.42
PIN,2023,2023-10-24,pin_4241,2023-10-24 13:14:15,,,683,3966,3543,2959,1788,1495,1300,1138,1041,1008,943,1008,943,3121,1885,1593,1366,1236,1171,1105,1138,1138,1106,0.27,1.1,1.49,1.9,2.21,2.39,2.59,2.49,2.49,2.59,0.07,0.07,0.09,0.08,0.13,0.19,0.15,0.3,0.2,0.33,2.76,1300,1560,2.05,1.54,0.9,0.96,0.83,0.05,0.05,0.06,0.05,0.08,0.11,0.09,0.17,0.11,0.15,0.55,0.62
PIN,2023,2023-10-24,pin_4772,2023-10-24 13:17:29,,,1073,5137,4909,4227,2341,1950,1723,1528,1431,1365,1300,1268,1235,4226,2406,1983,1788,1626,1496,1430,1365,1333,1366,0.22,1.14,1.59,1.87,2.16,2.43,2.59,2.76,2.85,2.76,0,0.04,0.03,0.06,0.11,0.08,0.09,0.09,0.1,0.25,2.97,1430,1593,2.59,2.22,0.8,0.91,0.79,0,0.03,0.02,0.04,0.06,0.04,0.05,0.05,0.05,0.1,0.41,0.49
PIN,2023,2023-10-24,pin_4805,2023-10-24 13:20:35,,,617,3707,3349,2536,1561,1300,1105,943,878,748,748,716,716,2633,1658,1333,1170,1040,943,878,846,781,813,0.41,1.24,1.78,2.17,2.56,2.93,3.22,3.38,3.75,3.56,0.05,0.08,0.04,0.09,0.16,0.12,0.27,0.22,0.16,0.3,3.68,911,1105,3.07,2.35,0.91,0.93,0.83,0.04,0.06,0.02,0.06,0.09,0.07,0.15,0.12,0.08,0.12,0.5,0.56
PIN,2023,2023-10-24,pin_4538,2023-10-24 13:21:21,,,398,2234,1975,1645,978,828,738,658,609,579,549,538,518,1735,1037,898,798,728,678,649,629,608,599,0.29,1.15,1.49,1.8,2.07,2.29,2.44,2.55,2.67,2.73,0.07,0.08,0.12,0.12,0.16,0.17,0.19,0.23,0.21,0.34,2.81,649,758,2.44,1.95,0.84,0.91,0.82,0.05,0.06,0.08,0.08,0.1,0.1,0.11,0.13,0.12,0.14,0.48,0.55
PIN,2023,2023-10-24,pin_4436,2023-10-24 13:24:38,,,339,1655,1396,1216,758,628,568,508,468,428,398,388,368,1317,808,668,608,548,518,468,448,428,418,0.26,1.05,1.48,1.72,2.02,2.19,2.54,2.69,2.87,2.96,0.1,0.09,0.1,0.11,0.13,0.18,0.16,0.22,0.19,0.34,2.79,428,518,2.87,2.19,0.79,0.88,0.8,0.08,0.06,0.06,0.07,0.07,0.1,0.09,0.11,0.09,0.12,0.39,0.48
PIN,2023,2023-10-24,pin_4474,2023-10-24 13:26:00,,,552,3056,2763,2536,1560,1268,1105,1040,942,878,813,780,780,2601,1593,1300,1170,1073,1008,942,845,813,813,0.17,0.92,1.35,1.61,1.85,2.03,2.24,2.62,2.76,2.76,0.03,0.03,0.04,0.09,0.05,0.11,0.12,0.07,0.07,0.09,2.54,845,942,2.62,2.24,0.83,0.89,0.82,0.02,0.02,0.02,0.06,0.03,0.07,0.07,0.04,0.04,0.04,0.46,0.52
PIN,2023,2023-10-24,pin_5224,2023-10-24 13:34:02,,,618,2893,2698,2210,1170,975,910,845,780,748,683,683,650,2275,1235,1040,910,878,813,780,748,715,715,0.27,1.34,1.78,2.18,2.29,2.56,2.71,2.87,3.05,3.05,0.04,0.09,0.11,0,0.07,0.08,0.08,0.18,0.09,0.22,3.15,748,845,2.87,2.42,0.89,0.96,0.79,0.03,0.05,0.06,0,0.04,0.04,0.04,0.09,0.04,0.09,0.43,0.5
PIN,2023,2023-10-24,pin_4743,2023-10-24 13:35:50,,,309,1366,1136,1017,588,478,459,1007,638,519,489,459,439,1126,638,518,499,1097,678,558,519,499,479,0.21,1.14,1.64,1.74,0.25,1.01,1.45,1.63,1.74,1.85,0.13,0.13,0.14,0.14,0.11,0.09,0.12,0.1,0.14,0.18,1.59,489,578,1.79,1.36,0.89,0.93,0.77,0.1,0.08,0.08,0.08,0.08,0.06,0.07,0.06,0.08,0.08,0.49,0.55
PIN,2023,2023-10-24,pin_5341,2023-10-24 13:36:44,,,683,3382,3121,2211,1268,1138,1008,976,911,878,813,781,781,2211,1333,1170,1073,1008,976,943,878,846,878,0.53,1.54,1.89,2.15,2.36,2.47,2.59,2.85,3,2.85,0,0.08,0.05,0.11,0.06,0.12,0.13,0.15,0.15,0.33,3,943,1073,2.59,2.15,0.79,0.87,0.8,0,0.05,0.03,0.06,0.03,0.07,0.07,0.07,0.08,0.11,0.41,0.48
PIN,2023,2023-10-24,pin_4760,2023-10-24 13:37:11,,,449,2353,1964,1675,987,848,768,718,668,639,548,538,508,1805,1057,908,838,758,728,668,618,598,578,0.3,1.23,1.59,1.81,2.1,2.23,2.52,2.81,2.93,3.07,0.09,0.1,0.11,0.14,0.09,0.15,0.08,0.21,0.19,0.32,2.87,608,678,2.87,2.47,0.81,0.88,0.81,0.07,0.07,0.07,0.08,0.05,0.08,0.04,0.11,0.1,0.12,0.43,0.49
PIN,2023,2023-10-24,pin_4681,2023-10-24 13:43:54,,,169,508,399,329,210,189,179,200,180,180,170,180,170,409,260,219,209,240,220,220,220,220,220,0.24,0.95,1.32,1.43,1.12,1.31,1.31,1.31,1.31,1.31,0.32,0.38,0.3,0.32,0.34,0.39,0.39,0.49,0.39,0.56,1.35,239,259,1.13,0.96,0.94,0.91,0.67,0.2,0.19,0.14,0.14,0.17,0.18,0.18,0.23,0.18,0.23,0.46,0.46
PIN,2023,2023-10-24,pin_4990,2023-10-24 13:53:46,,,279,1495,1186,987,598,508,469,429,389,359,339,329,319,1097,658,558,508,469,429,399,379,359,359,0.36,1.27,1.68,1.94,2.19,2.48,2.75,2.94,3.16,3.16,0.13,0.14,0.14,0.13,0.15,0.17,0.19,0.2,0.16,0.31,2.72,369,429,3.05,2.48,0.78,0.84,0.81,0.1,0.09,0.09,0.08,0.09,0.09,0.1,0.11,0.08,0.11,0.41,0.47
PIN,2023,2023-10-24,pin_5419,2023-10-24 13:54:23,,,585,2893,2536,2048,1268,1041,943,878,780,747,715,682,650,2178,1333,1106,1008,910,845,781,780,747,747,0.33,1.17,1.62,1.87,2.18,2.42,2.7,2.71,2.87,2.87,0.08,0.08,0.1,0.11,0.06,0.14,0.08,0.16,0.17,0.33,2.9,780,910,2.71,2.18,0.81,0.9,0.8,0.06,0.05,0.06,0.06,0.04,0.08,0.04,0.08,0.09,0.13,0.42,0.5
PIN,2023,2023-10-24,pin_4970,2023-10-24 13:57:31,,,179,453,364,325,214,185,173,169,166,160,159,156,160,367,236,201,194,189,185,185,185,178,189,0.23,0.92,1.25,1.34,1.4,1.45,1.45,1.45,1.54,1.4,0.21,0.21,0.2,0.27,0.27,0.27,0.35,0.37,0.33,0.45,1.27,188,217,1.41,1.09,0.74,0.81,0.6,0.11,0.09,0.08,0.11,0.11,0.1,0.14,0.14,0.12,0.15,0.29,0.34
PIN,2023,2023-10-24,pin_5650,2023-10-24 13:58:14,,,617,2698,2341,1755,1073,910,780,747,682,683,650,650,650,1885,1138,942,877,812,747,747,715,747,747,0.43,1.37,1.86,2.08,2.32,2.61,2.61,2.77,2.61,2.61,0.1,0.1,0.06,0.21,0.16,0.18,0.18,0.19,0.27,0.33,2.6,812,910,2.32,1.96,0.87,0.87,0.77,0.07,0.06,0.03,0.11,0.08,0.09,0.09,0.09,0.13,0.13,0.44,0.46
PIN,2023,2023-10-24,pin_5141,2023-10-24 14:01:57,,,388,1854,1625,1385,797,668,608,558,518,498,468,448,428,1475,847,717,648,598,558,518,498,488,468,0.26,1.19,1.59,1.86,2.1,2.32,2.58,2.72,2.8,2.96,0.08,0.09,0.12,0.11,0.12,0.13,0.08,0.12,0.16,0.24,2.8,508,569,2.65,2.26,0.84,0.88,0.79,0.06,0.06,0.07,0.06,0.07,0.07,0.04,0.06,0.08,0.09,0.43,0.47
PIN,2023,2023-10-24,pin_5211,2023-10-24 14:08:06,,,339,1925,1585,1336,818,688,608,549,509,479,449,429,429,1476,897,748,668,598,559,529,499,489,479,0.3,1.15,1.57,1.88,2.22,2.44,2.64,2.86,2.94,3.02,0.12,0.13,0.12,0.15,0.14,0.16,0.17,0.18,0.23,0.26,2.69,519,598,2.71,2.22,0.79,0.9,0.82,0.09,0.09,0.08,0.09,0.08,0.09,0.09,0.1,0.12,0.1,0.44,0.53
PIN,2023,2023-10-24,pin_5293,2023-10-24 14:13:16,,,200,1077,917,828,518,439,389,359,329,319,299,289,279,917,578,489,439,409,379,359,349,339,339,0.17,0.86,1.2,1.45,1.63,1.84,2,2.09,2.18,2.18,0.12,0.15,0.15,0.18,0.2,0.22,0.19,0.24,0.25,0.36,2.29,339,389,2.18,1.77,0.91,0.92,0.81,0.1,0.1,0.1,0.11,0.12,0.13,0.11,0.14,0.15,0.18,0.53,0.56
PIN,2023,2023-10-24,pin_6066,2023-10-24 14:13:21,,,553,2601,2308,1918,1105,910,845,780,682,683,650,585,618,2016,1170,975,877,812,780,715,715,715,715,0.29,1.22,1.67,1.97,2.2,2.33,2.64,2.64,2.64,2.64,0.07,0.09,0.11,0.07,0.07,0.24,0.09,0.18,0.36,0.33,2.73,748,845,2.48,2.08,0.84,0.91,0.79,0.05,0.06,0.07,0.04,0.04,0.13,0.04,0.09,0.18,0.14,0.43,0.5
PIN,2023,2023-10-24,pin_5988,2023-10-24 14:17:01,,,389,2143,1794,1565,938,798,738,668,609,569,549,519,509,1724,1037,888,808,728,678,638,609,589,579,0.24,1.07,1.41,1.65,1.94,2.16,2.36,2.52,2.64,2.7,0.12,0.14,0.16,0.14,0.14,0.17,0.19,0.18,0.21,0.29,2.52,608,688,2.52,2.11,0.82,0.88,0.82,0.09,0.1,0.1,0.09,0.08,0.1,0.11,0.1,0.12,0.12,0.46,0.52
PIN,2023,2023-10-24,pin_5996,2023-10-24 14:20:47,,,498,1844,1556,1176,688,578,538,498,468,448,438,418,419,1246,728,638,578,548,508,488,478,458,458,0.48,1.53,1.89,2.19,2.36,2.63,2.78,2.86,3.03,3.03,0.09,0.11,0.19,0.15,0.2,0.18,0.2,0.2,0.22,0.26,2.71,488,568,2.78,2.25,0.78,0.85,0.73,0.06,0.05,0.09,0.07,0.09,0.08,0.08,0.08,0.09,0.09,0.33,0.39
PIN,2023,2023-10-24,pin_5923,2023-10-24 14:23:09,,,210,1206,1067,947,619,538,488,448,428,398,389,379,379,1037,688,608,548,508,488,468,458,448,448,0.16,0.75,0.98,1.2,1.37,1.47,1.58,1.63,1.69,1.69,0.11,0.14,0.16,0.16,0.18,0.19,0.23,0.23,0.24,0.28,1.82,458,538,1.63,1.24,0.91,0.96,0.83,0.09,0.1,0.12,0.11,0.12,0.12,0.15,0.15,0.15,0.15,0.59,0.65
PIN,2023,2023-10-24,pin_6073,2023-10-24 14:25:51,,,409,1755,1506,1256,808,708,658,609,579,549,529,518,528,1406,917,808,748,698,668,649,628,618,608,0.25,0.91,1.17,1.35,1.51,1.63,1.7,1.79,1.84,1.89,0.15,0.19,0.21,0.21,0.22,0.24,0.28,0.29,0.3,0.3,1.85,638,717,1.75,1.45,0.86,0.92,0.77,0.11,0.12,0.12,0.12,0.13,0.13,0.15,0.16,0.16,0.13,0.47,0.53
PIN,2023,2023-10-24,pin_5096,2023-10-24 14:33:24,,,439,2084,1804,1436,848,768,708,688,628,608,589,579,569,1536,948,848,808,748,728,698,698,688,678,0.36,1.2,1.46,1.58,1.79,1.86,1.99,1.99,2.03,2.07,0.09,0.17,0.16,0.21,0.14,0.24,0.23,0.28,0.29,0.34,2.17,728,838,1.86,1.49,0.92,0.93,0.79,0.07,0.11,0.09,0.12,0.08,0.14,0.13,0.16,0.16,0.16,0.52,0.56
PIN,2023,2023-10-24,pin_4482,2023-10-24 14:55:54,,,359,1894,1725,1486,957,838,758,708,658,628,608,578,568,1566,1027,897,818,768,738,698,678,668,668,0.21,0.84,1.11,1.32,1.47,1.57,1.71,1.79,1.84,1.84,0.07,0.1,0.1,0.11,0.12,0.17,0.16,0.17,0.22,0.29,2.04,698,778,1.71,1.43,0.91,0.93,0.81,0.05,0.07,0.07,0.07,0.08,0.11,0.1,0.1,0.13,0.15,0.56,0.59
PIN,2023,2023-10-24,pin_4411,2023-10-24 14:57:06,,,319,1197,947,708,458,429,409,389,369,359,359,359,349,817,528,489,479,459,449,439,429,439,429,0.47,1.27,1.45,1.5,1.61,1.67,1.73,1.79,1.73,1.79,0.2,0.24,0.23,0.28,0.3,0.35,0.36,0.33,0.36,0.44,1.71,479,558,1.5,1.15,0.88,0.95,0.73,0.13,0.13,0.12,0.15,0.15,0.18,0.18,0.16,0.18,0.19,0.46,0.54
PIN,2023,2023-10-24,pin_4262,2023-10-24 14:58:18,,,319,1336,1156,917,578,508,478,438,418,399,379,389,369,987,638,578,528,508,488,468,458,458,448,0.35,1.09,1.31,1.53,1.63,1.74,1.85,1.92,1.92,1.98,0.1,0.16,0.21,0.17,0.25,0.27,0.28,0.33,0.29,0.44,2.13,488,528,1.74,1.53,0.87,0.88,0.76,0.07,0.09,0.12,0.09,0.14,0.14,0.15,0.17,0.15,0.18,0.47,0.49
PIN,2023,2023-10-24,pin_4716,2023-10-24 15:01:45,,,438,2482,2163,1914,1186,1017,927,847,797,748,738,708,698,2063,1296,1136,1037,967,917,877,857,837,817,0.2,0.92,1.18,1.39,1.57,1.71,1.83,1.9,1.97,2.04,0.09,0.12,0.15,0.16,0.19,0.21,0.24,0.23,0.25,0.3,2.1,897,1027,1.77,1.42,0.88,0.91,0.82,0.07,0.08,0.1,0.11,0.12,0.13,0.15,0.14,0.15,0.15,0.56,0.6
PIN,2023,2023-10-24,pin_3957,2023-10-24 15:05:52,,,339,1197,997,628,429,379,349,339,319,320,310,349,289,678,469,419,389,369,359,369,369,408,339,0.77,1.55,1.86,2.08,2.24,2.33,2.24,2.24,1.93,2.53,0.13,0.17,0.2,0.23,0.19,0.26,0.3,0.36,0.31,0.38,2.45,389,469,2.08,1.55,0.96,1.02,0.72,0.07,0.09,0.1,0.1,0.08,0.11,0.13,0.16,0.14,0.15,0.43,0.51
PIN,2023,2023-10-24,pin_3884,2023-10-24 15:06:47,,,478,2094,1745,1236,827,748,708,658,628,618,588,588,579,1376,917,837,797,758,738,718,708,718,708,0.52,1.28,1.5,1.63,1.76,1.84,1.92,1.96,1.92,1.96,0.15,0.16,0.19,0.2,0.24,0.27,0.26,0.32,0.34,0.43,2.01,837,987,1.5,1.12,0.87,0.92,0.77,0.1,0.1,0.11,0.11,0.13,0.15,0.14,0.17,0.18,0.18,0.5,0.57
PIN,2023,2023-10-24,pin_3868,2023-10-24 15:15:06,,,309,1157,908,737,488,448,418,409,389,379,379,359,369,898,609,558,528,518,498,488,478,478,468,0.29,0.9,1.07,1.19,1.23,1.32,1.37,1.42,1.42,1.47,0.26,0.34,0.35,0.37,0.38,0.4,0.42,0.39,0.47,0.45,1.46,508,588,1.28,0.97,0.9,0.93,0.73,0.18,0.2,0.2,0.21,0.21,0.22,0.22,0.21,0.25,0.21,0.49,0.54
PIN,2023,2023-10-24,pin_2757,2023-10-24 15:15:55,,,650,3772,3446,2926,1788,1560,1398,1268,1171,1106,1105,1105,1073,3024,1886,1658,1495,1398,1300,1268,1236,1236,1236,0.25,1,1.28,1.52,1.7,1.9,1.97,2.05,2.05,2.05,0.04,0.07,0.09,0.1,0.15,0.16,0.21,0.17,0.17,0.28,2.21,1366,1593,1.76,1.37,0.9,0.94,0.83,0.03,0.05,0.06,0.06,0.09,0.1,0.13,0.11,0.11,0.13,0.57,0.63
PIN,2023,2023-10-24,pin_2866,2023-10-24 15:17:53,,,585,3608,3283,3056,1886,1528,1365,1203,1105,1040,1008,975,975,3219,1983,1658,1463,1301,1236,1170,1170,1138,1105,0.12,0.82,1.18,1.47,1.77,1.92,2.08,2.08,2.17,2.27,0.06,0.07,0.11,0.1,0.12,0.17,0.18,0.22,0.23,0.25,2.37,1203,1366,2,1.64,0.86,0.9,0.84,0.05,0.05,0.08,0.07,0.08,0.11,0.11,0.14,0.14,0.12,0.54,0.6
PIN,2023,2023-10-24,pin_2954,2023-10-24 15:20:44,,,620,3078,2660,1851,1110,957,859,785,735,692,659,640,626,1941,1178,1019,918,844,794,755,723,708,702,0.59,1.61,2.02,2.35,2.65,2.88,3.08,3.26,3.35,3.38,0.06,0.1,0.11,0.12,0.13,0.15,0.17,0.18,0.2,0.32,3.25,781,947,2.94,2.25,0.8,0.89,0.8,0.05,0.06,0.06,0.06,0.07,0.07,0.08,0.09,0.1,0.11,0.4,0.49
PIN,2023,2023-10-24,pin_3061,2023-10-24 15:23:55,,,650,3251,2991,2179,1366,1138,1008,878,846,781,716,716,715,2146,1365,1170,1041,911,846,813,781,748,780,0.51,1.38,1.78,2.12,2.57,2.84,3,3.16,3.35,3.17,-0.02,0,0.05,0.06,0.07,0,0.08,0.17,0.09,0.25,3.18,813,1040,3,2.13,0.72,0.89,0.8,-0.02,0,0.03,0.03,0.04,0,0.04,0.08,0.04,0.08,0.36,0.5
PIN,2023,2023-10-24,pin_3134,2023-10-24 15:25:59,,,469,2124,1815,1386,888,788,728,678,628,599,569,569,549,1536,997,888,828,768,728,708,688,688,668,0.38,1.13,1.39,1.57,1.77,1.92,2,2.09,2.09,2.18,0.14,0.18,0.19,0.21,0.21,0.25,0.28,0.32,0.32,0.44,2.31,728,848,1.92,1.5,0.85,0.91,0.78,0.1,0.11,0.11,0.12,0.12,0.14,0.15,0.17,0.17,0.18,0.47,0.53
PIN,2023,2023-10-24,pin_3361,2023-10-24 15:27:51,,,617,3479,3089,2503,1495,1203,1073,943,845,780,747,715,682,2569,1593,1301,1138,1008,910,845,812,780,780,0.35,1.18,1.67,2.06,2.45,2.82,3.12,3.28,3.46,3.46,0.03,0.09,0.12,0.09,0.11,0.13,0.15,0.15,0.16,0.38,3.53,812,1008,3.28,2.45,0.77,0.9,0.82,0.03,0.06,0.08,0.06,0.06,0.07,0.08,0.08,0.08,0.13,0.4,0.52
PIN,2023,2023-10-24,pin_3254,2023-10-24 15:28:20,,,489,2403,2124,1685,1027,878,788,728,668,628,609,599,589,1745,1087,938,848,768,718,688,678,658,658,0.38,1.21,1.56,1.83,2.13,2.35,2.49,2.54,2.65,2.65,0.05,0.09,0.11,0.12,0.09,0.13,0.17,0.19,0.17,0.26,2.61,737,887,2.26,1.71,0.87,0.91,0.8,0.03,0.06,0.06,0.07,0.05,0.07,0.09,0.1,0.09,0.1,0.47,0.54
PIN,2023,2023-10-24,pin_4791,2023-10-24 15:32:45,,,553,3089,2699,2113,1333,1138,1008,878,813,780,715,682,682,2211,1398,1170,1073,943,878,845,812,780,780,0.4,1.21,1.64,1.88,2.28,2.52,2.66,2.8,2.96,2.96,0.06,0.07,0.04,0.1,0.12,0.13,0.14,0.22,0.23,0.33,2.96,845,1040,2.66,1.97,0.76,0.88,0.82,0.04,0.05,0.03,0.06,0.07,0.07,0.08,0.12,0.13,0.13,0.42,0.53
PIN,2023,2023-10-26,pin_3085,2023-10-26 10:45:09,,,429,1954,1626,1107,728,589,499,449,419,399,389,379,388,1197,768,628,539,479,459,439,429,438,428,0.63,1.54,2.11,2.63,3.08,3.26,3.45,3.55,3.46,3.57,0.11,0.09,0.12,0.15,0.13,0.19,0.21,0.21,0.3,0.29,3.19,548,688,2.57,1.84,0.84,0.94,0.78,0.08,0.05,0.06,0.07,0.06,0.09,0.09,0.09,0.13,0.09,0.42,0.52
PIN,2023,2023-10-26,pin_2467,2023-10-26 10:57:09,,,389,2273,1964,1516,967,798,678,618,568,548,539,519,519,1615,1057,858,747,678,638,618,618,608,618,0.41,1.15,1.65,2.04,2.35,2.56,2.68,2.68,2.74,2.68,0.08,0.12,0.11,0.15,0.15,0.19,0.2,0.22,0.26,0.35,2.78,728,877,2.12,1.59,0.92,0.94,0.83,0.06,0.09,0.07,0.09,0.09,0.11,0.11,0.13,0.15,0.16,0.56,0.61
PIN,2023,2023-10-26,pin_2237,2023-10-26 10:58:56,,,289,1426,1116,927,648,558,489,459,419,419,409,399,399,1126,797,698,618,578,558,568,558,558,568,0.27,0.79,1.04,1.31,1.47,1.56,1.51,1.56,1.56,1.51,0.23,0.27,0.3,0.33,0.33,0.41,0.43,0.44,0.47,0.58,1.8,668,778,1.13,0.83,0.92,0.96,0.8,0.18,0.19,0.2,0.21,0.21,0.25,0.26,0.27,0.28,0.3,0.6,0.65
PIN,2023,2023-10-26,pin_2158,2023-10-26 11:06:20,,,552,3056,2731,2048,1268,1040,877,812,747,748,682,683,683,2113,1333,1072,942,878,812,780,747,715,715,0.45,1.29,1.85,2.24,2.48,2.76,2.92,3.09,3.27,3.27,0.04,0.07,0.05,0.12,0.13,0.15,0.08,0.17,0.09,0.12,3,878,1105,2.48,1.77,0.85,0.9,0.82,0.03,0.05,0.03,0.07,0.08,0.08,0.04,0.09,0.04,0.04,0.48,0.56
PIN,2023,2023-10-26,pin_2076,2023-10-26 11:11:55,,,553,3413,2991,2471,1496,1170,942,845,748,683,650,682,650,2731,1626,1236,1040,942,845,780,780,780,780,0.25,1.1,1.76,2.28,2.62,3.04,3.38,3.38,3.38,3.38,0.12,0.11,0.08,0.15,0.18,0.2,0.23,0.31,0.23,0.45,3.6,943,1170,2.62,1.92,0.94,0.96,0.84,0.1,0.08,0.05,0.09,0.1,0.11,0.12,0.17,0.13,0.17,0.55,0.61
PIN,2023,2023-10-26,pin_3969,2023-10-26 11:25:43,,,479,2811,2502,1874,1127,927,788,718,658,618,588,568,558,1974,1206,987,857,778,728,698,668,658,648,0.42,1.33,1.85,2.28,2.61,2.86,3.03,3.21,3.27,3.34,0.07,0.1,0.1,0.13,0.13,0.17,0.21,0.22,0.26,0.36,3.48,768,1047,2.66,1.68,0.86,0.95,0.83,0.05,0.07,0.06,0.08,0.08,0.1,0.11,0.12,0.14,0.14,0.49,0.61
PIN,2023,2023-10-26,pin_4007,2023-10-26 11:28:20,,,585,3609,3154,2633,1658,1301,1105,975,910,845,813,813,780,2829,1756,1366,1203,1073,975,943,910,910,910,0.28,1.06,1.64,2,2.36,2.7,2.83,2.97,2.97,2.97,0.09,0.08,0.07,0.13,0.15,0.11,0.18,0.19,0.19,0.33,3.04,1073,1301,2.36,1.77,0.85,0.92,0.84,0.07,0.06,0.05,0.08,0.09,0.07,0.1,0.11,0.11,0.14,0.52,0.6
PIN,2023,2023-10-26,pin_3904,2023-10-26 11:32:06,,,399,1885,1606,1197,788,668,609,558,518,499,489,479,469,1296,848,728,658,608,569,569,549,539,539,0.45,1.22,1.59,1.86,2.1,2.31,2.31,2.43,2.5,2.5,0.11,0.11,0.14,0.13,0.15,0.17,0.23,0.21,0.22,0.32,2.42,658,798,1.86,1.36,0.88,0.94,0.79,0.08,0.07,0.08,0.07,0.08,0.09,0.12,0.11,0.11,0.13,0.5,0.58
PIN,2023,2023-10-26,pin_3621,2023-10-26 11:38:32,,,618,2568,2211,1561,1008,845,780,715,683,650,585,618,552,1626,1073,910,813,748,715,715,683,650,617,0.58,1.39,1.82,2.16,2.43,2.59,2.59,2.76,2.95,3.16,0.06,0.11,0.14,0.08,0.09,0.1,0.19,0.31,0.11,0.29,3.01,780,942,2.29,1.73,0.94,0.9,0.76,0.04,0.06,0.07,0.04,0.04,0.04,0.09,0.14,0.05,0.11,0.46,0.48
PIN,2023,2023-10-26,pin_3601,2023-10-26 11:40:21,,,715,2015,1820,1463,910,747,682,682,650,650,650,617,618,1528,942,812,747,715,683,715,715,682,683,0.32,1.14,1.48,1.7,1.82,1.95,1.82,1.82,1.95,1.95,0.07,0.07,0.19,0.22,0.12,0.13,0.23,0.23,0.25,0.4,1.94,845,975,1.38,1.07,0.89,0.85,0.65,0.04,0.03,0.08,0.09,0.05,0.05,0.09,0.09,0.1,0.1,0.38,0.4
PIN,2023,2023-10-26,pin_2740,2023-10-26 11:43:17,,,508,2931,2503,1915,1316,1077,928,838,768,738,728,688,688,2054,1396,1147,997,898,848,818,798,788,788,0.43,1.1,1.56,1.94,2.26,2.46,2.58,2.67,2.72,2.72,0.09,0.08,0.09,0.11,0.11,0.16,0.17,0.16,0.23,0.32,2.64,898,1037,2.26,1.83,0.8,0.86,0.83,0.07,0.06,0.06,0.07,0.07,0.09,0.1,0.09,0.13,0.13,0.48,0.54
PIN,2023,2023-10-26,pin_2512,2023-10-26 11:49:34,,,558,3210,2891,2004,1306,1077,927,847,797,758,728,728,708,2074,1366,1156,1007,917,877,857,837,837,837,0.55,1.35,1.78,2.19,2.5,2.66,2.75,2.84,2.84,2.84,0.04,0.07,0.11,0.13,0.13,0.16,0.21,0.24,0.24,0.34,3.08,987,1196,2.25,1.68,0.88,0.94,0.83,0.03,0.04,0.07,0.08,0.08,0.09,0.12,0.13,0.13,0.15,0.52,0.6
PIN,2023,2023-10-26,pin_2196,2023-10-26 11:51:06,,,585,3153,2699,2210,1398,1105,910,812,780,715,682,682,715,2438,1495,1203,1007,910,845,812,812,812,845,0.29,1.11,1.62,2.13,2.46,2.73,2.88,2.88,2.88,2.73,0.12,0.1,0.13,0.17,0.19,0.14,0.23,0.3,0.3,0.4,2.77,910,1105,2.46,1.85,0.83,0.92,0.81,0.09,0.06,0.08,0.1,0.11,0.08,0.12,0.16,0.16,0.15,0.46,0.56
PIN,2023,2023-10-26,pin_2437,2023-10-26 11:51:51,,,249,1226,977,608,429,379,349,329,319,319,309,309,299,688,498,449,419,399,399,389,399,399,409,0.78,1.46,1.73,1.93,2.07,2.07,2.15,2.07,2.07,2,0.17,0.23,0.26,0.29,0.31,0.36,0.32,0.4,0.4,0.55,2.27,479,568,1.56,1.16,0.93,0.95,0.8,0.12,0.14,0.16,0.17,0.18,0.2,0.18,0.23,0.23,0.27,0.56,0.61
PIN,2023,2023-10-26,pin_2815,2023-10-26 11:51:52,,,845,4584,4096,2601,1690,1333,1171,1008,943,845,845,845,813,2698,1723,1398,1203,1073,1008,943,910,910,943,0.7,1.66,2.28,2.81,3.27,3.55,3.86,4.04,4.04,3.86,0.05,0.03,0.08,0.05,0.12,0.13,0.22,0.15,0.15,0.4,4.04,1138,1463,3.03,2.13,0.87,0.91,0.82,0.04,0.02,0.05,0.03,0.06,0.06,0.1,0.07,0.07,0.14,0.46,0.53
PIN,2023,2023-10-26,pin_2521,2023-10-26 11:55:17,,,530,3193,2760,2258,1434,1129,952,838,770,721,688,687,678,2436,1528,1202,1017,905,834,793,768,769,770,0.31,1.09,1.66,2.14,2.53,2.83,3.03,3.16,3.15,3.15,0.09,0.09,0.09,0.1,0.13,0.14,0.16,0.19,0.19,0.3,3.07,883,1066,2.62,2,0.85,0.91,0.83,0.07,0.06,0.06,0.06,0.07,0.08,0.09,0.1,0.11,0.12,0.49,0.57
PIN,2023,2023-10-26,pin_2497,2023-10-26 11:57:42,,,682,3966,3641,2958,1951,1561,1365,1235,1137,1072,1007,975,942,2991,2016,1626,1430,1300,1202,1170,1105,1072,1040,0.33,0.97,1.44,1.77,2.05,2.3,2.39,2.59,2.7,2.81,0.01,0.05,0.06,0.07,0.08,0.09,0.14,0.15,0.16,0.23,2.87,1170,1398,2.39,1.84,0.85,0.92,0.83,0.01,0.03,0.04,0.05,0.05,0.05,0.08,0.09,0.09,0.09,0.5,0.58
PIN,2023,2023-10-26,pin_2428,2023-10-26 11:59:12,,,748,3706,3284,2113,1333,1073,910,845,780,747,747,683,682,2243,1398,1138,1007,910,877,845,845,813,845,0.65,1.65,2.26,2.68,3.07,3.23,3.39,3.39,3.56,3.39,0.08,0.08,0.1,0.19,0.14,0.23,0.24,0.24,0.34,0.5,3.82,1008,1203,2.68,2.08,0.87,0.96,0.8,0.06,0.05,0.06,0.1,0.07,0.11,0.12,0.12,0.16,0.19,0.45,0.54
PIN,2023,2023-10-26,pin_2367,2023-10-26 12:00:42,,,369,1785,1465,907,638,548,498,458,438,438,429,429,419,997,698,598,548,518,508,498,518,518,508,0.79,1.56,1.98,2.26,2.45,2.51,2.58,2.45,2.45,2.51,0.13,0.14,0.15,0.17,0.22,0.26,0.23,0.33,0.33,0.43,2.5,608,708,1.94,1.52,0.9,0.91,0.79,0.09,0.09,0.08,0.09,0.12,0.14,0.12,0.17,0.17,0.18,0.51,0.55
PIN,2023,2023-11-10,pin_1827,2023-11-10 10:05:55,,,553,3252,2893,2341,1528,1235,1138,1041,943,911,878,813,813,2471,1626,1398,1236,1138,1041,1008,975,943,975,0.32,1,1.33,1.63,1.86,2.12,2.23,2.34,2.45,2.34,0.07,0.08,0.17,0.12,0.14,0.15,0.16,0.17,0.24,0.31,2.56,1105,1333,1.94,1.44,0.9,0.95,0.83,0.05,0.06,0.12,0.08,0.09,0.09,0.1,0.1,0.14,0.17,0.56,0.63
PIN,2023,2023-11-10,pin_1834,2023-11-10 10:09:46,,,780,4324,3999,3414,2048,1723,1528,1398,1301,1203,1170,1105,1073,3511,2113,1821,1626,1495,1398,1333,1268,1235,1203,0.23,1.05,1.37,1.66,1.89,2.09,2.24,2.41,2.5,2.59,0.04,0.04,0.08,0.1,0.11,0.12,0.17,0.14,0.19,0.25,2.73,1333,1625,2.24,1.66,0.88,0.95,0.82,0.03,0.03,0.05,0.06,0.06,0.07,0.1,0.08,0.11,0.11,0.51,0.6
PIN,2023,2023-11-10,pin_1590,2023-11-10 10:11:29,,,478,3020,2751,2602,1655,1375,1246,1146,1086,1046,1026,1017,1007,2761,1774,1495,1355,1286,1246,1206,1196,1206,1216,0.09,0.7,1.02,1.23,1.35,1.42,1.5,1.53,1.5,1.48,0.07,0.09,0.11,0.11,0.16,0.19,0.2,0.21,0.23,0.29,1.73,1375,1585,1.2,0.91,0.95,0.97,0.84,0.06,0.07,0.08,0.08,0.11,0.13,0.13,0.14,0.16,0.17,0.67,0.72
PIN,2023,2023-11-10,pin_1373,2023-11-10 10:16:33,,,359,2074,1795,1515,897,758,668,598,548,499,469,449,439,1645,977,808,718,658,598,558,529,519,509,0.26,1.12,1.57,1.89,2.15,2.47,2.72,2.92,3,3.07,0.1,0.12,0.1,0.11,0.15,0.14,0.19,0.21,0.25,0.32,3.09,539,648,2.85,2.2,0.87,0.92,0.83,0.08,0.08,0.06,0.07,0.09,0.08,0.11,0.11,0.13,0.14,0.48,0.55
PIN,2023,2023-11-10,pin_556,2023-11-10 10:19:06,,,520,3771,3348,3251,2275,1820,1593,1431,1301,1203,1170,1138,1105,3543,2470,1983,1755,1626,1496,1365,1366,1333,1301,0.06,0.53,0.9,1.15,1.32,1.52,1.76,1.76,1.83,1.9,0.1,0.1,0.11,0.12,0.16,0.18,0.17,0.21,0.21,0.27,2.03,1431,1658,1.64,1.27,0.9,0.94,0.86,0.08,0.08,0.08,0.09,0.12,0.13,0.12,0.14,0.15,0.15,0.64,0.69
PIN,2023,2023-11-10,pin_1220,2023-11-10 10:20:55,,,489,2283,2064,1775,1137,958,878,798,748,718,678,658,649,1885,1207,1027,928,848,808,788,758,738,718,0.21,0.89,1.22,1.46,1.69,1.83,1.9,2.01,2.09,2.18,0.08,0.09,0.11,0.09,0.1,0.13,0.16,0.19,0.2,0.24,2.18,798,908,1.86,1.51,0.85,0.91,0.79,0.06,0.06,0.07,0.05,0.06,0.07,0.09,0.11,0.11,0.1,0.47,0.54
PIN,2023,2023-11-10,pin_1213,2023-11-10 10:23:22,,,617,3673,3348,3088,1853,1528,1333,1170,1072,1007,975,942,942,3186,1950,1593,1366,1268,1170,1105,1072,1072,1072,0.15,0.88,1.31,1.69,1.9,2.14,2.32,2.43,2.43,2.43,0.04,0.07,0.06,0.04,0.12,0.14,0.15,0.15,0.21,0.25,2.55,1235,1495,1.97,1.46,0.89,0.94,0.83,0.03,0.05,0.04,0.02,0.08,0.08,0.09,0.09,0.12,0.12,0.55,0.63
PIN,2023,2023-11-10,pin_1062,2023-11-10 10:26:21,,,520,3511,3121,2861,1983,1625,1398,1268,1203,1138,1073,1040,1007,3056,2145,1755,1560,1430,1333,1268,1235,1203,1203,0.15,0.64,1,1.25,1.46,1.63,1.77,1.84,1.92,1.92,0.08,0.1,0.1,0.14,0.16,0.14,0.15,0.2,0.2,0.29,2.1,1365,1593,1.57,1.2,0.93,0.96,0.85,0.06,0.08,0.07,0.1,0.11,0.1,0.1,0.13,0.14,0.16,0.64,0.69
PIN,2023,2023-11-10,pin_689,2023-11-10 10:29:44,,,845,5820,5690,5494,4324,3479,3024,2796,2633,2536,2471,2406,2406,5527,4357,3511,3121,2861,2731,2633,2568,2536,2536,0.05,0.34,0.66,0.86,1.03,1.13,1.21,1.27,1.29,1.29,0.01,0.01,0.01,0.04,0.03,0.05,0.05,0.05,0.07,0.09,1.36,2666,2894,1.18,1.01,0.9,0.95,0.85,0.01,0.01,0.01,0.03,0.02,0.04,0.04,0.04,0.05,0.05,0.66,0.71
PIN,2023,2023-11-10,pin_548,2023-11-10 10:30:18,,,650,3901,3576,3348,2080,1658,1430,1300,1170,1105,1072,1040,1007,3543,2210,1755,1528,1398,1300,1235,1203,1170,1170,0.1,0.77,1.22,1.55,1.79,2,2.16,2.24,2.33,2.33,0.07,0.08,0.08,0.1,0.11,0.16,0.17,0.18,0.19,0.26,2.55,1268,1463,2.08,1.67,0.95,0.99,0.83,0.06,0.06,0.06,0.06,0.07,0.1,0.11,0.11,0.11,0.14,0.59,0.64
PIN,2023,2023-11-10,pin_535,2023-11-10 10:32:42,,,448,2691,2382,2233,1505,1227,1117,1027,977,948,918,898,878,2392,1605,1316,1227,1127,1087,1067,1037,1027,1037,0.12,0.68,1.04,1.19,1.39,1.48,1.52,1.59,1.62,1.59,0.08,0.08,0.1,0.13,0.13,0.15,0.17,0.17,0.19,0.27,1.71,1177,1346,1.29,1,0.91,0.94,0.83,0.07,0.06,0.07,0.09,0.09,0.1,0.11,0.11,0.13,0.15,0.63,0.67
PIN,2023,2023-11-10,pin_773,2023-11-10 10:34:01,,,552,2699,2276,2145,1625,1495,1398,1366,1300,1300,1236,1203,1171,2439,1918,1788,1691,1658,1593,1593,1560,1496,1430,0.11,0.41,0.51,0.6,0.63,0.69,0.69,0.73,0.8,0.89,0.15,0.21,0.23,0.24,0.25,0.26,0.26,0.3,0.29,0.3,0.94,1691,1853,0.6,0.46,0.98,0.99,0.8,0.12,0.15,0.16,0.17,0.18,0.18,0.18,0.21,0.2,0.18,0.69,0.72
PIN,2023,2023-11-10,pin_1981,2023-11-10 10:42:28,,,521,3707,3446,3121,1951,1560,1365,1203,1106,976,943,911,878,3251,2016,1658,1430,1268,1171,1073,1041,1008,976,0.14,0.84,1.24,1.59,1.92,2.17,2.45,2.56,2.68,2.8,0.05,0.04,0.08,0.06,0.08,0.08,0.14,0.15,0.15,0.2,2.92,1073,1236,2.45,2,0.85,0.9,0.86,0.04,0.03,0.06,0.05,0.05,0.06,0.09,0.09,0.1,0.1,0.55,0.61
PIN,2023,2023-11-10,pin_3957,2023-11-10 10:50:43,,,439,2781,2412,2183,1336,1087,917,808,728,678,638,608,588,2352,1436,1167,997,877,798,738,698,668,668,0.18,0.94,1.38,1.79,2.17,2.48,2.77,2.98,3.16,3.16,0.09,0.09,0.1,0.12,0.13,0.15,0.14,0.15,0.16,0.26,3.1,718,857,2.87,2.25,0.86,0.93,0.84,0.07,0.07,0.07,0.08,0.08,0.09,0.08,0.09,0.09,0.12,0.5,0.58
PIN,2023,2023-11-10,pin_3884,2023-11-10 10:53:31,,,716,4194,3837,3154,1951,1561,1366,1203,1073,1040,1008,976,943,3251,2016,1659,1431,1301,1170,1138,1073,1073,1073,0.29,1.08,1.53,1.93,2.22,2.58,2.69,2.91,2.91,2.91,0.04,0.05,0.09,0.07,0.13,0.14,0.15,0.11,0.16,0.27,3.07,1235,1561,2.4,1.69,0.89,0.94,0.83,0.03,0.03,0.06,0.05,0.08,0.08,0.09,0.06,0.09,0.12,0.53,0.6
PIN,2023,2023-11-10,pin_3254,2023-11-10 10:55:51,,,585,3609,3316,2894,1788,1430,1268,1106,1008,943,878,845,813,2991,1885,1528,1333,1203,1106,1008,975,943,943,0.21,0.91,1.36,1.71,2,2.26,2.58,2.7,2.83,2.83,0.04,0.07,0.09,0.07,0.13,0.14,0.11,0.17,0.18,0.29,3.08,1041,1268,2.47,1.85,0.94,0.95,0.84,0.03,0.05,0.06,0.05,0.08,0.09,0.06,0.1,0.1,0.14,0.56,0.62
PIN,2023,2023-11-10,pin_3361,2023-11-10 10:58:10,,,389,2233,1964,1495,927,768,668,608,559,518,489,478,469,1585,1007,838,748,668,629,588,578,568,548,0.41,1.22,1.66,1.99,2.34,2.55,2.8,2.86,2.93,3.07,0.07,0.12,0.13,0.17,0.15,0.19,0.21,0.28,0.29,0.32,3.19,618,788,2.61,1.83,0.94,0.97,0.83,0.06,0.08,0.08,0.11,0.09,0.11,0.12,0.15,0.16,0.14,0.53,0.61
PIN,2023,2023-11-10,pin_3868,2023-11-10 10:58:49,,,716,4064,3576,2828,1756,1431,1268,1138,1073,943,910,910,846,3023,1886,1593,1398,1235,1138,1073,1040,1040,976,0.34,1.15,1.55,1.91,2.29,2.57,2.79,2.91,2.91,3.16,0.08,0.1,0.16,0.15,0.13,0.1,0.22,0.23,0.23,0.31,3.23,1106,1300,2.67,2.13,0.89,0.92,0.82,0.06,0.07,0.1,0.09,0.08,0.06,0.12,0.12,0.12,0.13,0.5,0.55
PIN,2023,2023-11-10,pin_3134,2023-11-10 11:02:30,,,479,2971,2592,2173,1286,1037,887,758,688,628,588,579,549,2283,1366,1097,937,818,748,688,648,628,618,0.3,1.17,1.71,2.17,2.63,2.97,3.32,3.58,3.73,3.81,0.06,0.08,0.08,0.09,0.12,0.14,0.16,0.17,0.15,0.27,3.72,678,828,3.38,2.59,0.84,0.94,0.84,0.05,0.06,0.05,0.05,0.07,0.08,0.09,0.09,0.08,0.11,0.46,0.55
PIN,2023,2023-11-10,pin_2866,2023-11-10 11:07:50,,,585,3999,3674,3381,2113,1625,1365,1236,1106,1007,942,877,877,3543,2243,1723,1463,1301,1138,1073,1007,975,942,0.13,0.78,1.32,1.73,2.07,2.51,2.73,2.97,3.1,3.25,0.05,0.08,0.08,0.1,0.08,0.05,0.1,0.11,0.17,0.15,3.19,1007,1170,2.97,2.42,0.81,0.93,0.85,0.05,0.06,0.06,0.07,0.05,0.03,0.06,0.06,0.1,0.07,0.48,0.58
PIN,2023,2023-11-10,pin_3061,2023-11-10 11:08:51,,,459,2622,2234,1735,1107,897,778,688,628,588,569,559,549,1875,1197,977,848,758,698,668,648,658,648,0.4,1.19,1.68,2.09,2.46,2.76,2.93,3.05,2.98,3.05,0.1,0.11,0.13,0.14,0.16,0.18,0.22,0.23,0.28,0.35,3.07,748,907,2.51,1.89,0.86,0.92,0.82,0.07,0.08,0.08,0.08,0.09,0.1,0.12,0.12,0.15,0.15,0.49,0.57
PIN,2023,2023-11-10,pin_2757,2023-11-10 11:12:30,,,379,1944,1685,1426,1017,877,778,708,658,628,598,588,588,1555,1117,957,858,788,738,708,698,688,678,0.25,0.74,1.03,1.27,1.47,1.63,1.75,1.79,1.83,1.87,0.11,0.13,0.12,0.14,0.16,0.18,0.19,0.24,0.24,0.29,1.87,728,808,1.67,1.41,0.86,0.9,0.81,0.08,0.09,0.08,0.09,0.1,0.11,0.11,0.14,0.15,0.13,0.52,0.57
PIN,2023,2023-11-10,pin_2954,2023-11-10 11:18:51,,,586,3349,2991,2211,1398,1170,976,846,780,715,716,715,683,2276,1463,1235,1041,943,878,813,781,780,748,0.47,1.29,1.71,2.22,2.55,2.81,3.12,3.29,3.29,3.48,0.04,0.07,0.08,0.11,0.18,0.2,0.23,0.16,0.16,0.2,3.38,845,1073,2.96,2.12,0.92,0.96,0.83,0.03,0.04,0.05,0.06,0.1,0.11,0.12,0.08,0.08,0.09,0.5,0.58
PIN,2023,2023-11-10,pin_3621,2023-11-10 11:23:59,,,553,2634,2244,1690,1040,845,748,683,651,618,553,553,553,1821,1138,943,878,781,748,716,715,683,650,0.45,1.31,1.79,2,2.37,2.52,2.68,2.68,2.86,3.05,0.1,0.14,0.18,0.27,0.24,0.25,0.27,0.45,0.39,0.43,3.06,781,911,2.37,1.89,0.87,0.95,0.79,0.07,0.09,0.1,0.15,0.13,0.13,0.14,0.23,0.19,0.15,0.46,0.54
PIN,2023,2023-11-10,pin_3601,2023-11-10 11:26:53,,,747,2275,2113,1658,975,845,780,748,715,715,715,715,683,1691,1041,878,812,780,780,780,780,780,780,0.35,1.19,1.59,1.8,1.92,1.92,1.92,1.92,1.92,1.92,0.03,0.13,0.09,0.09,0.1,0.2,0.2,0.2,0.2,0.37,2.09,943,1137,1.41,1,0.83,0.9,0.67,0.02,0.06,0.04,0.04,0.04,0.08,0.08,0.08,0.08,0.12,0.38,0.46
PIN,2023,2023-11-10,pin_2815,2023-11-10 11:32:59,,,748,4162,3804,3284,2146,1821,1593,1431,1301,1203,1171,1138,1073,3414,2276,1886,1658,1496,1398,1300,1235,1203,1171,0.22,0.83,1.21,1.51,1.78,1.98,2.2,2.37,2.46,2.55,0.05,0.08,0.05,0.06,0.07,0.11,0.13,0.09,0.09,0.2,2.55,1268,1431,2.28,1.91,0.79,0.82,0.82,0.04,0.06,0.03,0.04,0.04,0.07,0.07,0.05,0.05,0.08,0.46,0.5
PIN,2023,2023-11-10,pin_2740,2023-11-10 11:33:59,,,748,4681,4356,3738,2243,1853,1593,1430,1300,1235,1170,1105,1073,3771,2275,1918,1658,1495,1398,1300,1235,1203,1170,0.24,1.06,1.44,1.82,2.13,2.35,2.6,2.79,2.89,3,0.01,0.02,0.05,0.06,0.07,0.11,0.08,0.09,0.14,0.18,3.06,1301,1463,2.6,2.2,0.88,0.93,0.84,0.01,0.01,0.03,0.04,0.04,0.07,0.05,0.05,0.08,0.08,0.52,0.58
PIN,2023,2023-11-10,pin_3904,2023-11-10 11:35:24,,,585,3024,2569,1853,1236,1040,910,812,780,715,715,715,683,2016,1333,1138,1007,943,878,845,845,845,845,0.5,1.27,1.66,2,2.21,2.44,2.58,2.58,2.58,2.58,0.11,0.11,0.14,0.17,0.25,0.2,0.29,0.29,0.29,0.45,2.76,975,1236,2.1,1.45,0.87,0.96,0.81,0.08,0.07,0.09,0.1,0.14,0.11,0.15,0.15,0.15,0.19,0.5,0.61
PIN,2023,2023-11-10,pin_2512,2023-11-10 11:36:53,,,650,4226,3804,3219,2016,1626,1398,1268,1138,1040,1008,976,975,3316,2081,1691,1495,1333,1235,1171,1106,1073,1073,0.27,1.03,1.5,1.83,2.17,2.42,2.61,2.82,2.94,2.94,0.04,0.04,0.06,0.1,0.08,0.13,0.19,0.15,0.16,0.19,2.9,1203,1430,2.51,1.96,0.89,0.91,0.85,0.03,0.03,0.04,0.06,0.05,0.08,0.11,0.09,0.09,0.09,0.54,0.59
PIN,2023,2023-11-10,pin_2437,2023-11-10 11:40:20,,,683,4487,4064,3349,2015,1625,1430,1268,1138,1106,1073,1041,1041,3479,2113,1723,1495,1398,1268,1203,1171,1171,1138,0.29,1.12,1.6,2,2.21,2.54,2.73,2.83,2.83,2.94,0.05,0.06,0.08,0.07,0.15,0.17,0.13,0.14,0.19,0.19,2.9,1300,1495,2.45,2,0.89,0.94,0.85,0.04,0.05,0.06,0.04,0.09,0.1,0.08,0.08,0.11,0.09,0.55,0.61
PIN,2023,2023-11-10,pin_2428,2023-11-10 11:43:29,,,682,4259,3934,3283,1950,1593,1365,1203,1105,1008,975,942,910,3348,2015,1593,1398,1268,1138,1105,1040,1008,1008,0.27,1.11,1.67,2.05,2.36,2.74,2.85,3.1,3.23,3.23,0.02,0.05,0,0.04,0.08,0.05,0.15,0.11,0.12,0.21,3.32,1105,1301,2.85,2.27,0.87,0.94,0.84,0.02,0.03,0,0.02,0.05,0.03,0.09,0.06,0.07,0.1,0.5,0.58
PIN,2023,2023-11-10,pin_3969,2023-11-10 11:49:56,,,618,3413,3089,2569,1593,1300,1170,1040,943,911,846,845,813,2666,1626,1365,1203,1073,1008,976,943,943,910,0.28,1.1,1.5,1.84,2.18,2.39,2.5,2.62,2.62,2.75,0.05,0.03,0.07,0.04,0.05,0.11,0.12,0.19,0.19,0.25,2.8,1040,1236,2.28,1.76,0.92,0.93,0.82,0.04,0.02,0.05,0.03,0.03,0.06,0.07,0.1,0.1,0.11,0.53,0.58
PIN,2023,2023-11-10,pin_2521,2023-11-10 11:54:06,,,459,2622,2293,1924,1197,987,888,818,768,728,718,718,708,2064,1286,1067,957,898,868,838,838,838,858,0.27,1.04,1.46,1.74,1.92,2.02,2.13,2.13,2.13,2.06,0.09,0.1,0.11,0.11,0.14,0.19,0.22,0.24,0.24,0.35,2.24,968,1137,1.71,1.31,0.89,0.94,0.82,0.07,0.07,0.07,0.07,0.09,0.12,0.13,0.14,0.14,0.17,0.57,0.63
PIN,2023,2023-11-10,pin_2497,2023-11-10 11:57:03,,,618,4064,3739,3479,2438,1950,1723,1593,1463,1398,1301,1300,1268,3674,2504,2080,1853,1658,1560,1496,1463,1431,1398,0.11,0.62,0.95,1.19,1.45,1.61,1.72,1.78,1.84,1.91,0.06,0.03,0.08,0.1,0.06,0.09,0.1,0.17,0.14,0.17,1.95,1528,1756,1.66,1.31,0.91,0.94,0.85,0.05,0.03,0.06,0.07,0.04,0.06,0.07,0.11,0.09,0.09,0.62,0.67
PIN,2023,2023-11-10,pin_2367,2023-11-10 12:01:29,,,319,1755,1446,1007,658,558,499,449,419,399,389,379,379,1117,728,618,558,509,469,459,459,449,459,0.57,1.41,1.84,2.15,2.45,2.74,2.82,2.82,2.91,2.82,0.13,0.15,0.16,0.18,0.21,0.2,0.24,0.28,0.29,0.44,2.82,529,648,2.32,1.71,0.82,0.89,0.82,0.1,0.1,0.1,0.11,0.12,0.11,0.13,0.15,0.16,0.17,0.47,0.55
PIN,2023,2023-11-10,pin_2196,2023-11-10 12:03:23,,,552,3478,3218,3023,1918,1528,1300,1170,1072,975,910,877,878,3153,1983,1560,1365,1235,1138,1040,1007,1008,975,0.1,0.75,1.23,1.55,1.82,2.06,2.34,2.45,2.45,2.57,0.05,0.04,0.03,0.07,0.08,0.09,0.1,0.16,0.21,0.21,2.67,1073,1203,2.24,1.89,0.88,0.96,0.84,0.04,0.03,0.02,0.05,0.05,0.06,0.06,0.1,0.13,0.1,0.55,0.62
PIN,2023,2023-11-10,pin_2842,2023-11-10 12:31:57,,,650,3316,3023,2503,1495,1300,1138,1040,976,943,911,878,878,2601,1561,1365,1203,1105,1040,1008,1008,1008,975,0.27,1.12,1.43,1.76,2,2.19,2.29,2.29,2.29,2.4,0.05,0.06,0.08,0.09,0.1,0.11,0.12,0.17,0.23,0.25,2.44,1138,1366,1.91,1.43,0.83,0.91,0.8,0.04,0.04,0.05,0.05,0.06,0.06,0.06,0.1,0.13,0.1,0.49,0.57
PIN,2023,2023-11-10,pin_3085,2023-11-10 12:33:52,,,553,2893,2471,2080,1300,1105,975,910,845,747,715,715,682,2308,1430,1236,1106,975,910,845,812,812,812,0.25,1.02,1.34,1.62,1.97,2.18,2.42,2.56,2.56,2.56,0.13,0.13,0.16,0.19,0.11,0.13,0.21,0.22,0.22,0.36,2.62,942,1138,2.07,1.54,0.89,0.92,0.81,0.1,0.09,0.11,0.12,0.07,0.07,0.12,0.12,0.12,0.16,0.52,0.57
PIN,2023,2023-11-10,pin_2237,2023-11-10 12:44:32,,,618,3609,3154,2894,1691,1398,1236,1106,1008,975,943,910,910,3121,1821,1528,1366,1236,1138,1106,1073,1106,1106,0.16,0.98,1.36,1.64,1.92,2.17,2.26,2.36,2.26,2.26,0.09,0.1,0.13,0.15,0.17,0.19,0.2,0.21,0.3,0.35,2.47,1203,1431,2,1.52,0.88,0.97,0.83,0.07,0.07,0.09,0.1,0.11,0.11,0.12,0.12,0.18,0.18,0.54,0.64
PIN,2023,2023-11-10,pin_2076,2023-11-10 12:46:55,,,478,3090,2771,2512,1545,1266,1086,967,877,817,787,757,747,2662,1665,1375,1186,1066,977,927,897,867,877,0.16,0.86,1.25,1.61,1.9,2.16,2.33,2.44,2.56,2.52,0.07,0.1,0.11,0.12,0.14,0.16,0.19,0.2,0.21,0.31,2.71,957,1126,2.23,1.74,0.86,0.92,0.85,0.06,0.07,0.08,0.08,0.09,0.1,0.12,0.12,0.13,0.15,0.54,0.61
PIN,2023,2023-11-10,pin_2158,2023-11-10 12:48:13,,,650,3414,3121,2829,1756,1366,1203,1105,1008,943,878,845,813,2894,1788,1398,1236,1138,1040,975,943,910,878,0.18,0.91,1.44,1.76,2,2.28,2.5,2.62,2.75,2.89,0.03,0.03,0.04,0.04,0.05,0.05,0.06,0.13,0.13,0.18,2.84,975,1138,2.5,2,0.91,0.93,0.81,0.02,0.02,0.02,0.03,0.03,0.03,0.03,0.07,0.07,0.07,0.5,0.54
PIN,2023,2023-11-10,pin_5996,2023-11-10 13:01:20,,,538,2662,2303,1874,1116,897,787,707,648,608,578,558,538,1994,1176,947,837,757,698,658,618,598,588,0.34,1.26,1.81,2.18,2.52,2.81,3.05,3.31,3.45,3.53,0.08,0.08,0.09,0.11,0.12,0.14,0.15,0.14,0.14,0.24,3.28,638,727,3.17,2.66,0.81,0.87,0.8,0.06,0.05,0.05,0.06,0.07,0.07,0.08,0.06,0.07,0.09,0.39,0.45
PIN,2023,2023-11-10,pin_5341,2023-11-10 13:03:12,,,1105,7542,7413,6990,4811,3739,3186,2829,2601,2406,2276,2178,2081,6924,4779,3706,3186,2828,2633,2438,2308,2211,2178,0.09,0.58,1.04,1.37,1.67,1.86,2.09,2.27,2.41,2.46,-0.01,-0.01,-0.01,0,0,0.02,0.02,0.02,0.02,0.09,2.56,2308,2503,2.27,2.01,0.86,0.93,0.85,-0.01,-0.01,-0.01,0,0,0.01,0.01,0.01,0.01,0.04,0.55,0.61
PIN,2023,2023-11-14,pin_5096,2023-11-14 13:04:50,,,715,1853,1788,1723,1073,878,813,747,715,682,683,650,650,1756,1105,911,813,747,715,715,716,683,683,0.06,0.68,1.03,1.28,1.48,1.59,1.59,1.59,1.71,1.71,0.03,0.06,0.08,0,0,0,0.12,0.12,0.13,0.2,1.75,715,715,1.59,1.59,0.72,0.72,0.61,0.02,0.03,0.04,0,0,0,0.05,0.05,0.05,0.05,0.27,0.27
PIN,2023,2023-11-14,pin_4791,2023-11-14 13:11:53,,,683,1560,1496,1431,975,781,683,651,650,585,585,553,585,1496,1008,813,715,683,650,618,618,618,585,0.04,0.55,0.92,1.18,1.28,1.4,1.52,1.52,1.52,1.67,0.08,0.07,0.1,0.12,0.13,0,0.16,0.16,0.31,0,1.56,585,617,1.67,1.53,0.68,0.78,0.56,0.04,0.03,0.04,0.04,0.05,0,0.05,0.05,0.11,0,0.22,0.26
PIN,2023,2023-11-14,pin_4716,2023-11-14 13:13:24,,,230,469,429,389,269,220,210,190,200,180,180,180,170,419,279,240,220,210,190,190,180,190,180,0.12,0.68,0.95,1.13,1.23,1.47,1.47,1.61,1.47,1.61,0.15,0.09,0.24,0.14,0.3,-0.18,0.18,0,0.18,0.25,1.52,180,200,1.61,1.35,0.58,0.81,0.51,0.07,0.04,0.08,0.05,0.1,-0.05,0.05,0,0.05,0.06,0.17,0.25
PIN,2023,2023-11-14,pin_4482,2023-11-14 13:18:59,,,429,778,748,738,618,519,479,448,438,418,408,398,398,758,628,519,469,458,438,418,418,408,398,0.03,0.24,0.5,0.66,0.7,0.78,0.86,0.86,0.91,0.95,0.06,0.04,0,-0.06,0.07,0,0,0.08,0.08,0,0.88,398,398,0.95,0.95,0.59,0.59,0.45,0.03,0.02,0,-0.02,0.02,0,0,0.02,0.02,0,0.17,0.17
PIN,2023,2023-11-14,pin_4411,2023-11-14 13:20:50,,,369,618,578,568,469,379,339,319,319,309,299,289,299,598,469,389,349,339,329,309,309,299,299,0.03,0.32,0.59,0.77,0.82,0.88,1,1,1.07,1.07,0.13,0,0.09,0.1,0.22,0.12,0,0.13,0.14,0,0.93,309,309,1,1,0.51,0.64,0.4,0.05,0,0.03,0.03,0.06,0.03,0,0.03,0.03,0,0.13,0.16
PIN,2023,2023-11-14,pin_4262,2023-11-14 13:26:01,,,309,429,399,389,359,319,299,300,280,279,279,279,269,419,369,329,309,299,300,289,279,289,279,0.02,0.16,0.3,0.39,0.43,0.43,0.48,0.54,0.48,0.54,0.26,0.11,0.13,0.15,-0.02,0.31,0.17,0,0.17,0.25,0.48,269,289,0.59,0.48,0.38,0.5,0.28,0.07,0.03,0.03,0.03,0,0.07,0.03,0,0.03,0.04,0.07,0.1
PIN,2023,2023-11-21,pin_4482,2023-11-21 10:59:10,,,468,1106,1047,1027,827,658,578,528,498,478,448,448,429,1066,827,678,588,528,498,488,478,449,439,0.04,0.34,0.63,0.88,1.09,1.22,1.27,1.31,1.46,1.52,0.06,0,0.06,0.04,0,0,0.05,0.17,0.01,0.1,1.44,438,449,1.53,1.46,0.77,0.69,0.58,0.04,0,0.03,0.02,0,0,0.02,0.06,0,0.02,0.27,0.24
PIN,2023,2023-11-21,pin_4791,2023-11-21 11:09:29,,,715,1789,1724,1691,1333,1073,943,813,780,780,715,715,683,1756,1398,1105,910,878,812,748,715,715,683,0.02,0.28,0.62,0.97,1.04,1.2,1.39,1.5,1.5,1.62,0.06,0.09,0.06,-0.08,0.17,0.1,-0.11,0,0,0,1.52,650,682,1.75,1.62,0.57,0.79,0.6,0.04,0.05,0.03,-0.04,0.07,0.04,-0.04,0,0,0,0.2,0.29
PIN,2023,2023-11-21,pin_4716,2023-11-21 11:10:07,,,378,737,718,718,618,508,469,429,419,389,378,368,369,738,618,518,469,439,409,399,388,378,379,0,0.19,0.42,0.57,0.68,0.8,0.85,0.9,0.95,0.94,0.06,0,0.05,0,0.06,-0.07,0.07,0.08,0.08,0.11,0.95,369,369,1,1,0.67,0.67,0.49,0.03,0,0.02,0,0.02,-0.02,0.03,0.03,0.03,0.03,0.22,0.22
PIN,2023,2023-11-21,pin_5096,2023-11-21 11:20:17,,,289,538,499,468,369,319,289,279,270,250,259,249,239,509,389,329,299,289,280,270,270,259,250,0.06,0.38,0.64,0.8,0.86,0.92,0.99,0.99,1.08,1.15,0.18,0.13,0.09,0.1,0.11,0.12,0.25,0.13,0.13,0.22,1.09,249,259,1.16,1.08,0.55,0.66,0.46,0.08,0.05,0.03,0.03,0.03,0.04,0.07,0.04,0.04,0.04,0.16,0.19
PIN,2023,2023-11-21,pin_4262,2023-11-21 11:30:37,,,716,1235,1236,1203,1040,845,813,780,716,716,715,683,650,1236,1008,845,781,747,715,683,683,683,683,0,0.23,0.46,0.58,0.65,0.73,0.81,0.81,0.81,0.81,0.06,-0.09,0,-0.13,-0.14,0,-0.17,-0.16,0,0.2,0.9,650,683,0.9,0.81,0.72,0.67,0.42,0.03,-0.03,0,-0.04,-0.04,0,-0.05,-0.05,0,0.05,0.2,0.19
PIN,2023,2023-11-21,pin_4411,2023-11-21 11:35:14,,,459,947,938,917,748,588,518,479,459,429,429,409,398,917,737,588,528,489,449,429,419,409,398,0.03,0.28,0.61,0.79,0.94,1.11,1.21,1.26,1.32,1.38,0,-0.03,0,0.05,0.06,-0.07,0,-0.07,0,0,1.36,398,398,1.38,1.38,0.81,0.89,0.52,0,-0.01,0,0.02,0.02,-0.02,0,-0.02,0,0,0.25,0.27
PIN,2023,2023-12-10,pin_4007,2023-12-10 12:59:53,,,650,3868,3479,3088,1951,1561,1366,1203,1073,1008,976,976,943,3283,2081,1691,1463,1333,1235,1138,1138,1106,1138,0.18,0.86,1.29,1.64,1.9,2.13,2.4,2.4,2.5,2.4,0.07,0.09,0.11,0.1,0.15,0.21,0.19,0.24,0.2,0.35,2.69,1301,1593,1.97,1.43,0.92,0.97,0.83,0.06,0.06,0.08,0.07,0.1,0.13,0.11,0.14,0.12,0.17,0.57,0.65
PIN,2023,2023-12-10,pin_2467,2023-12-10 13:08:00,,,499,3121,2742,2084,1296,1067,908,818,748,698,678,658,658,2174,1376,1147,987,888,828,788,768,758,758,0.44,1.27,1.72,2.16,2.51,2.77,2.96,3.06,3.12,3.12,0.05,0.08,0.11,0.13,0.13,0.17,0.2,0.21,0.24,0.3,3.17,917,1147,2.4,1.72,0.9,0.95,0.84,0.04,0.06,0.07,0.08,0.08,0.1,0.11,0.12,0.13,0.13,0.54,0.63
PIN,2023,2023-12-15,pin_5096,2023-12-15 12:45:46,,,399,588,588,578,558,518,488,458,448,419,409,399,399,598,568,518,488,468,438,419,419,409,409,-0.02,0.04,0.14,0.2,0.26,0.34,0.4,0.4,0.44,0.44,0.1,0.06,0,0,0.08,-0.09,0,0.09,0.1,0.12,0.47,398,398,0.48,0.48,0.82,0.71,0.32,0.03,0.02,0,0,0.02,-0.02,0,0.02,0.02,0.02,0.2,0.17
PIN,2023,2023-12-15,pin_4791,2023-12-15 13:08:47,,,419,568,568,558,548,519,499,469,439,429,409,399,389,568,558,529,489,459,439,429,409,409,389,0,0.02,0.07,0.16,0.24,0.29,0.32,0.39,0.39,0.46,0.07,0.07,0.08,-0.09,-0.1,0,0,0,0.12,0,0.46,379,389,0.5,0.46,0.69,0.66,0.26,0.02,0.02,0.02,-0.02,-0.02,0,0,0,0.02,0,0.13,0.13
PIN,2023,2023-12-15,pin_4716,2023-12-15 13:09:09,,,289,399,389,379,369,349,339,339,319,299,289,289,289,379,379,359,339,339,329,319,299,289,289,0.05,0.05,0.11,0.18,0.18,0.21,0.25,0.33,0.38,0.38,0,0.1,0.11,0,0,0.13,0.27,0.15,0,0,0.35,299,299,0.33,0.33,0.89,0.74,0.28,0,0.03,0.03,0,0,0.03,0.06,0.03,0,0,0.2,0.16
PIN,2023,2023-12-15,pin_4482,2023-12-15 13:24:04,,,439,598,598,588,579,559,519,489,459,459,439,439,429,598,589,559,529,489,469,459,439,439,429,0,0.02,0.07,0.13,0.22,0.28,0.3,0.36,0.36,0.39,0.06,0.06,0,0.08,0,0.1,0,0,0,0,0.39,419,408,0.43,0.47,0.94,0.73,0.27,0.02,0.02,0,0.02,0,0.02,0,0,0,0,0.19,0.14
PIN,2023,2023-12-15,pin_4411,2023-12-15 13:25:37,,,229,269,270,270,270,260,250,240,239,219,219,219,209,270,270,260,250,240,229,229,219,219,219,0,0,0.03,0.08,0.12,0.17,0.17,0.23,0.23,0.23,0,0,0,0,0,-0.34,0.34,0,0,0.33,0.29,209,209,0.29,0.29,0.8,0.4,0.15,0,0,0,0,0,-0.04,0.04,0,0,0.05,0.1,0.05
PIN,2023,2023-12-15,pin_4262,2023-12-15 13:38:36,,,270,319,329,319,319,309,309,299,299,290,279,289,289,319,319,309,299,309,289,290,279,279,289,0,0,0.03,0.07,0.03,0.1,0.1,0.14,0.14,0.1,0,0,0,-0.23,0.22,-0.25,0,0,-0.26,0,0.14,269,289,0.19,0.1,0.53,0.74,0.15,0,0,0,-0.03,0.03,-0.03,0,0,-0.04,0,0.07,0.1
PIN,2024,2024-01-05,pin_4970,2024-01-05 10:40:06,CFL_1,cflbiologie1@gmail.com,289,628,508,369,239,220,210,210,200,200,199,189,199,399,259,229,230,220,220,210,209,209,209,0.57,1.42,1.74,1.73,1.85,1.85,1.99,2,2,2,0.18,0.24,0.13,0.29,0.16,0.31,0.17,0.17,0.34,0.25,1.55,249,269,1.52,1.33,0.75,0.67,0.54,0.08,0.08,0.04,0.09,0.05,0.09,0.05,0.05,0.1,0.05,0.24,0.22
PIN,2024,2024-01-05,pin_4743,2024-01-05 10:42:15,CFL_3,ithmajor@gmail.com,319,638,518,389,279,249,239,240,229,229,219,229,230,429,299,269,269,259,259,239,249,259,269,0.49,1.13,1.37,1.37,1.46,1.46,1.67,1.56,1.46,1.37,0.23,0.21,0.25,0.38,0.25,0.4,0.15,0.43,0.4,0.65,1.25,299,319,1.13,1,0.84,0.85,0.5,0.09,0.07,0.07,0.11,0.07,0.12,0.04,0.12,0.12,0.14,0.27,0.28
PIN,2024,2024-01-05,pin_4760,2024-01-05 10:42:26,MRNF_1,cflbiologie1@gmail.com,683,2081,1918,1430,813,748,683,618,618,618,618,618,617,1495,845,747,715,683,683,618,683,651,650,0.39,1.46,1.79,1.91,2.05,2.05,2.37,2.05,2.2,2.2,0.07,0.08,0,0.11,0.24,0.24,0,0.24,0.13,0.17,2.11,780,878,1.67,1.37,0.86,0.88,0.67,0.04,0.04,0,0.04,0.1,0.1,0,0.1,0.05,0.05,0.37,0.41
PIN,2024,2024-01-05,pin_4681,2024-01-05 10:42:56,MRNF_2,cflbiologie1@gmail.com,279,528,438,329,219,209,199,189,189,200,199,199,190,349,239,219,209,209,199,209,210,219,229,0.51,1.21,1.41,1.53,1.53,1.65,1.53,1.51,1.41,1.31,0.15,0.29,0.17,0.18,0.37,0.2,0.16,0.2,0.34,0.78,1.31,269,299,0.96,0.77,0.71,0.7,0.47,0.06,0.08,0.05,0.05,0.1,0.05,0.04,0.05,0.09,0.17,0.22,0.23
PIN,2024,2024-01-05,pin_4990,2024-01-05 10:46:31,CFL_2,myriam.aubin89@gmail.com,618,2308,1984,1073,650,553,520,521,488,488,488,488,488,1106,683,586,553,553,553,553,553,553,553,1.09,2.38,2.94,3.17,3.17,3.17,3.17,3.17,3.17,3.17,0.05,0.11,0.14,0.15,0.15,0.3,0.3,0.3,0.3,0.5,3.07,650,780,2.55,1.96,0.81,0.87,0.73,0.03,0.05,0.06,0.06,0.06,0.12,0.12,0.12,0.12,0.12,0.35,0.42
PIN,2024,2024-01-05,pin_5141,2024-01-05 10:50:56,CFL_1,ithmajor@gmail.com,449,1286,1076,708,389,329,299,299,299,299,289,289,289,767,419,369,339,319,319,329,319,319,329,0.68,2.07,2.49,2.79,3.03,3.03,2.91,3.03,3.03,2.91,0.15,0.19,0.31,0.36,0.2,0.2,0.28,0.3,0.3,0.57,2.72,359,399,2.58,2.22,0.73,0.82,0.65,0.08,0.07,0.11,0.12,0.06,0.06,0.09,0.09,0.09,0.12,0.25,0.3
PIN,2024,2024-01-05,pin_5293,2024-01-05 10:52:53,MRNF_1,ithmajor@gmail.com,1105,3934,3414,1918,1105,975,910,878,813,813,813,780,781,1951,1170,1040,943,910,878,846,846,846,846,1.02,2.36,2.78,3.17,3.32,3.48,3.65,3.65,3.65,3.65,0.03,0.13,0.15,0.09,0.09,0.2,0.11,0.11,0.22,0.4,3.37,1041,1203,2.78,2.27,0.77,0.86,0.72,0.02,0.06,0.06,0.03,0.04,0.07,0.04,0.04,0.08,0.08,0.31,0.38
PIN,2024,2024-01-05,pin_5211,2024-01-05 10:58:07,CFL_3,myriam.aubin89@gmail.com,458,1585,1186,768,458,419,388,389,378,379,369,369,378,827,518,468,438,429,418,428,428,439,448,0.92,2.06,2.39,2.62,2.69,2.79,2.7,2.7,2.61,2.54,0.13,0.26,0.25,0.28,0.23,0.24,0.29,0.35,0.39,0.44,2.14,488,548,2.25,1.89,0.9,0.99,0.71,0.07,0.12,0.1,0.11,0.09,0.1,0.11,0.14,0.16,0.16,0.39,0.45
PIN,2024,2024-01-05,pin_5419,2024-01-05 11:04:18,MRNF_1,ithmajor@gmail.com,399,1227,988,688,429,379,339,329,329,329,329,339,339,778,489,419,399,389,379,368,389,399,389,0.58,1.51,1.93,2.08,2.15,2.24,2.33,2.15,2.08,2.15,0.2,0.27,0.23,0.37,0.39,0.34,0.28,0.39,0.37,0.42,1.91,428,478,1.87,1.57,0.88,0.93,0.67,0.12,0.12,0.1,0.15,0.15,0.13,0.11,0.15,0.15,0.13,0.37,0.42
PIN,2024,2024-01-05,pin_5341,2024-01-05 11:06:42,CFL_1,ithmajor@gmail.com,651,2276,1951,1041,683,585,553,521,553,553,520,553,553,1138,716,650,618,618,618,618,618,618,650,1,2.18,2.5,2.68,2.68,2.68,2.68,2.68,2.68,2.5,0.15,0.1,0.24,0.26,0.39,0.26,0.26,0.39,0.26,0.43,2.53,780,846,1.92,1.69,0.9,0.96,0.71,0.09,0.05,0.1,0.11,0.16,0.11,0.11,0.16,0.11,0.15,0.42,0.46
PIN,2024,2024-01-05,pin_5650,2024-01-05 11:07:38,MRNF_2,ithmajor@gmail.com,780,2829,2470,1301,780,650,618,585,585,585,553,552,585,1333,780,682,650,617,617,618,618,585,618,1.12,2.63,3.15,3.35,3.59,3.59,3.58,3.58,3.84,3.58,0.04,0,0.12,0.13,0.14,0.14,0.15,0.29,0.16,0.2,3.22,715,748,2.96,2.78,0.8,0.85,0.72,0.02,0,0.05,0.05,0.05,0.05,0.05,0.11,0.06,0.05,0.32,0.35
PIN,2024,2024-01-05,pin_5224,2024-01-05 11:12:01,CFL_2,ithmajor@gmail.com,715,2698,2406,1821,1008,813,715,650,585,585,585,552,552,1853,1040,846,780,715,650,617,618,650,650,0.46,1.59,2.19,2.46,2.77,3.15,3.37,3.37,3.15,3.15,0.03,0.06,0.08,0.19,0.21,0.25,0.13,0.14,0.38,0.5,3.36,683,781,2.95,2.45,0.81,0.94,0.73,0.02,0.03,0.04,0.08,0.09,0.1,0.05,0.05,0.15,0.15,0.33,0.42
PIN,2024,2024-01-05,pin_5096,2024-01-05 11:19:13,MRNF_1,ithmajor@gmail.com,521,1366,975,683,456,422,586,650,586,585,585,585,585,747,521,455,683,715,618,683,715,650,617,0.83,1.62,2,1,0.91,1.21,1,0.91,1.1,1.21,0.18,0.33,0.21,0.32,0.2,0.12,0.32,0.4,0.23,0.25,0.67,748,813,0.83,0.68,0.74,0.73,0.62,0.09,0.12,0.07,0.14,0.09,0.05,0.14,0.18,0.1,0.05,0.35,0.36
PIN,2024,2024-01-05,pin_4791,2024-01-05 11:20:48,CFL_3,myriam.aubin89@gmail.com,499,1426,1197,838,518,429,419,389,379,369,369,369,379,878,528,459,439,429,409,408,399,399,409,0.62,1.7,2.11,2.25,2.32,2.49,2.5,2.57,2.57,2.49,0.09,0.05,0.17,0.13,0.26,0.21,0.28,0.22,0.22,0.3,2.16,489,538,1.92,1.65,0.84,0.81,0.65,0.05,0.02,0.07,0.05,0.09,0.07,0.1,0.08,0.08,0.07,0.33,0.33
PIN,2024,2024-01-05,pin_4411,2024-01-05 11:30:17,CFL_3,myriam.aubin89@gmail.com,683,2470,2243,1593,877,747,682,650,617,585,585,585,552,1626,878,813,747,683,650,650,618,617,618,0.52,1.81,2.04,2.31,2.62,2.8,2.8,3,3,3,0.03,0,0.18,0.2,0.12,0.12,0.25,0.13,0.13,0.34,3.06,715,877,2.45,1.82,0.84,0.85,0.72,0.02,0,0.08,0.09,0.05,0.05,0.1,0.05,0.05,0.11,0.36,0.41
PIN,2024,2024-01-05,pin_4262,2024-01-05 11:31:53,MRNF_1,ithmajor@gmail.com,325,715,521,456,293,260,228,227,228,228,228,227,228,521,325,260,260,260,228,228,260,260,228,0.37,1.2,1.75,1.75,1.75,2.14,2.14,1.75,1.75,2.14,0.27,0.28,0,0.41,0.42,0,0,0.41,0.42,0,1.29,260,325,1.75,1.2,0.82,1.13,0.55,0.12,0.1,0,0.12,0.13,0,0,0.12,0.13,0,0.25,0.4
PIN,2024,2024-01-05,pin_4716,2024-01-05 11:32:39,CFL_2,cflbiologie1@gmail.com,419,1107,927,518,339,299,289,289,279,289,279,279,289,548,369,339,319,309,309,319,309,319,329,1.02,2,2.27,2.47,2.58,2.58,2.47,2.58,2.47,2.36,0.12,0.23,0.35,0.29,0.21,0.31,0.29,0.31,0.39,0.44,2.21,379,429,1.92,1.58,0.88,0.96,0.62,0.05,0.08,0.12,0.09,0.06,0.1,0.09,0.1,0.13,0.12,0.32,0.37
PIN,2024,2024-01-05,pin_4482,2024-01-05 11:34:28,MRNF_2,myriam.aubin89@gmail.com,585,1723,1430,942,553,455,455,423,423,390,390,422,390,975,585,520,455,455,455,455,455,455,455,0.77,1.95,2.31,2.79,2.79,2.79,2.79,2.79,2.79,2.79,0.06,0.14,0.34,0,0.21,0.21,0.42,0.42,0.21,0.67,2.67,520,586,2.31,1.94,0.85,0.84,0.66,0.03,0.05,0.12,0,0.07,0.07,0.14,0.14,0.07,0.14,0.31,0.33
PIN,2024,2024-01-05,pin_4241,2024-01-05 11:35:46,CFL_1,ithmajor@gmail.com,449,1386,1047,628,419,369,339,329,329,329,319,329,329,688,449,399,389,369,369,369,379,389,389,1.01,2.09,2.47,2.56,2.76,2.76,2.76,2.66,2.56,2.56,0.17,0.17,0.2,0.35,0.3,0.3,0.3,0.44,0.42,0.5,2.18,448,508,2.09,1.73,0.83,0.99,0.68,0.09,0.07,0.08,0.13,0.11,0.11,0.11,0.16,0.15,0.15,0.33,0.43
PIN,2024,2024-01-05,pin_4474,2024-01-05 11:42:18,CFL_2,ithmajor@gmail.com,389,838,758,478,309,289,269,269,260,259,249,249,250,488,329,289,269,269,270,259,259,269,260,0.72,1.55,1.9,2.12,2.12,2.1,2.24,2.24,2.12,2.22,0.05,0.19,0,0,0,0.14,0,0.15,0.28,0.25,2.03,289,319,1.9,1.63,0.72,0.82,0.54,0.02,0.06,0,0,0,0.04,0,0.04,0.07,0.04,0.2,0.25
PIN,2024,2024-01-05,pin_4805,2024-01-05 11:43:50,MRNF_2,ithmajor@gmail.com,682,2340,2016,1430,780,682,618,585,552,553,520,520,520,1463,878,748,682,617,585,585,585,585,585,0.6,1.67,2.13,2.43,2.79,3,3,3,3,3,0.04,0.23,0.2,0.23,0.13,0.15,0.14,0.29,0.29,0.4,2.88,650,682,2.6,2.43,0.87,0.8,0.71,0.02,0.11,0.09,0.09,0.05,0.06,0.05,0.11,0.11,0.11,0.35,0.33
PIN,2024,2024-01-05,pin_4772,2024-01-05 11:45:02,CFL_3,ithmajor@gmail.com,585,1853,1560,1008,585,520,487,455,455,423,422,390,422,1073,650,552,488,455,488,455,487,487,455,0.73,1.85,2.36,2.8,3.07,2.8,3.07,2.8,2.8,3.07,0.11,0.23,0.15,0.01,0,0.19,0.2,0.37,0.55,0.34,2.7,552,618,2.36,2,0.9,0.88,0.68,0.06,0.1,0.06,0,0,0.07,0.07,0.13,0.2,0.07,0.35,0.37
PIN,2024,2024-01-05,pin_4538,2024-01-05 11:45:22,CFL_1,ithmajor@gmail.com,715,2504,2308,1820,1040,878,813,748,715,651,650,651,618,1918,1138,943,846,813,780,748,716,716,683,0.31,1.2,1.66,1.96,2.08,2.21,2.35,2.5,2.5,2.67,0.08,0.16,0.14,0.09,0.18,0.19,0.3,0.22,0.22,0.33,2.73,813,911,2.08,1.75,0.89,0.97,0.71,0.05,0.09,0.07,0.04,0.08,0.08,0.13,0.09,0.09,0.1,0.4,0.46
PIN,2024,2024-01-05,pin_4436,2024-01-05 11:48:24,MRNF_1,ithmajor@gmail.com,780,2275,2146,1690,976,781,715,683,650,586,585,586,553,1723,1008,812,748,683,651,618,618,586,585,0.32,1.26,1.8,2.04,2.33,2.49,2.68,2.68,2.88,2.89,0.03,0.07,0.09,0.11,0,0,0.15,0.16,0,0.25,2.88,650,747,2.5,2.05,0.71,0.79,0.66,0.02,0.03,0.04,0.04,0,0,0.05,0.05,0,0.05,0.25,0.3
PIN,2024,2024-01-05,pin_5996,2024-01-05 11:52:10,CFL_2,ithmajor@gmail.com,468,927,808,538,349,309,299,299,309,319,319,329,319,569,359,329,319,319,329,339,349,349,349,0.63,1.58,1.82,1.91,1.91,1.82,1.73,1.66,1.66,1.66,0.14,0.1,0.24,0.25,0.25,0.24,0.22,0.32,0.21,0.43,1.53,458,548,1.02,0.69,0.73,0.84,0.5,0.05,0.03,0.06,0.06,0.06,0.06,0.06,0.09,0.06,0.09,0.24,0.31
PIN,2024,2024-01-05,pin_5923,2024-01-05 11:59:10,MRNF_2,myriam.aubin89@gmail.com,449,1067,837,508,359,319,309,319,300,309,319,329,329,558,379,349,349,349,349,339,359,359,369,0.91,1.82,2.06,2.06,2.06,2.06,2.15,1.97,1.97,1.89,0.21,0.16,0.28,0.37,0.28,0.45,0.29,0.35,0.26,0.44,1.54,429,479,1.49,1.23,0.79,0.87,0.58,0.09,0.05,0.09,0.11,0.09,0.14,0.09,0.11,0.08,0.11,0.28,0.33
PIN,2024,2024-01-05,pin_6073,2024-01-05 11:59:55,CFL_3,myriam.aubin89@gmail.com,379,758,628,479,349,299,279,280,270,269,269,259,269,529,379,329,309,289,300,289,289,299,299,0.43,1,1.3,1.45,1.62,1.53,1.62,1.62,1.54,1.54,0.23,0.24,0.3,0.34,0.11,0.35,0.25,0.25,0.47,0.43,1.33,339,369,1.24,1.05,0.86,0.83,0.5,0.09,0.08,0.09,0.1,0.03,0.1,0.07,0.07,0.13,0.1,0.27,0.27
PIN,2024,2024-01-05,pin_6066,2024-01-05 12:01:21,CFL_1,ithmajor@gmail.com,520,1496,1235,683,455,390,390,357,357,390,390,357,390,780,455,422,390,422,423,422,455,455,455,0.92,2.29,2.55,2.84,2.55,2.54,2.55,2.29,2.29,2.29,0.25,0,0.22,0,0.44,0.45,0.22,0.39,0.59,0.4,2.17,488,553,2.07,1.71,0.87,1,0.65,0.12,0,0.08,0,0.15,0.16,0.08,0.14,0.22,0.14,0.33,0.41
PIN,2024,2024-01-05,pin_5988,2024-01-05 12:03:41,MRNF_1,ithmajor@gmail.com,389,818,718,688,618,578,569,558,558,559,549,548,548,798,708,678,658,648,658,648,649,638,648,0.03,0.16,0.21,0.24,0.26,0.24,0.26,0.26,0.28,0.26,0.27,0.26,0.31,0.29,0.3,0.32,0.29,0.33,0.31,0.4,0.31,708,748,0.16,0.09,0.92,0.96,0.52,0.14,0.13,0.15,0.14,0.14,0.15,0.14,0.15,0.14,0.15,0.45,0.48
PIN,2024,2024-01-05,pin_2512,2024-01-05 12:31:51,CFL_2,myriam.aubin89@gmail.com,249,439,359,259,189,169,169,169,169,169,179,170,170,279,199,189,199,189,189,189,189,180,200,0.57,1.21,1.32,1.21,1.32,1.32,1.32,1.32,1.44,1.2,0.22,0.2,0.43,0.59,0.43,0.43,0.43,0.21,0.23,1,1.11,219,229,1,0.92,0.83,0.77,0.43,0.07,0.05,0.11,0.15,0.11,0.11,0.11,0.05,0.06,0.15,0.23,0.22
PIN,2024,2024-01-05,pin_2740,2024-01-05 12:33:42,CFL_3,ithmajor@gmail.com,379,937,738,469,319,279,279,269,269,269,260,259,269,488,349,309,309,299,290,309,299,299,289,0.92,1.68,2.03,2.03,2.13,2.23,2.03,2.13,2.13,2.24,0.09,0.24,0.3,0.3,0.31,0.23,0.4,0.41,0.42,0.4,1.74,359,399,1.61,1.35,0.85,0.84,0.6,0.04,0.09,0.1,0.1,0.1,0.07,0.13,0.13,0.13,0.07,0.31,0.32
PIN,2024,2024-01-05,pin_2815,2024-01-05 12:35:58,MRNF_2,ithmajor@gmail.com,479,1017,818,458,329,300,289,289,280,289,289,299,299,488,349,329,319,309,319,309,319,319,319,1.08,1.91,2.09,2.19,2.29,2.19,2.29,2.19,2.19,2.19,0.18,0.21,0.33,0.36,0.25,0.47,0.25,0.36,0.24,0.33,1.74,379,418,1.68,1.43,0.8,0.83,0.53,0.06,0.06,0.09,0.09,0.06,0.12,0.06,0.09,0.06,0.06,0.24,0.26
PIN,2024,2024-01-05,pin_3957,2024-01-05 12:40:55,CFL_2,cflbiologie1@gmail.com,329,867,747,519,349,309,299,299,289,299,299,299,309,568,379,349,329,319,329,319,339,339,349,0.53,1.29,1.48,1.64,1.72,1.64,1.72,1.56,1.56,1.48,0.17,0.19,0.29,0.24,0.17,0.32,0.17,0.3,0.3,0.36,1.42,399,458,1.17,0.89,0.75,0.94,0.62,0.09,0.08,0.11,0.09,0.06,0.12,0.06,0.12,0.12,0.11,0.32,0.43
PIN,2024,2024-01-05,pin_2497,2024-01-05 12:44:08,MRNF_2,ithmajor@gmail.com,449,1007,817,508,369,339,329,319,339,319,339,339,339,538,389,359,349,349,349,359,369,369,379,0.87,1.59,1.81,1.89,1.89,1.89,1.81,1.73,1.73,1.66,0.14,0.16,0.18,0.19,0.29,0.1,0.36,0.26,0.26,0.5,1.41,429,469,1.35,1.15,0.81,0.81,0.55,0.06,0.05,0.06,0.06,0.09,0.03,0.11,0.08,0.08,0.11,0.28,0.3
PIN,2024,2024-01-05,pin_2521,2024-01-05 12:44:22,CFL_3,ithmajor@gmail.com,458,1206,987,598,399,359,349,349,329,339,339,339,349,638,428,408,379,369,369,369,368,379,379,0.89,1.82,1.96,2.18,2.27,2.27,2.27,2.28,2.18,2.18,0.14,0.18,0.34,0.23,0.16,0.33,0.24,0.24,0.31,0.38,1.83,478,549,1.52,1.2,0.85,0.9,0.62,0.06,0.07,0.12,0.08,0.05,0.11,0.08,0.08,0.11,0.08,0.33,0.38
PIN,2024,2024-01-05,pin_2367,2024-01-05 12:46:24,CFL_1,ithmajor@gmail.com,190,369,300,230,169,159,149,149,149,159,150,150,160,259,179,179,169,169,169,169,180,179,170,0.42,1.06,1.06,1.18,1.18,1.18,1.18,1.05,1.06,1.17,0.28,0.18,0.36,0.39,0.39,0.39,0.2,0.53,0.52,0.33,0.88,200,220,0.85,0.68,0.74,1.01,0.49,0.11,0.06,0.11,0.12,0.12,0.12,0.06,0.17,0.16,0.06,0.25,0.36
PIN,2024,2024-01-05,pin_3884,2024-01-05 12:48:46,CFL_2,cflbiologie1@gmail.com,399,1267,1087,618,419,369,339,349,329,329,329,339,329,658,439,399,389,369,369,369,379,389,399,0.93,1.89,2.18,2.26,2.43,2.43,2.43,2.34,2.26,2.18,0.11,0.11,0.18,0.32,0.14,0.28,0.28,0.33,0.32,0.54,2.3,468,558,1.71,1.27,0.86,0.91,0.69,0.06,0.05,0.08,0.13,0.05,0.11,0.11,0.13,0.13,0.18,0.38,0.45
PIN,2024,2024-01-05,pin_2954,2024-01-05 13:02:43,MRNF_2,ithmajor@gmail.com,469,1177,997,698,419,359,329,319,309,309,299,299,299,728,438,369,349,339,329,319,329,329,329,0.62,1.69,2.19,2.37,2.47,2.58,2.69,2.58,2.58,2.58,0.09,0.12,0.08,0.19,0.19,0.2,0.11,0.31,0.31,0.43,2.33,369,389,2.19,2.03,0.67,0.77,0.6,0.04,0.04,0.03,0.06,0.06,0.06,0.03,0.09,0.09,0.09,0.22,0.26
PIN,2024,2024-01-05,pin_3254,2024-01-05 13:03:53,CFL_3,ithmajor@gmail.com,650,1593,1268,618,423,423,391,391,358,423,423,423,391,650,456,423,423,455,455,423,456,488,456,1.45,2.49,2.77,2.77,2.5,2.5,2.77,2.49,2.26,2.49,0.13,0.25,0,0.27,0.48,0.73,0,0.25,0.43,0.5,2.24,520,553,2.06,1.88,0.97,0.87,0.59,0.05,0.07,0,0.08,0.14,0.21,0,0.07,0.13,0.14,0.31,0.29
PIN,2024,2024-01-05,pin_3361,2024-01-05 13:04:29,CFL_2,myriam.aubin89@gmail.com,715,2016,1658,748,520,455,422,455,455,455,423,487,455,780,552,487,455,488,488,488,488,488,520,1.58,2.65,3.14,3.43,3.13,3.13,3.13,3.13,3.13,2.88,0.1,0.17,0.22,0.25,0.22,0.22,0.22,0.44,0.01,0.5,2.64,553,617,2.65,2.27,0.89,1.03,0.65,0.04,0.06,0.07,0.07,0.07,0.07,0.07,0.13,0,0.12,0.29,0.37
PIN,2024,2024-01-05,pin_2866,2024-01-05 13:09:38,MRNF_1,ithmajor@gmail.com,1073,4909,4487,2958,1723,1398,1235,1170,1138,1106,1105,1105,1106,2959,1756,1463,1333,1235,1236,1236,1235,1235,1268,0.66,1.8,2.36,2.68,2.97,2.97,2.97,2.97,2.97,2.87,0,0.03,0.09,0.15,0.11,0.17,0.22,0.22,0.22,0.36,3.06,1528,1821,2.21,1.7,0.81,0.91,0.78,0,0.02,0.04,0.07,0.05,0.08,0.11,0.11,0.11,0.13,0.43,0.52
PIN,2024,2024-01-05,pin_3085,2024-01-05 13:17:59,CFL_2,myriam.aubin89@gmail.com,748,1886,1625,715,455,423,423,422,390,422,422,422,422,715,488,455,422,455,423,455,455,455,455,1.64,2.86,3.15,3.47,3.15,3.46,3.15,3.15,3.15,3.15,0,0.24,0.26,-0.01,0.27,0.31,0.27,0.27,0.27,0.51,2.85,585,618,2.22,2.05,0.86,0.79,0.6,0,0.07,0.07,0,0.07,0.08,0.07,0.07,0.07,0.07,0.28,0.26
PIN,2024,2024-01-05,pin_2076,2024-01-05 13:19:31,MRNF_2,ithmajor@gmail.com,379,837,708,449,339,319,319,319,319,319,319,319,319,479,359,359,349,339,349,369,358,368,379,0.75,1.33,1.33,1.4,1.47,1.4,1.27,1.34,1.27,1.21,0.15,0.16,0.33,0.26,0.18,0.26,0.39,0.32,0.38,0.55,1.22,398,439,1.1,0.91,0.89,0.94,0.55,0.06,0.06,0.11,0.09,0.06,0.09,0.14,0.11,0.13,0.16,0.32,0.36
PIN,2024,2024-01-05,pin_3134,2024-01-05 13:19:59,MRNF_1,ithmajor@gmail.com,585,1430,1105,585,390,357,358,357,325,357,358,325,357,618,390,357,390,357,390,390,390,390,390,1.31,2.67,3.01,2.67,3.01,2.67,2.67,2.67,2.67,2.67,0.14,0,0,0.29,0,0.59,0.3,0.29,0.59,0.34,2.1,488,487,1.93,1.94,1.01,1.01,0.59,0.05,0,0,0.08,0,0.17,0.08,0.08,0.17,0.08,0.33,0.33
PIN,2024,2024-01-05,pin_2158,2024-01-05 13:21:24,CFL_3,ithmajor@gmail.com,618,1691,1301,585,423,390,390,390,390,423,390,423,390,650,455,423,455,455,422,455,488,455,488,1.6,2.72,3,2.72,2.72,3.01,2.72,2.47,2.72,2.47,0.25,0.22,0.26,0.45,0.45,0.25,0.22,0.6,0.22,0.6,2.34,553,651,2.06,1.6,0.81,1,0.63,0.1,0.07,0.08,0.14,0.14,0.08,0.07,0.2,0.07,0.2,0.29,0.4
PIN,2024,2024-01-05,pin_3061,2024-01-05 13:22:48,CFL_1,ithmajor@gmail.com,299,678,509,230,190,180,180,190,180,180,170,190,180,250,200,200,210,190,210,200,200,200,210,1.71,2.39,2.39,2.23,2.57,2.23,2.39,2.39,2.39,2.23,0.25,0.18,0.37,0.51,0,0.51,0.37,0.55,0.18,0.6,1.83,259,289,1.62,1.35,0.93,0.98,0.56,0.08,0.05,0.1,0.14,0,0.14,0.1,0.15,0.05,0.14,0.31,0.34
PIN,2024,2024-01-05,pin_2842,2024-01-05 13:27:00,CFL_2,myriam.aubin89@gmail.com,522,993,826,493,344,319,313,313,311,312,313,314,314,501,353,330,328,327,329,332,332,335,337,0.98,1.81,2.01,2.03,2.04,2.02,1.99,1.99,1.96,1.95,0.05,0.1,0.14,0.2,0.19,0.24,0.26,0.25,0.27,0.44,1.63,388,420,1.56,1.36,0.73,0.84,0.47,0.02,0.03,0.03,0.05,0.04,0.05,0.06,0.06,0.06,0.07,0.19,0.23
PIN,2024,2024-01-05,pin_2237,2024-01-05 13:28:56,CFL_3,ithmajor@gmail.com,650,1820,1528,682,487,422,422,455,455,423,455,455,455,747,520,487,455,488,488,488,520,520,520,1.44,2.5,2.74,3,2.73,2.73,2.73,2.5,2.5,2.5,0.2,0.19,0.41,0.23,0.21,0.21,0.41,0.37,0.37,0.5,2.36,618,715,1.94,1.55,0.83,0.99,0.64,0.09,0.06,0.13,0.07,0.07,0.07,0.13,0.12,0.12,0.12,0.32,0.41
PIN,2024,2024-01-05,pin_2467,2024-01-05 13:31:48,MRNF_2,ithmajor@gmail.com,479,1665,1356,788,498,439,409,399,409,399,399,409,409,847,538,489,469,459,459,459,469,469,479,0.97,2.09,2.4,2.55,2.63,2.63,2.63,2.55,2.55,2.48,0.12,0.17,0.24,0.31,0.32,0.27,0.32,0.36,0.31,0.47,2.32,548,608,2.04,1.74,0.89,0.93,0.71,0.07,0.07,0.1,0.13,0.13,0.11,0.13,0.15,0.13,0.15,0.4,0.44
PIN,2024,2024-01-05,pin_4007,2024-01-05 13:36:02,CFL_1,ithmajor@gmail.com,458,1027,748,359,279,259,259,269,269,269,279,279,289,389,299,289,289,289,299,309,319,319,329,1.64,2.43,2.55,2.55,2.55,2.43,2.32,2.22,2.22,2.12,0.24,0.25,0.4,0.4,0.27,0.38,0.48,0.45,0.45,0.58,1.59,378,418,1.72,1.46,0.92,0.99,0.55,0.08,0.07,0.1,0.1,0.07,0.1,0.13,0.13,0.13,0.12,0.29,0.33
PIN,2024,2024-01-05,pin_3621,2024-01-05 13:36:52,CFL_2,myriam.aubin89@gmail.com,269,628,458,299,209,190,189,189,199,189,190,189,209,319,219,210,199,209,219,219,229,229,239,0.97,1.87,1.99,2.16,2,1.87,1.87,1.74,1.74,1.63,0.16,0.14,0.31,0.17,0.31,0.29,0.43,0.52,0.53,0.5,1.19,289,329,1.17,0.91,0.82,0.89,0.57,0.06,0.05,0.1,0.05,0.1,0.09,0.14,0.17,0.17,0.13,0.31,0.36
PIN,2024,2024-01-05,pin_3601,2024-01-05 13:43:41,MRNF_2,ithmajor@gmail.com,585,1431,1171,585,422,390,357,325,357,358,357,357,358,585,423,390,390,390,390,390,390,390,423,1.45,2.38,2.67,2.67,2.67,2.67,2.67,2.67,2.67,2.38,0,0.01,0,0.3,0.59,0.3,0.29,0.3,0.3,0.66,2.27,520,618,1.75,1.32,0.73,0.82,0.59,0,0,0,0.08,0.17,0.08,0.08,0.08,0.08,0.15,0.25,0.32
PIN,2024,2024-01-05,pin_3969,2024-01-05 13:43:59,MRNF_1,ithmajor@gmail.com,715,1950,943,878,650,617,585,552,552,553,520,521,520,975,748,682,650,617,617,585,618,586,586,1,1.61,1.86,2,2.16,2.16,2.33,2.16,2.33,2.33,0.21,0.33,0.25,0.27,0.3,0.3,0.16,0.45,0.32,0.29,0.81,683,781,1.86,1.5,1.14,1.22,0.63,0.1,0.13,0.1,0.1,0.11,0.11,0.05,0.16,0.11,0.11,0.43,0.5
PIN,2024,2024-01-05,pin_3904,2024-01-05 13:46:31,CFL_3,ithmajor@gmail.com,618,1463,1203,553,391,358,358,358,358,358,358,391,358,585,423,390,390,423,391,390,423,391,391,1.5,2.46,2.75,2.75,2.46,2.74,2.75,2.46,2.74,2.74,0.15,0.27,0.31,0.31,0.54,0.32,0.31,0.54,0,0.5,2.36,521,553,1.81,1.65,0.96,0.86,0.58,0.05,0.08,0.08,0.08,0.15,0.08,0.08,0.15,0,0.08,0.31,0.29
PIN,2024,2024-01-05,pin_480,2024-01-05 14:02:43,MRNF_1,ithmajor@gmail.com,683,2275,1983,1138,682,618,520,520,520,520,521,520,520,1170,715,650,553,553,552,553,586,585,585,0.94,2.18,2.5,3.11,3.11,3.12,3.11,2.88,2.89,2.89,0.05,0.11,0.12,0.16,0.16,0.16,0.16,0.3,0.3,0.4,2.81,650,748,2.5,2.04,1,0.9,0.7,0.03,0.05,0.05,0.06,0.06,0.06,0.06,0.11,0.11,0.11,0.4,0.39
PIN,2024,2024-01-05,pin_257,2024-01-05 14:03:58,CFL_3,ithmajor@gmail.com,585,1463,1236,585,422,390,423,423,423,423,423,423,390,618,455,455,455,487,488,488,488,520,488,1.37,2.22,2.22,2.22,2,2,2,2,1.81,2,0.14,0.23,0.45,0.22,0.39,0.4,0.4,0.4,0.54,1,2.17,682,780,1.15,0.88,0.93,0.94,0.6,0.05,0.07,0.14,0.07,0.13,0.13,0.13,0.13,0.19,0.2,0.38,0.42
PIN,2024,2024-01-05,pin_556,2024-01-05 14:04:47,CFL_1,ithmajor@gmail.com,259,1057,818,578,379,339,299,300,299,289,290,290,280,658,439,389,369,359,349,339,349,339,339,0.61,1.41,1.72,1.86,1.94,2.03,2.12,2.03,2.12,2.12,0.18,0.24,0.24,0.37,0.32,0.28,0.3,0.34,0.29,0.5,1.92,399,388,1.65,1.72,0.88,0.72,0.75,0.12,0.14,0.13,0.19,0.16,0.14,0.15,0.17,0.14,0.17,0.47,0.38
PIN,2024,2024-01-05,pin_278,2024-01-05 14:06:14,MRNF_2,ithmajor@gmail.com,409,1077,837,478,339,299,289,289,269,279,279,279,279,508,349,319,319,309,309,309,309,319,329,1.12,2.09,2.38,2.38,2.49,2.49,2.49,2.49,2.38,2.27,0.14,0.08,0.19,0.29,0.2,0.41,0.3,0.3,0.38,0.63,2,389,429,1.77,1.51,0.82,0.89,0.62,0.06,0.03,0.06,0.09,0.06,0.13,0.1,0.1,0.13,0.15,0.31,0.35
PIN,2024,2024-01-05,pin_1355,2024-01-05 14:16:55,CFL_3,ithmajor@gmail.com,617,1853,1496,650,455,423,423,390,390,195,130,98,98,715,487,455,422,422,455,162,163,130,98,1.59,2.8,3.07,3.39,3.39,3.07,10.44,10.37,13.25,17.91,0.21,0.19,0.21,-0.01,0.24,0.43,-1.37,1.35,2,0,14.27,163,227,10.37,7.16,2.66,2.17,0.67,0.09,0.07,0.07,0,0.08,0.14,-0.2,0.2,0.25,0,0.4,0.43
PIN,2024,2024-01-05,pin_1205,2024-01-05 14:17:09,MRNF_1,ithmajor@gmail.com,878,3414,3056,1560,1008,846,780,748,716,715,715,748,748,1625,1041,878,846,813,813,846,813,846,878,1.1,2.28,2.89,3.04,3.2,3.2,3.04,3.2,3.04,2.89,0.07,0.07,0.09,0.19,0.2,0.29,0.37,0.3,0.28,0.44,3.09,1007,1170,2.39,1.92,0.84,0.84,0.74,0.04,0.03,0.04,0.08,0.08,0.12,0.15,0.12,0.12,0.15,0.39,0.42
PIN,2024,2024-01-05,pin_1204,2024-01-05 14:18:54,CFL_1,ithmajor@gmail.com,585,1691,1528,911,618,553,521,488,520,488,521,521,520,976,651,618,553,586,553,553,618,618,618,0.73,1.6,1.74,2.06,1.89,2.06,2.06,1.74,1.74,1.74,0.13,0.12,0.26,0.15,0.42,0.16,0.31,0.38,0.38,0.43,1.94,716,748,1.36,1.26,0.82,0.86,0.65,0.07,0.05,0.11,0.06,0.17,0.06,0.12,0.16,0.16,0.16,0.36,0.39
PIN,2024,2024-01-05,pin_1307,2024-01-05 14:20:10,MRNF_2,ithmajor@gmail.com,459,1306,1047,578,389,359,349,369,359,369,389,399,409,608,399,379,399,399,419,439,449,449,469,1.15,2.27,2.45,2.27,2.27,2.12,1.97,1.91,1.91,1.78,0.11,0.07,0.15,0.35,0.21,0.39,0.42,0.34,0.29,0.4,1.56,579,668,1.26,0.96,0.88,0.95,0.65,0.05,0.03,0.05,0.13,0.08,0.14,0.16,0.13,0.11,0.13,0.4,0.46
PIN,2024,2024-01-05,pin_535,2024-01-05 14:24:14,CFL_2,ithmajor@gmail.com,629,1885,1527,605,453,444,446,450,451,453,456,459,459,635,483,473,483,494,497,504,508,514,517,1.97,2.9,2.99,2.9,2.82,2.79,2.74,2.71,2.67,2.65,0.12,0.18,0.18,0.23,0.26,0.27,0.29,0.29,0.3,0.43,2.33,622,688,2.03,1.74,0.88,0.93,0.67,0.05,0.06,0.06,0.08,0.09,0.09,0.1,0.1,0.11,0.11,0.35,0.39
PIN,2024,2024-01-05,pin_1840,2024-01-05 14:25:38,CFL_3,ithmajor@gmail.com,498,2004,1595,907,648,598,568,568,558,558,558,568,578,1017,738,698,668,668,668,688,708,708,718,0.97,1.72,1.87,2,2,2,1.91,1.83,1.83,1.79,0.18,0.23,0.28,0.3,0.3,0.33,0.37,0.41,0.38,0.47,1.76,857,997,1.34,1.01,0.93,0.98,0.75,0.11,0.12,0.14,0.15,0.15,0.16,0.19,0.21,0.2,0.19,0.52,0.59
PIN,2024,2024-01-05,pin_1062,2024-01-05 14:28:10,CFL_1,ithmajor@gmail.com,309,818,629,359,279,260,269,269,279,269,269,279,279,419,309,309,309,319,319,329,329,329,339,0.95,1.65,1.65,1.65,1.56,1.56,1.49,1.49,1.49,1.41,0.31,0.25,0.41,0.34,0.4,0.32,0.46,0.46,0.38,0.55,1.25,389,419,1.1,0.95,0.94,0.94,0.62,0.14,0.1,0.16,0.13,0.16,0.13,0.18,0.18,0.15,0.18,0.41,0.43
PIN,2024,2024-01-05,pin_1213,2024-01-05 14:31:25,MRNF_1,ithmajor@gmail.com,488,1496,1203,715,455,422,423,390,390,422,390,422,390,780,488,455,455,423,455,422,455,488,488,0.92,2.07,2.29,2.29,2.54,2.29,2.55,2.29,2.07,2.07,0.16,0.17,0.19,0.18,0.21,0.37,0,0.37,0.34,0.6,2.08,553,683,1.71,1.19,0.81,0.98,0.67,0.08,0.07,0.07,0.07,0.08,0.14,0,0.14,0.14,0.2,0.35,0.48
PIN,2024,2024-01-05,pin_1373,2024-01-05 14:31:31,MRNF_2,ithmajor@gmail.com,428,1317,1067,489,349,320,309,309,309,309,319,329,339,529,369,349,339,339,359,359,369,379,399,1.49,2.57,2.77,2.88,2.88,2.67,2.67,2.57,2.47,2.3,0.17,0.15,0.23,0.25,0.25,0.39,0.39,0.37,0.35,0.5,2.15,468,558,1.81,1.36,0.9,0.95,0.68,0.08,0.05,0.08,0.09,0.09,0.14,0.14,0.14,0.13,0.15,0.38,0.45
PIN,2024,2024-01-05,pin_689,2024-01-05 14:32:46,CFL_2,ithmajor@gmail.com,269,1057,877,428,279,249,239,249,249,249,259,249,259,458,309,289,279,299,299,299,309,319,329,1.31,2.42,2.66,2.79,2.54,2.54,2.54,2.42,2.31,2.21,0.12,0.21,0.31,0.33,0.37,0.37,0.37,0.35,0.47,0.5,2.39,389,459,1.72,1.3,0.99,1.01,0.75,0.07,0.1,0.14,0.14,0.17,0.17,0.17,0.16,0.22,0.21,0.51,0.56
PIN,2024,2024-01-05,pin_1834,2024-01-05 14:34:17,CFL_3,ithmajor@gmail.com,389,837,658,379,259,239,239,239,239,239,239,249,269,409,279,259,259,259,259,269,279,279,289,1.05,2,2.23,2.23,2.23,2.23,2.11,2,2,1.9,0.2,0.26,0.29,0.29,0.29,0.29,0.41,0.52,0.39,0.33,1.45,359,399,1.33,1.1,0.84,0.85,0.54,0.07,0.07,0.08,0.08,0.08,0.08,0.11,0.14,0.11,0.07,0.28,0.3
PIN,2024,2024-01-05,pin_1220,2024-01-05 14:35:17,CFL_1,ithmajor@gmail.com,553,1528,1268,715,455,423,390,358,390,357,357,358,358,780,487,422,422,422,390,390,422,423,423,0.96,2.14,2.62,2.62,2.62,2.92,2.92,2.62,2.61,2.61,0.18,0.18,-0.01,0.23,0.46,0,0.27,0.47,0.47,0.66,2.54,520,552,1.94,1.77,1,1.06,0.64,0.08,0.07,0,0.08,0.15,0,0.08,0.15,0.15,0.15,0.38,0.41
PIN,2024,2024-01-05,pin_1590,2024-01-05 14:40:30,MRNF_2,ithmajor@gmail.com,651,2503,2114,911,586,553,553,553,521,521,553,521,585,943,651,618,618,618,618,618,618,618,651,1.65,2.84,3.05,3.05,3.05,3.05,3.05,3.05,3.05,2.84,0.07,0.23,0.25,0.25,0.25,0.38,0.38,0.25,0.38,0.29,2.61,781,846,2.2,1.96,0.89,0.94,0.74,0.03,0.1,0.11,0.11,0.11,0.16,0.16,0.11,0.16,0.1,0.42,0.46
PIN,2024,2024-01-05,pin_1827,2024-01-05 14:43:31,CFL_3,cflbiologie1@gmail.com,448,1147,948,618,419,359,349,319,319,319,309,309,309,658,439,379,359,349,339,339,339,349,339,0.74,1.61,2.03,2.19,2.29,2.38,2.38,2.38,2.29,2.38,0.13,0.12,0.16,0.08,0.27,0.19,0.19,0.28,0.36,0.43,2.07,419,469,1.74,1.45,0.78,0.88,0.61,0.06,0.05,0.05,0.03,0.09,0.06,0.06,0.09,0.11,0.09,0.28,0.34
PIN,2024,2024-01-05,pin_1933,2024-01-05 14:43:57,CFL_2,cflbiologie1@gmail.com,683,2601,2308,1073,650,520,520,488,488,455,487,487,487,1106,683,553,552,520,520,520,552,553,553,1.35,2.81,3.7,3.71,4,4,4,3.71,3.7,3.7,0.05,0.11,0.16,0.16,0.17,0.17,0.35,0.32,0.32,0.4,3.74,682,747,2.81,2.48,0.9,0.97,0.74,0.03,0.05,0.06,0.06,0.06,0.06,0.12,0.12,0.12,0.12,0.38,0.44
PIN,2024,2024-01-05,pin_1981,2024-01-05 14:48:27,MRNF_2,cflbiologie1@gmail.com,682,2178,1756,845,520,455,455,455,423,422,455,455,455,877,552,487,455,455,487,520,520,520,520,1.48,2.95,3.47,3.79,3.79,3.47,3.19,3.19,3.19,3.19,0.08,0.16,0.2,0,0,0.4,0.55,0.36,0.36,0.5,2.86,650,682,2.35,2.19,0.89,0.94,0.69,0.04,0.06,0.07,0,0,0.13,0.19,0.12,0.12,0.12,0.35,0.38
PIN,2024,2024-01-05,pin_1942,2024-01-05 14:51:23,CFL_2,myriam.aubin89@gmail.com,878,3251,2926,1853,975,748,715,682,650,650,650,617,618,1886,1008,813,715,715,682,682,650,682,682,0.72,2.23,3,3.55,3.55,3.77,3.77,4,3.77,3.77,0.03,0.07,0.2,0,0.12,0.13,0.13,0,0.26,0.4,3.73,780,877,3.17,2.71,0.74,0.88,0.73,0.02,0.03,0.08,0,0.05,0.05,0.05,0,0.1,0.09,0.29,0.37
PIN,2024,2024-01-05,pin_871,2024-01-05 15:02:14,CFL_2,myriam.aubin89@gmail.com,585,2406,2049,1106,651,553,520,520,488,520,488,488,488,1138,683,586,553,585,585,553,585,586,586,1.11,2.52,3.11,3.35,3.11,3.11,3.35,3.11,3.11,3.11,0.05,0.1,0.13,0.14,0.26,0.38,0.14,0.38,0.39,0.5,3.2,651,716,2.7,2.36,0.87,0.94,0.76,0.03,0.05,0.06,0.06,0.11,0.17,0.06,0.17,0.17,0.17,0.4,0.45
PIN,2024,2024-01-05,pin_63,2024-01-05 15:03:42,MRNF_1,myriam.aubin89@gmail.com,1008,3283,2894,1398,878,813,748,780,780,813,813,846,845,1463,943,845,845,846,845,878,943,943,943,1.24,2.48,2.89,2.89,2.88,2.89,2.74,2.48,2.48,2.48,0.09,0.18,0.1,0.31,0.21,0.21,0.2,0.35,0.26,0.34,2.42,1138,1300,1.88,1.53,0.85,0.9,0.69,0.04,0.07,0.04,0.11,0.08,0.08,0.07,0.14,0.1,0.1,0.37,0.42
PIN,2024,2024-01-05,pin_219,2024-01-05 15:06:14,CFL_1,ithmajor@gmail.com,409,1655,1307,758,488,419,388,378,378,368,369,378,369,868,548,489,458,438,438,449,438,458,458,0.91,2.02,2.38,2.61,2.78,2.78,2.69,2.78,2.61,2.61,0.21,0.22,0.3,0.33,0.31,0.31,0.4,0.35,0.38,0.53,2.54,548,628,2.02,1.64,0.9,0.92,0.75,0.13,0.11,0.14,0.15,0.14,0.14,0.18,0.16,0.17,0.19,0.45,0.49
PIN,2024,2024-01-05,pin_548,2024-01-05 15:07:38,CFL_3,ithmajor@gmail.com,419,1625,1296,658,418,378,349,339,339,339,339,339,349,728,468,418,398,378,389,389,399,409,419,1.23,2.47,2.89,3.08,3.3,3.18,3.18,3.07,2.97,2.88,0.17,0.24,0.22,0.3,0.26,0.32,0.32,0.36,0.41,0.47,2.71,479,518,2.39,2.14,0.96,0.92,0.74,0.1,0.11,0.1,0.12,0.1,0.13,0.13,0.15,0.17,0.17,0.44,0.44
PIN,2024,2024-01-05,pin_625,2024-01-05 15:10:31,MRNF_2,ithmajor@gmail.com,910,2178,1853,910,650,585,552,553,585,585,585,585,585,975,683,618,617,618,585,618,617,650,650,1.23,2.19,2.52,2.53,2.52,2.72,2.52,2.53,2.35,2.35,0.17,0.16,0.19,0.37,0.37,0,0.19,0.18,0.34,0.4,2.17,747,845,1.92,1.58,0.8,0.88,0.58,0.07,0.05,0.05,0.11,0.11,0,0.05,0.05,0.1,0.1,0.26,0.31
PIN,2024,2024-01-05,pin_879,2024-01-05 15:10:49,CFL_2,myriam.aubin89@gmail.com,508,2332,2053,1335,727,609,549,519,519,509,509,509,509,1386,768,638,589,569,569,569,569,579,579,0.68,2.04,2.66,2.96,3.1,3.1,3.1,3.1,3.03,3.03,0.05,0.1,0.09,0.14,0.19,0.19,0.23,0.23,0.26,0.35,3.03,668,738,2.49,2.16,0.85,0.91,0.78,0.04,0.05,0.05,0.07,0.09,0.09,0.11,0.11,0.12,0.12,0.43,0.49
PIN,2024,2024-01-05,pin_393,2024-01-05 15:14:46,MRNF_1,ithmajor@gmail.com,878,3089,2731,1333,845,747,715,683,650,617,651,650,650,1398,910,780,748,747,715,715,715,748,716,1.21,2.39,2.96,3.13,3.14,3.32,3.32,3.32,3.13,3.31,0.09,0.17,0.11,0.12,0.23,0.25,0.37,0.24,0.35,0.34,3.2,878,975,2.52,2.17,0.8,0.9,0.72,0.05,0.07,0.04,0.04,0.09,0.09,0.14,0.09,0.13,0.09,0.33,0.4
PIN,2024,2024-01-05,pin_773,2024-01-05 15:19:05,MRNF_2,ithmajor@gmail.com,585,1691,1301,585,423,390,390,390,423,390,390,390,390,618,455,455,422,422,455,455,455,455,455,1.74,2.72,2.72,3.01,3.01,2.72,2.72,2.72,2.72,2.72,0.13,0.21,0.42,0.24,0.24,0.21,0.42,0.42,0.42,0.5,2.34,488,585,2.47,1.89,0.76,0.99,0.65,0.05,0.07,0.14,0.08,0.08,0.07,0.14,0.14,0.14,0.14,0.27,0.39
PIN,2024,2024-01-05,pin_746,2024-01-05 15:19:42,CFL_3,ithmajor@gmail.com,520,1918,1658,976,651,553,520,521,488,487,488,520,520,1073,683,618,553,553,553,553,553,585,585,0.79,1.81,2.1,2.47,2.47,2.47,2.47,2.47,2.28,2.28,0.15,0.1,0.23,0.14,0.13,0.27,0.27,0.27,0.25,0.33,2.19,683,813,1.81,1.36,0.78,0.83,0.73,0.09,0.05,0.11,0.06,0.06,0.12,0.12,0.12,0.11,0.11,0.38,0.44
PIN,2024,2024-04-09,pin_5096,2024-04-09 14:22:22,CFL_3,ithmajor@gmail.com,290,479,429,389,279,240,219,220,219,219,219,229,229,409,279,250,239,229,239,239,240,229,239,0.17,0.72,0.92,1,1.09,1,1,1,1.09,1,0.14,0,0.16,0.34,0.17,0.34,0.34,0.36,0,0.25,0.87,259,269,0.85,0.78,0.74,0.69,0.39,0.05,0,0.04,0.08,0.04,0.08,0.08,0.09,0,0.04,0.19,0.19
PIN,2024,2024-04-09,pin_4791,2024-04-09 14:26:29,CFL_2,ithmajor@gmail.com,189,259,240,219,160,160,150,150,140,150,150,140,150,230,170,150,150,150,150,160,150,160,150,0.13,0.52,0.73,0.73,0.73,0.73,0.62,0.73,0.62,0.73,0.19,0.3,-0.38,0,0,0.38,0.34,0,0.67,0,0.6,150,149,0.73,0.74,0.75,0.73,0.27,0.05,0.06,-0.07,0,0,0.07,0.06,0,0.12,0,0.13,0.13
PIN,2024,2024-04-09,pin_4436,2024-04-09 14:51:56,CFL_3,ithmajor@gmail.com,429,997,868,748,429,359,359,349,329,319,319,319,309,758,449,369,368,359,339,349,339,349,339,0.32,1.22,1.7,1.71,1.78,1.94,1.86,1.94,1.86,1.94,0.03,0.12,0.08,0.07,0.09,0.1,0.27,0.19,0.27,0.38,1.81,358,379,1.78,1.63,0.85,0.78,0.57,0.01,0.04,0.03,0.02,0.03,0.03,0.09,0.06,0.09,0.09,0.27,0.26
PIN,2024,2024-04-09,pin_4760,2024-04-09 15:18:11,CFL_3,ithmajor@gmail.com,275,452,401,347,245,222,218,219,215,216,216,217,220,363,260,235,231,230,230,230,228,230,234,0.25,0.74,0.92,0.96,0.97,0.97,0.97,0.98,0.97,0.93,0.13,0.21,0.22,0.23,0.19,0.26,0.25,0.21,0.23,0.36,0.82,257,276,0.76,0.64,0.73,0.77,0.39,0.04,0.06,0.06,0.06,0.05,0.07,0.06,0.05,0.06,0.06,0.19,0.22
PIN,2024,2024-04-09,pin_4262,2024-04-09 15:23:29,CFL_1,ithmajor@gmail.com,339,628,549,498,349,299,289,269,270,270,260,260,249,548,359,319,299,290,280,279,270,280,259,0.15,0.75,0.97,1.1,1.17,1.24,1.25,1.33,1.24,1.42,0.21,0.09,0.21,0.12,0.26,0.13,0.12,0.14,0.26,0.26,1.2,289,309,1.17,1.03,0.72,0.65,0.46,0.09,0.03,0.06,0.03,0.07,0.04,0.03,0.04,0.07,0.04,0.2,0.19
PIN,2024,2024-04-09,pin_4970,2024-04-09 15:31:33,CFL_2,ithmajor@gmail.com,200,270,289,279,210,180,179,179,160,160,169,169,169,289,209,199,179,190,180,170,179,169,179,-0.07,0.29,0.36,0.51,0.42,0.5,0.59,0.51,0.6,0.51,0.13,-0.02,0.47,0,0.29,0.59,0.33,0.3,0,0.5,0.71,190,209,0.42,0.29,0.53,0.9,0.26,0.03,0,0.1,0,0.06,0.11,0.06,0.06,0,0.06,0.11,0.19
PIN,2024,2024-04-11,pin_5096,2024-04-11 11:08:47,CFL_2,ithmajor@gmail.com,439,1944,1795,1685,967,758,698,648,608,578,548,538,518,1784,1027,817,738,698,668,638,608,598,568,0.09,0.89,1.38,1.63,1.79,1.91,2.05,2.2,2.25,2.42,0.07,0.09,0.12,0.1,0.13,0.17,0.18,0.19,0.2,0.23,2.47,598,658,2.25,1.95,0.88,0.9,0.77,0.06,0.06,0.07,0.05,0.07,0.09,0.09,0.1,0.1,0.09,0.45,0.48
PIN,2024,2024-04-11,pin_4716,2024-04-11 11:19:20,CFL_3,ithmajor@gmail.com,418,1854,1685,1635,1066,817,727,678,638,618,588,569,558,1764,1146,877,787,747,717,678,658,648,629,0.05,0.62,1.11,1.36,1.48,1.59,1.73,1.82,1.86,1.95,0.1,0.1,0.11,0.13,0.16,0.19,0.16,0.19,0.22,0.27,2.02,658,717,1.82,1.59,0.83,0.88,0.77,0.07,0.07,0.07,0.08,0.09,0.11,0.09,0.11,0.12,0.11,0.45,0.5
PIN,2024,2024-04-11,pin_4791,2024-04-11 11:23:25,CFL_2,ithmajor@gmail.com,489,2024,1904,1835,1226,937,818,768,718,688,668,648,618,1934,1276,977,858,818,768,748,718,698,678,0.05,0.59,1.07,1.36,1.47,1.64,1.71,1.82,1.9,1.99,0.07,0.06,0.07,0.08,0.11,0.12,0.15,0.13,0.14,0.22,2.08,698,748,1.9,1.71,0.82,0.87,0.76,0.05,0.04,0.04,0.05,0.06,0.07,0.08,0.07,0.07,0.09,0.43,0.47
PIN,2024,2024-04-11,pin_4482,2024-04-11 11:26:34,CFL_3,ithmajor@gmail.com,468,2542,2373,2263,1365,1037,908,838,788,748,708,678,648,2382,1425,1097,958,888,838,798,758,738,708,0.07,0.78,1.32,1.65,1.86,2.03,2.19,2.35,2.44,2.59,0.06,0.06,0.08,0.08,0.09,0.1,0.11,0.12,0.14,0.2,2.66,707,747,2.6,2.4,0.81,0.87,0.82,0.05,0.04,0.05,0.05,0.06,0.06,0.06,0.07,0.08,0.08,0.45,0.49
PIN,2024,2024-04-11,pin_4411,2024-04-11 11:30:38,CFL_2,ithmajor@gmail.com,486,2059,1886,1648,861,682,614,573,542,521,499,483,471,1713,893,710,641,600,568,547,527,514,507,0.2,1.31,1.9,2.21,2.43,2.62,2.76,2.91,3.01,3.06,0.05,0.06,0.07,0.08,0.09,0.1,0.1,0.12,0.13,0.23,3,519,578,2.97,2.56,0.71,0.82,0.76,0.04,0.04,0.04,0.04,0.05,0.05,0.05,0.05,0.06,0.07,0.32,0.39
PIN,2024,2024-04-11,pin_4262,2024-04-11 11:34:01,CFL_3,ithmajor@gmail.com,348,1066,968,888,519,438,399,378,349,348,329,319,319,958,549,459,429,399,379,369,358,348,348,0.11,0.94,1.32,1.48,1.67,1.81,1.89,1.98,2.06,2.06,0.11,0.11,0.1,0.15,0.12,0.19,0.14,0.2,0.21,0.27,2.03,348,378,2.06,1.82,0.78,0.81,0.67,0.07,0.05,0.05,0.07,0.05,0.08,0.06,0.08,0.08,0.08,0.31,0.34
PIN,2024,2024-04-11,pin_4436,2024-04-11 11:38:49,CFL_2,ithmajor@gmail.com,438,2153,2053,1984,1286,957,837,767,707,658,628,609,579,2063,1336,997,857,797,747,697,668,639,629,0.04,0.61,1.16,1.51,1.7,1.88,2.09,2.22,2.37,2.42,0.05,0.05,0.06,0.04,0.06,0.09,0.1,0.11,0.09,0.2,2.55,609,639,2.54,2.37,0.81,0.84,0.8,0.04,0.04,0.04,0.02,0.04,0.05,0.06,0.06,0.05,0.08,0.43,0.45
PIN,2024,2024-04-11,pin_4681,2024-04-11 11:43:33,CFL_3,ithmajor@gmail.com,369,1186,1027,958,598,468,418,379,369,349,339,319,329,1047,638,498,458,418,399,389,359,359,349,0.13,0.86,1.38,1.59,1.84,1.97,2.05,2.3,2.3,2.4,0.13,0.12,0.13,0.19,0.21,0.18,0.24,0.14,0.28,0.2,2.12,369,399,2.21,1.97,0.86,0.88,0.69,0.09,0.06,0.06,0.09,0.09,0.08,0.1,0.06,0.11,0.06,0.35,0.38
PIN,2024,2024-04-11,pin_4743,2024-04-11 11:46:10,CFL_2,ithmajor@gmail.com,349,987,887,777,438,359,329,299,299,279,279,269,269,807,458,379,349,319,309,299,299,279,279,0.22,1.16,1.6,1.83,2.09,2.19,2.3,2.3,2.54,2.54,0.06,0.1,0.13,0.15,0.17,0.09,0.19,0.19,0.11,0.14,2.3,289,309,2.42,2.19,0.69,0.71,0.65,0.04,0.04,0.05,0.06,0.06,0.03,0.07,0.07,0.04,0.04,0.24,0.26
PIN,2024,2024-04-11,pin_4760,2024-04-11 11:50:43,CFL_3,ithmajor@gmail.com,399,1107,997,927,548,449,399,359,339,329,319,309,299,987,588,469,419,379,369,359,339,339,329,0.12,0.88,1.36,1.64,1.92,2,2.08,2.27,2.27,2.36,0.1,0.14,0.1,0.12,0.14,0.22,0.23,0.17,0.25,0.38,2.33,339,359,2.27,2.08,0.75,0.76,0.64,0.06,0.07,0.04,0.05,0.05,0.08,0.08,0.06,0.09,0.09,0.27,0.28
PIN,2024,2024-04-11,pin_4970,2024-04-11 11:53:05,CFL_2,ithmajor@gmail.com,106,127,115,115,115,112,105,102,105,105,102,99,92,115,112,112,112,105,109,105,105,99,99,0.1,0.13,0.13,0.13,0.21,0.17,0.21,0.21,0.28,0.28,0,-0.18,0,0.42,0.2,0.25,0,0.2,0,0.58,0.25,96,95,0.32,0.34,0.8,0.73,0.17,0,-0.03,0,0.06,0.03,0.04,0,0.03,0,0.07,0.1,0.09
PIN,2024,2024-04-17,pin_5096,2024-04-17 11:52:23,CFL_3,ithmajor@gmail.com,389,868,748,519,339,299,299,289,299,289,299,299,309,548,359,329,329,319,319,319,319,319,329,0.58,1.42,1.64,1.64,1.72,1.72,1.72,1.72,1.72,1.64,0.12,0.17,0.29,0.29,0.3,0.2,0.3,0.2,0.2,0.29,1.42,379,409,1.29,1.12,0.75,0.93,0.55,0.05,0.06,0.09,0.09,0.09,0.06,0.09,0.06,0.06,0.06,0.26,0.34
PIN,2024,2024-04-17,pin_4791,2024-04-17 11:56:04,CFL_2,ithmajor@gmail.com,319,559,488,399,260,249,260,250,250,249,249,249,259,408,279,259,259,259,269,269,269,270,269,0.37,1,1.16,1.16,1.16,1.08,1.08,1.08,1.07,1.08,0.06,0.25,0.15,-0.01,0.13,0.27,0.28,0.28,0.29,0.26,0.88,299,329,0.87,0.7,0.7,0.89,0.43,0.02,0.07,0.04,0,0.03,0.07,0.07,0.07,0.08,0.04,0.2,0.27
PIN,2024,2024-04-17,pin_4716,2024-04-17 11:59:52,CFL_3,ithmajor@gmail.com,369,768,648,439,289,270,250,259,249,249,259,250,259,458,309,280,279,269,279,279,269,289,279,0.68,1.49,1.74,1.75,1.86,1.75,1.75,1.86,1.66,1.75,0.11,0.21,0.13,0.37,0.14,0.38,0.38,0.14,0.47,0.29,1.5,309,349,1.49,1.2,0.84,0.87,0.52,0.04,0.06,0.04,0.1,0.04,0.11,0.11,0.04,0.13,0.07,0.26,0.29
PIN,2024,2024-04-17,pin_4482,2024-04-17 12:04:56,CFL_1,ithmajor@gmail.com,423,943,813,585,390,390,357,358,358,326,358,325,357,618,423,423,391,391,390,358,358,358,390,0.53,1.23,1.23,1.41,1.41,1.42,1.63,1.63,1.63,1.42,0.12,0.22,0.22,0.26,0.25,0.24,0.28,0,0.29,0.34,1.28,390,423,1.42,1.23,0.49,0.44,0.55,0.05,0.08,0.08,0.09,0.08,0.08,0.09,0,0.09,0.08,0.17,0.16
PIN,2024,2024-04-17,pin_4411,2024-04-17 12:05:25,CFL_2,ithmajor@gmail.com,239,369,329,279,199,190,179,189,190,190,189,199,190,279,219,190,190,189,190,210,209,199,220,0.32,0.68,0.94,0.94,0.95,0.94,0.76,0.77,0.85,0.68,0,0.37,0,0.26,0,0,0.4,0.41,0,0.73,0.73,229,239,0.61,0.54,0.87,0.79,0.35,0,0.09,0,0.06,0,0,0.1,0.1,0,0.14,0.22,0.21
PIN,2024,2024-04-17,pin_4262,2024-04-17 12:07:53,CFL_3,ithmajor@gmail.com,469,1077,917,688,429,379,358,349,349,339,339,329,329,728,459,389,369,378,369,358,348,359,368,0.48,1.35,1.77,1.92,1.85,1.92,2.01,2.09,2,1.93,0.12,0.18,0.08,0.1,0.25,0.18,0.18,0.09,0.28,0.5,1.79,389,429,1.77,1.51,0.73,0.75,0.56,0.05,0.07,0.03,0.03,0.08,0.05,0.05,0.03,0.08,0.11,0.23,0.26
PIN,2024,2024-04-17,pin_4436,2024-04-17 12:13:55,CFL_2,ithmajor@gmail.com,465,1110,959,724,432,355,326,308,296,292,285,282,281,771,451,374,341,323,310,306,302,298,297,0.44,1.46,1.97,2.26,2.44,2.58,2.63,2.68,2.72,2.74,0.12,0.12,0.16,0.15,0.16,0.16,0.17,0.21,0.2,0.29,2.41,327,354,2.39,2.14,0.71,0.8,0.58,0.06,0.04,0.05,0.04,0.05,0.05,0.05,0.06,0.05,0.05,0.2,0.25
PIN,2024,2024-04-17,pin_4681,2024-04-17 12:15:51,CFL_1,ithmajor@gmail.com,159,239,200,179,140,140,129,140,130,130,140,130,139,189,160,149,149,139,149,149,150,149,159,0.26,0.49,0.6,0.6,0.72,0.6,0.6,0.59,0.6,0.5,0.19,0.5,0.25,0.56,-0.03,0.53,0.53,0.28,0.53,0.69,0.44,160,179,0.49,0.34,0.74,0.82,0.33,0.05,0.12,0.06,0.13,-0.01,0.13,0.13,0.07,0.13,0.13,0.19,0.22
PIN,2024,2024-04-17,pin_4743,2024-04-17 12:18:58,CFL_3,ithmajor@gmail.com,319,559,489,409,279,239,219,219,209,220,219,219,219,439,289,249,239,229,230,240,239,229,239,0.27,0.93,1.24,1.34,1.44,1.43,1.33,1.34,1.44,1.34,0.18,0.12,0.16,0.34,0.19,0.39,0.34,0.34,0.19,0.4,1.23,260,309,1.15,0.81,0.59,0.99,0.43,0.07,0.03,0.04,0.08,0.04,0.09,0.08,0.08,0.04,0.08,0.15,0.29
PIN,2024,2024-04-17,pin_4760,2024-04-17 12:23:32,CFL_2,ithmajor@gmail.com,299,598,519,409,269,259,239,229,239,240,239,249,249,429,289,269,259,259,259,249,260,249,269,0.39,1.07,1.22,1.31,1.31,1.31,1.4,1.3,1.4,1.22,0.11,0.21,0.12,0.26,0.38,0.26,0.12,0.27,0,0.33,1.08,309,349,0.94,0.71,0.66,0.78,0.5,0.05,0.07,0.04,0.08,0.12,0.08,0.04,0.08,0,0.07,0.22,0.29
PIN,2024,2024-04-17,pin_4970,2024-04-17 12:24:09,CFL_1,ithmajor@gmail.com,219,349,299,259,189,179,159,159,169,159,159,149,160,289,210,189,179,159,169,169,179,169,180,0.21,0.66,0.85,0.95,1.19,1.07,1.07,0.95,1.07,0.94,0.31,0.38,0.22,0.48,0,0,0.27,0.48,0.53,0.49,0.87,189,189,0.85,0.85,0.87,0.63,0.37,0.1,0.1,0.05,0.11,0,0,0.06,0.11,0.12,0.11,0.21,0.15
PIN,2024,2024-04-26,pin_3085,2024-04-26 12:07:36,MRNF_1,ithmajor@gmail.com,585,781,683,390,358,325,293,293,325,325,325,325,325,422,325,325,325,325,325,325,325,325,325,0.85,1.4,1.4,1.4,1.4,1.4,1.4,1.4,1.4,1.4,0.49,-0.83,0,0.8,0.8,0,0,0,0,0,1.1,390,423,1,0.85,1.16,1,0.25,0.08,-0.1,0,0.1,0.1,0,0,0,0,0,0.17,0.15
PIN,2024,2024-04-26,pin_2842,2024-04-26 12:10:04,CFL_2,ithmajor@gmail.com,399,847,707,389,269,249,249,249,239,239,249,249,259,418,279,270,269,269,269,269,269,269,289,1.03,2.04,2.14,2.15,2.15,2.15,2.15,2.15,2.15,1.93,0.19,0.13,0.3,0.28,0.28,0.42,0.42,0.28,0.28,0.5,1.73,309,339,1.74,1.5,0.89,0.95,0.53,0.07,0.04,0.08,0.07,0.07,0.11,0.11,0.07,0.07,0.1,0.26,0.29
PIN,2024,2024-04-26,pin_3884,2024-04-26 12:12:14,CFL_3,cflbiologie1@gmail.com,553,1203,1040,780,455,390,357,357,357,357,357,357,357,780,455,390,390,358,390,358,390,390,390,0.54,1.64,2.08,2.08,2.36,2.08,2.36,2.08,2.08,2.08,0,0,0,0.31,0.01,0.31,0.01,0.31,0.31,0.51,1.91,422,488,1.85,1.47,0.79,0.83,0.54,0,0,0,0.08,0,0.08,0,0.08,0.08,0.08,0.23,0.27
PIN,2024,2024-04-26,pin_2467,2024-04-26 12:16:59,MRNF_1,ithmajor@gmail.com,455,1235,1073,748,455,390,357,357,325,325,325,325,357,813,488,390,390,357,358,357,358,358,358,0.52,1.53,2.17,2.17,2.46,2.45,2.46,2.45,2.45,2.45,0.15,0.17,0,0.24,0,0.28,0.27,0.28,0.28,0.02,2.01,390,422,2.17,1.93,0.95,0.83,0.63,0.08,0.07,0,0.08,0,0.09,0.09,0.09,0.09,0,0.33,0.31
PIN,2024,2024-04-26,pin_3957,2024-04-26 12:21:03,CFL_1,cflbiologie1@gmail.com,319,418,389,369,309,279,279,279,269,279,279,279,279,399,319,299,289,289,299,289,299,289,299,0.05,0.31,0.4,0.45,0.45,0.4,0.45,0.4,0.45,0.4,0.33,0.16,0.37,0.2,0.2,0.55,0.2,0.37,0.2,0.4,0.39,309,319,0.35,0.31,0.87,0.65,0.24,0.08,0.03,0.07,0.03,0.03,0.1,0.03,0.07,0.03,0.07,0.16,0.13
PIN,2024,2024-04-26,pin_2237,2024-04-26 12:24:21,CFL_2,ithmajor@gmail.com,389,658,558,379,309,289,299,309,299,309,309,309,329,399,319,309,319,319,329,329,349,349,349,0.65,1.06,1.13,1.06,1.06,1,1,0.89,0.89,0.89,0.17,0.12,0.26,0.25,0.12,0.35,0.24,0.43,0.43,0.34,0.7,379,409,0.74,0.61,0.74,0.89,0.41,0.05,0.03,0.06,0.06,0.03,0.09,0.06,0.11,0.11,0.06,0.21,0.27
PIN,2024,2024-04-26,pin_3868,2024-04-26 12:24:39,CFL_3,cflbiologie1@gmail.com,180,279,230,199,140,139,120,130,129,130,130,120,129,209,160,139,140,140,139,140,130,140,139,0.33,0.74,1.01,0.99,0.99,1.01,0.99,1.15,0.99,1.01,0.16,0.52,0,0.66,0.33,0.33,0.33,0,0.66,0.5,0.78,159,150,0.75,0.86,0.76,0.29,0.35,0.05,0.12,0,0.14,0.07,0.07,0.07,0,0.14,0.07,0.18,0.07
PIN,2024,2024-04-26,pin_2158,2024-04-26 12:28:49,MRNF_1,ithmajor@gmail.com,468,887,728,509,349,319,299,299,299,299,309,299,309,538,359,329,319,319,319,319,329,329,329,0.65,1.47,1.7,1.78,1.78,1.78,1.78,1.7,1.7,1.7,0.15,0.1,0.12,0.26,0.26,0.26,0.26,0.24,0.37,0.33,1.36,359,389,1.47,1.28,0.63,0.82,0.47,0.05,0.03,0.03,0.06,0.06,0.06,0.06,0.06,0.09,0.06,0.17,0.23
PIN,2024,2024-04-26,pin_2076,2024-04-26 12:35:04,CFL_2,ithmajor@gmail.com,748,2634,2341,1723,878,748,682,618,618,585,585,585,585,1723,943,813,748,683,683,650,682,682,650,0.53,1.79,2.24,2.52,2.86,2.86,3.05,2.86,2.86,3.05,0,0.15,0.18,0.21,0.24,0.24,0.26,0.36,0.36,0.33,3,748,780,2.52,2.38,0.84,0.88,0.72,0,0.07,0.08,0.09,0.1,0.1,0.1,0.14,0.14,0.1,0.35,0.38
PIN,2024,2024-04-26,pin_2196,2024-04-26 12:45:38,CFL_2,ithmajor@gmail.com,780,1658,1496,943,553,488,488,488,455,423,488,455,455,943,585,521,488,488,455,488,488,488,488,0.76,1.83,2.18,2.4,2.4,2.64,2.4,2.4,2.4,2.4,0,0.19,0.24,0,0,0,0.54,0,0.27,0.34,2.29,520,553,2.19,2,0.71,0.86,0.53,0,0.05,0.06,0,0,0,0.13,0,0.07,0.07,0.19,0.24
PIN,2024,2024-04-26,pin_2815,2024-04-26 12:46:37,CFL_1,cflbiologie1@gmail.com,269,538,459,369,239,209,199,189,179,190,190,189,190,399,259,229,219,209,209,200,209,209,209,0.35,1.08,1.35,1.46,1.57,1.57,1.69,1.57,1.57,1.57,0.18,0.24,0.29,0.32,0.34,0.51,0.18,0.32,0.34,0.49,1.42,239,269,1.25,1,0.67,0.78,0.5,0.08,0.08,0.09,0.09,0.1,0.14,0.05,0.09,0.1,0.09,0.21,0.26
PIN,2024,2024-04-26,pin_2740,2024-04-26 12:47:59,CFL_3,cflbiologie1@gmail.com,190,329,280,229,169,139,140,130,150,130,139,149,139,240,169,149,159,149,150,150,149,149,159,0.37,0.95,1.21,1.07,1.21,1.19,1.19,1.21,1.21,1.07,0.13,0,0.27,0.46,0.51,0,0.53,0.27,0,0.5,1.01,180,189,0.83,0.74,0.78,0.7,0.42,0.05,0,0.07,0.12,0.13,0,0.13,0.07,0,0.13,0.22,0.21
PIN,2024,2024-04-26,pin_2367,2024-04-26 12:48:17,MRNF_1,ithmajor@gmail.com,520,910,812,552,358,358,325,325,325,325,325,325,325,552,390,358,325,325,357,325,325,325,325,0.65,1.33,1.54,1.8,1.8,1.55,1.8,1.8,1.8,1.8,0,0.34,0,0,0,0.39,0,0,0,0,1.5,390,390,1.33,1.33,1.02,0.69,0.43,0,0.08,0,0,0,0.09,0,0,0,0,0.25,0.17
PIN,2024,2024-04-26,pin_2521,2024-04-26 12:54:25,CFL_2,ithmajor@gmail.com,487,910,845,585,357,325,326,325,325,293,293,326,325,650,390,357,325,326,326,326,326,325,325,0.4,1.33,1.55,1.8,1.79,1.79,1.79,1.79,1.8,1.8,0.26,0.31,0.35,-0.01,0.01,0.01,0.43,0.43,-0.01,0,1.6,423,455,1.15,1,1.07,0.94,0.46,0.1,0.08,0.09,0,0,0,0.1,0.1,0,0,0.31,0.28
PIN,2024,2024-04-26,pin_2497,2024-04-26 12:57:49,MRNF_1,ithmajor@gmail.com,618,1171,1040,715,488,456,423,423,423,455,423,423,422,716,520,455,455,456,423,456,455,455,488,0.64,1.25,1.57,1.57,1.57,1.77,1.57,1.57,1.57,1.4,0,0.22,-0.01,0.27,0.28,0,0.01,0.27,0.27,0.5,1.46,521,585,1.25,1,0.88,0.9,0.47,0,0.06,0,0.07,0.07,0,0,0.07,0.07,0.14,0.25,0.28
PIN,2024,2024-04-26,pin_2512,2024-04-26 13:02:58,CFL_2,ithmajor@gmail.com,846,1690,1561,1040,682,617,617,585,585,585,553,552,553,1040,715,617,617,585,553,585,585,553,585,0.62,1.36,1.74,1.74,1.89,2.06,1.89,1.89,2.06,1.89,0,0.16,0,0,0,-0.24,0,0.21,0.01,0.33,1.82,617,650,1.74,1.6,0.78,0.54,0.5,0,0.05,0,0,0,-0.06,0,0.05,0,0.05,0.21,0.15
PIN,2024,2024-04-26,pin_2428,2024-04-26 13:11:11,CFL_2,ithmajor@gmail.com,469,1306,1127,718,429,389,359,349,339,339,339,329,329,757,459,399,389,379,359,369,369,359,369,0.73,1.85,2.27,2.36,2.45,2.64,2.54,2.54,2.64,2.54,0.1,0.17,0.07,0.22,0.23,0.17,0.24,0.24,0.25,0.44,2.43,409,459,2.19,1.85,0.82,0.79,0.64,0.05,0.07,0.03,0.08,0.08,0.06,0.08,0.08,0.08,0.11,0.29,0.31
PIN,2024,2024-04-26,pin_2437,2024-04-26 13:16:10,MRNF_1,ithmajor@gmail.com,878,2081,1821,1073,683,618,618,618,748,553,552,520,520,1105,683,618,618,618,748,618,553,585,552,0.88,2.05,2.37,2.37,2.37,1.78,2.37,2.76,2.56,2.77,0.07,0,0,0,0,0,0.36,0.01,0.4,0.5,2.5,650,682,2.2,2.05,0.67,0.77,0.58,0.03,0,0,0,0,0,0.11,0,0.11,0.06,0.2,0.24
PIN,2024,2024-04-26,pin_3254,2024-04-26 13:27:38,CFL_2,ithmajor@gmail.com,553,1301,1073,585,390,325,357,325,325,325,325,357,357,618,423,358,390,390,357,358,390,390,390,1.11,2.08,2.63,2.34,2.34,2.64,2.63,2.34,2.34,2.34,0.14,0.26,0.34,0.29,0.58,0.33,0.34,0.58,0.29,0.34,2.01,422,455,2.08,1.86,1.01,0.89,0.57,0.05,0.08,0.09,0.08,0.17,0.09,0.09,0.17,0.08,0.08,0.31,0.29
PIN,2024,2024-04-26,pin_3361,2024-04-26 13:30:48,MRNF_1,ithmajor@gmail.com,650,1365,1203,845,520,455,455,422,455,422,455,455,455,877,552,488,487,488,455,487,487,487,455,0.56,1.47,1.8,1.8,1.8,2,1.8,1.8,1.8,2,0.09,0.19,0.24,0.23,0.48,0,0.47,0.23,0.23,0,1.64,487,553,1.8,1.47,0.47,0.77,0.52,0.04,0.06,0.07,0.07,0.14,0,0.13,0.07,0.07,0,0.13,0.24
PIN,2024,2024-04-26,pin_3134,2024-04-26 13:33:09,CFL_3,ithmajor@gmail.com,419,1027,837,488,319,299,279,279,279,280,289,279,269,518,349,319,319,309,319,319,329,319,329,0.98,1.94,2.22,2.22,2.32,2.22,2.22,2.12,2.22,2.12,0.14,0.26,0.2,0.4,0.32,0.4,0.39,0.38,0.4,0.6,2.11,349,379,1.94,1.71,0.95,1.06,0.59,0.06,0.09,0.06,0.13,0.1,0.13,0.12,0.12,0.13,0.18,0.32,0.37
PIN,2024,2024-04-26,pin_2866,2024-04-26 14:03:53,CFL_2,gepellet@hotmail.com,651,1561,1398,813,553,488,488,488,456,456,488,455,456,845,585,521,520,521,521,521,521,488,521,0.85,1.67,2,2,2,2,2,2,2.2,2,0.09,0.16,0.2,0.19,0.2,0.39,0.39,0.2,0.22,0.5,2.07,553,553,1.82,1.82,0.88,0.88,0.58,0.04,0.05,0.06,0.06,0.06,0.12,0.12,0.06,0.07,0.12,0.29,0.29
PIN,2024,2024-04-26,pin_2757,2024-04-26 14:06:51,CFL_3,ithmajor@gmail.com,449,1147,957,529,369,339,319,319,309,319,309,309,309,569,379,359,349,349,349,349,339,349,349,1.02,2.03,2.19,2.29,2.29,2.29,2.29,2.38,2.29,2.29,0.16,0.08,0.17,0.27,0.27,0.36,0.27,0.28,0.36,0.51,2.1,379,399,2.03,1.87,0.85,0.85,0.61,0.07,0.03,0.06,0.09,0.09,0.11,0.09,0.09,0.11,0.11,0.29,0.3
PIN,2024,2024-04-26,pin_2954,2024-04-26 14:10:40,MRNF_1,ithmajor@gmail.com,329,499,429,359,259,240,219,219,220,219,229,229,220,379,269,239,229,229,229,229,239,239,239,0.32,0.86,1.09,1.18,1.18,1.18,1.18,1.09,1.09,1.09,0.19,0.17,-0.02,0.23,0.23,0.21,0.23,0.21,0.21,0.49,0.95,249,259,1,0.93,0.78,0.73,0.34,0.05,0.04,0,0.04,0.04,0.04,0.04,0.04,0.04,0.08,0.16,0.15
PIN,2024,2024-04-26,pin_3601,2024-04-26 14:26:27,MRNF_1,gepellet@hotmail.com,552,878,747,520,358,325,325,292,325,325,325,325,325,520,358,325,325,325,358,358,325,357,390,0.69,1.45,1.7,1.7,1.7,1.45,1.45,1.7,1.46,1.25,0,0,0,0,0.57,0.47,0.47,0,0.46,1,1.3,390,423,1.25,1.08,1.21,1.05,0.37,0,0,0,0,0.1,0.09,0.09,0,0.09,0.17,0.25,0.23
PIN,2024,2024-04-26,pin_3621,2024-04-26 14:27:47,CFL_3,gepellet@hotmail.com,259,459,369,270,199,170,169,170,160,159,159,179,160,299,199,180,179,180,180,179,190,179,189,0.54,1.31,1.55,1.56,1.55,1.55,1.56,1.42,1.56,1.43,0.29,0,0.24,0.24,0.24,0.48,0.48,0.67,0,0.74,1.31,199,219,1.31,1.1,0.58,0.68,0.44,0.1,0,0.06,0.06,0.06,0.11,0.11,0.16,0,0.15,0.15,0.18
PIN,2024,2024-04-26,pin_3904,2024-04-26 14:29:17,MRNF_2,gepellet@hotmail.com,408,737,638,459,319,289,270,269,269,269,259,259,249,489,329,299,290,289,279,279,279,279,279,0.51,1.24,1.46,1.54,1.55,1.64,1.64,1.64,1.64,1.64,0.18,0.11,0.14,0.29,0.29,0.15,0.15,0.31,0.31,0.6,1.56,299,309,1.46,1.39,0.81,0.77,0.45,0.06,0.03,0.03,0.07,0.07,0.04,0.04,0.07,0.07,0.11,0.2,0.19
PIN,2024,2024-04-26,pin_3061,2024-04-26 14:32:21,CFL_2,ithmajor@gmail.com,553,1398,1203,585,390,325,325,293,325,325,293,325,325,618,390,358,358,325,358,358,357,292,325,1.26,2.58,2.91,2.91,3.3,2.91,2.91,2.92,3.79,3.3,0.13,0,0.33,0.33,0.38,0.33,0.33,0.64,-0.47,0,2.7,358,390,2.91,2.58,0.65,0.83,0.6,0.05,0,0.09,0.09,0.1,0.09,0.09,0.18,-0.11,0,0.18,0.25
PIN,2024,2024-04-26,pin_4007,2024-04-26 14:32:48,CFL_1,gepellet@hotmail.com,650,1430,1236,585,455,390,390,390,390,390,390,390,390,651,488,422,422,423,422,423,422,422,422,1.2,1.93,2.39,2.39,2.38,2.39,2.38,2.39,2.39,2.39,0.29,0.23,0.29,0.29,0.3,0.29,0.3,0.29,0.29,0.49,2.17,487,488,1.94,1.93,0.92,0.92,0.55,0.1,0.07,0.08,0.08,0.08,0.08,0.08,0.08,0.08,0.08,0.27,0.27
PIN,2024,2024-04-26,pin_3969,2024-04-26 14:42:34,CFL_3,ithmajor@gmail.com,585,1333,1138,716,455,390,390,391,358,358,391,358,358,716,456,423,423,423,390,423,423,423,391,0.86,1.92,2.15,2.15,2.15,2.42,2.15,2.15,2.15,2.41,0,0.01,0.27,0.27,0.26,0.3,0.53,0.26,0.53,0.5,2.18,423,488,2.15,1.73,0.8,0.84,0.56,0,0,0.08,0.08,0.08,0.08,0.15,0.08,0.15,0.08,0.23,0.27
PIN,2024,2024-04-26,pin_4241,2024-04-26 14:45:47,CFL_2,ithmajor@gmail.com,553,1593,1333,650,423,390,390,357,357,357,358,358,358,682,455,390,390,390,390,423,390,390,390,1.34,2.5,3.08,3.08,3.08,3.08,2.77,3.08,3.08,3.08,0.11,0.2,0,0,0.27,0.27,0.47,0.26,0.26,0.33,2.72,455,455,2.5,2.5,0.82,0.82,0.65,0.05,0.07,0,0,0.08,0.08,0.16,0.08,0.08,0.08,0.29,0.29
PIN,2024,2024-04-26,pin_4474,2024-04-26 14:48:41,MRNF_2,ithmajor@gmail.com,279,588,478,329,219,210,199,200,190,200,190,189,200,369,239,220,219,210,210,220,210,219,210,0.59,1.46,1.67,1.68,1.8,1.8,1.67,1.8,1.68,1.8,0.26,0.27,0.16,0.31,0.17,0.34,0.31,0.34,0.47,0.25,1.39,220,249,1.67,1.36,0.62,0.75,0.53,0.11,0.08,0.05,0.09,0.05,0.1,0.09,0.1,0.14,0.05,0.18,0.24
PIN,2024,2024-04-26,pin_4772,2024-04-26 14:52:30,CFL_1,gepellet@hotmail.com,552,1528,1268,780,455,423,390,390,358,390,357,390,390,845,520,455,422,390,455,455,422,455,423,0.81,1.94,2.36,2.62,2.92,2.36,2.36,2.62,2.36,2.61,0.16,0.33,0.2,0.23,0,0.62,0.41,0.47,0.41,0.34,2.25,488,553,2.13,1.76,0.93,0.76,0.64,0.08,0.12,0.07,0.08,0,0.21,0.14,0.15,0.14,0.08,0.33,0.29
PIN,2024,2024-04-26,pin_4436,2024-04-26 14:54:12,CFL_3,ithmajor@gmail.com,399,698,598,488,319,289,260,259,259,249,249,259,259,518,338,299,280,279,269,269,259,269,259,0.35,1.07,1.33,1.49,1.5,1.59,1.59,1.69,1.59,1.69,0.16,0.21,0.14,0.31,0.31,0.17,0.33,0.18,0.17,0,1.31,299,309,1.33,1.26,0.69,0.78,0.43,0.06,0.06,0.03,0.07,0.07,0.04,0.07,0.04,0.04,0,0.17,0.19
PIN,2024,2024-04-26,pin_4805,2024-04-26 14:56:53,MRNF_1,ithmajor@gmail.com,369,898,738,489,329,289,190,199,200,189,200,189,199,509,349,309,229,209,220,219,220,219,219,0.76,1.57,1.91,2.92,3.3,3.08,3.1,3.08,3.1,3.1,0.09,0.16,0.2,0.64,0.19,0.35,0.53,0.35,0.53,0.33,2.71,229,249,2.92,2.61,1.29,1.4,0.59,0.04,0.06,0.06,0.17,0.05,0.09,0.14,0.09,0.14,0.09,0.34,0.4
PIN,2024,2024-04-26,pin_4538,2024-04-26 14:58:52,MRNF_2,ithmajor@gmail.com,585,1528,1203,650,455,422,390,390,390,357,358,358,358,683,487,488,423,455,455,422,423,455,423,1.24,2.14,2.13,2.61,2.36,2.36,2.62,2.61,2.36,2.61,0.12,0.19,0.4,0.25,0.44,0.44,0.5,0.5,0.66,0.5,2.36,487,520,2.14,1.94,0.98,0.88,0.62,0.05,0.07,0.14,0.08,0.14,0.14,0.15,0.15,0.21,0.15,0.33,0.31
PIN,2024,2024-04-26,pin_5996,2024-04-26 15:29:19,CFL_1,ithmajor@gmail.com,509,918,788,558,389,359,359,339,339,329,329,329,339,588,409,379,369,358,349,358,349,349,359,0.56,1.24,1.42,1.49,1.56,1.63,1.56,1.63,1.63,1.56,0.15,0.19,0.21,0.11,0.22,0.12,0.34,0.24,0.24,0.33,1.32,398,438,1.31,1.1,0.67,0.82,0.45,0.05,0.05,0.05,0.03,0.05,0.03,0.08,0.06,0.06,0.06,0.17,0.23
PIN,2024,2024-04-26,pin_6066,2024-04-26 15:29:36,MRNF_1,ithmajor@gmail.com,617,1333,1106,683,487,423,423,422,390,390,423,423,422,716,487,422,455,423,422,488,488,455,455,0.86,1.74,2.16,1.93,2.15,2.16,1.73,1.73,1.93,1.93,0.12,0,-0.01,0.25,0.01,0.28,0.67,0.45,0.25,0.51,1.62,520,520,1.56,1.56,0.8,0.8,0.54,0.05,0,0,0.07,0,0.08,0.2,0.13,0.07,0.07,0.25,0.25
PIN,2024,2024-04-26,pin_6073,2024-04-26 15:30:45,MRNF_2,ithmajor@gmail.com,499,837,728,578,409,379,359,349,349,349,349,359,359,598,419,379,379,369,369,379,379,379,379,0.4,1,1.21,1.21,1.27,1.27,1.21,1.21,1.21,1.21,0.1,0.09,0,0.22,0.24,0.24,0.34,0.34,0.22,0.4,1.03,419,449,1,0.86,0.75,0.84,0.4,0.03,0.02,0,0.05,0.05,0.05,0.08,0.08,0.05,0.05,0.19,0.22
PIN,2024,2024-04-26,pin_5988,2024-04-26 15:31:03,CFL_2,ithmajor@gmail.com,508,1127,967,718,448,389,359,339,339,339,339,339,349,738,458,399,379,368,369,358,369,359,369,0.53,1.46,1.82,1.97,2.06,2.05,2.15,2.05,2.14,2.05,0.06,0.07,0.08,0.18,0.28,0.29,0.19,0.29,0.2,0.29,1.77,389,418,1.9,1.7,0.69,0.76,0.55,0.03,0.02,0.03,0.05,0.08,0.08,0.05,0.08,0.06,0.05,0.21,0.24
PIN,2024,2024-04-26,pin_5923,2024-04-26 15:32:34,CFL_3,ithmajor@gmail.com,781,2178,1951,1593,878,683,618,586,521,553,553,553,520,1625,911,716,651,618,553,553,585,553,552,0.34,1.39,2.04,2.35,2.52,2.94,2.94,2.72,2.94,2.95,0.03,0.08,0.12,0.15,0.15,0.19,0,0.17,0,0.33,2.75,618,651,2.52,2.35,0.78,0.86,0.64,0.02,0.04,0.05,0.05,0.05,0.06,0,0.05,0,0.06,0.26,0.3
PIN,2024,2024-04-26,pin_4970,2024-04-26 15:46:20,CFL_2,ithmajor@gmail.com,369,688,578,369,260,230,230,239,240,239,239,229,229,389,270,240,240,249,249,259,249,249,259,0.77,1.55,1.87,1.87,1.76,1.76,1.66,1.76,1.76,1.66,0.16,0.15,0.18,0.18,0.17,0.15,0.31,0.17,0.34,0.75,1.52,289,299,1.38,1.3,0.64,0.73,0.46,0.05,0.04,0.04,0.04,0.04,0.04,0.08,0.04,0.08,0.12,0.17,0.2
PIN,2024,2024-04-26,pin_4411,2024-04-26 15:48:35,CFL_1,ithmajor@gmail.com,209,388,309,229,180,180,170,180,189,189,179,190,189,259,199,190,200,190,209,199,219,200,219,0.5,0.95,1.04,0.94,1.04,0.86,0.95,0.77,0.94,0.77,0.32,0.31,0.18,0.49,0.18,0.3,0.16,0.56,0.16,0.5,0.63,229,249,0.69,0.56,0.78,0.91,0.46,0.12,0.1,0.05,0.15,0.05,0.1,0.05,0.18,0.05,0.14,0.26,0.32
PIN,2024,2024-04-26,pin_4482,2024-04-26 15:50:28,NA,ithmajor@gmail.com,359,748,608,369,250,229,219,219,229,219,229,229,230,409,280,259,249,239,249,249,249,249,249,0.83,1.67,1.89,2,2.13,2,2,2,2,2,0.26,0.37,0.42,0.45,0.33,0.3,0.45,0.3,0.3,0.39,1.64,269,289,1.78,1.59,0.78,0.81,0.52,0.1,0.11,0.12,0.12,0.08,0.08,0.12,0.08,0.08,0.08,0.22,0.24
PIN,2024,2024-04-26,pin_4791,2024-04-26 15:50:56,CFL_3,ithmajor@gmail.com,339,658,539,359,259,240,230,230,230,230,239,239,229,399,269,259,250,250,250,250,259,259,269,0.65,1.45,1.54,1.63,1.63,1.63,1.63,1.54,1.54,1.45,0.28,0.13,0.27,0.3,0.3,0.3,0.3,0.29,0.29,0.57,1.35,279,299,1.36,1.2,0.75,0.78,0.48,0.1,0.04,0.07,0.08,0.08,0.08,0.08,0.08,0.08,0.15,0.22,0.23
PIN,2024,2024-04-26,pin_4681,2024-04-26 15:53:08,MRNF_1,ithmajor@gmail.com,339,578,499,329,240,220,209,219,229,229,239,239,249,349,259,229,229,229,239,249,249,269,259,0.66,1.23,1.52,1.52,1.52,1.42,1.32,1.32,1.15,1.23,0.19,0.31,0.18,0.4,0.2,0.19,0.34,0.17,0.45,0.2,1,299,319,0.93,0.81,0.75,0.9,0.41,0.06,0.07,0.04,0.09,0.04,0.04,0.08,0.04,0.11,0.04,0.2,0.25
PIN,2024,2024-04-26,pin_4716,2024-04-26 15:56:10,CFL_2,ithmajor@gmail.com,140,190,169,150,110,110,100,109,110,99,99,100,110,159,129,119,119,109,110,109,120,110,110,0.19,0.47,0.6,0.6,0.74,0.73,0.74,0.58,0.73,0.73,0.25,0.75,0.41,0.87,0,0,0.54,0.95,0.53,0,0.54,120,119,0.58,0.6,1.36,0.41,0.26,0.06,0.15,0.08,0.16,0,0,0.09,0.17,0.09,0,0.25,0.08
PIN,2024,2024-04-26,pin_5096,2024-04-26 15:58:44,CFL_3,ithmajor@gmail.com,369,748,628,359,269,259,249,249,240,240,249,249,260,389,279,269,269,269,269,280,269,279,279,0.92,1.68,1.78,1.78,1.78,1.78,1.67,1.78,1.68,1.68,0.22,0.13,0.14,0.28,0.28,0.4,0.51,0.28,0.39,0.32,1.42,339,359,1.21,1.08,0.92,0.84,0.51,0.08,0.04,0.04,0.07,0.07,0.11,0.14,0.07,0.11,0.07,0.29,0.28
PIN,2024,2024-04-26,pin_4743,2024-04-26 16:03:16,CFL_2,ithmajor@gmail.com,650,1008,943,585,455,423,390,390,422,390,422,422,422,618,455,390,422,423,422,422,422,455,422,0.63,1.22,1.58,1.39,1.38,1.39,1.39,1.39,1.22,1.39,0.21,0,-0.48,0.4,0.42,0,0.4,0,0.36,0,1.23,455,455,1.22,1.22,0.72,0.36,0.36,0.05,0,-0.08,0.08,0.08,0,0.08,0,0.07,0,0.14,0.07
PIN,2024,2024-05-16,pin_1827,2024-05-16 10:36:25,CFL_2,cflbiologie1@gmail.com,199,808,588,359,249,229,209,209,199,200,200,200,199,439,299,279,269,259,269,269,260,269,259,0.84,1.7,1.9,2,2.12,2,2,2.11,2,2.12,0.29,0.31,0.35,0.44,0.39,0.52,0.51,0.47,0.51,0.55,1.95,319,379,1.53,1.13,0.92,0.98,0.75,0.18,0.17,0.18,0.22,0.19,0.26,0.26,0.23,0.26,0.23,0.5,0.58
PIN,2024,2024-05-16,pin_1981,2024-05-16 10:40:34,CFL_3,gepellet@hotmail.com,618,3154,2763,1593,976,878,781,748,748,716,683,683,683,1691,1073,943,878,910,845,878,878,845,878,0.87,1.94,2.34,2.59,2.47,2.73,2.59,2.59,2.73,2.59,0.08,0.16,0.13,0.21,0.33,0.22,0.35,0.42,0.37,0.54,3.05,1040,1202,2.03,1.62,0.92,0.98,0.8,0.06,0.09,0.07,0.11,0.18,0.11,0.18,0.22,0.19,0.22,0.53,0.59
PIN,2024,2024-05-16,pin_1933,2024-05-16 10:51:47,CFL_3,gepellet@hotmail.com,319,1596,1246,847,538,458,428,419,399,389,399,389,399,987,648,548,508,498,499,509,519,509,529,0.62,1.46,1.91,2.14,2.2,2.2,2.14,2.08,2.14,2.02,0.2,0.27,0.28,0.28,0.29,0.36,0.42,0.41,0.42,0.5,2.12,598,727,1.67,1.2,0.97,0.98,0.8,0.14,0.17,0.16,0.16,0.16,0.2,0.24,0.23,0.24,0.25,0.58,0.63
PIN,2024,2024-05-16,pin_1834,2024-05-16 10:54:16,CFL_2,cflbiologie1@gmail.com,651,2763,2341,1333,780,715,683,650,650,618,618,682,650,1365,845,748,748,715,748,748,748,845,780,1.02,2.27,2.69,2.69,2.86,2.69,2.69,2.69,2.27,2.54,0.04,0.15,0.09,0.19,0.2,0.28,0.37,0.37,0.39,0.45,2.6,1072,1333,1.58,1.07,0.92,1,0.76,0.02,0.08,0.04,0.09,0.09,0.13,0.17,0.17,0.19,0.17,0.51,0.61
PIN,2024,2024-05-16,pin_1942,2024-05-16 10:54:43,MRNF_1,gepellet@hotmail.com,429,1965,1526,1047,658,558,539,508,518,508,519,519,508,1166,738,638,608,608,608,608,618,628,618,0.69,1.66,2.08,2.23,2.23,2.23,2.23,2.18,2.13,2.18,0.15,0.19,0.23,0.22,0.31,0.28,0.31,0.3,0.33,0.42,2,698,798,1.82,1.46,0.92,0.95,0.78,0.1,0.11,0.13,0.11,0.16,0.15,0.16,0.16,0.17,0.18,0.51,0.56
PIN,2024,2024-05-16,pin_63,2024-05-16 10:59:53,MRNF_2,gepellet@hotmail.com,716,3804,3283,2146,1236,976,878,846,846,813,780,813,780,2276,1333,1073,976,943,976,975,943,943,943,0.67,1.85,2.55,2.9,3.03,2.9,2.9,3.03,3.03,3.03,0.08,0.12,0.16,0.19,0.2,0.25,0.32,0.33,0.27,0.42,3.21,1170,1365,2.25,1.79,0.93,0.98,0.81,0.06,0.07,0.09,0.1,0.1,0.13,0.17,0.17,0.14,0.17,0.53,0.6
PIN,2024,2024-05-16,pin_1590,2024-05-16 11:07:37,CFL_2,cflbiologie1@gmail.com,682,3478,3088,1983,1170,975,910,845,812,780,780,780,747,2080,1268,1072,1007,975,942,942,942,942,910,0.67,1.74,2.24,2.45,2.57,2.69,2.69,2.69,2.69,2.82,0.07,0.13,0.16,0.18,0.25,0.26,0.33,0.33,0.33,0.46,3.13,1300,1560,1.68,1.23,0.91,0.93,0.8,0.05,0.08,0.09,0.1,0.13,0.14,0.17,0.17,0.17,0.18,0.55,0.6
PIN,2024,2024-05-16,pin_879,2024-05-16 11:07:52,CFL_3,gepellet@hotmail.com,179,947,718,559,339,279,249,239,229,239,229,239,239,668,398,329,299,309,299,309,299,309,319,0.42,1.38,1.88,2.17,2.06,2.17,2.06,2.17,2.06,1.97,0.22,0.23,0.25,0.29,0.39,0.41,0.39,0.41,0.39,0.5,2,348,378,1.72,1.51,0.98,0.96,0.81,0.16,0.15,0.15,0.17,0.23,0.23,0.23,0.23,0.23,0.25,0.6,0.61
PIN,2024,2024-05-16,pin_219,2024-05-16 11:09:00,MRNF_2,gepellet@hotmail.com,618,3316,2828,1756,1073,911,812,813,747,747,748,715,748,1885,1170,1008,910,910,910,910,910,910,943,0.76,1.83,2.29,2.64,2.64,2.64,2.64,2.64,2.64,2.52,0.1,0.14,0.17,0.2,0.2,0.33,0.33,0.33,0.39,0.46,2.78,1138,1300,1.91,1.55,0.95,0.95,0.81,0.07,0.08,0.1,0.11,0.11,0.18,0.18,0.18,0.21,0.21,0.57,0.6
PIN,2024,2024-05-16,pin_871,2024-05-16 11:10:43,MRNF_1,gepellet@hotmail.com,289,1097,907,658,419,359,339,329,319,319,319,299,299,717,438,389,369,358,349,349,349,349,359,0.53,1.5,1.82,1.97,2.06,2.14,2.14,2.14,2.14,2.06,0.13,0.08,0.15,0.17,0.17,0.18,0.18,0.18,0.3,0.5,2.03,389,429,1.82,1.56,0.77,0.85,0.74,0.08,0.04,0.08,0.08,0.08,0.09,0.09,0.09,0.14,0.17,0.39,0.44
PIN,2024,2024-05-16,pin_1373,2024-05-16 11:18:23,CFL_2,cflbiologie1@gmail.com,552,2731,2373,1430,845,683,683,618,618,618,618,618,585,1463,910,748,748,716,716,715,716,716,716,0.87,2,2.65,2.65,2.81,2.81,2.82,2.81,2.81,2.81,0.03,0.13,0.17,0.17,0.27,0.27,0.27,0.27,0.27,0.45,3.06,846,943,2.23,1.9,0.84,0.9,0.8,0.02,0.07,0.09,0.09,0.14,0.14,0.14,0.14,0.14,0.18,0.46,0.52
PIN,2024,2024-05-16,pin_257,2024-05-16 11:20:07,MRNF_1,gepellet@hotmail.com,520,1820,1496,943,618,553,520,553,553,586,553,553,553,1073,683,618,618,650,650,683,683,683,716,0.7,1.66,1.94,1.94,1.8,1.8,1.66,1.66,1.66,1.54,0.2,0.2,0.23,0.35,0.32,0.32,0.29,0.39,0.39,0.62,1.71,943,1073,0.93,0.7,0.92,0.92,0.71,0.12,0.1,0.11,0.16,0.15,0.15,0.14,0.19,0.19,0.23,0.52,0.55
PIN,2024,2024-05-16,pin_278,2024-05-16 11:21:42,CFL_3,gepellet@hotmail.com,439,2204,1824,1226,718,628,578,548,528,519,509,499,489,1346,818,718,668,648,628,618,619,628,628,0.64,1.69,2.07,2.3,2.4,2.51,2.57,2.56,2.51,2.51,0.13,0.2,0.22,0.25,0.28,0.3,0.3,0.34,0.38,0.5,2.73,737,868,1.99,1.54,0.92,0.94,0.8,0.09,0.12,0.13,0.13,0.15,0.16,0.16,0.18,0.21,0.22,0.53,0.57
PIN,2024,2024-05-16,pin_1220,2024-05-16 11:25:53,CFL_2,cflbiologie1@gmail.com,651,3186,2796,1984,1203,1008,910,878,846,845,813,780,780,2049,1300,1073,1008,1008,976,975,943,943,943,0.55,1.45,1.97,2.16,2.16,2.26,2.27,2.38,2.38,2.38,0.04,0.12,0.11,0.18,0.23,0.24,0.25,0.26,0.32,0.39,2.58,1106,1268,1.88,1.51,0.97,0.97,0.8,0.03,0.07,0.06,0.1,0.13,0.13,0.13,0.14,0.17,0.17,0.56,0.59
PIN,2024,2024-05-16,pin_480,2024-05-16 11:28:43,MRNF_1,gepellet@hotmail.com,585,3056,2666,1821,1041,812,748,682,650,650,617,650,650,1885,1138,943,813,780,747,748,715,715,748,0.62,1.69,2.24,2.76,2.92,3.09,3.09,3.27,3.27,3.09,0.05,0.14,0.25,0.15,0.24,0.26,0.26,0.28,0.18,0.33,3.1,845,943,2.62,2.24,0.86,0.91,0.81,0.03,0.09,0.14,0.08,0.13,0.13,0.13,0.14,0.09,0.13,0.46,0.52
PIN,2024,2024-05-16,pin_556,2024-05-16 11:33:08,CFL_3,gepellet@hotmail.com,329,1566,1216,818,499,419,379,359,419,369,349,349,349,937,568,479,439,429,508,459,439,429,439,0.67,1.76,2.27,2.57,2.65,2.08,2.41,2.57,2.65,2.57,0.18,0.21,0.23,0.27,0.32,0.32,0.37,0.4,0.37,0.47,2.48,469,529,2.34,1.96,0.92,0.98,0.79,0.13,0.12,0.13,0.14,0.16,0.18,0.2,0.21,0.19,0.21,0.49,0.55
PIN,2024,2024-05-16,pin_1213,2024-05-16 11:33:26,CFL_2,cflbiologie1@gmail.com,536,2794,2414,1690,1002,823,739,697,678,667,659,659,654,1751,1057,877,805,773,765,765,768,773,778,0.6,1.64,2.19,2.47,2.61,2.65,2.65,2.64,2.61,2.59,0.05,0.08,0.11,0.15,0.18,0.21,0.24,0.26,0.27,0.37,2.69,893,1019,2.13,1.74,0.89,0.93,0.81,0.03,0.05,0.06,0.08,0.1,0.11,0.13,0.14,0.15,0.16,0.51,0.56
PIN,2024,2024-05-16,pin_548,2024-05-16 11:35:05,MRNF_2,gepellet@hotmail.com,682,2796,2438,1885,1105,878,748,650,617,618,585,585,585,1951,1203,943,813,748,748,715,715,682,683,0.43,1.32,1.97,2.44,2.74,2.74,2.91,2.91,3.1,3.09,0.05,0.14,0.13,0.17,0.29,0.39,0.31,0.41,0.33,0.38,3.17,813,976,2.44,1.86,1.1,1.16,0.76,0.03,0.08,0.07,0.08,0.13,0.18,0.14,0.18,0.14,0.14,0.52,0.6
PIN,2024,2024-05-16,pin_1062,2024-05-16 11:41:56,CFL_2,cflbiologie1@gmail.com,553,2926,2536,1789,1008,845,748,716,683,683,650,683,683,1854,1106,878,846,813,781,748,780,813,781,0.58,1.65,2.33,2.46,2.6,2.75,2.91,2.75,2.6,2.75,0.05,0.14,0.07,0.21,0.22,0.24,0.17,0.31,0.29,0.3,2.71,878,975,2.33,2,0.86,0.91,0.81,0.04,0.09,0.04,0.12,0.12,0.13,0.09,0.17,0.16,0.13,0.48,0.53
PIN,2024,2024-05-16,pin_773,2024-05-16 11:43:37,CFL_3,gepellet@hotmail.com,498,2592,2203,1475,857,668,598,558,548,538,538,538,538,1575,927,738,668,628,638,628,628,628,638,0.65,1.8,2.51,2.88,3.13,3.06,3.13,3.13,3.13,3.06,0.09,0.13,0.17,0.2,0.22,0.28,0.28,0.28,0.28,0.4,3.09,768,878,2.38,1.95,0.87,0.91,0.81,0.06,0.08,0.09,0.1,0.11,0.14,0.14,0.14,0.14,0.16,0.48,0.53
PIN,2024,2024-05-16,pin_746,2024-05-16 11:46:34,MRNF_1,gepellet@hotmail.com,975,5462,5039,4064,2341,1788,1561,1398,1365,1333,1300,1300,1268,4097,2406,1885,1626,1528,1496,1430,1430,1430,1431,0.33,1.27,1.9,2.36,2.57,2.65,2.82,2.82,2.82,2.82,0.01,0.04,0.08,0.07,0.15,0.16,0.12,0.17,0.17,0.26,2.97,1626,1853,2.36,1.95,0.9,0.95,0.82,0.01,0.03,0.05,0.04,0.09,0.09,0.07,0.09,0.09,0.11,0.52,0.58
PIN,2024,2024-05-16,pin_535,2024-05-16 11:50:19,CFL_2,cflbiologie1@gmail.com,553,2178,1951,1593,1073,910,878,812,780,780,780,780,715,1626,1138,943,911,878,845,812,813,780,812,0.34,0.91,1.31,1.39,1.48,1.58,1.68,1.68,1.79,1.68,0.03,0.09,0.06,0.07,0.14,0.14,0.08,0.08,0,0.37,1.73,878,911,1.48,1.39,0.75,0.84,0.75,0.02,0.06,0.03,0.04,0.08,0.08,0.04,0.04,0,0.12,0.41,0.46
PIN,2024,2024-05-16,pin_1205,2024-05-16 11:55:42,CFL_3,gepellet@hotmail.com,329,1705,1336,917,568,488,448,428,418,409,399,399,409,1047,638,569,528,518,508,508,499,489,519,0.63,1.67,2,2.23,2.29,2.36,2.36,2.42,2.49,2.29,0.17,0.18,0.24,0.27,0.31,0.32,0.35,0.36,0.34,0.44,2.27,569,638,2,1.67,0.93,0.95,0.81,0.12,0.11,0.14,0.15,0.17,0.18,0.19,0.2,0.18,0.21,0.54,0.58
PIN,2024,2024-05-16,pin_1204,2024-05-16 11:57:57,MRNF_1,gepellet@hotmail.com,715,3348,2894,2081,1235,1072,975,911,878,845,845,813,813,2243,1365,1170,1040,1008,1008,975,975,943,975,0.49,1.45,1.86,2.22,2.32,2.32,2.43,2.43,2.55,2.43,0.1,0.16,0.15,0.12,0.18,0.25,0.26,0.26,0.27,0.42,2.56,1138,1301,1.94,1.57,0.92,0.93,0.79,0.07,0.1,0.08,0.06,0.1,0.13,0.13,0.13,0.14,0.17,0.51,0.55
PIN,2024,2024-05-16,pin_689,2024-05-16 11:58:39,CFL_2,cflbiologie1@gmail.com,478,2203,2014,1625,1186,1037,957,917,887,857,837,827,807,1685,1216,1077,1017,977,947,927,907,897,887,0.31,0.81,1.05,1.17,1.25,1.33,1.38,1.43,1.46,1.48,0.05,0.04,0.06,0.09,0.1,0.1,0.13,0.13,0.13,0.2,1.5,957,1027,1.3,1.15,0.85,0.9,0.78,0.04,0.02,0.04,0.06,0.06,0.06,0.08,0.08,0.08,0.09,0.52,0.56
PIN,2024,2024-05-16,pin_393,2024-05-16 12:02:15,MRNF_2,gepellet@hotmail.com,439,2213,1895,1386,848,708,638,628,598,588,588,588,578,1536,967,818,758,747,738,748,748,748,758,0.44,1.29,1.71,1.92,1.96,2,1.96,1.96,1.96,1.92,0.13,0.19,0.22,0.27,0.28,0.33,0.37,0.37,0.37,0.47,2.28,867,1036,1.55,1.14,0.97,1,0.8,0.1,0.12,0.13,0.16,0.16,0.19,0.21,0.21,0.21,0.24,0.6,0.65
PIN,2024,2024-05-16,pin_1355,2024-05-16 12:06:34,CFL_3,gepellet@hotmail.com,682,3251,2861,2244,1496,1236,1106,1008,943,943,911,910,878,2341,1593,1301,1138,1138,1073,1040,1041,1008,1040,0.39,1.04,1.5,1.86,1.86,2.03,2.13,2.12,2.23,2.13,0.06,0.09,0.08,0.05,0.2,0.22,0.17,0.23,0.18,0.36,2.26,1333,1560,1.44,1.08,0.92,0.97,0.79,0.04,0.06,0.05,0.03,0.11,0.12,0.09,0.12,0.1,0.16,0.56,0.62
PIN,2024,2024-05-16,pin_1307,2024-05-16 12:08:52,CFL_2,cflbiologie1@gmail.com,468,2203,1824,1017,668,598,548,518,508,499,499,489,489,1126,757,658,628,608,598,589,589,599,599,0.96,1.91,2.35,2.51,2.62,2.68,2.74,2.74,2.68,2.68,0.15,0.21,0.17,0.25,0.29,0.3,0.31,0.31,0.37,0.46,2.73,758,897,1.91,1.46,0.92,0.96,0.79,0.1,0.12,0.09,0.13,0.15,0.15,0.15,0.15,0.18,0.18,0.51,0.58
PIN,2024,2024-05-16,pin_1840,2024-05-16 12:13:41,MRNF_2,gepellet@hotmail.com,409,2014,1635,1236,777,638,568,528,518,508,488,499,488,1406,907,747,678,648,628,618,618,638,628,0.43,1.22,1.7,1.97,2.11,2.21,2.26,2.26,2.16,2.21,0.17,0.22,0.25,0.29,0.33,0.32,0.33,0.39,0.39,0.47,2.35,767,907,1.63,1.22,0.95,0.98,0.8,0.12,0.14,0.15,0.16,0.19,0.18,0.18,0.21,0.22,0.22,0.57,0.63
PIN,2024,2024-05-16,pin_4411,2024-05-16 12:21:08,CFL_3,gepellet@hotmail.com,408,1794,1416,918,618,559,538,508,488,479,469,468,459,1027,708,648,638,628,608,598,608,598,599,0.75,1.53,1.77,1.81,1.86,1.95,2,1.95,2,1.99,0.16,0.22,0.25,0.29,0.35,0.37,0.37,0.43,0.41,0.5,2.08,778,928,1.31,0.93,0.97,0.98,0.77,0.11,0.13,0.14,0.16,0.19,0.2,0.2,0.23,0.22,0.23,0.58,0.62
PIN,2024,2024-05-16,pin_4482,2024-05-16 12:24:57,MRNF_1,gepellet@hotmail.com,488,2243,1756,1105,715,650,683,650,618,618,618,585,617,1203,813,781,748,748,748,748,780,748,748,0.86,1.76,1.87,2,2,2,2,1.88,2,2,0.12,0.21,0.3,0.16,0.24,0.32,0.32,0.37,0.4,0.37,1.85,911,1040,1.46,1.16,0.96,0.95,0.78,0.08,0.12,0.17,0.09,0.13,0.17,0.17,0.21,0.22,0.18,0.57,0.59
PIN,2024,2024-05-16,pin_4716,2024-05-16 12:29:13,CFL_3,gepellet@hotmail.com,239,678,568,498,368,349,329,319,319,299,300,309,299,658,488,438,439,419,429,419,408,409,409,0.03,0.39,0.55,0.54,0.62,0.58,0.62,0.66,0.66,0.66,0.38,0.43,0.37,0.46,0.45,0.48,0.54,0.5,0.47,0.58,0.9,578,648,0.17,0.05,0.96,0.99,0.65,0.24,0.25,0.2,0.25,0.24,0.26,0.29,0.26,0.24,0.27,0.59,0.63
PIN,2024,2024-05-16,pin_4791,2024-05-16 12:32:56,MRNF_1,cflbiologie1@gmail.com,520,1918,1561,910,553,455,423,423,423,423,423,423,422,942,585,520,455,456,455,455,488,455,455,1.04,2.28,2.69,3.22,3.21,3.22,3.22,2.93,3.22,3.22,0.06,0.12,0.3,0.18,0.19,0.18,0.18,0.33,0.18,0.34,2.7,585,682,2.28,1.81,0.87,0.88,0.73,0.03,0.05,0.12,0.07,0.07,0.07,0.07,0.13,0.07,0.07,0.39,0.43
PIN,2024,2024-05-16,pin_5096,2024-05-16 12:38:05,CFL_3,gepellet@hotmail.com,520,2081,1690,975,651,553,520,488,487,455,455,487,455,1073,683,585,585,553,552,552,552,553,553,0.94,2.05,2.56,2.56,2.76,2.77,2.77,2.77,2.76,2.76,0.15,0.09,0.12,0.24,0.26,0.27,0.4,0.4,0.27,0.5,2.71,780,877,1.67,1.37,0.86,0.93,0.75,0.09,0.05,0.05,0.11,0.12,0.12,0.18,0.18,0.12,0.18,0.46,0.52
PIN,2024,2024-05-16,pin_4262,2024-05-16 12:47:46,CFL_3,gepellet@hotmail.com,389,1546,1186,717,458,399,359,369,349,349,349,349,339,817,508,449,419,429,419,429,418,429,439,0.89,2.04,2.44,2.69,2.6,2.69,2.6,2.7,2.6,2.52,0.2,0.2,0.24,0.32,0.31,0.37,0.41,0.37,0.41,0.59,2.5,538,628,1.87,1.46,0.98,0.99,0.75,0.12,0.1,0.11,0.14,0.14,0.17,0.19,0.17,0.19,0.23,0.5,0.54
PIN,2024,2024-05-16,pin_4474,2024-05-16 12:48:44,CFL_2,cflbiologie1@gmail.com,259,668,529,369,259,229,219,210,200,209,199,200,190,408,279,249,229,239,229,230,220,219,230,0.64,1.39,1.68,1.92,1.79,1.92,1.9,2.04,2.05,1.9,0.19,0.18,0.22,0.12,0.34,0.36,0.26,0.28,0.25,0.67,1.78,250,279,1.67,1.39,0.75,0.89,0.61,0.1,0.07,0.08,0.04,0.12,0.13,0.09,0.1,0.09,0.17,0.28,0.35
PIN,2024,2024-05-16,pin_4772,2024-05-16 12:55:15,MRNF_2,gepellet@hotmail.com,617,2829,2048,845,618,585,553,585,552,585,585,552,585,943,683,650,650,682,683,683,682,682,715,2,3.14,3.35,3.35,3.15,3.14,3.14,3.15,3.15,2.96,0.19,0.21,0.22,0.33,0.31,0.41,0.31,0.31,0.41,0.57,2.5,878,1040,2.22,1.72,0.84,0.93,0.78,0.1,0.1,0.1,0.15,0.14,0.19,0.14,0.14,0.19,0.18,0.44,0.53
PIN,2024,2024-05-16,pin_5923,2024-05-16 12:58:30,CFL_2,cflbiologie1@gmail.com,438,1885,1516,718,489,459,439,439,439,439,429,439,429,788,539,519,509,509,509,529,529,539,539,1.39,2.5,2.63,2.7,2.7,2.7,2.56,2.56,2.5,2.5,0.15,0.19,0.24,0.29,0.29,0.29,0.35,0.39,0.38,0.55,2.53,718,878,1.63,1.15,0.95,0.98,0.77,0.09,0.09,0.12,0.14,0.14,0.14,0.17,0.19,0.19,0.2,0.53,0.59
PIN,2024,2024-05-16,pin_5996,2024-05-16 13:02:41,MRNF_1,gepellet@hotmail.com,455,1236,943,586,390,325,357,357,357,357,325,358,358,618,422,390,390,422,422,390,422,422,423,1,1.93,2.17,2.17,1.93,1.93,2.17,1.93,1.93,1.92,0.11,0.21,0.47,0.24,0.42,0.42,0.24,0.62,0.41,0.5,1.63,748,910,0.65,0.36,0.94,1.02,0.63,0.05,0.08,0.17,0.08,0.15,0.15,0.08,0.23,0.15,0.15,0.48,0.57
PIN,2024,2024-05-16,pin_6073,2024-05-16 13:04:23,CFL_3,gepellet@hotmail.com,650,2471,2113,1138,682,553,585,520,553,520,553,520,553,1203,748,650,618,585,618,618,618,651,618,1.05,2.3,2.8,3,3.22,3,3,3,2.8,3,0.09,0.19,0.35,0.13,0.28,0.26,0.38,0.26,0.47,0.33,2.82,780,878,2.17,1.81,0.98,0.89,0.74,0.05,0.09,0.15,0.05,0.11,0.11,0.16,0.11,0.2,0.11,0.46,0.45
PIN,2024,2024-05-16,pin_4538,2024-05-16 13:04:40,MRNF_2,gepellet@hotmail.com,585,2959,2374,1202,780,715,682,650,650,618,618,618,618,1301,878,812,780,780,780,780,780,780,780,1.27,2.37,2.64,2.79,2.79,2.79,2.79,2.79,2.79,2.79,0.12,0.2,0.23,0.24,0.32,0.32,0.4,0.4,0.4,0.5,2.84,1007,1202,1.94,1.46,0.89,0.96,0.8,0.08,0.11,0.12,0.13,0.17,0.17,0.21,0.21,0.21,0.21,0.52,0.59
PIN,2024,2024-05-16,pin_5988,2024-05-16 13:09:49,CFL_2,cflbiologie1@gmail.com,618,3023,2601,1625,910,780,715,682,650,650,682,650,682,1723,1007,813,780,780,747,780,780,780,812,0.75,2,2.72,2.88,2.88,3.05,2.88,2.88,2.88,2.72,0.08,0.17,0.08,0.17,0.25,0.26,0.33,0.25,0.33,0.36,2.81,943,1137,2.21,1.66,1.01,0.96,0.8,0.06,0.1,0.04,0.08,0.13,0.13,0.17,0.13,0.17,0.16,0.55,0.57
PIN,2024,2024-05-16,pin_6066,2024-05-16 13:11:05,MRNF_1,gepellet@hotmail.com,780,3609,3056,1755,1041,846,813,780,780,781,748,780,780,1885,1106,975,910,846,910,911,910,910,943,0.91,2.26,2.7,2.97,3.27,2.97,2.96,2.97,2.97,2.83,0.11,0.11,0.27,0.22,0.17,0.3,0.3,0.37,0.3,0.42,2.92,1171,1366,2.08,1.64,0.92,0.99,0.78,0.07,0.06,0.13,0.11,0.08,0.14,0.14,0.18,0.14,0.17,0.5,0.57
PIN,2024,2024-05-16,pin_4436,2024-05-16 13:12:24,MRNF_2,gepellet@hotmail.com,520,1821,1593,813,552,487,455,422,455,455,422,455,423,878,585,552,487,487,487,487,487,487,487,1.07,2.11,2.3,2.74,2.74,2.74,2.74,2.74,2.74,2.74,0.14,0.13,0.27,0.16,0.33,0.16,0.16,0.33,0.16,0.5,2.77,618,747,1.95,1.44,0.69,0.86,0.71,0.07,0.06,0.12,0.07,0.13,0.07,0.07,0.13,0.07,0.13,0.32,0.43
PIN,2024,2024-05-16,pin_5419,2024-05-16 13:20:30,CFL_2,cflbiologie1@gmail.com,552,2569,2145,975,585,520,488,488,487,488,487,487,487,1073,650,585,553,553,552,585,585,585,617,1.39,2.95,3.39,3.65,3.65,3.65,3.39,3.39,3.39,3.16,0.15,0.21,0.24,0.27,0.27,0.27,0.37,0.37,0.37,0.5,3.4,747,877,2.44,1.93,0.84,1,0.79,0.09,0.1,0.11,0.12,0.12,0.12,0.17,0.17,0.17,0.21,0.43,0.56
PIN,2024,2024-05-16,pin_4241,2024-05-16 13:24:04,MRNF_2,gepellet@hotmail.com,552,2406,1853,845,585,520,488,520,520,520,520,520,520,943,618,585,618,618,618,618,650,651,683,1.55,2.89,3.11,2.89,2.89,2.89,2.89,2.7,2.7,2.52,0.18,0.12,0.25,0.45,0.34,0.34,0.34,0.42,0.42,0.63,2.56,878,975,1.74,1.47,0.94,0.98,0.77,0.1,0.05,0.11,0.21,0.16,0.16,0.16,0.2,0.2,0.24,0.52,0.57
PIN,2024,2024-05-16,pin_5341,2024-05-16 13:24:19,MRNF_1,gepellet@hotmail.com,585,2568,2049,1008,683,618,585,553,553,585,585,553,585,1138,716,683,650,683,683,683,683,683,716,1.26,2.59,2.76,2.95,2.76,2.76,2.76,2.76,2.76,2.59,0.19,0.09,0.2,0.22,0.4,0.4,0.3,0.3,0.4,0.5,2.5,878,1105,1.92,1.32,0.9,0.99,0.77,0.11,0.05,0.1,0.1,0.19,0.19,0.14,0.14,0.19,0.18,0.48,0.59
PIN,2024,2024-05-16,pin_5224,2024-05-16 13:27:03,CFL_3,gepellet@hotmail.com,618,2471,1918,846,553,488,488,488,488,488,520,488,488,911,585,553,553,553,553,585,586,586,618,1.71,3.22,3.47,3.47,3.47,3.47,3.22,3.22,3.22,3,0.14,0.13,0.29,0.29,0.29,0.29,0.4,0.27,0.4,0.67,2.93,748,878,2.3,1.81,0.82,1,0.75,0.07,0.05,0.12,0.12,0.12,0.12,0.17,0.11,0.17,0.21,0.39,0.52
PIN,2024,2024-05-16,pin_4681,2024-05-16 13:34:09,MRNF_2,gepellet@hotmail.com,520,1398,1008,553,455,422,422,423,390,422,422,422,422,585,487,488,455,488,487,520,520,520,552,1.39,1.87,1.86,2.07,1.86,1.87,1.69,1.69,1.69,1.53,0.13,0.18,0.36,0.2,0.36,0.54,0.49,0.49,0.49,0.67,1.39,650,780,1.15,0.79,0.91,1.03,0.63,0.05,0.07,0.14,0.07,0.13,0.2,0.19,0.19,0.19,0.24,0.4,0.5
PIN,2024,2024-05-16,pin_5141,2024-05-16 13:40:17,MRNF_1,gepellet@hotmail.com,780,3446,2959,1333,813,715,650,650,585,618,618,650,650,1398,845,715,715,683,715,715,715,715,747,1.46,3.08,3.82,3.82,4.05,3.82,3.82,3.82,3.82,3.61,0.08,0.08,0,0.22,0.12,0.44,0.33,0.33,0.22,0.43,3.55,1106,1398,2.12,1.46,0.9,0.96,0.77,0.05,0.04,0,0.09,0.05,0.18,0.14,0.14,0.09,0.13,0.47,0.56
PIN,2024,2024-05-16,pin_4970,2024-05-16 13:42:03,CFL_3,gepellet@hotmail.com,715,1983,1495,715,553,520,520,488,487,455,488,455,455,715,585,553,553,553,520,520,520,520,520,1.77,2.39,2.59,2.59,2.59,2.81,2.81,2.81,2.81,2.81,0,0.16,0.18,0.18,0.36,0.2,0.39,0.19,0.39,0.66,2.29,715,813,1.77,1.44,0.93,1.05,0.64,0,0.05,0.06,0.06,0.12,0.06,0.12,0.06,0.12,0.12,0.36,0.44
PIN,2024,2024-05-16,pin_4990,2024-05-16 13:48:23,MRNF_1,gepellet@hotmail.com,911,3902,3251,1691,943,780,748,748,715,748,747,748,715,1723,1008,845,813,812,780,813,780,845,812,1.26,2.87,3.62,3.8,3.81,4,3.8,4,3.62,3.81,0.03,0.14,0.19,0.2,0.19,0.21,0.2,0.11,0.28,0.5,3.55,1040,1203,2.75,2.24,0.8,0.91,0.77,0.02,0.06,0.08,0.08,0.08,0.08,0.08,0.04,0.11,0.12,0.38,0.46
PIN,2024,2024-05-16,pin_4760,2024-05-16 13:52:57,CFL_3,gepellet@hotmail.com,300,918,628,319,249,240,240,240,240,220,230,229,230,369,280,269,280,270,280,279,289,289,299,1.49,2.28,2.41,2.28,2.4,2.28,2.29,2.18,2.18,2.07,0.3,0.29,0.29,0.37,0.29,0.37,0.55,0.52,0.53,0.63,1.73,369,399,1.49,1.3,0.96,1,0.67,0.14,0.11,0.11,0.14,0.11,0.14,0.21,0.2,0.21,0.23,0.43,0.47
PIN,2024,2024-05-16,pin_3085,2024-05-16 14:04:49,MRNF_1,gepellet@hotmail.com,943,3739,2991,1170,780,747,716,683,716,683,683,716,715,1202,878,780,780,748,748,780,781,780,813,2.11,3.26,3.79,3.79,4,4,3.79,3.79,3.79,3.6,0.05,0.27,0.11,0.21,0.23,0.11,0.33,0.33,0.21,0.43,3.18,1008,1171,2.71,2.19,0.8,0.92,0.75,0.03,0.11,0.04,0.08,0.09,0.04,0.12,0.13,0.08,0.12,0.36,0.44
PIN,2024,2024-05-16,pin_2842,2024-05-16 14:06:12,CFL_3,gepellet@hotmail.com,487,1235,1008,682,488,423,390,390,391,357,358,390,357,747,520,455,423,423,423,422,455,455,423,0.65,1.38,1.71,1.92,1.92,1.92,1.93,1.71,1.71,1.92,0.18,0.16,0.19,0.23,0.23,0.22,0.45,0.59,0.4,0.67,1.82,520,585,1.38,1.11,0.95,0.93,0.61,0.09,0.06,0.07,0.08,0.08,0.08,0.15,0.21,0.14,0.16,0.38,0.39
PIN,2024,2024-05-16,pin_3601,2024-05-16 14:14:29,MRNF_2,gepellet@hotmail.com,585,1659,1300,780,488,455,423,390,390,390,390,390,390,845,520,488,455,423,422,455,423,423,455,0.96,2.19,2.4,2.65,2.92,2.93,2.65,2.92,2.92,2.65,0.16,0.17,0.19,0.21,0.24,0.24,0.43,0.24,0.24,0.5,2.33,552,617,2.01,1.69,0.77,0.91,0.65,0.08,0.06,0.07,0.07,0.08,0.08,0.14,0.08,0.08,0.14,0.29,0.37
PIN,2024,2024-05-16,pin_2467,2024-05-16 14:15:05,CFL_3,gepellet@hotmail.com,349,1396,1007,469,349,329,319,299,309,299,300,309,289,559,409,388,379,369,369,369,368,369,369,1.5,2.41,2.6,2.68,2.78,2.78,2.78,2.79,2.78,2.78,0.3,0.31,0.33,0.35,0.43,0.37,0.43,0.42,0.37,0.67,2.48,588,708,1.37,0.97,0.97,0.98,0.75,0.16,0.15,0.15,0.16,0.19,0.16,0.19,0.18,0.16,0.22,0.54,0.59
PIN,2024,2024-05-16,pin_2237,2024-05-16 14:17:28,MRNF_1,gepellet@hotmail.com,878,2634,1593,715,552,553,552,553,552,553,553,520,553,715,586,585,585,585,585,553,585,586,586,2.68,3.49,3.5,3.5,3.5,3.5,3.76,3.5,3.49,3.49,0,0.19,0.18,0.18,0.18,0.18,0,0.18,0.37,0.25,1.88,748,812,2.52,2.24,0.84,0.84,0.67,0,0.06,0.05,0.06,0.05,0.06,0,0.05,0.11,0.06,0.3,0.32
PIN,2024,2024-05-16,pin_3254,2024-05-16 14:20:36,CFL_2,cflbiologie1@gmail.com,585,2276,1723,716,520,455,455,423,455,455,487,487,455,781,552,488,488,488,520,552,552,552,552,1.91,3.12,3.66,3.66,3.66,3.38,3.12,3.12,3.12,3.12,0.17,0.14,0.18,0.18,0.35,0.31,0.43,0.29,0.29,0.5,2.79,650,748,2.5,2.04,0.77,0.98,0.74,0.08,0.06,0.07,0.07,0.13,0.12,0.18,0.12,0.12,0.18,0.35,0.48
PIN,2024,2024-05-16,pin_3621,2024-05-16 14:21:55,MRNF_2,gepellet@hotmail.com,309,997,708,359,279,260,249,249,249,249,249,249,249,399,309,310,299,309,319,319,319,329,339,1.5,2.23,2.22,2.33,2.23,2.13,2.13,2.13,2.03,1.94,0.21,0.24,0.39,0.42,0.48,0.53,0.53,0.53,0.57,0.7,1.84,439,509,1.27,0.96,0.92,0.96,0.69,0.1,0.1,0.16,0.17,0.19,0.22,0.22,0.22,0.24,0.27,0.46,0.51
PIN,2024,2024-05-16,pin_2158,2024-05-16 14:25:51,CFL_3,gepellet@hotmail.com,586,1951,1528,650,455,423,423,391,390,390,390,390,390,683,488,456,423,423,423,423,455,423,455,1.86,3,3.28,3.61,3.61,3.61,3.61,3.29,3.61,3.29,0.11,0.18,0.21,0,0.23,0.23,0.23,0.41,0.23,0.5,2.92,585,781,2.34,1.5,0.94,0.95,0.7,0.05,0.07,0.07,0,0.08,0.08,0.08,0.14,0.08,0.14,0.39,0.46
PIN,2024,2024-05-16,pin_3904,2024-05-16 14:29:36,MRNF_2,gepellet@hotmail.com,553,2178,1820,1008,617,520,488,456,456,455,455,456,456,1072,650,585,521,553,553,520,553,520,553,1.03,2.35,2.72,3.18,2.94,2.94,3.19,2.94,3.19,2.94,0.1,0.11,0.25,0.15,0.41,0.41,0.3,0.41,0.3,0.5,2.99,651,780,2.35,1.79,0.86,0.89,0.75,0.06,0.05,0.11,0.06,0.18,0.18,0.12,0.18,0.12,0.18,0.4,0.46
PIN,2024,2024-05-16,pin_2076,2024-05-16 14:35:06,CFL_3,gepellet@hotmail.com,683,3609,3153,1886,943,781,780,748,748,748,748,716,748,1984,1041,910,845,845,845,878,878,878,878,0.82,2.47,2.97,3.27,3.27,3.27,3.11,3.11,3.11,3.11,0.07,0.17,0.27,0.15,0.23,0.23,0.29,0.29,0.36,0.36,3.22,1073,1203,2.36,2,0.92,0.96,0.81,0.05,0.09,0.14,0.08,0.11,0.11,0.15,0.15,0.18,0.15,0.51,0.57
PIN,2024,2024-05-16,pin_3361,2024-05-16 14:35:44,CFL_2,cflbiologie1@gmail.com,489,2064,1675,738,499,439,419,419,419,419,418,428,428,798,538,479,469,479,479,489,498,498,508,1.59,2.84,3.31,3.4,3.31,3.31,3.22,3.14,3.14,3.06,0.14,0.16,0.2,0.25,0.29,0.29,0.33,0.37,0.32,0.5,2.91,678,807,2.04,1.56,0.86,0.93,0.76,0.08,0.07,0.08,0.11,0.13,0.13,0.14,0.16,0.14,0.16,0.44,0.52
PIN,2024,2024-05-16,pin_4007,2024-05-16 14:37:53,MRNF_2,gepellet@hotmail.com,469,1635,1227,668,419,369,359,359,359,349,348,348,349,717,459,409,409,409,408,419,428,428,418,1.28,2.56,3,3,3,3.01,2.9,2.82,2.82,2.91,0.13,0.21,0.26,0.32,0.32,0.31,0.43,0.47,0.47,0.53,2.52,518,568,2.16,1.88,0.92,0.91,0.71,0.07,0.09,0.1,0.12,0.12,0.12,0.17,0.19,0.19,0.17,0.4,0.42
PIN,2024,2024-05-16,pin_2196,2024-05-16 14:44:03,CFL_3,gepellet@hotmail.com,329,1505,1117,658,458,399,379,369,369,368,358,368,369,757,538,478,469,459,478,478,499,508,508,0.99,1.8,2.15,2.21,2.28,2.15,2.15,2.02,1.96,1.96,0.2,0.27,0.31,0.36,0.38,0.43,0.43,0.52,0.5,0.61,2.03,638,758,1.36,0.99,0.93,0.98,0.78,0.13,0.15,0.17,0.19,0.2,0.23,0.23,0.28,0.28,0.27,0.56,0.63
PIN,2024,2024-05-16,pin_3969,2024-05-16 14:45:45,MRNF_2,gepellet@hotmail.com,419,2103,1675,997,608,508,478,458,449,459,449,459,439,1117,678,578,538,538,538,538,538,548,558,0.88,2.1,2.64,2.91,2.91,2.91,2.91,2.91,2.84,2.77,0.16,0.18,0.23,0.22,0.29,0.33,0.29,0.33,0.32,0.52,2.82,658,768,2.2,1.74,0.92,0.96,0.8,0.11,0.1,0.12,0.11,0.15,0.17,0.15,0.17,0.16,0.21,0.52,0.57
PIN,2024,2024-05-16,pin_2367,2024-05-16 14:46:42,MRNF_1,gepellet@hotmail.com,650,2698,2244,1138,748,683,650,651,650,651,650,683,650,1235,845,748,748,748,748,748,780,781,813,1.18,2.19,2.61,2.61,2.61,2.61,2.61,2.46,2.45,2.32,0.13,0.23,0.19,0.28,0.28,0.28,0.28,0.35,0.26,0.5,2.45,975,1138,1.77,1.37,0.88,0.9,0.76,0.08,0.11,0.09,0.13,0.13,0.13,0.13,0.17,0.13,0.2,0.47,0.51
PIN,2024,2024-05-16,pin_2521,2024-05-16 14:52:02,CFL_3,gepellet@hotmail.com,650,3316,2796,1593,976,813,748,748,715,683,683,650,683,1691,1041,911,846,846,846,813,813,813,813,0.96,2.19,2.64,2.92,2.92,2.92,3.08,3.08,3.08,3.08,0.09,0.11,0.2,0.23,0.23,0.3,0.32,0.32,0.4,0.44,3.09,1073,1203,2.09,1.76,0.9,0.95,0.8,0.06,0.06,0.11,0.12,0.12,0.15,0.16,0.16,0.2,0.16,0.52,0.57
PIN,2024,2024-05-16,pin_2954,2024-05-16 14:55:35,CFL_2,cflbiologie1@gmail.com,349,1396,1107,698,429,379,359,349,349,349,349,339,359,768,469,419,399,399,399,409,419,419,429,0.82,1.98,2.33,2.5,2.5,2.5,2.41,2.33,2.33,2.25,0.15,0.17,0.2,0.22,0.27,0.27,0.31,0.35,0.4,0.44,2.08,508,598,1.75,1.33,0.86,0.95,0.75,0.09,0.09,0.1,0.1,0.13,0.13,0.15,0.17,0.19,0.16,0.45,0.53
PIN,2024,2024-05-16,pin_3134,2024-05-16 14:56:03,MRNF_2,gepellet@hotmail.com,468,1964,1536,738,509,449,429,409,399,399,389,389,379,818,559,499,489,469,469,459,459,459,459,1.4,2.51,2.94,3.02,3.19,3.19,3.28,3.28,3.28,3.28,0.17,0.19,0.22,0.28,0.3,0.34,0.31,0.36,0.36,0.57,3.05,608,718,2.23,1.74,0.86,0.98,0.76,0.1,0.09,0.1,0.12,0.13,0.15,0.13,0.15,0.15,0.17,0.43,0.53
PIN,2024,2024-05-16,pin_2497,2024-05-16 14:56:45,MRNF_1,gepellet@hotmail.com,498,1087,967,678,478,439,429,429,419,409,419,429,419,688,498,468,448,448,448,448,438,438,448,0.58,1.18,1.32,1.43,1.43,1.43,1.43,1.48,1.48,1.43,0.03,0.11,0.18,0.13,0.13,0.2,0.27,0.13,0.06,0.37,1.31,518,568,1.1,0.91,0.69,0.73,0.54,0.01,0.04,0.06,0.04,0.04,0.06,0.09,0.04,0.02,0.06,0.25,0.28
PIN,2024,2024-05-16,pin_2512,2024-05-16 15:00:16,CFL_3,gepellet@hotmail.com,249,1077,817,449,309,289,279,279,279,279,269,269,269,529,359,339,329,339,349,349,349,359,359,1.04,2,2.18,2.27,2.18,2.09,2.09,2.09,2,2,0.24,0.26,0.29,0.3,0.35,0.39,0.39,0.44,0.48,0.6,2.04,439,509,1.45,1.12,0.91,0.96,0.77,0.15,0.14,0.15,0.15,0.18,0.2,0.2,0.23,0.25,0.25,0.52,0.59
PIN,2024,2024-05-16,pin_3061,2024-05-16 15:04:07,MRNF_2,gepellet@hotmail.com,499,2094,1715,848,559,488,459,438,429,439,429,429,418,917,608,548,518,508,488,499,509,509,508,1.28,2.44,2.82,3.04,3.12,3.29,3.2,3.11,3.11,3.12,0.13,0.17,0.24,0.26,0.32,0.28,0.28,0.36,0.36,0.57,3.1,648,748,2.23,1.8,0.83,0.95,0.76,0.08,0.08,0.11,0.11,0.14,0.12,0.12,0.16,0.16,0.18,0.42,0.51
PIN,2024,2024-05-16,pin_2437,2024-05-16 15:05:35,MRNF_1,gepellet@hotmail.com,780,3446,2991,1723,1073,910,878,845,813,845,813,813,780,1788,1170,1008,976,910,910,943,943,943,910,0.93,1.95,2.42,2.53,2.79,2.79,2.65,2.65,2.65,2.79,0.06,0.15,0.19,0.2,0.15,0.22,0.22,0.29,0.29,0.4,2.83,1170,1300,1.95,1.65,0.93,0.93,0.77,0.04,0.08,0.1,0.1,0.07,0.11,0.1,0.14,0.14,0.14,0.5,0.52
PIN,2024,2024-05-16,pin_2740,2024-05-16 15:12:16,CFL_2,cflbiologie1@gmail.com,553,2601,2210,1333,812,650,618,585,586,586,585,585,585,1398,877,748,716,682,683,683,683,683,715,0.86,1.97,2.48,2.63,2.81,2.81,2.81,2.81,2.81,2.64,0.07,0.13,0.25,0.27,0.29,0.29,0.29,0.29,0.29,0.45,2.78,877,1040,1.97,1.5,0.87,0.94,0.79,0.05,0.07,0.13,0.14,0.14,0.14,0.14,0.14,0.14,0.18,0.48,0.56
PIN,2024,2024-05-16,pin_2757,2024-05-16 15:17:56,MRNF_2,gepellet@hotmail.com,716,4129,3642,2568,1365,1041,943,910,878,845,878,878,846,2698,1431,1138,1073,1040,1008,1008,1008,1008,1008,0.53,1.89,2.63,2.85,2.97,3.1,3.1,3.1,3.1,3.1,0.06,0.07,0.15,0.22,0.23,0.24,0.3,0.24,0.24,0.38,3.3,1268,1463,2.26,1.82,0.91,0.95,0.83,0.05,0.05,0.09,0.12,0.12,0.13,0.16,0.13,0.13,0.16,0.54,0.6
PIN,2024,2024-05-16,pin_2815,2024-05-16 15:20:09,CFL_2,cflbiologie1@gmail.com,399,1476,1147,548,399,359,339,329,329,329,329,339,339,608,449,409,389,399,399,419,429,429,438,1.43,2.29,2.61,2.79,2.7,2.7,2.52,2.44,2.44,2.37,0.19,0.25,0.29,0.31,0.42,0.42,0.5,0.53,0.48,0.59,2.38,648,787,1.28,0.88,0.96,1.01,0.73,0.1,0.11,0.12,0.13,0.18,0.18,0.21,0.23,0.21,0.23,0.52,0.59
PIN,2024,2024-05-16,pin_3957,2024-05-16 15:25:47,MRNF_2,gepellet@hotmail.com,585,2633,2048,943,618,586,552,488,488,488,487,488,487,1008,716,618,617,618,586,585,585,585,617,1.61,2.68,3.26,3.27,3.26,3.49,3.5,3.5,3.5,3.27,0.11,0.28,0.11,0.23,0.47,0.38,0.38,0.38,0.38,0.57,3.21,878,1040,2,1.53,0.96,0.91,0.78,0.06,0.14,0.05,0.11,0.21,0.17,0.17,0.17,0.17,0.21,0.52,0.53
PIN,2024,2024-05-16,pin_3884,2024-05-16 15:29:18,CFL_2,cflbiologie1@gmail.com,429,1745,1366,728,488,429,419,429,418,409,409,409,399,798,538,489,489,479,488,489,499,499,499,1.19,2.24,2.57,2.57,2.64,2.58,2.57,2.5,2.5,2.5,0.15,0.19,0.27,0.31,0.23,0.31,0.35,0.39,0.39,0.56,2.42,678,817,1.57,1.14,0.92,0.97,0.75,0.09,0.09,0.12,0.14,0.1,0.14,0.16,0.18,0.18,0.2,0.5,0.57
PIN,2024,2024-05-16,pin_2428,2024-05-16 15:29:52,CFL_3,gepellet@hotmail.com,781,3316,2861,1723,943,780,715,715,683,716,650,651,683,1821,1041,878,813,781,781,781,780,781,748,0.82,2.19,2.78,3.08,3.25,3.25,3.25,3.25,3.25,3.43,0.08,0.19,0.24,0.27,0.2,0.29,0.19,0.38,0.38,0.29,3.19,1105,1301,2,1.55,0.85,0.98,0.76,0.05,0.09,0.11,0.12,0.08,0.13,0.08,0.17,0.17,0.09,0.44,0.55
PIN,2024,2024-05-16,pin_4743,2024-05-16 15:41:29,CFL_3,gepellet@hotmail.com,379,1346,1077,558,419,389,389,379,379,389,379,379,379,648,478,458,448,458,468,468,479,479,479,1.08,1.82,1.94,2,1.94,1.88,1.88,1.81,1.81,1.81,0.25,0.26,0.32,0.29,0.37,0.4,0.36,0.44,0.44,0.56,1.84,628,748,1.14,0.8,0.91,0.96,0.72,0.14,0.12,0.15,0.13,0.17,0.19,0.17,0.21,0.21,0.21,0.49,0.56
PIN,2024,2024-05-22,pin_4681,2024-05-22 10:16:09,CFL_1,myriam.aubin89@gmail.com,339,1396,947,459,369,359,369,369,359,349,349,349,359,529,459,469,479,478,498,498,498,498,499,1.64,2.04,1.98,1.91,1.92,1.8,1.8,1.8,1.8,1.8,0.24,0.39,0.46,0.44,0.44,0.53,0.57,0.57,0.57,0.64,1.64,788,887,0.77,0.57,0.95,0.96,0.76,0.13,0.2,0.23,0.23,0.23,0.28,0.3,0.3,0.3,0.28,0.61,0.64
PIN,2024,2024-05-22,pin_4743,2024-05-22 10:16:15,CFL_2,myriam.aubin89@gmail.com,439,1436,1057,528,429,409,408,419,398,409,398,399,399,578,479,479,479,489,498,499,498,499,499,1.48,2,2,2,1.94,1.88,1.88,1.88,1.88,1.88,0.18,0.24,0.34,0.34,0.33,0.46,0.41,0.46,0.45,0.59,1.65,678,788,1.12,0.82,0.97,1,0.69,0.09,0.1,0.15,0.15,0.14,0.2,0.18,0.2,0.2,0.2,0.5,0.56
PIN,2024,2024-05-22,pin_4411,2024-05-22 10:21:27,MRNF_2,ithmajor@gmail.com,618,3284,2634,1398,910,845,813,748,780,748,715,748,715,1528,1073,976,943,943,943,942,943,910,910,1.15,2.06,2.36,2.48,2.48,2.48,2.49,2.48,2.61,2.61,0.13,0.26,0.24,0.25,0.37,0.31,0.37,0.44,0.33,0.5,2.68,1333,1690,1.46,0.94,0.92,0.98,0.81,0.09,0.15,0.13,0.14,0.21,0.17,0.21,0.24,0.18,0.21,0.59,0.67
PIN,2024,2024-05-22,pin_4482,2024-05-22 10:22:51,MRNF_1,ithmajor@gmail.com,585,3089,2503,1301,845,748,716,683,682,683,683,683,650,1430,975,878,845,845,845,845,813,846,845,1.16,2.17,2.52,2.66,2.66,2.66,2.66,2.8,2.65,2.66,0.14,0.23,0.27,0.28,0.36,0.36,0.36,0.3,0.36,0.54,2.85,1431,1755,1.16,0.76,0.96,0.97,0.81,0.09,0.13,0.15,0.15,0.19,0.19,0.19,0.16,0.19,0.23,0.64,0.68
PIN,2024,2024-05-22,pin_4760,2024-05-22 10:26:28,CFL_1,myriam.aubin89@gmail.com,498,2523,1894,877,638,578,538,529,518,509,508,499,489,977,727,688,668,658,648,648,648,658,649,1.58,2.47,2.67,2.78,2.83,2.89,2.89,2.89,2.83,2.89,0.17,0.23,0.3,0.38,0.38,0.39,0.42,0.42,0.47,0.62,2.87,977,1196,1.58,1.11,0.94,0.97,0.8,0.1,0.12,0.16,0.19,0.2,0.2,0.21,0.22,0.24,0.25,0.57,0.64
PIN,2024,2024-05-22,pin_4970,2024-05-22 10:28:03,CFL_2,myriam.aubin89@gmail.com,438,1805,1326,549,419,368,339,339,339,319,319,319,319,589,459,408,399,389,389,369,369,379,389,2.06,2.93,3.42,3.52,3.64,3.64,3.89,3.89,3.76,3.64,0.13,0.2,0.24,0.37,0.32,0.32,0.35,0.35,0.4,0.64,3.16,629,798,1.87,1.26,0.92,0.97,0.76,0.07,0.09,0.1,0.15,0.13,0.13,0.14,0.14,0.16,0.18,0.48,0.56
PIN,2024,2024-05-22,pin_4262,2024-05-22 10:30:38,MRNF_2,ithmajor@gmail.com,399,1924,1345,708,509,468,459,458,439,439,439,439,429,837,608,578,588,598,598,598,618,609,618,1.3,2.16,2.33,2.27,2.22,2.22,2.22,2.11,2.16,2.11,0.25,0.3,0.36,0.41,0.43,0.49,0.49,0.53,0.51,0.65,2.14,937,1137,1.05,0.69,0.96,0.97,0.79,0.15,0.16,0.19,0.22,0.23,0.27,0.27,0.29,0.28,0.31,0.63,0.68
PIN,2024,2024-05-22,pin_5141,2024-05-22 10:34:21,CFL_1,myriam.aubin89@gmail.com,716,3479,2666,976,683,618,585,553,553,585,585,552,586,1041,748,715,650,683,683,683,650,716,716,2.34,3.65,3.87,4.35,4.09,4.09,4.09,4.35,3.86,3.86,0.12,0.19,0.31,0.24,0.44,0.44,0.33,0.24,0.52,0.57,3.55,1041,1236,2.34,1.81,0.87,0.96,0.79,0.06,0.09,0.14,0.1,0.19,0.19,0.14,0.1,0.23,0.18,0.47,0.55
PIN,2024,2024-05-22,pin_5211,2024-05-22 10:36:35,CFL_2,myriam.aubin89@gmail.com,408,2084,1565,688,509,488,489,478,488,479,469,469,469,778,588,579,579,578,578,589,588,588,588,1.68,2.54,2.6,2.6,2.61,2.61,2.54,2.54,2.54,2.54,0.19,0.25,0.29,0.29,0.32,0.29,0.35,0.38,0.38,0.5,2.34,827,1027,1.52,1.03,0.93,0.96,0.8,0.12,0.13,0.16,0.16,0.17,0.16,0.19,0.2,0.2,0.2,0.58,0.64
PIN,2024,2024-05-22,pin_4474,2024-05-22 10:38:34,MRNF_2,ithmajor@gmail.com,469,2213,1655,708,508,469,458,449,429,428,428,438,439,797,588,539,528,528,539,548,548,548,549,1.78,2.76,3.11,3.19,3.19,3.11,3.04,3.04,3.04,3.03,0.2,0.27,0.27,0.28,0.32,0.43,0.46,0.46,0.42,0.55,2.77,897,1127,1.47,0.96,0.94,0.99,0.79,0.11,0.14,0.13,0.13,0.15,0.2,0.22,0.22,0.2,0.2,0.57,0.65
PIN,2024,2024-05-22,pin_4716,2024-05-22 10:40:54,MRNF_1,ithmajor@gmail.com,846,4129,3251,1333,942,878,877,845,878,845,845,845,845,1430,1040,1008,975,975,976,1008,1008,1040,1007,1.89,2.97,3.1,3.23,3.23,3.23,3.1,3.1,2.97,3.1,0.12,0.19,0.27,0.21,0.28,0.21,0.33,0.33,0.38,0.45,2.85,1626,2015,1.54,1.05,0.96,0.96,0.8,0.07,0.09,0.13,0.1,0.13,0.1,0.16,0.16,0.19,0.16,0.58,0.63
PIN,2024,2024-05-22,pin_5293,2024-05-22 10:43:06,CFL_1,myriam.aubin89@gmail.com,399,1904,1446,678,479,449,428,409,419,409,419,399,408,768,559,519,518,518,529,529,528,529,548,1.48,2.41,2.67,2.68,2.68,2.6,2.6,2.61,2.6,2.47,0.19,0.27,0.27,0.34,0.42,0.41,0.44,0.4,0.48,0.56,2.54,817,978,1.33,0.95,0.97,0.99,0.79,0.12,0.14,0.13,0.17,0.21,0.21,0.23,0.21,0.25,0.26,0.6,0.65
PIN,2024,2024-05-22,pin_4791,2024-05-22 10:48:25,MRNF_1,ithmajor@gmail.com,358,1496,1041,585,455,423,390,390,390,422,390,423,423,683,520,487,487,488,488,520,552,520,520,1.19,1.88,2.07,2.07,2.07,2.07,1.88,1.71,1.88,1.88,0.24,0.24,0.26,0.39,0.39,0.39,0.36,0.54,0.36,0.5,1.46,781,911,0.92,0.64,0.93,0.92,0.76,0.14,0.12,0.13,0.2,0.2,0.2,0.19,0.29,0.19,0.19,0.58,0.61
PIN,2024,2024-05-22,pin_5650,2024-05-22 10:50:41,CFL_2,myriam.aubin89@gmail.com,552,2763,2081,748,552,520,487,520,488,520,520,488,520,813,618,585,585,585,585,585,585,618,617,2.4,3.47,3.72,3.72,3.72,3.72,3.72,3.72,3.47,3.48,0.15,0.23,0.24,0.37,0.24,0.36,0.24,0.24,0.45,0.43,3,812,910,2.4,2.04,0.81,0.88,0.8,0.08,0.11,0.11,0.17,0.11,0.17,0.11,0.11,0.21,0.16,0.44,0.5
PIN,2024,2024-05-22,pin_5096,2024-05-22 10:54:04,MRNF_2,ithmajor@gmail.com,280,997,598,330,269,260,269,259,269,279,270,269,269,389,319,329,329,329,339,349,359,369,369,1.56,2.13,2.03,2.03,2.03,1.94,1.86,1.78,1.7,1.7,0.3,0.35,0.46,0.4,0.46,0.44,0.42,0.52,0.56,0.67,1.22,489,588,1.04,0.7,0.91,0.99,0.72,0.15,0.16,0.21,0.18,0.21,0.21,0.2,0.25,0.27,0.27,0.51,0.59
PIN,2024,2024-05-22,pin_4805,2024-05-22 10:59:52,MRNF_1,ithmajor@gmail.com,553,2114,1463,715,617,585,617,585,585,553,552,553,552,812,650,683,682,650,683,716,715,715,682,1.6,2.25,2.1,2.1,2.25,2.1,1.95,1.96,1.96,2.1,0.23,0.11,0.3,0.2,0.22,0.3,0.47,0.47,0.46,0.57,1.65,1138,1300,0.86,0.63,0.95,0.99,0.74,0.12,0.05,0.14,0.1,0.1,0.14,0.23,0.23,0.23,0.19,0.57,0.63
PIN,2024,2024-05-22,pin_5996,2024-05-22 11:00:35,CFL_2,myriam.aubin89@gmail.com,498,2362,1785,698,538,519,509,489,489,489,479,479,479,768,618,598,588,579,579,579,578,588,588,2.08,2.82,2.95,3.02,3.08,3.08,3.08,3.09,3.02,3.02,0.17,0.26,0.27,0.28,0.32,0.32,0.32,0.36,0.38,0.52,2.73,868,1037,1.72,1.28,0.93,0.96,0.79,0.09,0.13,0.13,0.13,0.16,0.16,0.16,0.17,0.19,0.19,0.54,0.6
PIN,2024,2024-05-22,pin_6073,2024-05-22 11:04:48,CFL_1,myriam.aubin89@gmail.com,585,2601,1886,682,520,520,488,487,487,488,487,488,488,780,618,617,585,585,585,585,585,585,585,2.33,3.21,3.22,3.45,3.45,3.45,3.45,3.45,3.45,3.45,0.25,0.35,0.35,0.38,0.38,0.38,0.38,0.38,0.38,0.5,2.86,845,975,2.08,1.67,0.95,0.95,0.78,0.13,0.16,0.16,0.17,0.17,0.17,0.17,0.17,0.17,0.17,0.5,0.53
PIN,2024,2024-05-22,pin_4772,2024-05-22 11:06:27,MRNF_2,ithmajor@gmail.com,748,3739,2764,1073,813,780,748,716,716,715,715,683,683,1236,910,846,846,813,813,813,812,813,845,2.03,3.11,3.42,3.42,3.6,3.6,3.6,3.6,3.6,3.42,0.23,0.22,0.16,0.24,0.26,0.26,0.26,0.26,0.34,0.62,3.05,1365,1723,1.74,1.17,0.88,0.96,0.8,0.13,0.11,0.08,0.12,0.12,0.12,0.12,0.12,0.16,0.19,0.52,0.62
PIN,2024,2024-05-22,pin_4436,2024-05-22 11:10:51,MRNF_1,ithmajor@gmail.com,650,2080,1560,715,618,585,585,585,585,586,585,618,617,812,650,650,651,650,683,683,683,715,715,1.56,2.2,2.2,2.2,2.2,2.05,2.05,2.05,1.91,1.91,0.26,0.12,0.25,0.25,0.25,0.34,0.34,0.34,0.32,0.43,1.53,975,1138,1.13,0.83,0.92,0.94,0.69,0.12,0.05,0.1,0.1,0.1,0.14,0.14,0.14,0.14,0.14,0.47,0.51
PIN,2024,2024-05-22,pin_257,2024-05-22 12:02:19,CFL_1,myriam.aubin89@gmail.com,553,2601,1788,683,586,553,553,520,520,488,488,488,488,780,683,651,618,618,553,618,585,618,585,2.33,2.81,3,3.21,3.21,3.7,3.21,3.45,3.21,3.45,0.24,0.29,0.31,0.22,0.34,0.14,0.45,0.36,0.45,0.5,2.66,1041,1268,1.5,1.05,0.94,0.96,0.79,0.12,0.14,0.15,0.11,0.16,0.06,0.21,0.17,0.21,0.17,0.56,0.62
PIN,2024,2024-05-22,pin_1942,2024-05-22 12:03:22,CFL_2,myriam.aubin89@gmail.com,617,2536,1821,683,553,552,520,520,488,520,520,520,520,780,618,617,618,585,585,617,553,585,617,2.25,3.1,3.11,3.1,3.34,3.34,3.11,3.59,3.34,3.11,0.25,0.24,0.24,0.37,0.27,0.4,0.36,0.15,0.27,0.5,2.5,975,1203,1.6,1.11,0.92,1,0.76,0.12,0.11,0.11,0.16,0.11,0.17,0.16,0.06,0.11,0.16,0.5,0.6
PIN,2024,2024-05-22,pin_1834,2024-05-22 12:07:09,MRNF_1,ithmajor@gmail.com,487,1658,1203,651,585,553,520,553,521,521,520,553,521,780,683,715,650,683,650,683,683,683,683,1.13,1.43,1.32,1.55,1.43,1.55,1.43,1.43,1.43,1.43,0.31,0.29,0.45,0.41,0.38,0.41,0.48,0.48,0.38,0.62,1.31,1301,1463,0.27,0.13,0.96,0.98,0.71,0.17,0.14,0.23,0.2,0.19,0.2,0.24,0.24,0.19,0.24,0.62,0.67
PIN,2024,2024-05-22,pin_1827,2024-05-22 12:13:32,MRNF_2,ithmajor@gmail.com,487,2080,1300,553,488,455,422,455,455,455,455,455,488,618,520,488,520,520,520,585,552,553,585,2.37,3,3.26,3,3,3,2.56,2.77,2.76,2.56,0.21,0.14,0.16,0.42,0.28,0.28,0.46,0.38,0.38,0.5,1.66,975,1203,1.13,0.73,0.88,0.91,0.77,0.11,0.06,0.07,0.19,0.12,0.12,0.22,0.18,0.18,0.17,0.53,0.59
PIN,2024,2024-05-22,pin_1933,2024-05-22 12:13:52,CFL_1,myriam.aubin89@gmail.com,553,3088,2341,878,715,650,618,585,585,553,553,553,553,975,813,748,715,683,683,650,683,683,683,2.17,2.8,3.13,3.32,3.52,3.52,3.75,3.52,3.52,3.52,0.17,0.22,0.25,0.26,0.29,0.29,0.3,0.38,0.38,0.57,3.23,1041,1268,1.97,1.44,0.87,0.94,0.82,0.1,0.12,0.13,0.14,0.14,0.14,0.15,0.19,0.19,0.19,0.53,0.62
PIN,2024,2024-05-22,pin_879,2024-05-22 12:15:11,CFL_2,myriam.aubin89@gmail.com,419,1605,897,439,369,369,359,359,359,349,349,349,349,478,419,409,409,419,409,409,419,409,419,2.36,2.83,2.92,2.92,2.83,2.92,2.92,2.83,2.92,2.83,0.18,0.28,0.23,0.29,0.34,0.29,0.35,0.39,0.35,0.58,1.57,558,648,1.88,1.48,0.86,0.89,0.74,0.08,0.12,0.1,0.12,0.14,0.12,0.15,0.17,0.15,0.17,0.43,0.48
PIN,2024,2024-05-22,pin_1213,2024-05-22 12:20:32,MRNF_1,ithmajor@gmail.com,439,1485,1007,568,458,448,448,448,449,458,458,449,459,638,518,518,528,538,538,558,568,568,578,1.33,1.87,1.87,1.81,1.76,1.76,1.66,1.61,1.61,1.57,0.22,0.26,0.3,0.33,0.36,0.36,0.38,0.41,0.44,0.57,1.19,728,848,1.04,0.75,0.86,0.92,0.7,0.11,0.12,0.14,0.15,0.17,0.17,0.18,0.19,0.21,0.21,0.47,0.53
PIN,2024,2024-05-22,pin_871,2024-05-22 12:22:01,CFL_1,myriam.aubin89@gmail.com,519,2074,1297,579,459,439,439,429,429,419,428,429,419,629,519,499,499,488,489,489,488,489,499,2.3,3,3.16,3.16,3.25,3.24,3.24,3.25,3.24,3.16,0.17,0.27,0.29,0.29,0.29,0.3,0.35,0.3,0.3,0.57,2.1,609,697,2.41,1.98,0.84,0.91,0.75,0.08,0.12,0.12,0.12,0.12,0.12,0.14,0.12,0.12,0.16,0.39,0.46
PIN,2024,2024-05-22,pin_1062,2024-05-22 12:25:35,MRNF_2,ithmajor@gmail.com,379,1635,1137,558,419,399,409,409,409,398,408,398,408,638,489,479,499,499,519,528,528,528,528,1.56,2.34,2.41,2.28,2.28,2.15,2.1,2.1,2.1,2.1,0.22,0.29,0.34,0.36,0.36,0.41,0.48,0.44,0.48,0.55,1.79,747,887,1.19,0.84,0.91,0.93,0.77,0.13,0.14,0.17,0.18,0.18,0.21,0.25,0.23,0.25,0.23,0.55,0.6
PIN,2024,2024-05-22,pin_1205,2024-05-22 12:27:21,CFL_2,myriam.aubin89@gmail.com,419,1785,1326,668,479,439,429,419,409,409,399,399,399,728,529,489,489,479,479,459,469,469,469,1.45,2.37,2.65,2.65,2.73,2.73,2.89,2.81,2.81,2.81,0.14,0.19,0.22,0.26,0.27,0.31,0.24,0.32,0.32,0.44,2.32,639,748,1.79,1.39,0.9,0.93,0.77,0.08,0.09,0.1,0.12,0.13,0.15,0.11,0.15,0.15,0.15,0.49,0.53
PIN,2024,2024-05-22,pin_535,2024-05-22 12:31:21,MRNF_1,ithmajor@gmail.com,520,2341,1691,618,488,423,422,455,455,456,423,455,488,716,520,487,520,520,520,521,520,553,521,2.27,3.5,3.81,3.5,3.5,3.5,3.49,3.5,3.23,3.49,0.26,0.14,0.31,0.43,0.29,0.29,0.28,0.43,0.39,0.2,2.47,845,1105,1.77,1.12,0.89,0.94,0.78,0.14,0.06,0.13,0.19,0.12,0.12,0.12,0.19,0.18,0.06,0.5,0.59
PIN,2024,2024-05-22,pin_556,2024-05-22 12:32:30,CFL_1,myriam.aubin89@gmail.com,538,2124,1505,648,518,469,449,439,439,439,429,419,429,707,578,539,529,519,519,509,519,509,519,2,2.67,2.94,3.02,3.09,3.09,3.17,3.09,3.17,3.09,0.17,0.23,0.3,0.36,0.37,0.37,0.33,0.41,0.43,0.6,2.51,888,1147,1.39,0.85,0.94,0.99,0.75,0.08,0.1,0.13,0.15,0.15,0.15,0.14,0.17,0.18,0.17,0.52,0.61
PIN,2024,2024-05-22,pin_625,2024-05-22 12:42:30,MRNF_2,ithmajor@gmail.com,586,2894,2178,878,586,520,520,521,521,521,553,521,521,943,651,618,618,586,618,618,586,585,618,2.07,3.45,3.68,3.68,3.94,3.68,3.68,3.94,3.95,3.68,0.12,0.21,0.35,0.35,0.25,0.34,0.34,0.13,0.25,0.5,3.18,781,943,2.71,2.07,0.81,0.92,0.8,0.07,0.1,0.16,0.16,0.11,0.16,0.16,0.06,0.11,0.16,0.42,0.52
PIN,2024,2024-05-22,pin_2954,2024-05-22 13:17:54,CFL_2,myriam.aubin89@gmail.com,378,1585,1136,568,398,379,359,359,349,359,349,359,359,638,458,429,419,429,419,429,439,439,449,1.48,2.46,2.69,2.78,2.69,2.78,2.69,2.61,2.61,2.53,0.2,0.27,0.25,0.31,0.35,0.36,0.35,0.44,0.39,0.53,2.16,638,777,1.48,1.04,0.94,0.97,0.76,0.11,0.13,0.12,0.14,0.16,0.17,0.16,0.21,0.18,0.2,0.53,0.59
PIN,2024,2024-05-22,pin_3254,2024-05-22 13:21:59,CFL_1,myriam.aubin89@gmail.com,418,1735,1196,469,409,399,379,379,379,389,379,389,379,538,468,459,459,468,458,458,458,458,468,2.22,2.71,2.78,2.78,2.71,2.79,2.79,2.79,2.79,2.71,0.26,0.27,0.29,0.38,0.41,0.38,0.33,0.38,0.33,0.64,2.16,857,1057,1.02,0.64,0.94,0.96,0.76,0.13,0.13,0.13,0.17,0.19,0.17,0.15,0.17,0.15,0.19,0.57,0.63
PIN,2024,2024-05-22,pin_3134,2024-05-22 13:32:39,CFL_2,myriam.aubin89@gmail.com,585,2243,1496,618,520,520,488,488,455,455,455,488,488,650,585,552,585,553,520,520,520,520,553,2.45,2.83,3.06,2.83,3.06,3.31,3.31,3.31,3.31,3.06,0.11,0.26,0.14,0.39,0.29,0.32,0.32,0.32,0.16,0.4,2.07,715,845,2.14,1.65,0.77,0.89,0.74,0.05,0.11,0.06,0.17,0.12,0.12,0.12,0.12,0.06,0.12,0.36,0.46
PIN,2024,2024-05-22,pin_2512,2024-05-22 13:34:43,MRNF_2,ithmajor@gmail.com,279,1137,718,359,299,309,299,299,299,299,309,299,289,419,359,368,379,399,399,409,409,409,419,1.71,2.17,2.09,2,1.85,1.85,1.78,1.78,1.78,1.71,0.27,0.34,0.32,0.42,0.48,0.48,0.51,0.47,0.51,0.73,1.48,678,778,0.68,0.46,0.98,0.98,0.75,0.14,0.17,0.16,0.21,0.25,0.25,0.27,0.24,0.27,0.31,0.63,0.67
PIN,2024,2024-05-22,pin_2437,2024-05-22 13:35:51,MRNF_1,ithmajor@gmail.com,439,1754,1266,559,468,458,448,429,429,438,429,428,439,608,518,498,498,508,498,508,499,508,508,1.88,2.39,2.52,2.52,2.45,2.52,2.45,2.52,2.45,2.45,0.16,0.21,0.17,0.22,0.33,0.3,0.3,0.3,0.34,0.5,1.88,867,1076,1.02,0.63,0.9,0.94,0.75,0.08,0.1,0.08,0.1,0.16,0.14,0.14,0.14,0.16,0.14,0.54,0.61
PIN,2024,2024-05-22,pin_3361,2024-05-22 13:37:15,CFL_1,myriam.aubin89@gmail.com,459,1735,1097,518,419,409,399,389,369,379,379,379,378,578,478,469,459,459,449,449,439,449,458,2,2.63,2.7,2.78,2.78,2.86,2.86,2.95,2.86,2.79,0.22,0.28,0.3,0.31,0.36,0.43,0.37,0.33,0.37,0.58,1.9,688,828,1.52,1.1,0.91,0.95,0.74,0.1,0.12,0.13,0.13,0.15,0.18,0.16,0.14,0.16,0.17,0.48,0.54
PIN,2024,2024-05-22,pin_3061,2024-05-22 13:41:33,CFL_2,myriam.aubin89@gmail.com,715,2243,1463,650,552,520,487,455,488,488,455,455,455,715,585,520,520,520,487,520,520,520,520,2.14,2.83,3.31,3.31,3.31,3.61,3.31,3.31,3.31,3.31,0.22,0.16,0,0.19,0.38,-0.01,0.19,0.38,0.38,0.66,2.22,715,812,2.14,1.76,0.67,0.92,0.68,0.09,0.06,0,0.06,0.12,0,0.06,0.12,0.12,0.12,0.27,0.4
PIN,2024,2024-05-22,pin_2428,2024-05-22 13:44:40,MRNF_1,ithmajor@gmail.com,339,1505,1116,548,389,359,339,339,329,339,319,319,319,628,449,409,399,399,399,399,399,399,399,1.4,2.35,2.68,2.77,2.77,2.77,2.77,2.77,2.77,2.77,0.22,0.26,0.25,0.32,0.32,0.37,0.32,0.42,0.42,0.57,2.5,688,827,1.19,0.82,0.97,0.99,0.77,0.13,0.13,0.12,0.15,0.15,0.18,0.15,0.2,0.2,0.2,0.59,0.65
PIN,2024,2024-05-22,pin_2866,2024-05-22 13:47:22,CFL_1,myriam.aubin89@gmail.com,553,2568,1853,780,585,586,553,553,553,521,520,520,520,878,650,618,618,650,618,618,618,618,618,1.92,2.95,3.16,3.16,2.95,3.16,3.16,3.16,3.16,3.16,0.2,0.21,0.11,0.23,0.31,0.23,0.34,0.34,0.34,0.5,2.56,846,976,2.04,1.63,0.92,0.92,0.78,0.11,0.1,0.05,0.11,0.15,0.11,0.16,0.16,0.16,0.16,0.5,0.53
PIN,2024,2024-05-22,pin_2367,2024-05-22 13:49:04,MRNF_2,ithmajor@gmail.com,200,798,518,309,239,230,229,230,209,230,220,220,229,399,309,299,319,319,319,329,329,329,319,1,1.58,1.67,1.5,1.5,1.5,1.43,1.43,1.43,1.5,0.38,0.42,0.44,0.52,0.51,0.63,0.55,0.6,0.6,0.6,1.26,479,519,0.67,0.54,0.94,0.96,0.75,0.23,0.23,0.23,0.28,0.28,0.34,0.3,0.33,0.33,0.28,0.61,0.64
PIN,2024,2024-05-22,pin_3601,2024-05-22 13:50:59,CFL_2,myriam.aubin89@gmail.com,438,1645,1216,488,388,359,359,349,349,358,358,359,369,528,418,398,398,398,408,418,428,438,438,2.12,2.94,3.13,3.13,3.13,3.03,2.94,2.84,2.76,2.76,0.16,0.17,0.24,0.24,0.31,0.36,0.35,0.39,0.43,0.5,2.3,728,877,1.26,0.88,0.92,0.97,0.73,0.08,0.07,0.1,0.1,0.12,0.14,0.14,0.16,0.18,0.16,0.51,0.58
PIN,2024,2024-05-22,pin_2842,2024-05-22 13:56:09,CFL_1,myriam.aubin89@gmail.com,479,2074,1486,619,499,469,439,439,429,419,409,419,419,668,559,549,519,519,509,499,499,499,499,2.1,2.71,2.78,3,3,3.07,3.16,3.16,3.16,3.16,0.14,0.23,0.31,0.34,0.34,0.35,0.36,0.41,0.36,0.53,2.55,778,927,1.67,1.24,0.9,0.95,0.77,0.07,0.11,0.15,0.15,0.15,0.16,0.16,0.18,0.16,0.16,0.5,0.57
PIN,2024,2024-05-22,pin_3621,2024-05-22 13:58:20,CFL_2,myriam.aubin89@gmail.com,389,1177,678,339,299,300,299,299,299,299,309,300,299,369,349,339,349,339,349,359,359,369,368,2.19,2.37,2.47,2.37,2.47,2.37,2.28,2.28,2.19,2.2,0.21,0.38,0.31,0.38,0.32,0.38,0.44,0.36,0.48,0.63,1.27,598,688,0.97,0.71,0.95,0.99,0.67,0.08,0.14,0.12,0.14,0.12,0.14,0.17,0.14,0.19,0.19,0.48,0.54
PIN,2024,2024-05-22,pin_2497,2024-05-22 14:01:38,MRNF_1,ithmajor@gmail.com,220,688,439,229,189,199,199,209,219,199,209,210,199,270,229,219,239,229,249,259,269,279,269,1.55,2,2.14,1.88,2,1.76,1.66,1.56,1.47,1.56,0.33,0.42,0.23,0.39,0.21,0.28,0.52,0.49,0.53,0.71,1.21,389,448,0.77,0.54,0.98,1,0.68,0.15,0.17,0.09,0.17,0.09,0.12,0.23,0.22,0.25,0.26,0.54,0.58
PIN,2024,2024-05-22,pin_2158,2024-05-22 14:04:57,CFL_1,myriam.aubin89@gmail.com,498,2094,1356,568,488,459,449,429,418,409,409,408,399,628,549,529,509,488,478,478,478,468,468,2.33,2.81,2.96,3.11,3.29,3.38,3.38,3.38,3.47,3.47,0.19,0.24,0.3,0.27,0.28,0.3,0.34,0.34,0.31,0.58,2.4,748,877,1.8,1.39,0.9,0.93,0.76,0.1,0.11,0.13,0.12,0.12,0.13,0.14,0.14,0.13,0.15,0.48,0.53
PIN,2024,2024-05-22,pin_2521,2024-05-22 14:05:24,MRNF_2,ithmajor@gmail.com,279,1057,757,369,299,289,280,279,289,289,289,289,279,419,348,349,339,349,349,358,359,359,358,1.52,2.04,2.03,2.12,2.03,2.03,1.95,1.94,1.94,1.95,0.23,0.29,0.36,0.37,0.42,0.36,0.4,0.4,0.4,0.66,1.71,619,748,0.71,0.41,0.94,0.96,0.74,0.12,0.14,0.17,0.17,0.2,0.17,0.19,0.19,0.19,0.22,0.58,0.64
PIN,2024,2024-05-22,pin_3904,2024-05-22 14:07:44,CFL_2,myriam.aubin89@gmail.com,529,1745,1186,568,459,429,419,409,399,389,399,399,398,608,499,469,459,449,449,439,439,439,448,1.87,2.5,2.72,2.8,2.89,2.89,2.97,2.97,2.97,2.9,0.15,0.2,0.22,0.23,0.24,0.3,0.31,0.25,0.25,0.46,1.98,609,718,1.87,1.43,0.85,0.97,0.7,0.07,0.08,0.09,0.09,0.09,0.11,0.11,0.09,0.09,0.11,0.38,0.47
PIN,2024,2024-05-22,pin_4007,2024-05-22 14:15:27,CFL_2,myriam.aubin89@gmail.com,552,2406,1755,683,520,488,487,488,488,488,488,487,487,715,585,553,552,553,553,520,520,552,552,2.37,3.11,3.35,3.36,3.35,3.35,3.63,3.63,3.36,3.36,0.09,0.25,0.27,0.27,0.27,0.27,0.15,0.15,0.27,0.4,2.6,812,1007,1.96,1.39,0.9,0.94,0.77,0.04,0.11,0.12,0.12,0.12,0.12,0.06,0.06,0.12,0.12,0.48,0.55
PIN,2024,2024-05-22,pin_2815,2024-05-22 14:15:38,MRNF_2,ithmajor@gmail.com,279,1157,778,369,309,299,279,279,289,279,299,289,279,448,379,359,349,359,369,369,389,389,389,1.58,2.05,2.22,2.32,2.22,2.14,2.14,1.97,1.97,1.97,0.32,0.36,0.34,0.41,0.45,0.43,0.49,0.45,0.5,0.69,1.79,778,877,0.49,0.32,0.94,0.97,0.76,0.18,0.18,0.17,0.2,0.22,0.22,0.24,0.23,0.26,0.28,0.64,0.68
PIN,2024,2024-05-22,pin_3085,2024-05-22 14:23:50,CFL_2,myriam.aubin89@gmail.com,813,2439,1788,651,553,553,553,553,553,553,553,553,586,683,618,586,586,618,618,585,585,618,585,2.57,2.95,3.16,3.16,2.95,2.95,3.17,3.17,2.95,3.17,0.13,0.31,0.17,0.17,0.31,0.31,0.17,0.17,0.31,-0.01,2.05,1008,1203,1.42,1.03,0.93,0.98,0.67,0.05,0.11,0.06,0.06,0.11,0.11,0.05,0.05,0.11,0,0.42,0.49
PIN,2024,2024-05-22,pin_3884,2024-05-22 14:27:16,MRNF_1,ithmajor@gmail.com,478,1326,808,449,389,379,379,379,379,379,379,389,389,499,439,419,439,429,439,439,449,439,439,1.66,2.02,2.16,2.02,2.09,2.02,2.02,1.95,2.02,2.02,0.25,0.31,0.27,0.37,0.32,0.37,0.37,0.42,0.31,0.5,1.08,608,707,1.18,0.88,0.88,0.93,0.64,0.1,0.11,0.1,0.14,0.12,0.14,0.14,0.16,0.11,0.11,0.39,0.45
PIN,2024,2024-05-22,pin_2237,2024-05-22 14:28:56,CFL_1,myriam.aubin89@gmail.com,498,1565,827,429,379,349,349,359,359,349,349,349,359,458,409,409,399,409,399,409,409,409,419,2.42,2.83,2.83,2.92,2.83,2.92,2.83,2.83,2.83,2.74,0.16,0.2,0.41,0.35,0.34,0.28,0.41,0.41,0.41,0.6,1.3,578,668,1.71,1.34,0.9,0.94,0.68,0.06,0.07,0.15,0.13,0.12,0.1,0.15,0.15,0.15,0.14,0.4,0.45
PIN,2024,2024-05-22,pin_3868,2024-05-22 14:28:59,MRNF_2,ithmajor@gmail.com,650,2438,1463,618,520,488,520,455,487,487,487,487,488,650,553,553,553,520,552,520,552,552,520,2.75,3.41,3.41,3.41,3.69,3.42,3.69,3.42,3.42,3.69,0.12,0.16,0.31,0.16,0.34,0.31,0.17,0.31,0.31,0.33,2,780,910,2.13,1.68,0.8,0.85,0.73,0.05,0.06,0.12,0.06,0.12,0.12,0.06,0.12,0.12,0.06,0.37,0.43
PIN,2024,2024-05-22,pin_2467,2024-05-22 14:33:00,CFL_2,myriam.aubin89@gmail.com,478,1406,827,428,379,359,359,349,339,339,339,339,339,468,408,399,389,389,369,379,379,379,379,2,2.45,2.52,2.61,2.61,2.81,2.71,2.71,2.71,2.71,0.22,0.2,0.28,0.22,0.29,0.24,0.31,0.31,0.31,0.5,1.44,478,548,1.94,1.57,0.78,0.89,0.66,0.09,0.07,0.1,0.08,0.1,0.08,0.11,0.11,0.11,0.11,0.31,0.38
PIN,2024,2024-06-18,pin_4791,2024-06-18 11:27:32,CFL_3,cflbiologie1@gmail.com,715,2145,1658,813,683,617,618,618,585,618,585,585,585,846,715,650,650,650,650,650,618,617,618,1.54,2,2.3,2.3,2.3,2.3,2.3,2.47,2.48,2.47,0.09,0.11,0.13,0.13,0.13,0.26,0.13,0.15,0.14,0.51,1.83,1398,1528,0.53,0.4,0.82,0.87,0.67,0.04,0.04,0.05,0.05,0.05,0.1,0.05,0.05,0.05,0.05,0.46,0.51
PIN,2024,2024-06-18,pin_4716,2024-06-18 11:35:52,CFL_3,cflbiologie1@gmail.com,910,2991,2470,1463,1267,1203,1170,1138,1106,1105,1105,1072,1040,1593,1366,1268,1236,1235,1203,1170,1170,1137,1105,0.88,1.19,1.36,1.42,1.42,1.49,1.56,1.56,1.63,1.71,0.15,0.14,0.1,0.11,0.16,0.17,0.12,0.12,0.12,0.4,1.38,2210,2340,0.35,0.28,0.84,0.91,0.7,0.08,0.07,0.05,0.05,0.08,0.08,0.06,0.06,0.06,0.06,0.53,0.58
PIN,2024,2024-06-18,pin_4482,2024-06-18 11:43:52,CFL_3,cflbiologie1@gmail.com,715,2178,1496,715,650,585,585,585,585,585,585,585,618,780,682,617,617,618,617,650,650,618,650,1.79,2.19,2.53,2.53,2.52,2.53,2.35,2.35,2.52,2.35,0.2,0.12,0.14,0.14,0.15,0.14,0.26,0.26,0.15,0.25,1.42,1236,1398,0.76,0.56,0.88,0.94,0.67,0.08,0.05,0.05,0.05,0.05,0.05,0.1,0.1,0.05,0.05,0.47,0.54
PIN,2024,2024-06-18,pin_4411,2024-06-18 11:50:54,CFL_3,cflbiologie1@gmail.com,878,3251,2438,1105,943,910,877,877,845,845,845,845,845,1203,1008,975,942,910,910,910,910,910,910,1.7,2.23,2.33,2.45,2.57,2.57,2.57,2.57,2.57,2.57,0.16,0.14,0.15,0.16,0.08,0.17,0.17,0.17,0.17,0.5,1.89,1820,2048,0.79,0.59,0.83,0.88,0.73,0.08,0.06,0.07,0.07,0.04,0.07,0.07,0.07,0.07,0.07,0.5,0.56
PIN,2024,2024-06-18,pin_4262,2024-06-18 11:58:42,CFL_3,cflbiologie1@gmail.com,618,1950,1495,715,618,586,585,586,585,553,553,585,553,780,683,650,618,618,650,586,618,586,585,1.5,1.86,2,2.16,2.16,2,2.33,2.16,2.33,2.33,0.18,0.22,0.24,0.13,0.13,0.24,0.14,0.26,0,0.33,1.7,1170,1365,0.67,0.43,0.89,0.95,0.68,0.08,0.1,0.1,0.05,0.05,0.1,0.06,0.11,0,0.05,0.5,0.57
PIN,2024,2024-06-18,pin_4436,2024-06-18 12:07:56,CFL_3,cflbiologie1@gmail.com,585,2048,1463,780,617,552,520,487,520,488,487,488,488,813,618,585,553,552,553,520,520,520,552,1.52,2.31,2.5,2.7,2.71,2.7,2.94,2.94,2.94,2.71,0.08,0,0.14,0.15,0.29,0.15,0.16,0.16,0.16,0.33,2,748,748,1.74,1.74,0.91,1,0.71,0.04,0,0.06,0.06,0.12,0.06,0.06,0.06,0.06,0.12,0.44,0.48
PIN,2024,2024-06-18,pin_4681,2024-06-18 12:16:50,CFL_3,cflbiologie1@gmail.com,780,2536,2211,1463,1073,943,910,845,781,683,651,618,585,1495,1138,943,911,846,813,683,683,618,585,0.7,1.23,1.69,1.78,2,2.12,2.71,2.71,3.1,3.34,0.04,0.11,0,0,0,0.09,0,0.12,0,0,2.78,812,910,2.12,1.79,0.67,0.88,0.69,0.02,0.06,0,0,0,0.04,0,0.05,0,0,0.28,0.39
PIN,2024,2024-06-18,pin_4743,2024-06-18 12:24:32,CFL_3,cflbiologie1@gmail.com,585,1366,943,585,488,455,456,456,423,390,390,423,390,618,521,456,488,455,456,455,455,456,455,1.21,1.62,2,1.8,2,2,2,2,2,2,0.14,0.19,0.01,0.2,-0.01,0.23,0.46,0.46,0.23,0.67,1.42,618,715,1.21,0.91,0.84,0.78,0.57,0.05,0.06,0,0.07,0,0.07,0.14,0.14,0.07,0.14,0.32,0.32
PIN,2024,2024-06-18,pin_4760,2024-06-18 12:31:54,CFL_3,cflbiologie1@gmail.com,748,2536,1853,845,650,585,553,552,553,552,520,552,520,878,682,618,618,585,585,553,585,585,585,1.89,2.72,3.1,3.1,3.34,3.34,3.59,3.34,3.34,3.34,0.08,0.12,0.15,0.29,0.16,0.15,0.01,0.31,0.16,0.67,2.56,1138,1398,1.23,0.81,0.66,0.86,0.71,0.04,0.05,0.05,0.11,0.06,0.05,0,0.11,0.06,0.11,0.34,0.49
PIN,2024,2024-06-18,pin_4970,2024-06-18 12:43:19,CFL_3,cflbiologie1@gmail.com,877,1723,1398,846,715,683,618,618,618,586,553,585,553,878,748,683,650,651,618,618,618,586,585,0.96,1.3,1.52,1.65,1.65,1.79,1.79,1.79,1.94,1.95,0.11,0.15,0,0.18,0.19,0,0.2,0.41,0.01,0.5,1.53,910,1007,0.89,0.71,0.85,0.98,0.49,0.04,0.04,0,0.05,0.05,0,0.05,0.11,0,0.05,0.29,0.35
PIN,2024,2024-07-05,pin_278,2024-07-05 10:39:59,CFL_3,ithmajor@gmail.com,518,1974,1735,1107,648,579,549,529,508,498,508,508,509,1217,728,638,618,598,599,588,608,608,619,0.62,1.71,2.09,2.19,2.3,2.3,2.36,2.25,2.25,2.19,0.14,0.22,0.19,0.24,0.25,0.33,0.34,0.35,0.35,0.48,2.41,778,927,1.54,1.13,0.85,0.94,0.74,0.09,0.11,0.09,0.11,0.12,0.15,0.15,0.16,0.16,0.18,0.45,0.54
PIN,2024,2024-07-05,pin_1205,2024-07-05 10:40:42,MRNF_2,cflbiologie1@gmail.com,489,1924,1585,1116,678,608,608,588,578,578,588,599,588,1216,757,688,678,688,688,688,708,728,728,0.58,1.54,1.8,1.84,1.8,1.8,1.8,1.72,1.64,1.64,0.13,0.19,0.23,0.2,0.28,0.31,0.31,0.33,0.34,0.47,1.7,877,1007,1.19,0.91,0.89,0.93,0.75,0.08,0.1,0.12,0.1,0.15,0.16,0.16,0.17,0.18,0.19,0.51,0.56
PIN,2024,2024-07-05,pin_1204,2024-07-05 10:42:37,MRNF_1,cflbiologie1@gmail.com,943,4519,4226,3479,2081,1723,1560,1463,1398,1300,1301,1301,1300,3576,2178,1853,1690,1625,1528,1495,1463,1496,1496,0.26,1.07,1.44,1.67,1.78,1.96,2.02,2.09,2.02,2.02,0.04,0.07,0.12,0.13,0.17,0.15,0.23,0.2,0.23,0.32,2.25,1820,2211,1.48,1.04,0.86,0.95,0.79,0.03,0.04,0.07,0.08,0.1,0.09,0.13,0.11,0.13,0.13,0.52,0.62
PIN,2024,2024-07-05,pin_480,2024-07-05 10:42:49,CFL_2,ithmajor@gmail.com,269,1186,987,897,648,578,548,519,499,478,498,478,458,1077,778,698,678,649,618,598,618,598,588,0.1,0.52,0.7,0.75,0.83,0.92,0.98,0.92,0.98,1.02,0.22,0.24,0.26,0.29,0.31,0.3,0.32,0.3,0.32,0.45,1.16,698,788,0.7,0.51,0.88,0.91,0.77,0.17,0.17,0.17,0.19,0.2,0.19,0.2,0.19,0.2,0.22,0.59,0.63
PIN,2024,2024-07-05,pin_1355,2024-07-05 10:49:40,MRNF_2,cflbiologie1@gmail.com,716,3187,2763,1984,1171,943,812,780,715,683,650,650,650,2081,1268,1008,910,813,747,748,781,747,748,0.53,1.51,2.16,2.5,2.92,3.27,3.26,3.08,3.27,3.26,0.07,0.13,0.12,0.22,0.09,0.1,0.19,0.37,0.29,0.43,3.25,943,1235,2.38,1.58,0.75,0.92,0.78,0.05,0.08,0.06,0.11,0.04,0.04,0.09,0.17,0.13,0.13,0.38,0.53
PIN,2024,2024-07-05,pin_556,2024-07-05 10:50:24,CFL_2,ithmajor@gmail.com,309,1306,958,668,428,369,329,319,319,319,319,319,329,758,488,429,389,369,369,379,379,389,399,0.72,1.68,2.04,2.36,2.54,2.54,2.45,2.45,2.36,2.27,0.18,0.22,0.27,0.31,0.28,0.28,0.33,0.33,0.37,0.41,1.91,459,528,1.85,1.47,0.94,1,0.76,0.12,0.12,0.14,0.15,0.14,0.14,0.16,0.16,0.18,0.18,0.5,0.57
PIN,2024,2024-07-05,pin_1307,2024-07-05 10:51:14,MRNF_1,cflbiologie1@gmail.com,748,3283,2926,2243,1300,1105,1008,943,911,878,911,878,910,2308,1333,1170,1073,1008,1008,976,1008,1008,1008,0.42,1.46,1.81,2.06,2.26,2.26,2.36,2.26,2.26,2.26,0.04,0.04,0.1,0.12,0.13,0.19,0.2,0.19,0.25,0.27,2.22,1236,1463,1.66,1.24,0.85,0.92,0.77,0.03,0.02,0.06,0.06,0.06,0.1,0.1,0.1,0.13,0.1,0.47,0.56
PIN,2024,2024-07-05,pin_257,2024-07-05 10:53:11,CFL_3,ithmajor@gmail.com,399,1037,837,459,329,319,319,319,329,339,339,349,339,519,369,359,369,379,379,389,399,398,409,1,1.81,1.89,1.81,1.74,1.74,1.67,1.6,1.61,1.54,0.26,0.3,0.31,0.37,0.43,0.36,0.34,0.39,0.32,0.54,1.47,518,608,1,0.71,0.91,0.95,0.62,0.12,0.11,0.11,0.14,0.16,0.13,0.13,0.15,0.12,0.17,0.4,0.46
PIN,2024,2024-07-05,pin_1840,2024-07-05 10:59:22,MRNF_2,cflbiologie1@gmail.com,682,3576,3218,2633,1593,1398,1268,1203,1138,1106,1073,1073,1041,2763,1723,1528,1431,1366,1268,1301,1235,1236,1203,0.29,1.08,1.34,1.5,1.62,1.82,1.75,1.9,1.89,1.97,0.06,0.11,0.13,0.18,0.19,0.17,0.25,0.22,0.22,0.31,2.09,1398,1626,1.56,1.2,0.86,0.94,0.81,0.05,0.08,0.09,0.11,0.12,0.1,0.15,0.13,0.13,0.13,0.54,0.62
PIN,2024,2024-07-05,pin_879,2024-07-05 11:03:33,MRNF_1,myriam.aubin89@gmail.com,747,3999,3608,2926,1755,1495,1366,1268,1203,1203,1170,1105,1105,3088,1853,1593,1496,1398,1366,1333,1301,1333,1333,0.3,1.16,1.51,1.67,1.86,1.93,2,2.07,2,2,0.07,0.08,0.1,0.14,0.15,0.2,0.16,0.17,0.29,0.37,2.27,1528,1821,1.62,1.2,0.92,0.94,0.81,0.05,0.05,0.06,0.09,0.09,0.12,0.1,0.1,0.17,0.17,0.57,0.62
PIN,2024,2024-07-05,pin_63,2024-07-05 11:04:25,CFL_3,ithmajor@gmail.com,289,1256,1037,748,438,369,349,329,319,310,309,309,309,807,488,429,399,379,369,369,369,369,369,0.56,1.57,1.93,2.15,2.31,2.4,2.4,2.4,2.4,2.4,0.11,0.18,0.26,0.24,0.26,0.27,0.32,0.33,0.33,0.43,2.36,428,508,1.93,1.47,0.87,0.92,0.77,0.07,0.1,0.14,0.13,0.13,0.14,0.16,0.16,0.16,0.16,0.46,0.53
PIN,2024,2024-07-05,pin_219,2024-07-05 11:05:59,CFL_2,ithmajor@gmail.com,586,3056,2666,1821,1040,813,715,651,618,618,586,618,618,1919,1138,878,748,748,716,716,716,716,748,0.59,1.69,2.48,3.09,3.09,3.27,3.27,3.27,3.27,3.09,0.07,0.14,0.14,0.09,0.26,0.28,0.28,0.37,0.28,0.45,3.31,878,1073,2.48,1.85,0.88,0.97,0.81,0.05,0.09,0.07,0.04,0.13,0.14,0.14,0.18,0.14,0.17,0.48,0.58
PIN,2024,2024-07-05,pin_1933,2024-07-05 11:10:56,MRNF_2,myriam.aubin89@gmail.com,618,2471,2113,1430,910,748,683,650,618,585,585,586,585,1593,975,845,748,715,683,683,683,683,715,0.55,1.53,1.92,2.3,2.46,2.62,2.62,2.62,2.62,2.46,0.16,0.12,0.23,0.18,0.2,0.21,0.32,0.32,0.31,0.45,2.61,845,1040,1.92,1.38,0.83,0.95,0.75,0.1,0.07,0.11,0.09,0.09,0.1,0.14,0.14,0.14,0.18,0.42,0.53
PIN,2024,2024-07-05,pin_393,2024-07-05 11:12:19,CFL_3,ithmajor@gmail.com,585,3088,2764,1918,1137,878,780,715,682,650,650,650,618,1983,1202,975,845,812,780,747,747,715,715,0.56,1.57,2.17,2.65,2.8,2.96,3.13,3.13,3.32,3.32,0.04,0.09,0.17,0.14,0.23,0.24,0.26,0.26,0.18,0.37,3.47,846,975,2.65,2.17,0.93,0.93,0.81,0.03,0.05,0.1,0.08,0.12,0.13,0.13,0.13,0.09,0.14,0.5,0.53
PIN,2024,2024-07-05,pin_871,2024-07-05 11:14:34,MRNF_1,myriam.aubin89@gmail.com,716,3088,2666,1658,1008,878,748,716,715,683,683,683,683,1756,1106,910,813,780,748,748,748,781,780,0.76,1.79,2.39,2.8,2.96,3.13,3.13,3.13,2.95,2.96,0.09,0.16,0.07,0.17,0.18,0.1,0.2,0.2,0.28,0.43,2.9,943,1105,2.27,1.79,0.82,0.92,0.77,0.06,0.09,0.04,0.08,0.08,0.04,0.09,0.09,0.13,0.12,0.41,0.5
PIN,2024,2024-07-05,pin_548,2024-07-05 11:15:55,CFL_2,ithmajor@gmail.com,449,2343,1984,1585,1017,858,768,718,688,668,658,658,638,1715,1117,937,848,798,778,758,748,748,748,0.37,1.1,1.5,1.76,1.94,2.01,2.09,2.13,2.13,2.13,0.1,0.13,0.13,0.16,0.17,0.2,0.21,0.21,0.21,0.34,2.11,808,907,1.9,1.58,0.81,0.89,0.81,0.08,0.09,0.08,0.09,0.1,0.12,0.12,0.12,0.12,0.15,0.48,0.55
PIN,2024,2024-07-05,pin_1942,2024-07-05 11:18:38,MRNF_2,myriam.aubin89@gmail.com,747,3414,3089,2080,1235,1041,975,877,845,813,845,845,813,2145,1300,1106,1008,975,975,943,943,910,975,0.59,1.63,2.09,2.39,2.5,2.5,2.62,2.62,2.75,2.5,0.04,0.09,0.11,0.06,0.2,0.26,0.28,0.21,0.15,0.42,2.8,1171,1333,1.92,1.56,0.86,0.92,0.78,0.03,0.05,0.06,0.03,0.1,0.13,0.14,0.1,0.07,0.17,0.47,0.54
PIN,2024,2024-07-05,pin_625,2024-07-05 11:25:25,CFL_2,ithmajor@gmail.com,339,1017,878,738,568,538,419,439,448,439,379,379,379,938,707,658,549,559,559,549,509,488,488,0.08,0.44,0.55,0.85,0.82,0.82,0.85,1,1.08,1.08,0.33,0.34,0.32,0.46,0.41,0.38,0.39,0.51,0.46,0.5,1.32,608,678,0.67,0.5,0.99,1,0.67,0.21,0.2,0.18,0.24,0.21,0.2,0.2,0.26,0.22,0.22,0.54,0.57
PIN,2024,2024-07-05,pin_1834,2024-07-05 11:28:56,MRNF_1,cflbiologie1@gmail.com,359,1047,818,489,319,319,309,319,319,319,339,339,349,558,369,359,349,359,359,379,389,399,408,0.88,1.84,1.92,2,1.92,1.92,1.76,1.69,1.62,1.57,0.24,0.34,0.28,0.29,0.28,0.28,0.39,0.31,0.36,0.5,1.34,498,558,1.1,0.88,0.88,0.85,0.66,0.12,0.14,0.11,0.11,0.11,0.11,0.16,0.13,0.15,0.14,0.42,0.43
PIN,2024,2024-07-05,pin_773,2024-07-05 11:29:55,CFL_3,ithmajor@gmail.com,488,2173,1794,938,608,528,478,468,468,459,459,469,469,1017,678,588,548,529,528,538,558,559,578,1.14,2.21,2.7,2.97,3.11,3.12,3.04,2.89,2.89,2.76,0.13,0.2,0.21,0.27,0.25,0.25,0.32,0.38,0.34,0.5,2.83,728,908,1.98,1.39,0.87,0.95,0.78,0.08,0.1,0.1,0.13,0.12,0.11,0.15,0.18,0.16,0.19,0.47,0.56
PIN,2024,2024-07-05,pin_1981,2024-07-05 11:31:15,MRNF_2,cflbiologie1@gmail.com,683,3316,2861,1886,1105,943,845,748,715,748,683,715,715,1951,1170,975,910,845,812,813,845,813,845,0.7,1.83,2.4,2.64,2.92,3.08,3.08,2.92,3.08,2.92,0.05,0.1,0.06,0.14,0.23,0.25,0.16,0.39,0.25,0.45,3,1008,1236,2.29,1.68,0.84,0.94,0.79,0.03,0.06,0.03,0.07,0.11,0.12,0.08,0.19,0.12,0.15,0.45,0.55
PIN,2024,2024-07-05,pin_746,2024-07-05 11:33:42,CFL_2,ithmajor@gmail.com,159,608,449,349,259,249,219,219,210,199,209,200,199,429,329,309,279,289,279,269,260,279,280,0.42,0.85,0.97,1.18,1.1,1.18,1.26,1.34,1.18,1.17,0.28,0.35,0.33,0.38,0.42,0.44,0.47,0.36,0.5,0.57,1.26,329,379,0.85,0.6,0.96,0.99,0.74,0.19,0.21,0.19,0.22,0.24,0.25,0.26,0.2,0.28,0.29,0.58,0.63
PIN,2024,2024-07-05,pin_1827,2024-07-05 11:44:43,MRNF_2,cflbiologie1@gmail.com,418,1725,1466,947,548,469,428,398,389,379,389,379,379,1037,608,518,468,458,448,448,448,448,449,0.66,1.84,2.33,2.69,2.77,2.85,2.85,2.85,2.85,2.84,0.13,0.19,0.2,0.19,0.29,0.29,0.34,0.29,0.34,0.47,2.87,539,618,2.2,1.79,0.9,0.92,0.76,0.09,0.1,0.09,0.09,0.13,0.13,0.15,0.13,0.15,0.16,0.45,0.48
PIN,2024,2024-07-05,pin_689,2024-07-05 11:44:56,CFL_2,ithmajor@gmail.com,488,2552,2233,1486,858,698,618,568,539,529,518,519,519,1546,917,768,678,638,618,608,598,599,599,0.65,1.78,2.32,2.76,3,3.13,3.2,3.27,3.26,3.26,0.05,0.11,0.16,0.17,0.21,0.25,0.26,0.27,0.27,0.35,3.3,698,817,2.66,2.12,0.88,0.93,0.81,0.04,0.06,0.09,0.09,0.11,0.13,0.13,0.13,0.13,0.13,0.47,0.54
PIN,2024,2024-07-05,pin_535,2024-07-05 11:47:41,CFL_3,ithmajor@gmail.com,455,1723,1398,976,618,520,456,455,422,423,423,422,391,1106,683,585,521,520,488,488,488,487,520,0.56,1.52,1.95,2.31,2.31,2.53,2.53,2.53,2.54,2.31,0.18,0.18,0.23,0.27,0.27,0.31,0.3,0.3,0.3,0.57,2.58,618,651,1.79,1.65,0.95,0.98,0.74,0.12,0.1,0.11,0.12,0.12,0.14,0.13,0.13,0.13,0.25,0.47,0.5
PIN,2024,2024-07-05,pin_1590,2024-07-05 11:48:56,MRNF_1,myriam.aubin89@gmail.com,379,1525,1177,827,518,478,439,419,428,419,409,419,429,927,598,538,518,499,508,499,499,498,509,0.65,1.55,1.83,1.94,2.06,2,2.06,2.06,2.06,2,0.17,0.25,0.22,0.3,0.32,0.31,0.32,0.36,0.32,0.38,1.74,568,658,1.68,1.32,0.89,0.96,0.75,0.11,0.13,0.11,0.15,0.16,0.16,0.16,0.18,0.16,0.16,0.47,0.55
PIN,2024,2024-07-05,pin_3957,2024-07-05 11:54:49,MRNF_2,cflbiologie1@gmail.com,508,2004,1615,957,618,538,508,498,489,479,489,489,489,1027,668,578,548,558,558,558,568,568,578,0.95,2,2.47,2.66,2.59,2.59,2.59,2.53,2.53,2.47,0.11,0.15,0.15,0.16,0.24,0.27,0.31,0.31,0.31,0.45,2.3,708,818,1.83,1.45,0.83,0.92,0.75,0.07,0.07,0.07,0.07,0.11,0.12,0.14,0.14,0.14,0.15,0.42,0.5
PIN,2024,2024-07-05,pin_1062,2024-07-05 11:58:32,CFL_2,ithmajor@gmail.com,249,837,618,429,309,289,289,299,299,309,299,309,329,509,379,349,348,369,369,389,399,409,408,0.64,1.21,1.4,1.41,1.27,1.27,1.15,1.1,1.05,1.05,0.27,0.36,0.35,0.34,0.37,0.37,0.39,0.47,0.46,0.44,0.88,459,508,0.82,0.65,0.92,0.97,0.7,0.16,0.18,0.17,0.17,0.19,0.19,0.21,0.25,0.24,0.19,0.52,0.57
PIN,2024,2024-07-05,pin_1213,2024-07-05 11:59:57,CFL_3,ithmajor@gmail.com,239,638,529,399,289,270,259,249,249,249,260,239,239,449,339,309,309,309,299,299,299,299,289,0.42,0.88,1.06,1.06,1.06,1.13,1.13,1.13,1.13,1.21,0.21,0.31,0.28,0.36,0.43,0.38,0.38,0.3,0.46,0.51,1.21,349,378,0.83,0.69,0.9,1.01,0.63,0.11,0.15,0.13,0.16,0.19,0.17,0.17,0.13,0.2,0.17,0.43,0.5
PIN,2024,2024-07-05,pin_3868,2024-07-05 12:00:56,MRNF_1,cflbiologie1@gmail.com,520,2146,1723,1170,650,585,520,488,455,487,488,455,488,1268,715,618,553,520,520,520,487,520,520,0.69,2,2.47,2.88,3.13,3.13,3.13,3.41,3.13,3.13,0.12,0.18,0.11,0.13,0.14,0.29,0.15,0,0.29,0.25,2.53,618,780,2.47,1.75,0.78,0.94,0.76,0.08,0.09,0.05,0.06,0.06,0.12,0.06,0,0.12,0.06,0.37,0.5
PIN,2024,2024-07-05,pin_3884,2024-07-05 12:03:45,MRNF_2,cflbiologie1@gmail.com,469,1795,1406,858,558,499,479,468,469,479,479,489,478,957,638,568,558,558,568,578,598,598,608,0.88,1.81,2.16,2.22,2.22,2.16,2.11,2,2,1.95,0.17,0.25,0.26,0.3,0.34,0.37,0.36,0.41,0.38,0.54,1.94,738,837,1.43,1.14,0.9,0.94,0.74,0.1,0.13,0.12,0.14,0.16,0.17,0.17,0.2,0.18,0.21,0.49,0.54
PIN,2024,2024-07-05,pin_1220,2024-07-05 12:13:43,CFL_2,ithmajor@gmail.com,429,1765,1436,997,648,569,528,508,499,479,469,479,459,1117,728,628,598,588,588,579,578,588,579,0.58,1.42,1.81,1.95,2,2,2.05,2.05,2,2.05,0.16,0.2,0.18,0.23,0.27,0.3,0.34,0.37,0.36,0.5,2.13,718,848,1.46,1.08,0.94,0.96,0.76,0.11,0.11,0.09,0.12,0.14,0.15,0.17,0.19,0.19,0.21,0.53,0.58
PIN,2024,2024-07-05,pin_1373,2024-07-05 12:15:53,CFL_3,ithmajor@gmail.com,518,2283,2014,1376,748,598,548,518,498,509,499,488,498,1425,787,648,588,568,558,539,559,558,568,0.6,1.9,2.52,2.88,3.02,3.09,3.24,3.08,3.09,3.02,0.05,0.09,0.16,0.15,0.19,0.24,0.12,0.24,0.28,0.35,3.04,678,917,2.37,1.49,0.88,0.87,0.77,0.03,0.05,0.08,0.07,0.09,0.11,0.06,0.11,0.13,0.12,0.44,0.5
PIN,2024,2024-07-05,pin_2196,2024-07-05 12:20:04,MRNF_1,cflbiologie1@gmail.com,780,2471,2081,1171,780,715,650,650,650,650,650,683,715,1268,813,715,748,715,747,747,780,780,813,0.95,2.04,2.46,2.3,2.46,2.31,2.31,2.17,2.17,2.04,0.15,0.1,0,0.33,0.24,0.33,0.33,0.41,0.31,0.38,1.91,1041,1203,1.37,1.05,0.85,0.89,0.68,0.08,0.04,0,0.13,0.09,0.13,0.13,0.17,0.12,0.12,0.41,0.46
PIN,2024,2024-07-05,pin_2367,2024-07-05 12:21:45,MRNF_2,cflbiologie1@gmail.com,497,1516,1280,629,451,424,419,413,413,408,406,405,406,668,485,460,457,458,457,458,460,458,457,1.27,2.13,2.3,2.32,2.31,2.32,2.31,2.3,2.31,2.32,0.12,0.18,0.2,0.22,0.26,0.25,0.29,0.31,0.3,0.4,2.15,546,608,1.78,1.49,0.86,0.92,0.67,0.06,0.07,0.08,0.08,0.1,0.1,0.11,0.12,0.12,0.11,0.37,0.42
PIN,2024,2024-07-05,pin_2497,2024-07-05 12:35:08,MRNF_2,myriam.aubin89@gmail.com,520,1820,1463,650,520,487,455,455,423,455,423,422,455,715,552,520,520,520,520,520,552,520,488,1.55,2.3,2.5,2.5,2.5,2.5,2.5,2.3,2.5,2.73,0.18,0.13,0.15,0.3,0.3,0.45,0.3,0.54,0.45,0.25,2.22,715,845,1.55,1.15,0.92,0.93,0.71,0.09,0.06,0.06,0.12,0.12,0.19,0.12,0.23,0.19,0.07,0.45,0.5
PIN,2024,2024-07-05,pin_2521,2024-07-05 12:35:52,MRNF_1,myriam.aubin89@gmail.com,329,857,668,409,309,309,309,319,329,329,339,349,349,458,349,349,359,369,389,399,399,409,419,0.87,1.46,1.46,1.39,1.32,1.2,1.15,1.15,1.1,1.05,0.23,0.29,0.29,0.35,0.33,0.37,0.41,0.35,0.34,0.47,0.91,468,509,0.83,0.68,0.86,0.93,0.62,0.11,0.11,0.11,0.14,0.14,0.15,0.18,0.15,0.15,0.17,0.4,0.45
PIN,2024,2024-07-05,pin_2437,2024-07-05 12:44:14,MRNF_2,myriam.aubin89@gmail.com,329,1067,827,478,319,289,279,279,270,279,280,300,289,538,349,329,319,319,319,329,339,349,359,0.98,2.06,2.24,2.34,2.34,2.34,2.24,2.15,2.06,1.97,0.21,0.2,0.3,0.31,0.31,0.38,0.37,0.42,0.33,0.59,1.86,409,489,1.61,1.18,0.84,0.93,0.69,0.11,0.09,0.12,0.13,0.13,0.15,0.15,0.17,0.14,0.19,0.39,0.47
PIN,2024,2024-07-05,pin_2428,2024-07-05 12:46:29,MRNF_1,myriam.aubin89@gmail.com,781,2438,2081,1528,812,650,553,553,553,520,553,520,520,1593,845,651,585,585,553,553,553,552,553,0.53,1.89,2.75,3.17,3.17,3.41,3.41,3.41,3.42,3.41,0.07,0.09,0,0.16,0.16,0,0.18,0,0.18,0.5,3,682,748,2.57,2.26,0.64,0.77,0.68,0.04,0.04,0,0.05,0.05,0,0.06,0,0.06,0.06,0.24,0.3
PIN,2024,2024-07-05,pin_2842,2024-07-05 13:39:05,CFL_3,cflbiologie1@gmail.com,429,1705,1406,797,519,478,449,449,439,429,429,428,419,887,578,548,529,509,508,508,519,518,509,0.92,1.95,2.11,2.22,2.35,2.36,2.36,2.29,2.29,2.35,0.17,0.2,0.26,0.32,0.25,0.29,0.33,0.36,0.37,0.5,2.36,738,967,1.31,0.76,0.89,0.95,0.75,0.1,0.1,0.13,0.15,0.12,0.14,0.16,0.17,0.17,0.18,0.5,0.6
PIN,2024,2024-07-05,pin_2512,2024-07-05 13:39:34,MRNF_1,myriam.aubin89@gmail.com,618,1983,1691,910,617,520,521,521,487,487,520,488,487,942,617,553,553,553,553,552,553,585,585,1.11,2.21,2.59,2.59,2.59,2.59,2.59,2.59,2.39,2.39,0.07,0,0.16,0.15,0.15,0.31,0.31,0.16,0.42,0.5,2.47,748,943,1.65,1.1,0.86,0.94,0.69,0.03,0,0.06,0.06,0.06,0.12,0.12,0.06,0.17,0.17,0.39,0.48
PIN,2024,2024-07-05,pin_3085,2024-07-05 13:41:10,CFL_2,cflbiologie1@gmail.com,1041,2569,2243,910,683,650,618,650,617,650,682,682,682,975,716,683,683,683,715,747,715,780,780,1.63,2.59,2.76,2.76,2.76,2.59,2.44,2.59,2.29,2.29,0.19,0.16,0.17,0.34,0.17,0.47,0.43,0.16,0.41,0.6,2.29,1138,1333,1.26,0.93,0.94,0.9,0.59,0.07,0.05,0.05,0.1,0.05,0.14,0.13,0.05,0.13,0.13,0.37,0.39
PIN,2024,2024-07-05,pin_2740,2024-07-05 13:41:19,MRNF_2,myriam.aubin89@gmail.com,448,1316,1056,558,439,399,389,379,388,399,399,388,388,619,478,448,448,439,458,449,459,469,468,1.13,1.75,1.94,1.94,2,1.87,1.93,1.87,1.81,1.81,0.21,0.2,0.28,0.33,0.35,0.38,0.28,0.32,0.42,0.58,1.72,618,718,1.13,0.83,0.91,0.97,0.66,0.1,0.08,0.11,0.13,0.14,0.15,0.11,0.13,0.17,0.17,0.44,0.5
PIN,2024,2024-07-05,pin_2815,2024-07-05 13:47:50,MRNF_1,myriam.aubin89@gmail.com,449,1366,1137,638,408,368,349,339,349,349,349,359,359,677,438,398,378,378,388,389,398,408,419,1.02,2.12,2.43,2.61,2.61,2.52,2.51,2.43,2.35,2.26,0.11,0.17,0.2,0.21,0.29,0.27,0.28,0.33,0.32,0.55,2.17,509,588,1.68,1.32,0.82,0.91,0.67,0.06,0.07,0.08,0.08,0.1,0.1,0.1,0.12,0.12,0.14,0.35,0.42
PIN,2024,2024-07-05,pin_2467,2024-07-05 13:48:21,CFL_3,cflbiologie1@gmail.com,279,1127,878,529,319,289,280,270,289,279,279,289,290,598,369,319,319,329,339,339,349,349,349,0.88,2.05,2.53,2.53,2.43,2.32,2.32,2.23,2.23,2.23,0.19,0.27,0.2,0.26,0.38,0.31,0.37,0.41,0.35,0.46,2.03,399,469,1.82,1.4,0.87,0.92,0.75,0.12,0.14,0.09,0.12,0.18,0.15,0.18,0.2,0.17,0.17,0.45,0.51
PIN,2024,2024-07-05,pin_2954,2024-07-05 13:50:28,MRNF_2,myriam.aubin89@gmail.com,219,519,378,269,200,190,190,189,189,189,189,190,199,309,240,220,210,209,219,209,229,239,249,0.68,1.16,1.36,1.47,1.48,1.37,1.48,1.27,1.17,1.08,0.29,0.43,0.37,0.27,0.27,0.37,0.27,0.46,0.53,0.62,0.9,279,309,0.86,0.68,0.92,0.93,0.58,0.13,0.17,0.14,0.1,0.1,0.14,0.1,0.17,0.21,0.2,0.39,0.42
PIN,2024,2024-07-05,pin_2158,2024-07-05 13:52:59,CFL_2,cflbiologie1@gmail.com,553,1853,1593,943,552,520,487,487,455,456,455,456,455,1008,585,553,520,520,521,488,520,520,520,0.84,2.17,2.35,2.56,2.56,2.56,2.8,2.56,2.56,2.56,0.11,0.13,0.14,0.16,0.16,0.32,0.17,0.31,0.31,0.5,2.5,716,845,1.59,1.19,0.86,0.89,0.7,0.06,0.06,0.06,0.06,0.06,0.13,0.07,0.12,0.12,0.12,0.41,0.46
PIN,2024,2024-07-05,pin_3254,2024-07-05 13:55:39,MRNF_1,myriam.aubin89@gmail.com,716,2503,2113,1072,682,618,585,585,585,585,586,585,618,1138,715,650,618,617,650,650,651,683,716,1.2,2.5,2.85,3.05,3.06,2.85,2.85,2.84,2.66,2.5,0.11,0.11,0.13,0.14,0.14,0.25,0.25,0.25,0.35,0.38,2.42,878,1008,1.85,1.48,0.87,0.96,0.71,0.06,0.05,0.05,0.05,0.05,0.1,0.1,0.1,0.14,0.14,0.41,0.48
PIN,2024,2024-07-05,pin_2237,2024-07-05 13:56:16,CFL_3,cflbiologie1@gmail.com,439,1476,1216,588,409,369,369,379,379,379,389,399,399,648,438,418,429,429,439,448,468,478,489,1.28,2.37,2.53,2.44,2.44,2.36,2.29,2.15,2.09,2.02,0.18,0.16,0.29,0.34,0.29,0.33,0.37,0.39,0.38,0.47,2.05,568,638,1.6,1.31,0.96,0.93,0.7,0.09,0.07,0.12,0.14,0.12,0.14,0.15,0.17,0.17,0.18,0.46,0.47
PIN,2024,2024-07-05,pin_3361,2024-07-05 13:59:15,MRNF_2,myriam.aubin89@gmail.com,553,1756,1398,586,423,391,391,390,390,423,390,423,422,651,488,456,456,455,456,488,488,488,520,1.7,2.6,2.85,2.85,2.86,2.85,2.6,2.6,2.6,2.38,0.22,0.35,0.39,0.39,0.4,0.4,0.35,0.53,0.35,0.6,2.31,585,683,2,1.57,0.79,1.04,0.69,0.1,0.13,0.14,0.14,0.14,0.14,0.13,0.2,0.13,0.19,0.33,0.48
PIN,2024,2024-07-05,pin_2076,2024-07-05 14:02:50,CFL_2,cflbiologie1@gmail.com,329,1366,1087,668,419,359,359,339,339,349,349,349,358,758,469,409,399,409,409,409,429,428,448,0.8,1.91,2.34,2.42,2.34,2.34,2.34,2.18,2.19,2.05,0.19,0.21,0.25,0.21,0.35,0.35,0.3,0.37,0.37,0.48,2.04,508,578,1.69,1.36,0.91,0.97,0.76,0.12,0.11,0.12,0.1,0.17,0.17,0.15,0.19,0.18,0.2,0.49,0.55
PIN,2024,2024-07-05,pin_3134,2024-07-05 14:02:55,MRNF_1,myriam.aubin89@gmail.com,748,2861,2471,1268,813,716,650,650,683,651,651,651,650,1301,846,748,715,715,716,716,748,715,748,1.2,2.38,2.82,3,3,3,3,2.82,3,2.82,0.05,0.09,0.1,0.22,0.22,0.11,0.22,0.31,0.22,0.38,2.8,878,1008,2.26,1.84,0.88,0.9,0.74,0.03,0.04,0.04,0.09,0.09,0.05,0.09,0.13,0.09,0.13,0.41,0.45
PIN,2024,2024-07-05,pin_3061,2024-07-05 14:07:05,MRNF_2,myriam.aubin89@gmail.com,586,2211,1853,878,552,487,455,487,422,423,422,422,423,878,585,521,520,488,520,520,487,520,520,1.52,2.78,3.24,3.25,3.53,3.25,3.25,3.54,3.25,3.25,0,0.13,0.17,0.32,0.01,0.48,0.47,0.35,0.48,0.6,3.38,618,748,2.58,1.96,0.84,0.99,0.73,0,0.06,0.07,0.12,0,0.19,0.19,0.13,0.19,0.19,0.37,0.48
PIN,2024,2024-07-05,pin_2866,2024-07-05 14:11:40,MRNF_1,myriam.aubin89@gmail.com,846,4161,3837,3024,1690,1268,1105,976,943,910,878,845,878,3121,1723,1301,1138,1041,1008,975,943,910,910,0.33,1.41,2.2,2.66,3,3.13,3.27,3.41,3.57,3.57,0.04,0.03,0.05,0.06,0.13,0.13,0.14,0.15,0.15,0.14,3.37,1170,1333,2.56,2.12,0.74,0.88,0.8,0.03,0.02,0.03,0.03,0.06,0.06,0.07,0.07,0.07,0.04,0.39,0.49
PIN,2024,2024-07-05,pin_3601,2024-07-05 14:15:06,CFL_2,cflbiologie1@gmail.com,359,1206,957,529,349,309,299,290,299,309,299,299,310,569,389,339,329,329,329,339,349,349,349,1.12,2.1,2.56,2.67,2.67,2.67,2.56,2.46,2.46,2.46,0.13,0.24,0.22,0.23,0.3,0.23,0.22,0.35,0.35,0.49,2.09,458,558,1.63,1.16,0.92,0.95,0.7,0.07,0.1,0.09,0.09,0.12,0.09,0.09,0.14,0.14,0.11,0.43,0.5
PIN,2024,2024-07-05,pin_2757,2024-07-05 14:15:34,MRNF_2,myriam.aubin89@gmail.com,617,2894,2504,1333,846,682,650,650,618,618,617,617,618,1431,910,747,715,683,715,748,716,748,748,1.02,2.18,2.87,3.05,3.24,3.05,2.87,3.04,2.87,2.87,0.11,0.13,0.18,0.19,0.1,0.28,0.36,0.29,0.36,0.45,3.05,943,1138,2.07,1.54,0.89,0.97,0.79,0.07,0.07,0.09,0.09,0.05,0.14,0.17,0.14,0.18,0.17,0.48,0.57
PIN,2024,2024-07-05,pin_4007,2024-07-05 14:21:09,MRNF_1,cflbiologie1@gmail.com,586,2146,1724,813,586,585,553,585,585,586,585,585,586,878,651,617,650,650,715,683,683,715,683,1.44,2.3,2.48,2.3,2.3,2,2.14,2.14,2,2.14,0.14,0.22,0.12,0.33,0.22,0.39,0.31,0.31,0.39,0.43,1.94,910,1073,1.36,1,0.94,1.01,0.73,0.07,0.1,0.05,0.15,0.1,0.18,0.14,0.14,0.18,0.14,0.5,0.58
PIN,2024,2024-07-05,pin_3904,2024-07-05 14:23:01,CFL_2,cflbiologie1@gmail.com,319,1067,818,438,299,269,259,259,239,260,249,249,249,469,339,309,289,299,299,310,289,289,299,1.28,2.15,2.45,2.69,2.57,2.57,2.44,2.69,2.69,2.57,0.13,0.28,0.32,0.27,0.34,0.51,0.4,0.36,0.36,0.45,2.29,379,439,1.82,1.43,1.05,1.11,0.7,0.07,0.12,0.13,0.1,0.13,0.2,0.16,0.14,0.14,0.17,0.47,0.54
PIN,2024,2024-07-05,pin_3969,2024-07-05 14:26:47,MRNF_2,cflbiologie1@gmail.com,429,1794,1455,897,608,538,519,509,498,499,499,489,489,997,688,618,598,599,598,609,618,618,618,0.8,1.61,1.9,2,1.99,2,1.95,1.9,1.9,1.9,0.16,0.21,0.25,0.26,0.29,0.32,0.35,0.37,0.4,0.5,1.98,757,867,1.37,1.07,0.92,0.97,0.76,0.1,0.12,0.13,0.13,0.15,0.17,0.18,0.19,0.21,0.21,0.53,0.59
PIN,2024,2024-07-05,pin_5923,2024-07-05 15:10:51,MRNF_2,cflbiologie1@gmail.com,309,957,778,419,290,260,259,269,279,289,289,309,339,468,329,319,309,319,319,349,359,379,418,1.04,1.91,2,2.1,2,2,1.74,1.67,1.53,1.29,0.21,0.28,0.45,0.4,0.38,0.3,0.4,0.44,0.41,0.47,1.29,488,548,0.96,0.75,0.91,0.93,0.68,0.1,0.12,0.18,0.16,0.16,0.13,0.17,0.19,0.18,0.19,0.47,0.51
PIN,2024,2024-07-05,pin_6073,2024-07-05 15:12:17,MRNF_1,cflbiologie1@gmail.com,553,1821,1528,781,488,455,456,456,488,488,488,488,488,845,553,520,521,553,553,553,586,586,585,1.16,2.29,2.5,2.5,2.29,2.29,2.29,2.11,2.11,2.11,0.15,0.29,0.32,0.31,0.43,0.29,0.29,0.39,0.39,0.5,2.13,748,846,1.43,1.15,0.9,0.89,0.7,0.08,0.12,0.12,0.12,0.18,0.12,0.12,0.17,0.17,0.17,0.43,0.46
PIN,2024,2024-07-05,pin_4482,2024-07-05 15:12:20,CFL_2,cflbiologie1@gmail.com,209,648,469,299,220,210,210,210,210,209,229,219,229,329,239,230,230,240,240,249,259,269,269,0.97,1.71,1.82,1.82,1.7,1.7,1.6,1.5,1.41,1.41,0.18,0.18,0.2,0.2,0.29,0.29,0.36,0.25,0.4,0.5,1.05,309,359,1.1,0.81,0.78,0.88,0.68,0.09,0.08,0.09,0.09,0.12,0.12,0.16,0.12,0.19,0.15,0.39,0.47
PIN,2024,2024-07-05,pin_4411,2024-07-05 15:12:48,CFL_3,ithmajor@gmail.com,220,658,469,300,249,239,239,239,259,260,249,260,269,379,289,279,289,299,309,319,329,339,339,0.74,1.28,1.36,1.28,1.2,1.13,1.06,1,0.94,0.94,0.39,0.3,0.31,0.37,0.42,0.33,0.38,0.49,0.46,0.58,0.74,389,429,0.69,0.53,0.86,0.91,0.67,0.21,0.14,0.14,0.17,0.2,0.16,0.18,0.24,0.23,0.21,0.46,0.51
PIN,2024,2024-07-05,pin_5996,2024-07-05 15:18:38,MRNF_2,myriam.aubin89@gmail.com,617,1723,1431,715,455,423,390,390,358,357,390,358,358,747,487,455,455,423,423,422,423,422,423,1.31,2.54,2.79,2.79,3.07,3.07,3.08,3.07,3.08,3.07,0.1,0.2,0.22,0.44,0.26,0.5,0.5,0.26,0.5,0.66,3,650,812,1.65,1.12,0.87,0.96,0.64,0.04,0.07,0.07,0.14,0.08,0.15,0.15,0.08,0.15,0.15,0.35,0.44
PIN,2024,2024-07-05,pin_6066,2024-07-05 15:20:37,MRNF_1,cflbiologie1@gmail.com,813,3934,3511,2146,1235,1008,910,845,845,813,845,846,846,2211,1301,1073,1008,976,975,975,975,976,975,0.78,2.02,2.67,2.9,3.03,3.03,3.03,3.03,3.03,3.03,0.04,0.09,0.12,0.2,0.28,0.27,0.34,0.27,0.27,0.36,3.15,1203,1463,2.27,1.69,0.9,0.94,0.79,0.03,0.05,0.06,0.1,0.13,0.13,0.17,0.13,0.13,0.13,0.49,0.56
PIN,2024,2024-07-05,pin_4262,2024-07-05 15:20:44,CFL_2,ithmajor@gmail.com,289,937,718,439,309,289,269,269,279,279,299,309,309,498,349,329,319,309,319,409,369,369,379,0.88,1.68,1.85,1.94,2.03,1.94,1.29,1.54,1.54,1.47,0.22,0.25,0.28,0.36,0.3,0.29,0.64,0.4,0.35,0.5,1.32,489,579,0.92,0.62,0.94,0.98,0.69,0.12,0.11,0.12,0.16,0.13,0.13,0.32,0.19,0.16,0.18,0.51,0.57
PIN,2024,2024-07-05,pin_4716,2024-07-05 15:23:57,CFL_3,ithmajor@gmail.com,240,648,459,280,240,210,210,209,219,209,210,199,209,359,279,259,259,269,269,269,269,259,269,0.81,1.32,1.5,1.5,1.41,1.41,1.41,1.41,1.5,1.41,0.45,0.33,0.47,0.47,0.54,0.45,0.54,0.53,0.57,0.6,1.2,299,338,1.17,0.92,1.13,1.13,0.63,0.22,0.14,0.19,0.19,0.22,0.19,0.22,0.22,0.23,0.22,0.5,0.53
PIN,2024,2024-07-05,pin_5988,2024-07-05 15:26:59,MRNF_2,myriam.aubin89@gmail.com,419,1605,1257,738,488,439,409,409,409,419,419,409,428,838,549,489,468,488,478,498,508,508,518,0.92,1.92,2.28,2.43,2.29,2.36,2.22,2.16,2.16,2.1,0.2,0.23,0.22,0.28,0.35,0.32,0.34,0.37,0.41,0.48,1.94,628,728,1.56,1.2,0.91,0.95,0.74,0.12,0.11,0.1,0.13,0.16,0.14,0.16,0.18,0.19,0.17,0.48,0.53
PIN,2024,2024-07-05,pin_5419,2024-07-05 15:30:11,MRNF_1,cflbiologie1@gmail.com,715,3024,2536,1431,845,715,682,650,650,650,618,650,650,1528,910,780,747,715,715,748,747,748,748,0.98,2.32,2.88,3.05,3.23,3.23,3.04,3.05,3.04,3.04,0.1,0.14,0.18,0.2,0.21,0.21,0.3,0.39,0.3,0.38,2.9,910,1073,2.32,1.82,0.94,0.97,0.76,0.06,0.07,0.08,0.09,0.09,0.09,0.13,0.17,0.13,0.13,0.46,0.52
PIN,2024,2024-07-05,pin_4791,2024-07-05 15:30:34,CFL_2,ithmajor@gmail.com,106,306,210,150,111,105,106,108,112,112,106,115,112,182,134,128,131,130,134,140,144,140,147,0.68,1.28,1.39,1.34,1.35,1.28,1.19,1.12,1.19,1.08,0.33,0.38,0.41,0.43,0.38,0.36,0.43,0.56,0.39,0.57,0.88,156,179,0.96,0.71,0.92,0.93,0.65,0.18,0.17,0.18,0.19,0.17,0.16,0.2,0.26,0.18,0.24,0.45,0.49
PIN,2024,2024-07-05,pin_5341,2024-07-05 15:35:01,MRNF_2,myriam.aubin89@gmail.com,650,3413,2991,2146,1138,910,878,813,813,748,748,780,748,2210,1203,1008,943,911,878,911,878,911,878,0.54,1.84,2.39,2.62,2.75,2.89,2.75,2.89,2.75,2.89,0.04,0.09,0.17,0.13,0.2,0.14,0.34,0.28,0.27,0.36,3,1040,1268,2.28,1.69,0.89,0.92,0.81,0.03,0.05,0.1,0.07,0.11,0.07,0.18,0.15,0.14,0.15,0.5,0.56
PIN,2024,2024-07-05,pin_5650,2024-07-05 15:38:07,MRNF_1,myriam.aubin89@gmail.com,618,2406,1983,1203,715,618,585,552,585,553,553,552,552,1300,780,683,683,650,650,683,650,683,682,0.85,2.08,2.52,2.52,2.7,2.7,2.52,2.7,2.52,2.53,0.12,0.17,0.21,0.32,0.34,0.23,0.42,0.34,0.43,0.5,2.59,813,975,1.96,1.47,0.81,0.93,0.74,0.07,0.08,0.1,0.14,0.15,0.1,0.19,0.15,0.19,0.19,0.4,0.5
PIN,2024,2024-07-05,pin_5096,2024-07-05 15:43:47,CFL_3,ithmajor@gmail.com,210,758,588,389,279,250,239,229,209,220,229,230,220,449,309,299,299,279,279,280,289,280,280,0.69,1.45,1.54,1.54,1.72,1.72,1.71,1.62,1.71,1.71,0.22,0.19,0.32,0.4,0.37,0.51,0.44,0.42,0.36,0.55,1.67,329,349,1.3,1.17,1.03,0.99,0.72,0.13,0.1,0.16,0.2,0.18,0.25,0.21,0.21,0.18,0.21,0.55,0.54
PIN,2024,2024-07-05,pin_5211,2024-07-05 15:51:28,MRNF_1,myriam.aubin89@gmail.com,617,2796,2405,1430,845,715,650,618,618,618,618,617,618,1560,910,780,715,715,715,715,748,748,748,0.79,2.07,2.58,2.91,2.91,2.91,2.91,2.74,2.74,2.74,0.13,0.13,0.17,0.19,0.29,0.29,0.29,0.36,0.36,0.44,2.89,878,1041,2.18,1.69,0.92,0.99,0.78,0.08,0.07,0.08,0.09,0.14,0.14,0.14,0.17,0.18,0.17,0.48,0.56
PIN,2024,2024-07-05,pin_5293,2024-07-05 15:54:40,MRNF_2,myriam.aubin89@gmail.com,586,2503,2081,1073,683,585,553,520,488,488,520,455,488,1138,747,650,618,585,585,553,586,585,585,1.2,2.35,2.85,3.05,3.28,3.28,3.53,3.27,3.28,3.28,0.1,0.17,0.22,0.24,0.26,0.38,0.28,0.26,0.51,0.5,3.26,781,943,2.2,1.65,0.83,0.94,0.77,0.06,0.09,0.1,0.11,0.11,0.17,0.12,0.11,0.22,0.17,0.42,0.52
PIN,2024,2024-07-05,pin_5141,2024-07-05 15:55:27,CFL_2,ithmajor@gmail.com,319,997,848,489,299,259,259,250,240,240,250,249,239,519,310,279,279,280,270,270,279,279,279,0.92,2.22,2.57,2.57,2.56,2.69,2.69,2.57,2.57,2.57,0.11,0.09,0.19,0.19,0.29,0.3,0.3,0.28,0.29,0.58,2.55,339,389,1.94,1.56,0.84,0.9,0.68,0.06,0.04,0.07,0.07,0.11,0.11,0.11,0.1,0.11,0.14,0.35,0.41
PIN,2024,2024-07-05,pin_4970,2024-07-05 15:59:31,CFL_3,ithmajor@gmail.com,349,1087,887,458,319,299,290,279,269,260,259,259,250,508,369,349,339,309,299,289,290,289,280,1.14,1.95,2.11,2.21,2.52,2.64,2.76,2.75,2.76,2.88,0.2,0.32,0.35,0.36,0.26,0.27,0.28,0.3,0.29,0.49,2.55,438,568,1.48,0.91,0.89,1,0.68,0.1,0.14,0.14,0.14,0.1,0.1,0.1,0.11,0.1,0.11,0.41,0.53
PIN,2024,2024-07-05,pin_4990,2024-07-05 16:05:52,MRNF_2,myriam.aubin89@gmail.com,449,2064,1715,1137,658,559,509,488,468,449,458,448,448,1236,728,608,579,558,548,538,538,558,548,0.67,1.84,2.39,2.56,2.7,2.77,2.84,2.84,2.7,2.77,0.12,0.17,0.16,0.24,0.25,0.3,0.34,0.31,0.4,0.5,2.83,648,747,2.19,1.76,0.87,0.92,0.78,0.08,0.1,0.08,0.12,0.13,0.15,0.17,0.15,0.2,0.18,0.46,0.52
PIN,2024,2024-07-05,pin_4760,2024-07-05 16:07:08,MRNF_1,myriam.aubin89@gmail.com,553,1919,1593,975,586,521,520,521,488,488,488,488,488,1073,618,553,553,553,586,585,585,585,586,0.79,2.11,2.47,2.47,2.47,2.27,2.28,2.28,2.28,2.27,0.16,0.12,0.14,0.14,0.14,0.39,0.39,0.39,0.39,0.5,2.26,683,813,1.81,1.36,0.81,0.94,0.71,0.09,0.05,0.06,0.06,0.06,0.17,0.17,0.17,0.17,0.17,0.38,0.48
PIN,2024,2024-07-05,pin_4805,2024-07-05 16:09:02,CFL_2,cflbiologie1@gmail.com,429,1854,1515,1076,588,478,428,398,389,379,379,389,389,1146,628,508,468,448,439,439,449,449,448,0.62,1.95,2.65,2.96,3.14,3.22,3.22,3.13,3.13,3.14,0.09,0.12,0.12,0.19,0.25,0.26,0.31,0.35,0.3,0.37,2.89,518,578,2.58,2.21,0.92,0.95,0.77,0.06,0.06,0.06,0.09,0.11,0.11,0.14,0.16,0.13,0.13,0.44,0.48
PIN,2024,2024-07-05,pin_4772,2024-07-05 16:09:53,CFL_3,cflbiologie1@gmail.com,389,1395,1096,698,399,378,369,369,349,359,369,369,379,767,468,408,409,409,428,429,449,449,459,0.82,1.98,2.42,2.41,2.41,2.26,2.25,2.11,2.11,2.04,0.15,0.32,0.17,0.23,0.23,0.42,0.37,0.39,0.39,0.47,1.89,548,619,1.55,1.25,0.9,0.97,0.72,0.09,0.15,0.07,0.1,0.1,0.18,0.16,0.18,0.18,0.17,0.45,0.52
PIN,2024,2024-07-05,pin_5224,2024-07-05 16:14:30,MRNF_2,cflbiologie1@gmail.com,520,2341,2016,1333,748,618,552,553,520,520,520,520,520,1398,780,650,617,618,585,618,585,617,617,0.67,2,2.6,2.79,2.79,3,2.79,3,2.79,2.79,0.07,0.08,0.1,0.22,0.22,0.24,0.33,0.24,0.33,0.5,2.88,716,878,2.27,1.67,0.79,0.91,0.78,0.05,0.04,0.05,0.11,0.11,0.11,0.16,0.11,0.16,0.16,0.41,0.52
PIN,2024,2024-07-05,pin_4743,2024-07-05 16:16:39,MRNF_1,myriam.aubin89@gmail.com,449,1256,997,538,369,349,359,369,369,379,379,389,389,578,399,388,379,399,409,429,439,449,459,1.17,2.15,2.24,2.31,2.15,2.07,1.93,1.86,1.8,1.74,0.15,0.21,0.28,0.15,0.21,0.26,0.31,0.35,0.34,0.5,1.56,569,638,1.21,0.97,0.9,0.95,0.64,0.07,0.08,0.1,0.05,0.08,0.1,0.12,0.14,0.13,0.15,0.4,0.45
PIN,2024,2024-07-05,pin_4241,2024-07-05 16:21:02,CFL_2,cflbiologie1@gmail.com,419,1645,1356,878,599,529,509,488,478,468,469,468,459,977,668,608,578,578,578,578,579,568,579,0.68,1.46,1.71,1.85,1.85,1.85,1.85,1.84,1.9,1.84,0.16,0.19,0.25,0.24,0.31,0.34,0.38,0.37,0.35,0.52,1.95,698,778,1.36,1.11,0.9,0.95,0.75,0.1,0.1,0.13,0.12,0.16,0.17,0.19,0.19,0.18,0.21,0.5,0.55
PIN,2024,2024-07-05,pin_4681,2024-07-05 16:22:53,MRNF_2,myriam.aubin89@gmail.com,389,1037,827,478,309,289,279,279,279,289,299,299,309,528,339,309,309,309,319,329,329,339,359,0.96,2.06,2.36,2.36,2.36,2.25,2.15,2.15,2.06,1.89,0.21,0.25,0.2,0.29,0.29,0.37,0.35,0.26,0.33,0.5,1.68,478,558,1.17,0.86,0.86,0.94,0.62,0.09,0.09,0.06,0.1,0.1,0.13,0.12,0.09,0.12,0.14,0.37,0.45
PIN,2024,2024-07-05,pin_4474,2024-07-05 16:27:11,CFL_3,cflbiologie1@gmail.com,429,1545,1256,837,529,459,438,418,418,408,399,398,389,907,559,489,478,468,458,448,448,448,449,0.7,1.76,2.16,2.23,2.3,2.37,2.45,2.45,2.45,2.44,0.13,0.11,0.14,0.19,0.24,0.2,0.21,0.25,0.26,0.43,2.23,539,618,1.87,1.5,0.82,0.89,0.72,0.08,0.05,0.06,0.08,0.11,0.09,0.09,0.11,0.11,0.13,0.39,0.45
PIN,2024,2024-07-05,pin_4436,2024-07-05 16:30:39,MRNF_2,myriam.aubin89@gmail.com,509,1745,1436,748,449,379,359,349,339,349,359,359,369,788,489,419,389,389,379,389,399,399,409,1.21,2.57,3.16,3.49,3.49,3.6,3.49,3.37,3.37,3.27,0.1,0.2,0.26,0.22,0.29,0.31,0.29,0.28,0.28,0.33,2.89,508,559,2.44,2.12,0.9,0.9,0.71,0.05,0.08,0.1,0.08,0.1,0.11,0.1,0.1,0.1,0.1,0.37,0.4
PIN,2024,2024-07-05,pin_4538,2024-07-05 16:37:51,CFL_3,ithmajor@gmail.com,468,2143,1505,947,548,469,429,409,399,399,399,389,389,1047,598,518,479,459,459,459,459,459,469,1.05,2.58,3.14,3.47,3.67,3.67,3.67,3.67,3.67,3.57,0.15,0.17,0.2,0.23,0.25,0.3,0.3,0.3,0.35,0.5,2.87,558,648,2.84,2.31,0.93,0.98,0.78,0.1,0.08,0.09,0.1,0.11,0.13,0.13,0.13,0.15,0.17,0.45,0.51
PIN,2024,2024-07-18,pin_4716,2024-07-18 12:07:40,CFL_3,ithmajor@gmail.com,651,2536,1854,781,618,553,553,553,585,618,585,585,585,878,650,650,650,682,715,715,748,747,748,1.89,2.9,2.9,2.9,2.72,2.55,2.55,2.39,2.39,2.39,0.22,0.12,0.35,0.35,0.43,0.4,0.3,0.47,0.47,0.56,2.17,1040,1203,1.44,1.11,0.92,0.93,0.74,0.11,0.05,0.15,0.15,0.19,0.18,0.14,0.22,0.22,0.22,0.5,0.54
PIN,2024,2024-07-18,pin_4791,2024-07-18 12:12:19,CFL_1,ithmajor@gmail.com,419,1346,927,509,459,449,469,469,458,459,459,438,449,638,559,578,599,608,619,608,608,609,628,1.11,1.41,1.33,1.25,1.21,1.17,1.21,1.21,1.21,1.14,0.4,0.37,0.46,0.44,0.46,0.52,0.49,0.49,0.56,0.64,1.06,887,1037,0.52,0.3,0.95,0.96,0.69,0.2,0.18,0.22,0.22,0.23,0.26,0.25,0.25,0.28,0.29,0.56,0.61
PIN,2024,2024-07-18,pin_4411,2024-07-18 12:15:32,CFL_3,ithmajor@gmail.com,498,2153,1725,778,598,548,528,549,528,529,529,529,519,878,668,628,628,628,628,638,639,648,638,1.45,2.22,2.43,2.43,2.43,2.43,2.37,2.37,2.32,2.37,0.2,0.21,0.26,0.32,0.26,0.32,0.34,0.35,0.37,0.48,2.32,1047,1286,1.06,0.67,0.92,0.94,0.77,0.11,0.1,0.13,0.16,0.13,0.16,0.17,0.17,0.18,0.19,0.57,0.63
PIN,2024,2024-07-18,pin_4482,2024-07-18 12:20:17,CFL_1,ithmajor@gmail.com,682,2828,2243,1040,683,618,585,585,585,585,618,585,618,1137,748,683,650,682,650,682,715,715,715,1.49,2.78,3.14,3.35,3.15,3.35,3.15,2.96,2.96,2.96,0.15,0.19,0.22,0.24,0.33,0.24,0.33,0.31,0.41,0.33,2.63,878,1008,2.22,1.81,0.97,0.98,0.76,0.09,0.09,0.1,0.1,0.14,0.1,0.14,0.14,0.18,0.14,0.48,0.52
PIN,2024,2024-07-18,pin_5096,2024-07-18 12:27:25,CFL_1,ithmajor@gmail.com,428,1874,1426,737,518,429,409,398,388,389,399,419,419,837,588,499,469,489,478,509,519,548,549,1.24,2.19,2.76,3,2.83,2.92,2.68,2.61,2.42,2.41,0.2,0.23,0.3,0.28,0.4,0.41,0.49,0.48,0.47,0.54,2.4,648,767,1.89,1.44,0.97,0.98,0.77,0.12,0.12,0.14,0.13,0.19,0.19,0.24,0.23,0.24,0.24,0.52,0.57
PIN,2024,2024-07-18,pin_4262,2024-07-18 12:29:59,CFL_3,ithmajor@gmail.com,553,2471,2048,1170,747,618,585,553,552,552,553,585,553,1300,846,683,683,683,682,682,715,715,747,0.9,1.92,2.62,2.62,2.62,2.62,2.62,2.46,2.46,2.31,0.15,0.22,0.19,0.29,0.39,0.39,0.39,0.45,0.36,0.54,2.7,910,1106,1.72,1.23,0.89,0.92,0.78,0.1,0.12,0.1,0.14,0.19,0.19,0.19,0.23,0.18,0.26,0.5,0.56
PIN,2024,2024-07-18,pin_4436,2024-07-18 12:47:04,CFL_1,ithmajor@gmail.com,715,3544,2893,1333,943,846,813,781,780,781,748,748,748,1528,1040,911,943,943,943,943,911,943,911,1.32,2.41,2.89,2.76,2.76,2.76,2.76,2.89,2.76,2.89,0.2,0.17,0.14,0.27,0.33,0.34,0.33,0.35,0.4,0.42,2.87,1236,1528,1.87,1.32,0.95,0.98,0.8,0.13,0.09,0.07,0.14,0.17,0.17,0.17,0.18,0.21,0.18,0.55,0.62
PIN,2024,2024-07-18,pin_4681,2024-07-18 12:49:13,CFL_3,ithmajor@gmail.com,586,2633,2276,976,683,618,585,586,586,586,552,585,586,1106,715,715,683,715,683,748,682,715,781,1.38,2.68,2.68,2.86,2.68,2.86,2.52,2.86,2.68,2.37,0.2,0.09,0.28,0.3,0.37,0.3,0.43,0.4,0.37,0.5,2.88,1137,1398,1.32,0.88,0.95,1,0.78,0.12,0.04,0.14,0.14,0.18,0.14,0.22,0.19,0.18,0.25,0.57,0.65
PIN,2024,2024-07-18,pin_4743,2024-07-18 12:54:35,CFL_1,ithmajor@gmail.com,651,1854,1626,780,585,585,553,553,586,586,617,618,650,846,651,618,618,650,650,683,716,748,781,1.19,1.85,2,2,1.85,1.85,1.71,1.59,1.48,1.37,0.17,0.26,0.14,0.28,0.38,0.25,0.35,0.33,0.41,0.5,1.5,1008,1268,0.84,0.46,1.09,1.01,0.65,0.08,0.1,0.05,0.11,0.15,0.1,0.14,0.14,0.17,0.17,0.55,0.56
PIN,2024,2024-07-18,pin_4760,2024-07-18 12:57:32,CFL_3,ithmajor@gmail.com,780,3836,3121,1333,911,781,748,878,813,780,748,715,715,1463,975,846,845,1041,878,878,846,813,812,1.62,2.93,3.53,3.54,2.68,3.37,3.37,3.53,3.72,3.72,0.15,0.13,0.17,0.25,0.3,0.16,0.24,0.25,0.27,0.43,3.37,1333,1821,1.88,1.11,0.89,0.96,0.8,0.09,0.07,0.08,0.11,0.16,0.07,0.11,0.12,0.12,0.12,0.51,0.62
PIN,2024,2024-07-18,pin_4970,2024-07-18 13:03:18,CFL_1,ithmajor@gmail.com,521,2211,1853,1008,780,682,845,1007,0,357,325,325,292,1138,911,812,975,1105,32,455,390,390,423,0.94,1.43,1.72,1.27,1,68.09,3.86,4.67,4.67,4.23,0.18,0.25,0.29,0.23,0.14,22.3,0.54,0.46,0.46,0.67,5.35,715,943,2.09,1.34,1.07,1.13,0.76,0.11,0.14,0.16,0.13,0.09,1,0.22,0.17,0.17,0.31,0.55,0.66
PIN,2024,2024-08-23,pin_5096,2024-08-23 12:54:24,CFL1,ithmajor@gmail.com,585,2731,2146,1008,683,618,618,585,618,585,585,585,617,1106,780,715,683,683,683,683,683,715,715,1.47,2.5,2.82,3,3,3,3,3,2.82,2.82,0.15,0.24,0.28,0.2,0.3,0.2,0.3,0.3,0.37,0.38,2.48,878,1008,2.11,1.71,0.89,0.95,0.79,0.09,0.12,0.14,0.1,0.14,0.1,0.14,0.14,0.18,0.14,0.48,0.55
PIN,2024,2024-08-23,pin_4791,2024-08-23 13:06:10,CFL1,ithmajor@gmail.com,585,3153,2634,1268,781,716,683,651,651,683,651,683,650,1430,878,781,748,748,748,748,781,780,813,1.2,2.59,3.04,3.22,3.22,3.22,3.22,3.04,3.04,2.88,0.17,0.2,0.16,0.17,0.25,0.25,0.17,0.32,0.24,0.46,3.05,1040,1235,2.03,1.55,0.9,0.91,0.81,0.11,0.11,0.08,0.09,0.13,0.13,0.09,0.17,0.12,0.2,0.53,0.58
PIN,2024,2024-08-23,pin_4716,2024-08-23 13:16:48,CFL1,ithmajor@gmail.com,586,2958,2374,1040,716,651,618,618,585,618,586,586,586,1138,813,716,716,683,716,683,716,683,716,1.6,2.64,3.13,3.13,3.33,3.13,3.33,3.13,3.33,3.13,0.14,0.23,0.18,0.28,0.2,0.37,0.2,0.37,0.29,0.44,3.05,878,1040,2.37,1.84,0.88,0.96,0.8,0.09,0.12,0.09,0.14,0.1,0.18,0.1,0.18,0.14,0.18,0.48,0.56
PIN,2024,2024-08-23,pin_4482,2024-08-23 13:19:50,CFL3,ithmajor@gmail.com,682,2634,2145,1105,682,683,617,618,618,617,617,585,617,1138,780,715,682,683,683,682,683,715,715,1.31,2.38,2.68,2.86,2.86,2.86,2.86,2.86,2.68,2.68,0.05,0.27,0.1,0.22,0.22,0.22,0.22,0.23,0.42,0.43,2.48,878,1041,2,1.53,0.84,0.94,0.74,0.03,0.13,0.04,0.1,0.1,0.1,0.1,0.1,0.18,0.14,0.41,0.5
PIN,2024,2024-08-23,pin_4411,2024-08-23 13:24:32,CFL1,ithmajor@gmail.com,521,2406,1854,943,618,553,521,488,488,521,520,521,521,1041,683,618,586,585,586,585,618,651,618,1.31,2.52,2.89,3.11,3.11,3.11,3.11,2.89,2.7,2.89,0.15,0.19,0.22,0.24,0.35,0.36,0.23,0.33,0.4,0.5,2.56,878,1040,1.74,1.31,0.91,0.92,0.78,0.09,0.1,0.11,0.11,0.17,0.17,0.11,0.16,0.2,0.16,0.52,0.56
PIN,2024,2024-08-23,pin_4262,2024-08-23 13:26:52,CFL3,ithmajor@gmail.com,499,1855,1396,718,509,479,459,469,469,469,459,469,458,768,548,519,519,509,519,509,519,519,528,1.42,2.39,2.57,2.57,2.64,2.57,2.64,2.57,2.57,2.51,0.12,0.16,0.18,0.27,0.18,0.22,0.18,0.27,0.22,0.41,2.05,628,777,1.95,1.39,0.83,0.92,0.73,0.07,0.07,0.08,0.12,0.08,0.1,0.08,0.12,0.1,0.13,0.4,0.49
PIN,2024,2024-08-23,pin_4436,2024-08-23 13:32:35,CFL1,ithmajor@gmail.com,585,2373,1886,845,618,553,520,520,552,553,520,552,553,910,617,618,585,617,617,650,618,618,650,1.61,2.85,2.84,3.06,2.85,2.85,2.65,2.84,2.84,2.65,0.13,0,0.24,0.26,0.36,0.24,0.33,0.36,0.24,0.37,2.41,845,1007,1.81,1.36,0.89,0.91,0.75,0.07,0,0.11,0.11,0.16,0.11,0.15,0.16,0.11,0.15,0.46,0.52
PIN,2024,2024-08-23,pin_4681,2024-08-23 13:37:43,CFL3,ithmajor@gmail.com,618,1853,1398,716,488,488,488,455,488,488,520,520,553,748,553,521,553,520,553,585,618,618,650,1.48,2.35,2.56,2.35,2.56,2.35,2.17,2,2,1.85,0.1,0.31,0.18,0.31,0.35,0.31,0.43,0.4,0.4,0.43,1.53,813,943,1.28,0.97,0.94,0.96,0.67,0.04,0.12,0.06,0.12,0.12,0.12,0.17,0.16,0.16,0.15,0.44,0.48
PIN,2024,2024-08-23,pin_4743,2024-08-23 13:40:28,CFL1,ithmajor@gmail.com,552,2308,1723,780,553,488,455,488,455,455,455,455,455,845,552,553,553,520,520,520,520,552,520,1.73,3.18,3.17,3.17,3.44,3.44,3.44,3.44,3.18,3.44,0.14,0,0.27,0.41,0.15,0.3,0.3,0.3,0.41,0.4,2.79,682,813,2.38,1.84,0.88,0.91,0.76,0.08,0,0.12,0.18,0.06,0.12,0.12,0.12,0.18,0.12,0.43,0.48
PIN,2024,2024-08-23,pin_4760,2024-08-23 13:45:40,CFL3,ithmajor@gmail.com,552,2568,2113,845,650,553,520,487,488,488,487,488,455,910,683,618,585,552,553,520,520,553,520,1.82,2.76,3.16,3.39,3.65,3.64,3.94,3.94,3.64,3.94,0.13,0.1,0.22,0.24,0.27,0.27,0.14,0.15,0.27,0.4,3.64,976,1333,1.63,0.93,0.92,0.97,0.79,0.07,0.05,0.11,0.11,0.12,0.12,0.06,0.06,0.12,0.12,0.53,0.63
PIN,2024,2024-09-24,pin_4411,2024-09-24 11:18:01,CFL_3,gepellet@hotmail.com,487,2243,1918,1138,748,618,553,520,488,520,520,520,488,1203,780,682,618,617,585,585,617,618,618,0.86,1.88,2.29,2.63,2.64,2.83,2.83,2.64,2.63,2.63,0.08,0.07,0.18,0.21,0.32,0.34,0.23,0.32,0.32,0.5,2.93,813,975,1.76,1.3,0.85,0.93,0.78,0.05,0.04,0.09,0.11,0.16,0.17,0.11,0.16,0.16,0.21,0.48,0.57
PIN,2024,2024-09-24,pin_4482,2024-09-24 11:18:52,CFL_2,gepellet@hotmail.com,469,2433,2063,1076,668,548,518,489,479,479,469,479,479,1146,718,608,558,548,549,539,539,549,549,1.12,2.39,3,3.36,3.44,3.43,3.51,3.51,3.43,3.43,0.09,0.13,0.19,0.15,0.22,0.26,0.23,0.27,0.26,0.35,3.31,768,977,2.17,1.49,0.91,0.96,0.81,0.06,0.07,0.1,0.07,0.11,0.13,0.11,0.13,0.13,0.13,0.52,0.6
PIN,2024,2024-09-24,pin_5096,2024-09-24 11:42:53,CFL_3,gepellet@hotmail.com,479,2164,1735,818,568,499,479,458,438,448,429,438,428,927,628,569,529,538,499,498,498,498,498,1.33,2.45,2.8,3.09,3.02,3.34,3.35,3.35,3.35,3.35,0.2,0.19,0.26,0.2,0.32,0.27,0.22,0.31,0.27,0.39,3.05,777,997,1.79,1.17,0.96,1,0.78,0.12,0.1,0.12,0.09,0.15,0.12,0.1,0.14,0.12,0.14,0.54,0.62
PIN,2024,2024-09-24,pin_4262,2024-09-24 11:52:32,CFL_2,gepellet@hotmail.com,520,1918,1463,715,553,488,455,455,488,456,455,455,455,747,586,521,553,520,487,488,488,488,488,1.57,2.27,2.68,2.47,2.69,2.94,2.93,2.93,2.93,2.93,0.08,0.12,0.15,0.41,0.3,-0.01,0.16,0.17,0.17,0.25,2.22,715,910,1.68,1.11,0.82,0.96,0.73,0.04,0.06,0.06,0.18,0.12,0,0.07,0.07,0.07,0.07,0.41,0.54
PIN,2024,2024-09-24,pin_4436,2024-09-24 12:02:09,CFL_2,gepellet@hotmail.com,520,3153,2861,1983,1235,975,845,748,715,683,650,650,617,2080,1300,1040,910,813,780,716,715,683,715,0.52,1.43,2.03,2.46,2.88,3.04,3.4,3.41,3.62,3.41,0.06,0.07,0.1,0.12,0.14,0.15,0.09,0.17,0.09,0.33,3.64,975,1171,2.23,1.69,0.87,0.94,0.84,0.05,0.05,0.06,0.07,0.08,0.08,0.05,0.09,0.05,0.14,0.53,0.61
PIN,2024,2024-09-24,pin_4681,2024-09-24 12:05:09,CFL_3,gepellet@hotmail.com,683,2341,1788,748,553,520,488,488,488,487,455,487,487,781,586,586,585,553,520,552,520,520,552,2,2.99,2.99,3,3.23,3.5,3.24,3.5,3.5,3.24,0.09,0.15,0.3,0.44,0.32,0.18,0.32,0.36,0.18,0.4,2.67,748,910,2.13,1.57,0.99,1.03,0.71,0.04,0.06,0.11,0.17,0.12,0.06,0.12,0.12,0.06,0.12,0.43,0.5
PIN,2024,2024-09-24,pin_4743,2024-09-24 12:10:03,CFL_2,gepellet@hotmail.com,784,1788,1442,1020,839,774,737,699,678,665,653,640,634,1011,835,772,742,703,686,675,666,653,647,0.77,1.14,1.32,1.41,1.54,1.61,1.65,1.68,1.74,1.76,-0.02,-0.01,-0.01,0.02,0.02,0.04,0.05,0.06,0.06,0.12,1.27,712,775,1.51,1.31,0.67,0.78,0.56,-0.01,0,0,0.01,0.01,0.01,0.01,0.02,0.02,0.02,0.22,0.28
PIN,2024,2024-09-24,pin_4760,2024-09-24 12:12:08,CFL_3,gepellet@hotmail.com,781,3577,3153,1560,910,813,748,716,683,683,683,650,651,1593,975,813,780,781,748,748,748,715,716,1.25,2.67,3.4,3.59,3.58,3.78,3.78,3.78,4,4,0.03,0.13,0,0.09,0.19,0.2,0.2,0.2,0.22,0.29,3.84,1040,1333,2.44,1.68,0.92,0.98,0.78,0.02,0.07,0,0.04,0.08,0.09,0.09,0.09,0.09,0.09,0.47,0.56
PIN,2024,2024-09-24,pin_4970,2024-09-24 12:19:15,CFL_3,gepellet@hotmail.com,80,93,93,89,77,73,73,77,77,71,67,70,71,93,83,83,79,80,76,77,76,77,77,0,0.12,0.12,0.18,0.16,0.22,0.21,0.22,0.21,0.21,0.31,0.57,0.95,0.63,0.31,-0.11,0.66,1.01,0.77,0.6,0.31,80,76,0.16,0.22,1.63,0.34,0.14,0.04,0.07,0.12,0.08,0.04,-0.01,0.08,0.12,0.09,0.08,0.2,0.04
PIN,2024,2024-10-22,pin_5096,2024-10-22 11:49:07,CFL_3,ithmajor@gmail.com,553,2699,2341,1365,845,683,618,553,520,553,553,553,521,1398,878,716,651,618,585,586,586,618,618,0.93,2.07,2.77,3.15,3.37,3.61,3.61,3.61,3.37,3.37,0.04,0.07,0.09,0.1,0.22,0.24,0.12,0.12,0.22,0.37,3.49,748,942,2.61,1.87,0.92,0.96,0.8,0.02,0.04,0.05,0.05,0.11,0.11,0.06,0.06,0.11,0.16,0.48,0.55
PIN,2024,2024-10-22,pin_4791,2024-10-22 11:58:44,CFL_3,ithmajor@gmail.com,498,2443,2103,1276,768,619,529,499,469,449,459,458,448,1375,827,668,579,539,519,509,519,518,538,0.78,1.95,2.66,3.22,3.53,3.71,3.8,3.71,3.72,3.54,0.1,0.13,0.14,0.18,0.16,0.21,0.26,0.25,0.26,0.45,3.69,658,807,2.71,2.03,0.95,0.97,0.8,0.07,0.07,0.07,0.09,0.07,0.1,0.12,0.12,0.12,0.17,0.49,0.54
PIN,2024,2024-10-22,pin_4716,2024-10-22 12:02:19,CFL_2,ithmajor@gmail.com,586,2796,2471,1398,845,683,586,586,520,520,520,553,553,1495,910,715,650,618,585,585,585,618,618,0.87,2.07,2.91,3.3,3.52,3.78,3.78,3.78,3.52,3.52,0.1,0.13,0.09,0.21,0.11,0.25,0.25,0.25,0.23,0.29,3.47,780,910,2.58,2.07,0.89,0.97,0.79,0.06,0.07,0.04,0.1,0.05,0.11,0.11,0.11,0.11,0.11,0.46,0.54
PIN,2024,2024-10-22,pin_4482,2024-10-22 12:05:54,CFL_3,ithmajor@gmail.com,552,3056,2666,1788,1138,911,780,715,683,651,618,618,650,1886,1268,1008,845,780,781,748,715,715,748,0.62,1.41,2.03,2.62,2.92,2.91,3.09,3.27,3.27,3.09,0.07,0.16,0.16,0.14,0.16,0.23,0.25,0.26,0.26,0.3,3.1,878,1138,2.48,1.69,0.98,0.96,0.82,0.05,0.1,0.1,0.08,0.08,0.13,0.13,0.14,0.14,0.13,0.56,0.6
PIN,2024,2024-10-22,pin_4411,2024-10-22 12:09:51,CFL_2,ithmajor@gmail.com,650,3381,3056,1886,1171,976,878,845,780,781,780,748,748,1918,1268,1073,943,911,878,878,878,845,878,0.76,1.67,2.15,2.59,2.71,2.85,2.85,2.85,3,2.85,0.02,0.13,0.16,0.13,0.14,0.21,0.21,0.21,0.22,0.33,3.09,1040,1268,2.25,1.67,0.89,0.92,0.81,0.02,0.08,0.09,0.07,0.07,0.11,0.11,0.11,0.11,0.15,0.5,0.56
PIN,2024,2024-10-22,pin_4436,2024-10-22 12:18:32,CFL_2,ithmajor@gmail.com,586,2698,2406,1463,878,748,650,585,553,520,520,520,520,1528,943,748,683,618,585,585,553,586,618,0.77,1.86,2.61,2.95,3.37,3.61,3.61,3.88,3.6,3.37,0.06,0.12,0,0.1,0.12,0.12,0.25,0.14,0.26,0.5,3.63,716,943,2.77,1.86,0.84,0.93,0.78,0.04,0.07,0,0.05,0.05,0.05,0.11,0.06,0.11,0.16,0.41,0.52
PIN,2024,2024-10-22,pin_4681,2024-10-22 12:22:21,CFL_3,ithmajor@gmail.com,419,1855,1576,997,598,519,489,459,449,438,439,429,438,1067,648,568,538,519,509,498,519,519,518,0.74,1.86,2.27,2.45,2.57,2.64,2.72,2.57,2.57,2.58,0.1,0.14,0.17,0.18,0.24,0.24,0.25,0.31,0.35,0.37,2.6,619,778,2,1.38,0.91,0.96,0.77,0.07,0.08,0.09,0.09,0.12,0.12,0.12,0.15,0.17,0.15,0.48,0.56
PIN,2024,2024-10-22,pin_4970,2024-10-22 12:25:53,CFL_2,ithmajor@gmail.com,83,99,99,93,89,86,86,83,80,80,79,77,80,99,93,93,90,79,80,83,80,86,83,0,0.06,0.06,0.1,0.25,0.24,0.19,0.24,0.15,0.19,0.38,0.28,0.49,0.3,-0.38,0,0.26,0.09,0.73,0.25,0.24,83,83,0.19,0.19,1.04,0.87,0.16,0.06,0.04,0.08,0.04,-0.05,0,0.04,0.01,0.1,0.04,0.14,0.12
PIN,2024,2024-10-22,pin_4743,2024-10-22 12:29:24,CFL_3,ithmajor@gmail.com,458,1675,1406,768,498,419,389,369,349,349,359,359,359,818,529,469,429,409,388,399,399,409,409,1.05,2.17,2.57,2.9,3.1,3.32,3.2,3.2,3.1,3.1,0.11,0.13,0.25,0.23,0.25,0.26,0.32,0.26,0.31,0.38,2.92,499,598,2.36,1.8,0.86,0.89,0.73,0.06,0.06,0.11,0.09,0.1,0.1,0.13,0.1,0.12,0.12,0.38,0.43
PIN,2024,2024-10-22,pin_4760,2024-10-22 12:37:16,CFL_3,ithmajor@gmail.com,369,1157,948,658,399,359,319,299,309,299,289,290,289,728,448,389,359,349,339,329,339,349,349,0.59,1.58,1.97,2.22,2.32,2.41,2.52,2.41,2.32,2.32,0.17,0.24,0.18,0.28,0.37,0.23,0.24,0.38,0.43,0.55,2.28,429,479,1.7,1.42,0.9,0.93,0.68,0.1,0.11,0.08,0.11,0.14,0.09,0.09,0.15,0.17,0.17,0.4,0.44
PIN,2024,2024-11-19,pin_5096,2024-11-19 11:13:50,CFL_3,ithmajor@gmail.com,428,1316,1226,1106,678,558,488,458,449,429,419,409,399,1166,708,578,528,488,479,459,439,449,439,0.13,0.86,1.28,1.49,1.7,1.75,1.87,2,1.93,2,0.08,0.08,0.07,0.17,0.14,0.15,0.16,0.11,0.21,0.33,2.07,469,519,1.81,1.54,0.8,0.81,0.67,0.05,0.04,0.03,0.08,0.06,0.06,0.07,0.05,0.09,0.09,0.34,0.37
PIN,2024,2024-11-19,pin_4716,2024-11-19 11:15:59,CFL_1,ithmajor@gmail.com,239,598,528,498,329,269,249,230,220,220,220,210,210,538,358,299,269,260,250,240,230,240,220,0.11,0.67,1,1.22,1.3,1.39,1.49,1.6,1.49,1.72,0.13,0.17,0.23,0.18,0.29,0.31,0.22,0.12,0.33,0.2,1.51,240,279,1.49,1.14,0.78,0.77,0.6,0.07,0.08,0.1,0.07,0.12,0.12,0.08,0.04,0.12,0.05,0.29,0.32
PIN,2024,2024-11-19,pin_4791,2024-11-19 11:16:52,CFL_2,ithmajor@gmail.com,359,1107,997,927,578,449,389,359,329,329,309,299,319,967,598,458,409,369,359,339,329,319,319,0.14,0.85,1.42,1.71,2,2.08,2.27,2.36,2.47,2.47,0.06,0.06,0.04,0.11,0.07,0.21,0.08,0.16,0.17,0,2.13,339,379,2.27,1.92,0.68,0.76,0.68,0.04,0.03,0.02,0.05,0.03,0.08,0.03,0.06,0.06,0,0.27,0.32
PIN,2024,2024-11-19,pin_4411,2024-11-19 11:22:58,MRNF_1,ithmajor@gmail.com,459,1346,1256,1067,658,558,509,459,449,419,409,398,388,1077,668,568,519,489,459,439,429,418,408,0.25,1.01,1.37,1.59,1.75,1.93,2.07,2.14,2.22,2.3,0.02,0.03,0.04,0.05,0.15,0.05,0.12,0.12,0.13,0.2,2.24,428,458,2.14,1.94,0.73,0.77,0.66,0.01,0.01,0.02,0.02,0.06,0.02,0.05,0.05,0.05,0.05,0.28,0.3
PIN,2024,2024-11-19,pin_4482,2024-11-19 11:29:02,CFL_3,ithmajor@gmail.com,409,917,858,838,638,538,508,479,469,449,449,449,439,907,688,588,558,538,528,518,508,498,508,0.01,0.33,0.56,0.64,0.7,0.74,0.77,0.81,0.84,0.81,0.14,0.15,0.19,0.21,0.26,0.27,0.32,0.28,0.24,0.39,0.95,518,548,0.77,0.67,0.84,0.9,0.55,0.08,0.07,0.09,0.09,0.11,0.11,0.13,0.12,0.1,0.14,0.35,0.38
PIN,2024,2024-11-19,pin_4262,2024-11-19 11:31:18,CFL_2,ithmajor@gmail.com,349,688,628,599,419,339,309,290,280,280,260,250,260,628,439,349,329,299,299,280,280,270,270,0.1,0.57,0.97,1.09,1.3,1.3,1.46,1.46,1.55,1.55,0.1,0.12,0.09,0.19,0.1,0.21,0,0.25,0.27,0.2,1.42,280,300,1.46,1.29,0.63,0.67,0.49,0.05,0.05,0.03,0.06,0.03,0.06,0,0.07,0.07,0.04,0.18,0.2
PIN,2024,2024-11-19,pin_4436,2024-11-19 11:37:26,CFL_1,ithmajor@gmail.com,469,1416,1286,1206,808,628,538,499,459,439,419,419,409,1306,867,678,588,538,509,469,459,449,449,0.08,0.63,1.09,1.41,1.63,1.78,2.02,2.08,2.15,2.15,0.12,0.12,0.15,0.19,0.17,0.23,0.16,0.22,0.17,0.31,2.14,479,538,1.96,1.63,0.77,0.81,0.67,0.08,0.07,0.07,0.09,0.07,0.1,0.06,0.09,0.07,0.09,0.31,0.35
PIN,2024,2024-11-19,pin_4681,2024-11-19 11:38:17,MRNF_1,ithmajor@gmail.com,340,719,635,576,365,304,278,260,252,248,245,243,244,602,379,314,287,272,265,257,257,257,256,0.19,0.9,1.29,1.51,1.64,1.71,1.8,1.8,1.8,1.81,0.09,0.1,0.1,0.1,0.15,0.17,0.12,0.16,0.19,0.27,1.6,283,319,1.54,1.25,0.63,0.69,0.53,0.04,0.04,0.03,0.03,0.04,0.05,0.04,0.05,0.05,0.05,0.19,0.23
PIN,2024,2024-11-19,pin_4743,2024-11-19 11:42:27,CFL_3,ithmajor@gmail.com,378,907,797,688,428,358,329,309,289,289,269,269,259,727,458,378,339,329,319,299,299,289,289,0.25,0.98,1.4,1.68,1.76,1.84,2.03,2.03,2.14,2.14,0.1,0.16,0.14,0.09,0.18,0.29,0.11,0.32,0.22,0.5,2.08,289,329,2.14,1.76,0.56,0.72,0.58,0.05,0.07,0.05,0.03,0.06,0.09,0.03,0.1,0.07,0.1,0.17,0.24
PIN,2024,2024-11-19,pin_4760,2024-11-19 11:46:08,CFL_1,ithmajor@gmail.com,309,658,598,568,388,319,289,269,269,259,259,249,249,608,398,339,309,299,279,279,279,259,269,0.08,0.65,0.94,1.13,1.2,1.36,1.36,1.36,1.54,1.45,0.13,0.06,0.16,0.19,0.3,0.11,0.22,0.22,0.13,0.29,1.4,279,319,1.36,1.06,0.66,0.71,0.53,0.07,0.03,0.06,0.06,0.1,0.04,0.07,0.07,0.04,0.07,0.22,0.25
PIN,2024,2024-11-19,pin_4970,2024-11-19 11:48:19,MRNF_1,ithmajor@gmail.com,83,89,93,86,90,90,83,80,76,76,80,76,77,96,92,89,80,79,83,83,83,79,80,-0.07,-0.03,0,0.11,0.13,0.07,0.07,0.07,0.13,0.11,1.44,0.31,-0.17,-0.61,-0.21,1.34,1.34,0.57,0.63,0.5,0.21,79,80,0.13,0.11,1.26,1.84,0.07,0.1,0.02,-0.01,-0.04,-0.01,0.08,0.08,0.04,0.04,0.04,0.08,0.11
