site_id,date,year,yday,tmax_c,tmin_c,prcp_mm_day,vpd_kpa,par_w_m2,par_mol_m2_day,srad_w_m2,vp_Pa,dayl_s,temp
FMM,2010-01-01,2010,1,-6.69,-14.1,4.04,0.0832418967484514,48.168,6.6148193765016,107.04,205.41,30049.91,-10.395
FMM,2010-01-02,2010,2,-7.16,-10.99,8.03,0.0472966300800647,27.153,3.7358185882311,60.34,264.18,30105.91,-9.075
FMM,2010-01-03,2010,3,-2.87,-8.09,4.38,0.081712774962367,36.1665,4.9859398094463,80.37,332.24,30166.46,-5.48
FMM,2010-01-04,2010,4,-1.56,-6.24,1.42,0.0813095186878533,43.938,6.0703862347566,97.64,383.27,30231.51,-3.9
FMM,2010-01-05,2010,5,-1.64,-7.5,0,0.0975244604602807,54.5715,7.55682206217255,121.27,347.75,30301.01,-4.57
FMM,2010-01-06,2010,6,-5.03,-8.1,0,0.0450132170709578,30.51,4.23519356943,67.8,331.83,30374.9,-6.565
FMM,2010-01-07,2010,7,-8.14,-12.04,0,0.0449030398492023,38.5515,5.36523973065405,85.67,242.85,30453.11,-10.09
FMM,2010-01-08,2010,8,-7.5,-15.68,0,0.0846952988845652,74.691,10.422956663172,165.98,180.17,30535.6,-11.59
FMM,2010-01-09,2010,9,-16.1,-24.43,0,0.0457009358880922,77.328,10.8215756820288,171.84,84.4,30622.28,-20.265
FMM,2010-01-10,2010,10,-13.34,-28.3,0,0.0805439086913065,104.5935,14.6806251555645,232.43,59.15,30713.1,-20.82
FMM,2010-01-11,2010,11,-9.58,-16.35,0,0.0635199064785182,66.357,9.3425658388902,147.46,170.37,30807.98,-12.965
FMM,2010-01-12,2010,12,-15.12,-20.87,0,0.037406683090818,58.455,8.2564358195475,129.9,115.81,30906.85,-17.995
FMM,2010-01-13,2010,13,-10.6,-26.89,0,0.103369505670967,109.6155,15.5340619833578,243.59,67.47,31009.65,-18.745
FMM,2010-01-14,2010,14,-6.48,-29.01,0,0.161172451528019,114.8985,16.3387327628021,255.33,55.34,31116.29,-17.745
FMM,2010-01-15,2010,15,-3.67,-9.49,1.16,0.084756021854379,60.003,8.5627865159199,133.34,297.64,31226.69,-6.58
FMM,2010-01-16,2010,16,-3.38,-21.3,3,0.182915147358674,84.8385,12.1511986487366,188.53,111.52,31340.79,-12.34
FMM,2010-01-17,2010,17,-8.96,-26.68,0,0.121557581137279,116.2935,16.7189751487575,258.43,68.79,31458.5,-17.82
FMM,2010-01-18,2010,18,-6.55,-12.11,0,0.0671330372946721,59.9625,8.6537527300575,133.25,241.57,31579.74,-9.33
FMM,2010-01-19,2010,19,-5.16,-8.81,2.15,0.0517680807552803,30.5775,4.43035089204525,67.95,314.07,31704.43,-6.985
FMM,2010-01-20,2010,20,-2.55,-9.02,0,0.0993991083231782,69.4575,10.104290471772,154.35,308.86,31832.48,-5.785
FMM,2010-01-21,2010,21,-5.26,-12.61,0,0.0913201648734391,78.714,11.4981241798134,174.92,231.96,31963.83,-8.935
FMM,2010-01-22,2010,22,-7.25,-21.75,0,0.124479099061202,117.6435,17.2570775576121,261.43,107.22,32098.38,-14.5
FMM,2010-01-23,2010,23,-5.88,-25.82,0,0.160532145166424,126.5805,18.6476866292331,281.29,74.39,32236.06,-15.85
FMM,2010-01-24,2010,24,1.09,-15.48,0,0.23938105225155,123.7905,18.3162756755763,275.09,183.2,32376.78,-7.195
FMM,2010-01-25,2010,25,4.78,-8.27,49.42,0.265834785855469,88.6905,13.1810492693691,197.09,327.5,32520.46,-1.745
FMM,2010-01-26,2010,26,1.11,-4.76,6.31,0.116687287254375,52.479,7.8344973213003,116.62,429.08,32667.01,-1.825
FMM,2010-01-27,2010,27,-4.85,-13.28,4.12,0.103950903748549,72.738,10.9085768432442,161.64,219.7,32816.37,-9.065
FMM,2010-01-28,2010,28,-7.61,-12.02,7.07,0.0517091655359181,42.8175,6.451131641229,95.15,243.19,32968.44,-9.815
FMM,2010-01-29,2010,29,-12.13,-22.82,0,0.0727237340543423,118.4175,17.9251825994415,263.15,97.48,33123.14,-17.475
FMM,2010-01-30,2010,30,-16.15,-26.66,0,0.0530451510694395,119.277,18.141009257556,265.06,68.9,33280.4,-21.405
FMM,2010-01-31,2010,31,-15.21,-26.44,0,0.0594100821550289,124.2405,18.9866120914719,276.09,70.3,33440.14,-20.825
FMM,2010-02-01,2010,32,-18.63,-26.35,0,0.0356492545133504,97.911,15.0354500654556,217.58,70.89,33602.28,-22.49
FMM,2010-02-02,2010,33,-16.71,-33.87,0,0.0661258268526031,146.3715,22.5871719144687,325.27,34.62,33766.74,-25.29
FMM,2010-02-03,2010,34,-9,-28.8,0,0.127247374543612,150.5115,23.3407012807148,334.47,56.43,33933.45,-18.9
FMM,2010-02-04,2010,35,-15.72,-21.46,0,0.035735522084553,74.115,11.5506484389315,164.7,109.97,34102.33,-18.59
FMM,2010-02-05,2010,36,-16.74,-19.64,0,0.0189760352748653,40.32,6.315282356544,89.6,128.83,34273.31,-18.19
FMM,2010-02-06,2010,37,-14.26,-21.9,0,0.0493820224293129,96.7095,15.2239787750628,214.91,105.77,34446.32,-18.08
FMM,2010-02-07,2010,38,-11.21,-17.04,1.22,0.0503087792571445,77.5665,12.2725134240984,172.37,160.84,34621.28,-14.125
FMM,2010-02-08,2010,39,-6.45,-11.44,0.89,0.0619863687384224,68.211,10.8474216716151,151.58,254.84,34798.13,-8.945
FMM,2010-02-09,2010,40,0.48,-14.99,0,0.221361845931062,152.532,24.3813143765196,338.96,190.81,34976.79,-7.255
FMM,2010-02-10,2010,41,-1.51,-19.51,0,0.208885165578901,160.479,25.783904805516,356.62,130.31,35157.2,-10.51
FMM,2010-02-11,2010,42,-4.23,-11.07,0,0.0928065620773401,91.3725,14.7567136648725,203.05,262.48,35339.3,-7.65
FMM,2010-02-12,2010,43,-2.5,-8.55,0,0.0944660947933629,84.7305,13.7551625625389,188.29,320.52,35523.01,-5.525
FMM,2010-02-13,2010,44,-1.1,-9.85,0,0.137638625281907,120.213,19.6171795488348,267.14,289.4,35708.28,-5.475
FMM,2010-02-14,2010,45,-4.81,-9.68,1.25,0.0678001602554162,74.349,12.1962381010965,165.22,293.25,35895.05,-7.245
FMM,2010-02-15,2010,46,-4.24,-12.52,0,0.106972897258912,122.0355,20.1237035940414,271.19,233.7,36083.24,-8.38
FMM,2010-02-16,2010,47,-1.99,-9.39,2.6,0.114500417567652,86.1615,14.2827150525651,191.47,300.04,36272.82,-5.69
FMM,2010-02-17,2010,48,-1.1,-9.61,1.37,0.135054944929411,129.366,21.5574408869202,287.48,294.75,36463.71,-5.355
FMM,2010-02-18,2010,49,0.8,-4.86,0,0.111141747649965,92.583,15.5092523527566,205.74,425.71,36655.86,-2.03
FMM,2010-02-19,2010,50,-0.89,-7,0,0.105900143368754,100.9665,17.0028530440641,224.37,361.53,36849.22,-3.945
FMM,2010-02-20,2010,51,-2.36,-6.8,1.21,0.0738329145614104,77.166,13.0634237906388,171.48,367.08,37043.74,-4.58
FMM,2010-02-21,2010,52,0.08,-7.77,1.75,0.137333320286623,130.176,22.1538561380352,289.28,340.59,37239.36,-3.845
FMM,2010-02-22,2010,53,1.17,-3.95,0,0.10476644542573,95.0985,16.2697040662244,211.33,455.92,37436.03,-1.39
FMM,2010-02-23,2010,54,-0.91,-3.84,0,0.0563919805435163,59.958,10.311937127622,133.24,459.69,37633.7,-2.375
FMM,2010-02-24,2010,55,-2.47,-4.24,18.43,0.0321933311814765,30.915,5.345008809696,68.7,446.1,37832.32,-3.355
FMM,2010-02-25,2010,56,-2.42,-4.98,22.14,0.045143139302859,42.597,7.4035971517194,94.66,421.98,38031.86,-3.7
FMM,2010-02-26,2010,57,-1.46,-4.93,17.58,0.0632681832525664,57.5775,10.0600204008938,127.95,423.41,38232.25,-3.195
FMM,2010-02-27,2010,58,-0.73,-4.12,9.04,0.0649332601755926,57.015,10.0141692146685,126.7,450.15,38433.47,-2.425
FMM,2010-02-28,2010,59,-1.1,-4.64,5.11,0.0657918896938789,61.488,10.856567631672,136.64,432.92,38635.45,-2.87
FMM,2010-03-01,2010,60,0.2,-7.29,0,0.133701451702782,157.365,27.930789794349,349.7,353.35,38838.18,-3.545
FMM,2010-03-02,2010,61,1.61,-14.02,0,0.240141736071084,210.141,37.4933711523483,466.98,206.74,39041.59,-6.205
FMM,2010-03-03,2010,62,-1.14,-18.83,0,0.21253407974299,215.4915,38.6489652204758,478.87,138.11,39245.65,-9.985
FMM,2010-03-04,2010,63,-1.68,-11.22,0,0.140948223473796,185.616,33.4643389114896,412.48,259.42,39450.33,-6.45
FMM,2010-03-05,2010,64,0.72,-17.48,0,0.244717318024711,220.77,40.009274241651,490.6,155.02,39655.59,-8.38
FMM,2010-03-06,2010,65,3.83,-12.38,0,0.283807926708001,218.9745,39.8898196994817,486.61,236.34,39861.38,-4.275
FMM,2010-03-07,2010,66,3.82,-11.85,0,0.278344701107504,218.925,40.0871929722075,486.5,246.68,40067.67,-4.015
FMM,2010-03-08,2010,67,-0.15,-8.74,0,0.14480748800826,175.1895,32.2443536529965,389.31,315.64,40274.43,-4.445
FMM,2010-03-09,2010,68,-3.87,-16.81,0,0.148147213231375,214.3215,39.6496925501931,476.27,163.98,40481.62,-10.34
FMM,2010-03-10,2010,69,0.32,-20.35,0,0.252473989102503,233.0235,43.330647517808,517.83,121.18,40689.21,-10.015
FMM,2010-03-11,2010,70,4.11,-18.03,0,0.336012557115779,235.35,43.986930744915,523,147.9,40897.17,-6.96
FMM,2010-03-12,2010,71,5.74,-17.08,0,0.379108668601309,237.726,44.6572931886972,528.28,160.25,41105.46,-5.67
FMM,2010-03-13,2010,72,8.31,-15.46,0,0.455684956135095,239.4585,45.2110010763438,532.13,183.63,41314.04,-3.575
FMM,2010-03-14,2010,73,6.18,-10.21,0,0.332858922247566,227.538,43.177531924314,505.64,281.08,41522.9,-2.015
FMM,2010-03-15,2010,74,7.29,-7.9,0,0.342278533268041,222.4935,42.4328910829871,494.43,337.05,41731.99,-0.305
FMM,2010-03-16,2010,75,9.99,-10.56,0,0.476406579849731,239.4675,45.8991416942528,532.15,273.37,41941.29,-0.285
FMM,2010-03-17,2010,76,6.71,-12.92,0,0.377894583678955,239.562,46.1465930257218,532.36,226.14,42150.77,-3.105
FMM,2010-03-18,2010,77,2.08,-9.68,0,0.208625750052224,196.335,38.00790914238,436.3,293.17,42360.4,-3.8
FMM,2010-03-19,2010,78,4.67,-12.53,0,0.30963835096116,233.838,45.4921399357524,519.64,233.42,42570.14,-3.93
FMM,2010-03-20,2010,79,0.94,-13.58,0,0.220150139437875,219.4425,42.9019880999332,487.65,214.42,42779.97,-6.32
FMM,2010-03-21,2010,80,0.53,-18.3,0,0.245578327521525,242.3205,47.6071612974473,538.49,144.56,42989.85,-8.885
FMM,2010-03-22,2010,81,4.97,-14.27,0,0.334043980463627,242.2125,47.8183060104412,538.25,202.57,43199.77,-4.65
FMM,2010-03-23,2010,82,-4.08,-7.46,17.37,0.0520027422273701,49.653,9.8502755126949,110.34,348.9,43409.69,-5.77
FMM,2010-03-24,2010,83,-3.96,-5.91,6.04,0.031858755099159,33.6195,6.70175937062055,74.71,393.15,43619.57,-4.935
FMM,2010-03-25,2010,84,4.03,-17.73,0,0.331881074793723,258.318,51.741187877844,574.04,151.65,43829.4,-6.85
FMM,2010-03-26,2010,85,-11.64,-26.04,0,0.0897824022526757,220.5675,44.3911758445463,490.15,72.94,44039.15,-18.84
FMM,2010-03-27,2010,86,-6.11,-27.93,0,0.163650592557424,260.019,52.5802306346991,577.82,61.23,44248.77,-17.02
FMM,2010-03-28,2010,87,1.35,-11.87,0,0.214081860730457,201.582,40.956262088355,447.96,246.2,44458.25,-5.26
FMM,2010-03-29,2010,88,2.22,-3.4,17.24,0.12083102039226,71.649,14.6257607750715,159.22,475.36,44667.55,-0.59
FMM,2010-03-30,2010,89,2.71,-4.69,0,0.155652874311429,123.8895,25.4080323251496,275.31,431.3,44876.64,-0.99
FMM,2010-03-31,2010,90,4.55,-1.08,0,0.140283559971876,96.1695,19.8148344645825,213.71,564.39,45085.5,1.735
FMM,2010-04-01,2010,91,10.34,-2.67,0,0.37654083163159,199.71,41.338770002523,443.8,501.71,45294.09,3.835
FMM,2010-04-02,2010,92,12.42,-3.38,0,0.482067546799269,227.367,47.2800301249122,505.26,475.81,45502.38,4.52
FMM,2010-04-03,2010,93,22.31,0.11,0,1.06310793266818,257.8455,53.8629472256486,572.99,589.23,45710.33,11.21
FMM,2010-04-04,2010,94,12.92,-0.73,0,0.454132454855014,206.487,43.3302427099728,458.86,579.14,45917.92,6.095
FMM,2010-04-05,2010,95,7.56,-2.82,11.74,0.272124823151181,128.763,27.1421784529101,286.14,496.11,46125.11,2.37
FMM,2010-04-06,2010,96,10.09,-0.84,0,0.329657817123352,180.4815,38.2145557050054,401.07,574.41,46331.88,4.625
FMM,2010-04-07,2010,97,7.88,-4.04,4.42,0.305261716040661,145.5255,30.950281394591,323.39,452.82,46538.17,1.92
FMM,2010-04-08,2010,98,5.28,-6.05,4.54,0.250136832787001,142.353,30.4094332261116,316.34,389,46743.96,-0.385
FMM,2010-04-09,2010,99,3.23,-0.76,5.6,0.0960520828723421,58.041,12.4531571285514,128.98,577.9,46949.22,1.235
FMM,2010-04-10,2010,100,0.85,-2.14,1.9,0.0642311308798891,64.098,13.812691017654,142.44,521.79,47153.9,-0.645
FMM,2010-04-11,2010,101,3.85,-2.76,0,0.153083285038921,133.6365,28.9224028456259,296.97,498.5,47357.97,0.545
FMM,2010-04-12,2010,102,3.87,-6.49,0,0.21505135971373,202.959,44.1142562640294,451.02,375.96,47561.38,-1.31
FMM,2010-04-13,2010,103,7.21,-10.01,0,0.365190601617377,271.467,59.256342591579,603.26,285.66,47764.1,-1.4
FMM,2010-04-14,2010,104,6.33,-7.21,0,0.300352239169705,244.008,53.4877812774504,542.24,355.69,47966.09,-0.44
FMM,2010-04-15,2010,105,4.04,-8.76,0,0.250166153136867,241.002,53.0504704639134,535.56,315.37,48167.31,-2.36
FMM,2010-04-16,2010,106,3.06,-3.55,0,0.145672109594675,148.536,32.8324620085992,330.08,469.88,48367.71,-0.245
FMM,2010-04-17,2010,107,2.23,-2.89,0,0.112000161430976,119.8305,26.5966535033874,266.29,493.65,48567.24,-0.33
FMM,2010-04-18,2010,108,2.52,-1.49,2.28,0.0924641614649894,74.0745,16.5082449885296,164.61,547.57,48765.87,0.515
FMM,2010-04-19,2010,109,8.29,-1.38,0,0.270501142539019,213.588,47.7931723375464,474.64,552.04,48963.54,3.455
FMM,2010-04-20,2010,110,11.23,-1.88,0,0.399596668212661,258.723,58.1252679440631,574.94,531.98,49160.21,4.675
FMM,2010-04-21,2010,111,10.33,-4.51,0,0.408294616966706,276.5745,62.383077499811,614.61,437.28,49355.83,2.91
FMM,2010-04-22,2010,112,8.36,-2.52,0,0.295481346209933,234.972,53.208257919714,522.16,507.4,49550.35,2.92
FMM,2010-04-23,2010,113,8.85,-4.11,0,0.342286648900951,256.7655,58.3701813649229,570.59,450.71,49743.71,2.37
FMM,2010-04-24,2010,114,10.76,-5.79,10.39,0.446760995505496,214.119,48.8634387667821,475.82,396.81,49935.87,2.485
FMM,2010-04-25,2010,115,10.94,-2.91,0,0.40629880580047,267.7005,61.3246535631994,594.89,493.07,50126.77,4.015
FMM,2010-04-26,2010,116,7.14,-5.09,0,0.297245190243042,257.8815,59.2987352780547,573.07,417.43,50316.34,1.025
FMM,2010-04-27,2010,117,-0.67,-3.22,4.44,0.0502420880836403,54.774,12.6421540299972,121.72,481.8,50504.54,-1.945
FMM,2010-04-28,2010,118,7.07,-3.66,0,0.269948525680155,242.1495,56.0961804447617,538.11,466.1,50691.31,1.705
FMM,2010-04-29,2010,119,2.95,-4.98,0,0.166859793255339,197.163,45.8415836917569,438.14,421.78,50876.59,-1.015
FMM,2010-04-30,2010,120,11.46,-0.29,0,0.420414306407822,251.802,58.756881468942,559.56,554.22,51060.3,5.585
FMM,2010-05-01,2010,121,18.31,-0.7,0,0.875724288494314,300.6675,70.40964406014,668.15,464.69,51242.4,8.805
FMM,2010-05-02,2010,122,18.96,6.21,9.2,0.651456120827102,189.891,44.6248193566734,421.98,916.12,51422.82,12.585
FMM,2010-05-03,2010,123,15.97,5.15,16.98,0.464997994276727,177.399,41.8340128438764,394.22,880.93,51601.48,10.56
FMM,2010-05-04,2010,124,15.32,3.03,4.79,0.488838744401867,192.2625,45.4944924543263,427.25,759.34,51778.33,9.175
FMM,2010-05-05,2010,125,14.94,0,7.11,0.542592175469364,210.051,49.871690765631,466.78,610.59,51953.3,7.47
FMM,2010-05-06,2010,126,14.34,0.56,14.73,0.497437093991724,202.8105,48.3129568837454,450.69,636.19,52126.31,7.45
FMM,2010-05-07,2010,127,4.26,-1.96,0,0.149672072875412,161.1675,38.5188093313628,358.15,528.85,52297.29,1.15
FMM,2010-05-08,2010,128,5.91,-4.67,6.82,0.248591605491633,182.5155,43.7618222163603,405.59,431.86,52466.18,0.62
FMM,2010-05-09,2010,129,0.98,-4.77,3.14,0.113956283446185,113.553,27.3131650908369,252.34,428.57,52632.89,-1.895
FMM,2010-05-10,2010,130,-1.26,-6.38,0,0.0894224865357224,136.4715,32.9283805626468,303.27,379.18,52797.36,-3.82
FMM,2010-05-11,2010,131,6.99,-8.56,0,0.340311163844682,292.077,70.6899244463739,649.06,320.2,52959.51,-0.785
FMM,2010-05-12,2010,132,7.44,-6.23,0,0.324208252864929,276.1065,67.0262258145713,613.57,383.54,53119.25,0.605
FMM,2010-05-13,2010,133,11.06,-6.14,0,0.473530384644058,299.9655,73.0337090774742,666.59,377.79,53276.52,2.46
FMM,2010-05-14,2010,134,13.29,-2.56,1.4,0.527442826293534,290.0115,70.8152171972927,644.47,487.55,53431.23,5.365
FMM,2010-05-15,2010,135,11.6,-2.28,0,0.426711282752812,274.977,67.335180134337,611.06,513.61,53583.3,4.66
FMM,2010-05-16,2010,136,14.28,-2.89,0,0.590746745402523,295.2135,72.4921122666987,656.03,468.71,53732.66,5.695
FMM,2010-05-17,2010,137,19.55,-2.23,0,0.93004920229401,308.376,75.9308307372936,685.28,464.03,53879.23,8.66
FMM,2010-05-18,2010,138,22.28,-0.79,0,1.12877838689715,307.9575,76.0299945999053,684.35,501.6,54022.91,10.745
FMM,2010-05-19,2010,139,21.43,1.72,0,1.00672949518026,293.643,72.6848159941764,652.54,613.13,54163.64,11.575
FMM,2010-05-20,2010,140,16.47,-0.41,0,0.674412652045734,279.2115,69.2882972519526,620.47,556.99,54301.32,8.03
FMM,2010-05-21,2010,141,16.45,-3.54,0,0.735800371234762,297.531,74.0173734821196,661.18,433.32,54435.88,6.455
FMM,2010-05-22,2010,142,22.96,0.92,0,1.15976982470477,299.5335,74.6953401795269,665.63,565.21,54567.23,11.94
FMM,2010-05-23,2010,143,23.58,8.38,0,0.992293344310122,250.767,62.681097668607,557.26,1009.25,54695.3,15.98
FMM,2010-05-24,2010,144,26.72,9.9,0,1.27936681446164,260.523,65.2681498302,578.94,1080,54820,18.31
FMM,2010-05-25,2010,145,27.97,11.48,17.26,1.2122744080838,187.569,47.0950996462092,416.82,1347.61,54941.24,19.725
FMM,2010-05-26,2010,146,23.3,5.1,0,1.0875271913634,272.124,68.4716904498528,604.72,778.86,55058.96,14.2
FMM,2010-05-27,2010,147,17.82,1.39,0,0.747682635156239,259.9605,65.5466703270741,577.69,608.26,55173.06,9.605
FMM,2010-05-28,2010,148,19.19,0.89,0,0.891462286286331,272.259,68.7850121646324,605.02,543.78,55283.48,10.04
FMM,2010-05-29,2010,149,20.8,6.91,0,0.858682324714236,226.9035,57.4367292669294,504.23,864.35,55390.12,13.855
FMM,2010-05-30,2010,150,14.65,3.12,0,0.491160835791542,201.3075,51.0521235373058,447.35,722.79,55492.93,8.885
FMM,2010-05-31,2010,151,14.73,-1.13,10.78,0.567900542480372,188.5455,47.9008462484624,418.99,549.75,55591.81,6.8
FMM,2010-06-01,2010,152,17.8,8.11,4.77,0.47636435492245,128.169,32.617500541011,284.82,1080.31,55686.7,12.955
FMM,2010-06-02,2010,153,18.86,9.51,6.33,0.492073663185707,123.03,31.360754487663,273.4,1188.01,55777.53,14.185
FMM,2010-06-03,2010,154,14.8,6.88,5.5,0.343347447123807,108.8325,27.7848812447955,241.85,992.99,55864.22,10.84
FMM,2010-06-04,2010,155,19.41,5.1,0,0.76076320701076,232.227,59.3749783678869,516.06,802.84,55946.71,12.255
FMM,2010-06-05,2010,156,13.89,6.65,12.47,0.303267672186841,101.2905,25.9338094257699,225.09,977.29,56024.94,10.27
FMM,2010-06-06,2010,157,9.8,6,9.56,0.13700782964604,57.0825,14.6343348880808,126.85,934.92,56098.83,7.9
FMM,2010-06-07,2010,158,13.37,4.06,1.48,0.357613960775214,170.8515,43.8557542967007,379.67,816.22,56168.34,8.715
FMM,2010-06-08,2010,159,11.74,1.39,1.12,0.350624336937099,186.525,47.93443265295,414.5,675.19,56233.4,6.565
FMM,2010-06-09,2010,160,17.83,-0.82,0,0.773826912513097,265.8915,68.4041505766038,590.87,532.86,56293.96,8.505
FMM,2010-06-10,2010,161,18.52,5.27,0,0.631476740233997,214.9425,55.3518654830055,477.65,876.58,56349.98,11.895
FMM,2010-06-11,2010,162,20.07,1.98,0,0.877264187768978,258.2145,66.5559112019684,573.81,646.75,56401.39,11.025
FMM,2010-06-12,2010,163,19.19,4.61,0,0.716131100684656,227.754,58.7532646431648,506.12,817.44,56448.16,11.9
FMM,2010-06-13,2010,164,21.34,3.32,0,0.947332573362776,255.1725,65.8754455138312,567.05,707.14,56490.25,12.33
FMM,2010-06-14,2010,165,18.07,4.33,0,0.631000695935168,217.8045,56.2657029470253,484.01,819.27,56527.62,11.2
FMM,2010-06-15,2010,166,18.07,0.03,0,0.768270318777409,256.6395,66.3362541306036,570.31,572.27,56560.24,9.05
FMM,2010-06-16,2010,167,20.19,0.96,1.93,0.911389729050246,262.908,67.9899993553404,584.24,596.53,56588.09,10.575
FMM,2010-06-17,2010,168,23.34,8,1.51,0.961934044510454,229.689,59.4234885454776,510.42,1004.75,56611.12,15.67
FMM,2010-06-18,2010,169,25.36,12.1,0,0.958550555688632,204.939,53.0374106178882,455.42,1361.23,56629.34,18.73
FMM,2010-06-19,2010,170,24.72,13.89,5.06,0.760315773021422,130.86,33.874051189842,290.8,1586.45,56642.71,19.305
FMM,2010-06-20,2010,171,20.99,6.21,14.23,0.765381330896689,169.875,43.9799785718625,377.5,948.69,56651.23,13.6
FMM,2010-06-21,2010,172,21.01,3.09,0,0.896489747695522,253.431,65.6165302222896,563.18,726.34,56654.88,12.05
FMM,2010-06-22,2010,173,23.58,1.8,0,1.18159051857221,269.9955,69.9038106690708,599.99,618.02,56653.68,12.69
FMM,2010-06-23,2010,174,20.38,11.56,0,0.513032952175976,136.845,35.4263758103565,304.1,1361.43,56647.61,15.97
FMM,2010-06-24,2010,175,17.32,8.48,14.79,0.432297493453065,106.2585,27.5028528403481,236.13,1107.76,56636.69,12.9
FMM,2010-06-25,2010,176,16.24,5.68,7.96,0.464115701333901,126.036,32.6127676683132,280.08,914.04,56620.91,10.96
FMM,2010-06-26,2010,177,16.46,1.61,0,0.591528968330158,213.0255,55.1019036742259,473.39,685.81,56600.31,9.035
FMM,2010-06-27,2010,178,17.82,-0.2,0,0.717286973337777,232.9515,60.228969079406,517.67,602.05,56574.89,8.81
FMM,2010-06-28,2010,179,11.88,7.75,6.27,0.16694795080549,56.25,14.535514231875,125,1054.21,56544.67,9.815
FMM,2010-06-29,2010,180,17.36,3.39,5.31,0.599459412106223,154.5345,39.9084238701239,343.41,778.98,56509.69,10.375
FMM,2010-06-30,2010,181,10.73,2.93,6.89,0.266693294009845,103.257,26.6473077126102,229.46,753.74,56469.98,6.83
FMM,2010-07-01,2010,182,10.81,4.13,3.97,0.236892750786241,90.1935,23.2577296685802,200.43,820.22,56425.56,7.47
FMM,2010-07-02,2010,183,19.98,3.35,2.22,0.776993348149014,168.093,43.3075745344149,373.54,776.47,56376.49,11.665
FMM,2010-07-03,2010,184,23.07,11.57,4.21,0.725456159840072,130.6575,33.6306068503223,290.35,1362.86,56322.79,17.32
FMM,2010-07-04,2010,185,24.04,14.12,0,0.686004055340923,154.764,39.7942832591748,343.92,1610.61,56264.51,19.08
FMM,2010-07-05,2010,186,25.28,15.55,6.47,0.722927659852927,112.0545,28.7802862461918,249.01,1766.1,56201.72,20.415
FMM,2010-07-06,2010,187,27.01,16.78,0,0.823961577680348,151.704,38.9172932219232,337.12,1910.08,56134.44,21.895
FMM,2010-07-07,2010,188,29.17,17.16,0,1.03931571389699,168.4485,43.1576456752238,374.33,1956.79,56062.75,23.165
FMM,2010-07-08,2010,189,27.28,17.6,0,0.801567832379414,143.4915,36.7136231231385,318.87,2011.67,55986.7,22.44
FMM,2010-07-09,2010,190,27.19,17.93,32.88,0.77029469732081,104.9985,26.8262836079022,233.33,2054.51,55906.36,22.56
FMM,2010-07-10,2010,191,23.56,9.5,0,0.855766687913649,199.845,50.9815564292205,444.1,1187.17,55821.77,16.53
FMM,2010-07-11,2010,192,25.67,7.51,0,1.12637073086941,225.6795,57.4805463980013,501.51,1036.85,55733.02,16.59
FMM,2010-07-12,2010,193,25.71,9.59,0,1.05157902593863,212.607,54.0607675779783,472.46,1193.86,55640.17,17.65
FMM,2010-07-13,2010,194,20.72,14.22,15.59,0.408295056813093,81.9045,20.7900514588289,182.01,1620.68,55543.29,17.47
FMM,2010-07-14,2010,195,24.43,8.82,0,0.960773942003471,212.5395,53.8515671631669,472.31,1133.43,55442.46,16.625
FMM,2010-07-15,2010,196,25.87,6.59,0,1.17733479758405,231.282,58.4897079448476,513.96,973.87,55337.74,16.23
FMM,2010-07-16,2010,197,21.21,15.4,11.99,0.380946317759287,74.6685,18.8461453720149,165.93,1749.24,55229.22,18.305
FMM,2010-07-17,2010,198,22.59,12.68,7.78,0.633456717999865,121.041,30.4883526359952,268.98,1466.05,55116.96,17.635
FMM,2010-07-18,2010,199,19.51,11.53,0,0.451766620551327,139.185,34.984823989977,309.3,1358.69,55001.06,15.52
FMM,2010-07-19,2010,200,20.11,8.27,6.94,0.62835849155608,141.435,35.4731520051405,314.3,1091.91,54881.59,14.19
FMM,2010-07-20,2010,201,21.25,6.56,0,0.774152923924966,213.4755,53.4215806920117,474.39,971.43,54758.62,13.905
FMM,2010-07-21,2010,202,22.03,5.27,3.41,0.876961549469366,168.984,42.1901232098112,375.52,888.77,54632.24,13.65
FMM,2010-07-22,2010,203,22.29,8.02,0,0.805664487327301,210.5685,52.4476876895343,467.93,1073.52,54502.54,15.155
FMM,2010-07-23,2010,204,21.63,5.32,0,0.843817510008199,223.326,55.4895835614756,496.28,891.57,54369.58,13.475
FMM,2010-07-24,2010,205,20.09,11.75,13.63,0.482802108993654,107.1,26.54440429662,238,1379.03,54233.46,15.92
FMM,2010-07-25,2010,206,18.03,11.2,5.38,0.366079108302817,91.5345,22.6283140618029,203.41,1329.73,54094.26,14.615
FMM,2010-07-26,2010,207,17.66,9.37,0,0.418897104457385,147.636,36.4012671288312,328.08,1176.81,53952.06,13.515
FMM,2010-07-27,2010,208,24.1,7.46,0,0.980646324622271,223.11,54.862239372138,495.8,1033.68,53806.94,15.78
FMM,2010-07-28,2010,209,21.96,13.3,8.96,0.551409039453205,109.8315,26.9330494167459,244.07,1526.93,53658.98,17.63
FMM,2010-07-29,2010,210,14.31,8.95,0,0.241665007382051,102.033,24.9504145599987,226.74,1143.54,53508.27,11.63
FMM,2010-07-30,2010,211,14.83,6.09,0,0.371451819275136,157.356,38.3683897814004,349.68,940.26,53354.87,10.46
FMM,2010-07-31,2010,212,18.1,2.76,0,0.663787435031525,219.348,53.3276504654004,487.44,744.89,53198.89,10.43
FMM,2010-08-01,2010,213,21.1,2.43,0,0.884918953599358,232.659,56.3952704908194,517.02,727.37,53040.38,11.765
FMM,2010-08-02,2010,214,22.21,4.11,6.59,0.926509715182545,170.0415,41.0920657861932,377.87,819.26,52879.44,13.16
FMM,2010-08-03,2010,215,21.16,13.18,10.95,0.494741444667042,100.1025,24.1159649631952,222.45,1514.79,52716.13,17.17
FMM,2010-08-04,2010,216,23.39,15.6,16.36,0.547913274317352,96.1065,23.0805495193707,213.57,1771.83,52550.54,19.495
FMM,2010-08-05,2010,217,24.05,12.37,3.14,0.774722394437574,132.507,31.7207343623526,294.46,1436.07,52382.74,18.21
FMM,2010-08-06,2010,218,14.15,5.51,0,0.353549377827361,150.3,35.86346501751,334,903.51,52212.81,9.83
FMM,2010-08-07,2010,219,13.41,2.47,0,0.403146147554298,180.0495,42.8205427178342,400.11,729.35,52040.81,7.94
FMM,2010-08-08,2010,220,18.37,6.96,3.33,0.554687208290431,134.478,31.8755042252172,298.84,998.34,51866.82,12.665
FMM,2010-08-09,2010,221,22.37,9.27,1.11,0.764537207533553,191.718,45.2890559270466,426.04,1168.51,51690.91,15.82
FMM,2010-08-10,2010,222,21.67,6.08,0,0.82268911789427,211.428,49.7733524736336,469.84,939.93,51513.16,13.875
FMM,2010-08-11,2010,223,19.25,3.8,0,0.712934117574281,212.6655,49.8901774171693,472.59,801.39,51333.61,11.525
FMM,2010-08-12,2010,224,19.74,2.77,0,0.775467084546473,218.151,50.9963488826652,484.78,745.19,51152.36,11.255
FMM,2010-08-13,2010,225,23.21,2.32,0,1.05885925506683,229.1715,53.3810060697848,509.27,721.83,50969.45,12.765
FMM,2010-08-14,2010,226,22.92,4.77,0,0.965734044851006,218.574,50.728232352141,485.72,858.25,50784.95,13.845
FMM,2010-08-15,2010,227,24.04,11.9,0,0.795687458575857,172.35,39.853715925735,383,1392.37,50598.93,17.97
FMM,2010-08-16,2010,228,18.4,12.74,13.97,0.319451412673017,69.561,16.0254827127288,154.58,1471.49,50411.44,15.57
FMM,2010-08-17,2010,229,18.9,6.45,3.69,0.607367431330108,134.6085,30.8949462960548,299.13,964.02,50222.55,12.675
FMM,2010-08-18,2010,230,17.64,5.04,0,0.569213317342224,181.818,41.5722596458806,404.04,874.57,50032.31,11.34
FMM,2010-08-19,2010,231,20.68,5.35,0,0.769538853259289,199.9305,45.5386518774842,444.29,893.73,49840.79,13.015
FMM,2010-08-20,2010,232,15.93,2.91,0,0.526654969737544,186.525,42.3209364965775,414.5,752.91,49648.03,9.42
FMM,2010-08-21,2010,233,18.45,2,0,0.706862921111777,207.7335,46.9488399134976,461.63,705.23,49454.08,10.225
FMM,2010-08-22,2010,234,16.82,5.75,0,0.496591740347181,165.9465,37.3568265845501,368.77,918.39,49259.01,11.285
FMM,2010-08-23,2010,235,19.72,6.38,0,0.666211407700085,182.9745,41.0260512681446,406.61,959.91,49062.87,13.05
FMM,2010-08-24,2010,236,22.21,4.24,0,0.922688058706382,207.6165,46.3641285224344,461.37,826.83,48865.69,13.225
FMM,2010-08-25,2010,237,16.85,3.75,3.68,0.558125458190241,133.0155,29.5840648525959,295.59,798.89,48667.54,10.3
FMM,2010-08-26,2010,238,18.65,9.29,2.72,0.487033605536304,102.87,22.785793694514,228.6,1170.17,48468.46,13.97
FMM,2010-08-27,2010,239,16.43,7.53,1.48,0.412555447428982,132.957,29.3285856659301,295.46,1038.76,48268.49,11.98
FMM,2010-08-28,2010,240,19.26,9.91,0,0.503919615114298,134.5725,29.561446551276,299.05,1219.74,48067.68,14.585
FMM,2010-08-29,2010,241,27.43,13.06,0,1.0729963836338,172.458,37.7248401006048,383.24,1502.39,47866.08,20.245
FMM,2010-08-30,2010,242,27.1,11.58,0,1.10727390110724,180.3555,39.2856122197422,400.79,1363.62,47663.72,19.34
FMM,2010-08-31,2010,243,27.66,15.63,0,0.961289031496665,151.452,32.849207362566,336.56,1774.49,47460.65,21.645
FMM,2010-09-01,2010,244,27.37,16.69,0,0.867560531831908,139.0275,30.0249395979075,308.95,1899.05,47256.9,22.03
FMM,2010-09-02,2010,245,22.96,14.66,0,0.563562170412184,116.019,24.9475727747799,257.82,1667.51,47052.53,18.81
FMM,2010-09-03,2010,246,23.22,12.91,7.01,0.675515414337719,103.41,22.139393240772,229.8,1488.28,46847.56,18.065
FMM,2010-09-04,2010,247,18.08,9.15,10.37,0.455018110441542,95.1615,20.2840617079517,211.47,1159.05,46642.03,13.615
FMM,2010-09-05,2010,248,9.45,6.23,9.19,0.115530337236416,39.5955,8.40265902614565,87.99,949.83,46435.99,7.84
FMM,2010-09-06,2010,249,14.95,5.1,11.75,0.408801175828781,105.1515,22.2152135787783,233.67,878.28,46229.46,10.025
FMM,2010-09-07,2010,250,14.07,9.97,14.39,0.188317775950283,47.934,10.0816099123824,106.52,1224.86,46022.48,12.02
FMM,2010-09-08,2010,251,14.86,8.82,16.54,0.276026294941237,69.426,14.5360628904456,154.28,1133.6,45815.08,11.84
FMM,2010-09-09,2010,252,9.17,6.76,4.87,0.0867179022305548,32.436,6.7604864917212,72.08,985.24,45607.31,7.965
FMM,2010-09-10,2010,253,13.65,4,0,0.373251912356959,144.702,30.0219392997252,321.56,812.95,45399.18,8.825
FMM,2010-09-11,2010,254,17.09,-0.55,0,0.679389326105476,196.9065,40.6654615373517,437.57,586.52,45190.74,8.27
FMM,2010-09-12,2010,255,13.46,-1.32,7.19,0.493004768557786,138.906,28.5546051884484,308.68,554.7,44982.02,6.07
FMM,2010-09-13,2010,256,11.51,7.91,17.82,0.144596209976116,46.3365,9.4810406735772,102.97,1065.57,44773.04,9.71
FMM,2010-09-14,2010,257,11.42,5.19,6.5,0.231742362078599,77.859,15.8565108048192,173.02,883.58,44563.84,8.305
FMM,2010-09-15,2010,258,9.07,4.34,0,0.159367299681561,81.171,16.4533484285415,180.38,832.69,44354.45,6.705
FMM,2010-09-16,2010,259,8.31,2.93,5.15,0.169903363260728,69.3675,13.9943484028328,154.15,753.99,44144.89,5.62
FMM,2010-09-17,2010,260,13.8,-1.51,0,0.514472070291686,186.3225,37.41055150014,414.05,546.61,43935.2,6.145
FMM,2010-09-18,2010,261,13.8,-3.24,5.11,0.547392652512134,142.1145,28.3980540366963,315.81,480.83,43725.42,5.28
FMM,2010-09-19,2010,262,13.78,-0.47,0,0.491545310903751,177.8895,35.3761846029833,395.31,590.13,43515.55,6.655
FMM,2010-09-20,2010,263,10.6,-1.95,0,0.373661658106708,169.2225,33.4902869320613,376.05,529.28,43305.65,4.325
FMM,2010-09-21,2010,264,10.22,-1.28,20.96,0.344125846357914,119.4885,23.5329596928599,265.53,556.22,43095.73,4.47
FMM,2010-09-22,2010,265,15.33,4.23,0,0.456180815615914,152.847,29.9562080079978,339.66,826.01,42885.82,9.78
FMM,2010-09-23,2010,266,10.96,2.13,0,0.297719357627106,134.856,26.3008493262432,299.68,711.81,42675.96,6.545
FMM,2010-09-24,2010,267,10.41,2.89,35.32,0.254056126068913,89.379,17.3458180045251,198.62,751.74,42466.17,6.65
FMM,2010-09-25,2010,268,11.3,2.54,8.71,0.301627494845108,99.342,19.1841435892512,220.76,733.34,42256.48,6.92
FMM,2010-09-26,2010,269,7.04,1.46,0,0.162567294755313,93.2175,17.9121593165468,207.15,678.51,42046.93,4.25
FMM,2010-09-27,2010,270,13.55,4.99,13.96,0.338886632027569,95.5935,18.2772437415543,212.43,871.38,41837.54,9.27
FMM,2010-09-28,2010,271,15.13,10.97,35.12,0.20309236778051,50.913,9.6857638653753,113.14,1308.99,41628.33,13.05
FMM,2010-09-29,2010,272,15.44,9.98,4.46,0.261532535976976,66.69,12.623511983355,148.2,1226.04,41419.35,12.71
FMM,2010-09-30,2010,273,15.4,8.63,49.57,0.313144148737817,80.8785,15.2320564987394,179.73,1119.04,41210.63,12.015
FMM,2010-10-01,2010,274,11.45,4.47,14.52,0.255071212216191,84.798,15.8894499438234,188.44,839.97,41002.19,7.96
FMM,2010-10-02,2010,275,7.3,1.59,0,0.168236787017696,97.5915,18.1938715246593,216.87,685.02,40794.06,4.445
FMM,2010-10-03,2010,276,8.07,-2.98,0,0.293194753610719,152.568,28.2982057813728,339.04,490.47,40586.28,2.545
FMM,2010-10-04,2010,277,12.11,-4.7,0,0.490051280713142,169.4835,31.2750413617536,376.63,430.86,40378.88,3.705
FMM,2010-10-05,2010,278,16.39,-3.39,0,0.692652621715921,169.146,31.052767022118,375.88,475.56,40171.9,6.5
FMM,2010-10-06,2010,279,10.96,-2.45,4.2,0.398736164576009,114.435,20.9006076198915,254.3,510.06,39965.37,4.255
FMM,2010-10-07,2010,280,6.05,1.3,8.55,0.133197711375639,54.1755,9.8436933558162,120.39,670.99,39759.32,3.675
FMM,2010-10-08,2010,281,8.2,-0.14,0,0.240886634257742,115.173,20.8187659564119,255.94,604.49,39553.79,4.03
FMM,2010-10-09,2010,282,2.53,-1.65,0,0.0960224030100184,63.1215,11.3507673952491,140.27,541.07,39348.82,0.44
FMM,2010-10-10,2010,283,6.52,-2.09,0,0.222319314087942,115.749,20.7063491200092,257.22,523.96,39144.44,2.215
FMM,2010-10-11,2010,284,5.46,-0.92,0,0.16467826985652,92.934,16.5384373659822,206.52,570.94,38940.69,2.27
FMM,2010-10-12,2010,285,5.65,-0.29,0,0.157165977314025,88.236,15.6204965247372,196.08,597.84,38737.61,2.68
FMM,2010-10-13,2010,286,7.69,-3.81,0,0.294283973937611,135.783,23.9122135579275,301.74,460.91,38535.25,1.94
FMM,2010-10-14,2010,287,5.64,-3.51,0,0.220315550039922,117.873,20.6495502450804,261.94,471.21,38333.64,1.065
FMM,2010-10-15,2010,288,3.39,-0.03,19.89,0.0848599568750664,37.566,6.5465153654346,83.48,609.23,38132.83,1.68
FMM,2010-10-16,2010,289,3.31,-0.11,4.21,0.084274476325158,37.3095,6.46771839853275,82.91,605.86,37932.85,1.6
FMM,2010-10-17,2010,290,4.55,-0.86,3.48,0.135851258855572,57.7215,9.9536849712288,128.27,573.4,37733.76,1.845
FMM,2010-10-18,2010,291,0.45,-2.74,0,0.0661597857365146,49.275,8.4525197733,109.5,499.28,37535.6,-1.145
FMM,2010-10-19,2010,292,3.9,-4.62,0,0.187185134313319,113.472,19.3624739376768,252.16,433.42,37338.42,-0.36
FMM,2010-10-20,2010,293,6.06,-1.29,0,0.191131062001281,101.538,17.2350777774582,225.64,555.93,37142.27,2.385
FMM,2010-10-21,2010,294,2.93,-1.78,11.53,0.109094701597914,53.163,8.9765012212029,118.14,535.96,36947.19,0.575
FMM,2010-10-22,2010,295,0.49,-2.77,0,0.0676375104191331,51.4575,8.642920402161,114.35,498.16,36753.24,-1.14
FMM,2010-10-23,2010,296,0.87,-3.46,0,0.0890631423762875,67.1985,11.2276159568582,149.33,473.05,36560.47,-1.295
FMM,2010-10-24,2010,297,3.39,-6.69,1.09,0.204537679110511,134.7615,22.3981773886917,299.47,370.23,36368.94,-1.65
FMM,2010-10-25,2010,298,2.01,-5.79,12.67,0.154997527773758,86.409,14.2865714186397,192.02,396.67,36178.69,-1.89
FMM,2010-10-26,2010,299,7.01,0.49,5.91,0.184532468898333,66.3075,10.9058160119423,147.35,632.64,35989.79,3.75
FMM,2010-10-27,2010,300,12.14,1.06,5.95,0.37684495999379,87.2775,14.2800400388025,193.95,659.44,35802.3,6.6
FMM,2010-10-28,2010,301,9.83,-0.46,2.26,0.310922691046462,83.6145,13.6096272981716,185.81,590.58,35616.27,4.685
FMM,2010-10-29,2010,302,2.39,-4.21,0,0.139518915100452,85.878,13.9056356917296,190.84,447.04,35431.76,-0.91
FMM,2010-10-30,2010,303,-2.83,-9.94,0,0.105009120230445,90.7425,14.617455137109,201.65,287.25,35248.84,-6.385
FMM,2010-10-31,2010,304,-2.86,-10.67,0,0.112445359036908,95.4405,15.2951795146534,212.09,271.18,35067.57,-6.765
FMM,2010-11-01,2010,305,0.1,-5.75,0,0.109012840359001,74.9025,11.9423236254885,166.45,397.97,34888.02,-2.825
FMM,2010-11-02,2010,306,2.11,-10.52,0,0.218860374039527,116.1765,18.4285951912013,258.17,274.26,34710.25,-4.205
FMM,2010-11-03,2010,307,3.85,-12.05,0,0.281301822913202,120.483,19.0148545439523,267.74,242.6,34534.33,-4.1
FMM,2010-11-04,2010,308,0.93,-8.28,9.53,0.163495748231969,83.8575,13.167863342208,186.35,327.26,34360.32,-3.675
FMM,2010-11-05,2010,309,1.68,-1.88,15.09,0.0789741200732462,39.825,6.2222809670775,88.5,532.04,34188.31,-0.1
FMM,2010-11-06,2010,310,-1.23,-2.9,0,0.0330115540750283,27.603,4.2912714366927,61.34,493.17,34018.37,-2.065
FMM,2010-11-07,2010,311,0.71,-5.38,0,0.117382733466987,85.086,13.162550090661,189.08,409.15,33850.55,-2.335
FMM,2010-11-08,2010,312,2.03,-3.86,4.64,0.124322936196414,60.3135,9.28467354944025,134.03,459.01,33684.95,-0.915
FMM,2010-11-09,2010,313,6.37,-3.49,0,0.243336079251848,108.8325,16.6724695821757,241.85,472.1,33521.63,1.44
FMM,2010-11-10,2010,314,6.19,-4.98,0,0.26252958124907,112.5675,17.1618453964282,250.15,421.98,33360.67,0.605
FMM,2010-11-11,2010,315,9.58,-6.43,0,0.407572579020803,119.439,18.1229363838945,265.42,377.64,33202.15,1.575
FMM,2010-11-12,2010,316,12.7,-5.46,0,0.529961308746341,118.6515,17.9188515465597,263.67,406.74,33046.14,3.62
FMM,2010-11-13,2010,317,9.43,-4.24,0,0.367131937640093,112.059,16.8446837899899,249.02,446.28,32892.73,2.595
FMM,2010-11-14,2010,318,4.15,-3.63,0,0.177349788963163,84.6,12.658777524,188,467.14,32742,0.26
FMM,2010-11-15,2010,319,1.92,-1.77,3.37,0.0828625395222641,32.9985,4.9152807241929,73.33,536.28,32594.02,0.075
FMM,2010-11-16,2010,320,4.69,-4.01,0,0.199790907805337,79.5105,11.7907218967068,176.69,453.95,32448.88,0.34
FMM,2010-11-17,2010,321,1.63,-3.4,42.98,0.106183835060093,38.016,5.6127368385792,84.48,475.23,32306.66,-0.885
FMM,2010-11-18,2010,322,-0.29,-6.78,0,0.115552996723313,63.549,9.3420335056392,141.22,367.76,32167.44,-3.535
FMM,2010-11-19,2010,323,-7.43,-16.28,3.48,0.0900442054297181,65.5515,9.5956279121115,145.67,171.36,32031.3,-11.855
FMM,2010-11-20,2010,324,-3.76,-13.01,6.49,0.119805839211261,65.763,9.5866255323603,146.14,224.5,31898.33,-8.385
FMM,2010-11-21,2010,325,-6.7,-18.17,0,0.112692973724796,97.0335,14.087566307817,215.63,146.18,31768.6,-12.435
FMM,2010-11-22,2010,326,-0.87,-12.69,6.02,0.171914907568788,71.0865,10.279452953871,157.97,230.5,31642.2,-6.78
FMM,2010-11-23,2010,327,2.78,-2.12,13.44,0.111894096686391,37.0305,5.33397652398585,82.29,522.54,31519.21,0.33
FMM,2010-11-24,2010,328,-1.93,-10.15,0,0.124454640584256,76.6035,10.9923475203814,170.23,282.52,31399.71,-6.04
FMM,2010-11-25,2010,329,-6.22,-13.76,1.75,0.0870876066564757,71.8425,10.2710976884505,159.65,211.26,31283.78,-9.99
FMM,2010-11-26,2010,330,-3.81,-12.07,8.38,0.109956768204181,56.97,8.115593025879,126.6,242.36,31171.51,-7.94
FMM,2010-11-27,2010,331,-4.8,-11.12,4.74,0.0839020854207534,46.5525,6.608487095478,103.45,261.47,31062.96,-7.96
FMM,2010-11-28,2010,332,-4.83,-13.97,0,0.110320174228639,80.811,11.4330647540394,179.58,207.63,30958.22,-9.4
FMM,2010-11-29,2010,333,-3.04,-12.13,0,0.124153833950693,79.191,11.1673635255945,175.98,241.22,30857.35,-7.585
FMM,2010-11-30,2010,334,0.95,-12.94,8.83,0.214771983245455,70.389,9.8949517297785,156.42,225.77,30760.45,-5.995
FMM,2010-12-01,2010,335,1.51,-1.46,28.65,0.0665649649300921,21.8655,3.06446720588595,48.59,548.63,30667.57,0.025
FMM,2010-12-02,2010,336,-0.82,-3.74,5.67,0.0565665385710717,22.0725,3.08452407291,49.05,463.13,30578.8,-2.28
FMM,2010-12-03,2010,337,-1.56,-4.32,7.41,0.0510456382785439,21.537,3.0013629010371,47.86,443.6,30494.19,-2.94
FMM,2010-12-04,2010,338,-0.4,-3.28,14,0.0570953207335353,22.473,3.1235472532341,49.94,479.65,30413.81,-1.84
FMM,2010-12-05,2010,339,-1.15,-8.71,0,0.123042017376373,69.453,9.6292018729233,154.34,316.53,30337.73,-4.93
FMM,2010-12-06,2010,340,-3.53,-9.15,11.41,0.0830305726116151,40.6395,5.62107949621515,90.31,305.85,30266.01,-6.34
FMM,2010-12-07,2010,341,-5.21,-10.79,4.4,0.0738545426361835,40.518,5.5918123862346,90.04,268.47,30198.71,-8.0
FMM,2010-12-08,2010,342,-11.04,-13.91,0,0.0281465097567393,29.907,4.1188210976412,66.46,208.68,30135.88,-12.475
FMM,2010-12-09,2010,343,-13.99,-18.47,0,0.0332930965846602,45.747,6.2881328688282,101.66,142.49,30077.58,-16.23
FMM,2010-12-10,2010,344,-12.81,-25.65,0,0.0771894138328991,90.405,12.4043791477725,200.9,75.56,30023.85,-19.23
FMM,2010-12-11,2010,345,-5.93,-18.66,8.4,0.126913259774773,66.672,9.1330347043296,148.16,140.2,29974.74,-12.295
FMM,2010-12-12,2010,346,0.42,-19.18,37.81,0.248326256917543,72.396,9.902431374516,160.88,134.05,29930.3,-9.38
FMM,2010-12-13,2010,347,4.03,-1.38,29.09,0.131544542313279,40.032,5.468363734032,88.96,551.89,29890.55,1.325
FMM,2010-12-14,2010,348,-2.08,-13.43,9.47,0.154305421014909,65.601,8.9505884874978,145.78,217.01,29855.54,-7.755
FMM,2010-12-15,2010,349,-9.39,-21.11,7.83,0.0941569683121368,66.753,9.098542106613,148.34,113.41,29825.3,-15.25
FMM,2010-12-16,2010,350,-12.14,-24.76,0,0.0803587834385994,91.8765,12.5122258489032,204.17,81.94,29799.84,-18.45
FMM,2010-12-17,2010,351,-13.38,-20.35,0,0.0492727087138798,66.1995,9.00915547264515,147.11,121.15,29779.21,-16.865
FMM,2010-12-18,2010,352,-7.43,-19.02,0,0.107744520869067,87.714,11.930747584932,194.92,135.88,29763.4,-13.225
FMM,2010-12-19,2010,353,-7.33,-19.16,0,0.109938199880795,88.0605,11.9734713981383,195.69,134.23,29752.45,-13.245
FMM,2010-12-20,2010,354,-6.23,-19.76,0,0.128853848373661,91.647,12.4585682847165,203.66,127.48,29746.35,-12.995
FMM,2010-12-21,2010,355,-3,-7.09,2.44,0.0659592896959819,29.925,4.0678594445475,66.5,358.99,29745.11,-5.045
FMM,2010-12-22,2010,356,-4.52,-6.49,5.35,0.0310315160445689,16.218,2.2048653485124,36.04,376.05,29748.74,-5.505
FMM,2010-12-23,2010,357,-5.43,-14.88,0,0.108370522341211,80.3475,10.9264963291515,178.55,192.6,29757.22,-10.155
FMM,2010-12-24,2010,358,-5.38,-15.85,0,0.116631829872205,84.5145,11.4983210485584,187.81,177.66,29770.56,-10.615
FMM,2010-12-25,2010,359,-7.95,-19.66,0,0.10444126087231,88.722,12.0781288175796,197.16,128.63,29788.74,-13.805
FMM,2010-12-26,2010,360,-10.75,-21.28,0,0.0796769885341795,85.0815,11.5914778228463,189.07,111.74,29811.75,-16.015
FMM,2010-12-27,2010,361,-13.04,-17.48,0,0.0354427393274871,44.6265,6.0855725182338,99.17,154.96,29839.56,-15.26
FMM,2010-12-28,2010,362,-12.64,-19.98,0,0.0540651871150757,69.0975,9.43289534273625,153.55,125.09,29872.15,-16.31
FMM,2010-12-29,2010,363,-4.9,-18.65,0,0.142869541007019,94.1085,12.8633491852691,209.13,140.28,29909.49,-11.775
FMM,2010-12-30,2010,364,-0.41,-11.12,0,0.166143259931132,85.4955,11.7025029356243,189.99,261.57,29951.55,-5.765
FMM,2010-12-31,2010,365,1.45,-8.61,0,0.179946199186395,81.9,11.22784997607,182,319.08,29998.29,-3.58
FMM,2011-01-01,2011,1,4.12,-0.02,3.23,0.104968991834535,24.192,3.3222411218304,53.76,609.85,30049.91,2.05
FMM,2011-01-02,2011,2,3.77,-7.12,4.11,0.221059645703222,55.908,7.6920467583996,124.24,358.24,30105.91,-1.675
FMM,2011-01-03,2011,3,-7.3,-12.24,0,0.0579744663551261,40.392,5.5684702911024,89.76,238.97,30166.46,-9.77
FMM,2011-01-04,2011,4,-10.29,-16.99,0,0.0598889561951585,54.063,7.4692359918441,120.14,161.47,30231.51,-13.64
FMM,2011-01-05,2011,5,-11.87,-16.84,0,0.0422515897051103,41.544,5.7528309786408,92.32,163.57,30301.01,-14.355
FMM,2011-01-06,2011,6,-11.55,-23.13,0,0.0797514261882148,82.8585,11.5018612380405,184.13,94.88,30374.9,-17.34
FMM,2011-01-07,2011,7,-11.13,-23.94,0,0.0874275629257782,88.029,12.2510586682683,195.62,88.2,30453.11,-17.535
FMM,2011-01-08,2011,8,-5.59,-14.37,1.97,0.101673319289693,69.471,9.694517710932,154.38,200.97,30535.6,-9.98
FMM,2011-01-09,2011,9,-6.9,-10.83,2.81,0.049116814937627,25.74,3.602153916504,57.2,267.67,30622.28,-8.865
FMM,2011-01-10,2011,10,-6.5,-14.12,0.83,0.0861834032097538,63.5445,8.9190340240815,141.21,205.02,30713.1,-10.31
FMM,2011-01-11,2011,11,-6.08,-19.65,0,0.130445866377243,93.8025,13.2066855358515,208.45,128.71,30807.98,-12.865
FMM,2011-01-12,2011,12,-7.4,-18.44,0,0.10465304601737,84.879,11.9886753216555,188.62,142.84,30906.85,-12.92
FMM,2011-01-13,2011,13,-8.56,-14.25,0,0.0595817592322213,50.6385,7.17618947816925,112.53,202.85,31009.65,-11.405
FMM,2011-01-14,2011,14,-10.19,-16.37,0,0.0567117731152987,55.2645,7.85869177378185,122.81,170.08,31116.29,-13.28
FMM,2011-01-15,2011,15,-14.22,-22.99,1.12,0.0545771126005009,75.5775,10.7853606970807,167.95,96.03,31226.69,-18.605
FMM,2011-01-16,2011,16,-13.54,-24.84,0,0.0677029736333478,90.3645,12.9426733180544,200.81,81.36,31340.79,-19.19
FMM,2011-01-17,2011,17,-15.57,-28.17,0,0.0618289207474803,97.146,13.96622820537,215.88,59.89,31458.5,-21.87
FMM,2011-01-18,2011,18,-5.71,-23.51,8.65,0.154430976277746,82.44,11.897692308792,183.2,91.73,31579.74,-14.61
FMM,2011-01-19,2011,19,-7.28,-24.6,1.91,0.13606006463207,111.996,16.2270158942196,248.88,83.17,31704.43,-15.94
FMM,2011-01-20,2011,20,-13.75,-28.76,0,0.078179385067127,108.756,15.8212175006016,241.68,56.66,31832.48,-21.255
FMM,2011-01-21,2011,21,-12.42,-22.4,2.02,0.0680383457022571,66.1635,9.66481361855685,147.03,101.23,31963.83,-17.41
FMM,2011-01-22,2011,22,-16.51,-30.41,0,0.0606474456237702,108.6615,15.9395116009509,241.47,48.46,32098.38,-23.46
FMM,2011-01-23,2011,23,-22.54,-35.23,0,0.0355323794447449,105.867,15.5961987855714,235.26,30.27,32236.06,-28.885
FMM,2011-01-24,2011,24,-22.74,-32.24,0,0.0295285428044149,90.2205,13.3491952095543,200.49,40.62,32376.78,-27.49
FMM,2011-01-25,2011,25,-14.12,-30.82,2.59,0.0800228565908861,89.226,13.2606344772972,198.28,46.6,32520.46,-22.47
FMM,2011-01-26,2011,26,-7.36,-24.5,0,0.134628504130281,122.0895,18.2265260524952,271.31,83.89,32667.01,-15.93
FMM,2011-01-27,2011,27,-6.72,-19,0,0.117398565241406,108.6255,16.290654319418,241.39,136.18,32816.37,-12.86
FMM,2011-01-28,2011,28,-7.16,-17.33,0,0.100968459509223,98.487,14.8386197687796,218.86,156.87,32968.44,-12.245
FMM,2011-01-29,2011,29,-8.87,-19.96,0,0.0945248398300496,105.462,15.9640729394076,234.36,125.27,33123.14,-14.415
FMM,2011-01-30,2011,30,-12.73,-26.75,0,0.0815417729622701,120.798,18.372340319544,268.44,68.31,33280.4,-19.74
FMM,2011-01-31,2011,31,-18.33,-28.78,0,0.0446395337863029,103.923,15.8816624883354,230.94,56.53,33440.14,-23.555
FMM,2011-02-01,2011,32,-14.09,-28.57,0,0.0747771819433093,124.0155,19.0441202479038,275.59,57.67,33602.28,-21.33
FMM,2011-02-02,2011,33,-15.89,-27.77,3.73,0.0582890568505636,84.4695,13.0348265750451,187.71,62.18,33766.74,-21.83
FMM,2011-02-03,2011,34,-10.34,-27.94,0,0.109360292112456,134.595,20.8724362515675,299.1,61.18,33933.45,-19.14
FMM,2011-02-04,2011,35,-8.75,-15.29,0.65,0.0655503329770042,71.2845,11.1095216709845,158.41,186.17,34102.33,-12.02
FMM,2011-02-05,2011,36,-6.4,-11.62,3.09,0.064483684148018,44.352,6.9468105921984,98.56,251.24,34273.31,-9.01
FMM,2011-02-06,2011,37,-6.39,-11.06,3.12,0.0588399427806008,41.436,6.5228419599264,92.08,262.79,34446.32,-8.725
FMM,2011-02-07,2011,38,-5.28,-16.13,3.92,0.120227411365346,85.2525,13.488586576524,189.45,173.57,34621.28,-10.705
FMM,2011-02-08,2011,39,-7.55,-22.12,2.73,0.122140862467198,100.3005,15.950533159957,222.89,103.77,34798.13,-14.835
FMM,2011-02-09,2011,40,-14.41,-25.28,2.26,0.0618917795825205,86.6295,13.8471997599239,192.51,78.17,34976.79,-19.845
FMM,2011-02-10,2011,41,-16.57,-30.38,0,0.0601448419657356,135.81,21.82037594724,301.8,48.61,35157.2,-23.475
FMM,2011-02-11,2011,42,-13.6,-20.62,0,0.0487151457368907,85.1985,13.7596089542985,189.33,118.36,35339.3,-17.11
FMM,2011-02-12,2011,43,-9.19,-21.99,2.18,0.100818776641066,98.8875,16.0534121467838,219.75,104.9,35523.01,-15.59
FMM,2011-02-13,2011,44,-10.54,-26.17,4.78,0.101760224035752,109.4715,17.8643081112714,243.27,72.05,35708.28,-18.355
FMM,2011-02-14,2011,45,-9.44,-17.85,10.43,0.0752250386341289,75.042,12.309918083397,166.76,150.17,35895.05,-13.645
FMM,2011-02-15,2011,46,-17.66,-25.92,0,0.040274347121704,101.907,16.8045057557676,226.46,73.75,36083.24,-21.79
FMM,2011-02-16,2011,47,-5.49,-24.95,0,0.16340805270241,165.0555,27.3607199777007,366.79,80.53,36272.82,-15.22
FMM,2011-02-17,2011,48,1.08,-7.72,10.1,0.159800057008182,80.9595,13.4910226449347,179.91,341.78,36463.71,-3.32
FMM,2011-02-18,2011,49,3.12,-3.1,16.86,0.139123948144756,61.506,10.3033178359812,136.68,486.07,36655.86,0.01
FMM,2011-02-19,2011,50,-3.39,-16.13,0,0.151669718627161,148.545,25.015116948993,330.1,173.66,36849.22,-9.76
FMM,2011-02-20,2011,51,-10.15,-19.19,0,0.075226949089316,120.7845,20.4475949361171,268.41,133.89,37043.74,-14.67
FMM,2011-02-21,2011,52,-16.02,-24.06,0,0.0448793367422925,113.4,19.29885144768,252,87.24,37239.36,-20.04
FMM,2011-02-22,2011,53,-7.42,-21.8,0,0.122449654344763,165.4515,28.3058822411807,367.67,106.7,37436.03,-14.61
FMM,2011-02-23,2011,54,-5.46,-23.9,0,0.159884869300276,180.792,31.093694539128,401.76,88.53,37633.7,-14.68
FMM,2011-02-24,2011,55,-3.23,-26.07,0,0.204908346424378,189.9135,32.8348481507424,422.03,72.76,37832.32,-14.65
FMM,2011-02-25,2011,56,-6.86,-19.49,0,0.118258558177012,158.67,27.577734583734,352.6,130.53,38031.86,-13.175
FMM,2011-02-26,2011,57,-15.12,-28.86,0,0.0671569843317924,168.507,29.4417760009275,374.46,56.14,38232.25,-21.99
FMM,2011-02-27,2011,58,-8.58,-28.61,4.88,0.13187769825328,143.334,25.1753210596386,318.52,57.48,38433.47,-18.595
FMM,2011-02-28,2011,59,-4.58,-12.45,17.89,0.100795388450897,86.8185,15.3290221983203,192.93,234.9,38635.45,-8.515
FMM,2011-03-01,2011,60,-8.47,-16.95,0,0.081032406995353,127.395,22.611400030827,283.1,162.11,38838.18,-12.71
FMM,2011-03-02,2011,61,-5.54,-23.91,3.52,0.158651463491394,147.1815,26.2601329881334,327.07,88.49,39041.59,-14.725
FMM,2011-03-03,2011,62,-14.56,-28.93,0,0.0718246517330223,183.456,32.903314346448,407.68,55.76,39245.65,-21.745
FMM,2011-03-04,2011,63,-7.24,-32.1,2.11,0.157506150643794,158.6565,28.6038643571177,352.57,41.2,39450.33,-19.67
FMM,2011-03-05,2011,64,-0.1,-10.32,27.81,0.164279662754334,112.9905,20.4768215844601,251.09,278.79,39655.59,-5.21
FMM,2011-03-06,2011,65,-1,-12.1,17.8,0.163712542404928,122.004,22.2250424712264,271.12,241.62,39861.38,-6.55
FMM,2011-03-07,2011,66,-10.65,-19.4,13.66,0.0709482770710973,104.517,19.1380296808323,232.26,131.47,40067.67,-15.025
FMM,2011-03-08,2011,67,-7.07,-24.91,0,0.140146025762633,214.0875,39.4036917890962,475.75,80.82,40274.43,-15.99
FMM,2011-03-09,2011,68,-6.24,-25.78,3.6,0.155024148574679,164.934,30.5129554947756,366.52,74.69,40481.62,-16.01
FMM,2011-03-10,2011,69,-2.84,-10.12,16.42,0.106873445334386,89.3475,16.6141399004708,198.55,283.17,40689.21,-6.48
FMM,2011-03-11,2011,70,1.33,-3.62,12.9,0.102773724249143,63.225,11.8167567297525,140.5,467.46,40897.17,-1.145
FMM,2011-03-12,2011,71,1.48,-1.74,5.11,0.0713014485075428,44.5005,8.3595057988761,98.89,537.57,41105.46,-0.13
FMM,2011-03-13,2011,72,-1.58,-10.2,0,0.131976228637369,147.0015,27.7546421393442,326.67,281.36,41314.04,-5.89
FMM,2011-03-14,2011,73,-2.58,-18.32,0,0.181209383091132,219.9465,41.7369715185645,488.77,144.23,41522.9,-10.45
FMM,2011-03-15,2011,74,0.04,-20.19,0,0.245357715379983,240.489,45.8649063620127,534.42,122.87,41731.99,-10.075
FMM,2011-03-16,2011,75,-0.26,-11.3,5.35,0.171256324844203,134.3565,25.7523381295745,298.57,257.84,41941.29,-5.78
FMM,2011-03-17,2011,76,3.61,-1.87,12.69,0.129197348036667,73.548,14.1674790820572,163.44,532.62,42150.77,0.87
FMM,2011-03-18,2011,77,2.8,-12.18,21.36,0.253706792366122,167.6565,32.456123559882,372.57,240.21,42360.4,-4.69
FMM,2011-03-19,2011,78,-2.59,-18.85,0,0.184203043223084,235.3995,45.7959227961501,523.11,137.85,42570.14,-10.72
FMM,2011-03-20,2011,79,-0.37,-21.02,0,0.240700968919306,254.5605,49.7677138280555,565.69,114.25,42779.97,-10.695
FMM,2011-03-21,2011,80,-0.89,-17.69,3.58,0.210665508383928,177.84,34.93908920268,395.2,152.22,42989.85,-9.29
FMM,2011-03-22,2011,81,-0.73,-12.71,0.77,0.175033587208352,197.649,39.0204484271361,439.22,230.14,43199.77,-6.72
FMM,2011-03-23,2011,82,-3.87,-17.41,1.46,0.152178384762427,215.3925,42.7300559556952,478.65,155.9,43409.69,-10.64
FMM,2011-03-24,2011,83,-3.73,-15.98,3.03,0.14464536520262,152.361,30.3718603627989,338.58,175.81,43619.57,-9.855
FMM,2011-03-25,2011,84,-4.96,-17.77,2.49,0.136443958574195,160.0605,32.060175451659,355.69,151.21,43829.4,-11.365
FMM,2011-03-26,2011,85,-8.77,-15.67,0,0.0681884568419348,136.2555,27.4226341609103,302.79,180.39,44039.15,-12.22
FMM,2011-03-27,2011,86,-8.07,-18.17,0,0.0941761379432099,190.5435,38.5311118646822,423.43,146.11,44248.77,-13.12
FMM,2011-03-28,2011,87,-4.62,-14.49,0,0.118028356475294,189,38.3999242725,420,198.99,44458.25,-9.555
FMM,2011-03-29,2011,88,-1.43,-9.53,0,0.127321087917119,165.105,33.7029998013675,366.9,296.68,44667.55,-5.48
FMM,2011-03-30,2011,89,1.13,-13.18,0,0.221181454956245,244.773,50.1995753984304,543.94,221.44,44876.64,-6.025
FMM,2011-03-31,2011,90,5.76,-16.55,0,0.376020445286402,283.8645,58.4876502204075,630.81,167.63,45085.5,-5.395
FMM,2011-04-01,2011,91,0.29,-7.42,6.98,0.137459994357678,118.512,24.5312718969456,263.36,349.85,45294.09,-3.565
FMM,2011-04-02,2011,92,2.84,-4.43,0,0.154748366725114,152.685,31.750216168671,339.3,439.91,45502.38,-0.795
FMM,2011-04-03,2011,93,0.65,-11.44,0,0.19320443182582,235.0665,49.1045005013387,522.37,254.87,45710.33,-5.395
FMM,2011-04-04,2011,94,0.88,-14.27,8.02,0.224698184251357,198.387,41.6304990653328,440.86,202.57,45917.92,-6.695
FMM,2011-04-05,2011,95,3.02,-6.33,12.33,0.189278095096782,147.447,31.0806115603569,327.66,380.63,46125.11,-1.655
FMM,2011-04-06,2011,96,-4.54,-13.04,0,0.106883632796327,186.8535,39.5637419038806,415.23,223.98,46331.88,-8.79
FMM,2011-04-07,2011,97,-1.1,-17.89,0,0.207580813941308,283.842,60.3673567285698,630.76,149.66,46538.17,-9.495
FMM,2011-04-08,2011,98,3.9,-18.71,0,0.334198744340334,305.334,65.2254176916648,678.52,139.55,46743.96,-7.405
FMM,2011-04-09,2011,99,6.56,-6.88,0,0.303397073932688,253.575,54.406528469055,563.5,364.85,46949.22,-0.16
FMM,2011-04-10,2011,100,9.08,-8.12,0,0.410947744853487,281.637,60.690893009751,625.86,331.45,47153.9,0.48
FMM,2011-04-11,2011,101,9.77,0.61,10.43,0.284722540955292,140.0715,30.3151036594874,311.27,638.17,47357.97,5.19
FMM,2011-04-12,2011,102,4.81,-6.99,0,0.24963877463033,231.21,50.254766680986,513.8,361.67,47561.38,-1.09
FMM,2011-04-13,2011,103,4.47,-9.77,5.89,0.274847775780554,195.5295,42.6805580006415,434.51,291.12,47764.1,-2.65
FMM,2011-04-14,2011,104,-0.09,-12.68,0,0.188532547127212,249.1875,54.6231537370687,553.75,230.73,47966.09,-6.385
FMM,2011-04-15,2011,105,-3.98,-18.45,0,0.156904947048182,271.314,59.7228875422038,602.92,142.69,48167.31,-11.215
FMM,2011-04-16,2011,106,-0.49,-17.39,10.32,0.217210912021826,215.3295,47.5965262837337,478.51,156.11,48367.71,-8.94
FMM,2011-04-17,2011,107,1.21,-3.61,22.97,0.0998055172500584,83.133,18.4515594585444,184.74,467.72,48567.24,-1.2
FMM,2011-04-18,2011,108,-0.71,-5.58,0.65,0.0888188596140598,115.902,25.8299227218618,257.56,403.16,48765.87,-3.145
FMM,2011-04-19,2011,109,0.4,-9.49,0,0.166024665286226,222.138,49.7063492177364,493.64,297.68,48963.54,-4.545
FMM,2011-04-20,2011,110,-4.94,-9.78,21.09,0.0669568674723159,92.7,20.82618220419,206,290.85,49160.21,-7.36
FMM,2011-04-21,2011,111,0.2,-9.2,6.75,0.158021961379477,165.699,37.3744273555269,368.22,304.6,49355.83,-4.5
FMM,2011-04-22,2011,112,4.45,-13.23,0,0.309482827935218,309.969,70.1909610469155,688.82,220.63,49550.35,-4.39
FMM,2011-04-23,2011,113,2.69,-12.46,10,0.253550235308656,219.4515,49.8876362120471,487.67,234.78,49743.71,-4.885
FMM,2011-04-24,2011,114,2.91,-5.92,0,0.180167122608351,211.0725,48.1682063670278,469.05,392.86,49935.87,-1.505
FMM,2011-04-25,2011,115,8.62,-7.85,0,0.389829477874635,301.6305,69.0973155320765,670.29,338.46,50126.77,0.385
FMM,2011-04-26,2011,116,9.28,-4.92,7.59,0.372635613688265,210.0645,48.3034229939601,466.81,423.7,50316.34,2.18
FMM,2011-04-27,2011,117,5.71,-0.51,3.32,0.163724425513566,114.1425,26.3447450682615,253.65,588.43,50504.54,2.6
FMM,2011-04-28,2011,118,11.77,2.08,11.13,0.334883432179107,163.773,37.9395363607191,363.94,709.37,50691.31,6.925
FMM,2011-04-29,2011,119,5.86,-0.39,2.31,0.165832497202041,116.982,27.1990187988066,259.96,593.68,50876.59,2.735
FMM,2011-04-30,2011,120,10.78,-3.82,0,0.415840035327119,293.7555,68.5465448818905,652.79,460.44,51060.3,3.48
FMM,2011-05-01,2011,121,12.65,-6.1,0,0.537180291638157,319.2435,74.759730278508,709.43,387.44,51242.4,3.275
FMM,2011-05-02,2011,122,11.79,-1.84,4.93,0.423714682516365,208.1565,48.9172536371781,462.57,533.74,51422.82,4.975
FMM,2011-05-03,2011,123,8.67,1.05,17.95,0.231309286091543,138.681,32.7035819548116,308.18,658.78,51601.48,4.86
FMM,2011-05-04,2011,124,4.38,-0.1,17.93,0.11416529537093,88.677,20.9833696502037,197.06,606.42,51778.33,2.14
FMM,2011-05-05,2011,125,0.64,-1.47,12.73,0.0460962698338382,48.996,11.632952762676,108.88,548.25,51953.3,-0.415
FMM,2011-05-06,2011,126,1.84,-1.59,10.68,0.0770909974227804,72.693,17.3167255874331,161.54,543.63,52126.31,0.125
FMM,2011-05-07,2011,127,6.04,-3.11,11.98,0.225764249618474,174.9375,41.8098202640438,388.75,485.68,52297.29,1.465
FMM,2011-05-08,2011,128,8.08,-5.21,0,0.331496699608109,298.458,71.5614067575108,663.24,414.72,52466.18,1.435
FMM,2011-05-09,2011,129,9.41,-3.22,0,0.348589447870387,291.0645,70.0104157581209,646.81,481.74,52632.89,3.095
FMM,2011-05-10,2011,130,8.98,-2.19,0,0.31246324498805,275.121,66.3822775361592,611.38,520.19,52797.36,3.395
FMM,2011-05-11,2011,131,11.25,-2.4,0,0.410632830577839,302.436,73.1970610142652,672.08,511.8,52959.51,4.425
FMM,2011-05-12,2011,132,13.01,-3.08,0,0.504770385266894,320.202,77.730627704445,711.56,486.84,53119.25,4.965
FMM,2011-05-13,2011,133,15.24,-1.76,4.04,0.595977357487879,241.9065,58.8978697381866,537.57,536.86,53276.52,6.74
FMM,2011-05-14,2011,134,9.19,3.53,1.51,0.187209682522184,159.921,39.0496250990331,355.38,786.51,53431.23,6.36
FMM,2011-05-15,2011,135,7.69,1.64,0,0.180750020409159,175.0275,42.8599782562275,388.95,687.51,53583.3,4.665
FMM,2011-05-16,2011,136,1.94,-1.04,4.47,0.0682810878905531,72.4905,17.8006407710661,161.09,566.13,53732.66,0.45
FMM,2011-05-17,2011,137,7.45,-1.2,2.99,0.23625037878361,181.008,44.5692525037488,402.24,559.61,53879.23,3.125
FMM,2011-05-18,2011,138,16.93,2.67,0,0.592656464264909,308.6595,76.2033076583926,685.91,739.9,54022.91,9.8
FMM,2011-05-19,2011,139,17.73,2.83,2.36,0.638507321323415,233.226,57.7299267990648,518.28,748.18,54163.64,10.28
FMM,2011-05-20,2011,140,21.5,3.36,0,0.891205651278232,325.602,80.8004260635048,723.56,776.84,54301.32,12.43
FMM,2011-05-21,2011,141,14.2,2.16,0,0.451240222277409,280.5435,69.7913596145646,623.43,713.71,54435.88,8.18
FMM,2011-05-22,2011,142,17.15,-0.36,5.99,0.678616291498618,245.1915,61.1439538536707,544.87,595.08,54567.23,8.395
FMM,2011-05-23,2011,143,13.91,7.9,19.9,0.260303924483059,124.524,31.125710345004,276.72,1064.86,54695.3,10.905
FMM,2011-05-24,2011,144,16.04,2.78,14.17,0.536560821927614,221.1435,55.4025060819,491.43,745.92,54820,9.41
FMM,2011-05-25,2011,145,13.32,-1.04,0,0.480519172093968,310.7925,78.034236770439,690.65,565.94,54941.24,6.14
FMM,2011-05-26,2011,146,12.19,0,16.69,0.403664680999035,215.7705,54.2920539320676,479.49,610.65,55058.96,6.095
FMM,2011-05-27,2011,147,8.61,4.53,8.56,0.136063005675474,89.1315,22.4736952200723,198.07,843.95,55173.06,6.57
FMM,2011-05-28,2011,148,12.71,4.79,25.47,0.303350095826039,159.957,40.4124168193452,355.46,859.55,55283.48,8.75
FMM,2011-05-29,2011,149,13.65,10.32,22,0.152323834989664,72.3375,18.310997421135,160.75,1253.78,55390.12,11.985
FMM,2011-05-30,2011,150,18.71,2.77,0,0.703835854014661,316.332,80.2226461647132,702.96,745.49,55492.93,10.74
FMM,2011-05-31,2011,151,21.02,1.11,0,0.911594686626757,332.7885,84.5464398341854,739.53,661.83,55591.81,11.065
FMM,2011-06-01,2011,152,24.01,9.21,19.09,0.907757231634505,221.8635,56.4616469761065,493.03,1163.53,55686.7,16.61
FMM,2011-06-02,2011,153,8.99,4.27,4.48,0.158334996575294,101.7,25.92366684057,226,828.59,55777.53,6.63
FMM,2011-06-03,2011,154,13.03,-1.21,0,0.469489473088791,304.236,77.6712942401544,676.08,559.16,55864.22,5.91
FMM,2011-06-04,2011,155,16.77,-3.17,0,0.711503922824438,331.7895,84.8307663845806,737.31,483.38,55946.71,6.8
FMM,2011-06-05,2011,156,18.18,2,0,0.688646771122047,305.3295,78.1747258140261,678.51,705.66,56024.94,10.09
FMM,2011-06-06,2011,157,21.43,3.18,0,0.890447521107691,312.7365,80.1767734897082,694.97,767.22,56098.83,12.305
FMM,2011-06-07,2011,158,21.09,4.59,0,0.823978845759179,299.259,76.8165873584742,665.02,847.34,56168.34,12.84
FMM,2011-06-08,2011,159,21.64,8.79,14.5,0.724044332620279,193.9725,49.848340639455,431.05,1131.67,56233.4,15.215
FMM,2011-06-09,2011,160,20.33,8.33,0,0.641854665536926,248.7105,63.9841081493106,552.69,1096.72,56293.96,14.33
FMM,2011-06-10,2011,161,16.65,2.02,0,0.592428605794668,284.787,73.3381798169682,632.86,706.46,56349.98,9.335
FMM,2011-06-11,2011,162,18.71,0.12,6.27,0.768759361063358,233.523,60.1915696121529,518.94,616.12,56401.39,9.415
FMM,2011-06-12,2011,163,9.24,6.8,28.78,0.0879797461047822,50.616,13.0573129041792,112.48,988.07,56448.16,8.02
FMM,2011-06-13,2011,164,8.81,4.26,9.32,0.151919046032923,86.742,22.393353103335,192.76,827.8,56490.25,6.535
FMM,2011-06-14,2011,165,20.54,1.72,0,0.860549440210022,309.726,80.0118964987884,688.28,691.5,56527.62,11.13
FMM,2011-06-15,2011,166,23.86,4.49,0,1.05587576235674,304.164,78.6204009958752,675.92,841.23,56560.24,14.175
FMM,2011-06-16,2011,167,25.19,4.39,3.26,1.18114094298952,229.41,59.327162931933,509.8,835.34,56588.09,14.79
FMM,2011-06-17,2011,168,22.03,9.95,7.97,0.709194093234976,173.6595,44.9279386869348,385.91,1223.46,56611.12,15.99
FMM,2011-06-18,2011,169,17.53,6.27,3.84,0.523632019061562,169.9065,43.9711368121647,377.57,952.05,56629.34,11.9
FMM,2011-06-19,2011,170,13.94,3.62,0,0.398665787109,218.331,56.5165479927357,485.18,791.65,56642.71,8.78
FMM,2011-06-20,2011,171,18.06,2.96,0,0.656179105299157,274.401,71.0413545259611,609.78,755.21,56651.23,10.51
FMM,2011-06-21,2011,172,21.42,1.98,0,0.921330310093652,301.635,78.097162910616,670.3,704.23,56654.88,11.7
FMM,2011-06-22,2011,173,22.72,2.63,0,1.00913875923321,300.015,77.676078889764,666.7,738.09,56653.68,12.675
FMM,2011-06-23,2011,174,21.04,8.45,0,0.690952886056863,234.117,60.6081100923909,520.26,1105.32,56647.61,14.745
FMM,2011-06-24,2011,175,12.21,8.22,8.85,0.164988917021599,67.491,17.4686734806903,149.98,1088.52,56636.69,10.215
FMM,2011-06-25,2011,176,12.79,7.78,3.91,0.208603285098262,83.8215,21.6894467065721,186.27,1056.41,56620.91,10.285
FMM,2011-06-26,2011,177,17.65,5.56,4.03,0.553909774343056,173.8755,44.9752309104208,386.39,906.58,56600.31,11.605
FMM,2011-06-27,2011,178,22.45,3.88,0,0.952632494494382,285.6285,73.8484624254281,634.73,806.23,56574.89,13.165
FMM,2011-06-28,2011,179,23.72,5.38,0,1.01647952704192,278.0325,71.8461397453117,617.85,895.14,56544.67,14.55
FMM,2011-06-29,2011,180,18.45,12.9,20.49,0.314469431377558,83.151,21.4736861556783,184.78,1487.52,56509.69,15.675
FMM,2011-06-30,2011,181,16.76,10.93,15.46,0.298744677290798,90.6255,23.3875241882793,201.39,1305.75,56469.98,13.845
FMM,2011-07-01,2011,182,18.44,9.33,0,0.471208648049249,181.9395,46.9157944534434,404.31,1173.56,56425.56,13.885
FMM,2011-07-02,2011,183,23.65,8.65,0,0.897537432178515,249.5925,64.3051512970852,554.65,1120.28,56376.49,16.15
FMM,2011-07-03,2011,184,23.42,10.68,16.56,0.794994746031253,167.4855,43.1099554455707,372.19,1284.41,56322.79,17.05
FMM,2011-07-04,2011,185,24,8.75,0,0.924553535196862,250.6095,64.4389226851217,556.91,1128.08,56264.51,16.375
FMM,2011-07-05,2011,186,22.7,5.73,0,0.917527333913575,265.7205,68.2481475664182,590.49,917.56,56201.72,14.215
FMM,2011-07-06,2011,187,21.2,9.04,8.89,0.680463047895632,164.5875,42.222354045795,365.75,1150.55,56134.44,15.12
FMM,2011-07-07,2011,188,17.15,5.11,0,0.536848077938372,224.3025,57.4678184671688,498.45,878.39,56062.75,11.13
FMM,2011-07-08,2011,189,19.64,3.46,1.88,0.749699782662803,262.0755,67.0544327490345,582.39,782.48,55986.7,11.55
FMM,2011-07-09,2011,190,18.96,7.08,3.46,0.590128188537977,162.4275,41.498937420273,360.95,1006.64,55906.36,13.02
FMM,2011-07-10,2011,191,22.06,6.61,5.48,0.836210264638346,187.182,47.7511556232798,415.96,975.02,55821.77,14.335
FMM,2011-07-11,2011,192,22.87,13.97,18.46,0.592863243714566,125.7165,32.0199801543531,279.37,1594.27,55733.02,18.42
FMM,2011-07-12,2011,193,23.68,12.27,5.83,0.746554886958234,149.985,38.1375224013465,333.3,1426.68,55640.17,17.975
FMM,2011-07-13,2011,194,19.81,4.98,0,0.717490144056863,240.6555,61.0862678955392,534.79,870.75,55543.29,12.395
FMM,2011-07-14,2011,195,21.66,3.38,0,0.902739858604523,263.9295,66.8723564118249,586.51,778.44,55442.46,12.52
FMM,2011-07-15,2011,196,23.6,4.73,0,1.02555678333786,263.9115,66.7414954829457,586.47,855.73,55337.74,14.165
FMM,2011-07-16,2011,197,25.22,5.65,0,1.14533402164494,264.5595,66.7741657666563,587.91,912.29,55229.22,15.435
FMM,2011-07-17,2011,198,24.9,12.98,15.56,0.822848531366346,147.924,37.2597638430528,328.72,1495.14,55116.96,18.94
FMM,2011-07-18,2011,199,22.74,8.97,0,0.807098990726079,220.311,55.3762370805462,489.58,1144.93,55001.06,15.855
FMM,2011-07-19,2011,200,19.61,4.37,0,0.721567837884333,236.0025,59.1915194689658,524.45,834.31,54881.59,11.99
FMM,2011-07-20,2011,201,23.18,6.63,15.6,0.928761886689015,179.946,45.0309274797564,399.88,976.28,54758.62,14.905
FMM,2011-07-21,2011,202,21.73,15.5,27.37,0.416385855846782,83.907,20.9490050428776,186.46,1760.08,54632.24,18.615
FMM,2011-07-22,2011,203,25.83,15.97,0,0.752279752955285,150.6015,37.5113107495917,334.67,1814.11,54502.54,20.9
FMM,2011-07-23,2011,204,24.66,12.73,5.52,0.813156285526652,132.57,32.939532758142,294.6,1470.36,54369.58,18.695
FMM,2011-07-24,2011,205,20.4,7.23,0,0.686720862846044,192.5505,47.7230468675661,427.89,1017.48,54233.46,13.815
FMM,2011-07-25,2011,206,21.08,4.16,11.25,0.83554966347365,162.999,40.2951080058318,362.22,822.45,54094.26,12.62
FMM,2011-07-26,2011,207,14.7,10.17,25.99,0.212933304514686,57.8925,14.2740277253235,128.65,1241.79,53952.06,12.435
FMM,2011-07-27,2011,208,16.99,6.84,7.46,0.470575298605743,121.581,29.8964901846798,270.18,990.57,53806.94,11.915
FMM,2011-07-28,2011,209,23.45,5.28,0,0.995784867487625,224.55,55.06449649263,499,889.11,53658.98,14.365
FMM,2011-07-29,2011,210,20.85,9.14,6.69,0.649446387986568,130.6935,31.9588466995697,290.43,1158.73,53508.27,14.995
FMM,2011-07-30,2011,211,20.87,6.24,0,0.755387329242702,200.286,48.8360870621874,445.08,950.55,53354.87,13.555
FMM,2011-07-31,2011,212,22.04,3.63,0,0.926290924851564,221.8455,53.9348399863322,492.99,792.13,53198.89,12.835
FMM,2011-08-01,2011,213,21.82,9.56,5.57,0.708482669840774,130.527,31.6390316787882,290.06,1191.58,53040.38,15.69
FMM,2011-08-02,2011,214,17.87,9.69,6.23,0.419491149729474,95.9985,23.1989054282388,213.33,1202.4,52879.44,13.78
FMM,2011-08-03,2011,215,19.28,11.28,0,0.44628807305301,126.018,30.3593384054538,280.04,1336.96,52716.13,15.28
FMM,2011-08-04,2011,216,19.23,9.17,0,0.531484158623736,155.7675,37.4084947142865,346.15,1160.56,52550.54,14.2
FMM,2011-08-05,2011,217,23.55,8.18,0,0.906105551916781,202.3515,48.4407478799127,449.67,1085.41,52382.74,15.865
FMM,2011-08-06,2011,218,24.5,12.37,0,0.815179329643263,171.6345,40.9541442884086,381.41,1436.45,52212.81,18.435
FMM,2011-08-07,2011,219,20.44,14.28,21.01,0.383782178087966,74.2995,17.6703901630592,165.11,1627.47,52040.81,17.36
FMM,2011-08-08,2011,220,21.15,7.86,12.4,0.720829744775942,141.057,33.4349335913418,313.46,1062.19,51866.82,14.505
FMM,2011-08-09,2011,221,20.97,7.22,0,0.730163122320535,192.843,45.5548118180841,428.54,1016.42,51690.91,14.095
FMM,2011-08-10,2011,222,15.11,11.75,30.87,0.166407321543184,44.343,10.4390136062316,98.54,1379.22,51513.16,13.43
FMM,2011-08-11,2011,223,16.61,11.4,9.9,0.268807122433442,66.3885,15.5743834494065,147.53,1347.3,51333.61,14.005
FMM,2011-08-12,2011,224,17.78,7.65,2.54,0.492035804313838,120.6945,28.2143049090714,268.21,1046.73,51152.36,12.715
FMM,2011-08-13,2011,225,21.2,6.94,11.4,0.757425165075387,148.995,34.7054629365675,331.1,997.13,50969.45,14.07
FMM,2011-08-14,2011,226,20.03,11.22,5.09,0.502840383509222,108.378,25.153148891727,240.84,1330.93,50784.95,15.625
FMM,2011-08-15,2011,227,18.62,11.37,9.28,0.397185539248096,94.509,21.8539880384409,210.02,1345.03,50598.93,14.995
FMM,2011-08-16,2011,228,20.5,6.99,5.55,0.702800148122382,147.4155,33.9616242842724,327.59,1000.52,50411.44,13.745
FMM,2011-08-17,2011,229,19.6,2.43,0,0.774488916348359,219.2445,50.3203516360808,487.21,727.35,50222.55,11.015
FMM,2011-08-18,2011,230,20.66,8.82,8.29,0.648145710450006,135.2115,30.9157926338921,300.47,1133.38,50032.31,14.74
FMM,2011-08-19,2011,231,22.39,8.45,0,0.797435311348984,196.812,44.8283436159636,437.36,1105.82,49840.79,15.42
FMM,2011-08-20,2011,232,23.1,8.42,0,0.858268376763467,198.4995,45.0378487286015,441.11,1103.3,49648.03,15.76
FMM,2011-08-21,2011,233,15.73,12.87,33.34,0.148473511090311,39.9465,9.0281145487104,88.77,1484.49,49454.08,14.3
FMM,2011-08-22,2011,234,13.84,7.14,10.73,0.283712884571935,89.4015,20.1255002780936,198.67,1010.97,49259.01,10.49
FMM,2011-08-23,2011,235,15.04,6.11,0,0.38170559783066,152.478,34.1882078938002,338.84,942.11,49062.87,10.575
FMM,2011-08-24,2011,236,20.87,10.19,0,0.608492943640925,169.101,37.7629932942333,375.78,1243.42,48865.69,15.53
FMM,2011-08-25,2011,237,17.25,13.22,9.81,0.222314315758047,54.7965,12.1873256101377,121.77,1518.3,48667.54,15.235
FMM,2011-08-26,2011,238,19.44,8.13,0,0.585490182453473,175.554,38.8853623626588,390.12,1081.81,48468.46,13.785
FMM,2011-08-27,2011,239,19.24,7.63,0,0.589938933660101,179.676,39.6341896862268,399.28,1045.35,48268.49,13.435
FMM,2011-08-28,2011,240,13.91,8.43,65.98,0.240333628740533,76.311,16.7631837691536,169.58,1104.32,48067.68,11.17
FMM,2011-08-29,2011,241,15.6,3.94,3.07,0.479730639208019,137.583,30.0960041028048,305.74,809.32,47866.08,9.77
FMM,2011-08-30,2011,242,15.13,2.76,10.67,0.485945705415719,142.785,31.101885669114,317.3,744.51,47663.72,8.945
FMM,2011-08-31,2011,243,16.79,3.42,0.8,0.563634643208068,195.75,42.457229625375,435,780.57,47460.65,10.105
FMM,2011-09-01,2011,244,18.64,3.3,0,0.684936936767105,202.8195,43.8017171910435,450.71,773.92,47256.9,10.97
FMM,2011-09-02,2011,245,19.65,7.11,0,0.637093862217188,182.106,39.1582644887826,404.68,1008.7,47052.53,13.38
FMM,2011-09-03,2011,246,20.98,8.69,9.2,0.677097315075903,132.12,28.286013296304,293.6,1123.64,46847.56,14.835
FMM,2011-09-04,2011,247,17.58,9.52,21.77,0.408008566373053,101.1645,21.563625632783,224.81,1188.58,46642.03,13.55
FMM,2011-09-05,2011,248,16.9,10.07,21.76,0.343802725364506,88.83,18.850834092069,197.4,1232.86,46435.99,13.485
FMM,2011-09-06,2011,249,13.7,5.4,8.6,0.334040819880477,105.471,22.2827139067662,234.38,896.41,46229.46,9.55
FMM,2011-09-07,2011,250,14.43,4.75,0,0.391947038664557,157.8465,33.1987073691924,350.77,856.59,46022.48,9.59
FMM,2011-09-08,2011,251,19.97,7.35,0,0.651003484801252,178.7535,37.4264989757046,397.23,1026.01,45815.08,13.66
FMM,2011-09-09,2011,252,18.57,5.45,0,0.617145990501647,180.3825,37.5962959240628,400.85,899.83,45607.31,12.01
FMM,2011-09-10,2011,253,13.11,-1.12,0,0.471731803138398,188.541,39.1174030594566,418.98,562.69,45399.18,5.995
FMM,2011-09-11,2011,254,16.69,-1.89,0,0.68240796910823,201.4605,41.6059612762689,447.69,531.71,45190.74,7.4
FMM,2011-09-12,2011,255,17.59,3.63,0,0.607313224080575,179.4465,36.8884278573201,398.77,792.23,44982.02,10.61
FMM,2011-09-13,2011,256,17.61,6.36,18.96,0.525569128249947,117.09,23.958111908952,260.2,958.13,44773.04,11.985
FMM,2011-09-14,2011,257,10.59,2.15,6.9,0.281335381354796,97.2135,19.7981853494688,216.03,712.82,44563.84,6.37
FMM,2011-09-15,2011,258,8.04,1.76,10.64,0.190233638034549,76.7745,15.5621785973693,170.61,693.63,44354.45,4.9
FMM,2011-09-16,2011,259,5.97,2.25,2.29,0.106776352516611,48.87,9.859138738551,108.6,718.4,44144.89,4.11
FMM,2011-09-17,2011,260,12.65,-1.68,0,0.46083638398018,181.3275,36.40763609946,402.95,539.94,43935.2,5.485
FMM,2011-09-18,2011,261,15.03,-2.9,0,0.606141026884285,191.6505,38.2965936280947,425.89,493.4,43725.42,6.065
FMM,2011-09-19,2011,262,14.79,-2.06,0,0.577248083501583,186.777,37.1436067423395,415.06,525.06,43515.55,6.365
FMM,2011-09-20,2011,263,11.34,1.71,3.46,0.324866462469665,103.383,20.4602008237515,229.74,690.82,43305.65,6.525
FMM,2011-09-21,2011,264,17.18,3.85,0,0.575651801153615,162.747,32.0526125203167,361.66,804.41,43095.73,10.515
FMM,2011-09-22,2011,265,16.87,5.64,3.64,0.502944909827119,108.378,21.2408088578172,240.84,911.59,42885.82,11.255
FMM,2011-09-23,2011,266,19.7,8.42,0,0.59323081761837,141.7905,27.6532788781566,315.09,1103.15,42675.96,14.06
FMM,2011-09-24,2011,267,22.52,8.14,0,0.820162118616691,157.5495,30.5756939963966,350.11,1082.32,42466.17,15.33
FMM,2011-09-25,2011,268,22.65,6.51,0,0.888066583585881,164.2455,31.7177956542888,364.99,968.2,42256.48,14.58
FMM,2011-09-26,2011,269,18.59,4.79,0,0.639148131676594,153.621,29.5189618512321,341.38,858.99,42046.93,11.69
FMM,2011-09-27,2011,270,18.12,0.91,0,0.711447482640246,167.4,32.00647117572,372,652.44,41837.54,9.515
FMM,2011-09-28,2011,271,18.09,0.51,0,0.718770310306305,166.4505,31.665787485979,369.89,633.89,41628.33,9.3
FMM,2011-09-29,2011,272,13.75,10.41,17.86,0.153819418973068,33.498,6.340716815391,74.44,1261.14,41419.35,12.08
FMM,2011-09-30,2011,273,12.62,5.12,7.75,0.289263246819062,71.7705,13.5167233682966,159.49,879.31,41210.63,8.87
FMM,2011-10-01,2011,274,3.93,0.52,5.55,0.0871977746847915,36.7425,6.88480995496275,81.65,634.35,41002.19,2.225
FMM,2011-10-02,2011,275,8.61,2.34,3.01,0.196918048123776,63.5535,11.8482061853997,141.23,722.75,40794.06,5.475
FMM,2011-10-03,2011,276,11.93,6.33,2.51,0.218561248461049,56.592,10.4966445229632,125.76,956.08,40586.28,9.13
FMM,2011-10-04,2011,277,8.9,1.92,0,0.218808536664876,93.5865,17.2696555027584,207.97,701.25,40378.88,5.41
FMM,2011-10-05,2011,278,5.59,-1.36,0.95,0.177796720609592,93.303,17.129085650649,207.34,552.84,40171.9,2.115
FMM,2011-10-06,2011,279,3.27,-5.24,0,0.179448531692293,110.241,20.1346081585569,244.98,413.71,39965.37,-0.985
FMM,2011-10-07,2011,280,13.68,-7.14,0,0.603018507243394,164.8305,29.9497170803382,366.29,357.53,39759.32,3.27
FMM,2011-10-08,2011,281,19.64,8.74,0,0.577066819401088,118.476,21.4158189458628,263.28,1127.12,39553.79,14.19
FMM,2011-10-09,2011,282,23.37,12.48,0,0.709715580159654,113.9445,20.4899680056393,253.21,1446.37,39348.82,17.925
FMM,2011-10-10,2011,283,16.6,1.51,0,0.60231479521878,142.7715,25.5404065986522,317.27,680.93,39144.44,9.055
FMM,2011-10-11,2011,284,15.6,-3.11,0,0.64191333351039,153.0945,27.2445369759869,340.21,485.57,38940.69,6.245
FMM,2011-10-12,2011,285,15.3,-2.2,0,0.607809938219333,148.14,26.225354222478,329.2,519.79,38737.61,6.55
FMM,2011-10-13,2011,286,11.37,3.62,0,0.275543605192151,89.7435,15.8043771122738,199.43,791.62,38535.25,7.495
FMM,2011-10-14,2011,287,13.51,8.97,43.65,0.199846857621965,40.1085,7.0263969357258,89.13,1144.96,38333.64,11.24
FMM,2011-10-15,2011,288,11.76,3.52,30.02,0.295747586928184,69.0255,12.028869093244,153.39,786.17,38132.83,7.64
FMM,2011-10-16,2011,289,4.93,1.77,11.07,0.0868356385095473,29.493,5.1127037008785,65.54,693.81,37932.85,3.35
FMM,2011-10-17,2011,290,4.34,0.65,9.89,0.0962503302185268,34.4115,5.9340320398368,76.47,640.08,37733.76,2.495
FMM,2011-10-18,2011,291,4.45,0.78,5.72,0.0965303675941754,34.983,6.000903079236,77.74,646.03,37535.6,2.615
FMM,2011-10-19,2011,292,10,-1.11,0,0.331500763038086,117.3105,20.0174624477037,260.69,563.25,37338.42,4.445
FMM,2011-10-20,2011,293,6.61,3.7,13.13,0.0890687300961839,28.314,4.8060232838046,62.92,795.93,37142.27,5.155
FMM,2011-10-21,2011,294,5.54,3.86,3.31,0.0497094598043111,18.783,3.1714843488489,41.74,805.11,36947.19,4.7
FMM,2011-10-22,2011,295,6.59,1.78,1.99,0.139463770884395,61.6005,10.3465620800334,136.89,694.22,36753.24,4.185
FMM,2011-10-23,2011,296,4.43,-2.41,0,0.163274978204814,85.023,14.2057574425017,188.94,511.55,36560.47,1.01
FMM,2011-10-24,2011,297,8.23,-2.29,4.46,0.286381659201845,84.204,13.9952147225832,187.12,516.04,36368.94,2.97
FMM,2011-10-25,2011,298,4.78,0.11,5,0.121615164868633,45.846,7.5800223733518,101.88,615.45,36178.69,2.445
FMM,2011-10-26,2011,299,-0.1,-4.43,0,0.0838121438226013,59.0805,9.71716718159415,131.29,439.67,35989.79,-2.265
FMM,2011-10-27,2011,300,-1.76,-4.97,0,0.0579602154851186,46.08,7.53944882688,102.4,422.09,35802.3,-3.365
FMM,2011-10-28,2011,301,-1.55,-4.77,0,0.0588369512419328,47.511,7.7331922401429,105.58,428.61,35616.27,-3.16
FMM,2011-10-29,2011,302,0.99,-9.97,0,0.185277816620993,117.2565,18.9865410406308,260.57,286.56,35431.76,-4.49
FMM,2011-10-30,2011,303,-0.51,-7.39,0,0.11940769772221,88.461,14.2499346930468,196.58,350.71,35248.84,-3.95
FMM,2011-10-31,2011,304,3.54,-10.81,0,0.259894183037767,122.4405,19.6221669769535,272.09,268.01,35067.57,-3.635
FMM,2011-11-01,2011,305,6.1,-4.37,0,0.249573565037039,106.641,17.0026545675474,236.98,441.95,34888.02,0.865
FMM,2011-11-02,2011,306,7.88,-1.41,0,0.255929313221206,97.425,15.4541227055625,216.5,551,34710.25,3.235
FMM,2011-11-03,2011,307,5.49,-1.7,4.02,0.181568481210621,60.561,9.5578513652241,134.58,539.11,34534.33,1.895
FMM,2011-11-04,2011,308,-0.42,-3.48,0,0.0603102558704845,38.4345,6.0352412560128,85.41,472.45,34360.32,-1.95
FMM,2011-11-05,2011,309,2.94,-6.65,0,0.191782952160035,97.479,15.2301751761393,216.62,371.37,34188.31,-1.855
FMM,2011-11-06,2011,310,7.99,-7.75,0,0.36524518984354,114.039,17.7289534966851,253.42,341,34018.37,0.12
FMM,2011-11-07,2011,311,7.4,-5.13,0,0.306121641862526,106.227,16.4329996530645,236.06,416.98,33850.55,1.135
FMM,2011-11-08,2011,312,7.91,-0.19,0,0.231466892273515,83.871,12.9111203174265,186.38,602.22,33684.95,3.86
FMM,2011-11-09,2011,313,4.6,-0.84,0,0.136768464217569,62.649,9.5974414522659,139.22,574.38,33521.63,1.88
FMM,2011-11-10,2011,314,7.91,-0.31,8.47,0.234021033534619,63.675,9.7077798264825,141.5,597.05,33360.67,3.8
FMM,2011-11-11,2011,315,1.91,-6,3.36,0.155634710235838,63.846,9.687597822873,141.88,390.37,33202.15,-2.045
FMM,2011-11-12,2011,316,0.13,-6.65,6.54,0.12316537219511,64.0035,9.6658636002093,142.23,371.25,33046.14,-3.26
FMM,2011-11-13,2011,317,4.64,-1.99,0,0.161362474403761,81.9225,12.3145718575523,182.05,527.72,32892.73,1.325
FMM,2011-11-14,2011,318,8.18,0.48,4.61,0.226386168541583,65.466,9.79573911804,145.48,632.14,32742,4.33
FMM,2011-11-15,2011,319,6.94,-2.4,5.08,0.242457957172017,71.8515,10.7026165720971,159.67,512.05,32594.02,2.27
FMM,2011-11-16,2011,320,5.77,-3.72,3.56,0.228010753906212,64.197,9.5198618245752,142.66,463.96,32448.88,1.025
FMM,2011-11-17,2011,321,-1.22,-8.17,0,0.114845841327207,71.136,10.5026212055232,158.08,330.1,32306.66,-4.695
FMM,2011-11-18,2011,322,-4.25,-9.4,0,0.07373784892194,56.3355,8.2816114896684,125.19,299.8,32167.44,-6.825
FMM,2011-11-19,2011,323,0.46,-4.91,5.71,0.104095805167463,42.12,6.16565368692,93.6,424.11,32031.3,-2.225
FMM,2011-11-20,2011,324,1.47,-11.08,8.99,0.20892079209192,76.2435,11.1144242777324,169.43,262.32,31898.33,-4.805
FMM,2011-11-21,2011,325,-6.07,-19.05,0,0.127220273749881,103.284,14.995029536568,229.52,135.5,31768.6,-12.56
FMM,2011-11-22,2011,326,-4.97,-20.37,0,0.151459579475802,105.7275,15.288709701285,234.95,120.89,31642.2,-12.67
FMM,2011-11-23,2011,327,-6.71,-15.72,1.12,0.0958588311162,85.0725,12.2540802267533,189.05,179.63,31519.21,-11.215
FMM,2011-11-24,2011,328,-2.34,-14.74,0,0.160434390807496,96.318,13.8213127137546,214.04,194.83,31399.71,-8.54
FMM,2011-11-25,2011,329,2.54,-2.9,0,0.120159333683614,53.7885,7.6899737344221,119.53,493.3,31283.78,-0.18
FMM,2011-11-26,2011,330,2.6,-3.11,0,0.125409463977051,55.2195,7.86622764775365,122.71,485.79,31171.51,-0.255
FMM,2011-11-27,2011,331,3.86,-4.1,12.29,0.177259202089387,52.371,7.4344681311912,116.38,450.87,31062.96,-0.12
FMM,2011-11-28,2011,332,6.01,-5,13.15,0.257018221414116,62.91,8.900448004314,139.8,421.33,30958.22,0.505
FMM,2011-11-29,2011,333,3.7,-5.7,19.27,0.198498839699982,57.1815,8.06362588474425,127.07,399.43,30857.35,-1.0
FMM,2011-11-30,2011,334,8.78,-2.58,21.89,0.312378449088535,62.0505,8.72276495345325,137.89,505.2,30760.45,3.1
FMM,2011-12-01,2011,335,-3.27,-9.3,0,0.0894329952321771,56.007,7.8494255699643,124.46,302.27,30667.57,-6.285
FMM,2011-12-02,2011,336,-4.03,-10.15,6.05,0.0861959616494942,42.498,5.938887939768,94.44,282.44,30578.8,-7.09
FMM,2011-12-03,2011,337,-4.6,-14.05,0,0.114830010296251,77.5125,10.8020217238538,172.25,206.18,30494.19,-9.325
FMM,2011-12-04,2011,338,2.53,-5.97,3.21,0.170912954084571,51.8085,7.20092101050945,115.13,391.36,30413.81,-1.72
FMM,2011-12-05,2011,339,3.09,-0.55,11.03,0.0878723085688059,25.0425,3.47197799810925,55.65,586.75,30337.73,1.27
FMM,2011-12-06,2011,340,-0.64,-5.82,4.88,0.0941424254769296,35.964,4.9743846012348,79.92,395.67,30266.01,-3.23
FMM,2011-12-07,2011,341,-1.88,-5.98,2.82,0.0711250387668446,29.601,4.0851779072247,65.78,390.96,30198.71,-3.93
FMM,2011-12-08,2011,342,-3.03,-12.6,3.27,0.129012108562055,57.4695,7.9147553773662,127.71,232.05,30135.88,-7.815
FMM,2011-12-09,2011,343,-3.77,-9.5,7.42,0.0831616971175523,39.7665,5.4660859887699,88.37,297.38,30077.58,-6.635
FMM,2011-12-10,2011,344,-5.56,-15.1,1.91,0.108087474401201,76.8375,10.5427961148938,170.75,189.14,30023.85,-10.33
FMM,2011-12-11,2011,345,-5.86,-17.89,0,0.123253033790774,84.7395,11.6080032746511,188.31,149.67,29974.74,-11.875
FMM,2011-12-12,2011,346,-2.2,-6.52,0,0.0727802765070047,40.239,5.503949611569,89.42,375.18,29930.3,-4.36
FMM,2011-12-13,2011,347,-1.12,-5.95,0,0.0860429744008309,44.7345,6.11072435701575,99.41,391.77,29890.55,-3.535
FMM,2011-12-14,2011,348,-3.14,-6.47,2.61,0.0546353126277253,24.039,3.2798767800942,53.42,376.54,29855.54,-4.805
FMM,2011-12-15,2011,349,3.45,-4.6,28.82,0.174074077595253,50.094,6.827893402374,111.32,434.28,29825.3,-0.575
FMM,2011-12-16,2011,350,2.26,-14.03,2.19,0.256427376296199,66.213,9.0172352030544,147.14,206.66,29799.84,-5.885
FMM,2011-12-17,2011,351,-14.44,-24.88,0,0.0602446278621557,79.4565,10.8133137230981,176.57,81.02,29779.21,-19.66
FMM,2011-12-18,2011,352,-11.93,-26.39,0,0.0880756508071353,87.9885,11.968084728513,195.53,70.6,29763.4,-19.16
FMM,2011-12-19,2011,353,-4.25,-18.91,8.25,0.155109771205749,64.7685,8.80648851926025,143.93,137.16,29752.45,-11.58
FMM,2011-12-20,2011,354,-10.78,-20.78,0,0.0768556000654911,75.6765,10.2875254268917,168.17,116.74,29746.35,-15.78
FMM,2011-12-21,2011,355,-3.34,-18.99,2.01,0.171231689515669,65.727,8.9346097815129,146.06,136.3,29745.11,-11.165
FMM,2011-12-22,2011,356,-2.75,-6.12,1.39,0.0567610451329392,30.969,4.2102894918042,68.82,386.66,29748.74,-4.435
FMM,2011-12-23,2011,357,-6.03,-24.66,3.89,0.154170897934784,68.157,9.2687041949778,151.46,82.66,29757.22,-15.345
FMM,2011-12-24,2011,358,-15,-30.42,0,0.0719217813010187,89.955,12.238509012336,199.9,48.44,29770.56,-22.71
FMM,2011-12-25,2011,359,-10.08,-25.93,3.15,0.106034487370589,66.6045,9.0671730893181,148.01,73.67,29788.74,-18.005
FMM,2011-12-26,2011,360,-6.35,-13.06,0,0.0789734188038004,55.674,7.585008918615,123.72,223.68,29811.75,-9.705
FMM,2011-12-27,2011,361,-2.22,-7.54,16.05,0.0865792739793343,34.137,4.6551530829204,75.86,346.82,29839.56,-4.88
FMM,2011-12-28,2011,362,0.06,-18.45,12.49,0.235897360337437,69.732,9.519514570566,154.96,142.71,29872.15,-9.195
FMM,2011-12-29,2011,363,-17.24,-22.33,0,0.0290330062051492,45.5355,6.22408216926015,101.19,101.85,29909.49,-19.785
FMM,2011-12-30,2011,364,-7.15,-27.92,0,0.148743652955923,96.6195,13.2251402984783,214.71,61.31,29951.55,-17.535
FMM,2011-12-31,2011,365,-2.96,-12.03,3.32,0.124777193573643,52.3755,7.18027175118015,116.39,243.03,29998.29,-7.495
FMM,2012-01-01,2012,1,-1.53,-7.02,6.77,0.0931600068052708,29.241,4.0156106416767,64.98,360.88,30049.91,-4.275
FMM,2012-01-02,2012,2,-1.15,-16.77,5.31,0.199116116961992,66.339,9.1271855531493,147.42,164.53,30105.91,-8.96
FMM,2012-01-03,2012,3,-18.01,-23.62,0,0.0295769613056369,41.9265,5.7800175693183,93.17,90.77,30166.46,-20.815
FMM,2012-01-04,2012,4,-14.37,-29.96,3.07,0.0759421980089816,68.175,9.4189216977225,151.5,50.6,30231.51,-22.165
FMM,2012-01-05,2012,5,-10.94,-25.32,0,0.0945655396244652,89.1135,12.340046779682,198.03,77.87,30301.01,-18.13
FMM,2012-01-06,2012,6,-11.29,-27.44,3.42,0.0977578043956142,70.371,9.768430241703,156.38,64.1,30374.9,-19.365
FMM,2012-01-07,2012,7,-4.76,-12.06,3.74,0.094118704671205,40.5405,5.64205027821435,90.09,242.4,30453.11,-8.41
FMM,2012-01-08,2012,8,-7.46,-23.62,0,0.129848031672381,96.633,13.484912121036,214.74,90.78,30535.6,-15.54
FMM,2012-01-09,2012,9,-7.17,-23.34,1.84,0.132674353377993,97.8795,13.6976310905382,217.51,93.06,30622.28,-15.255
FMM,2012-01-10,2012,10,-4.2,-24.32,3.5,0.181818583709094,78.5385,11.0235748758795,174.53,85.28,30713.1,-14.26
FMM,2012-01-11,2012,11,-13.56,-31.9,0,0.0871078597803483,104.85,14.76209033271,233,42.01,30807.98,-22.73
FMM,2012-01-12,2012,12,-10.02,-16.21,4.67,0.0574081858508624,37.098,5.239881208341,82.44,172.44,30906.85,-13.115
FMM,2012-01-13,2012,13,-3.83,-13.15,10.67,0.119884663051432,53.703,7.6104723391515,119.34,221.94,31009.65,-8.49
FMM,2012-01-14,2012,14,-14.58,-28.19,0,0.0696856071305274,95.9535,13.6447263815936,213.23,59.75,31116.29,-21.385
FMM,2012-01-15,2012,15,-18.31,-31.66,0,0.0514663331047722,96.201,13.7284573374333,213.78,43,31226.69,-24.985
FMM,2012-01-16,2012,16,-11.47,-26.83,0,0.0940703654325428,103.905,14.8820440672215,230.9,67.81,31340.79,-19.15
FMM,2012-01-17,2012,17,-4.7,-12.04,11.75,0.0946986320051768,46.0485,6.6201784892325,102.33,242.99,31458.5,-8.37
FMM,2012-01-18,2012,18,-5.32,-23.6,6.14,0.160869900787389,85.0185,12.2698199121183,188.93,90.93,31579.74,-14.46
FMM,2012-01-19,2012,19,-13.69,-30.77,3.9,0.0835930761976479,84.564,12.2524141226364,187.92,46.82,31704.43,-22.23
FMM,2012-01-20,2012,20,-11.61,-27.7,2.97,0.095273155101558,83.4975,12.146751519516,185.55,62.55,31832.48,-19.655
FMM,2012-01-21,2012,21,-15.23,-32.09,0,0.0737341951091436,116.4465,17.0098879145342,258.77,41.21,31963.83,-23.66
FMM,2012-01-22,2012,22,-11.51,-25.6,0,0.0896492894089235,108.531,15.9203686085946,241.18,75.89,32098.38,-18.555
FMM,2012-01-23,2012,23,0.55,-17.27,5.44,0.239433978579532,89.55,13.19239802061,199,157.77,32236.06,-8.36
FMM,2012-01-24,2012,24,0.88,-3.82,8.54,0.0955502628067522,33.1245,4.9011634464327,73.61,460.51,32376.78,-1.47
FMM,2012-01-25,2012,25,-4.42,-15.67,0,0.130680248912704,97.8525,14.5426919865255,217.45,180.37,32520.46,-10.045
FMM,2012-01-26,2012,26,-5.9,-21.56,0,0.143002402254757,119.9925,17.9134686222323,266.65,108.96,32667.01,-13.73
FMM,2012-01-27,2012,27,-8.1,-13.56,15.62,0.0594889635064138,40.824,6.1224083841816,90.72,214.69,32816.37,-10.83
FMM,2012-01-28,2012,28,-3.74,-8.85,4.39,0.0758608053823869,38.7315,5.8355113017402,86.07,312.99,32968.44,-6.295
FMM,2012-01-29,2012,29,-4,-10.42,7.78,0.0896339440109339,48.726,7.3757886067548,108.28,276.52,33123.14,-7.21
FMM,2012-01-30,2012,30,-10.8,-24.21,0,0.0919228375944201,119.5785,18.186864823098,265.73,86.13,33280.4,-17.505
FMM,2012-01-31,2012,31,-10.06,-29.78,5.94,0.117316206831073,104.535,15.975189209493,232.3,51.46,33440.14,-19.92
FMM,2012-02-01,2012,32,-10.6,-13.39,10.55,0.0282839835750682,24.687,3.7909954526652,54.86,217.77,33602.28,-11.995
FMM,2012-02-02,2012,33,-9.19,-22.53,0,0.103196753389671,123.786,19.1019130268148,275.08,100.07,33766.74,-15.86
FMM,2012-02-03,2012,34,-6.82,-26.24,0,0.148217811899123,147.123,22.8152267070795,326.94,71.61,33933.45,-16.53
FMM,2012-02-04,2012,35,-11.1,-24.28,0,0.0890285565732954,125.901,19.6213747434381,279.78,85.58,34102.33,-17.69
FMM,2012-02-05,2012,36,-8.12,-28.06,3.58,0.136240325428652,113.031,17.7039355169277,251.18,60.48,34273.31,-18.09
FMM,2012-02-06,2012,37,-3.47,-10.64,3.43,0.101135099065439,58.887,9.2699728374888,130.86,271.82,34446.32,-7.055
FMM,2012-02-07,2012,38,-9.93,-25.17,0,0.105122241288963,141.8085,22.4368344569016,315.13,78.93,34621.28,-17.55
FMM,2012-02-08,2012,39,-8.83,-26.61,0,0.12296928952871,152.991,24.3297692302131,339.98,69.19,34798.13,-17.72
FMM,2012-02-09,2012,40,-4.86,-20.07,0,0.15154116713696,145.2645,23.2196486130644,322.81,124.17,34976.79,-12.465
FMM,2012-02-10,2012,41,-5.72,-15.76,1.22,0.1107461411013,114.5835,18.409948069734,254.63,178.99,35157.2,-10.74
FMM,2012-02-11,2012,42,-11.87,-25.89,0,0.0870312303171022,144.0315,23.2611738129315,320.07,73.9,35339.3,-18.88
FMM,2012-02-12,2012,43,-21.67,-26.88,0,0.0210479959298801,66.3885,10.7775194266895,147.53,67.49,35523.01,-24.275
FMM,2012-02-13,2012,44,-19.79,-29.89,0,0.0388964902956878,120.9645,19.7398144587942,268.81,50.94,35708.28,-24.84
FMM,2012-02-14,2012,45,-5.26,-28.64,0,0.1785287598464,177.885,29.1803227294725,395.3,57.32,35895.05,-16.95
FMM,2012-02-15,2012,46,-2.35,-6.52,0,0.0698737606915883,55.233,9.1079441687844,122.74,375.22,36083.24,-4.435
FMM,2012-02-16,2012,47,-1.12,-6.22,2.46,0.0899612530524136,50.6115,8.3897057604951,112.47,383.85,36272.82,-3.67
FMM,2012-02-17,2012,48,-1.6,-5.35,5.61,0.0671138178700515,40.0905,6.68064703150035,89.09,410.12,36463.71,-3.475
FMM,2012-02-18,2012,49,-4.86,-11.63,0,0.0880405991064164,96.552,16.1741284378704,214.56,251.13,36655.86,-8.245
FMM,2012-02-19,2012,50,-8.52,-17.1,0,0.0814956536597783,122.6025,20.6463756823785,272.45,160,36849.22,-12.81
FMM,2012-02-20,2012,51,-8.23,-23,0,0.117139663674025,174.6135,29.5603005218193,388.03,95.96,37043.74,-15.615
FMM,2012-02-21,2012,52,-3.89,-20.85,0,0.17180735310601,184.707,31.4341530365664,410.46,115.96,37239.36,-12.37
FMM,2012-02-22,2012,53,-1.1,-9.18,3.94,0.129939006072669,91.287,15.6176225186877,202.86,304.94,37436.03,-5.14
FMM,2012-02-23,2012,54,0.34,-5.13,1.68,0.10472460761743,87.0075,14.9640726780675,193.35,417.25,37633.7,-2.395
FMM,2012-02-24,2012,55,-1.91,-12.62,11.55,0.150229378291501,116.307,20.1087478450368,258.46,231.78,37832.32,-7.265
FMM,2012-02-25,2012,56,-3.01,-11.9,8,0.122444297415991,105.2325,18.2899978230465,233.85,245.73,38031.86,-7.455
FMM,2012-02-26,2012,57,-12.09,-22.24,0,0.0705413596702165,157.68,27.5500675926,350.4,102.63,38232.25,-17.165
FMM,2012-02-27,2012,58,-10.03,-25.63,4.95,0.105545037340757,146.979,25.8155323511841,326.62,75.75,38433.47,-17.83
FMM,2012-02-28,2012,59,-8.56,-19.63,0,0.0965359610809738,166.5315,29.4034688484547,370.07,128.91,38635.45,-14.095
FMM,2012-02-29,2012,60,-7.24,-22.75,0,0.129130938953891,200.1105,35.5177092183273,444.69,98.16,38838.18,-14.995
FMM,2012-03-01,2012,61,-10.22,-16.33,0,0.0560230283310255,108.333,19.3287810424779,240.74,170.72,39041.59,-13.275
FMM,2012-03-02,2012,62,-6.39,-15.55,0,0.0990944538037723,151.542,27.179454815811,336.76,182.27,39245.65,-10.97
FMM,2012-03-03,2012,63,-1.42,-7.89,13.85,0.10723047477129,86.6925,15.6296181422093,192.65,337.28,39450.33,-4.655
FMM,2012-03-04,2012,64,-5.18,-14.16,1.61,0.106424173178234,159.489,28.9035608983407,354.42,204.34,39655.59,-9.67
FMM,2012-03-05,2012,65,-9.12,-21.08,3.16,0.097233496829835,145.8585,26.5705334029161,324.13,113.7,39861.38,-15.1
FMM,2012-03-06,2012,66,-7.3,-23.13,0,0.129945621725703,223.866,40.9919357858454,497.48,94.89,40067.67,-15.215
FMM,2012-03-07,2012,67,4.87,-15.06,5,0.337362853018574,175.0185,32.2128803941844,388.93,189.84,40274.43,-5.095
FMM,2012-03-08,2012,68,6.58,-3.95,27.94,0.258528250043716,135.261,25.0234207208874,300.58,455.89,40481.62,1.315
FMM,2012-03-09,2012,69,-4.41,-16.85,3.25,0.139309163360331,155.5425,28.9230796101622,345.65,163.42,40689.21,-10.63
FMM,2012-03-10,2012,70,-7.83,-20.33,0,0.109623089158185,212.994,39.8085928492986,473.32,121.39,40897.17,-14.08
FMM,2012-03-11,2012,71,1.91,-13.92,0,0.246708450932739,233.2665,43.8195674078613,518.37,208.46,41105.46,-6.005
FMM,2012-03-12,2012,72,7.36,-9.38,0,0.363221900479377,237.0015,44.7471067913442,526.67,300.14,41314.04,-1.01
FMM,2012-03-13,2012,73,0.36,-5.14,5.94,0.105619686485659,84.789,16.089531218217,188.42,416.65,41522.9,-2.39
FMM,2012-03-14,2012,74,-3.78,-7.31,5.32,0.0551264005058321,58.4145,11.1405327174374,129.81,352.95,41731.99,-5.545
FMM,2012-03-15,2012,75,1.02,-8.99,0,0.174513725936703,197.775,37.9078695379575,439.5,309.53,41941.29,-3.985
FMM,2012-03-16,2012,76,2.33,-5.49,7.46,0.158409348027822,122.823,23.6592739883547,272.94,405.98,42150.77,-1.58
FMM,2012-03-17,2012,77,8.03,-8.66,0,0.378376726504121,248.58,48.12186342024,552.4,317.66,42360.4,-0.315
FMM,2012-03-18,2012,78,12.51,2.66,6.25,0.354298901540206,138.942,27.0305463908916,308.76,739.29,42570.14,7.585
FMM,2012-03-19,2012,79,10.39,-0.18,0,0.327905244988522,197.73,38.657097449217,439.4,602.79,42779.97,5.105
FMM,2012-03-20,2012,80,17.26,-0.22,0,0.682684944201211,247.986,48.720225905397,551.08,600.87,42989.85,8.52
FMM,2012-03-21,2012,81,19.48,1.5,0,0.789361752997315,249.1515,49.1882238528583,553.67,680.67,43199.77,10.49
FMM,2012-03-22,2012,82,14.94,2.48,0,0.482556526614261,217.0215,43.053220695191,482.27,730.15,43409.69,8.71
FMM,2012-03-23,2012,83,4.23,-6.71,0,0.22839294664564,208.0485,41.4726865187926,462.33,369.77,43619.57,-1.24
FMM,2012-03-24,2012,84,4.42,-8.38,0,0.256639673062594,228.303,45.729172632474,507.34,324.64,43829.4,-1.98
FMM,2012-03-25,2012,85,0.86,-5.24,2.3,0.118453573897035,98.217,19.7670469036635,218.26,413.76,44039.15,-2.19
FMM,2012-03-26,2012,86,-5.61,-15.92,0,0.113546560220508,206.667,41.7915557116263,459.26,176.68,44248.77,-10.765
FMM,2012-03-27,2012,87,-2.38,-17.99,3.34,0.182848269689227,193.2615,39.2657511364538,429.47,148.42,44458.25,-10.185
FMM,2012-03-28,2012,88,-5.99,-8.32,9.61,0.0329492841374976,45,9.1858816575,100,326.28,44667.55,-7.155
FMM,2012-03-29,2012,89,-2.52,-7.29,5.03,0.0776355408101738,84.528,17.3355301004544,187.84,353.45,44876.64,-4.905
FMM,2012-03-30,2012,90,-3.51,-15.3,0,0.143392821027639,239.7825,49.4049625401375,532.85,186.03,45085.5,-9.405
FMM,2012-03-31,2012,91,2.93,-17.24,0,0.298295365898984,289.0845,59.8387544779648,642.41,158.07,45294.09,-7.155
FMM,2012-04-01,2012,92,3.03,-15.72,0,0.290118282003833,284.7015,59.2025029868349,632.67,179.68,45502.38,-6.345
FMM,2012-04-02,2012,93,0.55,-14.37,0,0.217875291191976,263.1735,54.9759462224054,584.83,200.91,45710.33,-6.91
FMM,2012-04-03,2012,94,3.6,-10.15,0,0.254197163237259,251.631,52.8034806227664,559.18,282.59,45917.92,-3.275
FMM,2012-04-04,2012,95,-0.26,-4.79,0,0.086085135770189,104.796,22.0901325159492,232.88,428,46125.11,-2.525
FMM,2012-04-05,2012,96,-1.89,-6.84,0,0.0833497775182654,117.945,24.973284090762,262.1,366.07,46331.88,-4.365
FMM,2012-04-06,2012,97,-0.05,-8.19,0,0.139872815484614,189.666,40.3380580790754,421.48,329.7,46538.17,-4.12
FMM,2012-04-07,2012,98,-0.43,-5.66,0,0.0960542511828792,130.563,27.8908546381236,290.14,400.68,46743.96,-3.045
FMM,2012-04-08,2012,99,2.16,-2.57,2.34,0.104232027413292,90.675,19.455040792395,201.5,505.57,46949.22,-0.205
FMM,2012-04-09,2012,100,1.06,-5.04,1.62,0.12020456627815,157.032,33.839347497336,348.96,419.88,47153.9,-1.99
FMM,2012-04-10,2012,101,3.07,-7.23,2.85,0.203357397329257,179.703,38.8923876228987,399.34,355.17,47357.97,-2.08
FMM,2012-04-11,2012,102,5.34,-1.43,1.72,0.171174696631297,178.5465,38.8080649591569,396.77,550.24,47561.38,1.955
FMM,2012-04-12,2012,103,5.52,-7.31,0,0.275831531546084,274.419,59.900710869603,609.82,352.83,47764.1,-0.895
FMM,2012-04-13,2012,104,8.49,-9.88,0,0.409782893135787,306.288,67.1398706268144,680.64,288.74,47966.09,-0.695
FMM,2012-04-14,2012,105,10.71,-5.05,0,0.433283119981212,291.6315,64.195269238831,648.07,419.62,48167.31,2.83
FMM,2012-04-15,2012,106,12.01,1.06,0,0.371035679804722,241.281,53.3328571248507,536.18,659.23,48367.71,6.535
FMM,2012-04-16,2012,107,18.84,5.31,6.23,0.639739436239747,198.9945,44.1672843356226,442.21,891.06,48567.24,12.075
FMM,2012-04-17,2012,108,12.95,-3.88,0,0.51771146008147,298.26,66.470231324934,662.8,456.85,48765.87,4.535
FMM,2012-04-18,2012,109,7.36,-5.97,0,0.317488321002687,274.842,61.4995742813076,610.76,391.3,48963.54,0.695
FMM,2012-04-19,2012,110,10.29,-6.09,0,0.431530173926942,299.682,67.3272053432154,665.96,387.67,49160.21,2.1
FMM,2012-04-20,2012,111,3.41,-1.87,13.38,0.123694229040175,105.2055,23.7297468129071,233.79,532.59,49355.83,0.77
FMM,2012-04-21,2012,112,0.77,-4.14,13.51,0.0983875996806494,101.313,22.9418323656435,225.14,449.64,49550.35,-1.685
FMM,2012-04-22,2012,113,0.01,-4.26,11.4,0.0833545944306615,91.242,20.7419302363374,202.76,445.39,49743.71,-2.125
FMM,2012-04-23,2012,114,2.18,-3.34,43.96,0.118818448883964,117.468,26.8070111716212,261.04,477.42,49935.87,-0.58
FMM,2012-04-24,2012,115,5.56,0.26,9.87,0.141794531921775,112.4235,25.7539010568241,249.83,622.55,50126.77,2.91
FMM,2012-04-25,2012,116,4.73,-1.37,2.08,0.151619871386995,129.6855,29.8206196795899,288.19,552.46,50316.34,1.68
FMM,2012-04-26,2012,117,6.88,-3.41,7.08,0.258951627796839,195.0615,45.0213153744897,433.47,474.99,50504.54,1.735
FMM,2012-04-27,2012,118,0.79,-7.34,2.82,0.147812323717884,167.589,38.8235481987663,372.42,352.05,50691.31,-3.275
FMM,2012-04-28,2012,119,-1.14,-9.46,0,0.132273423896672,227.8935,52.9866098256641,506.43,298.46,50876.59,-5.3
FMM,2012-04-29,2012,120,-0.82,-9.67,0,0.141438962585386,240.606,56.144344456026,534.68,293.5,51060.3,-5.245
FMM,2012-04-30,2012,121,8.91,-4.91,0,0.357863682290742,304.6545,71.343310821156,677.01,424.25,51242.4,2.0
FMM,2012-05-01,2012,122,7.96,-3.21,0,0.293611694401164,280.6245,65.9473994004813,623.61,481.88,51422.82,2.375
FMM,2012-05-02,2012,123,11.13,0.17,0,0.351783344248397,276.7815,65.2702711173534,615.07,618.4,51601.48,5.65
FMM,2012-05-03,2012,124,14.33,2.01,0,0.462001625560797,290.5335,68.7480612364813,645.63,705.98,51778.33,8.17
FMM,2012-05-04,2012,125,10.9,0.35,4.04,0.337855889185092,201.519,47.845967176539,447.82,626.37,51953.3,5.625
FMM,2012-05-05,2012,126,9.25,-3.71,0,0.351075133778043,298.1205,71.0174417136223,662.49,464.29,52126.31,2.77
FMM,2012-05-06,2012,127,12.13,-6.3,0,0.516488095659484,328.437,78.4959882132861,729.86,380.67,52297.29,2.915
FMM,2012-05-07,2012,128,15.73,-6.35,0,0.717587841813838,335.1285,80.3539087728741,744.73,364.58,52466.18,4.69
FMM,2012-05-08,2012,129,8.62,-1.56,7.51,0.286472769211119,186.876,44.9497154589948,415.28,544.79,52632.89,3.53
FMM,2012-05-09,2012,130,10.28,3.09,10.14,0.243071461086567,140.841,33.9826707175032,312.98,762.64,52797.36,6.685
FMM,2012-05-10,2012,131,7.73,1.07,12.92,0.195811547404391,134.334,32.5121810706738,298.52,660.11,52959.51,4.4
FMM,2012-05-11,2012,132,8.64,-2.35,1.32,0.302870773175192,262.323,63.6802126511175,582.94,513.73,53119.25,3.145
FMM,2012-05-12,2012,133,14.17,-3.48,0,0.57077410179613,319.9455,77.8983135315462,710.99,472.3,53276.52,5.345
FMM,2012-05-13,2012,134,14.57,0.7,1.85,0.506794860038394,292.7295,71.4789003972425,650.51,642.27,53431.23,7.635
FMM,2012-05-14,2012,135,18.19,-0.28,0,0.754842721841857,320.688,78.528692388528,712.64,586.71,53583.3,8.955
FMM,2012-05-15,2012,136,18.49,4.61,13.3,0.637797329247432,213.6015,52.4516118617043,474.67,848.31,53732.66,11.55
FMM,2012-05-16,2012,137,18.53,6.83,10.35,0.569407457972046,194.0715,47.7858530411986,431.27,989.81,53879.23,12.68
FMM,2012-05-17,2012,138,6.1,-0.34,0,0.172717178385124,176.13,43.483801982031,391.4,595.61,54022.91,2.88
FMM,2012-05-18,2012,139,15.29,-1.95,0,0.602473851316299,317.295,78.539344342866,705.1,529.41,54163.64,6.67
FMM,2012-05-19,2012,140,19.28,4.17,0,0.703969538149561,298.008,73.9527809114592,662.24,822.98,54301.32,11.725
FMM,2012-05-20,2012,141,24.14,3.09,0,1.15412703948775,321.12,79.885655520192,713.6,728.6,54435.88,13.615
FMM,2012-05-21,2012,142,25.73,7.48,0,1.17230610497412,302.679,75.4797405639069,672.62,995.72,54567.23,16.605
FMM,2012-05-22,2012,143,15.35,7.59,23.29,0.348536188459534,136.6155,34.1480717101755,303.59,1042.73,54695.3,11.47
FMM,2012-05-23,2012,144,18.83,2.22,0,0.726541498687621,296.2755,74.2251306987,658.39,716.61,54820,10.525
FMM,2012-05-24,2012,145,23.49,0.51,0,1.13976998488731,320.2245,80.4024371652966,711.61,621.21,54941.24,12.0
FMM,2012-05-25,2012,146,21.65,14.18,10.55,0.48176761447242,117.3375,29.52439688583,260.75,1616.74,55058.96,17.915
FMM,2012-05-26,2012,147,16.26,2.63,0,0.553715006665314,261.702,65.9857736769084,581.56,737.67,55173.06,9.445
FMM,2012-05-27,2012,148,15.85,-2.18,0,0.638739372958226,299.3625,75.632589571455,665.25,520.35,55283.48,6.835
FMM,2012-05-28,2012,149,11.38,4.07,5.55,0.263330378089752,119.601,30.2749418014884,265.78,816.99,55390.12,7.725
FMM,2012-05-29,2012,150,15.21,4.14,9.25,0.451953565085452,166.653,42.2636491132353,370.34,820.97,55492.93,9.675
FMM,2012-05-30,2012,151,18.34,7.9,4.79,0.518812010682544,156.87,39.853540662579,348.6,1065.31,55591.81,13.12
FMM,2012-05-31,2012,152,11.43,-1.13,0,0.393148136422712,247.5585,63.0007217633115,550.13,562.37,55686.7,5.15
FMM,2012-06-01,2012,153,18.15,-3.04,0,0.795795830463305,310.4055,79.1233900440565,689.79,488.17,55777.53,7.555
FMM,2012-06-02,2012,154,12.23,6.34,24.06,0.231825288999008,95.5845,24.4026736622163,212.41,957.04,55864.22,9.285
FMM,2012-06-03,2012,155,8.41,5.49,11.78,0.0997342271485065,53.046,13.5626137464762,117.88,901.92,55946.71,6.95
FMM,2012-06-04,2012,156,11.95,0.6,0,0.378785962238571,230.3055,58.9660328136069,511.79,637.97,56024.94,6.275
FMM,2012-06-05,2012,157,16.81,0.35,0,0.642288748471853,284.0805,72.8301873984746,631.29,626.33,56098.83,8.58
FMM,2012-06-06,2012,158,12.89,2.29,0,0.381897673476889,222.264,57.0527936424432,493.92,720.34,56168.34,7.59
FMM,2012-06-07,2012,159,16,0.92,0,0.580945388807744,273.564,70.302292637832,607.92,652.83,56233.4,8.46
FMM,2012-06-08,2012,160,15.96,3.65,3.71,0.508179384936432,179.2665,46.1187087941538,398.37,793.3,56293.96,9.805
FMM,2012-06-09,2012,161,17.58,2.35,0,0.641123166071726,267.8715,68.9821102607949,595.27,723.5,56349.98,9.965
FMM,2012-06-10,2012,162,20.19,0.57,0,0.862466073781274,295.3845,76.1366404769593,656.41,636.38,56401.39,10.38
FMM,2012-06-11,2012,163,23.73,6.32,0,0.987031682290571,275.211,70.9956563472432,611.58,955.52,56448.16,15.025
FMM,2012-06-12,2012,164,24.33,11.88,11,0.822914123951849,166.032,42.86289458916,368.96,1390.42,56490.25,18.105
FMM,2012-06-13,2012,165,15.54,2.95,17.78,0.50350672195465,177.2595,45.7916634942723,393.91,754.87,56527.62,9.245
FMM,2012-06-14,2012,166,17.99,-0.37,0,0.732227765979522,287.1765,74.2294669539852,638.17,594.36,56560.24,8.81
FMM,2012-06-15,2012,167,20.48,-0.23,0,0.901899420245851,295.578,76.4387087097114,656.84,600.36,56588.09,10.125
FMM,2012-06-16,2012,168,22.71,1.47,0,1.03819502510281,292.572,75.6921267049248,650.16,678.91,56611.12,12.09
FMM,2012-06-17,2012,169,23.43,4.98,0,1.0033624535333,273.834,70.8671668112892,608.52,870.62,56629.34,14.205
FMM,2012-06-18,2012,170,22.85,9.2,0,0.806956085600963,228.843,59.2376547183021,508.54,1163.24,56642.71,16.025
FMM,2012-06-19,2012,171,19.44,9.2,0,0.544875863991568,189.0945,48.955832571344,420.21,1162.97,56651.23,14.32
FMM,2012-06-20,2012,172,25.27,14.69,0,0.76949475006717,186.9705,48.4090559715528,415.49,1671.17,56654.88,19.98
FMM,2012-06-21,2012,173,27.05,13.99,0,0.985210066416208,214.7805,55.6082431277868,477.29,1596.78,56653.68,20.52
FMM,2012-06-22,2012,174,26.05,14.52,0,0.854775049583265,196.8525,50.9610920691892,437.45,1652.88,56647.61,20.285
FMM,2012-06-23,2012,175,20.33,7.95,7.08,0.655662078861351,164.3175,42.5302448424728,365.15,1068.96,56636.69,14.14
FMM,2012-06-24,2012,176,23.62,5.63,0,0.999493334405652,265.104,68.5976638416048,589.12,911.16,56620.91,14.625
FMM,2012-06-25,2012,177,13.89,9.55,14.64,0.196065820153977,66.366,17.1664563127122,147.48,1190.83,56600.31,11.72
FMM,2012-06-26,2012,178,14.08,10.74,27.22,0.156685089064952,53.9505,13.9487532654587,119.89,1289.26,56574.89,12.41
FMM,2012-06-27,2012,179,18.48,7.59,10.7,0.539247182626717,150.543,38.9016874490517,334.54,1043.03,56544.67,13.035
FMM,2012-06-28,2012,180,20.62,7.6,0,0.690403341759022,224.514,57.9805795908162,498.92,1043.14,56509.69,14.11
FMM,2012-06-29,2012,181,21.81,9.81,7.77,0.697719810456388,156.177,40.3042561437222,347.06,1211.61,56469.98,15.81
FMM,2012-06-30,2012,182,21.4,10.96,15.67,0.616327000578045,140.265,36.169407462438,311.7,1308.96,56425.56,16.18
FMM,2012-07-01,2012,183,18.07,7.57,0,0.513127695482434,195.1695,50.2835791383013,433.71,1041.49,56376.49,12.82
FMM,2012-07-02,2012,184,19.15,7.34,0,0.593590082941182,208.782,53.7394742699346,463.96,1025.24,56322.79,13.245
FMM,2012-07-03,2012,185,19.62,5.29,6.68,0.694431317704046,173.7135,44.6667456575344,386.03,889.78,56264.51,12.455
FMM,2012-07-04,2012,186,18.9,11.49,5.5,0.411478882398901,103.0815,26.4756442328226,229.07,1354.99,56201.72,15.195
FMM,2012-07-05,2012,187,21.56,10.8,0,0.636525331119243,188.1135,48.2575821237558,418.03,1294.37,56134.44,16.18
FMM,2012-07-06,2012,188,22.68,11.58,0,0.692484050586084,189.6885,48.5994774169238,421.53,1363.41,56062.75,17.13
FMM,2012-07-07,2012,189,21.49,12.49,0,0.554202011530085,146.007,37.357236988533,324.46,1447.55,55986.7,16.99
FMM,2012-07-08,2012,190,15.24,10.14,0,0.244375746473907,91.5165,23.3817395848758,203.37,1238.62,55906.36,12.69
FMM,2012-07-09,2012,191,18.08,6.38,0,0.554928158277518,187.2045,47.7568954967801,416.01,959.6,55821.77,12.23
FMM,2012-07-10,2012,192,18.64,2.8,0,0.698345654429435,223.911,57.0301096223754,497.58,747.07,55733.02,10.72
FMM,2012-07-11,2012,193,20.95,1.24,0,0.903236325762475,240.651,61.1916718565619,534.78,667.96,55640.17,11.095
FMM,2012-07-12,2012,194,24.42,9.6,0,0.929008499250014,208.4355,52.9077739421732,463.19,1194.81,55543.29,17.01
FMM,2012-07-13,2012,195,26.78,12.39,0,1.03691854116952,200.826,50.8836937468572,446.28,1437.94,55442.46,19.585
FMM,2012-07-14,2012,196,27.78,15.04,0,1.00683476919805,185.076,46.8045121868568,411.28,1709.04,55337.74,21.41
FMM,2012-07-15,2012,197,27.55,12.04,14.97,1.1344990252345,157.2525,39.6901434354885,349.45,1405.2,55229.22,19.795
FMM,2012-07-16,2012,198,22.12,12.29,1.32,0.61378011744532,164.4615,41.4253038808728,365.47,1428.7,55116.96,17.205
FMM,2012-07-17,2012,199,17.28,10.86,6.85,0.333494906794068,90.234,22.6807530115428,200.52,1299.86,55001.06,14.07
FMM,2012-07-18,2012,200,18.57,6.17,0,0.594246105782087,202.077,50.6827032753051,449.06,945.69,54881.59,12.37
FMM,2012-07-19,2012,201,14.98,3.31,0,0.462499729421581,197.505,49.425012680967,438.9,774.49,54758.62,9.145
FMM,2012-07-20,2012,202,20.03,3.33,0,0.781158463169033,229.8735,57.3923642928948,510.83,775.37,54632.24,11.68
FMM,2012-07-21,2012,203,21.84,4.45,0,0.886640949056484,230.355,57.376041989769,511.9,839.19,54502.54,13.145
FMM,2012-07-22,2012,204,23.85,9.44,0,0.883991709447867,208.1925,51.7293782435655,462.65,1182.1,54369.58,16.645
FMM,2012-07-23,2012,205,24.25,7.9,11.22,0.978932714040683,164.3445,40.7322768620529,365.21,1064.65,54233.46,16.075
FMM,2012-07-24,2012,206,17.37,10.91,0,0.337137844419141,118.386,29.2662940041252,263.08,1303.99,54094.26,14.14
FMM,2012-07-25,2012,207,20.19,9.92,0,0.569652616705002,170.6265,42.0698258267463,379.17,1220.6,53952.06,15.055
FMM,2012-07-26,2012,208,19.2,9.09,0,0.532461802420201,167.391,41.1610645454778,371.98,1154.39,53806.94,14.145
FMM,2012-07-27,2012,209,22.31,6.81,0,0.85017895118868,214.254,52.5396955312044,476.12,988.1,53658.98,14.56
FMM,2012-07-28,2012,210,22.02,4.75,0,0.892438348372656,224.0145,54.7788915591115,497.81,856.7,53508.27,13.385
FMM,2012-07-29,2012,211,25.12,4.53,0,1.17037813337175,233.334,56.8942389311706,518.52,843.56,53354.87,14.825
FMM,2012-07-30,2012,212,25.94,5.37,0,1.22400450897783,230.598,56.0627383975254,512.44,894.8,53198.89,15.655
FMM,2012-07-31,2012,213,25.73,8.74,0,1.08677539461215,211.7835,51.3351633420261,470.63,1127.44,53040.38,17.235
FMM,2012-08-01,2012,214,25.06,10.03,0,0.970683885919759,197.7525,47.788679465802,439.45,1230.09,52879.44,17.545
FMM,2012-08-02,2012,215,25.59,15.16,0,0.775352125027089,151.4295,36.481291839806,336.51,1721.78,52716.13,20.375
FMM,2012-08-03,2012,216,23.77,7.34,0,0.955385394246794,207.6255,49.8625028924589,461.39,1025.31,52550.54,15.555
FMM,2012-08-04,2012,217,25.9,6.25,0,1.19217300459881,220.9725,52.8984127169505,491.05,950.74,52382.74,16.075
FMM,2012-08-05,2012,218,26.43,14.77,26.45,0.880427542629217,118.5885,28.2967034013904,263.53,1678.84,52212.81,20.6
FMM,2012-08-06,2012,219,16.5,6.72,0,0.445336547546923,146.88,34.931956569696,326.4,982.16,52040.81,11.61
FMM,2012-08-07,2012,220,21.69,4.77,6.26,0.865432876305763,154.4625,36.6124575870225,343.25,857.96,51866.82,13.23
FMM,2012-08-08,2012,221,21.71,8.77,3.08,0.730745708353156,129.6405,30.6246458595974,288.09,1129.74,51690.91,15.24
FMM,2012-08-09,2012,222,21.22,9.33,7.08,0.670688316318686,122.355,28.804219601526,271.9,1173.2,51513.16,15.275
FMM,2012-08-10,2012,223,13.42,10.86,27.8,0.117748551962686,34.0965,7.99885470047805,75.77,1299.7,51333.61,12.14
FMM,2012-08-11,2012,224,16.9,11.53,19.29,0.280158366926806,64.08,14.979743555616,142.4,1359.28,51152.36,14.215
FMM,2012-08-12,2012,225,22.29,12.22,2.47,0.63096184133249,110.709,25.7874901590285,246.02,1422.07,50969.45,17.255
FMM,2012-08-13,2012,226,21.23,12.54,0,0.531464985990479,131.814,30.592345014801,292.92,1452.45,50784.95,16.885
FMM,2012-08-14,2012,227,21.79,11.16,0,0.638518790073466,156.6315,36.2190154106282,348.07,1326.2,50598.93,16.475
FMM,2012-08-15,2012,228,20.17,12.39,12.9,0.459177781532875,90.6165,20.8762547151132,201.37,1438.1,50411.44,16.28
FMM,2012-08-16,2012,229,19.92,13.3,3.5,0.396141953566898,77.6655,17.8255567186043,172.59,1527.09,50222.55,16.61
FMM,2012-08-17,2012,230,22.11,9.54,5.92,0.732930744503345,131.22,30.003145512174,291.6,1189.62,50032.31,15.825
FMM,2012-08-18,2012,231,16.13,3.4,0,0.525317847265053,182.187,41.4971721153261,404.86,779.11,49840.79,9.765
FMM,2012-08-19,2012,232,19.09,1.41,0,0.764618845772501,213.0255,48.333674615476,473.39,676.13,49648.03,10.25
FMM,2012-08-20,2012,233,19.12,4.7,0,0.677325629925671,192.69,43.548931505664,428.2,854.09,49454.08,11.91
FMM,2012-08-21,2012,234,16.03,2.75,0,0.536978311787164,185.7645,41.8181294095727,412.81,744.13,49259.01,9.39
FMM,2012-08-22,2012,235,19.24,5.81,0,0.651551264723453,183.996,41.2550892563364,408.88,922.37,49062.87,12.525
FMM,2012-08-23,2012,236,20.55,6.12,3.11,0.735723010240049,140.4585,31.3666589412131,312.13,942.28,48865.69,13.335
FMM,2012-08-24,2012,237,21.24,3.42,0,0.868910503570034,205.893,45.7927975664154,457.54,780.56,48667.54,12.33
FMM,2012-08-25,2012,238,23.16,8.98,0,0.842266602552644,178.8525,39.6159829566255,397.45,1145.69,48468.46,16.07
FMM,2012-08-26,2012,239,26.47,12.42,0,1.00361791887295,172.98,38.157139138914,384.4,1440.87,48268.49,19.445
FMM,2012-08-27,2012,240,19.86,8.46,13.54,0.60304587660879,117.486,25.8080670978336,261.08,1106.25,48067.68,14.16
FMM,2012-08-28,2012,241,15.2,7.94,0,0.327800510617324,112.68,24.648523017408,250.4,1067.69,47866.08,11.57
FMM,2012-08-29,2012,242,15.8,5.23,0,0.45273071921589,156.5865,34.1081725694346,347.97,885.87,47663.72,10.515
FMM,2012-08-30,2012,243,19.65,11.62,0,0.457628577621311,123.345,26.7529348053225,274.1,1366.76,47460.65,15.635
FMM,2012-08-31,2012,244,21.59,8.8,5.65,0.719935745912213,129.627,27.994769705691,288.06,1132.22,47256.9,15.195
FMM,2012-09-01,2012,245,18.47,2.06,0,0.706303651134699,198.612,42.7075506938052,441.36,708.63,47052.53,10.265
FMM,2012-09-02,2012,246,19.25,1.77,0,0.766652040798858,201.6945,43.1814510202194,448.21,693.97,46847.56,10.51
FMM,2012-09-03,2012,247,20.03,2.25,0,0.809990870141125,201.3525,42.9191063092778,447.45,717.97,46642.03,11.14
FMM,2012-09-04,2012,248,20.45,9.26,0,0.615341393494488,155.2095,32.9373920298659,344.91,1167.6,46435.99,14.855
FMM,2012-09-05,2012,249,22.44,10.14,0,0.735077824794362,161.7345,34.1694265945509,359.41,1238.79,46229.46,16.29
FMM,2012-09-06,2012,250,19.9,8.93,12.17,0.588215973892845,113.823,23.9395645065528,252.94,1141.79,46022.48,14.415
FMM,2012-09-07,2012,251,18.84,7.97,0,0.55029064884975,152.0865,31.8430981013994,337.97,1069.81,45815.08,13.405
FMM,2012-09-08,2012,252,20.36,9.94,21.85,0.581413491422631,108.4455,22.6027974422849,240.99,1222.12,45607.31,15.15
FMM,2012-09-09,2012,253,11.81,6.31,0,0.21356280496496,86.2425,17.8930982298555,191.65,954.93,45399.18,9.06
FMM,2012-09-10,2012,254,10.94,2.02,0,0.299370889131024,132.021,27.2651989529178,293.38,706.51,45190.74,6.48
FMM,2012-09-11,2012,255,15.71,-0.06,0,0.586724746473034,184.6215,37.9522413848151,410.27,608.07,44982.02,7.825
FMM,2012-09-12,2012,256,19.9,4.31,0,0.743770405922991,177.7185,36.3634786172268,394.93,831.03,44773.04,12.105
FMM,2012-09-13,2012,257,22.75,8.16,0,0.838187151110845,166.7925,33.968418274224,370.65,1084.17,44563.84,15.455
FMM,2012-09-14,2012,258,21.3,8.05,0,0.725255289691325,156.492,31.720902813558,347.76,1076.24,44354.45,14.675
FMM,2012-09-15,2012,259,11.67,3.49,1.8,0.292926896141888,112.2525,22.6460603897933,249.45,784.08,44144.89,7.58
FMM,2012-09-16,2012,260,11.6,1.74,0,0.335681011264817,131.148,26.332402195872,291.44,692.37,43935.2,6.67
FMM,2012-09-17,2012,261,15.64,-1.31,0,0.609293514619744,178.857,35.7401303233758,397.46,555.02,43725.42,7.165
FMM,2012-09-18,2012,262,17.25,6.17,37.03,0.508866888065607,102.8745,20.4582468495308,228.61,946.02,43515.55,11.71
FMM,2012-09-19,2012,263,14.26,-2.01,2.9,0.54814301618051,130.0275,25.7333291025638,288.95,526.89,43305.65,6.125
FMM,2012-09-20,2012,264,11.68,-4.45,0,0.466270023617059,173.2455,34.1202657031376,384.99,439.04,43095.73,3.615
FMM,2012-09-21,2012,265,16.18,-0.97,0,0.633470895019323,173.367,33.9778858186458,385.26,568.96,42885.82,7.605
FMM,2012-09-22,2012,266,18.41,5.38,4.3,0.608795395939173,109.377,21.3317019395244,243.06,895.36,42675.96,11.895
FMM,2012-09-23,2012,267,10.46,3.42,2.71,0.241861608373953,70.137,13.6115154273753,155.86,780.38,42466.17,6.94
FMM,2012-09-24,2012,268,8.42,-1.05,0,0.268414441011575,122.5665,23.6690758715544,272.37,565.72,42256.48,3.685
FMM,2012-09-25,2012,269,10.84,4.24,1.53,0.234577855058588,89.028,17.1071281640628,197.84,827,42046.93,7.54
FMM,2012-09-26,2012,270,11.11,-0.18,3.6,0.358706402860486,102.6945,19.6349375994921,228.21,602.85,41837.54,5.465
FMM,2012-09-27,2012,271,7.63,-3.17,0,0.280713049891204,133.0155,25.3050640000556,295.59,483.63,41628.33,2.23
FMM,2012-09-28,2012,272,11.91,-4.78,0,0.48219739840758,165.276,31.284503922042,367.28,428.19,41419.35,3.565
FMM,2012-09-29,2012,273,7.35,0.94,6.72,0.185721852574778,62.199,11.7140980874409,138.22,653.67,41210.63,4.145
FMM,2012-09-30,2012,274,9.39,6.54,36.13,0.102830499333857,29.808,5.5854232874064,66.24,970.39,41002.19,7.965
FMM,2012-10-01,2012,275,12.44,6.34,4.27,0.242086293403402,59.4855,11.0898136065141,132.19,956.65,40794.06,9.39
FMM,2012-10-02,2012,276,16.65,2.43,0,0.582053582927688,148.914,27.6204644206344,330.92,727.3,40586.28,9.54
FMM,2012-10-03,2012,277,17.96,1.05,0,0.697788289908566,158.157,29.1849455354112,351.46,659.02,40378.88,9.505
FMM,2012-10-04,2012,278,11.5,2.81,5.01,0.303560989443323,80.442,14.767991467686,178.76,747.4,40171.9,7.155
FMM,2012-10-05,2012,279,12.99,9.48,4.7,0.154078509593369,35.082,6.4074375542538,77.96,1184.94,39965.37,11.235
FMM,2012-10-06,2012,280,10.05,2.54,13.24,0.248237385246642,71.955,13.074230148642,159.9,733.38,39759.32,6.295
FMM,2012-10-07,2012,281,4.38,-0.78,1.41,0.129041618490231,70.3665,12.71950626164,156.37,576.9,39553.79,1.8
FMM,2012-10-08,2012,282,4.37,-4.62,0,0.200593646017248,113.3415,20.3815340688771,251.87,433.53,39348.82,-0.125
FMM,2012-10-09,2012,283,8.26,-5.78,0,0.346985048808105,143.739,25.7134827615012,319.42,397.06,39144.44,1.24
FMM,2012-10-10,2012,284,8.03,-1.03,16.56,0.253765825310138,80.604,14.3442034717932,179.12,566.39,38940.69,3.5
FMM,2012-10-11,2012,285,0.79,-2.22,7.6,0.0643119476618096,31.59,5.592405426543,70.2,518.77,38737.61,-0.715
FMM,2012-10-12,2012,286,-0.69,-4.13,4.24,0.0657106020578898,36.2475,6.38340558789375,80.55,450.05,38535.25,-2.41
FMM,2012-10-13,2012,287,0.27,-6.04,0,0.117309903967774,85.527,14.9830248132396,190.06,389.13,38333.64,-2.885
FMM,2012-10-14,2012,288,2.27,-2.46,20.67,0.104827114480089,49.2705,8.58622385435355,109.49,509.85,38132.83,-0.095
FMM,2012-10-15,2012,289,9.57,0.82,10.98,0.271488894864236,79.9695,13.8629626897028,177.71,648.23,37932.85,5.195
FMM,2012-10-16,2012,290,4.97,-1.43,0,0.16015073909095,84.6855,14.6034456594336,188.19,549.93,37733.76,1.77
FMM,2012-10-17,2012,291,7.58,-4.31,0,0.298884004135626,128.8845,22.108549664574,286.41,443.9,37535.6,1.635
FMM,2012-10-18,2012,292,11.98,-3.25,0,0.45920583208126,137.6595,23.4897462019143,305.91,480.47,37338.42,4.365
FMM,2012-10-19,2012,293,10.06,-1.44,39.51,0.340813786250298,91.305,15.4981265779395,202.9,549.67,37142.27,4.31
FMM,2012-10-20,2012,294,14.35,5.97,3.02,0.349148151809531,73.512,12.4124025689496,163.36,933.01,36947.19,10.16
FMM,2012-10-21,2012,295,6.05,2.68,5.17,0.0984713265235546,35.1855,5.9098377459114,78.19,740.43,36753.24,4.365
FMM,2012-10-22,2012,296,6.07,0.27,2.44,0.157897681677828,58.455,9.7667401914945,129.9,622.94,36560.47,3.17
FMM,2012-10-23,2012,297,3.62,-3.02,0,0.15133866464753,87.606,14.5606477244148,194.68,489.02,36368.94,0.3
FMM,2012-10-24,2012,298,8.31,-5.87,0,0.350139290254498,129.3165,21.3807521538095,287.37,394.4,36178.69,1.22
FMM,2012-10-25,2012,299,11.67,-6.99,0,0.504528710837776,133.1235,21.8952667174271,295.83,361.7,35989.79,2.34
FMM,2012-10-26,2012,300,15.38,2.76,0,0.499521177785575,116.1855,19.0098661387905,258.19,744.82,35802.3,9.07
FMM,2012-10-27,2012,301,15.45,3.46,3.34,0.484433575937938,83.115,13.5283255043985,184.7,782.72,35616.27,9.455
FMM,2012-10-28,2012,302,12.61,5.34,0,0.281865698768665,82.674,13.3868339409168,183.72,893,35431.76,8.975
FMM,2012-10-29,2012,303,9.75,5.81,10.13,0.141310560008342,35.892,5.7817417393296,79.76,922.5,35248.84,7.78
FMM,2012-10-30,2012,304,11.49,7.45,24.02,0.160400648696162,35.7615,5.73109489381635,79.47,1032.44,35067.57,9.47
FMM,2012-10-31,2012,305,11.3,5.96,12.75,0.202016604605312,45.8865,7.3160633228661,101.97,932.18,34888.02,8.63
FMM,2012-11-01,2012,306,5.19,1.29,3.68,0.106338643050289,35.973,5.7062474322525,79.94,670.5,34710.25,3.24
FMM,2012-11-02,2012,307,2.62,0.57,2.48,0.0505822168424634,21.15,3.337932933315,47,636.39,34534.33,1.595
FMM,2012-11-03,2012,308,2.7,-0.92,0,0.0854325175015134,46.9395,7.3707530197248,104.31,570.99,34360.32,0.89
FMM,2012-11-04,2012,309,-1.27,-6.45,0,0.0903038918173734,64.989,10.1539188391563,144.42,377.08,34188.31,-3.86
FMM,2012-11-05,2012,310,-5.72,-8.95,0,0.0449752802504271,42.5295,6.61180409980155,94.51,310.48,34018.37,-7.335
FMM,2012-11-06,2012,311,-5.75,-12.18,0,0.079729045816565,77.202,11.942918836227,171.56,240.1,33850.55,-8.965
FMM,2012-11-07,2012,312,0.05,-14.47,0,0.207409616189325,111.906,17.226834427179,248.68,199.26,33684.95,-7.21
FMM,2012-11-08,2012,313,-2.14,-7.13,0,0.0827576085001357,60.7635,9.30859444978785,135.03,357.76,33521.63,-4.635
FMM,2012-11-09,2012,314,1.77,-4.72,0,0.132196850541676,74.358,11.3364914383602,165.24,430.25,33360.67,-1.475
FMM,2012-11-10,2012,315,-3.05,-12.02,0,0.123075912826231,90.981,13.8048951778155,202.18,243.19,33202.15,-7.535
FMM,2012-11-11,2012,316,0.57,-11.25,0,0.189465430423681,99.963,15.0964982081874,222.14,258.72,33046.14,-5.34
FMM,2012-11-12,2012,317,13.1,-2.73,6.84,0.502927328189224,75.978,11.4209959485258,168.84,499.51,32892.73,5.185
FMM,2012-11-13,2012,318,8.6,-4.5,9.75,0.339524576491889,71.8785,10.75524752079,159.73,437.45,32742,2.05
FMM,2012-11-14,2012,319,-3.17,-9.07,0,0.0886327520299945,60.642,9.0329091830388,134.76,307.62,32594.02,-6.12
FMM,2012-11-15,2012,320,-1.62,-11.31,0,0.143021873361963,85.0365,12.6101800714284,188.97,257.61,32448.88,-6.465
FMM,2012-11-16,2012,321,1.8,-12,0,0.226303604214515,96.5295,14.2517540156679,214.51,243.72,32306.66,-5.1
FMM,2012-11-17,2012,322,-0.85,-14.45,0,0.187891429749617,95.5665,14.0487725222532,212.37,199.51,32167.44,-7.65
FMM,2012-11-18,2012,323,4.05,-12.68,0,0.29290515498877,97.749,14.308795874709,217.22,230.66,32031.3,-4.315
FMM,2012-11-19,2012,324,4.64,-12.19,0,0.305538998521675,96.0975,14.0086484359898,213.55,239.88,31898.33,-3.775
FMM,2012-11-20,2012,325,7.35,-11.16,0,0.382667920781943,95.4315,13.854983939613,212.07,260.58,31768.6,-1.905
FMM,2012-11-21,2012,326,6.16,-5.2,0,0.265084089381457,79.812,11.541202607448,177.36,414.96,31642.2,0.48
FMM,2012-11-22,2012,327,5.57,-4.55,0,0.235710664569351,73.4625,10.5817434383363,163.25,435.91,31519.21,0.51
FMM,2012-11-23,2012,328,7.59,-2.55,2.92,0.267892181177737,53.82,7.722991032354,119.6,506.43,31399.71,2.52
FMM,2012-11-24,2012,329,2.4,-9.22,2.96,0.211218444148614,65.817,9.4096507855482,146.26,304.16,31283.78,-3.41
FMM,2012-11-25,2012,330,-8.2,-10.83,0,0.0316890071487097,27.171,3.8706122188197,60.38,267.66,31171.51,-9.515
FMM,2012-11-26,2012,331,-8.9,-18.53,0,0.08588845970687,81.765,11.607173564508,181.7,141.75,31062.96,-13.715
FMM,2012-11-27,2012,332,-7.97,-20.59,0,0.109191563530695,91.7055,12.9744084320397,203.79,118.63,30958.22,-14.28
FMM,2012-11-28,2012,333,-5.11,-19.04,2.31,0.141783847160895,68.8995,9.71607585750525,153.11,135.71,30857.35,-12.075
FMM,2012-11-29,2012,334,-8.8,-20,0,0.095546762218381,83.5155,11.7402128342258,185.59,124.89,30760.45,-14.4
FMM,2012-11-30,2012,335,-11.78,-23.86,0,0.0804737881764406,85.4775,11.9797395710647,189.95,88.84,30667.57,-17.82
FMM,2012-12-01,2012,336,-7.69,-23.17,0,0.124856582864622,92.016,12.858786593856,204.48,94.56,30578.8,-15.43
FMM,2012-12-02,2012,337,2.29,-8.6,17.76,0.200997612153892,56.331,7.8502007511873,125.18,319.12,30494.19,-3.155
FMM,2012-12-03,2012,338,0.43,-3.1,0,0.0723400716264576,28.5165,3.96354003679305,63.37,486.05,30413.81,-1.335
FMM,2012-12-04,2012,339,6.01,-3.75,8.25,0.236260536069181,50.508,7.0026021654588,112.24,462.88,30337.73,1.13
FMM,2012-12-05,2012,340,2.63,-12.23,6.88,0.249848346035567,63.5805,8.79417918303885,141.29,239.11,30266.01,-4.8
FMM,2012-12-06,2012,341,-3.77,-14.97,0,0.136341214325283,73.764,10.1800298350908,163.92,191.12,30198.71,-9.37
FMM,2012-12-07,2012,342,-2.16,-10.48,0,0.123632105689675,59.292,8.1657518481072,131.76,275.23,30135.88,-6.32
FMM,2012-12-08,2012,343,-1.09,-4.57,7.8,0.0648745900229707,19.9125,2.7370635396975,44.25,435.19,30077.58,-2.83
FMM,2012-12-09,2012,344,-3.15,-15.3,0,0.149750540075695,75.8205,10.4032545674873,168.49,186.09,30023.85,-9.225
FMM,2012-12-10,2012,345,-2.6,-12.66,18.54,0.137480249244123,50.1975,6.8762825409555,111.55,230.95,29974.74,-7.63
FMM,2012-12-11,2012,346,-5.49,-17.18,0,0.124251861490039,74.808,10.232348282568,166.24,158.95,29930.3,-11.335
FMM,2012-12-12,2012,347,-7.11,-22.58,0,0.13021726094271,85.9365,11.7389098728427,190.97,99.61,29890.55,-14.845
FMM,2012-12-13,2012,348,-4.41,-15.6,2.62,0.130353332170995,53.946,7.3603824110388,119.88,181.39,29855.54,-10.005
FMM,2012-12-14,2012,349,-2.43,-17.89,3.43,0.181284728654898,62.784,8.557560972864,139.52,149.67,29825.3,-10.16
FMM,2012-12-15,2012,350,-12.52,-24.67,0,0.0763626226469435,75.4785,10.2790598111208,167.73,82.63,29799.84,-18.595
FMM,2012-12-16,2012,351,-8.05,-27.43,0,0.135310162752485,90.414,12.3045307427358,200.92,64.15,29779.21,-17.74
FMM,2012-12-17,2012,352,-4.9,-11.01,10.76,0.0810451023096297,32.454,4.414352123052,72.12,263.87,29763.4,-7.955
FMM,2012-12-18,2012,353,-2.86,-5.28,23.57,0.0418609867419444,14.724,2.002003087266,32.72,412.31,29752.45,-4.07
FMM,2012-12-19,2012,354,-3.57,-5.78,9.2,0.0367218987145558,14.148,1.923290714286,31.44,397,29746.35,-4.675
FMM,2012-12-20,2012,355,-2.85,-6.13,0,0.0550070616613489,27.1125,3.68554182757875,60.25,386.42,29745.11,-4.49
FMM,2012-12-21,2012,356,-2.24,-6.3,26.09,0.0688525437024206,25.614,3.4822679144652,56.92,381.53,29748.74,-4.27
FMM,2012-12-22,2012,357,-2.29,-11.98,8.32,0.136711289449875,53.9955,7.3428747943707,119.99,244.1,29757.22,-7.135
FMM,2012-12-23,2012,358,-13.92,-19.57,0,0.0403753595356424,48.7485,6.6323045588112,108.33,129.58,29770.56,-16.745
FMM,2012-12-24,2012,359,-15.13,-19.89,0,0.0321831324652709,42.507,5.7866709682926,94.46,126.11,29788.74,-17.51
FMM,2012-12-25,2012,360,-9.82,-23.57,0,0.100282270807065,88.938,12.116886216255,197.64,91.17,29811.75,-16.695
FMM,2012-12-26,2012,361,-5.91,-19.52,0,0.132237747530116,88.0425,12.006073038141,195.65,130.18,29839.56,-12.715
FMM,2012-12-27,2012,362,-7.91,-13.48,14.7,0.0612518349548896,36.153,4.9354530240015,80.34,216.1,29872.15,-10.695
FMM,2012-12-28,2012,363,-8.39,-16.05,0,0.0756895211611871,65.0745,8.89479713901285,144.61,174.82,29909.49,-12.22
FMM,2012-12-29,2012,364,-7.84,-20.74,7.05,0.11163116731877,66.3705,9.08470002618675,147.49,117.12,29951.55,-14.29
FMM,2012-12-30,2012,365,-11.69,-21.66,0,0.0717767398958668,79.623,10.9156910701419,176.94,108.05,29998.29,-16.675
FMM,2013-01-01,2013,1,-9.84,-23.57,0,0.1000133580667,85.419,11.7304280086653,189.82,91.21,30049.91,-16.705
FMM,2013-01-02,2013,2,-21.97,-26.87,0,0.0195991568165454,36.783,5.0607525920121,81.74,67.56,30105.91,-24.42
FMM,2013-01-03,2013,3,-14.86,-27.1,0,0.0642616753771134,81.153,11.1878111886966,180.34,66.12,30166.46,-20.98
FMM,2013-01-04,2013,4,-8.02,-20.66,7.33,0.108900126186115,61.7085,8.52552298619595,137.13,117.91,30231.51,-14.34
FMM,2013-01-05,2013,5,-9.67,-26.31,1.98,0.111966983874372,97.4925,13.5003339636323,216.65,71.15,30301.01,-17.99
FMM,2013-01-06,2013,6,-8.49,-24.42,4.23,0.119523325595027,71.5095,9.9264691757835,158.91,84.53,30374.9,-16.455
FMM,2013-01-07,2013,7,-12.41,-31.64,0,0.0971028641732012,104.6925,14.5701298393448,232.65,43.07,30453.11,-22.025
FMM,2013-01-08,2013,8,-3.28,-15.43,0,0.148426479085956,83.5425,11.65816305891,185.65,184.08,30535.6,-9.355
FMM,2013-01-09,2013,9,-2.46,-9.22,5.21,0.103497518306058,38.709,5.4170853128964,86.02,304.05,30622.28,-5.84
FMM,2013-01-10,2013,10,-2.85,-13.23,0,0.137975201196584,76.1985,10.6951351270995,169.33,220.59,30713.1,-8.04
FMM,2013-01-11,2013,11,-3.13,-18.9,0,0.174507420966051,100.287,14.1196542984882,222.86,137.32,30807.98,-11.015
FMM,2013-01-12,2013,12,2.99,-4.92,2.01,0.166919759841516,45.1215,6.37315488549675,100.27,423.75,30906.85,-0.965
FMM,2013-01-13,2013,13,5.55,-0.46,6.12,0.157591936269117,34.9515,4.95312038362575,77.67,590.59,31009.65,2.545
FMM,2013-01-14,2013,14,5.05,-10.16,5.85,0.296486222309106,74.2725,10.5616568460443,165.05,282.4,31116.29,-2.555
FMM,2013-01-15,2013,15,-9.36,-19.76,0,0.0875034215764982,81.1395,11.5790913205754,180.31,127.49,31226.69,-14.56
FMM,2013-01-16,2013,16,-5.53,-21.52,0,0.148417668449856,106.587,15.2661799816461,236.86,109.36,31340.79,-13.525
FMM,2013-01-17,2013,17,-5.87,-32.69,2.73,0.178311345154894,91.5075,13.1556073075875,203.35,38.91,31458.5,-19.28
FMM,2013-01-18,2013,18,-18.28,-34.49,2.75,0.0568196729764882,82.3275,11.8814563749645,182.95,32.59,31579.74,-26.385
FMM,2013-01-19,2013,19,-8.22,-18.83,12.91,0.0962257405521354,64.5975,9.35948301034725,143.55,138.12,31704.43,-13.525
FMM,2013-01-20,2013,20,-3.15,-24.69,13.74,0.20156157423715,92.9745,13.5254127267432,206.61,82.43,31832.48,-13.92
FMM,2013-01-21,2013,21,-19.53,-34.63,0,0.0496875300040547,113.022,16.5096550937682,251.16,32.13,31963.83,-27.08
FMM,2013-01-22,2013,22,-17.82,-36.95,0,0.0632504908221235,125.721,18.4419627741486,279.38,25.45,32098.38,-27.385
FMM,2013-01-23,2013,23,-26.2,-35.04,0,0.0211721916777282,80.595,11.873158218549,179.1,30.83,32236.06,-30.62
FMM,2013-01-24,2013,24,-23.99,-30.01,0,0.0194745100317766,57.816,8.5545643200336,128.48,50.36,32376.78,-27.0
FMM,2013-01-25,2013,25,-15.89,-25.05,0,0.0495409283728847,84.8115,12.6045580993353,188.47,79.79,32520.46,-20.47
FMM,2013-01-26,2013,26,-16.18,-27.15,0,0.0543678656362307,98.73,14.739227510661,219.4,65.83,32667.01,-21.665
FMM,2013-01-27,2013,27,-14.37,-25.6,0,0.063375487448499,101.6595,15.2459576506886,225.91,75.89,32816.37,-19.985
FMM,2013-01-28,2013,28,-8.02,-28.54,0,0.138839176860564,137.997,20.7914243730876,306.66,57.84,32968.44,-18.28
FMM,2013-01-29,2013,29,-3.47,-12.21,0,0.117294414423635,84.384,12.7734381191232,187.52,239.6,33123.14,-7.84
FMM,2013-01-30,2013,30,6.16,-5.85,25.57,0.275127599950612,79.6635,12.116135474478,177.03,394.91,33280.4,0.155
FMM,2013-01-31,2013,31,7.17,-18.99,22.63,0.438529652188544,110.8935,16.9469043344613,246.43,136.24,33440.14,-5.91
FMM,2013-02-01,2013,32,-18.56,-26.23,0,0.0356955413308292,78.2235,12.0121899295806,173.83,71.66,33602.28,-22.395
FMM,2013-02-02,2013,33,-18.85,-30.94,0,0.046698245390824,115.065,17.756140617117,255.7,46.06,33766.74,-24.895
FMM,2013-02-03,2013,34,-11.93,-29.45,0,0.0967709200198552,141.8445,21.9966587457592,315.21,53.1,33933.45,-20.69
FMM,2013-02-04,2013,35,-12.69,-26.05,0,0.0796434172524353,125.4285,19.5477367297109,278.73,72.86,34102.33,-19.37
FMM,2013-02-05,2013,36,-18.68,-30.17,0,0.0459603790398393,115.983,18.1663044037461,257.74,49.58,34273.31,-24.425
FMM,2013-02-06,2013,37,-11.88,-26.5,2.26,0.0888929822958447,101.9475,16.048543071474,226.55,69.92,34446.32,-19.19
FMM,2013-02-07,2013,38,-20.45,-33.8,0,0.043328029328052,132.4395,20.9544783073992,294.31,34.89,34621.28,-27.125
FMM,2013-02-08,2013,39,-12.56,-33.67,0,0.0995247927962888,161.0955,25.6186072319666,357.99,35.33,34798.13,-23.115
FMM,2013-02-09,2013,40,-12.61,-21.94,0,0.0641649520675594,101.8485,16.2798645351596,226.33,105.41,34976.79,-17.275
FMM,2013-02-10,2013,41,-4.71,-25.45,0,0.177540236580969,163.6875,26.29940937975,363.75,76.96,35157.2,-15.08
FMM,2013-02-11,2013,42,-2.36,-21.91,5.79,0.204576261136516,119.9835,19.3774073600835,266.63,105.69,35339.3,-12.135
FMM,2013-02-12,2013,43,-2.34,-7.21,1.61,0.0798556607375234,55.989,9.0892629774873,124.42,355.73,35523.01,-4.775
FMM,2013-02-13,2013,44,-4.83,-15,0,0.118714971406637,112.617,18.3776123152332,250.26,190.79,35708.28,-9.915
FMM,2013-02-14,2013,45,-3.55,-16.47,0,0.15133629164767,135.909,22.2945638015565,302.02,168.73,35895.05,-10.01
FMM,2013-02-15,2013,46,-2.96,-10.51,4.9,0.108938388706325,67.2795,11.0944169193006,149.51,274.59,36083.24,-6.735
FMM,2013-02-16,2013,47,-5.84,-19.06,0,0.130721088705466,146.997,24.3672204474378,326.66,135.38,36272.82,-12.45
FMM,2013-02-17,2013,48,-12.04,-20.47,0,0.0624040239048138,107.937,17.9865304408539,239.86,119.89,36463.71,-16.255
FMM,2013-02-18,2013,49,-9.99,-20.66,0,0.0849869646524737,132.057,22.1218294713714,293.46,117.92,36655.86,-15.325
FMM,2013-02-19,2013,50,0.8,-20.77,3.66,0.265728147468382,140.2965,23.6260618333461,311.77,116.77,36849.22,-9.985
FMM,2013-02-20,2013,51,-4.4,-6.52,10.85,0.0334136581913225,26.3115,4.4542709880957,58.47,375.22,37043.74,-5.46
FMM,2013-02-21,2013,52,-7.08,-13.52,4.13,0.072693137855372,70.677,12.0280857475104,157.06,215.48,37239.36,-10.3
FMM,2013-02-22,2013,53,-0.45,-18.2,0,0.223249151628495,189.3015,32.3862036130157,420.67,145.74,37436.03,-9.325
FMM,2013-02-23,2013,54,-4.11,-17.52,5.64,0.148890717023686,124.9875,21.4961012998875,277.75,154.37,37633.7,-10.815
FMM,2013-02-24,2013,55,-3.02,-7.11,3.27,0.0660185279309682,47.1645,8.1544450268448,104.81,358.29,37832.32,-5.065
FMM,2013-02-25,2013,56,-1.99,-7.16,0,0.085830210290613,79.812,13.8717725631624,177.36,357.18,38031.86,-4.575
FMM,2013-02-26,2013,57,-1.75,-6.91,0,0.087182934020819,81.702,14.275086393015,181.56,364.01,38232.25,-4.33
FMM,2013-02-27,2013,58,-0.52,-6.98,0,0.113601072385311,105.084,18.4570544199636,233.52,361.94,38433.47,-3.75
FMM,2013-02-28,2013,59,-4.77,-6.36,15.02,0.0250412140699283,26.046,4.598786113299,57.88,379.84,38635.45,-5.565
FMM,2013-03-01,2013,60,-3.46,-5.84,7.04,0.0395529530468296,34.8525,6.1859870448165,77.45,395.2,38838.18,-4.65
FMM,2013-03-02,2013,61,-2.11,-6.57,3.94,0.0753755326782878,63.612,11.3496572574756,141.36,373.6,39041.59,-4.34
FMM,2013-03-03,2013,62,-0.38,-3.93,6.57,0.0691786089214529,52.587,9.4316162542335,116.86,456.62,39245.65,-2.155
FMM,2013-03-04,2013,63,0.23,-3.92,3.07,0.0824286343594556,62.415,11.2526760255615,138.7,456.99,39450.33,-1.845
FMM,2013-03-05,2013,64,0.31,-3.6,0,0.0786560236613661,82.8315,15.0112252540984,184.07,468.11,39655.59,-1.645
FMM,2013-03-06,2013,65,-2.87,-6.49,0,0.0597145244605509,80.595,14.681709599427,179.1,376.09,39861.38,-4.68
FMM,2013-03-07,2013,66,-4.82,-7.94,0,0.0461063662239567,73.08,13.381624128852,162.4,336.18,40067.67,-6.38
FMM,2013-03-08,2013,67,3.31,-9.17,0,0.234954760682377,216.4095,39.8310655140185,480.91,305.19,40274.43,-2.93
FMM,2013-03-09,2013,68,3.85,-13.84,0,0.297569149538548,239.3235,44.2750876371999,531.83,209.91,40481.62,-4.995
FMM,2013-03-10,2013,69,3.59,-11.46,0,0.267976867775986,234.756,43.6528053552132,521.68,254.53,40689.21,-3.935
FMM,2013-03-11,2013,70,6.93,-1.23,0,0.219133549931466,174.438,32.6024738699022,387.64,558.08,40897.17,2.85
FMM,2013-03-12,2013,71,4.51,0.63,35.09,0.101816899614566,73.053,13.7231486640666,162.34,639.03,41105.46,2.57
FMM,2013-03-13,2013,72,2.53,-4.71,0,0.151167481144937,176.3685,33.2992833552918,391.93,430.75,41314.04,-1.09
FMM,2013-03-14,2013,73,-4.06,-16.07,0,0.139660453965439,235.449,44.678720539197,523.22,174.47,41522.9,-10.065
FMM,2013-03-15,2013,74,-7.99,-17.93,0,0.0937226533903149,220.1355,41.9831846548277,489.19,149.11,41731.99,-12.96
FMM,2013-03-16,2013,75,-10.32,-22.03,0,0.0879987796585708,239.616,45.9276049410048,532.48,104.53,41941.29,-16.175
FMM,2013-03-17,2013,76,-14.97,-24.61,0,0.0549547328282605,221.6925,42.7044087724882,492.65,83.04,42150.77,-19.79
FMM,2013-03-18,2013,77,-6.38,-23.32,0,0.143700404367479,264.4875,51.20134906815,587.75,93.29,42360.4,-14.85
FMM,2013-03-19,2013,78,-9.18,-17.66,10.7,0.0771325589548542,154.3815,30.0342322526337,343.07,152.57,42570.14,-13.42
FMM,2013-03-20,2013,79,-7.65,-12.25,3.72,0.0533102458221557,96.9255,18.949367818814,215.39,238.82,42779.97,-9.95
FMM,2013-03-21,2013,80,-5.88,-14.55,1.85,0.0988237682084752,220.4775,43.3158065659238,489.95,197.94,42989.85,-10.215
FMM,2013-03-22,2013,81,-3.85,-15.47,0,0.13870638351495,251.064,49.5657952426296,557.92,183.49,43199.77,-9.66
FMM,2013-03-23,2013,82,-2.29,-7.79,0,0.0887537384626801,156.546,31.0559529214818,347.88,339.98,43409.69,-5.04
FMM,2013-03-24,2013,83,1.22,-4.53,0,0.115598953372451,167.337,33.3571976918613,371.86,436.55,43619.57,-1.655
FMM,2013-03-25,2013,84,0.52,-6.29,0,0.126585008426346,196.146,39.288114020268,435.88,381.85,43829.4,-2.885
FMM,2013-03-26,2013,85,2.12,-6.82,0,0.172875034335255,232.2945,46.7513391466148,516.21,366.53,44039.15,-2.35
FMM,2013-03-27,2013,86,2.49,-3.96,0,0.137564797392507,187.5195,37.9196080228885,416.71,455.82,44248.77,-0.735
FMM,2013-03-28,2013,87,5.8,-4.63,0,0.244477446941657,249.6645,50.7253856800612,554.81,433.11,44458.25,0.585
FMM,2013-03-29,2013,88,4.96,-8.61,0,0.275534885375354,274.446,56.022855052761,609.88,318.93,44667.55,-1.825
FMM,2013-03-30,2013,89,4.08,-11.54,0,0.282736881472958,283.329,58.1068806529392,629.62,252.79,44876.64,-3.73
FMM,2013-03-31,2013,90,5.43,-12.33,5.9,0.330753583997918,215.3565,44.3722115470275,478.57,237.34,45085.5,-3.45
FMM,2013-04-01,2013,91,0.59,-11.79,8.14,0.195370666114329,197.019,40.7817491719347,437.82,247.79,45294.09,-5.6
FMM,2013-04-02,2013,92,-11.53,-16.03,0,0.0399601214926252,128.565,26.734561625079,285.7,175.02,45502.38,-13.78
FMM,2013-04-03,2013,93,-6.91,-13.89,0,0.0782704044222244,187.9065,39.2529553273427,417.57,209.06,45710.33,-10.4
FMM,2013-04-04,2013,94,-0.11,-13.68,5.07,0.197215975596626,205.4385,43.1102203381944,456.53,212.59,45917.92,-6.895
FMM,2013-04-05,2013,95,0.54,-12.58,4.34,0.201930484893061,201.7485,42.526919919596,448.33,232.43,46125.11,-6.02
FMM,2013-04-06,2013,96,-6.18,-14.93,0,0.0973933457303962,215.298,45.5864862280968,478.44,191.85,46331.88,-10.555
FMM,2013-04-07,2013,97,0.51,-14.35,3.05,0.21677401411472,212.283,45.1482289034427,471.74,201.26,46538.17,-6.92
FMM,2013-04-08,2013,98,2.01,-5.27,2.73,0.146969817023401,141.6375,30.256588189665,314.75,412.7,46743.96,-1.63
FMM,2013-04-09,2013,99,2.91,-6.3,3.05,0.185784549818477,171.441,36.7840270029114,380.98,381.62,46949.22,-1.695
FMM,2013-04-10,2013,100,1.78,-8.63,0,0.188341421883538,249.309,53.724424863807,554.02,318.54,47153.9,-3.425
FMM,2013-04-11,2013,101,-3.11,-14.14,0,0.141262234863518,258.228,55.8872332186212,573.84,204.65,47357.97,-8.625
FMM,2013-04-12,2013,102,-1.45,-12.92,13.28,0.162143462456974,196.173,42.6392817962418,435.94,226.22,47561.38,-7.185
FMM,2013-04-13,2013,103,-0.83,-4.59,7.69,0.0704900581381669,80.883,17.655297910371,179.74,434.66,47764.1,-2.71
FMM,2013-04-14,2013,104,2.26,-3.07,5.03,0.115992926043971,112.8825,24.7444119457222,250.85,487.14,47966.09,-0.405
FMM,2013-04-15,2013,105,5.31,-4.24,0,0.222514121774312,242.1225,53.2971200857207,538.05,446.15,48167.31,0.535
FMM,2013-04-16,2013,106,5.79,-1.08,23.88,0.178359889946685,142.6005,31.5204765084374,316.89,564.34,48367.71,2.355
FMM,2013-04-17,2013,107,2.9,-8.4,0,0.214376543787248,274.59,60.945878432412,610.2,324.19,48567.24,-2.75
FMM,2013-04-18,2013,108,4.72,-9.72,9.98,0.28168170272874,225.2025,50.1886349827447,500.45,292.26,48765.87,-2.5
FMM,2013-04-19,2013,109,12.48,2.54,16.39,0.355909643035205,183.375,41.032609404075,407.5,733.12,48963.54,7.51
FMM,2013-04-20,2013,110,3.52,-6.91,3.75,0.211276123317989,194.589,43.7167849938633,432.42,363.97,49160.21,-1.695
FMM,2013-04-21,2013,111,0.67,-10.56,0,0.184301976967392,274.473,61.9090712650863,609.94,273.51,49355.83,-4.945
FMM,2013-04-22,2013,112,7.38,-13.3,0,0.404283406036701,326.592,73.955157935904,725.76,219.34,49550.35,-2.96
FMM,2013-04-23,2013,113,8.46,-7.88,0,0.384178839681413,309.4875,70.3554079702163,687.75,337.7,49743.71,0.29
FMM,2013-04-24,2013,114,14.32,1.17,5.18,0.482116472966457,207.4455,47.3404998467885,460.99,664.74,49935.87,7.745
FMM,2013-04-25,2013,115,8.55,-6.42,4.21,0.367446817790938,223.263,51.1449404408307,496.14,377.94,50126.77,1.065
FMM,2013-04-26,2013,116,8.91,-6.48,0,0.381932106629983,300.4335,69.0833835895923,667.63,376.28,50316.34,1.215
FMM,2013-04-27,2013,117,10,-6.24,0,0.421793736055958,305.3745,70.4821898315511,678.61,383.2,50504.54,1.88
FMM,2013-04-28,2013,118,14.28,-6.03,0,0.617852767052641,322.767,74.7719729902989,717.26,389.6,50691.31,4.125
FMM,2013-04-29,2013,119,16.42,-3.3,0,0.692662909297163,318.978,74.1643040673414,708.84,478.93,50876.59,6.56
FMM,2013-04-30,2013,120,16.61,-0.84,0,0.656080813124755,307.8765,71.8416176899815,684.17,574.53,51060.3,7.885
FMM,2013-05-01,2013,121,17.48,-0.31,0,0.706249784942949,309.051,72.372873378168,686.78,589.1,51242.4,8.585
FMM,2013-05-02,2013,122,15.08,0.49,1.68,0.540758255247748,283.5585,66.6368961117129,630.13,631.12,51422.82,7.785
FMM,2013-05-03,2013,123,17.25,-2.7,0,0.75651109115904,318.5955,75.1307968985238,707.99,476.39,51601.48,7.275
FMM,2013-05-04,2013,124,20.81,-1.2,0,0.992471402100053,324.081,76.6863044488161,720.18,513.95,51778.33,9.805
FMM,2013-05-05,2013,125,22.23,-1.14,0,1.11026567332743,327.1545,77.6751743937645,727.01,508.75,51953.3,10.545
FMM,2013-05-06,2013,126,22.05,2.13,0,1.02390943389473,310.239,73.9042772965713,689.42,655.41,52126.31,12.09
FMM,2013-05-07,2013,127,23.16,1.45,0,1.14120885111223,318.204,76.0503153829212,707.12,613.46,52297.29,12.305
FMM,2013-05-08,2013,128,23.28,-0.37,0,1.19185122676224,324.909,77.9035747347234,722.02,531.36,52466.18,11.455
FMM,2013-05-09,2013,129,16.76,5.43,11.1,0.50277204385827,163.953,39.4359933787569,364.34,898.51,52632.89,11.095
FMM,2013-05-10,2013,130,14.49,2.58,10.87,0.456006372268861,172.449,41.6091733413048,383.22,735.06,52797.36,8.535
FMM,2013-05-11,2013,131,11.46,2.94,31.45,0.29811837341647,132.2055,31.9970309418239,293.79,754.51,52959.51,7.2
FMM,2013-05-12,2013,132,9.71,-0.31,0.89,0.302699291452155,206.0865,50.0285226401213,457.97,597.19,53119.25,4.7
FMM,2013-05-13,2013,133,2.26,-3.26,6.74,0.119598671725997,91.665,22.318016380506,203.7,480.11,53276.52,-0.5
FMM,2013-05-14,2013,134,7.2,-4.73,0,0.292459337135757,236.799,57.8217505757589,526.22,430.07,53431.23,1.235
FMM,2013-05-15,2013,135,11.15,-5.91,4.97,0.465681551306788,219.8115,53.8264907541315,488.47,393,53583.3,2.62
FMM,2013-05-16,2013,136,8.41,1.68,6.89,0.20630063079791,105.8985,26.0042509941957,235.33,689.24,53732.66,5.045
FMM,2013-05-17,2013,137,11.25,-1.54,0,0.393751004893943,244.863,60.2921466223893,544.14,545.45,53879.23,4.855
FMM,2013-05-18,2013,138,13.78,-2.02,0,0.523242653476938,280.089,69.1496883741843,622.42,526.74,54022.91,5.88
FMM,2013-05-19,2013,139,17.28,-2.14,9.62,0.723416620151686,229.6035,56.8332572175018,510.23,521.95,54163.64,7.57
FMM,2013-05-20,2013,140,14.23,2.09,8.24,0.45476561541675,171.873,42.6514936296852,381.94,709.98,54301.32,8.16
FMM,2013-05-21,2013,141,16.17,2.74,6.18,0.545479043022862,183.969,45.7663308432804,408.82,743.52,54435.88,9.455
FMM,2013-05-22,2013,142,10.47,5.72,15.16,0.173630340041068,76.356,19.0410668414316,169.68,917.04,54567.23,8.095
FMM,2013-05-23,2013,143,15.08,6.43,25.48,0.373827287395632,132.7635,33.1852353392835,295.03,962.68,54695.3,10.755
FMM,2013-05-24,2013,144,6.05,3.77,10.88,0.0683697678255639,45.1665,11.3154458121,100.37,800.16,54820,4.91
FMM,2013-05-25,2013,145,4.2,0.34,11.88,0.0994409179557512,69.237,17.3841275168316,153.86,625.74,54941.24,2.27
FMM,2013-05-26,2013,146,4.35,-0.35,6.97,0.118991524143221,84.1095,21.1635858942684,186.91,595.26,55058.96,2.0
FMM,2013-05-27,2013,147,12.06,-2.57,0,0.450192369363328,285.6825,72.0322381504665,634.85,505.64,55173.06,4.745
FMM,2013-05-28,2013,148,18.54,-3.83,0,0.835532801461252,335.889,84.8608455587004,746.42,460.18,55283.48,7.355
FMM,2013-05-29,2013,149,17.11,-1.47,10.59,0.699635324944545,236.691,59.9142670206444,525.98,548.41,55390.12,7.82
FMM,2013-05-30,2013,150,20.44,10.33,2.16,0.570961018400259,158.3145,40.1489830818365,351.81,1254.6,55492.93,15.385
FMM,2013-05-31,2013,151,25.05,12.86,35.63,0.843334118003384,178.335,45.3068220441195,396.3,1482.94,55591.81,18.955
FMM,2013-06-01,2013,152,20.26,11.48,4.73,0.507346735175972,141.9705,36.1298196955395,315.49,1354.71,55686.7,15.87
FMM,2013-06-02,2013,153,16.03,10.19,6.17,0.286957353237427,102.8025,26.2046977421602,228.45,1242.94,55777.53,13.11
FMM,2013-06-03,2013,154,14.92,5.55,0,0.393594190020371,217.197,55.4502823304238,482.66,905.78,55864.22,10.235
FMM,2013-06-04,2013,155,11.21,2.56,0,0.297305461094209,212.571,54.3494017777437,472.38,734.21,55946.71,6.885
FMM,2013-06-05,2013,156,14.18,0.13,0,0.498898780641731,294.012,75.2770612929096,653.36,616.59,56024.94,7.155
FMM,2013-06-06,2013,157,16.11,-0.99,0,0.629677493271697,318.2265,81.5842538652272,707.17,568.25,56098.83,7.56
FMM,2013-06-07,2013,158,13.33,5.91,8.69,0.299025770532249,145.971,37.4691958246998,324.38,928.92,56168.34,9.62
FMM,2013-06-08,2013,159,10.12,6.38,15.59,0.137632013315128,80.172,20.603132741736,178.16,959.79,56233.4,8.25
FMM,2013-06-09,2013,160,10.93,3.31,7,0.264995692587693,154.341,39.7062899872452,342.98,774.31,56293.96,7.12
FMM,2013-06-10,2013,161,21.07,0.83,0,0.921946146516762,327.2625,84.2764454569575,727.25,648.7,56349.98,10.95
FMM,2013-06-11,2013,162,15.94,8.3,9.9,0.35588275920818,146.682,37.8079239040686,325.96,1094.65,56401.39,12.12
FMM,2013-06-12,2013,163,17.55,5.66,2.02,0.54446728029526,198.819,51.2889579242928,441.82,912.84,56448.16,11.605
FMM,2013-06-13,2013,164,19.04,2.51,0,0.733371833569643,307.2195,79.3119220646288,682.71,731.56,56490.25,10.775
FMM,2013-06-14,2013,165,20.38,1.48,0,0.854712086094845,317.88,82.118329294392,706.4,679.6,56527.62,10.93
FMM,2013-06-15,2013,166,16.92,0.82,1.31,0.638095667718479,302.76,78.257494659168,672.8,648.02,56560.24,8.87
FMM,2013-06-16,2013,167,10.99,-1.31,7.05,0.377509715268583,202.3155,52.3203200913451,449.59,554.95,56588.09,4.84
FMM,2013-06-17,2013,168,12.91,5.29,3.48,0.298160868005644,142.704,36.9193540369536,317.12,889.61,56611.12,9.1
FMM,2013-06-18,2013,169,14.31,1.1,0,0.483182431900522,282.0825,73.0018463085135,626.85,661.48,56629.34,7.705
FMM,2013-06-19,2013,170,17.28,-0.41,0,0.687813980201679,312.2865,80.8376042098166,693.97,592.86,56642.71,8.435
FMM,2013-06-20,2013,171,18.45,-0.29,0,0.760487334722528,314.8245,81.506841877247,699.61,597.98,56651.23,9.08
FMM,2013-06-21,2013,172,19.78,5.52,7.38,0.698405846171594,207.684,53.7720462874944,461.52,904.33,56654.88,12.65
FMM,2013-06-22,2013,173,20.06,4.02,0,0.763628436851918,290.295,75.159499762692,645.1,814.36,56653.68,12.04
FMM,2013-06-23,2013,174,22.3,7.19,0,0.835968078450046,274.0725,70.9517730591833,609.05,1014.52,56647.61,14.745
FMM,2013-06-24,2013,175,22.71,13.86,0,0.585156231813682,183.3795,47.4640560749174,407.51,1582.89,56636.69,18.285
FMM,2013-06-25,2013,176,25.95,11.13,6.22,1.01042664324187,192.645,49.8483498957615,428.1,1323.16,56620.91,18.54
FMM,2013-06-26,2013,177,14.75,7.61,15.6,0.314764668111739,118.0215,30.527844434059,262.27,1044.27,56600.31,11.18
FMM,2013-06-27,2013,178,14.99,8.11,3.77,0.309990664586247,117.36,30.343104943128,260.8,1080.14,56574.89,11.55
FMM,2013-06-28,2013,179,10.07,8.27,33.01,0.0694058754161411,39.897,10.3097495343843,88.66,1092.06,56544.67,9.17
FMM,2013-06-29,2013,180,18.72,8.35,7.68,0.527920459839797,166.1265,42.9020495621375,369.17,1098.04,56509.69,13.535
FMM,2013-06-30,2013,181,18.3,7.18,0,0.542184690761843,233.316,60.2113488313176,518.48,1013.8,56469.98,12.74
FMM,2013-07-01,2013,182,20.06,5.12,0,0.731495479916964,271.728,70.0690888742976,603.84,879,56425.56,12.59
FMM,2013-07-02,2013,183,20.02,7.38,0,0.654035455028466,244.494,62.9915709054942,543.32,1027.64,56376.49,13.7
FMM,2013-07-03,2013,184,23.73,10.54,0,0.82805803159595,242.5005,62.4184526453251,538.89,1272.51,56322.79,17.135
FMM,2013-07-04,2013,185,26.24,12.77,6.19,0.963531314631679,178.1415,45.805312031314,395.87,1474.4,56264.51,19.505
FMM,2013-07-05,2013,186,25.91,13.38,0,0.900305141365063,226.5975,58.199723461989,503.55,1534.66,56201.72,19.645
FMM,2013-07-06,2013,187,25.87,12.61,0,0.933955633579433,235.17,60.329192684436,522.6,1459.46,56134.44,19.24
FMM,2013-07-07,2013,188,22.29,12.56,0,0.614804523673129,191.214,48.990320840745,424.92,1454.26,56062.75,17.425
FMM,2013-07-08,2013,189,23.03,9.64,0,0.804926563270645,235.0935,60.1508393019765,522.43,1197.93,55986.7,16.335
FMM,2013-07-09,2013,190,22.83,10.73,0,0.742708528856798,217.2825,55.513954656819,482.85,1288.44,55906.36,16.78
FMM,2013-07-10,2013,191,20.75,11.63,23.05,0.536822035754489,133.9785,34.1786507445887,297.73,1368.35,55821.77,16.19
FMM,2013-07-11,2013,192,18.24,5.18,0,0.603926974726103,234.54,59.737314874356,521.2,882.85,55733.02,11.71
FMM,2013-07-12,2013,193,23.18,2.07,0,1.06299851930298,281.853,71.6683341759957,626.34,708.75,55640.17,12.625
FMM,2013-07-13,2013,194,25.76,3.8,0,1.25304472055206,280.107,71.1003539973771,622.46,801.58,55543.29,14.78
FMM,2013-07-14,2013,195,28.42,7.34,0,1.42057174309185,271.1745,68.7080368575639,602.61,1025,55442.46,17.88
FMM,2013-07-15,2013,196,28.06,10.77,0,1.24693560450731,248.4945,62.8426368282051,552.21,1291.75,55337.74,19.415
FMM,2013-07-16,2013,197,27.51,13.41,0,1.06344051180122,219.807,55.4787450636678,488.46,1537.84,55229.22,20.46
FMM,2013-07-17,2013,198,27.5,12.95,30.01,1.08538581269929,165.1995,41.6111946471864,367.11,1492.12,55116.96,20.225
FMM,2013-07-18,2013,199,22.95,10.63,10.37,0.756792418221912,151.7895,38.1530261236959,337.31,1280.21,55001.06,16.79
FMM,2013-07-19,2013,200,23.53,13.7,15.65,0.663456099306229,127.0665,31.869404809709,282.37,1566.44,54881.59,18.615
FMM,2013-07-20,2013,201,22.57,8.06,6.84,0.827342856186122,170.172,42.5850143436648,378.16,1076.35,54758.62,15.315
FMM,2013-07-21,2013,202,16.15,2.28,0,0.55594629426392,228.1095,56.9519475827796,506.91,719.93,54632.24,9.215
FMM,2013-07-22,2013,203,20.41,0.79,0,0.873288583853792,262.062,65.2735139932836,582.36,646.8,54502.54,10.6
FMM,2013-07-23,2013,204,21.62,4.81,14.44,0.858642499385581,163.9845,40.7450615492007,364.41,860.42,54369.58,13.215
FMM,2013-07-24,2013,205,14.36,5.9,0,0.352176753997827,140.2605,34.7631318286281,311.69,928.26,54233.46,10.13
FMM,2013-07-25,2013,206,18.82,2.44,0,0.720046578537708,218.52,54.020497067064,485.6,728.08,54094.26,10.63
FMM,2013-07-26,2013,207,18.87,3.15,0,0.704822282121836,211.716,52.2008905107672,470.48,765.48,53952.06,11.01
FMM,2013-07-27,2013,208,23.49,7.54,0,0.923714442401788,206.1,50.67951922638,458,1039.46,53806.94,15.515
FMM,2013-07-28,2013,209,22.12,9.52,4.68,0.734032451293487,131.022,32.1294164304492,291.16,1188.53,53658.98,15.82
FMM,2013-07-29,2013,210,22.31,8.59,3.45,0.786186642234113,138.285,33.8152174044615,307.3,1115.77,53508.27,15.45
FMM,2013-07-30,2013,211,18.85,6.43,10.11,0.604228118082981,130.8105,31.895753905157,290.69,963.1,53354.87,12.64
FMM,2013-07-31,2013,212,21.88,8.7,0,0.747239699874812,179.6535,43.6771662056906,399.23,1124.11,53198.89,15.29
FMM,2013-08-01,2013,213,23.2,7.87,6.54,0.887069690652278,146.628,35.5418261125848,325.84,1062.85,53040.38,15.535
FMM,2013-08-02,2013,214,20.46,9.76,7.97,0.596262204869851,114.7185,27.7227626720148,254.93,1207.34,52879.44,15.11
FMM,2013-08-03,2013,215,16.89,6.99,4.8,0.459776481616838,110.259,26.5627949439519,245.02,1000.38,52716.13,11.94
FMM,2013-08-04,2013,216,16.75,8.54,5.11,0.394918426579876,93.8385,22.5358757844003,208.53,1112.41,52550.54,12.645
FMM,2013-08-05,2013,217,15.27,5.35,0,0.419000675345076,150.192,35.9543309813856,333.76,893.4,52382.74,10.31
FMM,2013-08-06,2013,218,21.24,4.24,0,0.845834907253629,209.2455,49.9286005942874,464.99,826.78,52212.81,12.74
FMM,2013-08-07,2013,219,21.89,3.27,0,0.924543589578631,216.621,51.5182146247557,481.38,771.91,52040.81,12.58
FMM,2013-08-08,2013,220,20.87,12.5,19.17,0.506261482956002,90.9945,21.5685507608793,202.21,1448.23,51866.82,16.685
FMM,2013-08-09,2013,221,20.68,11.18,6.83,0.552015800131632,101.7675,24.0402779032523,226.15,1327.86,51690.91,15.93
FMM,2013-08-10,2013,222,14.86,6.81,0,0.34880356909673,122.5035,28.8391787499942,272.23,988.41,51513.16,10.835
FMM,2013-08-11,2013,223,19.43,6.1,2.96,0.655046893826082,136.269,31.9679712339813,302.82,941.44,51333.61,12.765
FMM,2013-08-12,2013,224,18.3,5.32,3.61,0.603253206911523,135.8865,31.7656823138298,301.97,891.78,51152.36,11.81
FMM,2013-08-13,2013,225,15.24,5.5,14.61,0.412506024371831,112.896,26.296908914304,250.88,902.9,50969.45,10.37
FMM,2013-08-14,2013,226,12.78,6.63,9.93,0.248159768324879,77.1435,17.9040205717853,171.43,976.45,50784.95,9.705
FMM,2013-08-15,2013,227,14.96,3.77,9.3,0.449016957488969,128.214,29.6478348343614,284.92,799.63,50598.93,9.365
FMM,2013-08-16,2013,228,16.49,3.09,0,0.554639165954009,191.556,44.1307250689248,425.68,762.57,50411.44,9.79
FMM,2013-08-17,2013,229,18.98,0.86,0,0.770138613981572,217.9845,50.0311601486708,484.41,649.97,50222.55,9.92
FMM,2013-08-18,2013,230,22.07,3.72,0,0.926117115685587,213.957,48.9207666845619,475.46,797.24,50032.31,12.895
FMM,2013-08-19,2013,231,22.23,11.75,0,0.647338210982118,151.2765,34.456613026748,336.17,1379.15,49840.79,16.99
FMM,2013-08-20,2013,232,23.98,12.2,0,0.776558541277807,163.341,37.0606840278111,362.98,1420,49648.03,18.09
FMM,2013-08-21,2013,233,24.44,11.82,0,0.834981963535468,172.053,38.8848633159168,382.34,1385.65,49454.08,18.13
FMM,2013-08-22,2013,234,21.01,11.81,17.98,0.548912828344284,104.3955,23.5008547315394,231.99,1384.12,49259.01,16.41
FMM,2013-08-23,2013,235,16.51,2.45,0,0.57326456164265,191.889,43.0248365307351,426.42,728.23,49062.87,9.48
FMM,2013-08-24,2013,236,20.29,0.22,0,0.87748142325623,218.9565,48.8965342678565,486.57,620.73,48865.69,10.255
FMM,2013-08-25,2013,237,20.71,1.96,0,0.867190359974502,212.238,47.2039931901564,471.64,703.54,48667.54,11.335
FMM,2013-08-26,2013,238,19.14,11.48,2.44,0.427835268344996,87.6825,19.4217493498515,194.85,1354.62,48468.46,15.31
FMM,2013-08-27,2013,239,23.43,10.81,1.38,0.790032681953356,169.686,37.4305255632198,377.08,1295.81,48268.49,17.12
FMM,2013-08-28,2013,240,21.05,11.89,0,0.547883735787166,135.3825,29.739378682332,300.85,1391.86,48067.68,16.47
FMM,2013-08-29,2013,241,17.59,9.9,3.56,0.393610910727363,89.487,19.5751009873872,198.86,1218.93,47866.08,13.745
FMM,2013-08-30,2013,242,20.45,9.93,4.75,0.588400173139577,114.0885,24.8511221988354,253.53,1221.37,47663.72,15.19
FMM,2013-08-31,2013,243,21.12,8.33,0,0.701666493254904,174.024,37.744965151092,386.72,1096.26,47460.65,14.725
FMM,2013-09-01,2013,244,21.23,8.52,0,0.70269922734199,171.7335,37.0882592612055,381.63,1110.79,47256.9,14.875
FMM,2013-09-02,2013,245,13.23,8.68,20.91,0.197084096827938,56.133,12.0702824758593,124.74,1122.66,47052.53,10.955
FMM,2013-09-03,2013,246,15.82,9.27,1.87,0.311858373307658,103.941,22.2530768091972,230.98,1168.79,46847.56,12.545
FMM,2013-09-04,2013,247,14.09,2.87,1.06,0.427030626837968,162.9765,34.7391054464881,362.17,750.64,46642.03,8.48
FMM,2013-09-05,2013,248,9.27,-1.42,0,0.308881735854621,161.4825,34.2686008811498,358.85,550.24,46435.99,3.925
FMM,2013-09-06,2013,249,14.97,-1.4,0,0.57393719417858,198.6885,41.9766476288697,441.53,551.23,46229.46,6.785
FMM,2013-09-07,2013,250,13.28,7.17,4.46,0.254664515000698,73.953,15.5539971179208,164.34,1012.81,46022.48,10.225
FMM,2013-09-08,2013,251,8.45,0.73,0,0.230631402157852,124.65,26.09858322954,277,643.67,45815.08,4.59
FMM,2013-09-09,2013,252,15.24,-1.54,0,0.591417029137446,195.813,40.8124041621471,435.14,545.8,45607.31,6.85
FMM,2013-09-10,2013,253,15.03,6.83,5.53,0.357199790253212,92.9115,19.2767440204449,206.47,989.97,45399.18,10.93
FMM,2013-09-11,2013,254,20.23,11.26,5.8,0.514843412989664,96.8085,19.9930542325353,215.13,1335.24,45190.74,15.745
FMM,2013-09-12,2013,255,18.89,11.28,9.42,0.419627715357265,84.7215,17.4160150279551,188.27,1336.82,44982.02,15.085
FMM,2013-09-13,2013,256,14.74,8.2,5.08,0.292965571878924,75.5145,15.4512327418956,167.81,1086.89,44773.04,11.47
FMM,2013-09-14,2013,257,9.89,5.97,5.32,0.142138282344473,48.645,9.906882545376,108.1,932.48,44563.84,7.93
FMM,2013-09-15,2013,258,11.38,0.68,3.28,0.351370204333286,115.3215,23.3756491949348,256.27,641.46,44354.45,6.03
FMM,2013-09-16,2013,259,4.86,0.07,0.65,0.124914447078587,82.197,16.5825992816181,182.66,613.66,44144.89,2.465
FMM,2013-09-17,2013,260,12.81,-0.36,0,0.440884982083735,175.167,35.170707105288,389.26,594.97,43935.2,6.225
FMM,2013-09-18,2013,261,17.46,2.12,0,0.639753685892832,181.0485,36.1780471821159,402.33,711.43,43725.42,9.79
FMM,2013-09-19,2013,262,19.22,1.52,0,0.770642257534577,186.228,37.034429273478,413.84,681.75,43515.55,10.37
FMM,2013-09-20,2013,263,17.76,9.46,0,0.422333622373795,121.4595,24.0376634645198,269.91,1183.31,43305.65,13.61
FMM,2013-09-21,2013,264,17.5,8.81,13.14,0.43066461521006,93.5055,18.4156731615236,207.79,1133.16,43095.73,13.155
FMM,2013-09-22,2013,265,11.93,2.35,13.09,0.334922814400186,103.7835,20.3403410848629,230.63,723.53,42885.82,7.14
FMM,2013-09-23,2013,266,5.75,1.64,0,0.115462244218478,70.3755,13.7252730450186,156.39,687.38,42675.96,3.695
FMM,2013-09-24,2013,267,6.33,1.72,0,0.131991840092331,80.4555,15.614030817788,178.79,691.58,42466.17,4.025
FMM,2013-09-25,2013,268,12.76,3.47,0,0.344332167571125,139.5,26.9391398472,310,783.01,42256.48,8.115
FMM,2013-09-26,2013,269,12.05,3.85,0,0.299923363461209,127.962,24.5884703029362,284.36,804.52,42046.93,7.95
FMM,2013-09-27,2013,270,18.27,0.47,0,0.731635444409034,177.786,33.9922490110308,395.08,631.88,41837.54,9.37
FMM,2013-09-28,2013,271,20.76,0.01,0,0.917314499759563,178.9425,34.0422839054843,397.65,611.14,41628.33,10.385
FMM,2013-09-29,2013,272,18.57,0.12,0,0.759520677155426,174.0015,32.9361226626443,386.67,615.97,41419.35,9.345
FMM,2013-09-30,2013,273,18.98,0.5,0,0.778588317997381,171.63,32.323520550933,381.4,633.19,41210.63,9.74
FMM,2013-10-01,2013,274,19.66,0.67,0,0.821922687384514,170.046,31.8632208913818,377.88,641.1,41002.19,10.165
FMM,2013-10-02,2013,275,17.54,7.55,0,0.480162917591121,123.354,22.9967448809868,274.12,1039.8,40794.06,12.545
FMM,2013-10-03,2013,276,12.64,4.24,0,0.316448157072877,109.3635,20.2846653818046,243.03,826.9,40586.28,8.44
FMM,2013-10-04,2013,277,12.21,-3.17,0,0.468265229381473,157.257,29.0188672019712,349.46,483.51,40378.88,4.52
FMM,2013-10-05,2013,278,10.27,-3.12,0,0.381721858820781,146.5425,26.9030902967775,325.65,485.35,40171.9,3.575
FMM,2013-10-06,2013,279,9.71,-5.19,4.66,0.393921834747963,113.7195,20.7699274542776,252.71,415.24,39965.37,2.26
FMM,2013-10-07,2013,280,15.11,5.69,18.1,0.399657511031273,82.971,15.0758383665204,184.38,914.54,39759.32,10.4
FMM,2013-10-08,2013,281,7.13,-1.46,3.48,0.230631502060258,78.9795,14.2763992068839,175.51,548.78,39553.79,2.835
FMM,2013-10-09,2013,282,12.89,-2.73,0,0.492683223357973,148.9815,26.7904652566131,331.07,499.5,39348.82,5.08
FMM,2013-10-10,2013,283,18.78,-0.62,0,0.789698414567033,153.8685,27.5255499362598,341.93,583.77,39144.44,9.08
FMM,2013-10-11,2013,284,18.45,0.57,0,0.74127260925737,147.6,26.26674150708,328,636.42,38940.69,9.51
FMM,2013-10-12,2013,285,15.88,1.04,0,0.571198721622365,135.189,23.9326273253853,300.42,658.48,38737.61,8.46
FMM,2013-10-13,2013,286,15.68,1.41,0,0.551021321713323,129.78,22.85504868465,288.4,676.08,38535.25,8.545
FMM,2013-10-14,2013,287,12.37,1.33,2.36,0.381082379018434,81.063,14.2010001570924,180.14,672.42,38333.64,6.85
FMM,2013-10-15,2013,288,11.81,-1.71,0,0.422113008041834,123.183,21.4667359383573,273.74,538.82,38132.83,5.05
FMM,2013-10-16,2013,289,11.86,5.11,4.63,0.254187652127205,51.5295,8.93279982892275,114.51,878.55,37932.85,8.485
FMM,2013-10-17,2013,290,9.16,4.98,6.27,0.143776338901865,33.5475,5.785041043152,74.55,870.8,37733.76,7.07
FMM,2013-10-18,2013,291,8.29,2.66,6.04,0.176668924734977,44.9865,7.716880381158,99.97,739.34,37535.6,5.475
FMM,2013-10-19,2013,292,7.99,1.63,7.38,0.191782724174193,51.201,8.7367635018594,113.78,687.05,37338.42,4.81
FMM,2013-10-20,2013,293,5.1,0.31,11.54,0.126789290835637,39.6,6.72171088644,88,624.44,37142.27,2.705
FMM,2013-10-21,2013,294,6.32,-1.3,8.11,0.20008252072306,59.868,10.1086314751044,133.04,555.26,36947.19,2.51
FMM,2013-10-22,2013,295,5.92,-1.42,12.26,0.189569344761362,57.5325,9.663291415971,127.85,550.34,36753.24,2.25
FMM,2013-10-23,2013,296,0.81,-3.46,0,0.0876605261087649,46.8,7.81940708172,104,473.05,36560.47,-1.325
FMM,2013-10-24,2013,297,-0.6,-4.64,0,0.076137292115585,44.0595,7.3229557155201,97.91,433.06,36368.94,-2.62
FMM,2013-10-25,2013,298,0.62,-2.67,2.37,0.0687576047581672,27.459,4.5399780646047,61.02,501.88,36178.69,-1.025
FMM,2013-10-26,2013,299,-0.87,-4.6,15.64,0.0698773899905091,30.7485,5.05730850421455,68.33,434.27,35989.79,-2.735
FMM,2013-10-27,2013,300,0.97,-3.91,6.08,0.0994071920098262,39.9465,6.5359069566615,88.77,457.22,35802.3,-1.47
FMM,2013-10-28,2013,301,-0.68,-6.13,5.14,0.0977642570656833,50.8725,8.28033133877775,113.05,386.57,35616.27,-3.405
FMM,2013-10-29,2013,302,-4.75,-8.34,0,0.0524086362809466,47.8665,7.7506941339828,106.37,325.86,35431.76,-6.545
FMM,2013-10-30,2013,303,-0.43,-10.1,0,0.154744577714341,111.618,17.9802309556584,248.04,283.59,35248.84,-5.265
FMM,2013-10-31,2013,304,8.78,-9.81,28.69,0.420041126058096,105.4305,16.8961648757045,234.29,290.25,35067.57,-0.515
FMM,2013-11-01,2013,305,12.25,0.53,18.28,0.394648993080736,88.065,14.040929609541,195.7,634.41,34888.02,6.39
FMM,2013-11-02,2013,306,0.66,-7.81,0,0.151033520493331,99.405,15.7682018737125,220.9,339.52,34710.25,-3.575
FMM,2013-11-03,2013,307,-3.32,-9.17,0,0.0870608103621073,74.925,11.8248049658925,166.5,305.3,34534.33,-6.245
FMM,2013-11-04,2013,308,-0.43,-12.87,0,0.183061964225248,123.363,19.3712801536512,274.14,227.03,34360.32,-6.65
FMM,2013-11-05,2013,309,1.77,-9.02,0,0.192874721488692,114.021,17.8147067959107,253.38,308.97,34188.31,-3.625
FMM,2013-11-06,2013,310,7.99,-0.58,14.02,0.242692897630384,70.9965,11.0373963900719,157.77,585.47,34018.37,3.705
FMM,2013-11-07,2013,311,7.78,-3.57,13.6,0.293486604942983,82.746,12.800559079071,183.88,469.11,33850.55,2.105
FMM,2013-11-08,2013,312,-2.39,-4.56,0,0.0390739656454346,29.8395,4.59349923944925,66.31,435.42,33684.95,-3.475
FMM,2013-11-09,2013,313,-3.82,-10.86,0,0.0975546394589621,86.535,13.2566297318685,192.3,266.93,33521.63,-7.34
FMM,2013-11-10,2013,314,-3.33,-10.36,2.5,0.100576460902475,65.142,9.9314360966898,144.76,277.92,33360.67,-6.845
FMM,2013-11-11,2013,315,-4,-7.7,4.28,0.0566714313563338,38.259,5.8051844298045,85.02,342.38,33202.15,-5.85
FMM,2013-11-12,2013,316,-7.04,-11.89,0,0.0581221406225442,67.149,10.1408997147102,149.22,245.82,33046.14,-9.465
FMM,2013-11-13,2013,317,-5.62,-12.01,0,0.0800257345876872,84.105,12.6426447688905,186.9,243.44,32892.73,-8.815
FMM,2013-11-14,2013,318,-1,-7.62,0,0.11210478084298,85.527,12.79748540538,190.06,344.58,32742,-4.31
FMM,2013-11-15,2013,319,0.96,-2.67,0,0.076800566263497,50.688,7.5502143839232,112.64,501.76,32594.02,-0.855
FMM,2013-11-16,2013,320,4.45,-5.65,0,0.219143716908655,104.256,15.4602662800896,231.68,401.04,32448.88,-0.6
FMM,2013-11-17,2013,321,5.86,-7.26,16.7,0.28580674111904,83.0475,12.2612521728195,184.55,354.3,32306.66,-0.7
FMM,2013-11-18,2013,322,7.7,-2.75,24.27,0.275683695883091,75.2895,11.0679480656316,167.31,498.83,32167.44,2.475
FMM,2013-11-19,2013,323,-3.35,-8.96,0,0.0839118992299032,69.084,10.112726004444,153.52,310.45,32031.3,-6.155
FMM,2013-11-20,2013,324,-3.55,-13.13,0,0.124479252946417,97.668,14.2375886515908,217.04,222.4,31898.33,-8.34
FMM,2013-11-21,2013,325,4.11,-13.84,0,0.305035723955882,111.789,16.229806716078,248.42,209.85,31768.6,-4.865
FMM,2013-11-22,2013,326,-0.67,-4.22,5.56,0.0677078525680226,31.473,4.551148569942,69.94,446.96,31642.2,-2.445
FMM,2013-11-23,2013,327,-3.11,-13.07,3.1,0.131737229953596,69.759,10.0482809666823,155.02,223.53,31519.21,-8.09
FMM,2013-11-24,2013,328,-12.81,-15.72,0,0.0252404999794877,34.614,4.9669938980658,76.92,179.62,31399.71,-14.265
FMM,2013-11-25,2013,329,-10.26,-16.31,4.72,0.0554713779357071,49.428,7.0665666777288,109.84,170.97,31283.78,-13.285
FMM,2013-11-26,2013,330,-4.31,-11.32,9.6,0.0938983515206159,54.4815,7.76109674283705,121.07,257.45,31171.51,-7.815
FMM,2013-11-27,2013,331,-0.43,-5.79,25.85,0.0979599495710479,42.741,6.0674152182552,94.98,396.8,31062.96,-3.11
FMM,2013-11-28,2013,332,-6.61,-15.52,0,0.0957921387274513,83.9565,11.8780871542551,186.57,182.63,30958.22,-11.065
FMM,2013-11-29,2013,333,-10.56,-20.76,0,0.0792210038863916,90,12.691628055,200,116.85,30857.35,-15.66
FMM,2013-11-30,2013,334,-12.74,-26.13,10.77,0.0794602133821699,74.3805,10.4560578660982,165.29,72.31,30760.45,-19.435
FMM,2013-12-01,2013,335,-6.08,-13.01,8.11,0.0825754617782085,52.839,7.4054278517211,117.42,224.5,30667.57,-9.545
FMM,2013-12-02,2013,336,-4.46,-7.73,3.71,0.049299339788509,27.4365,3.834116875134,60.97,341.63,30578.8,-6.095
FMM,2013-12-03,2013,337,-0.98,-10.42,0,0.146608205171502,84.9285,11.8355039764465,188.73,276.53,30494.19,-5.7
FMM,2013-12-04,2013,338,-3.41,-13.49,0,0.130205366329394,87.912,12.2189866117704,195.36,215.93,30413.81,-8.45
FMM,2013-12-05,2013,339,3.61,-12.82,14.15,0.281765163460167,74.25,10.294274387925,165,228.08,30337.73,-4.605
FMM,2013-12-06,2013,340,1.96,-11.05,0,0.220605887772824,94.5675,13.0801667160848,210.15,263.06,30266.01,-4.545
FMM,2013-12-07,2013,341,-10,-13.99,0,0.040155790872536,42.9255,5.92406689829985,95.39,207.33,30198.71,-11.995
FMM,2013-12-08,2013,342,-12.45,-25.16,0,0.0788561094530619,94.23,12.977447153868,209.4,79,30135.88,-18.805
FMM,2013-12-09,2013,343,-6.01,-24.6,15.42,0.154194152693964,74.4705,10.2363083657523,165.49,83.16,30077.58,-15.305
FMM,2013-12-10,2013,344,-6.26,-16.78,5.2,0.109960488196773,62.8425,8.62255623686625,139.65,164.39,30023.85,-11.52
FMM,2013-12-11,2013,345,-13.37,-25.71,0,0.0722708070029118,90.549,12.4038150864282,201.22,75.19,29974.74,-19.54
FMM,2013-12-12,2013,346,-20.85,-32.41,0,0.0387714292272712,87.327,11.944715518017,194.06,39.95,29930.3,-26.63
FMM,2013-12-13,2013,347,-20.75,-29.71,0,0.0333950916188916,75.0645,10.2537967004708,166.81,51.79,29890.55,-25.23
FMM,2013-12-14,2013,348,-18.69,-35.82,0,0.0563406486274963,97.3035,13.2760718113023,216.23,28.53,29855.54,-27.255
FMM,2013-12-15,2013,349,-14.91,-20.92,12.12,0.0393598314980647,39.438,5.375463328998,87.64,115.26,29825.3,-17.915
FMM,2013-12-16,2013,350,-15.85,-28.42,1.52,0.0604361128309447,88.1955,12.0109278744504,195.99,58.49,29799.84,-22.135
FMM,2013-12-17,2013,351,-14.55,-32.53,3.94,0.079996423601831,72.4995,9.86652870775515,161.11,39.49,29779.21,-23.54
FMM,2013-12-18,2013,352,-10.91,-19.18,0,0.0667933896202141,67.599,9.194730670062,150.22,134.1,29763.4,-15.045
FMM,2013-12-19,2013,353,-9.98,-19.4,1.49,0.0783102508143592,73.6515,10.0142984502697,163.67,131.52,29752.45,-14.69
FMM,2013-12-20,2013,354,-10.67,-19.96,7.99,0.0737738155849221,54.4995,7.40870669234025,121.11,125.32,29746.35,-15.315
FMM,2013-12-21,2013,355,-8.31,-13.88,7.03,0.0595833300150354,37.053,5.0368052129931,82.34,209.13,29745.11,-11.095
FMM,2013-12-22,2013,356,-12.54,-15.92,10.37,0.0292690039574014,23.841,3.2412254762538,52.98,176.63,29748.74,-14.23
FMM,2013-12-23,2013,357,-10.04,-14.62,0,0.0450307005326115,42.6465,5.7995186620761,94.77,196.77,29757.22,-12.33
FMM,2013-12-24,2013,358,-13.13,-23.54,1.42,0.0663723317999158,81.9495,11.1493490557104,182.11,91.41,29770.56,-18.335
FMM,2013-12-25,2013,359,-13.02,-27.98,0,0.0825205477373902,95.526,13.0043882399868,212.28,60.96,29788.74,-20.5
FMM,2013-12-26,2013,360,-11.68,-20.82,2.77,0.0677794506897666,55.1385,7.51205256060375,122.53,116.28,29811.75,-16.25
FMM,2013-12-27,2013,361,-10.2,-16.58,2.2,0.0580842487308512,41.3685,5.6412895190202,91.93,167.11,29839.56,-13.39
FMM,2013-12-28,2013,362,-6.06,-15.73,3.6,0.105433965232252,57.213,7.8104742030315,127.14,179.42,29872.15,-10.895
FMM,2013-12-29,2013,363,-13.22,-18.1,2.02,0.0377292500663363,33.3,4.55165609769,74,147.07,29909.49,-15.66
FMM,2013-12-30,2013,364,-11.36,-28.34,1.36,0.0996064793899084,100.8585,13.8053686139348,224.13,58.94,29951.55,-19.85
FMM,2013-12-31,2013,365,-20.22,-30.46,0,0.0379252845653064,81.8595,11.2222977425654,181.91,48.23,29998.29,-25.34
FMM,2014-01-01,2014,1,-24.31,-37.52,0,0.0313205206529989,85.581,11.7526751590347,190.18,23.99,30049.91,-30.915
FMM,2014-01-02,2014,2,-26.33,-41.75,0,0.0283540300321666,92.097,12.6710744492439,204.66,15.43,30105.91,-34.04
FMM,2014-01-03,2014,3,-22.28,-33.97,0,0.0347150792756038,81.3285,11.2120057454427,180.73,34.29,30166.46,-28.125
FMM,2014-01-04,2014,4,-12.77,-32.14,9.03,0.0947117542969078,73.7595,10.1904650526317,163.91,41.05,30231.51,-22.455
FMM,2014-01-05,2014,5,-6.13,-13.41,14.89,0.0854572686057655,43.128,5.9721763539096,95.84,217.28,30301.01,-9.77
FMM,2014-01-06,2014,6,1.51,-17.91,34.15,0.266406819759034,76.752,10.654197864336,170.56,149.35,30374.9,-8.2
FMM,2014-01-07,2014,7,-18.69,-24.14,0,0.0274022314424037,47.007,6.5419976918889,104.46,86.69,30453.11,-21.415
FMM,2014-01-08,2014,8,-16.09,-22.84,0,0.039350752579545,57.762,8.060553785304,128.36,97.3,30535.6,-19.465
FMM,2014-01-09,2014,9,-16.71,-26.12,0,0.0473581683301264,76.815,10.749784502574,170.7,72.37,30622.28,-21.415
FMM,2014-01-10,2014,10,-8.48,-24.82,0,0.121214273620284,103.815,14.571355777605,230.7,81.46,30713.1,-16.65
FMM,2014-01-11,2014,11,3.42,-9.23,16.75,0.238602860805114,68.9355,9.7055992191753,153.19,303.84,30807.98,-2.905
FMM,2014-01-12,2014,12,2.66,-8.52,4.08,0.209461964332749,64.863,9.1615293227835,144.14,321.25,30906.85,-2.93
FMM,2014-01-13,2014,13,0.14,-8.42,3.25,0.14724622092122,54.5535,7.73100018162675,121.23,323.62,31009.65,-4.14
FMM,2014-01-14,2014,14,0.46,-5.17,5.91,0.108370518270362,38.007,5.4046503315171,84.46,415.7,31116.29,-2.355
FMM,2014-01-15,2014,15,-2.64,-11.77,0,0.128074980914375,79.4385,11.336348459992,176.53,248.21,31226.69,-7.205
FMM,2014-01-16,2014,16,-5.4,-10.39,0,0.0665558018844865,47.2095,6.76169442655785,104.91,277.14,31340.79,-7.895
FMM,2014-01-17,2014,17,-4.29,-8.98,0,0.0680555030452658,44.991,6.468146636895,99.98,309.84,31458.5,-6.635
FMM,2014-01-18,2014,18,-3.94,-15.01,1.5,0.133678468470572,94.392,13.6225979186256,209.76,190.54,31579.74,-9.475
FMM,2014-01-19,2014,19,-7.64,-13.86,4.99,0.0680708570325241,45.1215,6.53762007277965,100.27,209.54,31704.43,-10.75
FMM,2014-01-20,2014,20,-13.86,-29.4,0,0.078904514876799,115.668,16.8267367856448,257.04,53.32,31832.48,-21.63
FMM,2014-01-21,2014,21,-22.53,-33.88,0,0.0334371839338202,100.899,14.7387914680869,224.22,34.6,31963.83,-28.205
FMM,2014-01-22,2014,22,-16.71,-34.76,0,0.067541125115188,124.263,18.2280893423058,276.14,31.73,32098.38,-25.735
FMM,2014-01-23,2014,23,-15.07,-27.43,0,0.0635695670113103,108.4635,15.9787120347117,241.03,64.15,32236.06,-21.25
FMM,2014-01-24,2014,24,-18.48,-32.94,0,0.0529531303487477,118.7955,17.5772060619993,263.99,37.94,32376.78,-25.71
FMM,2014-01-25,2014,25,-12.51,-20.37,6.8,0.0573056393582146,60.3585,8.9703898650387,134.13,120.99,32520.46,-16.44
FMM,2014-01-26,2014,26,-13.23,-30.12,2.88,0.0861649111189697,95.634,14.2770311329338,212.52,49.82,32667.01,-21.675
FMM,2014-01-27,2014,27,-11.88,-29.41,6,0.0971561162083757,98.2935,14.7411559011992,218.43,53.31,32816.37,-20.645
FMM,2014-01-28,2014,28,-18.78,-29.52,0,0.0437906871891716,107.703,16.2271555124724,239.34,52.74,32968.44,-24.15
FMM,2014-01-29,2014,29,-17.4,-21.28,1.58,0.0230227259463488,45.3555,6.8655867535539,100.79,111.74,33123.14,-19.34
FMM,2014-01-30,2014,30,-11.1,-22.14,0,0.0800406665683529,111.951,17.026787456028,248.78,103.59,33280.4,-16.62
FMM,2014-01-31,2014,31,-6.95,-15.33,2.44,0.089499187323845,69.4845,10.6187213337831,154.41,185.57,33440.14,-11.14
FMM,2014-02-01,2014,32,-7.65,-23.4,6.11,0.126365680202859,102.0555,15.6718895134878,226.79,92.62,33602.28,-15.525
FMM,2014-02-02,2014,33,-3.88,-15.99,4.51,0.142130925165892,92.1105,14.2139398627989,204.69,175.66,33766.74,-9.935
FMM,2014-02-03,2014,34,-8.8,-24.88,0,0.117412794701289,143.676,22.280680195254,319.28,81.06,33933.45,-16.84
FMM,2014-02-04,2014,35,-10.88,-25.87,0,0.0970999309540753,141.2595,22.014960846782,313.91,74.06,34102.33,-18.375
FMM,2014-02-05,2014,36,-12.56,-25.59,0,0.0793132529921984,135.6165,21.2414803994605,301.37,75.98,34273.31,-19.075
FMM,2014-02-06,2014,37,-13.53,-32.88,1.77,0.0892880045688944,155.6595,24.5038690525428,345.91,38.17,34446.32,-23.205
FMM,2014-02-07,2014,38,-12.85,-23.93,1.35,0.0704862034186155,123.777,19.5839040577392,275.06,88.28,34621.28,-18.39
FMM,2014-02-08,2014,39,-13.15,-20.68,0,0.053056004157351,93.483,14.8663634916303,207.74,117.71,34798.13,-16.915
FMM,2014-02-09,2014,40,-12.61,-31.14,0,0.0941504231105746,160.038,25.5811029173514,355.64,45.2,34976.79,-21.875
FMM,2014-02-10,2014,41,-14.26,-27.1,0,0.0691335794691371,140.571,22.585318218684,312.38,66.14,35157.2,-20.68
FMM,2014-02-11,2014,42,-18.65,-25.76,0,0.033584557605768,93.4425,15.0910199089425,207.65,74.81,35339.3,-22.205
FMM,2014-02-12,2014,43,-9.65,-28.47,0,0.118611699984645,166.2435,26.987995674113,369.43,58.25,35523.01,-19.06
FMM,2014-02-13,2014,44,-7.41,-17.99,6.53,0.101731212899777,94.473,15.4167502975308,209.94,148.42,35708.28,-12.7
FMM,2014-02-14,2014,45,-9.02,-15.13,11.25,0.0610425402786092,61.605,10.1057075174925,136.9,188.62,35895.05,-12.075
FMM,2014-02-15,2014,46,-9.62,-22.92,3.08,0.0998092573805165,112.266,18.5127090698088,249.48,96.68,36083.24,-16.27
FMM,2014-02-16,2014,47,-12.43,-20,3.03,0.0561000767025443,75.24,12.472293083976,167.2,124.93,36272.82,-16.215
FMM,2014-02-17,2014,48,-13.95,-27.68,0,0.0734664994131828,157.1895,26.1939254077157,349.31,62.68,36463.71,-20.815
FMM,2014-02-18,2014,49,-7.23,-30.97,2.43,0.155271552930664,139.4955,23.3679067601391,309.99,45.96,36655.86,-19.1
FMM,2014-02-19,2014,50,-3.82,-9.24,0.75,0.0790807809333173,74.637,12.5689406154498,165.86,303.67,36849.22,-6.53
FMM,2014-02-20,2014,51,-2.87,-17.45,3.54,0.170217190566275,122.904,20.8064048617872,273.12,155.38,37043.74,-10.16
FMM,2014-02-21,2014,52,-3.28,-19.47,14.03,0.175074660637636,132.2145,22.5007759676304,293.81,130.77,37239.36,-11.375
FMM,2014-02-22,2014,53,-2.79,-7.53,6.09,0.0759034986651341,52.6545,9.00827176827195,117.01,346.9,37436.03,-5.16
FMM,2014-02-23,2014,54,-6.32,-10.33,0,0.0520205855011256,63.0495,10.8436318744455,140.11,278.49,37633.7,-8.325
FMM,2014-02-24,2014,55,-10.53,-19.28,0,0.0714838657532972,129.924,22.4630413906176,288.72,132.92,37832.32,-14.905
FMM,2014-02-25,2014,56,-15.51,-26.16,0,0.0562029204488515,154.89,26.920749414978,344.2,72.12,38031.86,-20.835
FMM,2014-02-26,2014,57,-13.73,-32.47,0,0.0867576534206351,204.4395,35.7199520776088,454.31,39.74,38232.25,-23.1
FMM,2014-02-27,2014,58,-15.87,-30.94,2.56,0.0664378630394241,142.506,25.0298903464974,316.68,46.09,38433.47,-23.405
FMM,2014-02-28,2014,59,-16.24,-30.3,0,0.0623294672132315,185.4765,32.7484739515972,412.17,48.96,38635.45,-23.27
FMM,2014-03-01,2014,60,-11.93,-32.44,5.93,0.10336833856533,159.21,28.258259734746,353.8,39.84,38838.18,-22.185
FMM,2014-03-02,2014,61,-13.41,-30.37,1.13,0.0851386244558518,203.1885,36.2529056413976,451.53,48.65,39041.59,-21.89
FMM,2014-03-03,2014,62,-20.03,-32.75,0,0.0436881123179816,178.596,32.031660610818,396.88,38.67,39245.65,-26.39
FMM,2014-03-04,2014,63,-14.54,-32.51,0,0.0800468366193499,211.7295,38.172289811009,470.51,39.56,39450.33,-23.525
FMM,2014-03-05,2014,64,-15.71,-33.93,0,0.0734112823261406,214.794,38.9262673889622,477.32,34.45,39655.59,-24.82
FMM,2014-03-06,2014,65,-7.55,-33.56,0,0.156056282002953,233.397,42.5171161409202,518.66,35.69,39861.38,-20.555
FMM,2014-03-07,2014,66,-3.75,-22.45,0,0.181777339352918,217.296,39.7889080008624,482.88,100.78,40067.67,-13.1
FMM,2014-03-08,2014,67,-6.56,-18.88,1.36,0.119037024918639,178.6725,32.8854142403798,397.05,137.53,40274.43,-12.72
FMM,2014-03-09,2014,68,-10.25,-25.38,0,0.102266663261092,203.7015,37.6849818940851,452.67,77.44,40481.62,-17.815
FMM,2014-03-10,2014,69,-5.65,-19.13,2.51,0.133946342507974,142.0065,26.406064610383,315.57,134.63,40689.21,-12.39
FMM,2014-03-11,2014,70,-2.85,-8.91,3.86,0.0923814210064806,75.9375,14.1927238302187,168.75,311.64,40897.17,-5.88
FMM,2014-03-12,2014,71,-8.11,-18.2,6.46,0.0938326836171443,122.184,22.9525029276048,271.52,145.75,41105.46,-13.155
FMM,2014-03-13,2014,72,-14.29,-22.05,3.2,0.0497857607132992,99.6615,18.8166057323922,221.47,104.42,41314.04,-18.17
FMM,2014-03-14,2014,73,-7.17,-28.98,8.73,0.15135629383641,185.2425,35.1515525208525,411.65,55.51,41522.9,-18.075
FMM,2014-03-15,2014,74,-1.59,-13.13,4.84,0.161348258378817,137.3895,26.2022651872798,305.31,222.29,41731.99,-7.36
FMM,2014-03-16,2014,75,-13.87,-23.64,0,0.0602651620486415,164.934,31.6131793926102,366.52,90.59,41941.29,-18.755
FMM,2014-03-17,2014,76,-14.27,-25.63,0,0.0643010898110275,187.47,36.112162173183,416.6,75.69,42150.77,-19.95
FMM,2014-03-18,2014,77,-6.86,-27.73,0,0.152260394744948,253.1295,49.002587604126,562.51,62.38,42360.4,-17.295
FMM,2014-03-19,2014,78,-4.23,-24.55,0,0.182206124711182,251.757,48.9782014634286,559.46,83.51,42570.14,-14.39
FMM,2014-03-20,2014,79,-1.6,-6.72,9.07,0.087613687050711,70.488,13.7807185808952,156.64,369.24,42779.97,-4.16
FMM,2014-03-21,2014,80,-3.81,-13.08,2.63,0.119523791504881,121.2435,23.8199362446307,269.43,223.28,42989.85,-8.445
FMM,2014-03-22,2014,81,-6.5,-21.62,5.07,0.134461265054141,172.341,34.0240684363749,382.98,108.39,43199.77,-14.06
FMM,2014-03-23,2014,82,-9.47,-23.25,2.43,0.102957052938437,165.78,32.887814925474,368.4,93.88,43409.69,-16.36
FMM,2014-03-24,2014,83,-12.74,-29.02,0,0.0879350307741949,242.289,48.2982369204861,538.42,55.28,43619.57,-20.88
FMM,2014-03-25,2014,84,-9.79,-29.23,0,0.119038282280283,259.452,51.968328483816,576.56,54.19,43829.4,-19.51
FMM,2014-03-26,2014,85,-5.37,-24.4,0,0.163237127792517,256.761,51.6754404026955,570.58,84.62,44039.15,-14.885
FMM,2014-03-27,2014,86,-5.18,-20.79,0,0.15027261100305,233.7165,47.2614211774318,519.37,116.57,44248.77,-12.985
FMM,2014-03-28,2014,87,-0.4,-10.15,11.7,0.155841081205365,125.82,25.56337815855,279.6,282.58,44458.25,-5.275
FMM,2014-03-29,2014,88,-0.9,-10.01,7.15,0.143703580047565,120.951,24.6898127190285,268.78,285.67,44667.55,-5.455
FMM,2014-03-30,2014,89,-5.72,-7.97,9.97,0.0323987977644148,38.4165,7.8786957233592,85.37,335.4,44876.64,-6.845
FMM,2014-03-31,2014,90,-2.31,-9.6,0,0.110814095288984,141.678,29.19143925333,314.84,295.1,45085.5,-5.955
FMM,2014-04-01,2014,91,4.44,-13.67,0,0.313109892839774,267.4845,55.3676842658848,594.41,212.82,45294.09,-4.615
FMM,2014-04-02,2014,92,1.8,-6.51,0,0.160509655178227,161.181,33.5169243362646,358.18,375.28,45502.38,-2.355
FMM,2014-04-03,2014,93,-3.38,-15.06,0,0.143882170219898,217.5255,45.4402521150566,483.39,189.71,45710.33,-9.22
FMM,2014-04-04,2014,94,3.05,-18.41,6.93,0.308936208238475,216.2655,45.3822110098632,480.59,143.16,45917.92,-7.68
FMM,2014-04-05,2014,95,-0.01,-6.01,7.66,0.110441587701036,96.2325,20.2850173417028,213.85,390.19,46125.11,-3.01
FMM,2014-04-06,2014,96,1.64,-7.66,0,0.172409343347829,193.752,41.0244074708832,430.56,343.5,46331.88,-3.01
FMM,2014-04-07,2014,97,8.46,-4.81,0,0.339193274037186,245.853,52.2878776001757,546.34,427.46,46538.17,1.825
FMM,2014-04-08,2014,98,2.41,-1.56,23.78,0.0910288561778533,69.453,14.8365427202316,154.34,544.75,46743.96,0.425
FMM,2014-04-09,2014,99,-1.04,-13.48,4.25,0.17557262990085,185.202,39.7365587519508,411.56,216.13,46949.22,-7.26
FMM,2014-04-10,2014,100,6.54,-16.36,5.08,0.400062311926364,228.771,49.298622996033,508.38,170.33,47153.9,-4.91
FMM,2014-04-11,2014,101,5.85,-6.42,1.21,0.273554291496664,238.734,51.6682262776086,530.52,378.06,47357.97,-0.285
FMM,2014-04-12,2014,102,3.64,-10.64,3.57,0.260801395523989,195.345,42.459311436777,434.1,271.71,47561.38,-3.5
FMM,2014-04-13,2014,103,0.04,-13.3,16.08,0.197200923146072,192.2355,41.9615373001635,427.19,219.27,47764.1,-6.63
FMM,2014-04-14,2014,104,10.43,-0.72,15.38,0.341344761409683,168.039,36.8349942546207,373.42,579.41,47966.09,4.855
FMM,2014-04-15,2014,105,10.97,-9.68,32.5,0.507764239435521,226.854,49.9361475283218,504.12,293.23,48167.31,0.645
FMM,2014-04-16,2014,106,-8.61,-15.18,5.11,0.0664700577139873,112.554,24.8789850872238,250.12,187.84,48367.71,-11.895
FMM,2014-04-17,2014,107,1.22,-16.77,0,0.251789396434728,299.943,66.5730347596524,666.54,164.52,48567.24,-7.775
FMM,2014-04-18,2014,108,5.07,-8.28,0,0.274695686458668,263.052,58.6237755330468,584.56,327.27,48765.87,-1.605
FMM,2014-04-19,2014,109,0.65,-8.24,0,0.156511750752422,198.3195,44.3766412036071,440.71,328.23,48963.54,-3.795
FMM,2014-04-20,2014,110,6.09,-13.27,0,0.360464792525989,307.773,69.1449468773481,683.94,219.9,49160.21,-3.59
FMM,2014-04-21,2014,111,12.17,-1.07,6.04,0.425739282026245,191.1105,43.1061472859125,424.69,564.74,49355.83,5.55
FMM,2014-04-22,2014,112,3.66,-1.56,18.52,0.124526721782019,92.214,20.881408405293,204.92,544.83,49550.35,1.05
FMM,2014-04-23,2014,113,1.9,-1.55,2.33,0.0777589334744978,65.772,14.9518668541284,146.16,545.26,49743.71,0.175
FMM,2014-04-24,2014,114,1.82,-2.49,0,0.0942450112758867,111.5055,25.4463273759425,247.79,508.51,49935.87,-0.335
FMM,2014-04-25,2014,115,5.61,-5.59,0,0.253498527725477,254.7315,58.3537236170054,566.07,402.87,50126.77,0.01
FMM,2014-04-26,2014,116,0.32,-2.99,8.33,0.0677621819031322,69.8895,16.0707881690451,155.31,490.13,50316.34,-1.335
FMM,2014-04-27,2014,117,3.95,-1.98,1.63,0.141162424914213,159.8985,36.9054928645983,355.33,528.07,50504.54,0.985
FMM,2014-04-28,2014,118,4.94,-0.61,0,0.141941729150728,151.749,35.1540650974383,337.22,584.24,50691.31,2.165
FMM,2014-04-29,2014,119,6.43,-1.63,0,0.210463788662163,207.594,48.2668539477822,461.32,541.86,50876.59,2.4
FMM,2014-04-30,2014,120,8.98,-0.64,0,0.281137423352433,235.7415,55.0092349258965,523.87,582.86,51060.3,4.17
FMM,2014-05-01,2014,121,6.49,1.53,6.42,0.141954845107468,104.031,24.361747382808,231.18,682.24,51242.4,4.01
FMM,2014-05-02,2014,122,6.78,2.32,3.65,0.131685951318634,95.076,22.3430774768424,211.28,722.02,51422.82,4.55
FMM,2014-05-03,2014,123,6.75,2.26,6.1,0.132514362350916,97.902,23.0871285939672,217.56,718.64,51601.48,4.505
FMM,2014-05-04,2014,124,5.93,0.93,6.11,0.13810638276626,113.7285,26.9112301415608,252.73,653.41,51778.33,3.43
FMM,2014-05-05,2014,125,7.77,-0.11,0,0.224393430952503,223.6095,53.0908390641195,496.91,606,51953.3,3.83
FMM,2014-05-06,2014,126,6.19,-1.64,0,0.202554592747622,224.928,53.5817266164576,499.84,541.68,52126.31,2.275
FMM,2014-05-07,2014,127,10.26,-3.96,0,0.396126210807498,314.1675,75.0855974722627,698.15,455.76,52297.29,3.15
FMM,2014-05-08,2014,128,9.48,-5.78,0,0.393805153731974,320.103,76.7512379875878,711.34,397.04,52466.18,1.85
FMM,2014-05-09,2014,129,12.36,-5.4,5.85,0.512717937960125,247.365,59.4992741952645,549.7,408.75,52632.89,3.48
FMM,2014-05-10,2014,130,16.52,4.27,9.69,0.523635869367309,215.2395,51.9338335704804,478.31,828.36,52797.36,10.395
FMM,2014-05-11,2014,131,10.45,0.06,0,0.325013642359193,270.6255,65.4981260019179,601.39,613.5,52959.51,5.255
FMM,2014-05-12,2014,132,7.22,-1.18,0,0.22788482990034,240.192,58.30780235472,533.76,560.34,53119.25,3.02
FMM,2014-05-13,2014,133,14.22,-2.96,3.26,0.56386712246353,248.2155,60.4339452887742,551.59,491.16,53276.52,5.63
FMM,2014-05-14,2014,134,12.09,3.5,7.11,0.311971769667391,179.4825,43.8261662748308,398.85,784.54,53431.23,7.795
FMM,2014-05-15,2014,135,23.84,4.8,0,1.06031312220196,329.6925,80.7336754580925,732.65,844.22,53583.3,14.32
FMM,2014-05-16,2014,136,21.86,11.07,10.06,0.648367055253481,197.523,48.5034034393926,438.94,1317.99,53732.66,16.465
FMM,2014-05-17,2014,137,12.56,1.4,21.8,0.388582674199918,214.4925,52.8140766853418,476.65,675.61,53879.23,6.98
FMM,2014-05-18,2014,138,12.64,-0.41,0,0.433991653033868,309.843,76.4954956993041,688.54,592.61,54022.91,6.115
FMM,2014-05-19,2014,139,14.32,1.42,0,0.476052604674361,305.4015,75.5953720396722,678.67,676.82,54163.64,7.87
FMM,2014-05-20,2014,140,14.09,1.53,0,0.461523954460928,304.9335,75.6713924393454,677.63,681.99,54301.32,7.81
FMM,2014-05-21,2014,141,14.5,3.85,8.61,0.421690080524231,210.249,52.3040582569284,467.22,804.41,54435.88,9.175
FMM,2014-05-22,2014,142,14.27,5.63,2.55,0.356201515106899,182.925,45.6164172032175,406.5,910.91,54567.23,9.95
FMM,2014-05-23,2014,143,13.27,1.19,0,0.428020398544468,297.9585,74.4769680208785,662.13,665.63,54695.3,7.23
FMM,2014-05-24,2014,144,14.87,0.75,1.3,0.521460881192404,314.388,78.7628082312,698.64,644.93,54820,7.81
FMM,2014-05-25,2014,145,18.05,3.33,3.81,0.645225435319332,235.197,59.0536077469596,522.66,775.52,54941.24,10.69
FMM,2014-05-26,2014,146,20.13,3.32,3.63,0.788669638447835,241.992,60.8898932668224,537.76,774.84,55058.96,11.725
FMM,2014-05-27,2014,147,6.92,0.59,12.75,0.178807061039742,135.5985,34.1899256861937,301.33,637.58,55173.06,3.755
FMM,2014-05-28,2014,148,15.6,-2,0,0.621122999571633,331.893,83.8512741263148,737.54,527.19,55283.48,6.8
FMM,2014-05-29,2014,149,18.65,-2.97,0,0.827753194376094,343.7775,87.021377790831,763.95,490.58,55390.12,7.84
FMM,2014-05-30,2014,150,14.46,2.71,8.57,0.450549119482995,202.968,51.4732308042168,451.04,742.33,55492.93,8.585
FMM,2014-05-31,2014,151,15.31,-0.14,0,0.56603506583165,310.266,78.8244957430722,689.48,604.46,55591.81,7.585
FMM,2014-06-01,2014,152,18.82,-0.89,0,0.798147649234656,332.154,84.529279893726,738.12,572.33,55686.7,8.965
FMM,2014-06-02,2014,153,22.36,9.75,0,0.744650487498628,259.452,66.1351741309692,576.56,1206.7,55777.53,16.055
FMM,2014-06-03,2014,154,22.51,12.94,4.48,0.614080372885145,155.439,39.6834967110906,345.42,1491.36,55864.22,17.725
FMM,2014-06-04,2014,155,16.24,9.74,2.05,0.317735927141688,114.9435,29.3883477202445,255.43,1206,55946.71,12.99
FMM,2014-06-05,2014,156,14.18,8.81,2.34,0.240213768067356,97.623,24.9948048195234,216.94,1132.8,56024.94,11.495
FMM,2014-06-06,2014,157,19.25,6.43,0,0.631563092798181,267.084,68.4727665965604,593.52,963.2,56098.83,12.84
FMM,2014-06-07,2014,158,23.06,5.93,0,0.94180378691884,306.0495,78.5596361438331,680.11,930.02,56168.34,14.495
FMM,2014-06-08,2014,159,26.07,4.83,0,1.26583845228318,325.8225,83.732028859755,724.05,849.39,56233.4,15.45
FMM,2014-06-09,2014,160,22.05,6.08,0,0.853282147745933,293.877,75.6037953789444,653.06,939.68,56293.96,14.065
FMM,2014-06-10,2014,161,20.06,2.83,0,0.796574179149823,305.1,78.56917156386,678,748.66,56349.98,11.445
FMM,2014-06-11,2014,162,22.25,1,0,1.0133407077883,324.855,83.7327901164165,721.9,654.53,56401.39,11.625
FMM,2014-06-12,2014,163,12.55,5.63,24.91,0.269710324573695,118.6695,30.6129443986584,263.71,911.36,56448.16,9.09
FMM,2014-06-13,2014,164,12.83,9.17,16.84,0.158678279494272,66.1815,17.0854453253137,147.07,1160.35,56490.25,11.0
FMM,2014-06-14,2014,165,14.1,8.53,10.07,0.246400962076733,98.8875,25.5457288539675,219.75,1111.83,56527.62,11.315
FMM,2014-06-15,2014,166,16.6,5.63,0,0.486814386400706,236.646,61.1683283165328,525.88,911.11,56560.24,11.115
FMM,2014-06-16,2014,167,19.52,1.48,0,0.792606198123658,308.934,79.8926714319942,686.52,679.75,56588.09,10.5
FMM,2014-06-17,2014,168,20.62,7.02,9.07,0.710243771728957,197.7345,51.1564497899148,439.41,1003.04,56611.12,13.82
FMM,2014-06-18,2014,169,18.49,9.17,4.36,0.480812822765657,151.1505,39.1171574644119,335.89,1161,56629.34,13.83
FMM,2014-06-19,2014,170,12.71,3.92,0,0.328901149351212,199.2465,51.5763880513285,442.77,808.63,56642.71,8.315
FMM,2014-06-20,2014,171,12.82,2.69,0,0.368048644599915,223.3575,57.8263903685933,496.35,741.18,56651.23,7.755
FMM,2014-06-21,2014,172,16.18,0.8,0,0.594355008375566,286.7895,74.2534729144632,637.31,647.09,56654.88,8.49
FMM,2014-06-22,2014,173,19.75,3.19,0,0.764700635457393,291.15,75.38086551924,647,767.91,56653.68,11.47
FMM,2014-06-23,2014,174,22.22,2.75,0,0.965056104149449,306.4635,79.337141460464,681.03,744.08,56647.61,12.485
FMM,2014-06-24,2014,175,20.7,10.16,20.23,0.597507312293282,159.894,41.3853117826302,355.32,1240.35,56636.69,15.43
FMM,2014-06-25,2014,176,19.73,7.77,2.78,0.619081634516124,177.768,45.9988136949816,395.04,1055.63,56620.91,13.75
FMM,2014-06-26,2014,177,20.93,5.04,0,0.798301911128471,277.8165,71.8609651056356,617.37,874.31,56600.31,12.985
FMM,2014-06-27,2014,178,25.09,2.57,0,1.22201618203257,312.1695,80.7105649160173,693.71,734.69,56574.89,13.83
FMM,2014-06-28,2014,179,25.49,5.71,0,1.16935598877193,297.4815,76.8719391461249,661.07,916.09,56544.67,15.6
FMM,2014-06-29,2014,180,26.06,8.03,0,1.14564512700114,282.3885,72.9266277371621,627.53,1074.7,56509.69,17.045
FMM,2014-06-30,2014,181,24.47,11.56,0,0.849897713566042,232.7805,60.0731535198123,517.29,1361.71,56469.98,18.015
FMM,2014-07-01,2014,182,26.2,16.42,6.81,0.76262394103729,138.537,35.7238170721404,307.86,1866.88,56425.56,21.31
FMM,2014-07-02,2014,183,23.6,15.86,0,0.551906424478434,153.891,39.6485633112363,341.98,1800.96,56376.49,19.73
FMM,2014-07-03,2014,184,20.05,12.47,1.97,0.446879089648813,155.5155,40.0289354964797,345.59,1445.46,56322.79,16.26
FMM,2014-07-04,2014,185,18.16,10.28,0,0.414087385318228,162.117,41.6849514042519,360.26,1250.77,56264.51,14.22
FMM,2014-07-05,2014,186,18.49,8.17,0,0.518949055657545,201.681,51.8001232473324,448.18,1084.96,56201.72,13.33
FMM,2014-07-06,2014,187,16.12,12.34,13.06,0.196762884144629,61.8075,15.855749359371,137.35,1433.39,56134.44,14.23
FMM,2014-07-07,2014,188,16.27,13.06,13.72,0.17089294530276,54.648,14.00118743034,121.44,1502.61,56062.75,14.665
FMM,2014-07-08,2014,189,22.69,15.76,11.35,0.479544150249723,108.504,27.761748698376,241.12,1789.78,55986.7,19.225
FMM,2014-07-09,2014,190,18.17,9.98,0,0.427672711020764,177.129,45.2550540168108,393.62,1225.44,55906.36,14.075
FMM,2014-07-10,2014,191,16.36,4.55,0,0.505739164431048,237.7845,60.660131125342,528.41,844.95,55821.77,10.455
FMM,2014-07-11,2014,192,20.27,1.62,0,0.843089261607109,288.7965,73.5564400746651,641.77,686.56,55733.02,10.945
FMM,2014-07-12,2014,193,21.39,5.31,0,0.825140278866635,269.4285,68.5090872708017,598.73,891.13,55640.17,13.35
FMM,2014-07-13,2014,194,19.25,8.86,11.7,0.544657413180888,154.7055,39.2693357015041,343.79,1136.78,55543.29,14.055
FMM,2014-07-14,2014,195,19.92,7.84,0,0.630024882425273,225.7965,57.2105203266123,501.77,1060.8,55442.46,13.88
FMM,2014-07-15,2014,196,21.64,5.22,9.58,0.847441535149399,196.6545,49.7326392500931,437.01,885.65,55337.74,13.43
FMM,2014-07-16,2014,197,20.4,9.62,0,0.59740874917823,206.0955,52.0179962570307,457.99,1196.12,55229.22,15.01
FMM,2014-07-17,2014,198,17.06,5.95,0,0.504725648202464,214.8615,54.1202830437528,477.47,931.3,55116.96,11.505
FMM,2014-07-18,2014,199,19.96,7.7,0,0.638317327795554,223.776,56.2471816156992,497.28,1050.36,55001.06,13.83
FMM,2014-07-19,2014,200,23.51,6.3,0,0.968085916229349,260.019,65.2150706064597,577.82,954.52,54881.59,14.905
FMM,2014-07-20,2014,201,22.66,7.61,0,0.850761273972947,242.3115,60.6377001100941,538.47,1044.19,54758.62,15.135
FMM,2014-07-21,2014,202,23.62,11.03,0,0.797251064538275,215.298,53.7533088743664,478.44,1314.69,54632.24,17.325
FMM,2014-07-22,2014,203,24.83,11.15,0,0.901619364527133,224.568,55.9346356604304,499.04,1325.1,54502.54,17.99
FMM,2014-07-23,2014,204,21.66,7.64,9.73,0.768281948761089,174.1545,43.2719910819027,387.01,1046.59,54369.58,14.65
FMM,2014-07-24,2014,205,18.57,2.44,0,0.703440294304833,251.667,62.3748888526374,559.26,727.87,54233.46,10.505
FMM,2014-07-25,2014,206,19.21,6.04,9.52,0.641629631540526,166.9725,41.2773999932745,371.05,937.6,54094.26,12.625
FMM,2014-07-26,2014,207,17.56,9.42,22.88,0.410959650918201,117.6975,29.0196031990545,261.55,1180.39,53952.06,13.49
FMM,2014-07-27,2014,208,16.17,12.07,21.13,0.212476345586154,64.7865,15.9308523646767,143.97,1408,53806.94,14.12
FMM,2014-07-28,2014,209,16.43,9.99,40.01,0.318670706819718,101.5875,24.9114430525275,225.75,1226.45,53658.98,13.21
FMM,2014-07-29,2014,210,15.83,5.1,8.77,0.458305780238597,140.8635,34.4457452135326,313.03,878.03,53508.27,10.465
FMM,2014-07-30,2014,211,17.82,2.36,0,0.656092704681401,225.63,55.015759083717,501.4,724.07,53354.87,10.09
FMM,2014-07-31,2014,212,18.77,4.09,16.8,0.671537164082451,163.17,39.669715367541,362.6,818.18,53198.89,11.43
FMM,2014-08-01,2014,213,18.81,8.63,1.54,0.523335954158888,174.429,42.2806366246014,387.62,1119.2,53040.38,13.72
FMM,2014-08-02,2014,214,22.24,7.12,17.67,0.833708848940339,160.119,38.6942039538552,355.82,1009.46,52879.44,14.68
FMM,2014-08-03,2014,215,22.3,8.6,2.33,0.784326248931519,150.7995,36.329516829923,335.11,1117.19,52716.13,15.45
FMM,2014-08-04,2014,216,22.39,7.25,4.33,0.84151736895867,157.626,37.8548245804428,350.28,1018.43,52550.54,14.82
FMM,2014-08-05,2014,217,20.4,6.81,2,0.701415305679893,198.5085,47.5207754848353,441.13,988.37,52382.74,13.605
FMM,2014-08-06,2014,218,19.55,5.5,0,0.683026164232828,199.9845,47.7188098456037,444.41,902.77,52212.81,12.525
FMM,2014-08-07,2014,219,18.89,7.23,12.58,0.580110406567509,131.7735,31.3392305217649,292.83,1017.08,52040.81,13.06
FMM,2014-08-08,2014,220,21.01,6.04,11.05,0.77271021776547,150.948,35.7794108462952,335.44,937.36,51866.82,13.525
FMM,2014-08-09,2014,221,22.55,6.11,0,0.89309018260527,208.7955,49.3232303529959,463.99,941.72,51690.91,14.33
FMM,2014-08-10,2014,222,24.14,6.45,0,1.01940308937103,213.9075,50.357064316239,475.35,963.99,51513.16,15.295
FMM,2014-08-11,2014,223,24.81,7.18,7.93,1.05548467499301,158.2515,37.1249469779216,351.67,1014.1,51333.61,15.995
FMM,2014-08-12,2014,224,23.48,11.24,0,0.775637756563692,170.775,39.92143735503,379.5,1333.28,51152.36,17.36
FMM,2014-08-13,2014,225,16.17,10.19,35.75,0.295391809757555,72.5355,16.8957220499708,161.19,1242.66,50969.45,13.18
FMM,2014-08-14,2014,226,14.31,6.57,17.53,0.32762759722866,94.8105,22.0043055140258,210.69,972.1,50784.95,10.44
FMM,2014-08-15,2014,227,12.45,5.24,3.71,0.277781005014736,90.1395,20.843597485859,200.31,886.39,50598.93,8.845
FMM,2014-08-16,2014,228,12.33,8.93,6.03,0.144036117848638,45.648,10.5163990579584,101.44,1141.85,50411.44,10.63
FMM,2014-08-17,2014,229,16.22,8.7,7.44,0.357460290153598,93.5325,21.4673038064888,207.85,1124.37,50222.55,12.46
FMM,2014-08-18,2014,230,15.07,5.22,1.66,0.411641456597144,159.6645,36.5069137831772,354.81,885.69,50032.31,10.145
FMM,2014-08-19,2014,231,20.24,3.52,0,0.790877486265977,212.481,48.3973095129543,472.18,786.16,49840.79,11.88
FMM,2014-08-20,2014,232,22.85,4.2,0,0.977096660798311,216.846,49.2005135801466,481.88,824.23,49648.03,13.525
FMM,2014-08-21,2014,233,20.1,6.7,0,0.683064272232294,187.6005,42.3986783171328,416.89,981.04,49454.08,13.4
FMM,2014-08-22,2014,234,20.5,7.03,0,0.701022196417956,187.065,42.1108897448205,415.7,1003.67,49259.01,13.765
FMM,2014-08-23,2014,235,21.96,5.12,0,0.875975546095336,206.793,46.3665714069087,459.54,879.52,49062.87,13.54
FMM,2014-08-24,2014,236,25.28,6.72,0,1.11602764553329,209.529,46.7912207612457,465.62,982.24,48865.69,16.0
FMM,2014-08-25,2014,237,25.97,8.28,0,1.12738038492674,202.1445,44.9590912156521,449.21,1093.21,48667.54,17.125
FMM,2014-08-26,2014,238,22.32,9.49,0,0.751357531467832,170.2485,37.7101895382567,378.33,1186.29,48468.46,15.905
FMM,2014-08-27,2014,239,18.09,11.4,0,0.361428675680368,100.4535,22.1587361341826,223.23,1347.13,48268.49,14.745
FMM,2014-08-28,2014,240,13.91,3.89,0,0.389485345470691,147.33,32.363877615408,327.4,806.87,48067.68,8.9
FMM,2014-08-29,2014,241,18.81,-0.16,0,0.781585110448471,209.259,45.7749847186704,465.02,603.85,47866.08,9.325
FMM,2014-08-30,2014,242,17.99,4.86,14.1,0.597217606633778,129.6405,28.2387086114562,288.09,863.55,47663.72,11.425
FMM,2014-08-31,2014,243,18.56,14.24,25.61,0.25377191270747,48.6945,10.5616018799122,108.21,1623.18,47460.65,16.4
FMM,2014-09-01,2014,244,18.46,14.84,10.14,0.215457270554948,42.2595,9.1265320525635,93.91,1686.84,47256.9,16.65
FMM,2014-09-02,2014,245,19.88,13.87,23.33,0.364530416463268,68.1975,14.6645126600648,151.55,1584.62,47052.53,16.875
FMM,2014-09-03,2014,246,19.11,7.87,2.6,0.571789674516145,118.332,25.3340941975344,262.96,1063.13,46847.56,13.49
FMM,2014-09-04,2014,247,20.89,7.49,0,0.714412864916998,174.9195,37.2848045892935,388.71,1035.55,46642.03,14.19
FMM,2014-09-05,2014,248,22.26,12.8,14.8,0.600713625764081,100.9665,21.426350786411,224.37,1477.41,46435.99,17.53
FMM,2014-09-06,2014,249,18.54,4.12,10.77,0.655131386799302,136.368,28.8102808358496,303.04,820.01,46229.46,11.33
FMM,2014-09-07,2014,250,13.93,-0.65,0,0.503083703181099,186.336,39.1906968880896,414.08,582.44,46022.48,6.64
FMM,2014-09-08,2014,251,16.18,-2.6,0,0.665893269413325,202.923,42.4869859982988,450.94,504.36,45815.08,6.79
FMM,2014-09-09,2014,252,18.13,3.25,0,0.652707372439384,182.781,38.0962042620327,406.18,771.06,45607.31,10.69
FMM,2014-09-10,2014,253,19.12,2.43,0,0.74073409955828,190.3545,39.4936576165467,423.01,727.62,45399.18,10.775
FMM,2014-09-11,2014,254,16.73,3.87,16.64,0.547763480737477,125.0685,25.8293569602033,277.93,805.37,45190.74,10.3
FMM,2014-09-12,2014,255,9.08,-2.1,0,0.314739925595613,155.5695,31.9800847469823,345.71,523.52,44982.02,3.49
FMM,2014-09-13,2014,256,6.92,-3.21,11.41,0.256774641927983,107.5905,22.0143926837484,239.09,482.1,44773.04,1.855
FMM,2014-09-14,2014,257,6.8,1.85,0.54,0.144681865071781,76.4415,15.5678273633952,169.87,697.81,44563.84,4.325
FMM,2014-09-15,2014,258,10.83,0.17,2.06,0.338700824371155,107.7255,21.8359412368807,239.39,618.45,44354.45,5.5
FMM,2014-09-16,2014,259,11.76,2.75,1.24,0.316966605781261,124.6995,25.1571448972364,277.11,744.14,44144.89,7.255
FMM,2014-09-17,2014,260,8.99,2.8,10.5,0.19914107855051,67.374,13.527612053136,149.72,747.04,43935.2,5.895
FMM,2014-09-18,2014,261,3.89,-2.37,0,0.146857475624429,94.41,18.865494243054,209.8,513.17,43725.42,0.76
FMM,2014-09-19,2014,262,8.07,-5.05,0,0.32870038060065,166.0995,33.0315537143183,369.11,419.68,43515.55,1.51
FMM,2014-09-20,2014,263,12.9,0.25,12.03,0.431860280279839,118.5705,23.4659106600953,263.49,621.82,43305.65,6.575
FMM,2014-09-21,2014,264,15.39,12.24,20.58,0.159388327646502,35.604,7.0121182951044,79.12,1424.37,43095.73,13.815
FMM,2014-09-22,2014,265,13.43,1.33,10.68,0.432455523735093,115.7355,22.6827920201877,257.19,672.53,42885.82,7.38
FMM,2014-09-23,2014,266,8.37,-0.9,4.55,0.263310500889482,99.369,19.3798503344268,220.82,572.08,42675.96,3.735
FMM,2014-09-24,2014,267,14.41,-3.19,0,0.578272597706598,181.008,35.1282944020752,402.24,482.59,42466.17,5.61
FMM,2014-09-25,2014,268,19.11,4.95,0,0.669511308106499,161.8875,31.26243729042,359.75,868.72,42256.48,12.03
FMM,2014-09-26,2014,269,20.73,3.01,0,0.841469095078611,172.4625,33.1394402996212,383.25,758.01,42046.93,11.87
FMM,2014-09-27,2014,270,22.28,10.47,0,0.707815443090894,137.817,26.3502738233226,306.26,1266.71,41837.54,16.375
FMM,2014-09-28,2014,271,22.94,9.44,0,0.80487432914516,148.545,28.2594188789145,330.1,1182.37,41628.33,16.19
FMM,2014-09-29,2014,272,11.35,2.24,10.28,0.311576546835494,90.8595,17.1984703411553,201.91,717.87,41419.35,6.795
FMM,2014-09-30,2014,273,10.08,2.96,1.71,0.238782644882467,98.181,18.4906809486171,218.18,755.15,41210.63,6.52
FMM,2014-10-01,2014,274,15.03,-1.4,0,0.577251997862575,162.792,30.5039663111736,361.76,551.2,41002.19,6.815
FMM,2014-10-02,2014,275,16.49,-3.1,0,0.693408128287832,168.4755,31.4086944257721,374.39,485.94,40794.06,6.695
FMM,2014-10-03,2014,276,16.8,-1.6,0,0.683347908725761,162.6345,30.1653331507962,361.41,543.15,40586.28,7.6
FMM,2014-10-04,2014,277,13.1,7.84,34.17,0.221516697356216,49.1175,9.063725047488,109.15,1060.75,40378.88,10.47
FMM,2014-10-05,2014,278,12.36,-1.68,5.38,0.4472003063725,107.3655,19.7107579115865,238.59,539.81,40171.9,5.34
FMM,2014-10-06,2014,279,10.72,-1.43,0,0.368203114629246,132.102,24.1273392563718,293.56,550.18,39965.37,4.645
FMM,2014-10-07,2014,280,11.27,2.73,18.95,0.295277131014526,75.4785,13.7144504242134,167.73,743.34,39759.32,7.0
FMM,2014-10-08,2014,281,11.2,2.63,16.7,0.294814063704261,76.518,13.8314564477154,170.04,738.09,39553.79,6.915
FMM,2014-10-09,2014,282,3.5,0.21,4.58,0.0823282977039553,33.6735,6.0553070805339,74.83,620.14,39348.82,1.855
FMM,2014-10-10,2014,283,5.51,0.6,0,0.132739450686384,65.79,11.769179073732,146.2,637.78,39144.44,3.055
FMM,2014-10-11,2014,284,7.12,-1.42,0,0.229323366654502,106.6005,18.9705134012566,236.89,550.55,38940.69,2.85
FMM,2014-10-12,2014,285,7.82,-2.84,0,0.281468229433346,123.3315,21.8334836930576,274.07,495.69,38737.61,2.49
FMM,2014-10-13,2014,286,12.46,-3.42,0,0.484519411657412,145.3545,25.5978130222913,323.01,474.54,38535.25,4.52
FMM,2014-10-14,2014,287,16.68,5.96,0,0.481160151580493,113.8545,19.9455703882866,253.01,932.08,38333.64,11.32
FMM,2014-10-15,2014,288,15.96,9.16,15.26,0.324340940488375,58.644,10.2197158891164,130.32,1160.06,38132.83,12.56
FMM,2014-10-16,2014,289,13.6,9.06,20.77,0.200916748530647,40.743,7.0629263515035,90.54,1151.91,37932.85,11.33
FMM,2014-10-17,2014,290,13.09,8,21.35,0.21564325522048,45.2295,7.7995234774944,100.51,1071.93,37733.76,10.545
FMM,2014-10-18,2014,291,10.46,-0.53,9.29,0.338420502174264,85.2615,14.625560926458,189.47,587.64,37535.6,4.965
FMM,2014-10-19,2014,292,2.01,-2.92,0,0.106791943837998,60.912,10.3938153244128,135.36,492.73,37338.42,-0.455
FMM,2014-10-20,2014,293,1.17,-3.37,0,0.0946726689178152,57.1545,9.70141476916755,127.01,476.13,37142.27,-1.1
FMM,2014-10-21,2014,294,5.57,-6.57,0,0.267008268717966,120.438,20.3357947083354,267.64,373.57,36947.19,-0.5
FMM,2014-10-22,2014,295,7.21,-1.75,0,0.239352076376865,97.6725,16.405298410923,217.05,537.04,36753.24,2.73
FMM,2014-10-23,2014,296,8.98,0.46,0,0.256628742707941,92.151,15.3967132903329,204.78,631.6,36560.47,4.72
FMM,2014-10-24,2014,297,10.52,-2.05,0,0.37223512097989,117.6255,19.5500704165029,261.39,525.37,36368.94,4.235
FMM,2014-10-25,2014,298,11.9,-3.42,5.54,0.458361021243608,93.3255,15.4301221045292,207.39,474.61,36178.69,4.24
FMM,2014-10-26,2014,299,5.9,0.92,3.58,0.137748579627769,43.6275,7.17556065393825,96.95,652.57,35989.79,3.41
FMM,2014-10-27,2014,300,3.79,0.96,0.97,0.0729299465420429,35.19,5.75766502209,78.2,654.88,35802.3,2.375
FMM,2014-10-28,2014,301,8.33,-1.91,4.21,0.282439993046217,77.4675,12.6091025207482,172.15,531.03,35616.27,3.21
FMM,2014-10-29,2014,302,9.11,1.6,2.52,0.234746568014143,61.389,9.9402998379048,136.42,685.5,35431.76,5.355
FMM,2014-10-30,2014,303,2.94,-1.72,0,0.107898266867432,54.9675,8.854560600039,122.15,538.61,35248.84,0.61
FMM,2014-10-31,2014,304,-0.57,-2.78,0,0.0444874909051299,29.1375,4.66954063639875,64.75,497.7,35067.57,-1.675
FMM,2014-11-01,2014,305,-1.12,-5.01,0,0.0713590192423833,49.851,7.9481562705414,110.78,420.97,34888.02,-3.065
FMM,2014-11-02,2014,306,-0.4,-5.96,0,0.101201285116919,70.6005,11.1990637934213,156.89,391.65,34710.25,-3.18
FMM,2014-11-03,2014,307,0.74,-8,0,0.155400678873378,96.669,15.2564841007389,214.82,334.52,34534.33,-3.63
FMM,2014-11-04,2014,308,1.99,-9.17,15.54,0.200371534111025,90.2115,14.1656107550976,200.47,305.16,34360.32,-3.59
FMM,2014-11-05,2014,309,4.46,-0.09,12.85,0.116247407430485,47.5335,7.42666145256945,105.63,606.9,34188.31,2.185
FMM,2014-11-06,2014,310,1.41,-2.04,3.88,0.0755513646433895,37.188,5.7813934060692,82.64,525.74,34018.37,-0.315
FMM,2014-11-07,2014,311,-1.75,-7.29,3.49,0.0925372882753147,57.6045,8.91124411416075,128.01,353.4,33850.55,-4.52
FMM,2014-11-08,2014,312,-4.45,-8.57,0,0.0602155909524811,58.905,9.0678487474575,130.9,320.07,33684.95,-6.51
FMM,2014-11-09,2014,313,-0.68,-11.76,2.78,0.166980915985539,85.5495,13.1056571935805,190.11,248.42,33521.63,-6.22
FMM,2014-11-10,2014,314,-0.54,-11.38,2.29,0.166108367178497,83.709,12.7621286453871,186.02,256.12,33360.67,-5.96
FMM,2014-11-11,2014,315,-0.14,-6.9,2.44,0.120590788308765,63.0585,9.56810743529175,140.13,364.31,33202.15,-3.52
FMM,2014-11-12,2014,316,2.68,-4.9,8.99,0.158318751188218,68.229,10.3040022432942,151.62,424.45,33046.14,-1.11
FMM,2014-11-13,2014,317,-2.84,-9.11,0,0.0951712574171951,81.2115,12.2076944967452,180.47,306.61,32892.73,-5.975
FMM,2014-11-14,2014,318,-5.32,-12.45,0,0.0888434089861894,88.2135,13.19946892569,196.03,235.01,32742,-8.885
FMM,2014-11-15,2014,319,-6.32,-12.43,0,0.0735914989898936,77.7465,11.5807043600001,172.77,235.36,32594.02,-9.375
FMM,2014-11-16,2014,320,-4.63,-10.82,6.19,0.0834139316936315,57.681,8.5535951820696,128.18,267.89,32448.88,-7.725
FMM,2014-11-17,2014,321,-3.54,-5.33,12.75,0.0303320833797238,19.5525,2.8867591813005,43.45,410.83,32306.66,-4.435
FMM,2014-11-18,2014,322,-3.72,-11.61,7.18,0.107042025194021,67.599,9.9374045688792,150.22,251.4,32167.44,-7.665
FMM,2014-11-19,2014,323,-10.27,-12.99,2.15,0.0283070262586865,27.774,4.065642580734,61.72,224.97,32031.3,-11.63
FMM,2014-11-20,2014,324,-7.85,-15.14,4.01,0.0758776414540004,64.359,9.3819569155479,143.02,188.47,31898.33,-11.495
FMM,2014-11-21,2014,325,-10.88,-17.3,0,0.0554690257730131,79.2135,11.500414122177,176.03,157.4,31768.6,-14.09
FMM,2014-11-22,2014,326,-3.86,-18.67,5.29,0.16029160140261,81.5895,11.798237735433,181.31,140.03,31642.2,-11.265
FMM,2014-11-23,2014,327,0.44,-4.17,4.89,0.0914717724197412,43.29,6.235612366113,96.2,448.45,31519.21,-1.865
FMM,2014-11-24,2014,328,10.4,0.15,26.97,0.321178353396694,70.326,10.0915471449522,156.28,617.24,31399.71,5.275
FMM,2014-11-25,2014,329,4.87,-2.9,0,0.185507009946661,83.6055,11.9528170343703,185.79,493.25,31283.78,0.985
FMM,2014-11-26,2014,330,-3.19,-8.99,0,0.0873110011738871,68.832,9.8053800097824,152.96,309.55,31171.51,-6.09
FMM,2014-11-27,2014,331,-5.27,-15.14,0,0.112871963048071,94.4595,13.4092559324484,209.91,188.54,31062.96,-10.205
FMM,2014-11-28,2014,332,-9.12,-17.82,2.06,0.0787931606928048,65.79,9.307907712666,146.2,150.6,30958.22,-13.47
FMM,2014-11-29,2014,333,-9.5,-22.31,4.3,0.0986023504254877,74.358,10.485823099041,165.24,101.98,30857.35,-15.905
FMM,2014-11-30,2014,334,1.37,-11.09,7.6,0.2066404179178,71.8875,10.1056037516438,159.75,262.07,30760.45,-4.86
FMM,2014-12-01,2014,335,0.49,-17.89,0,0.24211129325771,102.4065,14.3523523779268,227.57,149.68,30667.57,-8.7
FMM,2014-12-02,2014,336,-11.06,-26.22,4.37,0.0963261089407685,74.169,10.364755508604,164.82,71.76,30578.8,-18.64
FMM,2014-12-03,2014,337,-1.39,-12.59,12.28,0.160343581909538,66.663,9.2900522390229,148.14,232.3,30494.19,-6.99
FMM,2014-12-04,2014,338,-6.82,-25.91,0,0.147100888939966,101.502,14.1078758197734,225.56,73.83,30413.81,-16.365
FMM,2014-12-05,2014,339,-8.98,-28.26,2.75,0.126033329035203,74.6865,10.3547922434176,165.97,59.36,30337.73,-18.62
FMM,2014-12-06,2014,340,-3.33,-13.2,2.1,0.12909095957838,58.941,8.1524636520237,130.98,221.05,30266.01,-8.265
FMM,2014-12-07,2014,341,-14.67,-27.84,0,0.0679621509445677,91.107,12.5735043949029,202.46,61.74,30198.71,-21.255
FMM,2014-12-08,2014,342,-9.23,-28.78,0,0.124413208599962,98.2125,13.525920923265,218.25,56.55,30135.88,-19.005
FMM,2014-12-09,2014,343,-3.5,-12.7,4.65,0.121530546847178,53.1855,7.3105884690813,118.19,230.18,30077.58,-8.1
FMM,2014-12-10,2014,344,-3.49,-5.54,8.51,0.0344101983321209,14.8095,2.03199660404775,32.91,404.38,30023.85,-4.515
FMM,2014-12-11,2014,345,-1.1,-5.71,8.85,0.0827144478878677,29.889,4.0943315676402,66.42,399.13,29974.74,-3.405
FMM,2014-12-12,2014,346,-0.6,-3.86,3.13,0.063298446130025,21.8565,2.9895642209115,48.57,458.98,29930.3,-2.23
FMM,2014-12-13,2014,347,-0.48,-3.45,0,0.0585491269113561,26.91,3.675900981285,59.8,473.45,29890.55,-1.965
FMM,2014-12-14,2014,348,0.35,-8.03,0,0.14694412148108,67.302,9.1826726175756,149.56,333.64,29855.54,-3.84
FMM,2014-12-15,2014,349,-3.2,-11.48,0,0.114810731956726,66.8475,9.1114226097975,148.55,254.14,29825.3,-7.34
FMM,2014-12-16,2014,350,-5.55,-10.04,0,0.0601880348669653,39.4605,5.3739387994824,87.69,285.09,29799.84,-7.795
FMM,2014-12-17,2014,351,-3.39,-6.02,6.24,0.0434870097675425,18.1305,2.46739768875585,40.29,389.81,29779.21,-4.705
FMM,2014-12-18,2014,352,-4.63,-9.5,4.1,0.0685303782900634,31.9815,4.350083269347,71.07,297.54,29763.4,-7.065
FMM,2014-12-19,2014,353,-3.69,-17.83,0,0.158035447715905,88.5645,12.0419996211743,196.81,150.43,29752.45,-10.76
FMM,2014-12-20,2014,354,-4.68,-23.75,0,0.171688305142503,94.5945,12.8592538501928,210.21,89.71,29746.35,-14.215
FMM,2014-12-21,2014,355,-7.37,-22.51,0,0.126376431781534,89.226,12.1289499348102,198.28,100.2,29745.11,-14.94
FMM,2014-12-22,2014,356,-6.97,-21.19,0,0.125644572191117,87.345,11.874704887521,194.1,112.63,29748.74,-14.08
FMM,2014-12-23,2014,357,-1.97,-8.83,1.71,0.108091112057117,53.3925,7.2608725256445,118.65,313.58,29757.22,-5.4
FMM,2014-12-24,2014,358,1.67,-2.35,19.05,0.087700889571731,24.453,3.3268663318176,54.34,513.99,29770.56,-0.34
FMM,2014-12-25,2014,359,4.67,-3.54,8.33,0.19101103166105,45.792,6.2338729381056,101.76,470.27,29788.74,0.565
FMM,2014-12-26,2014,360,-2.28,-5.41,0,0.0547070973911976,26.6715,3.63371709187125,59.27,408.31,29811.75,-3.845
FMM,2014-12-27,2014,361,-2.59,-4.68,4.12,0.0371623785311737,14.616,1.9931369909472,32.48,431.6,29839.56,-3.635
FMM,2014-12-28,2014,362,0.52,-10.39,6.14,0.1791392861402,58.1175,7.93395267674625,129.15,277.08,29872.15,-4.935
FMM,2014-12-29,2014,363,-10.73,-23.94,0,0.0916241369055591,87.84,12.006530679312,195.2,88.24,29909.49,-17.335
FMM,2014-12-30,2014,364,-19.26,-27.87,0,0.0365603594895343,69.795,9.5534407353825,155.1,61.61,29951.55,-23.565
FMM,2014-12-31,2014,365,-14.15,-28.5,2.21,0.0740629004232959,68.3325,9.36785175201225,151.85,58.07,29998.29,-21.325
FMM,2015-01-01,2015,1,-10.29,-15.73,9.3,0.0509043710941642,27.9,3.83145367473,62,179.45,30049.91,-13.01
FMM,2015-01-02,2015,2,-10.97,-25.7,1.99,0.095558248878756,86.8635,11.9510285397125,193.03,75.23,30105.91,-18.335
FMM,2015-01-03,2015,3,-15.2,-32.54,6.46,0.0748385630816555,71.2665,9.8248511586663,158.37,39.45,30166.46,-23.87
FMM,2015-01-04,2015,4,-3.09,-16.14,17.51,0.157147157365324,60.849,8.4067761845943,135.22,173.49,30231.51,-9.615
FMM,2015-01-05,2015,5,-7.47,-30.08,1.25,0.149989895661446,108.1035,14.969698721825,240.23,50.03,30301.01,-18.775
FMM,2015-01-06,2015,6,-19.77,-33.78,0,0.0469444926936248,88.6275,12.3026751253575,196.95,34.96,30374.9,-26.775
FMM,2015-01-07,2015,7,-19.44,-33.69,3.13,0.0486537725992382,67.0725,9.33452762757075,149.05,35.25,30453.11,-26.565
FMM,2015-01-08,2015,8,-17.68,-37.97,3.56,0.0654178185553806,80.1225,11.18090995227,178.05,22.91,30535.6,-27.825
FMM,2015-01-09,2015,9,-13.11,-20.18,6.94,0.0508072546936981,39.051,5.4649460991996,86.78,122.94,30622.28,-16.645
FMM,2015-01-10,2015,10,-16.43,-25.74,2.26,0.0480108322714933,50.5845,7.0999831077615,112.41,74.97,30713.1,-21.085
FMM,2015-01-11,2015,11,-12.65,-19.32,5.11,0.0503136974121996,37.7775,5.3187874825365,83.95,132.42,30807.98,-15.985
FMM,2015-01-12,2015,12,-8.28,-26.02,5.12,0.127894405577641,79.5105,11.2304052729472,176.69,73.08,30906.85,-17.15
FMM,2015-01-13,2015,13,-15.54,-31.79,0,0.0707477638531838,104.553,14.8166343495765,232.34,42.43,31009.65,-23.665
FMM,2015-01-14,2015,14,-10.51,-29.95,0,0.112723320531195,113.9625,16.2056322100013,253.25,50.65,31116.29,-20.23
FMM,2015-01-15,2015,15,-10.62,-29.15,4.82,0.109550903517507,84.1455,12.0080654763152,186.99,54.63,31226.69,-19.885
FMM,2015-01-16,2015,16,-11.77,-28.21,3.68,0.0950979581506703,80.6265,11.547924796553,179.17,59.66,31340.79,-19.99
FMM,2015-01-17,2015,17,-16.22,-32.41,0,0.066920209344334,109.4085,15.7291507484325,243.13,39.98,31458.5,-24.315
FMM,2015-01-18,2015,18,-1.23,-17.16,9.87,0.200144701916237,80.955,11.683377982269,179.9,159.2,31579.74,-9.195
FMM,2015-01-19,2015,19,-1.24,-14.98,18.76,0.183963408279429,75.717,10.9705789712367,168.26,191.09,31704.43,-8.11
FMM,2015-01-20,2015,20,-15.89,-22.69,0,0.0400824302698317,58.401,8.4958523966736,129.78,98.69,31832.48,-19.29
FMM,2015-01-21,2015,21,-9.66,-25.39,0,0.109005627711775,114.2595,16.6904225388545,253.91,77.36,31963.83,-17.525
FMM,2015-01-22,2015,22,-6.52,-29.39,0,0.161576209122375,133.839,19.6327889193474,297.42,53.38,32098.38,-17.955
FMM,2015-01-23,2015,23,-7.53,-20.88,5.06,0.11650777801541,78.678,11.5907480900676,174.84,115.65,32236.06,-14.205
FMM,2015-01-24,2015,24,-6.02,-8.01,0,0.0284267742746641,22.4055,3.3151600054053,49.79,334.34,32376.78,-7.015
FMM,2015-01-25,2015,25,-7.42,-23.78,0,0.131010473365222,122.7375,18.2410634137725,272.75,89.51,32520.46,-15.6
FMM,2015-01-26,2015,26,-15.17,-31.85,0,0.0737092399094078,125.8965,18.794866365805,279.77,42.19,32667.01,-23.51
FMM,2015-01-27,2015,27,-16.17,-24.8,3.78,0.0465304469102435,59.22,8.881271421498,131.6,81.67,32816.37,-20.485
FMM,2015-01-28,2015,28,-8.78,-22.97,0,0.11009317267157,117.738,17.7390865224504,261.64,96.23,32968.44,-15.875
FMM,2015-01-29,2015,29,-4.09,-25.8,5.67,0.189060361155223,106.7625,16.1609332005225,237.25,74.52,33123.14,-14.945
FMM,2015-01-30,2015,30,-4.85,-22.3,6.12,0.1627541806013,99.936,15.199408948608,222.08,102.09,33280.4,-13.575
FMM,2015-01-31,2015,31,-15.95,-24.87,0,0.0484272485667107,85.689,13.0951163550222,190.42,81.12,33440.14,-20.41
FMM,2015-02-01,2015,32,-20.83,-32.91,0,0.0397946870072763,111.4335,17.1119978844966,247.63,38.07,33602.28,-26.87
FMM,2015-02-02,2015,33,-19.12,-35.13,0,0.0527985118554934,135.495,20.908775673891,301.1,30.57,33766.74,-27.125
FMM,2015-02-03,2015,34,-16.32,-34.42,1.8,0.069762273720147,144.657,22.4328096202905,321.46,32.81,33933.45,-25.37
FMM,2015-02-04,2015,35,-11,-29.3,5.67,0.105885831064677,109.503,17.0657850098943,243.34,53.85,34102.33,-20.15
FMM,2015-02-05,2015,36,-13.21,-31.35,1.72,0.0890797265063452,148.5,23.25941046495,330,44.3,34273.31,-22.28
FMM,2015-02-06,2015,37,-16.05,-37.33,0,0.0758510477002822,158.7735,24.9940739435364,352.83,24.47,34446.32,-26.69
FMM,2015-02-07,2015,38,-17.53,-31.48,0,0.0560775928528214,132.6555,20.9886536653128,294.79,43.72,34621.28,-24.505
FMM,2015-02-08,2015,39,-18.07,-32.21,0,0.0540863782338656,134.2125,21.3434721833963,298.25,40.75,34798.13,-25.14
FMM,2015-02-09,2015,40,-14.1,-28.49,1.68,0.0744710703851388,136.422,21.8062286593866,303.16,58.11,34976.79,-21.295
FMM,2015-02-10,2015,41,-8.62,-25.79,0,0.122829175981217,150.795,24.22799198118,335.1,74.64,35157.2,-17.205
FMM,2015-02-11,2015,42,-11.88,-29.89,2.22,0.0983645178662669,116.3565,18.7916446802565,258.57,50.91,35339.3,-20.885
FMM,2015-02-12,2015,43,-12.62,-23.38,2.78,0.0703930553625426,84.7575,13.7595457467428,188.35,92.75,35523.01,-18.0
FMM,2015-02-13,2015,44,-21.55,-32.06,0,0.0346032420278367,115.263,18.8094046928148,256.14,41.36,35708.28,-26.805
FMM,2015-02-14,2015,45,-15.93,-34.7,1.6,0.0730510268493454,168.2055,27.5924938857818,373.79,31.9,35895.05,-25.315
FMM,2015-02-15,2015,46,-19.83,-28.98,0,0.0363875794384132,106.5195,17.5651088821326,236.71,55.53,36083.24,-24.405
FMM,2015-02-16,2015,47,-17.74,-28.03,0,0.0463004553390768,120.24,19.931798516976,267.2,60.65,36272.82,-22.885
FMM,2015-02-17,2015,48,-10.95,-33.46,0,0.115253712575658,186.318,31.0478740253946,414.04,36.06,36463.71,-22.205
FMM,2015-02-18,2015,49,-10.49,-25.5,0,0.100009669601132,158.571,26.5633826385942,352.38,76.63,36655.86,-17.995
FMM,2015-02-19,2015,50,-11.51,-19.6,7.14,0.0630095076143784,74.1015,12.4787619145431,164.67,129.27,36849.22,-15.555
FMM,2015-02-20,2015,51,-15.27,-22.8,3.07,0.0452609129285413,71.5275,12.1088827357245,158.95,97.72,37043.74,-19.035
FMM,2015-02-21,2015,52,-13.47,-30.26,4.49,0.0843358957424227,131.9715,22.4594212859568,293.27,49.18,37239.36,-21.865
FMM,2015-02-22,2015,53,-8.88,-16.98,4.75,0.0762308090590487,79.6995,13.6352022295415,177.11,161.62,37436.03,-12.93
FMM,2015-02-23,2015,54,-14.69,-30.3,1.47,0.0741272522791075,173.871,29.903379370839,386.38,48.99,37633.7,-22.495
FMM,2015-02-24,2015,55,-17.44,-35.94,0,0.0643588111199752,190.8675,32.999788742832,424.15,28.19,37832.32,-26.69
FMM,2015-02-25,2015,56,-9.68,-24.06,2.55,0.103787186938707,126.126,21.9214051308252,280.28,87.31,38031.86,-16.87
FMM,2015-02-26,2015,57,-16.55,-31.46,0,0.0626488220288166,174.573,30.5016359071725,387.94,43.84,38232.25,-24.005
FMM,2015-02-27,2015,58,-14.04,-34.91,0,0.088303365215883,204.8625,35.9822457377888,455.25,31.26,38433.47,-24.475
FMM,2015-02-28,2015,59,-10.33,-28.21,0,0.110225647841395,195.3135,34.4853340835378,434.03,59.66,38635.45,-19.27
FMM,2015-03-01,2015,60,-7.71,-26.75,0,0.137718440656213,202.473,35.9370304834698,449.94,68.29,38838.18,-17.23
FMM,2015-03-02,2015,61,-8.65,-20.97,3.45,0.102470629863696,118.107,21.0726587704941,262.46,114.76,39041.59,-14.81
FMM,2015-03-03,2015,62,-9.61,-24.4,9.14,0.105929023624258,134.6535,24.1504580844968,299.23,84.66,39245.65,-17.005
FMM,2015-03-04,2015,63,-6.59,-15.95,7.93,0.0992734401889087,97.236,17.5304847556116,216.08,176.22,39450.33,-11.27
FMM,2015-03-05,2015,64,-16.3,-30.73,0,0.0628766318923953,185.0805,33.5414072622271,411.29,46.99,39655.59,-23.515
FMM,2015-03-06,2015,65,-12.94,-32.14,0,0.093172837573052,215.6625,39.2864842296225,479.25,41.02,39861.38,-22.54
FMM,2015-03-07,2015,66,-8.22,-18.12,1.33,0.0919075317372396,144.3285,26.4278836628492,320.73,146.76,40067.67,-13.17
FMM,2015-03-08,2015,67,-7.05,-23.82,1.48,0.136209978236797,209.4435,38.5489443392519,465.43,89.22,40274.43,-15.435
FMM,2015-03-09,2015,68,-6.12,-23.01,0,0.14626124300641,211.518,39.1310422371612,470.04,95.85,40481.62,-14.565
FMM,2015-03-10,2015,69,1,-16.12,0,0.241947239041703,212.922,39.5927798303034,473.16,173.74,40689.21,-7.56
FMM,2015-03-11,2015,70,-0.2,-10.52,6.09,0.16430965465074,115.2855,21.5468676626,256.19,274.37,40897.17,-5.36
FMM,2015-03-12,2015,71,-11.38,-19.04,0,0.0611625474816929,124.6365,23.4132098403753,276.97,135.64,41105.46,-15.21
FMM,2015-03-13,2015,72,-6.28,-25.6,0,0.153809186454593,234.783,44.3282425376724,521.74,75.94,41314.04,-15.94
FMM,2015-03-14,2015,73,-3.67,-22.56,5.77,0.18369809082709,173.583,32.939049846699,385.74,99.76,41522.9,-13.115
FMM,2015-03-15,2015,74,-6.62,-20.26,5.33,0.125829733898483,147.7305,28.1744510115362,328.29,122.15,41731.99,-13.44
FMM,2015-03-16,2015,75,0.86,-25.22,2.14,0.286178734532106,191.5875,36.7219009232888,425.75,78.57,41941.29,-12.18
FMM,2015-03-17,2015,76,-2.67,-17.07,6.6,0.171462277927755,152.7615,29.4262978706923,339.47,160.37,42150.77,-9.87
FMM,2015-03-18,2015,77,-14.78,-20.15,0,0.0363891554272159,91.656,17.743412638368,203.68,123.27,42360.4,-17.465
FMM,2015-03-19,2015,78,-9.94,-21.71,0,0.0907157494865297,186.9165,36.3637713900267,415.37,107.57,42570.14,-15.825
FMM,2015-03-20,2015,79,-1.02,-23.97,0,0.23998766544106,260.172,50.8647871216188,578.16,88.02,42779.97,-12.495
FMM,2015-03-21,2015,80,-1.96,-18.69,8.94,0.195205305178986,172.161,33.8233723359345,382.58,139.84,42989.85,-10.325
FMM,2015-03-22,2015,81,-18.3,-24.62,0,0.0316113956618193,109.6155,21.640615255148,243.59,83.01,43199.77,-21.46
FMM,2015-03-23,2015,82,-9.24,-22.32,0,0.101690481246958,204.939,40.6562667572187,455.42,101.92,43409.69,-15.78
FMM,2015-03-24,2015,83,-0.16,-18.13,0,0.229064702101533,243.6075,48.5610686024018,541.35,146.66,43619.57,-9.145
FMM,2015-03-25,2015,84,2.49,-19.53,2.59,0.300627618621768,196.794,39.417908652252,437.32,130.11,43829.4,-8.52
FMM,2015-03-26,2015,85,0.21,-4.03,3.34,0.0836405519748711,57.5325,11.5789285560037,127.85,453.45,44039.15,-1.91
FMM,2015-03-27,2015,86,-2.49,-15.58,0,0.164140464243695,209.979,42.4612980145431,466.62,181.73,44248.77,-9.035
FMM,2015-03-28,2015,87,-5.76,-21.59,0,0.145259776009974,238.689,48.4954472205225,530.42,108.67,44458.25,-13.675
FMM,2015-03-29,2015,88,-0.82,-23.75,0,0.243302419046166,278.0415,56.7568069971952,617.87,89.76,44667.55,-12.285
FMM,2015-03-30,2015,89,-3.06,-7.24,3.97,0.0669829252758303,60.4395,12.3953100925896,134.31,354.81,44876.64,-5.15
FMM,2015-03-31,2015,90,-3.35,-16.17,0,0.152750921410639,218.385,44.996205912975,485.3,173,45085.5,-9.76
FMM,2015-04-01,2015,91,-6.59,-21.38,0,0.131985197613664,240.5475,49.7918871222368,534.55,110.73,45294.09,-13.985
FMM,2015-04-02,2015,92,0.28,-19.67,5.96,0.2479407115716,205.3935,42.7107314054421,456.43,128.49,45502.38,-9.695
FMM,2015-04-03,2015,93,7.13,-5.02,3.71,0.294931788271216,154.782,32.3333728821342,343.96,420.51,45710.33,1.055
FMM,2015-04-04,2015,94,-5.35,-21.02,4.28,0.148738180223402,186.921,39.2244175061424,415.38,114.28,45917.92,-13.185
FMM,2015-04-05,2015,95,-9.98,-23.71,2.79,0.0990101962398712,175.734,37.0432778689818,390.52,90.05,46125.11,-16.845
FMM,2015-04-06,2015,96,-3.13,-25.35,0,0.204258542673776,291.2085,61.6595243557986,647.13,77.69,46331.88,-14.24
FMM,2015-04-07,2015,97,-1.16,-19.37,0,0.215218895527271,271.8315,57.8129703516824,604.07,131.88,46538.17,-10.265
FMM,2015-04-08,2015,98,2.58,-21.28,0,0.312208856486173,297.8415,63.6248706118938,661.87,111.68,46743.96,-9.35
FMM,2015-04-09,2015,99,4.59,-13.48,6.17,0.315881348123861,201.6315,43.2616383516051,448.07,216.13,46949.22,-4.445
FMM,2015-04-10,2015,100,4.9,-2.88,25.53,0.185917867244702,108.531,23.387705838513,241.18,494.11,47153.9,1.01
FMM,2015-04-11,2015,101,0.48,-2.62,0,0.0647674717540743,65.79,14.238661467591,146.2,503.59,47357.97,-1.07
FMM,2015-04-12,2015,102,11.8,-3.32,0,0.45213882428866,248.427,53.9969764381182,552.06,478.04,47561.38,4.24
FMM,2015-04-13,2015,103,13.73,-4.16,2.65,0.55962516208749,203.5125,44.4231027037125,452.25,449.02,47764.1,4.785
FMM,2015-04-14,2015,104,7.78,-0.02,2.12,0.22289803871759,113.3145,24.8391085192439,251.81,609.84,47966.09,3.88
FMM,2015-04-15,2015,105,4.76,-6.34,0,0.238673297091163,213.5745,47.0130028136491,474.61,380.4,48167.31,-0.79
FMM,2015-04-16,2015,106,7.73,-9.23,0,0.374321339984393,278.109,61.4733342539823,618.02,303.93,48367.71,-0.75
FMM,2015-04-17,2015,107,12.73,-3.93,0,0.506226535578736,270.6615,60.0739388737182,601.47,456.83,48567.24,4.4
FMM,2015-04-18,2015,108,4.69,-6.73,1.35,0.242428945564628,216.72,48.298224813048,481.6,368.95,48765.87,-1.02
FMM,2015-04-19,2015,109,5.09,-5.12,0,0.230226155807258,203.148,45.4570826733144,451.44,417.34,48963.54,-0.015
FMM,2015-04-20,2015,110,5.13,-6.15,13.28,0.24716731769391,166.3785,37.3789531376464,369.73,385.88,49160.21,-0.51
FMM,2015-04-21,2015,111,3.56,-0.33,16.16,0.0962135725312036,65.4255,14.757123440389,145.39,596,49355.83,1.615
FMM,2015-04-22,2015,112,7.55,-1.93,15.93,0.254559114532548,146.5425,33.1838309934787,325.65,530.22,49550.35,2.81
FMM,2015-04-23,2015,113,1.54,-1.77,19.27,0.0733820121878489,59.8275,13.6005110718142,132.95,536.36,49743.71,-0.115
FMM,2015-04-24,2015,114,0.56,-2.2,4.69,0.0584454077252913,53.955,12.3129046869345,119.9,519.7,49935.87,-0.82
FMM,2015-04-25,2015,115,3.38,-1.66,2.67,0.118839533861456,90.756,20.7903244812084,201.68,540.77,50126.77,0.86
FMM,2015-04-26,2015,116,4.63,0.08,3.29,0.117647363194513,83.97,19.308538228986,186.6,614.28,50316.34,2.355
FMM,2015-04-27,2015,117,5.38,0.55,3.3,0.129786546821598,91.2105,21.0519076597119,202.69,635.53,50504.54,2.965
FMM,2015-04-28,2015,118,10.94,0.72,0,0.330960128690475,236.8575,54.8702394995453,526.35,643.48,50691.31,5.83
FMM,2015-04-29,2015,119,5.45,1.87,0,0.100096947958924,95.9805,22.3160436974821,213.29,699,50876.59,3.66
FMM,2015-04-30,2015,120,10.29,-1.67,0,0.355136906801669,265.977,62.064554937867,591.06,540.27,51060.3,4.31
FMM,2015-05-01,2015,121,12.7,-2.01,0,0.472936764311782,295.659,69.236764709112,657.02,523.75,51242.4,5.345
FMM,2015-05-02,2015,122,16.08,-2.74,0,0.691581987199934,321.507,75.5548804151118,714.46,470.23,51422.82,6.67
FMM,2015-05-03,2015,123,18,-3.19,0,0.827372226471905,328.7925,77.535440830953,730.65,444.13,51601.48,7.405
FMM,2015-05-04,2015,124,21.51,1.1,7.76,0.949735197613116,239.904,56.7677561550624,533.12,661.35,51778.33,11.305
FMM,2015-05-05,2015,125,10.62,0.28,0,0.327405593116697,240.8715,57.1892967053415,535.27,623.23,51953.3,5.45
FMM,2015-05-06,2015,126,11.13,-1.87,0,0.39484761670025,283.0005,67.4155970947184,628.89,532.53,52126.31,4.63
FMM,2015-05-07,2015,127,19.28,1.68,0,0.833008269677542,316.2645,75.5867775685469,702.81,627.47,52297.29,10.48
FMM,2015-05-08,2015,128,16.74,2.17,0,0.634185441579697,299.394,71.7858318917844,665.32,673.92,52466.18,9.455
FMM,2015-05-09,2015,129,17.19,4.26,10.09,0.564314899579465,211.626,50.9028900646698,470.28,828.1,52632.89,10.725
FMM,2015-05-10,2015,130,12.78,2.56,5.94,0.369894603212634,186.327,44.9577117940104,414.06,734,52797.36,7.67
FMM,2015-05-11,2015,131,8.43,0.43,5.54,0.236616132951759,155.8215,37.712692413715,346.27,630.04,52959.51,4.43
FMM,2015-05-12,2015,132,15.2,2,19.52,0.509263871012331,215.64,52.3476822699,479.2,705.47,53119.25,8.6
FMM,2015-05-13,2015,133,9.62,-0.11,0,0.294741694534924,247.437,60.2444010161268,549.86,605.9,53276.52,4.755
FMM,2015-05-14,2015,134,14.49,-1.7,0,0.561925560712248,318.078,77.6685154060458,706.84,531.35,53431.23,6.395
FMM,2015-05-15,2015,135,16.95,-2.53,0,0.733430593193333,332.964,81.534786248484,739.92,484.17,53583.3,7.21
FMM,2015-05-16,2015,136,15.7,4.16,0,0.478694234072993,266.967,65.5559509829454,593.26,822.33,53732.66,9.93
FMM,2015-05-17,2015,137,16.96,1.01,0,0.659990411473671,314.82,77.517524491902,699.6,633.03,53879.23,8.985
FMM,2015-05-18,2015,138,21.44,1.05,11.05,0.945353394230951,248.202,61.2772759867374,551.56,659.07,54022.91,11.245
FMM,2015-05-19,2015,139,19.48,6.61,12.9,0.642115467730802,207.009,51.2404895541132,460.02,974.69,54163.64,13.045
FMM,2015-05-20,2015,140,7.29,0.76,0,0.18761430793801,174.87,43.395220255788,388.6,645.47,54301.32,4.025
FMM,2015-05-21,2015,141,11.78,1.63,8.52,0.34633774060635,183.51,45.652144508316,407.8,687.15,54435.88,6.705
FMM,2015-05-22,2015,142,5.32,-4.14,7.09,0.221177102262721,178.119,44.4179342124909,395.82,449.48,54567.23,0.59
FMM,2015-05-23,2015,143,9.24,-3.93,0,0.35447651357712,289.368,72.329707936728,643.04,456.7,54695.3,2.655
FMM,2015-05-24,2015,144,17.17,3.95,0,0.572097855144782,278.1045,69.6727973133,618.01,810.18,54820,10.56
FMM,2015-05-25,2015,145,20.08,5.56,7.95,0.718867994950911,214.1235,53.7624424563498,475.83,906.71,54941.24,12.82
FMM,2015-05-26,2015,146,20.94,10.92,12.73,0.582916837486606,163.0575,41.028438011814,362.35,1305.24,55058.96,15.93
FMM,2015-05-27,2015,147,21.13,10.74,17.24,0.605559968816882,166.347,41.9428796640174,369.66,1289.36,55173.06,15.935
FMM,2015-05-28,2015,148,17.38,2.12,10.13,0.634808056735638,219.519,55.4604883047684,487.82,711.36,55283.48,9.75
FMM,2015-05-29,2015,149,20.4,-0.63,5.68,0.904322263982535,245.9025,62.246000253681,546.45,583.4,55390.12,9.885
FMM,2015-05-30,2015,150,19.36,4.7,27.56,0.693868362351327,207.981,52.7445410896881,462.18,854.18,55492.93,12.03
FMM,2015-05-31,2015,151,10.84,0.57,0,0.329955676961096,224.901,57.1371272299017,499.78,636.7,55591.81,5.705
FMM,2015-06-01,2015,152,10.1,3.54,9.81,0.223355582658916,116.37,29.61479404503,258.6,787.19,55686.7,6.82
FMM,2015-06-02,2015,153,5.58,2.16,4.76,0.0971425764965455,67.986,17.3298565764306,151.08,713.33,55777.53,3.87
FMM,2015-06-03,2015,154,11.33,0.14,0,0.361158306452367,256.5945,65.5084438064703,570.21,617.17,55864.22,5.735
FMM,2015-06-04,2015,155,19.37,-0.09,0,0.818567111504657,329.3955,84.2186769280889,731.99,606.9,55946.71,9.64
FMM,2015-06-05,2015,156,13.86,2.93,3.03,0.413839066599462,185.0985,47.3915048696163,411.33,753.55,56024.94,8.395
FMM,2015-06-06,2015,157,13.5,0.01,0,0.466814904676417,286.7535,73.5154688272109,637.23,611.15,56098.83,6.755
FMM,2015-06-07,2015,158,15.41,-1.8,0,0.606387253985167,320.4855,82.2652030778499,712.19,535.14,56168.34,6.805
FMM,2015-06-08,2015,159,14.6,7.45,21.08,0.312219219824782,131.0805,33.685937002359,291.29,1033.09,56233.4,11.025
FMM,2015-06-09,2015,160,16.65,12.22,7.04,0.233708288608903,83.2185,21.4090740198882,184.93,1422.19,56293.96,14.435
FMM,2015-06-10,2015,161,19.3,11.6,11.82,0.433907791889339,137.034,35.2889146380924,304.52,1365.01,56349.98,15.45
FMM,2015-06-11,2015,162,16.76,12.23,9.91,0.239902930021048,85.977,22.1609459476971,191.06,1423.09,56401.39,14.495
FMM,2015-06-12,2015,163,19.54,7.96,0,0.598839277037708,255.474,65.9041401312288,567.72,1069.28,56448.16,13.75
FMM,2015-06-13,2015,164,20.35,4.22,0,0.779177298330463,306.198,79.048211172615,680.44,825.74,56490.25,12.285
FMM,2015-06-14,2015,165,19.98,0.96,0,0.83787076685754,325.6875,84.1352503210875,723.75,654.81,56527.62,10.47
FMM,2015-06-15,2015,166,21.12,1.55,0,0.908710310965917,324.909,83.9825747529912,722.02,682.98,56560.24,11.335
FMM,2015-06-16,2015,167,16.55,4.48,13.2,0.519216838026492,196.8975,50.9191842700417,437.55,840.7,56588.09,10.515
FMM,2015-06-17,2015,168,18.46,2.91,0,0.683875078383413,301.617,78.0321841473528,670.26,752.45,56611.12,10.685
FMM,2015-06-18,2015,169,20.01,7.25,7.94,0.657680426252337,200.5515,51.9019428002157,445.67,1018.73,56629.34,13.63
FMM,2015-06-19,2015,170,13.75,-0.01,0,0.479828527212163,284.9805,73.7692499243984,633.29,610.35,56642.71,6.87
FMM,2015-06-20,2015,171,16.11,-1.76,0,0.645570238688326,315.846,81.7713042649506,701.88,536.75,56651.23,7.175
FMM,2015-06-21,2015,172,18.81,7.54,4,0.563560443712583,179.946,46.5903229967136,399.88,1039.08,56654.88,13.175
FMM,2015-06-22,2015,173,19.62,9.32,0,0.553019810002664,223.7265,57.9244279910364,497.17,1172.21,56653.68,14.47
FMM,2015-06-23,2015,174,16.49,7.72,31.79,0.409735067270483,150.246,38.8956210311142,333.88,1051.91,56647.61,12.105
FMM,2015-06-24,2015,175,16.53,6.87,0,0.441743622324942,218.565,56.5711075448145,485.7,992.62,56636.69,11.7
FMM,2015-06-25,2015,176,16.1,2.07,0,0.558516769597461,279.594,72.3470608671678,621.32,709.1,56620.91,9.085
FMM,2015-06-26,2015,177,14.79,0.15,2.67,0.530921592639519,213.507,55.2264501093669,474.46,617.45,56600.31,7.47
FMM,2015-06-27,2015,178,20.83,0.75,0,0.905591921857945,315.486,81.5680368616878,701.08,644.94,56574.89,10.79
FMM,2015-06-28,2015,179,15.17,4.83,10.94,0.429101938423604,171.207,44.2414539572733,380.46,861.89,56544.67,10.0
FMM,2015-06-29,2015,180,13.47,7.29,13.15,0.259708027047756,112.4595,29.0425852752764,249.91,1021.42,56509.69,10.38
FMM,2015-06-30,2015,181,21.65,7.12,6.67,0.785971699729394,205.7265,53.0913870259479,457.17,1009.87,56469.98,14.385
FMM,2015-07-01,2015,182,14.12,12.45,45.12,0.0808822396892244,37.566,9.6869494224072,83.48,1444.17,56425.56,13.285
FMM,2015-07-02,2015,183,13.68,7.88,6.27,0.249312638326638,103.869,26.7608672539317,230.82,1063.37,56376.49,10.78
FMM,2015-07-03,2015,184,19.69,7.18,0,0.636992527689461,251.6985,64.7859732377846,559.33,1014.06,56322.79,13.435
FMM,2015-07-04,2015,185,20.27,5.98,0,0.719663168960668,271.9485,69.925794376649,604.33,933.13,56264.51,13.125
FMM,2015-07-05,2015,186,20.71,7.64,0,0.695586144739888,256.0815,65.7724488740226,569.07,1046.12,56201.72,14.175
FMM,2015-07-06,2015,187,23.44,5.24,0,0.996042990322523,293.4045,75.2683446654786,652.01,886.75,56134.44,14.34
FMM,2015-07-07,2015,188,23.11,9.14,8.36,0.831400210729444,194.0895,49.7270434006913,431.31,1158.49,56062.75,16.125
FMM,2015-07-08,2015,189,18.48,5.2,11.48,0.619300026874515,191.3265,48.9526488640035,425.17,883.94,55986.7,11.84
FMM,2015-07-09,2015,190,20.8,2.97,0,0.84785791594548,287.739,73.5150313485828,639.42,755.82,55906.36,11.885
FMM,2015-07-10,2015,191,21.29,4.99,0,0.827425605471121,272.7,69.56726682303,606,871.28,55821.77,13.14
FMM,2015-07-11,2015,192,22.16,5.31,12.23,0.886718592574269,203.184,51.7509447660576,451.52,890.76,55733.02,13.735
FMM,2015-07-12,2015,193,20.56,6.13,0,0.735902442871477,249.723,63.4984598901987,554.94,943.17,55640.17,13.345
FMM,2015-07-13,2015,194,23.65,4.45,0,1.03830815152004,282.141,71.6166499843773,626.98,839.08,55543.29,14.05
FMM,2015-07-14,2015,195,24.51,9.45,6.89,0.943046211078403,185.6025,47.0264844624255,412.45,1183.04,55442.46,16.98
FMM,2015-07-15,2015,196,13.73,2.68,0,0.413755270981061,215.2395,54.4326644234961,478.31,740.37,55337.74,8.205
FMM,2015-07-16,2015,197,17.62,0.45,0,0.689933786785461,274.3065,69.2342845442001,609.57,631.17,55229.22,9.035
FMM,2015-07-17,2015,198,20.92,0.95,3.49,0.907676431831063,213.7275,53.834646012588,474.95,654.35,55116.96,10.935
FMM,2015-07-18,2015,199,14.93,11.64,10.49,0.161619644870123,53.19,13.369564162998,118.2,1369.16,55001.06,13.285
FMM,2015-07-19,2015,200,17.97,13.83,14.12,0.236532434668618,64.341,16.1372932666083,142.98,1580.41,54881.59,15.9
FMM,2015-07-20,2015,201,22.84,11,8.08,0.731410143736423,160.659,40.2044156467506,357.02,1312.23,54758.62,16.92
FMM,2015-07-21,2015,202,17.3,9.18,26.54,0.404366435897686,123.021,30.7145714824728,273.38,1161.23,54632.24,13.24
FMM,2015-07-22,2015,203,14.7,10.08,0,0.217275039864236,99.252,24.7213514773656,220.56,1233.73,54502.54,12.39
FMM,2015-07-23,2015,204,16.36,10.15,6.27,0.307434433783809,97.065,24.117641601939,215.7,1240.13,54369.58,13.255
FMM,2015-07-24,2015,205,16.19,9.98,10.45,0.305256407270236,97.47,24.157638532134,216.6,1225.31,54233.46,13.085
FMM,2015-07-25,2015,206,17.97,9.16,7.21,0.447646958092168,132.5925,32.7782937825585,294.65,1159.68,54094.26,13.565
FMM,2015-07-26,2015,207,20.14,12.54,7.74,0.449616409066288,115.596,28.5014554378632,256.88,1452.58,53952.06,16.34
FMM,2015-07-27,2015,208,22.88,11.26,9.98,0.723233209819302,160.0785,39.3629374986903,355.73,1335.17,53806.94,17.07
FMM,2015-07-28,2015,209,23.72,8.18,0,0.920821896261129,247.7745,60.7596441158457,550.61,1085.61,53658.98,15.95
FMM,2015-07-29,2015,210,26.87,6.9,0,1.26836574113773,263.6865,64.4799965587124,585.97,994.51,53508.27,16.885
FMM,2015-07-30,2015,211,24.89,12.68,14.14,0.836720830133264,155.6685,37.9569236933191,345.93,1465.82,53354.87,18.785
FMM,2015-07-31,2015,212,18.92,11.78,10.6,0.399429042913072,103.329,25.1212356389817,229.62,1381.49,53198.89,15.35
FMM,2015-08-01,2015,213,17.21,8.28,9.18,0.43273042354044,125.7615,30.4839005146209,279.47,1093.04,53040.38,12.745
FMM,2015-08-02,2015,214,18.61,6.26,2.87,0.593732860408056,158.2605,38.2450806265284,351.69,951.82,52879.44,12.435
FMM,2015-08-03,2015,215,19.48,12.26,6.25,0.415579880758857,92.3895,22.257805199342,205.31,1426.22,52716.13,15.87
FMM,2015-08-04,2015,216,19.11,8.74,5.16,0.539963517601712,126.477,30.3742063394406,281.06,1127.22,52550.54,13.925
FMM,2015-08-05,2015,217,16.31,9.31,5.89,0.338776643762356,94.3785,22.5931862318013,209.73,1171.93,52382.74,12.81
FMM,2015-08-06,2015,218,15.03,8.31,3.18,0.304926003656644,93.114,22.2181682078538,206.92,1094.77,52212.81,11.67
FMM,2015-08-07,2015,219,17.77,8.07,0,0.476170817251881,167.463,39.8271394541871,372.14,1077.12,52040.81,12.92
FMM,2015-08-08,2015,220,18.66,6.37,0,0.593412330447076,196.713,46.6271513753562,437.14,959.11,51866.82,12.515
FMM,2015-08-09,2015,221,18.84,7.36,0,0.57202230381088,189.387,44.7384097208169,420.86,1026.31,51690.91,13.1
FMM,2015-08-10,2015,222,21.77,5.33,4.43,0.854570579835299,165.699,39.0080534816988,368.22,892.21,51513.16,13.55
FMM,2015-08-11,2015,223,15.14,11.65,39.72,0.17288089798539,52.7535,12.375686109767,117.23,1369.87,51333.61,13.395
FMM,2015-08-12,2015,224,17.27,10.74,3.99,0.338154675174396,96.147,22.4759270231244,213.66,1289.42,51152.36,14.005
FMM,2015-08-13,2015,225,16.57,11.7,0,0.252535947937966,100.71,23.458419224415,223.8,1374.65,50969.45,14.135
FMM,2015-08-14,2015,226,18.09,10.15,2.76,0.415214834346972,115.5195,26.8105997840693,256.71,1239.68,50784.95,14.12
FMM,2015-08-15,2015,227,23.95,11.52,0,0.80447335370773,198.918,45.9972234668718,442.04,1358.31,50598.93,17.735
FMM,2015-08-16,2015,228,25.92,10.21,0,1.04626750338126,215.676,49.6874974418208,479.28,1245.1,50411.44,18.065
FMM,2015-08-17,2015,229,25.67,17.23,0,0.660764594655022,150.993,34.6554684591255,335.54,1965.43,50222.55,21.45
FMM,2015-08-18,2015,230,25.15,14.79,0,0.753634335630204,173.5245,39.6759703050392,385.61,1680.99,50032.31,19.97
FMM,2015-08-19,2015,231,25.92,14.14,0,0.862130453608004,185.643,42.2843535653229,412.54,1612.6,49840.79,20.03
FMM,2015-08-20,2015,232,25.35,15.45,0,0.735463215430268,166.0095,37.6661439878225,368.91,1754.64,49648.03,20.4
FMM,2015-08-21,2015,233,19.13,11.15,15.87,0.441667033084384,110.187,24.9028289782272,244.86,1325.48,49454.08,15.14
FMM,2015-08-22,2015,234,21.67,8.09,0,0.752874668336182,200.7315,45.1874057937746,446.07,1079.04,49259.01,14.88
FMM,2015-08-23,2015,235,23.05,6.18,0,0.932674798084102,213.8265,47.9436038982914,475.17,946.39,49062.87,14.615
FMM,2015-08-24,2015,236,23.05,14.06,13,0.603322296464008,111.5235,24.9050045987276,247.83,1603.71,48865.69,18.555
FMM,2015-08-25,2015,237,20.84,13.77,17.33,0.440527565003955,92.5155,20.5764332116959,205.59,1574.22,48667.54,17.305
FMM,2015-08-26,2015,238,19.24,8.37,0,0.562334002003938,174.789,38.7159142030758,388.42,1099.9,48468.46,13.805
FMM,2015-08-27,2015,239,16.58,8.93,4.46,0.370206913147169,103.5675,22.8456440500028,230.15,1141.74,48268.49,12.755
FMM,2015-08-28,2015,240,18.92,6.63,0,0.602259456248338,190.5075,41.848648712532,423.35,976.49,48067.68,12.775
FMM,2015-08-29,2015,241,18.37,7.61,0,0.531857916400382,176.877,38.6914874489712,393.06,1043.84,47866.08,12.99
FMM,2015-08-30,2015,242,20.46,12.94,0,0.453757255627147,132.993,28.9689608907972,295.54,1491.18,47663.72,16.7
FMM,2015-08-31,2015,243,20.9,9.62,0,0.634679913419674,176.3595,38.2515238217948,391.91,1196.26,47460.65,15.26
FMM,2015-09-01,2015,244,20.63,6.6,0,0.725257579444945,195.876,42.302170927908,435.28,974.54,47256.9,13.615
FMM,2015-09-02,2015,245,22.69,14.61,8.41,0.544073904327338,100.692,21.6518070129732,223.76,1661.62,47052.53,18.65
FMM,2015-09-03,2015,246,20.86,5.06,0,0.792223463069767,201.3885,43.1159384553642,447.53,875.69,46847.56,12.96
FMM,2015-09-04,2015,247,21.25,1.35,0,0.923551053567595,211.617,45.1070263336707,470.26,673.29,46642.03,11.3
FMM,2015-09-05,2015,248,24.68,4.1,0,1.14142443924948,207.7155,44.0798202054617,461.59,818.75,46435.99,14.39
FMM,2015-09-06,2015,249,24.58,6.44,4.93,1.05985944608951,147.8835,31.2431447699487,328.63,963.31,46229.46,15.51
FMM,2015-09-07,2015,250,22.92,15.14,9.96,0.533789877742467,87.0075,18.299655243702,193.35,1720.03,46022.48,19.03
FMM,2015-09-08,2015,251,22.12,14,0,0.528719600025591,121.977,25.5389240801412,271.06,1598.01,45815.08,18.06
FMM,2015-09-09,2015,252,20.11,13.16,6.33,0.417328270846087,82.062,17.1038057246154,182.36,1512.71,45607.31,16.635
FMM,2015-09-10,2015,253,18.61,7.4,0,0.555118909695636,159.12,33.013303073712,353.6,1029.12,45399.18,13.005
FMM,2015-09-11,2015,254,18.14,6.76,0,0.546017808284764,158.8275,32.8013224160895,352.95,985.11,45190.74,12.45
FMM,2015-09-12,2015,255,17.72,6.39,4.87,0.531550023785455,116.4915,23.9469050315331,258.87,960.13,44982.02,12.055
FMM,2015-09-13,2015,256,13.65,8.35,17.14,0.230621844835001,62.5005,12.7884018563964,138.89,1097.77,44773.04,11.0
FMM,2015-09-14,2015,257,13.59,9.96,18.02,0.163960688414383,44.4285,9.0481638640608,98.73,1224.22,44563.84,11.775
FMM,2015-09-15,2015,258,21.71,8.51,0,0.740569521914393,166.7565,33.8015152853122,370.57,1110.08,44354.45,15.11
FMM,2015-09-16,2015,259,23.75,8.3,0,0.919490578026877,175.2885,35.363078386996,389.53,1094.02,44144.89,16.025
FMM,2015-09-17,2015,260,23.15,13.06,0,0.662277828231031,134.5635,27.018179483364,299.03,1502.84,43935.2,18.105
FMM,2015-09-18,2015,261,22.73,10.12,0,0.759630671839675,155.862,31.1451505530228,346.36,1237.48,43725.42,16.425
FMM,2015-09-19,2015,262,22.12,10.52,6.6,0.693076584563367,109.62,21.79969788087,243.6,1270.55,43515.55,16.32
FMM,2015-09-20,2015,263,14.49,0.31,2.73,0.511436206056466,126.324,25.000381192842,280.72,624.44,43305.65,7.4
FMM,2015-09-21,2015,264,17.8,-1.39,0,0.7413669898772,185.562,36.5459694156882,412.36,551.64,43095.73,8.205
FMM,2015-09-22,2015,265,17.62,2.78,0,0.632549096463213,167.409,32.8101881385366,372.02,745.82,42885.82,10.2
FMM,2015-09-23,2015,266,18.55,1.68,0,0.721126234913193,173.385,33.815126953422,385.3,689.65,42675.96,10.115
FMM,2015-09-24,2015,267,12.4,-2.41,0,0.46325206846322,164.9295,32.0079335255185,366.51,511.48,42466.17,4.995
FMM,2015-09-25,2015,268,11.27,-3.83,0,0.437230479820197,164.8035,31.8255522136776,366.23,460.22,42256.48,3.72
FMM,2015-09-26,2015,269,13.22,-5.76,0,0.559870325533413,176.3235,33.8813487086774,391.83,397.58,42046.93,3.73
FMM,2015-09-27,2015,270,17.75,-2.49,0,0.759878634150202,175.0545,33.4699928819001,389.01,508.44,41837.54,7.63
FMM,2015-09-28,2015,271,15.42,6.8,5.34,0.380327726575481,77.0175,14.6519222693918,171.15,987.45,41628.33,11.11
FMM,2015-09-29,2015,272,16.51,6.06,21.48,0.467998087031302,88.569,16.7649097743855,196.82,938.29,41419.35,11.285
FMM,2015-09-30,2015,273,5.79,1.19,0,0.127382467417429,59.571,11.2191600695661,132.38,665.82,41210.63,3.49
FMM,2015-10-01,2015,274,7.87,-0.48,0,0.236422905328477,102.942,19.2892728144186,228.76,589.53,41002.19,3.695
FMM,2015-10-02,2015,275,5.65,-4.21,0,0.232622888011063,117.405,21.887679627351,260.9,447.17,40794.06,0.72
FMM,2015-10-03,2015,276,8.42,-2.77,0,0.302324741934657,127.755,23.695907920398,283.9,498.13,40586.28,2.825
FMM,2015-10-04,2015,277,13.43,-3.78,0,0.538018640615574,158.5125,29.25054647712,352.25,461.97,40378.88,4.825
FMM,2015-10-05,2015,278,12.05,0.77,0,0.379751027797423,126.6435,23.2499207806605,281.43,645.55,40171.9,6.41
FMM,2015-10-06,2015,279,7.91,2.54,0,0.165723733911732,69.336,12.6636477470424,154.08,733.23,39965.37,5.225
FMM,2015-10-07,2015,280,10.55,1.47,0,0.296270812576311,108.1485,19.6505924429214,240.33,679.28,39759.32,6.01
FMM,2015-10-08,2015,281,3.66,-4.88,0,0.184676189214842,104.301,18.8535343181103,231.78,424.96,39553.79,-0.61
FMM,2015-10-09,2015,282,1.85,-5.67,7.46,0.149190889590149,69.327,12.4666658937198,154.06,400.29,39348.82,-1.91
FMM,2015-10-10,2015,283,2.25,-4.34,0,0.138017773991323,82.449,14.7493090963692,183.22,442.77,39144.44,-1.045
FMM,2015-10-11,2015,284,6.03,-0.62,9.17,0.176136212957962,61.191,10.8894863113803,135.98,583.91,38940.69,2.705
FMM,2015-10-12,2015,285,14.63,4.21,1.41,0.418131053908604,113.3415,20.0649452248346,251.87,825.2,38737.61,9.42
FMM,2015-10-13,2015,286,16.31,4.96,4.07,0.490221971393425,86.841,15.2932291787925,192.98,869.77,38535.25,10.635
FMM,2015-10-14,2015,287,7.58,-1.99,2.28,0.256782706950864,78.0615,13.6751831755902,173.47,527.89,38333.64,2.795
FMM,2015-10-15,2015,288,3.66,-3.52,14,0.161695148183184,62.3925,10.8729558626918,138.65,470.83,38132.83,0.07
FMM,2015-10-16,2015,289,1.97,-5.38,15.14,0.147737610825986,64.395,11.1630744521775,143.1,409.21,37932.85,-1.705
FMM,2015-10-17,2015,290,-1.12,-7.34,0,0.105805309072372,74.6865,12.8791852707168,165.97,352.17,37733.76,-4.23
FMM,2015-10-18,2015,291,-4.2,-8.63,0,0.0653386609882463,55.296,9.485348216832,122.88,318.37,37535.6,-6.415
FMM,2015-10-19,2015,292,-0.27,-12.46,0,0.182673517274778,123.507,21.0748120119558,274.46,234.72,37338.42,-6.365
FMM,2015-10-20,2015,293,4.3,-3.37,0,0.177071291658842,88.0965,14.9535152299813,195.77,476.34,37142.27,0.465
FMM,2015-10-21,2015,294,2.82,-7.53,0,0.200690719308174,111.312,18.7948818526896,247.36,347.09,36947.19,-2.355
FMM,2015-10-22,2015,295,7.18,-2.98,6.7,0.261689023223335,80.4465,13.5119797139862,178.77,490.29,36753.24,2.1
FMM,2015-10-23,2015,296,-0.05,-7.39,0,0.129376085205276,87.399,14.6027427251121,194.22,350.75,36560.47,-3.72
FMM,2015-10-24,2015,297,5.41,-9.42,0,0.299169202737215,129.3975,21.5066481053805,287.55,299.29,36368.94,-2.005
FMM,2015-10-25,2015,298,5.02,-3.75,14.58,0.205193407363159,72.6975,12.0195584453768,161.55,462.94,36178.69,0.635
FMM,2015-10-26,2015,299,-1.58,-5.59,0,0.071095305917345,51.696,8.5026138001488,114.88,402.83,35989.79,-3.585
FMM,2015-10-27,2015,300,4.07,-6.64,0,0.222973395172307,112.923,18.476067271653,250.94,371.58,35802.3,-1.285
FMM,2015-10-28,2015,301,4.92,-9.81,26.21,0.288678204059788,105.39,17.153946037521,234.2,290.23,35616.27,-2.445
FMM,2015-10-29,2015,302,10.47,-0.54,14.09,0.338997975541276,90.8325,14.707883904714,201.85,587.27,35431.76,4.965
FMM,2015-10-30,2015,303,-0.13,-5.97,2.48,0.107301911670515,58.545,9.430850053746,130.1,391.28,35248.84,-3.05
FMM,2015-10-31,2015,304,1.73,-8.73,0,0.18844231986474,118.3905,18.9731188576084,263.09,315.96,35067.57,-3.5
FMM,2015-11-01,2015,305,3.91,-2.44,8.08,0.14877804254697,60.579,9.6586098315606,134.62,510.49,34888.02,0.735
FMM,2015-11-02,2015,306,3.95,-1.48,3.67,0.131034706232421,52.821,8.3787756266925,117.38,548.1,34710.25,1.235
FMM,2015-11-03,2015,307,3.36,-0.73,4.93,0.0992040502581648,41.724,6.5849604590844,92.72,578.93,34534.33,1.315
FMM,2015-11-04,2015,308,4.01,-2.06,0,0.144267059310361,79.6455,12.5064670401792,176.99,525.12,34360.32,0.975
FMM,2015-11-05,2015,309,9.46,-2.85,0,0.343778509823246,119.5425,18.6773891401598,265.65,495.26,34188.31,3.305
FMM,2015-11-06,2015,310,13.64,3.27,9.13,0.393159839886881,78.8175,12.2532799500608,175.15,772.18,34018.37,8.455
FMM,2015-11-07,2015,311,2.69,-3.83,0,0.140660403039636,79.974,12.371738957649,177.72,460.18,33850.55,-0.57
FMM,2015-11-08,2015,312,-1.52,-5.73,0,0.0746020301833152,54.621,8.4083688385515,121.38,398.39,33684.95,-3.625
FMM,2015-11-09,2015,313,7.84,-1.93,0,0.264976309787903,101.385,15.5315583910035,225.3,530.17,33521.63,2.955
FMM,2015-11-10,2015,314,10.14,-3.31,0,0.379812700863204,113.8365,17.3553149307794,252.97,478.45,33360.67,3.415
FMM,2015-11-11,2015,315,4.41,-2.24,0,0.159517576461287,75.735,11.4915612742425,168.3,517.96,33202.15,1.085
FMM,2015-11-12,2015,316,3.25,0.13,11.43,0.0772582394145601,28.6965,4.3337701032507,63.77,616.56,33046.14,1.69
FMM,2015-11-13,2015,317,5.28,-2.08,5.01,0.182296890310944,60.5565,9.10283952139965,134.57,524.41,32892.73,1.6
FMM,2015-11-14,2015,318,-2.48,-5.76,0,0.056415251962107,40.617,6.07755988998,90.26,397.44,32742,-4.12
FMM,2015-11-15,2015,319,-0.72,-6.59,0,0.103695556322609,68.409,10.1898401158026,152.02,373.1,32594.02,-3.655
FMM,2015-11-16,2015,320,-1.39,-4.73,0,0.0614384421831348,40.761,6.0445050053976,90.58,429.88,32448.88,-3.06
FMM,2015-11-17,2015,321,0.13,-11.66,0,0.183613173014766,103.1085,15.2230870244277,229.13,250.42,32306.66,-5.765
FMM,2015-11-18,2015,322,4.59,-13.46,0,0.315747891563905,111.42,16.379319473136,247.6,216.44,32167.44,-4.435
FMM,2015-11-19,2015,323,4.9,-0.34,23.14,0.135154992947211,37.8315,5.5378900155915,84.07,595.62,32031.3,2.28
FMM,2015-11-20,2015,324,4.69,-3.91,11.69,0.198160550588409,55.449,8.0830983857769,123.22,457.29,31898.33,0.39
FMM,2015-11-21,2015,325,-0.43,-5.21,0,0.0892237710348611,47.4615,6.890579318673,105.47,414.48,31768.6,-2.82
FMM,2015-11-22,2015,326,0.04,-5.11,1.69,0.0979235925052091,50.4585,7.296544025559,112.13,417.64,31642.2,-2.535
FMM,2015-11-23,2015,327,-5.92,-13.51,0,0.0893790373061464,70.398,10.1403243093006,156.44,215.6,31519.21,-9.715
FMM,2015-11-24,2015,328,-7.16,-17.38,0,0.101277237019595,82.467,11.8337402724849,183.26,156.23,31399.71,-12.27
FMM,2015-11-25,2015,329,-2.4,-19.06,0,0.188989661900638,92.619,13.2414489585774,205.82,135.41,31283.78,-10.73
FMM,2015-11-26,2015,330,3.55,-6.4,7.86,0.204788941909979,63.6255,9.06369429643785,141.39,378.56,31171.51,-1.425
FMM,2015-11-27,2015,331,6.44,-6.23,27.21,0.289937599220126,70.7175,10.038895573266,157.15,383.65,31062.96,0.105
FMM,2015-11-28,2015,332,-4.7,-11.48,0,0.0891598152987794,68.7195,9.7223706347553,152.71,254.12,30958.22,-8.09
FMM,2015-11-29,2015,333,-8.83,-18.12,0,0.0842396547198863,84.177,11.8704797198415,187.06,146.78,30857.35,-13.475
FMM,2015-11-30,2015,334,-7.99,-21.24,0,0.112231733801471,96.5565,13.5734547542423,214.57,112.05,30760.45,-14.615
FMM,2015-12-01,2015,335,-2.38,-9.68,1.38,0.110304587646931,69.318,9.7149728008782,154.04,293.35,30667.57,-6.03
FMM,2015-12-02,2015,336,1.55,-2.49,5.49,0.0874047684429181,30.2805,4.231551985038,67.29,508.69,30578.8,-0.47
FMM,2015-12-03,2015,337,0.23,-6.43,3.41,0.122007698759454,46.62,6.496890859746,103.6,377.81,30494.19,-3.1
FMM,2015-12-04,2015,338,-3.14,-6.37,0,0.053234058313365,32.9085,4.57398899937945,73.13,379.39,30413.81,-4.755
FMM,2015-12-05,2015,339,-0.04,-4.15,0,0.0802381927880153,41.5395,5.75917859848095,92.31,449.25,30337.73,-2.095
FMM,2015-12-06,2015,340,0.81,-8.32,0,0.161035789133639,78.237,10.8214027373709,173.86,326.4,30266.01,-3.755
FMM,2015-12-07,2015,341,-0.05,-7.13,0,0.12576279812812,65.745,9.0733428435015,146.1,357.92,30198.71,-3.59
FMM,2015-12-08,2015,342,-4.6,-9.23,0,0.0659339857837023,46.0845,6.3468021157002,102.41,303.82,30135.88,-6.915
FMM,2015-12-09,2015,343,-2.91,-6.74,0,0.0627663167185907,38.8035,5.3337172661721,86.23,368.73,30077.58,-4.825
FMM,2015-12-10,2015,344,1.86,-3.66,2.95,0.116335006010053,40.1265,5.50571671780425,89.17,466.2,30023.85,-0.9
FMM,2015-12-11,2015,345,4.09,0.56,6.99,0.0911214605206532,26.595,3.643104421071,59.1,635.91,29974.74,2.325
FMM,2015-12-12,2015,346,2.3,-3.35,0,0.121966110491057,54.405,7.441595929755,120.9,477.16,29930.3,-0.525
FMM,2015-12-13,2015,347,-0.42,-6.08,0,0.102763399676527,55.2645,7.54912039317075,122.81,387.87,29890.55,-3.25
FMM,2015-12-14,2015,348,-2.78,-6.33,15.16,0.0591729235064161,27.441,3.7440450402498,60.98,380.61,29855.54,-4.555
FMM,2015-12-15,2015,349,-2.74,-6.63,16.19,0.0641247617046583,30.285,4.127894591985,67.3,372.07,29825.3,-4.685
FMM,2015-12-16,2015,350,-6.19,-7.94,0,0.0251822138857766,20.25,2.7577516932,45,335.98,29799.84,-7.065
FMM,2015-12-17,2015,351,0.24,-7.09,13.99,0.13158923561422,51.9435,7.06904232348195,115.43,359.11,29779.21,-3.425
FMM,2015-12-18,2015,352,0.54,-8.12,23.55,0.152261002816079,59.2695,8.061762591891,131.71,331.49,29763.4,-3.79
FMM,2015-12-19,2015,353,-6.26,-14.48,26.08,0.0925384819322097,59.2875,8.06124409374375,131.75,199.16,29752.45,-10.37
FMM,2015-12-20,2015,354,-10.26,-14.68,19.82,0.0430527042917942,38.412,5.221758758634,85.36,195.8,29746.35,-12.47
FMM,2015-12-21,2015,355,-4.05,-11.38,15.24,0.0988919790231896,56.5695,7.68978362066265,125.71,256.22,29745.11,-7.715
FMM,2015-12-22,2015,356,-1.36,-6.07,9.71,0.0827582844681592,40.1445,5.4577146986901,89.21,388.36,29748.74,-3.715
FMM,2015-12-23,2015,357,1,-1.5,8.51,0.0547577055265823,22.545,3.065905718793,50.1,547.39,29757.22,-0.25
FMM,2015-12-24,2015,358,7.97,0.21,16.07,0.224560473575566,57.429,7.8132992503968,127.62,620.17,29770.56,4.09
FMM,2015-12-25,2015,359,0.88,-3.21,0,0.0847626612968471,50.067,6.8158481043006,111.26,482.04,29788.74,-1.165
FMM,2015-12-26,2015,360,-1.03,-6.73,0,0.0993399237860706,67.878,9.247678186905,150.84,368.97,29811.75,-3.88
FMM,2015-12-27,2015,361,-6.85,-16.5,8.67,0.0995976659343557,69.696,9.5042197400832,154.88,168.24,29839.56,-11.675
FMM,2015-12-28,2015,362,-16.88,-20.98,2.29,0.0251121021751097,40.7565,5.56390316634075,90.57,114.64,29872.15,-18.93
FMM,2015-12-29,2015,363,-14.87,-20.19,14.58,0.0358557584435505,51.7005,7.06675363599465,114.89,122.87,29909.49,-17.53
FMM,2015-12-30,2015,364,-5.92,-15.06,4.33,0.102299498738587,70.7265,9.68094313591275,157.17,189.78,29951.55,-10.49
FMM,2015-12-31,2015,365,-5.33,-10.91,3.56,0.0732071113894425,54.171,7.4264207698863,120.38,265.96,29998.29,-8.12
FMM,2016-01-01,2016,1,-6.5,-13.19,5.74,0.0780344541592794,41.6295,5.71689966853665,92.51,221.27,30049.91,-9.845
FMM,2016-01-02,2016,2,-6.82,-9.63,3.81,0.0368988656713036,19.233,2.6461532393271,42.74,294.37,30105.91,-8.225
FMM,2016-01-03,2016,3,-6.03,-21.33,5.83,0.139933255280421,71.5185,9.8595920606607,158.93,111.2,30166.46,-13.68
FMM,2016-01-04,2016,4,-19.09,-27.77,0,0.037300697194381,72.234,9.9797050225638,160.52,62.14,30231.51,-23.43
FMM,2016-01-05,2016,5,-11.39,-30.68,0,0.105142228742838,103.7295,14.3640063787532,230.51,47.21,30301.01,-21.035
FMM,2016-01-06,2016,6,-7.33,-18.81,0,0.107847270000758,87.129,12.094663405797,193.62,138.37,30374.9,-13.07
FMM,2016-01-07,2016,7,-3.62,-9.36,0,0.0841496913033107,51.0165,7.10000266445955,113.37,300.65,30453.11,-6.49
FMM,2016-01-08,2016,8,-3.23,-8.55,0,0.0809855329910423,47.8935,6.683427386802,106.43,320.58,30535.6,-5.89
FMM,2016-01-09,2016,9,-2.99,-7.19,6.83,0.0675622982107698,29.2005,4.0864295042298,64.89,356.19,30622.28,-5.09
FMM,2016-01-10,2016,10,1.9,-2.98,22.45,0.105464977104555,33.246,4.666370892282,73.88,490.2,30713.1,-0.54
FMM,2016-01-11,2016,11,0.22,-19.72,0,0.246872847527938,109.251,15.3817179870186,242.78,127.93,30807.98,-9.75
FMM,2016-01-12,2016,12,-13.12,-24.7,5.49,0.0709686589436862,69.3585,9.79649309366325,154.13,82.36,30906.85,-18.91
FMM,2016-01-13,2016,13,-11.01,-20.8,3.25,0.0745516841461718,63.4905,8.99749909779525,141.09,116.5,31009.65,-15.905
FMM,2016-01-14,2016,14,-16.35,-26.68,0,0.0516623413743511,89.8065,12.7706140973344,199.57,68.78,31116.29,-21.515
FMM,2016-01-15,2016,15,-11.52,-28.15,1.09,0.0974730208625632,111.7485,15.9471784573151,248.33,59.97,31226.69,-19.835
FMM,2016-01-16,2016,16,-7.51,-12.48,3.44,0.0573748793367386,37.143,5.3198957007729,82.54,234.43,31340.79,-9.995
FMM,2016-01-17,2016,17,-8.08,-22.26,0,0.115802599535813,108.4455,15.5907047211975,240.99,102.49,31458.5,-15.17
FMM,2016-01-18,2016,18,-12.12,-23.56,0,0.0758791528894027,99.693,14.3876351205774,221.54,91.3,31579.74,-17.84
FMM,2016-01-19,2016,19,-12.02,-21.51,0,0.0677525225497733,89.6535,12.9898279355728,199.23,109.52,31704.43,-16.765
FMM,2016-01-20,2016,20,-11.11,-14.32,0,0.0309394398639952,34.9695,5.0871682057752,77.71,201.7,31832.48,-12.715
FMM,2016-01-21,2016,21,-12.91,-18.15,0,0.0409746726382517,55.926,8.1693738455706,124.28,146.33,31963.83,-15.53
FMM,2016-01-22,2016,22,-11.94,-20.88,0,0.065488693602795,89.0685,13.0654223347671,197.93,115.68,32098.38,-16.41
FMM,2016-01-23,2016,23,-6.63,-27.22,0,0.153988738558236,127.035,18.714643021197,282.3,65.43,32236.06,-16.925
FMM,2016-01-24,2016,24,-6.72,-26.24,0,0.149652404221488,127.89,18.922845421494,284.2,71.59,32376.78,-16.48
FMM,2016-01-25,2016,25,-5.28,-20.46,0,0.146965116445965,122.013,18.1333893089286,271.14,120.01,32520.46,-12.87
FMM,2016-01-26,2016,26,-1.46,-8.93,9.77,0.119448216853969,59.9535,8.95035223903995,133.23,311.11,32667.01,-5.195
FMM,2016-01-27,2016,27,-3.75,-20.31,0,0.171459487661604,128.9565,19.3397108758259,286.57,121.52,32816.37,-12.03
FMM,2016-01-28,2016,28,-7.5,-19.4,2.59,0.108993575235312,85.833,12.9320951050764,190.74,131.5,32968.44,-13.45
FMM,2016-01-29,2016,29,-3.49,-8.8,2.56,0.0795380106888016,46.4535,7.0317940328343,103.23,314.3,33123.14,-6.145
FMM,2016-01-30,2016,30,-6.76,-10.82,1.45,0.0509858518321877,49.5,7.528525686,110,267.88,33280.4,-8.79
FMM,2016-01-31,2016,31,-0.25,-7.14,4.33,0.121486876239741,60.0165,9.1718079417567,133.37,357.67,33440.14,-3.695
FMM,2016-02-01,2016,32,1.85,-15.51,13.95,0.258007592909517,102.9735,15.8128598146806,228.83,182.84,33602.28,-6.83
FMM,2016-02-02,2016,33,-10.48,-21.78,0,0.0850267614231717,120.213,18.5505490983834,267.14,106.91,33766.74,-16.13
FMM,2016-02-03,2016,34,0.59,-21.99,18.48,0.266736711358793,112.419,17.4334738360635,249.82,104.96,33933.45,-10.7
FMM,2016-02-04,2016,35,2.08,-13.03,5.54,0.2430694900641,104.058,16.2171945659898,231.24,224.23,34102.33,-5.475
FMM,2016-02-05,2016,36,-9.34,-20.21,0,0.0902002698967329,122.1345,19.1298078614912,271.41,122.59,34273.31,-14.775
FMM,2016-02-06,2016,37,-5.84,-18.48,3.27,0.127203028264751,99.018,15.5873821118832,220.04,142.35,34446.32,-12.16
FMM,2016-02-07,2016,38,-6.16,-22.64,1.36,0.144077272083064,150.12,23.751873749952,333.6,99.05,34621.28,-14.4
FMM,2016-02-08,2016,39,-11.74,-22.54,0,0.0753189438383392,121.815,19.3719293211915,270.7,99.96,34798.13,-17.14
FMM,2016-02-09,2016,40,-11.11,-17.65,1.83,0.0554464824334539,81.9315,13.0962529753745,182.07,152.7,34976.79,-14.38
FMM,2016-02-10,2016,41,-8.77,-21.91,1.65,0.105522650321659,141.9975,22.81451169699,315.55,105.67,35157.2,-15.34
FMM,2016-02-11,2016,42,-13.01,-25.05,2.27,0.0732387243925196,102.2175,16.5081876827175,227.15,79.8,35339.3,-19.03
FMM,2016-02-12,2016,43,-17,-31.55,2.61,0.0597444430510751,113.922,18.4941152176554,253.16,43.44,35523.01,-24.275
FMM,2016-02-13,2016,44,-16.26,-29.12,3.41,0.059290942061661,108.3555,17.6821915982778,240.79,54.77,35708.28,-22.69
FMM,2016-02-14,2016,45,-22.54,-33.91,0,0.0334411731668484,138.8115,22.7706910001528,308.47,34.5,35895.05,-28.225
FMM,2016-02-15,2016,46,-10.28,-30.5,1.42,0.116572918995408,175.9095,29.0075481099846,390.91,48.03,36083.24,-20.39
FMM,2016-02-16,2016,47,3.96,-13.47,31.49,0.297460657923668,127.548,21.1432221992952,283.44,216.36,36272.82,-4.755
FMM,2016-02-17,2016,48,-3.93,-14.11,0,0.126448219075219,130.5855,21.7606573360769,290.19,205.28,36463.71,-9.02
FMM,2016-02-18,2016,49,-8.59,-21.75,2.81,0.106956594045793,116.6445,19.5399693902889,259.21,107.22,36655.86,-15.17
FMM,2016-02-19,2016,50,-2.32,-20.86,1.94,0.200235114473175,181.5615,30.5751264326271,403.47,115.9,36849.22,-11.59
FMM,2016-02-20,2016,51,-1.19,-6.24,15.34,0.0887585868686112,52.7715,8.9336815251237,117.27,383.32,37043.74,-3.715
FMM,2016-02-21,2016,52,-1.84,-21.57,0,0.213036760352681,190.134,32.3577409272768,422.52,108.89,37239.36,-11.705
FMM,2016-02-22,2016,53,-12.86,-30.22,0,0.0897756335223848,186.03,31.826506700313,413.4,49.34,37436.03,-21.54
FMM,2016-02-23,2016,54,-8.35,-32.21,0,0.143106772170313,204.2235,35.1235847090115,453.83,40.74,37633.7,-20.28
FMM,2016-02-24,2016,55,-3.42,-10.16,24.98,0.0968577944473714,73.386,12.6879772443264,163.08,282.26,37832.32,-6.79
FMM,2016-02-25,2016,56,1.74,-7.98,18.38,0.179164657891342,100.656,17.4945764937312,223.68,335,38031.86,-3.12
FMM,2016-02-26,2016,57,-8.14,-19.6,0,0.101703135546039,158.58,27.70731683685,352.4,129.24,38232.25,-13.87
FMM,2016-02-27,2016,58,-5.21,-22.57,7.45,0.158185348275883,148.2255,26.0344688052065,329.39,99.72,38433.47,-13.89
FMM,2016-02-28,2016,59,-7.3,-19.81,6.68,0.11392434836095,125.532,22.164432863958,278.96,126.99,38635.45,-13.555
FMM,2016-02-29,2016,60,-3.72,-14.16,17.93,0.130490379304454,109.908,19.5076239616008,244.24,204.44,38838.18,-8.94
FMM,2016-03-01,2016,61,-11.6,-22.23,8.11,0.0753794467433201,112.9995,20.1613782818668,251.11,102.7,39041.59,-16.915
FMM,2016-03-02,2016,62,-12,-24.41,14.47,0.0804362283236869,128.709,23.0842964319345,286.02,84.55,39245.65,-18.205
FMM,2016-03-03,2016,63,-20.84,-28.58,0,0.0300050957687324,121.473,21.9001252079313,269.94,57.65,39450.33,-24.71
FMM,2016-03-04,2016,64,-10.43,-30.91,0,0.11581795455066,224.487,40.6828914557481,498.86,46.2,39655.59,-20.67
FMM,2016-03-05,2016,65,-6.34,-32.04,8.07,0.170102861360046,175.32,31.937431937112,389.6,41.44,39861.38,-19.19
FMM,2016-03-06,2016,66,-4.56,-19.82,0,0.155049176786178,200.628,36.7368429901932,445.84,126.9,40067.67,-12.19
FMM,2016-03-07,2016,67,-2.17,-8.14,4.68,0.0956324542271753,72.3195,13.3107037465595,160.71,330.84,40274.43,-5.155
FMM,2016-03-08,2016,68,0.36,-12.2,4.84,0.19413270565382,136.881,25.3231223463954,304.18,239.75,40481.62,-5.92
FMM,2016-03-09,2016,69,5.05,-5.82,23.1,0.239870857380201,123.453,22.9560470425341,274.34,395.66,40689.21,-0.385
FMM,2016-03-10,2016,70,3.75,-3.69,0,0.167019675916929,121.2615,22.6637824623944,269.47,465.05,40897.17,0.03
FMM,2016-03-11,2016,71,0.39,-12.08,0,0.193529371957865,188.316,35.3755282304952,418.48,242.2,41105.46,-5.845
FMM,2016-03-12,2016,72,2.92,-12.52,0,0.26020035937328,214.2495,40.4514117273186,476.11,233.65,41314.04,-4.8
FMM,2016-03-13,2016,73,-0.07,-15.51,0,0.212956179527464,216.99,41.17594710447,482.2,182.84,41522.9,-7.79
FMM,2016-03-14,2016,74,0.93,-17.75,1.75,0.251457870281428,236.826,45.1663166052918,526.28,151.43,41731.99,-8.41
FMM,2016-03-15,2016,75,1.26,-4,7.09,0.107767279000431,68.9445,13.2147091966109,153.21,454.22,41941.29,-1.37
FMM,2016-03-16,2016,76,4.74,-4.21,2.51,0.204506240801006,114.516,22.0591047283524,254.48,447.34,42150.77,0.265
FMM,2016-03-17,2016,77,-3.19,-9.58,6.92,0.0943349981135116,89.2305,17.273867301954,198.29,295.51,42360.4,-6.385
FMM,2016-03-18,2016,78,-6.52,-17.56,1.18,0.111355930592735,191.5695,37.2689917867161,425.71,153.98,42570.14,-12.04
FMM,2016-03-19,2016,79,-9.53,-18.58,0,0.0787375556966828,167.85,32.815424097765,373,141.07,42779.97,-14.055
FMM,2016-03-20,2016,80,-0.32,-24.46,0,0.256755330653516,270.603,53.1636434745435,601.34,84.2,42989.85,-12.39
FMM,2016-03-21,2016,81,-1.19,-23.44,0,0.234397049791854,267.228,52.7569397886492,593.84,92.25,43199.77,-12.315
FMM,2016-03-22,2016,82,-5.87,-16.54,0,0.114003627329535,190.089,37.7102898502137,422.42,167.81,43409.69,-11.205
FMM,2016-03-23,2016,83,-7.02,-20.93,0,0.123705023782942,229.7385,45.7964022417736,510.53,115.17,43619.57,-13.975
FMM,2016-03-24,2016,84,-4.59,-21.69,9.41,0.164177570092767,191.3625,38.329977257775,425.25,107.72,43829.4,-13.14
FMM,2016-03-25,2016,85,-4.83,-15.73,12.66,0.124475243098841,149.094,30.006496747557,331.32,179.42,44039.15,-10.28
FMM,2016-03-26,2016,86,2.28,-19.74,0,0.296433613064437,276.8895,55.9917304901816,615.31,127.72,44248.77,-8.73
FMM,2016-03-27,2016,87,7.29,-16.81,0,0.428874303533732,281.2995,57.1528015761488,625.11,163.94,44458.25,-4.76
FMM,2016-03-28,2016,88,5.88,-7.32,16.44,0.287347736806432,165.258,33.734231799003,367.24,352.58,44667.55,-0.72
FMM,2016-03-29,2016,89,-2.29,-13.7,1.15,0.15260154693365,205.1055,42.0643167828264,455.79,212.31,44876.64,-7.995
FMM,2016-03-30,2016,90,3.07,-17.34,4.52,0.302671345572138,205.893,42.422345051355,457.54,156.78,45085.5,-7.135
FMM,2016-03-31,2016,91,6.73,0.28,32.72,0.179540694991626,91.9215,19.027198171283,204.27,623.34,45294.09,3.505
FMM,2016-04-01,2016,92,9.24,-2.89,4.33,0.336111402540841,158.013,32.8581517991958,351.14,493.51,45502.38,3.175
FMM,2016-04-02,2016,93,2.1,-9.33,3.36,0.204880246069547,154.1295,32.197068106349,342.51,301.52,45710.33,-3.615
FMM,2016-04-03,2016,94,-9.96,-20.4,0,0.0839283524714524,200.2635,42.0242730096744,445.03,120.67,45917.92,-15.18
FMM,2016-04-04,2016,95,-10.94,-26.29,0,0.0978301958846879,262.1745,55.2642223682462,582.61,71.29,46125.11,-18.615
FMM,2016-04-05,2016,96,-10.19,-26.71,0,0.107346358179125,272.4615,57.6900965983734,605.47,68.57,46331.88,-18.45
FMM,2016-04-06,2016,97,-3.13,-23.89,3.98,0.198843524204506,218.2635,46.4201582758231,485.03,88.6,46538.17,-13.51
FMM,2016-04-07,2016,98,3.91,-7.1,21.52,0.22477964582971,155.4435,33.2058244904082,345.43,358.75,46743.96,-1.595
FMM,2016-04-08,2016,99,1.43,-7.69,3.7,0.167599349843797,135.4095,29.0531827535463,300.91,342.78,46949.22,-3.13
FMM,2016-04-09,2016,100,-7.67,-15.26,0,0.0790934430663587,157.6035,33.9625019314305,350.23,186.7,47153.9,-11.465
FMM,2016-04-10,2016,101,-5.42,-20.08,0,0.1427598936526,259.3035,56.1199992987002,576.23,124.05,47357.97,-12.75
FMM,2016-04-11,2016,102,0.45,-19.05,9.4,0.248293178826757,219.087,47.6197658744742,486.86,135.52,47561.38,-9.3
FMM,2016-04-12,2016,103,2.83,-4.65,8.44,0.158074739407532,116.3115,25.3886995153755,258.47,432.7,47764.1,-0.91
FMM,2016-04-13,2016,104,0.84,-11.28,0,0.196012823703833,235.6065,51.6461302069835,523.57,258.12,47966.09,-5.22
FMM,2016-04-14,2016,105,4.37,-15.08,0,0.322786107177866,296.6715,65.304697256599,659.27,189.44,48167.31,-5.355
FMM,2016-04-15,2016,106,6.76,-13.71,0,0.386578179556552,299.9205,66.2945576954414,666.49,212.09,48367.71,-3.475
FMM,2016-04-16,2016,107,10.81,-8.79,0,0.490141444104869,291.8835,64.7842103041878,648.63,314.56,48567.24,1.01
FMM,2016-04-17,2016,108,17.44,-4.28,0,0.7719336587852,297.9405,66.399027546659,662.09,444.95,48765.87,6.58
FMM,2016-04-18,2016,109,8.19,-4.99,0,0.332319317765808,233.1675,52.1743473931815,518.15,421.42,48963.54,1.6
FMM,2016-04-19,2016,110,5.25,-7.94,0,0.27588791995322,239.445,53.7942308293665,532.1,335.98,49160.21,-1.345
FMM,2016-04-20,2016,111,8.05,-6.52,0,0.350387307330138,257.6655,58.1180363899331,572.59,375.02,49355.83,0.765
FMM,2016-04-21,2016,112,15.01,-5.69,0,0.651991022276208,300.3345,68.0092757357828,667.41,399.75,49550.35,4.66
FMM,2016-04-22,2016,113,10.75,-0.55,11.05,0.351456859240426,158.94,36.131632272018,353.2,586.5,49743.71,5.1
FMM,2016-04-23,2016,114,2.22,-8.5,0,0.197969066937415,211.4415,48.2524147226849,469.87,321.61,49935.87,-3.14
FMM,2016-04-24,2016,115,2.36,-11.78,0,0.238283469871049,258.138,59.1340823849682,573.64,248.08,50126.77,-4.71
FMM,2016-04-25,2016,116,-0.54,-12.23,0,0.174618349883874,231.498,53.2319635933524,514.44,239.15,50316.34,-6.385
FMM,2016-04-26,2016,117,2.33,-15.13,0,0.267265098759055,297.0495,68.5607319811161,660.11,188.66,50504.54,-6.4
FMM,2016-04-27,2016,118,-4.12,-14.6,0,0.127278526415883,218.5785,50.635739397956,485.73,197.16,50691.31,-9.36
FMM,2016-04-28,2016,119,-2.31,-14.8,0,0.161484137696475,248.868,57.8633072645484,553.04,193.87,50876.59,-8.555
FMM,2016-04-29,2016,120,4.36,-16.37,0,0.33216960461102,319.527,74.560210264917,710.06,170.11,51060.3,-6.005
FMM,2016-04-30,2016,121,8.31,-11.1,0,0.416526863769795,308.8215,72.319129580412,686.27,261.95,51242.4,-1.395
FMM,2016-05-01,2016,122,10.71,-9.19,0,0.490847596158454,309.636,72.7651682613864,688.08,304.71,51422.82,0.76
FMM,2016-05-02,2016,123,3.37,-0.16,5.67,0.086898846358539,60.471,14.2601964536556,134.38,603.78,51601.48,1.605
FMM,2016-05-03,2016,124,5.82,-0.89,0,0.175385819139638,144.4545,34.1818303634015,321.01,572.22,51778.33,2.465
FMM,2016-05-04,2016,125,8.34,-2.55,0,0.295434124388945,222.192,52.754286885552,493.76,506.14,51953.3,2.895
FMM,2016-05-05,2016,126,9.69,-3.88,0,0.371495031550696,261.4365,62.2786806025196,580.97,458.42,52126.31,2.905
FMM,2016-05-06,2016,127,16.2,-3.17,0,0.677479163041139,310.833,74.2886565895449,690.74,483.48,52297.29,6.515
FMM,2016-05-07,2016,128,14.71,-2.08,4.63,0.5733625549853,218.0925,52.2921352527405,484.65,524.24,52466.18,6.315
FMM,2016-05-08,2016,129,8.29,-4.87,14.9,0.333785784572046,191.3625,46.0288636556962,425.25,425.57,52632.89,1.71
FMM,2016-05-09,2016,130,-0.65,-5.51,2.49,0.0889870750007781,83.043,20.0369418308136,184.54,405.34,52797.36,-3.08
FMM,2016-05-10,2016,131,8.41,-3.08,0,0.307685233839078,234.936,56.8603761670152,522.08,486.72,52959.51,2.665
FMM,2016-05-11,2016,132,12.69,-3.56,0,0.498052100399531,292.698,71.053894940805,650.44,469.5,53119.25,4.565
FMM,2016-05-12,2016,133,19.64,-1.55,0,0.868565966140123,319.266,77.7328731548424,709.48,545.2,53276.52,9.045
FMM,2016-05-13,2016,134,20.45,-0.96,5.31,0.914993139455702,237.9195,58.0953550737515,528.71,569.48,53431.23,9.745
FMM,2016-05-14,2016,135,16.94,3.99,5.33,0.55692602182421,183.9465,45.0440244550665,408.77,812.36,53583.3,10.465
FMM,2016-05-15,2016,136,7.07,-3.31,17.16,0.263774224781107,163.5075,40.1506165756215,363.35,478.45,53732.66,1.88
FMM,2016-05-16,2016,137,1.23,-4.38,2.08,0.113439682093535,98.406,24.2303205487266,218.68,441.43,53879.23,-1.575
FMM,2016-05-17,2016,138,5.2,-1.25,0,0.16332228179242,152.8875,37.7455843724963,339.75,557.43,54022.91,1.975
FMM,2016-05-18,2016,139,13.02,-2.6,0,0.496447850970311,296.136,73.3019028863328,658.08,504.49,54163.64,5.21
FMM,2016-05-19,2016,140,14.57,-1.84,0,0.561104831484462,301.6305,74.8517297613282,670.29,533.67,54301.32,6.365
FMM,2016-05-20,2016,141,19.67,-1.43,0,0.86819659436889,327.4065,81.4495605196554,727.57,550.11,54435.88,9.12
FMM,2016-05-21,2016,142,20.63,0.04,0,0.907009801627321,324.1665,80.8381265945431,720.37,612.36,54567.23,10.335
FMM,2016-05-22,2016,143,18.78,-1.15,0,0.800829007666551,320.9895,80.2337396870295,713.31,561.55,54695.3,8.815
FMM,2016-05-23,2016,144,23.24,-2.69,0,1.17357397698435,340.38,85.274516412,756.4,499.61,54820,10.275
FMM,2016-05-24,2016,145,25.72,-0.83,0,1.37243599708825,338.787,85.0631368927716,752.86,565.15,54941.24,12.445
FMM,2016-05-25,2016,146,22.68,1.22,0,1.04894522951203,319.131,80.2995658043832,709.18,659.62,55058.96,11.95
FMM,2016-05-26,2016,147,20.22,1.65,0,0.839327009960701,301.7295,76.0783429192239,670.51,687.4,55173.06,10.935
FMM,2016-05-27,2016,148,19.74,6.66,7.73,0.658388258045271,180.324,45.5580477911664,400.72,978.48,55283.48,13.2
FMM,2016-05-28,2016,149,19.74,7.01,4.1,0.64642731478638,176.652,44.7164239355568,392.56,1002.32,55390.12,13.375
FMM,2016-05-29,2016,150,15.35,7.56,14.39,0.349801449800262,120.4875,30.5559541234238,267.75,1040.4,55492.93,11.455
FMM,2016-05-30,2016,151,19.96,11.37,20.12,0.490892768540852,130.5315,33.1621243258585,290.07,1344.46,55591.81,15.665
FMM,2016-05-31,2016,152,18.11,4.61,12.91,0.612545444099508,194.364,49.463348197716,431.92,848.55,55686.7,11.36
FMM,2016-06-01,2016,153,18.06,0.42,0,0.718855963130413,301.1535,76.7650246005074,669.23,629.8,55777.53,9.24
FMM,2016-06-02,2016,154,16.2,3.21,23.69,0.53454031659114,185.814,47.4382185801156,412.92,768.79,55864.22,9.705
FMM,2016-06-03,2016,155,19.86,9.37,1.63,0.56817489126183,204.9435,52.3992295432445,455.43,1176.12,55946.71,14.615
FMM,2016-06-04,2016,156,18.33,3.47,0,0.659550453452276,270.315,69.209824168377,600.7,783.36,56024.94,10.9
FMM,2016-06-05,2016,157,15.78,2.17,33.47,0.537829939411121,194.139,49.7717363611809,431.42,713.85,56098.83,8.975
FMM,2016-06-06,2016,158,15.67,9.85,16.14,0.28045040023945,93.672,24.0446014022736,208.16,1214.81,56168.34,12.76
FMM,2016-06-07,2016,159,15.82,6.53,3.67,0.411706846873847,146.1645,37.562323449951,324.81,969.68,56233.4,11.175
FMM,2016-06-08,2016,160,10.8,2.73,3.48,0.275043392014554,131.184,33.7488414982848,291.52,743.09,56293.96,6.765
FMM,2016-06-09,2016,161,6.16,1.52,4.83,0.131562028644673,80.982,20.8544367472452,179.96,681.53,56349.98,3.84
FMM,2016-06-10,2016,162,13.27,2.72,0,0.389174615697173,224.0235,57.743032142479,497.83,742.88,56401.39,7.995
FMM,2016-06-11,2016,163,13.6,1.45,8.49,0.438223195885155,189.5445,48.8964328624584,421.21,678.22,56448.16,7.525
FMM,2016-06-12,2016,164,9.39,6.2,19.95,0.114492128176861,61.416,15.85518173658,136.48,947.51,56490.25,7.795
FMM,2016-06-13,2016,165,12.42,5.98,10.06,0.25247366424201,115.92,29.945755416528,257.6,933.59,56527.62,9.2
FMM,2016-06-14,2016,166,18.39,4,0,0.64853293804313,285.66,73.837481583888,634.8,813.21,56560.24,11.195
FMM,2016-06-15,2016,167,17.75,1.86,0,0.664654350797843,299.223,77.3813333070999,664.94,698.36,56588.09,9.805
FMM,2016-06-16,2016,168,19.12,0.2,0,0.794733619511147,319.5045,82.6599096864828,710.01,619.85,56611.12,9.66
FMM,2016-06-17,2016,169,20.66,0.29,0,0.903400965433311,325.962,84.3576890676156,724.36,623.81,56629.34,10.475
FMM,2016-06-18,2016,170,24.17,0.62,0,1.1850808274482,336.2535,87.0416343555215,747.23,638.71,56642.71,12.395
FMM,2016-06-19,2016,171,26.17,9.26,0,1.11018638038778,290.3355,75.1667347676291,645.19,1167.7,56651.23,17.715
FMM,2016-06-20,2016,172,25.74,14.27,8.88,0.837909463036326,168.354,43.5890058005664,374.12,1625.91,56654.88,20.005
FMM,2016-06-21,2016,173,16.07,3.61,1.37,0.515731053551883,258.192,66.8477981457792,573.76,791.01,56653.68,9.84
FMM,2016-06-22,2016,174,16.34,1.59,0,0.584680325017889,291.3615,75.4275420780386,647.47,685.06,56647.61,8.965
FMM,2016-06-23,2016,175,15.27,0.95,0,0.538665242584056,291.9555,75.5667466831381,648.79,654.39,56636.69,8.11
FMM,2016-06-24,2016,176,18.89,-1.49,0,0.815329462877272,335.538,86.8229937310806,745.64,547.59,56620.91,8.7
FMM,2016-06-25,2016,177,24.62,6.71,0,1.05435203550916,312.66,80.873703865422,694.8,981.53,56600.31,15.665
FMM,2016-06-26,2016,178,25.32,8.99,0,1.03755530937674,297.1035,76.8152920881955,660.23,1146.53,56574.89,17.155
FMM,2016-06-27,2016,179,19.69,14.95,11.9,0.293763900730858,83.8125,21.6579162054938,186.25,1699.01,56544.67,17.32
FMM,2016-06-28,2016,180,22.13,13.41,8.85,0.559931710902246,144.9405,37.4307802461436,322.09,1537.6,56509.69,17.77
FMM,2016-06-29,2016,181,16.39,11.58,8.79,0.24785857552762,87.1065,22.4793835698159,193.57,1363.2,56469.98,13.985
FMM,2016-06-30,2016,182,22.11,8.51,0,0.772685130478407,271.224,69.9391250104608,602.72,1109.99,56425.56,15.31
FMM,2016-07-01,2016,183,23.09,6.34,6.3,0.930865196678328,224.7885,57.914634864208,499.53,956.85,56376.49,14.715
FMM,2016-07-02,2016,184,13.57,8.4,8.9,0.224237058771797,95.7465,24.644684758199,212.77,1101.97,56322.79,10.985
FMM,2016-07-03,2016,185,16.6,7.21,0,0.43460210931009,215.55,55.424115146385,479,1015.63,56264.51,11.905
FMM,2016-07-04,2016,186,21.89,9.32,19.54,0.723978594536251,193.2345,49.6307084734638,429.41,1172.15,56201.72,15.605
FMM,2016-07-05,2016,187,21.43,9.51,8.53,0.679985577632708,186.6645,47.8858637914866,414.81,1187.33,56134.44,15.47
FMM,2016-07-06,2016,188,17.05,11.7,4.51,0.281706835003595,95.967,24.5873948566725,213.26,1374.57,56062.75,14.375
FMM,2016-07-07,2016,189,15.41,10.72,19.17,0.229322401705562,86.1975,22.0544250297525,191.55,1287.55,55986.7,13.065
FMM,2016-07-08,2016,190,15.75,9.6,0,0.294521587716553,148.14,37.848594538728,329.2,1195.21,55906.36,12.675
FMM,2016-07-09,2016,191,11.13,9.32,11.86,0.0739729151225885,40.752,10.3960588836528,90.56,1172.63,55821.77,10.225
FMM,2016-07-10,2016,192,13.27,4.01,7.77,0.353939838446753,161.3835,41.1043615375869,358.63,813.49,55733.02,8.64
FMM,2016-07-11,2016,193,23.08,3.52,4.51,1.01559701099635,230.3955,58.583948677664,511.99,785.98,55640.17,13.3
FMM,2016-07-12,2016,194,24.71,9.19,0,0.972124674856769,273.8475,69.5114873648167,608.55,1162.19,55543.29,16.95
FMM,2016-07-13,2016,195,25.62,10.69,0,0.996819915473605,262.584,66.5314443290448,583.52,1285.33,55442.46,18.155
FMM,2016-07-14,2016,196,24.35,17.91,16.76,0.493123521062111,100.5165,25.4199666581847,223.37,2051.56,55337.74,21.13
FMM,2016-07-15,2016,197,20.59,11.87,6.25,0.514462664690147,139.266,35.1503951650164,309.48,1389.63,55229.22,16.23
FMM,2016-07-16,2016,198,20.88,7.54,0,0.712013273979,255.249,64.2932685782928,567.22,1038.96,55116.96,14.21
FMM,2016-07-17,2016,199,21.25,6.82,0,0.765060052498883,266.6025,67.0118298508305,592.45,989.27,55001.06,14.035
FMM,2016-07-18,2016,200,20.89,9.09,11.01,0.654859116963131,179.5905,45.0428897032501,399.09,1154.4,54881.59,14.99
FMM,2016-07-19,2016,201,13.95,6.35,0,0.315989819159529,181.0575,45.3090769017705,402.35,957.68,54758.62,10.15
FMM,2016-07-20,2016,202,19.76,8.57,0,0.591887357156388,234.8505,58.6349685821484,521.89,1114.39,54632.24,14.165
FMM,2016-07-21,2016,203,22.21,8.46,7.22,0.782314918323985,193.7745,48.2646951381411,430.61,1106.6,54502.54,15.335
FMM,2016-07-22,2016,204,20.52,15.06,20.24,0.348247392306335,95.5215,23.7341297303829,212.27,1710.85,54369.58,17.79
FMM,2016-07-23,2016,205,20.02,10.57,0,0.530088950354814,208.5615,51.6913237788003,463.47,1274.86,54233.46,15.295
FMM,2016-07-24,2016,206,21.74,8.22,0,0.753775380447036,258.84,63.988035240888,575.2,1088.46,54094.26,14.98
FMM,2016-07-25,2016,207,19.66,6.28,18.94,0.665698470996802,194.877,48.0490512765534,433.06,952.87,53952.06,12.97
FMM,2016-07-26,2016,208,21.7,13.74,0,0.508794034171516,183.708,45.1733775741864,408.24,1570.96,53806.94,17.72
FMM,2016-07-27,2016,209,23.35,9.78,13.45,0.826266197418902,188.973,46.3402498138578,419.94,1209.66,53658.98,16.565
FMM,2016-07-28,2016,210,21.38,10.22,0,0.646937543200608,227.6775,55.6746151831672,505.95,1245.37,53508.27,15.8
FMM,2016-07-29,2016,211,18.67,6.69,0,0.583315534815926,237.7395,57.968439731788,528.31,980.54,53354.87,12.68
FMM,2016-07-30,2016,212,18.59,5.38,0,0.621084080227772,249.48,60.653309982804,554.4,895.05,53198.89,11.985
FMM,2016-07-31,2016,213,22.22,4.46,0,0.916944360215805,273.4605,66.2853311759043,607.69,839.8,53040.38,13.34
FMM,2016-08-01,2016,214,21.57,4.93,0,0.850838203973818,265.05,64.05172876404,589,867.9,52879.44,13.25
FMM,2016-08-02,2016,215,23.46,4.77,0,1.01218569159401,269.6895,64.971629409272,599.31,858.08,52716.13,14.115
FMM,2016-08-03,2016,216,23.9,6.72,0,0.988809272387424,259.0875,62.2214093073825,575.75,982.12,52550.54,15.31
FMM,2016-08-04,2016,217,24.6,10.43,5.45,0.911047310332831,174.762,41.8361217040116,388.36,1263.38,52382.74,17.515
FMM,2016-08-05,2016,218,24.81,14.25,16.99,0.74987026575705,141.516,33.7674924512172,314.48,1623.97,52212.81,19.53
FMM,2016-08-06,2016,219,18.53,12.34,0,0.347019748298387,123.7095,29.4213976120562,274.91,1433.53,52040.81,15.435
FMM,2016-08-07,2016,220,16.63,8.78,7.14,0.378624774709954,115.4745,27.3710786348313,256.61,1130.57,51866.82,12.705
FMM,2016-08-08,2016,221,16.35,5.41,0,0.478642132735297,197.352,46.6199614293624,438.56,897.52,51690.91,10.88
FMM,2016-08-09,2016,222,21.64,1.61,0,0.947828485434909,259.0335,60.9804079780302,575.63,685.8,51513.16,11.625
FMM,2016-08-10,2016,223,25.04,6.61,6.07,1.09700184954999,183.7575,43.1085167868578,408.35,974.76,51333.61,15.825
FMM,2016-08-11,2016,224,22.44,12.01,7.64,0.653150443888352,132.9525,31.079812033053,295.45,1402.44,51152.36,17.225
FMM,2016-08-12,2016,225,18.25,6.29,7.46,0.569231420771422,150.75,35.114255764875,335,953.44,50969.45,12.27
FMM,2016-08-13,2016,226,19.67,5.47,6.39,0.692414327583004,147.258,34.176700063647,327.24,900.93,50784.95,12.57
FMM,2016-08-14,2016,227,15.24,11.16,4.25,0.200472846987387,52.7175,12.1902423516967,117.15,1325.99,50598.93,13.2
FMM,2016-08-15,2016,228,20.54,11.37,0,0.533160939059414,144.396,33.2659910263968,320.88,1344.66,50411.44,15.955
FMM,2016-08-16,2016,229,21.28,11.41,11.67,0.58735327156713,114.588,26.299900126458,254.64,1348.4,50222.55,16.345
FMM,2016-08-17,2016,230,22.39,12.59,3.66,0.62122653113119,112.9095,25.8164925941686,250.91,1457.46,50032.31,17.49
FMM,2016-08-18,2016,231,20.91,10.88,0,0.582819135868465,154.485,35.1874208051955,343.3,1301.33,49840.79,15.895
FMM,2016-08-19,2016,232,22.08,5.95,0,0.859696476637767,205.056,46.5254628293376,455.68,931.49,49648.03,14.015
FMM,2016-08-20,2016,233,23.13,7.77,0,0.884436490984475,197.9145,44.7296953888512,439.81,1055.89,49454.08,15.45
FMM,2016-08-21,2016,234,22.12,13.4,16.49,0.559641911196931,98.5095,22.1758356363692,218.91,1536.58,49259.01,17.76
FMM,2016-08-22,2016,235,14.89,7.85,3.96,0.313619300738354,85.662,19.2069037146258,190.36,1061.6,49062.87,11.37
FMM,2016-08-23,2016,236,18.13,6.93,5.38,0.539588822216792,124.038,27.6996952249254,275.64,996.66,48865.69,12.53
FMM,2016-08-24,2016,237,21.63,14.49,0,0.464252575816112,111.4695,24.7920048196371,247.71,1649.02,48667.54,18.06
FMM,2016-08-25,2016,238,19.01,14.49,6.45,0.271034013786867,55.233,12.2341571218926,122.74,1649.54,48468.46,16.75
FMM,2016-08-26,2016,239,22.62,11.72,0,0.681491234115531,158.8905,35.0491786122766,353.09,1375.73,48268.49,17.17
FMM,2016-08-27,2016,240,20.49,6.48,0,0.719203017790952,187.848,41.2644382155648,417.44,966.17,48067.68,13.485
FMM,2016-08-28,2016,241,19.23,8,4,0.575329083267541,122.436,26.7826283649216,272.08,1072.59,47866.08,13.615
FMM,2016-08-29,2016,242,17.71,8.68,0,0.449157420917531,140.382,30.5784565185528,311.96,1123.02,47663.72,13.195
FMM,2016-08-30,2016,243,19.91,7.41,5.42,0.64509825843836,131.3955,28.4990493754328,291.99,1029.7,47460.65,13.66
FMM,2016-08-31,2016,244,20.82,8.76,0,0.662255060382235,171.2745,36.9891317700585,380.61,1129.01,47256.9,14.79
FMM,2016-09-01,2016,245,17.44,6,0,0.52675700185126,170.0415,36.5640343045772,377.87,934.48,47052.53,11.72
FMM,2016-09-02,2016,246,15.71,4.02,0,0.483388461037248,174.312,37.3190398857504,387.36,814.19,46847.56,9.865
FMM,2016-09-03,2016,247,18.32,1.29,0,0.715795484671626,203.868,43.4552953902228,453.04,670.23,46642.03,9.805
FMM,2016-09-04,2016,248,21.57,4.17,0,0.873538474287562,200.268,42.4993678031124,445.04,822.77,46435.99,12.87
FMM,2016-09-05,2016,249,23.19,3.3,0,1.03104849881952,204.246,43.1507730523212,453.88,773.88,46229.46,13.245
FMM,2016-09-06,2016,250,23.75,4.32,0,1.05121515373158,199.773,42.0168034594728,443.94,831.18,46022.48,14.035
FMM,2016-09-07,2016,251,23.56,8.79,2.95,0.883654758862368,131.121,27.4534483083876,291.38,1131.6,45815.08,16.175
FMM,2016-09-08,2016,252,18.63,15.34,49.88,0.199232319277277,38.538,8.0322983234046,85.64,1741.92,45607.31,16.985
FMM,2016-09-09,2016,253,18.15,9.79,0,0.433497091584432,125.3295,26.0026443412317,278.51,1210.57,45399.18,13.97
FMM,2016-09-10,2016,254,20.44,5.44,14.29,0.748796773131154,135.1125,27.9036607322025,300.25,899.4,45190.74,12.94
FMM,2016-09-11,2016,255,17.28,6.78,9.56,0.49079833760443,110.5515,22.7258321130171,245.67,986.21,44982.02,12.03
FMM,2016-09-12,2016,256,17.34,6.5,0,0.50365571086765,151.119,30.9208806351432,335.82,967.7,44773.04,11.92
FMM,2016-09-13,2016,257,19.92,9.03,0,0.585654123768134,146.385,29.812293173088,325.3,1149.65,44563.84,14.475
FMM,2016-09-14,2016,258,14.36,2.39,6.68,0.453938047262665,118.6605,24.0524639490082,263.69,725.31,44354.45,8.375
FMM,2016-09-15,2016,259,13,-1.07,0,0.465434033278016,173.2725,34.9563662180392,385.05,564.63,44144.89,5.965
FMM,2016-09-16,2016,260,14.55,-1.35,0,0.550086929551602,179.919,36.124832027016,399.82,553.41,43935.2,6.6
FMM,2016-09-17,2016,261,15.98,2.78,22.36,0.533123658802097,119.7765,23.9343594026391,266.17,745.88,43725.42,9.38
FMM,2016-09-18,2016,262,18.75,12.68,3.88,0.345547701991066,63.1755,12.5634629946442,140.39,1465.9,43515.55,15.715
FMM,2016-09-19,2016,263,17.73,11.55,5.05,0.331314778298485,65.628,12.988228815774,145.84,1360.76,43305.65,14.64
FMM,2016-09-20,2016,264,17.3,10.7,7.86,0.341480109404632,69.7545,13.7379734191625,155.01,1286.25,43095.73,14.0
FMM,2016-09-21,2016,265,18.18,6.9,0,0.543810486541994,142.4565,27.9197926429131,316.57,994.68,42885.82,12.54
FMM,2016-09-22,2016,266,13.29,3.93,7.92,0.356905028575821,94.59,18.447806087748,210.2,809.24,42675.96,8.61
FMM,2016-09-23,2016,267,11.14,0.22,1.32,0.351343291293105,141.2775,27.4177804980398,313.95,620.4,42466.17,5.68
FMM,2016-09-24,2016,268,7.31,-0.59,0,0.218904830374117,109.647,21.1741639198992,243.66,584.8,42256.48,3.36
FMM,2016-09-25,2016,269,7.63,-1.54,0,0.249582128332914,123.075,23.6494114075575,273.5,545.76,42046.93,3.045
FMM,2016-09-26,2016,270,12.69,-3.35,2.23,0.494344849599826,125.1945,23.9368826499921,278.21,476.92,41837.54,4.67
FMM,2016-09-27,2016,271,8.69,3.69,6.34,0.163466385769672,52.7265,10.0307667677747,117.17,795.45,41628.33,6.19
FMM,2016-09-28,2016,272,8.8,-1.03,0,0.282539094158722,126.567,23.9574155225265,281.26,566.36,41419.35,3.885
FMM,2016-09-29,2016,273,12.25,-2.32,0,0.454355226004867,157.4145,29.646278772737,349.81,515.04,41210.63,4.965
FMM,2016-09-30,2016,274,16.83,-2.75,0,0.707470924218595,170.2125,31.8944196627638,378.25,498.72,41002.19,7.04
FMM,2016-10-01,2016,275,16.15,0.5,0,0.599492675552883,155.3175,28.9556635622085,345.15,633.27,40794.06,8.325
FMM,2016-10-02,2016,276,16.25,3.71,0,0.523753221104366,136.0215,25.2291725505414,302.27,796.3,40586.28,9.98
FMM,2016-10-03,2016,277,12.86,2.33,0,0.379389326060239,122.616,22.6265121478656,272.48,722.42,40378.88,7.595
FMM,2016-10-04,2016,278,15.75,-3.21,0,0.652161332145488,162.522,29.836696120326,361.16,482.05,40171.9,6.27
FMM,2016-10-05,2016,279,16.51,-1.68,0,0.667410107847564,158.3955,28.929629870726,351.99,540.07,39965.37,7.415
FMM,2016-10-06,2016,280,17.88,-0.72,0,0.732465988148874,157.2165,28.5662525768046,349.37,579.54,39759.32,8.58
FMM,2016-10-07,2016,281,21.54,4.16,0,0.871433665976491,149.0625,26.9446597759688,331.25,822.23,39553.79,12.85
FMM,2016-10-08,2016,282,12.79,2.6,9.86,0.369281046494683,83.2275,14.9663108986335,184.95,736.14,39348.82,7.695
FMM,2016-10-09,2016,283,5.96,-0.88,0,0.17960109240878,81.1215,14.5118325008322,180.27,572.7,39144.44,2.54
FMM,2016-10-10,2016,284,4.89,-3.63,0,0.199058715717314,98.937,17.6067249626421,219.86,467.23,38940.69,0.63
FMM,2016-10-11,2016,285,14.52,-3.92,0,0.596972859269578,149.085,26.3926484019045,331.3,456.91,38737.61,5.3
FMM,2016-10-12,2016,286,15.23,-1.13,0,0.582843712066538,139.788,24.61751845839,310.64,562.15,38535.25,7.05
FMM,2016-10-13,2016,287,11.38,-1.61,9.82,0.400799655404891,92.2005,16.1521201409274,204.89,542.76,38333.64,4.885
FMM,2016-10-14,2016,288,3.18,-4.3,0,0.161938709265555,82.9575,14.4567573983933,184.35,444,38132.83,-0.56
FMM,2016-10-15,2016,289,6.45,-4.13,0,0.257129928232815,108.5175,18.8118476879288,241.15,449.9,37932.85,1.16
FMM,2016-10-16,2016,290,10.52,3.72,8.57,0.235845105598453,55.269,9.5307678191808,122.82,797.26,37733.76,7.12
FMM,2016-10-17,2016,291,8.41,-1.01,0,0.267350250569011,98.5995,16.913530662354,219.11,567.24,37535.6,3.7
FMM,2016-10-18,2016,292,12.7,-1.58,20.35,0.461306576187662,92.565,15.794974972161,205.7,543.86,37338.42,5.56
FMM,2016-10-19,2016,293,7.8,1.56,0,0.186491427245888,65.9835,11.2000507645307,146.63,683.75,37142.27,4.68
FMM,2016-10-20,2016,294,9.24,-2.08,14.39,0.320630155231937,78.921,13.3257049616943,175.38,524.26,36947.19,3.58
FMM,2016-10-21,2016,295,5.6,3.73,46.11,0.0554738525831483,17.712,2.9749483780416,39.36,797.57,36753.24,4.665
FMM,2016-10-22,2016,296,8.08,1.64,34.15,0.194872380269447,49.689,8.3021050958031,110.42,687.49,36560.47,4.86
FMM,2016-10-23,2016,297,1.89,-2.65,13.09,0.0988214565179271,36.783,6.1135573504914,81.74,502.68,36368.94,-0.38
FMM,2016-10-24,2016,298,-0.82,-3.33,3.3,0.049267035316567,22.221,3.6739448841393,49.38,477.64,36178.69,-2.075
FMM,2016-10-25,2016,299,-0.4,-3.76,0,0.0656752781811244,37.683,6.1978488825249,83.74,462.62,35989.79,-2.08
FMM,2016-10-26,2016,300,-1.27,-5.11,4.69,0.069764777799017,32.4585,5.3107465222935,72.13,417.9,35802.3,-3.19
FMM,2016-10-27,2016,301,-1.74,-5.42,1.22,0.065482626034069,41.4315,6.74365419160785,92.07,407.88,35616.27,-3.58
FMM,2016-10-28,2016,302,0.04,-2.69,4.78,0.056061324206196,23.805,3.854580423876,52.9,501.08,35431.76,-1.325
FMM,2016-10-29,2016,303,-0.1,-1.66,9.65,0.0330020240614909,15.975,2.57336800083,35.5,540.86,35248.84,-0.88
FMM,2016-10-30,2016,304,1.86,-2.07,2.8,0.0870252377217824,34.236,5.4866201021964,76.08,524.75,35067.57,-0.105
FMM,2016-10-31,2016,305,-1.84,-5.21,0,0.0601087635258631,41.022,6.5404759489308,91.16,414.56,34888.02,-3.525
FMM,2016-11-01,2016,306,0.46,-4.84,9.17,0.102801548018966,46.62,7.39513677735,103.6,426.53,34710.25,-2.19
FMM,2016-11-02,2016,307,5.01,-0.24,1.75,0.136027547409848,61.0785,9.63952419231585,135.73,600.25,34534.33,2.385
FMM,2016-11-03,2016,308,3.3,-0.98,3.08,0.102761809459209,39.123,6.1433541130752,86.94,568.49,34360.32,1.16
FMM,2016-11-04,2016,309,-0.6,-7.12,0,0.113828813076734,78.327,12.2378556511809,174.06,358.06,34188.31,-3.86
FMM,2016-11-05,2016,310,0.28,-5.64,1.26,0.111463202387569,73.5345,11.431963897456,163.41,401.23,34018.37,-2.68
FMM,2016-11-06,2016,311,-0.14,-9.44,0.79,0.153328639298538,110.88,17.15280485688,246.4,298.9,33850.55,-4.79
FMM,2016-11-07,2016,312,4.36,-9.94,0,0.273646247975477,124.0695,19.0992863113942,275.71,287.16,33684.95,-2.79
FMM,2016-11-08,2016,313,11.26,-4.1,0,0.441574225526656,108.8325,16.6724695821757,241.85,450.82,33521.63,3.58
FMM,2016-11-09,2016,314,5.2,-3.51,0,0.206536093412299,89.208,13.6004966275752,198.24,471.29,33360.67,0.845
FMM,2016-11-10,2016,315,2.64,-6.24,0,0.177988633216585,91.215,13.8404008929825,202.7,383.16,33202.15,-1.8
FMM,2016-11-11,2016,316,2.68,-7.8,5.46,0.200745227672137,81.0675,12.2428835518365,180.15,339.75,33046.14,-2.56
FMM,2016-11-12,2016,317,-0.55,-7.28,0,0.117038382489816,86.31,12.974099875191,191.8,353.72,32892.73,-3.915
FMM,2016-11-13,2016,318,3.26,-0.81,0,0.0981055052706233,55.5795,8.31641282973,123.51,575.61,32742,1.225
FMM,2016-11-14,2016,319,3.28,-0.24,0,0.0864880053798011,49.059,7.3075672242126,109.02,599.98,32594.02,1.52
FMM,2016-11-15,2016,320,5.98,-0.89,0,0.180355868345907,75.618,11.2134976938288,168.04,572.38,32448.88,2.545
FMM,2016-11-16,2016,321,4.54,0.55,40.47,0.10442032443319,36.414,5.3762152577868,80.92,635.47,32306.66,2.545
FMM,2016-11-17,2016,322,5.01,-1.69,0,0.1664771802277,74.8485,11.0031187720788,166.33,539.61,32167.44,1.66
FMM,2016-11-18,2016,323,9.72,-3.5,0,0.366188574363205,95.3685,13.9603310456085,211.93,471.55,32031.3,3.11
FMM,2016-11-19,2016,324,11.54,-3.7,4.26,0.446916077699575,70.7085,10.3075576152989,157.13,464.81,31898.33,3.92
FMM,2016-11-20,2016,325,4.59,-0.01,17.33,0.118304355241163,38.5245,5.593083298299,85.61,610.44,31768.6,2.29
FMM,2016-11-21,2016,326,-0.24,-4.64,7.71,0.0840194517620226,37.629,5.441336051166,83.62,432.94,31642.2,-2.44
FMM,2016-11-22,2016,327,-2.19,-5.96,4.2,0.0649056873149083,32.6385,4.70134059162345,72.53,391.46,31519.21,-4.075
FMM,2016-11-23,2016,328,-4.01,-7.09,0,0.0481490674570598,35.802,5.1374679476094,79.56,359,31399.71,-5.55
FMM,2016-11-24,2016,329,-4.8,-7.56,0,0.0416056193435345,32.2245,4.6070360505477,71.61,346.03,31283.78,-6.18
FMM,2016-11-25,2016,330,-3.75,-6.22,3.71,0.0403333729509449,24.0795,3.43021629395565,53.51,383.69,31171.51,-4.985
FMM,2016-11-26,2016,331,-1.43,-4.12,4.65,0.0504104506956369,25.605,3.634827604956,56.9,450.21,31062.96,-2.775
FMM,2016-11-27,2016,332,-0.88,-3.5,4.06,0.050975305037368,24.642,3.4863271295868,54.76,471.66,30958.22,-2.19
FMM,2016-11-28,2016,333,-2.38,-12.04,0,0.135609734435274,89.0235,12.5539238906033,197.83,242.9,30857.35,-7.21
FMM,2016-11-29,2016,334,-3.61,-13.43,7.03,0.126162301278945,65.8665,9.25920013225725,146.37,216.98,30760.45,-8.52
FMM,2016-11-30,2016,335,-0.51,-3.92,3.55,0.0660215354584874,29.3895,4.11896178671355,65.31,457.15,30667.57,-2.215
FMM,2016-12-01,2016,336,-2.86,-3.52,32.66,0.012484935361513,9.225,1.2891486951,20.5,470.92,30578.8,-3.19
FMM,2016-12-02,2016,337,-1.75,-4.52,7.84,0.0507084694613323,24.372,3.3964441019676,54.16,436.84,30494.19,-3.135
FMM,2016-12-03,2016,338,-4.3,-9.46,4.6,0.0736545379086914,42.7635,5.94374640518295,95.03,298.34,30413.81,-6.88
FMM,2016-12-04,2016,339,-6.59,-19.37,0,0.121468737157874,92.9745,12.8903032199345,206.61,131.83,30337.73,-12.98
FMM,2016-12-05,2016,340,-6.63,-20.89,2.99,0.12895325711704,69.4485,9.60581550936645,154.33,115.62,30266.01,-13.76
FMM,2016-12-06,2016,341,-5.64,-15.19,0,0.107559358453357,82.5795,11.3966402820736,183.51,187.74,30198.71,-10.415
FMM,2016-12-07,2016,342,-4.24,-12.97,2.01,0.111166667606482,58.6035,8.0709309591606,130.23,225.32,30135.88,-8.605
FMM,2016-12-08,2016,343,-4.59,-10.01,4.49,0.0751768461841096,43.335,5.956592516901,96.3,285.68,30077.58,-7.3
FMM,2016-12-09,2016,344,-9.67,-18.72,0,0.0778682870969693,81.3735,11.1651761139458,180.83,139.47,30023.85,-14.195
FMM,2016-12-10,2016,345,-14.32,-22.26,0,0.0505351424265404,76.4685,10.4750039640033,169.93,102.46,29974.74,-18.29
FMM,2016-12-11,2016,346,-12.7,-24.2,0,0.0728764964088544,88.299,12.077667107829,196.22,86.22,29930.3,-18.45
FMM,2016-12-12,2016,347,-12.39,-19.58,9.95,0.0542329467181222,53.2845,7.27865276244075,118.41,129.49,29890.55,-15.985
FMM,2016-12-13,2016,348,-6.48,-19.01,4.56,0.120984761395472,66.2265,9.0359315935317,147.17,135.97,29855.54,-12.745
FMM,2016-12-14,2016,349,-6.39,-14.48,3.92,0.0907828997073208,55.3815,7.5485882234115,123.07,199.02,29825.3,-10.435
FMM,2016-12-15,2016,350,-14.21,-30.42,0,0.0783419047656678,92.889,12.6501134335632,206.42,48.44,29799.84,-22.315
FMM,2016-12-16,2016,351,-23.27,-30.48,0,0.0235280337525106,68.355,9.3024996009435,151.9,48.13,29779.21,-26.875
FMM,2016-12-17,2016,352,-11.56,-26.43,4.85,0.0918935807741541,67.5225,9.184325236605,150.05,70.35,29763.4,-18.995
FMM,2016-12-18,2016,353,-6.11,-24.43,10.24,0.152134473828906,69.264,9.417735794376,153.92,84.38,29752.45,-15.27
FMM,2016-12-19,2016,354,-17.42,-29.98,0,0.0534481486530946,88.722,12.060941387679,197.16,50.47,29746.35,-23.7
FMM,2016-12-20,2016,355,-10.58,-17.76,0.9,0.0618242605618344,65.9385,8.96336006630895,146.53,151.26,29745.11,-14.17
FMM,2016-12-21,2016,356,-4.75,-11.1,4.49,0.0845307345474278,44.136,6.0003660760848,98.08,261.86,29748.74,-7.925
FMM,2016-12-22,2016,357,-3.79,-10.43,7.16,0.0933600165683863,45.5085,6.1887234599109,101.13,276.29,29757.22,-7.11
FMM,2016-12-23,2016,358,-3.12,-7.83,0,0.0738557861251549,45.3465,6.1694574946128,100.77,338.93,29770.56,-5.475
FMM,2016-12-24,2016,359,-2.62,-7.2,5.19,0.0746436257414217,32.868,4.4744701198824,73.04,355.8,29788.74,-4.91
FMM,2016-12-25,2016,360,-7.35,-25.12,0,0.137037390404672,94.833,12.9200192330175,210.74,79.32,29811.75,-16.235
FMM,2016-12-26,2016,361,-7.05,-26.63,19.05,0.146284932405308,71.6625,9.772385031045,159.25,69.06,29839.56,-16.84
FMM,2016-12-27,2016,362,-0.6,-9.11,7.71,0.139444938091713,51.2775,7.00018511432625,113.95,306.76,29872.15,-4.855
FMM,2016-12-28,2016,363,-9.06,-14.17,0,0.0527451237238022,46.5165,6.35817149754345,103.37,204.21,29909.49,-11.615
FMM,2016-12-29,2016,364,-6.93,-15.56,12.86,0.0914819727310729,53.8695,7.37358085385325,119.71,182.11,29951.55,-11.245
FMM,2016-12-30,2016,365,-6.54,-18.23,6.89,0.115376718898435,64.0305,8.77808117085165,142.29,145.41,29998.29,-12.385
FMM,2017-01-01,2017,1,-6.93,-17.92,4.75,0.107941453576004,63.063,8.6603212576881,140.14,149.26,30049.91,-12.425
FMM,2017-01-02,2017,2,-4.05,-15.73,0,0.137311414378872,88.1415,12.1268609028311,195.87,179.5,30105.91,-9.89
FMM,2017-01-03,2017,3,-7.24,-16.67,12.1,0.0953302761818983,58.86,8.114482108692,130.8,165.9,30166.46,-11.955
FMM,2017-01-04,2017,4,-5.29,-9.85,17.03,0.0621460493996117,32.2965,4.46201986960755,71.77,289.32,30231.51,-7.57
FMM,2017-01-05,2017,5,-7.85,-19.92,2.86,0.107249297697391,69.804,9.6661518783228,155.12,125.7,30301.01,-13.885
FMM,2017-01-06,2017,6,-14.51,-29.19,0,0.0729246341516447,103.266,14.334693514938,229.48,54.39,30374.9,-21.85
FMM,2017-01-07,2017,7,-14.87,-31.91,0,0.0761707497357769,108.153,15.0517300906431,240.34,41.97,30453.11,-23.39
FMM,2017-01-08,2017,8,-17.62,-31.03,0,0.0545052533990638,101.826,14.209583285592,226.28,45.68,30535.6,-24.325
FMM,2017-01-09,2017,9,-17.02,-34.39,1.4,0.0648595250768959,111.105,15.548458076658,246.9,32.88,30622.28,-25.705
FMM,2017-01-10,2017,10,-3.47,-18.23,8.62,0.164384644893048,79.1865,11.1145274216955,175.97,145.42,30713.1,-10.85
FMM,2017-01-11,2017,11,-1.19,-3.62,18.29,0.0464751595579221,19.539,2.7509440439754,43.42,467.63,30807.98,-2.405
FMM,2017-01-12,2017,12,1.05,-3.13,11.57,0.0871798759011143,31.545,4.4555515854525,70.1,485.07,30906.85,-1.04
FMM,2017-01-13,2017,13,-2.67,-26.18,0,0.21550948077628,118.9665,16.8592305371333,264.37,72.03,31009.65,-14.425
FMM,2017-01-14,2017,14,-17.22,-31.38,1.72,0.0578813329640071,110.6505,15.7346610231677,245.89,44.18,31116.29,-24.3
FMM,2017-01-15,2017,15,-15.56,-24.6,1.07,0.0503050820046321,88.3125,12.6027212670563,196.25,83.16,31226.69,-20.08
FMM,2017-01-16,2017,16,-5.62,-20.68,1.67,0.14284462960249,114.489,16.3979629778367,254.42,117.73,31340.79,-13.15
FMM,2017-01-17,2017,17,-5.99,-19.62,0,0.131601386461881,111.978,16.09855580241,248.84,129.06,31458.5,-12.805
FMM,2017-01-18,2017,18,-7.1,-17.81,2.52,0.104817765727477,75.0195,10.8267701135301,166.71,150.72,31579.74,-12.455
FMM,2017-01-19,2017,19,-2.68,-7.34,1.36,0.0754111014998968,51.48,7.458898337748,114.4,352,31704.43,-5.01
FMM,2017-01-20,2017,20,-3.21,-6.08,0,0.0477908234221635,33.426,4.8626284175136,74.28,387.83,31832.48,-4.645
FMM,2017-01-21,2017,21,-4.12,-6.74,0,0.0414439318355238,31.347,4.5790037180757,69.66,368.74,31963.83,-5.43
FMM,2017-01-22,2017,22,-3.93,-10.18,0,0.0881379513746004,70.074,10.2791267921484,155.72,281.87,32098.38,-7.055
FMM,2017-01-23,2017,23,-4.12,-15.18,0,0.131902893722806,108.8235,16.0317468006237,241.83,187.92,32236.06,-9.65
FMM,2017-01-24,2017,24,-4.11,-13.01,24.29,0.113772015125874,72.4995,10.7271626525577,161.11,224.54,32376.78,-8.56
FMM,2017-01-25,2017,25,-3.18,-6.17,12.31,0.0494301440514714,28.341,4.2119969708502,62.98,385.4,32520.46,-4.675
FMM,2017-01-26,2017,26,-4.36,-10.95,2.26,0.0893768647600466,59.148,8.8301005651836,131.44,265,32667.01,-7.655
FMM,2017-01-27,2017,27,-10.05,-12.31,0,0.0243969696694874,31.2885,4.69236171684465,69.53,237.71,32816.37,-11.18
FMM,2017-01-28,2017,28,-7.8,-12.73,0,0.0559747662588873,63.2565,9.5305893306102,140.57,229.62,32968.44,-10.265
FMM,2017-01-29,2017,29,-5.48,-19.27,2.29,0.137419952898422,99.3915,15.0451646617467,220.87,132.96,33123.14,-12.375
FMM,2017-01-30,2017,30,-9.22,-23.33,0,0.106262571500929,137.5425,20.91903523569,305.65,93.2,33280.4,-16.275
FMM,2017-01-31,2017,31,-10.55,-26.85,0,0.103807791622964,144.9225,22.1472651094155,322.05,67.7,33440.14,-18.7
FMM,2017-02-01,2017,32,-9.54,-29.23,0,0.12192302776429,151.3125,23.235913615725,336.25,54.2,33602.28,-19.385
FMM,2017-02-02,2017,33,-12.08,-23.55,0,0.0762198757760995,128.088,19.7657718625584,284.64,91.39,33766.74,-17.815
FMM,2017-02-03,2017,34,-16.1,-26.11,0,0.0516507536254737,118.647,18.3992863326255,263.66,72.45,33933.45,-21.105
FMM,2017-02-04,2017,35,-15.31,-27.14,0,0.0608490005909109,133.029,20.7322567790949,295.62,65.88,34102.33,-21.225
FMM,2017-02-05,2017,36,-8.72,-18.9,7.17,0.0903395936439272,92.133,14.4307021169511,204.74,137.3,34273.31,-13.81
FMM,2017-02-06,2017,37,-16.91,-23.78,0,0.0374502723663404,95.9535,15.1049694951684,213.23,89.48,34446.32,-20.345
FMM,2017-02-07,2017,38,-14.17,-33.47,10.07,0.0848411836343578,123.1155,19.4792420241288,273.59,36.04,34621.28,-23.82
FMM,2017-02-08,2017,39,-5.3,-20.63,19.13,0.147539690801152,119.3265,18.9761895016637,265.17,118.24,34798.13,-12.965
FMM,2017-02-09,2017,40,-17.02,-27.88,0,0.0505909281962758,141.849,22.6737016691247,315.22,61.55,34976.79,-22.45
FMM,2017-02-10,2017,41,-20.16,-29.84,0,0.036810714356257,132.408,21.273782036832,294.24,51.14,35157.2,-25.0
FMM,2017-02-11,2017,42,-13.14,-29.56,2.26,0.0856239518367316,126.0495,20.3570700057495,280.11,52.54,35339.3,-21.35
FMM,2017-02-12,2017,43,-8.96,-30.79,5.48,0.132528587420014,135.0315,21.9210347344046,300.07,46.75,35523.01,-19.875
FMM,2017-02-13,2017,44,-8.66,-14.84,4.07,0.0631398073393772,71.064,11.5967095693344,157.92,193.23,35708.28,-11.75
FMM,2017-02-14,2017,45,-9.24,-21.81,1.8,0.0993820987360768,160.803,26.3781849839355,357.34,106.58,35895.05,-15.525
FMM,2017-02-15,2017,46,-8.37,-17.63,3.38,0.0868981048478899,101.7495,16.7785339416966,226.11,152.98,36083.24,-13.0
FMM,2017-02-16,2017,47,-7.7,-11.49,0,0.0451144788563145,65.016,10.7774934495984,144.48,253.88,36272.82,-9.595
FMM,2017-02-17,2017,48,-5.87,-17.18,0,0.118463116966637,161.073,26.8410685649931,357.94,158.95,36463.71,-11.525
FMM,2017-02-18,2017,49,-0.52,-17.33,0,0.216114934791078,187.3215,31.3795882029843,416.27,156.96,36655.86,-8.925
FMM,2017-02-19,2017,50,-0.11,-7.16,0,0.124986844312017,112.5225,18.9488942535465,250.05,356.96,36849.22,-3.635
FMM,2017-02-20,2017,51,-1.06,-21.14,0,0.226645957860551,197.4105,33.4196021851839,438.69,113.11,37043.74,-11.1
FMM,2017-02-21,2017,52,-1.86,-24.35,0,0.224509739185836,202.392,34.4438548694784,449.76,85.06,37239.36,-13.105
FMM,2017-02-22,2017,53,2.75,-5.93,0,0.176055110409972,128.6865,22.0160283528992,285.97,392.58,37436.03,-1.59
FMM,2017-02-23,2017,54,5.18,-2.48,11.72,0.18720786025019,87.084,14.977229607756,193.52,508.78,37633.7,1.35
FMM,2017-02-24,2017,55,2.73,-6.11,6.99,0.178248240766144,98.9505,17.1079182993312,219.89,387.18,37832.32,-1.69
FMM,2017-02-25,2017,56,4.8,-5.39,12.46,0.225534236450336,110.34,19.177709926068,245.2,409.03,38031.86,-0.295
FMM,2017-02-26,2017,57,-0.76,-12.17,3.64,0.169315263726521,120.501,21.0541013126325,267.78,240.36,38232.25,-6.465
FMM,2017-02-27,2017,58,2.28,-13.38,0,0.251450300456166,192.114,33.7430869860006,426.92,217.79,38433.47,-5.55
FMM,2017-02-28,2017,59,3.48,-13.56,0.88,0.284804082435727,200.367,35.3776002903855,445.26,214.77,38635.45,-5.04
FMM,2017-03-01,2017,60,3.6,-10.85,7.98,0.262013672999859,139.7475,24.8038512171435,310.55,267.13,38838.18,-3.625
FMM,2017-03-02,2017,61,0.48,-5.33,1.39,0.111318057233177,95.0805,16.9642691138371,211.29,410.7,39041.59,-2.425
FMM,2017-03-03,2017,62,-10.76,-18.13,0,0.062098025649626,125.2755,22.4684892094478,278.39,146.7,39245.65,-14.445
FMM,2017-03-04,2017,63,-20.06,-27.65,0,0.0315124078746411,132.0165,23.8009918213337,293.37,62.85,39450.33,-23.855
FMM,2017-03-05,2017,64,-11.81,-26.62,0,0.0899921323932223,207.2295,37.5553829617259,460.51,69.13,39655.59,-19.215
FMM,2017-03-06,2017,65,-1.69,-29.75,0,0.24452453380027,239.0985,43.5557384783001,531.33,51.62,39861.38,-15.72
FMM,2017-03-07,2017,66,-0.14,-11.34,3.18,0.174388550191552,129.4875,23.7103592554013,287.75,256.92,40067.67,-5.74
FMM,2017-03-08,2017,67,0.87,-3.7,11.62,0.0930950187298233,60.0975,11.0611939851473,133.55,464.81,40274.43,-1.415
FMM,2017-03-09,2017,68,-3.86,-19.2,2.37,0.163456745526851,160.5915,29.7095886375111,356.87,133.75,40481.62,-11.53
FMM,2017-03-10,2017,69,-14.65,-30.06,0,0.0739102879105769,219.8565,40.882247953528,488.57,50.1,40689.21,-22.355
FMM,2017-03-11,2017,70,-24.52,-32,0,0.0218056111453502,136.899,25.5864322585431,304.22,41.57,40897.17,-28.26
FMM,2017-03-12,2017,71,-15.37,-24.67,0,0.0520412508357793,165.1365,31.0212139044753,366.97,82.61,41105.46,-20.02
FMM,2017-03-13,2017,72,-9.91,-23,0,0.0968411235667704,210.2715,39.7003447897002,467.27,95.97,41314.04,-16.455
FMM,2017-03-14,2017,73,-10.17,-20.05,12.66,0.0797769260585145,134.7615,25.5722954777595,299.47,124.32,41522.9,-15.11
FMM,2017-03-15,2017,74,-7.07,-12.63,9.96,0.0648971023635475,83.259,15.8787563622237,185.02,231.5,41731.99,-9.85
FMM,2017-03-16,2017,75,-11.7,-16.47,0,0.0414190168424786,100.125,19.1911284919125,222.5,168.68,41941.29,-14.085
FMM,2017-03-17,2017,76,-6.7,-20.16,0,0.124232371960867,225.6885,43.4741543320127,501.53,123.14,42150.77,-13.43
FMM,2017-03-18,2017,77,0.14,-25.87,0,0.271959015214291,267.2325,51.73274546001,593.85,74.05,42360.4,-12.865
FMM,2017-03-19,2017,78,2.73,-22.48,0,0.321706692311101,267.2955,52.0011473336109,593.99,100.5,42570.14,-9.875
FMM,2017-03-20,2017,79,3.16,-21.01,0,0.326304024513921,267.516,52.3005718971564,594.48,114.34,42779.97,-8.925
FMM,2017-03-21,2017,80,3.32,-10.03,0,0.245253489268301,214.821,42.2045101305045,477.38,285.16,42989.85,-3.355
FMM,2017-03-22,2017,81,-9.84,-20.88,2.41,0.0878311367869708,146.88,28.997482734432,326.4,115.66,43199.77,-15.36
FMM,2017-03-23,2017,82,-9.13,-21.48,0,0.099041847592356,217.3545,43.1192819955299,483.01,109.81,43409.69,-15.305
FMM,2017-03-24,2017,83,-4.83,-15.1,2.39,0.119578537290095,142.9515,28.4961571311074,317.67,189.14,43619.57,-9.965
FMM,2017-03-25,2017,84,-3.3,-19.67,0,0.17582762544319,251.5185,50.379245593623,558.93,128.54,43829.4,-11.485
FMM,2017-03-26,2017,85,1.36,-23.29,0,0.290573818617367,280.8855,56.5307111096753,624.19,93.55,44039.15,-10.965
FMM,2017-03-27,2017,86,-3.89,-7.4,12.25,0.054426925949187,54.5895,11.0389183107115,121.31,350.53,44248.77,-5.645
FMM,2017-03-28,2017,87,1.25,-4.48,6.62,0.115412421363344,85.671,17.4061371023775,190.38,438.28,44458.25,-1.615
FMM,2017-03-29,2017,88,-1.79,-6.46,1.22,0.080065753154262,98.5635,20.1198365944222,219.03,376.74,44667.55,-4.125
FMM,2017-03-30,2017,89,-0.45,-15.68,0,0.205963581373785,254.4795,52.1902450335816,565.51,180.27,44876.64,-8.065
FMM,2017-03-31,2017,90,2.33,-18.38,0,0.289845761120467,283.392,58.39029597312,629.76,143.51,45085.5,-8.025
FMM,2017-04-01,2017,91,0.96,-8.99,0,0.172907626929815,193.1085,39.972299168956,429.13,309.72,45294.09,-4.015
FMM,2017-04-02,2017,92,2.86,-13.08,0,0.263794526513138,258.831,53.8228391862546,575.18,223.27,45502.38,-5.11
FMM,2017-04-03,2017,93,4.44,-15,0,0.3241230117114,278.8335,58.2472608412514,619.63,190.78,45710.33,-5.28
FMM,2017-04-04,2017,94,0.18,-11.2,14.67,0.179983928184262,158.4675,33.253595803332,352.15,259.87,45917.92,-5.51
FMM,2017-04-05,2017,95,0.02,-4.56,10.24,0.0886090170414267,75.2895,15.8704056649067,167.31,435.38,46125.11,-2.27
FMM,2017-04-06,2017,96,1.06,-3.43,22.32,0.0929710775148178,75.249,15.9329743062084,167.22,474.15,46331.88,-1.185
FMM,2017-04-07,2017,97,2.99,-1.34,8.16,0.101709625682318,72.873,15.4985886052137,161.94,553.76,46538.17,0.825
FMM,2017-04-08,2017,98,0.65,-2.48,4,0.0657898775485414,57.015,12.179538438858,126.7,509.1,46743.96,-0.915
FMM,2017-04-09,2017,99,8.94,-4.86,7.34,0.358331624286984,193.122,41.4358576003188,429.16,425.74,46949.22,2.04
FMM,2017-04-10,2017,100,15.35,1.57,3.14,0.528379922978969,188.487,40.617689972301,418.86,684.02,47153.9,8.46
FMM,2017-04-11,2017,101,7.29,0,3.56,0.205231378984787,121.5225,26.3006192156153,270.05,610.6,47357.97,3.645
FMM,2017-04-12,2017,102,5.4,-0.15,1.72,0.145999803179296,130.1085,28.2797989304661,289.13,604.23,47561.38,2.625
FMM,2017-04-13,2017,103,3.86,-1.77,0,0.134450174690177,134.766,29.416983521742,299.48,536.35,47764.1,1.045
FMM,2017-04-14,2017,104,7.63,-5.71,0,0.323283015885507,261.7335,57.3733000597585,581.63,398.96,47966.09,0.96
FMM,2017-04-15,2017,105,11.31,-5.25,0,0.462397277813522,285.4485,62.834238795605,634.33,413.46,48167.31,3.03
FMM,2017-04-16,2017,106,7.73,-0.47,10.25,0.230981241610968,137.367,30.3636613934349,305.26,590.15,48367.71,3.63
FMM,2017-04-17,2017,107,0.19,-2.69,7.79,0.0594788344177323,58.0635,12.8873266046118,129.03,501.01,48567.24,-1.25
FMM,2017-04-18,2017,108,0.14,-7.43,1.06,0.134245670078814,193.5495,43.1344465829321,430.11,349.56,48765.87,-3.645
FMM,2017-04-19,2017,109,3.6,-6.38,6.7,0.205738171652328,182.565,40.851361068057,405.7,379.29,48963.54,-1.39
FMM,2017-04-20,2017,110,3.89,-1.84,1.1,0.136739719388582,159.6465,35.8665274785461,354.77,533.53,49160.21,1.025
FMM,2017-04-21,2017,111,-0.51,-1.82,14.97,0.0274193721617616,37.7865,8.52297720124815,83.97,534.37,49355.83,-1.165
FMM,2017-04-22,2017,112,3.08,-1.38,6.54,0.104995218138034,100.2465,22.7003286670267,222.77,552.08,49550.35,0.85
FMM,2017-04-23,2017,113,6.65,-5.87,3.1,0.291699004623975,216.396,49.1930332020612,480.88,394.24,49743.71,0.39
FMM,2017-04-24,2017,114,1.02,-10.21,0,0.188629293035943,281.394,64.2160597067046,625.32,281.22,49935.87,-4.595
FMM,2017-04-25,2017,115,10.34,-10.55,7.59,0.490629585004941,247.3965,56.6734266661739,549.77,273.75,50126.77,-0.105
FMM,2017-04-26,2017,116,11.52,1.96,5.5,0.326459868176792,186.5115,42.8875125389487,414.47,703.48,50316.34,6.74
FMM,2017-04-27,2017,117,11.4,2.83,0,0.29853591569364,231.12,53.343824431536,513.6,748.49,50504.54,7.115
FMM,2017-04-28,2017,118,14.56,0.21,0.83,0.517074117916348,301.446,69.8327653385682,669.88,620.28,50691.31,7.385
FMM,2017-04-29,2017,119,9.94,-3.08,3.07,0.367388108300257,220.905,51.3617415307515,490.9,486.79,50876.59,3.43
FMM,2017-04-30,2017,120,7.26,-4.31,1.16,0.287682230269229,286.1235,66.7656514840185,635.83,443.85,51060.3,1.475
FMM,2017-05-01,2017,121,1.28,-0.25,35.86,0.0353859629336762,43.8885,10.277710970868,97.53,599.61,51242.4,0.515
FMM,2017-05-02,2017,122,8.76,0.45,4.3,0.248732834291185,180.027,42.3067567937598,400.06,630.83,51422.82,4.605
FMM,2017-05-03,2017,123,5.21,0.41,2.89,0.127805813319244,120.2715,28.3622764263174,267.27,629.06,51601.48,2.81
FMM,2017-05-04,2017,124,9.93,-4.55,0,0.39239548680276,322.5285,76.3189410808409,716.73,435.99,51778.33,2.69
FMM,2017-05-05,2017,125,4.85,-0.84,13.37,0.144016306182279,139.401,33.097502817981,309.78,574.59,51953.3,2.005
FMM,2017-05-06,2017,126,11.23,2.53,13.9,0.298855263655006,188.1855,44.8290297970078,418.19,732.76,52126.31,6.88
FMM,2017-05-07,2017,127,8.4,2.25,18.04,0.191209949391207,145.5075,34.7760910157648,323.35,718.27,52297.29,5.325
FMM,2017-05-08,2017,128,5.21,-0.67,6.3,0.151686374877334,141.111,33.8342469257286,313.58,581.45,52466.18,2.27
FMM,2017-05-09,2017,129,3.7,-1.71,3.5,0.128616073393297,135.045,32.4826854393285,300.1,538.87,52632.89,0.995
FMM,2017-05-10,2017,130,4.04,-0.88,3.57,0.121237109224445,127.215,30.694935816468,282.7,572.78,52797.36,1.58
FMM,2017-05-11,2017,131,5.75,1.5,1.48,0.118613892215385,149.184,36.1062517370688,331.52,680.8,52959.51,3.625
FMM,2017-05-12,2017,132,13.65,-1.09,0,0.497848673977048,326.646,79.294940747235,725.88,564.15,53119.25,6.28
FMM,2017-05-13,2017,133,15.76,-1.78,0,0.625766682257414,335.871,81.7757538835644,746.38,535.96,53276.52,6.99
FMM,2017-05-14,2017,134,8.12,1.64,3.26,0.196467529453843,156.0015,38.0925587626817,346.67,687.36,53431.23,4.88
FMM,2017-05-15,2017,135,15.2,-0.87,0,0.57580073555518,332.838,81.503931912678,739.64,572.93,53583.3,7.165
FMM,2017-05-16,2017,136,15.87,-1.37,0,0.623914340676144,336.132,82.5399877730184,746.96,552.32,53732.66,7.25
FMM,2017-05-17,2017,137,17.81,-1.73,5.76,0.74900896349941,254.1375,62.5757889605513,564.75,537.83,53879.23,8.04
FMM,2017-05-18,2017,138,25.25,8.13,20.28,1.06343593346686,237.9285,58.740906034643,528.73,1081.57,54022.91,16.69
FMM,2017-05-19,2017,139,13.55,-0.54,2.42,0.481483483133571,234.684,58.0908223822032,521.52,587.02,54163.64,6.505
FMM,2017-05-20,2017,140,10.9,-2.98,0,0.405887221638798,312.48,77.544109484352,694.4,490.47,54301.32,3.96
FMM,2017-05-21,2017,141,14.64,-3.76,0,0.600445290828361,335.4615,83.4534187508934,745.47,462.61,54435.88,5.44
FMM,2017-05-22,2017,142,8.29,3.47,7.66,0.154515503842933,102.3975,25.5350940580373,227.55,783.29,54567.23,5.88
FMM,2017-05-23,2017,143,12.75,3,2.38,0.35658876168502,186.273,46.560337309233,413.94,757.49,54695.3,7.875
FMM,2017-05-24,2017,144,15.48,-1.6,0,0.606175608967651,328.0455,82.1843861967,728.99,543.25,54820,6.94
FMM,2017-05-25,2017,145,16.48,0.53,1.57,0.618463886397373,320.652,80.5097744923536,712.56,634.44,54941.24,8.505
FMM,2017-05-26,2017,146,11.04,1.13,3.61,0.325453693096188,189.234,47.6149544714448,420.52,662.97,55058.96,6.085
FMM,2017-05-27,2017,147,18.63,-0.79,0,0.783204613009308,334.971,84.4598841213582,744.38,576.57,55173.06,8.92
FMM,2017-05-28,2017,148,18.29,3.42,0,0.658778538161839,305.262,77.1230717199432,678.36,780.12,55283.48,10.855
FMM,2017-05-29,2017,149,16.58,3.1,0,0.559840079880163,292.6305,74.0743919937162,650.29,763.01,55390.12,9.84
FMM,2017-05-30,2017,150,11.1,6.13,6.73,0.188004996892936,102.798,26.0698493368998,228.44,942.89,55492.93,8.615
FMM,2017-05-31,2017,151,14.86,3.59,8.76,0.448247266754005,196.6455,49.9586882792323,436.99,789.92,55591.81,9.225
FMM,2017-06-01,2017,152,11.39,2.96,3.29,0.294851693311786,160.74,40.90643632206,357.2,755.19,55686.7,7.175
FMM,2017-06-02,2017,153,8.99,1.48,1.28,0.233251568641761,195.2235,49.7631167497544,433.83,679.41,55777.53,5.235
FMM,2017-06-03,2017,154,13.94,1.72,3.13,0.448867890029848,206.613,52.7481925769502,459.14,691.55,55864.22,7.83
FMM,2017-06-04,2017,155,14.31,3.64,0,0.417577911797087,249.975,63.9127242633825,555.5,792.57,55946.71,8.975
FMM,2017-06-05,2017,156,13.96,6.02,0,0.327169279529751,198.0765,50.7143138075487,440.17,936.25,56024.94,9.99
FMM,2017-06-06,2017,157,16.43,1.34,0,0.596005363179289,299.115,76.6846070170065,664.7,672.98,56098.83,8.885
FMM,2017-06-07,2017,158,23.33,0.02,0,1.12451547416109,332.271,85.2904149856398,738.38,611.55,56168.34,11.675
FMM,2017-06-08,2017,159,25.06,4,0,1.1815885008648,318.4965,81.849344749767,707.77,811.3,56233.4,14.53
FMM,2017-06-09,2017,160,21.81,5.64,0,0.848142907191113,286.7805,73.7781256807146,637.29,911.51,56293.96,13.725
FMM,2017-06-10,2017,161,18.43,0.72,0,0.736279178772761,299.916,77.2341909496776,666.48,643.55,56349.98,9.575
FMM,2017-06-11,2017,162,27.78,9.53,0,1.26735146632289,288.126,74.2657305107898,640.28,1189.34,56401.39,18.655
FMM,2017-06-12,2017,163,22.81,9.41,16.53,0.795078001023516,185.391,47.8249623956592,411.98,1180.02,56448.16,16.11
FMM,2017-06-13,2017,164,19.37,4.96,0,0.687212691546986,261.954,67.626160554645,582.12,869.34,56490.25,12.165
FMM,2017-06-14,2017,165,12.3,-0.33,0,0.416175123113627,247.959,64.0555518230406,551.02,596.05,56527.62,5.985
FMM,2017-06-15,2017,166,16.66,-1.94,0,0.681465177457645,302.931,78.3016947899208,673.18,529.87,56560.24,7.36
FMM,2017-06-16,2017,167,11.19,6.85,18.78,0.167744436896478,74.2365,19.1981209668125,164.97,991.03,56588.09,9.02
FMM,2017-06-17,2017,168,17.74,11.09,1.1,0.352558322195495,144.45,37.37106661788,321,1319.77,56611.12,14.415
FMM,2017-06-18,2017,169,23.76,14.69,20.15,0.630861619006342,137.691,35.6338915745058,305.98,1671.01,56629.34,19.225
FMM,2017-06-19,2017,170,21.49,15.23,9.33,0.412977126530855,100.4715,26.0077696325861,223.27,1729.49,56642.71,18.36
FMM,2017-06-20,2017,171,16.67,10.99,24.09,0.290882516738517,97.7265,25.3010117786792,217.17,1310.79,56651.23,13.83
FMM,2017-06-21,2017,172,15.95,6.16,9.72,0.431678322692257,157.59,40.802068404144,350.2,945,56654.88,11.055
FMM,2017-06-22,2017,173,18.43,6.56,0,0.571763643845939,238.3155,61.7016268475028,529.59,971.72,56653.68,12.495
FMM,2017-06-23,2017,174,17.04,7.46,6.85,0.451978961955768,154.2825,39.9405884465003,342.85,1033.68,56647.61,12.25
FMM,2017-06-24,2017,175,19.46,6.46,3.83,0.645522780717679,189.5715,49.066729411991,421.27,964.88,56636.69,12.96
FMM,2017-06-25,2017,176,18.67,5.18,0,0.632172469642121,258.003,66.7602264172761,573.34,883.15,56620.91,11.925
FMM,2017-06-26,2017,177,15.22,0.58,3.66,0.544881414217673,205.623,53.1871477321041,456.94,636.79,56600.31,7.9
FMM,2017-06-27,2017,178,16.4,-0.13,6.41,0.628294097894803,215.568,55.7345130059664,479.04,605.05,56574.89,8.135
FMM,2017-06-28,2017,179,15.4,5.91,7.28,0.408645560086713,154.2465,39.8587057060784,342.77,928.67,56544.67,10.655
FMM,2017-06-29,2017,180,18.6,6.94,2.1,0.570037183849052,173.862,44.8997368931046,386.36,997.6,56509.69,12.77
FMM,2017-06-30,2017,181,19.67,7.96,3.17,0.60762985924589,172.35,44.47798681221,383,1069.68,56469.98,13.815
FMM,2017-07-01,2017,182,18.74,14.35,8.49,0.260335697215256,72.7515,18.7600516665138,161.67,1634.48,56425.56,16.545
FMM,2017-07-02,2017,183,19.26,11.36,7,0.442014779129672,125.3655,32.2992375369242,278.59,1343.39,56376.49,15.31
FMM,2017-07-03,2017,184,15.63,9.76,2.55,0.281510010607537,98.4735,25.3466013330671,218.83,1207.83,56322.79,12.695
FMM,2017-07-04,2017,185,19.76,5.12,2.78,0.709841349607507,194.9625,50.1304757560988,433.25,879.09,56264.51,12.44
FMM,2017-07-05,2017,186,21.88,3.02,0,0.930023495650654,284.184,72.9903472559136,631.52,758.87,56201.72,12.45
FMM,2017-07-06,2017,187,22.56,7.15,0,0.858734829461061,258.435,66.297465286398,574.3,1011.77,56134.44,14.855
FMM,2017-07-07,2017,188,21.38,13.29,10.25,0.505947012618877,124.4655,31.8889034202712,276.59,1526.05,56062.75,17.335
FMM,2017-07-08,2017,189,18.92,8.97,12.72,0.517510504160328,153.063,39.162579637797,340.14,1145.48,55986.7,13.945
FMM,2017-07-09,2017,190,18.29,4.84,5.57,0.617559155432478,187.326,47.8603066056552,416.28,862.18,55906.36,11.565
FMM,2017-07-10,2017,191,19.98,4.98,1.54,0.729759781809944,261.9765,66.8316431128108,582.17,870.69,55821.77,12.48
FMM,2017-07-11,2017,192,21.04,9.41,8.42,0.653968347744333,169.8345,43.2568304043183,377.41,1179.26,55733.02,15.225
FMM,2017-07-12,2017,193,17.52,5.73,0,0.54008082554853,233.1855,59.293377537215,518.19,917.55,55640.17,11.625
FMM,2017-07-13,2017,194,20.02,4.33,0,0.752191326781605,265.203,67.3172294200659,589.34,831.84,55543.29,12.175
FMM,2017-07-14,2017,195,22.12,2.3,0,0.968482795595011,281.466,71.3156152298652,625.48,720.83,55442.46,12.21
FMM,2017-07-15,2017,196,22.98,8.69,3.74,0.838188023742844,184.752,46.7225747019936,410.56,1123.34,55337.74,15.835
FMM,2017-07-16,2017,197,19.75,9.51,0,0.554127595538486,201.7845,50.9299104819213,448.41,1187.86,55229.22,14.63
FMM,2017-07-17,2017,198,23.47,10.32,0,0.814813008799846,228.924,57.6624089262528,508.72,1253.73,55116.96,16.895
FMM,2017-07-18,2017,199,23.37,10.61,0,0.793291043219949,222.1785,55.8456422520897,493.73,1278.8,55001.06,16.99
FMM,2017-07-19,2017,200,21.34,11.57,0,0.58535570383867,184.0455,46.1602432026166,408.99,1362.21,54881.59,16.455
FMM,2017-07-20,2017,201,23.23,11.24,2.82,0.75454375929966,155.3985,38.8879918640199,345.33,1332.76,54758.62,17.235
FMM,2017-07-21,2017,202,21.95,9.62,5.5,0.716348668497915,158.1975,39.497064908418,351.55,1196.51,54632.24,15.785
FMM,2017-07-22,2017,203,15.23,1.93,0,0.512798779373068,228.465,56.905287201027,507.7,701.84,54502.54,8.58
FMM,2017-07-23,2017,204,18.49,0.12,0,0.753918045711274,259.6005,64.5026715982503,576.89,616.24,54369.58,9.305
FMM,2017-07-24,2017,205,15.32,1.46,0,0.529501815706584,207.027,51.3110026920294,460.06,678.54,54233.46,8.39
FMM,2017-07-25,2017,206,21.72,6.04,0,0.827991360537709,213.984,52.8991490225088,475.52,937.29,54094.26,13.88
FMM,2017-07-26,2017,207,21.93,3.63,0,0.917358634588439,228.051,56.2284630442242,506.78,792.22,53952.06,12.78
FMM,2017-07-27,2017,208,17.36,10.05,4.44,0.372359400343473,93.3075,22.9441011170085,207.35,1231.86,53806.94,13.705
FMM,2017-07-28,2017,209,14.48,1.32,0,0.487281069556176,200.106,49.0703012030916,444.68,671.64,53658.98,7.9
FMM,2017-07-29,2017,210,16.93,-0.15,0,0.66052765646306,225.09,55.041886578951,500.2,604.24,53508.27,8.39
FMM,2017-07-30,2017,211,21.8,1.38,0,0.966003380927067,234.3285,57.1367296124132,520.73,674.7,53354.87,11.59
FMM,2017-07-31,2017,212,23.09,6.98,0,0.909388396520744,207.9315,50.55208323188,462.07,999.82,53198.89,15.035
FMM,2017-08-01,2017,213,22.66,4.01,0,0.966669399238998,221.283,53.6377902424578,491.74,813.29,53040.38,13.335
FMM,2017-08-02,2017,214,24.9,8.41,7.69,1.02003824459495,151.74,36.669342850992,337.2,1102.21,52879.44,16.655
FMM,2017-08-03,2017,215,23.74,12.11,0,0.759182435046088,160.7625,38.7297302005013,357.25,1411.88,52716.13,17.925
FMM,2017-08-04,2017,216,25.09,12.25,22.83,0.87588712848963,129.312,31.0550485081536,287.36,1425.13,52550.54,18.67
FMM,2017-08-05,2017,217,16.68,12.16,33.15,0.238615077511493,54.684,13.0907547365112,121.52,1416.29,52382.74,14.42
FMM,2017-08-06,2017,218,12.91,6.5,7.7,0.259122476683986,77.9625,18.6028302822862,173.25,967.44,52212.81,9.705
FMM,2017-08-07,2017,219,12.35,1.27,0,0.381636609567417,168.228,40.0090767279876,373.84,669.48,52040.81,6.81
FMM,2017-08-08,2017,220,16.53,-0.08,0,0.635102577836802,212.805,50.441460139557,472.9,607.07,51866.82,8.225
FMM,2017-08-09,2017,221,18.28,2.78,2.7,0.675091727731373,151.7085,35.837713418189,337.13,745.89,51690.91,10.53
FMM,2017-08-10,2017,222,18.93,1.09,0,0.761360320980798,215.6085,50.7575054714202,479.13,660.76,51513.16,10.01
FMM,2017-08-11,2017,223,22.26,7.06,0,0.837281384185936,193.6125,45.4204465471913,430.25,1005.45,51333.61,14.66
FMM,2017-08-12,2017,224,18.57,12.39,15.94,0.347083304338066,70.56,16.494549083712,156.8,1438.49,51152.36,15.48
FMM,2017-08-13,2017,225,19.53,8.84,5.15,0.56474576361855,116.892,27.227698738758,259.76,1135.49,50969.45,14.185
FMM,2017-08-14,2017,226,18.53,5.29,0,0.619460494238148,183.744,42.644634427296,408.32,889.88,50784.95,11.91
FMM,2017-08-15,2017,227,19.86,8.96,6.18,0.584071222634322,117.846,27.2503684768446,261.88,1144.22,50598.93,14.41
FMM,2017-08-16,2017,228,13.63,5.45,0,0.328946049248627,128.8125,29.67585992055,286.25,899.51,50411.44,9.54
FMM,2017-08-17,2017,229,17.82,4.44,0,0.598717856113445,184.734,42.399603361269,410.52,838.63,50222.55,11.13
FMM,2017-08-18,2017,230,13.94,5.13,7.68,0.354220715272437,101.898,23.2987389224166,226.44,880.19,50032.31,9.535
FMM,2017-08-19,2017,231,17.79,12.99,6.87,0.267427126896233,56.9745,12.9772191906373,126.61,1495.93,49840.79,15.39
FMM,2017-08-20,2017,232,18.69,11.94,4.01,0.376160926786157,78.912,17.9044618191552,175.36,1396.51,49648.03,15.315
FMM,2017-08-21,2017,233,20.67,10.95,0,0.561225232983063,144.882,32.7440775048192,321.96,1307.86,49454.08,15.81
FMM,2017-08-22,2017,234,19.51,8.78,30.2,0.566145365475512,119.304,26.8569619657128,265.12,1130.39,49259.01,14.145
FMM,2017-08-23,2017,235,16,9.91,2.25,0.296401283742667,75.2895,16.8812096054531,167.31,1220.24,49062.87,12.955
FMM,2017-08-24,2017,236,11.9,7.04,0,0.192955538687778,85.212,19.0292203155996,189.36,1004.19,48865.69,9.47
FMM,2017-08-25,2017,237,11.55,3.93,0,0.274794469830889,131.985,29.354870669733,293.3,809.13,48667.54,7.74
FMM,2017-08-26,2017,238,15.23,0.18,0,0.554285960293722,203.0805,44.9825058460071,451.29,618.86,48468.46,7.705
FMM,2017-08-27,2017,239,18.91,-0.41,0,0.793875272775152,217.5075,47.9793267502448,483.35,592.91,48268.49,9.25
FMM,2017-08-28,2017,240,20.33,0.6,0,0.87214220507566,216.3015,47.5147985748264,480.67,637.65,48067.68,10.465
FMM,2017-08-29,2017,241,19.71,1.57,0,0.803763589906662,210.42,46.028951129952,467.6,684.23,47866.08,10.64
FMM,2017-08-30,2017,242,19.12,3.03,0,0.725113529174445,200.556,43.6857497794224,445.68,759.05,47663.72,11.075
FMM,2017-08-31,2017,243,12.08,4.18,6.06,0.291992779116522,97.7625,21.2042141060063,217.25,823.26,47460.65,8.13
FMM,2017-09-01,2017,244,7.11,2.7,0,0.133125931757785,80.136,17.306493748488,178.08,741.73,47256.9,4.905
FMM,2017-09-02,2017,245,16.47,0.43,0,0.61990455209067,202.545,43.5532639280445,450.1,630.12,47052.53,8.45
FMM,2017-09-03,2017,246,15.35,-0.09,13.56,0.566895606536082,148.2345,31.7360205719874,329.41,606.93,46847.56,7.63
FMM,2017-09-04,2017,247,14.2,7.75,8.68,0.280366453759309,79.281,16.8990683865651,176.18,1054.44,46642.03,10.975
FMM,2017-09-05,2017,248,16.24,8.03,8.76,0.383828484656016,96.21,20.416962152403,213.8,1074.24,46435.99,12.135
FMM,2017-09-06,2017,249,13.22,7.21,2.83,0.249638595316377,74.358,15.7095129531276,165.24,1016.25,46229.46,10.215
FMM,2017-09-07,2017,250,12.37,8.6,13.13,0.158490045407688,49.545,10.420439836212,110.1,1116.7,46022.48,10.485
FMM,2017-09-08,2017,251,13.8,6.88,7.04,0.290426732719269,87.6015,18.3415566689334,194.67,993.29,45815.08,10.34
FMM,2017-09-09,2017,252,13.79,2.09,2.01,0.431864058805786,129.951,27.0850900260717,288.78,710.11,45607.31,7.94
FMM,2017-09-10,2017,253,16.16,1.25,0,0.582290275477335,192.1185,39.8596421981331,426.93,668.63,45399.18,8.705
FMM,2017-09-11,2017,254,20.69,3.51,0,0.824585563908702,194.904,40.2519018695472,433.12,785.51,45190.74,12.1
FMM,2017-09-12,2017,255,18.64,5.54,0,0.619346318243464,174.2085,35.8116635564469,387.13,905.13,44982.02,12.09
FMM,2017-09-13,2017,256,21.31,6.43,0,0.782945108371835,180.747,36.9831484602216,401.66,962.96,44773.04,13.87
FMM,2017-09-14,2017,257,22.66,4.84,0,0.941806799557944,189.738,38.6414242038144,421.64,862.46,44563.84,13.75
FMM,2017-09-15,2017,258,20.24,3.36,0,0.79538028517934,185.967,37.6954804943955,413.26,777.25,44354.45,11.8
FMM,2017-09-16,2017,259,21.42,8.93,0,0.701541585408778,158.2245,31.9205503854689,351.61,1142.28,44144.89,15.175
FMM,2017-09-17,2017,260,22.79,12.04,0,0.680181214460691,139.9545,28.100605294188,311.01,1405.89,43935.2,17.415
FMM,2017-09-18,2017,261,20.84,8.86,0,0.660157748844416,150.2415,30.0220331884101,333.87,1136.44,43725.42,14.85
FMM,2017-09-19,2017,262,20.14,8.78,0,0.61073270845698,143.2935,28.4962142701373,318.43,1130.88,43515.55,14.46
FMM,2017-09-20,2017,263,20.38,3.71,0,0.795902438979765,174.888,34.611528023604,388.64,796.71,43305.65,12.045
FMM,2017-09-21,2017,264,20.97,1.91,0,0.888161306866121,180.8325,35.6145062801783,401.85,700.97,43095.73,11.44
FMM,2017-09-22,2017,265,24.83,4.59,0,1.14117138101091,178.092,34.9039300513608,395.76,847.24,42885.82,14.71
FMM,2017-09-23,2017,266,23.48,10.36,0,0.814066675618224,141.1515,27.5286552594858,313.67,1257.02,42675.96,16.92
FMM,2017-09-24,2017,267,25.58,12.76,0,0.898995870018827,134.2845,26.0606462125181,298.41,1473.23,42466.17,19.17
FMM,2017-09-25,2017,268,27.45,12.95,0,1.08042043449475,142.6095,27.5396219644392,316.91,1491.73,42256.48,20.2
FMM,2017-09-26,2017,269,24.44,14.79,0,0.686962591552626,107.7165,20.6982069785267,239.37,1681.45,42046.93,19.615
FMM,2017-09-27,2017,270,20.32,11.85,13.67,0.494888301084661,75.3615,14.4089347521447,167.47,1388.3,41837.54,16.085
FMM,2017-09-28,2017,271,10.27,2.83,0,0.249654652936046,97.065,18.4657881011265,215.7,748.69,41628.33,6.55
FMM,2017-09-29,2017,272,7.37,-2.85,0,0.265713415088535,127.998,24.228284403141,284.44,495.27,41419.35,2.26
FMM,2017-09-30,2017,273,8.89,-4.22,0,0.345985696950191,147.717,27.8199235869147,328.26,446.69,41210.63,2.335
FMM,2017-10-01,2017,274,14.16,-0.57,0,0.513394466953187,151.173,28.3267979947359,335.94,585.76,41002.19,6.795
FMM,2017-10-02,2017,275,13.07,-2.71,0,0.500996047057071,155.565,29.001804703623,345.7,500.34,40794.06,5.18
FMM,2017-10-03,2017,276,16.23,-2.99,0,0.675910142708051,164.196,30.4549590771216,364.88,490.07,40586.28,6.62
FMM,2017-10-04,2017,277,14.41,7.29,22.59,0.308036290077957,62.1135,11.4618961823616,138.03,1021.55,40378.88,10.85
FMM,2017-10-05,2017,278,11.55,3.89,0,0.276209951581735,89.6175,16.4524809845025,199.15,806.58,40171.9,7.72
FMM,2017-10-06,2017,279,9.89,-1.39,0,0.33271296472675,121.644,22.2172719300396,270.32,551.82,39965.37,4.25
FMM,2017-10-07,2017,280,14.91,-2.21,5.57,0.58663919988836,110.835,20.138729741154,246.3,519.29,39759.32,6.35
FMM,2017-10-08,2017,281,16.07,10.72,18.95,0.266887281829036,43.1685,7.80317347112055,95.93,1287.66,39553.79,13.395
FMM,2017-10-09,2017,282,14.37,6.52,8.69,0.332194289106225,62.64,11.264182087536,139.2,969.03,39348.82,10.445
FMM,2017-10-10,2017,283,17.36,2.29,0,0.629131205118043,134.505,24.061611663054,298.9,720.12,39144.44,9.825
FMM,2017-10-11,2017,284,6.4,-3.57,0,0.24579946750365,105.8985,18.8455862160401,235.33,469.22,38940.69,1.415
FMM,2017-10-12,2017,285,10.6,-4.84,0,0.425116123128553,137.331,24.3118274654187,305.18,426.46,38737.61,2.88
FMM,2017-10-13,2017,286,11.93,-3.81,0,0.466654809805707,136.3725,24.0160280994563,303.05,460.87,38535.25,4.06
FMM,2017-10-14,2017,287,13.32,2.08,3.61,0.408681251723631,81.7875,14.327921497455,181.75,709.34,38333.64,7.7
FMM,2017-10-15,2017,288,15.13,1.57,40.97,0.51633107202079,91.314,15.9130198604934,202.92,683.86,38132.83,8.35
FMM,2017-10-16,2017,289,1.99,-3.81,0,0.122307707072643,64.431,11.1693151646595,143.18,460.88,37932.85,-0.91
FMM,2017-10-17,2017,290,4.04,-5.45,0,0.204183902094379,98.2215,16.9376379408288,218.27,407.2,37733.76,-0.705
FMM,2017-10-18,2017,291,9.6,-1.04,0,0.313765418931082,104.202,17.874570581784,231.56,566.22,37535.6,4.28
FMM,2017-10-19,2017,292,13.77,4.39,0,0.367955886766236,91.8315,15.6698130411711,204.07,835.61,37338.42,9.08
FMM,2017-10-20,2017,293,6.38,-0.89,0,0.193642213636974,76.887,13.0508127506493,170.86,572.14,37142.27,2.745
FMM,2017-10-21,2017,294,14.32,-1.92,0,0.549283285196663,128.727,21.7353812369841,286.06,530.66,36947.19,6.2
FMM,2017-10-22,2017,295,15.36,-0.58,0,0.57851074284654,126.117,21.1829022466956,280.26,585.25,36753.24,7.39
FMM,2017-10-23,2017,296,17.98,2.54,0,0.662133963826691,121.077,20.2297083596883,269.06,732.99,36560.47,10.26
FMM,2017-10-24,2017,297,16.04,8.87,25.37,0.340575506454505,52.191,8.6744602582578,115.98,1137.24,36368.94,12.455
FMM,2017-10-25,2017,298,13.01,6.45,12.5,0.265885236067156,49.3875,8.16556198935375,109.75,963.89,36178.69,9.73
FMM,2017-10-26,2017,299,7.41,4.92,23.74,0.0806914280057619,21.3435,3.51043673869305,47.43,867.23,35989.79,6.165
FMM,2017-10-27,2017,300,5.26,-0.95,18.7,0.15902860909406,48.654,7.960597726194,108.12,569.76,35802.3,2.155
FMM,2017-10-28,2017,301,12.13,-1.43,0,0.431033192061945,111.4515,18.1405542916858,247.67,550.23,35616.27,5.35
FMM,2017-10-29,2017,302,9.51,5.05,23.33,0.155372350846974,33.957,5.4984241736424,75.46,875.13,35431.76,7.28
FMM,2017-10-30,2017,303,12.83,0.48,36.86,0.423133604362487,77.1345,12.4253805358386,171.41,632.37,35248.84,6.655
FMM,2017-10-31,2017,304,2.25,-5.6,9.33,0.158088058372616,58.14,9.317446335486,129.2,402.56,35067.57,-1.675
FMM,2017-11-01,2017,305,-0.1,-6.51,4.31,0.115811640743096,55.2105,8.8026655789197,122.69,375.51,34888.02,-3.305
FMM,2017-11-02,2017,306,8.81,-1.46,39,0.291541956694106,77.904,12.35758763412,173.12,548.95,34710.25,3.675
FMM,2017-11-03,2017,307,10.15,-1.69,18.45,0.349473099873319,82.5255,13.0243302263966,183.39,539.72,34534.33,4.23
FMM,2017-11-04,2017,308,-1.36,-6.89,0,0.0946156780819872,63.3645,9.9499159496448,140.81,364.67,34360.32,-4.125
FMM,2017-11-05,2017,309,6.29,-6.85,17.96,0.294110195865461,87.012,13.5948050598204,193.36,365.62,34188.31,-0.28
FMM,2017-11-06,2017,310,9.84,-5.6,21.84,0.405605732560513,90.549,14.0771052900441,201.22,402.45,34018.37,2.12
FMM,2017-11-07,2017,311,-2.5,-11.07,0,0.123609820844532,89.37,13.825272096495,198.6,262.46,33850.55,-6.785
FMM,2017-11-08,2017,312,-2.33,-11.97,0,0.135856954406387,95.652,14.724690066918,212.56,244.29,33684.95,-7.15
FMM,2017-11-09,2017,313,-0.42,-3.48,0,0.0605402558704844,35.1945,5.39158092214995,78.21,472.22,33521.63,-1.95
FMM,2017-11-10,2017,314,-2.1,-14.77,6.29,0.165316308247546,82.395,12.5617984892505,183.1,194.31,33360.67,-8.435
FMM,2017-11-11,2017,315,-6.29,-14.8,1.3,0.0947359273421557,87.8265,13.3262508252758,195.17,193.93,33202.15,-10.545
FMM,2017-11-12,2017,316,-4.51,-16.71,0,0.136623933575143,108.234,16.3455917395932,240.52,165.42,33046.14,-10.61
FMM,2017-11-13,2017,317,-3.02,-16.83,0,0.163368670588656,112.0905,16.8494188629371,249.09,163.66,32892.73,-9.925
FMM,2017-11-14,2017,318,-2.71,-7.9,0,0.0822695695803438,56.4435,8.44569396189,125.43,337.11,32742,-5.305
FMM,2017-11-15,2017,319,-0.74,-11.82,0,0.166373522026974,98.7525,14.7096461874285,219.45,247.16,32594.02,-6.28
FMM,2017-11-16,2017,320,-0.73,-5.95,4.68,0.0940318212773578,40.9365,6.0705301428684,90.97,391.92,32448.88,-3.34
FMM,2017-11-17,2017,321,-0.44,-16.27,0,0.210475386735917,110.9025,16.3738043781705,246.45,171.64,32306.66,-8.355
FMM,2017-11-18,2017,322,-2.7,-18.06,0,0.177297609190233,108.5175,15.952636877814,241.15,147.52,32167.44,-10.38
FMM,2017-11-19,2017,323,0.09,-10.75,9.73,0.173243843941491,68.076,9.965171899116,151.28,269.35,32031.3,-5.33
FMM,2017-11-20,2017,324,-10.71,-19.4,0,0.070241459246538,80.856,11.7868131630936,179.68,131.53,31898.33,-15.055
FMM,2017-11-21,2017,325,0.53,-18.3,0,0.245548327521525,109.827,15.944958647154,244.06,144.59,31768.6,-8.885
FMM,2017-11-22,2017,326,0.66,-11.61,4.6,0.195209520551294,71.0865,10.279452953871,157.97,251.37,31642.2,-5.475
FMM,2017-11-23,2017,327,-7.87,-13.32,1.67,0.0604053607733812,53.3115,7.67913718309155,118.47,218.89,31519.21,-10.595
FMM,2017-11-24,2017,328,-0.29,-9.6,7.05,0.151899897031386,59.5035,8.53855438301145,132.23,295.18,31399.71,-4.945
FMM,2017-11-25,2017,329,0.87,-3.86,6.68,0.096046632350515,32.9895,4.7164057096167,73.31,459.09,31283.78,-1.495
FMM,2017-11-26,2017,330,-3.94,-12.54,0,0.112368716416994,74.3715,10.5945028387601,165.27,233.2,31171.51,-8.24
FMM,2017-11-27,2017,331,-12.06,-21.48,0,0.067245742410682,79.8255,11.3318465526036,177.39,109.78,31062.96,-16.77
FMM,2017-11-28,2017,332,-0.26,-22.4,5.98,0.249603283110148,77.7555,11.0007754697097,172.79,101.19,30958.22,-11.33
FMM,2017-11-29,2017,333,-0.08,-16.27,4.77,0.218428043149233,72.7155,10.2542008870372,161.59,171.53,30857.35,-8.175
FMM,2017-11-30,2017,334,-3.32,-19.18,7.99,0.172734360424802,71.91,10.108766694915,159.8,134.05,30760.45,-11.25
FMM,2017-12-01,2017,335,-1.68,-7.01,2.98,0.0899142127306092,33.192,4.6518851843208,73.76,361.27,30667.57,-4.345
FMM,2017-12-02,2017,336,-4.84,-10.01,0,0.0711229190592024,43.848,6.127543846368,97.44,285.67,30578.8,-7.425
FMM,2017-12-03,2017,337,-4.34,-12.26,0,0.102881695521833,63.936,8.9100217505088,142.08,238.6,30494.19,-8.3
FMM,2017-12-04,2017,338,-3.09,-13.82,0,0.138796114907933,78.156,10.8629893260252,173.68,210.2,30413.81,-8.455
FMM,2017-12-05,2017,339,0.83,-6.06,21.48,0.130504092730219,41.913,5.8109619181293,93.14,388.49,30337.73,-2.615
FMM,2017-12-06,2017,340,1.38,-10.66,6.18,0.202224413049873,62.712,8.6740520273784,139.36,271.3,30266.01,-4.64
FMM,2017-12-07,2017,341,-6.69,-9.15,2.7,0.0331158158821385,17.271,2.3835379762737,38.38,305.66,30198.71,-7.92
FMM,2017-12-08,2017,342,-6.91,-10.17,1.75,0.0417133029164364,29.5965,4.0760587359594,65.77,282.14,30135.88,-8.54
FMM,2017-12-09,2017,343,-6.51,-11.09,0,0.0575305106602443,40.113,5.5137139870878,89.14,262.05,30077.58,-8.8
FMM,2017-12-10,2017,344,-7.39,-17.72,1.26,0.100344625407303,78.444,10.763222364558,174.32,151.8,30023.85,-12.555
FMM,2017-12-11,2017,345,-14.6,-26.96,0.78,0.0659077555414892,86.256,11.8157403626208,191.68,67,29974.74,-20.78
FMM,2017-12-12,2017,346,-9.24,-23.61,19.54,0.107218774990113,68.1435,9.3207681690885,151.43,90.85,29930.3,-16.425
FMM,2017-12-13,2017,347,-7.34,-21.67,6.47,0.122870182513496,68.094,9.301627700469,151.32,107.98,29890.55,-14.505
FMM,2017-12-14,2017,348,-19.48,-23.18,2.66,0.0190033049721426,24.9255,3.4008306785739,55.39,94.4,29855.54,-21.33
FMM,2017-12-15,2017,349,-15.48,-24.14,0,0.0491584784940442,70.425,9.599041658925,156.5,86.68,29825.3,-19.81
FMM,2017-12-16,2017,350,-11.74,-27.02,0,0.091942470370937,93.1095,12.6801422853336,206.91,66.62,29799.84,-19.38
FMM,2017-12-17,2017,351,-16.81,-29.17,0,0.0555167817263708,86.0625,11.7123308010563,191.25,54.54,29779.21,-22.99
FMM,2017-12-18,2017,352,-11.05,-27.95,0,0.101735057754533,95.454,12.983532617052,212.12,61.13,29763.4,-19.5
FMM,2017-12-19,2017,353,-3.89,-11.53,5.81,0.103195096977124,45.972,6.250752915498,102.16,253.12,29752.45,-7.71
FMM,2017-12-20,2017,354,-5.89,-18.8,0,0.128387460792087,86.7825,11.7972841682587,192.85,138.49,29746.35,-12.345
FMM,2017-12-21,2017,355,-15.51,-26.02,0,0.0557203085373831,79.506,10.8076602505662,176.68,73.07,29745.11,-20.765
FMM,2017-12-22,2017,356,-12.14,-31.2,0,0.098769878032925,98.1495,13.3435954817991,218.11,44.94,29748.74,-21.67
FMM,2017-12-23,2017,357,-5.83,-19.45,13.67,0.133035244412348,65.9115,8.9633375375571,146.47,130.98,29757.22,-12.64
FMM,2017-12-24,2017,358,-8.4,-23.29,2.2,0.116179497155214,68.2425,9.284491704456,151.65,93.53,29770.56,-15.845
FMM,2017-12-25,2017,359,-15.03,-17.76,3.23,0.0203529855081782,18.432,2.5092318744576,40.96,151.36,29788.74,-16.395
FMM,2017-12-26,2017,360,-14.75,-28.25,0.86,0.0684323133596974,89.5275,12.1971995179313,198.95,59.46,29811.75,-21.5
FMM,2017-12-27,2017,361,-24.48,-30.15,0,0.0179380490390253,48.1095,6.5605380450174,106.91,49.66,29839.56,-27.315
FMM,2017-12-28,2017,362,-22.42,-29.48,0.95,0.0248281161359247,60.831,8.3043880978905,135.18,52.93,29872.15,-25.95
FMM,2017-12-29,2017,363,-17.95,-32.86,0,0.0560935582338929,95.994,13.1210713345842,213.32,38.24,29909.49,-25.405
FMM,2017-12-30,2017,364,-22.69,-33.83,0,0.0326367752547707,85.5315,11.7074305646302,190.07,34.78,29951.55,-28.26
FMM,2017-12-31,2017,365,-22,-28.81,0,0.025028596594634,60.291,8.2654249439223,133.98,56.38,29998.29,-25.405
FMM,2018-01-01,2018,1,-21.18,-28.09,0,0.0269912047240315,51.3855,7.05667250189385,114.19,60.32,30049.91,-24.635
FMM,2018-01-02,2018,2,-21.49,-31.15,0,0.0330335310542832,68.7195,9.45470428585965,152.71,45.13,30105.91,-26.32
FMM,2018-01-03,2018,3,-12.45,-32.39,2.28,0.0982318037548263,74.043,10.2076214538546,164.54,40.04,30166.46,-22.42
FMM,2018-01-04,2018,4,-11.16,-17.81,5.94,0.0559241948859226,37.611,5.1962605643277,83.58,150.67,30231.51,-14.485
FMM,2018-01-05,2018,5,-17.28,-28.23,1.37,0.0498283301522888,77.3505,10.7111581122028,171.89,59.57,30301.01,-22.755
FMM,2018-01-06,2018,6,-24.48,-28.92,0,0.0148824311692372,35.685,4.953552360705,79.3,55.8,30374.9,-26.7
FMM,2018-01-07,2018,7,-19.13,-29.57,3.97,0.0418816902092365,56.583,7.8746964367041,125.74,52.47,30453.11,-24.35
FMM,2018-01-08,2018,8,-10.35,-21.29,7.09,0.0841400256444511,58.9545,8.226964408014,131.01,111.58,30535.6,-15.82
FMM,2018-01-09,2018,9,-8.23,-17.7,3.62,0.0890478184944672,53.55,7.49399153958,119,152.16,30622.28,-12.965
FMM,2018-01-10,2018,10,-5.51,-20.93,2.54,0.14586128693541,72.999,10.246056932133,162.22,115.13,30713.1,-13.22
FMM,2018-01-11,2018,11,4.71,-6.75,18.8,0.243281150114784,61.938,8.7204039201468,137.64,368.41,30807.98,-1.02
FMM,2018-01-12,2018,12,8.74,-11.26,38.51,0.434398542758546,82.4535,11.6460872610907,183.23,258.57,30906.85,-1.26
FMM,2018-01-13,2018,13,-12.84,-27.8,18.44,0.0836607743493898,78.4395,11.1159831861698,174.31,61.99,31009.65,-20.32
FMM,2018-01-14,2018,14,-16.8,-34.43,0.55,0.0664107272807686,114.12,16.228028937636,253.6,32.77,31116.29,-25.615
FMM,2018-01-15,2018,15,-15.23,-34.61,0,0.0782200073654104,118.584,16.9226451378072,263.52,32.17,31226.69,-24.92
FMM,2018-01-16,2018,16,-13.25,-23.88,0,0.066585379967829,89.127,12.7654293978081,198.06,88.74,31340.79,-18.565
FMM,2018-01-17,2018,17,-10.12,-22.7,2.08,0.0931786595147137,74.718,10.74185904771,166.04,98.56,31458.5,-16.41
FMM,2018-01-18,2018,18,-8.44,-14.17,2.04,0.0604679068466544,40.032,5.7773946931776,88.96,204.14,31579.74,-11.305
FMM,2018-01-19,2018,19,-6.89,-12.13,2.46,0.062502299832117,37.143,5.3816212307493,82.54,241.18,31704.43,-9.51
FMM,2018-01-20,2018,20,-2.57,-15.44,7.32,0.161551307679997,78.048,11.3539885936128,173.44,183.88,31832.48,-9.005
FMM,2018-01-21,2018,21,-12.12,-23.09,0,0.0739406102015603,97.2135,14.2004331498119,216.03,95.2,31963.83,-17.605
FMM,2018-01-22,2018,22,-9.76,-22.56,7.31,0.0966148465164119,80.8875,11.8653547449825,179.75,99.83,32098.38,-16.16
FMM,2018-01-23,2018,23,-7.17,-14.37,23.02,0.0788411982378346,53.5995,7.8962137097229,119.11,200.84,32236.06,-10.77
FMM,2018-01-24,2018,24,-6.53,-20.97,0,0.130833184109646,120.9285,17.8928087618511,268.73,114.77,32376.78,-13.75
FMM,2018-01-25,2018,25,-17.87,-25.95,0,0.0390441088567001,82.6785,12.2875548341427,183.73,73.53,32520.46,-21.91
FMM,2018-01-26,2018,26,-10.87,-27.56,0,0.102542438440886,132.192,19.7347104536544,293.76,63.36,32667.01,-19.215
FMM,2018-01-27,2018,27,-0.55,-17.06,5.69,0.213713158267046,98.3835,14.7546532741802,218.63,160.53,32816.37,-8.805
FMM,2018-01-28,2018,28,-0.6,-19.39,3.22,0.227116259454407,104.319,15.7173025440852,231.82,131.59,32968.44,-9.995
FMM,2018-01-29,2018,29,-11.65,-25.33,0,0.087242029756235,126.4095,19.1349536158431,280.91,77.83,33123.14,-18.49
FMM,2018-01-30,2018,30,-13.28,-26.49,0,0.07567138490466,125.9145,19.150516110906,279.81,69.99,33280.4,-19.885
FMM,2018-01-31,2018,31,-11.76,-27.12,3.43,0.0920346399281407,101.106,15.4511644924188,224.68,66.02,33440.14,-19.44
FMM,2018-02-01,2018,32,-3.9,-16.07,4.07,0.142332249077825,89.325,13.71696313077,198.5,174.53,33602.28,-9.985
FMM,2018-02-02,2018,33,-12.85,-26.83,0,0.0806569335645395,134.883,20.8143355047894,299.74,67.83,33766.74,-19.84
FMM,2018-02-03,2018,34,-18.16,-30.68,4.95,0.0502833928652347,95.112,14.749575814548,211.36,47.25,33933.45,-24.42
FMM,2018-02-04,2018,35,-5.15,-19.74,17.17,0.145158143079213,103.6935,16.1603880982574,230.43,127.73,34102.33,-12.445
FMM,2018-02-05,2018,36,-5.79,-18.17,1.28,0.126066207725587,127.2285,19.927676123501,282.73,146.15,34273.31,-11.98
FMM,2018-02-06,2018,37,-11.94,-20.45,1.33,0.0632806327150123,97.8255,15.3996591406212,217.39,120.1,34446.32,-16.195
FMM,2018-02-07,2018,38,-14.91,-29.79,8.09,0.0711493219746548,108.378,17.1474858331488,240.84,51.43,34621.28,-22.35
FMM,2018-02-08,2018,39,-12.83,-23.21,0,0.0677078500808254,116.973,18.6019183884393,259.94,94.19,34798.13,-18.02
FMM,2018-02-09,2018,40,-12.97,-23.77,1.65,0.0687634169069101,123.2235,19.696528545322,273.83,89.54,34976.79,-18.37
FMM,2018-02-10,2018,41,-6.95,-17.89,4.36,0.107452459520559,93.33,14.99518214532,207.4,149.66,35157.2,-12.42
FMM,2018-02-11,2018,42,-1.95,-18.19,11.32,0.192381913298734,118.8045,19.1869981515045,264.01,145.91,35339.3,-10.07
FMM,2018-02-12,2018,43,-3.09,-18.27,2.42,0.171413724314373,116.919,18.9806486642883,259.82,144.94,35523.01,-10.68
FMM,2018-02-13,2018,44,-12.14,-25.48,0,0.0829472587902309,150.9255,24.6290553600498,335.39,76.75,35708.28,-18.81
FMM,2018-02-14,2018,45,-2.82,-13.33,0,0.139452813943425,131.373,21.5504766446805,291.94,218.77,35895.05,-8.075
FMM,2018-02-15,2018,46,-0.64,-5.65,5.72,0.0915324640224339,52.317,8.6270945825556,116.26,400.86,36083.24,-3.145
FMM,2018-02-16,2018,47,-2.05,-18.56,0,0.192766960486933,174.3255,28.8973780968987,387.39,141.31,36272.82,-10.305
FMM,2018-02-17,2018,48,-9.63,-25.85,0,0.110917657904177,174.6495,29.1034450487777,388.11,74.2,36463.71,-17.74
FMM,2018-02-18,2018,49,-4.83,-17.82,1.83,0.138881408181965,155.6145,26.0681177996829,345.81,150.54,36655.86,-11.325
FMM,2018-02-19,2018,50,-0.32,-16.85,1.14,0.217141030217597,176.9715,29.8021661391411,393.27,163.49,36849.22,-8.585
FMM,2018-02-20,2018,51,0.05,-4.38,9.94,0.0862594895048249,47.664,8.0690334027552,105.92,441.37,37043.74,-2.165
FMM,2018-02-21,2018,52,6.76,-8.91,14.78,0.33689162854053,130.536,22.2151223331072,290.08,311.47,37239.36,-1.075
FMM,2018-02-22,2018,53,-8.24,-20.62,0,0.105871715497252,158.094,27.0471415915674,351.32,118.31,37436.03,-14.43
FMM,2018-02-23,2018,54,-3.35,-24.21,4.59,0.196097951185954,149.0895,25.6413080888055,331.31,86.14,37633.7,-13.78
FMM,2018-02-24,2018,55,-3.6,-19.47,2.55,0.169451458788976,135.783,23.4760255929792,301.74,130.73,37832.32,-11.535
FMM,2018-02-25,2018,56,-2.16,-21.84,8.8,0.20811966309985,149.1795,25.9282325350359,331.51,106.3,38031.86,-12.0
FMM,2018-02-26,2018,57,-1.99,-6.43,2.77,0.0755700320696369,50.2695,8.78315653758375,111.71,377.75,38232.25,-4.21
FMM,2018-02-27,2018,58,-1.55,-7.03,3.22,0.0929799772083955,63.5895,11.168920692382,141.31,360.52,38433.47,-4.29
FMM,2018-02-28,2018,59,1.41,-6.44,11.57,0.149748176622234,89.784,15.852622759596,199.52,377.48,38635.45,-2.515
FMM,2018-03-01,2018,60,-4.44,-8.14,4.15,0.0550359527822789,47.295,8.394412374567,105.1,330.87,38838.18,-6.29
FMM,2018-03-02,2018,61,-3.81,-8.49,2.1,0.0700973559177419,60.543,10.8020860740009,134.54,322.01,39041.59,-6.15
FMM,2018-03-03,2018,62,-0.14,-5.17,0,0.0948010578958731,88.4205,15.8584483809203,196.49,415.84,39245.65,-2.655
FMM,2018-03-04,2018,63,-2.36,-6.26,0,0.0660681331285427,72.774,13.1202795014694,161.72,382.61,39450.33,-4.31
FMM,2018-03-05,2018,64,-2.2,-7.11,0,0.0811393130928329,92.808,16.8192269050104,206.24,358.5,39655.59,-4.655
FMM,2018-03-06,2018,65,-3.91,-7.85,0,0.0601600478771825,78.8265,14.3595481325049,175.17,338.45,39861.38,-5.88
FMM,2018-03-07,2018,66,-6.35,-8.21,3.68,0.0263484041020456,33.2775,6.09341813010225,73.95,328.98,40067.67,-7.28
FMM,2018-03-08,2018,67,-5.59,-8.21,9.53,0.0376516504370012,44.154,8.1267267227454,98.12,329.03,40274.43,-6.9
FMM,2018-03-09,2018,68,-3.33,-7.71,5.31,0.0684910679602203,72.117,13.3417173621978,160.26,342.11,40481.62,-5.52
FMM,2018-03-10,2018,69,-4.63,-7.57,4.06,0.0443551147434016,51.759,9.6245699891823,115.02,345.91,40689.21,-6.1
FMM,2018-03-11,2018,70,-1.9,-12.24,2.23,0.146841230020777,149.724,27.9834256165356,332.72,238.98,40897.17,-7.07
FMM,2018-03-12,2018,71,-2.84,-14.38,0,0.148049672499924,215.4735,40.4771176223667,478.83,200.79,41105.46,-8.61
FMM,2018-03-13,2018,72,-4.16,-6.81,8.23,0.0415683524835818,50.3325,9.503035856631,111.85,366.95,41314.04,-5.485
FMM,2018-03-14,2018,73,-4.49,-6.59,10.53,0.0331091322557244,43.4295,8.2411668499635,96.51,373.03,41522.9,-5.54
FMM,2018-03-15,2018,74,-4.11,-10.27,3.05,0.0860809616682342,116.037,22.1300190009891,257.86,279.86,41731.99,-7.19
FMM,2018-03-16,2018,75,-10.06,-18,0,0.0690564648533279,193.3425,37.0582847485403,429.65,148.25,41941.29,-14.03
FMM,2018-03-17,2018,76,-13.66,-21.62,0,0.0531555914463786,194.7195,37.5086262456986,432.71,108.43,42150.77,-17.64
FMM,2018-03-18,2018,77,-11.31,-25.42,0,0.0910565483939402,256.752,49.703856613056,570.56,77.16,42360.4,-18.365
FMM,2018-03-19,2018,78,-8.44,-21.77,0,0.108933958591524,255.159,49.6400453898282,567.02,107.03,42570.14,-15.105
FMM,2018-03-20,2018,79,-4.09,-18.25,0,0.153812613972499,260.2575,50.8815027531967,578.35,145.14,42779.97,-11.17
FMM,2018-03-21,2018,80,1.45,-20.32,0,0.278879136939488,275.121,54.0512660848545,611.38,121.43,42989.85,-9.435
FMM,2018-03-22,2018,81,0.05,-9.89,0,0.162814776375811,226.3725,44.6911264998653,503.05,288.4,43199.77,-4.92
FMM,2018-03-23,2018,82,1.09,-14.65,0,0.232802123179111,269.514,53.4668027013162,598.92,196.3,43409.69,-6.78
FMM,2018-03-24,2018,83,-2.78,-9.35,0,0.099083430762395,176.4855,35.180872809044,392.19,300.94,43619.57,-6.065
FMM,2018-03-25,2018,84,-0.41,-17.15,0,0.217312550616091,278.37,55.75761065646,618.6,159.33,43829.4,-8.78
FMM,2018-03-26,2018,85,4.24,-20.82,0,0.355541943320308,287.2665,57.8149442494808,638.37,116.3,44039.15,-8.29
FMM,2018-03-27,2018,86,6.23,-17.44,0,0.397299692668849,288.135,58.2657604018515,640.3,155.45,44248.77,-5.605
FMM,2018-03-28,2018,87,3.74,-3.61,3.14,0.165235136380279,141.894,28.829200289535,315.32,467.95,44458.25,0.065
FMM,2018-03-29,2018,88,4.18,-1.2,2.97,0.131979185180257,109.9665,22.4475390064328,244.37,559.43,44667.55,1.49
FMM,2018-03-30,2018,89,3.93,-9.69,6.01,0.258245091418568,201.2535,41.2743245678568,447.23,293.05,44876.64,-2.88
FMM,2018-03-31,2018,90,0.19,-15.02,0,0.214991216296106,280.062,57.70418032557,622.36,190.38,45085.5,-7.415
FMM,2018-04-01,2018,91,-0.88,-12.19,5.95,0.166930202274083,186.309,38.5648435251117,414.02,240.03,45294.09,-6.535
FMM,2018-04-02,2018,92,-3.72,-20.29,0,0.171785940865723,287.4645,59.7770574438807,638.81,121.82,45502.38,-12.005
FMM,2018-04-03,2018,93,-0.24,-15.66,8.71,0.210343655589379,208.917,43.6419691076277,464.26,180.59,45710.33,-7.95
FMM,2018-04-04,2018,94,-6.72,-9.87,20.47,0.0411410155357203,64.0755,13.4459165311272,142.39,288.78,45917.92,-8.295
FMM,2018-04-05,2018,95,-8.15,-16.5,0,0.0820998303471598,203.0265,42.7963117795465,451.17,168.24,46125.11,-12.325
FMM,2018-04-06,2018,96,-3.36,-20.41,4.58,0.178822451650108,217.0125,45.949508785845,482.25,120.48,46331.88,-11.885
FMM,2018-04-07,2018,97,-2.88,-12.93,6.55,0.134697792661521,166.878,35.4915190709982,370.84,226.04,46538.17,-7.905
FMM,2018-04-08,2018,98,-4.9,-21.79,0,0.159575399076699,289.584,61.8609043107648,643.52,106.82,46743.96,-13.345
FMM,2018-04-09,2018,99,-7.44,-21.97,0,0.122974236594003,271.9485,58.3487086951269,604.33,105.11,46949.22,-14.705
FMM,2018-04-10,2018,100,-2.57,-21.63,0,0.199334169145281,298.6065,64.3477069543995,663.57,108.29,47153.9,-12.1
FMM,2018-04-11,2018,101,0.67,-16.35,0,0.235848324386589,287.307,62.1806826306303,638.46,170.47,47357.97,-7.84
FMM,2018-04-12,2018,102,2.65,-5.22,2.89,0.162658765299831,128.2815,27.8826904199079,285.07,414.24,47561.38,-1.285
FMM,2018-04-13,2018,103,3.66,-7.22,0,0.219390907593328,220.239,48.074195522943,489.42,355.45,47764.1,-1.78
FMM,2018-04-14,2018,104,-7.65,-17.83,0,0.0975348542565932,212.85,46.657790912205,473,150.41,47966.09,-12.74
FMM,2018-04-15,2018,105,-2.35,-21.15,0,0.20116124568332,297.7515,65.542431831835,661.67,112.95,48167.31,-11.75
FMM,2018-04-16,2018,106,-3.3,-8.26,20.57,0.0762683510346662,83.178,18.3857012774766,184.84,327.71,48367.71,-5.78
FMM,2018-04-17,2018,107,0.28,-3.5,16.28,0.0761156100056528,66.213,14.6961267658884,147.14,471.73,48567.24,-1.61
FMM,2018-04-18,2018,108,1.28,-3.24,5.52,0.0946492982032552,79.2945,17.6715743237276,176.21,481.11,48765.87,-0.98
FMM,2018-04-19,2018,109,1.13,-4.22,3.51,0.108194904440968,95.0445,21.2674783613121,211.21,446.96,48963.54,-1.545
FMM,2018-04-20,2018,110,3.15,-2.91,2.97,0.13636533775102,110.4615,24.8165191537016,245.47,493.1,49160.21,0.12
FMM,2018-04-21,2018,111,3.13,-5.53,0,0.180213057864591,203.769,45.9613497233439,452.82,404.64,49355.83,-1.2
FMM,2018-04-22,2018,112,6.33,-11.69,0,0.353374705140683,309.8745,70.1695619850127,688.61,249.82,49550.35,-2.68
FMM,2018-04-23,2018,113,11.19,-11.89,0,0.541188346549136,324.576,73.7854578855072,721.28,245.75,49743.71,-0.35
FMM,2018-04-24,2018,114,14.04,-4.4,0,0.579737956931546,305.532,69.7245184840788,678.96,440.82,49935.87,4.82
FMM,2018-04-25,2018,115,11.91,1.83,12.97,0.347504783601199,167.7555,38.429319036839,372.79,696.87,50126.77,6.87
FMM,2018-04-26,2018,116,8.71,2.45,13.1,0.197873536067649,117.9945,27.1323248071941,262.21,728.42,50316.34,5.58
FMM,2018-04-27,2018,117,9.91,-1.29,2.81,0.331779706693015,187.8075,43.3470504799485,417.35,555.6,50504.54,4.31
FMM,2018-04-28,2018,118,8.44,0.51,5.45,0.235196283454019,144.7785,33.539284039496,321.73,633.66,50691.31,4.475
FMM,2018-04-29,2018,119,4.13,0.72,21.66,0.0882829979601386,69.966,16.2675159364458,155.48,643.59,50876.59,2.425
FMM,2018-04-30,2018,120,4.91,0.32,6.96,0.120628738825114,94.176,21.975552494496,209.28,625.06,51060.3,2.615
FMM,2018-05-01,2018,121,13.36,-1.36,0,0.488961558414041,298.413,69.881690282184,663.14,552.93,51242.4,6.0
FMM,2018-05-02,2018,122,18.24,0.66,5.13,0.72538001528724,234.3645,55.0761935853573,520.81,640.53,51422.82,9.45
FMM,2018-05-03,2018,123,7.81,1.56,4.38,0.186851285257786,126.6885,29.8755254323386,281.53,683.75,51601.48,4.685
FMM,2018-05-04,2018,124,8.29,-0.27,18.45,0.247189912819796,164.025,38.8127384426025,364.5,598.67,51778.33,4.01
FMM,2018-05-05,2018,125,8.57,0.39,4.67,0.242558697182811,158.238,37.569907324278,351.64,628.44,51953.3,4.48
FMM,2018-05-06,2018,126,10.51,-1.91,0,0.368900005898746,283.4685,67.527082761494,629.93,531.01,52126.31,4.3
FMM,2018-05-07,2018,127,7.7,-4.58,0,0.307760563847134,283.9185,67.856128358053,630.93,434.83,52297.29,1.56
FMM,2018-05-08,2018,128,15.87,-2.91,0,0.653622401588117,328.005,78.645904025013,728.9,492.91,52466.18,6.48
FMM,2018-05-09,2018,129,17.42,-0.58,0,0.700359614929715,322.8525,77.6564567425733,717.45,585.41,52632.89,8.42
FMM,2018-05-10,2018,130,19.34,-1.81,9.55,0.852483426934024,249.3855,60.1727148218196,554.19,535.04,52797.36,8.765
FMM,2018-05-11,2018,131,2,-6.38,0,0.163580907278151,224.9595,54.4458141465917,499.91,379.09,52959.51,-2.19
FMM,2018-05-12,2018,132,10.12,-7.59,0,0.445727906117201,329.148,79.90231368843,731.44,345.29,53119.25,1.265
FMM,2018-05-13,2018,133,14.46,-4.42,0,0.602251936427172,330.597,80.4916736087508,734.66,440.01,53276.52,5.02
FMM,2018-05-14,2018,134,19.12,-1.06,0,0.822127650838968,330.5655,80.7177221607821,734.59,565.3,53431.23,9.03
FMM,2018-05-15,2018,135,13.35,-3.29,0,0.525630213924145,317.952,77.858712525312,706.56,478.98,53583.3,5.03
FMM,2018-05-16,2018,136,9.9,-5.19,0,0.401544685680485,305.5185,75.0225900968397,678.93,415.32,53732.66,2.355
FMM,2018-05-17,2018,137,8.05,-4.2,0,0.314011967215691,271.2015,66.7774249364417,602.67,447.54,53879.23,1.925
FMM,2018-05-18,2018,138,11.47,-7.07,0,0.496494271414416,325.1205,80.2672766836934,722.49,359.63,54022.91,2.2
FMM,2018-05-19,2018,139,18.47,-4.56,6.24,0.843165673410385,252.1755,62.4204555046074,560.39,435.6,54163.64,6.955
FMM,2018-05-20,2018,140,12.03,1.48,2.29,0.361429989700651,170.4105,42.2885639698002,378.69,679.85,54301.32,6.755
FMM,2018-05-21,2018,141,14.42,-1.66,0,0.549724662802423,296.631,73.7934787076796,659.18,540.63,54435.88,6.38
FMM,2018-05-22,2018,142,20.56,-1.96,0,0.951480562241833,332.7075,82.9680149057783,739.35,521,54567.23,9.3
FMM,2018-05-23,2018,143,10.46,-1.64,4.81,0.361431477930189,190.3905,47.5895374019505,423.09,541.7,54695.3,4.41
FMM,2018-05-24,2018,144,12.94,-3.74,0,0.513072084422532,306.999,76.9116612726,682.22,463.42,54820,4.6
FMM,2018-05-25,2018,145,25.34,3.46,2.22,1.22186045682757,242.739,60.9472641695652,539.42,782.55,54941.24,14.4
FMM,2018-05-26,2018,146,16.35,-0.44,0,0.632054102432988,298.755,75.172567948236,663.9,591.59,55058.96,7.955
FMM,2018-05-27,2018,147,18.99,-2.28,0,0.852788018054782,326.6145,82.3528688225409,725.81,501.46,55173.06,8.355
FMM,2018-05-28,2018,148,12.98,8.41,4.35,0.194542600105859,75.78,19.145476262808,168.4,1102.76,55283.48,10.695
FMM,2018-05-29,2018,149,17.99,-0.14,0,0.730979909102644,303.84,76.911884657856,675.2,600.62,55390.12,8.925
FMM,2018-05-30,2018,150,23.41,-1.79,0,1.21518887877675,336.663,85.3786424571363,748.14,489.91,55492.93,10.81
FMM,2018-05-31,2018,151,27.13,6.72,2.19,1.30170436396028,226.8495,57.6321525628591,504.11,982.25,55591.81,16.925
FMM,2018-06-01,2018,152,23.53,10.89,5.63,0.795204468419371,169.8705,43.2300410056395,377.49,1302.79,55686.7,17.21
FMM,2018-06-02,2018,153,17.79,1.88,0,0.666760408790852,274.527,69.9778415608767,610.06,699.31,55777.53,9.835
FMM,2018-06-03,2018,154,16.33,-1.37,0,0.65041812968764,292.041,74.5579170157014,648.98,552.61,55864.22,7.48
FMM,2018-06-04,2018,155,6.92,2.23,18.67,0.13904744100125,73.656,18.8321056839432,163.68,717.11,55946.71,4.575
FMM,2018-06-05,2018,156,8.6,2.49,7.48,0.192775201876924,94.2705,24.1364509156539,209.49,730.39,56024.94,5.545
FMM,2018-06-06,2018,157,16.17,2.21,0,0.559266222643747,252.7785,64.8052419131384,561.73,715.99,56098.83,9.19
FMM,2018-06-07,2018,158,12.88,3.06,6.16,0.361121953452095,145.719,37.4045101176222,323.82,760.85,56168.34,7.97
FMM,2018-06-08,2018,159,15.29,4.16,0,0.456041407406842,216.999,55.765843459362,482.22,821.9,56233.4,9.725
FMM,2018-06-09,2018,160,13.99,1.06,0,0.467689259151146,248.877,64.0269425049444,553.06,659.33,56293.96,7.525
FMM,2018-06-10,2018,161,13.74,-2.01,0,0.521056286229633,282.3615,72.7135664914089,627.47,527.08,56349.98,5.865
FMM,2018-06-11,2018,162,17.55,-2.98,0,0.768543281687518,320.2155,82.5369387989207,711.59,477.99,56401.39,7.285
FMM,2018-06-12,2018,163,22.38,1.44,0,1.05821458087892,318.186,82.0818350665632,707.08,630.83,56448.16,11.91
FMM,2018-06-13,2018,164,18.48,6.88,20.02,0.564608180806778,166.761,43.0510935517425,370.58,992.98,56490.25,12.68
FMM,2018-06-14,2018,165,8,-0.23,8.88,0.235620728684235,131.3145,33.9226354351593,291.81,600.46,56527.62,3.885
FMM,2018-06-15,2018,166,21.25,-0.78,0,1.00169285108413,327.8475,84.742119105138,728.55,547.06,56560.24,10.235
FMM,2018-06-16,2018,167,23.92,4.97,0,1.08595534365445,302.1075,78.1272868465148,671.35,830.81,56588.09,14.445
FMM,2018-06-17,2018,168,23.77,6.28,13.21,0.991768562531404,216,55.8819687744,480,953,56611.12,15.025
FMM,2018-06-18,2018,169,19.88,12.46,14.84,0.434739330501571,112.266,29.0540011438908,249.48,1444.87,56629.34,16.17
FMM,2018-06-19,2018,170,17.21,5.75,0,0.520079296971031,225.7065,58.4257491584905,501.57,918.81,56642.71,11.48
FMM,2018-06-20,2018,171,18.8,4.19,2.45,0.670772181766488,201.2985,52.1154008332484,447.33,823.85,56651.23,11.495
FMM,2018-06-21,2018,172,14.03,-0.92,0,0.513884249493481,280.8855,72.7248517338168,624.19,571.12,56654.88,6.555
FMM,2018-06-22,2018,173,19.96,-2.05,0,0.907483451068675,330.1515,85.4786392666164,733.67,519.29,56653.68,8.955
FMM,2018-06-23,2018,174,21.95,5.38,0,0.867533951214026,286.1865,74.087840263441,635.97,895.17,56647.61,13.665
FMM,2018-06-24,2018,175,16.2,5.43,0,0.46951181021956,218.9925,56.6817572301503,486.65,898.45,56636.69,10.815
FMM,2018-06-25,2018,176,16.85,1.13,4.75,0.626485203030977,214.956,55.6214897879172,477.68,662.68,56620.91,8.99
FMM,2018-06-26,2018,177,20.86,-1.69,0,0.969183761704157,333.792,86.3397791871264,741.76,531.13,56600.31,9.585
FMM,2018-06-27,2018,178,23.78,5.68,0,1.01775972949139,297.306,76.8676479057738,660.68,908.56,56574.89,14.73
FMM,2018-06-28,2018,179,18.75,11.37,4.71,0.406055165937244,113.7825,29.4024381882368,252.85,1344.9,56544.67,15.06
FMM,2018-06-29,2018,180,24.63,10.57,0,0.908391669815354,258.561,66.7731929393313,574.58,1274.72,56509.69,17.6
FMM,2018-06-30,2018,181,20.16,10.26,8.73,0.553022992749049,153.4905,39.6109569759183,341.09,1249.06,56469.98,15.21
FMM,2018-07-01,2018,182,23.39,12.89,0,0.691182835679685,211.284,54.4827083470128,469.52,1486.3,56425.56,18.14
FMM,2018-07-02,2018,183,28.45,16.36,9.47,1.00573292932016,170.379,43.8965408529747,378.62,1859.48,56376.49,22.405
FMM,2018-07-03,2018,184,25.65,13.04,0,0.891275894259765,241.9425,62.2748261514578,537.65,1501.36,56322.79,19.345
FMM,2018-07-04,2018,185,27.87,11.32,0,1.24266428551604,280.9485,72.239953672949,624.33,1299.14,56264.51,19.595
FMM,2018-07-05,2018,186,28.64,13.31,4.71,1.19378262969646,195.363,50.1773963733252,434.14,1527.32,56201.72,20.975
FMM,2018-07-06,2018,187,19.81,7.52,0,0.633658044064112,236.844,60.7586312546352,526.32,1037.85,56134.44,13.665
FMM,2018-07-07,2018,188,20.39,4.34,0,0.778917731829418,279.9405,71.7226505973338,622.09,832.43,56062.75,12.365
FMM,2018-07-08,2018,189,22.3,9.54,0,0.748384288983152,235.377,60.223375390563,523.06,1189.62,55986.7,15.92
FMM,2018-07-09,2018,190,25.96,12.13,9.05,0.966163180686525,180.954,46.2323111662008,402.12,1413.54,55906.36,19.045
FMM,2018-07-10,2018,191,18.65,4.86,0,0.640928528635622,252.2745,64.356609659503,560.61,863.33,55821.77,11.755
FMM,2018-07-11,2018,192,17.46,0.44,0,0.680117612685435,288.729,73.5392478313206,641.62,630.66,55733.02,8.95
FMM,2018-07-12,2018,193,20.82,5.97,0,0.760840713313858,263.5965,67.0261521063209,585.77,932.55,55640.17,13.395
FMM,2018-07-13,2018,194,24.66,3.76,0,1.17499600744147,305.451,77.5334933752203,678.78,773.67,55543.29,14.21
FMM,2018-07-14,2018,195,15.77,12.92,5.15,0.148345439801195,47.862,12.1268926837764,106.36,1489.33,55442.46,14.345
FMM,2018-07-15,2018,196,22.63,8.22,5.99,0.826251343501778,189.4275,47.9049781293945,420.95,1088.3,55337.74,15.425
FMM,2018-07-16,2018,197,25.42,6.26,0,1.1749269552304,291.5235,73.5798129111819,647.83,921.49,55229.22,15.84
FMM,2018-07-17,2018,198,21.65,11.33,14.94,0.619973686860505,147.8565,37.2427616388168,328.57,1341.15,55116.96,16.49
FMM,2018-07-18,2018,199,17.09,3.25,0,0.586906265430795,250.3935,62.9376191811927,556.43,770.96,55001.06,10.17
FMM,2018-07-19,2018,200,21.14,1.52,0,0.922922934948207,294.516,73.8672240672108,654.48,669.57,54881.59,11.33
FMM,2018-07-20,2018,201,26.29,8.96,0,1.15964094903264,268.227,67.1229734760018,596.06,1118.63,54758.62,17.625
FMM,2018-07-21,2018,202,28.05,10.23,0,1.30480422928931,267.336,66.7456018227648,594.08,1209.97,54632.24,19.14
FMM,2018-07-22,2018,203,25.71,8.07,7.28,1.11001340185953,200.916,50.0434757327448,446.48,1077.25,54502.54,16.89
FMM,2018-07-23,2018,204,23.56,17.3,11.27,0.461424321563856,87.0255,21.6231372712053,193.39,1974.12,54369.58,20.43
FMM,2018-07-24,2018,205,23.07,18.56,9.35,0.337611340262912,63.945,15.848570800629,142.1,2136.93,54233.46,20.815
FMM,2018-07-25,2018,206,22.7,17.4,31.06,0.38146222537565,75.9555,18.7770175040151,168.79,1986.85,54094.26,20.05
FMM,2018-07-26,2018,207,21.8,16.42,15.17,0.368939053193995,80.1855,19.7706101855841,178.19,1866.26,53952.06,19.11
FMM,2018-07-27,2018,208,22.06,12.55,0,0.59672142675211,184.095,45.268539990201,409.1,1453.19,53806.94,17.305
FMM,2018-07-28,2018,209,21.87,10.37,7.16,0.679044687514605,158.328,38.8254357634608,351.84,1258.16,53658.98,16.12
FMM,2018-07-29,2018,210,19.73,10.56,0,0.509649282666614,179.433,43.8772528078587,398.74,1274.07,53508.27,15.145
FMM,2018-07-30,2018,211,23.4,9.37,0,0.847105935716881,237.204,57.8378678265036,527.12,1176.75,53354.87,16.385
FMM,2018-07-31,2018,212,24.73,9.74,0,0.951876703120536,241.677,58.7562529930821,537.06,1206.15,53198.89,17.235
FMM,2018-08-01,2018,213,22.31,10.72,0,0.699905298714687,205.587,49.8331655959842,456.86,1287.69,53040.38,16.515
FMM,2018-08-02,2018,214,20.79,11.15,13.13,0.561416508715112,133.8075,32.335792101846,297.35,1325.41,52879.44,15.97
FMM,2018-08-03,2018,215,22.16,11.49,0,0.653363230883276,192.9105,46.4745921333881,428.69,1355.71,52716.13,16.825
FMM,2018-08-04,2018,216,22.15,10.94,15.99,0.677068003052728,149.8815,35.9949366878157,333.07,1306.97,52550.54,16.545
FMM,2018-08-05,2018,217,25.27,10.17,0,0.985353902697939,235.836,56.4565729288248,524.08,1241.16,52382.74,17.72
FMM,2018-08-06,2018,218,25.48,15.98,0,0.717695071537418,168.4215,40.1874821919266,374.27,1815.14,52212.81,20.73
FMM,2018-08-07,2018,219,22.11,11.22,10.98,0.662112648933678,144.4005,34.3422657587309,320.89,1330.92,52040.81,16.665
FMM,2018-08-08,2018,220,23.63,11.65,0,0.770315370899942,203.7465,48.2943114979641,452.77,1370.01,51866.82,17.64
FMM,2018-08-09,2018,221,22.16,11.95,8,0.632668182326571,136.332,32.2053618994884,302.96,1397.27,51690.91,17.055
FMM,2018-08-10,2018,222,18.91,6.49,0,0.606355709027913,214.569,50.5127914321428,476.82,967.04,51513.16,12.7
FMM,2018-08-11,2018,223,23.72,5.1,0,1.02498762403931,253.08,59.371200785916,562.4,878.01,51333.61,14.41
FMM,2018-08-12,2018,224,24.97,7.79,0,1.04917281332358,242.4555,56.6779215613086,538.79,1056.94,51152.36,16.38
FMM,2018-08-13,2018,225,25.8,9.78,0,1.05285004256764,228.9105,53.3202112389082,508.69,1209.06,50969.45,17.79
FMM,2018-08-14,2018,226,25.09,10.35,0,0.960333987995835,217.9395,50.5809730100993,484.31,1256.55,50784.95,17.72
FMM,2018-08-15,2018,227,23.13,8.48,7.95,0.8583535746808,164.0025,37.9234641491752,364.45,1108.02,50598.93,15.805
FMM,2018-08-16,2018,228,16.37,3.9,0,0.525249388709262,204.8535,47.1942068528628,455.23,807.23,50411.44,10.135
FMM,2018-08-17,2018,229,20.87,2.44,41.93,0.866894973810234,163.152,37.446166312632,362.56,728.13,50222.55,11.655
FMM,2018-08-18,2018,230,20.77,7.68,0,0.698574175898845,184.833,42.2616323308311,410.74,1049.07,50032.31,14.225
FMM,2018-08-19,2018,231,21.83,5.26,0,0.861213412031871,207.9765,47.371308690758,462.17,888.18,49840.79,13.545
FMM,2018-08-20,2018,232,22.68,4.64,0,0.949652480526152,213.606,48.4653851295426,474.68,850.31,49648.03,13.66
FMM,2018-08-21,2018,233,21.18,6.29,0,0.777605039926148,197.109,44.5476482440704,438.02,953.64,49454.08,13.735
FMM,2018-08-22,2018,234,16.43,10.63,21.21,0.29156265893635,71.343,16.0602849654651,158.54,1280.29,49259.01,13.53
FMM,2018-08-23,2018,235,17.11,7.98,0,0.437992219037131,141.6195,31.7535441691,314.71,1070.59,49062.87,12.545
FMM,2018-08-24,2018,236,21.32,9.3,0,0.67967310130343,167.958,37.5077428738614,373.24,1170.77,48865.69,15.31
FMM,2018-08-25,2018,237,22.07,9.71,0,0.722806326929923,167.8725,37.3366331515305,373.05,1203.33,48667.54,15.89
FMM,2018-08-26,2018,238,20.66,11.18,0,0.550887774666854,137.097,30.3671037050334,304.66,1327.49,48468.46,15.92
FMM,2018-08-27,2018,239,23.34,12.84,0,0.68892453698059,145.5525,32.1069892156132,323.45,1481.81,48268.49,18.09
FMM,2018-08-28,2018,240,22.21,14.86,2.96,0.490692381054995,80.0145,17.5767290128152,177.81,1688.93,48067.68,18.535
FMM,2018-08-29,2018,241,18.89,10.29,9.49,0.462894072432623,95.571,20.9059637317776,212.38,1251.03,47866.08,14.59
FMM,2018-08-30,2018,242,14.48,1.54,0,0.481510855205165,178.425,38.86510453137,396.5,682.75,47663.72,8.01
FMM,2018-08-31,2018,243,17.61,-0.36,0,0.707752881653348,205.4745,44.5664267109023,456.61,594.72,47460.65,8.625
FMM,2018-09-01,2018,244,17.49,5.02,0.2,0.560255161633903,167.697,36.216520442001,372.66,873.44,47256.9,11.255
FMM,2018-09-02,2018,245,18.52,15.29,14.48,0.194365295091517,37.692,8.1049131006732,83.76,1736.65,47052.53,16.905
FMM,2018-09-03,2018,246,21.27,13.77,1.5,0.473731424975928,108.54,23.237692122168,241.2,1573.9,46847.56,17.52
FMM,2018-09-04,2018,247,19.64,6.09,0,0.670282267213909,174.924,37.2857637826404,388.72,940.67,46642.03,12.865
FMM,2018-09-05,2018,248,21.55,6.85,5.9,0.787319793216745,133.722,28.3774764883446,297.16,991.4,46435.99,14.2
FMM,2018-09-06,2018,249,19.89,2.49,0,0.793562278755639,193.806,40.9451285321532,430.68,730.49,46229.46,11.19
FMM,2018-09-07,2018,250,16.75,-0.1,0,0.648829304451778,191.5695,40.2914209143852,425.71,606.11,46022.48,8.325
FMM,2018-09-08,2018,251,9.24,-0.06,0,0.278845533420728,132.939,27.8340919049484,295.42,607.83,45815.08,4.59
FMM,2018-09-09,2018,252,11.29,-3.57,0,0.433577305941004,180.756,37.6741428134652,401.68,469.28,45607.31,3.86
FMM,2018-09-10,2018,253,13.03,-3.58,0,0.514734698733027,188.9775,39.2079655707165,419.95,468.94,45399.18,4.725
FMM,2018-09-11,2018,254,14.23,7.4,5.7,0.294575126478982,73.647,15.2097022995246,163.66,1029.38,45190.74,10.815
FMM,2018-09-12,2018,255,20.54,6.63,0,0.717822039026743,167.076,34.3454509989864,371.28,976.27,44982.02,13.585
FMM,2018-09-13,2018,256,24.56,5.98,0,1.07268538083537,186.1515,38.0889782989092,413.67,933.61,44773.04,15.27
FMM,2018-09-14,2018,257,24.91,6.15,0,1.09973745421048,184.599,37.5948321717312,410.22,944.6,44563.84,15.53
FMM,2018-09-15,2018,258,24.12,8.65,0,0.938604249930374,167.5935,33.9711750484627,372.43,1121,44354.45,16.385
FMM,2018-09-16,2018,259,21.18,10.8,0,0.606478854369929,130.6845,26.3645716488269,290.41,1294.86,44144.89,15.99
FMM,2018-09-17,2018,260,24.2,13.62,0,0.726144969842577,128.889,25.878831447096,286.42,1559.2,43935.2,18.91
FMM,2018-09-18,2018,261,16.71,4.91,7.09,0.515930676615939,110.061,21.9929579693334,244.58,866.39,43725.42,10.81
FMM,2018-09-19,2018,262,10.42,4.53,3.7,0.208623776524556,64.332,12.793451597082,142.96,843.55,43515.55,7.475
FMM,2018-09-20,2018,263,12.81,1.02,0,0.409528568008334,151.317,29.9466663575985,336.26,657.56,43305.65,6.915
FMM,2018-09-21,2018,264,15.23,1.04,26.48,0.53472903639786,122.202,24.0673766963922,271.56,658.23,43095.73,8.135
FMM,2018-09-22,2018,265,12.57,0.16,0,0.418145924409159,151.2495,29.6431168626513,336.11,617.64,42885.82,6.365
FMM,2018-09-23,2018,266,5.76,-4.4,0,0.239153528456621,133.7895,26.0928507514194,297.31,440.95,42675.96,0.68
FMM,2018-09-24,2018,267,8.27,-6.42,0,0.356868531592743,165.528,32.1240846580632,367.84,378.07,42466.17,0.925
FMM,2018-09-25,2018,268,10.1,-1.57,15.9,0.345159416315831,106.0515,20.4798293154504,235.67,544.36,42256.48,4.265
FMM,2018-09-26,2018,269,17.22,4.14,25.22,0.569568069307396,109.2555,20.9939327080106,242.79,821.24,42046.93,10.68
FMM,2018-09-27,2018,270,11.79,0.5,0,0.373990438528739,134.1405,25.6473360020709,298.09,633.15,41837.54,6.145
FMM,2018-09-28,2018,271,14.93,3.5,0,0.4547814962141,131.58,25.031972372598,292.4,784.7,41628.33,9.215
FMM,2018-09-29,2018,272,8.31,0.74,3.77,0.225068869692526,72.1845,13.6635462702428,160.41,644.25,41419.35,4.525
FMM,2018-09-30,2018,273,7.47,-0.5,2.69,0.222285398972367,76.644,14.4345621925404,170.32,588.96,41210.63,3.485
FMM,2018-10-01,2018,274,7.35,-2.92,0,0.266447628106792,125.4195,23.5011069509819,278.71,492.55,41002.19,2.215
FMM,2018-10-02,2018,275,5.9,-0.06,0,0.160018747839465,77.6475,14.4757344564945,172.55,607.98,40794.06,2.92
FMM,2018-10-03,2018,276,11.24,1.34,0,0.32949794668641,116.7435,21.6535026128526,259.43,672.73,40586.28,6.29
FMM,2018-10-04,2018,277,14.62,-1.08,4.07,0.548249579899605,113.22,20.892654346752,251.6,564.52,40378.88,6.77
FMM,2018-10-05,2018,278,5.59,-4.32,0,0.232429034424398,117.3105,21.5365165345215,260.69,443.63,40171.9,0.635
FMM,2018-10-06,2018,279,7.55,-1.78,5.75,0.251725542692391,83.322,15.2180751352698,185.16,536,39965.37,2.885
FMM,2018-10-07,2018,280,4.33,-0.25,0,0.116321799915076,60.687,11.0268335074788,134.86,599.52,39759.32,2.04
FMM,2018-10-08,2018,281,6.3,-1.56,5.95,0.204474301987678,73.143,13.2213886792029,162.54,544.96,39553.79,2.37
FMM,2018-10-09,2018,282,17.54,4.88,17.9,0.568031783305173,97.8075,17.5881463845255,217.35,864.58,39348.82,11.21
FMM,2018-10-10,2018,283,10.19,0.71,6.31,0.29965803874275,83.565,14.948950437702,185.7,642.75,39144.44,5.45
FMM,2018-10-11,2018,284,2.12,0.48,37.95,0.0397607600132103,19.881,3.5380019505573,44.18,632.27,38940.69,1.3
FMM,2018-10-12,2018,285,4.78,-1.07,0.98,0.146946066190263,76.4685,13.5372856714025,169.93,564.77,38737.61,1.855
FMM,2018-10-13,2018,286,-0.11,-2.76,0,0.054187207268563,38.799,6.8327402829075,86.22,498.34,38535.25,-1.435
FMM,2018-10-14,2018,287,5.18,-3.09,0,0.198484416837868,106.695,18.691335279486,237.1,486.23,38333.64,1.045
FMM,2018-10-15,2018,288,7.02,-0.05,11.54,0.196992559363911,70.29,12.249229756599,156.2,608.39,38132.83,3.485
FMM,2018-10-16,2018,289,0.66,-2.09,3.22,0.0585891047603085,30.834,5.345170240833,68.52,523.98,37932.85,-0.715
FMM,2018-10-17,2018,290,1.74,-5.15,8.25,0.138215864607579,70.209,12.1070704701888,156.02,416.6,37733.76,-1.705
FMM,2018-10-18,2018,291,-3.14,-9.77,0,0.0972876579565891,92.3085,15.834387041982,205.13,291.26,37535.6,-6.455
FMM,2018-10-19,2018,292,5.46,-8.01,5.88,0.283188534877824,112.6395,19.2204189853263,250.31,334.28,37338.42,-1.275
FMM,2018-10-20,2018,293,4.43,-2.23,11.12,0.159724662774582,73.1115,12.4099587240899,162.47,518.53,37142.27,1.1
FMM,2018-10-21,2018,294,-2,-6.23,0,0.0725406943878865,67.6305,11.4193191851582,150.29,383.5,36947.19,-4.115
FMM,2018-10-22,2018,295,-3.54,-13.2,0,0.125333286104903,130.581,21.9326859842508,290.18,221.09,36753.24,-8.37
FMM,2018-10-23,2018,296,1.96,-14.02,0,0.248770291045983,153.3465,25.6213399157474,340.77,206.8,36560.47,-6.03
FMM,2018-10-24,2018,297,0.99,-5.14,0,0.120043619204678,91.431,15.1963858878498,203.18,416.8,36368.94,-2.075
FMM,2018-10-25,2018,298,-3.69,-7.3,0,0.0564446508825732,57.6945,9.53901323603685,128.21,353.33,36178.69,-5.495
FMM,2018-10-26,2018,299,-2.82,-14.7,0,0.151065466404463,138.8835,22.8426331575551,308.63,195.53,35989.79,-8.76
FMM,2018-10-27,2018,300,0.24,-16.19,6.33,0.224899956419864,110.1465,18.0217860288615,244.77,172.76,35802.3,-7.975
FMM,2018-10-28,2018,301,-1.33,-5.05,11.22,0.0678445143764642,43.1145,7.01758996522155,95.81,419.55,35616.27,-3.19
FMM,2018-10-29,2018,302,1.4,-1.36,3.02,0.0615029700088844,32.436,5.2521390728352,72.08,553.04,35431.76,0.02
FMM,2018-10-30,2018,303,-0.09,-3.85,0,0.0741905459008811,58.032,9.3482123207616,128.96,459.31,35248.84,-1.97
FMM,2018-10-31,2018,304,-0.07,-5.26,2.95,0.0977566081021605,58.041,9.3015807147909,128.98,413.01,35067.57,-2.665
FMM,2018-11-01,2018,305,1.63,-2.3,0,0.0857887560040087,59.526,9.4907213528364,132.28,515.87,34888.02,-0.335
FMM,2018-11-02,2018,306,0.18,-1.7,12.63,0.0402159835273005,23.328,3.70042365384,51.84,539.07,34710.25,-0.76
FMM,2018-11-03,2018,307,1.11,-2.47,29.84,0.0766496862522814,42.138,6.6502987207578,93.64,509.21,34534.33,-0.68
FMM,2018-11-04,2018,308,-2.51,-6.63,0,0.0684702033630575,65.3355,10.2594155012352,145.19,372.02,34360.32,-4.57
FMM,2018-11-05,2018,309,-1.49,-7.94,3.12,0.106345281102745,70.128,10.9568391628176,155.84,336.1,34188.31,-4.715
FMM,2018-11-06,2018,310,5.47,-1.95,15.04,0.18591312054928,73.7775,11.4697416375248,163.95,529.22,34018.37,1.76
FMM,2018-11-07,2018,311,4.5,0.55,11.88,0.10302209223514,44.3745,6.86460262555575,98.61,635.69,33850.55,2.525
FMM,2018-11-08,2018,312,0.82,-2.69,4.13,0.073735165430214,36.864,5.674852325376,81.92,501.17,33684.95,-0.935
FMM,2018-11-09,2018,313,-2.09,-5.32,9.98,0.0570899679783954,34.6635,5.31023498827785,77.03,410.98,33521.63,-3.705
FMM,2018-11-10,2018,314,-1.54,-10.15,14.91,0.132215783487935,80.136,12.2173952756184,178.08,282.48,33360.67,-5.845
FMM,2018-11-11,2018,315,-8.21,-13.55,0,0.0579618661110708,79.011,11.9886412865805,175.58,214.89,33202.15,-10.88
FMM,2018-11-12,2018,316,-5.27,-19.24,5.64,0.140417537140081,90.2835,13.6346917957533,200.63,133.4,33046.14,-12.255
FMM,2018-11-13,2018,317,-2.13,-15.62,9.65,0.171242382951658,88.803,13.3488470770083,197.34,181.19,32892.73,-8.875
FMM,2018-11-14,2018,318,-14.8,-19.17,0,0.0307579296528153,62.874,9.40789572156,139.72,134.19,32742,-16.985
FMM,2018-11-15,2018,319,-7.88,-22.78,0,0.120743064925863,118.863,17.7051991066182,264.14,97.84,32594.02,-15.33
FMM,2018-11-16,2018,320,-7.95,-13.08,7.71,0.0571092515256324,50.8905,7.5466225553148,113.09,223.3,32448.88,-10.515
FMM,2018-11-17,2018,321,-5.11,-11.95,1.56,0.087371644357511,84.2445,12.4379789719509,187.21,244.62,32306.66,-8.53
FMM,2018-11-18,2018,322,-10.05,-16.92,0,0.0620189155195371,85.3425,12.545791349274,189.65,162.5,32167.44,-13.485
FMM,2018-11-19,2018,323,-4.82,-14.44,2.59,0.114428793472232,74.9025,10.9644557285025,166.45,199.75,32031.3,-9.63
FMM,2018-11-20,2018,324,-9.44,-14.27,3.49,0.0490496453837478,46.566,6.7881757909446,103.48,202.54,31898.33,-11.855
FMM,2018-11-21,2018,325,-11.6,-20.49,1.42,0.0669038422182672,96.219,13.969315159938,213.82,119.66,31768.6,-16.045
FMM,2018-11-22,2018,326,-16.08,-22.97,0,0.0399726799427114,83.781,12.115139272974,186.18,96.19,31642.2,-19.525
FMM,2018-11-23,2018,327,-10.06,-17.66,0,0.0668095824355817,87.2865,12.5729909631491,193.97,152.67,31519.21,-13.86
FMM,2018-11-24,2018,328,1.67,-11.44,0,0.21744385394887,104.157,14.9461831467279,231.46,254.97,31399.71,-4.885
FMM,2018-11-25,2018,329,-0.7,-8.46,4.51,0.129294253373437,62.577,8.9464381118442,139.06,322.79,31283.78,-4.58
FMM,2018-11-26,2018,330,-2.22,-4.9,6.12,0.0477648655462732,26.4645,3.76996860862515,58.81,424.45,31171.51,-3.56
FMM,2018-11-27,2018,331,-2.68,-4.97,21.36,0.0402631441389928,22.86,3.245153643792,50.8,422.14,31062.96,-3.825
FMM,2018-11-28,2018,332,-2.49,-5.06,8.86,0.0450870532574094,25.02,3.539806216308,55.6,419.44,30958.22,-3.775
FMM,2018-11-29,2018,333,-1.7,-11.01,0,0.138426262352574,90.774,12.800776056273,201.72,263.74,30857.35,-6.355
FMM,2018-11-30,2018,334,-2.72,-13.56,0,0.143278685642509,94.995,13.3539464912175,211.1,214.76,30760.45,-8.14
FMM,2018-12-01,2018,335,-2.71,-12.89,0,0.137555026358936,91.449,12.8166500428101,203.22,226.69,30667.57,-7.8
FMM,2018-12-02,2018,336,-2.19,-8.64,12.32,0.101480312601335,51.4755,7.193449718658,114.39,318.28,30578.8,-5.415
FMM,2018-12-03,2018,337,-0.49,-9.33,3.05,0.144409706944385,61.5915,8.58329586846945,136.87,301.52,30494.19,-4.91
FMM,2018-12-04,2018,338,-10.1,-13.05,0,0.0308676625067079,34.218,4.7559978601506,76.04,223.76,30413.81,-11.575
FMM,2018-12-05,2018,339,-8.03,-21.84,0,0.114569036185334,97.2405,13.4817560756771,216.09,106.31,30337.73,-14.935
FMM,2018-12-06,2018,340,-7.31,-19.96,3.87,0.114618415974458,69.786,9.6524970465402,155.08,125.34,30266.01,-13.635
FMM,2018-12-07,2018,341,-10.24,-25.58,3.39,0.10304607271872,72.144,9.9564567054768,160.32,76.07,30198.71,-17.91
FMM,2018-12-08,2018,342,-15.08,-32.38,0,0.0754680562793124,98.199,13.5240616901484,218.22,40.07,30135.88,-23.73
FMM,2018-12-09,2018,343,-10.64,-27.7,6.84,0.105377124270371,71.7255,9.8589956518053,159.39,62.58,30077.58,-19.17
FMM,2018-12-10,2018,344,-13.65,-27.24,0,0.0747542309396194,91.0215,12.4889684928818,202.27,65.29,30023.85,-20.445
FMM,2018-12-11,2018,345,-11.47,-28.17,0,0.0980154597273053,94.7925,12.9851090744265,210.65,59.88,29974.74,-19.82
FMM,2018-12-12,2018,346,-13.54,-28.86,0,0.0802932346085079,92.592,12.664869962832,205.76,56.11,29930.3,-21.2
FMM,2018-12-13,2018,347,-6.28,-30.37,0,0.167421640645562,97.569,13.3279072033815,216.82,48.63,29890.55,-18.325
FMM,2018-12-14,2018,348,-2.3,-13.28,8.69,0.14872285685038,57.7485,7.8791948182233,128.33,219.7,29855.54,-7.79
FMM,2018-12-15,2018,349,-1.3,-5.27,1.54,0.0717139603930002,33.8895,4.6191937848795,75.31,412.82,29825.3,-3.285
FMM,2018-12-16,2018,350,-1.01,-13.89,0,0.179791461317863,84.2355,11.4716342100024,187.19,208.97,29799.84,-7.45
FMM,2018-12-17,2018,351,-1.89,-12.61,1.11,0.150514979335221,76.1085,10.3576810895825,169.13,231.98,29779.21,-7.25
FMM,2018-12-18,2018,352,-10.78,-13.49,0,0.0273302497149197,24.0885,3.276487370313,53.53,215.9,29763.4,-12.135
FMM,2018-12-19,2018,353,-5.95,-17.41,0,0.118762752324401,79.695,10.8360252675675,177.1,155.92,29752.45,-11.68
FMM,2018-12-20,2018,354,1.94,-8.77,0,0.194038220032814,74.637,10.1462149450215,165.86,315.1,29746.35,-3.415
FMM,2018-12-21,2018,355,7.09,-3.36,41.62,0.265242123033897,53.343,7.2511888504761,118.54,476.78,29745.11,1.865
FMM,2018-12-22,2018,356,6.51,-9.69,12.49,0.33774285347722,66.051,8.9797484976318,146.78,292.97,29748.74,-1.59
FMM,2018-12-23,2018,357,-9.81,-22.14,0,0.0942243474023269,81.3375,11.0611269195975,180.75,103.54,29757.22,-15.975
FMM,2018-12-24,2018,358,-11.06,-25.59,0,0.0942315902207926,87.759,11.9397400079328,195.02,75.99,29770.56,-18.325
FMM,2018-12-25,2018,359,-10.19,-25.47,0,0.103237624410872,88.8975,12.1020204296655,197.55,76.82,29788.74,-17.83
FMM,2018-12-26,2018,360,-11.48,-24.7,0,0.08672875440449,82.8405,11.2861646607487,184.09,82.36,29811.75,-18.09
FMM,2018-12-27,2018,361,-12.24,-22.64,0,0.070835934094298,70.758,9.6490412702136,157.24,99.09,29839.56,-17.44
FMM,2018-12-28,2018,362,-0.03,-16.94,11.65,0.224226216019253,66.726,9.109148299713,148.28,162.14,29872.15,-8.485
FMM,2018-12-29,2018,363,0.38,-23.48,4.46,0.268468190582003,72.567,9.9189197609931,161.26,91.91,29909.49,-11.55
FMM,2018-12-30,2018,364,-11.72,-27.72,0.87,0.094219051706045,88.3215,12.0893218125952,196.27,62.44,29951.55,-19.72
FMM,2018-12-31,2018,365,-5.56,-17.46,11.59,0.125034548491727,55.6425,7.62815192055525,123.65,155.23,29998.29,-11.51
FMM,2019-01-01,2019,1,-4.71,-25.11,13.86,0.176312781443868,73.7415,10.1267792528711,163.87,79.4,30049.91,-14.91
FMM,2019-01-02,2019,2,-12.72,-31.32,2.5,0.0935107970129291,73.1925,10.0701175567748,162.65,44.42,30105.91,-22.02
FMM,2019-01-03,2019,3,-9.07,-21.39,3.24,0.099330554284109,61.938,8.5388174116236,137.64,110.68,30166.46,-15.23
FMM,2019-01-04,2019,4,-3.16,-11.54,5.34,0.116221107012171,46.8405,6.47138983178835,104.09,252.84,30231.51,-7.35
FMM,2019-01-05,2019,5,-1.7,-5.68,0,0.0702296839482056,31.932,4.4218033605324,70.96,399.93,30301.01,-3.69
FMM,2019-01-06,2019,6,-5.21,-20.85,0,0.150075480407098,96.1965,13.3533529400745,213.77,115.99,30374.9,-13.03
FMM,2019-01-07,2019,7,-11.37,-22.87,4.03,0.0805307962143293,61.623,8.5761168287121,136.94,97.05,30453.11,-17.12
FMM,2019-01-08,2019,8,-4.53,-14.31,8.96,0.118059918082936,55.377,7.727732539884,123.06,201.92,30535.6,-9.42
FMM,2019-01-09,2019,9,-4.87,-8.91,11.11,0.0575934508576252,25.7805,3.6078216411978,57.29,311.64,30622.28,-6.89
FMM,2019-01-10,2019,10,-7.38,-18.68,1.6,0.106422871430592,85.4505,11.9937353645835,189.89,139.89,30713.1,-13.03
FMM,2019-01-11,2019,11,-19.4,-23.75,0,0.0217331607528588,38.2905,5.3910140189283,85.09,89.77,30807.98,-21.575
FMM,2019-01-12,2019,12,-17.64,-24.42,0,0.0350441028024186,58.239,8.2259270497755,129.42,84.51,30906.85,-21.03
FMM,2019-01-13,2019,13,-13.8,-27.11,0,0.0730414146216422,97.4925,13.8160619429963,216.65,66.1,31009.65,-20.455
FMM,2019-01-14,2019,14,-10.34,-27.54,0,0.10820586744446,109.611,15.5868426207783,243.58,63.5,31116.29,-18.94
FMM,2019-01-15,2019,15,-8.58,-21.04,0,0.10372206123785,95.5845,13.6404791048939,212.41,114.03,31226.69,-14.81
FMM,2019-01-16,2019,16,-5.89,-26.12,7.56,0.16136047591638,86.6655,12.4128751273547,192.59,72.4,31340.79,-16.005
FMM,2019-01-17,2019,17,-19.68,-32.18,0,0.0445060194665035,98.9505,14.2256527704225,219.89,40.88,31458.5,-25.93
FMM,2019-01-18,2019,18,-11.14,-26.18,4.99,0.095401317983369,81.459,11.7561149658162,181.02,71.98,31579.74,-18.66
FMM,2019-01-19,2019,19,-22.47,-34.55,2.66,0.0347945549020099,74.0115,10.7234703637186,164.47,32.39,31704.43,-28.51
FMM,2019-01-20,2019,20,-18.81,-26.29,9.61,0.0344005125911765,52.4565,7.6310796261384,116.57,71.26,31832.48,-22.55
FMM,2019-01-21,2019,21,-21.6,-27,0,0.0217282263349496,53.091,7.7552520622821,117.98,66.77,31963.83,-24.3
FMM,2019-01-22,2019,22,-13.82,-27.02,4.84,0.0725865075274456,81.099,11.8963795946634,180.22,66.66,32098.38,-20.42
FMM,2019-01-23,2019,23,-6.91,-18.56,11.54,0.112185711484055,76.5225,11.2732024291695,170.05,141.33,32236.06,-12.735
FMM,2019-01-24,2019,24,-0.14,-8.83,16.93,0.146098839326552,62.5545,9.2556817102107,139.01,313.46,32376.78,-4.485
FMM,2019-01-25,2019,25,-9.3,-19.32,3.06,0.0857534211088376,72.045,10.707219990999,160.1,132.42,32520.46,-14.31
FMM,2019-01-26,2019,26,-16.6,-30.14,0,0.0594099828504228,119.205,17.7959041366185,264.9,49.7,32667.01,-23.37
FMM,2019-01-27,2019,27,-8.2,-30.88,7.41,0.142249185170023,105.2955,15.791251519121,233.99,46.32,32816.37,-19.54
FMM,2019-01-28,2019,28,-18.16,-29.38,1.51,0.047239446820377,110.4165,16.6359870815382,245.37,53.42,32968.44,-23.77
FMM,2019-01-29,2019,29,-13.89,-27.73,7.01,0.0741229639607176,93.7755,14.1950552988699,208.39,62.39,33123.14,-20.81
FMM,2019-01-30,2019,30,-11.39,-22.35,3.27,0.0780324802412609,82.998,12.623284341144,184.44,101.64,33280.4,-16.87
FMM,2019-01-31,2019,31,-20.55,-28.19,0,0.0304402930747087,88.398,13.5091096354404,196.44,59.78,33440.14,-24.37
FMM,2019-02-01,2019,32,-19.25,-28.47,0,0.0383407695836674,105.9525,16.270322262669,235.45,58.2,33602.28,-23.86
FMM,2019-02-02,2019,33,-15.22,-24.92,3.81,0.0541525204910784,83.5875,12.8987216254575,185.75,80.73,33766.74,-20.07
FMM,2019-02-03,2019,34,-10.13,-27.02,5,0.108976200592658,110.988,17.211560271102,246.64,66.64,33933.45,-18.575
FMM,2019-02-04,2019,35,-1.81,-11.65,9.99,0.142702432234984,83.8035,13.0605783775484,186.23,250.7,34102.33,-6.73
FMM,2019-02-05,2019,36,1.93,-17.98,12.09,0.277186823767765,118.5165,18.5631240428906,263.37,148.51,34273.31,-8.025
FMM,2019-02-06,2019,37,-8.22,-22.99,4.21,0.117190503246355,110.115,17.334268327476,244.7,96.08,34446.32,-15.605
FMM,2019-02-07,2019,38,-2.97,-14.57,2.38,0.147287515568502,97.362,15.4045425795552,216.36,197.61,34621.28,-8.77
FMM,2019-02-08,2019,39,0.52,-17.3,9.17,0.238986424958936,119.187,18.9540051718167,264.86,157.33,34798.13,-8.39
FMM,2019-02-09,2019,40,-15.18,-22.16,0,0.0431158018652021,89.811,14.3557432241733,199.58,103.42,34976.79,-18.67
FMM,2019-02-10,2019,41,-15.17,-20.65,0,0.0359695459460601,72.702,11.680914307608,161.56,117.98,35157.2,-17.91
FMM,2019-02-11,2019,42,-18.38,-25.5,0,0.0342841356777156,93.798,15.148433372598,208.44,76.65,35339.3,-21.94
FMM,2019-02-12,2019,43,-9.32,-29.2,5.08,0.124439910494002,130.41,21.170779704837,289.8,54.35,35523.01,-19.26
FMM,2019-02-13,2019,44,-10.43,-15.11,12.61,0.0445055952356385,49.14,8.019001297944,109.2,189.05,35708.28,-12.77
FMM,2019-02-14,2019,45,-8.78,-22.59,10.09,0.108489153373848,118.0215,19.3602915311378,262.27,99.49,35895.05,-15.685
FMM,2019-02-15,2019,46,-4.82,-24.45,11.83,0.172081828861214,135.7155,22.3795411590654,301.59,84.3,36083.24,-14.635
FMM,2019-02-16,2019,47,-5.33,-19.08,2.04,0.138614049867176,120.33,19.946717527842,267.4,135.19,36272.82,-12.205
FMM,2019-02-17,2019,48,-13.46,-27.65,0,0.0776467570444644,167.8365,27.9681324878066,372.97,62.84,36463.71,-20.555
FMM,2019-02-18,2019,49,-13.64,-31.45,0,0.085477734383152,184.9185,30.9770441786637,410.93,43.88,36655.86,-22.545
FMM,2019-02-19,2019,50,-16.83,-24.71,0,0.0415534902427232,113.193,19.0618070807322,251.54,82.32,36849.22,-20.77
FMM,2019-02-20,2019,51,-10.86,-25.74,6.31,0.0968368803639939,129.798,21.9734893758564,288.44,74.98,37043.74,-18.3
FMM,2019-02-21,2019,52,-5.71,-16.87,3.95,0.118767533805398,110.7945,18.8554373608464,246.21,163.17,37239.36,-11.29
FMM,2019-02-22,2019,53,-7.39,-16.78,0,0.0940921118826182,133.389,22.8205445479119,296.42,164.33,37436.03,-12.085
FMM,2019-02-23,2019,54,-5.13,-21.41,0,0.154128394873845,187.3845,32.2275123034605,416.41,110.42,37633.7,-13.27
FMM,2019-02-24,2019,55,-7.03,-15.64,16.27,0.0907634223760412,93.807,16.2186395410368,208.46,180.83,37832.32,-11.335
FMM,2019-02-25,2019,56,-5.17,-21.7,4.3,0.154835146352434,143.4195,24.9271122778839,318.71,107.69,38031.86,-13.435
FMM,2019-02-26,2019,57,-21.81,-26.4,0,0.0188776763641913,76.3695,13.3433846208338,169.71,70.53,38232.25,-24.105
FMM,2019-02-27,2019,58,-16.54,-31.2,0,0.0621983629220024,191.592,33.6514024059768,425.76,44.92,38433.47,-23.87
FMM,2019-02-28,2019,59,-10.69,-33.48,0,0.118053286101482,219.6135,38.7758394414877,488.03,36,38635.45,-22.085
FMM,2019-03-01,2019,60,-7.24,-29.44,0,0.151579903528523,219.8565,39.0224362877469,488.57,53.14,38838.18,-18.34
FMM,2019-03-02,2019,61,-4.1,-25.35,0,0.187327783952661,218.4255,38.9714921916107,485.39,77.65,39041.59,-14.725
FMM,2019-03-03,2019,62,-5.32,-15.59,2.06,0.115612429510233,111.9915,20.0859689987258,248.87,181.56,39245.65,-10.455
FMM,2019-03-04,2019,63,-5.34,-21.45,2.69,0.1510080523741,149.5485,26.9618011793428,332.33,110.05,39450.33,-13.395
FMM,2019-03-05,2019,64,-13.2,-27.61,0,0.0798328943191583,193.401,35.0492985804663,429.78,63.09,39655.59,-20.405
FMM,2019-03-06,2019,65,-15.71,-30.86,0,0.0674777258539141,199.827,36.4017865143582,444.06,46.42,39861.38,-23.285
FMM,2019-03-07,2019,66,-16.58,-28.98,0,0.0566728665898414,181.161,33.1722551834559,402.58,55.48,40067.67,-22.78
FMM,2019-03-08,2019,67,-10.25,-22.08,0,0.0889640233842299,177.57,32.682494545407,394.6,104.11,40274.43,-16.165
FMM,2019-03-09,2019,68,-7.93,-26.26,0,0.133193820762214,224.5185,41.5361477818629,498.93,71.5,40481.62,-17.095
FMM,2019-03-10,2019,69,-5.39,-25.76,17.77,0.167814712431594,174.1185,32.3772810460295,386.93,74.8,40689.21,-15.575
FMM,2019-03-11,2019,70,-3.58,-10.69,6.26,0.0998597531650895,87.3225,16.3205810918753,194.05,270.62,40897.17,-7.135
FMM,2019-03-12,2019,71,-7.32,-16.35,0,0.0919758655749497,146.0115,27.4285453186503,324.47,170.42,41105.46,-11.835
FMM,2019-03-13,2019,72,-0.94,-17.34,0,0.207382263195281,218.3265,41.2211703760542,485.17,156.75,41314.04,-9.14
FMM,2019-03-14,2019,73,3.72,-9.47,2.2,0.249862808473765,145.008,27.516667762224,322.24,298.07,41522.9,-2.875
FMM,2019-03-15,2019,74,5.55,-0.47,6.27,0.158016950196964,74.871,14.2790373124353,166.38,589.95,41731.99,2.54
FMM,2019-03-16,2019,75,-0.55,-14.35,3.39,0.193308770403669,152.82,29.291268475746,339.6,201.27,41941.29,-7.45
FMM,2019-03-17,2019,76,-10.25,-16.58,0,0.0573976420239583,113.7735,21.9160776818192,252.83,167.24,42150.77,-13.415
FMM,2019-03-18,2019,77,-8.95,-22.93,0,0.107813645892987,216.0315,41.820896039382,480.07,96.6,42360.4,-15.94
FMM,2019-03-19,2019,78,-6.85,-27.05,0,0.15037105851266,254.061,49.4264343871278,564.58,66.45,42570.14,-16.95
FMM,2019-03-20,2019,79,0.2,-22.82,0,0.261568948426258,263.151,51.4471949165979,584.78,97.54,42779.97,-11.31
FMM,2019-03-21,2019,80,2.97,-9.09,3.38,0.224634848993227,144.6975,28.4277938591138,321.55,307.28,42989.85,-3.06
FMM,2019-03-22,2019,81,1.21,-2.49,8.39,0.0794284544246476,52.9965,10.4627253113789,117.77,508.44,43199.77,-0.64
FMM,2019-03-23,2019,82,-1.57,-8.49,0.99,0.11179497834563,128.394,25.4710948820202,285.32,322,43409.69,-5.03
FMM,2019-03-24,2019,83,-4.12,-15.88,0,0.137208947140972,201.5055,40.168395510242,447.79,177.3,43619.57,-10.0
FMM,2019-03-25,2019,84,-8.6,-18.34,0,0.088481171816015,179.1585,35.885511688743,398.13,144.02,43829.4,-13.47
FMM,2019-03-26,2019,85,-7.26,-20.19,0,0.11658283556945,219.897,44.2562317417035,488.66,122.82,44039.15,-13.725
FMM,2019-03-27,2019,86,0.18,-22.45,0,0.259501474095914,277.929,56.2019349357981,617.62,100.79,44248.77,-11.135
FMM,2019-03-28,2019,87,1.92,-7.27,5.24,0.174108550076798,124.8615,25.3686356854538,277.47,354.01,44458.25,-2.675
FMM,2019-03-29,2019,88,1.6,-14.45,2.71,0.243486174155642,184.8645,37.7365204371757,410.81,199.56,44667.55,-6.425
FMM,2019-03-30,2019,89,1.65,-17.8,13.49,0.26908907148455,202.3605,41.5013550408504,449.69,150.8,44876.64,-8.075
FMM,2019-03-31,2019,90,3.52,-7.92,18.62,0.224873611142886,154.6335,31.8607999956225,343.63,336.7,45085.5,-2.2
FMM,2019-04-01,2019,91,-5.97,-13.74,1.28,0.0907333724168306,158.8635,32.8837899368875,353.03,211.49,45294.09,-9.855
FMM,2019-04-02,2019,92,0.42,-10.28,0,0.175611312050642,205.551,42.7434828810066,456.78,279.54,45502.38,-4.93
FMM,2019-04-03,2019,93,3.49,-7.39,2.74,0.217020306194756,156.8295,32.761087868219,348.51,350.78,45710.33,-1.95
FMM,2019-04-04,2019,94,-7.56,-13.69,1.97,0.0677076949517828,134.694,28.2648482063136,299.32,212.44,45917.92,-10.625
FMM,2019-04-05,2019,95,0.33,-16.25,2.36,0.227347786340361,204.7725,43.1643541797608,455.05,171.91,46125.11,-7.96
FMM,2019-04-06,2019,96,1.5,-5.51,1.42,0.138204834979091,153.1035,32.4176285623806,340.23,405.1,46331.88,-2.005
FMM,2019-04-07,2019,97,0.46,-9.72,0,0.170106612807278,211.464,44.9740444446216,469.92,292.29,46538.17,-4.63
FMM,2019-04-08,2019,98,-7.35,-9.93,15.2,0.0331051065776704,50.6115,10.8116234271378,112.47,287.38,46743.96,-8.64
FMM,2019-04-09,2019,99,-5.75,-8.94,9.76,0.0442517422397881,62.658,13.4437711162932,139.24,310.87,46949.22,-7.345
FMM,2019-04-10,2019,100,-0.86,-11.7,0,0.162516998398108,237.231,51.121696508613,527.18,249.69,47153.9,-6.28
FMM,2019-04-11,2019,101,6.79,-10.27,0,0.353730716526152,291.546,63.0981121178034,647.88,279.81,47357.97,-1.74
FMM,2019-04-12,2019,102,6.27,-9.54,0,0.328077353131428,285.696,62.0975988135936,634.88,296.45,47561.38,-1.635
FMM,2019-04-13,2019,103,9.37,-0.95,0.91,0.302805448971496,225.477,49.217556308949,501.06,569.9,47764.1,4.21
FMM,2019-04-14,2019,104,5.63,-2.92,4.09,0.209238713668625,147.6765,32.3714318047744,328.17,492.57,47966.09,1.355
FMM,2019-04-15,2019,105,0.28,-2.13,10.93,0.050660610917845,50.751,11.1715439146317,112.78,522.46,48167.31,-0.925
FMM,2019-04-16,2019,106,-0.71,-4.91,2.03,0.0781998635822068,82.575,18.2524138953525,183.5,424.29,48367.71,-2.81
FMM,2019-04-17,2019,107,6.12,-10.54,0,0.334440548274502,301.131,66.8367140763708,669.18,273.91,48567.24,-2.21
FMM,2019-04-18,2019,108,3.9,-8.49,20.43,0.242942042820984,201.4875,44.9035094685263,447.75,321.97,48765.87,-2.295
FMM,2019-04-19,2019,109,7.23,0.25,21.88,0.197334769775658,137.097,30.6772878062466,304.66,621.99,48963.54,3.74
FMM,2019-04-20,2019,110,3.06,-0.55,17.81,0.0872345968479901,78.21,17.570827510137,173.8,586.58,49160.21,1.255
FMM,2019-04-21,2019,111,12.1,-0.74,0,0.415592447856809,277.9875,62.7017883300113,617.75,578.53,49355.83,5.68
FMM,2019-04-22,2019,112,11.83,-1.66,0,0.422218547641963,283.7115,64.2450788467942,630.47,540.62,49550.35,5.085
FMM,2019-04-23,2019,113,7.64,-2.7,3.62,0.272459663340469,185.832,42.2449571434104,412.96,500.84,49743.71,2.47
FMM,2019-04-24,2019,114,-0.38,-2.62,4.31,0.0454330196950162,52.596,12.0027714746364,116.88,503.81,49935.87,-1.5
FMM,2019-04-25,2019,115,3.16,-2.83,0,0.135476066384909,170.1405,38.9756732601154,378.09,495.73,50126.77,0.165
FMM,2019-04-26,2019,116,7.52,-0.2,15.49,0.217739134220562,161.505,37.137376047069,358.9,601.77,50316.34,3.66
FMM,2019-04-27,2019,117,4.35,-1.81,20.21,0.149268722153182,136.926,31.6033078232628,304.28,534.81,50504.54,1.27
FMM,2019-04-28,2019,118,-1.31,-6.12,0,0.0846337437041461,153.99,35.673213558933,342.2,386.76,50691.31,-3.715
FMM,2019-04-29,2019,119,0.75,-7.57,0,0.149996927565211,248.139,57.6938103786657,551.42,345.83,50876.59,-3.41
FMM,2019-04-30,2019,120,2.47,-6.35,0,0.174961253820709,258.957,60.426469029447,575.46,380.15,51060.3,-1.94
FMM,2019-05-01,2019,121,5.29,-10.03,0,0.302425167816696,325.8855,76.315139013564,724.19,285.28,51242.4,-2.37
FMM,2019-05-02,2019,122,8.28,-2.98,0,0.301141482709178,290.6235,68.2971872721939,645.83,490.25,51422.82,2.65
FMM,2019-05-03,2019,123,6.61,-3.35,2.08,0.248733770495669,205.281,48.4091116105716,456.18,477.16,51601.48,1.63
FMM,2019-05-04,2019,124,11.76,-3.54,0,0.454322188320571,321.831,76.1538937705911,715.18,470.14,51778.33,4.11
FMM,2019-05-05,2019,125,14.62,-5.79,0,0.632274789958242,337.743,80.189165746683,750.54,396.82,51953.3,4.415
FMM,2019-05-06,2019,126,15.51,-3.23,0,0.638907342220572,332.199,79.1355278145033,738.22,481.33,52126.31,6.14
FMM,2019-05-07,2019,127,8.73,-3.13,3.26,0.320606185178488,217.566,51.9979727363598,483.48,484.95,52297.29,2.8
FMM,2019-05-08,2019,128,3.43,-4.57,0,0.173025111010116,227.2185,54.4802803119081,504.93,435.27,52466.18,-0.57
FMM,2019-05-09,2019,129,10.12,-7.85,2.61,0.449131855966751,248.535,59.7806969948055,552.3,338.44,52632.89,1.135
FMM,2019-05-10,2019,130,5.09,1.68,16.95,0.093887519539001,77.949,18.8078414649048,173.22,689.39,52797.36,3.385
FMM,2019-05-11,2019,131,3.2,-1.51,0,0.110886456890737,146.2005,35.3841702668204,324.89,546.81,52959.51,0.845
FMM,2019-05-12,2019,132,10.16,-3.88,0,0.390745424161192,316.071,76.7278069130475,702.38,458.36,53119.25,3.14
FMM,2019-05-13,2019,133,9.39,-4.8,0,0.374934543191736,317.367,77.2705166053788,705.26,427.67,53276.52,2.295
FMM,2019-05-14,2019,134,4.81,0.63,0,0.110550509672997,131.5395,32.1194099631335,292.31,639.21,53431.23,2.72
FMM,2019-05-15,2019,135,6.6,-0.38,0,0.189899221761559,205.902,50.420392469262,457.56,594.04,53583.3,3.11
FMM,2019-05-16,2019,136,10.17,-0.58,0,0.327295808302172,275.661,67.6908344623482,612.58,585.58,53732.66,4.795
FMM,2019-05-17,2019,137,10.82,-0.56,8.2,0.354539481871994,214.6545,52.85396563448,477.01,586.21,53879.23,5.13
FMM,2019-05-18,2019,138,9.56,-0.01,0,0.290276670337306,261.1845,64.4824565876102,580.41,610.17,54022.91,4.775
FMM,2019-05-19,2019,139,7.31,0.52,4.36,0.194123170675182,151.6635,37.5409377731898,337.03,634.12,54163.64,3.915
FMM,2019-05-20,2019,140,14.04,4,15.37,0.393286467448137,196.3485,48.7252610761914,436.33,812.91,54301.32,9.02
FMM,2019-05-21,2019,141,5.36,1.48,1.59,0.107163065959741,123.7635,30.7888899071166,275.03,679.52,54435.88,3.42
FMM,2019-05-22,2019,142,13.44,-0.34,0,0.47154257399612,315.5895,78.6992608826285,701.31,595.74,54567.23,6.55
FMM,2019-05-23,2019,143,13.21,0.02,9.92,0.452130245928489,231.462,57.855667725702,514.36,611.6,54695.3,6.615
FMM,2019-05-24,2019,144,13.32,-1.5,2.34,0.490032011677864,239.562,60.0168449988,532.36,547.04,54820,5.91
FMM,2019-05-25,2019,145,15.61,-2.51,4.3,0.631430178272462,251.091,63.0442965802788,557.98,507.69,54941.24,6.55
FMM,2019-05-26,2019,146,17.82,3.73,2.67,0.619178721998483,226.7595,57.0571000373484,503.91,797.81,55058.96,10.775
FMM,2019-05-27,2019,147,8.71,-3.49,0,0.326479720683177,289.071,72.8866175365782,642.38,471.89,55173.06,2.61
FMM,2019-05-28,2019,148,13.36,-4.91,0,0.553528088046451,334.665,84.551607462294,743.7,424.13,55283.48,4.225
FMM,2019-05-29,2019,149,14.23,-2.8,0,0.561469378693904,324.513,82.1449000328292,721.14,497.02,55390.12,5.715
FMM,2019-05-30,2019,150,14.84,1.69,9.13,0.497217630040024,213.5835,54.1653501609734,474.63,690.06,55492.93,8.265
FMM,2019-05-31,2019,151,9.87,-0.85,0,0.320786299330106,257.175,65.3364844769475,571.5,574.06,55591.81,4.51
FMM,2019-06-01,2019,152,15.59,-3.09,0,0.640739165821332,332.478,84.611734076682,738.84,486.54,55686.7,6.25
FMM,2019-06-02,2019,153,9.71,2.16,32.75,0.244546070123337,144.171,36.7496654087691,320.38,713.45,55777.53,5.935
FMM,2019-06-03,2019,154,9.72,2.51,2.18,0.235954937047493,141.0795,36.0175237504893,313.51,731.44,55864.22,6.115
FMM,2019-06-04,2019,155,8.49,0.87,3.54,0.228533796568672,153.117,39.1484132454699,340.26,650.53,55946.71,4.68
FMM,2019-06-05,2019,156,14.99,0.27,0,0.539067402747773,312.57,80.028539815806,694.6,622.88,56024.94,7.63
FMM,2019-06-06,2019,157,16.4,-1.65,0,0.660291060549052,333.7515,85.5644237796047,741.67,541.25,56098.83,7.375
FMM,2019-06-07,2019,158,15.57,-2.53,0,0.629350052931115,332.7075,85.4024598711135,739.35,507.13,56168.34,6.52
FMM,2019-06-08,2019,159,16.65,-2.12,0,0.684378864222112,335.214,86.145518870532,744.92,522.86,56233.4,7.265
FMM,2019-06-09,2019,160,25.47,3.92,0,1.25115478365202,334.8135,86.1352584384222,744.03,778.64,56293.96,14.695
FMM,2019-06-10,2019,161,25.01,5.48,0,1.15856129510415,322.6635,83.0921136968061,717.03,873.81,56349.98,15.245
FMM,2019-06-11,2019,162,15.91,5.89,23.96,0.437807265308443,171.1485,44.1142707646165,380.33,927.84,56401.39,10.9
FMM,2019-06-12,2019,163,19.23,4.03,0,0.704743618422392,297.3375,76.70358731718,660.75,814.72,56448.16,11.63
FMM,2019-06-13,2019,164,17.64,3.25,0,0.621304775350065,287.19,74.141097481575,638.2,770.94,56490.25,10.445
FMM,2019-06-14,2019,165,12.36,6.57,7.35,0.230489933922213,104.7735,27.0662664348999,232.83,972.1,56527.62,9.465
FMM,2019-06-15,2019,166,11.98,5.84,29.03,0.236590646500293,111.996,28.9487593204128,248.88,924.46,56560.24,8.91
FMM,2019-06-16,2019,167,12.9,3.41,0,0.352710891023175,220.9455,57.1381791446641,490.99,779.75,56588.09,8.155
FMM,2019-06-17,2019,168,16.79,1.48,0,0.614114918979886,299.0925,77.379063637302,664.65,679.84,56611.12,9.135
FMM,2019-06-18,2019,169,21.22,0.98,0,0.929863893636118,328.2255,84.9434740032969,729.39,655.83,56629.34,11.1
FMM,2019-06-19,2019,170,18.89,4.3,0.46,0.673551490171453,282.4785,73.121589248279,627.73,830.36,56642.71,11.595
FMM,2019-06-20,2019,171,14.49,8.17,2.1,0.280879719564262,107.8695,27.9269951349965,239.71,1084.48,56651.23,11.33
FMM,2019-06-21,2019,172,18.98,8.71,0,0.531579021232916,219.204,56.7547217619264,487.12,1125.55,56654.88,13.845
FMM,2019-06-22,2019,173,19.77,7.07,0,0.646527419746315,257.2785,66.6112863111516,571.73,1006.42,56653.68,13.42
FMM,2019-06-23,2019,174,20.13,2.73,0,0.804613513729098,308.5965,79.8893315996981,685.77,743.06,56647.61,11.43
FMM,2019-06-24,2019,175,20.23,-0.25,0,0.883524021582965,329.0805,85.1757983044007,731.29,599.89,56636.69,9.99
FMM,2019-06-25,2019,176,19.1,0.48,6.2,0.787286984450107,237.4515,61.442370449653,527.67,632.26,56620.91,9.79
FMM,2019-06-26,2019,177,22.18,12.16,11.42,0.624494045799933,155.187,40.1411996474229,344.86,1416.78,56600.31,17.17
FMM,2019-06-27,2019,178,21.7,7.81,8.45,0.76586353140516,201.447,52.0835673268431,447.66,1058.26,56574.89,14.755
FMM,2019-06-28,2019,179,23.37,6.01,9.31,0.965913545096021,226.7865,58.6037048595044,503.97,935.09,56544.67,14.69
FMM,2019-06-29,2019,180,21.5,11.2,11.31,0.613815524807795,161.514,41.7108747429162,358.92,1329.77,56509.69,16.35
FMM,2019-06-30,2019,181,20.58,8.2,2.32,0.665694674644302,187.308,48.3381650932488,416.24,1086.58,56469.98,14.39
FMM,2019-07-01,2019,182,23.58,6.84,0,0.956504615362761,297.882,76.8132850941144,661.96,990.25,56425.56,15.21
FMM,2019-07-02,2019,183,22.17,9.08,2.66,0.755573206748304,191.2095,49.2633225234734,424.91,1153.73,56376.49,15.625
FMM,2019-07-03,2019,184,23.88,8,0,0.941684164470096,282.348,72.6750058969044,627.44,1072.32,56322.79,15.94
FMM,2019-07-04,2019,185,28.61,8.55,0,1.39774809352885,305.037,78.4338010294959,677.86,1113.2,56264.51,18.58
FMM,2019-07-05,2019,186,27.57,13.94,0,1.04356806053423,242.3475,62.244982763289,538.55,1591.07,56201.72,20.755
FMM,2019-07-06,2019,187,21.35,9.35,8.61,0.680042345157101,173.286,44.4538184441688,385.08,1174.7,56134.44,15.35
FMM,2019-07-07,2019,188,19.59,5.01,0,0.700766072911673,268.8975,68.8933592638312,597.55,872.75,56062.75,12.3
FMM,2019-07-08,2019,189,22.36,2.74,0,0.976760913187402,308.9835,79.0562769938865,686.63,743.55,55986.7,12.55
FMM,2019-07-09,2019,190,22.39,5.44,0,0.90130182316087,288.495,73.708183349874,641.1,898.99,55906.36,13.915
FMM,2019-07-10,2019,191,23.94,4.53,0,1.06156138371139,304.0515,77.5652065582783,675.67,843.84,55821.77,14.235
FMM,2019-07-11,2019,192,22.93,9.14,11.07,0.815891656865693,187.281,47.7004522340934,416.18,1158.71,55733.02,16.035
FMM,2019-07-12,2019,193,21.44,14.55,5.92,0.446309668378011,105.0525,26.7122850422872,233.45,1655.25,55640.17,17.995
FMM,2019-07-13,2019,194,24.17,12.62,13.01,0.773278546507546,163.251,41.4384641955603,362.78,1460.17,55543.29,18.395
FMM,2019-07-14,2019,195,17.55,12.49,3.47,0.276381098984492,80.253,20.3338665026766,178.34,1447.66,55442.46,15.02
FMM,2019-07-15,2019,196,22.32,9.36,0,0.756654388196345,236.493,59.8075358263974,525.54,1175.84,55337.74,15.84
FMM,2019-07-16,2019,197,22.04,7.06,10.53,0.819320218299311,193.2525,48.7764547098885,429.45,1005.57,55229.22,14.55
FMM,2019-07-17,2019,198,21.73,6.81,0,0.802877164260215,256.9725,64.727391526452,571.05,988.69,55116.96,14.27
FMM,2019-07-18,2019,199,23.33,3.2,0,1.04592963510481,296.181,74.4465291100002,658.18,768.32,55001.06,13.265
FMM,2019-07-19,2019,200,23.64,9.23,10.06,0.874208437218002,184.1805,46.1941023995672,409.29,1165.07,54881.59,16.435
FMM,2019-07-20,2019,201,26.18,16.47,0,0.758187820770919,173.448,43.4048231664432,385.44,1872.28,54758.62,21.325
FMM,2019-07-21,2019,202,22.3,10.74,1.82,0.698263803960424,206.973,51.6748116455064,459.94,1289.37,54632.24,16.52
FMM,2019-07-22,2019,203,17.75,4.7,0,0.586401846490607,232.083,57.8064463680474,515.74,854.15,54502.54,11.225
FMM,2019-07-23,2019,204,19.83,5.46,0,0.704053280158742,245.079,60.8945292964674,544.62,900.38,54369.58,12.645
FMM,2019-07-24,2019,205,17.53,3.49,0,0.607366932416976,244.98,60.717536550756,544.4,784.5,54233.46,10.51
FMM,2019-07-25,2019,206,21.09,1.9,0,0.897695560053847,283.743,70.1443250013726,630.54,700.35,54094.26,11.495
FMM,2019-07-26,2019,207,25.89,5.85,0,1.2040022383053,279.1935,68.8382045986977,620.43,924.98,53952.06,15.87
FMM,2019-07-27,2019,208,26.03,10.09,0,1.06259930592757,245.493,60.3661679448894,545.54,1234.71,53806.94,18.06
FMM,2019-07-28,2019,209,21.86,11.72,5.12,0.618858180406237,134.9865,33.1015972202289,299.97,1376.43,53658.98,16.79
FMM,2019-07-29,2019,210,25.38,10.62,0,0.97661859616861,232.227,56.7871171290153,516.06,1279.33,53508.27,18.0
FMM,2019-07-30,2019,211,25.18,15.78,10.31,0.700891808863131,120.3615,29.3479558877579,267.47,1791.67,53354.87,20.48
FMM,2019-07-31,2019,212,22.44,9.57,9.68,0.758610073073169,160.092,38.9213953093116,355.76,1192.08,53198.89,16.005
FMM,2019-08-01,2019,213,21.47,5.61,0,0.82215603542374,244.9305,59.3698150467063,544.29,909.72,53040.38,13.54
FMM,2019-08-02,2019,214,23.16,9.17,0,0.834703247749129,223.002,53.8904494164816,495.56,1160.63,52879.44,16.165
FMM,2019-08-03,2019,215,18.36,7.12,5.01,0.547904832749889,147.0735,35.4318760571864,326.83,1009.96,52716.13,12.74
FMM,2019-08-04,2019,216,15.32,4.11,0,0.458824265970462,199.098,47.8145728770444,442.44,819.35,52550.54,9.715
FMM,2019-08-05,2019,217,19.96,2.67,0,0.793876096885003,254.448,60.9120832637664,565.44,739.91,52382.74,11.315
FMM,2019-08-06,2019,218,22.46,10.4,0,0.726059748612696,198.639,47.3977566707463,441.42,1260.29,52212.81,16.43
FMM,2019-08-07,2019,219,23.09,13.55,0,0.632691390494226,164.07,39.020194133919,364.6,1551.66,52040.81,18.32
FMM,2019-08-08,2019,220,18.26,14.5,20.47,0.220350394589558,54.288,12.8679588734112,120.64,1650.47,51866.82,16.38
FMM,2019-08-09,2019,221,17.8,7.29,2.33,0.506039164481838,141.498,33.4257129511326,314.44,1021.31,51690.91,12.545
FMM,2019-08-10,2019,222,15.29,7.7,1.82,0.341271982270028,146.286,34.4379393455832,325.08,1050.57,51513.16,11.495
FMM,2019-08-11,2019,223,19.38,9.42,3.22,0.532020381906871,132.993,31.1994393319161,295.54,1180.29,51333.61,14.4
FMM,2019-08-12,2019,224,20.74,9.46,6.07,0.628632546510962,144.0135,33.6655009136502,320.03,1183.84,51152.36,15.1
FMM,2019-08-13,2019,225,16.82,3.35,0,0.567740733066267,218.4255,50.8779361364558,485.39,776.36,50969.45,10.085
FMM,2019-08-14,2019,226,18.3,1.75,0,0.703037593927578,240.534,55.824867736281,534.52,692.9,50784.95,10.025
FMM,2019-08-15,2019,227,19.34,1.62,0,0.776595599655659,244.9845,56.6495077992935,544.41,686.58,50598.93,10.48
FMM,2019-08-16,2019,228,20.52,4.32,4.55,0.789220164765926,173.1825,39.897832979646,384.85,831.17,50411.44,12.42
FMM,2019-08-17,2019,229,22.8,7.27,8.91,0.874551336424249,166.833,38.2910185865655,370.74,1020.14,50222.55,15.035
FMM,2019-08-18,2019,230,22.11,13.07,10.28,0.574944936806822,112.68,25.764017956956,250.4,1504.13,50032.31,17.59
FMM,2019-08-19,2019,231,20.94,10.61,6.55,0.596568394355455,126.1305,28.7290479973442,280.29,1278.29,49840.79,15.775
FMM,2019-08-20,2019,232,22.3,6.56,0,0.857223117515537,219.654,49.8376249040034,488.12,971.83,49648.03,14.43
FMM,2019-08-21,2019,233,18.8,8.49,5.71,0.527668094621561,113.04,25.547621658624,251.2,1108.92,49454.08,13.645
FMM,2019-08-22,2019,234,19.39,7.6,7.5,0.6013397247402,124.812,28.0968880914684,277.36,1043.32,49259.01,13.495
FMM,2019-08-23,2019,235,14.25,6.06,0,0.341212660087274,128.682,28.8527326446438,285.96,938.59,49062.87,10.155
FMM,2019-08-24,2019,236,18.92,3.1,0,0.709372205321505,200.952,44.8758376855416,446.56,762.98,48865.69,11.01
FMM,2019-08-25,2019,237,21.74,1.3,0,0.963114803022876,218.1555,48.5201082576879,484.79,670.89,48667.54,11.52
FMM,2019-08-26,2019,238,23.23,1.75,0,1.07502027245436,218.331,48.3605047449882,485.18,693.01,48468.46,12.49
FMM,2019-08-27,2019,239,24,3.75,0,1.08963653095257,211.5495,46.6650694084154,470.11,798.68,48268.49,13.875
FMM,2019-08-28,2019,240,21.92,6.06,17.39,0.843454220071389,142.6365,31.3328597671224,316.97,938.41,48067.68,13.99
FMM,2019-08-29,2019,241,20.18,9.22,1.89,0.597134252033539,149.814,32.7715107146784,332.92,1164.4,47866.08,14.7
FMM,2019-08-30,2019,242,15.11,8.4,5.28,0.305580438066667,75.609,16.4693943590436,168.02,1101.86,47663.72,11.755
FMM,2019-08-31,2019,243,14,2.82,0,0.423766674064591,158.6475,34.4098765618988,352.55,747.91,47460.65,8.41
FMM,2019-09-01,2019,244,15.8,-0.79,0,0.607780509604814,197.874,42.733667065842,439.72,576.42,47256.9,7.505
FMM,2019-09-02,2019,245,14.98,6.49,5.93,0.366313859994399,93.276,20.0571440724396,207.28,966.7,47052.53,10.735
FMM,2019-09-03,2019,246,13.52,3.14,0,0.390851629393896,148.032,31.6926666687744,328.96,764.9,46847.56,8.33
FMM,2019-09-04,2019,247,15.45,6.59,29.9,0.388503869542275,97.056,20.6878821070176,215.68,973.89,46642.03,11.02
FMM,2019-09-05,2019,248,13.31,0.25,0,0.452117534885045,173.979,36.9205140662397,386.62,621.71,46435.99,6.78
FMM,2019-09-06,2019,249,14.76,-1.84,0,0.571281168318708,193.599,40.9013959252878,430.22,533.7,46229.46,6.46
FMM,2019-09-07,2019,250,11.31,3.6,0,0.273494959270537,112.4595,23.6527894592892,249.91,790.45,46022.48,7.455
FMM,2019-09-08,2019,251,13.19,3.75,0,0.357559710433762,132.552,27.7530638126112,294.56,798.55,45815.08,8.47
FMM,2019-09-09,2019,252,11.82,-0.63,0,0.40044541449292,161.8515,33.733964712505,359.67,583.13,45607.31,5.595
FMM,2019-09-10,2019,253,12.4,-2.54,9.47,0.465740161220152,132.84,27.560879715384,295.2,506.54,45399.18,4.93
FMM,2019-09-11,2019,254,13.52,6.79,5.85,0.279728248408061,70.812,14.6242133316216,157.36,986.73,45190.74,10.155
FMM,2019-09-12,2019,255,13.39,-0.59,0,0.47450682288094,169.4475,34.8329551111515,376.55,584.9,44982.02,6.4
FMM,2019-09-13,2019,256,14.29,-2.66,0,0.562015674285994,185.193,37.8928569370104,411.54,502.22,44773.04,5.815
FMM,2019-09-14,2019,257,12.96,5.52,13.04,0.293168251764341,77.706,15.8253513222528,172.68,904.19,44563.84,9.24
FMM,2019-09-15,2019,258,11.72,6.49,8.24,0.203779859305723,57.2445,11.6034507905242,127.21,966.57,44354.45,9.105
FMM,2019-09-16,2019,259,12.53,6.54,0,0.239380684490124,87.759,17.7046891049007,195.02,970.25,44144.89,9.535
FMM,2019-09-17,2019,260,9.66,-1.33,0,0.322212187243299,147.564,29.628470107296,327.92,554.23,43935.2,4.165
FMM,2019-09-18,2019,261,14.52,-2.64,0,0.573962516510587,182.6325,36.4945702504455,405.85,502.82,43725.42,5.94
FMM,2019-09-19,2019,262,18.12,-1.91,0,0.772266022915791,188.19,37.424604490065,418.2,531.06,43515.55,8.105
FMM,2019-09-20,2019,263,21.61,7.95,0,0.753776344570465,153.657,30.4097683175685,341.46,1068.3,43305.65,14.78
FMM,2019-09-21,2019,264,20.59,2.76,0,0.837807207936387,174.834,34.4331167848074,388.52,744.54,43095.73,11.675
FMM,2019-09-22,2019,265,18.46,9.84,9.19,0.45257529242211,79.92,15.663376736208,177.6,1213.93,42885.82,14.15
FMM,2019-09-23,2019,266,17.75,8.79,14.17,0.447433755064308,83.4435,16.2739138099482,185.43,1131.48,42675.96,13.27
FMM,2019-09-24,2019,267,8.99,4.94,20,0.138465532071421,43.308,8.4048007489452,96.24,868.3,42466.17,6.965
FMM,2019-09-25,2019,268,9.19,5.07,3.95,0.142302912557575,45.378,8.7630414909408,100.84,876.18,42256.48,7.13
FMM,2019-09-26,2019,269,12.21,5.56,16.59,0.255994004085119,71.505,13.7400053845005,158.9,906.85,42046.93,8.885
FMM,2019-09-27,2019,270,12.75,4.58,0,0.311664538860967,115.137,22.0139132124186,255.86,846.91,41837.54,8.665
FMM,2019-09-28,2019,271,12.1,2.02,6.52,0.351435113330739,100.3545,19.0915874104415,223.01,706.46,41628.33,7.06
FMM,2019-09-29,2019,272,7.12,-1.57,0,0.232656915522511,121.383,22.9761546719985,269.74,544.2,41419.35,2.775
FMM,2019-09-30,2019,273,9.96,-1.27,0,0.333430246832313,142.524,26.8419125036484,316.72,556.4,41210.63,4.345
FMM,2019-10-01,2019,274,9.93,2.55,3.97,0.243179437274594,78.3765,14.686189220525,174.17,733.78,41002.19,6.24
FMM,2019-10-02,2019,275,6.42,-1.19,1.28,0.201100333791443,108.4905,20.2257596065851,241.09,559.79,40794.06,2.615
FMM,2019-10-03,2019,276,5.96,-4.11,0,0.240721922516218,132.957,24.6607712369172,295.46,450.64,40586.28,0.925
FMM,2019-10-04,2019,277,2.21,-0.9,1,0.0724707172937538,48.501,8.9499613890816,107.78,571.68,40378.88,0.655
FMM,2019-10-05,2019,278,8.08,-4.4,0,0.318545866775471,148.0275,27.1757148875325,328.95,440.76,40171.9,1.84
FMM,2019-10-06,2019,279,10.51,-4.58,3.37,0.417260506179407,117.279,21.4200407310111,260.62,434.73,39965.37,2.965
FMM,2019-10-07,2019,280,10.19,5.86,3.57,0.157710533099455,46.4715,8.4438758439666,103.27,925.71,39759.32,8.025
FMM,2019-10-08,2019,281,9.39,-2.34,0.82,0.331457543571593,138.6765,25.067277896333,308.17,514.35,39553.79,3.525
FMM,2019-10-09,2019,282,14.51,-4.61,0,0.608010277652016,160.3035,28.8264338005959,356.23,433.78,39348.82,4.95
FMM,2019-10-10,2019,283,16.66,-2.84,0,0.698603298602852,157.779,28.2250996363332,350.62,495.66,39144.44,6.91
FMM,2019-10-11,2019,284,16.33,-3.04,0,0.682643698454372,155.0835,27.5984973341006,344.63,488.31,38940.69,6.645
FMM,2019-10-12,2019,285,7.96,0.66,0,0.213978178858442,91.593,16.2147891811761,203.54,640.64,38737.61,4.31
FMM,2019-10-13,2019,286,11.56,-3.02,0,0.435903236303804,141.6645,24.9479815409663,314.81,488.82,38535.25,4.27
FMM,2019-10-14,2019,287,13.25,-4.5,2.16,0.541449804191273,109.872,19.2478971819456,244.16,437.41,38333.64,4.375
FMM,2019-10-15,2019,288,6.29,-2.74,0,0.227075577988193,103.275,17.9974278434025,229.5,499.29,38132.83,1.775
FMM,2019-10-16,2019,289,8.05,-2.06,0,0.275356889765959,109.5345,18.9881478155453,243.41,524.88,37932.85,2.995
FMM,2019-10-17,2019,290,4.2,0.03,18.58,0.106361491421077,38.2275,6.592075608528,84.95,611.87,37733.76,2.115
FMM,2019-10-18,2019,291,4.01,0.47,2.4,0.0909519317649127,33.624,5.767783355808,74.72,631.73,37535.6,2.24
FMM,2019-10-19,2019,292,3.93,-3.53,0,0.169312685515214,90.531,15.4479001696614,201.18,470.64,37338.42,0.2
FMM,2019-10-20,2019,293,10.77,-4.61,0,0.428720930079772,134.7795,22.8774957681551,299.51,433.85,37142.27,3.08
FMM,2019-10-21,2019,294,12.27,-3.41,0,0.475500265704989,133.6095,22.5597848111339,296.91,474.79,36947.19,4.43
FMM,2019-10-22,2019,295,7.6,-1.57,11.89,0.24925388789019,75.2085,12.6321931509678,167.13,544.42,36753.24,3.015
FMM,2019-10-23,2019,296,6.13,3.07,15.89,0.0907759996099334,28.7145,4.79765736427455,63.81,761.09,36560.47,4.6
FMM,2019-10-24,2019,297,5.8,0.88,3.68,0.135203422241639,43.8345,7.2855593529651,97.41,650.98,36368.94,3.34
FMM,2019-10-25,2019,298,2.79,-3.32,0,0.134452349594137,71.3835,11.8023061355006,158.63,477.97,36178.69,-0.265
FMM,2019-10-26,2019,299,3.27,-5.48,0,0.183192696443775,94.3245,15.5138655871274,209.61,406.23,35989.79,-1.105
FMM,2019-10-27,2019,300,1.41,-5.82,12.18,0.140489770137225,60.021,9.820426606731,133.38,395.9,35802.3,-2.205
FMM,2019-10-28,2019,301,5.75,-0.5,0.92,0.164618105772372,69.705,11.3456286985995,154.9,589.02,35616.27,2.625
FMM,2019-10-29,2019,302,6.86,3.81,0.32,0.09417241991903,35.622,5.7680262070704,79.16,802.35,35431.76,5.335
FMM,2019-10-30,2019,303,8.24,3.36,5.31,0.155830651199705,41.0895,6.6189924550926,91.31,777.1,35248.84,5.8
FMM,2019-10-31,2019,304,8.61,3.05,50.54,0.178165187541006,45.918,7.3587633442182,102.04,760.17,35067.57,5.83
FMM,2019-11-01,2019,305,5.52,-4.87,19.63,0.239558368794527,74.25,11.83829016645,165,425.29,34888.02,0.325
FMM,2019-11-02,2019,306,-1.69,-5.73,0,0.070967802165385,46.683,7.4051302054275,103.74,398.63,34710.25,-3.71
FMM,2019-11-03,2019,307,1.86,-5.13,2.78,0.140973544315348,55.305,8.7283395213705,122.9,417.14,34534.33,-1.635
FMM,2019-11-04,2019,308,1.31,-4.36,0,0.114864475654903,62.217,9.7697278545408,138.26,442.26,34360.32,-1.525
FMM,2019-11-05,2019,309,1.78,-1.54,18.12,0.0745601027690542,28.818,4.5025409393406,64.04,545.67,34188.31,0.12
FMM,2019-11-06,2019,310,-0.86,-8.28,2.38,0.123644786805119,64.6515,10.0509776216114,143.67,327.35,34018.37,-4.57
FMM,2019-11-07,2019,311,-3.48,-10.86,5.74,0.103418569622848,64.9395,10.0459467081833,144.31,267,33850.55,-7.17
FMM,2019-11-08,2019,312,-7.16,-13,1.21,0.0669490116905088,74.1465,11.4141286334497,164.77,224.78,33684.95,-10.08
FMM,2019-11-09,2019,313,-6.12,-15.66,3.28,0.10389989875135,78.8175,12.0743562014393,175.15,180.59,33521.63,-10.89
FMM,2019-11-10,2019,314,-2.98,-14.11,4.8,0.14328627485042,84.5325,12.8876780240618,187.85,205.24,33360.67,-8.545
FMM,2019-11-11,2019,315,-10.93,-16.98,5.27,0.0527929330390273,58.374,8.857310329737,129.72,161.7,33202.15,-13.955
FMM,2019-11-12,2019,316,-8.29,-13.39,10.71,0.0555619950506153,51.471,7.7731946747658,114.38,217.68,33046.14,-10.84
FMM,2019-11-13,2019,317,-10.91,-20.67,0,0.0749836241520754,108.909,16.3711764952749,242.02,117.79,32892.73,-15.79
FMM,2019-11-14,2019,318,-8.08,-21.03,2.38,0.109975940955238,86.9445,13.00958726283,193.21,114.18,32742,-14.555
FMM,2019-11-15,2019,319,-4.64,-19.52,6.88,0.15212517028966,88.2,13.13780201748,196,130.18,32594.02,-12.08
FMM,2019-11-16,2019,320,-10.49,-19.84,0,0.0750329351463069,101.2725,15.017838943086,225.05,126.67,32448.88,-15.165
FMM,2019-11-17,2019,321,-3.21,-20.97,0,0.184279271964656,117.7695,17.3876581205559,261.71,114.83,32306.66,-12.09
FMM,2019-11-18,2019,322,-0.12,-19.35,0,0.237233472086336,116.523,17.1294870128184,258.94,132.09,32167.44,-9.735
FMM,2019-11-19,2019,323,-0.25,-7.35,0,0.124391201963243,77.193,11.299746083913,171.54,351.89,32031.3,-3.8
FMM,2019-11-20,2019,324,1.51,-3.11,0,0.0979307667305715,53.9145,7.85940608342745,119.81,485.74,31898.33,-0.8
FMM,2019-11-21,2019,325,-0.23,-5.94,0,0.104810747383887,65.43,9.49929110586,145.4,392.03,31768.6,-3.085
FMM,2019-11-22,2019,326,0.11,-11.71,10.98,0.183574831776455,75.33,10.89308365182,167.4,249.51,31642.2,-5.8
FMM,2019-11-23,2019,327,-6.5,-15.61,0,0.0980597869742669,89.3205,12.8659739973989,198.49,181.26,31519.21,-11.055
FMM,2019-11-24,2019,328,-0.22,-9.28,2.1,0.149649448786184,64.089,9.1965583848483,142.42,302.72,31399.71,-4.75
FMM,2019-11-25,2019,329,-1.37,-5.55,1.89,0.0746677293682207,46.26,6.613647618996,102.8,404.1,31283.78,-3.46
FMM,2019-11-26,2019,330,0.7,-4.4,5.44,0.101107959247157,40.977,5.8373293912839,91.06,440.94,31171.51,-1.85
FMM,2019-11-27,2019,331,-0.69,-6.51,3.7,0.103319370511524,45.8955,6.5152208687076,101.99,375.26,31062.96,-3.6
FMM,2019-11-28,2019,332,-3.93,-7.97,2.87,0.061507427730623,33.021,4.6717802185734,73.38,335.19,30958.22,-5.95
FMM,2019-11-29,2019,333,-7.44,-16.73,0,0.092961846138302,85.212,12.016433442474,189.36,165.13,30857.35,-12.085
FMM,2019-11-30,2019,334,-12.08,-18.08,0,0.0483047498997134,62.0595,8.72403013076175,137.91,147.3,30760.45,-15.08
FMM,2019-12-01,2019,335,-5.01,-21.67,0,0.157283892683507,101.7225,14.2564892342153,226.05,107.92,30667.57,-13.34
FMM,2019-12-02,2019,336,-4.2,-21.37,0,0.169103369357073,100.6965,14.071844073294,223.77,110.81,30578.8,-12.785
FMM,2019-12-03,2019,337,-2.31,-16.5,0,0.174226808368649,94.671,13.1932036590093,210.38,168.33,30494.19,-9.405
FMM,2019-12-04,2019,338,-2.52,-18.27,0,0.181923974893349,95.9715,13.3391854765166,213.27,144.95,30413.81,-10.395
FMM,2019-12-05,2019,339,-3.87,-11.29,0,0.101235521648007,63.162,8.7569960793282,140.36,257.88,30337.73,-7.58
FMM,2019-12-06,2019,340,-8.24,-14.1,1.08,0.0623663202767466,51.903,7.1789979968271,115.34,205.37,30266.01,-11.17
FMM,2019-12-07,2019,341,-10.48,-14.73,0,0.040975199844299,38.736,5.3458819436592,86.08,195.05,30198.71,-12.605
FMM,2019-12-08,2019,342,-6.16,-18.35,2.46,0.121647651868941,63.288,8.7160848506208,140.64,143.93,30135.88,-12.255
FMM,2019-12-09,2019,343,2.37,-6.22,14.86,0.170528072090656,50.634,6.9598732087404,112.52,383.9,30077.58,-1.925
FMM,2019-12-10,2019,344,4.16,-16.52,10.57,0.327428665138092,71.694,9.837061651683,159.32,167.99,30023.85,-6.18
FMM,2019-12-11,2019,345,-11.99,-21.62,2.56,0.0686293487310622,54.8595,7.5149045680671,121.91,108.41,29974.74,-16.805
FMM,2019-12-12,2019,346,-14.73,-21.58,0,0.0440254639885925,56.619,7.744430106549,125.82,108.79,29930.3,-18.155
FMM,2019-12-13,2019,347,-4.42,-14.96,3.21,0.125226433918308,57.006,7.787008968381,126.68,191.3,29890.55,-9.69
FMM,2019-12-14,2019,348,1.44,-5.44,21.67,0.135636027151415,41.2965,5.6344869357777,91.77,407.29,29855.54,-2.0
FMM,2019-12-15,2019,349,1.27,-19.26,6.1,0.268625084554138,71.4105,9.7333669064205,158.69,133.17,29825.3,-8.995
FMM,2019-12-16,2019,350,-10.48,-21.28,1.61,0.0826211142386114,78.228,10.6535012076864,173.84,111.72,29799.84,-15.88
FMM,2019-12-17,2019,351,-8.73,-17.05,0,0.0785693987556215,66.564,9.0587606383908,147.92,160.65,29779.21,-12.89
FMM,2019-12-18,2019,352,-9.46,-19.01,1.6,0.0820035423060989,74.709,10.161823897242,166.02,136.07,29763.4,-14.235
FMM,2019-12-19,2019,353,-17.04,-22.06,0,0.0291917365987428,44.8965,6.10451858241225,99.77,104.27,29752.45,-19.55
FMM,2019-12-20,2019,354,-7.93,-19.88,0,0.105949629839545,83.808,11.392928200656,186.24,126.17,29746.35,-13.905
FMM,2019-12-21,2019,355,-6.77,-21.83,0,0.131592010725357,90.684,12.3271433874468,201.52,106.41,29745.11,-14.3
FMM,2019-12-22,2019,356,-5.67,-15.2,3.69,0.107173782729998,53.8875,7.3260994862475,119.75,187.59,29748.74,-10.435
FMM,2019-12-23,2019,357,-1.78,-8.16,1.27,0.103516121350183,52.8345,7.1849898292113,117.41,330.3,29757.22,-4.97
FMM,2019-12-24,2019,358,-8.11,-18.58,0,0.0961647972001944,77.7285,10.5750758464272,172.73,141.09,29770.56,-13.345
FMM,2019-12-25,2019,359,-6.75,-20.61,0,0.125897274342336,88.209,12.0082917976362,196.02,118.4,29788.74,-13.68
FMM,2019-12-26,2019,360,-6.13,-22.97,1.31,0.145894864191044,93.519,12.7410002705025,207.82,96.24,29811.75,-14.55
FMM,2019-12-27,2019,361,-0.96,-12.07,5.06,0.164136932744833,57.195,7.799498508294,127.1,242.32,29839.56,-6.515
FMM,2019-12-28,2019,362,-1.57,-5.99,1.6,0.0772870933672349,35.352,4.826103927876,78.56,390.79,29872.15,-3.78
FMM,2019-12-29,2019,363,-6.16,-15.12,0,0.0992910751851558,67.5225,9.22940537105925,150.05,188.75,29909.49,-10.64
FMM,2019-12-30,2019,364,-8.84,-16.72,4.77,0.0748596636315727,45.5535,6.23529855346725,101.23,165.27,29951.55,-12.78
FMM,2019-12-31,2019,365,-6.43,-9.15,7.15,0.0368668504283624,18.3645,2.51762943694185,40.81,305.64,29998.29,-7.79
FMM,2020-01-01,2020,1,-5.32,-9.82,1.99,0.0612205888351342,40.2435,5.52656293759845,89.43,290.12,30049.91,-7.57
FMM,2020-01-02,2020,2,-3.72,-8.65,1.64,0.073786494941376,44.109,6.0686930397483,98.02,317.88,30105.91,-6.185
FMM,2020-01-03,2020,3,-0.7,-4.18,0,0.0665450024125246,31.833,4.3885203697926,70.74,448.16,30166.46,-2.44
FMM,2020-01-04,2020,4,-2.21,-8.53,1.74,0.0997895379837332,55.998,7.7365717231986,124.44,320.96,30231.51,-5.37
FMM,2020-01-05,2020,5,-9.44,-19.19,0,0.0833340676390976,80.6175,11.1635579486948,179.15,133.93,30301.01,-14.315
FMM,2020-01-06,2020,6,-11.48,-23.77,1.9,0.0831580414584998,92.9745,12.9060965100285,206.61,89.54,30374.9,-17.625
FMM,2020-01-07,2020,7,-9.54,-19.06,0.83,0.0814548673976021,80.721,11.2339990998567,179.38,135.39,30453.11,-14.3
FMM,2020-01-08,2020,8,-5.02,-17.46,2.69,0.133460247888338,70.11,9.78368868612,155.8,155.25,30535.6,-11.24
FMM,2020-01-09,2020,9,-12.59,-21.46,0,0.0621205877155527,78.9255,11.0451359338398,175.39,109.92,30622.28,-17.025
FMM,2020-01-10,2020,10,-1.66,-15.68,3.44,0.180889291527537,74.9835,10.5245991036945,166.63,180.3,30713.1,-8.67
FMM,2020-01-11,2020,11,1.2,-11.49,28.96,0.206622422415341,73.6335,10.3670422366581,163.63,253.87,30807.98,-5.145
FMM,2020-01-12,2020,12,-11.7,-22.02,17.43,0.0734069100840198,68.589,9.6878056013505,152.42,104.63,30906.85,-16.86
FMM,2020-01-13,2020,13,-13.33,-25.06,2.97,0.0703655738333398,74.781,10.5975221494905,166.18,79.75,31009.65,-19.195
FMM,2020-01-14,2020,14,-11.49,-24.86,2.94,0.0872227730811247,80.127,11.3941752075531,178.06,81.17,31116.29,-18.175
FMM,2020-01-15,2020,15,-6.92,-12.28,1.72,0.0635812107107735,56.421,8.0516137195593,125.38,238.23,31226.69,-9.6
FMM,2020-01-16,2020,16,-7.95,-24.3,1.28,0.126038989129681,117.747,16.8645978805941,261.66,85.39,31340.79,-16.125
FMM,2020-01-17,2020,17,-20.46,-30.22,0,0.0361110940924239,95.3145,13.7029219760025,211.81,49.34,31458.5,-25.34
FMM,2020-01-18,2020,18,-13.25,-29.87,3.48,0.0853680939733217,90.1485,13.0101784946523,200.33,51.04,31579.74,-21.56
FMM,2020-01-19,2020,19,-13.92,-21.44,2.43,0.0500687800309962,59.8095,8.66575330480845,132.91,110.14,31704.43,-17.68
FMM,2020-01-20,2020,20,-13.3,-26.39,0,0.075176932755806,115.1055,16.7449074167448,255.79,70.63,31832.48,-19.845
FMM,2020-01-21,2020,21,-13.63,-28.53,0,0.0786332696843782,122.265,17.8598235745215,271.7,57.87,31963.83,-21.08
FMM,2020-01-22,2020,22,-6.6,-16.76,2.25,0.104836450978993,76.365,11.201951044359,169.7,164.73,32098.38,-11.68
FMM,2020-01-23,2020,23,-3.71,-7.98,1.06,0.0652136343980548,49.941,7.3572479011422,110.98,335.15,32236.06,-5.845
FMM,2020-01-24,2020,24,-4.15,-12.96,0,0.112712993856614,95.643,14.1515185287978,212.54,225.38,32376.78,-8.555
FMM,2020-01-25,2020,25,-0.79,-13.3,5.38,0.179161299250501,88.5375,13.1583106385325,196.75,219.36,32520.46,-7.045
FMM,2020-01-26,2020,26,-1.33,-4.02,10.36,0.0506236894889861,25.5285,3.81110472506745,56.73,453.72,32667.01,-2.675
FMM,2020-01-27,2020,27,-3.34,-7.43,2.23,0.0645925009039262,37.989,5.6972411352801,84.42,349.58,32816.37,-5.385
FMM,2020-01-28,2020,28,-5.83,-17.93,0,0.123920842784938,123.1335,18.5520036888018,273.63,149.2,32968.44,-11.88
FMM,2020-01-29,2020,29,-12.43,-22.39,0,0.0679180784158731,112.392,17.0130860955216,249.76,101.3,33123.14,-17.41
FMM,2020-01-30,2020,30,-5.65,-25.51,0,0.1629372043107,146.124,22.224207825072,324.72,76.54,33280.4,-15.58
FMM,2020-01-31,2020,31,-3.54,-24.36,0,0.193336880968973,147.798,22.5867031595604,328.44,84.96,33440.14,-13.95
FMM,2020-02-01,2020,32,-6.58,-12.94,1.47,0.0745974040946753,78.39,12.037758072444,174.2,225.83,33602.28,-9.76
FMM,2020-02-02,2020,33,-5.67,-12.38,0,0.0827514620289824,82.7595,12.7709496319671,183.91,236.37,33766.74,-9.025
FMM,2020-02-03,2020,34,-3.72,-9.27,2.8,0.0812446964302189,52.641,8.1633486884265,116.98,302.88,33933.45,-6.495
FMM,2020-02-04,2020,35,-5.34,-13.31,0,0.0964678293458617,99.1935,15.4590736818074,220.43,219.15,34102.33,-9.325
FMM,2020-02-05,2020,36,-13.16,-22.89,0,0.0633178406664756,118.3905,18.5433887855263,263.09,96.93,34273.31,-18.025
FMM,2020-02-06,2020,37,-8.73,-20.34,7.75,0.0982825304541487,99.153,15.6086337690072,220.34,121.2,34446.32,-14.535
FMM,2020-02-07,2020,38,-10.1,-18.36,15.99,0.0708158195757661,81.576,12.9068935053696,181.28,143.8,34621.28,-14.23
FMM,2020-02-08,2020,39,-17.13,-27.92,0,0.0499617318707926,133.92,21.296956653072,297.6,61.32,34798.13,-22.525
FMM,2020-02-09,2020,40,-12.59,-31.8,0,0.0957159249709177,168.075,26.8657685851725,373.5,42.42,34976.79,-22.195
FMM,2020-02-10,2020,41,-2.49,-14.63,5.48,0.15673269607604,107.487,17.269764740748,238.86,196.58,35157.2,-8.56
FMM,2020-02-11,2020,42,-5.78,-9.51,0,0.0507507679587028,56.538,9.130920979338,125.64,297.11,35339.3,-7.645
FMM,2020-02-12,2020,43,-5.13,-9.24,0,0.0574650746036892,63.6885,10.3392010062995,141.53,303.64,35523.01,-7.185
FMM,2020-02-13,2020,44,-7.03,-28.48,2.87,0.151973913671668,134.0415,21.8738087602434,297.87,58.17,35708.28,-17.755
FMM,2020-02-14,2020,45,-20.16,-34.25,0,0.0456270591407123,165.3615,27.1259630493278,367.47,33.36,35895.05,-27.205
FMM,2020-02-15,2020,46,-12.66,-33.31,2.22,0.0979369619834545,136.9395,22.5813792569886,304.31,36.62,36083.24,-22.985
FMM,2020-02-16,2020,47,-5.6,-13.61,5.72,0.0951904630321177,87.849,14.5624465063026,195.22,213.76,36272.82,-9.605
FMM,2020-02-17,2020,48,-11.23,-29.39,0,0.103702365706478,185.535,30.9173955672645,412.3,53.4,36463.71,-20.31
FMM,2020-02-18,2020,49,-3.12,-30.23,11.23,0.218562997397079,146.1645,24.4850795017929,324.81,49.32,36655.86,-16.675
FMM,2020-02-19,2020,50,-3.5,-24.77,2.01,0.195561782914093,144.27,24.295202950158,320.6,81.89,36849.22,-14.135
FMM,2020-02-20,2020,51,-19.65,-32.22,0,0.0447729442461273,164.6415,27.8721417207897,365.87,40.7,37043.74,-25.935
FMM,2020-02-21,2020,52,-10.13,-30.8,0,0.118921145002178,198.0855,33.7109580109296,440.19,46.67,37239.36,-20.465
FMM,2020-02-22,2020,53,-2.81,-13.49,0.36,0.14097873335085,145.8045,24.944621277137,324.01,216.01,37436.03,-8.15
FMM,2020-02-23,2020,54,0.42,-11.32,0,0.186662431882193,156.1185,26.8501977460665,346.93,257.37,37633.7,-5.45
FMM,2020-02-24,2020,55,3.24,-7.55,0,0.212458769389353,148.7295,25.7143939111008,330.51,346.33,37832.32,-2.155
FMM,2020-02-25,2020,56,2.87,-12.66,0,0.260202306744048,184.203,32.0155129736406,409.34,231,38031.86,-4.895
FMM,2020-02-26,2020,57,0.65,-16.58,0,0.237047424021858,193.2795,33.7700614489088,429.51,167.18,38232.25,-7.965
FMM,2020-02-27,2020,58,-5.24,-11.41,22.43,0.0798150705254565,70.191,12.3284144759589,155.98,255.55,38433.47,-8.325
FMM,2020-02-28,2020,59,-11.22,-20.7,2.19,0.0718475341451554,104.5305,18.4563238814482,232.29,117.52,38635.45,-15.96
FMM,2020-02-29,2020,60,-10.58,-25.62,1.51,0.0994611273199488,193.725,34.384343741685,430.5,75.78,38838.18,-18.1
FMM,2020-03-01,2020,61,-6.86,-22.39,0,0.132889711968022,199.584,35.6097905124192,443.52,101.27,39041.59,-14.625
FMM,2020-03-02,2020,62,-1.96,-22.38,3.41,0.214424757049573,162.846,29.206856837943,361.88,101.39,39245.65,-12.17
FMM,2020-03-03,2020,63,1.15,-8.75,3.55,0.174668155691709,109.755,19.7875103290155,243.9,315.4,39450.33,-3.8
FMM,2020-03-04,2020,64,-1.27,-8.5,10.8,0.118111850851271,84.7935,15.3667907569391,188.43,321.62,39655.59,-4.885
FMM,2020-03-05,2020,65,-4.61,-13.95,0,0.113695586125997,144.144,26.2582089273504,320.32,208,39861.38,-9.28
FMM,2020-03-06,2020,66,-5.73,-19.22,0,0.133299220120967,189.621,34.7213594545299,421.38,133.54,40067.67,-12.475
FMM,2020-03-07,2020,67,-1.88,-21.45,0,0.211689223495732,225.7695,41.5538123121544,501.71,110.03,40274.43,-11.665
FMM,2020-03-08,2020,68,-0.38,-9.32,0,0.146647717747104,139.1265,25.7385420995301,309.17,301.77,40481.62,-4.85
FMM,2020-03-09,2020,69,-4.82,-9.09,15.01,0.0606658449860311,54.666,10.1651257371402,121.48,307.19,40689.21,-6.955
FMM,2020-03-10,2020,70,0.79,-9.39,25.25,0.173876544904648,121.05,22.624253098245,269,299.98,40897.17,-4.3
FMM,2020-03-11,2020,71,-8.33,-20.97,0,0.106512191507168,193.86,36.416979453492,430.8,114.74,41105.46,-14.65
FMM,2020-03-12,2020,72,-2.35,-24.58,4,0.215924462584087,182.619,34.4794100253732,405.82,83.3,41314.04,-13.465
FMM,2020-03-13,2020,73,0.47,-6.84,29.07,0.133361457992506,89.9055,17.0604364827915,199.79,366.04,41522.9,-3.185
FMM,2020-03-14,2020,74,-3.42,-14.14,0,0.135582069304805,173.4435,33.078310802572,385.43,204.78,41731.99,-8.78
FMM,2020-03-15,2020,75,-10.13,-22.78,0,0.093416829062513,198.882,38.1200501046546,441.96,97.86,41941.29,-16.455
FMM,2020-03-16,2020,76,-6.67,-28.98,0,0.158387430761445,256.3785,49.3859389220536,569.73,55.48,42150.77,-17.825
FMM,2020-03-17,2020,77,-2.09,-13.22,13.09,0.152185242834531,135.792,26.287569706176,301.76,220.81,42360.4,-7.655
FMM,2020-03-18,2020,78,-6.06,-17.73,0,0.119227749801463,193.149,37.5762764668302,429.22,151.73,42570.14,-11.895
FMM,2020-03-19,2020,79,3.22,-17.26,0,0.306129798006864,257.2335,50.2902972573872,571.63,157.91,42779.97,-7.02
FMM,2020-03-20,2020,80,5.71,-9.71,19.79,0.31192859727978,173.421,34.0709164902045,385.38,292.57,42989.85,-2.0
FMM,2020-03-21,2020,81,-10.48,-20.03,0,0.0761881158492309,175.7565,34.6983665183429,390.57,124.59,43199.77,-15.255
FMM,2020-03-22,2020,82,-6.41,-24.18,0,0.146715241369012,256.419,50.8689867015027,569.82,86.37,43409.69,-15.295
FMM,2020-03-23,2020,83,-2.12,-26.46,1.3,0.226880699073696,276.66,55.149801379434,614.8,70.17,43619.57,-14.29
FMM,2020-03-24,2020,84,1.21,-14.42,0,0.233771891494489,240.6555,48.203382804669,534.79,200.07,43829.4,-6.605
FMM,2020-03-25,2020,85,3.81,-17.99,0,0.327179290113065,271.899,54.7220978655345,604.22,148.45,44039.15,-7.09
FMM,2020-03-26,2020,86,3.94,-8.51,8.76,0.244236097353339,156.825,31.7126620334925,348.5,321.56,44248.77,-2.285
FMM,2020-03-27,2020,87,0.5,-10.07,4.07,0.175052597651784,142.668,28.98645712227,317.04,284.27,44458.25,-4.785
FMM,2020-03-28,2020,88,4.08,-17.78,0,0.33363066633919,277.2135,56.5877867746973,616.03,151.01,44667.55,-6.85
FMM,2020-03-29,2020,89,4.37,-11.89,16.45,0.294588990212666,184.4505,37.8282603964824,409.89,245.82,44876.64,-3.76
FMM,2020-03-30,2020,90,-2.02,-5.19,7.13,0.0563450263666398,49.707,10.241666814645,110.46,415.12,45085.5,-3.605
FMM,2020-03-31,2020,91,1.19,-8.74,0,0.175316572548451,185.175,38.3301123389775,411.5,315.83,45294.09,-3.775
FMM,2020-04-01,2020,92,-0.07,-4.08,3.33,0.0785704228024005,63.7605,13.2587330649543,141.69,451.44,45502.38,-2.075
FMM,2020-04-02,2020,93,3.03,-1.88,12.9,0.113613616048011,77.301,16.1478857823381,171.78,532.15,45710.33,0.575
FMM,2020-04-03,2020,94,3.52,-1.46,0,0.118513185971064,105.6645,22.1731558443288,234.81,548.96,45917.92,1.03
FMM,2020-04-04,2020,95,5.72,-4.02,0,0.231532930598066,193.2255,40.7303418113339,429.39,453.69,46125.11,0.85
FMM,2020-04-05,2020,96,5.43,-3.68,2.65,0.216463268062642,138.816,29.3924405811456,308.48,465.5,46331.88,0.875
FMM,2020-04-06,2020,97,2.74,-8.76,0,0.214560896484143,227.835,48.4558195061115,506.3,315.27,46538.17,-3.01
FMM,2020-04-07,2020,98,-1.13,-13.79,0,0.1764399859602,243.9675,52.116312270141,542.15,210.7,46743.96,-7.46
FMM,2020-04-08,2020,99,1.09,-16.33,0,0.245554930299698,282.726,60.6611068439004,628.28,170.75,46949.22,-7.62
FMM,2020-04-09,2020,100,-0.33,-12.07,13.4,0.177465267924975,171.279,36.909480870117,380.62,242.38,47153.9,-6.2
FMM,2020-04-10,2020,101,-0.3,-3.99,6.46,0.0717966408460155,64.0035,13.8520165563302,142.23,454.71,47357.97,-2.145
FMM,2020-04-11,2020,102,-1.31,-8.78,0,0.120714243853243,169.641,36.8724054951306,376.98,314.72,47561.38,-5.045
FMM,2020-04-12,2020,103,3.63,-14.58,0,0.297644771214957,295.2855,64.4554909080135,656.19,197.47,47764.1,-5.475
FMM,2020-04-13,2020,104,7.4,-0.23,35.9,0.214184140062042,125.3655,27.4807483514402,278.59,600.44,47966.09,3.585
FMM,2020-04-14,2020,105,2.04,-6.27,0,0.162812685597488,185.9175,40.9250165661472,413.15,382.47,48167.31,-2.115
FMM,2020-04-15,2020,106,-1.34,-9.03,2.68,0.123011701801283,135.7695,30.0105492990017,301.71,308.76,48367.71,-5.185
FMM,2020-04-16,2020,107,-2.57,-14.54,0,0.154441668302908,254.7315,56.5382389449942,566.07,198.1,48567.24,-8.555
FMM,2020-04-17,2020,108,-3.1,-17.49,0,0.16634975624274,282.1185,62.8729362168692,626.93,154.79,48765.87,-10.295
FMM,2020-04-18,2020,109,2.25,-18.13,0,0.286152734178882,317.16,70.968792903048,704.8,146.7,48963.54,-7.94
FMM,2020-04-19,2020,110,1.86,-10.36,7.26,0.210659674888669,194.067,43.5995113464999,431.26,277.93,49160.21,-4.25
FMM,2020-04-20,2020,111,-2.14,-16.92,0,0.180395902552303,288.3375,65.0362944110963,640.75,162.5,49355.83,-9.53
FMM,2020-04-21,2020,112,3.61,-17.64,6.75,0.319446367119044,240.7275,54.5115626898863,534.95,152.82,49550.35,-7.015
FMM,2020-04-22,2020,113,-5.2,-13.18,0,0.0974967157221047,197.685,44.9394848728695,439.3,221.48,49743.71,-9.19
FMM,2020-04-23,2020,114,-1.54,-15.17,0,0.179407574442382,285.3855,65.1269476514345,634.19,188.08,49935.87,-8.355
FMM,2020-04-24,2020,115,5.5,-17.58,0,0.374865590144036,332.0325,76.0617855933143,737.85,153.61,50126.77,-6.04
FMM,2020-04-25,2020,116,6.38,-12.1,0,0.359098810696803,317.439,72.9937247453982,705.42,241.69,50316.34,-2.86
FMM,2020-04-26,2020,117,6.85,-10.81,0,0.361725682609262,312.39,72.101407555242,694.2,267.97,50504.54,-1.98
FMM,2020-04-27,2020,118,4.37,-3.64,0,0.183791974576542,198.6075,46.0092717832703,441.35,466.9,50691.31,0.365
FMM,2020-04-28,2020,119,6.94,-4.37,0,0.277705664338532,258.7005,60.1494226698182,574.89,441.79,50876.59,1.285
FMM,2020-04-29,2020,120,9.01,-6.39,0,0.384410609298489,299.8035,69.9578188952985,666.23,378.96,51060.3,1.31
FMM,2020-04-30,2020,121,5.47,0.47,11.68,0.134418372066052,97.146,22.749433450128,215.88,631.87,51242.4,2.97
FMM,2020-05-01,2020,122,8.56,1.27,15.5,0.221692977663352,135.045,31.735883901933,300.1,669.49,51422.82,4.915
FMM,2020-05-02,2020,123,9.22,-2.37,1.19,0.325356301252513,257.049,60.6169773646164,571.22,513.19,51601.48,3.425
FMM,2020-05-03,2020,124,10.06,-2.13,5.82,0.354467147294636,196.3395,46.45922060327,436.31,522.4,51778.33,3.965
FMM,2020-05-04,2020,125,3.96,-0.67,2.01,0.114600519867603,89.3565,21.2156082851265,198.57,581.56,51953.3,1.645
FMM,2020-05-05,2020,126,3.92,-2.61,1.48,0.152145932635118,165.4155,39.4048233173488,367.59,504.21,52126.31,0.655
FMM,2020-05-06,2020,127,6.7,-5.76,0,0.29170001972841,273.42,65.347001395326,607.6,397.58,52297.29,0.47
FMM,2020-05-07,2020,128,8.23,-8.63,3.47,0.385278676534152,235.5345,56.4742113125697,523.41,318.47,52466.18,-0.2
FMM,2020-05-08,2020,129,0.77,-9.48,5.14,0.174331780197345,183.6045,44.1628140156628,408.01,298,52632.89,-4.355
FMM,2020-05-09,2020,130,-0.98,-8.96,0,0.129710144668055,204.444,49.3290528480288,454.32,310.31,52797.36,-4.97
FMM,2020-05-10,2020,131,0.5,-6.81,0,0.13381981779818,187.9785,45.495489074945,417.73,366.69,52959.51,-3.155
FMM,2020-05-11,2020,132,6.33,-4.57,2.93,0.260446223564061,189.576,46.02051666666,421.28,435.29,53119.25,0.88
FMM,2020-05-12,2020,133,1.87,-7.1,0,0.170466195710141,225.9585,55.0149512279994,502.13,358.74,53276.52,-2.615
FMM,2020-05-13,2020,134,5.19,-7.67,0,0.270450359237005,285.273,69.6581668503603,633.94,343.13,53431.23,-1.24
FMM,2020-05-14,2020,135,10.73,-4.26,0,0.421243730890577,302.85,74.16059999085,673,445.41,53583.3,3.235
FMM,2020-05-15,2020,136,8.86,-1,5.26,0.284257236466279,174.69,42.896571775578,388.2,567.56,53732.66,3.93
FMM,2020-05-16,2020,137,12.74,-0.01,2.85,0.429901714414363,205.956,50.7121506710316,457.68,610.24,53879.23,6.365
FMM,2020-05-17,2020,138,11.16,-2.3,0,0.404422976940503,286.704,70.7828306560848,637.12,515.95,54022.91,4.43
FMM,2020-05-18,2020,139,9.68,-5.07,0,0.390690545563894,304.4115,75.3503194832202,676.47,419.16,54163.64,2.305
FMM,2020-05-19,2020,140,13.03,-4.31,0,0.527270792621576,321.8805,79.8769096674282,715.29,443.91,54301.32,4.36
FMM,2020-05-20,2020,141,19.16,-4.41,0,0.88762341816131,342.9765,85.3229401174674,762.17,440.34,54435.88,7.375
FMM,2020-05-21,2020,142,21.72,1.66,0,0.959524608968203,327.7755,81.7381110126731,728.39,681.66,54567.23,11.69
FMM,2020-05-22,2020,143,18.43,1.91,0,0.70749802952308,306.8235,76.6928414445435,681.83,701.01,54695.3,10.17
FMM,2020-05-23,2020,144,13.34,-2.94,0,0.518610810937139,309.717,77.5925947458,688.26,491.83,54820,5.2
FMM,2020-05-24,2020,145,20.03,-3.22,0,0.932587485558021,341.6355,85.7783424509514,759.19,477.4,54941.24,8.405
FMM,2020-05-25,2020,146,19.34,1.84,0,0.771157934908476,313.965,78.999699740148,697.7,697.46,55058.96,10.59
FMM,2020-05-26,2020,147,24.03,4.96,7.44,1.05695869541754,237.7665,59.9506555431393,528.37,869.33,55173.06,14.495
FMM,2020-05-27,2020,148,26.84,5.04,0,1.35597327364798,327.042,82.6256907883512,726.76,843.87,55283.48,15.94
FMM,2020-05-28,2020,149,26.26,7.46,0,1.22835746441055,309.2985,78.2936103108474,687.33,991.57,55390.12,16.86
FMM,2020-05-29,2020,150,24.19,14.6,8.58,0.674434339253047,149.2155,37.8414522046166,331.59,1661.02,55492.93,19.395
FMM,2020-05-30,2020,151,15.56,1.61,15.38,0.538976815076074,206.8155,52.5424232734213,459.59,686.2,55591.81,8.585
FMM,2020-05-31,2020,152,1.81,-1.92,2.68,0.0827396827506808,70.4565,17.9303492019735,156.57,530.71,55686.7,-0.055
FMM,2020-06-01,2020,153,7.63,-4.05,0,0.296182195395758,253.2195,64.546489238306,562.71,452.76,55777.53,1.79
FMM,2020-06-02,2020,154,14.12,-5.33,0,0.598856277783182,327.1815,83.5292685824001,727.07,410.89,55864.22,4.395
FMM,2020-06-03,2020,155,14.77,-0.77,0,0.549760212203253,291.366,74.4954288137802,647.48,577.55,55946.71,7.0
FMM,2020-06-04,2020,156,14.97,0.65,0,0.529133934639684,274.635,70.315890943833,610.3,640.39,56024.94,7.81
FMM,2020-06-05,2020,157,22.18,5.51,0,0.882055319083388,290.61,74.504166107391,645.8,903.27,56098.83,13.845
FMM,2020-06-06,2020,158,15.21,5.07,10.27,0.424214980526741,159.0795,40.8340076946471,353.51,876.25,56168.34,10.14
FMM,2020-06-07,2020,159,14.09,2.38,0,0.440204675131289,239.7195,61.604708368041,532.71,724.64,56233.4,8.235
FMM,2020-06-08,2020,160,15.49,1.67,0,0.533715075331333,266.688,68.6090608724736,592.64,688.99,56293.96,8.58
FMM,2020-06-09,2020,161,17.33,-0.27,0,0.694362991536036,302.85,77.98975289451,673,592.46,56349.98,8.53
FMM,2020-06-10,2020,162,19.96,-1.49,0,0.91720519008581,326.07,84.045961654461,724.6,520.63,56401.39,9.235
FMM,2020-06-11,2020,163,19.51,10.66,5.97,0.48957417382045,131.1885,33.8424469323912,291.53,1282.83,56448.16,15.085
FMM,2020-06-12,2020,164,17.06,3.61,2.65,0.57517126508122,189.414,48.899202055695,420.92,790.76,56490.25,10.335
FMM,2020-06-13,2020,165,11.37,-1.34,0,0.394971834264389,248.9715,64.3171121867331,553.27,553.58,56527.62,5.015
FMM,2020-06-14,2020,166,15.69,-2.48,0,0.650208627963407,305.3655,78.9309650724804,678.59,494.02,56560.24,6.605
FMM,2020-06-15,2020,167,20.27,-1.69,0,0.962760449737831,326.439,84.4195969676007,725.42,493.61,56588.09,9.29
FMM,2020-06-16,2020,168,24.08,2.45,0,1.22316327891371,319.5765,82.6785370094076,710.17,637.26,56611.12,13.265
FMM,2020-06-17,2020,169,26.51,6.33,0,1.36914863026515,305.2845,79.0064330448411,678.41,837.6,56629.34,16.42
FMM,2020-06-18,2020,170,30.1,11.82,0,1.5963293033078,282.6675,73.1705132561873,628.15,1225.98,56642.71,20.96
FMM,2020-06-19,2020,171,29.79,11.99,0,1.59247512879495,280.9755,72.743467074133,624.39,1200,56651.23,20.89
FMM,2020-06-20,2020,172,26.28,11.72,0,1.13373145694534,250.8975,64.960574639436,557.55,1259.12,56654.88,19.0
FMM,2020-06-21,2020,173,27.11,11.53,0,1.25382866808829,262.6785,68.0093858261916,583.73,1215.87,56653.68,19.32
FMM,2020-06-22,2020,174,28.68,13.02,0,1.38224374288892,261.081,67.5885390254937,580.18,1329.11,56647.61,20.85
FMM,2020-06-23,2020,175,29.38,14.95,11.63,1.1929618926778,181.953,47.0948355459549,404.34,1699.32,56636.69,22.165
FMM,2020-06-24,2020,176,19.29,11.28,20.98,0.447572805281344,119.952,31.0384866811824,266.56,1336.37,56620.91,15.285
FMM,2020-06-25,2020,177,15.57,8.51,0,0.326998717825576,148.68,38.458076794956,330.4,1110.23,56600.31,12.04
FMM,2020-06-26,2020,178,19.63,7,0,0.653883806237112,246.0915,63.626279908928,546.87,986.71,56574.89,13.315
FMM,2020-06-27,2020,179,18.18,8.07,3.3,0.50225810057995,157.176,40.6157152872744,349.28,1077.54,56544.67,13.125
FMM,2020-06-28,2020,180,18.72,12.11,18.95,0.370638563592423,106.443,27.4888284623019,236.54,1411.9,56509.69,15.415
FMM,2020-06-29,2020,181,20.11,13.99,4.06,0.374871380962922,98.7075,25.4732282173845,219.35,1597.07,56469.98,17.05
FMM,2020-06-30,2020,182,18.74,9.72,0,0.47585380942066,189.432,48.8478465363744,420.96,1204.53,56425.56,14.23
FMM,2020-07-01,2020,183,26.4,8.06,0,1.30919005126593,300.744,77.4838523661192,668.32,946.41,56376.49,17.23
FMM,2020-07-02,2020,184,26.35,9.27,0,1.2764214666541,289.512,74.5189847536536,643.36,1019.97,56322.79,17.81
FMM,2020-07-03,2020,185,24.34,6.78,0,1.14626101143511,295.083,75.8743408477881,655.74,866.3,56264.51,15.56
FMM,2020-07-04,2020,186,23.18,6.22,0,1.04371842180577,289.242,74.2894533858168,642.76,847.75,56201.72,14.7
FMM,2020-07-05,2020,187,20.06,5.69,0,0.768226494858345,264.87,67.948264091196,588.6,860,56134.44,12.875
FMM,2020-07-06,2020,188,20.86,4.38,0,0.886083283404706,284.175,72.8075581543125,631.5,761.55,56062.75,12.62
FMM,2020-07-07,2020,189,25.74,6.19,12.86,1.20278369605933,223.1145,57.0859017175755,495.81,922.43,55986.7,15.965
FMM,2020-07-08,2020,190,25.21,14.29,32.3,0.7861034133087,149.733,38.2555933985916,332.74,1627.56,55906.36,19.75
FMM,2020-07-09,2020,191,26.28,13.86,24.21,0.913254868888604,165.2985,42.1685546569366,367.33,1582.92,55821.77,20.07
FMM,2020-07-10,2020,192,29.22,14.1,0,1.25702869271465,250.254,63.7396691249556,556.12,1571.15,55733.02,21.66
FMM,2020-07-11,2020,193,21.53,16.58,39.07,0.337583996469632,73.8,18.76553757522,164,1885.81,55640.17,19.055
FMM,2020-07-12,2020,194,22.65,15.52,8.9,0.490406710247156,104.5035,26.5264197037736,232.23,1761.96,55543.29,19.085
FMM,2020-07-13,2020,195,19.49,13.26,6.49,0.368090385381853,95.0895,24.0930208067769,211.31,1522.59,55442.46,16.375
FMM,2020-07-14,2020,196,18.42,7.19,0,0.549485863697363,219.096,55.4079480974928,486.88,1014.77,55337.74,12.805
FMM,2020-07-15,2020,197,20.27,4.38,0,0.76854997143838,273.933,69.1400140647282,608.74,835.14,55229.22,12.325
FMM,2020-07-16,2020,198,20.56,9.34,0,0.620185129478506,219.9195,55.3943148811704,488.71,1174.07,55116.96,14.95
FMM,2020-07-17,2020,199,17.9,13.02,21.76,0.273073536314371,81.117,20.3891508969714,180.26,1498.81,55001.06,15.46
FMM,2020-07-18,2020,200,25.1,13.48,0,0.817216692592305,223.011,55.9331360824293,495.58,1544.37,54881.59,19.29
FMM,2020-07-19,2020,201,21.52,14.2,8.04,0.470244714925546,118.35,29.61671983389,263,1619.08,54758.62,17.86
FMM,2020-07-20,2020,202,21.73,13.49,0,0.524061554201845,177.084,44.2124448378912,393.52,1545.42,54632.24,17.61
FMM,2020-07-21,2020,203,18.94,6.62,0,0.60408709767193,245.0385,61.0333583604003,544.53,975.69,54502.54,12.78
FMM,2020-07-22,2020,204,22.13,5.85,3.25,0.867155266202585,206.766,51.3749372427396,459.48,924.87,54369.58,13.99
FMM,2020-07-23,2020,205,21.35,9.4,1.04,0.678128452290139,235.0035,58.2448918311927,522.23,1178.59,54233.46,15.375
FMM,2020-07-24,2020,206,24.19,7.31,0,0.994444921801185,272.916,67.4677740140712,606.48,1022.73,54094.26,15.75
FMM,2020-07-25,2020,207,24.33,10.86,5.15,0.868497250630934,179.3295,44.2156454630289,398.51,1299.5,53952.06,17.595
FMM,2020-07-26,2020,208,20.79,15.12,12.13,0.364506076089416,90.2655,22.1960802655449,200.59,1718.1,53806.94,17.955
FMM,2020-07-27,2020,209,23.63,15.2,0,0.591753746945581,169.1775,41.4859668465015,375.95,1726.51,53658.98,19.415
FMM,2020-07-28,2020,210,23.63,13.72,9.33,0.670292447737925,142.857,34.9332213381723,317.46,1569.37,53508.27,18.675
FMM,2020-07-29,2020,211,21.36,11.57,21.29,0.58683961488246,142.209,34.6750701747831,316.02,1362.28,53354.87,16.465
FMM,2020-07-30,2020,212,20.22,11.71,8.79,0.49445626743402,126.81,30.829911170913,281.8,1375.03,53198.89,15.965
FMM,2020-07-31,2020,213,21.38,10.17,3.08,0.648773305123214,157.2525,38.1171468666915,349.45,1241.46,53040.38,15.775
FMM,2020-08-01,2020,214,24.24,9.04,0,0.935045635014377,246.4245,59.5507082996196,547.61,1150.33,52879.44,16.64
FMM,2020-08-02,2020,215,23.6,10.52,12.92,0.817957166035472,170.235,41.0117758848135,378.3,1270.34,52716.13,17.06
FMM,2020-08-03,2020,216,18.49,12.62,10.15,0.330758555999554,93.9285,22.5574898215023,208.73,1460.4,52550.54,15.555
FMM,2020-08-04,2020,217,20.15,9.41,41.26,0.587150356120439,154.665,37.025118523197,343.7,1179.68,52382.74,14.78
FMM,2020-08-05,2020,218,19.21,11.26,13.69,0.442611885614449,124.533,29.7151356555261,276.74,1334.9,52212.81,15.235
FMM,2020-08-06,2020,219,18.27,9.4,5.2,0.45760023799985,139.014,33.0612133073238,308.92,1178.71,52040.81,13.835
FMM,2020-08-07,2020,220,22.74,8.97,0,0.806878990726078,235.422,55.8023985760428,523.16,1145.15,51866.82,15.855
FMM,2020-08-08,2020,221,24.41,9.46,0,0.933580165796071,239.0715,56.475252892597,531.27,1183.74,51690.91,16.935
FMM,2020-08-09,2020,222,23.56,9.07,0,0.873162284060689,235.548,55.4515656793776,523.44,1152.87,51513.16,16.315
FMM,2020-08-10,2020,223,21.88,9.72,0,0.707124663305011,213.849,50.1678201235473,475.22,1204.15,51333.61,15.8
FMM,2020-08-11,2020,224,25.53,16.16,16.12,0.712050035046752,115.029,26.8899020202708,255.62,1836.09,51152.36,20.845
FMM,2020-08-12,2020,225,23.68,10.69,0,0.817452970136223,193.2345,45.0101867701343,429.41,1285.09,50969.45,17.185
FMM,2020-08-13,2020,226,21.86,8.23,0,0.763095592352168,199.53,46.308363305895,443.4,1089.06,50784.95,15.045
FMM,2020-08-14,2020,227,21.9,5.74,0,0.851712761727013,215.064,49.7307778465464,477.92,918.29,50598.93,13.82
FMM,2020-08-15,2020,228,21.1,7.25,0,0.738827010967047,200.043,46.0859625120744,444.54,1018.73,50411.44,14.175
FMM,2020-08-16,2020,229,23.33,6.54,0,0.944953254879817,212.607,48.7969321934745,472.46,969.98,50222.55,14.935
FMM,2020-08-17,2020,230,18.62,8.4,6.69,0.519185054639368,122.1525,27.9298828850468,271.45,1101.92,50032.31,13.51
FMM,2020-08-18,2020,231,16.62,9.43,7.35,0.352617127015958,91.998,20.9546062027794,204.44,1181.26,49840.79,13.025
FMM,2020-08-19,2020,232,15.8,6.98,2.52,0.395630079417372,109.755,24.9024762642105,243.9,999.81,49648.03,11.39
FMM,2020-08-20,2020,233,16.47,6.01,0,0.466680418901089,166.77,37.690878131712,370.6,935.61,49454.08,11.24
FMM,2020-08-21,2020,234,17.99,3.8,1.49,0.628454561258197,199.5705,44.9260488162869,443.49,801.45,49259.01,10.895
FMM,2020-08-22,2020,235,18.99,2.03,0,0.742182486851589,212.76,47.704476130884,472.8,707.04,49062.87,10.51
FMM,2020-08-23,2020,236,21.05,6.43,0,0.763017878795014,197.1585,44.028687668323,438.13,962.87,48865.69,13.74
FMM,2020-08-24,2020,237,20.7,5.2,7.21,0.775829715327489,150.57,33.488372744946,334.6,884.31,48667.54,12.95
FMM,2020-08-25,2020,238,19.24,8.22,18.36,0.56821512168489,122.8005,27.2004166285911,272.89,1088.46,48468.46,13.73
FMM,2020-08-26,2020,239,10.31,4.71,0,0.198689488454925,96.8175,21.3566818047278,215.15,854.21,48268.49,7.51
FMM,2020-08-27,2020,240,14.28,2.79,0,0.439251120091576,172.4355,37.8787851663048,383.19,746.23,48067.68,8.535
FMM,2020-08-28,2020,241,14.8,1.79,0,0.492905310063,184.1355,40.2792697024488,409.19,694.68,47866.08,8.295
FMM,2020-08-29,2020,242,11.46,1.62,30.51,0.332091637353183,114.498,24.9403207993992,254.44,686.72,47663.72,6.54
FMM,2020-08-30,2020,243,9.05,4.53,5.72,0.153148795589097,58.3425,12.6542064848962,129.65,843.7,47460.65,6.79
FMM,2020-08-31,2020,244,14.24,0.02,0,0.504380989067718,192.114,41.489714235762,426.92,611.8,47256.9,7.13
FMM,2020-09-01,2020,245,18.01,-0.32,3.42,0.732295851926901,155.1825,33.3689026118332,344.85,596.67,47052.53,8.845
FMM,2020-09-02,2020,246,16.79,10.51,23.97,0.318339316761957,73.836,15.8077965315312,164.08,1270,46847.56,13.65
FMM,2020-09-03,2020,247,17.89,8.81,0,0.455791577842528,136.089,29.0079251984619,302.42,1132.86,46642.03,13.35
FMM,2020-09-04,2020,248,15.49,6.53,0,0.392999957098371,135.513,28.7575490298159,301.14,969.64,46435.99,11.01
FMM,2020-09-05,2020,249,13.91,2.35,5.11,0.431372028392242,122.193,25.8155479744146,271.54,723.39,46229.46,8.13
FMM,2020-09-06,2020,250,14.48,1,0,0.494536215465893,178.4295,37.5277801948812,396.51,656.75,46022.48,7.74
FMM,2020-09-07,2020,251,17.2,2.03,6.5,0.625628480481648,138.9825,29.099449207377,308.85,707.06,45815.08,9.615
FMM,2020-09-08,2020,252,15.61,6.7,2.09,0.394430026251671,98.7615,20.584405803802,219.47,980.68,45607.31,11.155
FMM,2020-09-09,2020,253,8.79,5.86,9.6,0.101827365914638,37.9755,7.8789384796113,84.39,925.87,45399.18,7.325
FMM,2020-09-10,2020,254,8.89,4.11,6.93,0.158905978204212,59.211,12.2283553010598,131.58,819.55,45190.74,6.5
FMM,2020-09-11,2020,255,12.01,0.53,0,0.383180938313415,163.2285,33.5545287676749,362.73,634.73,44982.02,6.27
FMM,2020-09-12,2020,256,16.3,0.04,0,0.618762391782597,189.396,38.7528445051488,420.88,612.43,44773.04,8.17
FMM,2020-09-13,2020,257,13.86,7.96,32.62,0.255730124267356,70.3755,14.3324455251744,156.39,1069.04,44563.84,10.91
FMM,2020-09-14,2020,258,10.05,2.96,0,0.237197600469318,114.489,23.2069015810485,254.42,755.5,44354.45,6.505
FMM,2020-09-15,2020,259,10.52,-0.82,0,0.347382509109727,163.1835,32.9209896939296,362.63,575.06,44144.89,4.85
FMM,2020-09-16,2020,260,13.32,3.48,15.97,0.371534241015235,108.9585,21.877108645644,242.13,783.5,43935.2,8.4
FMM,2020-09-17,2020,261,7.58,-3.33,0,0.281877862663632,157.4595,31.4643712611393,349.91,477.82,43725.42,2.125
FMM,2020-09-18,2020,262,7.53,-4.8,0,0.305400229548246,167.0085,33.2123229660398,371.13,427.56,43515.55,1.365
FMM,2020-09-19,2020,263,6.86,-3.66,0,0.262674823728116,150.849,29.8540459656045,335.22,466.19,43305.65,1.6
FMM,2020-09-20,2020,264,9.58,-5.03,0,0.386293930106261,176.8815,34.8363667625972,393.07,420.18,43095.73,2.275
FMM,2020-09-21,2020,265,13.22,-4.32,0,0.537010954089096,184.7835,36.2153850742629,410.63,443.35,42885.82,4.45
FMM,2020-09-22,2020,266,16.15,-1.83,0,0.649263604269296,182.3265,35.5589799836958,405.17,534.01,42675.96,7.16
FMM,2020-09-23,2020,267,16.1,3.15,0,0.530013291260284,158.7465,30.8079962614858,352.77,765.85,42466.17,9.625
FMM,2020-09-24,2020,268,12.16,-2.17,0,0.447198687848579,167.3325,32.313932748972,371.85,520.87,42256.48,4.995
FMM,2020-09-25,2020,269,14.62,-4.95,0,0.619372792434516,180.981,34.7763081531681,402.18,422.79,42046.93,4.835
FMM,2020-09-26,2020,270,19.64,1.66,0,0.796786151161428,171.234,32.7395226123252,380.52,688.45,41837.54,10.65
FMM,2020-09-27,2020,271,18.75,11.51,0,0.400422548477783,93.996,17.8819370355276,208.88,1356.78,41628.33,15.13
FMM,2020-09-28,2020,272,18.9,14.69,7.38,0.253336535080122,42.003,7.9505978982885,93.34,1670.43,41419.35,16.795
FMM,2020-09-29,2020,273,19.65,11.3,22.45,0.471462048175806,77.805,14.6532163168755,172.9,1338.63,41210.63,15.475
FMM,2020-09-30,2020,274,14.74,7.08,38.37,0.332692986734113,75.006,14.0546249025498,166.68,1007.25,41002.19,10.91
FMM,2020-10-01,2020,275,10.51,2.84,12.88,0.259541199999438,77.931,14.5285870366602,173.18,749.14,40794.06,6.675
FMM,2020-10-02,2020,276,7.27,0.81,10.06,0.185721746785923,67.293,12.4814585079828,149.54,647.83,40586.28,4.04
FMM,2020-10-03,2020,277,6.8,-2.46,0,0.238891313805746,120.771,22.2860515643136,268.38,509.72,40378.88,2.17
FMM,2020-10-04,2020,278,7.93,-1.81,0,0.266025470166152,123.2955,22.6352762487765,273.99,534.73,40171.9,3.06
FMM,2020-10-05,2020,279,8.55,2.56,0,0.188711704484152,81.828,14.9452083743652,181.84,734.39,39965.37,5.555
FMM,2020-10-06,2020,280,10.74,4.55,5.74,0.221372883312707,62.7885,11.4086762516574,139.53,844.97,39759.32,7.645
FMM,2020-10-07,2020,281,8.3,4.65,19.36,0.121264098236605,39.6495,7.16707614448485,88.11,850.7,39553.79,6.475
FMM,2020-10-08,2020,282,3.15,-1.7,1.13,0.11333826845466,70.6905,12.7118560641597,157.09,539.21,39348.82,0.725
FMM,2020-10-09,2020,283,6.09,-2.61,6.1,0.21820840253819,84.285,15.077751303078,187.3,504.05,39144.44,1.74
FMM,2020-10-10,2020,284,12.01,-0.54,19.6,0.406881498807891,101.3715,18.039966034451,225.27,587.33,38940.69,5.735
FMM,2020-10-11,2020,285,2.45,-6.19,0,0.172244933718456,110.0205,19.4770256799929,244.49,384.69,38737.61,-1.87
FMM,2020-10-12,2020,286,9.04,-7.39,0,0.39969908519714,149.9805,26.4124798061963,333.29,350.8,38535.25,0.825
FMM,2020-10-13,2020,287,8.84,-4.51,8.89,0.348672701450353,101.3625,17.757162681165,225.25,437.26,38333.64,2.165
FMM,2020-10-14,2020,288,8.9,0.45,2.21,0.25373955826229,74.673,13.0130421626763,165.94,631.18,38132.83,4.675
FMM,2020-10-15,2020,289,13.57,-1.4,5.96,0.500295734603882,101.8215,17.6510751662768,226.27,551.32,37932.85,6.085
FMM,2020-10-16,2020,290,6.45,2.6,18.65,0.113627490489464,36.459,6.2871096621888,81.02,736.28,37733.76,4.525
FMM,2020-10-17,2020,291,3.03,-2.23,11.45,0.120487856980655,49.545,8.49883495014,110.1,518.49,37535.6,0.4
FMM,2020-10-18,2020,292,6.65,-3.84,1.02,0.258921291863483,114.5385,19.5444578496069,254.53,459.73,37338.42,1.405
FMM,2020-10-19,2020,293,6.2,3.15,11.5,0.0904255993589281,29.574,5.0198959029186,65.72,765.88,37142.27,4.675
FMM,2020-10-20,2020,294,7.78,-2.8,16.07,0.27932672604694,84.8835,14.332465086808,188.63,497.13,36947.19,2.49
FMM,2020-10-21,2020,295,8.59,-3.89,23.31,0.328824637909981,91.8945,15.4348122022326,204.21,458.04,36753.24,2.35
FMM,2020-10-22,2020,296,6.48,0.69,0,0.162083019640892,72.882,12.1772227976478,161.96,641.8,36560.47,3.585
FMM,2020-10-23,2020,297,12.02,1.61,9.61,0.358146734600594,82.152,13.6541598960816,182.56,685.85,36368.94,6.815
FMM,2020-10-24,2020,298,11.85,-3.92,6.47,0.4650376554799,96.354,15.9308440379082,214.12,456.93,36178.69,3.965
FMM,2020-10-25,2020,299,-1.28,-6.86,0,0.0959742221279433,72.4725,11.9197941548918,161.05,365.36,35989.79,-4.07
FMM,2020-10-26,2020,300,-1.3,-6.12,14.48,0.0847973419775203,54.414,8.903028829554,120.92,386.8,35802.3,-3.71
FMM,2020-10-27,2020,301,-2.89,-9.34,0,0.0970357270129324,93.501,15.2188168560039,207.78,301.08,35616.27,-6.115
FMM,2020-10-28,2020,302,-1.16,-11.15,3.09,0.150724929230191,91.2195,14.7705481611324,202.71,260.88,35431.76,-6.155
FMM,2020-10-29,2020,303,-1.8,-11.74,0,0.143916790136714,120.6855,19.4408891307774,268.19,248.78,35248.84,-6.77
FMM,2020-10-30,2020,304,-2.98,-15.36,0,0.153362437065138,131.076,21.0060818003124,291.28,185.1,35067.57,-9.17
FMM,2020-10-31,2020,305,-1.35,-18.52,0,0.206310090736696,139.6755,22.2696174834207,310.39,141.9,34888.02,-9.935
FMM,2020-11-01,2020,306,3.02,-10.63,4.17,0.243667652158841,95.7825,15.1935797592563,212.85,271.99,34710.25,-3.805
FMM,2020-11-02,2020,307,-0.1,-10.58,1.55,0.16722083057127,113.706,17.9452956082986,252.68,273,34534.33,-5.34
FMM,2020-11-03,2020,308,-7.28,-17.1,0,0.0977121693579796,109.2645,17.1574397538048,242.81,160.02,34360.32,-12.19
FMM,2020-11-04,2020,309,-3.67,-17.79,0,0.158149842906431,125.982,19.6835003338194,279.96,150.92,34188.31,-10.73
FMM,2020-11-05,2020,310,9.4,-7.01,0,0.408506767506179,125.667,19.5366883177503,279.26,361.31,34018.37,1.195
FMM,2020-11-06,2020,311,10.09,-0.65,0,0.325539318162278,101.4885,15.6999678545948,225.53,582.54,33850.55,4.72
FMM,2020-11-07,2020,312,10.8,1.39,0,0.309127140630408,90.3105,13.9024183737758,200.69,675.15,33684.95,6.095
FMM,2020-11-08,2020,313,7.28,-0.37,0,0.212983065791674,76.7925,11.7641386570117,170.65,594.4,33521.63,3.455
FMM,2020-11-09,2020,314,14.2,-1.11,0,0.526803079552333,112.7025,17.1824272617848,250.45,563.11,33360.67,6.545
FMM,2020-11-10,2020,315,15.97,2.92,0,0.529011837280536,101.8395,15.4524969220073,226.31,753.13,33202.15,9.445
FMM,2020-11-11,2020,316,13.83,3.48,2.52,0.397330646466673,66.24,10.003621753152,147.2,783.45,33046.14,8.655
FMM,2020-11-12,2020,317,3.15,-5.95,0,0.187261513969718,84.9375,12.7677859824938,188.75,391.76,32892.73,-1.4
FMM,2020-11-13,2020,318,1.54,-7.07,1.17,0.161960872662045,80.6625,12.06960569775,179.25,359.51,32742,-2.765
FMM,2020-11-14,2020,319,0.02,-5.89,0,0.109341253594843,59.634,8.8827628742676,132.52,393.75,32594.02,-2.935
FMM,2020-11-15,2020,320,-0.76,-10.69,14.86,0.154219117898257,66.3525,9.839503897614,147.45,270.59,32448.88,-5.725
FMM,2020-11-16,2020,321,-0.52,-4.16,8.72,0.0701758717157691,27.7515,4.0972713167043,61.67,448.7,32306.66,-2.34
FMM,2020-11-17,2020,322,-4.64,-11.92,0,0.0946162557439514,70.2315,10.3243957599852,156.07,245.23,32167.44,-8.28
FMM,2020-11-18,2020,323,-9.46,-13.68,0,0.0437550953126547,42.5565,6.2295498843165,94.57,212.62,32031.3,-11.57
FMM,2020-11-19,2020,324,-4.13,-15.29,0,0.132620435833457,91.9935,13.4103863253074,204.43,186.18,31898.33,-9.71
FMM,2020-11-20,2020,325,3.73,-4.66,2.95,0.182798308536631,55.26,8.02278506052,122.8,432.36,31768.6,-0.465
FMM,2020-11-21,2020,326,1.66,-9.86,0,0.200154259427012,90.2475,13.050226561365,200.55,289.09,31642.2,-4.1
FMM,2020-11-22,2020,327,-5.1,-15.9,7.81,0.121355747664265,65.043,9.3689751704571,144.54,176.96,31519.21,-10.5
FMM,2020-11-23,2020,328,-0.08,-7.91,16.04,0.135548656519332,52.236,7.4956922996292,116.08,336.99,31399.71,-3.995
FMM,2020-11-24,2020,329,-8.54,-18.86,0,0.0923658870116601,85.293,12.1940736352578,189.54,137.75,31283.78,-13.7
FMM,2020-11-25,2020,330,-5.31,-18.66,3.79,0.136426807325246,70.695,10.0707714404865,157.1,140.17,31171.51,-11.985
FMM,2020-11-26,2020,331,0.59,-6.4,3.22,0.129860090644209,44.919,6.3765991480968,99.82,378.58,31062.96,-2.905
FMM,2020-11-27,2020,332,2.07,-0.89,1.58,0.0683655835439352,27.324,3.8657739829896,60.72,572.44,30958.22,0.59
FMM,2020-11-28,2020,333,0.04,-5.23,3.87,0.0995916302240722,35.154,4.957349918283,78.12,414.08,30857.35,-2.595
FMM,2020-11-29,2020,334,-0.61,-5.6,0,0.091225286288846,45.4365,6.38724764196225,100.97,402.57,30760.45,-3.105
FMM,2020-11-30,2020,335,6.77,-2.87,27.18,0.245379105421361,57.06,7.997004356994,126.8,494.58,30667.57,1.95
FMM,2020-12-01,2020,336,9.84,1.29,14.83,0.271549746973883,51.795,7.23809828322,115.1,670.19,30578.8,5.565
FMM,2020-12-02,2020,337,1.31,-5.83,6.63,0.138492530253767,46.5705,6.48999261655515,103.49,395.33,30494.19,-2.26
FMM,2020-12-03,2020,338,-2.39,-8.41,2.36,0.0948555051326185,40.932,5.6891841841044,90.96,323.97,30413.81,-5.4
FMM,2020-12-04,2020,339,-2.15,-4.22,5.72,0.0379404456837317,16.218,2.2485190844898,36.04,446.79,30337.73,-3.185
FMM,2020-12-05,2020,340,-2.36,-9.76,4.25,0.111751668462537,50.355,6.9648853463235,111.9,291.36,30266.01,-6.06
FMM,2020-12-06,2020,341,-8.43,-10.55,5.87,0.0256496660947091,17.4375,2.40651632570625,38.75,273.79,30198.71,-9.49
FMM,2020-12-07,2020,342,-7.95,-10.33,0,0.029591007985333,25.992,3.5796434938272,57.76,278.42,30135.88,-9.14
FMM,2020-12-08,2020,343,-8.03,-13.69,0,0.0615702309935002,56.9115,7.8227440873569,126.47,212.38,30077.58,-10.86
FMM,2020-12-09,2020,344,-5.3,-16.45,1.83,0.122128815560704,87.129,11.9548824817905,193.62,169.06,30023.85,-10.875
FMM,2020-12-10,2020,345,-5.34,-11.31,0,0.0771983783692962,60.3135,8.2620183681243,134.03,257.63,29974.74,-8.325
FMM,2020-12-11,2020,346,-2.73,-7.72,0,0.0794093522354295,51.9885,7.1110635050835,115.53,341.97,29930.3,-5.225
FMM,2020-12-12,2020,347,-3.9,-7.71,12,0.0584695368671305,31.149,4.2549475907115,69.22,342.16,29890.55,-5.805
FMM,2020-12-13,2020,348,-2,-8.29,9.44,0.100810555407108,48.1545,6.5701912062501,107.01,327.03,29855.54,-5.145
FMM,2020-12-14,2020,349,-5.93,-14.32,2.51,0.0961459862137666,58.3605,7.9546307523705,129.69,201.76,29825.3,-10.125
FMM,2020-12-15,2020,350,-10.94,-25.2,0,0.0941241812212342,94.3785,12.8529613914408,209.73,78.74,29799.84,-18.07
FMM,2020-12-16,2020,351,-15.31,-27.88,0,0.0630208982649033,91.602,12.4662068384994,203.56,61.51,29779.21,-21.595
FMM,2020-12-17,2020,352,-10.47,-25.46,0,0.100088693995879,93.96,12.78032062248,208.8,76.91,29763.4,-17.965
FMM,2020-12-18,2020,353,-5.65,-22.22,0,0.149800799501006,94.392,12.834357200028,209.76,102.86,29752.45,-13.935
FMM,2020-12-19,2020,354,-6.26,-22.01,0,0.139753831562029,93.5325,12.7148846998838,207.85,104.75,29746.35,-14.135
FMM,2020-12-20,2020,355,-4.33,-10.49,2.8,0.0847918663927092,42.921,5.8344726890367,95.38,275.03,29745.11,-7.41
FMM,2020-12-21,2020,356,-2.28,-5.35,2.18,0.0536497894683571,23.3415,3.1733175812247,51.87,410.3,29748.74,-3.815
FMM,2020-12-22,2020,357,-2.89,-12.4,2.82,0.129583232057542,59.058,8.0313266773332,131.24,235.93,29757.22,-7.645
FMM,2020-12-23,2020,358,-5.81,-19.19,4.8,0.131820659755145,67.6665,9.2061260639568,150.37,133.98,29770.56,-12.5
FMM,2020-12-24,2020,359,5.86,-7.97,30.98,0.295197414792068,68.148,9.2772967545864,151.44,335.43,29788.74,-1.055
FMM,2020-12-25,2020,360,9.81,2.1,52.41,0.250077146303814,50.7195,6.91000933735125,112.71,710.44,29811.75,5.955
FMM,2020-12-26,2020,361,2.5,-16.54,6.4,0.2821085546447,72.9765,9.9515709920538,162.17,167.74,29839.56,-7.02
FMM,2020-12-27,2020,362,-11.85,-19.22,0,0.0574790343150092,68.7735,9.38866424767425,152.83,133.54,29872.15,-15.535
FMM,2020-12-28,2020,363,-1.78,-14.43,8.42,0.168781098161405,67.7655,9.26262015879915,150.59,199.86,29909.49,-8.105
FMM,2020-12-29,2020,364,-7.07,-17,0,0.0998994750248773,82.08,11.23499413368,182.4,161.4,29951.55,-12.035
FMM,2020-12-30,2020,365,-5.68,-17.95,11.54,0.126417498633775,67.869,9.3043095241257,150.82,148.85,29998.29,-11.815
FMM,2021-01-01,2021,1,-8.02,-18.28,2.34,0.0954618091607368,65.3175,8.96992743366225,145.15,144.79,30049.91,-13.15
FMM,2021-01-02,2021,2,-6.14,-13.11,6.56,0.0825583826976337,51.174,7.0407240612138,113.72,222.72,30105.91,-9.625
FMM,2021-01-03,2021,3,-7.94,-15.91,0,0.0805014655200986,77.004,10.6158270522888,171.12,176.82,30166.46,-11.925
FMM,2021-01-04,2021,4,-0.88,-17.06,0,0.206752200478297,104.5125,14.4392380481587,232.25,160.51,30231.51,-8.97
FMM,2021-01-05,2021,5,-5.01,-15.18,0,0.117307499666124,90.4005,12.5182648970878,200.89,187.9,30301.01,-10.095
FMM,2021-01-06,2021,6,-1.23,-12.54,0,0.163171296107115,95.265,13.224048357645,211.7,233.2,30374.9,-6.885
FMM,2021-01-07,2021,7,-5.54,-11.9,0,0.0800756545930744,66.2265,9.21678920462655,147.17,245.7,30453.11,-8.72
FMM,2021-01-08,2021,8,-8.75,-12.58,0,0.0423293769878848,42.489,5.929241885388,94.42,232.55,30535.6,-10.665
FMM,2021-01-09,2021,9,-2.94,-11.84,0,0.123216120874776,86.346,12.0835890471816,191.88,246.83,30622.28,-7.39
FMM,2021-01-10,2021,10,-2.66,-16.36,0,0.166723718897017,106.2585,14.9143226691195,236.13,170.23,30713.1,-9.51
FMM,2021-01-11,2021,11,-5.98,-18.73,0,0.126596675021615,105.2505,14.8184777163843,233.89,139.35,30807.98,-12.355
FMM,2021-01-12,2021,12,-3.8,-10.56,1.23,0.094647280497529,72.7425,10.2744638200913,161.65,273.41,30906.85,-7.18
FMM,2021-01-13,2021,13,-5.33,-7.73,1.36,0.0352950247350093,29.097,4.1234551822485,64.66,341.66,31009.65,-6.53
FMM,2021-01-14,2021,14,-2.58,-5.73,0,0.0538709676593444,36.9945,5.26067136815085,82.21,398.56,31116.29,-4.155
FMM,2021-01-15,2021,15,-3.91,-8.39,0,0.0670873793877889,52.308,7.4646640513764,116.24,324.56,31226.69,-6.15
FMM,2021-01-16,2021,16,-4.42,-9.6,16.42,0.0731705280677261,45.4995,6.51677555494485,101.11,295.19,31340.79,-7.01
FMM,2021-01-17,2021,17,-3.27,-8.24,3.36,0.0764803014801782,44.3475,6.3756336373875,98.55,328.29,31458.5,-5.755
FMM,2021-01-18,2021,18,-8.77,-16.68,0,0.0755086546860458,89.6265,12.9348437616927,199.17,165.76,31579.74,-12.725
FMM,2021-01-19,2021,19,-11.14,-21.24,1.28,0.0753971654950973,105.696,15.3142136500896,234.88,112.09,31704.43,-16.19
FMM,2021-01-20,2021,20,-11.36,-24.9,1.34,0.088694694008716,120.3165,17.5029746902344,267.37,80.88,31832.48,-18.13
FMM,2021-01-21,2021,21,-13.45,-28,2.75,0.0787424393470064,92.2545,13.476048697139,205.01,60.82,31963.83,-20.725
FMM,2021-01-22,2021,22,-8.44,-17.34,3.37,0.0840856176866993,75.699,11.1042557730234,168.22,156.81,32098.38,-12.89
FMM,2021-01-23,2021,23,-12.62,-19.31,0,0.0505120727207983,84.6225,12.4664846621895,188.05,132.56,32236.06,-15.965
FMM,2021-01-24,2021,24,-13.27,-18.44,0,0.0394287352667251,68.8455,10.1865099262293,152.99,142.82,32376.78,-15.855
FMM,2021-01-25,2021,25,-6.11,-16.13,0,0.107585254112095,113.31,16.839962484282,251.8,173.58,32520.46,-11.12
FMM,2021-01-26,2021,26,-5.18,-19.02,0,0.14056503076702,130.3785,19.4639762382124,289.73,135.94,32667.01,-12.1
FMM,2021-01-27,2021,27,-4.76,-9.47,0,0.066266088987336,64.782,9.7154090717238,143.96,298.04,32816.37,-7.115
FMM,2021-01-28,2021,28,-7.89,-18.75,0.79,0.100005090160915,122.94,18.522849862152,273.2,139.09,32968.44,-13.32
FMM,2021-01-29,2021,29,-15.82,-21.8,0,0.036597672374276,83.565,12.649463837037,185.7,106.74,33123.14,-18.81
FMM,2021-01-30,2021,30,-15.64,-26.65,0,0.0567951434628461,127.7415,19.428387149862,283.87,68.95,33280.4,-21.145
FMM,2021-01-31,2021,31,-8.05,-29.9,0,0.141907467381341,148.356,22.6719775229688,329.68,50.88,33440.14,-18.975
FMM,2021-02-01,2021,32,-3.72,-23.59,0,0.187152384411196,148.1985,22.7577202410906,329.33,91.05,33602.28,-13.655
FMM,2021-02-02,2021,33,-5.98,-12.64,6.93,0.0805652748934217,67.248,10.3773079930464,149.44,231.42,33766.74,-9.31
FMM,2021-02-03,2021,34,-4.86,-7.6,6.27,0.0411124911796441,31.761,4.9253645959065,70.58,345.02,33933.45,-6.23
FMM,2021-02-04,2021,35,-4.29,-14.19,0,0.121022516557205,127.053,19.8009112340493,282.34,203.94,34102.33,-9.24
FMM,2021-02-05,2021,36,-4.98,-18.64,4.52,0.141578661425071,110.133,17.2500245975511,244.74,140.35,34273.31,-11.81
FMM,2021-02-06,2021,37,-6.32,-12.47,0,0.0739214176049771,92.259,14.5233824785416,205.02,234.65,34446.32,-9.395
FMM,2021-02-07,2021,38,-8.42,-22.01,2.39,0.110334428668859,112.4685,17.7946816736376,249.93,104.76,34621.28,-15.215
FMM,2021-02-08,2021,39,-10.84,-25.71,0,0.0969630909200758,157.212,25.0010241139692,349.36,75.17,34798.13,-18.275
FMM,2021-02-09,2021,40,-10.84,-29.37,0.85,0.107763165345599,166.3335,26.5874003805551,369.63,53.49,34976.79,-20.105
FMM,2021-02-10,2021,41,-12.74,-24.55,0,0.073880833252548,147.8745,23.758759907298,328.61,83.5,35157.2,-18.645
FMM,2021-02-11,2021,42,-16.37,-24,0,0.0420771340293888,113.58,18.34323826158,252.4,87.75,35339.3,-20.185
FMM,2021-02-12,2021,43,-9.41,-23.74,0,0.105685400010446,161.4105,26.2034057016149,358.69,89.84,35523.01,-16.575
FMM,2021-02-13,2021,44,-8.46,-22.7,1.17,0.11289010882776,161.2035,26.3062896974586,358.23,98.59,35708.28,-15.58
FMM,2021-02-14,2021,45,-8.23,-17.59,1.04,0.0883607608702458,128.808,21.129713073828,286.24,153.56,35895.05,-12.91
FMM,2021-02-15,2021,46,-8.81,-18.79,3.51,0.0885808353596317,100.89,16.636802042052,224.2,138.6,36083.24,-13.8
FMM,2021-02-16,2021,47,-9.35,-16.5,12.51,0.0672952555355638,79.452,13.1705027925048,176.56,168.23,36272.82,-12.925
FMM,2021-02-17,2021,48,-11.96,-17.74,0,0.0474207361047422,90.189,15.0290187232383,200.42,151.52,36463.71,-14.85
FMM,2021-02-18,2021,49,-8.66,-26.54,0,0.124832815268514,183.654,30.7652185778508,408.12,69.65,36655.86,-17.6
FMM,2021-02-19,2021,50,-5.58,-27,0,0.1688579501587,191.2905,32.2134991331337,425.09,66.78,36849.22,-16.29
FMM,2021-02-20,2021,51,-8.46,-20.37,1.67,0.101763012065374,159.1515,26.9427402148077,353.67,120.93,37043.74,-14.415
FMM,2021-02-21,2021,52,-5.78,-26.04,0,0.162775945852311,193.851,32.9903143913952,430.78,72.91,37239.36,-15.91
FMM,2021-02-22,2021,53,-6.62,-21.16,1.64,0.130465605874743,176.0625,30.1212403156688,391.25,112.9,37436.03,-13.89
FMM,2021-02-23,2021,54,-3.58,-7.8,1.94,0.0652911359314786,66.357,11.412475599213,147.46,339.7,37633.7,-5.69
FMM,2021-02-24,2021,55,-2.79,-7.76,3.75,0.0788192993756783,59.2425,10.242655164432,131.65,340.92,37832.32,-5.275
FMM,2021-02-25,2021,56,-8.62,-19.01,1.93,0.0922752557896414,153.8415,26.7385142431683,341.87,135.96,38031.86,-13.815
FMM,2021-02-26,2021,57,-8.3,-22.28,0,0.113079030483856,182.745,31.9294590449625,406.1,102.3,38232.25,-15.29
FMM,2021-02-27,2021,58,-2.89,-18.08,13.2,0.173873179066629,142.5195,25.032261499429,316.71,147.31,38433.47,-10.485
FMM,2021-02-28,2021,59,-0.56,-8.05,3.97,0.127099396389069,88.722,15.665111784693,197.16,333.2,38635.45,-4.305
FMM,2021-03-01,2021,60,0.31,-22.72,12.89,0.263602060310638,163.7145,29.0577656136177,363.81,98.42,38838.18,-11.205
FMM,2021-03-02,2021,61,-16.92,-27.4,0,0.0498831924694761,163.386,29.1513409524918,363.08,64.35,39041.59,-22.16
FMM,2021-03-03,2021,62,-8.44,-18.75,0,0.0929654929721596,165.123,29.6152427548215,366.94,139.06,39245.65,-13.595
FMM,2021-03-04,2021,63,-12.08,-19.2,0,0.0550812677937912,124.4385,22.4347692959518,276.53,133.79,39450.33,-15.64
FMM,2021-03-05,2021,64,-15.7,-22.46,0,0.0405753042851026,119.4975,21.6560594677343,265.55,100.63,39655.59,-19.08
FMM,2021-03-06,2021,65,-11.35,-17.64,0,0.0528829607378374,113.796,20.7298197850536,252.88,152.84,39861.38,-14.495
FMM,2021-03-07,2021,66,-5.74,-20.05,0,0.137683794421617,208.089,38.1030211186191,462.42,124.38,40067.67,-12.895
FMM,2021-03-08,2021,67,-2.67,-22.23,0,0.200179790992722,231.426,42.5949145839126,514.28,102.78,40274.43,-12.45
FMM,2021-03-09,2021,68,-5.36,-14.17,1.63,0.10364134784478,152.991,28.3034885111694,339.98,204.22,40481.62,-9.765
FMM,2021-03-10,2021,69,5.84,-16.91,0.84,0.381050489554857,241.4385,44.8954141566334,536.53,162.65,40689.21,-5.535
FMM,2021-03-11,2021,70,8.81,1.62,2.68,0.222899570545795,94.8735,17.7318634970371,210.83,686.27,40897.17,5.215
FMM,2021-03-12,2021,71,4.43,-7.59,0,0.246584634856974,194.7105,36.5767475388381,432.69,345.27,41105.46,-1.58
FMM,2021-03-13,2021,72,-7.09,-15.39,0,0.0879611108003215,152.5725,28.806475701303,339.05,184.7,41314.04,-11.24
FMM,2021-03-14,2021,73,-11.11,-21.98,0,0.0791940756009787,190.9395,36.2326132639935,424.31,105.07,41522.9,-16.545
FMM,2021-03-15,2021,74,-15.92,-26.6,0,0.0545784835200153,192.258,36.6665218257294,427.24,69.24,41731.99,-21.26
FMM,2021-03-16,2021,75,-3.46,-23.87,0,0.19282683342624,253.0125,48.4953348070913,562.25,88.8,41941.29,-13.665
FMM,2021-03-17,2021,76,6.47,-14.27,0,0.38166604101398,252.3015,48.6005904119983,560.67,202.53,42150.77,-3.9
FMM,2021-03-18,2021,77,-0.27,-16.72,1.51,0.217426627676551,237.213,45.921359672964,527.14,165.19,42360.4,-8.495
FMM,2021-03-19,2021,78,-5.24,-21.2,0,0.151313549868802,234.783,45.6759854708634,521.74,112.53,42570.14,-13.22
FMM,2021-03-20,2021,79,7.04,-14.72,0,0.404522518290939,259.0515,50.6457243709393,575.67,195.24,42779.97,-3.84
FMM,2021-03-21,2021,80,10.63,-7.68,0,0.484101292778376,247.1985,48.5655108089783,549.33,327.1,42989.85,1.475
FMM,2021-03-22,2021,81,12.17,-4.56,0,0.519568672644422,238.419,47.0693820537891,529.82,406.42,43199.77,3.805
FMM,2021-03-23,2021,82,14.12,-2.34,0,0.596185039136038,238.2525,47.2650749519333,529.45,465.18,43409.69,5.89
FMM,2021-03-24,2021,83,12.18,-3.24,4.96,0.468118245509383,173.313,34.5484621068237,385.14,481,43619.57,4.47
FMM,2021-03-25,2021,84,8.24,1.4,3.55,0.206835511663279,94.284,18.885118953672,209.52,675.55,43829.4,4.82
FMM,2021-03-26,2021,85,5.15,-4.84,17.14,0.227491496956988,132.597,26.6863284185535,294.66,426.38,44039.15,0.155
FMM,2021-03-27,2021,86,-2.94,-6.31,0,0.0557924211197405,69.75,14.104627303275,155,381.34,44248.77,-4.625
FMM,2021-03-28,2021,87,0.06,-5.63,28.25,0.106288928273,85.2345,17.3174515629862,189.41,401.63,44458.25,-2.785
FMM,2021-03-29,2021,88,-0.25,-12.14,4.38,0.180022863510587,161.352,32.936897271132,358.56,240.88,44667.55,-6.195
FMM,2021-03-30,2021,89,3.12,-15.64,5.84,0.292011964457714,201.582,41.3416953992736,447.96,180.81,44876.64,-6.26
FMM,2021-03-31,2021,90,11.09,-1.78,5.91,0.391518027129483,167.985,34.611752868975,373.3,535.88,45085.5,4.655
FMM,2021-04-01,2021,91,-1.36,-12.91,7.7,0.163855856420159,162.4635,33.6289683055675,361.03,226.42,45294.09,-7.135
FMM,2021-04-02,2021,92,-8.82,-17.61,0,0.0810735985539678,179.9865,37.4274505186659,399.97,153.32,45502.38,-13.215
FMM,2021-04-03,2021,93,-0.27,-19.27,0,0.233528883262865,280.791,58.6561751686071,623.98,132.97,45710.33,-9.77
FMM,2021-04-04,2021,94,6.11,-15.73,0,0.381416336240121,289.44,60.737506235136,643.2,179.43,45917.92,-4.81
FMM,2021-04-05,2021,95,3.06,-2.17,2.41,0.12013630856804,79.407,16.7383407066489,176.46,520.8,46125.11,0.445
FMM,2021-04-06,2021,96,6.9,-0.2,0,0.19623259126629,142.3665,30.1442117046714,316.37,601.75,46331.88,3.35
FMM,2021-04-07,2021,97,12.6,0.22,0,0.418242045215669,224.8785,47.8270327509167,499.73,620.32,46538.17,6.41
FMM,2021-04-08,2021,98,14.65,-1.89,0,0.574997330894139,263.4885,56.2863862833822,585.53,523.08,46743.96,6.38
FMM,2021-04-09,2021,99,17.23,-1.38,0,0.734873204493737,277.6905,59.5807003601937,617.09,522.41,46949.22,7.925
FMM,2021-04-10,2021,100,15.47,-1.62,0,0.622714069027163,267.9345,57.7380957513435,595.41,525.75,47153.9,6.925
FMM,2021-04-11,2021,101,10.21,-2.25,0,0.363081893823193,226.998,49.1282516464542,504.44,517.68,47357.97,3.98
FMM,2021-04-12,2021,102,7.61,1.49,0,0.181825795173528,125.649,27.3105020487834,279.22,679.91,47561.38,4.55
FMM,2021-04-13,2021,103,12.5,-0.99,0,0.439549122443713,239.265,52.227227656305,531.7,568.1,47764.1,5.755
FMM,2021-04-14,2021,104,12.71,-5.2,0,0.53769686139934,278.325,61.0102403365725,618.5,403.54,47966.09,3.755
FMM,2021-04-15,2021,105,12.99,-5.34,0,0.556942925574838,282.7665,62.2438646004356,628.37,395.66,48167.31,3.825
FMM,2021-04-16,2021,106,5.53,-2.12,0,0.191060156711934,160.2045,35.4116723208962,356.01,522.65,48367.71,1.705
FMM,2021-04-17,2021,107,4.03,-4,0,0.180250845254252,171.5625,38.078689204125,381.25,454.41,48567.24,0.015
FMM,2021-04-18,2021,108,8.31,-0.67,0,0.256304442646628,189.5805,42.249915140135,421.29,581.7,48765.87,3.82
FMM,2021-04-19,2021,109,10.43,-2.19,0,0.382716745981498,247.6935,55.4247342191043,550.43,508.39,48963.54,4.12
FMM,2021-04-20,2021,110,4.12,-3.18,6.97,0.168599425594217,126.1395,28.3387724934782,280.31,483.01,49160.21,0.47
FMM,2021-04-21,2021,111,-1.91,-7.51,9.18,0.0922485465872528,104.13,23.487161181003,231.4,347.56,49355.83,-4.71
FMM,2021-04-22,2021,112,-5.08,-8.48,5.31,0.0490165143944583,69.12,15.65188527744,153.6,322.19,49550.35,-6.78
FMM,2021-04-23,2021,113,6.13,-6.29,0,0.280683134975845,268.6275,61.0667550531743,596.95,381.85,49743.71,-0.08
FMM,2021-04-24,2021,114,12.82,-1.42,0,0.502903780825173,282.051,64.3659916570209,626.78,511.26,49935.87,5.7
FMM,2021-04-25,2021,115,12.65,-2.53,6.45,0.477259022403099,215.775,49.4295943511475,479.5,507.09,50126.77,5.06
FMM,2021-04-26,2021,116,1.83,-3.64,2.18,0.115506501169343,103.455,23.789029682979,229.9,466.63,50316.34,-0.905
FMM,2021-04-27,2021,117,10.2,-2.66,0,0.377793513868604,265.8105,61.3505912255919,590.69,494.81,50504.54,3.77
FMM,2021-04-28,2021,118,14.75,-2.6,0,0.635233837484772,302.616,70.1038067040072,672.48,454.63,50691.31,6.075
FMM,2021-04-29,2021,119,17.2,-2.45,0,0.793334418839913,313.884,72.9799184203092,697.52,441.15,50876.59,7.375
FMM,2021-04-30,2021,120,8.2,0.57,6.67,0.224984700517662,135.864,31.703262658344,301.92,636.34,51060.3,4.385
FMM,2021-05-01,2021,121,5.74,-3.45,0,0.22237994086269,215.5185,50.469641292708,478.93,473.37,51242.4,1.145
FMM,2021-05-02,2021,122,7.36,-2.75,0,0.263539141450222,230.5935,54.1899999595719,512.43,498.94,51422.82,2.305
FMM,2021-05-03,2021,123,9.32,-5.6,0,0.397652343513787,293.373,69.1828581336228,651.94,389.6,51601.48,1.86
FMM,2021-05-04,2021,124,8.23,-3.8,1.96,0.317411536778316,266.175,62.9841832340175,591.5,457.57,51778.33,2.215
FMM,2021-05-05,2021,125,5.01,2.6,25.33,0.0679918411034299,51.948,12.333836029788,115.44,736.21,51953.3,3.805
FMM,2021-05-06,2021,126,5.07,-2.94,4.92,0.192181403622231,149.94,35.718292470798,333.2,491.9,52126.31,1.065
FMM,2021-05-07,2021,127,7.97,-5.27,0,0.328634083743123,282.582,67.5367067087046,627.96,412.63,52297.29,1.35
FMM,2021-05-08,2021,128,9.19,-4.56,0,0.367760367896932,288.963,69.2847864050238,642.14,430.89,52466.18,2.315
FMM,2021-05-09,2021,129,12.16,-2.64,0,0.484012965094258,298.764,71.8623942581772,663.92,475.15,52632.89,4.76
FMM,2021-05-10,2021,130,11.27,-2.08,1.92,0.423925351998006,286.6725,69.169468913622,637.05,505.52,52797.36,4.595
FMM,2021-05-11,2021,131,8.07,-0.75,8.37,0.249303065807619,166.383,40.2688390361481,369.74,578.17,52959.51,3.66
FMM,2021-05-12,2021,132,10.62,-1.4,0,0.363813610161739,270.4815,65.6607290942588,601.07,550.91,53119.25,4.61
FMM,2021-05-13,2021,133,12.88,-3.28,2.08,0.502229956520542,230.8185,56.1982333925034,512.93,479.45,53276.52,4.8
FMM,2021-05-14,2021,134,16.46,-2.61,0,0.734127525981594,323.2215,78.9244589450237,718.27,452.45,53431.23,6.925
FMM,2021-05-15,2021,135,17.85,-2.98,0,0.835206101169548,328.779,80.509981523499,730.62,430.43,53583.3,7.435
FMM,2021-05-16,2021,136,16.76,-0.67,0,0.720435263689922,312.1875,76.6602181074375,693.75,522.79,53732.66,8.045
FMM,2021-05-17,2021,137,19.85,-0.55,0,0.946578960499416,322.443,79.3945211541273,716.54,502.85,53879.23,9.65
FMM,2021-05-18,2021,138,16.29,6.7,0,0.439317409392901,214.506,52.9582491793422,476.68,975.07,54022.91,11.495
FMM,2021-05-19,2021,139,20.67,4.57,0,0.915389886615782,293.886,72.7449652580328,653.08,723.52,54163.64,12.62
FMM,2021-05-20,2021,140,25.42,6.41,0,1.32457564579623,305.5455,75.8232645431742,678.99,776.78,54301.32,15.915
FMM,2021-05-21,2021,141,23.55,9.7,0,0.989983505081317,259.1775,64.476097669359,575.95,1060.09,54435.88,16.625
FMM,2021-05-22,2021,142,21.86,13.92,4.57,0.512475540977229,122.553,30.5613162635283,272.34,1589.22,54567.23,17.89
FMM,2021-05-23,2021,143,14.99,0.54,11.64,0.533206100470279,202.7115,50.6692640181915,450.47,634.88,54695.3,7.765
FMM,2021-05-24,2021,144,14.21,-4,0,0.617313991194193,303.867,76.1270094558,675.26,418.83,54820,5.105
FMM,2021-05-25,2021,145,17.13,1.02,18.65,0.64639531573256,211.9455,53.2155870216594,470.99,657.3,54941.24,9.075
FMM,2021-05-26,2021,146,20.68,8.85,11.28,0.648441944622323,169.1955,42.5728781787276,375.99,1135.73,55058.96,14.765
FMM,2021-05-27,2021,147,7.77,-1.59,0,0.255767540125215,200.124,50.4594423096408,444.72,543.58,55173.06,3.09
FMM,2021-05-28,2021,148,8.28,-4.73,0,0.33120826531414,257.6565,65.0957561983134,572.57,430.04,55283.48,1.775
FMM,2021-05-29,2021,149,11.88,-5.5,0,0.508227118026422,299.241,75.7477266880644,664.98,389.41,55390.12,3.19
FMM,2021-05-30,2021,150,14.6,-3.03,0,0.619470715545723,296.7345,75.2526674454785,659.41,454.4,55492.93,5.785
FMM,2021-05-31,2021,151,10.39,3.13,3.01,0.246941862992567,118.1925,30.0273449656523,262.65,764.45,55591.81,6.76
FMM,2021-06-01,2021,152,18.77,1.81,5.14,0.735845104129817,212.6655,54.1208643377445,472.59,692.92,55686.7,10.29
FMM,2021-06-02,2021,153,20.79,3.76,0,0.918034575657757,283.3245,72.2203534490765,629.61,706.55,55777.53,12.275
FMM,2021-06-03,2021,154,14.7,5.1,7.21,0.395609354923869,145.782,37.2180695805828,323.96,877.92,55864.22,9.9
FMM,2021-06-04,2021,155,19.36,8.84,0,0.552881673306578,201.2895,51.4649877412307,447.31,1135.44,55946.71,14.1
FMM,2021-06-05,2021,156,19.75,9,3.22,0.574173669520052,151.659,38.8298567358522,337.02,1147.8,56024.94,14.375
FMM,2021-06-06,2021,157,23.67,9.2,0,0.960619045020312,247.338,63.4104519344478,549.64,1080.12,56098.83,16.435
FMM,2021-06-07,2021,158,27.48,13.87,0,1.1422026744252,229.428,58.8917158865064,509.84,1479.17,56168.34,20.675
FMM,2021-06-08,2021,159,27.9,14.23,0,1.17665921679378,228.492,58.719390889896,507.76,1508.87,56233.4,21.065
FMM,2021-06-09,2021,160,20.08,6.55,0,0.726366034175732,237.5955,61.1246254894326,527.99,931.26,56293.96,13.315
FMM,2021-06-10,2021,161,15.25,0.3,0,0.573235428818784,256.2345,65.9853569029167,569.41,603.72,56349.98,7.775
FMM,2021-06-11,2021,162,17.69,-1.39,0,0.782565221673594,286.8795,73.9444397106479,637.51,503.42,56401.39,8.15
FMM,2021-06-12,2021,163,19.51,-1.21,0,0.913579166639483,293.886,75.8132104504032,653.08,497.9,56448.16,9.15
FMM,2021-06-13,2021,164,21.13,-0.5,0,1.03005121921373,296.4285,76.5261127296113,658.73,515.41,56490.25,10.315
FMM,2021-06-14,2021,165,15.6,8.13,8.91,0.343252454805014,108.117,27.9299968803378,240.26,1081.57,56527.62,11.865
FMM,2021-06-15,2021,166,15.3,5.67,11.21,0.41020799639262,137.763,35.6090211280584,306.14,913.88,56560.24,10.485
FMM,2021-06-16,2021,167,11.93,4.24,1.98,0.283449348198398,156.4335,40.4548875049585,347.63,826.62,56588.09,8.085
FMM,2021-06-17,2021,168,18.18,4.88,0,0.610408071737891,235.2375,60.85895661837,522.75,863.32,56611.12,11.53
FMM,2021-06-18,2021,169,19.13,5.7,12.12,0.647255067096575,176.319,45.6306666995322,391.82,915.57,56629.34,12.415
FMM,2021-06-19,2021,170,17.94,12.15,11.88,0.316898938176794,87.3945,22.6226942282642,194.21,1416.07,56642.71,15.045
FMM,2021-06-20,2021,171,21.9,9.94,0,0.699106495318977,215.9595,55.9110768646955,479.91,1222.7,56651.23,15.92
FMM,2021-06-21,2021,172,21.4,7.88,10.46,0.739448170101008,174.5955,45.2050100517528,387.99,1063.64,56654.88,14.64
FMM,2021-06-22,2021,173,16.59,1.47,0,0.602331408624156,254.9295,66.0031130221092,566.51,679.34,56653.68,9.03
FMM,2021-06-23,2021,174,14.58,-0.29,0,0.529304549419678,254.916,65.9925464289732,566.48,598.07,56647.61,7.145
FMM,2021-06-24,2021,175,20.7,3.53,0,0.841449242551834,267.0525,69.1211113289483,593.45,769.95,56636.69,12.115
FMM,2021-06-25,2021,176,19.53,10.89,0,0.48143389164445,165.0105,42.6977141398664,366.69,1302.25,56620.91,15.21
FMM,2021-06-26,2021,177,17.9,11.53,30.4,0.34299101494578,94.2165,24.3703617995156,209.37,1359.08,56600.31,14.715
FMM,2021-06-27,2021,178,21.56,16.37,33.52,0.352568164199683,75.519,19.5252295688487,167.82,1860.69,56574.89,18.965
FMM,2021-06-28,2021,179,22.01,15.63,0,0.431823429523883,124.893,32.2734929593167,277.54,1774.36,56544.67,18.82
FMM,2021-06-29,2021,180,25.13,15.84,7.24,0.692599164789602,129.573,33.4621343850309,287.94,1798.65,56509.69,20.485
FMM,2021-06-30,2021,181,20.64,13.23,16.5,0.452736367178981,109.512,28.2615218554032,243.36,1519.83,56469.98,16.935
FMM,2021-07-01,2021,182,17.44,9.75,3.29,0.390288547273622,117.8595,30.3918174799074,261.91,1206.71,56425.56,13.595
FMM,2021-07-02,2021,183,15.71,4.03,0,0.48336412369473,222.1515,57.235236709334,493.67,814.5,56376.49,9.87
FMM,2021-07-03,2021,184,16.7,1.36,0,0.611859496653944,254.9025,65.6106672993458,566.45,673.75,56322.79,9.03
FMM,2021-07-04,2021,185,17.98,4.47,0,0.60854937309001,235.7415,60.615931527634,523.87,839.98,56264.51,11.225
FMM,2021-07-05,2021,186,21.49,2.82,0,0.904839562666582,266.058,68.3348316943032,591.24,747.87,56201.72,12.155
FMM,2021-07-06,2021,187,22.1,9.78,4.49,0.721708609033019,159.867,41.0113834540236,355.26,1209.68,56134.44,15.94
FMM,2021-07-07,2021,188,16.51,3.3,0,0.550197085265895,229.698,58.850182081215,510.44,773.9,56062.75,9.905
FMM,2021-07-08,2021,189,17.25,1.2,22.77,0.649274225953093,169.839,43.454873895741,377.42,666.13,55986.7,9.225
FMM,2021-07-09,2021,190,14.94,6.64,2.93,0.358657182827318,110.808,28.3105647606816,246.24,977.18,55906.36,10.79
FMM,2021-07-10,2021,191,22.05,4.34,0,0.907060498294508,231.903,59.1597281923767,515.34,832.4,55821.77,13.195
FMM,2021-07-11,2021,192,22.82,5.96,0,0.92012979501952,226.737,57.7498915437318,503.86,932.36,55733.02,14.39
FMM,2021-07-12,2021,193,23.86,5.76,0,1.01691488093317,232.281,59.0633852779089,516.18,919.03,55640.17,14.81
FMM,2021-07-13,2021,194,23.14,6.76,0,0.920734016280233,224.739,57.0461375724867,499.42,985.26,55543.29,14.95
FMM,2021-07-14,2021,195,19.66,14.13,9.43,0.335794768659996,75.015,19.006703745633,166.7,1611.11,55442.46,16.895
FMM,2021-07-15,2021,196,23.87,12.12,5.04,0.769755780901312,138.267,34.9668216653706,307.26,1413.28,55337.74,17.995
FMM,2021-07-16,2021,197,19.57,11.28,13.12,0.466540063289488,108.3015,27.3350316801231,240.67,1337.01,55229.22,15.425
FMM,2021-07-17,2021,198,23.6,9.39,0,0.864330717607848,207.7605,52.3316511581256,461.69,1177.74,55116.96,16.495
FMM,2021-07-18,2021,199,23.94,9.8,0,0.877293720436256,206.226,51.8359040999892,458.28,1211.24,55001.06,16.87
FMM,2021-07-19,2021,200,25.58,9.57,0,1.03925762877168,215.1945,53.9726885789954,478.21,1192.71,54881.59,17.575
FMM,2021-07-20,2021,201,20.02,11.99,0,0.466601905620686,137.1465,34.3204855656831,304.77,1401.14,54758.62,16.005
FMM,2021-07-21,2021,202,16.9,6.12,1.72,0.489192434333847,179.1,44.71577822088,398,942.54,54632.24,11.51
FMM,2021-07-22,2021,203,19.45,3.97,0,0.721762464452997,219.8115,54.7499027754297,488.47,811.32,54502.54,11.71
FMM,2021-07-23,2021,204,21.01,3.77,2.79,0.841449811410516,170.343,42.3249515623458,378.54,800.1,54369.58,12.39
FMM,2021-07-24,2021,205,23.65,3.65,0,1.06146762280253,236.4525,58.6040220069705,525.45,793.03,54233.46,13.65
FMM,2021-07-25,2021,206,19.22,10.39,23.83,0.480618037805391,110.754,27.3795814212228,246.12,1260.13,54094.26,14.805
FMM,2021-07-26,2021,207,21.84,10.03,2.07,0.691160689665129,135.3195,33.3644996290869,300.71,1229.54,53952.06,15.935
FMM,2021-07-27,2021,208,16.63,4.97,0,0.508953776294956,182.637,44.9100211205646,405.86,870.37,53806.94,10.8
FMM,2021-07-28,2021,209,17.05,1.38,0,0.632751909935927,215.28,52.791292829808,478.4,674.63,53658.98,9.215
FMM,2021-07-29,2021,210,16.56,3.06,4.46,0.559936827744694,147.195,35.9940045981105,327.1,760.64,53508.27,9.81
FMM,2021-07-30,2021,211,13.66,8.38,1.27,0.229935417229999,90.0495,21.9569277029171,200.11,1100.08,53354.87,11.02
FMM,2021-07-31,2021,212,15.41,4.44,0,0.454518432296534,170.3025,41.4037611165082,378.45,838.26,53198.89,9.925
FMM,2021-08-01,2021,213,18.25,3.15,0,0.663334521020122,206.4735,50.0480483526801,458.83,765.57,53040.38,10.7
FMM,2021-08-02,2021,214,16.68,6.26,0,0.471203155286444,162.108,39.1748637860064,360.24,951.78,52879.44,11.47
FMM,2021-08-03,2021,215,18.87,5.83,10.29,0.625135156939698,141.003,33.9694154262423,313.34,924.04,52716.13,12.35
FMM,2021-08-04,2021,216,19.97,9.31,0,0.578287412520746,163.5705,39.2824317310299,363.49,1171.55,52550.54,14.64
FMM,2021-08-05,2021,217,24.12,10.44,0,0.867523924382007,189.297,45.3156425893746,420.66,1263.57,52382.74,17.28
FMM,2021-08-06,2021,218,23.79,10.06,0,0.853440684725089,189.4095,45.1954822171262,420.91,1232.39,52212.81,16.925
FMM,2021-08-07,2021,219,19.47,8.36,0,0.578951983907358,168.912,40.1717500551504,375.36,1098.95,52040.81,13.915
FMM,2021-08-08,2021,220,21.68,5.77,0,0.833514984310106,207.405,49.161490755597,460.9,919.94,51866.82,13.725
FMM,2021-08-09,2021,221,20.16,11.47,4.74,0.500723591907482,102.492,24.2114246970804,227.76,1353.58,51690.91,15.815
FMM,2021-08-10,2021,222,26.02,15.72,0,0.786275452818144,151.884,35.7557933060208,337.52,1784.55,51513.16,20.87
FMM,2021-08-11,2021,223,21.88,16.12,9.78,0.392728928011046,71.163,16.6944553561251,158.14,1831.21,51333.61,19.0
FMM,2021-08-12,2021,224,25.65,19.62,0,0.500515885645569,97.083,22.6947322660716,215.74,2282.22,51152.36,22.635
FMM,2021-08-13,2021,225,25.88,16.37,0,0.733607086648507,145.8765,33.9790695262673,324.17,1861.1,50969.45,21.125
FMM,2021-08-14,2021,226,22.63,10.62,6.11,0.730716696180905,133.5645,30.9986136960368,296.81,1279.01,50784.95,16.625
FMM,2021-08-15,2021,227,17.92,4.82,0,0.593705309411471,192.339,44.4759145195239,427.42,861.34,50598.93,11.37
FMM,2021-08-16,2021,228,22.06,3.22,0,0.939111092742802,221.4495,51.0175979930196,492.11,769.64,50411.44,12.64
FMM,2021-08-17,2021,229,26.17,8.57,0,1.13696984944773,209.8575,48.1658750548763,466.35,1114.38,50222.55,17.37
FMM,2021-08-18,2021,230,23.99,14.03,0,0.68620322501554,149.6655,34.2206658638338,332.59,1601.26,50032.31,19.01
FMM,2021-08-19,2021,231,25.71,13.06,0,0.896944477159343,174.438,39.7321637079114,387.64,1502.53,49840.79,19.385
FMM,2021-08-20,2021,232,27.74,13.59,0,1.07984274041516,182.637,41.4387823558527,405.86,1555.31,49648.03,20.665
FMM,2021-08-21,2021,233,27.72,12.16,0,1.14733118279198,192.168,43.4309568196608,427.04,1416.29,49454.08,19.94
FMM,2021-08-22,2021,234,26.1,14.96,0,0.836755315914952,157.221,35.3925972072297,349.38,1699.62,49259.01,20.53
FMM,2021-08-23,2021,235,22.08,14.93,7.43,0.47581228146124,85.2075,19.1049969445493,189.35,1697.08,49062.87,18.505
FMM,2021-08-24,2021,236,26.29,11.2,0,1.0413566669464,191.3895,42.7403764914854,425.31,1329.27,48865.69,18.745
FMM,2021-08-25,2021,237,25.95,10.02,0,1.05754085770046,195.4125,43.4618226673425,434.25,1228.95,48667.54,17.985
FMM,2021-08-26,2021,238,26.37,12.09,0,1.00895199519456,182.25,40.36853213595,405,1409.95,48468.46,19.23
FMM,2021-08-27,2021,239,16.49,2.86,0,0.56080531967862,188.082,41.4884440023426,417.96,750.25,48268.49,9.675
FMM,2021-08-28,2021,240,17.44,0.67,0,0.673541322490056,205.551,45.1532437909776,456.78,641.26,48067.68,9.055
FMM,2021-08-29,2021,241,17.24,8.63,7.75,0.42181664899446,98.0685,21.4522868258136,217.93,1118.91,47866.08,12.935
FMM,2021-08-30,2021,242,22.2,10.86,6.4,0.684759139759836,117.4365,25.5803942737746,260.97,1299.88,47663.72,16.53
FMM,2021-08-31,2021,243,18.92,8.69,0,0.528966976281264,149.265,32.3748576246825,331.7,1123.31,47460.65,13.805
FMM,2021-09-01,2021,244,13.82,3.83,0,0.386969522921476,150.057,32.406914899881,333.46,803.07,47256.9,8.825
FMM,2021-09-02,2021,245,13.9,2.32,3.5,0.43151655808191,124.2765,26.7231835125707,276.17,721.96,47052.53,8.11
FMM,2021-09-03,2021,246,15.91,4.1,0,0.492729873055776,165.951,35.5290053930892,368.78,818.6,46847.56,10.005
FMM,2021-09-04,2021,247,19.01,2.02,0,0.743798427160224,197.4285,42.0826897107374,438.73,706.54,46642.03,10.515
FMM,2021-09-05,2021,248,14.54,2.54,9.33,0.459446751435603,124.218,26.3606091325974,276.04,733.24,46435.99,8.54
FMM,2021-09-06,2021,249,16.25,9.69,6.34,0.319846837659099,74.8845,15.8207458879809,166.41,1202.46,46229.46,12.97
FMM,2021-09-07,2021,250,15.21,6.27,0,0.386410219267476,134.19,28.223207621784,298.2,952,46022.48,10.74
FMM,2021-09-08,2021,251,15.22,6.03,7.16,0.394300980264519,101.718,21.2971976650008,226.04,936.85,45815.08,10.625
FMM,2021-09-09,2021,252,16.09,11.06,5.21,0.253343525922516,58.7565,12.2463474087685,130.57,1317.06,45607.31,13.575
FMM,2021-09-10,2021,253,12.01,8.83,0,0.13311983562502,52.8165,10.9580638624479,117.37,1134.03,45399.18,10.42
FMM,2021-09-11,2021,254,16.14,6.67,6.69,0.425595028618137,102.3885,21.1454452169793,227.53,978.99,45190.74,11.405
FMM,2021-09-12,2021,255,16.19,7.79,16.73,0.389146045158311,92.2905,18.9719579438217,205.09,1057.3,44982.02,11.99
FMM,2021-09-13,2021,256,14.7,5.89,0,0.370810919672187,129.6585,26.5297877952588,288.13,927.43,44773.04,10.295
FMM,2021-09-14,2021,257,14.4,2.29,28.5,0.458701292522948,121.2975,24.703054487568,269.55,720.09,44563.84,8.345
FMM,2021-09-15,2021,258,17.29,6.74,23.3,0.492809184819885,109.7775,22.2518813013788,243.95,983.47,44354.45,12.015
FMM,2021-09-16,2021,259,17.6,1.95,0,0.652897405298094,182.349,36.7874788180077,405.22,702.83,44144.89,9.775
FMM,2021-09-17,2021,260,19.42,1.14,0,0.793868553112407,188.5725,37.86231519414,419.05,663.28,43935.2,10.28
FMM,2021-09-18,2021,261,17.37,4.81,4.53,0.559529146418302,118.836,23.7464238308184,264.08,860.3,43725.42,11.09
FMM,2021-09-19,2021,262,14.9,-0.27,0,0.546372716411752,176.0895,35.0182256886833,391.31,598.7,43515.55,7.315
FMM,2021-09-20,2021,263,18.38,-0.26,0,0.755213606850881,185.4675,36.7052832310837,412.15,599.27,43305.65,9.06
FMM,2021-09-21,2021,264,18.79,5.01,0,0.645791524497,161.298,31.7672356129578,358.44,872.43,43095.73,11.9
FMM,2021-09-22,2021,265,16.31,9.43,3.29,0.334087901749568,71.1765,13.9497539322411,158.17,1181.36,42885.82,12.87
FMM,2021-09-23,2021,266,18.91,13.6,2.29,0.310623197448865,55.2555,10.7764324905546,122.79,1556.97,42675.96,16.255
FMM,2021-09-24,2021,267,15.84,8.34,20.9,0.348630976859423,79.065,15.3441759308985,175.7,1097.63,42466.17,12.09
FMM,2021-09-25,2021,268,13.93,6.28,0,0.317196984906213,109.674,21.1793779469664,243.72,953.14,42256.48,10.105
FMM,2021-09-26,2021,269,13.7,4.89,1.92,0.34943767924539,123.462,23.7237751874862,274.36,865.4,42046.93,9.295
FMM,2021-09-27,2021,270,11.32,1.48,4.18,0.329408432695558,101.4705,19.4009117887449,225.49,679.75,41837.54,6.4
FMM,2021-09-28,2021,271,9.5,0.07,0,0.28620906718864,131.616,25.0388210654496,292.48,613.62,41628.33,4.785
FMM,2021-09-29,2021,272,6.22,2.3,6.71,0.113778284567793,46.422,8.787054630249,103.16,720.79,41419.35,4.26
FMM,2021-09-30,2021,273,9.06,2.67,2.34,0.205424424523413,72.081,13.5752006341071,160.18,740.04,41210.63,5.865
FMM,2021-10-01,2021,274,6.34,2.61,1.24,0.109673959480929,59.607,11.1691601547381,132.46,736.86,41002.19,4.475
FMM,2021-10-02,2021,275,10.24,-1.54,0,0.350469682940485,149.3325,27.8398868698215,331.85,545.45,40794.06,4.35
FMM,2021-10-03,2021,276,11.27,-2.24,0,0.408094595472249,156.6945,29.0635861111722,348.21,518.27,40586.28,4.515
FMM,2021-10-04,2021,277,14.37,-2.43,0,0.561780142819368,165.2895,30.5011163279232,367.31,510.99,40378.88,5.97
FMM,2021-10-05,2021,278,18.35,-2.46,0,0.798137325036335,168.2145,30.8817570515535,373.81,509.7,40171.9,7.945
FMM,2021-10-06,2021,279,18.26,-0.71,0,0.75698434095173,162.54,29.686588565886,361.2,579.93,39965.37,8.775
FMM,2021-10-07,2021,280,18.76,-0.31,0,0.781872237240349,160.02,29.075648785848,355.6,596.91,39759.32,9.225
FMM,2021-10-08,2021,281,15.39,2.32,0,0.51148494910009,137.8485,24.9176079371246,306.33,721.96,39553.79,8.855
FMM,2021-10-09,2021,282,15.93,1.66,0,0.559262275658877,140.76,25.312041357624,312.8,688.27,39348.82,8.795
FMM,2021-10-10,2021,283,13.09,4.66,0,0.32608612942561,97.4925,17.440442177319,216.65,851.39,39144.44,8.875
FMM,2021-10-11,2021,284,17.12,9.29,0,0.388743503358267,88.344,15.7216057703352,196.32,1170.01,38940.69,13.205
FMM,2021-10-12,2021,285,20.6,7.88,0,0.678406992142823,122.949,21.7657693823373,273.22,1063.68,38737.61,14.24
FMM,2021-10-13,2021,286,21.74,6.2,0,0.824456659302591,133.758,23.555598720615,297.24,947.61,38535.25,13.97
FMM,2021-10-14,2021,287,17.32,6.23,0,0.511742104039542,110.8485,19.4189650754778,246.33,949.46,38333.64,11.775
FMM,2021-10-15,2021,288,15.67,9.87,5,0.279023862011669,47.439,8.2670537832309,105.42,1217.05,38132.83,12.77
FMM,2021-10-16,2021,289,13.74,10.52,38.21,0.148316064313666,28.3365,4.91222081239425,62.97,1270.77,37932.85,12.13
FMM,2021-10-17,2021,290,9.3,3.64,4.85,0.188601179419867,50.1795,8.6531177293344,111.51,792.49,37733.76,6.47
FMM,2021-10-18,2021,291,6.28,1.09,0,0.145850896918745,63.207,10.842382898244,140.46,660.81,37535.6,3.685
FMM,2021-10-19,2021,292,4.29,0.87,3.6,0.0895128621827382,32.8815,5.6107866855411,73.07,650.48,37338.42,2.58
FMM,2021-10-20,2021,293,7.24,-0.01,1.36,0.203408225888219,87.849,14.9115045369411,195.22,610.46,37142.27,3.615
FMM,2021-10-21,2021,294,8.41,2.69,5.85,0.180258390807037,53.424,9.0205707210192,118.72,741,36947.19,5.55
FMM,2021-10-22,2021,295,9.44,0.17,11.99,0.281306731240183,77.2695,12.9783634652826,171.71,618.37,36753.24,4.805
FMM,2021-10-23,2021,296,2.3,-2.82,0,0.112288979690311,64.1115,10.7118358358909,142.47,496.44,36560.47,-0.26
FMM,2021-10-24,2021,297,4.2,-2.34,0,0.155054436518109,78.714,13.0827434762412,174.92,514.41,36368.94,0.93
FMM,2021-10-25,2021,298,5.06,-4.3,0,0.215897181713551,102.168,16.8921111076344,227.04,444.09,36178.69,0.38
FMM,2021-10-26,2021,299,9.21,1.65,0,0.237417349926274,84.7845,13.9447899206654,188.41,687.96,35989.79,5.43
FMM,2021-10-27,2021,300,8.72,0.69,0,0.241565083156446,88.362,14.457482144982,196.36,641.99,35802.3,4.705
FMM,2021-10-28,2021,301,9.55,-1.73,0,0.325829377458545,108.6435,17.6835063699346,241.43,538.18,35616.27,3.91
FMM,2021-10-29,2021,302,11.43,-4.56,0,0.456875496821489,121.8465,19.7297682679188,270.77,435.39,35431.76,3.435
FMM,2021-10-30,2021,303,7.68,-4.71,9,0.309042646295002,81.0225,13.051687564773,180.05,430.71,35248.84,1.485
FMM,2021-10-31,2021,304,6.64,3.06,21.44,0.107490173725969,28.8945,4.63059774923805,64.21,760.95,35067.57,4.85
FMM,2021-11-01,2021,305,5.3,-0.72,7.81,0.155331156083997,47.2815,7.5384796835691,105.07,579.52,34888.02,2.29
FMM,2021-11-02,2021,306,1.73,-3.99,0,0.119003018271204,61.776,9.79927004628,137.28,454.61,34710.25,-1.13
FMM,2021-11-03,2021,307,0.78,-7.35,0,0.147693373985747,83.9655,13.2515937452606,186.59,351.8,34534.33,-3.285
FMM,2021-11-04,2021,308,-0.71,-8.41,0,0.128453334086428,82.179,12.9042940893696,182.62,324.05,34360.32,-4.56
FMM,2021-11-05,2021,309,1.42,-10.24,0,0.198605479018945,105.3135,16.4542419742954,234.03,280.49,34188.31,-4.41
FMM,2021-11-06,2021,310,4.37,-3.68,0,0.184724341158644,84.717,13.1704395283953,188.26,465.27,34018.37,0.345
FMM,2021-11-07,2021,311,6.92,-5.51,0,0.295315411662268,105.201,16.2742805172135,233.78,405.24,33850.55,0.705
FMM,2021-11-08,2021,312,7.2,-0.86,0,0.220667429309412,83.007,12.7781159660505,184.46,573.5,33684.95,3.17
FMM,2021-11-09,2021,313,8.44,-4.17,0,0.328097356434609,102.4695,15.6976971203525,227.71,448.37,33521.63,2.135
FMM,2021-11-10,2021,314,6.17,-4.1,0,0.247472611555704,92.8935,14.1623815518077,206.43,450.86,33360.67,1.035
FMM,2021-11-11,2021,315,3.21,-4.59,0,0.167532352616853,78.6645,11.9360655160448,174.81,434.42,33202.15,-0.69
FMM,2021-11-12,2021,316,1.98,-2.11,25.26,0.0907759472301956,34.5555,5.2186013208189,76.79,523.23,33046.14,-0.065
FMM,2021-11-13,2021,317,2.89,-1.25,12.05,0.0970934961006724,35.0865,5.27419482413265,77.97,557.54,32892.73,0.82
FMM,2021-11-14,2021,318,0.29,-3.33,2.07,0.0734547535557646,31.068,4.64873404392,69.04,477.63,32742,-1.52
FMM,2021-11-15,2021,319,-1.21,-4.48,4.73,0.060938406127377,28.107,4.1866689490398,62.46,438.14,32594.02,-2.845
FMM,2021-11-16,2021,320,-3.79,-7.89,4.33,0.0626719883527617,38.556,5.7175225089696,85.68,337.48,32448.88,-5.84
FMM,2021-11-17,2021,321,-2.89,-9.17,8.03,0.0947914122301102,55.125,8.138734170525,122.5,305.35,32306.66,-6.03
FMM,2021-11-18,2021,322,2.73,-4.55,19.96,0.153829811867209,59.283,8.7149093190264,131.74,435.94,32167.44,-0.91
FMM,2021-11-19,2021,323,-1.44,-6.82,3.93,0.0921214080937287,47.016,6.882345055656,104.48,366.53,32031.3,-4.13
FMM,2021-11-20,2021,324,-3.49,-10.82,0,0.102748480192732,79.794,11.6319997221714,177.32,267.92,31898.33,-7.155
FMM,2021-11-21,2021,325,-1.57,-6.05,3.84,0.0783639027867689,39.42,5.72309422884,87.6,388.82,31768.6,-3.81
FMM,2021-11-22,2021,326,0.59,-9.69,5.64,0.172741447774225,70.425,10.18379684295,156.5,292.98,31642.2,-4.55
FMM,2021-11-23,2021,327,-7.23,-13.33,0,0.068959042481977,68.04,9.800671411188,151.2,218.83,31519.21,-10.28
FMM,2021-11-24,2021,328,-1.75,-14.09,0,0.166467348284946,99.603,14.2926992901441,221.34,205.6,31399.71,-7.92
FMM,2021-11-25,2021,329,3,-11.64,1.7,0.253776838143052,101.9745,14.5789755538977,226.61,250.8,31283.78,-4.32
FMM,2021-11-26,2021,330,-0.12,-6.01,10.37,0.108264988565007,46.377,6.6065799150639,103.06,389.94,31171.51,-3.065
FMM,2021-11-27,2021,331,-6.87,-9.43,3.24,0.0339229705286008,22.5945,3.2074638672204,50.21,298.98,31062.96,-8.15
FMM,2021-11-28,2021,332,-7.15,-16.98,0.67,0.0987499779815063,90.5355,12.8088779255217,201.19,161.58,30958.22,-12.065
FMM,2021-11-29,2021,333,-7.51,-17.61,0.65,0.0979162140334392,91.143,12.8528117312985,202.54,153.32,30857.35,-12.56
FMM,2021-11-30,2021,334,-8.61,-16.89,0,0.078949753184803,80.946,11.379004712649,179.88,162.85,30760.45,-12.75
FMM,2021-12-01,2021,335,-5.67,-17.92,1.63,0.126320106696187,95.04,13.319931547296,211.2,149.29,30667.57,-11.795
FMM,2021-12-02,2021,336,-0.65,-14.43,12.72,0.191837190620925,71.7525,10.02706143579,159.45,199.95,30578.8,-7.54
FMM,2021-12-03,2021,337,-4.15,-14.61,1.92,0.126950322370509,87.228,12.1559587283124,193.84,196.9,30494.19,-9.38
FMM,2021-12-04,2021,338,-11.44,-21.62,1.19,0.074158354622847,86.058,11.9612970906786,191.24,108.39,30413.81,-16.53
FMM,2021-12-05,2021,339,-10.35,-20.8,7.36,0.0816672382297349,64.557,8.9504036587377,143.46,116.5,30337.73,-15.575
FMM,2021-12-06,2021,340,1.1,-15.13,39.99,0.236879969346272,73.764,10.2027167646948,163.92,188.64,30266.01,-7.015
FMM,2021-12-07,2021,341,-4.89,-16.37,1.76,0.128104711699474,90.7155,12.5194742219129,201.59,170.15,30198.71,-10.63
FMM,2021-12-08,2021,342,-13.66,-24.55,0,0.0655980184933044,88.578,12.1990482223848,196.84,83.5,30135.88,-19.105
FMM,2021-12-09,2021,343,-10.76,-21.36,0.77,0.0800387119535871,86.8365,11.9360712148119,192.97,110.88,30077.58,-16.06
FMM,2021-12-10,2021,344,-6.03,-23.96,1.78,0.15143100219707,99.045,13.5898648602525,220.1,88.1,30023.85,-14.995
FMM,2021-12-11,2021,345,3.02,-9.43,19.91,0.230044290820348,66.5415,9.1151582190147,147.87,299.16,29974.74,-3.205
FMM,2021-12-12,2021,346,-0.21,-6.65,1.72,0.115422788892398,58.77,8.03864705067,130.6,371.48,29930.3,-3.43
FMM,2021-12-13,2021,347,-0.07,-2.79,0,0.0556434227276989,26.757,3.6550012098195,59.46,497.21,29890.55,-1.43
FMM,2021-12-14,2021,348,-3.69,-15.14,0,0.139073559383561,86.193,11.7601572156354,191.54,188.44,29855.54,-9.415
FMM,2021-12-15,2021,349,-4.87,-22.12,5.83,0.161582735514762,72.2745,9.8511315069645,160.61,103.76,29825.3,-13.495
FMM,2021-12-16,2021,350,5.1,-6.52,6.01,0.251579063170638,61.1955,8.3339256168504,135.99,375.16,29799.84,-0.71
FMM,2021-12-17,2021,351,5.43,-10.42,3.64,0.311186317561164,68.9265,9.38027560155705,153.17,276.52,29779.21,-2.495
FMM,2021-12-18,2021,352,-10.41,-14.2,3.28,0.0374737526201165,25.299,3.441138052662,56.22,203.67,29763.4,-12.305
FMM,2021-12-19,2021,353,-9.72,-21.84,2.32,0.0938205990408959,63.3375,8.61191731456875,140.75,106.37,29752.45,-15.78
FMM,2021-12-20,2021,354,-8.08,-25.22,5.73,0.127718019703066,71.4915,9.71861309728425,158.87,78.6,29746.35,-16.65
FMM,2021-12-21,2021,355,-6.76,-19.6,4.11,0.120332355683144,63.7695,8.66851672010265,141.71,129.25,29745.11,-13.18
FMM,2021-12-22,2021,356,-6.78,-15.4,2.06,0.0924305864014649,49.572,6.7393997445096,110.16,184.49,29748.74,-11.09
FMM,2021-12-23,2021,357,-14.76,-24.82,0,0.0573649382840083,74.8395,10.1774606804883,166.31,81.52,29757.22,-19.79
FMM,2021-12-24,2021,358,-11.92,-26.63,0,0.0889301841691127,91.7325,12.480340481064,203.85,69.07,29770.56,-19.275
FMM,2021-12-25,2021,359,-5.21,-22.78,0,0.159092582675324,96.6915,13.1630530484547,214.87,97.89,29788.74,-13.995
FMM,2021-12-26,2021,360,-2.68,-15.27,0,0.158164188433204,83.8035,11.4173634894413,186.23,186.52,29811.75,-8.975
FMM,2021-12-27,2021,361,-4.56,-17.54,0,0.141476344698806,84.42,11.512084344264,187.6,154.15,29839.56,-11.05
FMM,2021-12-28,2021,362,-7.49,-16.89,3.93,0.0934032595428088,51.0615,6.97069771761825,113.47,162.91,29872.15,-12.19
FMM,2021-12-29,2021,363,-8.42,-20.99,1.3,0.105441708026007,83.8305,11.4584866816037,186.29,114.57,29909.49,-14.705
FMM,2021-12-30,2021,364,-3.39,-11.32,0,0.10976473405796,59.481,8.1416750251635,132.18,257.43,29951.55,-7.355
FMM,2021-12-31,2021,365,-3.02,-9.23,0.28,0.0933380922274076,48.6585,6.67070009842005,108.13,303.71,29998.29,-6.125
FMM,2022-01-01,2022,1,-0.13,-9.28,1.68,0.151640841271248,55.53,7.625828765511,123.4,302.7,30049.91,-4.705
FMM,2022-01-02,2022,2,-2.53,-8.45,1.84,0.092657603544591,37.3995,5.14557313337565,83.11,323.02,30105.91,-5.49
FMM,2022-01-03,2022,3,-10.27,-26.55,0.59,0.105917120732268,89.4915,12.3373628207613,198.87,69.62,30166.46,-18.41
FMM,2022-01-04,2022,4,-10.23,-26.36,0.41,0.105767248017872,89.469,12.3608581646283,198.82,70.83,30231.51,-18.295
FMM,2022-01-05,2022,5,-4.1,-21.8,2.22,0.17279267565909,70.182,9.7184956610574,155.96,106.75,30301.01,-12.95
FMM,2022-01-06,2022,6,-5.94,-12.56,3.24,0.0805351670272518,32.481,4.508794569933,72.18,232.8,30374.9,-9.25
FMM,2022-01-07,2022,7,-7.68,-11.49,0.96,0.0452901046373561,26.7075,3.71690180943525,59.35,253.97,30453.11,-9.585
FMM,2022-01-08,2022,8,-9.66,-20.14,0,0.0860759042852603,67.6395,9.438936113034,150.31,123.34,30535.6,-14.9
FMM,2022-01-09,2022,9,-2.89,-20.47,1.53,0.187621584469306,98.055,13.722191230878,217.9,119.86,30622.28,-11.68
FMM,2022-01-10,2022,10,-10.45,-19.16,3.96,0.0716579554551441,43.7805,6.1449813766935,97.29,134.31,30713.1,-14.805
FMM,2022-01-11,2022,11,-16.44,-32.83,0.61,0.0661388456147438,97.083,13.6685552290938,215.74,38.38,30807.98,-24.635
FMM,2022-01-12,2022,12,-13.79,-32.2,1.83,0.0857013468784346,104.031,14.6937862414395,231.18,40.81,30906.85,-22.995
FMM,2022-01-13,2022,13,-6.97,-20.36,0.8,0.12143827803267,86.4135,12.2460114235567,192.03,121.07,31009.65,-13.665
FMM,2022-01-14,2022,14,-6.78,-15.18,0.98,0.090780412737938,59.013,8.3917338914889,131.14,187.84,31116.29,-10.98
FMM,2022-01-15,2022,15,-20.61,-27.72,0,0.0288249093523554,51.8715,7.40237289403095,115.27,62.43,31226.69,-24.165
FMM,2022-01-16,2022,16,-12.76,-32.17,0,0.0948945704757164,111.2265,15.930683551733,247.17,40.9,31340.79,-22.465
FMM,2022-01-17,2022,17,-4.12,-30.32,6.63,0.201281152861058,91.6965,13.1827789577925,203.77,48.9,31458.5,-17.22
FMM,2022-01-18,2022,18,-7.16,-25.13,7.67,0.13968129094872,81.9495,11.8269036373041,182.11,79.24,31579.74,-16.145
FMM,2022-01-19,2022,19,-10.75,-30.8,4.2,0.112092590333559,87.3945,12.662523130892,194.21,46.7,31704.43,-20.775
FMM,2022-01-20,2022,20,-12.8,-25.62,5.52,0.0771859790595076,68.382,9.9478327184352,151.96,75.76,31832.48,-19.21
FMM,2022-01-21,2022,21,-13.67,-34.65,0,0.0911026287212883,123.3135,18.0129829007219,274.03,32.05,31963.83,-24.16
FMM,2022-01-22,2022,22,-12.48,-36.45,0,0.10452168566217,130.2525,19.1066866811415,289.45,26.77,32098.38,-24.465
FMM,2022-01-23,2022,23,-8.92,-32.14,0,0.135854723951772,130.6485,19.2469794840387,290.33,41.04,32236.06,-20.53
FMM,2022-01-24,2022,24,-12.51,-34.15,0.79,0.100802745179622,129.7485,19.1978325840231,288.33,33.7,32376.78,-23.33
FMM,2022-01-25,2022,25,-8.76,-27.96,0.53,0.127863752246237,125.1495,18.5995312410789,278.11,61.07,32520.46,-18.36
FMM,2022-01-26,2022,26,-12.04,-31.67,0.58,0.100753243968093,128.007,19.1099391872499,284.46,42.93,32667.01,-21.855
FMM,2022-01-27,2022,27,-13.02,-36.02,0.8,0.0989297074339931,137.5245,20.6246607836171,305.61,27.94,32816.37,-24.52
FMM,2022-01-28,2022,28,-9.27,-32.02,1.43,0.131429174316911,138.888,20.9256675748704,308.64,41.49,32968.44,-20.645
FMM,2022-01-29,2022,29,-14.08,-32.1,1.29,0.0830668776088713,128.2815,19.4183234034687,285.07,41.17,33123.14,-23.09
FMM,2022-01-30,2022,30,-13.48,-23.82,0,0.0642996977068962,88.47,13.45552863516,196.6,89.22,33280.4,-18.65
FMM,2022-01-31,2022,31,-13.46,-27.7,0,0.0777902769307508,113.9175,17.4090363684165,253.15,62.55,33440.14,-20.58
FMM,2022-02-01,2022,32,-7.88,-32.88,0,0.150421847963393,148.0005,22.7273148820098,328.89,38.19,33602.28,-20.38
FMM,2022-02-02,2022,33,-2.11,-11.2,4.61,0.132201292142932,58.941,9.0954215800938,130.98,259.95,33766.74,-6.655
FMM,2022-02-03,2022,34,-2.77,-18.35,5.42,0.177828096018008,92.151,14.2903961738415,204.78,143.89,33933.45,-10.56
FMM,2022-02-04,2022,35,-16.26,-20,3.63,0.0243494693297784,28.71,4.474385976951,63.8,124.87,34102.33,-18.13
FMM,2022-02-05,2022,36,-16.24,-26.01,1.35,0.0503020091571932,91.548,14.3390741363316,203.44,73.12,34273.31,-21.125
FMM,2022-02-06,2022,37,-13.1,-32.82,1.54,0.0930198140167699,147.627,23.2393954536648,328.06,38.39,34446.32,-22.96
FMM,2022-02-07,2022,38,-6.02,-15.34,0,0.102937951702765,87.3135,13.8146764499496,194.03,185.47,34621.28,-10.68
FMM,2022-02-08,2022,39,-3.38,-16.31,4.82,0.153169214461055,87.1245,13.8551874247355,193.61,171.04,34798.13,-9.845
FMM,2022-02-09,2022,40,-3.7,-10.3,2.46,0.0934038271088911,49.0905,7.84681846039215,109.09,279.24,34976.79,-7.0
FMM,2022-02-10,2022,41,-1.29,-6.52,5.78,0.0908863891119222,40.8105,6.556957901442,90.69,375.08,35157.2,-3.905
FMM,2022-02-11,2022,42,-1.05,-8.68,5.14,0.124846991175673,59.832,9.662903959032,132.96,317.16,35339.3,-4.865
FMM,2022-02-12,2022,43,-0.65,-25.04,7.91,0.251840591266725,129.528,21.0275956875096,287.84,79.87,35523.01,-12.845
FMM,2022-02-13,2022,44,-16.68,-31.83,0,0.0625241100637395,143.01,23.337349931196,317.8,42.28,35708.28,-24.255
FMM,2022-02-14,2022,45,-16.54,-28.98,0,0.0569441153073011,125.2125,20.5399058929313,278.25,55.49,35895.05,-22.76
FMM,2022-02-15,2022,46,-17.63,-28.11,0,0.0472144603171781,111.9285,18.4570551825138,248.73,60.22,36083.24,-22.87
FMM,2022-02-16,2022,47,-2.25,-29.96,8.12,0.234114123692528,140.0985,23.2236782645589,311.33,50.6,36272.82,-16.105
FMM,2022-02-17,2022,48,0.93,-9.77,31.91,0.181507147963375,85.95,14.322635346465,191,291.2,36463.71,-4.42
FMM,2022-02-18,2022,49,-10.49,-26.86,11.69,0.104480613156484,120.051,20.1106170052902,266.78,67.65,36655.86,-18.675
FMM,2022-02-19,2022,50,-11.92,-28.58,5.76,0.0945986268059022,122.4135,20.6145479055879,272.03,57.65,36849.22,-20.25
FMM,2022-02-20,2022,51,-7.5,-28.52,8.29,0.145647115523523,137.583,23.2914111835194,305.74,57.96,37043.74,-18.01
FMM,2022-02-21,2022,52,-6.7,-18.78,2.04,0.116459988945007,102.6225,17.464694732712,228.05,138.7,37239.36,-12.74
FMM,2022-02-22,2022,53,-9.81,-18.7,17.29,0.0761653122773015,82.836,14.1718029835356,184.08,139.68,37436.03,-14.255
FMM,2022-02-23,2022,54,-2.9,-19.94,3.42,0.184583416963507,133.4655,22.9541986841895,296.59,125.54,37633.7,-11.42
FMM,2022-02-24,2022,55,-14.22,-31,0,0.0795826671178888,182.142,31.4912047425408,404.76,45.8,37832.32,-22.61
FMM,2022-02-25,2022,56,-17.28,-33.26,0,0.0611760447786687,180.6525,31.3984161901305,401.45,36.77,38031.86,-25.27
FMM,2022-02-26,2022,57,-11.66,-35.14,1.7,0.110671886302625,210.5955,36.7955369082788,467.99,30.53,38232.25,-23.4
FMM,2022-02-27,2022,58,-7.94,-21.15,5.72,0.112407569476889,123.6555,21.7189704696035,274.79,112.97,38433.47,-14.545
FMM,2022-02-28,2022,59,-16.58,-26.54,0,0.0495915131909088,138.8925,24.5234162728012,308.65,69.67,38635.45,-21.56
FMM,2022-03-01,2022,60,-10.24,-28.48,4.4,0.111975265762974,150.5745,26.7255406722537,334.61,58.16,38838.18,-19.36
FMM,2022-03-02,2022,61,-8.54,-20.9,1.53,0.103475578260887,164.8395,29.4106745188589,366.31,115.48,39041.59,-14.72
FMM,2022-03-03,2022,62,-16.39,-23.7,1.3,0.0407351768350001,112.3785,20.1553784628593,249.73,90.15,39245.65,-20.045
FMM,2022-03-04,2022,63,-10.36,-29.21,0,0.11254672716794,213.6195,38.513034146318,474.71,54.32,39450.33,-19.785
FMM,2022-03-05,2022,64,-6.02,-20.84,0,0.137651666349026,192.942,34.9661158252146,428.76,116.07,39655.59,-13.43
FMM,2022-03-06,2022,65,0.34,-11.38,24.86,0.18548969684669,122.292,22.2775064251272,271.76,256.11,39861.38,-5.52
FMM,2022-03-07,2022,66,0.01,-6.88,16.99,0.123780400731623,79.002,14.4659971186038,175.56,364.71,40067.67,-3.435
FMM,2022-03-08,2022,67,-7.55,-16.1,2.6,0.0869993975417838,100.467,18.4913677957617,223.26,174.09,40274.43,-11.825
FMM,2022-03-09,2022,68,-5.55,-16.34,0,0.117587354309899,163.9575,30.3323020149555,364.35,170.51,40481.62,-10.945
FMM,2022-03-10,2022,69,-2.65,-15.67,1.62,0.161753143565982,188.4195,35.0365475584291,418.71,180.44,40689.21,-9.16
FMM,2022-03-11,2022,70,-5.36,-15.75,5.44,0.116186971861014,120.258,22.4762282452602,267.24,179.16,40897.17,-10.555
FMM,2022-03-12,2022,71,-3.48,-13.11,11.32,0.125522992723993,113.076,21.2415473469672,251.28,222.77,41105.46,-8.295
FMM,2022-03-13,2022,72,-11.92,-16.64,1.21,0.0404046611365206,81.423,15.3730827706644,180.94,166.31,41314.04,-14.28
FMM,2022-03-14,2022,73,-4.66,-15.6,2.69,0.126240118911926,131.454,24.944665425462,292.12,181.39,41522.9,-10.13
FMM,2022-03-15,2022,74,-3.49,-13.9,0,0.132379942239597,172.4175,32.8826370132203,383.15,208.78,41731.99,-8.695
FMM,2022-03-16,2022,75,2.32,-13.46,0,0.253087346709058,224.235,42.9795025955955,498.3,216.47,41941.29,-5.57
FMM,2022-03-17,2022,76,5.6,-2.84,4.12,0.206812625533709,107.748,20.7553915284372,239.44,495.52,42150.77,1.38
FMM,2022-03-18,2022,77,4.74,-5.81,0,0.230136588112545,181.1835,35.074775287638,402.63,396.2,42360.4,-0.535
FMM,2022-03-19,2022,78,-1.82,-7.62,13.54,0.0956816818872945,83.4705,16.2388134798759,185.49,344.42,42570.14,-4.72
FMM,2022-03-20,2022,79,0.82,-4.09,6.6,0.0987091323630299,73.377,14.3455309742133,163.06,451.33,42779.97,-1.635
FMM,2022-03-21,2022,80,-3.43,-9.25,0,0.0861694526046475,120.3615,23.6466553366418,267.47,303.28,42989.85,-6.34
FMM,2022-03-22,2022,81,-6.38,-13.86,0,0.0855894372282186,157.5945,31.112770920421,350.21,209.56,43199.77,-10.12
FMM,2022-03-23,2022,82,3.07,-10.81,0,0.24707633256452,238.9725,47.4079101959093,531.05,267.99,43409.69,-3.87
FMM,2022-03-24,2022,83,-1.34,-5.84,10.24,0.0799433368515626,75.1905,14.9885821608485,167.09,395.02,43619.57,-3.59
FMM,2022-03-25,2022,84,-1.37,-4.46,16.71,0.0573881298427212,55.8765,11.192082953787,124.17,438.76,43829.4,-2.915
FMM,2022-03-26,2022,85,1.01,-4.66,5.83,0.112662671652912,100.062,20.138369602761,222.36,432.36,44039.15,-1.825
FMM,2022-03-27,2022,86,-0.2,-12.25,3.49,0.182220019436305,180.0675,36.4126878413258,400.15,238.71,44248.77,-6.225
FMM,2022-03-28,2022,87,-8.68,-17.54,0.79,0.082387627480913,209.0565,42.4748876649412,464.57,154.19,44458.25,-13.11
FMM,2022-03-29,2022,88,-10.19,-17.36,0,0.0633964883034582,182.1825,37.1890418903888,404.85,156.59,44667.55,-13.775
FMM,2022-03-30,2022,89,1.37,-14.73,0,0.240196395777799,279.1575,57.251363382756,620.35,194.97,44876.64,-6.68
FMM,2022-03-31,2022,90,2.64,-4.98,4.78,0.158618504244335,143.1225,29.4890650950375,318.05,421.82,45085.5,-1.17
FMM,2022-04-01,2022,91,4.21,-7.57,3.03,0.239971652387093,189.5805,39.2420243676497,421.29,345.75,45294.09,-1.68
FMM,2022-04-02,2022,92,-0.57,-9.46,0,0.144283047335167,218.6325,45.4637268657495,485.85,298.4,45502.38,-5.015
FMM,2022-04-03,2022,93,4.08,-10.09,0,0.267105586513116,278.3475,58.1457372841148,618.55,283.91,45710.33,-3.005
FMM,2022-04-04,2022,94,4.51,-10.51,0,0.284375783352817,284.805,59.764875149592,632.9,274.48,45917.92,-3.0
FMM,2022-04-05,2022,95,4.79,-15.71,0,0.3399933747328,302.319,63.7263518845113,671.82,179.82,46125.11,-5.46
FMM,2022-04-06,2022,96,7.32,-15.38,0,0.419525289430458,305.343,64.6523166232188,678.54,184.75,46331.88,-4.03
FMM,2022-04-07,2022,97,4.24,-4.13,11.18,0.188653835458583,153.216,32.5858926040704,340.48,449.84,46538.17,0.055
FMM,2022-04-08,2022,98,-0.15,-2.06,25.58,0.0399285348678848,44.622,9.5321470528584,99.16,524.98,46743.96,-1.105
FMM,2022-04-09,2022,99,2.84,-2.94,13.56,0.128911268923309,118.737,25.4759655755898,263.86,491.7,46949.22,-0.05
FMM,2022-04-10,2022,100,3.89,-1.14,3.97,0.122402083172409,106.3935,22.9270888606005,236.43,561.95,47153.9,1.375
FMM,2022-04-11,2022,101,8.08,-2.99,0,0.293758113684937,258.5655,55.9602769676,574.59,490.09,47357.97,2.545
FMM,2022-04-12,2022,102,8.95,-4.04,5.04,0.34510647936097,206.8065,44.9505315756729,459.57,452.92,47561.38,2.455
FMM,2022-04-13,2022,103,8.58,-6.29,0,0.366578401449508,292.41,63.82782119817,649.8,381.83,47764.1,1.145
FMM,2022-04-14,2022,104,2.81,-2.82,20.57,0.125809871038006,118.0575,25.8787979826998,262.35,496.21,47966.09,-0.005
FMM,2022-04-15,2022,105,6.03,-1.69,5.68,0.198463969247146,156.5145,34.4526927553472,347.81,539.58,48167.31,2.17
FMM,2022-04-16,2022,106,0.52,-6.34,2.87,0.127405444203746,145.809,32.2296847431723,324.02,380.3,48367.71,-2.91
FMM,2022-04-17,2022,107,0.78,-7.8,0,0.15363911001883,233.4285,51.8099893792938,518.73,339.83,48567.24,-3.51
FMM,2022-04-18,2022,108,6.17,-6.62,0,0.286825794795922,287.1855,64.0021679681045,638.19,372.24,48765.87,-0.225
FMM,2022-04-19,2022,109,-0.29,-2.75,17.05,0.049895915712737,58.9635,13.1938719269103,131.03,498.88,48963.54,-1.52
FMM,2022-04-20,2022,110,-2.36,-8.53,5.37,0.0970349017525362,135.8055,30.5103569291384,301.79,320.85,49160.21,-5.445
FMM,2022-04-21,2022,111,3.61,-14.5,11.12,0.296520821419224,240.12,54.160541081172,533.6,198.69,49355.83,-5.445
FMM,2022-04-22,2022,112,2.36,-6.1,3.1,0.168570068007339,172.206,38.995204804497,382.68,387.37,49550.35,-1.87
FMM,2022-04-23,2022,113,3.16,-11.03,0,0.2517838228574,302.985,68.8772027427795,673.3,263.38,49743.71,-3.935
FMM,2022-04-24,2022,114,7.83,-11.08,0,0.398865586703896,323.0775,73.7285231024573,717.95,262.27,49935.87,-1.625
FMM,2022-04-25,2022,115,10.21,-4.05,2.59,0.395693006647069,219.3255,50.242940543912,487.39,452.58,50126.77,3.08
FMM,2022-04-26,2022,116,7.84,1.2,3.18,0.197011925261174,132.3495,30.4331949545931,294.11,665.96,50316.34,4.52
FMM,2022-04-27,2022,117,4.04,-2.76,3.76,0.158334004315434,138.015,31.854655282617,306.7,498.65,50504.54,0.64
FMM,2022-04-28,2022,118,1.51,-6.25,0,0.149606675139884,208.314,48.2578726496238,462.92,382.82,50691.31,-2.37
FMM,2022-04-29,2022,119,2.96,-5.32,0,0.172419146826557,222.9165,51.829427382539,495.37,411.12,50876.59,-1.18
FMM,2022-04-30,2022,120,7.95,-3.64,0,0.300820984704251,274.833,64.131063314643,610.74,466.69,51060.3,2.155
FMM,2022-05-01,2022,121,11.18,-4.57,0,0.44593268971513,312.471,73.173761344728,694.38,435.1,51242.4,3.305
FMM,2022-05-02,2022,122,13.51,-4.23,0,0.549752345963022,320.832,75.3962538711168,712.96,446.58,51422.82,4.64
FMM,2022-05-03,2022,123,11.99,-1.6,0,0.428032326776766,292.68,69.019435730448,650.4,543.34,51601.48,5.195
FMM,2022-05-04,2022,124,9.89,-0.84,3.24,0.321640490603002,194.6835,46.0673663440964,432.63,574.23,51778.33,4.525
FMM,2022-05-05,2022,125,6.52,-4.78,0,0.270253404567616,276.2505,65.5892117145405,613.89,428.35,51953.3,0.87
FMM,2022-05-06,2022,126,4,-7.37,0,0.230999611724151,284.373,67.7425502520891,631.94,351.39,52126.31,-1.685
FMM,2022-05-07,2022,127,7.72,-9.19,0,0.373501337770503,328.5225,78.5164225948943,730.05,304.87,52297.29,-0.735
FMM,2022-05-08,2022,128,12.72,-9.52,0,0.585959044593374,341.1675,81.8018824757355,758.15,296.88,52466.18,1.6
FMM,2022-05-09,2022,129,16.75,-6.53,0,0.764609418539178,339.8715,81.750076080512,755.27,374.84,52632.89,5.11
FMM,2022-05-10,2022,130,19.23,-3.31,0,0.873217951881363,334.665,80.749288173708,743.7,478.52,52797.36,7.96
FMM,2022-05-11,2022,131,21.25,-0.91,0,0.974685859484209,330.6195,80.0181714941537,734.71,571.34,52959.51,10.17
FMM,2022-05-12,2022,132,22.29,0.12,0,1.03493615479709,328.8375,79.8269382694688,730.75,615.99,53119.25,11.205
FMM,2022-05-13,2022,133,25.24,3.37,0,1.21488630055899,323.397,78.7386629946708,718.66,777.48,53276.52,14.305
FMM,2022-05-14,2022,134,18.75,4.14,0,0.668813376644949,277.3845,67.731947231963,616.41,820.99,53431.23,11.445
FMM,2022-05-15,2022,135,15.96,2.63,11.36,0.535961233857759,197.0865,48.2616909034065,437.97,737.94,53583.3,9.295
FMM,2022-05-16,2022,136,19.29,4.59,12.9,0.69249933538706,204.8805,50.3100983093841,455.29,847.41,53732.66,11.94
FMM,2022-05-17,2022,137,10.25,-0.43,8.22,0.32760400853217,169.3665,41.7027882976232,376.37,591.81,53879.23,4.91
FMM,2022-05-18,2022,138,9.02,-2.93,0,0.328228905725581,248.472,61.3439348553864,552.16,492.09,54022.91,3.045
FMM,2022-05-19,2022,139,13.6,-2.81,0,0.529415624348158,294.7725,72.964398683583,655.05,496.46,54163.64,5.395
FMM,2022-05-20,2022,140,12.15,-2.27,0,0.448735604038503,272.2635,67.5641021908374,605.03,516.95,54301.32,4.94
FMM,2022-05-21,2022,141,20.99,5.07,23.39,0.801730169965288,209.7315,52.1753187616254,466.07,876.36,54435.88,13.03
FMM,2022-05-22,2022,142,19,1.49,4.85,0.756451960433134,221.499,55.2357020314089,492.22,680.07,54567.23,10.245
FMM,2022-05-23,2022,143,8.35,-3.82,0,0.31857194825846,243.909,60.966888989589,542.02,460.51,54695.3,2.265
FMM,2022-05-24,2022,144,14.68,-5.41,0,0.62985521538508,320.85,80.38171629,713,408.28,54820,4.635
FMM,2022-05-25,2022,145,18.69,-3.63,0,0.842020315566501,328.5495,82.4926903764066,730.11,467.21,54941.24,7.53
FMM,2022-05-26,2022,146,12.38,2.46,26.94,0.353265718096339,149.9535,37.7312167757052,333.23,728.96,55058.96,7.42
FMM,2022-05-27,2022,147,15.91,10.28,39.6,0.275881048795788,86.8455,21.8973011587911,192.99,1250.82,55173.06,13.095
FMM,2022-05-28,2022,148,15.18,2.41,6.09,0.497908898580794,181.6425,45.891160887663,403.65,726.17,55283.48,8.795
FMM,2022-05-29,2022,149,19.15,2.73,3.07,0.73527155829951,210.3885,53.2562402756034,467.53,742.98,55390.12,10.94
FMM,2022-05-30,2022,150,18.26,4.89,19.06,0.613831769842744,183.2895,46.482710267084,407.31,865.44,55492.93,11.575
FMM,2022-05-31,2022,151,14.1,1.07,5.44,0.473130552003713,183.888,46.7175870807696,408.64,659.83,55591.81,7.585
FMM,2022-06-01,2022,152,16.88,-1.13,0,0.678666549416494,299.961,76.336540659459,666.58,562.22,55686.7,7.875
FMM,2022-06-02,2022,153,19.62,4.64,0,0.714350963281571,265.0185,67.5540934177738,588.93,850.18,55777.53,12.13
FMM,2022-06-03,2022,154,13.28,2.52,7.35,0.39515753490973,158.112,40.3659122355648,351.36,732.16,55864.22,7.9
FMM,2022-06-04,2022,155,17.11,1.44,19.65,0.634587707618205,205.731,52.6005747591957,457.18,677.94,55946.71,9.275
FMM,2022-06-05,2022,156,12.42,3.32,5.94,0.332312988190445,136.7325,35.0081655960735,303.85,774.69,56024.94,7.87
FMM,2022-06-06,2022,157,17.57,2.83,0,0.627857377921608,265.194,67.9882241722014,589.32,748.67,56098.83,10.2
FMM,2022-06-07,2022,158,18.02,2.4,11.28,0.66796466303117,207.3555,53.2259410076559,460.79,726.12,56168.34,10.21
FMM,2022-06-08,2022,159,16.63,7.75,16.01,0.416847212490323,136.08,34.97074169904,302.4,1054.24,56233.4,12.19
FMM,2022-06-09,2022,160,11.55,6.05,17.72,0.210497159125361,92.1915,23.7174984829638,204.87,937.75,56293.96,8.8
FMM,2022-06-10,2022,161,12.75,8.68,3.4,0.173522369561108,71.9685,18.5332855578291,159.93,1122.79,56349.98,10.715
FMM,2022-06-11,2022,162,18.02,6.03,1.77,0.562670122938873,250.524,64.5736513556052,556.72,936.53,56401.39,12.025
FMM,2022-06-12,2022,163,20.93,4.16,11.53,0.824639587203728,228.258,58.8832805611296,507.24,821.92,56448.16,12.545
FMM,2022-06-13,2022,164,17.91,7.45,9.67,0.507102660376346,171.6075,44.3022681363188,381.35,1032.92,56490.25,12.68
FMM,2022-06-14,2022,165,17.41,6.09,0,0.521526924255686,245.3265,63.3754948774401,545.17,940.74,56527.62,11.75
FMM,2022-06-15,2022,166,22.73,6.23,0,0.904234910429036,301.509,77.9341358078712,670.02,949.47,56560.24,14.48
FMM,2022-06-16,2022,167,19.69,8.31,7.06,0.596256760162772,181.17,46.851933692421,402.6,1095.32,56588.09,14.0
FMM,2022-06-17,2022,168,17.53,8.69,12.86,0.437095774172089,150.057,38.8216693906488,333.46,1124.05,56611.12,13.11
FMM,2022-06-18,2022,169,10.38,4.05,4.64,0.220774816046033,117.7245,30.4666395673131,261.61,815.78,56629.34,7.215
FMM,2022-06-19,2022,170,13.7,0.16,0,0.473656801265084,286.2135,74.0884208331335,636.03,617.76,56642.71,6.93
FMM,2022-06-20,2022,171,18.36,-1.87,0,0.787474653698022,335.367,86.8252154449437,745.26,532.38,56651.23,8.245
FMM,2022-06-21,2022,172,21.09,0.69,0,0.926811552991855,332.613,86.1177636785808,739.14,642.11,56654.88,10.89
FMM,2022-06-22,2022,173,18.37,12.48,0,0.330170526278314,139.869,36.2131076053944,310.82,1446.37,56653.68,15.425
FMM,2022-06-23,2022,174,13.29,9.71,5.7,0.158939373720471,70.74,18.313141326498,157.2,1204.06,56647.61,11.5
FMM,2022-06-24,2022,175,22.44,11.83,0,0.661280649487485,241.6005,62.5333784841167,536.89,1386.05,56636.69,17.135
FMM,2022-06-25,2022,176,25.2,7.33,0,1.08702611661469,316.719,81.9534352339053,703.82,1024.55,56620.91,16.265
FMM,2022-06-26,2022,177,27.05,7.03,23.25,1.28295001915704,242.01,62.599133475567,537.8,1003.15,56600.31,17.04
FMM,2022-06-27,2022,178,19.74,10.39,29.11,0.517471706280921,161.055,41.6403269139015,357.9,1259.79,56574.89,15.065
FMM,2022-06-28,2022,179,18.49,5.73,0,0.603242374431962,274.6305,70.9670318445679,610.29,917.21,56544.67,12.11
FMM,2022-06-29,2022,180,19.64,5.31,13.18,0.69553529530405,217.8045,56.2478560245149,484.01,890.71,56509.69,12.475
FMM,2022-06-30,2022,181,17.59,6.7,3.65,0.513090688072111,184.374,47.5809941428164,409.72,980.67,56469.98,12.145
FMM,2022-07-01,2022,182,18.87,10.1,10.18,0.469442921479281,156.1455,40.2644295649386,346.99,1235.24,56425.56,14.485
FMM,2022-07-02,2022,183,20.44,8.23,2.47,0.653755224912011,198.189,51.0615248071077,440.42,1089.23,56376.49,14.335
FMM,2022-07-03,2022,184,17.65,4.65,3.81,0.581507335066371,207.774,53.4800199584322,461.72,851.19,56322.79,11.15
FMM,2022-07-04,2022,185,16.75,2.98,4.51,0.573126103120452,215.487,55.4079160313109,478.86,756.72,56264.51,9.865
FMM,2022-07-05,2022,186,19.02,5.67,13.99,0.641030920087397,207.6975,53.345412300429,461.55,913.29,56201.72,12.345
FMM,2022-07-06,2022,187,17.5,3.33,2.96,0.610327181721817,215.7345,55.3433185320426,479.41,775.25,56134.44,10.415
FMM,2022-07-07,2022,188,17.61,0.75,0,0.682386481049213,311.103,79.7066939895525,691.34,644.99,56062.75,9.18
FMM,2022-07-08,2022,189,18.8,6.44,2.49,0.600742065803893,195.318,49.973910936642,434.04,963.53,55986.7,12.62
FMM,2022-07-09,2022,190,15.89,1.9,0,0.550833068948769,281.187,71.8410473373924,624.86,700.35,55906.36,8.895
FMM,2022-07-10,2022,191,21.56,0.17,0,0.975348303984567,322.7715,82.3407813104863,717.27,618.2,55821.77,10.865
FMM,2022-07-11,2022,192,19.94,11.96,0,0.46276858115359,173.763,44.2574189669682,386.14,1397.82,55733.02,15.95
FMM,2022-07-12,2022,193,18.35,11.8,26.75,0.360433780951193,111.3705,28.3187981371415,247.49,1383.18,55640.17,15.075
FMM,2022-07-13,2022,194,20.01,6.58,0,0.680509062592662,262.2645,66.5713416335368,582.81,973.05,55543.29,13.295
FMM,2022-07-14,2022,195,17.47,5.52,6.9,0.543622088057818,183.258,46.4324537094876,407.24,904.24,55442.46,11.495
FMM,2022-07-15,2022,196,21.3,4.03,0,0.856406607257881,294.561,74.4925539468798,654.58,814.81,55337.74,12.665
FMM,2022-07-16,2022,197,22.14,7.85,0,0.799472258674876,264.204,66.6844384428216,587.12,1061.34,55229.22,14.995
FMM,2022-07-17,2022,198,23.79,8.49,0,0.915938871859632,268.5645,67.6472367339144,596.81,1108.19,55116.96,16.14
FMM,2022-07-18,2022,199,25.31,11.15,4.77,0.94685809684002,186.7905,46.9506970255401,415.09,1325.27,55001.06,18.23
FMM,2022-07-19,2022,200,22.45,11.39,5.15,0.681774033314159,159.3855,39.9752965596586,354.19,1346.55,54881.59,16.92
FMM,2022-07-20,2022,201,24.71,8.54,0,0.997420986086237,270.0675,67.5835528833045,600.15,1111.97,54758.62,16.625
FMM,2022-07-21,2022,202,23.67,13.86,48.13,0.667539844565254,145.107,36.2287684550376,322.46,1582.79,54632.24,18.765
FMM,2022-07-22,2022,203,23.35,12.01,4.76,0.729388070912221,160.812,40.0545074535336,357.36,1402.99,54502.54,17.68
FMM,2022-07-23,2022,204,23.02,10.2,3.71,0.781295641010997,172.89,42.957802055934,384.2,1243.57,54369.58,16.61
FMM,2022-07-24,2022,205,22.3,12.96,30.66,0.59649112035464,134.667,33.3768001252374,299.26,1492.66,54233.46,17.63
FMM,2022-07-25,2022,206,20.34,12.35,6.85,0.473224331893201,120.348,29.7513215313336,267.44,1434.62,54094.26,16.345
FMM,2022-07-26,2022,207,18.35,11.41,0.89,0.377932013757564,146.3895,36.0939289492809,325.31,1348.11,53952.06,14.88
FMM,2022-07-27,2022,208,22.83,10.67,0,0.745174456636284,224.037,55.0901865546846,497.86,1283.41,53806.94,16.75
FMM,2022-07-28,2022,209,22.53,9.58,5.75,0.765400118315177,173.934,42.6523630948524,386.52,1193.12,53658.98,16.055
FMM,2022-07-29,2022,210,19.46,11.01,3.51,0.471118521473779,128.1915,31.3470256492319,284.87,1312.85,53508.27,15.235
FMM,2022-07-30,2022,211,18.12,11.45,0,0.361211415080737,139.752,34.0759755505368,310.56,1351.53,53354.87,14.785
FMM,2022-07-31,2022,212,22.56,12.12,0,0.657605460146173,197.5545,48.0292381232878,439.01,1412.99,53198.89,17.34
FMM,2022-08-01,2022,213,22.88,10.18,0,0.770029150991394,225.2745,54.6053080352967,500.61,1242.16,53040.38,16.53
FMM,2022-08-02,2022,214,19.49,6.69,10,0.6397627021845,171.855,41.530314456684,381.9,980.43,52879.44,13.09
FMM,2022-08-03,2022,215,19.62,3.48,0,0.747735852652873,258.489,62.2732865549949,574.42,783.58,52716.13,11.55
FMM,2022-08-04,2022,216,21,14.82,5.05,0.397181237270548,92.241,22.1522266258398,204.98,1684.95,52550.54,17.91
FMM,2022-08-05,2022,217,20.82,7.23,0,0.718398160032376,233.514,55.9007113880052,518.92,1017.16,52382.74,14.025
FMM,2022-08-06,2022,218,23.71,4.81,0,1.03262182967051,265.239,63.2893519479663,589.42,860.72,52212.81,14.26
FMM,2022-08-07,2022,219,22.47,10.34,3.21,0.7287295818617,158.157,37.6139260293669,351.46,1255.93,52040.81,16.405
FMM,2022-08-08,2022,220,15.82,8.46,26.95,0.34359870263358,111.4425,26.4153681614745,247.65,1105.99,51866.82,12.14
FMM,2022-08-09,2022,221,14.92,8.77,1.31,0.281531582611143,130.518,30.8319354546066,290.04,1129.45,51690.91,11.845
FMM,2022-08-10,2022,222,18.81,10.8,0,0.435824883927475,160.11,37.692318257532,355.8,1294.27,51513.16,14.805
FMM,2022-08-11,2022,223,19.43,7.64,6.78,0.602571187204383,157.608,36.9739853543016,350.24,1046.31,51333.61,13.535
FMM,2022-08-12,2022,224,15.88,5.72,0,0.441960746017861,193.77,45.296893083204,430.6,916.54,51152.36,10.8
FMM,2022-08-13,2022,225,19.6,7.55,0,0.617852779715664,211.599,49.2878368530135,470.22,1039.79,50969.45,13.575
FMM,2022-08-14,2022,226,21.05,8.18,0,0.701799167558992,217.8855,50.5684403001382,484.19,1085.22,50784.95,14.615
FMM,2022-08-15,2022,227,22.46,5.4,3.11,0.908166994354124,182.6235,42.2293303763474,405.83,896.64,50598.93,13.93
FMM,2022-08-16,2022,228,22.06,7.31,0,0.812080091348876,228.6585,52.6784094373068,508.13,1023.09,50411.44,14.685
FMM,2022-08-17,2022,229,21.64,8.48,4.27,0.736290028352389,160.263,36.7830915450705,356.14,1107.7,50222.55,15.06
FMM,2022-08-18,2022,230,16.43,10.93,10.72,0.278473430278107,74.2995,16.9884065689817,165.11,1306.26,50032.31,13.68
FMM,2022-08-19,2022,231,22.89,10.04,0,0.776223589781107,189.252,43.1063841940956,420.56,1231.03,49840.79,16.465
FMM,2022-08-20,2022,232,24.67,8.84,6.66,0.982254730235888,153.4815,34.8236473121537,341.07,1134.81,49648.03,16.755
FMM,2022-08-21,2022,233,25.1,8.92,20.17,1.0192326042117,153.2115,34.6265873650944,340.47,1141.19,49454.08,17.01
FMM,2022-08-22,2022,234,21.41,14.89,0,0.42547060494453,109.7595,24.7083644879942,243.91,1692.07,49259.01,18.15
FMM,2022-08-23,2022,235,20.43,14.09,17.4,0.393111041104145,80.901,18.1394050736259,179.78,1607.47,49062.87,17.26
FMM,2022-08-24,2022,236,21.54,11.18,10.63,0.618472279715377,120.8385,26.9851950324671,268.53,1327.37,48865.69,16.36
FMM,2022-08-25,2022,237,16.65,7.61,0,0.423487565638331,149.3505,33.2171429477589,331.89,1043.8,48667.54,12.13
FMM,2022-08-26,2022,238,12.89,8.44,6.36,0.189313602676021,60.93,13.496047533846,135.4,1104.73,48468.46,10.665
FMM,2022-08-27,2022,239,16.57,2.82,0,0.566967301002659,196.7265,43.3953083177915,437.17,747.8,48268.49,9.695
FMM,2022-08-28,2022,240,20.2,1.12,0,0.850068060472034,216.27,47.507878991952,480.6,662.37,48067.68,10.66
FMM,2022-08-29,2022,241,22.2,9.53,7.7,0.740312334460336,131.796,28.8301095101376,292.88,1189.14,47866.08,15.865
FMM,2022-08-30,2022,242,21.84,15.38,30.56,0.432369146059371,76.716,16.7105246418864,170.48,1746.11,47663.72,18.61
FMM,2022-08-31,2022,243,16.74,9.01,12.12,0.376169470910448,94.725,20.5453950256125,210.5,1148.48,47460.65,12.875
FMM,2022-09-01,2022,244,11.57,4.09,0,0.271249576182592,127.665,27.571048272945,283.7,818.14,47256.9,7.83
FMM,2022-09-02,2022,245,17.49,0.54,0,0.679870197635132,206.334,44.3680128333414,458.52,635.08,47052.53,9.015
FMM,2022-09-03,2022,246,21.7,6.85,0,0.799337389976373,189.045,40.473277199514,420.1,991.21,46847.56,14.275
FMM,2022-09-04,2022,247,16.09,3.03,0,0.532997107002497,181.2105,38.6257568883295,402.69,759.05,46642.03,9.56
FMM,2022-09-05,2022,248,16.63,-0.17,0,0.64313800677262,201.8925,42.8441069676128,448.65,603.04,46435.99,8.23
FMM,2022-09-06,2022,249,20.38,0.2,0,0.884602439250892,207.945,43.932255722829,462.1,619.78,46229.46,10.29
FMM,2022-09-07,2022,250,21.95,1.56,0,0.973710372130685,204.6825,43.049382920082,454.85,683.36,46022.48,11.755
FMM,2022-09-08,2022,251,21.85,5.89,3.8,0.843431612447038,137.4885,28.7866430834706,305.53,927.36,45815.08,13.87
FMM,2022-09-09,2022,252,22.51,6.91,0,0.862963675818147,178.929,37.2933495954243,397.62,995.16,45607.31,14.71
FMM,2022-09-10,2022,253,22.63,7.71,0,0.844460744180197,172.629,35.8160727520854,383.62,1051.56,45399.18,15.17
FMM,2022-09-11,2022,254,23.52,8.35,0,0.897265879094453,171.216,35.3598162710688,380.48,1097.92,45190.74,15.935
FMM,2022-09-12,2022,255,23.83,10.81,0,0.825151161506733,153.9495,31.6470648601143,342.11,1295.78,44982.02,17.32
FMM,2022-09-13,2022,256,20.87,8.34,16.77,0.681671368359602,113.418,23.2067737337904,252.04,1097.57,44773.04,14.605
FMM,2022-09-14,2022,257,15.23,6.95,16.27,0.364206330537468,85.113,17.3338368606144,189.14,998.08,44563.84,11.09
FMM,2022-09-15,2022,258,9.33,3.59,0,0.190850275662303,84.8475,17.1985743774338,188.55,790.03,44354.45,6.46
FMM,2022-09-16,2022,259,10.19,-0.09,0,0.317468192814392,140.616,28.3681737847368,312.48,606.86,44144.89,5.05
FMM,2022-09-17,2022,260,13.78,-2.04,5.74,0.523804268109991,132.048,26.513107673472,293.44,525.79,43935.2,5.87
FMM,2022-09-18,2022,261,13.82,-1.51,4.33,0.515245365648739,128.628,25.7031118895832,285.84,546.86,43725.42,6.155
FMM,2022-09-19,2022,262,11.83,-3.55,0,0.457505338835887,172.7055,34.3452629297993,383.79,469.97,43515.55,4.14
FMM,2022-09-20,2022,263,7.26,5.39,9.45,0.0612315407419578,24.4485,4.83852490099425,54.33,895.84,43305.65,6.325
FMM,2022-09-21,2022,264,10.7,3.69,15.41,0.244246729560994,73.017,14.3805145925637,162.26,795.67,43095.73,7.195
FMM,2022-09-22,2022,265,13.91,4.25,4.22,0.379498149348613,93.339,18.2933423571186,207.42,827.17,42885.82,9.08
FMM,2022-09-23,2022,266,6.07,1.85,0,0.1205786072122,61.3215,11.9594792368098,136.27,697.73,42675.96,3.96
FMM,2022-09-24,2022,267,12,1.83,0,0.351633067250371,130.302,25.2877608568638,289.56,696.88,42466.17,6.915
FMM,2022-09-25,2022,268,13.51,-0.14,0,0.470788697101916,154.269,29.7912126529584,342.82,604.37,42256.48,6.685
FMM,2022-09-26,2022,269,9.93,6.66,14.71,0.120931721114901,34.9245,6.71089879100745,77.61,978.01,42046.93,8.295
FMM,2022-09-27,2022,270,9.89,7.19,8.3,0.100556989269998,30.492,5.8299959324376,67.76,1014.84,41837.54,8.54
FMM,2022-09-28,2022,271,11.07,4.71,2.76,0.231180980771462,66.4245,12.6366943978085,147.61,854.18,41628.33,7.89
FMM,2022-09-29,2022,272,7.52,-1.28,0,0.24047565125664,117.936,22.323684349512,262.08,556.22,41419.35,3.12
FMM,2022-09-30,2022,273,14.93,-2.09,0,0.585371265075677,166.1535,31.2921171814919,369.23,523.96,41210.63,6.42
FMM,2022-10-01,2022,274,10.66,-2.41,0,0.38496939260333,146.5875,27.4675669666763,325.75,511.68,41002.19,4.125
FMM,2022-10-02,2022,275,7.76,-5.63,0,0.326539818226552,149.184,27.8122021849728,331.52,401.57,40794.06,1.065
FMM,2022-10-03,2022,276,12.62,-7.04,0,0.549353715745603,168.9975,31.345537934151,375.55,360.35,40586.28,2.79
FMM,2022-10-04,2022,277,17.56,-3.64,0,0.768472968284796,167.463,30.9021955031808,372.14,466.91,40378.88,6.96
FMM,2022-10-05,2022,278,17.9,-0.66,0,0.732454246000775,159.0885,29.2063550210955,353.53,582.11,40171.9,8.62
FMM,2022-10-06,2022,279,18.02,4.61,0,0.6066878985046,136.035,24.8456692233315,302.3,848.56,39965.37,11.315
FMM,2022-10-07,2022,280,12.11,0.26,8.97,0.394282358610212,96.741,17.5778486388684,214.98,622.12,39759.32,6.185
FMM,2022-10-08,2022,281,2.88,-3.39,2.23,0.137863520184988,60.4575,10.9283472932872,134.35,475.7,39553.79,-0.255
FMM,2022-10-09,2022,282,3.89,-1.05,3.7,0.120539641902133,49.041,8.8187540510034,108.98,565.67,39348.82,1.42
FMM,2022-10-10,2022,283,4.2,-4.57,0,0.194887767593296,109.3905,19.5688764776574,243.09,435.12,39144.44,-0.185
FMM,2022-10-11,2022,284,9.72,-4.41,0,0.381723608260505,143.01,25.449909911433,317.8,440.45,38940.69,2.655
FMM,2022-10-12,2022,285,13.03,-2.56,0,0.496056224416851,145.2915,25.7210817673496,322.87,506.12,38737.61,5.235
FMM,2022-10-13,2022,286,14.16,2.31,15.12,0.445250952358022,93.051,16.3868480132175,206.78,721.44,38535.25,8.235
FMM,2022-10-14,2022,287,12.02,6.7,45.91,0.209940712504781,48.672,8.5265914121856,108.16,981.16,38333.64,9.36
FMM,2022-10-15,2022,288,12.19,0.58,0,0.390515182557709,121.158,21.1138451963298,269.24,636.89,38132.83,6.385
FMM,2022-10-16,2022,289,8.9,-1.4,0,0.293972387741908,112.1625,19.4437198267313,249.25,551.18,37932.85,3.75
FMM,2022-10-17,2022,290,10.48,-0.27,0,0.333496920487381,114.3405,19.7172512227296,254.09,599.02,37733.76,5.105
FMM,2022-10-18,2022,291,10.42,4.08,18.67,0.221503464859919,56.169,9.635100621948,124.82,817.59,37535.6,7.25
FMM,2022-10-19,2022,292,9.31,-0.6,2.32,0.293344407787802,81.072,13.8338487651168,180.16,584.37,37338.42,4.355
FMM,2022-10-20,2022,293,1.75,-0.99,3.69,0.0626539077044943,26.7795,4.54555698695505,59.51,568.06,37142.27,0.38
FMM,2022-10-21,2022,294,3.89,-1.81,1.22,0.135850159267384,68.697,11.5993962792351,152.66,535.01,36947.19,1.04
FMM,2022-10-22,2022,295,12.92,-0.74,0,0.45455118770439,123.5475,20.751323099373,274.55,578.51,36753.24,6.09
FMM,2022-10-23,2022,296,18.54,0.61,0,0.746180550215725,130.374,21.7830636511146,289.72,638.42,36560.47,9.575
FMM,2022-10-24,2022,297,17.54,3.79,0,0.599585147907225,115.83,19.251647443314,257.4,801.28,36368.94,10.665
FMM,2022-10-25,2022,298,14.92,9.46,2.4,0.253835722557028,42.561,7.0368915986613,94.58,1184,36178.69,12.19
FMM,2022-10-26,2022,299,15.93,10.66,10.94,0.261145869367491,40.0455,6.58641714898365,88.99,1282.73,35989.79,13.295
FMM,2022-10-27,2022,300,11.76,-1.44,4.78,0.414577972830332,82.8675,13.5584912252925,184.15,549.48,35802.3,5.16
FMM,2022-10-28,2022,301,4.69,-5.24,0,0.220030732508383,93.6675,15.2459174539283,208.15,413.59,35616.27,-0.275
FMM,2022-10-29,2022,302,8.83,-5.34,0,0.361885120435859,112.4865,18.2141676475668,249.97,410.36,35431.76,1.745
FMM,2022-10-30,2022,303,12.23,-2.94,0,0.465124482471172,113.49,18.281786191812,252.2,491.76,35248.84,4.645
FMM,2022-10-31,2022,304,13.76,-1.7,0,0.516205432071183,111.9645,17.943295841581,248.81,539.04,35067.57,6.03
FMM,2022-11-01,2022,305,11.92,-0.23,0,0.396149971455528,98.163,15.6509370721782,218.14,600.62,34888.02,5.845
FMM,2022-11-02,2022,306,6.54,-3.42,0,0.247931848691593,88.092,13.97366771751,195.76,474.38,34710.25,1.56
FMM,2022-11-03,2022,307,11.72,-4.48,0,0.468506314904551,112.014,17.6782609736334,248.92,438.12,34534.33,3.62
FMM,2022-11-04,2022,308,12.9,-1.58,0,0.47082334798329,105.678,16.5942636291072,234.84,544,34360.32,5.66
FMM,2022-11-05,2022,309,16.15,7.44,0,0.399714944628021,74.673,11.6669525839191,165.94,1031.94,34188.31,11.795
FMM,2022-11-06,2022,310,14.9,10.38,5.59,0.215562362291094,30.969,4.8145630954221,68.82,1258.74,34018.37,12.64
FMM,2022-11-07,2022,311,9.41,-1.6,1.12,0.317717160783365,89.8245,13.8955818891308,199.61,543.31,33850.55,3.905
FMM,2022-11-08,2022,312,-0.49,-4.54,0,0.0770891834931396,39.168,6.029530595712,87.04,436.1,33684.95,-2.515
FMM,2022-11-09,2022,313,3.43,-9.26,2.68,0.239350330443484,79.299,12.1481190397809,176.22,303.01,33521.63,-2.915
FMM,2022-11-10,2022,314,6.62,0.12,7.99,0.179733162668719,48.204,7.3490980566276,107.12,615.86,33360.67,3.37
FMM,2022-11-11,2022,315,8.7,2.84,12.06,0.186904873518132,39.465,5.9881754233575,87.7,749.23,33202.15,5.77
FMM,2022-11-12,2022,316,6.21,-0.92,22.57,0.188341775234459,47.502,7.1737928822196,105.56,571.23,33046.14,2.645
FMM,2022-11-13,2022,317,0.69,-3.63,3.81,0.0878336920411414,30.5145,4.58693280780345,67.81,467.1,32892.73,-1.47
FMM,2022-11-14,2022,318,-3.98,-7.67,0,0.0566412529185789,35.9595,5.38065378693,79.91,343.15,32742,-5.825
FMM,2022-11-15,2022,319,-5.24,-8.34,2.65,0.0447413859946942,25.857,3.8515209383898,57.46,325.71,32594.02,-6.79
FMM,2022-11-16,2022,320,-6.55,-7.81,13.07,0.0182035574045585,13.5945,2.0159471871612,30.21,339.43,32448.88,-7.18
FMM,2022-11-17,2022,321,-6.11,-10.16,2.52,0.0532454792183731,33.714,4.9775833800468,74.92,282.24,32306.66,-8.135
FMM,2022-11-18,2022,322,-8.57,-15.1,0,0.0662342584585628,69.516,10.2192135388128,154.48,189.2,32167.44,-11.835
FMM,2022-11-19,2022,323,-6.51,-20.06,2.96,0.126377503496561,77.796,11.388015057636,172.88,124.25,32031.3,-13.285
FMM,2022-11-20,2022,324,-6.61,-15.8,4.03,0.097917085747482,63.171,9.2087757782451,140.38,178.4,31898.33,-11.205
FMM,2022-11-21,2022,325,-6.05,-20.9,6.97,0.137471772386227,78.345,11.37432311919,174.1,115.5,31768.6,-13.475
FMM,2022-11-22,2022,326,-6.76,-11.48,0,0.0579634432799103,49.7205,7.189825643307,110.49,254.02,31642.2,-9.12
FMM,2022-11-23,2022,327,-7.44,-19.93,0,0.112667205047472,99.243,14.2952385781971,220.54,125.69,31519.21,-13.685
FMM,2022-11-24,2022,328,-5.26,-21.24,0,0.151202862756785,104.202,14.9526404970894,231.56,112.13,31399.71,-13.25
FMM,2022-11-25,2022,329,-1.18,-6.99,6.26,0.0998605572021223,41.796,5.9754434907816,92.88,361.7,31283.78,-4.085
FMM,2022-11-26,2022,330,-2.25,-6.81,0,0.0761797686939497,45.729,6.5142698522103,101.62,366.69,31171.51,-4.53
FMM,2022-11-27,2022,331,3.64,-6.41,1.15,0.207557039508167,83.8935,11.9093305868532,186.43,378.15,31062.96,-1.385
FMM,2022-11-28,2022,332,-0.55,-12.15,2.85,0.173608959425343,67.41,9.537103798614,149.8,240.72,30958.22,-6.35
FMM,2022-11-29,2022,333,-4.57,-17.42,0,0.140559638178918,94.8285,13.3725339001507,210.73,155.69,30857.35,-10.995
FMM,2022-11-30,2022,334,0.89,-10.59,34.02,0.18979945791249,67.9275,9.54892573590375,150.95,272.81,30760.45,-4.85
FMM,2022-12-01,2022,335,-2.78,-10.37,8.5,0.110801274280897,53.8425,7.54606917440325,119.65,277.57,30667.57,-6.575
FMM,2022-12-02,2022,336,-4.79,-14.2,0,0.112974859763344,83.439,11.660192733924,185.42,203.68,30578.8,-9.495
FMM,2022-12-03,2022,337,2.17,-6.59,20.78,0.170892848809414,59.256,8.2578242124648,131.68,373.05,30494.19,-2.21
FMM,2022-12-04,2022,338,-5.86,-16.15,3.1,0.111380663921802,66.0825,9.18488013891525,146.85,173.37,30413.81,-11.005
FMM,2022-12-05,2022,339,-3.09,-11.67,3.3,0.118833686098144,59.2605,8.21607875239905,131.69,250.18,30337.73,-7.38
FMM,2022-12-06,2022,340,1.42,-7.03,20.6,0.15843412692764,57.9105,8.00992935851985,128.69,360.67,30266.01,-2.805
FMM,2022-12-07,2022,341,2.28,0.2,27.35,0.0501485360760254,17.478,2.4121056539466,38.84,619.62,30198.71,1.24
FMM,2022-12-08,2022,342,-0.17,-15.64,1.2,0.211834470751228,99.468,13.6988296031088,221.04,180.78,30135.88,-7.905
FMM,2022-12-09,2022,343,-6.95,-18.94,0,0.113861052396669,92.8305,12.7599737311683,206.29,136.83,30077.58,-12.945
FMM,2022-12-10,2022,344,-9.2,-19.43,0,0.0875303743740668,85.626,11.748657363057,190.28,131.21,30023.85,-14.315
FMM,2022-12-11,2022,345,-7.76,-21.49,0,0.116430031277408,95.0355,13.0183963229439,211.19,109.65,29974.74,-14.625
FMM,2022-12-12,2022,346,-5.03,-22.13,0,0.159116635111146,98.568,13.482276033528,219.04,103.62,29930.3,-13.58
FMM,2022-12-13,2022,347,-9.48,-15.46,0,0.0581003542408983,55.3005,7.55403798645675,122.89,183.53,29890.55,-12.47
FMM,2022-12-14,2022,348,-2.43,-12.71,0,0.141151043644619,80.4105,10.9711939692069,178.69,230.01,29855.54,-7.57
FMM,2022-12-15,2022,349,-2.28,-6.22,0,0.0668390653429054,35.973,4.903178212233,79.94,383.95,29825.3,-4.25
FMM,2022-12-16,2022,350,-4.58,-7.11,0,0.0388522661056311,24.174,3.2921426879712,53.72,358.49,29799.84,-5.845
FMM,2022-12-17,2022,351,-4.31,-5.84,10.97,0.0249766087180746,12.5415,1.70678514732255,27.87,395.17,29779.21,-5.075
FMM,2022-12-18,2022,352,-4.33,-6.92,7.09,0.0405106574159132,18.855,2.56463330499,41.9,363.61,29763.4,-5.625
FMM,2022-12-19,2022,353,-4.07,-8.69,3.29,0.0681102478693594,32.598,4.432307568507,72.44,317.05,29752.45,-6.38
FMM,2022-12-20,2022,354,-4.55,-8.98,0,0.0638447284490042,42.6645,5.79984709355775,94.81,309.74,29746.35,-6.765
FMM,2022-12-21,2022,355,-7.31,-13.34,4.6,0.0679862906901205,43.317,5.8883030095059,96.26,218.62,29745.11,-10.325
FMM,2022-12-22,2022,356,-7.74,-21.72,13.58,0.117775084170388,70.659,9.6062141238462,157.02,107.47,29748.74,-14.73
FMM,2022-12-23,2022,357,-0.43,-12.04,47.52,0.175016836241518,67.5765,9.1897617123981,150.17,242.96,29757.22,-6.235
FMM,2022-12-24,2022,358,-12,-15.42,0,0.0306435250404984,36.9495,5.0270333917104,82.11,184.21,29770.56,-13.71
FMM,2022-12-25,2022,359,-11.14,-14.97,5.25,0.0358293745733238,31.0005,4.2202388630709,68.89,191.23,29788.74,-13.055
FMM,2022-12-26,2022,360,-11.28,-18.36,1.33,0.0581208580771999,71.199,9.7001302223025,158.22,143.78,29811.75,-14.82
FMM,2022-12-27,2022,361,-11.26,-17.91,1.66,0.0555382324177719,68.607,9.3557163066444,152.46,149.38,29839.56,-14.585
FMM,2022-12-28,2022,362,-8,-16.52,3.99,0.0841486869448551,61.218,8.357219683659,136.04,167.99,29872.15,-12.26
FMM,2022-12-29,2022,363,-0.67,-8.47,6.83,0.130224218724233,57.924,7.9174212553332,128.72,322.37,29909.49,-4.57
FMM,2022-12-30,2022,364,4.34,-0.92,13.06,0.130599179725738,42.255,5.7838045457925,93.9,571.24,29951.55,1.71
FMM,2022-12-31,2022,365,4.67,0.8,9.93,0.102592775492012,32.3325,4.43253308121225,71.85,646.93,29998.29,2.735
FMM,2023-01-01,2023,1,1.55,-7.24,6.52,0.164443042394062,48.96,6.723583222752,108.8,354.93,30049.91,-2.845
FMM,2023-01-02,2023,2,-3.15,-6.95,0.55,0.0614066924247813,31.653,4.3549466273811,70.34,362.77,30105.91,-5.05
FMM,2023-01-03,2023,3,-2.09,-5.14,0,0.0539464805872243,26.127,3.6018870889194,58.06,416.95,30166.46,-3.615
FMM,2023-01-04,2023,4,-3.22,-13.12,0,0.130211261590485,74.322,10.2681789280254,165.16,222.62,30231.51,-8.17
FMM,2023-01-05,2023,5,-8.39,-13.35,4.21,0.053967804808019,31.4865,4.36011247373805,69.97,218.36,30301.01,-10.87
FMM,2023-01-06,2023,6,-2.4,-8.93,3.04,0.101171796458294,40.3425,5.6000752728525,89.65,311.01,30374.9,-5.665
FMM,2023-01-07,2023,7,-4.15,-16,1.56,0.137608384616107,85.806,11.9416821739362,190.68,175.51,30453.11,-10.075
FMM,2023-01-08,2023,8,-10,-21.68,0,0.089868130564718,86.589,12.083295102588,192.42,107.88,30535.6,-15.84
FMM,2023-01-09,2023,9,-8.38,-14.45,3.27,0.0635411972624,39.528,5.5316993011488,87.84,199.5,30622.28,-11.415
FMM,2023-01-10,2023,10,-9.23,-24.98,0,0.112595495662468,100.8,14.1481737936,224,80.3,30713.1,-17.105
FMM,2023-01-11,2023,11,-8.88,-29.53,0,0.13057083687919,107.766,15.1726411711476,239.48,52.68,30807.98,-19.205
FMM,2023-01-12,2023,12,-6.74,-22.43,10.94,0.134754267271692,76.194,10.761968537073,169.32,100.92,30906.85,-14.585
FMM,2023-01-13,2023,13,-5.92,-10.5,16.5,0.0597777916398066,32.13,4.553274049065,71.4,274.78,31009.65,-8.21
FMM,2023-01-14,2023,14,-7.94,-15.44,0,0.0770511245947164,68.2245,9.70162250486985,151.61,183.8,31116.29,-11.69
FMM,2023-01-15,2023,15,-4.17,-19.7,0,0.160961226866352,106.9875,15.2677553184337,237.75,128.14,31226.69,-11.935
FMM,2023-01-16,2023,16,-3.82,-19.18,0,0.163941349387331,107.4285,15.3867058474136,238.73,134.07,31340.79,-11.5
FMM,2023-01-17,2023,17,0,-7.73,0,0.13506562905952,71.082,10.21912825329,157.96,341.61,31458.5,-3.865
FMM,2023-01-18,2023,18,0.75,-7.71,0,0.151711131630018,77.229,11.1456438539022,171.62,342.25,31579.74,-3.48
FMM,2023-01-19,2023,19,-4.09,-9.24,0,0.0745531621459539,50.9265,7.37870214058515,113.17,303.58,31704.43,-6.665
FMM,2023-01-20,2023,20,-7.54,-15.6,2.01,0.0835001250470166,57.4425,8.356415152068,127.65,181.43,31832.48,-11.57
FMM,2023-01-21,2023,21,-6.46,-21.92,0,0.136442716888875,114.381,16.7081706152811,254.18,105.57,31963.83,-14.19
FMM,2023-01-22,2023,22,-7.12,-15.89,3.49,0.0913116202069724,63.0495,9.2487057208317,140.11,177.17,32098.38,-11.505
FMM,2023-01-23,2023,23,-5.89,-10.69,0,0.0623572659268957,50.5125,7.4414405920275,112.25,270.59,32236.06,-8.29
FMM,2023-01-24,2023,24,-5.52,-21.43,1.57,0.148136230317479,120.4335,17.8195676289741,267.63,110.23,32376.78,-13.475
FMM,2023-01-25,2023,25,-9.95,-29.01,6.72,0.116603237303358,95.0805,14.1307214984271,211.29,55.37,32520.46,-19.48
FMM,2023-01-26,2023,26,-7.66,-15.25,8.86,0.0791839485789918,59.9445,8.94900864491865,133.21,186.82,32667.01,-11.455
FMM,2023-01-27,2023,27,-9.33,-22.22,1.23,0.100113999367104,116.8605,17.5256639471795,259.69,102.88,32816.37,-15.775
FMM,2023-01-28,2023,28,-4.97,-20.91,4.38,0.15417633459264,95.3145,14.3606326109166,211.81,115.39,32968.44,-12.94
FMM,2023-01-29,2023,29,-11.63,-26.18,8.99,0.0903865098737866,94.59,14.318348403582,210.2,71.97,33123.14,-18.905
FMM,2023-01-30,2023,30,-12.43,-26.61,2.02,0.0839112056907878,95.1615,14.473248425622,211.47,69.21,33280.4,-19.52
FMM,2023-01-31,2023,31,-16.03,-25.9,1.44,0.0514574061281656,106.929,16.3410437363742,237.62,73.86,33440.14,-20.965
FMM,2023-02-01,2023,32,-13.6,-30.32,1.32,0.0833427035448238,137.511,21.1165218816156,305.58,48.89,33602.28,-21.96
FMM,2023-02-02,2023,33,-8.5,-22.31,7.24,0.110654015273282,95.589,14.7507211180602,212.42,102.06,33766.74,-15.405
FMM,2023-02-03,2023,34,-20.65,-36.47,0,0.0463599451907798,138.132,21.420939591378,306.96,26.7,33933.45,-28.56
FMM,2023-02-04,2023,35,-21.93,-36.78,0,0.0404789167390051,135.0765,21.0513548385797,300.17,25.89,34102.33,-29.355
FMM,2023-02-05,2023,36,-9.59,-24.57,6.07,0.106795156981683,100.845,15.7952541975615,224.1,83.38,34273.31,-17.08
FMM,2023-02-06,2023,37,-9.33,-25.21,1.26,0.11221336428803,140.607,22.1343092832168,312.46,78.66,34446.32,-17.27
FMM,2023-02-07,2023,38,-4.91,-27.73,2.29,0.181584350497143,116.3655,18.4112620893288,258.59,62.37,34621.28,-16.32
FMM,2023-02-08,2023,39,-4.17,-11.6,0,0.0992516568163544,82.7325,13.1567388463282,183.85,251.59,34798.13,-7.885
FMM,2023-02-09,2023,40,-4.76,-16.51,6.46,0.131269177205855,91.3275,14.5981465444733,202.95,168.09,34976.79,-10.635
FMM,2023-02-10,2023,41,-3.51,-12.93,12.76,0.123435539627736,80.91,12.99968056764,179.8,225.97,35157.2,-8.22
FMM,2023-02-11,2023,42,-5.43,-17.3,0,0.125987694247068,131.2515,21.1971961321515,291.67,157.34,35339.3,-11.365
FMM,2023-02-12,2023,43,-4.02,-9.33,0,0.0767221893295637,67.401,10.9418888343357,149.78,301.53,35523.01,-6.675
FMM,2023-02-13,2023,44,-4.76,-10.12,1.78,0.073557567972719,69.4305,11.3301438668478,154.29,283.29,35708.28,-7.44
FMM,2023-02-14,2023,45,-1.49,-10.41,1.11,0.136026760373671,112.0455,18.3799862292218,248.99,276.79,35895.05,-5.95
FMM,2023-02-15,2023,46,2.77,-10.77,10.05,0.238555018106691,112.0725,18.480800841093,249.05,268.94,36083.24,-4.0
FMM,2023-02-16,2023,47,1.16,-10.34,4.75,0.193362557515933,103.176,17.1031540567824,229.28,278.37,36272.82,-4.59
FMM,2023-02-17,2023,48,-11.66,-26.75,17.16,0.0918790372792047,123.408,20.5646048032176,274.24,68.33,36463.71,-19.205
FMM,2023-02-18,2023,49,-9.07,-31.1,2.59,0.131906613287773,138.7035,23.2352330742207,308.23,45.35,36655.86,-20.085
FMM,2023-02-19,2023,50,-3.28,-15.33,0,0.147714004425425,145.1655,24.4460059878087,322.59,185.56,36849.22,-9.305
FMM,2023-02-20,2023,51,-0.33,-22.94,2.98,0.250387886803243,141.8085,24.0067456213203,315.13,96.51,37043.74,-11.635
FMM,2023-02-21,2023,52,-8.6,-30.93,1.26,0.137299200611076,192.789,32.8095791159328,428.42,46.1,37239.36,-19.765
FMM,2023-02-22,2023,53,-10.73,-24.52,0,0.0938625609008377,158.913,27.1872582877323,353.14,83.75,37436.03,-17.625
FMM,2023-02-23,2023,54,-13.58,-24.43,2.5,0.065822710910989,102.7755,17.6759480679795,228.39,84.43,37633.7,-19.005
FMM,2023-02-24,2023,55,-16.69,-25.5,1.39,0.0453552630006184,120.699,20.8680969859776,268.22,76.63,37832.32,-21.095
FMM,2023-02-25,2023,56,-16.43,-34.2,0,0.0686327034928894,189.504,32.9368564603008,421.12,33.52,38031.86,-25.315
FMM,2023-02-26,2023,57,-11.29,-32.58,2.5,0.110075345176872,150.345,26.2684862519625,334.1,39.32,38232.25,-21.935
FMM,2023-02-27,2023,58,-8.42,-27.08,3.44,0.129509075793833,145.6605,25.583949748193,323.69,66.28,38433.47,-17.75
FMM,2023-02-28,2023,59,-9.35,-22.76,12.46,0.10231917110822,125.8065,22.2128996837422,279.57,98.03,38635.45,-16.055
FMM,2023-03-01,2023,60,-3.12,-12.85,2.88,0.129611448680036,100.6605,17.8662807237573,223.69,227.49,38838.18,-7.985
FMM,2023-03-02,2023,61,-3.77,-15.94,5.93,0.143725990760775,121.041,21.5961432450183,268.98,176.33,39041.59,-9.855
FMM,2023-03-03,2023,62,-3.85,-22.16,0,0.178781502986711,205.902,36.929063266191,457.56,103.36,39245.65,-13.005
FMM,2023-03-04,2023,63,-1.12,-21.81,0,0.228651311440257,215.7795,38.902456243814,479.51,106.63,39450.33,-11.465
FMM,2023-03-05,2023,64,0.69,-15.4,0,0.229351487088233,196.0695,35.5329002850178,435.71,184.46,39655.59,-7.355
FMM,2023-03-06,2023,65,-4.55,-10.3,0,0.0790390955499431,88.983,16.2097222567878,197.74,279.23,39861.38,-7.425
FMM,2023-03-07,2023,66,-0.28,-11.31,0.87,0.170977782775686,160.029,29.3027904723051,355.62,257.58,40067.67,-5.795
FMM,2023-03-08,2023,67,2.43,-4.4,0,0.143447370272036,107.964,19.8712217215764,239.92,440.97,40274.43,-0.985
FMM,2023-03-09,2023,68,0.96,-5.64,0,0.126978737097414,109.746,20.3031201191364,243.88,401.39,40481.62,-2.34
FMM,2023-03-10,2023,69,-1.08,-14.31,0,0.181820613728126,192.9465,35.878341803701,428.77,201.95,40689.21,-7.695
FMM,2023-03-11,2023,70,1.55,-16.69,0,0.259261684621479,225.945,42.2291356157205,502.1,165.59,40897.17,-7.57
FMM,2023-03-12,2023,71,3.59,-20.57,0,0.335842201938793,244.179,45.8695018362438,542.62,118.84,41105.46,-8.49
FMM,2023-03-13,2023,72,2.83,-12.07,0,0.253381347527548,205.4565,38.7912479308182,456.57,242.4,41314.04,-4.62
FMM,2023-03-14,2023,73,0.63,-3.54,0,0.0847946191691284,70.974,13.468001612022,157.72,470.33,41522.9,-1.455
FMM,2023-03-15,2023,74,-2.19,-12.55,0,0.144207745930941,162.954,31.0778037719622,362.12,233.03,41731.99,-7.37
FMM,2023-03-16,2023,75,2.92,-15,0,0.281740065200966,228.843,43.8627257675379,508.54,190.65,41941.29,-6.04
FMM,2023-03-17,2023,76,2.08,-13.72,9.94,0.249256068566112,162.4815,31.2986519344004,361.07,211.91,42150.77,-5.82
FMM,2023-03-18,2023,77,-0.49,-10.57,2.58,0.158502339581962,120.8835,23.401477499238,268.63,273.35,42360.4,-5.53
FMM,2023-03-19,2023,78,-6.97,-14.58,2.19,0.083210208567937,97.848,19.0358919783504,217.44,197.52,42570.14,-10.775
FMM,2023-03-20,2023,79,-3.77,-17.89,3.18,0.157074038038866,161.505,31.5749482806645,358.9,149.62,42779.97,-10.83
FMM,2023-03-21,2023,80,-2.75,-16.01,1.68,0.162432489381938,209.4435,41.1480270435308,465.43,175.38,42989.85,-9.38
FMM,2023-03-22,2023,81,-0.8,-20.96,0,0.231148612805084,258.6465,51.0627547526638,574.77,114.93,43199.77,-10.88
FMM,2023-03-23,2023,82,-0.44,-7.48,8.45,0.122065169781209,98.127,19.4666583133791,218.06,348.34,43409.69,-3.96
FMM,2023-03-24,2023,83,-2.2,-11.23,0,0.130896433091108,167.0715,33.3042725408953,371.27,259.21,43619.57,-6.715
FMM,2023-03-25,2023,84,0,-19.93,11.07,0.243122020076999,197.901,39.639641148558,439.78,125.62,43829.4,-9.965
FMM,2023-03-26,2023,85,0.08,-5.19,12.8,0.0998401055077972,76.536,15.403552356708,170.08,415.35,44039.15,-2.555
FMM,2023-03-27,2023,86,-0.66,-5.84,0,0.093835974152128,104.4225,21.1159920369353,232.05,395.25,44248.77,-3.25
FMM,2023-03-28,2023,87,-2.45,-7.45,0,0.0812226532966547,106.1595,21.5688717502988,235.91,349.01,44458.25,-4.95
FMM,2023-03-29,2023,88,1.17,-13.47,3.5,0.224758209783377,186.597,38.0901768809895,414.66,216.23,44667.55,-6.15
FMM,2023-03-30,2023,89,-4.43,-14.91,4.14,0.124587250779565,155.538,31.8987043437024,345.64,192.17,44876.64,-9.67
FMM,2023-03-31,2023,90,-1.17,-20.56,0,0.221459618327193,281.106,57.91928685291,624.68,118.97,45085.5,-10.865
FMM,2023-04-01,2023,91,-0.36,-6.25,9.37,0.106393635320652,95.49,19.765856229237,212.2,383.03,45294.09,-3.305
FMM,2023-04-02,2023,92,-6.69,-15.64,0,0.0955636487940824,191.6415,39.8510597104389,425.87,180.81,45502.38,-11.165
FMM,2023-04-03,2023,93,-1.21,-16.56,5.74,0.19648959131238,200.961,41.9799908759841,446.58,167.39,45710.33,-8.885
FMM,2023-04-04,2023,94,-1.13,-15.58,0,0.190920930298201,264.6045,55.5259033602648,588.01,181.75,45917.92,-8.355
FMM,2023-04-05,2023,95,-4.85,-16.45,13.52,0.129309378785843,175.5945,37.0138724194802,390.21,169.02,46125.11,-10.65
FMM,2023-04-06,2023,96,6.02,-6.14,3.35,0.275111979877076,178.3755,37.7686382324958,396.39,386.06,46331.88,-0.06
FMM,2023-04-07,2023,97,-0.81,-11.35,2.66,0.160039974539243,164.448,34.9747080393312,365.44,256.77,46538.17,-6.08
FMM,2023-04-08,2023,98,-2.68,-15.53,0,0.160151545811059,250.011,53.4073241188692,555.58,182.54,46743.96,-9.105
FMM,2023-04-09,2023,99,4.84,-15.4,0,0.339102021028614,298.4265,64.0297737086481,663.17,184.56,46949.22,-5.28
FMM,2023-04-10,2023,100,11.29,-8.22,0,0.503985627622396,293.8635,63.3256221234105,653.03,328.81,47153.9,1.535
FMM,2023-04-11,2023,101,8.6,-0.61,2.55,0.26598045783984,148.599,32.1606757170171,330.22,584.15,47357.97,3.995
FMM,2023-04-12,2023,102,8.29,-3.24,0,0.305948942809451,237.519,51.6260625721254,527.82,481.11,47561.38,2.525
FMM,2023-04-13,2023,103,16.65,-5.22,0,0.738735518738386,303.7725,66.3080497073325,675.05,414.39,47764.1,5.715
FMM,2023-04-14,2023,104,11.85,-2.54,0,0.439959188337581,263.0475,57.6613354708868,584.55,506.78,47966.09,4.655
FMM,2023-04-15,2023,105,16.1,-3.49,0,0.67748359405977,297.396,65.4641775341532,660.88,471.93,48167.31,6.305
FMM,2023-04-16,2023,106,16.45,-1.86,0,0.66759480031273,291.1005,64.3449810613874,646.89,532.76,48367.71,7.295
FMM,2023-04-17,2023,107,9.36,-0.76,14.23,0.298543495996161,157.7565,35.0144159325642,350.57,577.75,48567.24,4.3
FMM,2023-04-18,2023,108,4.27,-0.2,4.33,0.113180042111183,78.0255,17.3887649508604,173.39,602.01,48765.87,2.035
FMM,2023-04-19,2023,109,2.71,-3.64,4.25,0.13800367582189,111.1275,24.8662647664695,246.95,466.66,48963.54,-0.465
FMM,2023-04-20,2023,110,-1.57,-5.89,0,0.0757838407560353,107.5365,24.159382336579,238.97,393.79,49160.21,-3.73
FMM,2023-04-21,2023,111,8.39,-8.47,0,0.389155880665024,300.2085,67.7138713858364,667.13,322.53,49355.83,-0.04
FMM,2023-04-22,2023,112,10.69,-0.58,0,0.349388971338139,240.2145,54.3953963538427,533.81,585.36,49550.35,5.055
FMM,2023-04-23,2023,113,8.14,-0.65,8.64,0.249855310565479,150.525,34.2186608012175,334.5,582.3,49743.71,3.745
FMM,2023-04-24,2023,114,2.57,-0.15,22.49,0.0654484223438527,56.2635,12.8397203753747,125.03,604.05,49935.87,1.21
FMM,2023-04-25,2023,115,3.21,-0.29,4.14,0.0854943112534765,69.9975,16.0349810246527,155.55,597.98,50126.77,1.46
FMM,2023-04-26,2023,116,6.31,-3.53,3.22,0.242075395015313,171.9135,39.5307655928163,382.03,470.68,50316.34,1.39
FMM,2023-04-27,2023,117,8.96,-4.21,0,0.348497334103592,273.933,63.2253109120974,608.74,447.04,50504.54,2.375
FMM,2023-04-28,2023,118,12.91,-6.03,0,0.548608554681013,316.278,73.2687358789026,702.84,389.59,50691.31,3.44
FMM,2023-04-29,2023,119,14.57,-2.79,0,0.579395333562449,305.289,70.9815292102107,678.42,497.27,50876.59,5.89
FMM,2023-04-30,2023,120,5.15,1.74,12.85,0.0941638591118997,67.7925,15.8190796220175,150.65,692.43,51060.3,3.445
FMM,2023-05-01,2023,121,5.58,-1.16,33.24,0.173186134013884,126.747,29.681329560696,281.66,561.22,51242.4,2.21
FMM,2023-05-02,2023,122,4.61,-1.27,8.08,0.14596626291036,113.3865,26.6460868602801,251.97,556.58,51422.82,1.67
FMM,2023-05-03,2023,123,1.83,-0.36,7.31,0.0511528474568032,50.103,11.8152275126508,111.34,594.91,51601.48,0.735
FMM,2023-05-04,2023,124,6.39,-1.16,3.56,0.199384360207456,148.374,35.1092897648694,329.72,561.13,51778.33,2.615
FMM,2023-05-05,2023,125,13.79,-1.65,0,0.516381058782039,306.513,72.774333622053,681.14,541.39,51953.3,6.07
FMM,2023-05-06,2023,126,17.21,-2.24,0,0.72081868058117,325.782,77.6068878065994,723.96,518.28,52126.31,7.485
FMM,2023-05-07,2023,127,14.78,-2.1,0,0.577413009381429,313.794,74.9963314894482,697.32,523.58,52297.29,6.34
FMM,2023-05-08,2023,128,6.45,-2.7,0,0.231687119327291,227.5515,54.5601238692939,505.67,500.7,52466.18,1.875
FMM,2023-05-09,2023,129,8.71,-4.74,0,0.347563460300837,294.174,70.7583509676702,653.72,429.65,52632.89,1.985
FMM,2023-05-10,2023,130,15.93,-4.05,0,0.677142599712092,332.757,80.2889184253464,739.46,452.72,52797.36,5.94
FMM,2023-05-11,2023,131,17.76,-2.33,0,0.758627977210424,330.4485,79.976785225874,734.33,513.36,52959.51,7.715
FMM,2023-05-12,2023,132,15.68,1,2.77,0.560511021747417,222.003,53.8923321599175,493.34,656.78,53119.25,8.34
FMM,2023-05-13,2023,133,4.8,0.29,0.94,0.117783183681946,125.937,30.6623469035268,279.86,623.92,53276.52,2.545
FMM,2023-05-14,2023,134,9.75,0.18,0,0.293383526989675,242.6175,59.2425161014793,539.15,618.93,53431.23,4.965
FMM,2023-05-15,2023,135,13.52,3.74,0,0.374249405790082,247.7205,60.6607261351605,550.49,798.03,53583.3,8.63
FMM,2023-05-16,2023,136,5.21,-2.63,3.72,0.190714786132128,165.3165,40.5948314610873,367.37,503.38,53732.66,1.29
FMM,2023-05-17,2023,137,1.74,-4.44,0,0.126966499714052,184.4775,45.4235408311253,409.95,439.33,53879.23,-1.35
FMM,2023-05-18,2023,138,9.39,-4.46,0,0.369453097272236,310.8645,76.7476884190261,690.81,438.71,54022.91,2.465
FMM,2023-05-19,2023,139,16.91,-1.27,0,0.716113410994818,332.055,82.192855184514,737.9,523.73,54163.64,7.82
FMM,2023-05-20,2023,140,15.69,5.79,6.08,0.428512544434263,181.728,45.0970811839872,403.84,921.34,54301.32,10.74
FMM,2023-05-21,2023,141,11.77,-0.96,15.2,0.405082724506428,218.214,54.2855270107224,484.92,569.27,54435.88,5.405
FMM,2023-05-22,2023,142,11.77,-4.94,0,0.47823717300331,326.439,81.4048250124429,725.42,423.18,54567.23,3.415
FMM,2023-05-23,2023,143,16.99,-4.64,0,0.770846498289552,342.423,85.591204213383,760.94,412.19,54695.3,6.175
FMM,2023-05-24,2023,144,10.38,2.75,4.15,0.256497267150195,145.3815,36.4220492031,323.07,744.33,54820,6.565
FMM,2023-05-25,2023,145,11.55,0.63,0,0.360042264568516,253.332,63.6069701473776,562.96,639.23,54941.24,6.09
FMM,2023-05-26,2023,146,17.1,0.41,0,0.676388714472873,312.3945,78.6045313983204,694.21,611.31,55058.96,8.755
FMM,2023-05-27,2023,147,23.85,1.07,0,1.20779615970423,335.079,84.4871153368518,744.62,597.88,55173.06,12.46
FMM,2023-05-28,2023,148,24.35,4.85,0,1.1649307062669,319.338,80.6793098286168,709.64,786.95,55283.48,14.6
FMM,2023-05-29,2023,149,19.01,-0.59,0,0.841209161460423,325.3365,82.3533549334866,722.97,548.54,55390.12,9.21
FMM,2023-05-30,2023,150,23.9,-1.31,0,1.27170772691766,339.0165,85.9754963882866,753.37,486.05,55492.93,11.295
FMM,2023-05-31,2023,151,28.21,4.59,0,1.60872253903388,326.628,82.9813366452276,725.84,724.76,55591.81,16.4
FMM,2023-06-01,2023,152,30.62,9.3,12.31,1.64807074867878,228.1905,58.0717939377195,507.09,1131.79,55686.7,19.96
FMM,2023-06-02,2023,153,21.49,5.99,10.42,0.811490655455626,200.376,51.0765060653496,445.28,934.06,55777.53,13.74
FMM,2023-06-03,2023,154,13.18,2.7,0,0.385755243298053,206.82,52.801039570428,459.6,741.32,55864.22,7.94
FMM,2023-06-04,2023,155,14.93,0.81,0,0.523564397874117,258.309,66.0435319201923,574.02,647.49,55946.71,7.87
FMM,2023-06-05,2023,156,18.9,-0.52,0,0.819259983465524,304.893,78.0629669835894,677.54,564.48,56024.94,9.19
FMM,2023-06-06,2023,157,10.09,5.48,6.63,0.165541570699602,75.123,19.2594076958313,166.94,901.73,56098.83,7.785
FMM,2023-06-07,2023,158,7.76,5.31,7.56,0.080948338439318,46.044,11.8190027646072,102.32,891.32,56168.34,6.535
FMM,2023-06-08,2023,159,10.13,5.69,9.88,0.160537379103488,74.421,19.125202586598,165.38,914.99,56233.4,7.91
FMM,2023-06-09,2023,160,12.81,3.71,0,0.340097216803109,194.409,50.0143197862548,432.02,796.33,56293.96,8.26
FMM,2023-06-10,2023,161,14.77,2.63,4.37,0.469724601048592,183.303,47.2040801546058,407.34,737.66,56349.98,8.7
FMM,2023-06-11,2023,162,20.28,4.39,0,0.769385256940632,281.538,72.5676448378374,625.64,835.33,56401.39,12.335
FMM,2023-06-12,2023,163,23.75,4.63,0,1.07231120091793,298.6515,77.0425573890168,663.67,819.19,56448.16,14.19
FMM,2023-06-13,2023,164,19.76,6.98,11.66,0.649044353074106,178.884,46.18077259617,397.52,1000.1,56490.25,13.37
FMM,2023-06-14,2023,165,18.14,12.02,6.63,0.335932845099275,94.617,24.4425253644378,210.26,1403.99,56527.62,15.08
FMM,2023-06-15,2023,166,17.85,9.98,17.34,0.406334234866674,119.781,30.9610284310008,266.18,1226.05,56560.24,13.915
FMM,2023-06-16,2023,167,16.59,8.66,3.94,0.380656027301037,120.753,31.2276400571889,268.34,1121.58,56588.09,12.625
FMM,2023-06-17,2023,168,11.51,7.53,12.09,0.157851058921491,66.3705,17.1708991136172,147.49,1038.71,56611.12,9.52
FMM,2023-06-18,2023,169,10.14,6.8,4.03,0.124553202866591,59.022,15.2746624580436,131.16,987.74,56629.34,8.47
FMM,2023-06-19,2023,170,15.03,6.19,8.89,0.378591494835127,139.68,36.157171558896,310.4,947.28,56642.71,10.61
FMM,2023-06-20,2023,171,17.27,3.48,0,0.59164787905074,257.238,66.5979203995218,571.64,783.66,56651.23,10.375
FMM,2023-06-21,2023,172,23.47,2.38,0,1.08009354423399,303.1785,78.4967948198856,673.73,724.6,56654.88,12.925
FMM,2023-06-22,2023,173,25.21,5.87,0,1.13759458735277,290.988,75.3389225337888,646.64,926.07,56653.68,15.54
FMM,2023-06-23,2023,174,26.98,9.1,0,1.19891133231515,274.734,71.1230218998318,610.52,1155.57,56647.61,18.04
FMM,2023-06-24,2023,175,25.55,11.97,3.31,0.933533002377405,175.0275,45.3023106435158,388.95,1398.58,56636.69,18.76
FMM,2023-06-25,2023,176,22.74,10.3,0,0.753001171048144,224.406,58.0667487176322,498.68,1252.42,56620.91,16.52
FMM,2023-06-26,2023,177,15.12,10.74,8.19,0.212492312936163,71.6895,18.5434510115147,159.31,1289.12,56600.31,12.93
FMM,2023-06-27,2023,178,18.88,13.05,12.64,0.33672214241287,93.537,24.1837338707001,207.86,1501.46,56574.89,15.965
FMM,2023-06-28,2023,179,20.76,15.98,28.4,0.314367288871149,78.057,20.1706423892883,173.46,1814.55,56544.67,18.37
FMM,2023-06-29,2023,180,16.34,14.29,19.83,0.112537043021079,41.22,10.645035457626,91.6,1627.55,56509.69,15.315
FMM,2023-06-30,2023,181,23.04,12.27,0,0.690576534380071,223.5465,57.6901553751999,496.77,1427.31,56469.98,17.655
FMM,2023-07-01,2023,182,23.27,13.52,10.62,0.649149064235829,157.8195,40.6960952555394,350.71,1549.11,56425.56,18.395
FMM,2023-07-02,2023,183,21.88,14.79,18.93,0.467495593945144,124.767,32.1450396621831,277.26,1681.72,56376.49,18.335
FMM,2023-07-03,2023,184,23.64,12.61,0,0.726799632116636,228.8295,58.8996035455739,508.51,1459,56322.79,18.125
FMM,2023-07-04,2023,185,25.31,11.74,0,0.920945073939022,252.171,64.8404293230297,560.38,1377.52,56264.51,18.525
FMM,2023-07-05,2023,186,27.88,10.69,0,1.23034808428897,270.5085,69.4779063940134,601.13,1285.14,56201.72,19.285
FMM,2023-07-06,2023,187,28.72,13.89,0,1.1730556608588,250.245,64.196448625746,556.1,1586.48,56134.44,21.305
FMM,2023-07-07,2023,188,23.93,14.1,18.23,0.6774518107107,149.967,38.4225603016725,333.26,1608.29,56062.75,19.015
FMM,2023-07-08,2023,189,25.94,11.59,0,0.988468720623483,244.5435,62.5687089215265,543.43,1364.56,55986.7,18.765
FMM,2023-07-09,2023,190,22.75,14.35,21.36,0.562668928352076,129.7485,33.1497122216022,288.33,1634.22,55906.36,18.55
FMM,2023-07-10,2023,191,19.57,15.46,73.31,0.256685850957109,69.489,17.7270253181721,154.42,1755.84,55821.77,17.515
FMM,2023-07-11,2023,192,18.93,12.51,32.46,0.365860310601592,108.5895,27.6577349430753,241.31,1449.68,55733.02,15.72
FMM,2023-07-12,2023,193,21.4,8.94,0,0.699517681776241,235.431,59.8643533451439,523.18,1143.13,55640.17,15.17
FMM,2023-07-13,2023,194,19.12,7.6,32.93,0.582442527726119,170.469,43.2706296007557,378.82,1043.49,55543.29,13.36
FMM,2023-07-14,2023,195,20.86,10.86,0,0.579617117813787,184.2165,46.6753108119363,409.37,1299.88,55442.46,15.86
FMM,2023-07-15,2023,196,23.72,12.79,0,0.725046873254561,190.107,48.0768192434826,422.46,1476.43,55337.74,18.255
FMM,2023-07-16,2023,197,20.23,13.72,29.35,0.397819413606845,97.2405,24.5432625410637,216.09,1569.02,55229.22,16.975
FMM,2023-07-17,2023,198,22.73,13.11,5.57,0.624079109662049,129.9645,32.7360440359944,288.81,1507.97,55116.96,17.92
FMM,2023-07-18,2023,199,21.92,11.39,5.43,0.639281686905224,137.583,34.5821535295686,305.74,1345.98,55001.06,16.655
FMM,2023-07-19,2023,200,21.04,9.27,4.21,0.658946711299139,147.9825,37.1153230572398,328.85,1168.76,54881.59,15.155
FMM,2023-07-20,2023,201,21.62,6.19,0,0.815010212854582,225.6795,56.4755937790653,501.51,947.24,54758.62,13.905
FMM,2023-07-21,2023,202,17.86,8.56,7.15,0.46349944484678,130.734,32.6402710772112,290.52,1113.74,54632.24,13.21
FMM,2023-07-22,2023,203,19.12,13.32,9.36,0.339136641774118,89.415,22.271184886437,198.7,1528.79,54502.54,16.22
FMM,2023-07-23,2023,204,21.97,10.91,0,0.663711630245744,197.19,48.995598284514,438.2,1304.5,54369.58,16.44
FMM,2023-07-24,2023,205,23.54,7.69,0,0.923310448517219,229.77,56.947785016194,510.6,1049.56,54233.46,15.615
FMM,2023-07-25,2023,206,21.88,10.54,0,0.673084961324611,199.3725,49.2870288829545,443.05,1272.08,54094.26,16.21
FMM,2023-07-26,2023,207,22.14,8.71,2.58,0.767177495670544,160.4025,39.5489870399655,356.45,1125.48,53952.06,15.425
FMM,2023-07-27,2023,208,22.51,11.26,1.5,0.692333755127532,192.609,47.3621131425222,428.02,1335.18,53806.94,16.885
FMM,2023-07-28,2023,209,22.96,10.37,9.39,0.768787469933395,151.3665,37.1183260224969,336.37,1258.08,53658.98,16.665
FMM,2023-07-29,2023,210,14.87,6.54,0,0.358321569135504,158.0895,38.6580671212541,351.31,970.36,53508.27,10.705
FMM,2023-07-30,2023,211,17.06,6.72,2.72,0.479319511470288,137.3265,33.4845616266014,305.17,982.06,53354.87,11.89
FMM,2023-07-31,2023,212,15.45,5.75,9.16,0.416421248789035,132.165,32.1318130266045,293.7,918.59,53198.89,10.6
FMM,2023-08-01,2023,213,14.76,2.8,0,0.464559284603087,201.3705,48.8111090324103,447.49,746.76,53040.38,8.78
FMM,2023-08-02,2023,214,17.45,1.16,0,0.662729184159161,228.51,55.221507413208,507.8,664.21,52879.44,9.305
FMM,2023-08-03,2023,215,14.79,4.85,18.13,0.408142248583073,132.5295,31.928041543316,294.51,862.67,52716.13,9.82
FMM,2023-08-04,2023,216,17.64,7.39,12.88,0.491848994720687,134.6265,32.3313573990267,299.17,1028.8,52550.54,12.515
FMM,2023-08-05,2023,217,16.92,6.58,0,0.475360826246449,182.979,43.8031821178422,406.62,972.75,52382.74,11.75
FMM,2023-08-06,2023,218,18.94,7.64,0,0.568953966623587,190.6065,45.481101429541,423.57,1046.07,52212.81,13.29
FMM,2023-08-07,2023,219,18.91,7.18,54.94,0.582855509641595,145.944,34.7093509641048,324.32,1013.96,52040.81,13.045
FMM,2023-08-08,2023,220,14.14,11.53,67.79,0.124671673260084,41.967,9.9474953956758,93.26,1359.03,51866.82,12.835
FMM,2023-08-09,2023,221,17.14,8.89,0,0.405143500152641,153.4545,36.2501665610792,341.01,1139.3,51690.91,13.015
FMM,2023-08-10,2023,222,22.38,6.12,22.69,0.878535292345517,164.5065,38.7273209258178,365.57,942.58,51513.16,14.25
FMM,2023-08-11,2023,223,16.31,11.35,5.06,0.253484620740975,72.2745,16.9552072514687,160.61,1342.57,51333.61,13.83
FMM,2023-08-12,2023,224,19.42,9.72,5.19,0.522841394811762,126.828,29.6481104193456,281.84,1204.26,51152.36,14.57
FMM,2023-08-13,2023,225,20.17,12.3,9.03,0.463214921302793,107.154,24.959422635021,238.12,1429.83,50969.45,16.235
FMM,2023-08-14,2023,226,18.72,10.16,6.44,0.456547256398654,116.2305,26.9756137985557,258.29,1240.47,50784.95,14.44
FMM,2023-08-15,2023,227,21.39,8.81,0,0.70391139516963,195.39,45.181418942439,434.2,1132.97,50598.93,15.1
FMM,2023-08-16,2023,228,23.31,9.01,0,0.853572119746597,204.057,47.0107089592056,453.46,1148.43,50411.44,16.16
FMM,2023-08-17,2023,229,21.07,14.4,4.62,0.425227137741497,89.5905,20.5625475815918,199.09,1639.76,50222.55,17.735
FMM,2023-08-18,2023,230,18.22,13.7,13.06,0.259808268806909,64.6515,14.78241397714,143.67,1566.77,50032.31,15.96
FMM,2023-08-19,2023,231,15.44,10.8,6.38,0.227325519002219,69.4125,15.8102524299488,154.25,1294.66,49840.79,13.12
FMM,2023-08-20,2023,232,20.88,8.35,2.38,0.682590415050889,145.989,33.1236627701319,324.42,1097.78,49648.03,14.615
FMM,2023-08-21,2023,233,16.75,7.32,0,0.439246358181579,166.356,37.5973120014336,369.68,1023.84,49454.08,12.035
FMM,2023-08-22,2023,234,15.04,3.43,0,0.462647378233506,190.935,42.9820796697795,424.3,780.92,49259.01,9.235
FMM,2023-08-23,2023,235,19.61,2.52,0,0.772999478910813,219.0285,49.1099823756032,486.73,731.88,49062.87,11.065
FMM,2023-08-24,2023,236,21.28,3.01,0,0.88329724763181,219.78,49.080435161274,488.4,758.13,48865.69,12.145
FMM,2023-08-25,2023,237,13.12,10.14,2.75,0.133584725155189,45.0315,10.0154855367207,100.07,1238.57,48667.54,11.63
FMM,2023-08-26,2023,238,18.08,11.09,5.52,0.374421080415663,96.039,21.2727213048258,213.42,1319.81,48468.46,14.585
FMM,2023-08-27,2023,239,18.04,3.3,0,0.645536501170932,207.198,45.7051850809614,460.44,773.74,48268.49,10.67
FMM,2023-08-28,2023,240,19.69,1.98,0,0.792353970137721,215.7165,47.3862920357304,479.37,704.39,48067.68,10.835
FMM,2023-08-29,2023,241,20.46,5.99,7.61,0.73312395205737,148.1535,32.4082796845896,329.23,933.99,47866.08,13.225
FMM,2023-08-30,2023,242,16.3,7.39,5.88,0.410285746513207,112.6035,24.5276547462414,250.23,1028.41,47663.72,11.845
FMM,2023-08-31,2023,243,13.74,2.58,0,0.416616451628753,177.66,38.53359599103,394.8,735.4,47460.65,8.16
FMM,2023-09-01,2023,244,18.74,0.07,0,0.772116226110585,214.4025,46.3032285852825,476.45,613.67,47256.9,9.405
FMM,2023-09-02,2023,245,19.04,5.99,0,0.632077554959752,185.616,39.9130200067536,412.48,933.83,47052.53,12.515
FMM,2023-09-03,2023,246,22.61,14.27,0,0.554578904464529,132.309,28.3264769393028,294.02,1626.42,46847.56,18.44
FMM,2023-09-04,2023,247,27.1,12.9,0,1.04528254132907,180.567,38.4885922397157,401.26,1487.33,46642.03,20.0
FMM,2023-09-05,2023,248,27.59,13.72,0,1.05627255833179,176.0355,37.3569290196377,391.19,1569.25,46435.99,20.655
FMM,2023-09-06,2023,249,27.66,14.84,0,1.00481767296162,166.896,35.2598896396512,370.88,1687.13,46229.46,21.25
FMM,2023-09-07,2023,250,26.55,16.42,0,0.798102536866022,140.832,29.6201712183552,312.96,1866.83,46022.48,21.485
FMM,2023-09-08,2023,251,19.45,16.34,0,0.197274874908553,51.3495,10.7512972286022,114.11,1857.5,45815.08,17.895
FMM,2023-09-09,2023,252,16.46,7.89,0,0.401908224460515,136.0935,28.3653430867265,302.43,1064.07,45607.31,12.175
FMM,2023-09-10,2023,253,14.71,4.7,6.1,0.408255584764329,113.5125,23.5509210982575,252.25,853.75,45399.18,9.705
FMM,2023-09-11,2023,254,19.06,6.24,0,0.624890896244412,171.747,35.4694792841046,381.66,950.51,45190.74,12.65
FMM,2023-09-12,2023,255,15.53,5.58,8.6,0.426200951213795,109.908,22.5935492135112,244.24,907.94,44982.02,10.555
FMM,2023-09-13,2023,256,17.26,13.21,10.57,0.223351051572027,48.717,9.9681214268376,108.26,1517.39,44773.04,15.235
FMM,2023-09-14,2023,257,13.33,7.4,6.82,0.248821389742631,72.6255,14.7906732099744,161.39,1029.16,44563.84,10.365
FMM,2023-09-15,2023,258,17,4.92,0,0.532982097392955,165.753,33.5981059993845,368.34,867.26,44354.45,10.96
FMM,2023-09-16,2023,259,15.48,7.03,0,0.375381172216385,129.0465,26.0341180115494,286.77,1003.61,44144.89,11.255
FMM,2023-09-17,2023,260,19.82,8.7,0,0.590838689931392,150.5835,30.234736984644,334.63,1124.64,43935.2,14.26
FMM,2023-09-18,2023,261,15.73,8.28,17.08,0.34502067850532,83.3715,16.6597241106321,185.27,1092.72,43725.42,12.005
FMM,2023-09-19,2023,262,10.62,9.26,31.47,0.0543735308418085,21.5595,4.28745289602825,47.91,1167.85,43515.55,9.94
FMM,2023-09-20,2023,263,15.64,3.3,0,0.49946978243386,161.6265,31.9869867235433,359.17,774.02,43305.65,9.47
FMM,2023-09-21,2023,264,16.37,0.71,0,0.607428297128397,177.7095,34.999439281088,394.91,643.1,43095.73,8.54
FMM,2023-09-22,2023,265,18.6,-0.53,0,0.775905231255167,185.5845,36.3723716203803,412.41,587.38,42885.82,9.035
FMM,2023-09-23,2023,266,16.51,1.42,0,0.598728147020589,172.1835,33.5807994450762,382.63,676.95,42675.96,8.965
FMM,2023-09-24,2023,267,17.94,-0.35,0,0.728279907754918,179.4195,34.8200135765995,398.71,595.51,42466.17,8.795
FMM,2023-09-25,2023,268,12.69,-1.18,0,0.452651145891181,161.4825,31.184226884412,358.85,560.14,42256.48,5.755
FMM,2023-09-26,2023,269,17.24,-2.99,0,0.736862083534877,180.351,34.6552508370051,400.78,490.08,42046.93,7.125
FMM,2023-09-27,2023,270,20.14,-0.33,0,0.87887812303001,177.1965,33.8795380507077,393.77,596.23,41837.54,9.905
FMM,2023-09-28,2023,271,20.71,-0.47,0,0.92416900367201,176.148,33.5106541228788,391.44,590.05,41628.33,10.12
FMM,2023-09-29,2023,272,19.68,1.21,0,0.810346501893893,167.2155,31.6516249520573,371.59,666.8,41419.35,10.445
FMM,2023-09-30,2023,273,20.17,2.09,0,0.823928756363998,163.098,30.7166669860518,362.44,710.13,41210.63,11.13
FMM,2023-10-01,2023,274,18.73,1.61,0,0.735185074574961,159.129,29.8175933407707,353.62,685.94,41002.19,10.17
FMM,2023-10-02,2023,275,18.71,-0.44,1.22,0.781100507091393,163.8045,30.5378852478039,364.01,591.5,40794.06,9.135
FMM,2023-10-03,2023,276,22.24,11.16,0,0.674920524080485,115.4925,21.421468009053,256.65,1326.03,40586.28,16.7
FMM,2023-10-04,2023,277,23.88,9.39,0,0.888515289680066,136.1565,25.1251606744704,302.57,1178.26,40378.88,16.635
FMM,2023-10-05,2023,278,21.32,8.79,0,0.69961736554626,124.965,22.941772379595,277.7,1131.06,40171.9,15.055
FMM,2023-10-06,2023,279,18.94,9.18,0,0.510946388404128,104.0805,19.0094437137425,231.29,1161.56,39965.37,14.06
FMM,2023-10-07,2023,280,14.76,11.64,17.71,0.152513993534551,28.1925,5.122579854987,62.65,1369.04,39759.32,13.2
FMM,2023-10-08,2023,281,11.68,5.22,25.15,0.242221085154993,55.341,10.0034845562223,122.98,885.7,39553.79,8.45
FMM,2023-10-09,2023,282,8.8,2.9,0,0.189307709624217,68.688,12.3517582890912,152.64,752.23,39348.82,5.85
FMM,2023-10-10,2023,283,10.25,-0.89,0,0.337328147594148,116.847,20.9027704397076,259.66,572.32,39144.44,4.68
FMM,2023-10-11,2023,284,7.01,0.95,3.81,0.173704104804534,52.524,9.3471160631292,116.72,654.14,38940.69,3.98
FMM,2023-10-12,2023,285,7.02,1.86,5.94,0.151691973790959,45.0945,7.98311891444265,100.21,698.55,38737.61,4.44
FMM,2023-10-13,2023,286,9.06,1.75,0.44,0.228941963889112,81.3015,14.3176894793887,180.67,693.06,38535.25,5.405
FMM,2023-10-14,2023,287,7.67,3.35,0,0.13523824449334,49.4055,8.6550894151614,109.79,776.72,38333.64,5.51
FMM,2023-10-15,2023,288,9.14,2.52,4.33,0.21234619322854,54.9045,9.56804431883895,122.01,732.31,38132.83,5.83
FMM,2023-10-16,2023,289,7.62,4.93,0.95,0.0877297641506888,32.6835,5.66578684459575,72.63,867.92,37932.85,6.275
FMM,2023-10-17,2023,290,10.17,-1.97,0,0.35587204792392,117.9045,20.3318390840544,262.01,528.64,37733.76,4.1
FMM,2023-10-18,2023,291,10.24,-3.24,0,0.382822375456425,122.751,21.056423230692,272.78,480.84,37535.6,3.5
FMM,2023-10-19,2023,292,9.19,2.6,0,0.212493245444742,68.778,11.7360426579732,152.84,736.2,37338.42,5.895
FMM,2023-10-20,2023,293,10.28,3.61,0,0.229105113796831,69.1425,11.7362599738807,153.65,790.85,37142.27,6.945
FMM,2023-10-21,2023,294,10.32,7.72,16.05,0.0999870423373588,22.383,3.7793395187289,49.74,1051.83,36947.19,9.02
FMM,2023-10-22,2023,295,8.88,3.5,5.2,0.176142386170133,44.154,7.4162076944472,98.12,784.74,36753.24,6.19
FMM,2023-10-23,2023,296,5.66,-3.93,0,0.228260853228589,99.054,16.5500758348866,220.12,456.6,36560.47,0.865
FMM,2023-10-24,2023,297,7.31,-4.35,0,0.290048845913724,111.924,18.6024465893592,248.72,442.56,36368.94,1.48
FMM,2023-10-25,2023,298,12.05,4.19,7.22,0.290533034520277,61.488,10.1662176785904,136.64,823.62,36178.69,8.12
FMM,2023-10-26,2023,299,11.61,8.06,6.71,0.143826481257489,30.5505,5.02474278283515,67.89,1076.29,35989.79,9.835
FMM,2023-10-27,2023,300,14.01,8.61,19.91,0.238875148130379,45.738,7.483491980118,101.64,1117.7,35802.3,11.31
FMM,2023-10-28,2023,301,13.5,-2.01,5.94,0.509089366775432,91.701,14.9258374189839,203.78,526.9,35616.27,5.745
FMM,2023-10-29,2023,302,-0.53,-5.17,0,0.0862157923699995,58.689,9.5031073512648,130.42,415.97,35431.76,-2.85
FMM,2023-10-30,2023,303,-2.76,-5.55,11.07,0.0478386780367041,28.4895,4.5892937502126,63.31,403.99,35248.84,-4.155
FMM,2023-10-31,2023,304,-4.67,-13.56,0,0.109317476116538,102.654,16.4512063316646,228.12,214.77,35067.57,-9.115
FMM,2023-11-01,2023,305,-3.59,-15.38,0,0.142541493710592,116.5365,18.5803757842761,258.97,184.86,34888.02,-9.485
FMM,2023-11-02,2023,306,-1.73,-8.76,0,0.111998231226958,87.174,13.828049194095,193.72,315.25,34710.25,-5.245
FMM,2023-11-03,2023,307,1.85,-2.26,8.71,0.0904486897254554,41.4,6.53382616734,92,517.42,34534.33,-0.205
FMM,2023-11-04,2023,308,1.64,-7.13,4.77,0.165132980667995,82.5525,12.962943547776,183.45,357.96,34360.32,-2.745
FMM,2023-11-05,2023,309,-2.37,-12.9,0.8,0.143968445525416,120.5235,18.8306611459025,267.83,226.57,34188.31,-7.635
FMM,2023-11-06,2023,310,-2.37,-14.75,7.26,0.159843663973944,92.691,14.4101090728719,205.98,194.77,34018.37,-8.56
FMM,2023-11-07,2023,311,2.91,-5.39,14.46,0.172154735814382,75.465,11.6742101237775,167.7,408.96,33850.55,-1.24
FMM,2023-11-08,2023,312,-4.77,-12.01,1.4,0.0934461546649133,93.159,14.3409170947185,207.02,243.4,33684.95,-8.39
FMM,2023-11-09,2023,313,-4.09,-13.04,2.53,0.114397280912193,78.2145,11.981980310432,173.81,223.98,33521.63,-8.565
FMM,2023-11-10,2023,314,-1.4,-6.79,2.42,0.0925230946617455,53.64,8.177861168316,119.2,367.36,33360.67,-4.095
FMM,2023-11-11,2023,315,-5.41,-7.51,0,0.0311666127009549,30.7935,4.67241555553425,68.43,347.48,33202.15,-6.46
FMM,2023-11-12,2023,316,-5.04,-10.2,0,0.0700274363581743,69.084,10.4331250784232,153.52,281.43,33046.14,-7.62
FMM,2023-11-13,2023,317,-0.85,-15.25,0,0.194285910712116,118.3635,17.7923748184124,263.03,186.73,32892.73,-8.05
FMM,2023-11-14,2023,318,-1.15,-13.98,0,0.177681075159256,112.914,16.89542795916,250.92,207.42,32742,-7.565
FMM,2023-11-15,2023,319,1.37,-3.44,1,0.100596232856285,58.167,8.6642463713238,129.26,473.77,32594.02,-1.035
FMM,2023-11-16,2023,320,3.52,-4.83,0,0.179868835674305,89.4915,13.2708181764564,198.87,426.68,32448.88,-0.655
FMM,2023-11-17,2023,321,5.68,-4.3,13,0.235232330954515,72.2745,10.6707109806369,160.61,444,32306.66,0.69
FMM,2023-11-18,2023,322,-1.45,-9.44,0,0.125862768732129,86.22,12.674788412976,191.6,298.79,32167.44,-5.445
FMM,2023-11-19,2023,323,-1.88,-8.9,1.98,0.110853809249254,77.913,11.405141873433,173.14,311.72,32031.3,-5.39
FMM,2023-11-20,2023,324,-7.31,-13.33,0,0.0678854308653635,68.3415,9.96250731900615,151.87,218.81,31898.33,-10.32
FMM,2023-11-21,2023,325,-2.28,-18.18,0,0.185971230894539,108.18,15.70584306636,240.4,146.01,31768.6,-10.23
FMM,2023-11-22,2023,326,-0.91,-7.33,8.37,0.110068287598615,50.985,7.37267848119,113.3,352.4,31642.2,-4.12
FMM,2023-11-23,2023,327,-0.57,-5.59,0.56,0.0921615252874173,55.8315,8.04212501313555,124.07,402.64,31519.21,-3.08
FMM,2023-11-24,2023,328,-6.35,-17.13,0.91,0.111017057645146,94.923,13.6211348525481,210.94,159.63,31399.71,-11.74
FMM,2023-11-25,2023,329,-5.6,-21.86,0,0.148968478998648,104.769,14.9784964849674,232.82,106.12,31283.78,-13.73
FMM,2023-11-26,2023,330,-2.93,-7.47,0,0.0725864105513828,47.682,6.7924821249774,105.96,348.45,31171.51,-5.2
FMM,2023-11-27,2023,331,-1.23,-6.59,24.44,0.0929967177481263,42.489,6.0316418710008,94.42,373.19,31062.96,-3.91
FMM,2023-11-28,2023,332,-6.75,-12.65,2.66,0.0694633217267869,46.1925,6.5352717284895,102.65,231.23,30958.22,-9.7
FMM,2023-11-29,2023,333,-9.01,-14.57,1.76,0.0566632853641545,58.3515,8.22861704945925,129.67,197.59,30857.35,-11.79
FMM,2023-11-30,2023,334,-1.79,-9.86,3.52,0.123812473518183,56.9565,8.00667459684225,126.57,289.19,30760.45,-5.825
FMM,2023-12-01,2023,335,0.27,-3.55,1.32,0.076680250813583,40.77,5.713947908073,90.6,470.06,30667.57,-1.64
FMM,2023-12-02,2023,336,-0.99,-5.35,2.8,0.079412095534887,34.5465,4.827704649894,76.77,410.25,30578.8,-3.17
FMM,2023-12-03,2023,337,-4.86,-9.57,3.23,0.0656511484563832,37.017,5.1586316807211,82.26,295.87,30494.19,-7.215
FMM,2023-12-04,2023,338,-8.36,-13.54,4.8,0.056047616980827,40.887,5.6829295840779,90.86,214.98,30413.81,-10.95
FMM,2023-12-05,2023,339,-8.22,-22.35,0,0.114414089940024,97.1595,13.470525958163,215.91,101.67,30337.73,-15.285
FMM,2023-12-06,2023,340,-7.32,-24.57,0,0.135477555353475,99.126,13.7106786781782,220.28,83.32,30266.01,-15.945
FMM,2023-12-07,2023,341,-8.25,-25.9,0,0.127912239640934,98.505,13.5944883534735,218.9,73.85,30198.71,-17.075
FMM,2023-12-08,2023,342,-5.23,-23.82,0,0.163138552973665,97.767,13.4645662304172,217.26,89.18,30135.88,-14.525
FMM,2023-12-09,2023,343,-0.1,-19.72,0,0.239726595445446,96.759,13.2999638939154,215.02,127.96,30077.58,-9.91
FMM,2023-12-10,2023,344,2.76,-1.27,12.94,0.0940794157761341,26.901,3.6910591610445,59.78,556.7,30023.85,0.745
FMM,2023-12-11,2023,345,-0.33,-10.81,7.92,0.164568893987589,58.1805,7.9698302978049,129.29,268.15,29974.74,-5.57
FMM,2023-12-12,2023,346,-4.53,-14.76,3.7,0.12169437436121,57.312,7.839219665952,127.36,194.61,29930.3,-9.645
FMM,2023-12-13,2023,347,-5.89,-14.15,1.63,0.0953152156680906,68.04,9.29425131054,151.2,204.61,29890.55,-10.02
FMM,2023-12-14,2023,348,-5.59,-16.96,0,0.121273002982868,82.647,11.2763416217166,183.66,161.88,29855.54,-11.275
FMM,2023-12-15,2023,349,-0.09,-6.83,0,0.120874053370712,56.826,7.745475914946,126.28,366.11,29825.3,-3.46
FMM,2023-12-16,2023,350,-4.59,-15.23,0,0.124527471772303,78.741,10.7233642505808,174.98,187.08,29799.84,-9.91
FMM,2023-12-17,2023,351,3.59,-10.43,15.7,0.257026241829367,65.187,8.8713633455739,144.86,276.38,29779.21,-3.42
FMM,2023-12-18,2023,352,9.1,1.63,60.35,0.233764376109733,43.65,5.9372179137,97,686.83,29763.4,5.365
FMM,2023-12-19,2023,353,1.21,-9.08,1.9,0.179984909732127,75.852,10.313497566918,168.56,307.49,29752.45,-3.935
FMM,2023-12-20,2023,354,-5.72,-13.9,0,0.0958225511714111,65.6235,8.92091236845825,145.83,208.79,29746.35,-9.81
FMM,2023-12-21,2023,355,-11.55,-18.16,0,0.0540854085354441,56.997,7.7478958984419,126.66,146.29,29745.11,-14.855
FMM,2023-12-22,2023,356,-6.52,-20.7,0,0.129557661194111,89.3025,12.1408304220945,198.45,117.56,29748.74,-13.61
FMM,2023-12-23,2023,357,-1.46,-10.43,0,0.136891232281066,69.1965,9.4100663149461,153.77,276.31,29757.22,-5.945
FMM,2023-12-24,2023,358,2.82,-6.35,0,0.184374014451167,69.741,9.4883648160672,154.98,379.91,29770.56,-1.765
FMM,2023-12-25,2023,359,0.57,-6.12,0,0.125431169086129,56.2815,7.6618562143167,125.07,386.65,29788.74,-2.775
FMM,2023-12-26,2023,360,1.6,-1.13,0,0.0620100311810147,24.8265,3.38235484998375,55.17,562.11,29811.75,0.235
FMM,2023-12-27,2023,361,0.85,-2.16,0,0.0645857854222931,27.387,3.7346772558204,60.86,521.05,29839.56,-0.655
FMM,2023-12-28,2023,362,1.23,-3.25,0,0.0936898664368634,39.7395,5.42506667350725,88.31,480.69,29872.15,-1.01
FMM,2023-12-29,2023,363,-0.83,-4.07,9.26,0.0618038966768165,22.392,3.0606811813656,49.76,452.02,29909.49,-2.45
FMM,2023-12-30,2023,364,-4.06,-9.12,1.65,0.0735495368455333,46.296,6.336930901716,102.88,306.53,29951.55,-6.59
FMM,2023-12-31,2023,365,-9.96,-14.18,0,0.0423050523152644,39.753,5.4498256422309,88.34,204.03,29998.29,-12.07
FMM,2024-01-01,2024,1,-11.11,-17.53,0,0.0546274712373365,52.2,7.16852623014,116,154.3,30049.91,-14.32
FMM,2024-01-02,2024,2,-6.74,-14.14,0,0.0829551700967078,58.9815,8.11491120913905,131.07,204.65,30105.91,-10.44
FMM,2024-01-03,2024,3,-4.14,-7.08,2.52,0.0457519344511833,19.197,2.6465122840734,42.66,359.33,30166.46,-5.61
FMM,2024-01-04,2024,4,-4.96,-18.88,5.04,0.143268863065003,66.0105,9.11987870520735,146.69,137.55,30231.51,-11.92
FMM,2024-01-05,2024,5,-13.4,-22.12,1.01,0.0578096015443287,69.624,9.6412262674968,154.72,103.72,30301.01,-17.76
FMM,2024-01-06,2024,6,-13.57,-22.9,1.32,0.0597377337376314,73.71,10.23192782703,163.8,96.82,30374.9,-18.235
FMM,2024-01-07,2024,7,-10.88,-16.15,1.15,0.0474879760883065,45.873,6.3841781036871,101.94,173.37,30453.11,-13.515
FMM,2024-01-08,2024,8,-9.55,-18.25,0,0.0764016762008637,71.0235,9.911165502762,157.83,145.19,30535.6,-13.9
FMM,2024-01-09,2024,9,-8.28,-24.26,13.23,0.121617335414233,73.3275,10.261730431719,162.95,85.71,30622.28,-16.27
FMM,2024-01-10,2024,10,-2.25,-9.68,33.18,0.112782388852321,48.537,6.812598327579,107.86,293.35,30713.1,-5.965
FMM,2024-01-11,2024,11,-3.77,-14.99,2.6,0.136443115226563,65.7675,9.2595686786505,146.15,190.86,30807.98,-9.38
FMM,2024-01-12,2024,12,-10.23,-23.09,0,0.0936656616920503,96.534,13.634877690603,214.52,95.16,30906.85,-16.66
FMM,2024-01-13,2024,13,-6.43,-19.32,22.94,0.123427338374767,73.3725,10.3979178389363,163.05,132.46,31009.65,-12.875
FMM,2024-01-14,2024,14,-6.05,-18.01,4.36,0.121132052351165,71.6715,10.191790886819,159.27,148.19,31116.29,-12.03
FMM,2024-01-15,2024,15,-12.05,-22.6,2.07,0.0725078271647425,68.2695,9.74246544420435,151.71,99.44,31226.69,-17.325
FMM,2024-01-16,2024,16,-11.42,-17.34,4.72,0.0501924362209913,44.2215,6.33373092458145,98.27,156.78,31340.79,-14.38
FMM,2024-01-17,2024,17,-12.84,-17.66,1.43,0.0384039816336849,49.779,7.156495108755,110.62,152.66,31458.5,-15.25
FMM,2024-01-18,2024,18,-14.57,-23.43,1.2,0.0534958097844569,85.239,12.3016423424202,189.42,92.37,31579.74,-19.0
FMM,2024-01-19,2024,19,-14.47,-27.7,0.25,0.0691784094749596,108.531,15.7249746599481,241.18,62.56,31704.43,-21.085
FMM,2024-01-20,2024,20,-11.45,-19.19,0.5,0.0613268104429258,78.201,11.3762461819536,173.78,133.89,31832.48,-15.32
FMM,2024-01-21,2024,21,-11.72,-23.72,0,0.0805261893303914,105.966,15.4789519886946,235.48,89.95,31963.83,-17.72
FMM,2024-01-22,2024,22,-7.19,-20.77,1.31,0.120525937451732,113.112,16.5923536506192,251.36,116.81,32098.38,-13.98
FMM,2024-01-23,2024,23,-7.63,-26.47,0,0.137878177498093,125.4375,18.4793012474625,278.75,70.09,32236.06,-17.05
FMM,2024-01-24,2024,24,-5.72,-25.27,0.77,0.161039533455745,127.782,18.9068655379572,283.96,78.22,32376.78,-15.495
FMM,2024-01-25,2024,25,-2.72,-8.3,0,0.0873593686534725,61.992,9.2131581883824,137.76,326.67,32520.46,-5.51
FMM,2024-01-26,2024,26,-3,-10.14,2.29,0.10420869857014,58.221,8.6917103706897,129.38,282.68,32667.01,-6.57
FMM,2024-01-27,2024,27,-3.55,-8.04,0,0.0688602508837366,52.0245,7.80215645166705,115.61,333.52,32816.37,-5.795
FMM,2024-01-28,2024,28,-3.17,-7.24,0,0.0650439076053414,48.0645,7.2416749406166,106.81,354.76,32968.44,-5.205
FMM,2024-01-29,2024,29,-6.94,-20.67,0,0.123494038477832,124.4025,18.8311485069945,276.45,117.82,33123.14,-13.805
FMM,2024-01-30,2024,30,-7.7,-28.26,0,0.142281974949457,139.086,21.153788354808,309.08,59.37,33280.4,-17.98
FMM,2024-01-31,2024,31,-4.84,-15.94,0,0.125745556711598,114.0975,17.4365442275805,253.55,176.43,33440.14,-10.39
FMM,2024-02-01,2024,32,-2.39,-7.02,4.9,0.0764108612288696,42.39,6.509510966844,94.2,360.85,33602.28,-4.705
FMM,2024-02-02,2024,33,-6.83,-16.11,0,0.0970441527446773,104.5845,16.1388527212521,232.41,173.87,33766.74,-11.47
FMM,2024-02-03,2024,34,-5.93,-19.78,0,0.133371480660846,132.6105,20.5646881944982,294.69,127.3,33933.45,-12.855
FMM,2024-02-04,2024,35,-4.96,-22.29,0,0.160923992798846,143.352,22.3410720504312,318.56,102.2,34102.33,-13.625
FMM,2024-02-05,2024,36,-5.54,-17.56,0,0.12593713999149,125.3475,19.6330569242783,278.55,153.98,34273.31,-11.55
FMM,2024-02-06,2024,37,-0.95,-20.61,0,0.226281877760653,149.1615,23.4809559563076,331.47,118.44,34446.32,-10.78
FMM,2024-02-07,2024,38,-0.24,-19.68,0,0.236440675318355,149.9805,23.7298021646328,333.29,128.4,34621.28,-9.96
FMM,2024-02-08,2024,39,2.81,-11.96,0,0.251819769158962,138.1275,21.9660646661978,306.95,244.51,34798.13,-4.575
FMM,2024-02-09,2024,40,1.18,-9.4,2.73,0.183220457612389,85.986,13.7443401907758,191.08,299.72,34976.79,-4.11
FMM,2024-02-10,2024,41,1.63,-0.68,5.57,0.0530100039044585,23.805,3.82471135722,52.9,581.25,35157.2,0.475
FMM,2024-02-11,2024,42,0.64,-5.76,0,0.121431569117518,80.991,13.080095175591,179.98,397.65,35339.3,-2.56
FMM,2024-02-12,2024,43,-4.49,-17.83,0,0.144444865835554,142.5285,23.1380988816875,316.73,150.46,35523.01,-11.16
FMM,2024-02-13,2024,44,-2.68,-19.24,0,0.184800517322808,156.492,25.5374349026832,347.76,133.3,35708.28,-10.96
FMM,2024-02-14,2024,45,-13.99,-18.42,0,0.0330781107336659,61.7355,10.1271147868868,137.19,143.01,35895.05,-16.205
FMM,2024-02-15,2024,46,-6.85,-21.73,0,0.129974940178179,154.6605,25.5035793658914,343.69,107.37,36083.24,-14.29
FMM,2024-02-16,2024,47,-8.48,-19.4,0,0.0962521900952805,131.5215,21.8018965290291,292.27,131.49,36272.82,-13.94
FMM,2024-02-17,2024,48,-10.3,-22.37,1.55,0.0897289718456506,141.552,23.5881056260944,314.56,101.47,36463.71,-16.335
FMM,2024-02-18,2024,49,-10.66,-28.44,4.81,0.10727297445623,126.2565,21.1501454875713,280.57,58.37,36655.86,-19.55
FMM,2024-02-19,2024,50,-11.55,-21.03,0.83,0.0701022314856155,122.157,20.5713530656578,271.46,114.21,36849.22,-16.29
FMM,2024-02-20,2024,51,-14.22,-29.74,0,0.076675991440793,165.7395,28.0580220219861,368.31,51.65,37043.74,-21.98
FMM,2024-02-21,2024,52,-2.05,-27.53,0,0.2315380024053,186.696,31.7726487643392,414.88,63.55,37239.36,-14.79
FMM,2024-02-22,2024,53,-2.33,-9.11,1,0.104591335567219,93.582,16.0102572167322,207.96,306.74,37436.03,-5.72
FMM,2024-02-23,2024,54,-1.13,-18.33,1.16,0.209689079047944,177.7545,30.5712870367905,395.01,144.18,37633.7,-9.73
FMM,2024-02-24,2024,55,-15.16,-25.38,0,0.0562216107033528,136.764,23.6456343150336,303.92,77.47,37832.32,-20.27
FMM,2024-02-25,2024,56,-6.77,-27.78,0.58,0.153684111877868,190.9935,33.1957399017987,424.43,62.08,38031.86,-17.275
FMM,2024-02-26,2024,57,-2.07,-15.93,2.57,0.174731384256795,121.194,21.175183230705,269.32,176.55,38232.25,-9.0
FMM,2024-02-27,2024,58,4.52,-16.14,0,0.33524369350334,190.4445,33.4498544067866,423.21,173.38,38433.47,-5.81
FMM,2024-02-28,2024,59,7.6,-7.36,14.81,0.346017053315844,125.6715,22.1890635428647,279.27,351.43,38635.45,0.12
FMM,2024-02-29,2024,60,-10.11,-23.05,0,0.0947870486116338,162.4815,28.8389198485719,361.07,95.55,38838.18,-16.58
FMM,2024-03-01,2024,61,-7.9,-23.8,0,0.124681604291087,182.727,32.6021634548001,406.06,89.37,39041.59,-15.85
FMM,2024-03-02,2024,62,3.47,-13.81,1.77,0.286735408848126,187.443,33.6183932443815,416.54,210.39,39245.65,-5.17
FMM,2024-03-03,2024,63,6.95,-2.66,0,0.247653462802964,126.9,22.87854822789,282,502.31,39450.33,2.145
FMM,2024-03-04,2024,64,4.73,-6.84,0,0.24506662696683,150.4035,27.2570316546821,334.23,365.95,39655.59,-1.055
FMM,2024-03-05,2024,65,7.35,0.58,0,0.194188872449645,96.804,17.6344465049064,215.12,636.83,39861.38,3.965
FMM,2024-03-06,2024,66,4.38,-0.67,1.75,0.12658706549018,76.05,13.925458606995,169,581.68,40067.67,1.855
FMM,2024-03-07,2024,67,3.14,-8.32,0,0.219740548645753,161.01,29.634557902551,357.8,326.28,40274.43,-2.59
FMM,2024-03-08,2024,68,3.24,-12.7,0,0.270557969079775,198.0855,36.6460162589907,440.19,230.22,40481.62,-4.73
FMM,2024-03-09,2024,69,2.51,-11.39,9.81,0.238215710835107,140.2965,26.0880906409961,311.77,255.97,40689.21,-4.44
FMM,2024-03-10,2024,70,-2.18,-4.22,35.88,0.0372729952584614,30.3345,5.66952007937805,67.41,446.88,40897.17,-3.2
FMM,2024-03-11,2024,71,-2.73,-8.46,4.3,0.0892076960895583,72.288,13.5794419206336,160.64,322.61,41105.46,-5.595
FMM,2024-03-12,2024,72,-3.81,-9.79,0,0.0857574360816826,101.889,19.2371692325292,226.42,290.73,41314.04,-6.8
FMM,2024-03-13,2024,73,4.87,-10.6,0,0.29596316263102,207.495,39.374179199235,461.1,272.63,41522.9,-2.865
FMM,2024-03-14,2024,74,5.49,-4.48,0,0.232006293491731,159.93,30.501081024399,355.4,438.26,41731.99,0.505
FMM,2024-03-15,2024,75,4.95,-8.31,0,0.271440369860352,194.094,37.2023260275582,431.32,326.5,41941.29,-1.68
FMM,2024-03-16,2024,76,0.44,-7.39,2.25,0.140477949716544,100.782,19.4135377827798,223.96,350.64,42150.77,-3.475
FMM,2024-03-17,2024,77,0.17,-5.15,13.45,0.101210550434374,72.3645,14.008828487706,160.81,416.62,42360.4,-2.49
FMM,2024-03-18,2024,78,-1.87,-8.72,1.33,0.108732371930516,125.5905,24.4330716162519,279.09,316.25,42570.14,-5.295
FMM,2024-03-19,2024,79,-4.63,-12.55,0,0.100829804461579,147.9195,28.9189223999366,328.71,233.1,42779.97,-8.59
FMM,2024-03-20,2024,80,-2.19,-15.46,9.43,0.168870709131535,159.525,31.3408581031125,354.5,183.62,42989.85,-8.825
FMM,2024-03-21,2024,81,-6.27,-16.57,2.62,0.1083780135143,139.545,27.5493854042505,310.1,167.29,43199.77,-11.42
FMM,2024-03-22,2024,82,-10.29,-24.51,0,0.0986013288412204,231.795,45.9840213575235,515.1,83.85,43409.69,-17.4
FMM,2024-03-23,2024,83,-9.58,-25.25,1.94,0.109382515523828,240.93,48.027331910457,535.4,78.41,43619.57,-17.415
FMM,2024-03-24,2024,84,-4.14,-22.32,0,0.17456739388244,253.7235,50.820907883013,563.83,101.9,43829.4,-13.23
FMM,2024-03-25,2024,85,2.15,-21.2,0,0.300749604342662,265.815,53.4976386236325,590.7,112.46,44039.15,-9.525
FMM,2024-03-26,2024,86,6.22,-12.39,2.61,0.356615578898159,189.99,38.419184822211,422.2,236.12,44248.77,-3.085
FMM,2024-03-27,2024,87,5.07,-1.09,5.75,0.156001331549627,92.916,18.87813419949,206.48,564.06,44458.25,1.99
FMM,2024-03-28,2024,88,6.58,-1.11,0,0.204546679723636,156.3255,31.9108342899893,347.39,563.31,44667.55,2.735
FMM,2024-03-29,2024,89,3.65,-4.43,0,0.176791727822006,168.1425,34.483713916284,373.65,439.91,44876.64,-0.39
FMM,2024-03-30,2024,90,-2.23,-8.93,0,0.104432004069965,148.5945,30.6165199969575,330.21,310.99,45085.5,-5.58
FMM,2024-03-31,2024,91,-0.46,-12.32,0,0.177168356193717,229.3335,47.4706565037986,509.63,237.45,45294.09,-6.39
FMM,2024-04-01,2024,92,1.64,-14.87,0.29,0.247779620785607,264.879,55.0804958479314,588.62,192.85,45502.38,-6.615
FMM,2024-04-02,2024,93,4.83,-13.12,0,0.319891522505301,270.0945,56.4217168786655,600.21,222.49,45710.33,-4.145
FMM,2024-04-03,2024,94,1.87,-6.11,0,0.156261495649598,175.4865,36.8249460611256,389.97,387.11,45917.92,-2.12
FMM,2024-04-04,2024,95,-1.74,-6.37,10.64,0.0797479981381051,82.8585,17.465888441093,184.13,379.35,46125.11,-4.055
FMM,2024-04-05,2024,96,-0.49,-4.12,10.75,0.0698748700579382,66.6585,14.1140502570186,148.13,450.32,46331.88,-2.305
FMM,2024-04-06,2024,97,0.05,-4.35,0.84,0.085508712889139,108.6165,23.1004960580489,241.37,442.62,46538.17,-2.15
FMM,2024-04-07,2024,98,8.38,-8.93,0,0.394525829396554,278.028,59.3923127787216,617.84,311.09,46743.96,-0.275
FMM,2024-04-08,2024,99,11.14,-9.02,0,0.507304722449955,286.587,61.4895150324798,636.86,308.92,46949.22,1.06
FMM,2024-04-09,2024,100,8.79,-9.54,0,0.417366864190875,281.259,60.609436533657,625.02,296.43,47153.9,-0.375
FMM,2024-04-10,2024,101,9.09,-7.92,0,0.408842745801268,274.05,59.311524170745,609,336.54,47357.97,0.585
FMM,2024-04-11,2024,102,6.81,0.83,19.31,0.169571032784592,99.657,21.6609977212362,221.46,648.64,47561.38,3.82
FMM,2024-04-12,2024,103,9.84,2.85,27.41,0.231792984836211,116.1855,25.3611959913135,258.19,749.39,47764.1,6.345
FMM,2024-04-13,2024,104,6.32,-2.01,9.34,0.214271747618123,137.8395,30.2151119118764,306.31,526.94,47966.09,2.155
FMM,2024-04-14,2024,105,5.64,-2.59,1.77,0.20325474729406,185.5395,40.8418094648146,412.31,504.98,48167.31,1.525
FMM,2024-04-15,2024,106,6.61,-0.87,2.01,0.200527539504768,128.1735,28.3315261570204,284.83,573.32,48367.71,2.87
FMM,2024-04-16,2024,107,-0.14,-3.88,0,0.0735249456654098,93.537,20.7607510504116,207.86,458.36,48567.24,-2.01
FMM,2024-04-17,2024,108,4.56,-4.83,0,0.209519874119217,208.71,46.513116005589,463.8,426.77,48765.87,-0.135
FMM,2024-04-18,2024,109,9.89,-4.83,0,0.395394509709058,268.0065,59.9700397123557,595.57,426.8,48963.54,2.53
FMM,2024-04-19,2024,110,8.92,-1.19,3.09,0.290549660874097,162.5085,36.5095105796075,361.13,559.65,49160.21,3.865
FMM,2024-04-20,2024,111,4.79,-1.87,1.72,0.163370006451081,158.445,35.7382430934795,352.1,532.53,49355.83,1.46
FMM,2024-04-21,2024,112,1.75,-9.49,4.73,0.19797841261818,181.3365,41.0627617854818,402.97,297.77,49550.35,-3.87
FMM,2024-04-22,2024,113,-3.13,-13.06,0,0.131346609999196,228.942,52.0450997585274,508.76,223.65,49743.71,-8.095
FMM,2024-04-23,2024,114,11.48,-8.51,3.49,0.516120856931044,226.6695,51.7275497902901,503.71,321.45,49935.87,1.485
FMM,2024-04-24,2024,115,3.85,-10.34,10.84,0.263414706759111,211.6755,48.490483601327,470.39,278.27,50126.77,-3.245
FMM,2024-04-25,2024,116,1.07,-10.93,0,0.197670379678956,266.4135,61.2606317669163,592.03,265.54,50316.34,-4.93
FMM,2024-04-26,2024,117,8.44,-12.98,0,0.439908403204643,314.5365,72.5968320928947,698.97,225,50504.54,-2.27
FMM,2024-04-27,2024,118,12.56,-6.69,2.11,0.541450720569603,228.321,52.8926799986307,507.38,370.31,50691.31,2.935
FMM,2024-04-28,2024,119,9.25,0.2,3.87,0.273173358754552,155.8035,36.225251110597,346.23,619.68,50876.59,4.725
FMM,2024-04-29,2024,120,7.55,-2.19,0,0.259669957351646,220.8555,51.5356527559905,490.79,520.07,51060.3,2.68
FMM,2024-04-30,2024,121,9.09,-1.66,0,0.306657373002966,236.8125,55.4562226845,526.25,540.62,51242.4,3.715
FMM,2024-05-01,2024,122,14.26,-3.28,0,0.578010128730133,298.341,70.1108174252034,662.98,473.33,51422.82,5.49
FMM,2024-05-02,2024,123,10.7,0.74,2.56,0.320015636466677,169.3665,39.9397986252594,376.37,644.56,51601.48,5.72
FMM,2024-05-03,2024,124,13.13,-0.12,0,0.451453054647743,266.949,63.1673325073269,593.22,605.24,51778.33,6.505
FMM,2024-05-04,2024,125,14.54,-0.77,0,0.542512157582402,281.925,66.936488848425,626.5,572.45,51953.3,6.885
FMM,2024-05-05,2024,126,11.11,-1.19,7.15,0.3802860005172,187.6815,44.7089683097111,417.07,559.86,52126.31,4.96
FMM,2024-05-06,2024,127,13.4,0.32,1.34,0.454873266815344,255.6315,61.095574527062,568.07,625.02,52297.29,6.86
FMM,2024-05-07,2024,128,11.85,-1.79,0,0.425626703955649,264.9375,63.5241816363375,588.75,535.55,52466.18,5.03
FMM,2024-05-08,2024,129,9.18,-3.36,3.47,0.342099986770756,192.474,46.2962153152602,427.72,476.68,52632.89,2.91
FMM,2024-05-09,2024,130,7.54,-2.93,2.71,0.273235286933097,174.267,42.0478275354984,387.26,492.27,52797.36,2.305
FMM,2024-05-10,2024,131,13.05,-4.21,0,0.526925690753588,299.2455,72.4248803771519,664.99,446.91,52959.51,4.42
FMM,2024-05-11,2024,132,12.21,-3.6,0,0.475837421831341,287.892,69.88721454297,639.76,468.3,53119.25,4.305
FMM,2024-05-12,2024,133,11.67,-1.57,0,0.413074433648622,262.107,63.8161601423148,582.46,544.29,53276.52,5.05
FMM,2024-05-13,2024,134,14.42,-1.25,3.31,0.541351320191653,210.2895,51.3486417497585,467.31,557.27,53431.23,6.585
FMM,2024-05-14,2024,135,13.65,4.32,10.96,0.363940135434027,149.508,36.610873314948,332.24,831.48,53583.3,8.985
FMM,2024-05-15,2024,136,17.97,2.81,0,0.658126883862275,270.0945,66.3239344292109,600.21,743.44,53732.66,10.39
FMM,2024-05-16,2024,137,19.6,1.55,0,0.819386285785735,287.5725,70.8084248521298,639.05,660.32,53879.23,10.575
FMM,2024-05-17,2024,138,18.15,2.82,17.98,0.665683666214337,198.081,48.9031680031947,440.18,747.84,54022.91,10.485
FMM,2024-05-18,2024,139,16.24,5.2,4.71,0.479232421456155,161.055,39.865595433714,357.9,883.96,54163.64,10.72
FMM,2024-05-19,2024,140,19.06,3.39,0,0.711294251079488,265.716,65.9392940211984,590.48,778.52,54301.32,11.225
FMM,2024-05-20,2024,141,24.47,8.63,0,0.986612782350618,256.725,63.86598440901,570.5,1104.03,54435.88,16.55
FMM,2024-05-21,2024,142,23.13,9.44,0,0.821235085972783,234.198,58.4024801211378,520.44,1182.16,54567.23,16.285
FMM,2024-05-22,2024,143,25.17,7.66,7.58,1.07295705621187,198.63,49.64906239623,441.4,1047.42,54695.3,16.415
FMM,2024-05-23,2024,144,20.99,10.48,9.28,0.605528344716551,144.576,36.2202493824,321.28,1267.63,54820,15.735
FMM,2024-05-24,2024,145,12.82,4.53,1.97,0.316485494611921,166.392,41.7779474237856,369.76,843.99,54941.24,8.675
FMM,2024-05-25,2024,146,15.47,4.98,0,0.441560426535321,201.1275,50.607590366718,446.95,870.68,55058.96,10.225
FMM,2024-05-26,2024,147,18.75,5.58,0,0.625551550701174,236.583,59.6522468066886,525.74,907.58,55173.06,12.165
FMM,2024-05-27,2024,148,12.76,4.08,22.85,0.326819832929235,134.1495,33.8922679851882,298.11,817.68,55283.48,8.42
FMM,2024-05-28,2024,149,15.79,7.83,7.13,0.364870419380083,122.1795,30.9276448510878,271.51,1059.86,55390.12,11.81
FMM,2024-05-29,2024,150,13.25,-0.84,0,0.472673357360656,253.431,64.2707833547331,563.18,574.48,55492.93,6.205
FMM,2024-05-30,2024,151,14.18,-2.66,0,0.556229430793729,275.2425,69.9266154511373,611.65,502.24,55591.81,5.76
FMM,2024-05-31,2024,152,17.57,-1.51,0,0.729323465668191,286.1865,72.8310926868435,635.97,546.63,55686.7,8.03
FMM,2024-06-01,2024,153,20.74,0.22,0,0.911306518805997,288.144,73.4488599617424,640.32,620.33,55777.53,10.48
FMM,2024-06-02,2024,154,24.48,2.29,0,1.18831085422149,289.854,73.9995770411316,644.12,704.3,55864.22,13.385
FMM,2024-06-03,2024,155,26.28,5.56,0,1.27252491489283,278.991,71.3314325631177,619.98,886.16,55946.71,15.92
FMM,2024-06-04,2024,156,23.32,6.6,0,0.941823969696523,253.827,64.9883359753866,564.06,974.25,56024.94,14.96
FMM,2024-06-05,2024,157,24.47,7.47,0,1.01405333434055,252.657,64.7740927572867,561.46,1034.22,56098.83,15.97
FMM,2024-06-06,2024,158,25.09,6.92,0,1.09113745166903,258.903,66.4576334107614,575.34,995.83,56168.34,16.005
FMM,2024-06-07,2024,159,16.64,12.13,25.63,0.237296386552847,63.9135,16.424915487813,142.03,1413.81,56233.4,14.385
FMM,2024-06-08,2024,160,14.88,10.78,21.17,0.197038422817698,59.751,15.3717452460972,132.78,1293.15,56293.96,12.83
FMM,2024-06-09,2024,161,13.06,9.79,9.23,0.144824622714101,50.985,13.129627047471,113.3,1210.06,56349.98,11.425
FMM,2024-06-10,2024,162,16.45,8.69,5.78,0.370974907011978,111.447,28.7259493007781,247.66,1124.05,56401.39,12.57
FMM,2024-06-11,2024,163,17.94,8.72,0,0.462623133287517,172.935,44.611711851672,384.3,1125.82,56448.16,13.33
FMM,2024-06-12,2024,164,19.25,9.05,0,0.537361586015549,187.6635,48.4472922010988,417.03,1151.4,56490.25,14.15
FMM,2024-06-13,2024,165,20.95,8.81,6.03,0.67006386373408,157.4325,40.6697303279205,349.85,1132.96,56527.62,14.88
FMM,2024-06-14,2024,166,18.01,5.94,3.87,0.564591523329298,159.579,41.2480272830472,354.62,931.06,56560.24,11.975
FMM,2024-06-15,2024,167,12.08,0.97,0,0.376453656004412,208.2555,53.8564490648672,462.79,654.92,56588.09,6.525
FMM,2024-06-16,2024,168,18.94,-0.96,0,0.807890955984137,275.31,71.226226033704,611.8,569.28,56611.12,8.99
FMM,2024-06-17,2024,169,20.03,4.87,0,0.736760225842784,241.6635,62.5415673974013,537.03,863.98,56629.34,12.45
FMM,2024-06-18,2024,170,28.14,13.76,0,1.11471671750792,220.7655,57.1467358088879,490.59,1572.94,56642.71,20.95
FMM,2024-06-19,2024,171,29.27,18.11,0,0.990389462326212,180.819,46.8133377211809,401.82,2077.7,56651.23,23.69
FMM,2024-06-20,2024,172,24.41,12.12,0,0.818614485976902,183.4785,47.5049324683656,407.73,1413.08,56654.88,18.265
FMM,2024-06-21,2024,173,20.4,8.55,0,0.639096060277525,185.535,48.036369170916,412.3,1112.86,56653.68,14.475
FMM,2024-06-22,2024,174,22.4,6.03,0,0.882921459423198,221.193,57.2623504301961,491.54,936.92,56647.61,14.215
FMM,2024-06-23,2024,175,13.61,10.42,42.76,0.146269632105739,45.054,11.6613121008582,100.12,1262,56636.69,12.015
FMM,2024-06-24,2024,176,21.58,7.66,2.38,0.761828635633062,152.325,39.4152451289775,338.5,1047.45,56620.91,14.62
FMM,2024-06-25,2024,177,24.98,5.87,0,1.11564823426863,232.6905,60.1885197636314,517.09,926.23,56600.31,15.425
FMM,2024-06-26,2024,178,20.57,10.78,6.99,0.561689813289777,117.18,30.296566438614,260.4,1292.59,56574.89,15.675
FMM,2024-06-27,2024,179,16.08,7.71,9.64,0.385777030144833,105.2235,27.1907143427147,233.83,1051.38,56544.67,11.895
FMM,2024-06-28,2024,180,16.65,5.91,0,0.480820095939111,173.529,44.8137398817657,385.62,929.01,56509.69,11.28
FMM,2024-06-29,2024,181,16.99,9.29,11.89,0.380386680623586,99.4635,25.6683274806861,221.03,1170.38,56469.98,13.14
FMM,2024-06-30,2024,182,19.81,10.24,2.32,0.528719646095943,120.0555,30.9580886009106,266.79,1247.27,56425.56,15.025
FMM,2024-07-01,2024,183,21.17,6.4,0,0.773529265041592,215.865,55.6155793332945,479.7,960.57,56376.49,13.785
FMM,2024-07-02,2024,184,24.08,4.26,0,1.08227849200247,240.3855,61.8740619024407,534.19,827.76,56322.79,14.17
FMM,2024-07-03,2024,185,22.56,7.93,3,0.831081917526011,160.74,41.330885031918,357.2,1067.05,56264.51,15.245
FMM,2024-07-04,2024,186,23.38,13.9,4.08,0.639506211271026,120.4245,30.9300526177398,267.61,1587.58,56201.72,18.64
FMM,2024-07-05,2024,187,23.19,13.43,4.98,0.647170790006478,125.172,32.1109227652176,278.16,1539.7,56134.44,18.31
FMM,2024-07-06,2024,188,20.54,13.63,7.97,0.425614511845535,97.587,25.0024498200225,216.86,1559.52,56062.75,17.085
FMM,2024-07-07,2024,189,23.64,11.52,0,0.777452455383162,195.48,50.01536013012,434.4,1357.9,55986.7,17.58
FMM,2024-07-08,2024,190,24.33,10.6,0,0.879036619204219,206.6985,52.8098266387422,459.33,1277.83,55906.36,17.465
FMM,2024-07-09,2024,191,21.85,13.06,7.36,0.555060186649156,113.274,28.8968191496586,251.72,1502.63,55821.77,17.455
FMM,2024-07-10,2024,192,21.16,12.31,5.68,0.536843890975125,114.309,29.1144910291326,254.02,1430.81,55733.02,16.735
FMM,2024-07-11,2024,193,17.46,14.42,8.46,0.173566098206997,44.6535,11.3542944731042,99.23,1641.61,55640.17,15.94
FMM,2024-07-12,2024,194,22,14.65,1.45,0.485404613086361,130.9815,33.247405516847,291.07,1665.89,55543.29,18.325
FMM,2024-07-13,2024,195,24.52,12.99,0,0.787047567385856,185.04,46.883962688688,411.2,1496.15,55442.46,18.755
FMM,2024-07-14,2024,196,26.14,11.5,0,1.01254531698918,210.2985,53.1831177793323,467.33,1356.34,55337.74,18.82
FMM,2024-07-15,2024,197,25.17,13.71,5.9,0.812315272610273,136.215,34.380330284511,302.7,1567.54,55229.22,19.44
FMM,2024-07-16,2024,198,24.27,15.43,6.22,0.636028890719239,114.5115,28.8436727462328,254.47,1752.15,55116.96,19.85
FMM,2024-07-17,2024,199,23.41,14.32,10.13,0.620606111483459,119.367,30.0034736876214,265.26,1630.94,55001.06,18.865
FMM,2024-07-18,2024,200,19.94,11.7,4.59,0.474179912383587,114.678,28.7622591695514,254.84,1374.54,54881.59,15.82
FMM,2024-07-19,2024,201,20.42,8.45,0,0.643861547974293,199.8585,50.0139687445839,444.13,1105.82,54758.62,14.435
FMM,2024-07-20,2024,202,20.49,5.76,7.88,0.742674211668463,165.825,41.40141777486,368.5,919.3,54632.24,13.125
FMM,2024-07-21,2024,203,16.57,2.28,0,0.580738953005043,221.949,55.2823040246022,493.22,719.96,54502.54,9.425
FMM,2024-07-22,2024,204,19.36,6.01,0,0.65315138950888,212.3865,52.7714571482019,471.97,935.53,54369.58,12.685
FMM,2024-07-23,2024,205,20.4,7.92,0,0.662021362008792,200.664,49.7339527897008,445.92,1066.67,54233.46,14.16
FMM,2024-07-24,2024,206,22.95,6.29,13.73,0.920449891291401,169.4205,41.8825719538281,376.49,953.73,54094.26,14.62
FMM,2024-07-25,2024,207,19.45,13.26,18.5,0.364903252650668,88.0245,21.7034011919979,195.61,1522.97,53952.06,16.355
FMM,2024-07-26,2024,208,21.12,7.5,0,0.731867576490664,210.465,51.752862755847,467.7,1035.99,53806.94,14.31
FMM,2024-07-27,2024,209,24.29,4.84,0,1.08371249218621,235.539,57.7592359803054,523.42,862.41,53658.98,14.565
FMM,2024-07-28,2024,210,26.53,11.71,0,1.04259320483346,207.477,50.7349304799903,461.06,1375.15,53508.27,19.12
FMM,2024-07-29,2024,211,27.51,11.29,0,1.16362092936692,213.1065,51.9621320887034,473.57,1337.87,53354.87,19.4
FMM,2024-07-30,2024,212,24.19,12.75,0,0.768809863918367,176.9895,43.0294973833633,393.31,1472.68,53198.89,18.47
FMM,2024-07-31,2024,213,21.87,12.52,12.16,0.582488126628238,116.4465,28.2259954061919,258.77,1450.74,53040.38,17.195
FMM,2024-08-01,2024,214,26.48,15.03,0,0.871253546314375,176.6565,42.6906403410852,392.57,1707.25,52879.44,20.755
FMM,2024-08-02,2024,215,26.64,15.08,12.06,0.884070399651179,133.047,32.0527138728627,295.66,1713.53,52716.13,20.86
FMM,2024-08-03,2024,216,27.36,13.92,0,1.02185655386869,193.3335,46.4301938006613,429.63,1589.27,52550.54,20.64
FMM,2024-08-04,2024,217,25.45,12.07,2.06,0.918954435473105,145.4445,34.8178311256401,323.21,1408.1,52382.74,18.76
FMM,2024-08-05,2024,218,19.34,7.2,0,0.612232985477526,189.2385,45.1546794724954,420.53,1014.89,52212.81,13.27
FMM,2024-08-06,2024,219,17.83,4.42,0,0.600183181719834,201.5955,47.9447525234624,447.99,837.22,52040.81,11.125
FMM,2024-08-07,2024,220,17.92,3.96,0,0.619433637106829,205.551,48.7220346004374,456.78,810.48,51866.82,10.94
FMM,2024-08-08,2024,221,21.24,3.54,0,0.86585415763191,222.6375,52.5930908363213,494.75,786.93,51690.91,12.39
FMM,2024-08-09,2024,222,16.31,10.05,60.86,0.308738220441183,81.3645,19.1544352561674,180.81,1231.75,51513.16,13.18
FMM,2024-08-10,2024,223,20.94,11.18,0,0.571937999828901,153.5535,36.022821557927,341.23,1327.56,51333.61,16.06
FMM,2024-08-11,2024,224,18.61,9.08,0,0.49255598433139,152.0235,35.5379688581022,337.83,1153.76,51152.36,13.845
FMM,2024-08-12,2024,225,18.4,10.83,5.52,0.406512525473391,93.6225,21.8075251100963,208.05,1297.43,50969.45,14.615
FMM,2024-08-13,2024,226,21.64,7.89,0,0.757957741565267,193.6035,44.9328983876753,430.23,1064.31,50784.95,14.765
FMM,2024-08-14,2024,227,22.8,6.97,0,0.885062162929569,205.659,47.5559928260559,457.02,999.27,50598.93,14.885
FMM,2024-08-15,2024,228,23.08,9.36,0,0.819952647186339,187.956,43.3013560580448,417.68,1176.01,50411.44,16.22
FMM,2024-08-16,2024,229,23.72,10.98,0,0.807956333161987,176.8815,40.5973206986602,393.07,1310.6,50222.55,17.35
FMM,2024-08-17,2024,230,23.5,12.47,2.01,0.720818550123784,118.2735,27.0429586247074,262.83,1446.08,50032.31,17.985
FMM,2024-08-18,2024,231,17.82,15.36,2.48,0.144481185343483,32.895,7.4925734368185,73.1,1744.69,49840.79,16.59
FMM,2024-08-19,2024,232,16.37,9.56,34.84,0.332504527708839,84.4785,19.1674533377624,187.73,1191.66,49648.03,12.965
FMM,2024-08-20,2024,233,11.55,8.73,10.37,0.115937136267042,39.762,8.9864165993472,88.36,1126.46,49454.08,10.14
FMM,2024-08-21,2024,234,12.99,8.37,7.55,0.19687979385101,62.3205,14.0291968264619,138.49,1099.42,49259.01,10.68
FMM,2024-08-22,2024,235,15.29,7.46,5.91,0.349731445200657,100.6515,22.5678091713089,223.67,1033.59,49062.87,11.375
FMM,2024-08-23,2024,236,19.6,5.88,0,0.674633842068998,195.3495,43.6247086565534,434.11,926.72,48865.69,12.74
FMM,2024-08-24,2024,237,22.69,7.33,0,0.863518136556279,199.782,44.4336460365996,443.96,1024.06,48667.54,15.01
FMM,2024-08-25,2024,238,20.94,9.58,2.48,0.639364550633414,126.774,28.0805503045428,281.72,1193.01,48468.46,15.26
FMM,2024-08-26,2024,239,23.25,8.48,0,0.868558102940183,194.967,43.0071854925231,433.26,1108.1,48268.49,15.865
FMM,2024-08-27,2024,240,23.88,8.98,10.29,0.904622594629806,144.81,31.810310985456,321.8,1146.13,48067.68,16.43
FMM,2024-08-28,2024,241,15.98,5.76,1.95,0.446230082573273,163.071,35.6714527597776,362.38,919.31,47866.08,10.87
FMM,2024-08-29,2024,242,20.28,1.38,0,0.849831270435694,213.7725,46.564610107509,475.05,674.7,47663.72,10.83
FMM,2024-08-30,2024,243,21.26,1.72,0,0.915274759890644,212.6025,46.1124554862263,472.45,691.38,47460.65,11.49
FMM,2024-08-31,2024,244,15.75,12.41,11.13,0.17170807647372,43.2135,9.3325617400455,96.03,1440.39,47256.9,14.08
FMM,2024-09-01,2024,245,19.35,7.01,12.65,0.618825181326327,130.1985,27.9965915403269,289.33,1002.44,47052.53,13.18
FMM,2024-09-02,2024,246,11.12,2.74,1.99,0.288512067722863,138.087,29.5635083109804,306.86,743.77,46847.56,6.93
FMM,2024-09-03,2024,247,15.13,0.36,0,0.544692461608998,194.3055,41.4170095279541,431.79,626.98,46642.03,7.745
FMM,2024-09-04,2024,248,20.48,6.64,0,0.713051960252847,182.2455,38.6747684850407,404.99,976.92,46435.99,13.56
FMM,2024-09-05,2024,249,21.92,7.36,0,0.799192327076492,183.96,38.864977579512,408.8,1026.47,46229.46,14.64
FMM,2024-09-06,2024,250,20.26,6.33,0,0.70724850390147,180.5445,37.9726127764452,401.21,956.21,46022.48,13.295
FMM,2024-09-07,2024,251,18.56,7.21,5.45,0.558331435073819,120.9465,25.3231632296154,268.77,1015.93,45815.08,12.885
FMM,2024-09-08,2024,252,9.49,3.87,7.35,0.189390281889137,70.614,14.7177516687138,156.92,805.68,45607.31,6.68
FMM,2024-09-09,2024,253,11.62,5.07,0,0.244648743963452,107.82,22.369873915332,239.6,875.97,45399.18,8.345
FMM,2024-09-10,2024,254,11.76,-0.84,0,0.402186230872737,174.7935,36.0986475877083,388.43,574.22,45190.74,5.46
FMM,2024-09-11,2024,255,19.3,-1.44,0,0.842537111797442,202.1535,41.5562566049199,449.23,549.58,44982.02,8.93
FMM,2024-09-12,2024,256,18.51,6.13,0,0.591422210938665,162.6345,33.2770992506316,361.41,943.21,44773.04,12.32
FMM,2024-09-13,2024,257,23.04,5.96,0,0.939056889886757,184.68,37.611328368384,410.4,932.03,44563.84,14.5
FMM,2024-09-14,2024,258,21.45,4.29,0,0.860396395985329,184.716,37.441902998934,410.48,829.98,44354.45,12.87
FMM,2024-09-15,2024,259,24.22,3.58,0,1.11432997395613,191.232,38.5795543124736,424.96,789.03,44144.89,13.9
FMM,2024-09-16,2024,260,24.54,9.98,0,0.924458063734465,163.44,32.81611473216,363.2,1225.76,43935.2,17.26
FMM,2024-09-17,2024,261,25.02,10.9,0,0.930118862990901,156.375,31.247660864925,347.5,1303.55,43725.42,17.96
FMM,2024-09-18,2024,262,24.39,7.52,0,1.00490036652143,169.938,33.794901099063,377.64,1037.82,43515.55,15.955
FMM,2024-09-19,2024,263,21.39,7.26,0,0.760940265754263,153.765,30.4311422541825,341.7,1019.37,43305.65,14.325
FMM,2024-09-20,2024,264,18.01,4.73,0,0.602787571099457,147.591,29.0676764209851,327.98,855.38,43095.73,11.37
FMM,2024-09-21,2024,265,16.13,1.96,0,0.563384970805683,152.748,29.9368051764552,339.44,703.21,42885.82,9.045
FMM,2024-09-22,2024,266,14.27,1.28,0,0.476761810761769,144.2295,28.1289549437874,320.51,670.1,42675.96,7.775
FMM,2024-09-23,2024,267,13.47,2.42,0,0.407057714998253,128.3535,24.9096146885042,285.23,727.15,42466.17,7.945
FMM,2024-09-24,2024,268,15.74,5.34,0,0.445916635161488,120.087,23.1902543858832,266.86,892.65,42256.48,10.54
FMM,2024-09-25,2024,269,9.72,4.8,7.29,0.171630533320956,47.169,9.0637342001469,104.82,859.74,42046.93,7.26
FMM,2024-09-26,2024,270,11.61,9.16,27.56,0.101992713744333,26.1135,4.9928374256103,58.03,1159.67,41837.54,10.385
FMM,2024-09-27,2024,271,14.94,9.03,2.29,0.272312015924162,55.3725,10.5341456923673,123.05,1149.75,41628.33,11.985
FMM,2024-09-28,2024,272,13.74,8.63,0,0.2244948714946,66.402,12.568997491659,147.56,1118.97,41419.35,11.185
FMM,2024-09-29,2024,273,18.53,6.86,0,0.568586263758825,133.263,25.0977644886033,296.14,991.65,41210.63,12.695
FMM,2024-09-30,2024,274,17.22,3.9,0,0.576574238826923,142.4925,26.7002458326878,316.65,807.38,41002.19,10.56
FMM,2024-10-01,2024,275,16.59,0.04,0,0.636083345942979,157.59,29.379323133378,350.2,612.33,40794.06,8.315
FMM,2024-10-02,2024,276,12.64,6.77,1.26,0.236877846433727,72.6705,13.4788734415818,161.49,985.72,40586.28,9.705
FMM,2024-10-03,2024,277,13.77,4.65,0,0.360404465327057,107.8875,19.90864022112,239.75,850.82,40378.88,9.21
FMM,2024-10-04,2024,278,16.77,3.81,6.54,0.551905174723565,101.1375,18.5673869006625,224.75,801.95,40171.9,10.29
FMM,2024-10-05,2024,279,8.71,2.8,3.14,0.188754777353224,56.016,10.2308597582544,124.48,746.7,39965.37,5.755
FMM,2024-10-06,2024,280,9.03,2.13,5.38,0.218165571107886,64.818,11.7774365891832,144.04,712.2,39759.32,5.58
FMM,2024-10-07,2024,281,8.72,3.54,13.57,0.168728653888064,49.9275,9.02493585552825,110.95,787.15,39553.79,6.13
FMM,2024-10-08,2024,282,6.6,-2.93,0,0.241031167490524,113.1255,20.3426920616787,251.39,492.11,39348.82,1.835
FMM,2024-10-09,2024,283,7.72,-3.78,3.49,0.295075629301403,93.9285,16.8028778937078,208.73,461.71,39144.44,1.97
FMM,2024-10-10,2024,284,5.75,1.2,0,0.126279227090981,57.8205,10.2896756592827,128.49,665.89,38940.69,3.475
FMM,2024-10-11,2024,285,8.94,2.99,6.29,0.192460703071339,56.1825,9.94603728638025,124.85,756.85,38737.61,5.965
FMM,2024-10-12,2024,286,8.23,0.31,8.45,0.232026559913589,72.414,12.752546582295,160.92,624.48,38535.25,4.27
FMM,2024-10-13,2024,287,4.99,-2.71,0,0.185608872988883,96.948,16.9838096693904,215.44,500.28,38333.64,1.14
FMM,2024-10-14,2024,288,2.28,-2.26,12.65,0.101553932238039,46.359,8.0788453874829,103.02,517.18,38132.83,0.01
FMM,2024-10-15,2024,289,1.41,-0.83,2.35,0.0507847107289887,25.7265,4.45976915744925,57.17,574.94,37932.85,0.29
FMM,2024-10-16,2024,290,1.66,-3.08,1.62,0.101190673761119,68.3145,11.7803766701664,151.81,486.7,37733.76,-0.71
FMM,2024-10-17,2024,291,7.87,-3.94,0,0.302896572402008,130.734,22.425808625928,290.52,456.53,37535.6,1.965
FMM,2024-10-18,2024,292,11.87,-4.02,0,0.467473710091259,141.0525,24.0687161158185,313.45,453.7,37338.42,3.925
FMM,2024-10-19,2024,293,15.42,-1.74,0,0.60572283584644,139.7475,23.7207649520902,310.55,537.55,37142.27,6.84
FMM,2024-10-20,2024,294,13.08,-0.59,0,0.45912946942846,130.842,22.0924961492886,290.76,584.93,36947.19,6.245
FMM,2024-10-21,2024,295,16.28,2.64,0,0.55416298538617,127.2375,21.371104011465,282.75,738.66,36753.24,9.46
FMM,2024-10-22,2024,296,14.57,-1.84,0,0.561164831484462,133.4835,22.3026031024096,296.63,533.61,36560.47,6.365
FMM,2024-10-23,2024,297,17.75,4.71,3.25,0.58657978966406,89.37,14.853835206846,198.6,854.27,36368.94,11.23
FMM,2024-10-24,2024,298,7.01,-2.45,0,0.245727820428291,105.4665,17.4374739266045,234.37,510.23,36178.69,2.28
FMM,2024-10-25,2024,299,6.57,-4.89,0,0.273707004870698,115.146,18.9384472421838,255.88,424.79,35989.79,0.84
FMM,2024-10-26,2024,300,2.09,-4.3,3.47,0.133335740355167,56.412,9.229934618532,125.36,444.05,35802.3,-1.105
FMM,2024-10-27,2024,301,-2.53,-7.22,1.98,0.0763554464920523,63.702,10.3685422761378,141.56,355.5,35616.27,-4.875
FMM,2024-10-28,2024,302,-0.91,-11.19,0,0.15624849668559,116.6805,18.8932733101476,259.29,260.12,35431.76,-6.05
FMM,2024-10-29,2024,303,2.68,-11.34,0,0.242160459852902,132.111,21.2813909206668,293.58,256.98,35248.84,-4.33
FMM,2024-10-30,2024,304,12.94,0.2,3.01,0.434941280432461,81.207,13.0141359574443,180.46,619.56,35067.57,6.57
FMM,2024-10-31,2024,305,14.27,7.25,17.5,0.301769656511064,54.2655,8.6519964313467,120.59,1019.04,34888.02,10.76
FMM,2024-11-01,2024,306,9.32,-3.94,17.04,0.357729266318555,81.7515,12.9679005631388,181.67,456.42,34710.25,2.69
FMM,2024-11-02,2024,307,-2.66,-5.94,0,0.0556007997941929,37.998,5.9969161040238,84.44,392.17,34534.33,-4.3
FMM,2024-11-03,2024,308,0.72,-8.06,0,0.155647996942717,88.974,13.9712902603776,197.72,333.03,34360.32,-3.67
FMM,2024-11-04,2024,309,2.1,-7.68,5.6,0.184044322411712,77.2065,12.0627880849886,171.57,343.08,34188.31,-2.79
FMM,2024-11-05,2024,310,12.25,-0.76,21.18,0.42273601827174,84.564,13.1466535439076,187.92,577.95,34018.37,5.745
FMM,2024-11-06,2024,311,13.78,-0.8,7.56,0.498778142219257,85.9725,13.2996889931288,191.05,575.88,33850.55,6.49
FMM,2024-11-07,2024,312,1.86,-1.99,0,0.0855187806288494,39.555,6.0891054614325,87.9,527.81,33684.95,-0.065
FMM,2024-11-08,2024,313,2.23,-3.16,5.43,0.11693887107082,40.4955,6.20366151622905,89.99,483.8,33521.63,-0.465
FMM,2024-11-09,2024,314,-2.07,-7.14,0,0.0841023279716137,51.2685,7.81630640022015,113.93,357.63,33360.67,-4.605
FMM,2024-11-10,2024,315,5.73,-7.59,2.52,0.286181747313381,81.171,12.3163863496605,180.38,345.32,33202.15,-0.93
FMM,2024-11-11,2024,316,2.69,-0.73,9.56,0.0811203991727593,28.026,4.2325106167548,62.28,579.03,33046.14,0.98
FMM,2024-11-12,2024,317,0.02,-7.6,1.25,0.133668507136755,77.3505,11.6273098412231,171.89,345.18,32892.73,-3.79
FMM,2024-11-13,2024,318,-0.57,-11.02,0,0.161627665033672,94.176,14.09164340544,209.28,263.7,32742,-5.795
FMM,2024-11-14,2024,319,4.47,-12.33,0,0.301782080902233,111.1995,16.5636849823443,247.11,237.27,32594.02,-3.93
FMM,2024-11-15,2024,320,7.76,-5.58,0,0.325905347691785,99.3735,14.7362336094276,220.83,402.97,32448.88,1.09
FMM,2024-11-16,2024,321,2.26,-1.75,1.06,0.0910624479636817,34.7265,5.1270703341993,77.17,537.08,32306.66,0.255
FMM,2024-11-17,2024,322,5.52,-2.88,0,0.204944855011979,67.1085,9.8652985178868,149.13,494.14,32167.44,1.32
FMM,2024-11-18,2024,323,2.61,-1.46,0.53,0.0940950786202671,36.18,5.29613842338,80.4,548.89,32031.3,0.575
FMM,2024-11-19,2024,324,2.89,-0.93,0,0.0906303877694743,34.5105,5.03078084081505,76.69,570.61,31898.33,0.98
FMM,2024-11-20,2024,325,3.6,-2.21,0,0.135640701906135,51.444,7.468768632888,114.32,519.3,31768.6,0.695
FMM,2024-11-21,2024,326,2.55,0.6,7.73,0.0478345739992575,14.9265,2.158444353231,33.17,638,31642.2,1.575
FMM,2024-11-22,2024,327,1.27,-1.22,11.61,0.0554798050066173,18.648,2.6861099423256,41.44,558.78,31519.21,0.025
FMM,2024-11-23,2024,328,-0.52,-1.95,4.75,0.029766511889692,12.3165,1.76737679394255,27.37,529.26,31399.71,-1.235
FMM,2024-11-24,2024,329,-1.7,-4.3,5.12,0.048088989435661,20.151,2.8809254900646,44.78,444.1,31283.78,-3.0
FMM,2024-11-25,2024,330,-1.85,-4.44,0.78,0.0473981854041092,26.8065,3.81868780846455,59.57,439.5,31171.51,-3.145
FMM,2024-11-26,2024,331,-1.87,-5.01,11.15,0.0563655183235283,23.8095,3.3799425057684,52.91,420.88,31062.96,-3.44
FMM,2024-11-27,2024,332,-2.19,-4.38,6.46,0.0397966433068144,17.424,2.4651312355296,38.72,441.49,30958.22,-3.285
FMM,2024-11-28,2024,333,-3.01,-4.86,6.66,0.0324629967450061,15.5835,2.19755539772325,34.63,425.63,30857.35,-3.935
FMM,2024-11-29,2024,334,-3.48,-6.05,4.94,0.042497589198652,23.652,3.324885966738,52.56,388.76,30760.45,-4.765
FMM,2024-11-30,2024,335,-5.32,-8.79,4.49,0.0489933100095862,31.4055,4.40150578923195,69.79,314.58,30667.57,-7.055
FMM,2024-12-01,2024,336,-5.85,-13.32,6.26,0.0887145504128139,58.7385,8.208418496166,130.53,219,30578.8,-9.585
FMM,2024-12-02,2024,337,-7.03,-13.91,0,0.0768848239853117,74.07,10.322280265581,164.6,208.6,30494.19,-10.47
FMM,2024-12-03,2024,338,-6.32,-15.79,0,0.102000081733016,86.8275,12.0682507511318,192.95,178.58,30413.81,-11.055
FMM,2024-12-04,2024,339,-7.3,-16.07,8.34,0.090209343139061,62.442,8.6571728125362,138.76,174.48,30337.73,-11.685
FMM,2024-12-05,2024,340,-4.28,-7.86,9.98,0.0540695627155008,32.67,4.518772798419,72.6,338.14,30266.01,-6.07
FMM,2024-12-06,2024,341,-8.73,-19.02,0,0.0908620902191003,90.558,12.4977379454226,201.24,135.95,30198.71,-13.875
FMM,2024-12-07,2024,342,-12.15,-24.18,0,0.0781001950385386,93.141,12.8274690157956,206.98,86.31,30135.88,-18.165
FMM,2024-12-08,2024,343,-9.13,-20.84,5.95,0.0959298004802602,67.7835,9.3171498527601,150.63,116.09,30077.58,-14.985
FMM,2024-12-09,2024,344,-10.62,-16.94,1.02,0.0559554469822746,67.752,9.296183795364,150.56,162.13,30023.85,-13.78
FMM,2024-12-10,2024,345,-3.33,-12.68,3.14,0.124230862105719,62.235,8.525234203623,138.3,230.68,29974.74,-8.005
FMM,2024-12-11,2024,346,1.85,-3.73,23.76,0.11755763920346,44.379,6.070224901509,98.62,463.51,29930.3,-0.94
FMM,2024-12-12,2024,347,0.99,-11.82,4.04,0.205023309093963,66.978,9.149182308603,148.84,247.16,29890.55,-5.415
FMM,2024-12-13,2024,348,-12.34,-16.39,0,0.0345446836491359,47.1555,6.4338878282679,104.79,169.85,29855.54,-14.365
FMM,2024-12-14,2024,349,-11.42,-22.52,0,0.0784739858678554,89.694,12.225437593974,199.32,100.13,29825.3,-16.97
FMM,2024-12-15,2024,350,-5.09,-23.97,0,0.165959213759398,94.2075,12.829673710476,209.35,87.97,29799.84,-14.53
FMM,2024-12-16,2024,351,-0.09,-17.52,3.21,0.226753460424226,68.9805,9.38762451500085,153.29,154.41,29779.21,-8.805
FMM,2024-12-17,2024,352,0.85,-1.47,13.34,0.0509657700665576,19.7775,2.690110590795,43.95,548.26,29763.4,-0.31
FMM,2024-12-18,2024,353,-1.11,-3.59,3.84,0.0478955755650337,21.1725,2.87879722664625,47.05,468.38,29752.45,-2.35
FMM,2024-12-19,2024,354,-4.02,-21.04,1.29,0.170527780802011,93.078,12.653099597421,206.84,114.06,29746.35,-12.53
FMM,2024-12-20,2024,355,-12.85,-21.98,0.76,0.0621539833724522,80.1945,10.9012516032002,178.21,105,29745.11,-17.415
FMM,2024-12-21,2024,356,-14.99,-22.58,0.76,0.0465255803216911,71.7705,9.7573244848569,159.49,99.61,29748.74,-18.785
FMM,2024-12-22,2024,357,-15.81,-24.04,0,0.0463073106347327,74.6235,10.1480867334819,165.83,87.44,29757.22,-19.925
FMM,2024-12-23,2024,358,-15.06,-26.88,2.41,0.0619704711305053,64.485,8.773278346512,143.3,67.51,29770.56,-20.97
FMM,2024-12-24,2024,359,-9.2,-22.09,1.19,0.101147136221187,88.4205,12.0370842532269,196.49,103.99,29788.74,-15.645
FMM,2024-12-25,2024,360,-6.56,-24.94,0,0.147458508409585,93.9195,12.7955642693513,208.71,80.59,29811.75,-15.75
FMM,2024-12-26,2024,361,-5.89,-22.51,0,0.147521081879695,92.2815,12.5841318575598,205.07,100.2,29839.56,-14.2
FMM,2024-12-27,2024,362,-5.25,-20.06,0,0.145358286654172,89.298,12.190581255699,198.44,124.21,29872.15,-12.655
FMM,2024-12-28,2024,363,0.83,-10.5,0.41,0.187434580933747,78.4755,10.7265311740022,174.39,274.75,29909.49,-4.835
FMM,2024-12-29,2024,364,3.1,-0.63,6.96,0.089765822374574,23.094,3.161074007349,51.32,583.42,29951.55,1.235
FMM,2024-12-30,2024,365,5.58,-0.13,25.04,0.151357187215983,33.795,4.6330304022135,75.1,604.94,29998.29,2.725
