site_id,date,year,yday,tmax_c,tmin_c,prcp_mm_day,vpd_kpa,par_w_m2,par_mol_m2_day,srad_w_m2,vp_Pa,dayl_s,temp
GP,2010-01-01,2010,1,-3.1,-8.11,6.7,0.0777498142902872,39.348,5.4593263493604,87.44,331.75,30359.89,-5.605
GP,2010-01-02,2010,2,-0.73,-6.82,3.8,0.106716100912687,46.386,6.4473582985272,103.08,366.6,30414.36,-3.775
GP,2010-01-03,2010,3,2.77,-7.13,0,0.194123689977654,84.96,11.831767335072,188.8,357.78,30473.26,-2.18
GP,2010-01-04,2010,4,0.04,-5.16,2.75,0.0984834177146345,41.1885,5.74793516718585,91.53,416.29,30536.53,-2.56
GP,2010-01-05,2010,5,-1.12,-4.25,0,0.0590249525341877,34.9695,4.8908664349461,77.71,445.73,30604.14,-2.685
GP,2010-01-06,2010,6,-2.01,-6.03,0,0.0693413669235004,44.4825,6.2359754926005,98.85,389.46,30676.02,-4.02
GP,2010-01-07,2010,7,-3.35,-7.39,0,0.0637459889569588,45.1485,6.3450432504774,100.33,350.79,30752.12,-5.37
GP,2010-01-08,2010,8,-5.25,-10.47,0,0.0697984078479666,57.4065,8.08880150921085,127.57,275.36,30832.37,-7.86
GP,2010-01-09,2010,9,-11.2,-17.91,0,0.0561203098744656,71.8335,10.1493128619684,159.63,149.42,30916.72,-14.555
GP,2010-01-10,2010,10,-12.19,-23.36,0,0.0743654708725264,96.858,13.724130329406,215.24,92.96,31005.1,-17.775
GP,2010-01-11,2010,11,-5.25,-18.49,0,0.136312656506327,102.258,14.532431102397,227.24,142.25,31097.45,-11.87
GP,2010-01-12,2010,12,-9.43,-14.28,0,0.0492240685893716,56.493,8.0533688403069,125.54,202.4,31193.69,-11.855
GP,2010-01-13,2010,13,-9.6,-21.8,0,0.0950785668309808,102.1095,14.6029284869063,226.91,106.69,31293.75,-15.7
GP,2010-01-14,2010,14,-6.21,-22.02,0,0.140541084352694,108.7785,15.6082842257022,241.73,104.65,31397.56,-14.115
GP,2010-01-15,2010,15,2.14,-10.03,0,0.214157067415554,102.3255,14.7326288715517,227.39,285.16,31505.05,-3.945
GP,2010-01-16,2010,16,2.6,-5.14,0,0.160100496772715,82.431,11.9101094331705,183.18,416.75,31616.15,-1.27
GP,2010-01-17,2010,17,-5.06,-13.32,0,0.101014279797993,88.3845,12.8166026616671,196.41,218.92,31730.77,-9.19
GP,2010-01-18,2010,18,-4.02,-8.11,0,0.0616852311681104,50.958,7.416898401231,113.24,331.66,31848.85,-6.065
GP,2010-01-19,2010,19,-2.53,-5.46,1.58,0.0507257618585028,37.8315,5.5273437283365,84.07,406.78,31970.3,-3.995
GP,2010-01-20,2010,20,0.84,-4.19,0,0.100917111487043,61.8705,9.0748143075024,137.49,447.9,32095.04,-1.675
GP,2010-01-21,2010,21,-1.5,-8.24,0,0.110108144559513,80.145,11.80208137095,178.1,328.26,32223,-4.87
GP,2010-01-22,2010,22,-2.37,-14.01,0,0.15374730130844,110.2005,16.2940466103557,244.89,206.98,32354.09,-8.19
GP,2010-01-23,2010,23,-3.32,-18.04,0,0.165843821799395,118.7145,17.6256964406363,263.81,147.81,32488.25,-10.68
GP,2010-01-24,2010,24,0.77,-14.43,6.36,0.223394540918516,90.288,13.4617590141408,200.64,199.98,32625.38,-6.83
GP,2010-01-25,2010,25,6.35,-5.09,43.13,0.26970659888482,83.745,12.5398024202565,186.1,418.3,32765.41,0.63
GP,2010-01-26,2010,26,1.46,-0.28,3.36,0.0403349206374864,19.6605,2.9567573049861,43.69,598.36,32908.26,0.59
GP,2010-01-27,2010,27,-1.24,-6.92,0,0.0974791757610906,75.3345,11.3797387938969,167.41,363.83,33053.86,-4.08
GP,2010-01-28,2010,28,-3.64,-11.25,10.35,0.104615252487482,72.405,10.986277708602,160.9,258.9,33202.12,-7.445
GP,2010-01-29,2010,29,-14.9,-19.32,0,0.0308889776416372,64.5255,9.8351720415936,143.39,132.4,33352.96,-17.11
GP,2010-01-30,2010,30,-13.25,-24.11,0,0.0675155792205653,121.446,18.5962830219504,269.88,86.9,33506.32,-18.68
GP,2010-01-31,2010,31,-9.72,-26.15,0,0.110907329884777,135.2925,20.8128295656225,300.65,72.16,33662.1,-17.935
GP,2010-02-01,2010,32,-10.62,-21.99,0,0.0844715190619152,124.1595,19.1899113575288,275.91,104.96,33820.25,-16.305
GP,2010-02-02,2010,33,-12.47,-29.5,0,0.091690627373632,138.6675,21.5339065265182,308.15,52.83,33980.67,-20.985
GP,2010-02-03,2010,34,-7.85,-26.27,0,0.134288874319514,141.174,22.0280747419458,313.72,71.42,34143.31,-17.06
GP,2010-02-04,2010,35,-6.85,-20.4,0,0.123329282838778,132.669,20.8008973014264,294.82,120.65,34308.08,-13.625
GP,2010-02-05,2010,36,-9.1,-24.05,0,0.110583212038218,137.5425,21.6698674606448,305.65,87.4,34474.91,-16.575
GP,2010-02-06,2010,37,-7.69,-16.39,0,0.0873034804348746,105.4575,16.6962309044985,234.35,169.83,34643.74,-12.04
GP,2010-02-07,2010,38,-5.39,-13.63,0,0.0985750494583109,101.979,16.2250852219947,226.62,213.44,34814.49,-9.51
GP,2010-02-08,2010,39,-4.23,-10.69,0,0.0887555841055043,84.843,13.565636100621,188.54,270.57,34987.1,-7.46
GP,2010-02-09,2010,40,0.45,-7.93,0,0.147878810618555,105.2775,16.9168367102625,233.95,336.28,35161.5,-3.74
GP,2010-02-10,2010,41,0.44,-14.73,0,0.218352745054028,145.458,23.4904442993478,323.24,194.98,35337.63,-7.145
GP,2010-02-11,2010,42,-1.46,-13.37,0,0.16606480656123,132.957,21.5796422188809,295.46,218.03,35515.41,-7.415
GP,2010-02-12,2010,43,-4.32,-8.5,0,0.0617229692470629,60.6285,9.89003560010355,134.73,321.6,35694.79,-6.41
GP,2010-02-13,2010,44,0.24,-9.01,0,0.15672848835184,120.321,19.7268679542987,267.38,309.08,35875.71,-4.385
GP,2010-02-14,2010,45,-2.65,-6.67,1.46,0.0664173612829639,62.064,10.227248327088,137.92,370.88,36058.1,-4.66
GP,2010-02-15,2010,46,-0.68,-7.75,0,0.120662469573806,103.509,17.1437328502083,230.02,341.01,36241.91,-4.215
GP,2010-02-16,2010,47,0.13,-7.67,1.68,0.137133828063229,113.2425,18.851677783533,251.65,343.23,36427.08,-3.77
GP,2010-02-17,2010,48,1.74,-6.05,0,0.15220984251262,113.1345,18.9301084232108,251.41,388.82,36613.55,-2.155
GP,2010-02-18,2010,49,3.06,-2.39,0,0.124253447043903,83.898,14.1101169836022,186.44,512.48,36801.27,0.335
GP,2010-02-19,2010,50,1.94,-5.78,0,0.153130093394208,113.796,19.2366587713896,252.88,396.93,36990.18,-1.92
GP,2010-02-20,2010,51,1.75,-4.07,0,0.120706733658614,91.2645,15.507084410816,202.81,452.04,37180.23,-1.16
GP,2010-02-21,2010,52,2.94,-7.26,0,0.200351804208964,141.5205,24.1698844041485,314.49,354.28,37371.37,-2.16
GP,2010-02-22,2010,53,3.92,-4.48,0,0.185463465749138,127.2825,21.850010083449,282.85,438.01,37563.56,-0.28
GP,2010-02-23,2010,54,3.19,-2.19,5.88,0.124102780498228,68.976,11.9016916649568,153.28,519.96,37756.74,0.5
GP,2010-02-24,2010,55,1.37,-1.5,21.81,0.0635896049446446,40.4055,7.0077452749461,89.79,547.4,37950.86,-0.065
GP,2010-02-25,2010,56,2.26,-1.03,8.69,0.0762718406888258,45.909,8.0031631664844,102.02,566.45,38145.88,0.615
GP,2010-02-26,2010,57,3.54,-0.04,0,0.089127129805571,66.789,11.7028916854848,148.42,608.88,38341.76,1.75
GP,2010-02-27,2010,58,4.94,0.42,2.19,0.119133253727041,62.9145,11.0805468182392,139.81,629.73,38538.45,2.68
GP,2010-02-28,2010,59,4.05,-0.8,0,0.119931816293677,90.7605,16.0667058571664,201.69,576.05,38735.91,1.625
GP,2010-03-01,2010,60,5.71,-0.94,0,0.172913804985826,120.8745,21.5070536839918,268.61,570.15,38934.09,2.385
GP,2010-03-02,2010,61,5.27,-5.36,0,0.239352212892208,167.7375,29.9977841580638,372.75,409.97,39132.97,-0.045
GP,2010-03-03,2010,62,3.86,-8.89,0,0.246701927414532,182.817,32.8612522024512,406.26,312.12,39332.48,-2.515
GP,2010-03-04,2010,63,4.92,-6.36,0,0.243989134350603,177.489,32.0658776124453,394.42,379.6,39532.61,-0.72
GP,2010-03-05,2010,64,4.22,-9.75,0,0.267383095299095,193.3605,35.1106367853253,429.69,291.53,39733.31,-2.765
GP,2010-03-06,2010,65,7.58,-7.84,0,0.351741712641542,197.883,36.1138243084605,439.74,338.58,39934.55,-0.13
GP,2010-03-07,2010,66,6.74,-7.16,0,0.313464266860155,196.1595,35.9801246581362,435.91,356.93,40136.28,-0.21
GP,2010-03-08,2010,67,6.67,-3.31,0,0.2501992710626,174.627,32.1919380036072,388.06,478.42,40338.48,1.68
GP,2010-03-09,2010,68,2.05,-4.88,0,0.141886716402206,142.3665,26.3766439250955,316.37,424.98,40541.1,-1.415
GP,2010-03-10,2010,69,4.98,-11.09,0,0.304604069267664,208.0665,38.7421225576277,462.37,262.09,40744.13,-3.055
GP,2010-03-11,2010,70,6.85,-8,0,0.328256194827125,205.2855,38.4151003929599,456.19,334.62,40947.51,-0.575
GP,2010-03-12,2010,71,7.58,-6.4,0,0.331667099047205,203.931,38.3514924870441,453.18,378.55,41151.23,0.59
GP,2010-03-13,2010,72,9.04,-4.77,0,0.360667700402688,204.0075,38.556080598051,453.35,428.72,41355.24,2.135
GP,2010-03-14,2010,73,9.67,-1.31,0,0.322321056018059,186.1515,35.3551971318696,413.67,554.93,41559.52,4.18
GP,2010-03-15,2010,74,12.09,-3.37,0,0.468995231535612,210.3975,40.156816698963,467.55,473.62,41764.04,4.36
GP,2010-03-16,2010,75,13.76,-6.04,0,0.610916617722687,220.689,42.3275496831621,490.42,369.46,41968.77,3.86
GP,2010-03-17,2010,76,11.78,-5.19,0,0.495812642989304,216.2475,41.6781747141953,480.55,402.09,42173.67,3.295
GP,2010-03-18,2010,77,11.33,-0.56,0,0.376728673704553,189.7695,36.7527927955666,421.71,586.3,42378.71,5.385
GP,2010-03-19,2010,78,9.84,-1.12,0,0.325103822863063,182.8485,35.5838415205626,406.33,562.91,42583.88,4.36
GP,2010-03-20,2010,79,5.71,-1.17,0,0.177484338829489,132.4845,25.9068569752265,294.41,560.82,42789.13,2.27
GP,2010-03-21,2010,80,5.14,-8.1,0,0.274502910307787,205.6365,40.4044035560442,456.97,331.91,42994.44,-1.48
GP,2010-03-22,2010,81,8.98,-5.61,0,0.376479813514444,212.094,41.8722326166924,471.32,397.36,43199.78,1.685
GP,2010-03-23,2010,82,0.94,-2.59,11.09,0.074693299979789,55.3185,10.973052489335,122.93,504.89,43405.11,-0.825
GP,2010-03-24,2010,83,7.05,-2.7,0,0.251917183833665,175.1805,34.9134069763017,389.29,500.73,43610.42,2.175
GP,2010-03-25,2010,84,11.51,-8.79,0,0.53416387438479,235.4445,47.1448444149896,523.21,301.27,43815.67,1.36
GP,2010-03-26,2010,85,-5.1,-15.36,0,0.117274694063551,181.386,36.4903718649768,403.08,185.11,44020.84,-10.23
GP,2010-03-27,2010,86,-2.43,-16.81,0,0.174093546018166,216.8865,43.8354231943734,481.97,164.02,44225.88,-9.62
GP,2010-03-28,2010,87,5.65,-6.69,5.02,0.271284386806952,148.0725,30.0659233889835,329.05,370.1,44430.78,-0.52
GP,2010-03-29,2010,88,4.55,-0.32,11.34,0.124257661979639,69.372,14.1507975207204,154.16,596.51,44635.51,2.115
GP,2010-03-30,2010,89,8.03,-3.13,0,0.294560917585383,184.419,37.7909454610449,409.82,484.92,44840.03,2.45
GP,2010-03-31,2010,90,13.11,1.44,0,0.414323477951174,186.129,38.3151193582743,413.62,677.45,45044.31,7.275
GP,2010-04-01,2010,91,11.47,0.45,0,0.360709780270413,180.882,37.4036605116642,401.96,630.85,45248.33,5.96
GP,2010-04-02,2010,92,20.74,-0.95,0,1.01454513419773,242.46,50.362778396088,538.8,491.77,45452.04,9.895
GP,2010-04-03,2010,93,24.22,-0.22,0,1.3178586221002,246.951,51.5251692092601,548.78,491.6,45655.43,12.0
GP,2010-04-04,2010,94,18.09,4.62,0,0.666379771454628,198,41.495477067,440,793.71,45858.45,11.355
GP,2010-04-05,2010,95,10.05,-0.47,4.32,0.320228206206699,130.401,27.4492977813756,289.78,590.05,46061.08,4.79
GP,2010-04-06,2010,96,15.82,1.73,5.07,0.55109341128581,155.6685,32.9119307902476,345.93,691.84,46263.28,8.775
GP,2010-04-07,2010,97,13.74,4.76,2.36,0.355201720187735,113.796,24.1640225102772,252.88,857.77,46465.01,9.25
GP,2010-04-08,2010,98,7.45,-1.48,6.66,0.242002521764404,116.4375,24.8320157835937,258.75,548.17,46666.25,2.985
GP,2010-04-09,2010,99,9.53,3.87,3.7,0.19089386856757,78.444,16.801289787906,174.32,805.77,46866.95,6.7
GP,2010-04-10,2010,100,10.62,1.6,0,0.296108522067431,160.695,34.564941002142,357.1,685.59,47067.08,6.11
GP,2010-04-11,2010,101,11.93,-1.01,0,0.413425606902301,208.485,45.03450335157,463.3,567.2,47266.6,5.46
GP,2010-04-12,2010,102,11.66,-1.27,0,0.406424808470453,209.583,45.4621570874757,465.74,556.55,47465.47,5.195
GP,2010-04-13,2010,103,13.01,-4.17,0,0.545182055266663,240.0345,52.2850171789539,533.41,427.37,47663.66,4.42
GP,2010-04-14,2010,104,15.55,-2.71,0,0.670927206804886,244.6155,53.5036031230752,543.59,461.06,47861.12,6.42
GP,2010-04-15,2010,105,10.79,-3.56,0,0.41706515528552,224.8155,49.3749224691313,499.59,464.17,48057.81,3.615
GP,2010-04-16,2010,106,6.51,1.21,14.68,0.150442494694303,79.695,17.5742906581935,177.1,666.68,48253.69,3.86
GP,2010-04-17,2010,107,3.61,0,9.52,0.090316530799095,57.8835,12.8160207371524,128.63,610.52,48448.71,1.805
GP,2010-04-18,2010,108,7.8,-0.9,5.32,0.242510026356915,126.8505,28.1985843896694,281.89,572.02,48642.84,3.45
GP,2010-04-19,2010,109,16.12,-0.1,1.05,0.626437878751853,239.9445,53.5509602120673,533.21,591.11,48836.02,8.01
GP,2010-04-20,2010,110,18.66,0.7,0,0.788109541184429,247.2525,55.3991280431243,549.45,606.6,49028.21,9.68
GP,2010-04-21,2010,111,14.21,0.72,2.34,0.486989745343779,165.4335,37.2113590756883,367.63,643.5,49219.35,7.465
GP,2010-04-22,2010,112,12.9,2.54,0,0.375800989177923,184.707,41.7070259904159,410.46,733.38,49409.41,7.72
GP,2010-04-23,2010,113,15.08,1.74,0,0.509352928134639,216.216,49.0084531320384,480.48,692.27,49598.32,8.41
GP,2010-04-24,2010,114,16.53,-2,3.9,0.675040783281301,188.5455,42.8982874880274,418.99,527.34,49786.04,7.265
GP,2010-04-25,2010,115,17.22,2.59,0,0.631818565440478,226.1565,51.6483483672146,502.57,716.48,49972.51,9.905
GP,2010-04-26,2010,116,14.37,-0.06,0,0.576882940616579,228.2265,52.3142147181564,507.17,544.37,50157.68,7.155
GP,2010-04-27,2010,117,5.25,0.24,16.28,0.132711428320745,76.176,17.52510045528,169.28,621.54,50341.5,2.745
GP,2010-04-28,2010,118,13.83,0.32,0,0.512710593367462,220.266,50.8581368571618,489.48,588.94,50523.89,7.075
GP,2010-04-29,2010,119,12.3,-0.26,0,0.448576619867091,211.6395,49.0413127064971,470.31,565.17,50704.81,6.02
GP,2010-04-30,2010,120,19.13,2.44,0,0.862211418740797,240.9885,56.039657134869,535.53,607.09,50884.2,10.785
GP,2010-05-01,2010,121,19.44,0.03,0,0.936325371630467,254.205,59.319562560363,564.9,496.69,51061.98,9.735
GP,2010-05-02,2010,122,23.75,7.47,6.91,1.02431578449691,173.2365,40.5647405525786,384.97,959.18,51238.11,15.61
GP,2010-05-03,2010,123,22.67,13.22,2.59,0.614152675589762,121.644,28.5808923437616,270.32,1518.31,51412.52,17.945
GP,2010-05-04,2010,124,21.75,5.21,0,0.961370240178353,214.434,50.5515383525394,476.52,780.12,51585.13,13.48
GP,2010-05-05,2010,125,19,5.01,2.71,0.659952967045602,147.987,35.0025389429751,328.86,872.55,51755.89,12.005
GP,2010-05-06,2010,126,19.03,8.73,6.33,0.534330141832632,120.8925,28.687303101582,268.65,1126.98,51924.72,13.88
GP,2010-05-07,2010,127,12.37,3.16,0,0.334012092014413,153.2295,36.4775740771014,340.51,766.28,52091.56,7.765
GP,2010-05-08,2010,128,6.61,-0.2,7.34,0.18631761289868,90.9405,21.7176348331089,202.09,601.87,52256.34,3.205
GP,2010-05-09,2010,129,6.32,1.82,0,0.129362843490906,83.0835,19.9030461244731,184.63,696.36,52418.98,4.07
GP,2010-05-10,2010,130,7.54,-1.24,0,0.240490335148049,152.118,36.5521153350366,338.04,557.73,52579.41,3.15
GP,2010-05-11,2010,131,15.52,-3.32,0,0.670870711965736,233.289,56.2251226799115,518.42,448.32,52737.55,6.1
GP,2010-05-12,2010,132,14.11,-1.89,0,0.556004853183638,219.339,53.0191954451205,487.42,513.53,52893.35,6.11
GP,2010-05-13,2010,133,19.58,-2.08,0,0.93121463877077,240.426,58.284892936494,534.28,467.87,53046.7,8.75
GP,2010-05-14,2010,134,15.63,4.21,6.18,0.473537991043909,134.7165,32.7513059927077,299.37,824.95,53197.55,9.92
GP,2010-05-15,2010,135,17.56,6.43,2.3,0.520048707340527,131.8815,32.1514432947081,293.07,962.8,53345.82,11.995
GP,2010-05-16,2010,136,21.83,2.2,0,1.02251718642612,232.713,56.8880401186422,517.14,640.94,53491.42,12.015
GP,2010-05-17,2010,137,25.05,2.16,0,1.32522449394311,239.3595,58.6690862075262,531.91,617.14,53634.28,13.605
GP,2010-05-18,2010,138,26.88,3.47,0,1.4928057957644,238.32,58.566816456768,529.6,665.68,53774.32,15.175
GP,2010-05-19,2010,139,23.69,6.29,0,1.0758321258814,214.4205,52.8279304948101,476.49,862.21,53911.46,14.99
GP,2010-05-20,2010,140,23.92,7.59,0,1.05177758823915,207.558,51.2644356375372,461.24,951.04,54045.62,15.755
GP,2010-05-21,2010,141,20.98,2.64,0,0.937235306266822,222.453,55.0766066963112,494.34,671.35,54176.72,11.81
GP,2010-05-22,2010,142,25.63,3.55,0,1.35823261462796,234.4545,58.1851437631349,521.01,676.7,54304.69,14.59
GP,2010-05-23,2010,143,28.22,10.27,0,1.43441077292215,210.3975,52.3347991128023,467.55,1100.86,54429.43,19.245
GP,2010-05-24,2010,144,30.6,12.06,0,1.67672023624429,211.4145,52.7051205419459,469.81,1218.55,54550.89,21.33
GP,2010-05-25,2010,145,34.19,13.91,0,2.16497008951286,215.9955,53.963709399032,479.99,1313.31,54668.97,24.05
GP,2010-05-26,2010,146,31.57,16.95,0,1.63682341452658,179.9955,45.063862735266,399.99,1644.11,54783.6,24.26
GP,2010-05-27,2010,147,24.87,8.22,0,1.22874782626451,204.273,51.2457274279431,453.94,883.64,54894.71,16.545
GP,2010-05-28,2010,148,24.92,5.51,0,1.32204217014747,221.58,55.696370891526,492.4,702.8,55002.21,15.215
GP,2010-05-29,2010,149,23.81,9.85,0,1.03545143090561,180.7155,45.510407903605,401.59,1043.56,55106.03,16.83
GP,2010-05-30,2010,150,21.89,9.62,0,0.828862333924917,165.9375,41.8646833396875,368.75,1079.19,55206.1,15.755
GP,2010-05-31,2010,151,18.47,2.36,14.09,0.726153626676015,153.4725,38.7873718904137,341.05,696.43,55302.35,10.415
GP,2010-06-01,2010,152,22.39,10,12.38,0.736870088613445,125.1675,31.6866256329825,278.15,1227.12,55394.7,16.195
GP,2010-06-02,2010,153,22.88,12.89,10.91,0.647419600999626,103.6035,26.2694673787046,230.23,1486.48,55483.09,17.885
GP,2010-06-03,2010,154,16.61,11.22,2.06,0.27643542675519,61.866,15.710452887969,137.48,1331.7,55567.45,13.915
GP,2010-06-04,2010,155,24.45,11.32,0,0.919055238190192,176.085,44.7801824601495,391.3,1280.01,55647.71,17.885
GP,2010-06-05,2010,156,17.42,10.94,4.71,0.339147316755197,74.169,18.8877186255006,164.82,1306.41,55723.82,14.18
GP,2010-06-06,2010,157,13.25,8.3,8.71,0.211816614775966,59.4945,15.1702880594792,132.21,1094.67,55795.71,10.775
GP,2010-06-07,2010,158,19.05,7.09,1.58,0.59588034362934,169.8615,43.3648548989226,377.47,1007.39,55863.32,13.07
GP,2010-06-08,2010,159,18.62,5.37,0,0.623191588748846,181.9125,46.4940349482263,404.25,894.64,55926.61,11.995
GP,2010-06-09,2010,160,22.32,6.13,0,0.921932430201533,203.544,52.0775112407616,452.32,894.59,55985.52,14.225
GP,2010-06-10,2010,161,19.67,9.5,0,0.548961147297544,146.223,37.4481130420089,324.94,1186.94,56039.99,14.585
GP,2010-06-11,2010,162,23.35,7.04,0,0.991735134247277,205.3935,52.6487734800671,456.43,941.85,56089.99,15.195
GP,2010-06-12,2010,163,23.51,12.4,0,0.725660580543084,156.087,40.0424253070932,346.86,1438.8,56135.48,17.955
GP,2010-06-13,2010,164,23.75,10.33,0,0.869996887683439,180.9675,46.4590974584048,402.15,1223.5,56176.41,17.04
GP,2010-06-14,2010,165,21.69,9.77,1.23,0.689363960524722,166.9005,42.8754478918837,370.89,1208.82,56212.75,15.73
GP,2010-06-15,2010,166,22.47,5.14,0,0.979820875051232,215.964,55.5107878861956,479.92,817.79,56244.47,13.805
GP,2010-06-16,2010,167,21.08,4.19,6.16,0.835104663916712,160.875,41.370765868575,357.5,823.76,56271.54,12.635
GP,2010-06-17,2010,168,27.73,12.18,0,1.23942718061176,199.3005,51.2727054775929,442.89,1326.21,56293.94,19.955
GP,2010-06-18,2010,169,30.32,13.78,0,1.50212899825512,203.535,52.3785599901675,452.3,1441.92,56311.65,22.05
GP,2010-06-19,2010,170,27.4,15.1,5.52,0.963061222014423,126.4545,32.5498499221522,281.01,1715.17,56324.65,21.25
GP,2010-06-20,2010,171,26.2,16.81,0,0.739754348998762,137.457,35.3871349046757,305.46,1913.13,56332.93,21.505
GP,2010-06-21,2010,172,26.46,11.98,0,1.08699949015703,196.7085,50.6441296452641,437.13,1335.95,56336.49,19.22
GP,2010-06-22,2010,173,26.98,7.01,0,1.4008906895248,232.5195,59.8627062050418,516.71,877.2,56335.32,16.995
GP,2010-06-23,2010,174,26.1,15.71,16.57,0.79448262743641,115.5915,29.7561938343201,256.87,1783.74,56329.42,20.905
GP,2010-06-24,2010,175,22.38,16.52,9.74,0.41001232205739,72.5265,18.666646898274,161.17,1878.02,56318.8,19.45
GP,2010-06-25,2010,176,22.88,8.92,0,0.832002100136299,201.4785,51.8417905618377,447.73,1129.86,56303.46,15.9
GP,2010-06-26,2010,177,23.67,11.61,0,0.776303042892126,182.7675,47.0105927918393,406.15,1365.73,56283.43,17.64
GP,2010-06-27,2010,178,25.03,8.54,0,1.09036886805832,220.2975,56.6389949696483,489.55,1048.98,56258.71,16.785
GP,2010-06-28,2010,179,16.72,13.62,9.65,0.169062798783045,44.1585,11.3473231104389,98.13,1559.13,56229.33,15.17
GP,2010-06-29,2010,180,18.77,12.41,2.4,0.359631481488046,85.581,21.9782801818044,190.18,1440.32,56195.32,15.59
GP,2010-06-30,2010,181,16.35,5.39,4.11,0.479640209892298,139.3335,35.7580086866865,309.63,895.9,56156.7,10.87
GP,2010-07-01,2010,182,19.93,5.73,2.45,0.702656555418758,159.993,41.028396129135,355.54,917.45,56113.5,12.83
GP,2010-07-02,2010,183,25.97,7.95,0,1.20651186295566,229.6665,58.8452812872719,510.37,1001.98,56065.77,16.96
GP,2010-07-03,2010,184,29.84,15.11,0,1.30360084758737,199.7865,51.1417325593328,443.97,1652.36,56013.55,22.475
GP,2010-07-04,2010,185,26.92,18.25,1.05,0.721571220110694,137.331,35.1186810168429,305.18,2095.75,55956.87,22.585
GP,2010-07-05,2010,186,32.07,15.89,0,1.58864872914907,205.8615,52.5860356609985,457.47,1696.05,55895.79,23.98
GP,2010-07-06,2010,187,32.97,20.72,0,1.29126412353437,165.339,42.1853694706305,367.42,2436.38,55830.35,26.845
GP,2010-07-07,2010,188,34.04,19.9,0,1.59003409484022,182.142,46.4145150516534,404.76,2232.27,55760.61,26.97
GP,2010-07-08,2010,189,33.99,19.83,0,1.61301528455846,182.592,46.4674461280128,405.76,2196.85,55686.62,26.91
GP,2010-07-09,2010,190,29.97,19.61,16.55,0.971732738954844,112.4595,28.5793969268826,249.91,2281.79,55608.44,24.79
GP,2010-07-10,2010,191,29.31,18.06,0,0.998725156054423,161.685,41.028289832763,359.3,2070.81,55526.14,23.685
GP,2010-07-11,2010,192,30.04,14.06,0,1.40115618090725,205.9515,52.1798297375619,457.67,1522.92,55439.78,22.05
GP,2010-07-12,2010,193,29.71,15.72,5.31,1.18933441822969,141.1335,35.6992741697949,313.63,1785.17,55349.42,22.715
GP,2010-07-13,2010,194,22.18,18.13,10.27,0.292177502785469,51.2955,12.9529316105815,113.99,2079.96,55255.13,20.155
GP,2010-07-14,2010,195,29.21,16.95,0,1.05761816532679,174.4245,43.9667299671057,387.61,1930.26,55156.98,23.08
GP,2010-07-15,2010,196,30.16,12.14,0,1.49059540599625,218.628,55.0071399129984,485.84,1353.8,55055.04,21.15
GP,2010-07-16,2010,197,27.86,19.37,11.53,0.745177005811381,98.6355,24.7692152394243,219.19,2248.22,54949.38,23.615
GP,2010-07-17,2010,198,28.32,17.15,6.84,0.943762259508176,124.956,31.3163741672028,277.68,1954.6,54840.09,22.735
GP,2010-07-18,2010,199,24.58,14.89,2.8,0.693789951311978,117.054,29.2756028451516,260.12,1692.91,54727.22,19.735
GP,2010-07-19,2010,200,23.31,14.07,4.84,0.624822917752619,114.507,28.5777038922813,254.46,1605,54610.87,18.69
GP,2010-07-20,2010,201,27.04,11.77,0,1.11679482151745,207.8865,51.7688052552986,461.97,1356.4,54491.11,19.405
GP,2010-07-21,2010,202,24.64,11.76,6.48,0.856202704566087,143.4735,35.647684880099,318.83,1380.1,54368.01,18.2
GP,2010-07-22,2010,203,27.53,13.74,0,1.04873674226069,196.236,48.6438404103432,436.08,1571.35,54241.66,20.635
GP,2010-07-23,2010,204,26.18,10.17,5.99,1.07385868423694,159.894,39.5405764579854,355.32,1241.73,54112.13,18.175
GP,2010-07-24,2010,205,24.41,15.62,0,0.637561733139197,141.9255,35.0110785995325,315.39,1774.08,53979.5,20.015
GP,2010-07-25,2010,206,23.17,16.81,0,0.458103446293392,108.153,26.6128187643585,240.34,1913.6,53843.85,19.99
GP,2010-07-26,2010,207,26.13,12.73,0,0.954579635107728,193.473,47.4846750413847,429.94,1470.4,53705.27,19.43
GP,2010-07-27,2010,208,29.77,10.93,0,1.51596442504656,223.1235,54.6176557523889,495.83,1226.74,53563.82,20.35
GP,2010-07-28,2010,209,27.13,15.82,2.67,0.893808594590218,125.451,30.6260423018613,278.78,1796.27,53419.59,21.475
GP,2010-07-29,2010,210,20.92,13.56,0,0.457952022558787,122.553,29.8362700554786,272.34,1552.2,53272.66,17.24
GP,2010-07-30,2010,211,20.36,9.63,0,0.593360434039465,169.263,41.0924207434401,376.14,1197.62,53123.11,14.995
GP,2010-07-31,2010,212,23.26,8.58,0,0.865786454110674,203.4405,49.2483708327659,452.09,1115.49,52971.01,15.92
GP,2010-08-01,2010,213,26.04,7.96,0,1.18966644890007,220.887,53.3157348744837,490.86,1026.14,52816.43,17.0
GP,2010-08-02,2010,214,27.94,11.06,3.94,1.220723901183,157.419,37.8834698691918,349.82,1317.31,52659.46,19.5
GP,2010-08-03,2010,215,23.14,16.71,7.44,0.461363493740885,78.1875,18.7591966813687,173.75,1901.73,52500.17,19.925
GP,2010-08-04,2010,216,29.03,17.99,14.78,0.9700399086331,119.5245,28.5887764794276,265.61,2062.27,52338.64,23.51
GP,2010-08-05,2010,217,28.89,16.77,9.61,1.03161765175852,128.196,30.5669811810996,284.88,1908.19,52174.93,22.83
GP,2010-08-06,2010,218,19.3,11.76,0,0.426168140199782,127.872,30.3928374241152,284.16,1379.99,52009.13,15.53
GP,2010-08-07,2010,219,20.49,4.8,0,0.772667304298492,212.544,50.3547969978432,472.32,859.67,51841.29,12.645
GP,2010-08-08,2010,220,23.48,8.36,3.49,0.893362995187741,152.676,36.0527135810868,339.28,1098.71,51671.49,15.92
GP,2010-08-09,2010,221,27.58,17.18,0,0.859477724071671,152.865,35.9774093423205,339.7,1959.53,51499.81,22.38
GP,2010-08-10,2010,222,23.87,13.03,3.57,0.726031598876139,123.5025,28.9688934914775,274.45,1500.38,51326.3,18.45
GP,2010-08-11,2010,223,25.14,11.86,0,0.899121004011484,186.9795,43.7083666434545,415.51,1388.6,51151.03,18.5
GP,2010-08-12,2010,224,25.1,9.74,0,0.987007089717988,199.809,46.5458062435191,444.02,1205.74,50974.07,17.42
GP,2010-08-13,2010,225,26.45,10.35,0,1.09420061741772,201.2895,46.7264072455722,447.31,1256.13,50795.48,18.4
GP,2010-08-14,2010,226,25.95,12.51,0,0.947069217298289,182.727,42.2669584404387,406.06,1449.49,50615.33,19.23
GP,2010-08-15,2010,227,25.65,14.87,17.38,0.796462647647709,116.5455,26.8616250015215,258.99,1690.62,50433.67,20.26
GP,2010-08-16,2010,228,25.65,17.9,7.77,0.616950569219832,87.8445,20.1730594173881,195.21,2049.64,50250.57,21.775
GP,2010-08-17,2010,229,23.96,12.43,3.82,0.763441056727986,124.002,28.3719038183712,275.56,1442.13,50066.08,18.195
GP,2010-08-18,2010,230,23.34,10.7,0,0.78726335044995,175.662,40.042634653035,390.36,1286.07,49880.25,17.02
GP,2010-08-19,2010,231,24.7,9.53,0,0.957922305981459,193.5045,43.9444348620354,430.01,1188.89,49693.16,17.115
GP,2010-08-20,2010,232,22.34,7.71,0,0.820479089884887,191.358,43.2922825793304,425.24,1051.6,49504.84,15.025
GP,2010-08-21,2010,233,20.93,8.05,0,0.69686847825259,178.389,40.2037339881555,396.42,1076.24,49315.35,14.49
GP,2010-08-22,2010,234,17.11,12.95,3.05,0.226140819905528,52.2945,11.7401208716588,116.21,1492.56,49124.75,15.03
GP,2010-08-23,2010,235,23.64,14.12,0,0.651145156533963,141.0975,31.552812116721,313.55,1609.99,48933.08,18.88
GP,2010-08-24,2010,236,25.36,10.88,0,0.963430511987309,184.14,41.01601165992,409.2,1301.74,48740.4,18.12
GP,2010-08-25,2010,237,20.33,11.32,1.07,0.520021298730745,136.296,30.2384399909328,302.88,1340.05,48546.74,15.825
GP,2010-08-26,2010,238,23.86,13.88,3.43,0.68329249509019,109.251,24.1411247729712,242.78,1584.85,48352.16,18.87
GP,2010-08-27,2010,239,22.1,8.09,0,0.787696287462449,184.527,40.6099944435969,410.06,1078.6,48156.71,15.095
GP,2010-08-28,2010,240,25.01,10.77,1.57,0.934925942611865,180.09,39.471967612746,400.2,1292.2,47960.42,17.89
GP,2010-08-29,2010,241,31.11,14.09,0,1.45280405280424,186.0435,40.6092978821632,413.43,1606.88,47763.35,22.6
GP,2010-08-30,2010,242,31.76,13.45,0,1.5700773028161,189.972,41.2950545320608,422.16,1541.92,47565.52,22.605
GP,2010-08-31,2010,243,32.88,17.07,0,1.52150464628326,173.439,37.5438450402477,385.42,1944.9,47366.99,24.975
GP,2010-09-01,2010,244,32.57,17.97,0,1.42031609452174,165.24,35.618605681572,367.2,2059.64,47167.79,25.27
GP,2010-09-02,2010,245,25.8,19.48,8.75,0.524409487774542,65.817,14.1271963205724,146.26,2263.14,46967.96,22.64
GP,2010-09-03,2010,246,29.16,18.63,0,0.943998357777311,134.0415,28.6483819686953,297.87,2145.58,46767.55,23.895
GP,2010-09-04,2010,247,23.73,15.44,3.73,0.587527938641113,87.057,18.5265326921193,193.46,1752.91,46566.57,19.585
GP,2010-09-05,2010,248,16.6,10.44,0.86,0.31010586980368,93.5865,19.8298994834525,207.97,1263.84,46365.09,13.52
GP,2010-09-06,2010,249,22.02,6.22,14.25,0.84577195990823,138.114,29.1372833214576,306.92,949.33,46163.12,14.12
GP,2010-09-07,2010,250,18.39,13.77,20.49,0.266856952505945,53.0325,11.1389674599675,117.85,1574.48,45960.7,16.08
GP,2010-09-08,2010,251,19.59,13.89,18.4,0.34302995164434,64.5165,13.4912718711414,143.37,1586.5,45757.88,16.74
GP,2010-09-09,2010,252,15.56,11.06,4.31,0.222755071856535,53.712,11.1820242281328,119.36,1317.25,45554.67,13.31
GP,2010-09-10,2010,253,21.76,10.26,0,0.674876738130319,154.206,31.9599056849904,342.68,1248.97,45351.12,16.01
GP,2010-09-11,2010,254,21.84,5.95,0,0.840609878231156,182.826,37.721196457245,406.28,931.31,45147.25,13.895
GP,2010-09-12,2010,255,17.39,7.01,3.55,0.489726978254267,110.34,22.66272895878,245.2,1001.98,44943.1,12.2
GP,2010-09-13,2010,256,17.28,11.79,2.73,0.291892230648708,64.5975,13.2073343996468,143.55,1382.69,44738.69,14.535
GP,2010-09-14,2010,257,17,9.77,2.53,0.362245260739302,83.4975,16.9934696399003,185.55,1208.28,44534.07,13.385
GP,2010-09-15,2010,258,14.53,5.91,0,0.36082607137185,129.789,26.2932620591025,288.42,928.95,44329.25,10.22
GP,2010-09-16,2010,259,12.24,4.76,4.83,0.282050132148369,87.741,17.6927896134999,194.98,857.68,44124.27,8.5
GP,2010-09-17,2010,260,17.64,3.95,0,0.60136085966805,170.1945,34.1598413860421,378.21,810.36,43919.17,10.795
GP,2010-09-18,2010,261,18.3,2.03,1.57,0.696014721980258,180.7065,36.1002347189348,401.57,706.92,43713.95,10.165
GP,2010-09-19,2010,262,18.15,6.02,0,0.57118282684132,157.0365,31.2242931019994,348.97,936.15,43508.67,12.085
GP,2010-09-20,2010,263,16.98,3.36,0,0.577110219216372,166.401,32.9301361925838,369.78,777.01,43303.34,10.17
GP,2010-09-21,2010,264,13.86,1.6,7.3,0.447618210447601,117.4095,23.12472386367,260.91,685.73,43098,7.73
GP,2010-09-22,2010,265,20.62,8.4,0,0.661083491974372,148.977,29.2024041428052,331.06,1101.59,42892.68,14.51
GP,2010-09-23,2010,266,13.38,2.73,9.13,0.39480199536714,106.2675,20.7308097308903,236.15,742.99,42687.39,8.055
GP,2010-09-24,2010,267,10.79,6.96,14.26,0.146326655087246,44.4645,8.6324964392277,98.81,998.81,42482.18,8.875
GP,2010-09-25,2010,268,17.41,8.83,3.66,0.424875857228857,88.083,17.0181825866217,195.74,1134.06,42277.07,13.12
GP,2010-09-26,2010,269,12.26,6.51,0,0.227786017821103,86.5755,16.6458238810231,192.39,968.11,42072.09,9.385
GP,2010-09-27,2010,270,17.45,9.27,22.08,0.410262781635191,85.698,16.3968956777808,190.44,1168.24,41867.28,13.36
GP,2010-09-28,2010,271,19.8,13.29,17.96,0.388553002815492,70.1145,13.3496823415523,155.81,1525.58,41662.65,16.545
GP,2010-09-29,2010,272,17.41,13.76,2.4,0.20418423295577,42.8265,8.11408866836625,95.17,1573.54,41458.25,15.585
GP,2010-09-30,2010,273,14.87,10.5,63.38,0.208491079763858,53.055,10.0025223544215,117.9,1269.23,41254.09,12.685
GP,2010-10-01,2010,274,14.82,10.38,7.61,0.210697199645944,54.8955,10.2983686486857,121.99,1259.26,41050.22,12.6
GP,2010-10-02,2010,275,13.24,3.48,0,0.367343430748637,137.3175,25.6329591173032,305.15,783.72,40846.67,8.36
GP,2010-10-03,2010,276,12.93,0.12,0,0.436284174526536,155.043,28.7977817373246,344.54,615.94,40643.46,6.525
GP,2010-10-04,2010,277,14.82,-0.34,0,0.543257037438813,160.1235,29.5930131453688,355.83,595.95,40440.63,7.24
GP,2010-10-05,2010,278,19.42,-0.08,0,0.822122014871139,163.782,30.1176459117054,363.96,607.06,40238.21,9.67
GP,2010-10-06,2010,279,13.58,3.08,8.31,0.395427228370144,100.0215,18.3004954407612,222.27,761.73,40036.24,8.33
GP,2010-10-07,2010,280,14.9,7.46,5.52,0.32846482597235,76.6575,13.9550998309312,170.35,1033.39,39834.75,11.18
GP,2010-10-08,2010,281,15.91,1.87,0,0.552495540775666,146.5965,26.5524858745888,325.77,699.09,39633.77,8.89
GP,2010-10-09,2010,282,10.07,1.78,0,0.268730244655873,108.891,19.6232917008645,241.98,694.39,39433.35,5.925
GP,2010-10-10,2010,283,14.78,-0.22,0,0.538522637618447,146.511,26.2690100766504,325.58,601.13,39233.52,7.28
GP,2010-10-11,2010,284,10.99,1.8,0,0.306976370014068,114.948,20.5052107601952,255.44,695.57,39034.32,6.395
GP,2010-10-12,2010,285,11.89,-0.34,0,0.397072074990209,133.587,23.7089559168702,296.86,595.93,38835.78,5.775
GP,2010-10-13,2010,286,12.76,2.17,0,0.378997921852113,120.636,21.301353754434,268.08,713.89,38637.95,7.465
GP,2010-10-14,2010,287,10.91,2.87,1.16,0.276102026281822,98.9325,17.3799447667268,219.85,750.48,38440.87,6.89
GP,2010-10-15,2010,288,7.94,4.7,33.63,0.106328679416453,33.3225,5.82402940508025,74.05,853.92,38244.57,6.32
GP,2010-10-16,2010,289,10.59,3.99,0,0.231283115126988,83.376,14.4977884607952,185.28,812.42,38049.11,7.29
GP,2010-10-17,2010,290,11.84,-1.69,0,0.423148913418616,131.931,22.8234300082551,293.18,539.55,37854.53,5.075
GP,2010-10-18,2010,291,8.88,-1.41,0,0.293322125424071,115.7265,19.9177082712914,257.17,550.86,37660.87,3.735
GP,2010-10-19,2010,292,9.85,-4.44,0,0.387370516108795,132.723,22.7261038914198,294.94,439.57,37468.18,2.705
GP,2010-10-20,2010,293,12.29,-0.26,3.42,0.414087661132268,92.574,15.77031462927,205.72,599.19,37276.5,6.015
GP,2010-10-21,2010,294,7.84,3.28,12.6,0.143694335667964,44.091,7.472655685233,97.98,772.45,37085.9,5.56
GP,2010-10-22,2010,295,6.86,0.34,0,0.182548031347957,81.522,13.745958226056,181.16,626.09,36896.4,3.6
GP,2010-10-23,2010,296,7.49,-1.52,0,0.244309098583653,102.9285,17.2668657881196,228.73,546.47,36708.08,2.985
GP,2010-10-24,2010,297,6.68,-4.78,3.19,0.275686896876892,86.7195,14.4735567786716,192.71,428.27,36520.97,0.95
GP,2010-10-25,2010,298,5.48,-1.05,14.1,0.167930507256671,58.671,9.7424128251558,130.38,565.61,36335.14,2.215
GP,2010-10-26,2010,299,11.47,4.38,6.95,0.258509238387652,60.075,9.92489611986,133.5,834.79,36150.64,7.925
GP,2010-10-27,2010,300,18.08,6.16,3.98,0.561923326716635,80.487,13.2297742648368,178.86,945.39,35967.52,12.12
GP,2010-10-28,2010,301,13.49,0.23,1.98,0.461333673646631,113.2065,18.5139472576113,251.57,621.04,35785.86,6.86
GP,2010-10-29,2010,302,6.27,0.5,0,0.159409325293767,64.125,10.4342919616125,142.5,633.17,35605.69,3.385
GP,2010-10-30,2010,303,3.88,-2.56,0,0.150268363756963,70.065,11.3436497080845,155.7,505.89,35427.09,0.66
GP,2010-10-31,2010,304,2.58,-3.76,0,0.13675934917001,68.2965,11.0020945012007,151.77,462.41,35250.13,-0.59
GP,2010-11-01,2010,305,6.73,0.8,0,0.167756348867311,63.081,10.1113837207245,140.18,647.05,35074.85,3.765
GP,2010-11-02,2010,306,7.16,-1.32,0,0.228573640137,84.0735,13.4096457426404,186.83,554.71,34901.33,2.92
GP,2010-11-03,2010,307,5.02,-5.96,0,0.240916103128047,99.09,15.727010797719,220.2,391.6,34729.63,-0.47
GP,2010-11-04,2010,308,5.17,-4,13.33,0.213952872289631,67.0545,10.5904789273683,149.01,454.46,34559.82,0.585
GP,2010-11-05,2010,309,3.4,1.25,15.16,0.0553777620321569,19.6785,3.09289548411765,43.73,668.48,34391.97,2.325
GP,2010-11-06,2010,310,4.02,-1.78,0,0.139209272666455,62.9325,9.84349293487875,139.85,535.94,34226.15,1.12
GP,2010-11-07,2010,311,2.25,-4.12,0,0.134111925661378,69.039,10.7469769987989,153.42,450.37,34062.43,-0.935
GP,2010-11-08,2010,312,3.43,-2.98,0.61,0.145346078104607,68.3955,10.5963111058428,151.99,490.48,33900.88,0.225
GP,2010-11-09,2010,313,8.79,1.2,0,0.232314305579608,76.6305,11.8163480480883,170.29,665.91,33741.58,4.995
GP,2010-11-10,2010,314,8.54,-2.3,0,0.298121299667771,93.519,14.3534435339997,207.82,515.66,33584.59,3.12
GP,2010-11-11,2010,315,8.8,-4.66,0,0.349843457403272,99.936,15.2677323936,222.08,432.1,33430,2.07
GP,2010-11-12,2010,316,10.21,-5.95,0,0.426084742248985,102.4425,15.579446344083,227.65,391.87,33277.88,2.13
GP,2010-11-13,2010,317,10.18,-3.39,0,0.383004428591845,96.2325,14.5692518207827,213.85,475.49,33128.31,3.395
GP,2010-11-14,2010,318,7.3,-0.09,4.36,0.207612396695361,50.949,7.6792786096248,113.22,606.58,32981.36,3.605
GP,2010-11-15,2010,319,9.2,0.73,1.48,0.259161566202986,73.2735,10.9958345553024,162.83,643.83,32837.12,4.965
GP,2010-11-16,2010,320,8.86,-1.66,22.04,0.297750690635359,62.4465,9.33070110830325,138.77,540.65,32695.65,3.6
GP,2010-11-17,2010,321,6.74,0.47,26.65,0.175779545333424,43.677,6.4985138269245,97.06,631.75,32557.05,3.605
GP,2010-11-18,2010,322,4.27,0.48,0,0.0981907967773192,38.1375,5.6506696354575,84.75,632.2,32421.38,2.375
GP,2010-11-19,2010,323,-0.77,-6.06,2.76,0.0947883876000168,44.19,6.520654132659,98.2,388.68,32288.73,-3.415
GP,2010-11-20,2010,324,2.16,-7.38,0,0.181535139631303,87.885,12.916234571751,195.3,351.14,32159.18,-2.61
GP,2010-11-21,2010,325,-1.3,-11.89,2.18,0.155374324792085,69.003,10.1013451471251,153.34,245.85,32032.81,-6.595
GP,2010-11-22,2010,326,0.56,-7.31,10.98,0.142080510236586,57.627,8.4035888547291,128.06,352.87,31909.69,-3.375
GP,2010-11-23,2010,327,2.68,-0.46,13.12,0.0749738174913763,25.947,3.769576086321,57.66,590.67,31789.9,1.11
GP,2010-11-24,2010,328,-0.76,-6.59,0,0.102780760893685,60.9345,8.82014896199745,135.41,373.17,31673.53,-3.675
GP,2010-11-25,2010,329,-2.99,-10.85,1.63,0.112185516363114,76.1085,10.9772906703408,169.13,267.13,31560.64,-6.92
GP,2010-11-26,2010,330,0.55,-8.18,7.06,0.153288417597721,60.57,8.705879487468,134.6,329.92,31451.32,-3.815
GP,2010-11-27,2010,331,0.13,-7.49,3.97,0.134652635101092,55.647,7.9714090888956,123.66,348.12,31345.64,-3.68
GP,2010-11-28,2010,332,-0.62,-12.46,0,0.175099146521293,92.0025,13.136449778244,204.45,234.76,31243.68,-6.54
GP,2010-11-29,2010,333,3.07,-6.98,0,0.199813827380696,83.871,11.9377771662897,186.38,362.17,31145.51,-1.955
GP,2010-11-30,2010,334,3.61,-7.95,18.4,0.227830287625031,66.7305,9.46932075472815,148.29,335.85,31051.19,-2.17
GP,2010-12-01,2010,335,5.25,0.89,34.33,0.117642692649549,32.454,4.591944240624,72.12,651.54,30960.8,3.07
GP,2010-12-02,2010,336,2.7,-0.52,0,0.0770316129361699,33.21,4.685799943377,73.8,587.85,30874.41,1.09
GP,2010-12-03,2010,337,3.33,-3.35,2.18,0.149493488035189,47.538,6.6895381186128,105.64,476.92,30792.08,-0.01
GP,2010-12-04,2010,338,-0.72,-3.35,4.27,0.0516186334117889,21.303,2.9901408803748,47.34,477.04,30713.88,-2.035
GP,2010-12-05,2010,339,-3.38,-6.24,3.09,0.0468839219659368,23.0445,3.2267867597289,51.21,383.34,30639.86,-4.81
GP,2010-12-06,2010,340,-2.12,-8.54,9.26,0.10170661121206,46.9935,6.5652436941795,104.43,320.65,30570.1,-5.33
GP,2010-12-07,2010,341,-1.86,-5.26,5.87,0.060480905145119,26.829,3.7401278424939,59.62,413.01,30504.63,-3.56
GP,2010-12-08,2010,342,-7.27,-9.55,0,0.029612725371348,25.425,3.53730108672,56.5,296.34,30443.52,-8.41
GP,2010-12-09,2010,343,-8.73,-14.83,0,0.0621024297792727,61.0245,8.47433328288165,135.61,193.48,30386.81,-11.78
GP,2010-12-10,2010,344,-7.28,-22.69,3.43,0.128396465972098,69.687,9.6606317013345,154.86,98.61,30334.55,-14.985
GP,2010-12-11,2010,345,-1.3,-11.5,1.54,0.151486183932834,82.053,11.357011197828,182.34,253.65,30286.8,-6.4
GP,2010-12-12,2010,346,3.2,-12.35,43.18,0.266109106079469,70.4565,9.73801232995185,156.57,236.89,30243.57,-4.575
GP,2010-12-13,2010,347,3.01,-4.65,10.54,0.162914209920149,53.6985,7.4123521575534,119.33,432.66,30204.92,-0.82
GP,2010-12-14,2010,348,-8.44,-14.38,2.4,0.0620497512145755,46.3095,6.3851965388352,102.91,200.81,30170.88,-11.41
GP,2010-12-15,2010,349,-11.51,-21.07,7.56,0.0707785028977811,62.766,8.6457979425114,139.48,113.74,30141.47,-16.29
GP,2010-12-16,2010,350,-10.4,-18.85,0,0.0704188779046956,78.5655,10.8132377047812,174.59,137.91,30116.72,-14.625
GP,2010-12-17,2010,351,-9.26,-22.22,0,0.100995774874919,91.728,12.6164283781536,203.84,102.83,30096.66,-15.74
GP,2010-12-18,2010,352,-6.29,-17.64,0,0.11525120678877,87.129,11.9777539139937,193.62,152.9,30081.29,-11.965
GP,2010-12-19,2010,353,-4.88,-9.32,0,0.0624490758249359,45.9585,6.3157468935708,102.13,301.69,30070.64,-7.1
GP,2010-12-20,2010,354,-4.44,-14.28,0.78,0.119284992886856,81.9315,11.257037818258,182.07,202.43,30064.71,-9.36
GP,2010-12-21,2010,355,-0.42,-6.33,0,0.106218170959606,58.716,8.06700268962,130.48,380.74,30063.5,-3.375
GP,2010-12-22,2010,356,-0.62,-3.21,2.42,0.0511542193236079,21.357,2.9345869278747,47.46,482.13,30067.03,-1.915
GP,2010-12-23,2010,357,-2.75,-6.44,0,0.0613706332496877,39.6225,5.445876062826,88.05,377.37,30075.28,-4.595
GP,2010-12-24,2010,358,-5.36,-12.11,0,0.0849303901705972,66.6045,9.15833871136125,148.01,241.57,30088.25,-8.735
GP,2010-12-25,2010,359,-6.27,-13.58,0,0.0848805489802558,70.749,9.7339374979749,157.22,214.3,30105.93,-9.925
GP,2010-12-26,2010,360,-7.36,-14.65,0,0.0785218239395347,71.28,9.81428167368,158.4,196.27,30128.3,-11.005
GP,2010-12-27,2010,361,-9.6,-15.64,0,0.0579643712014562,62.7885,8.6528771447463,139.53,180.9,30155.34,-12.62
GP,2010-12-28,2010,362,-4.31,-14.34,0,0.121928662301422,85.3245,11.770918112444,189.61,201.45,30187.03,-9.325
GP,2010-12-29,2010,363,-3.87,-16.46,0,0.145674449654456,92.1195,12.7236064889241,204.71,168.9,30223.34,-10.165
GP,2010-12-30,2010,364,0.29,-11.1,0.75,0.181500455649226,89.1855,12.3350303906964,198.19,261.87,30264.24,-5.405
GP,2010-12-31,2010,365,1.17,-6.05,1.7,0.138312413133004,70.4205,9.75431550762765,156.49,388.86,30309.69,-2.44
GP,2011-01-01,2011,1,3.73,0.09,9.64,0.0913191451597843,25.0515,3.47576278441095,55.67,614.87,30359.89,1.91
GP,2011-01-02,2011,2,3.64,-1.49,0,0.122703489258479,46.08,6.404826249216,102.4,547.5,30414.36,1.075
GP,2011-01-03,2011,3,-1.87,-8.97,0,0.11177706062341,62.1,8.64821976822,138,310.14,30473.26,-5.42
GP,2011-01-04,2011,4,-3.65,-16.93,0,0.152844410262715,87.858,12.2607545290218,195.24,162.27,30536.53,-10.29
GP,2011-01-05,2011,5,-4.71,-17.59,0,0.139378874340954,87.705,12.266501971059,194.9,153.47,30604.14,-11.15
GP,2011-01-06,2011,6,-5.82,-15.86,0,0.109978581692789,79.8075,11.1881664503055,177.35,177.5,30676.02,-10.84
GP,2011-01-07,2011,7,-5.7,-13.7,0,0.094370207182756,70.0875,9.849900191985,155.75,212.27,30752.12,-9.7
GP,2011-01-08,2011,8,-3.38,-10.42,0,0.100446398666532,63.99,9.016442538291,142.2,276.5,30832.37,-6.9
GP,2011-01-09,2011,9,-3.25,-7.96,2.19,0.073303621742741,34.668,4.8982212797472,77.04,335.44,30916.72,-5.605
GP,2011-01-10,2011,10,-3.28,-8.34,0,0.0774571344411538,49.8015,7.0565392285605,110.67,325.86,31005.1,-5.81
GP,2011-01-11,2011,11,-5.61,-11.69,0,0.0769030917016126,59.1705,8.40903611007825,131.49,249.89,31097.45,-8.65
GP,2011-01-12,2011,12,-6.35,-13.5,0,0.0830454439530269,67.869,9.6750763780077,150.82,215.67,31193.69,-9.925
GP,2011-01-13,2011,13,-4.88,-9.64,0,0.0661654651786849,48.4875,6.93431556328125,107.75,294.22,31293.75,-7.26
GP,2011-01-14,2011,14,-7.34,-14.18,0,0.0749065352096874,67.041,9.6195018572172,148.98,204.03,31397.56,-10.76
GP,2011-01-15,2011,15,-10.16,-14.33,2.38,0.041262098533537,33.4035,4.80937174517475,74.23,201.57,31505.05,-12.245
GP,2011-01-16,2011,16,-9.32,-19.29,0,0.0853674018104655,87.8175,12.6883822244963,195.15,132.74,31616.15,-14.305
GP,2011-01-17,2011,17,-13.87,-24.17,0,0.0622833810837203,90.468,13.1187302026452,201.04,86.46,31730.77,-19.02
GP,2011-01-18,2011,18,-5.93,-22.27,5.46,0.14584977976579,79.056,11.506541073192,175.68,102.35,31848.85,-14.1
GP,2011-01-19,2011,19,-7.03,-12.24,0,0.0616521078496959,56.9745,8.3242177880895,126.61,239.01,31970.3,-9.635
GP,2011-01-20,2011,20,-9.88,-18.22,1.73,0.0724098995470946,83.322,12.2211987575616,185.16,145.56,32095.04,-14.05
GP,2011-01-21,2011,21,-8.69,-18.08,1.88,0.085736876081876,90.621,13.34476780731,201.38,147.26,32223,-13.385
GP,2011-01-22,2011,22,-14.59,-23.73,0,0.0545662368318448,90.954,13.4482939315002,202.12,89.91,32354.09,-19.16
GP,2011-01-23,2011,23,-19.39,-27.45,0,0.0346308612472997,85.401,12.6795977048025,189.78,64.03,32488.25,-23.42
GP,2011-01-24,2011,24,-18.31,-31.39,0,0.0509273101795613,108.9585,16.2454929729561,242.13,44.11,32625.38,-24.85
GP,2011-01-25,2011,25,-14.16,-25.51,2.04,0.0647687883809954,78.732,11.7891662087484,174.96,76.56,32765.41,-19.835
GP,2011-01-26,2011,26,-7.61,-23.38,1.52,0.126812160992039,116.3925,17.5043551598685,258.65,92.79,32908.26,-15.495
GP,2011-01-27,2011,27,-4.42,-13.36,0,0.11168466704629,94.3155,14.2469353910331,209.59,218.28,33053.86,-8.89
GP,2011-01-28,2011,28,-3.51,-11.09,0,0.105221362987747,85.635,12.993714406134,190.3,262.24,33202.12,-7.3
GP,2011-01-29,2011,29,-6.42,-14.22,0,0.088190386500652,89.0955,13.5802058198976,197.99,203.33,33352.96,-10.32
GP,2011-01-30,2011,30,-9.96,-20.73,0,0.0856776236808295,109.2015,16.7213576439036,242.67,117.21,33506.32,-15.345
GP,2011-01-31,2011,31,-14.24,-25.5,0,0.0640641850425708,112.275,17.271914108175,249.5,76.63,33662.1,-19.87
GP,2011-02-01,2011,32,-11.05,-24.46,0,0.0902917981057327,119.916,18.53404218243,266.48,84.15,33820.25,-17.755
GP,2011-02-02,2011,33,-10.88,-23.1,16.22,0.0865632383453954,88.515,13.7456414530785,196.7,95.15,33980.67,-16.99
GP,2011-02-03,2011,34,-8.06,-23.51,0,0.121477429172515,128.6055,20.0669497657168,285.79,91.67,34143.31,-15.785
GP,2011-02-04,2011,35,-3.25,-15.26,0,0.147751758767476,119.349,18.7124821324344,265.22,186.6,34308.08,-9.255
GP,2011-02-05,2011,36,-1.21,-10.59,3.28,0.143695612256488,79.578,12.5375408530686,176.84,272.84,34474.91,-5.9
GP,2011-02-06,2011,37,1.37,-5.19,2.11,0.129983028847942,61.884,9.7975919521512,137.52,415.15,34643.74,-1.91
GP,2011-02-07,2011,38,-4.11,-7.67,5.24,0.0543512612526271,37.3545,5.94318385084185,83.01,343.23,34814.49,-5.89
GP,2011-02-08,2011,39,-10.08,-15.32,0,0.0500521375517919,72.468,11.586984393996,161.04,185.76,34987.1,-12.7
GP,2011-02-09,2011,40,-7.59,-22.57,0,0.123605544618092,138.366,22.23376341813,307.48,99.74,35161.5,-15.08
GP,2011-02-10,2011,41,-10.03,-24.38,0,0.101024972108442,137.979,22.2826383834489,306.62,84.83,35337.63,-17.205
GP,2011-02-11,2011,42,-7.01,-23.99,1.38,0.137438524215683,144.693,23.4844586714241,321.54,87.87,35515.41,-15.5
GP,2011-02-12,2011,43,-2.87,-18.48,2.68,0.176709503059018,106.5735,17.3848224684371,236.83,142.37,35694.79,-10.675
GP,2011-02-13,2011,44,-7.06,-24.53,15.27,0.138852698437048,112.1535,18.3877900375865,249.23,83.67,35875.71,-15.795
GP,2011-02-14,2011,45,-3.7,-10.58,10.06,0.096623681874511,66.114,10.894629670938,146.92,272.95,36058.1,-7.14
GP,2011-02-15,2011,46,-10.23,-21.24,0,0.0852152350302056,127.5165,21.1199877304736,283.37,112.08,36241.91,-15.735
GP,2011-02-16,2011,47,-6.05,-24.24,0,0.152225371884196,156.9015,26.1196681612734,348.67,85.91,36427.08,-15.145
GP,2011-02-17,2011,48,4.05,-8.11,10.73,0.242462627928395,101.781,17.0303962577535,226.18,331.56,36613.55,-2.03
GP,2011-02-18,2011,49,6.67,-1.38,3.97,0.213363886940653,76.3425,12.8394193642358,169.65,551.99,36801.27,2.645
GP,2011-02-19,2011,50,-3.98,-10.43,0,0.0901054270864666,88.2855,14.9242331713023,196.19,276.28,36990.18,-7.205
GP,2011-02-20,2011,51,-5.54,-15.36,0,0.110407019674434,125.334,21.2959575469674,278.52,185.11,37180.23,-10.45
GP,2011-02-21,2011,52,-9.99,-19.12,0,0.0765621482670883,121.1265,20.6868510447539,269.17,134.76,37371.37,-14.555
GP,2011-02-22,2011,53,-3.11,-17.67,0,0.167346446046278,157.761,27.0821160864612,350.58,152.44,37563.56,-10.39
GP,2011-02-23,2011,54,-1.31,-18.19,0,0.205190113234968,167.517,28.9047738726306,372.26,145.86,37756.74,-9.75
GP,2011-02-24,2011,55,-2.48,-22.64,0,0.205633734267915,176.463,30.6049363193826,392.14,99.05,37950.86,-12.56
GP,2011-02-25,2011,56,-2.63,-15.58,0,0.16154465913023,153.126,26.6939459154216,340.28,181.7,38145.88,-9.105
GP,2011-02-26,2011,57,-9.69,-19.31,0,0.0810705499511744,129.4155,22.6764224486496,287.59,132.59,38341.76,-14.5
GP,2011-02-27,2011,58,-5.35,-21.21,2.67,0.149654466597086,128.0025,22.5438920137913,284.45,112.42,38538.45,-13.28
GP,2011-02-28,2011,59,-1.81,-10.26,17.89,0.128093207685644,88.6365,15.6907087742876,196.97,280.01,38735.91,-6.035
GP,2011-03-01,2011,60,-3.47,-13.16,2.49,0.126217352209738,100.422,17.8679650799286,223.16,221.8,38934.09,-8.315
GP,2011-03-02,2011,61,-0.9,-14.98,0,0.191022362629256,169.164,30.2528960984556,375.92,191.06,39132.97,-7.94
GP,2011-03-03,2011,62,-10.74,-25.91,0,0.0987496156607643,178.2495,32.0402466644832,396.11,73.77,39332.48,-18.325
GP,2011-03-04,2011,63,-3.42,-27.57,2.69,0.206261045871715,150.8535,27.253800902642,335.23,63.3,39532.61,-15.495
GP,2011-03-05,2011,64,1.19,-6.71,27.77,0.148511727781499,88.722,16.1102495952774,197.16,369.55,39733.31,-2.76
GP,2011-03-06,2011,65,-2.8,-7.06,7.37,0.0693530161689536,52.893,9.6530197598955,117.54,359.68,39934.55,-4.93
GP,2011-03-07,2011,66,-6.99,-12.52,11.42,0.0649047126387209,69.678,12.7805338305288,154.84,233.64,40136.28,-9.755
GP,2011-03-08,2011,67,-5.14,-21.28,0,0.153274568455574,198.459,36.5852922186024,441.02,111.75,40338.48,-13.21
GP,2011-03-09,2011,68,-3.03,-21.15,10.3,0.1884950787765,155.385,28.788618223395,345.3,112.97,40541.1,-12.09
GP,2011-03-10,2011,69,0.93,-5.87,22.17,0.129886781159366,81.198,15.1191223355718,180.44,394.29,40744.13,-2.47
GP,2011-03-11,2011,70,3.21,-0.26,4.87,0.0847972219673779,45.1215,8.44359174116505,100.27,599.33,40947.51,1.475
GP,2011-03-12,2011,71,3.62,0.31,3.21,0.08341105778452,44.6085,8.38912452058935,99.13,624.64,41151.23,1.965
GP,2011-03-13,2011,72,3.39,-1.39,0,0.11346309143219,86.238,16.2984168651384,191.64,551.84,41355.24,1.0
GP,2011-03-14,2011,73,1.06,-8.78,0,0.172858501929468,165.15,31.36644510696,367,314.7,41559.52,-3.86
GP,2011-03-15,2011,74,3.24,-15.12,0,0.291285449565861,223.983,42.7497678189324,497.74,188.78,41764.04,-5.94
GP,2011-03-16,2011,75,1.69,-8.51,3.89,0.184574037396565,128.5245,24.6506493719831,285.61,321.58,41968.77,-3.41
GP,2011-03-17,2011,76,7.09,-2.3,6.18,0.245586335539886,120.6495,23.2532211478991,268.11,515.97,42173.67,2.395
GP,2011-03-18,2011,77,8.34,-0.85,0,0.261311533538084,161.8155,31.3389219163828,359.59,574.01,42378.71,3.745
GP,2011-03-19,2011,78,2.37,-9.29,0,0.211380871505118,194.724,37.8949127624784,432.72,302.39,42583.88,-3.46
GP,2011-03-20,2011,79,3.07,-13.17,0,0.270195175147181,226.188,44.2302319555308,502.64,221.67,42789.13,-5.05
GP,2011-03-21,2011,80,2.15,-8.86,7.97,0.200641890566015,141.4035,27.7836088351878,314.23,312.69,42994.44,-3.355
GP,2011-03-22,2011,81,2.92,-4.01,0,0.149783439443742,133.1865,26.2940776702929,295.97,454.06,43199.78,-0.545
GP,2011-03-23,2011,82,-0.54,-10.7,0,0.158864964622061,183.213,36.3423785122251,407.14,270.51,43405.11,-5.62
GP,2011-03-24,2011,83,2.74,-10.77,0,0.237833345400793,217.791,43.4056634087454,483.98,268.87,43610.42,-4.015
GP,2011-03-25,2011,84,-0.19,-8.35,0,0.138833692742568,160.902,32.2186322299338,357.56,325.62,43815.67,-4.27
GP,2011-03-26,2011,85,-1.36,-9.66,0,0.130295301299328,169.1775,34.034323962087,375.95,293.61,44020.84,-5.51
GP,2011-03-27,2011,86,-1.01,-14.08,0,0.181395953334264,226.521,45.7826738751036,503.38,205.75,44225.88,-7.545
GP,2011-03-28,2011,87,2.22,-8.12,0,0.193134633331907,199.089,40.4247555865494,442.42,331.28,44430.78,-2.95
GP,2011-03-29,2011,88,4.46,-4.62,0,0.203047511836172,184.6935,37.6745707474655,410.43,433.71,44635.51,-0.08
GP,2011-03-30,2011,89,7.09,-4.49,0,0.284934174885332,214.8345,44.02365739241,477.41,437.72,44840.03,1.3
GP,2011-03-31,2011,90,7.67,-8.28,0,0.360548807660988,247.347,50.9169975012549,549.66,327.28,45044.31,-0.305
GP,2011-04-01,2011,91,4.15,-3.44,2.03,0.173911168650948,122.31,25.291857217311,271.8,473.92,45248.33,0.355
GP,2011-04-02,2011,92,9.5,-2.51,0,0.33900617065163,222.9075,46.301414770791,495.35,507.95,45452.04,3.495
GP,2011-04-03,2011,93,7.42,-2.47,0,0.260639425444817,205.983,42.9773879402433,457.74,509.18,45655.43,2.475
GP,2011-04-04,2011,94,3.56,-5.68,7.62,0.194411049224084,149.706,31.374352978749,332.68,399.92,45858.45,-1.06
GP,2011-04-05,2011,95,4.88,0.34,4.31,0.119406908036623,82.1475,17.291977741701,182.55,625.83,46061.08,2.61
GP,2011-04-06,2011,96,2.71,-4.13,0,0.146484196918412,159.966,33.8205219475536,355.48,449.76,46263.28,-0.71
GP,2011-04-07,2011,97,5.48,-8.89,0,0.29493183245175,254.664,54.0766514513448,565.92,312.07,46465.01,-1.705
GP,2011-04-08,2011,98,8.71,-8.68,0,0.403823527910031,268.8975,57.3463614743437,597.55,317.28,46666.25,0.015
GP,2011-04-09,2011,99,12.03,-3.61,0,0.467846203756228,259.029,55.4793393053835,575.62,467.76,46866.95,4.21
GP,2011-04-10,2011,100,13.29,-3.73,2.36,0.530114297930718,197.4555,42.4719979342758,438.79,463.76,47067.08,4.78
GP,2011-04-11,2011,101,11.53,3.39,5.94,0.289106524080805,129.951,28.070502650262,288.78,778.84,47266.6,7.46
GP,2011-04-12,2011,102,12.14,1.61,0,0.363734602444164,208.206,45.1634621059674,462.68,685.82,47465.47,6.875
GP,2011-04-13,2011,103,7.89,-3.79,4.22,0.301090272321894,169.3215,36.8821045985733,376.27,461.64,47663.66,2.05
GP,2011-04-14,2011,104,5.59,-1.07,0,0.171665790640863,152.9235,33.4482412283424,339.83,564.91,47861.12,2.26
GP,2011-04-15,2011,105,2.54,-8.62,0,0.20749618264327,228.501,50.1843474276417,507.78,318.83,48057.81,-3.04
GP,2011-04-16,2011,106,3.41,-7.91,17.54,0.221729706245494,174.7665,38.5393973061695,388.37,336.94,48253.69,-2.25
GP,2011-04-17,2011,107,7.47,-0.76,4.6,0.227934967636063,139.05,30.787144583535,309,577.78,48448.71,3.355
GP,2011-04-18,2011,108,3.56,-1.27,0,0.115715195744338,119.628,26.5930386822864,265.84,556.72,48642.84,1.145
GP,2011-04-19,2011,109,7.38,-4.27,0,0.291085194108851,241.722,53.9476637488308,537.16,445.31,48836.02,1.555
GP,2011-04-20,2011,110,0.52,-2.8,13.06,0.0688995628835294,66.78,14.962654657566,148.4,497.03,49028.21,-1.14
GP,2011-04-21,2011,111,5.94,-1.96,3.56,0.200869288380484,142.605,32.0764891088475,316.9,528.96,49219.35,1.99
GP,2011-04-22,2011,112,10.84,-4.51,0,0.430103339499145,274.0095,61.8716201233352,608.91,437.12,49409.41,3.165
GP,2011-04-23,2011,113,6.76,-3.27,7.96,0.252466651434496,169.4835,38.4158626854804,376.63,479.9,49598.32,1.745
GP,2011-04-24,2011,114,11.13,1.03,0,0.332213754222478,223.569,50.8669113577932,496.82,657.77,49786.04,6.08
GP,2011-04-25,2011,115,14.96,-2.2,0,0.589248463783584,280.989,64.1706860486223,624.42,519.6,49972.51,6.38
GP,2011-04-26,2011,116,12.13,-0.61,12.69,0.413951894943916,189.459,43.4279052006984,421.02,584.32,50157.68,5.76
GP,2011-04-27,2011,117,7.83,3.23,4.78,0.144702401116477,87.6375,20.1619406525625,194.75,769.72,50341.5,5.53
GP,2011-04-28,2011,118,17.94,4.49,2.99,0.605373145073038,190.5345,43.9933066247669,423.41,841.16,50523.89,11.215
GP,2011-04-29,2011,119,13.42,5.13,0,0.328211224085824,191.3805,44.3468773382369,425.29,879.79,50704.81,9.275
GP,2011-04-30,2011,120,17.59,1.48,0,0.663838285209022,275.0895,63.969530751063,611.31,679.64,50884.2,9.535
GP,2011-05-01,2011,121,17.97,-1.32,0,0.751003712320848,287.406,67.0671237671316,638.68,554.36,51061.98,8.325
GP,2011-05-02,2011,122,17.45,3.29,6.69,0.60816994894782,193.941,45.4128682322007,430.98,773.17,51238.11,10.37
GP,2011-05-03,2011,123,11.61,5.2,18.36,0.239835174534684,113.7825,26.733791910033,252.85,884.31,51412.52,8.405
GP,2011-05-04,2011,124,7.14,4.02,8.22,0.0980791512030273,60.9885,14.3776756335928,135.53,814,51585.13,5.58
GP,2011-05-05,2011,125,4.9,2.04,8.97,0.0791837875403721,57.321,13.5578161240533,127.38,707.31,51755.89,3.47
GP,2011-05-06,2011,126,7.89,1.3,7.4,0.196037273729258,120.9465,28.7001170839836,268.77,671.14,51924.72,4.595
GP,2011-05-07,2011,127,10.17,2.73,3.88,0.24824700444705,135.1485,32.1732396187362,300.33,743.3,52091.56,6.45
GP,2011-05-08,2011,128,14.99,0.07,0,0.543568253867837,272.7945,65.1464565895341,606.21,613.9,52256.34,7.53
GP,2011-05-09,2011,129,17.97,2.06,0,0.673507609205925,275.6205,66.0261968303013,612.49,708.66,52418.98,10.015
GP,2011-05-10,2011,130,16.73,-1.25,0,0.671896874043629,286.659,68.8806901867383,637.02,557.44,52579.41,7.74
GP,2011-05-11,2011,131,18.48,1.45,0,0.722463494556635,279.2565,67.3037775962977,620.57,678.02,52737.55,9.965
GP,2011-05-12,2011,132,18.92,1.29,0,0.75580999506706,280.2645,67.7462662902127,622.81,670.41,52893.35,10.105
GP,2011-05-13,2011,133,20.88,3.78,7.49,0.831598342746723,205.3665,49.7856490780635,456.37,800.35,53046.7,12.33
GP,2011-05-14,2011,134,13.36,9.01,4,0.190580224834747,77.8545,18.9274257600908,173.01,1148.26,53197.55,11.185
GP,2011-05-15,2011,135,13.58,7.03,1.82,0.274025478154609,153.126,37.3306483922724,340.28,1003.64,53345.82,10.305
GP,2011-05-16,2011,136,6.7,4.78,7.78,0.0606308819880799,41.841,10.2282746842854,92.98,858.66,53491.42,5.74
GP,2011-05-17,2011,137,11.01,4.12,2.59,0.245558080176009,124.389,30.4888210589844,276.42,819.92,53634.28,7.565
GP,2011-05-18,2011,138,18.47,7.21,1.74,0.552447167803025,227.916,56.0100475812384,506.48,1015.82,53774.32,12.84
GP,2011-05-19,2011,139,19.18,10.21,2,0.486008397400897,145.2645,35.7895952549469,322.81,1244.46,53911.46,14.695
GP,2011-05-20,2011,140,24.36,12.41,1.73,0.80098723379382,223.3125,55.1556156992625,496.25,1439.72,54045.62,18.385
GP,2011-05-21,2011,141,19.39,9.1,0,0.545177681699725,208.1565,51.5369704242276,462.57,1155.27,54176.72,14.245
GP,2011-05-22,2011,142,17.6,7.36,11.02,0.490301250014025,158.139,39.2457404296287,351.42,1026.76,54304.69,12.48
GP,2011-05-23,2011,143,20.37,11.46,8.28,0.516125143884802,139.752,34.7622611752152,310.56,1353.12,54429.43,15.915
GP,2011-05-24,2011,144,22.78,12.59,6.78,0.653995905034147,151.0065,37.6455530964874,335.57,1457.06,54550.89,17.685
GP,2011-05-25,2011,145,17.82,5.12,0,0.578463243341919,239.652,59.8739829528708,532.56,879.24,54668.97,11.47
GP,2011-05-26,2011,146,14.85,6.64,9.63,0.35418917378556,137.0835,34.320369271842,304.63,976.75,54783.6,10.745
GP,2011-05-27,2011,147,11.86,7.51,5.96,0.174626635118779,78.687,19.7401152091689,174.86,1037.07,54894.71,9.685
GP,2011-05-28,2011,148,16.01,8.87,8.48,0.338855461571551,122.1975,30.7155757830908,271.55,1137.22,55002.21,12.44
GP,2011-05-29,2011,149,19.59,12.97,8.97,0.389446511168283,111.2085,28.0061433432554,247.13,1494.02,55106.03,16.28
GP,2011-05-30,2011,150,25.25,12.5,0,0.879320596642805,207.1485,52.2618838827345,460.33,1448.69,55206.1,18.875
GP,2011-05-31,2011,151,25.2,10.69,0,0.95683793427539,221.4315,55.9627681750942,492.07,1284.87,55302.35,17.945
GP,2011-06-01,2011,152,29.88,13.83,0,1.31247157862829,221.5845,56.0949535428255,492.41,1580.31,55394.7,21.855
GP,2011-06-02,2011,153,14.04,9.05,0,0.223324838586074,109.6515,27.802984477127,243.67,1151.64,55483.09,11.545
GP,2011-06-03,2011,154,20.91,8.09,0,0.694062624541516,213.3585,54.1809501583703,474.13,1078.99,55567.45,14.5
GP,2011-06-04,2011,155,20.33,2.73,0,0.819111393415445,239.715,60.9619299681105,532.7,743.19,55647.71,11.53
GP,2011-06-05,2011,156,22.67,8.54,0,0.817602253792425,216.216,55.0611032955984,480.48,1112.2,55723.82,15.605
GP,2011-06-06,2011,157,25.19,9.54,0,1.00302485044195,221.2425,56.4138274294148,491.65,1190.24,55795.71,17.365
GP,2011-06-07,2011,158,24.53,13.08,1.75,0.783461726748908,187.7985,47.9440879936614,417.33,1505.06,55863.32,18.805
GP,2011-06-08,2011,159,30.57,14.13,0,1.38188021868669,217.5255,55.5961695822463,483.39,1611.34,55926.61,22.35
GP,2011-06-09,2011,160,24.97,14.95,9.2,0.727130527607063,129.2265,33.0630944972796,287.17,1699.17,55985.52,19.96
GP,2011-06-10,2011,161,22.15,9.35,0,0.74325064703468,208.305,53.3474842344615,462.9,1175,56039.99,15.75
GP,2011-06-11,2011,162,23.18,8.13,5.18,0.875922205994808,168.201,43.1151733045143,373.78,1081.75,56089.99,15.655
GP,2011-06-12,2011,163,13.77,11.17,15.88,0.121562162976808,44.784,11.4888490069824,99.52,1327.07,56135.48,12.47
GP,2011-06-13,2011,164,14.2,10.28,2.93,0.182281217023726,64.593,16.5827150296641,143.54,1250.48,56176.41,12.24
GP,2011-06-14,2011,165,24.03,8.28,2.34,0.945140096687161,171.324,44.01181083717,380.72,1092.53,56212.75,16.155
GP,2011-06-15,2011,166,28.93,11.28,0,1.32246942008004,228.051,58.6175968598229,506.78,1336.59,56244.47,20.105
GP,2011-06-16,2011,167,29.96,10.73,0,1.47580210388194,231.741,59.5947328867098,514.98,1281.26,56271.54,20.345
GP,2011-06-17,2011,168,27.65,13.38,3.16,1.08005739155007,154.755,39.812782889079,343.9,1534.8,56293.94,20.515
GP,2011-06-18,2011,169,25.15,13.33,0,0.828871380004556,187.3395,48.2107413431498,416.31,1529.96,56311.65,19.24
GP,2011-06-19,2011,170,20.63,7.18,0,0.705959135207327,209.1825,53.8443391207163,464.85,1013.59,56324.65,13.905
GP,2011-06-20,2011,171,23.46,8.39,0,0.890420456600775,217.062,55.8807647240862,482.36,1101.03,56332.93,15.925
GP,2011-06-21,2011,172,26.48,7.64,0.6,1.20236981514164,232.614,59.8882792218102,516.92,1046.2,56336.49,17.06
GP,2011-06-22,2011,173,26.62,8.36,0,1.19041627688877,228.258,58.7655727495992,507.24,1098.67,56335.32,17.49
GP,2011-06-23,2011,174,19.13,13.9,33.26,0.310144537281196,69.8715,17.9867022877521,155.27,1587.81,56329.42,16.515
GP,2011-06-24,2011,175,13.51,11.88,25.76,0.0769302373336216,29.25,7.528274793,65,1390.37,56318.8,12.695
GP,2011-06-25,2011,176,15.77,11.26,11.04,0.225841752211837,64.674,16.6410607722228,143.72,1334.88,56303.46,13.515
GP,2011-06-26,2011,177,22.7,13.62,1.52,0.596100358721819,153.7875,39.5564941194413,341.75,1558.88,56283.43,18.16
GP,2011-06-27,2011,178,27.62,10.32,0,1.21789386832338,222.3135,57.1573132159235,494.03,1253.72,56258.71,18.97
GP,2011-06-28,2011,179,26.11,11.34,16.11,1.01705601694855,154.2375,39.6341077764488,342.75,1341.7,56229.33,18.725
GP,2011-06-29,2011,180,22.26,16.29,3.32,0.413234743824251,76.788,19.7201268809712,170.64,1851.35,56195.32,19.275
GP,2011-06-30,2011,181,20.11,12.68,0,0.44056075114142,130.4865,33.4875489418935,289.97,1466.14,56156.7,16.395
GP,2011-07-01,2011,182,25.89,12.7,0,0.93199830587664,196.497,50.389434251415,436.66,1467.7,56113.5,19.295
GP,2011-07-02,2011,183,28.33,12.6,0,1.19286521469426,210.375,53.9024021823375,467.5,1458.69,56065.77,20.465
GP,2011-07-03,2011,184,28.99,16.58,4.75,1.05375822552682,135.2295,34.6163075239433,300.51,1886.16,56013.55,22.785
GP,2011-07-04,2011,185,29.47,15.23,0,1.18896180086886,197.505,50.5065505547295,438.9,1729.37,55956.87,22.35
GP,2011-07-05,2011,186,29.14,11.2,0,1.35012968676864,222.3225,56.7908953992968,494.05,1329.75,55895.79,20.17
GP,2011-07-06,2011,187,23.85,14.4,22.9,0.65452713545249,116.145,29.6337811234275,258.1,1639.84,55830.35,19.125
GP,2011-07-07,2011,188,23.18,11.8,0,0.724242321010609,179.9865,45.865237635166,399.97,1383.88,55760.61,17.49
GP,2011-07-08,2011,189,24.1,9.25,6.49,0.913917997268152,158.6295,40.3692809409153,352.51,1167.01,55686.62,16.675
GP,2011-07-09,2011,190,24.71,12.31,0,0.837277548706875,188.352,47.8660012713216,418.56,1430.92,55608.44,18.51
GP,2011-07-10,2011,191,26.5,10.69,0,1.08463519997104,213.4305,54.1589412323439,474.29,1285.16,55526.14,18.595
GP,2011-07-11,2011,192,28.7,15.92,12.71,1.06027629976724,138.591,35.1133872934086,307.98,1807.57,55439.78,22.31
GP,2011-07-12,2011,193,28.58,17.86,5.38,0.927765017457717,119.9925,30.3517248266295,266.65,2044.59,55349.42,23.22
GP,2011-07-13,2011,194,25.41,13.37,0,0.852461304954576,178.362,45.0392488215642,396.36,1533.23,55255.13,19.39
GP,2011-07-14,2011,195,26.89,10.53,0,1.13181766759684,212.9175,53.6695603414155,473.15,1271.31,55156.98,18.71
GP,2011-07-15,2011,196,28.51,9.83,0,1.33608508900639,223.3125,56.1857672934,496.25,1213.59,55055.04,19.17
GP,2011-07-16,2011,197,30.07,11.93,0,1.42873670924723,217.971,54.7365868774686,484.38,1394.94,54949.38,21.0
GP,2011-07-17,2011,198,31,16.26,4.25,1.31738700387021,144.5175,36.2188618690477,321.15,1848.23,54840.09,23.63
GP,2011-07-18,2011,199,28.81,17.2,0,0.995324033258565,166.725,41.698488598065,370.5,1961.61,54727.22,23.005
GP,2011-07-19,2011,200,26.19,12.08,0,0.990727555629235,195.606,48.8177172360954,434.68,1409.58,54610.87,19.135
GP,2011-07-20,2011,201,30.58,13.12,7.26,1.43450423618852,158.5485,39.482440755026,352.33,1508.83,54491.11,21.85
GP,2011-07-21,2011,202,30.76,17.88,53.19,1.18697181589505,132.129,32.8290099253353,293.62,2047.76,54368.01,24.32
GP,2011-07-22,2011,203,32.12,19.9,0,1.22779882719266,167.9445,41.6308192981659,373.21,2322.21,54241.66,26.01
GP,2011-07-23,2011,204,30.74,16.9,0,1.24620881658126,184.2705,45.568700477824,409.49,1924.65,54112.13,23.82
GP,2011-07-24,2011,205,26.07,13.31,0,0.919494479258507,179.397,44.254784852055,398.66,1527.86,53979.5,19.69
GP,2011-07-25,2011,206,25.72,11.01,15.47,0.992695688817127,146.0565,35.9395963482892,324.57,1313.01,53843.85,18.365
GP,2011-07-26,2011,207,20.39,14.53,13.52,0.367130954647697,70.0065,17.1819111880453,155.57,1653.66,53705.27,17.46
GP,2011-07-27,2011,208,23.25,13.47,0,0.650756075840672,148.536,36.3596309435664,330.08,1543.27,53563.82,18.36
GP,2011-07-28,2011,209,25.78,12.68,0,0.921960723719003,182.4255,44.5350860490407,405.39,1465.95,53419.59,19.23
GP,2011-07-29,2011,210,25.19,14.74,4.48,0.75987693944709,114.678,27.9190536129036,254.84,1675.85,53272.66,19.965
GP,2011-07-30,2011,211,25.81,15.42,0,0.781496655381998,150.174,36.4581343396098,333.72,1751.61,53123.11,20.615
GP,2011-07-31,2011,212,26.76,10.59,9.38,1.11521317905316,151.8885,36.7687907433994,337.53,1276.99,52971.01,18.675
GP,2011-08-01,2011,213,25.44,15.05,15.51,0.766601729291827,112.977,27.2693810813427,251.06,1709.95,52816.43,20.245
GP,2011-08-02,2011,214,24.01,13.95,1.17,0.692806666800645,148.941,35.8432075276002,330.98,1592.31,52659.46,18.98
GP,2011-08-03,2011,215,22.98,12.24,0,0.687539441564821,159.3,38.22017626017,354,1423.85,52500.17,17.61
GP,2011-08-04,2011,216,25.07,15.08,0,0.7298589775574,148.9995,35.6388305414076,331.11,1713,52338.64,20.075
GP,2011-08-05,2011,217,27.02,13.37,0,1.01330980500136,183.4965,43.7528008853447,407.77,1534.05,52174.93,20.195
GP,2011-08-06,2011,218,29.21,14.16,14.38,1.21553511149095,142.506,33.8710717745946,316.68,1614.6,52009.13,21.685
GP,2011-08-07,2011,219,23.36,18.38,5.42,0.37519974904018,58.914,13.9575923589042,130.92,2112.27,51841.29,20.87
GP,2011-08-08,2011,220,26.03,16.34,0,0.750782107556972,143.523,33.8913359748639,318.94,1857.01,51671.49,21.185
GP,2011-08-09,2011,221,25.07,11.18,29.98,0.922559109993282,141.741,33.3593299812897,314.98,1328.04,51499.81,18.125
GP,2011-08-10,2011,222,24.21,15.9,12.56,0.604179543468339,96.417,22.615686352647,214.26,1805.28,51326.3,20.055
GP,2011-08-11,2011,223,22.04,14.43,3.82,0.500081690328767,91.242,21.3287488162182,202.76,1642.7,51151.03,18.235
GP,2011-08-12,2011,224,23.41,12.63,0,0.705891126035838,161.541,37.6312182453459,358.98,1460.8,50974.07,18.02
GP,2011-08-13,2011,225,25.98,13.34,21.42,0.909660520662959,133.065,30.889089496134,295.7,1530.24,50795.48,19.66
GP,2011-08-14,2011,226,23.06,15.2,2.43,0.542278597613611,95.256,22.0338614063736,211.68,1726.73,50615.33,19.13
GP,2011-08-15,2011,227,22.58,15.84,4.36,0.466042012657299,84.987,19.5879628471653,188.86,1798.71,50433.67,19.21
GP,2011-08-16,2011,228,25.22,14.89,0,0.754571404472105,159.9435,36.7302418355732,355.43,1692.14,50250.57,20.055
GP,2011-08-17,2011,229,24,8.68,1.29,0.927063476498626,203.4945,46.5599456586792,452.21,1122.91,50066.08,16.34
GP,2011-08-18,2011,230,26.74,12.77,4.21,1.01458523995659,142.119,32.3964158113575,315.82,1474.26,49880.25,19.755
GP,2011-08-19,2011,231,27.21,13.61,0,1.02200535447987,186.1965,42.2848045693458,413.77,1557.39,49693.16,20.41
GP,2011-08-20,2011,232,27.95,12.87,18.63,1.13835745612201,145.431,32.9018904242028,323.18,1484.08,49504.84,20.41
GP,2011-08-21,2011,233,18.65,16.42,37.71,0.138335458030086,32.7105,7.37200298571975,72.69,1866.3,49315.35,17.535
GP,2011-08-22,2011,234,20.34,12.76,3.01,0.453293197559148,97.92,21.9830505264,217.6,1474.07,49124.75,16.55
GP,2011-08-23,2011,235,20.27,6.88,1.09,0.689580174398922,194.04,43.392035033424,431.2,993.02,48933.08,13.575
GP,2011-08-24,2011,236,24.67,12.78,1.95,0.811250413300322,175.878,39.175703805384,390.84,1475.6,48740.4,18.725
GP,2011-08-25,2011,237,24.44,17.05,3.28,0.556120283332222,90.909,20.1689436310362,202.02,1942.68,48546.74,20.745
GP,2011-08-26,2011,238,22.52,12.44,0,0.638907352230064,158.265,34.971717532968,351.7,1443.37,48352.16,17.48
GP,2011-08-27,2011,239,24.67,9.5,0,0.95639525690562,196.1415,43.166069058505,435.87,1186.44,48156.71,17.085
GP,2011-08-28,2011,240,17.82,12.7,58.98,0.283369773871169,68.4945,15.0125641937433,152.21,1467.87,47960.42,15.26
GP,2011-08-29,2011,241,22.03,11.73,0,0.632158082911992,159.948,34.913211037506,355.44,1377.22,47763.35,16.88
GP,2011-08-30,2011,242,21.55,9.27,5.51,0.698465573558651,134.478,29.2320781134192,298.84,1168.75,47565.52,15.41
GP,2011-08-31,2011,243,20.18,8.34,0,0.630570379261205,176.0985,38.1195394105136,391.33,1097.39,47366.99,14.26
GP,2011-09-01,2011,244,23.45,9.57,0,0.843993837449233,185.643,40.0166110780929,412.54,1192.15,47167.79,16.51
GP,2011-09-02,2011,245,25.37,12.43,15.16,0.893830184877555,131.0355,28.1259284601906,291.19,1442.36,46967.96,18.9
GP,2011-09-03,2011,246,26.29,18,5.3,0.673500448050108,93.8745,20.0635813022108,208.61,2062.99,46767.55,22.145
GP,2011-09-04,2011,247,19.77,14.05,25.13,0.347969010062118,72.945,15.5233689103305,162.1,1602.6,46566.57,16.91
GP,2011-09-05,2011,248,17.49,14.32,9.8,0.180690235712852,43.74,9.268001297262,97.2,1631.09,46365.09,15.905
GP,2011-09-06,2011,249,17.95,11.08,0,0.366240802021057,118.1835,24.9326362528164,262.63,1319.13,46163.12,14.515
GP,2011-09-07,2011,250,18.59,9.26,0,0.484035657847706,149.508,31.402719973692,332.24,1167.97,45960.7,13.925
GP,2011-09-08,2011,251,23.03,10.77,0,0.757809364712847,171.3105,35.8233402289518,380.69,1291.96,45757.88,16.9
GP,2011-09-09,2011,252,25.03,9.48,0,0.990656932740937,185.6745,38.6546164273616,412.61,1185.05,45554.67,17.255
GP,2011-09-10,2011,253,18.04,5.65,0,0.575897596386898,172.719,35.7968104354296,383.82,912.46,45351.12,11.845
GP,2011-09-11,2011,254,20.73,3.44,0,0.829775734509272,193.194,39.860352621405,429.32,781.39,45147.25,12.085
GP,2011-09-12,2011,255,21.13,9.85,0,0.643076889736773,157.068,32.260191336756,349.04,1214.7,44943.1,15.49
GP,2011-09-13,2011,256,20.98,11.72,6.26,0.550333183488547,101.628,20.7784353940524,225.84,1376.32,44738.69,16.35
GP,2011-09-14,2011,257,16.3,5.5,3.96,0.473321006151321,115.2855,23.4629856483214,256.19,902.7,44534.07,10.9
GP,2011-09-15,2011,258,14.39,6.87,4.66,0.32139002128586,88.3395,17.8962286763138,196.31,992.67,44329.25,10.63
GP,2011-09-16,2011,259,12.89,3.63,0,0.34623563957068,140.8365,28.3993864259774,312.97,791.83,44124.27,8.26
GP,2011-09-17,2011,260,18.77,1.71,0,0.735136625554299,185.6115,37.2541968126193,412.47,691.15,43919.17,10.24
GP,2011-09-18,2011,261,19.17,2.12,0,0.75249384137853,183.438,36.645913989657,407.64,711.37,43713.95,10.645
GP,2011-09-19,2011,262,18.67,2.54,6.6,0.707654461732165,134.073,26.6583542619987,297.94,732.95,43508.67,10.605
GP,2011-09-20,2011,263,17.94,7.97,3.23,0.490523518317508,101.8215,20.1500944245117,226.27,1070.04,43303.34,12.955
GP,2011-09-21,2011,264,19.23,6.01,1.58,0.644044919948487,158.4045,31.19901133437,352.01,935.6,43098,12.62
GP,2011-09-22,2011,265,21.04,10.31,3.67,0.616397820234383,102.5505,20.1019026161538,227.89,1253.44,42892.68,15.675
GP,2011-09-23,2011,266,23.03,12.2,0,0.693635165936827,134.64,26.265755966472,299.2,1420.13,42687.39,17.615
GP,2011-09-24,2011,267,25.12,14.2,0,0.781376683245927,130.824,25.3986374335824,290.72,1619.01,42482.18,19.66
GP,2011-09-25,2011,268,25.47,12.39,0,0.905565727731069,144.774,27.9712358320626,321.72,1438.37,42277.07,18.93
GP,2011-09-26,2011,269,23.84,10.44,0,0.842195270753848,147.7485,28.407523025398,328.33,1263.88,42072.09,17.14
GP,2011-09-27,2011,270,22.34,7.98,0,0.811168730816538,151.911,29.0656587004056,337.58,1070.65,41867.28,15.16
GP,2011-09-28,2011,271,19.65,8.08,6.5,0.602376100280762,100.8855,19.2084287539478,224.19,1077.89,41662.65,13.865
GP,2011-09-29,2011,272,16.61,13.97,28.69,0.144422574787683,28.431,5.3866567412775,63.18,1595.05,41458.25,15.29
GP,2011-09-30,2011,273,18.5,11.73,0,0.373491581447558,88.92,16.764193530396,197.6,1376.88,41254.09,15.115
GP,2011-10-01,2011,274,7.97,4.6,3.23,0.110338687303066,38.0565,7.1393805772551,84.57,848.03,41050.22,6.285
GP,2011-10-02,2011,275,11.13,5.52,12.93,0.208448780399027,60.39,11.272957933941,134.2,904.29,40846.67,8.325
GP,2011-10-03,2011,276,12.73,8.85,5.69,0.1659494822582,42.3765,7.8710370528933,94.17,1135.88,40643.46,10.79
GP,2011-10-04,2011,277,13.65,9.37,2.57,0.190664281526129,45.828,8.4696412857948,101.84,1176.83,40440.63,11.51
GP,2011-10-05,2011,278,13.16,5.14,0,0.315054530166665,105.912,19.4760114896664,235.36,880.34,40238.21,9.15
GP,2011-10-06,2011,279,10.46,-1.88,0,0.36626782280224,140.418,25.6916659798224,312.04,532.12,40036.24,4.29
GP,2011-10-07,2011,280,15.53,-1.28,0,0.602760386896299,154.062,28.046187133065,342.36,555.94,39834.75,7.125
GP,2011-10-08,2011,281,23.66,3.17,0,1.07538872573173,154.8405,28.0456913300404,344.09,766.79,39633.77,13.415
GP,2011-10-09,2011,282,24.84,7.96,0,1.03079365887398,142.9875,25.7678359283813,317.75,1069.27,39433.35,16.4
GP,2011-10-10,2011,283,19.91,9.32,0,0.573551406047149,113.6205,20.3718359673612,252.49,1172.36,39233.52,14.615
GP,2011-10-11,2011,284,16.5,2.66,0,0.567161298379868,135.261,24.1287826898664,300.58,739.21,39034.32,9.58
GP,2011-10-12,2011,285,17.05,2.92,0,0.593436207593577,134.0955,23.7992042500443,297.99,753.08,38835.78,9.985
GP,2011-10-13,2011,286,15.47,8.08,0,0.337885136206274,85.4145,15.0821021938568,189.81,1077.77,38637.95,11.775
GP,2011-10-14,2011,287,16.25,11.69,50,0.234767716135575,40.743,7.1575173944937,90.54,1373,38440.87,13.97
GP,2011-10-15,2011,288,14.55,8.85,6.11,0.258504114135395,50.7015,8.86149079095735,112.67,1135.58,38244.57,11.7
GP,2011-10-16,2011,289,12.47,6.48,1.65,0.238796772339796,71.478,12.4289114805306,158.84,965.99,38049.11,9.475
GP,2011-10-17,2011,290,9.56,3.89,1.71,0.191437741186118,70.2585,12.1543834067429,156.13,806.99,37854.53,6.725
GP,2011-10-18,2011,291,12.05,5.12,1.35,0.262449623100197,83.844,14.4304055881596,186.32,879.33,37660.87,8.585
GP,2011-10-19,2011,292,13.54,1.28,3.91,0.439125976755137,91.8495,15.7273515470187,204.11,670.18,37468.18,7.41
GP,2011-10-20,2011,293,9.87,6.66,12.69,0.118335563211077,31.545,5.373804469725,70.1,978.16,37276.5,8.265
GP,2011-10-21,2011,294,11.25,7.51,2.6,0.147581746197271,36.423,6.173063392149,80.94,1036.71,37085.9,9.38
GP,2011-10-22,2011,295,10.53,5.71,0,0.176527465511805,62.0415,10.461223562742,137.87,916.36,36896.4,8.12
GP,2011-10-23,2011,296,9.48,2.86,0,0.216988090652909,82.5525,13.848671048094,183.45,749.99,36708.08,6.17
GP,2011-10-24,2011,297,13.27,0.4,3.74,0.446343913839871,90.648,15.1292267007192,201.44,628.89,36520.97,6.835
GP,2011-10-25,2011,298,11.44,4.92,0.93,0.240914382329986,79.4925,13.1998560021765,176.65,867.08,36335.14,8.18
GP,2011-10-26,2011,299,7.31,-0.77,0,0.222658448821807,95.4945,15.7764959220636,212.21,577.23,36150.64,3.27
GP,2011-10-27,2011,300,4.63,-3.91,0,0.196437849632789,99.9585,16.4303352199944,222.13,457.23,35967.52,0.36
GP,2011-10-28,2011,301,5.22,-3.43,0,0.205823769679682,99.7425,16.3120261145985,221.65,474.03,35785.86,0.895
GP,2011-10-29,2011,302,6.17,-6.24,0,0.281437406805966,115.911,18.8608064805063,257.58,383.13,35605.69,-0.035
GP,2011-10-30,2011,303,7.62,-1.71,0,0.252676341165977,98.6715,15.975093586973,219.27,538.92,35427.09,2.955
GP,2011-10-31,2011,304,8.39,-5.45,0,0.346740569649957,115.119,18.5448758996979,255.82,407.18,35250.13,1.47
GP,2011-11-01,2011,305,10.6,-2.42,0,0.382516476055435,109.4895,17.5502979960728,243.31,511.39,35074.85,4.09
GP,2011-11-02,2011,306,13.04,-2.24,0,0.490630987508833,112.1355,17.8855088722826,249.19,518.1,34901.33,5.4
GP,2011-11-03,2011,307,8.47,2.02,2.37,0.199818636438552,49.428,7.8449358129948,109.84,706.44,34729.63,5.245
GP,2011-11-04,2011,308,5.39,-3.87,0,0.218640101804864,87.147,13.7638557752778,193.66,458.79,34559.82,0.76
GP,2011-11-05,2011,309,7.58,-5.08,0,0.311549241630646,101.8395,16.0062469016846,226.31,418.7,34391.97,1.25
GP,2011-11-06,2011,310,9.41,-6.67,0,0.404249454962555,108.945,17.0404693566975,242.1,370.75,34226.15,1.37
GP,2011-11-07,2011,311,11.73,-2.99,0,0.443056874811461,104.5035,16.2675692115179,232.23,489.89,34062.43,4.37
GP,2011-11-08,2011,312,13.23,-2.08,0,0.49679424317931,103.734,16.0711996586544,230.52,524.37,33900.88,5.575
GP,2011-11-09,2011,313,11.51,5.18,0,0.236097503889041,60.5385,9.3349774085931,134.53,882.94,33741.58,8.345
GP,2011-11-10,2011,314,9.42,2.47,10.9,0.224832224798628,49.86,7.652591394318,110.8,729.53,33584.59,5.945
GP,2011-11-11,2011,315,6.41,0.28,0,0.168933091648849,61.0515,9.32714901765,135.67,623.26,33430,3.345
GP,2011-11-12,2011,316,3.49,-1.03,1.59,0.108902671466161,46.8855,7.1303426953218,104.19,566.53,33277.88,1.23
GP,2011-11-13,2011,317,8.38,-0.87,2.57,0.26317054569944,59.9985,9.08355550743495,133.33,573.22,33128.31,3.755
GP,2011-11-14,2011,318,15.78,5.04,5.48,0.457492989798521,61.7985,9.3145674921372,137.33,874.15,32981.36,10.41
GP,2011-11-15,2011,319,11.86,2.94,0,0.316388489809997,73.935,11.095102975104,164.3,754.32,32837.12,7.4
GP,2011-11-16,2011,320,7.79,-1.39,0,0.252349431163374,75.375,11.2624662076875,167.5,551.74,32695.65,3.2
GP,2011-11-17,2011,321,5.36,-2.77,1.57,0.197874683020743,68.8725,10.2472443973913,153.05,498.25,32557.05,1.295
GP,2011-11-18,2011,322,1.8,-3.74,0,0.116239750896103,51.1425,7.5775646497905,113.65,463.41,32421.38,-0.97
GP,2011-11-19,2011,323,7.07,-2.81,0.82,0.254508463349587,76.23,11.248460387703,169.4,496.79,32288.73,2.13
GP,2011-11-20,2011,324,7.03,-1.27,0,0.22317014183646,66.3615,9.7529806057149,147.47,556.65,32159.18,2.88
GP,2011-11-21,2011,325,-2.14,-10.06,0,0.11929829390664,64.854,9.4939732790118,144.12,284.61,32032.81,-6.1
GP,2011-11-22,2011,326,0.8,-12.97,1.53,0.211502718099261,95.886,13.9827948865038,213.08,225.25,31909.69,-6.085
GP,2011-11-23,2011,327,-1.48,-6.59,2.58,0.0881132395085034,36.4005,5.2882589251215,80.89,373,31789.9,-4.035
GP,2011-11-24,2011,328,2.41,-4.36,0,0.142445550237578,60.633,8.7765074303193,134.74,442.12,31673.53,-0.975
GP,2011-11-25,2011,329,5.49,0.03,0,0.144968282412588,49.338,7.1161245733824,109.64,612.04,31560.64,2.76
GP,2011-11-26,2011,330,5.63,1.52,0,0.114693350502829,34.2855,4.9279417396002,76.19,681.41,31451.32,3.575
GP,2011-11-27,2011,331,8.98,0.76,8,0.249659620446211,45.5805,6.5293872441714,101.29,645.48,31345.64,4.87
GP,2011-11-28,2011,332,8.43,0.05,2.02,0.245137301441029,46.3725,6.621233307156,103.05,612.97,31243.68,4.24
GP,2011-11-29,2011,333,4.64,-3.45,25.3,0.188456912265061,45.6615,6.49922872123305,101.47,473.52,31145.51,0.595
GP,2011-11-30,2011,334,9.19,1.19,2.74,0.248036891491074,44.532,6.3192661803756,98.96,665.4,31051.19,5.19
GP,2011-12-01,2011,335,0.74,-4.78,1.91,0.108316706005443,45.954,6.502070796624,102.12,428.43,30960.8,-2.02
GP,2011-12-02,2011,336,-0.16,-4.46,3.1,0.0828575091703791,28.1295,3.96896144255415,62.51,438.81,30874.41,-2.31
GP,2011-12-03,2011,337,-1.27,-9.85,0,0.134180338265389,65.079,9.1579042286424,144.62,289.37,30792.08,-5.56
GP,2011-12-04,2011,338,5.63,-6.72,2.13,0.270826984654901,63.2115,8.8725198450834,140.47,369.5,30713.88,-0.545
GP,2011-12-05,2011,339,6.38,1.21,12.64,0.146453562063913,31.8465,4.4592794178093,70.77,666.36,30639.86,3.795
GP,2011-12-06,2011,340,-0.49,-2.59,2.32,0.042554593211281,15.048,2.102286212136,33.44,504.88,30570.1,-1.54
GP,2011-12-07,2011,341,-0.57,-2.72,2.06,0.0432388496496923,15.732,2.1931376949612,34.96,500.06,30504.63,-1.645
GP,2011-12-08,2011,342,-0.37,-7.2,0,0.119715263262378,58.3605,8.1195146537472,129.69,356.01,30443.52,-3.785
GP,2011-12-09,2011,343,0.43,-6.55,3.97,0.128382826543474,49.023,6.8077123208991,108.94,374.23,30386.81,-3.06
GP,2011-12-10,2011,344,-2.38,-11.14,0,0.126456097714452,75.015,10.3992464459025,166.7,261.15,30334.55,-6.76
GP,2011-12-11,2011,345,-1.11,-15.26,0,0.188811930138739,87.4935,12.110034480606,194.43,186.72,30286.8,-8.185
GP,2011-12-12,2011,346,1.86,-7.27,0,0.172589181613183,73.5615,10.1671640517163,163.47,354.03,30243.57,-2.705
GP,2011-12-13,2011,347,1.73,-3.22,1.66,0.105352849403344,47.3895,6.5414799774738,105.31,481.74,30204.92,-0.745
GP,2011-12-14,2011,348,0.77,-1.65,10.9,0.0526047432180251,19.017,2.6220814860672,42.26,541.15,30170.88,-0.44
GP,2011-12-15,2011,349,6.24,-0.94,19.45,0.189815684943017,42.7815,5.89300265553885,95.07,570.32,30141.47,2.65
GP,2011-12-16,2011,350,2.87,-5.48,0,0.172366335814364,63.4815,8.7371753423076,141.07,406.29,30116.72,-1.305
GP,2011-12-17,2011,351,-8.45,-14.63,0,0.064027280567262,53.6445,7.3783576675809,119.21,196.66,30096.66,-11.54
GP,2011-12-18,2011,352,-7.86,-18.42,0,0.0984602971825721,71.973,9.8942359312269,159.94,143.02,30081.29,-13.14
GP,2011-12-19,2011,353,-0.82,-13.03,3.52,0.17617699518444,62.0505,8.5271549902524,137.89,224.15,30070.64,-6.925
GP,2011-12-20,2011,354,-6.24,-14.55,0,0.0933990320042496,71.01,9.756470410947,157.8,198.02,30064.71,-10.395
GP,2011-12-21,2011,355,-0.97,-15.39,2.66,0.192769957809172,64.314,8.83611300123,142.92,184.66,30063.5,-8.18
GP,2011-12-22,2011,356,1.25,-4.98,1.81,0.123752487924852,57.6855,7.92635268192705,128.19,421.82,30067.03,-1.865
GP,2011-12-23,2011,357,-4.52,-14.93,2.2,0.123331752925213,59.1345,8.1276839683812,131.41,191.78,30075.28,-9.725
GP,2011-12-24,2011,358,-13.97,-22.66,0,0.055278761179922,73.242,10.071016881705,162.76,98.87,30088.25,-18.315
GP,2011-12-25,2011,359,-8.11,-22,6.46,0.114217830176475,64.8225,8.91854532873225,144.05,104.88,30105.93,-15.055
GP,2011-12-26,2011,360,-0.3,-13.82,0,0.194191241979892,84.816,11.678003850096,188.48,210.25,30128.3,-7.06
GP,2011-12-27,2011,361,1.53,-4.3,15.47,0.119451656402155,39.357,5.4237843838566,87.46,444.01,30155.34,-1.385
GP,2011-12-28,2011,362,0.42,-12.11,2.45,0.194579024966283,62.415,8.6104442919465,138.7,241.54,30187.03,-5.845
GP,2011-12-29,2011,363,-13.39,-20.72,0,0.0511013220748001,64.7145,8.9384096974851,143.81,117.31,30223.34,-17.055
GP,2011-12-30,2011,364,-6.85,-27.28,1.73,0.151068156539896,91.7865,12.6947683979532,203.97,65.05,30264.24,-17.065
GP,2011-12-31,2011,365,-2.45,-10.46,1.68,0.117959846757652,66.276,9.1802389159908,147.28,275.59,30309.69,-6.455
GP,2012-01-01,2012,1,2.87,-5.4,6.12,0.171194903774691,44.6265,6.19169023405845,99.17,408.7,30359.89,-1.265
GP,2012-01-02,2012,2,2.12,-8.6,0,0.196514030545553,72.3555,10.0569532481586,160.79,319.27,30414.36,-3.24
GP,2012-01-03,2012,3,-14.72,-20.17,0,0.037024560509588,43.767,6.0951148888194,97.26,123.01,30473.26,-17.445
GP,2012-01-04,2012,4,-13.78,-24.52,3.39,0.064451449422667,56.7495,7.91950293820395,126.11,83.72,30536.53,-19.15
GP,2012-01-05,2012,5,-4.85,-17.84,0,0.138651183851112,83.79,11.718946470042,186.2,150.32,30604.14,-11.345
GP,2012-01-06,2012,6,-8.48,-22.21,3.72,0.110529407714819,65.349,9.1612378455786,145.22,102.89,30676.02,-15.345
GP,2012-01-07,2012,7,-4.88,-11.31,5.75,0.0845404711248222,38.8035,5.4533347900794,86.23,257.57,30752.12,-8.095
GP,2012-01-08,2012,8,-7.1,-15.46,0,0.0884572763689996,65.1285,9.17686166362065,144.73,183.53,30832.37,-11.28
GP,2012-01-09,2012,9,-4.77,-20.34,2.22,0.154445153731084,70.4025,9.947127715686,156.45,121.28,30916.72,-12.555
GP,2012-01-10,2012,10,0.4,-14.09,0,0.212188175129359,91.7325,12.9978812843775,203.85,205.51,31005.1,-6.845
GP,2012-01-11,2012,11,-10.18,-23.56,0,0.0961215956953323,90.666,12.885030005769,201.48,91.3,31097.45,-16.87
GP,2012-01-12,2012,12,-6.42,-13.07,7.29,0.0780559801369661,42.1695,6.01147995877935,93.71,223.49,31193.69,-9.745
GP,2012-01-13,2012,13,-3.13,-7.81,15.12,0.0733083440799545,31.05,4.440536184375,69,339.56,31293.75,-5.47
GP,2012-01-14,2012,14,-15.34,-22.21,0,0.0421284605873588,60.4575,8.674856185509,134.35,102.94,31397.56,-18.775
GP,2012-01-15,2012,15,-15.69,-29.95,0,0.0655466046095832,98.6895,14.2091245781258,219.31,50.62,31505.05,-22.82
GP,2012-01-16,2012,16,-9.88,-30.84,0,0.121827753921402,109.665,15.8450358601575,243.7,46.5,31616.15,-20.36
GP,2012-01-17,2012,17,-0.67,-14,12.31,0.187797988542726,72.8055,10.557497808824,161.79,207.16,31730.77,-7.335
GP,2012-01-18,2012,18,-7.89,-16.77,0,0.0873374829162576,77.5575,11.2884355303088,172.35,164.49,31848.85,-12.33
GP,2012-01-19,2012,19,-8.9,-29.02,4.82,0.129023245837944,85.7925,12.5346506697675,190.65,55.29,31970.3,-18.96
GP,2012-01-20,2012,20,-8.69,-20.49,0,0.0995509179753191,96.084,14.0930565927552,213.52,119.64,32095.04,-14.59
GP,2012-01-21,2012,21,-13.35,-30.47,0,0.085899219592117,113.31,16.6859297541,251.8,48.19,32223,-21.91
GP,2012-01-22,2012,22,-8.98,-28.35,0,0.126253148436752,117.657,17.3965512137841,261.46,58.89,32354.09,-18.665
GP,2012-01-23,2012,23,1.72,-14.76,6.55,0.24899254354526,85.3515,12.6722483753288,189.67,194.49,32488.25,-6.52
GP,2012-01-24,2012,24,2.47,-1.87,0,0.0985158802386097,43.6185,6.5034305285121,96.93,532.67,32625.38,0.3
GP,2012-01-25,2012,25,-4.77,-8.95,0,0.0598000504677783,43.776,6.5549273478912,97.28,310.56,32765.41,-6.86
GP,2012-01-26,2012,26,-4.64,-18.5,3.44,0.14618651624278,83.961,12.6269576096202,186.58,142.08,32908.26,-11.57
GP,2012-01-27,2012,27,-2.28,-9.36,15.71,0.108531830516703,54.5805,8.2447196601861,121.29,300.77,33053.86,-5.82
GP,2012-01-28,2012,28,0.94,-4.71,2.83,0.112017721443832,44.847,6.8048007236748,99.66,430.54,33202.12,-1.885
GP,2012-01-29,2012,29,-0.06,-5.19,0,0.0969367721424765,55.6515,8.4825700982208,123.67,415.15,33352.96,-2.625
GP,2012-01-30,2012,30,-7.34,-17.79,0,0.101413753395131,102.708,15.7270477135392,228.24,150.96,33506.32,-12.565
GP,2012-01-31,2012,31,-6.99,-24.75,6.96,0.140629537394253,98.4915,15.1515184002255,218.87,82.04,33662.1,-15.87
GP,2012-02-01,2012,32,-6.12,-9.14,2.79,0.0412926113645429,27.4545,4.24332750506625,61.01,305.87,33820.25,-7.63
GP,2012-02-02,2012,33,-6.31,-17.36,0,0.113093818808533,109.7775,17.0475304142272,243.95,156.6,33980.67,-11.835
GP,2012-02-03,2012,34,-5.19,-21.39,0,0.153088930268093,132.7185,20.708721419234,294.93,110.61,34143.31,-13.29
GP,2012-02-04,2012,35,-6.48,-17.45,0,0.111222787995389,111.699,17.5130545015944,248.22,155.41,34308.08,-11.965
GP,2012-02-05,2012,36,-2.39,-25.33,0,0.217938418986409,145.9485,22.994235607757,324.33,77.78,34474.91,-13.86
GP,2012-02-06,2012,37,1.63,-7.72,0,0.172966572783575,98.9145,15.6603307664511,219.81,341.9,34643.74,-3.045
GP,2012-02-07,2012,38,-5.02,-15.64,0,0.120675242605786,111.015,17.6627328755895,246.7,180.85,34814.49,-10.33
GP,2012-02-08,2012,39,-4.7,-26.5,0,0.181183442922303,150.651,24.087746121597,334.78,69.94,34987.1,-15.6
GP,2012-02-09,2012,40,0.24,-20.3,0,0.250423707677386,149.7825,24.0682585980375,332.85,121.69,35161.5,-10.03
GP,2012-02-10,2012,41,0.33,-17.04,0,0.232857587096507,144.684,23.3654487412644,321.52,160.88,35337.63,-8.355
GP,2012-02-11,2012,42,-10.47,-18.87,0,0.0697328713199495,95.157,15.4444972030209,211.46,137.71,35515.41,-14.67
GP,2012-02-12,2012,43,-13.24,-24.39,0,0.0687301460487495,118.4715,19.3256859826264,263.27,84.69,35694.79,-18.815
GP,2012-02-13,2012,44,-11.14,-21.89,0,0.0785299386621561,116.136,19.0407288564792,258.08,105.84,35875.71,-16.515
GP,2012-02-14,2012,45,-3.7,-22.29,1.9,0.181925831244687,154.566,25.470238220622,343.48,102.22,36058.1,-12.995
GP,2012-02-15,2012,46,1.4,-7.64,0,0.16638710381645,103.9905,17.2234815422774,231.09,343.93,36241.91,-3.12
GP,2012-02-16,2012,47,2.5,-1.59,2.83,0.0940793657300989,39.285,6.539842918746,87.3,543.43,36427.08,0.455
GP,2012-02-17,2012,48,3.54,-1.44,0,0.118950557790153,63.8235,10.6791984315023,141.83,549.48,36613.55,1.05
GP,2012-02-18,2012,49,1.81,-4.76,0,0.13382099208232,86.625,14.5687487628375,192.5,428.97,36801.27,-1.475
GP,2012-02-19,2012,50,-2.39,-13.63,0,0.150077884987756,135.126,22.8423912364476,300.28,213.54,36990.18,-8.01
GP,2012-02-20,2012,51,-3.79,-15.93,0,0.143283605645455,144.774,24.5990789243514,321.72,176.5,37180.23,-9.86
GP,2012-02-21,2012,52,-0.91,-20.02,2.14,0.223974889711977,130.7295,22.3269201508766,290.51,124.7,37371.37,-10.465
GP,2012-02-22,2012,53,4.45,-6.27,2.11,0.228685875971856,102.825,17.65150187049,228.5,382.23,37563.56,-0.91
GP,2012-02-23,2012,54,4.7,-2.81,0,0.178692439372247,104.985,18.114983464473,233.3,496.63,37756.74,0.945
GP,2012-02-24,2012,55,1.11,-11.43,14.31,0.203787810921617,115.749,20.0749776102198,257.22,255.17,37950.86,-5.16
GP,2012-02-25,2012,56,1.17,-5.22,0,0.125505905879285,95.175,16.59154096953,211.5,414.35,38145.88,-2.025
GP,2012-02-26,2012,57,-5.86,-14.44,0,0.098205609929965,124.9335,21.8910781474272,277.63,199.76,38341.76,-10.15
GP,2012-02-27,2012,58,-7.49,-18.37,5,0.103015741016728,111.9285,19.7129276167702,248.73,143.69,38538.45,-12.93
GP,2012-02-28,2012,59,-3.15,-12.98,0,0.130345134031549,139.032,24.6118768487784,308.96,225.02,38735.91,-8.065
GP,2012-02-29,2012,60,-3.2,-23.23,0,0.194855364532914,195.0795,34.7102596424083,433.51,94.03,38934.09,-13.215
GP,2012-03-01,2012,61,-7.15,-11.35,7.05,0.0511459123284932,51.9975,9.29911189661775,115.55,256.72,39132.97,-9.25
GP,2012-03-02,2012,62,-2.68,-8.63,5.53,0.0922082832780795,71.5995,12.8699695710432,159.11,318.41,39332.48,-5.655
GP,2012-03-03,2012,63,4.25,-4.98,2.3,0.203035711928001,103.8375,18.7597009762988,230.75,421.78,39532.61,-0.365
GP,2012-03-04,2012,64,-1.74,-10.64,0,0.133561672513108,140.022,25.4253665249874,311.16,271.76,39733.31,-6.19
GP,2012-03-05,2012,65,-6.87,-16.24,0,0.0974107244286517,148.752,27.147372909912,330.56,172,39934.55,-11.555
GP,2012-03-06,2012,66,-5.83,-21.47,5.44,0.143578729439532,150.9165,27.6815269358334,335.37,109.87,40136.28,-13.65
GP,2012-03-07,2012,67,6.11,-14.58,0,0.372392967561043,214.2495,39.4962212103732,476.11,197.43,40338.48,-4.235
GP,2012-03-08,2012,68,8.08,-0.3,9.5,0.240006063035235,101.898,18.878930525646,226.44,597.47,40541.1,3.89
GP,2012-03-09,2012,69,-0.02,-8.36,0,0.142877409313644,144.153,26.8413857735373,320.34,325.19,40744.13,-4.19
GP,2012-03-10,2012,70,-2.56,-12.56,0,0.137218821439303,170.1765,31.8451489853036,378.17,232.9,40947.51,-7.56
GP,2012-03-11,2012,71,5.84,-9.53,0,0.313945820938235,210.2265,39.5354312749292,467.17,296.78,41151.23,-1.845
GP,2012-03-12,2012,72,11.2,-7.16,0.57,0.485795763580443,219.2715,41.4408765700062,487.27,357.11,41355.24,2.02
GP,2012-03-13,2012,73,2.8,-0.15,7.43,0.0713213412183451,45.2385,8.5920128790264,100.53,604.22,41559.52,1.325
GP,2012-03-14,2012,74,0.13,-1.5,1.59,0.0348917985820137,40.1625,7.665481532205,89.25,547.27,41764.04,-0.685
GP,2012-03-15,2012,75,1.66,-4.91,1.88,0.132620350541782,134.271,25.7528124351819,298.38,424.04,41968.77,-1.625
GP,2012-03-16,2012,76,3.78,-0.95,7.81,0.115540939976201,75.9735,14.6426516220947,168.83,569.64,42173.67,1.415
GP,2012-03-17,2012,77,7.42,-4.04,4.95,0.288661394849438,148.284,28.7182667757348,329.52,453.02,42378.71,1.69
GP,2012-03-18,2012,78,16.39,0.27,0,0.618643044115795,220.7115,42.9522967799334,490.47,623.01,42583.88,8.33
GP,2012-03-19,2012,79,11.8,1.17,0,0.358644567349427,184.7925,36.1354940962492,410.65,664.61,42789.13,6.485
GP,2012-03-20,2012,80,18.25,-1.86,0,0.77994878007701,233.838,45.9455637434904,519.64,532.86,42994.44,8.195
GP,2012-03-21,2012,81,21.69,-0.1,0,0.99166420925249,235.584,46.5096987598464,523.52,606.14,43199.78,10.795
GP,2012-03-22,2012,82,18.43,1.74,0,0.711587234815974,224.1855,44.4697390357259,498.19,692.69,43405.11,10.085
GP,2012-03-23,2012,83,13.19,-2.5,0,0.502798259722311,224.289,44.7007123356066,498.42,508.37,43610.42,5.345
GP,2012-03-24,2012,84,8.2,-2.59,0,0.290783861713258,187.803,37.6052242276557,417.34,504.86,43815.67,2.805
GP,2012-03-25,2012,85,4.98,0.41,1.68,0.120466407911676,93.8205,18.8743614918354,208.49,629.38,44020.84,2.695
GP,2012-03-26,2012,86,-0.57,-8.34,0,0.130616053137482,154.5075,31.227861804237,343.35,325.75,44225.88,-4.455
GP,2012-03-27,2012,87,3.99,-11.21,3.54,0.276700700711649,174.5145,35.4349361783367,387.81,259.64,44430.78,-3.61
GP,2012-03-28,2012,88,-0.78,-2.99,7.84,0.0437482718402789,39.5055,8.05850100119385,87.79,490.13,44635.51,-1.885
GP,2012-03-29,2012,89,2.37,-2.47,0,0.107586087333728,104.5665,21.4276560362672,232.37,509.47,44840.03,-0.05
GP,2012-03-30,2012,90,3.19,-7.34,0,0.20805721791911,203.607,41.9130092955969,452.46,352.21,45044.31,-2.075
GP,2012-03-31,2012,91,8.01,-7.69,0,0.364978617225393,242.712,50.1891689062872,539.36,342.79,45248.33,0.16
GP,2012-04-01,2012,92,6.38,-6.79,0,0.296119266112723,226.044,46.9529154490032,502.32,367.42,45452.04,-0.205
GP,2012-04-02,2012,93,6.66,-4.33,0,0.26746891118256,204.606,42.6900833413506,454.68,443.21,45655.43,1.165
GP,2012-04-03,2012,94,9.09,-3.93,0,0.348721620393053,224.226,46.991741620329,498.28,456.6,45858.45,2.58
GP,2012-04-04,2012,95,6.71,-1.38,0,0.214689587321188,164.0385,34.5299624551206,364.53,552.01,46061.08,2.665
GP,2012-04-05,2012,96,5.81,-0.33,0,0.163124402342601,132.957,28.1101930196472,295.46,596.09,46263.28,2.74
GP,2012-04-06,2012,97,7.78,-2.42,0,0.272310650851829,204.0975,43.3391031696308,453.55,511.25,46465.01,2.68
GP,2012-04-07,2012,98,8.26,-2.36,0,0.288816786261568,209.502,44.679394273275,465.56,513.38,46666.25,2.95
GP,2012-04-08,2012,99,10.58,-0.02,0,0.332394672308608,207.5895,44.4619262968043,461.31,609.84,46866.95,5.28
GP,2012-04-09,2012,100,8.38,1.18,0,0.21733595527001,157.5945,33.8980341315042,350.21,664.95,47067.08,4.78
GP,2012-04-10,2012,101,7.97,-0.15,3.44,0.232540077365396,133.0965,28.749956952933,295.77,604.2,47266.6,3.91
GP,2012-04-11,2012,102,10.8,1.46,1.3,0.307165613330555,199.0665,43.1809473757604,442.37,678.81,47465.47,6.13
GP,2012-04-12,2012,103,12.72,-0.12,0,0.442223331303909,236.3625,51.4851713939475,525.25,594.53,47663.66,6.3
GP,2012-04-13,2012,104,15.93,-4.32,0,0.73511521720451,271.3635,59.3540679396384,603.03,390.2,47861.12,5.805
GP,2012-04-14,2012,105,18.47,-1.76,0,0.869647170370916,269.226,59.1285426346242,598.28,459.66,48057.81,8.355
GP,2012-04-15,2012,106,21.07,2.67,0,0.991463457107757,258.84,57.079231996572,575.2,624.78,48253.69,11.87
GP,2012-04-16,2012,107,26.67,7.96,3.93,1.28370378906035,188.0775,41.6423530054643,417.95,995.81,48448.71,17.315
GP,2012-04-17,2012,108,16.1,4.55,0,0.544994362413901,207.5355,46.1346806721474,461.19,790.44,48642.84,10.325
GP,2012-04-18,2012,109,11.38,-0.56,0,0.400208846430962,216.018,48.2110293134052,480.04,565.04,48836.02,5.41
GP,2012-04-19,2012,110,18.49,-2.39,0,0.906177766752073,272.2725,61.0050822140182,605.05,412.26,49028.21,8.05
GP,2012-04-20,2012,111,5.58,2.8,9.98,0.0804032054399736,49.3245,11.0946796188727,109.61,746.67,49219.35,4.19
GP,2012-04-21,2012,112,4.25,1.1,13.31,0.0830094066917965,56.979,12.8659153898223,126.62,661.25,49409.41,2.675
GP,2012-04-22,2012,113,6.46,0.26,15.94,0.170858567262223,107.3115,24.3236884332276,238.47,622.54,49598.32,3.36
GP,2012-04-23,2012,114,6.77,0.08,36.51,0.185589277190478,116.19,26.435804743332,258.2,614.16,49786.04,3.425
GP,2012-04-24,2012,115,10.23,3.68,4.1,0.225136478182962,112.0455,25.5883205522669,248.99,794.69,49972.51,6.955
GP,2012-04-25,2012,116,10.2,1.6,1.91,0.278412700717585,187.506,42.9802373735856,416.68,685.64,50157.68,5.9
GP,2012-04-26,2012,117,11.23,-1.94,10,0.400562329627705,184.527,42.452402485185,410.06,529.84,50341.5,4.645
GP,2012-04-27,2012,118,2.84,-1.13,0,0.0935264195020382,97.5285,22.518762770803,216.73,562.24,50523.89,0.855
GP,2012-04-28,2012,119,6.26,-4.41,0,0.255727489666946,220.6575,51.1309725194678,490.35,440.35,50704.81,0.925
GP,2012-04-29,2012,120,7.57,-4.09,0,0.294790645330045,232.3035,54.020040338979,516.23,451.34,50884.2,1.74
GP,2012-04-30,2012,121,13.76,-2.36,1.22,0.539027853687806,265.734,62.0098921634724,590.52,503.4,51061.98,5.7
GP,2012-05-01,2012,122,8.78,3.29,2.05,0.177777914755135,97.1955,22.7591197027079,215.99,773.51,51238.11,6.035
GP,2012-05-02,2012,123,13.81,5.2,0,0.34556008027832,187.7265,44.1073204315146,417.17,884.32,51412.52,9.505
GP,2012-05-03,2012,124,15.61,7.32,1.32,0.37298784186104,182.0925,42.9272223502793,404.65,1023.39,51585.13,11.465
GP,2012-05-04,2012,125,13.42,8.69,2,0.206048517692881,84.4785,19.9812279868781,187.73,1123.53,51755.89,11.055
GP,2012-05-05,2012,126,15.13,2.94,0,0.489124158952889,235.5705,55.8999303951132,523.49,746.11,51924.72,9.035
GP,2012-05-06,2012,127,17.25,-0.45,0,0.72715734168284,271.1745,64.5553755090954,602.61,550.79,52091.56,8.4
GP,2012-05-07,2012,128,20.37,-1.89,3.7,0.928094822867222,210.1095,50.1765593543811,466.91,531.68,52256.34,9.24
GP,2012-05-08,2012,129,11.93,6.35,11.97,0.217789939014681,94.581,22.6573267315266,210.18,957.51,52418.98,9.14
GP,2012-05-09,2012,130,13.29,8.46,9.1,0.207770586664032,82.134,19.7358066824958,182.52,1106.66,52579.41,10.875
GP,2012-05-10,2012,131,11.41,7.34,3.84,0.160106715312321,71.334,17.192250390069,158.52,1025.3,52737.55,9.375
GP,2012-05-11,2012,132,17.01,4.09,0,0.558216801307658,235.989,57.0438768932955,524.42,818.21,52893.35,10.55
GP,2012-05-12,2012,133,22.46,0.76,0,1.07624324415155,275.7915,66.8583183611385,612.87,603.22,53046.7,11.61
GP,2012-05-13,2012,134,19.92,8.9,0,0.59018987635069,210.591,51.1973684018685,467.98,1140.1,53197.55,14.41
GP,2012-05-14,2012,135,23.47,3.88,0,1.09446117517978,268.6455,65.4931932047217,596.99,750.77,53345.82,13.675
GP,2012-05-15,2012,136,21.64,6.9,5.55,0.792636037564646,183.7215,44.9117843122521,408.27,994.87,53491.42,14.27
GP,2012-05-16,2012,137,22.18,11.74,16.02,0.644077268378464,151.821,37.2126418091316,337.38,1377.89,53634.28,16.96
GP,2012-05-17,2012,138,14.91,2.99,0,0.467403126210318,229.239,56.3351730351336,509.42,757.11,53774.32,8.95
GP,2012-05-18,2012,139,20.31,0.43,0,0.890979871602087,270.504,66.6455236815888,601.12,613.45,53911.46,10.37
GP,2012-05-19,2012,140,25.54,9.17,0,1.05685145754806,224.6355,55.4823814628007,499.19,1155.43,54045.62,17.355
GP,2012-05-20,2012,141,31,8.01,0,1.75431776961154,238.6395,59.0841835520508,530.31,1024.85,54176.72,19.505
GP,2012-05-21,2012,142,29.38,10.54,7.22,1.40668599164775,168.885,41.9126013978705,375.3,1272.85,54304.69,19.96
GP,2012-05-22,2012,143,19.4,12.94,28.89,0.377712893394176,86.364,21.4823968468164,191.92,1490.94,54429.43,16.17
GP,2012-05-23,2012,144,22.48,11.06,0,0.698555521183929,180.5985,45.022766708029,401.33,1317.7,54550.89,16.77
GP,2012-05-24,2012,145,27.71,7.56,0,1.334087236155,231.7635,57.9031422566791,515.03,1040.86,54668.97,17.635
GP,2012-05-25,2012,146,26.97,16.31,2.06,0.847915771159555,120.4785,30.163124003382,267.73,1853.88,54783.6,21.64
GP,2012-05-26,2012,147,22.45,11.89,0,0.65931814039447,167.301,41.9706052411347,371.78,1391.58,54894.71,17.17
GP,2012-05-27,2012,148,21.41,4.88,0,0.84027489693952,220.275,55.3683459614175,489.5,864.43,55002.21,13.145
GP,2012-05-28,2012,149,13.7,9.92,5.17,0.171171340748791,51.9525,13.0834348277378,115.45,1220.95,55106.03,11.81
GP,2012-05-29,2012,150,18.46,8.98,7.16,0.486862479208461,117.918,29.749753552086,262.04,1145.58,55206.1,13.72
GP,2012-05-30,2012,151,24.15,12.19,1.96,0.792000140598901,181.9845,45.9932592470378,404.41,1419.35,55302.35,18.17
GP,2012-05-31,2012,152,18.44,8.56,0,0.501302044466511,162.8505,41.2262194870395,361.89,1113.8,55394.7,13.5
GP,2012-06-01,2012,153,20.32,1.94,3.73,0.838980406311157,174.105,44.1456670669365,386.9,702.28,55483.09,11.13
GP,2012-06-02,2012,154,14.16,11.46,29.87,0.129261302662675,39.105,9.9304506543825,86.9,1352.35,55567.45,12.81
GP,2012-06-03,2012,155,12.51,9.79,6.88,0.118010622520688,39.9105,10.1496406398943,88.69,1210.34,55647.71,11.15
GP,2012-06-04,2012,156,17.92,8.78,0.69,0.45901814134018,153.9045,39.1929902142183,342.01,1130.42,55723.82,13.35
GP,2012-06-05,2012,157,22.28,5.07,0.69,0.903939005977603,226.8045,57.8320617567361,504.01,875.94,55795.71,13.675
GP,2012-06-06,2012,158,18.97,6.67,1.44,0.60454154980069,194.8725,49.750047458019,433.05,978.96,55863.32,12.82
GP,2012-06-07,2012,159,21.57,5.94,0,0.819417136187969,217.9485,55.7042818713035,484.33,930.8,55926.61,13.755
GP,2012-06-08,2012,160,19.35,8.92,5.68,0.549174391049728,126.2475,32.300905948434,280.55,1141.52,55985.52,14.135
GP,2012-06-09,2012,161,23.5,7.23,0,0.936038251296731,216.3105,55.3977148340101,480.69,1017.13,56039.99,15.365
GP,2012-06-10,2012,162,25.04,5.87,0,1.12149647211166,229.959,58.9456789075737,511.02,926.04,56089.99,15.455
GP,2012-06-11,2012,163,28.09,11.8,0,1.20452372466209,209.7945,53.8205013619902,466.21,1383.03,56135.48,19.945
GP,2012-06-12,2012,164,26.12,16.35,8.33,0.758532646446464,110.826,28.4519371429962,246.28,1858.82,56176.41,21.235
GP,2012-06-13,2012,165,21.37,13.31,0,0.504432855145931,133.263,34.2342342438525,296.14,1527.78,56212.75,17.34
GP,2012-06-14,2012,166,23.03,6.06,0,0.935074734670408,223.6005,57.473652677054,496.89,938.39,56244.47,14.545
GP,2012-06-15,2012,167,23.97,7.01,0,0.984709609944827,221.0805,56.8532687092929,491.29,1002.32,56271.54,15.49
GP,2012-06-16,2012,168,25.68,8.49,0,1.09155286892717,219.2805,56.4128263274769,487.29,1108.33,56293.94,17.085
GP,2012-06-17,2012,169,27.28,10.7,0,1.16511275794119,213.696,54.993434817888,474.88,1286.19,56311.65,18.99
GP,2012-06-18,2012,170,26.17,14.45,0,0.871014782519455,173.4345,44.6426734226423,385.41,1644.9,56324.65,20.31
GP,2012-06-19,2012,171,25.53,13.85,0,0.838852496967808,177.0615,45.5829763993412,393.47,1582.71,56332.93,19.69
GP,2012-06-20,2012,172,31.26,17.49,5.24,1.27680594457874,141.6195,36.4610391431863,314.71,1997.12,56336.49,24.375
GP,2012-06-21,2012,173,30.53,17.24,0,1.19948996692739,184.3155,47.4524701177122,409.59,1965.89,56335.32,23.885
GP,2012-06-22,2012,174,29.7,18.67,0,1.00469477243339,161.703,41.6264674443282,359.34,2151.44,56329.42,24.185
GP,2012-06-23,2012,175,25.41,14.56,0,0.789948791027687,169.677,43.670942976132,377.06,1657.18,56318.8,19.985
GP,2012-06-24,2012,176,28.01,9.42,9.86,1.29694701087862,170.109,43.7702045165298,378.02,1180.54,56303.46,18.715
GP,2012-06-25,2012,177,20.03,14.4,19.88,0.347444652081472,73.638,18.9408184278138,163.64,1640.14,56283.43,17.215
GP,2012-06-26,2012,178,17.25,12.68,11.53,0.248144039338874,63.5355,16.3351234802669,141.19,1466.17,56258.71,14.965
GP,2012-06-27,2012,179,21.84,13.96,7.48,0.509011259582088,101.277,26.0249519946537,225.06,1593.15,56229.33,17.9
GP,2012-06-28,2012,180,25.6,12.39,0,0.918394866038135,194.8905,50.0503384369422,433.09,1438.14,56195.32,18.995
GP,2012-06-29,2012,181,30.39,14.6,0,1.33466985621995,206.739,53.056694605941,459.42,1660.93,56156.7,22.495
GP,2012-06-30,2012,182,27.93,15,5.54,1.02523339452163,139.653,35.812433072835,310.34,1704.83,56113.5,21.465
GP,2012-07-01,2012,183,23.85,12.81,0,0.735529679625493,174.528,44.7176634489792,387.84,1478.41,56065.77,18.33
GP,2012-07-02,2012,184,24.76,13.08,5.42,0.804652140604264,133.281,34.1175267460035,296.18,1505.15,56013.55,18.92
GP,2012-07-03,2012,185,25.19,9.44,9.09,1.00719559743991,158.166,40.4466675529194,351.48,1182.09,55956.87,17.315
GP,2012-07-04,2012,186,25.35,16.26,7.96,0.688361569298803,105.3765,26.9177694072529,234.17,1848.28,55895.79,20.805
GP,2012-07-05,2012,187,25.44,15.75,0,0.727322369602921,150.6015,38.4251744617493,334.67,1788.43,55830.35,20.595
GP,2012-07-06,2012,188,27.56,13.32,0,1.07373334283374,196.389,50.0450208984153,436.42,1528.43,55760.61,20.44
GP,2012-07-07,2012,189,27.62,17.97,0,0.814309551903389,147.4605,37.5269061062907,327.69,2058.97,55686.62,22.795
GP,2012-07-08,2012,190,22.19,12.43,0,0.612588515815557,157.014,39.9020574435912,348.92,1442.16,55608.44,17.31
GP,2012-07-09,2012,191,24.26,8.43,0,0.959948936130489,214.821,54.5117868086958,477.38,1104.03,55526.14,16.345
GP,2012-07-10,2012,192,24.68,9.19,0,0.969391714919145,212.5305,53.8466838262353,472.29,1162.14,55439.78,16.935
GP,2012-07-11,2012,193,26.73,7.08,0,1.24777759202377,231.8175,58.6375062607845,515.15,1006.78,55349.42,16.905
GP,2012-07-12,2012,194,30.6,10.41,0,1.56071174543304,226.8675,57.2876609481068,504.15,1261.78,55255.13,20.505
GP,2012-07-13,2012,195,31.35,14.24,0,1.4753265843628,207.4545,52.2925161428637,461.01,1623.25,55156.98,22.795
GP,2012-07-14,2012,196,33.67,15.23,0,1.74200318639392,210.537,52.9714319111136,467.86,1729.97,55055.04,24.45
GP,2012-07-15,2012,197,30.59,15.72,0,1.29692970996162,192.0735,48.2332412091951,426.83,1785.5,54949.38,23.155
GP,2012-07-16,2012,198,28.63,18.42,8.32,0.897104298894304,111.7125,27.9972986423513,248.25,2117.46,54840.09,23.525
GP,2012-07-17,2012,199,21.55,16.56,6.28,0.340957869445772,63.0765,15.7756468199481,140.17,1882.81,54727.22,19.055
GP,2012-07-18,2012,200,22.18,12.54,0,0.606731582713636,154.818,38.6381877194862,344.04,1452.42,54610.87,17.36
GP,2012-07-19,2012,201,21.57,7.16,0.76,0.778441606013081,205.4925,51.1726409070548,456.65,1012.48,54491.11,14.365
GP,2012-07-20,2012,202,25.53,9.13,0,1.05207238479479,213.777,53.1154194371289,475.06,1157.68,54368.01,17.33
GP,2012-07-21,2012,203,26.84,10.06,0,1.14628367588683,213.273,52.8670466980326,473.94,1232.04,54241.66,18.45
GP,2012-07-22,2012,204,29.98,16.18,0,1.19533260660321,184.356,45.5898439809396,409.68,1838.35,54112.13,23.08
GP,2012-07-23,2012,205,30.6,15.12,6.2,1.33256566454522,146.7945,36.2121942672675,326.21,1717.48,53979.5,22.86
GP,2012-07-24,2012,206,23.55,16.63,0,0.50199143768989,111.2265,27.3691038278542,247.17,1891.72,53843.85,20.09
GP,2012-07-25,2012,207,25.74,12.16,0,0.942504950030784,188.4735,46.2576323384267,418.83,1416.92,53705.27,18.95
GP,2012-07-26,2012,208,22.84,15.41,0,0.511818508840246,116.784,28.5871649978016,259.52,1750.27,53563.82,19.125
GP,2012-07-27,2012,209,25.87,13.61,0,0.885114215622061,172.998,42.2335737948474,384.44,1557.46,53419.59,19.74
GP,2012-07-28,2012,210,27.01,9.52,0,1.18575226836431,212.0715,51.6300910224183,471.27,1188.4,53272.66,18.265
GP,2012-07-29,2012,211,28.77,11.34,0,1.3014379068149,208.3275,50.5762114722593,462.95,1341.9,53123.11,20.055
GP,2012-07-30,2012,212,30.44,11.77,0,1.48106869376945,211.2885,51.1481951759795,469.53,1380.91,52971.01,21.105
GP,2012-07-31,2012,213,30.76,13.43,0,1.4419821873889,201.3255,48.5941543933,447.39,1539.39,52816.43,22.095
GP,2012-08-01,2012,214,25.5,16.15,0,0.709351306386708,133.5735,32.1449612980167,296.83,1835.3,52659.46,20.825
GP,2012-08-02,2012,215,30.55,16.37,0,1.25437533999692,177.795,42.6576035039355,395.1,1860.79,52500.17,23.46
GP,2012-08-03,2012,216,27.36,16.92,0,0.852120693452765,143.856,34.4085691989888,319.68,1927.36,52338.64,22.14
GP,2012-08-04,2012,217,30.08,11.3,0,1.4579659229174,208.035,49.6037468408535,462.3,1338.53,52174.93,20.69
GP,2012-08-05,2012,218,28.02,17.18,25.02,0.907624735709434,108.954,25.8963745675914,242.12,1959.3,52009.13,22.6
GP,2012-08-06,2012,219,23.16,13.39,0,0.646691436284138,139.0275,32.9376578008208,308.95,1535.61,51841.29,18.275
GP,2012-08-07,2012,220,26.89,9.77,15.67,1.1632804776458,150.3855,35.5118378674351,334.19,1208.4,51671.49,18.33
GP,2012-08-08,2012,221,26.08,14.6,6.76,0.854315364919039,115.1325,27.0969095679502,255.85,1660.6,51499.81,20.34
GP,2012-08-09,2012,222,23.43,14.91,9.01,0.590045857522735,91.6965,21.5084402505315,203.77,1694.84,51326.3,19.17
GP,2012-08-10,2012,223,17.54,15.11,9.57,0.140521832928737,32.2875,7.54753268674125,71.75,1716.97,51151.03,16.325
GP,2012-08-11,2012,224,23.08,14.79,30.96,0.566571597341698,94.347,21.9782751610653,209.66,1681.7,50974.07,18.935
GP,2012-08-12,2012,225,25.54,16.8,0,0.67493987073574,130.4775,30.288439294569,289.95,1912.25,50795.48,21.17
GP,2012-08-13,2012,226,25.92,15.23,1.32,0.803256804872451,155.763,36.0298601058303,346.14,1730.1,50615.33,20.575
GP,2012-08-14,2012,227,26.44,15.03,3.14,0.86648682113469,122.3775,28.2057952784422,271.95,1707.95,50433.67,20.735
GP,2012-08-15,2012,228,24.57,17.38,2.95,0.547476083947611,84.204,19.3370364129996,187.12,1983.72,50250.57,20.975
GP,2012-08-16,2012,229,25.25,16.6,0,0.659130840660444,130.707,29.9060211318192,290.46,1888.11,50066.08,20.925
GP,2012-08-17,2012,230,23.14,14.6,2.4,0.58193840090867,98.793,22.5201352898025,219.54,1661.23,49880.25,18.87
GP,2012-08-18,2012,231,22.14,10.15,0,0.71045013374386,173.637,39.4325704887444,385.86,1239.32,49693.16,16.145
GP,2012-08-19,2012,232,23.93,7.29,0,0.971347274402604,204.8085,46.3352849457498,455.13,1021.8,49504.84,15.61
GP,2012-08-20,2012,233,24.59,10.34,0,0.914228882128761,188.6625,42.5190844925437,419.25,1255.5,49315.35,17.465
GP,2012-08-21,2012,234,22.6,7.6,0,0.846093959948453,195.3585,43.8580042510387,434.13,1043.51,49124.75,15.1
GP,2012-08-22,2012,235,25.03,9.6,0,0.9853762034437,194.1435,43.4151801355986,431.43,1195.12,48933.08,17.315
GP,2012-08-23,2012,236,26.54,13.14,0,0.975697515124215,175.1445,39.012321354246,389.21,1510.65,48740.4,19.84
GP,2012-08-24,2012,237,25.83,9.24,0,1.07733587298583,196.4205,43.5775774948569,436.49,1166.01,48546.74,17.535
GP,2012-08-25,2012,238,28.12,15.19,0,1.03609112903643,164.9565,36.4503340803528,366.57,1725.36,48352.16,21.655
GP,2012-08-26,2012,239,30.13,13.63,0,1.35371201245463,185.895,40.9110586369065,413.1,1559.32,48156.71,21.88
GP,2012-08-27,2012,240,25.58,14.63,8.46,0.803365713815978,111.5055,24.4396772982567,247.79,1663.95,47960.42,20.105
GP,2012-08-28,2012,241,20.6,14.83,0,0.366651302279224,89.6175,19.5615743251163,199.15,1685.85,47763.35,17.715
GP,2012-08-29,2012,242,24.69,8,0,1.01545246162204,195.192,42.4297490378688,433.76,1072.1,47565.52,16.345
GP,2012-08-30,2012,243,26.15,11.6,0,1.00944670004123,180.1935,39.005972366422,400.43,1364.93,47366.99,18.875
GP,2012-08-31,2012,244,27.41,17.6,0,0.815969519171585,134.3835,28.9672772731151,298.63,2011.1,47167.79,22.505
GP,2012-09-01,2012,245,23.61,9.95,0,0.841930181856153,175.311,37.6293801625092,389.58,1223.54,46967.96,16.78
GP,2012-09-02,2012,246,24.41,8.41,0,0.97464717064709,187.1775,40.0050172218713,415.95,1102.24,46767.55,16.41
GP,2012-09-03,2012,247,25.3,6.85,0,1.11361024695686,196.389,41.7933908688861,436.42,990.97,46566.57,16.075
GP,2012-09-04,2012,248,23.61,11.27,0,0.785704684334297,160.173,33.9388105118049,355.94,1335.89,46365.09,17.44
GP,2012-09-05,2012,249,26.51,16.16,0,0.809694971929075,135.873,28.6645097291832,301.94,1835.85,46163.12,21.335
GP,2012-09-06,2012,250,23.97,14.27,9.61,0.671976385772624,99.8775,20.9783099511225,221.95,1626.22,45960.7,19.12
GP,2012-09-07,2012,251,24.16,11.08,8.29,0.843306031046169,122.6205,25.6416033491478,272.49,1318.84,45757.88,17.62
GP,2012-09-08,2012,252,24.49,13.9,19.18,0.738653983891995,104.4855,21.7522972983425,232.19,1587.39,45554.67,19.195
GP,2012-09-09,2012,253,15.11,8.99,0,0.283125180549862,91.674,18.9998598872016,203.72,1146.71,45351.12,12.05
GP,2012-09-10,2012,254,16.41,7.44,0,0.415172518614981,127.0845,26.2204467152963,282.41,1031.78,45147.25,11.925
GP,2012-09-11,2012,255,20.69,3.79,0,0.816849852446815,182.916,37.569111203772,406.48,801.06,44943.1,12.24
GP,2012-09-12,2012,256,25.31,7.18,0,1.10333087373725,181.215,37.0504602071595,402.7,1013.53,44738.69,16.245
GP,2012-09-13,2012,257,27.11,10.1,0,1.17293952814228,172.0035,35.0062727052496,382.23,1235.22,44534.07,18.605
GP,2012-09-14,2012,258,24.49,11.03,16.23,0.875379875152525,113.175,22.9275203101875,251.5,1314.61,44329.25,17.76
GP,2012-09-15,2012,259,15.45,8.37,0,0.325893690944398,94.6125,19.0784132538637,210.25,1099.34,44124.27,11.91
GP,2012-09-16,2012,260,17.61,2.22,0,0.646521692026961,166.6485,33.4481215739746,370.33,716.67,43919.17,9.915
GP,2012-09-17,2012,261,20.33,2.97,0,0.812502687475846,172.467,34.4542071329505,383.26,756.17,43713.95,11.65
GP,2012-09-18,2012,262,18.89,9.14,24.71,0.509351494640822,88.9605,17.688427381535,197.69,1158.19,43508.67,14.015
GP,2012-09-19,2012,263,15.33,6.26,0,0.393203011611589,114.3855,22.6364630828949,254.19,951.55,43303.34,10.795
GP,2012-09-20,2012,264,16.69,0.67,0,0.627475095691686,166.1985,32.73410089521,369.33,641.22,43098,8.68
GP,2012-09-21,2012,265,17.43,5.75,9.25,0.533736019023385,102.0915,20.0119296438054,226.87,918.87,42892.68,11.59
GP,2012-09-22,2012,266,20.34,11.72,4.51,0.502700229011182,78.2955,15.2739935849147,173.99,1376.04,42687.39,16.03
GP,2012-09-23,2012,267,15.47,6.66,0,0.387823325298751,110.916,21.5336273893416,246.48,978.04,42482.18,11.065
GP,2012-09-24,2012,268,14.97,0.51,0,0.532765073665052,155.826,30.1065508638774,346.28,633.54,42277.07,7.74
GP,2012-09-25,2012,269,17.03,6.37,0,0.489215568404548,126.6435,24.3496762557115,281.43,958.65,42072.09,11.7
GP,2012-09-26,2012,270,17.13,6.03,2.81,0.506064971961835,96.8265,18.5261501942244,215.17,936.85,41867.28,11.58
GP,2012-09-27,2012,271,13.3,1.27,0,0.427707085044866,136.566,26.001935671743,303.48,669.35,41662.65,7.285
GP,2012-09-28,2012,272,15.44,-0.75,0,0.58630271447675,158.283,29.9889623643075,351.74,578.33,41458.25,7.345
GP,2012-09-29,2012,273,11.41,5.49,5.84,0.222081441057764,56.97,10.740621968361,126.6,902.09,41254.09,8.45
GP,2012-09-30,2012,274,13.13,8.86,44.82,0.184921644757095,41.589,7.8020758300806,92.42,1136.75,41050.22,10.995
GP,2012-10-01,2012,275,15.44,9.35,2.35,0.287410916838543,57.546,10.7420704962174,127.88,1174.83,40846.67,12.395
GP,2012-10-02,2012,276,17.52,4.85,0,0.56756751311863,136.458,25.3457924595876,303.24,862.88,40643.46,11.185
GP,2012-10-03,2012,277,19.69,5.77,0,0.684459650499191,141.453,26.1424493497323,314.34,919.76,40440.63,12.73
GP,2012-10-04,2012,278,12.21,9.7,3.51,0.10739291439197,26.676,4.9054128191172,59.28,1203.2,40238.21,10.955
GP,2012-10-05,2012,279,17.07,10.2,7.34,0.348760440094618,64.0215,11.7137332359612,142.27,1243.68,40036.24,13.635
GP,2012-10-06,2012,280,12.72,6.91,8.85,0.235926905733955,56.5245,10.2899917215338,125.61,995.26,39834.75,9.815
GP,2012-10-07,2012,281,8.61,0.86,0,0.233215074430696,99.558,18.0325750526262,221.24,650.13,39633.77,4.735
GP,2012-10-08,2012,282,11.57,-2.05,0,0.417918361297809,140.7375,25.3623625070062,312.75,525.48,39433.35,4.76
GP,2012-10-09,2012,283,13.94,-2.43,0,0.539631406867265,147.2895,26.4085929362628,327.31,510.7,39233.52,5.755
GP,2012-10-10,2012,284,11.6,2.18,8.35,0.324655447332928,80.73,14.401169786952,179.4,714.44,39034.32,6.89
GP,2012-10-11,2012,285,8.9,1.18,5.08,0.236738836105565,70.1775,12.4550686358415,155.95,665.22,38835.78,5.04
GP,2012-10-12,2012,286,5.66,0.14,0,0.147951776837583,71.9865,12.7110472996748,159.97,616.85,38637.95,2.9
GP,2012-10-13,2012,287,8.23,-4.02,7.26,0.317617761140502,97.452,17.1198582610068,216.56,453.59,38440.87,2.105
GP,2012-10-14,2012,288,6.78,0.52,23.44,0.175834326519143,60.552,10.5831383760648,134.56,634.19,38244.57,3.65
GP,2012-10-15,2012,289,13.09,4.25,2.79,0.338027416243239,76.626,13.3240685400702,170.28,827.42,38049.11,8.67
GP,2012-10-16,2012,290,8.93,1.81,0,0.222547726729865,88.551,15.3188981411571,196.78,695.92,37854.53,5.37
GP,2012-10-17,2012,291,11.56,-3.92,0,0.451705335571925,136.971,23.5741029031989,304.38,457.12,37660.87,3.82
GP,2012-10-18,2012,292,16.55,1.6,0,0.59689588582625,130.6665,22.3739702548029,290.37,685.56,37468.18,9.075
GP,2012-10-19,2012,293,11.78,4.61,40.64,0.265807133284505,63.2475,10.7744396322375,140.55,848.24,37276.5,8.195
GP,2012-10-20,2012,294,16.13,9.63,5.25,0.315720257331029,56.9385,9.6500829133755,126.53,1197.15,37085.9,12.88
GP,2012-10-21,2012,295,10.56,4.01,0.7,0.229690888082619,79.362,13.381746482376,176.36,813.31,36896.4,7.285
GP,2012-10-22,2012,296,12.81,6.81,0,0.243754568182331,72.0765,12.0912599715084,160.17,988.37,36708.08,9.81
GP,2012-10-23,2012,297,11.9,-0.4,0,0.399042436639699,117.414,19.5964943941206,260.92,593.12,36520.97,5.75
GP,2012-10-24,2012,298,10.31,-2.66,0,0.375122994186065,119.5605,19.8532111022829,265.69,502.06,36335.14,3.825
GP,2012-10-25,2012,299,11.05,-2.29,0,0.399430221874501,118.602,19.5940495981296,263.56,516.32,36150.64,4.38
GP,2012-10-26,2012,300,17.8,2.64,0,0.647743000169421,118.7685,19.5221643839784,263.93,738.41,35967.52,10.22
GP,2012-10-27,2012,301,14.06,6.45,2.91,0.318136466939882,60.7005,9.9270435488301,134.89,964.53,35785.86,10.255
GP,2012-10-28,2012,302,12.46,7.66,0,0.197053185670458,55.4625,9.02474725802625,123.25,1047.89,35605.69,10.06
GP,2012-10-29,2012,303,15.77,7.55,3.05,0.373999553835717,63.279,10.2449840844627,140.62,1039.58,35427.09,11.66
GP,2012-10-30,2012,304,17.5,11.96,6.87,0.298432897511974,43.9335,7.07738344964235,97.63,1397.7,35250.13,14.73
GP,2012-10-31,2012,305,15.73,9.75,5.77,0.287994605185887,47.223,7.5694721618835,104.94,1206.63,35074.85,12.74
GP,2012-11-01,2012,306,7.06,5.52,2.9,0.0501349205417483,15.7995,2.52000568444095,35.11,904.07,34901.33,6.29
GP,2012-11-02,2012,307,6.25,4.14,3.98,0.0648447922625741,20.34,3.228251081094,45.2,820.72,34729.63,5.195
GP,2012-11-03,2012,308,5.11,2.86,2.63,0.0639776437048408,21.2355,3.3539004132777,47.19,750.12,34559.82,3.985
GP,2012-11-04,2012,309,2.62,0.14,0,0.0600968827738957,31.0545,4.88087622590805,69.01,617.13,34391.97,1.38
GP,2012-11-05,2012,310,0.3,-2.45,0,0.0573326894246715,34.209,5.3507496096495,76.02,510.13,34226.15,-1.075
GP,2012-11-06,2012,311,2.16,-7.07,0,0.177306044620358,91.944,14.3124908121144,204.32,359.62,34062.43,-2.455
GP,2012-11-07,2012,312,2.78,-9.54,0,0.225043159663192,103.3335,16.0091513865036,229.63,296.48,33900.88,-3.38
GP,2012-11-08,2012,313,4.57,-6.83,0,0.240146510278307,99.315,15.314275730889,220.7,366.26,33741.58,-1.13
GP,2012-11-09,2012,314,6.34,-2.85,0,0.23074833852691,87.9525,13.4990883395257,195.45,495.23,33584.59,1.745
GP,2012-11-10,2012,315,4,-4.17,0,0.182242087470964,81.234,12.4105324734,180.52,448.68,33430,-0.085
GP,2012-11-11,2012,316,1.19,-6.39,0.99,0.143876927121373,85.1355,12.9473993140218,189.19,378.78,33277.88,-2.6
GP,2012-11-12,2012,317,15.03,-3.37,3.76,0.61464344249653,76.455,11.5750099805985,169.9,476.41,33128.31,5.83
GP,2012-11-13,2012,318,7.68,-1.57,3.58,0.25218432576805,61.1595,9.2182543352244,135.91,544.34,32981.36,3.055
GP,2012-11-14,2012,319,3.81,-5.67,0,0.201155683505914,82.881,12.4375901762304,184.18,400.32,32837.12,-0.93
GP,2012-11-15,2012,320,1.34,-6.35,0,0.146741179469734,72.018,10.760866220169,160.04,380.1,32695.65,-2.505
GP,2012-11-16,2012,321,3.31,-8.42,0,0.225543534728214,89.982,13.388036522067,199.96,323.83,32557.05,-2.555
GP,2012-11-17,2012,322,1.76,-9.33,0,0.196432172278797,87.7365,12.9995405171109,194.97,301.45,32421.38,-3.785
GP,2012-11-18,2012,323,3.82,-10.81,0,0.267743083851313,93.807,13.8421136506527,208.46,267.99,32288.73,-3.495
GP,2012-11-19,2012,324,5.15,-9.82,0,0.29586716734158,92.3355,13.5703132195473,205.19,289.92,32159.18,-2.335
GP,2012-11-20,2012,325,6.14,-8.93,0,0.316410140016032,90.7515,13.2851067941876,201.67,311.15,32032.81,-1.395
GP,2012-11-21,2012,326,8.77,-3.45,0,0.327869655196571,82.161,11.9813154232113,182.58,473.49,31909.69,2.66
GP,2012-11-22,2012,327,7.9,-5.3,0,0.326515986674429,83.7765,12.1710367670895,186.17,411.74,31789.9,1.3
GP,2012-11-23,2012,328,9.49,-4.26,2.28,0.369869865416161,62.667,9.0709249276107,139.26,445.59,31673.53,2.615
GP,2012-11-24,2012,329,3.99,-2.12,1.06,0.144856031019758,51.273,7.3952137348704,113.94,522.8,31560.64,0.935
GP,2012-11-25,2012,330,-1.94,-5.6,0,0.0642065352114889,33.705,4.844505004542,74.9,402.45,31451.32,-3.77
GP,2012-11-26,2012,331,-1.67,-10.5,0,0.13347123191956,68.976,9.8807826714048,153.28,274.76,31345.64,-6.085
GP,2012-11-27,2012,332,-2.07,-14.11,0,0.160375482210272,79.551,11.3585795636976,176.78,205.26,31243.68,-8.09
GP,2012-11-28,2012,333,-0.37,-11.26,1.86,0.168571725646956,83.2815,11.853870695167,185.07,258.55,31145.51,-5.815
GP,2012-11-29,2012,334,-6.1,-13.85,4.36,0.0896017641005792,50.5935,7.17941690238105,112.43,209.74,31051.19,-9.975
GP,2012-11-30,2012,335,-9.93,-19.02,0,0.0767442892625017,74.6505,10.562363145828,165.89,135.84,30960.8,-14.475
GP,2012-12-01,2012,336,-2.78,-21.2,0,0.193291531651139,94.3245,13.3088147172257,209.61,112.51,30874.41,-11.99
GP,2012-12-02,2012,337,3.02,-6.38,13.28,0.189970512686065,52.749,7.4228290255944,117.22,379.21,30792.08,-1.68
GP,2012-12-03,2012,338,3.43,0.38,0,0.0764250700533975,26.1,3.66345946476,58,627.95,30713.88,1.905
GP,2012-12-04,2012,339,5.2,0.25,10.46,0.131068273429722,29.844,4.1788810370088,66.32,621.87,30639.86,2.725
GP,2012-12-05,2012,340,4.06,-3.02,0,0.16371451210222,54.189,7.570493590473,120.42,489.07,30570.1,0.52
GP,2012-12-06,2012,341,-1.74,-8.52,0,0.108765177533085,53.1,7.40246704821,118,321.27,30504.63,-5.13
GP,2012-12-07,2012,342,0.56,-6.53,0,0.131192945743007,54.981,7.6493353411584,122.18,374.68,30443.52,-2.985
GP,2012-12-08,2012,343,0.42,-1.66,7.36,0.0445607350440177,14.247,1.9784484310599,31.66,540.94,30386.81,-0.62
GP,2012-12-09,2012,344,-1.26,-8.24,4.47,0.114890763799127,41.7105,5.78228046233175,92.69,328.34,30334.55,-4.75
GP,2012-12-10,2012,345,-1.56,-9.17,9.38,0.120348223987205,44.883,6.212286370908,99.74,305.3,30286.8,-5.365
GP,2012-12-11,2012,346,-5.44,-12.98,0,0.0919968281238608,59.6745,8.24779852510005,132.61,225.05,30243.57,-9.21
GP,2012-12-12,2012,347,-6.84,-14.87,0,0.0874864522024398,63.8775,8.817425532261,141.95,192.73,30204.92,-10.855
GP,2012-12-13,2012,348,-3.1,-15.74,0,0.154031571420013,81.4095,11.2248168869952,180.91,179.37,30170.88,-9.42
GP,2012-12-14,2012,349,1.52,-8.19,0,0.176442548797781,70.227,9.6735247125633,156.06,329.6,30141.47,-3.335
GP,2012-12-15,2012,350,-8.14,-17.34,0,0.0879584224963794,68.8815,9.4803957584676,153.07,156.76,30116.72,-12.74
GP,2012-12-16,2012,351,-6.46,-18.65,3.29,0.119116232794435,59.796,8.2244456578152,132.88,140.26,30096.66,-12.555
GP,2012-12-17,2012,352,-0.29,-8.21,15.11,0.134997595847917,46.503,6.3928369459359,103.34,329.06,30081.29,-4.25
GP,2012-12-18,2012,353,0.5,-3.5,21.77,0.0810126892689849,26.3295,3.6182742655716,58.51,471.83,30070.64,-1.5
GP,2012-12-19,2012,354,1.6,-0.43,4.74,0.0470568150297108,14.904,2.0477458809288,33.12,591.81,30064.71,0.585
GP,2012-12-20,2012,355,-0.06,-2.21,3.67,0.0445658878435982,16.1955,2.2251029031225,35.99,519.43,30063.5,-1.135
GP,2012-12-21,2012,356,1.75,-1.77,15.14,0.0783090670857881,25.551,3.5108690637321,56.78,536.6,30067.03,-0.01
GP,2012-12-22,2012,357,0.67,-6.98,5.66,0.140085321685941,50.319,6.9160461254424,111.82,361.95,30075.28,-3.155
GP,2012-12-23,2012,358,-9.02,-12.73,0,0.0404835943566632,39.06,5.37087899565,86.8,229.69,30088.25,-10.875
GP,2012-12-24,2012,359,-8.46,-17.26,0,0.083295730039892,75.744,10.4211700779744,168.32,157.88,30105.93,-12.86
GP,2012-12-25,2012,360,-9.31,-22.14,0,0.100016770632087,87.354,12.027451758174,194.12,103.58,30128.3,-15.725
GP,2012-12-26,2012,361,-8.25,-17.31,0,0.086276686259333,76.185,10.499047521003,169.3,157.23,30155.34,-12.78
GP,2012-12-27,2012,362,-4.61,-14.32,13.54,0.116833779708129,59.7915,8.24852006539965,132.87,201.75,30187.03,-9.465
GP,2012-12-28,2012,363,-4.88,-8.22,0,0.0488096930799021,35.6805,4.9282143447159,79.29,328.89,30223.34,-6.55
GP,2012-12-29,2012,364,-9.79,-12.81,0,0.0321003273575958,33.516,4.6355167440288,74.48,228.25,30264.24,-11.3
GP,2012-12-30,2012,365,-11.28,-15.02,0,0.0348809794355724,41.8995,5.80372111262835,93.11,190.33,30309.69,-13.15
GP,2013-01-01,2013,1,-10.46,-19.29,0,0.072381202717652,63.945,8.8720296688485,142.1,132.73,30359.89,-14.875
GP,2013-01-02,2013,2,-17.15,-27.36,0,0.0481925673600836,71.9055,9.9944061168186,159.79,64.6,30414.36,-22.255
GP,2013-01-03,2013,3,-16.22,-25.44,3.17,0.0485167821207083,50.6475,7.0533125718345,112.55,77.01,30473.26,-20.83
GP,2013-01-04,2013,4,-2.8,-19.4,2.78,0.183433340771553,70.101,9.7827306931521,155.78,131.53,30536.53,-11.1
GP,2013-01-05,2013,5,-6.69,-18.71,3.19,0.116209552690377,61.0695,8.5412364417261,135.71,139.51,30604.14,-12.7
GP,2013-01-06,2013,6,-7.8,-21.5,4.48,0.115963845810362,66.3345,9.2993945105133,147.41,109.54,30676.02,-14.65
GP,2013-01-07,2013,7,-10.94,-24.47,0,0.0914333763135641,88.785,12.477594272094,197.3,84.13,30752.12,-17.705
GP,2013-01-08,2013,8,0.52,-21.7,0,0.263790317254551,103.104,14.5277588915136,229.12,107.66,30832.37,-10.59
GP,2013-01-09,2013,9,1.83,-7.6,4.07,0.176351197070033,52.875,7.4706775749,117.5,345.06,30916.72,-2.885
GP,2013-01-10,2013,10,1.14,-3.59,0,0.0977840303563991,38.8935,5.5109486358045,86.43,468.42,31005.1,-1.225
GP,2013-01-11,2013,11,-0.42,-12.1,1.28,0.175946494766802,83.907,11.9244723787755,186.46,241.66,31097.45,-6.26
GP,2013-01-12,2013,12,2.31,-2.27,1.59,0.102281804374945,38.097,5.4309240562401,84.66,517.03,31193.69,0.02
GP,2013-01-13,2013,13,4.04,0.3,5.87,0.0957287883558993,23.787,3.4018368508125,52.86,623.95,31293.75,2.17
GP,2013-01-14,2013,14,5.53,-1.2,0,0.172625444056579,54.6705,7.8444977891886,121.49,559.39,31397.56,2.165
GP,2013-01-15,2013,15,-3.47,-10.36,0,0.0981122674985384,58.095,8.3644064704575,129.1,277.9,31505.05,-6.915
GP,2013-01-16,2013,16,-1.35,-14.57,0,0.178452722974927,94.248,13.617498196764,209.44,197.65,31616.15,-7.96
GP,2013-01-17,2013,17,-10.64,-22.27,0,0.0855707058124062,89.55,12.985611372495,199,102.36,31730.77,-16.455
GP,2013-01-18,2013,18,-12.75,-30.09,2.67,0.090493641209456,81.765,11.9008339765425,181.7,49.95,31848.85,-21.42
GP,2013-01-19,2013,19,-4.01,-19.04,15.2,0.159865085387948,79.1505,11.5642261017855,175.89,135.7,31970.3,-11.525
GP,2013-01-20,2013,20,2.24,-16.03,2.79,0.271701831076218,84.951,12.4601312456928,188.78,175.11,32095.04,-6.895
GP,2013-01-21,2013,21,-16.33,-27.52,0,0.0544039258470964,93.4245,13.757608722195,207.61,63.6,32223,-21.925
GP,2013-01-22,2013,22,-16.73,-30.83,0,0.0600374627632852,107.4375,15.8855144277938,238.75,46.57,32354.09,-23.78
GP,2013-01-23,2013,23,-21.55,-32.29,0,0.0350634706250744,93.474,13.878206529885,207.72,40.44,32488.25,-26.92
GP,2013-01-24,2013,24,-17.63,-29.48,0,0.0508275658905325,100.2555,14.9478931955763,222.79,52.95,32625.38,-23.555
GP,2013-01-25,2013,25,-15.49,-23.15,0,0.0450805072781665,73.872,11.0614398995664,164.16,94.71,32765.41,-19.32
GP,2013-01-26,2013,26,-11.12,-29.37,0,0.104798103298684,123.4305,18.5628052457001,274.29,53.5,32908.26,-20.245
GP,2013-01-27,2013,27,-10.37,-22.75,0,0.0905906779950399,106.254,16.0503191208108,236.12,98.15,33053.86,-16.56
GP,2013-01-28,2013,28,-8.29,-24.41,0,0.122062498459228,121.509,18.4370087437956,270.02,84.56,33202.12,-16.35
GP,2013-01-29,2013,29,-0.11,-13.2,5.25,0.193002437887016,83.61,12.744089304192,185.8,221.05,33352.96,-6.655
GP,2013-01-30,2013,30,6.99,-4.47,13.59,0.281028085415089,76.932,11.7801265207968,170.96,438.52,33506.32,1.26
GP,2013-01-31,2013,31,7.73,-10.58,3.81,0.389845869236075,96.7635,14.8856901430095,215.03,273.03,33662.1,-1.425
GP,2013-02-01,2013,32,-12.2,-17.45,0,0.0430755631271587,57.2535,8.84901751302375,127.23,155.41,33820.25,-14.825
GP,2013-02-02,2013,33,-14.98,-25.56,0,0.0583030227972782,104.211,16.1830993782609,231.58,76.17,33980.67,-20.27
GP,2013-02-03,2013,34,-8.76,-25.22,1.01,0.119120098228722,132.849,20.7290839771683,295.22,78.61,34143.31,-16.99
GP,2013-02-04,2013,35,-7.36,-18.03,0,0.102627150100467,107.3025,16.823736386694,238.45,147.95,34308.08,-12.695
GP,2013-02-05,2013,36,-12.94,-27.67,1.5,0.0823691692987303,130.941,20.6297988997167,290.98,62.74,34474.91,-20.305
GP,2013-02-06,2013,37,-7.34,-17.6,0,0.100220567823256,107.8155,17.0695539253629,239.59,153.38,34643.74,-12.47
GP,2013-02-07,2013,38,-17.53,-26.6,0.83,0.0433910576630248,103.5765,16.4792510173265,230.17,69.24,34814.49,-22.065
GP,2013-02-08,2013,39,-11.62,-25.92,2.59,0.0896081740706216,102.411,16.374602014317,227.58,73.72,34987.1,-18.77
GP,2013-02-09,2013,40,-8.86,-16.73,0,0.0746750762699821,92.7225,14.8993981797375,206.05,165.14,35161.5,-12.795
GP,2013-02-10,2013,41,-5.66,-22.32,0,0.150104518558123,146.952,23.7317147951832,326.56,101.95,35337.63,-13.99
GP,2013-02-11,2013,42,-1.09,-18.6,6.59,0.212199257929371,112.194,18.2096947065978,249.32,140.85,35515.41,-9.845
GP,2013-02-12,2013,43,2.74,-4.33,0,0.150386064977864,82.26,13.418678154078,182.8,443.29,35694.79,-0.795
GP,2013-02-13,2013,44,-0.23,-5.9,0,0.1040902573706,69.012,11.3146550582364,153.36,393.35,35875.71,-3.065
GP,2013-02-14,2013,45,2.49,-9.4,2.77,0.215851017016233,95.1255,15.6753046973835,211.39,299.72,36058.1,-3.455
GP,2013-02-15,2013,46,0.8,-6.49,3.67,0.135932375133111,66.879,11.0768697339273,148.62,376.07,36241.91,-2.845
GP,2013-02-16,2013,47,-3.43,-14.2,0,0.13602160499279,124.992,20.8076376759552,277.76,203.66,36427.08,-8.815
GP,2013-02-17,2013,48,-9.35,-18.43,0,0.0799057325578483,114.0795,19.0882295309183,253.51,142.93,36613.55,-13.89
GP,2013-02-18,2013,49,-4.97,-17.27,0,0.132975603077663,142.2,23.91545251458,316,157.79,36801.27,-11.12
GP,2013-02-19,2013,50,-1.24,-18.86,7.43,0.21058530102585,126.765,21.429004966389,281.7,137.83,36990.18,-10.05
GP,2013-02-20,2013,51,0.12,-4.93,7.51,0.09673164322844,53.6265,9.11187441071415,119.17,423.48,37180.23,-2.405
GP,2013-02-21,2013,52,-2.59,-10.1,2.25,0.111229287590856,79.479,13.5739927611711,176.62,283.68,37371.37,-6.345
GP,2013-02-22,2013,53,0.69,-13.12,0,0.210211330499389,160.992,27.6367672174464,357.76,222.62,37563.56,-6.215
GP,2013-02-23,2013,54,-1.57,-8.27,12.85,0.109120933249649,74.6595,12.8823699382371,165.91,327.46,37756.74,-4.92
GP,2013-02-24,2013,55,0.36,-2.72,3.84,0.0639045137472016,37.5975,6.5207385869445,83.55,499.86,37950.86,-1.18
GP,2013-02-25,2013,56,2.68,-2.89,0,0.123603788888359,88.857,15.4901450583612,197.46,493.7,38145.88,-0.105
GP,2013-02-26,2013,57,4.04,-2.94,0,0.16185181052526,110.691,19.3954810456512,245.98,491.82,38341.76,0.55
GP,2013-02-27,2013,58,3.86,-2.58,24.61,0.15007764593102,80.091,14.1056843052015,177.98,505.14,38538.45,0.64
GP,2013-02-28,2013,59,0,-2.28,7.28,0.0474521304469189,33.4845,5.92753028326515,74.41,516.53,38735.91,-1.14
GP,2013-03-01,2013,60,1.31,-1.94,2.82,0.0712219888091522,46.5165,8.27662462050645,103.37,529.6,38934.09,-0.315
GP,2013-03-02,2013,61,1.15,-3.23,2.43,0.0916861949538975,64.1925,11.4800373176333,142.65,481.14,39132.97,-1.04
GP,2013-03-03,2013,62,3.18,-2.21,0,0.124277599136407,103.7475,18.648554362416,230.55,519.13,39332.48,0.485
GP,2013-03-04,2013,63,3.1,-4.18,1.5,0.157639667705393,136.332,24.6302882243964,302.96,448.15,39532.61,-0.54
GP,2013-03-05,2013,64,5.71,-2.92,0,0.211697909475595,156.8745,28.4854641479492,348.61,492.64,39733.31,1.395
GP,2013-03-06,2013,65,2.97,-1.57,0,0.105947033387633,96.0165,17.5230970407428,213.37,544.35,39934.55,0.7
GP,2013-03-07,2013,66,1.04,-2.48,0,0.0748699912849763,79.614,14.6030227673544,176.92,509.14,40136.28,-0.72
GP,2013-03-08,2013,67,5.89,-7.47,0,0.289615054834179,203.76,37.562514889536,452.8,348.6,40338.48,-0.79
GP,2013-03-09,2013,68,7.39,-8.93,0,0.358633706370669,214.1865,39.6829383602355,475.97,311.18,40541.1,-0.77
GP,2013-03-10,2013,69,3.64,-6.31,0,0.206101711360025,184.6395,34.379999365487,410.31,381.06,40744.13,-1.335
GP,2013-03-11,2013,70,7.5,0.17,11.24,0.208710720237119,113.346,21.2104506608622,251.88,618.28,40947.51,3.835
GP,2013-03-12,2013,71,6.66,0.48,11.95,0.172594887642878,102.879,19.3475400776469,228.62,632.47,41151.23,3.57
GP,2013-03-13,2013,72,3.75,-0.3,0,0.100848975222736,100.3635,18.9680437979118,223.03,597.32,41355.24,1.725
GP,2013-03-14,2013,73,-2.12,-8.71,0,0.103660100708115,155.9205,29.6135138013912,346.49,316.58,41559.52,-5.415
GP,2013-03-15,2013,74,-4.02,-15.15,0,0.133333995159516,211.5225,40.371536069613,470.05,188.42,41764.04,-9.585
GP,2013-03-16,2013,75,-4.65,-12.63,0,0.101350509273589,181.737,34.8566620754493,403.86,231.5,41968.77,-8.64
GP,2013-03-17,2013,76,-7.08,-16.38,0,0.0954984833779753,200.0655,38.5593584355095,444.59,169.98,42173.67,-11.73
GP,2013-03-18,2013,77,-3.1,-20.7,0,0.1849236732082,239.94,46.469348885718,533.2,117.54,42378.71,-11.9
GP,2013-03-19,2013,78,-5.32,-11.97,14.7,0.0841538694000743,122.886,23.9146394369976,273.08,244.34,42583.88,-8.645
GP,2013-03-20,2013,79,-2.42,-7.22,7.37,0.0784901356858414,96.5655,18.8830285598786,214.59,355.44,42789.13,-4.82
GP,2013-03-21,2013,80,-0.6,-7.18,0,0.114451830863101,172.116,33.8181418301328,382.48,356.61,42994.44,-3.89
GP,2013-03-22,2013,81,1.26,-8.55,0,0.174745826558906,217.98,43.034264362908,484.4,320.44,43199.78,-3.645
GP,2013-03-23,2013,82,3.73,-6.84,0,0.216160830245825,224.9775,44.6268412270643,499.95,365.92,43405.11,-1.555
GP,2013-03-24,2013,83,5.63,-1.9,0,0.189952144264312,189.819,37.8308544548886,421.82,531.18,43610.42,1.865
GP,2013-03-25,2013,84,7.32,-3.74,0,0.279958790190773,230.5125,46.1572725130987,512.25,463.37,43815.67,1.79
GP,2013-03-26,2013,85,7.94,-4.06,0,0.30752464353202,236.529,47.5837780581252,525.62,452.39,44020.84,1.94
GP,2013-03-27,2013,86,7.4,-2.27,2.21,0.255964903548403,162.2205,32.7867537550878,360.49,516.95,44225.88,2.565
GP,2013-03-28,2013,87,8.46,-1.71,0,0.28353674411972,221.5755,44.9906093830773,492.39,538.72,44430.78,3.375
GP,2013-03-29,2013,88,8.38,0.25,0,0.238875513261067,195.4305,39.8647499693414,434.29,621.84,44635.51,4.315
GP,2013-03-30,2013,89,7.5,-5.09,0,0.308917348322061,242.478,49.6883340301338,538.84,418.34,44840.03,1.205
GP,2013-03-31,2013,90,9.9,-6.95,5.2,0.427769685139321,195.1785,40.177981527161,433.73,362.97,45044.31,1.475
GP,2013-04-01,2013,91,5.8,-2.62,4.67,0.209087645112343,146.4975,30.2934662144798,325.55,503.66,45248.33,1.59
GP,2013-04-02,2013,92,-4.81,-10.22,0,0.0738810611513383,141.6645,29.4259581790506,314.81,281.04,45452.04,-7.515
GP,2013-04-03,2013,93,-0.08,-8.16,0,0.138986344590814,195.138,40.7146294979838,433.64,330.31,45655.43,-4.12
GP,2013-04-04,2013,94,5.32,-9.55,1.75,0.297802203097062,260.8875,54.6750064308938,579.75,296.34,45858.45,-2.115
GP,2013-04-05,2013,95,4.18,-2.69,2.49,0.161043165812799,126.9045,26.7132875537502,282.01,501.26,46061.08,0.745
GP,2013-04-06,2013,96,1.91,-9.8,0,0.205747055117431,240.2955,50.8040410565268,533.99,290.39,46263.28,-3.945
GP,2013-04-07,2013,97,4.91,-5.05,3,0.223654715802161,165.7215,35.1901477770475,368.27,419.56,46465.01,-0.07
GP,2013-04-08,2013,98,6.43,0.8,3.03,0.157770649755113,109.746,23.404954625325,243.88,647.01,46666.25,3.615
GP,2013-04-09,2013,99,8.01,-0.96,1.99,0.251680928802996,211.239,45.2435833652985,469.42,569.2,46866.95,3.525
GP,2013-04-10,2013,100,9.5,0.41,0,0.278397989071568,211.995,45.599394304422,471.1,629.08,47067.08,4.955
GP,2013-04-11,2013,101,2.77,-6.93,0,0.191303055935062,225.1845,48.641734992789,500.41,363.38,47266.6,-2.08
GP,2013-04-12,2013,102,1.28,-4.98,12.15,0.124283041679637,122.526,26.5779965898954,272.28,422.01,47465.47,-1.85
GP,2013-04-13,2013,103,3.17,-1.52,5.96,0.110072333252041,94.995,20.692088874369,211.1,546.61,47663.66,0.825
GP,2013-04-14,2013,104,8.04,-0.26,0,0.237514691064283,203.5485,44.5212104723424,452.33,599.37,47861.12,3.89
GP,2013-04-15,2013,105,9.22,-1.66,0,0.311718596138933,239.7825,52.6620377463053,532.85,540.63,48057.81,3.78
GP,2013-04-16,2013,106,8.04,1.33,9.75,0.200960130800456,130.293,28.7321294024469,289.54,672.39,48253.69,4.685
GP,2013-04-17,2013,107,10.1,-0.83,0,0.329770131292007,244.359,54.1036739538873,543.02,574.92,48448.71,4.635
GP,2013-04-18,2013,108,6.81,-2.98,5.02,0.249048866748265,174.0465,38.6901503579142,386.77,490.25,48642.84,1.915
GP,2013-04-19,2013,109,19.43,3.14,9.59,0.743392153861515,203.598,45.4391261198172,452.44,765.26,48836.02,11.285
GP,2013-04-20,2013,110,7.89,1.38,0,0.194277933874493,168.1875,37.6839095570438,373.75,674.83,49028.21,4.635
GP,2013-04-21,2013,111,6.54,-5.3,0,0.279188901974558,253.9485,57.1212530728808,564.33,411.81,49219.35,0.62
GP,2013-04-22,2013,112,12.58,-6.86,0,0.544819672529891,290.0655,65.4970810387424,644.59,365.49,49409.41,2.86
GP,2013-04-23,2013,113,14.19,-4.06,0,0.581886658581343,285.3,64.66733118072,634,452.19,49598.32,5.065
GP,2013-04-24,2013,114,19.24,0.72,4.06,0.791547461822542,210.6315,47.9233428590682,468.07,643.19,49786.04,9.98
GP,2013-04-25,2013,115,11.05,2.02,0,0.304313629868941,206.244,47.1008437106508,458.32,706.35,49972.51,6.535
GP,2013-04-26,2013,116,13.61,-2.99,0,0.533060016425217,278.685,63.880342242156,619.3,490.02,50157.68,5.31
GP,2013-04-27,2013,117,15.19,-2.48,0,0.609575708374022,281.7855,64.8277566995025,626.19,506.59,50341.5,6.355
GP,2013-04-28,2013,118,19.46,-2.02,0,0.888683869026246,290.214,67.0087227709422,644.92,503.12,50523.89,8.72
GP,2013-04-29,2013,119,21.53,1.97,0,0.968703138597722,281.7495,65.2872707334841,626.11,665.21,50704.81,11.75
GP,2013-04-30,2013,120,21.31,5.42,0,0.855607873803955,262.764,61.103349194616,583.92,857.86,50884.2,13.365
GP,2013-05-01,2013,121,24.76,5.94,0,1.18815737333537,273.933,63.9231554487438,608.74,835.37,51061.98,15.35
GP,2013-05-02,2013,122,20.98,5.5,0,0.844975940408482,255.1275,59.7401866542443,566.95,845.63,51238.11,13.24
GP,2013-05-03,2013,123,20.77,2.81,0,0.909658706714079,270.135,63.469627382214,600.3,687.5,51412.52,11.79
GP,2013-05-04,2013,124,24.5,3.01,0,1.24548303028161,281.6055,66.3868194108025,625.79,667.84,51585.13,13.755
GP,2013-05-05,2013,125,27.1,4.01,0,1.49629671057447,282.384,66.7907110548432,627.52,700.33,51755.89,15.555
GP,2013-05-06,2013,126,27.77,4.85,0,1.55163297414572,279.621,66.3529365392184,621.38,741.22,51924.72,16.31
GP,2013-05-07,2013,127,28.76,5.99,0,1.64118658523606,276.1335,65.7359072594982,613.63,797.57,52091.56,17.375
GP,2013-05-08,2013,128,29.06,7.21,2.62,1.52627991168172,199.746,47.7016366456548,443.88,987.87,52256.34,18.135
GP,2013-05-09,2013,129,23.19,14.63,4.69,0.584524903526215,106.803,25.5851647466958,237.34,1664.53,52418.98,18.91
GP,2013-05-10,2013,130,18.2,6.15,19.35,0.570636723119109,148.185,35.6070630097845,329.3,944.18,52579.41,12.175
GP,2013-05-11,2013,131,16.33,6.91,11.12,0.428549233497226,121.6755,29.3250856861643,270.39,995.31,52737.55,11.62
GP,2013-05-12,2013,132,14.64,6.31,1.67,0.353539010171676,145.7955,35.2420687133572,323.99,955.11,52893.35,10.475
GP,2013-05-13,2013,133,9.06,1.24,2.81,0.241451811761352,105.192,25.501004291448,233.76,668.12,53046.7,5.15
GP,2013-05-14,2013,134,14.98,-3.08,0,0.606901169754616,254.43,61.855190594505,565.4,486.62,53197.55,5.95
GP,2013-05-15,2013,135,15.21,-1.75,7.4,0.59434164791123,183.4965,44.7346846565091,407.77,537.03,53345.82,6.73
GP,2013-05-16,2013,136,13.28,6.93,1.4,0.262812218053595,110.0115,26.8929480755781,244.47,996.41,53491.42,10.105
GP,2013-05-17,2013,137,17.15,2.9,0,0.60023237125229,216.6075,53.092373984307,481.35,751.91,53634.28,10.025
GP,2013-05-18,2013,138,19.71,3.55,0,0.751816571613265,230.5665,56.6614043579196,512.37,787.82,53774.32,11.63
GP,2013-05-19,2013,139,20.33,3.73,10.49,0.791881228873543,174.9105,43.0936395391881,388.69,797.61,53911.46,12.03
GP,2013-05-20,2013,140,20.44,12.02,3.46,0.49603432342758,99.9045,24.6752609398353,222.01,1403.81,54045.62,16.23
GP,2013-05-21,2013,141,18.83,10.45,3.61,0.452057797467685,100.9485,24.9935978884644,224.33,1264.5,54176.72,14.64
GP,2013-05-22,2013,142,15.12,10.07,31.03,0.24054035396885,65.376,16.2245209994208,145.28,1232.93,54304.69,12.595
GP,2013-05-23,2013,143,19.38,11.66,12.3,0.436569608840621,96.2865,23.9505442544462,213.97,1370.63,54429.43,15.52
GP,2013-05-24,2013,144,12.08,5.22,4.3,0.260913885024105,91.98,22.930390240254,204.4,885.32,54550.89,8.65
GP,2013-05-25,2013,145,9.52,5.37,24.51,0.145806354682937,58.806,14.6919259656774,130.68,894.93,54668.97,7.445
GP,2013-05-26,2013,146,10.71,3.03,4.87,0.2631240078987,105.039,26.297674541028,233.42,759.13,54783.6,6.87
GP,2013-05-27,2013,147,18.87,0.73,0,0.765775286307093,251.829,63.1760452553763,559.62,643.81,54894.71,9.8
GP,2013-05-28,2013,148,21.76,1.13,0,0.968612216264225,262.0575,65.8707993271328,582.35,662.91,55002.21,11.445
GP,2013-05-29,2013,149,16.89,6.51,7.63,0.475918706600984,134.1225,33.7766803846448,298.05,968.03,55106.03,11.7
GP,2013-05-30,2013,150,25.86,13.39,0.95,0.895309906176436,175.8105,44.3555610413085,390.69,1535.22,55206.1,19.625
GP,2013-05-31,2013,151,29.83,14.23,6.22,1.28545485750451,148.77,37.598900885415,330.6,1622.01,55302.35,22.03
GP,2013-06-01,2013,152,25.49,14.97,4.44,0.775437735986185,117.072,29.637219215088,260.16,1701.56,55394.7,20.23
GP,2013-06-02,2013,153,22.74,13.88,6.67,0.586491552196443,105.408,26.7270122867904,234.24,1585.09,55483.09,18.31
GP,2013-06-03,2013,154,18.99,10.93,0.67,0.442098943356745,136.8945,34.7634337579942,304.21,1305.85,55567.45,14.96
GP,2013-06-04,2013,155,17.52,6.77,0,0.505950461751478,179.4735,45.6419120127305,398.83,985.75,55647.71,12.145
GP,2013-06-05,2013,156,19.72,3.19,0,0.76285466854772,229.221,58.3729287310854,509.38,767.62,55723.82,11.455
GP,2013-06-06,2013,157,19.22,4.33,4.97,0.695263952573623,165.7845,42.2727919521421,368.41,832.16,55795.71,11.775
GP,2013-06-07,2013,158,15.73,10.81,8.15,0.243015206735981,73.5255,18.7707199033962,163.39,1295.81,55863.32,13.27
GP,2013-06-08,2013,159,15.22,10.39,7.86,0.232320586979839,73.278,18.7287288830406,162.84,1259.98,55926.61,12.805
GP,2013-06-09,2013,160,18.56,10.49,2.81,0.431762645609977,115.263,29.4904795923432,256.14,1268.32,55985.52,14.525
GP,2013-06-10,2013,161,24.47,6.8,0,1.0375057721493,234.1755,59.9729905395797,520.39,987.61,56039.99,15.635
GP,2013-06-11,2013,162,16.11,12.7,16.37,0.178563764183192,52.668,13.5004545014724,117.04,1468.11,56089.99,14.405
GP,2013-06-12,2013,163,22.45,11.55,1.59,0.674986398286022,185.922,47.6962706563992,413.16,1360.49,56135.48,17.0
GP,2013-06-13,2013,164,23.38,7.83,0,0.904295007684591,225.5355,57.9008704592264,501.19,1059.69,56176.41,15.605
GP,2013-06-14,2013,165,24.52,9.81,0,0.929509948895306,218.997,56.2586359056975,486.66,1211.94,56212.75,17.165
GP,2013-06-15,2013,166,23.72,7.32,0,0.95213331503579,228.5775,58.7529269603123,507.95,1023.45,56244.47,15.52
GP,2013-06-16,2013,167,13.25,7.79,6.97,0.231056853887481,83.691,21.5220560454198,185.98,1056.81,56271.54,10.52
GP,2013-06-17,2013,168,19.09,9,1.75,0.528200030318584,183.573,47.2265968356234,407.94,1147.58,56293.94,14.045
GP,2013-06-18,2013,169,19.68,4.76,0,0.714947396830451,228.294,58.750146040707,507.32,857.41,56311.65,12.22
GP,2013-06-19,2013,170,21.46,4.74,0,0.848339124844465,234.6615,60.4027267318058,521.47,856.07,56324.65,13.1
GP,2013-06-20,2013,171,23.13,5.79,0,0.952265158372059,234.1305,60.274904797858,520.29,921.05,56332.93,14.46
GP,2013-06-21,2013,172,26.55,11.22,3.47,1.0664366629868,161.703,41.6316920520879,359.34,1331.45,56336.49,18.885
GP,2013-06-22,2013,173,22.19,12.35,3.71,0.616666169064435,125.478,32.3046138031272,278.84,1434.31,56335.32,17.27
GP,2013-06-23,2013,174,24.55,14.19,2.93,0.729567500041868,127.2105,32.7472201308987,282.69,1617.03,56329.42,19.37
GP,2013-06-24,2013,175,29.33,18.12,5.23,0.996591409947399,126.9675,32.67850358223,282.15,2079.2,56318.8,23.725
GP,2013-06-25,2013,176,30.72,17.63,0,1.19845223277807,185.1255,47.6340522619311,411.39,2015.26,56303.46,24.175
GP,2013-06-26,2013,177,17.4,12.92,0,0.246397069639913,84.717,21.7905064606467,188.26,1488.86,56283.43,15.16
GP,2013-06-27,2013,178,19.45,12.41,3.22,0.406685804711601,98.784,25.3975940674848,219.52,1440.06,56258.71,15.93
GP,2013-06-28,2013,179,14.18,11.9,22.22,0.110357196375091,38.0565,9.77930414195265,84.57,1392.21,56229.33,13.04
GP,2013-06-29,2013,180,18.74,11.95,2.79,0.378857397887793,99.135,25.459118330274,220.3,1397.64,56195.32,15.345
GP,2013-06-30,2013,181,23.77,12.71,0,0.733507956123492,189.09,48.52732374171,420.2,1468.53,56156.7,18.24
GP,2013-07-01,2013,182,23.2,11.41,0,0.744184639485403,197.289,50.592533697855,438.42,1348.08,56113.5,17.305
GP,2013-07-02,2013,183,20.89,12.54,0,0.505856978555159,156.735,40.1587308665415,348.3,1452.05,56065.77,16.715
GP,2013-07-03,2013,184,26.82,15.62,0,0.873151616005175,184.0635,47.1169287761423,409.03,1773.16,56013.55,21.22
GP,2013-07-04,2013,185,29.53,13.55,18.62,1.28446840027848,163.035,41.6917823330565,362.3,1552.11,55956.87,21.54
GP,2013-07-05,2013,186,29.4,18.43,0,0.985200151840977,176.238,45.0188974277514,391.64,2119.22,55895.79,23.915
GP,2013-07-06,2013,187,30.38,16.45,0,1.22906774670841,202.788,51.740283322206,450.64,1869.66,55830.35,23.415
GP,2013-07-07,2013,188,27.23,17.17,0,0.823235183412944,168.0435,42.821850864065,373.43,1957.8,55760.61,22.2
GP,2013-07-08,2013,189,23.7,15.14,0,0.601638949880866,152.1,38.70760250214,338,1719.46,55686.62,19.42
GP,2013-07-09,2013,190,27.92,15.75,0,0.982649278978579,188.3025,47.853421808067,418.45,1788.26,55608.44,21.835
GP,2013-07-10,2013,191,26.24,15.8,12.06,0.803686289943167,130.527,33.1218083743146,290.06,1793.7,55526.14,21.02
GP,2013-07-11,2013,192,23.68,13.98,0,0.661637605980547,166.7205,42.2402716356093,370.49,1595.75,55439.78,18.83
GP,2013-07-12,2013,193,25.48,8.23,0,1.08169119147803,227.943,57.6574636927842,506.54,1089.09,55349.42,16.855
GP,2013-07-13,2013,194,28.77,9.71,0,1.3705398885828,230.472,58.1978546686152,512.16,1203.83,55255.13,19.24
GP,2013-07-14,2013,195,30.82,14.13,0,1.41310526724773,214.7535,54.1323560852451,477.23,1611.62,55156.98,22.475
GP,2013-07-15,2013,196,32.9,15.6,0,1.61117690018119,213.6015,53.7424648083792,474.67,1771.26,55055.04,24.25
GP,2013-07-16,2013,197,31.86,19.46,0,1.22351503478375,176.382,44.2928126522412,391.96,2260.32,54949.38,25.66
GP,2013-07-17,2013,198,33.94,18.54,6.64,1.57988601100021,147.114,36.8695946511882,326.92,2133.43,54840.09,26.24
GP,2013-07-18,2013,199,27.19,16.65,8.41,0.850837255676319,123.2505,30.8253685347477,273.89,1894.28,54727.22,21.92
GP,2013-07-19,2013,200,29.87,20.11,18.87,0.924623151527253,113.436,28.3104126273924,252.08,2352.62,54610.87,24.99
GP,2013-07-20,2013,201,26.73,16.76,7.28,0.796467755293218,121.329,30.2138781153183,269.62,1907.29,54491.11,21.745
GP,2013-07-21,2013,202,21.59,7.35,0,0.773369312384284,212.805,52.8739145619885,472.9,1025.74,54368.01,14.47
GP,2013-07-22,2013,203,24.63,7.05,0,1.04347744963156,227.07,56.287107574434,504.6,1004.9,54241.66,15.84
GP,2013-07-23,2013,204,26.29,11.25,8.58,1.03914005950593,156.3615,38.6670159345272,347.47,1333.69,54112.13,18.77
GP,2013-07-24,2013,205,16.62,10.47,0,0.309758237161762,113.913,28.100778200595,253.14,1266.65,53979.5,13.545
GP,2013-07-25,2013,206,22.48,4.39,0,0.94071566416254,230.31,56.671551317295,511.8,835.29,53843.85,13.435
GP,2013-07-26,2013,207,23.98,7.83,0,0.956767700451924,215.8425,52.9748904116857,479.65,1059.99,53705.27,15.905
GP,2013-07-27,2013,208,25.58,9.46,0,1.04414396139298,211.3425,51.7338241415595,469.65,1183.44,53563.82,17.52
GP,2013-07-28,2013,209,26.16,14.53,22.18,0.865338365566802,126.522,30.8875028825286,281.16,1653.83,53419.59,20.345
GP,2013-07-29,2013,210,24.66,16.32,0,0.620298012215675,128.79,31.354705477998,286.2,1854.82,53272.66,20.49
GP,2013-07-30,2013,211,24.11,11.68,5.07,0.811794008628931,134.118,32.5601772700986,298.04,1372.53,53123.11,17.895
GP,2013-07-31,2013,212,26.06,11.02,0,1.02612522034641,198.1305,47.9629392243989,440.29,1313.58,52971.01,18.54
GP,2013-08-01,2013,213,25.58,13.77,9.48,0.847820164338929,125.7795,30.3595343983354,279.51,1574.5,52816.43,19.675
GP,2013-08-02,2013,214,23.83,14.44,5.16,0.650642219599866,106.002,25.5097769206644,235.56,1644.07,52659.46,19.135
GP,2013-08-03,2013,215,23.14,12.74,2.82,0.676562617524212,117.1845,28.1155822031381,260.41,1472.16,52500.17,17.94
GP,2013-08-04,2013,216,21.37,12.48,1.25,0.544974254398008,139.1895,33.2924003345196,309.31,1446.94,52338.64,16.925
GP,2013-08-05,2013,217,21.75,9.1,0,0.721083433065667,182.8305,43.594000224898,406.29,1155.28,52174.93,15.425
GP,2013-08-06,2013,218,24.91,9.53,0,0.976925427179743,199.9485,47.5241042112089,444.33,1189.48,52009.13,17.22
GP,2013-08-07,2013,219,25.73,9.71,9.72,1.04843661165513,150.759,35.7170225487327,335.02,1203.78,51841.29,17.72
GP,2013-08-08,2013,220,26.04,16.94,11.44,0.715587641058225,99.18,23.420237188374,220.4,1929.22,51671.49,21.49
GP,2013-08-09,2013,221,24.85,15.77,0,0.669501141642013,133.5735,31.4370751106299,296.83,1791.36,51499.81,20.31
GP,2013-08-10,2013,222,21.77,12.59,0,0.571122722274445,138.654,32.522847376914,308.12,1457.47,51326.3,17.18
GP,2013-08-11,2013,223,25.86,9.25,0,1.07999267926436,203.5935,47.5920587242139,452.43,1166.7,51151.03,17.555
GP,2013-08-12,2013,224,23.79,11.69,3.59,0.782588925891013,128.322,29.8928023701678,285.16,1373.64,50974.07,17.74
GP,2013-08-13,2013,225,19.19,12.65,9.28,0.376757119379403,79.9965,18.5700150142974,177.77,1463.3,50795.48,15.92
GP,2013-08-14,2013,226,17.62,11.74,0.88,0.315520589787611,99.9315,23.1153609340201,222.07,1378.14,50615.33,14.68
GP,2013-08-15,2013,227,21.71,8.26,6.1,0.749734650398426,142.137,32.7600018262503,315.86,1091.6,50433.67,14.985
GP,2013-08-16,2013,228,21.63,10.01,3.24,0.675262970514422,129.7755,29.8023083109499,288.39,1227.96,50250.57,15.82
GP,2013-08-17,2013,229,23.27,6.33,0,0.946394608944878,209.0835,47.8387199561976,464.63,956.41,50066.08,14.8
GP,2013-08-18,2013,230,27.04,8.8,0,1.21724536277576,208.5435,47.5380627555488,463.43,1131.95,49880.25,17.92
GP,2013-08-19,2013,231,27.87,13.44,0,1.10072713432456,182.52,41.449879723824,405.6,1541.04,49693.16,20.655
GP,2013-08-20,2013,232,28.13,14.71,0,1.06300346178347,173.2455,39.1945627650654,384.99,1673.35,49504.84,21.42
GP,2013-08-21,2013,233,29.12,16.41,1.82,1.07914324668239,165.7125,37.3468166115188,368.25,1865.74,49315.35,22.765
GP,2013-08-22,2013,234,24.54,17.16,13.03,0.558034736631747,83.673,18.7845974948475,185.94,1956.72,49124.75,20.85
GP,2013-08-23,2013,235,20.75,9.8,0,0.615496867687468,159.5115,35.6706276862194,354.47,1211.37,48933.08,15.275
GP,2013-08-24,2013,236,23.41,6.46,0,0.954314653278337,202.5,45.10558467,450,964.88,48740.4,14.935
GP,2013-08-25,2013,237,23.81,7.23,2.57,0.963207524268332,149.193,33.0997503783474,331.54,1017.19,48546.74,15.52
GP,2013-08-26,2013,238,23.99,15.62,0,0.599837079354265,124.6995,27.5547701039544,277.11,1773.84,48352.16,19.805
GP,2013-08-27,2013,239,26.87,15.46,0,0.886826121936763,155.3715,34.193563823686,345.27,1755.64,48156.71,21.165
GP,2013-08-28,2013,240,26.32,15.38,5.68,0.835611842034529,112.446,24.6458152600524,249.88,1746.06,47960.42,20.85
GP,2013-08-29,2013,241,19.2,14.76,0,0.26961564885821,71.6265,15.6345256607017,159.17,1678.5,47763.35,16.98
GP,2013-08-30,2013,242,20.81,13.02,13.11,0.47582645136906,90.99,19.778899058136,202.2,1499.18,47565.52,16.915
GP,2013-08-31,2013,243,24.46,15.17,0,0.667524818050687,136.3005,29.5045800016621,302.89,1723.5,47366.99,19.815
GP,2013-09-01,2013,244,24.73,12.59,0,0.825774485094036,164.268,35.4090844716804,365.04,1457.53,47167.79,18.66
GP,2013-09-02,2013,245,17.28,13.94,38.39,0.186818434440855,42.408,9.1026048218976,94.24,1592.02,46967.96,15.61
GP,2013-09-03,2013,246,20.31,12.98,0.59,0.441003083836911,114.966,24.571419160581,255.48,1494.82,46767.55,16.645
GP,2013-09-04,2013,247,18.82,10.77,0,0.437213533093575,126.9135,27.0083635643462,282.03,1292.27,46566.57,14.795
GP,2013-09-05,2013,248,15.81,3.48,0,0.504617950705892,175.644,37.2169368965772,390.32,783.51,46365.09,9.645
GP,2013-09-06,2013,249,19.96,1.94,1.25,0.812568163561358,201.1005,42.4252591669692,446.89,702.49,46163.12,10.95
GP,2013-09-07,2013,250,20.21,11.43,4.42,0.506275633393521,99.5355,20.9064761346645,221.19,1349.89,45960.7,15.82
GP,2013-09-08,2013,251,14.96,7.12,0,0.343585011974583,124.9335,26.1252829014786,277.63,1009.68,45757.88,11.04
GP,2013-09-09,2013,252,20.36,2.94,0.4,0.815958909868411,193.9995,40.3877552361791,431.11,754.12,45554.67,11.65
GP,2013-09-10,2013,253,16.23,11.63,3.17,0.235471654959531,56.4975,11.709367803054,125.55,1368.41,45351.12,13.93
GP,2013-09-11,2013,254,25.57,14.65,3.25,0.800937359477864,110.169,22.7303911505925,244.82,1666.48,45147.25,20.11
GP,2013-09-12,2013,255,22.89,13.35,4.54,0.62580675326414,100.98,20.74027886766,224.4,1531.56,44943.1,18.12
GP,2013-09-13,2013,256,16.22,11.19,10.49,0.25471436331556,60.1155,12.2909634444362,133.59,1328.98,44738.69,13.705
GP,2013-09-14,2013,257,14.37,8.58,4.73,0.259066552330834,70.452,14.3384403493548,156.56,1115.2,44534.07,11.475
GP,2013-09-15,2013,258,17.08,4.52,6.21,0.550163934822927,124.83,25.288644668175,277.4,843.06,44329.25,10.8
GP,2013-09-16,2013,259,11.6,3.62,1.3,0.286024154016849,126.756,25.5600829743084,281.68,791.43,44124.27,7.61
GP,2013-09-17,2013,260,17.91,0.5,0,0.707478247643928,187.956,37.7247628304964,417.68,633.3,43919.17,9.205
GP,2013-09-18,2013,261,20.51,3.3,0,0.817022336589914,183.501,36.6584996730015,407.78,773.87,43713.95,11.905
GP,2013-09-19,2013,262,23.06,3.32,0,1.01972164036897,185.886,36.9605725265034,413.08,774.65,43508.67,13.19
GP,2013-09-20,2013,263,23.07,12.88,0,0.66413387163536,135.234,26.7623033387292,300.52,1485.38,43303.34,17.975
GP,2013-09-21,2013,264,18.78,9.61,20.08,0.483211242902296,95.8725,18.88284243285,213.05,1195.45,43098,14.195
GP,2013-09-22,2013,265,13.54,8.12,7.47,0.233629410824575,63.369,12.4215627118644,140.82,1080.71,42892.68,10.83
GP,2013-09-23,2013,266,12.84,5.8,0,0.278567588719369,108.954,21.2548958375742,242.12,921.81,42687.39,9.32
GP,2013-09-24,2013,267,15.09,4.32,0,0.440235738057488,147.762,28.6870410969012,328.36,831.27,42482.18,9.705
GP,2013-09-25,2013,268,14.72,4.3,0,0.420226265427945,143.1855,27.6643277676365,318.19,830.55,42277.07,9.51
GP,2013-09-26,2013,269,17.36,3.88,0,0.585691954366164,160.317,30.8240616240621,356.26,806.41,42072.09,10.62
GP,2013-09-27,2013,270,21.09,5.27,0,0.803543302823928,165.258,31.6193865191568,367.24,888.32,41867.28,13.18
GP,2013-09-28,2013,271,22.54,5.3,0,0.917696719911883,165.627,31.5351009731835,368.06,890.62,41662.65,13.92
GP,2013-09-29,2013,272,21.74,4.28,0,0.884056178785618,164.403,31.1484832836075,365.34,828.86,41458.25,13.01
GP,2013-09-30,2013,273,22.26,4.64,0,0.914995713519355,161.9415,30.531023915909,359.87,850.32,41254.09,13.45
GP,2013-10-01,2013,274,22.47,6.56,0,0.87149327211314,153.5265,28.8014954657931,341.17,971.52,41050.22,14.515
GP,2013-10-02,2013,275,23.75,9.23,0,0.883840753146898,142.551,26.6098928041269,316.78,1165.12,40846.67,16.49
GP,2013-10-03,2013,276,20.39,5.5,0,0.743646785590578,144.891,26.9121430422702,321.98,902.73,40643.46,12.945
GP,2013-10-04,2013,277,16.7,5.61,0,0.49376062718071,121.662,22.4848018266642,270.36,909.54,40440.63,11.155
GP,2013-10-05,2013,278,16.25,3.49,0,0.529722542659686,132.444,24.3549443475468,294.32,784.21,40238.21,9.87
GP,2013-10-06,2013,279,14.25,1.95,4.59,0.459406922376447,97.677,17.8715325521736,217.06,702.86,40036.24,8.1
GP,2013-10-07,2013,280,22.45,8.19,9.91,0.812391730073796,99.972,18.19938349539,222.16,1086.15,39834.75,15.32
GP,2013-10-08,2013,281,13.83,4.46,0,0.369013849387834,103.896,18.8183010673944,230.88,839.67,39633.77,9.145
GP,2013-10-09,2013,282,17.2,-0.48,0,0.684291364823035,147.933,26.6590665085635,328.74,589.91,39433.35,8.36
GP,2013-10-10,2013,283,19.96,0.45,0,0.848248130284592,148.14,26.561085193296,329.2,631.17,39233.52,10.205
GP,2013-10-11,2013,284,22.13,3.61,0,0.93395715714808,141.5655,25.2534225377772,314.59,791.18,39034.32,12.87
GP,2013-10-12,2013,285,18.55,5.49,0,0.614849831263789,118.026,20.9471971901796,262.28,902.04,38835.78,12.02
GP,2013-10-13,2013,286,16.88,5.47,6.39,0.508586313612837,79.4205,14.0237090574458,176.49,901.22,38637.95,11.175
GP,2013-10-14,2013,287,14.88,8,4.43,0.308182324304926,51.255,9.0042106387545,113.9,1071.93,38440.87,11.44
GP,2013-10-15,2013,288,15.26,2.75,0,0.493207797126661,111.456,19.4800216482144,247.68,744.18,38244.57,9.005
GP,2013-10-16,2013,289,15.98,8.32,10.56,0.357436219207996,54.8775,9.54234295549425,121.95,1096.15,38049.11,12.15
GP,2013-10-17,2013,290,15.97,9.36,5.36,0.316909716625587,48.3075,8.35696572544575,107.35,1175.92,37854.53,12.665
GP,2013-10-18,2013,291,13.8,8.14,3.06,0.245990185686702,42.93,7.388689851387,95.4,1082.28,37660.87,10.97
GP,2013-10-19,2013,292,11.81,1.7,6.54,0.345938935321318,73.0395,12.5065230983127,162.31,690.64,37468.18,6.755
GP,2013-10-20,2013,293,10.68,4.53,3.04,0.219517462167432,47.601,8.109001951605,105.78,843.67,37276.5,7.605
GP,2013-10-21,2013,294,8.3,-2.32,3.31,0.289348968899162,75.168,12.739665295584,167.04,515.09,37085.9,2.99
GP,2013-10-22,2013,295,9.71,2.95,6.43,0.223984985555292,50.6025,8.53241887017,112.45,754.6,36896.4,6.33
GP,2013-10-23,2013,296,8.15,-3.09,0,0.298347254808343,100.9935,16.9422580720836,224.43,486.25,36708.08,2.53
GP,2013-10-24,2013,297,5.06,-2.77,0,0.188783927354337,76.2075,12.7190952232268,169.35,498.12,36520.97,1.145
GP,2013-10-25,2013,298,8.31,-0.31,0,0.24847161007886,80.9775,13.4464426130295,179.95,597.26,36335.14,4.0
GP,2013-10-26,2013,299,4.47,-3.2,8.28,0.178956740061741,55.692,9.2007875939616,123.76,482.46,36150.64,0.635
GP,2013-10-27,2013,300,6.36,1.62,3.76,0.135665785559148,36.108,5.9351285195712,80.24,686.43,35967.52,3.99
GP,2013-10-28,2013,301,4.49,-2.26,0,0.162261036701587,67.9725,11.1163164656445,151.05,517.18,35785.86,1.115
GP,2013-10-29,2013,302,3.04,-4.74,0,0.165304434102538,77.7645,12.6536841676229,172.81,429.61,35605.69,-0.85
GP,2013-10-30,2013,303,6.28,-6.65,0,0.290875015606286,107.9055,17.4700948201771,239.79,371.36,35427.09,-0.185
GP,2013-10-31,2013,304,14.2,-5.9,26.25,0.611740424045632,90.2925,14.5454981990243,200.65,393.46,35250.13,4.15
GP,2013-11-01,2013,305,17.31,4.23,6.87,0.572548934673551,75.492,12.100768533234,167.76,826.45,35074.85,10.77
GP,2013-11-02,2013,306,5.55,-0.06,0,0.148916038545988,56.394,8.9947910103714,125.32,607.98,34901.33,2.745
GP,2013-11-03,2013,307,2.93,-5.32,0,0.171527984408636,78.543,12.4659058339413,174.54,411.21,34729.63,-1.195
GP,2013-11-04,2013,308,3.79,-8.39,0,0.238685774490447,99.846,15.7695152298804,221.88,324.38,34559.82,-2.3
GP,2013-11-05,2013,309,6.28,-5.21,0,0.269330175635836,94.9905,14.9297806481225,211.09,414.48,34391.97,0.535
GP,2013-11-06,2013,310,11.41,1.03,2.88,0.344585325336289,65.2545,10.2066850946497,145.01,657.77,34226.15,6.22
GP,2013-11-07,2013,311,10.07,1.5,0,0.275692986740104,75.7125,11.7858094123838,168.25,680.54,34062.43,5.785
GP,2013-11-08,2013,312,4.41,-0.36,0,0.120867117361049,47.529,7.3635264096264,105.62,594.92,33900.88,2.025
GP,2013-11-09,2013,313,3.94,-1.22,0,0.125368597372638,52.56,8.104700522736,116.8,558.76,33741.58,1.36
GP,2013-11-10,2013,314,0.65,-2.52,6.07,0.0665666847151952,26.2395,4.02727982132385,58.31,507.57,33584.59,-0.935
GP,2013-11-11,2013,315,0.65,-2.23,2.31,0.0610924220408696,24.399,3.7275596649,54.22,518.55,33430,-0.79
GP,2013-11-12,2013,316,-2.16,-7.16,0,0.0825786304769481,54.612,8.3053881322992,121.36,357.14,33277.88,-4.66
GP,2013-11-13,2013,317,0.47,-8.68,0,0.157747251050593,84.2355,12.7529494895129,187.19,317.32,33128.31,-4.105
GP,2013-11-14,2013,318,2.94,-3.3,0,0.138125141105292,64.044,9.6530200646688,142.32,478.64,32981.36,-0.18
GP,2013-11-15,2013,319,5.31,-2.01,0,0.182171797618734,70.9605,10.6487327336832,157.69,526.82,32837.12,1.65
GP,2013-11-16,2013,320,9.74,-0.71,0,0.312545087685685,84.951,12.6933037055955,188.78,579.98,32695.65,4.515
GP,2013-11-17,2013,321,10.96,-2.85,28.12,0.406097984981051,69.2505,10.3034853989843,153.89,495.24,32557.05,4.055
GP,2013-11-18,2013,322,11.05,3.7,2.53,0.259448090601737,48.951,7.2528595037766,108.78,795.86,32421.38,7.375
GP,2013-11-19,2013,323,0.53,-1.92,0,0.0523639901128331,25.9245,3.82540615664445,57.61,530.52,32288.73,-0.695
GP,2013-11-20,2013,324,1.53,-6.19,0,0.149046035505024,69.759,10.2523025259234,155.02,384.75,32159.18,-2.33
GP,2013-11-21,2013,325,2.01,-9.55,0,0.205309805544247,85.4865,12.5143637511371,189.97,296.23,32032.81,-3.77
GP,2013-11-22,2013,326,1.13,-2.21,7.02,0.0721431625981169,25.119,3.6630355292127,55.82,519.14,31909.69,-0.54
GP,2013-11-23,2013,327,-2.31,-7.15,0,0.0797823687337452,47.385,6.884085360555,105.3,357.2,31789.9,-4.73
GP,2013-11-24,2013,328,-7.03,-10.62,0,0.0451388664264751,36.693,5.3112395418453,81.54,272.09,31673.53,-8.825
GP,2013-11-25,2013,329,-2.8,-14.51,3.91,0.149908360286428,69.975,10.09264293288,155.5,198.6,31560.64,-8.655
GP,2013-11-26,2013,330,0.91,-7.63,16.14,0.154563035231726,59.3595,8.5318912569978,131.91,344.2,31451.32,-3.36
GP,2013-11-27,2013,331,1.04,-2.39,9.13,0.07336192957798,27.666,3.9631427364168,61.48,512.35,31345.64,-0.675
GP,2013-11-28,2013,332,-6.41,-11.95,0,0.067659861573449,58.05,8.28858900168,129,244.63,31243.68,-9.18
GP,2013-11-29,2013,333,-5.75,-19.65,0,0.135333587571535,95.9895,13.6626636299027,213.31,128.77,31145.51,-12.7
GP,2013-11-30,2013,334,-7.15,-21.82,3.23,0.126182759031526,72.5625,10.2969045228938,161.25,106.56,31051.19,-14.485
GP,2013-12-01,2013,335,-2.51,-9.9,1.51,0.110422703608059,71.811,10.160599860216,159.58,288.25,30960.8,-6.205
GP,2013-12-02,2013,336,-1.3,-4.08,2.82,0.0523544330549327,23.085,3.2572023996645,51.3,451.58,30874.41,-2.69
GP,2013-12-03,2013,337,0.75,-3,0,0.0778182433733888,40.3605,5.6795217139188,89.69,489.75,30792.08,-1.125
GP,2013-12-04,2013,338,0.74,-4.07,0,0.096595331661473,51.2505,7.1936448007158,113.89,451.92,30713.88,-1.665
GP,2013-12-05,2013,339,2.8,-3.53,4.5,0.138396765982794,47.925,6.710657877585,106.5,470.57,30639.86,-0.365
GP,2013-12-06,2013,340,2.27,-3.06,0,0.116160225433251,56.34,7.87099981338,125.2,487.41,30570.1,-0.395
GP,2013-12-07,2013,341,-4.29,-14.38,0,0.122622010366415,84.1455,11.7304009605491,186.99,200.76,30504.63,-9.335
GP,2013-12-08,2013,342,-4.97,-19.13,0,0.144637643900027,90.7335,12.6234693471744,201.63,134.56,30443.52,-12.05
GP,2013-12-09,2013,343,-2.67,-16.71,11.03,0.16890186783085,67.599,9.3873191191983,150.22,165.4,30386.81,-9.69
GP,2013-12-10,2013,344,-3.61,-12.41,0,0.116823536873205,75.375,10.4491528475625,167.5,235.69,30334.55,-8.01
GP,2013-12-11,2013,345,-6.73,-20.72,0,0.126674948956602,88.8885,12.303117373626,197.53,117.34,30286.8,-13.725
GP,2013-12-12,2013,346,-15.09,-28.2,3.2,0.0656125986360473,65.4075,9.04017431282175,145.35,59.72,30243.57,-21.645
GP,2013-12-13,2013,347,-15.62,-23.92,0,0.0472251649758792,70.7355,9.7640797422762,157.19,88.42,30204.92,-19.77
GP,2013-12-14,2013,348,-15.06,-31.5,12.18,0.0738408256461034,68.418,9.4335368940288,152.04,43.65,30170.88,-23.28
GP,2013-12-15,2013,349,-12.27,-19.16,16.82,0.0529405765098008,46.179,6.3609964501041,102.62,134.32,30141.47,-15.715
GP,2013-12-16,2013,350,-15.25,-23.78,0,0.0495138198934932,71.802,9.8823541335408,159.56,89.52,30116.72,-19.515
GP,2013-12-17,2013,351,-14.34,-32.28,4.72,0.0812428272827747,69.516,9.5613513336792,154.48,40.46,30096.66,-23.31
GP,2013-12-18,2013,352,-9,-20.17,0,0.0940592725519173,81.288,11.1747829099464,180.64,123.02,30081.29,-14.585
GP,2013-12-19,2013,353,-7.55,-15.97,5.17,0.0860499172420513,51.552,7.0844214640896,114.56,175.99,30070.64,-11.76
GP,2013-12-20,2013,354,-7.83,-12.78,13,0.0559049593068698,34.209,4.7001703462623,76.02,228.83,30064.71,-10.305
GP,2013-12-21,2013,355,-8.72,-11.26,8.19,0.0296328326225576,19.323,2.654790737985,42.94,258.65,30063.5,-9.99
GP,2013-12-22,2013,356,-8.37,-10.41,9.49,0.0249791421799844,16.2765,2.23649408304315,36.17,276.75,30067.03,-9.39
GP,2013-12-23,2013,357,-7.32,-10.59,0.97,0.0408336997360831,32.7555,4.5020479115628,72.79,272.73,30075.28,-8.955
GP,2013-12-24,2013,358,-11.84,-21.01,0,0.0671635253850599,76.1805,10.4750703361012,169.29,114.34,30088.25,-16.425
GP,2013-12-25,2013,359,-14.09,-23.92,0,0.0594470665528225,79.7265,10.9690987566227,177.17,88.41,30105.93,-19.005
GP,2013-12-26,2013,360,-8.78,-19.25,1.76,0.0916240284151525,82.0845,11.3019136369695,182.41,133.24,30128.3,-14.015
GP,2013-12-27,2013,361,-5.17,-16.42,1.44,0.124072407113767,83.8485,11.5551537187743,186.33,169.37,30155.34,-10.795
GP,2013-12-28,2013,362,-2.07,-16.2,3.08,0.176701602765957,67.8735,9.36347016982185,150.83,172.61,30187.03,-9.135
GP,2013-12-29,2013,363,-10.02,-12.94,2.69,0.0307736049206689,22.0995,3.0523976096481,49.11,225.76,30223.34,-11.48
GP,2013-12-30,2013,364,-13.6,-22.61,0,0.0581913825581457,77.4675,10.714342205754,172.15,99.37,30264.24,-18.105
GP,2013-12-31,2013,365,-19.17,-27.17,1.21,0.0350355945108752,72.486,10.0404188252838,161.08,65.73,30309.69,-23.17
GP,2014-01-01,2014,1,-19.26,-32.47,0,0.0474330750552993,78.669,10.9149065918937,174.82,39.75,30359.89,-25.865
GP,2014-01-02,2014,2,-24.21,-35.95,0,0.0296319732142667,74.4885,10.3534266507102,165.53,28.16,30414.36,-30.08
GP,2014-01-03,2014,3,-21.02,-31.35,0,0.0357496328156442,69.4845,9.6766059015279,154.41,44.29,30473.26,-26.185
GP,2014-01-04,2014,4,-11.89,-33.57,3.32,0.105841560490994,69.435,9.6897890997135,154.3,35.66,30536.53,-22.73
GP,2014-01-05,2014,5,0.29,-14.89,21.91,0.216140403607036,64.422,9.0101201753556,143.16,192.51,30604.14,-7.3
GP,2014-01-06,2014,6,3.45,-10.9,10.96,0.258378335930606,63.567,8.9114203144638,141.26,266.08,30676.02,-3.725
GP,2014-01-07,2014,7,-15.12,-19.57,0,0.0305307572560558,36.0585,5.0675602079214,80.13,129.61,30752.12,-17.345
GP,2014-01-08,2014,8,-10.52,-20.28,0,0.0770736010774709,70.4295,9.92379340132155,156.51,121.93,30832.37,-15.4
GP,2014-01-09,2014,9,-9.38,-21.03,0,0.0938837950535941,79.767,11.2702323993768,177.26,114.2,30916.72,-15.205
GP,2014-01-10,2014,10,-5.32,-24.62,2,0.164841238090144,97.5915,13.8280623700905,216.87,82.96,31005.1,-14.97
GP,2014-01-11,2014,11,3.15,-10.02,16.25,0.240383301378762,64.674,9.191167919541,143.72,285.52,31097.45,-3.435
GP,2014-01-12,2014,12,2.92,-0.17,0,0.0749604571724004,26.1945,3.73416122506185,58.21,603.33,31193.69,1.375
GP,2014-01-13,2014,13,3.5,-3.22,6.59,0.151783223405922,40.2345,5.75403391659375,89.41,481.63,31293.75,0.14
GP,2014-01-14,2014,14,3.29,-0.52,3.46,0.0927680129097104,24.0795,3.4550915853114,53.51,587.92,31397.56,1.385
GP,2014-01-15,2014,15,0.74,-4.27,0,0.0998835459668216,42.2055,6.07666679213175,93.79,445.26,31505.05,-1.765
GP,2014-01-16,2014,16,0.1,-7.86,0,0.139053866725913,64.593,9.3327716346615,143.54,338.13,31616.15,-3.88
GP,2014-01-17,2014,17,-1.69,-9.94,0.76,0.126800401498757,67.491,9.7868441891799,149.98,287.27,31730.77,-5.815
GP,2014-01-18,2014,18,0.18,-8.64,1.21,0.150744331904227,71.7075,10.4369724499837,159.35,318.26,31848.85,-4.23
GP,2014-01-19,2014,19,-3.93,-9.09,2.19,0.0755381342614895,34.749,5.076977312979,77.22,307.12,31970.3,-6.51
GP,2014-01-20,2014,20,-12.75,-22.53,0,0.0655521194973901,81.09,11.893821646752,180.2,100.03,32095.04,-17.64
GP,2014-01-21,2014,21,-19.49,-30.62,0,0.0422752605212016,89.5815,13.191691962465,199.07,47.51,32223,-25.055
GP,2014-01-22,2014,22,-15.89,-30.52,0,0.0653709614792252,103.9545,15.3705243474959,231.01,47.96,32354.09,-23.205
GP,2014-01-23,2014,23,-15.11,-25.91,0,0.0584774156740206,89.9685,13.3577403789713,199.93,73.77,32488.25,-20.51
GP,2014-01-24,2014,24,-11.78,-28.38,3.14,0.0954752673104919,83.2365,12.4103945616309,184.97,58.71,32625.38,-20.08
GP,2014-01-25,2014,25,-7.92,-18.65,3.95,0.0989708151516538,68.679,10.2838508617923,152.62,140.33,32765.41,-13.285
GP,2014-01-26,2014,26,-13.05,-24.11,6.79,0.0693024408028097,71.6175,10.7706094092135,159.15,86.92,32908.26,-18.58
GP,2014-01-27,2014,27,-7.7,-23.51,4.21,0.126176617735719,85.788,12.9588041554776,190.64,91.69,33053.86,-15.605
GP,2014-01-28,2014,28,-13.38,-32.37,0,0.0896239145248227,122.2605,18.5510366106282,271.69,40.14,33202.12,-22.875
GP,2014-01-29,2014,29,-11.78,-20.57,0,0.0654919243671503,84.888,12.9388859329536,188.64,118.85,33352.96,-16.175
GP,2014-01-30,2014,30,-6.27,-23.98,0,0.148000312602002,123.111,18.8512342861464,273.58,87.91,33506.32,-15.125
GP,2014-01-31,2014,31,0.05,-12.49,0,0.1900078517696,108.3915,16.6744927905255,240.87,234.14,33662.1,-6.22
GP,2014-02-01,2014,32,-4.04,-21.73,8.7,0.173511421333011,94.824,14.65585923402,210.72,107.38,33820.25,-12.885
GP,2014-02-02,2014,33,-1.45,-8.6,0,0.115638652364088,74.4345,11.5590572076956,165.41,319.19,33980.67,-5.025
GP,2014-02-03,2014,34,-5.85,-22.11,0,0.146281739384892,127.854,19.9496895183018,284.12,103.85,34143.31,-13.98
GP,2014-02-04,2014,35,-5.93,-24.18,0,0.153808671338217,133.2585,20.8933237835676,296.13,86.35,34308.08,-15.055
GP,2014-02-05,2014,36,-10.37,-16.96,0,0.0587294373367988,75.1455,11.8391989767809,166.99,161.95,34474.91,-13.665
GP,2014-02-06,2014,37,-11.2,-27.05,0,0.0975039755101206,131.4945,20.8184580012951,292.21,66.47,34643.74,-19.125
GP,2014-02-07,2014,38,-6.6,-19.95,0,0.124471037922211,123.3675,19.6280430394927,274.15,125.46,34814.49,-13.275
GP,2014-02-08,2014,39,-7.4,-16.98,0,0.095213580705782,102.519,16.391870247393,227.82,161.7,34987.1,-12.19
GP,2014-02-09,2014,40,-7.6,-25.79,0,0.136051678360173,142.0605,22.8274254373275,315.69,74.58,35161.5,-16.695
GP,2014-02-10,2014,41,-7.99,-21.32,0,0.112559466023805,128.844,20.8074001107204,286.32,111.33,35337.63,-14.655
GP,2014-02-11,2014,42,-12.49,-24.92,0,0.0775592892104802,124.6095,20.2247976945452,276.91,80.79,35515.41,-18.705
GP,2014-02-12,2014,43,-11.59,-27.57,0,0.0950872391678973,140.31,22.888095450993,311.8,63.32,35694.79,-19.58
GP,2014-02-13,2014,44,-4.47,-21.73,6.14,0.166342913402647,108.2655,17.7503446821928,240.59,107.34,35875.71,-13.1
GP,2014-02-14,2014,45,-5.47,-8.33,3.65,0.0409970349155314,27.4455,4.5226209068235,60.99,326,36058.1,-6.9
GP,2014-02-15,2014,46,-6.88,-16.07,0,0.0960422249370017,103.2525,17.1012499020968,229.45,174.46,36241.91,-11.475
GP,2014-02-16,2014,47,-6.3,-15.73,0,0.101779752886921,106.4655,17.7234986958318,236.59,179.54,36427.08,-11.015
GP,2014-02-17,2014,48,-6.99,-19.31,0,0.1154097916821,129.231,21.6234379578285,287.18,132.58,36613.55,-13.15
GP,2014-02-18,2014,49,-6.1,-26.23,4.52,0.158624296625077,120.105,20.1994755574095,266.9,71.64,36801.27,-16.165
GP,2014-02-19,2014,50,-0.52,-8.28,0,0.130938936936003,90.3735,15.2771993872911,200.83,327.26,36990.18,-4.4
GP,2014-02-20,2014,51,3.39,-10.83,0,0.255862504521368,141.201,23.9919774489711,313.78,267.69,37180.23,-3.72
GP,2014-02-21,2014,52,0.96,-12.02,9.54,0.206191894814853,103.0185,17.5942371351767,228.93,243.31,37371.37,-5.53
GP,2014-02-22,2014,53,3.7,-2.04,0,0.135072312212704,71.3295,12.2448120853014,158.51,525.94,37563.56,0.83
GP,2014-02-23,2014,54,0.07,-9.18,0,0.154826458024026,113.0445,19.5056365028301,251.21,305.13,37756.74,-4.555
GP,2014-02-24,2014,55,-5.19,-11.3,0,0.0795313844408039,81.5445,14.1427054379439,181.21,257.75,37950.86,-8.245
GP,2014-02-25,2014,56,-9.88,-21.06,0,0.0882200734555953,136.3455,23.7686572026378,302.99,113.91,38145.88,-15.47
GP,2014-02-26,2014,57,-9.69,-23.71,1.95,0.102288315962361,158.2695,27.7322735123424,351.71,90.09,38341.76,-16.7
GP,2014-02-27,2014,58,-10.54,-25.3,3.6,0.0987706649512911,124.011,21.8409061738815,275.58,78.03,38538.45,-17.92
GP,2014-02-28,2014,59,-10.94,-21.72,0,0.0798217263791486,139.4055,24.6779949798779,309.79,107.45,38735.91,-16.33
GP,2014-03-01,2014,60,-8.59,-24.46,5.63,0.118488289159588,131.337,23.3686336629681,291.86,84.16,38934.09,-16.525
GP,2014-03-02,2014,61,-9.11,-19.09,0,0.0867393855657688,136.359,24.3861262389711,303.02,135.03,39132.97,-14.1
GP,2014-03-03,2014,62,-12.42,-28.32,0,0.0890849521338476,180.4365,32.4333586757664,400.97,59.03,39332.48,-20.37
GP,2014-03-04,2014,63,-10.06,-25.18,0,0.103645481549217,177.111,31.9975866099747,393.58,78.9,39532.61,-17.62
GP,2014-03-05,2014,64,-10.11,-24.52,0,0.100680717644386,175.464,31.8609683616888,389.92,83.74,39733.31,-17.315
GP,2014-03-06,2014,65,-8.56,-28.91,0,0.132944885940912,199.188,36.351987974478,442.64,55.86,39934.55,-18.735
GP,2014-03-07,2014,66,-1.64,-26.1,0,0.235107515732053,205.8525,37.758041854659,457.45,72.54,40136.28,-13.87
GP,2014-03-08,2014,67,0.11,-7.49,0,0.134236158521566,111.447,20.5449037931592,247.66,348.09,40338.48,-3.69
GP,2014-03-09,2014,68,-3.71,-19.21,1.51,0.16609367752172,185.7555,34.4154466157985,412.79,133.65,40541.1,-11.46
GP,2014-03-10,2014,69,-1.5,-11.47,5.15,0.1470547275075,107.0235,19.9278478445414,237.83,254.34,40744.13,-6.485
GP,2014-03-11,2014,70,3.34,-4.03,0,0.161670104873178,113.4045,21.2213977729232,252.01,453.18,40947.51,-0.345
GP,2014-03-12,2014,71,-3.81,-12.8,7.08,0.116962107087258,104.5485,19.6615081193234,232.33,228.41,41151.23,-8.305
GP,2014-03-13,2014,72,-6.69,-18.3,0,0.113619371276676,170.2395,32.1741498865086,378.31,144.59,41355.24,-12.495
GP,2014-03-14,2014,73,-3.39,-24.7,4.87,0.197268728475886,165.0375,31.34507831874,366.75,82.39,41559.52,-14.045
GP,2014-03-15,2014,74,2.71,-8.99,0,0.216696511218164,172.7505,32.9714476795314,383.89,309.53,41764.04,-3.14
GP,2014-03-16,2014,75,-10.19,-18.37,0,0.0698768921475264,134.568,25.8097762270152,299.04,143.67,41968.77,-14.28
GP,2014-03-17,2014,76,-6.94,-27.03,0,0.149040505638248,222.7635,42.9340273202957,495.03,66.58,42173.67,-16.985
GP,2014-03-18,2014,77,-2.89,-24.87,0,0.206964084163707,227.547,44.0691878423709,505.66,81.09,42378.71,-13.88
GP,2014-03-19,2014,78,0.36,-16.81,5.96,0.232070676779245,159.2055,30.9827167365438,353.79,163.92,42583.88,-8.225
GP,2014-03-20,2014,79,1.53,-2.56,4.97,0.0883500121408204,53.361,10.4345474003001,118.58,505.94,42789.13,-0.515
GP,2014-03-21,2014,80,2.02,-4.39,0,0.132908467640354,108.729,21.3635730730932,241.62,441.21,42994.44,-1.185
GP,2014-03-22,2014,81,-0.98,-14.21,11.37,0.183046655435522,147.7665,29.1725049315609,328.37,203.63,43199.78,-7.595
GP,2014-03-23,2014,82,-7.45,-18.41,0,0.103760057915796,178.1235,35.3328184076585,395.83,143.24,43405.11,-12.93
GP,2014-03-24,2014,83,-5.52,-27.42,0,0.171081171112425,242.208,48.2719622156352,538.24,64.2,43610.42,-16.47
GP,2014-03-25,2014,84,-2.89,-23.19,0,0.20036529089306,237.7215,47.6007854572859,528.27,94.32,43815.67,-13.04
GP,2014-03-26,2014,85,-2.08,-14.02,0,0.159462644903723,182.5605,36.7266521829474,405.69,206.74,44020.84,-8.05
GP,2014-03-27,2014,86,-1.89,-22.01,4.11,0.214152133604154,179.2575,36.230140526337,398.35,104.72,44225.88,-11.95
GP,2014-03-28,2014,87,1.5,-6.69,9.98,0.15552978333211,102.483,20.8090362942018,227.74,370.3,44430.78,-2.595
GP,2014-03-29,2014,88,2.94,-2.28,6.94,0.11920158002111,69.3765,14.1517154499835,154.17,516.41,44635.51,0.33
GP,2014-03-30,2014,89,0.67,-3.68,9.02,0.0882385751544418,60.237,12.3437020140927,133.86,465.36,44840.03,-1.505
GP,2014-03-31,2014,90,5.85,-5.51,0,0.26004348355905,186.687,38.4299850514329,414.86,405.17,45044.31,0.17
GP,2014-04-01,2014,91,7.55,-10.79,0,0.385599283877372,241.6995,49.979799227336,537.11,268.6,45248.33,-1.62
GP,2014-04-02,2014,92,5.09,-2.45,0,0.183550583010313,135.3735,28.1192179378158,300.83,510.25,45452.04,1.32
GP,2014-04-03,2014,93,3.02,-4.16,0,0.15526496597095,133.416,27.8366233593816,296.48,448.71,45655.43,-0.57
GP,2014-04-04,2014,94,5.65,-9.76,8.77,0.31059443086505,175.3245,36.7433018638042,389.61,291.43,45858.45,-2.055
GP,2014-04-05,2014,95,4.44,0.04,0,0.112926024112525,88.731,18.6777988009236,197.18,612.51,46061.08,2.24
GP,2014-04-06,2014,96,7.31,-2.18,0,0.251078317556102,181.0125,38.27024010747,402.25,520.41,46263.28,2.565
GP,2014-04-07,2014,97,11.73,-2.69,14.23,0.437400887880128,174.357,37.0238538509649,387.46,501.07,46465.01,4.52
GP,2014-04-08,2014,98,5.22,0.46,13.85,0.126902233174444,75.6675,16.1372114164688,168.15,631.41,46666.25,2.84
GP,2014-04-09,2014,99,2.91,-3.73,0,0.144792696750104,140.031,29.9921142508065,311.18,463.6,46866.95,-0.41
GP,2014-04-10,2014,100,11.61,-8.36,2.18,0.520139873881218,200.511,43.1292254599116,445.58,325.16,47067.08,1.625
GP,2014-04-11,2014,101,10.77,-0.91,0,0.359686334888495,210.222,45.409709876364,467.16,571.52,47266.6,4.93
GP,2014-04-12,2014,102,10.66,-3.59,0,0.406575320336577,236.781,51.3618710359599,526.18,468.57,47465.47,3.535
GP,2014-04-13,2014,103,2.78,-2.18,23.57,0.112718059741131,81.522,17.7573605896764,181.16,520.56,47663.66,0.3
GP,2014-04-14,2014,104,13.39,0.67,8.99,0.446367254632635,169.767,37.1323411288128,377.26,641.03,47861.12,7.03
GP,2014-04-15,2014,105,12.55,-2.38,24.13,0.469788874734115,184.473,40.5147335154741,409.94,512.62,48057.81,5.085
GP,2014-04-16,2014,106,-0.47,-11.34,0,0.167240290268494,215.6715,47.559741861956,479.27,256.9,48253.69,-5.905
GP,2014-04-17,2014,107,4.93,-11.21,0,0.304329963764548,265.0995,58.6958406006677,589.11,259.6,48448.71,-3.14
GP,2014-04-18,2014,108,6.98,-4.83,0,0.28647792972475,229.752,51.0733592748576,510.56,426.85,48642.84,1.075
GP,2014-04-19,2014,109,8.6,-0.18,0,0.256586970072552,184.6485,41.2099651240929,410.33,602.83,48836.02,4.21
GP,2014-04-20,2014,110,8.73,-6.53,0,0.375728789279575,258.255,57.8643363071235,573.9,374.88,49028.21,1.1
GP,2014-04-21,2014,111,16.22,1.82,4.95,0.571690664326356,184.158,41.423106351861,409.24,696.67,49219.35,9.02
GP,2014-04-22,2014,112,6.92,3.04,18.82,0.117824101916895,66.9375,15.1145546851688,148.75,759.55,49409.41,4.98
GP,2014-04-23,2014,113,9.13,2.78,0,0.20549270177517,144.9675,32.858960157522,322.15,745.59,49598.32,5.955
GP,2014-04-24,2014,114,10.92,0.62,0,0.332661390133328,217.2915,49.4386407297162,482.87,638.6,49786.04,5.77
GP,2014-04-25,2014,115,11.44,-2.03,1.37,0.411793339635537,252.9225,57.7610167733708,562.05,526.17,49972.51,4.705
GP,2014-04-26,2014,116,5.21,1.31,9.14,0.106714414180869,75.42,17.287817470992,167.6,671.22,50157.68,3.26
GP,2014-04-27,2014,117,9.32,1.1,1.71,0.255263099995671,192.2355,44.2258250442525,427.19,661.13,50341.5,5.21
GP,2014-04-28,2014,118,12.13,0.83,0,0.381847457743299,233.982,54.0250813930086,519.96,648.56,50523.89,6.48
GP,2014-04-29,2014,119,11.66,3.68,0,0.286805863406423,182.2455,42.2301061704074,404.99,795.03,50704.81,7.67
GP,2014-04-30,2014,120,11.73,4.48,7.96,0.267199456929724,127.3275,29.608837948035,282.95,840.74,50884.2,8.105
GP,2014-05-01,2014,121,11.67,4.69,3.26,0.25785182593393,126.522,29.5243197193692,281.16,853.58,51061.98,8.18
GP,2014-05-02,2014,122,14.12,4.37,2.8,0.386668377520049,161.0415,37.7091817584521,357.87,834.36,51238.11,9.245
GP,2014-05-03,2014,123,14.8,5.15,5.19,0.399355820974065,158.526,37.2465106350264,352.28,881.1,51412.52,9.975
GP,2014-05-04,2014,124,13.41,5.48,7.97,0.316811568385912,140.0175,33.0082916947717,311.15,901.51,51585.13,9.445
GP,2014-05-05,2014,125,12.98,4.87,0,0.314002629659025,188.766,44.6477681560518,419.48,864.37,51755.89,8.925
GP,2014-05-06,2014,126,13.31,3.31,0,0.375637370664589,219.1455,52.0023440812932,486.99,774.23,51924.72,8.31
GP,2014-05-07,2014,127,16.81,1.33,0,0.619171358743152,268.1775,63.841914396783,595.95,672.36,52091.56,9.07
GP,2014-05-08,2014,128,16.76,-0.61,0,0.660160679976885,275.5935,65.8148899047003,612.43,584.34,52256.34,8.075
GP,2014-05-09,2014,129,15.5,2.22,7.55,0.520270738962065,186.0975,44.5805379666135,413.55,716.79,52418.98,8.86
GP,2014-05-10,2014,130,23.89,10.4,1.85,0.848164398579955,240.0165,57.673061638411,533.37,1260.67,52579.41,17.145
GP,2014-05-11,2014,131,20.49,7.58,0,0.681506014480519,239.112,57.628527424092,531.36,1041.65,52737.55,14.035
GP,2014-05-12,2014,132,16.54,2.49,0,0.573590833202249,253.854,61.362251312013,564.12,730.73,52893.35,9.515
GP,2014-05-13,2014,133,18.42,1.32,2.93,0.721705265418083,201.24,48.78528883956,447.2,671.65,53046.7,9.87
GP,2014-05-14,2014,134,20.67,9.1,0,0.637671309125625,219.8745,53.4543061131608,488.61,1155.4,53197.55,14.885
GP,2014-05-15,2014,135,28.42,10.69,0,1.32473374574488,256.3245,62.4894517183563,569.61,1250.62,53345.82,19.555
GP,2014-05-16,2014,136,23.94,15.98,22.04,0.575211683458984,119.6505,29.2492574296047,265.89,1814.62,53491.42,19.96
GP,2014-05-17,2014,137,17,8.94,6.12,0.394617945610529,129.7665,31.8068928759834,288.37,1143.14,53634.28,12.97
GP,2014-05-18,2014,138,17.62,4.98,3.01,0.569653148882287,176.0535,43.2649086147684,391.23,871.04,53774.32,11.3
GP,2014-05-19,2014,139,20.3,4.05,0,0.780441924965283,257.346,63.4037165341812,571.88,815.91,53911.46,12.175
GP,2014-05-20,2014,140,22.2,2.44,0,0.971560058793076,269.8065,66.6390982464621,599.57,727.85,54045.62,12.32
GP,2014-05-21,2014,141,21.12,4.88,0,0.817435670609899,254.043,62.8978993088472,564.54,864.84,54176.72,13.0
GP,2014-05-22,2014,142,21.09,7.46,0,0.730925663813842,231.1605,57.3676637678447,513.69,1033.22,54304.69,14.275
GP,2014-05-23,2014,143,19.99,9.37,0,0.577276896442829,177.201,44.0774188742151,393.78,1176.37,54429.43,14.68
GP,2014-05-24,2014,144,20.49,8.12,6.78,0.661711699171708,146.502,36.5225922045846,325.56,1080.93,54550.89,14.305
GP,2014-05-25,2014,145,22.98,6.85,5.71,0.904004385409045,165.9825,41.4686018705243,368.85,991.42,54668.97,14.915
GP,2014-05-26,2014,146,24.33,10.61,3.58,0.879221589017829,149.886,37.525616640072,333.08,1278.07,54783.6,17.47
GP,2014-05-27,2014,147,10.59,6.99,7.38,0.136861579692707,52.7895,13.2432398215007,117.31,1000.76,54894.71,8.79
GP,2014-05-28,2014,148,18.55,7.2,0,0.558086860115285,185.3325,46.5851956776502,411.85,1015.16,55002.21,12.875
GP,2014-05-29,2014,149,21.16,3.05,0.2,0.873052600214977,232.317,58.5054488018007,516.26,760.19,55106.03,12.105
GP,2014-05-30,2014,150,21.49,8.6,0,0.720173138439958,194.031,48.952445186187,431.18,1116.54,55206.1,15.045
GP,2014-05-31,2014,151,19.78,4.78,0,0.721223637074137,212.2875,53.6517891491063,471.75,858.85,55302.35,12.28
GP,2014-06-01,2014,152,23.38,5.52,0,0.982026896882481,225.297,57.034786947363,500.66,904.26,55394.7,14.45
GP,2014-06-02,2014,153,26.89,10.05,4.19,1.1512827296341,159.822,40.5241021336086,355.16,1231.82,55483.09,18.47
GP,2014-06-03,2014,154,25.59,15.35,17.4,0.764075052443752,113.724,28.879441764966,252.72,1743.61,55567.45,20.47
GP,2014-06-04,2014,155,19.3,13.19,2.9,0.358297400836993,75.1095,19.1010995512997,166.91,1515.64,55647.71,16.245
GP,2014-06-05,2014,156,18.52,11.53,0,0.383349112586149,115.4475,29.3996129921865,256.55,1359.33,55723.82,15.025
GP,2014-06-06,2014,157,22.9,12.34,0,0.67616153869317,162.63,41.468437370061,361.4,1433.15,55795.71,17.62
GP,2014-06-07,2014,158,28.12,11.94,0,1.20062755146155,209.331,53.4412355998644,465.18,1396.65,55863.32,20.03
GP,2014-06-08,2014,159,28.88,10.05,0,1.3696846756092,223.317,57.0763878377409,496.26,1231.15,55926.61,19.465
GP,2014-06-09,2014,160,25.72,14.44,0,0.827283976713946,167.0355,42.7366718196372,371.19,1643.55,55985.52,20.08
GP,2014-06-10,2014,161,24.59,10.28,0,0.916292887389048,199.224,51.0218151226632,442.72,1250.93,56039.99,17.435
GP,2014-06-11,2014,162,24.15,7.71,2.86,0.976326323056344,161.6985,41.4483793234286,359.33,1051.38,56089.99,15.93
GP,2014-06-12,2014,163,15.06,11.78,26.29,0.162741081030084,45.3915,11.6446965367194,100.87,1381.5,56135.48,13.42
GP,2014-06-13,2014,164,16.68,12.81,51.07,0.20713568849503,52.668,13.5212551697916,117.04,1478.59,56176.41,14.745
GP,2014-06-14,2014,165,20.47,12.61,16.82,0.470967151527449,101.6235,26.1062913462863,225.83,1458.8,56212.75,16.54
GP,2014-06-15,2014,166,22.62,10.34,0,0.741132719958886,189.2205,48.636712781852,420.49,1255.95,56244.47,16.48
GP,2014-06-16,2014,167,22.39,7.06,0,0.847942710707101,214.7445,55.2238970073921,477.21,1005.43,56271.54,14.725
GP,2014-06-17,2014,168,25.25,11.36,6.01,0.931790220717573,149.0175,38.3367346720515,331.15,1343.87,56293.94,18.305
GP,2014-06-18,2014,169,24.69,15.63,2.82,0.66280704166328,109.6335,28.2135497908568,243.63,1775.18,56311.65,20.16
GP,2014-06-19,2014,170,21.43,11.21,0,0.60823331330638,169.3305,43.5862888409902,376.29,1330.32,56324.65,16.32
GP,2014-06-20,2014,171,18.7,7.46,0,0.558780410921471,186.5295,48.020432427608,414.51,1033.61,56332.93,13.08
GP,2014-06-21,2014,172,18.92,6.47,0,0.607912196888118,199.7685,51.4319503887221,443.93,965.5,56336.49,12.695
GP,2014-06-22,2014,173,24.74,7.02,0,1.05462571885707,229.455,59.073743287242,509.9,1002.92,56335.32,15.88
GP,2014-06-23,2014,174,26.5,8.5,0,1.17243340380442,227.502,58.5648045893988,505.56,1109.62,56329.42,17.5
GP,2014-06-24,2014,175,20.73,13.18,20.7,0.46183185890685,98.9865,25.476840095634,219.97,1515.01,56318.8,16.955
GP,2014-06-25,2014,176,23.28,15.85,0,0.524071367164679,128.7315,33.1234918947243,286.07,1800.43,56303.46,19.565
GP,2014-06-26,2014,177,25.78,12.93,0,0.909405199075432,192.339,49.4725287974589,427.42,1490.58,56283.43,19.355
GP,2014-06-27,2014,178,29.29,9.16,0,1.45275264603249,232.4295,59.7581601302687,516.51,1160.08,56258.71,19.225
GP,2014-06-28,2014,179,28.74,10.87,0,1.31857068503103,222.642,57.2118779386602,494.76,1300.77,56229.33,19.805
GP,2014-06-29,2014,180,29.12,12.09,0,1.3073558462625,216.342,55.5593541918408,480.76,1410.39,56195.32,20.605
GP,2014-06-30,2014,181,28.74,15.95,2.72,1.06249211750873,137.61,35.31569633559,305.8,1811.65,56156.7,22.345
GP,2014-07-01,2014,182,30.53,18.73,2.08,1.1024759024147,128.2905,32.8986484008975,285.09,2159.31,56113.5,24.63
GP,2014-07-02,2014,183,28.58,19.31,0,0.830163266631005,145.818,37.3615709158602,324.04,2239.16,56065.77,23.945
GP,2014-07-03,2014,184,21.96,15.18,1.51,0.452167511746221,118.827,30.4175640237345,264.06,1724.79,56013.55,18.57
GP,2014-07-04,2014,185,23.32,12.74,0,0.692112124218655,171.135,43.7631377898465,380.3,1472.07,55956.87,18.03
GP,2014-07-05,2014,186,26.56,11.2,0.98,1.06887774892546,210.366,53.7366820792698,467.48,1329.15,55895.79,18.88
GP,2014-07-06,2014,187,23.87,15.53,2.87,0.594223271872938,103.2885,26.3535132943058,229.53,1763.67,55830.35,19.7
GP,2014-07-07,2014,188,21.52,16.65,5.15,0.332136123337964,65.034,16.5723532840818,144.52,1894.67,55760.61,19.085
GP,2014-07-08,2014,189,28.11,18.63,15.44,0.82399214389203,114.6285,29.1715609034619,254.73,2146.27,55686.62,23.37
GP,2014-07-09,2014,190,21.83,16.06,2.13,0.391944747375117,79.0425,20.087115642459,175.65,1824.51,55608.44,18.945
GP,2014-07-10,2014,191,22.41,10.14,0,0.732229021171534,197.028,49.9967337054744,437.84,1239.17,55526.14,16.275
GP,2014-07-11,2014,192,25.44,8.21,0,1.07828175410359,228.1635,57.8074574952171,507.03,1087.9,55439.78,16.825
GP,2014-07-12,2014,193,26.9,9.69,0,1.16754123084912,223.4115,56.5112350447281,496.47,1201.95,55349.42,18.295
GP,2014-07-13,2014,194,22.01,13.92,7.5,0.524161040614451,103.7475,26.1978979105148,230.55,1589.56,55255.13,17.965
GP,2014-07-14,2014,195,24.78,13.62,0,0.779426476395205,174.663,44.0268480416718,388.14,1559.15,55156.98,19.2
GP,2014-07-15,2014,196,23.06,10.18,15.99,0.784847238960867,146.1465,36.7706834133552,324.77,1242.59,55055.04,16.62
GP,2014-07-16,2014,197,24.16,16.12,0,0.586643237981145,135.396,34.0004629829736,300.88,1831.05,54949.38,20.14
GP,2014-07-17,2014,198,21.04,10.5,0,0.608847969228546,174.951,43.8460816361463,388.78,1268.97,54840.09,15.77
GP,2014-07-18,2014,199,25.64,11.07,0,0.98228944468594,206.3925,51.6194650350945,458.65,1318.22,54727.22,18.355
GP,2014-07-19,2014,200,26.17,10.86,0,1.04402692275441,209.727,52.3419188714793,466.06,1299.73,54610.87,18.515
GP,2014-07-20,2014,201,26.82,13.57,0,0.982414836745166,191.1285,47.595654817592,424.73,1554.16,54491.11,20.195
GP,2014-07-21,2014,202,27.64,14.6,0,1.01554374453518,187.308,46.5388839020556,416.24,1661.31,54368.01,21.12
GP,2014-07-22,2014,203,29.75,14.8,0,1.24536001572848,200.0205,49.5819588699171,444.49,1682.83,54241.66,22.275
GP,2014-07-23,2014,204,26.01,16.39,2.88,0.745240279786566,115.488,28.5593086293408,256.64,1863.52,54112.13,21.2
GP,2014-07-24,2014,205,23.07,8.12,0,0.86678027072839,210.348,51.88997298762,467.44,1081.13,53979.5,15.595
GP,2014-07-25,2014,206,24.93,10.48,4.63,0.939988621988059,151.4115,37.2572818908368,336.47,1267.27,53843.85,17.705
GP,2014-07-26,2014,207,25.65,12.22,8.7,0.93156643747331,143.775,35.2871416377225,319.5,1421.86,53705.27,18.935
GP,2014-07-27,2014,208,23.55,14.64,10.94,0.615670208877195,109.467,26.7960610256058,243.26,1665.07,53563.82,19.095
GP,2014-07-28,2014,209,18.97,12.28,13.45,0.379210089123854,90.2025,22.0209131910757,200.45,1428.21,53419.59,15.625
GP,2014-07-29,2014,210,21.51,10.87,0,0.629236968897263,175.869,42.8163731478378,390.82,1300.75,53272.66,16.19
GP,2014-07-30,2014,211,22.41,8.31,1.44,0.804654250754051,207.2295,50.3096471435147,460.51,1095.03,53123.11,15.36
GP,2014-07-31,2014,212,22.32,11.99,13.46,0.644086833622662,127.7685,30.9298810647155,283.93,1400.73,52971.01,17.155
GP,2014-08-01,2014,213,24.33,10.71,1.6,0.875005030672935,199.323,48.1108087953873,442.94,1286.55,52816.43,17.52
GP,2014-08-02,2014,214,26.66,12.32,13.46,1.02763975245754,149.2605,35.9200963950381,331.69,1431.56,52659.46,19.49
GP,2014-08-03,2014,215,26,13.39,0,0.908459001638569,184.482,44.2619871740658,409.96,1535.92,52500.17,19.695
GP,2014-08-04,2014,216,27.22,14.09,1.79,0.99773820445,187.416,44.8275803928768,416.48,1607.33,52338.64,20.655
GP,2014-08-05,2014,217,24.21,12.83,2.85,0.767228141589954,130.2075,31.0466020947458,289.35,1479.93,52174.93,18.52
GP,2014-08-06,2014,218,24.84,10.43,0,0.933840230930414,197.793,47.0117812549113,439.54,1262.88,52009.13,17.635
GP,2014-08-07,2014,219,22.61,13.08,1.59,0.615871017582434,150.21,35.586956381013,333.8,1504.7,51841.29,17.845
GP,2014-08-08,2014,220,26.24,11.9,0,1.00457367623071,192.1545,45.3751156161869,427.01,1392.46,51671.49,19.07
GP,2014-08-09,2014,221,28.1,11.2,0,1.23179984155009,205.2675,48.3105542287297,456.15,1329.99,51499.81,19.65
GP,2014-08-10,2014,222,29.05,11.85,0,1.31049399227475,204.885,48.058069618035,455.3,1388.07,51326.3,20.45
GP,2014-08-11,2014,223,29.25,13.41,0,1.25923753931107,195.7635,45.7617163026208,435.03,1537.26,51151.03,21.33
GP,2014-08-12,2014,224,27.61,15.01,6.01,0.990125867175635,127.8495,29.7827327864651,284.11,1705.69,50974.07,21.31
GP,2014-08-13,2014,225,18.41,15.01,59.39,0.20277928749768,43.4385,10.0836111229686,96.53,1705.47,50795.48,16.71
GP,2014-08-14,2014,226,16.3,12.23,3.36,0.212366465816422,52.965,12.2514431572665,117.7,1423.18,50615.33,14.265
GP,2014-08-15,2014,227,16.77,10.33,4.61,0.325112445014778,81.396,18.7603024451724,180.88,1254.45,50433.67,13.55
GP,2014-08-16,2014,228,16.84,12.52,5.74,0.230651616283036,56.277,12.9237375684573,125.06,1450.85,50250.57,14.68
GP,2014-08-17,2014,229,21.88,12.63,7.81,0.577779979227477,109.773,25.1162803652688,243.94,1461.49,50066.08,17.255
GP,2014-08-18,2014,230,18.69,10.03,0,0.45948686372421,143.46,32.70210043905,318.8,1230.15,49880.25,14.36
GP,2014-08-19,2014,231,24.17,8.37,0,0.954299819681285,203.1795,46.1416055081454,451.51,1099.3,49693.16,16.27
GP,2014-08-20,2014,232,25.54,9.76,0,1.02772529009161,199.8045,45.2031944032746,444.01,1208,49504.84,17.65
GP,2014-08-21,2014,233,25.13,13.92,0,0.797573211729129,163.926,36.944191052937,364.28,1589.23,49315.35,19.525
GP,2014-08-22,2014,234,24.9,14.12,0,0.765433970035411,158.6385,35.6143603036387,352.53,1610.03,49124.75,19.51
GP,2014-08-23,2014,235,25.79,12.34,0,0.939618278022491,181.935,40.685064387786,404.3,1433.13,48933.08,19.065
GP,2014-08-24,2014,236,29.58,12.16,0,1.35812706292362,199.1655,44.362846042434,442.59,1417.06,48740.4,20.87
GP,2014-08-25,2014,237,29.34,13.83,0,1.24810792152891,187.8885,41.6846799042993,417.53,1580.22,48546.74,21.585
GP,2014-08-26,2014,238,28.04,12.7,0,1.15628524734639,186.8805,41.2948665745416,415.29,1467.85,48352.16,20.37
GP,2014-08-27,2014,239,23.94,15.97,0,0.575693293683326,119.115,26.2143723582405,264.7,1813.56,48156.71,19.955
GP,2014-08-28,2014,240,19.74,11.35,0,0.475612307549164,129.447,28.3720794689718,287.66,1343.09,47960.42,15.545
GP,2014-08-29,2014,241,22.16,8.98,0,0.758309543335362,177.1695,38.6722943888603,393.71,1146.31,47763.35,15.57
GP,2014-08-30,2014,242,23.64,8.88,12.21,0.887735883126116,138.645,30.137877348228,308.1,1137.97,47565.52,16.26
GP,2014-08-31,2014,243,24.94,16.72,4.48,0.622158459737022,89.622,19.4002184064546,199.16,1902.93,47366.99,20.83
GP,2014-09-01,2014,244,24.07,16.86,3.02,0.534520388714451,81.1305,17.4882309867392,180.29,1919.13,47167.79,20.465
GP,2014-09-02,2014,245,25.78,14.98,16.32,0.803826676766756,111.996,24.0392220720912,248.88,1701.97,46967.96,20.38
GP,2014-09-03,2014,246,25.69,14.17,0,0.837930602259222,156.0735,33.3572307322073,346.83,1615.76,46767.55,19.93
GP,2014-09-04,2014,247,25.48,10.97,0,0.97099834603982,178.38,37.960909537662,396.4,1309.63,46566.57,18.225
GP,2014-09-05,2014,248,28.34,15.08,10.16,1.06679143121271,123.1965,26.1039168225455,273.77,1713.08,46365.09,21.71
GP,2014-09-06,2014,249,18.82,12.29,4.74,0.369077769606037,76.311,16.0989850959624,169.58,1428.61,46163.12,15.555
GP,2014-09-07,2014,250,20.44,5.71,0,0.740613373331759,182.988,38.434872532212,406.64,916.07,45960.7,13.075
GP,2014-09-08,2014,251,21.79,5.43,0,0.853256540960234,189.036,39.5299817788176,420.08,898.22,45757.88,13.61
GP,2014-09-09,2014,252,22.46,8.85,0,0.788257661300613,172.1475,35.8385000709803,382.55,1135.9,45554.67,15.655
GP,2014-09-10,2014,253,22.86,7.2,7.49,0.882342442435718,136.818,28.3561623802512,304.04,1014.96,45351.12,15.03
GP,2014-09-11,2014,254,22.25,11.19,4.78,0.674593782983291,112.41,23.192760842325,249.8,1328.49,45147.25,16.72
GP,2014-09-12,2014,255,14.49,6.04,0,0.354793498141681,126.6705,26.0168498148735,281.49,937.04,44943.1,10.265
GP,2014-09-13,2014,256,11.62,2.94,17.71,0.305339963907454,96.7275,19.7764996809757,214.95,754.47,44738.69,7.28
GP,2014-09-14,2014,257,11.54,5.73,0,0.220274242723356,90.1215,18.3415907560379,200.27,917.27,44534.07,8.635
GP,2014-09-15,2014,258,15.41,1.43,2.78,0.535222842704878,127.5075,25.8310651287938,283.35,677.12,44329.25,8.42
GP,2014-09-16,2014,259,17.83,7.6,0,0.49674820703136,136.152,27.4547667733128,302.56,1043.44,44124.27,12.715
GP,2014-09-17,2014,260,11.64,4.65,11.73,0.258227036691205,76.518,15.3579742187742,170.04,850.66,43919.17,8.145
GP,2014-09-18,2014,261,9.75,0.91,0,0.276601314746751,126.6885,25.3089102284077,281.53,652.46,43713.95,5.33
GP,2014-09-19,2014,262,11.77,-2.43,0,0.434354884629813,170.1315,33.8280324757798,378.07,510.81,43508.67,4.67
GP,2014-09-20,2014,263,16.95,-0.3,5.24,0.665003458698748,133.848,26.4880191171024,297.44,597.71,43303.34,8.325
GP,2014-09-21,2014,264,19.68,13.66,8.06,0.361718611013708,61.8615,12.18410865639,137.47,1562.44,43098,16.67
GP,2014-09-22,2014,265,13.79,7.6,3.4,0.264959865814051,67.059,13.1448748425084,149.02,1043.29,42892.68,10.695
GP,2014-09-23,2014,266,16.08,3.11,0,0.530238362390798,156.366,30.5040938610618,347.48,763.38,42687.39,9.595
GP,2014-09-24,2014,267,18.95,1,0,0.764582202195106,175.113,33.9970616775738,389.14,656.77,42482.18,9.975
GP,2014-09-25,2014,268,22.93,5.73,0,0.937221488431767,167.5755,32.3766272270975,372.39,917.19,42277.07,14.33
GP,2014-09-26,2014,269,24.59,7.32,0,1.03065323014987,163.5525,31.4461494337433,363.45,1023.39,42072.09,15.955
GP,2014-09-27,2014,270,26.68,10.86,0,1.09552543009603,152.595,29.196530793612,339.1,1299.99,41867.28,18.77
GP,2014-09-28,2014,271,26.4,10.57,3.08,1.07916648483495,113.22,21.55689671481,251.6,1275.36,41662.65,18.485
GP,2014-09-29,2014,272,12.79,7.25,1.8,0.227320081834295,74.169,14.0523704352225,164.82,1018.95,41458.25,10.02
GP,2014-09-30,2014,273,12.14,7.11,0,0.201633269128303,67.8555,12.7928782512571,150.79,1009,41254.09,9.625
GP,2014-10-01,2014,274,14.41,8.08,0,0.279342948085884,82.3365,15.4462866763671,182.97,1078.47,41050.22,11.245
GP,2014-10-02,2014,275,16.84,4.48,0,0.536639939696527,136.7055,25.5187175167805,303.79,840.74,40846.67,10.66
GP,2014-10-03,2014,276,18.47,4.82,0,0.629978538465079,141.642,26.3086717932324,314.76,861.06,40643.46,11.645
GP,2014-10-04,2014,277,14.42,7.28,29.36,0.308667128844018,67.347,12.4466468463477,149.66,1021.1,40440.63,10.85
GP,2014-10-05,2014,278,14.46,5.14,0,0.38140179375227,112.095,20.6129948252715,249.1,880.52,40238.21,9.8
GP,2014-10-06,2014,279,15.75,2.28,2.54,0.533122733808203,104.076,19.0423295340768,231.28,719.65,40036.24,9.015
GP,2014-10-07,2014,280,14.61,7.16,19.45,0.323508171827436,68.364,12.44531121993,151.92,1012.21,39834.75,10.885
GP,2014-10-08,2014,281,15.72,7.1,12,0.38697213896504,77.2155,13.985760049178,171.59,1008.02,39633.77,11.41
GP,2014-10-09,2014,282,9.08,2.59,1.13,0.20861605766882,84.267,15.1857905773365,187.26,735.53,39433.35,5.835
GP,2014-10-10,2014,283,10.78,3.45,0,0.254598880948433,93.492,16.7628525509088,207.76,782.08,39233.52,7.115
GP,2014-10-11,2014,284,12.13,0.63,0,0.386514767973841,127.323,22.7127479348952,282.94,639.25,39034.32,6.38
GP,2014-10-12,2014,285,13.5,-0.29,0,0.473228692454136,136.395,24.207318393867,303.1,598.15,38835.78,6.605
GP,2014-10-13,2014,286,16.28,-1.72,0,0.654776588007042,145.9305,25.7677410065108,324.29,538.29,38637.95,7.28
GP,2014-10-14,2014,287,21.16,7.98,0,0.717486838585762,122.6025,21.5381667122797,272.45,1070.65,38440.87,14.57
GP,2014-10-15,2014,288,19.35,12.99,4.32,0.37200934925393,52.9695,9.25788658031055,117.71,1495.59,38244.57,16.17
GP,2014-10-16,2014,289,14.27,11.36,15.03,0.139566368659129,26.9145,4.68001256390415,59.81,1343.35,38049.11,12.815
GP,2014-10-17,2014,290,16.27,11.99,2.93,0.221335739518404,37.323,6.4566999279783,82.94,1401.31,37854.53,14.13
GP,2014-10-18,2014,291,16.22,5.67,6.17,0.46300601783846,80.658,13.8820625677422,179.24,913.66,37660.87,10.945
GP,2014-10-19,2014,292,6.93,0.69,0,0.17693633442724,74.565,12.767733826569,165.7,642.1,37468.18,3.81
GP,2014-10-20,2014,293,7.9,-0.8,0,0.244085359723395,98.451,16.771482765855,218.78,576.15,37276.5,3.55
GP,2014-10-21,2014,294,8.52,1.67,0,0.210412281202478,79.803,13.525216975089,177.34,689,37085.9,5.095
GP,2014-10-22,2014,295,12.68,2.04,0,0.378429933906317,106.839,18.014823371772,237.42,707.32,36896.4,7.36
GP,2014-10-23,2014,296,11.17,0.87,3.8,0.337432103612472,78.309,13.1367987778104,174.02,650.54,36708.08,6.02
GP,2014-10-24,2014,297,13.88,4.52,0,0.369542747939457,96.885,16.1701871955165,215.3,843.47,36520.97,9.2
GP,2014-10-25,2014,298,10.36,-1.3,5.78,0.350438707082654,84.1545,13.9739885138241,187.01,555.34,36335.14,4.53
GP,2014-10-26,2014,299,11.39,5.94,2.53,0.206447372634864,47.8665,7.9079490656892,106.37,931.1,36150.64,8.665
GP,2014-10-27,2014,300,11.83,4.14,0,0.281395209798128,86.004,14.1366121966656,191.12,821.21,35967.52,7.985
GP,2014-10-28,2014,301,9.38,0.98,2.71,0.260319674548139,69.7815,11.4121628224263,155.07,655.6,35785.86,5.18
GP,2014-10-29,2014,302,12.2,5.37,0.71,0.261805585546289,77.1795,12.5584941356924,171.51,894.64,35605.69,8.785
GP,2014-10-30,2014,303,8.2,0.06,0,0.236405751171147,88.308,14.2972242692004,196.24,613.39,35427.09,4.13
GP,2014-10-31,2014,304,5.16,0.69,0,0.119566832496487,53.388,8.6004381078108,118.64,642.19,35250.13,2.925
GP,2014-11-01,2014,305,5.28,0.37,0,0.130663376237627,58.5405,9.38357760186225,130.09,627.45,35074.85,2.825
GP,2014-11-02,2014,306,5.13,-2,0,0.176270497395333,80.6355,12.8612879121326,179.19,527.38,34901.33,1.565
GP,2014-11-03,2014,307,8.04,-3.67,0,0.304473478212083,105.12,16.684058684592,233.6,465.79,34729.63,2.185
GP,2014-11-04,2014,308,7.78,-4.4,11.75,0.307608630903692,78.885,12.458968901199,175.3,440.82,34559.82,1.69
GP,2014-11-05,2014,309,9.8,2.26,0,0.245333971825685,78.786,12.3828982702794,175.08,718.85,34391.97,6.03
GP,2014-11-06,2014,310,7.36,-1.14,5.08,0.231941072997323,64.035,10.0159388246925,142.3,561.99,34226.15,3.11
GP,2014-11-07,2014,311,3.19,-0.23,0,0.0837586943541232,40.2075,6.25891275480825,89.35,600.48,34062.43,1.48
GP,2014-11-08,2014,312,1.61,-3.16,0,0.101465130271388,54.351,8.4204385509816,120.78,483.75,33900.88,-0.775
GP,2014-11-09,2014,313,3.69,-3.66,2.45,0.164880593134368,57.249,8.8277397303294,127.22,466.03,33741.58,0.015
GP,2014-11-10,2014,314,5.86,-4.5,0,0.244237563571285,92.709,14.2291234571967,206.02,437.4,33584.59,0.68
GP,2014-11-11,2014,315,6.44,-1.28,4.99,0.203431896280808,57.897,8.8452199647,128.66,556.28,33430,2.58
GP,2014-11-12,2014,316,6.21,0.1,7.8,0.166311760275301,49.347,7.5046873977252,109.66,615.27,33277.88,3.155
GP,2014-11-13,2014,317,4.4,-2.39,0,0.162056102170251,72.108,10.9168899310836,160.24,512.27,33128.31,1.005
GP,2014-11-14,2014,318,0.99,-7.06,0,0.148598776192267,80.5455,12.1402056026916,178.99,359.8,32981.36,-3.035
GP,2014-11-15,2014,319,0.14,-10.02,0,0.166365766685265,89.388,13.4140672852992,198.64,285.38,32837.12,-4.94
GP,2014-11-16,2014,320,-0.16,-6.82,4.04,0.119186734321123,56.5875,8.45525448129375,125.75,366.4,32695.65,-3.49
GP,2014-11-17,2014,321,0,-1.4,10.71,0.0300867947045528,15.2325,2.26637845705125,33.85,551.2,32557.05,-0.7
GP,2014-11-18,2014,322,-2.12,-6.99,0,0.0810150182059296,58.806,8.7130325423196,130.68,361.83,32421.38,-4.555
GP,2014-11-19,2014,323,-3.48,-9.74,1.2,0.090993642951039,72.2745,10.6647888008795,160.61,291.83,32288.73,-6.61
GP,2014-11-20,2014,324,-1.41,-11.37,2.39,0.147932190702263,70.6005,10.3759756372863,156.89,256.3,32159.18,-6.39
GP,2014-11-21,2014,325,-5.59,-11.86,0,0.0790039906258901,71.3115,10.4392863275396,158.47,246.4,32032.81,-8.725
GP,2014-11-22,2014,326,0.59,-17.88,0,0.244348248768974,105.8895,15.4415781149954,235.31,149.8,31909.69,-8.645
GP,2014-11-23,2014,327,4.53,-1.19,6.28,0.142159252476208,46.314,6.728490648702,102.92,559.66,31789.9,1.67
GP,2014-11-24,2014,328,11.77,0.79,17.53,0.36623559596253,66.807,9.6701817805047,148.46,646.69,31673.53,6.28
GP,2014-11-25,2014,329,6.5,2.8,0,0.109877449234482,36.729,5.2975017117792,81.62,746.95,31560.64,4.65
GP,2014-11-26,2014,330,0.4,-2.18,0,0.054314508697536,27.2475,3.916352176569,60.55,520.56,31451.32,-0.89
GP,2014-11-27,2014,331,-1.55,-6.62,0,0.0870182181021384,50.607,7.2494312319036,112.46,372.26,31345.64,-4.085
GP,2014-11-28,2014,332,-4.12,-10.12,0,0.0842451119742054,58.0635,8.2905165805176,129.03,283.2,31243.68,-7.12
GP,2014-11-29,2014,333,-2.5,-15.51,0.75,0.163332858256985,94.0815,13.3910884867271,209.07,182.88,31145.51,-9.005
GP,2014-11-30,2014,334,2.26,-6.25,1.26,0.168074360818011,77.436,10.9884733661988,172.08,383.09,31051.19,-1.995
GP,2014-12-01,2014,335,-1.02,-9.73,0,0.138060883589783,78.03,11.04053149368,173.4,292.01,30960.8,-5.375
GP,2014-12-02,2014,336,-5.5,-19.85,5.31,0.140361935180938,69.903,9.8630374417911,155.34,126.46,30874.41,-12.675
GP,2014-12-03,2014,337,-0.09,-9.78,4.16,0.158486003828803,60.5115,8.5151665165644,134.47,290.89,30792.08,-4.935
GP,2014-12-04,2014,338,-5.78,-17.59,0,0.122580729473437,87.867,12.3332257773972,195.26,153.48,30713.88,-11.685
GP,2014-12-05,2014,339,-5.96,-23.93,0.9,0.152363970571712,94.356,13.2121196598312,209.68,88.33,30639.86,-14.945
GP,2014-12-06,2014,340,-0.93,-10.42,0,0.147619596335578,77.202,10.785532971114,171.56,276.56,30570.1,-5.675
GP,2014-12-07,2014,341,-11.01,-19.44,0,0.0673017644548629,72.018,10.0397527660638,160.04,131.05,30504.63,-15.225
GP,2014-12-08,2014,342,-6.59,-23.47,0,0.141278965977286,91.0485,12.6672943163904,202.33,92.06,30443.52,-15.03
GP,2014-12-09,2014,343,-0.61,-10.52,6.49,0.155430806194157,56.331,7.8225576310827,125.18,274.4,30386.81,-5.565
GP,2014-12-10,2014,344,0.36,-2.27,19.53,0.0554409830676189,18.9315,2.62445289729525,42.07,516.8,30334.55,-0.955
GP,2014-12-11,2014,345,0.89,-2.03,4.07,0.0629264460331131,20.826,2.882540738376,46.28,526.16,30286.8,-0.57
GP,2014-12-12,2014,346,0.96,-1.42,3.19,0.05239668273442,17.4195,2.40760335500055,38.71,550.42,30243.57,-0.23
GP,2014-12-13,2014,347,1.55,-5.54,0,0.139753947733974,60.507,8.3521735615908,134.46,404.31,30204.92,-1.995
GP,2014-12-14,2014,348,-0.98,-10.31,0,0.145480718175482,72.756,10.0316643319296,161.68,278.87,30170.88,-5.645
GP,2014-12-15,2014,349,-1.91,-4.17,0,0.0418026480021921,22.7115,3.12843004128585,50.47,448.43,30141.47,-3.04
GP,2014-12-16,2014,350,-1.26,-3.75,0.61,0.0474989862673204,24.7365,3.4045688563596,54.97,462.91,30116.72,-2.505
GP,2014-12-17,2014,351,-0.58,-2.82,5.58,0.0450555576370775,16.7895,2.3092569799299,37.31,496.18,30096.66,-1.7
GP,2014-12-18,2014,352,-0.84,-3.42,0,0.0504874661573837,25.4565,3.49954312010445,56.57,474.4,30081.29,-2.13
GP,2014-12-19,2014,353,-2.97,-10.85,0,0.112350393782961,66.3435,9.1171111771188,147.43,267.33,30070.64,-6.91
GP,2014-12-20,2014,354,-7.31,-18.19,0,0.104386432126301,79.2855,10.8934887307019,176.19,145.87,30064.71,-12.75
GP,2014-12-21,2014,355,-8.24,-13.52,0,0.0572514370786839,49.3875,6.7853582555625,109.75,215.48,30063.5,-10.88
GP,2014-12-22,2014,356,-4.43,-11.4,0,0.0927603179985265,62.7975,8.62877382606225,139.55,255.77,30067.03,-7.915
GP,2014-12-23,2014,357,0.59,-8.6,2.73,0.159702425172955,54.963,7.5543361989048,122.14,319.11,30075.28,-4.005
GP,2014-12-24,2014,358,4.26,-0.98,17.85,0.129704498924724,36.891,5.0726343325275,81.98,568.56,30088.25,1.64
GP,2014-12-25,2014,359,5.17,1.32,2.57,0.105177454167625,27.837,3.8299285944837,61.86,671.77,30105.93,3.245
GP,2014-12-26,2014,360,3.97,-0.25,0,0.105647688866797,40.4685,5.5719592860735,89.93,599.83,30128.3,1.86
GP,2014-12-27,2014,361,3.38,-0.59,1.98,0.0965046794851786,38.511,5.3071972052418,85.58,585.15,30155.34,1.395
GP,2014-12-28,2014,362,3.32,-2.32,0,0.130154926040347,52.7445,7.27635310352595,117.21,514.96,30187.03,0.5
GP,2014-12-29,2014,363,-6.78,-14.45,0,0.0848120817031685,69.039,9.5357125080882,153.42,199.65,30223.34,-10.615
GP,2014-12-30,2014,364,-13.85,-21.27,0,0.0498370210792688,68.724,9.5050499080032,152.72,111.8,30264.24,-17.56
GP,2014-12-31,2014,365,-8.08,-23.25,0,0.120118953170246,89.3475,12.3759942746468,198.55,93.85,30309.69,-15.665
GP,2015-01-01,2015,1,-4.87,-13.54,6.83,0.106013833122016,40.671,5.6428855838883,90.38,215.01,30359.89,-9.205
GP,2015-01-02,2015,2,-10.23,-18.87,0,0.0724611759802735,54.81,7.618240597212,121.8,137.63,30414.36,-14.55
GP,2015-01-03,2015,3,-8.8,-26.71,15.92,0.123609291720502,66.519,9.2636220734658,147.82,68.6,30473.26,-17.755
GP,2015-01-04,2015,4,-2.56,-14.01,14.22,0.150171378607105,52.569,7.3361060442549,116.82,206.97,30536.53,-8.285
GP,2015-01-05,2015,5,-12.92,-21.86,0,0.0609389933276882,59.157,8.2737524326086,131.46,106.13,30604.14,-17.39
GP,2015-01-06,2015,6,-16.49,-31.45,3.45,0.0630732321121881,63.828,8.9480097508392,141.84,43.86,30676.02,-23.97
GP,2015-01-07,2015,7,-16.86,-25.48,0,0.0441391252561175,58.545,8.227749694878,130.1,76.74,30752.12,-21.17
GP,2015-01-08,2015,8,-17.35,-36.14,7.42,0.0652493082657911,71.451,10.0677267667359,158.78,27.61,30832.37,-26.745
GP,2015-01-09,2015,9,-7.49,-22.43,4.16,0.124331196070633,65.4795,9.2515599482868,145.51,100.98,30916.72,-14.96
GP,2015-01-10,2015,10,-11.53,-28.63,0,0.0986565734688249,94.185,13.345384119795,209.3,57.36,31005.1,-20.08
GP,2015-01-11,2015,11,-8.16,-24.17,4.66,0.122803637626668,69.345,9.8549887030425,154.1,86.41,31097.45,-16.165
GP,2015-01-12,2015,12,-4.66,-12.73,2.88,0.102062692072938,43.2585,6.16672253161305,96.13,229.69,31193.69,-8.695
GP,2015-01-13,2015,13,-16.54,-28.56,0,0.0558370677034937,80.5185,11.5151469488438,178.93,57.72,31293.75,-22.55
GP,2015-01-14,2015,14,-15.62,-32.88,0,0.0722632527907824,98.766,14.1716221480872,219.48,38.16,31397.56,-24.25
GP,2015-01-15,2015,15,-9.79,-29.7,7.11,0.12021310255548,78.723,11.3343862737555,174.94,51.83,31505.05,-19.745
GP,2015-01-16,2015,16,-8.68,-20.18,0,0.0979608353663143,80.5365,11.6363810746508,178.97,122.99,31616.15,-14.43
GP,2015-01-17,2015,17,-12.23,-28.95,0,0.0925529222351377,100.809,14.6182746716901,224.02,55.68,31730.77,-20.59
GP,2015-01-18,2015,18,-0.87,-18.09,10.06,0.213599031880456,77.229,11.2406226034905,171.62,147.16,31848.85,-9.48
GP,2015-01-19,2015,19,0.25,-8.49,0,0.150561860171824,66.906,9.775252355526,148.68,321.89,31970.3,-4.12
GP,2015-01-20,2015,20,-12.67,-20.59,0,0.0570025303368032,63.396,9.2985660021888,140.88,118.64,32095.04,-16.63
GP,2015-01-21,2015,21,-10.71,-27.78,0,0.104839130404478,107.3205,15.803921314755,238.49,62.13,32223,-19.245
GP,2015-01-22,2015,22,-7.17,-26.79,0,0.145128758826012,113.994,16.8549466590522,253.32,68.05,32354.09,-16.98
GP,2015-01-23,2015,23,-2.68,-20.02,4.44,0.189083796747797,82.719,12.2813976714975,183.82,124.67,32488.25,-11.35
GP,2015-01-24,2015,24,-2.44,-4.86,2.69,0.042768833564557,17.64,2.630088483624,39.2,425.9,32625.38,-3.65
GP,2015-01-25,2015,25,-10.36,-19.25,0,0.0731891160050733,74.3175,11.1281481445748,165.15,133.25,32765.41,-14.805
GP,2015-01-26,2015,26,-13.54,-29.07,0,0.0808309044889945,109.9845,16.5406512454029,244.41,55.02,32908.26,-21.305
GP,2015-01-27,2015,27,-12.07,-25.63,0,0.0841259642843488,103.302,15.6044013949404,229.56,75.73,33053.86,-18.85
GP,2015-01-28,2015,28,-6.16,-18.77,0,0.124217751259057,99.684,15.1254209944656,221.52,138.82,33202.12,-12.465
GP,2015-01-29,2015,29,-4.28,-25.47,10.76,0.184723773491545,95.922,14.6207216150784,213.16,76.8,33352.96,-14.875
GP,2015-01-30,2015,30,-3.39,-15.18,5.51,0.144615683767217,73.9305,11.3205251877732,164.29,187.86,33506.32,-9.285
GP,2015-01-31,2015,31,-14.08,-25.25,0,0.0645120634562295,97.0155,14.9244567638535,215.59,78.41,33662.1,-19.665
GP,2015-02-01,2015,32,-17.98,-25.31,0,0.0361246631982904,69.939,10.8096699039075,155.42,77.97,33820.25,-21.645
GP,2015-02-02,2015,33,-18.14,-27.9,0,0.0433467715275007,91.4535,14.2019660015717,203.23,61.44,33980.67,-23.02
GP,2015-02-03,2015,34,-14.75,-33.64,1.67,0.0803963976840304,133.7535,20.8702175683684,297.23,35.42,34143.31,-24.195
GP,2015-02-04,2015,35,-8.61,-28.21,9.85,0.130455655815818,102.3525,16.047636154974,227.45,59.63,34308.08,-18.41
GP,2015-02-05,2015,36,-12.68,-23.23,0,0.0691580446198493,99.2385,15.63505928708,220.53,94.05,34474.91,-17.955
GP,2015-02-06,2015,37,-15.67,-32.92,0,0.0719318761766977,133.6905,21.1661328756879,297.09,38.04,34643.74,-24.295
GP,2015-02-07,2015,38,-13.35,-27.49,0,0.0781351808354076,123.4395,19.6394983992824,274.31,63.8,34814.49,-20.42
GP,2015-02-08,2015,39,-14.69,-26.77,0,0.0645637917310304,113.868,18.206473739796,253.04,68.21,34987.1,-20.73
GP,2015-02-09,2015,40,-12.01,-23.96,0,0.0786013071513559,115.1055,18.4960789148025,255.79,88.04,35161.5,-17.985
GP,2015-02-10,2015,41,-4.97,-13.94,0,0.107868095382184,94.2885,15.2269298169854,209.53,208.09,35337.63,-9.455
GP,2015-02-11,2015,42,-11.71,-21.76,4.54,0.0720520971303436,78.975,12.8180708367075,175.5,107.1,35515.41,-16.735
GP,2015-02-12,2015,43,-7.81,-15.69,3.32,0.0806430613464194,65.934,10.7554962972402,146.52,180.02,35694.79,-11.75
GP,2015-02-13,2015,44,-16.4,-26.68,0,0.0513358938103119,112.923,18.5139510975081,250.94,68.75,35875.71,-21.54
GP,2015-02-14,2015,45,-14.36,-32.72,0.64,0.0819121718033348,156.6135,25.8076365666795,348.03,38.77,36058.1,-23.54
GP,2015-02-15,2015,46,-17.54,-24.39,0,0.0356297508657912,83.8485,13.887452143202,186.33,84.69,36241.91,-20.965
GP,2015-02-16,2015,47,-11.31,-23.81,0,0.0850091910904269,135.7605,22.6002887761338,301.69,89.27,36427.08,-17.56
GP,2015-02-17,2015,48,-12.15,-32.45,0,0.101205934924539,167.859,28.0868264747865,373.02,39.83,36613.55,-22.3
GP,2015-02-18,2015,49,-8.37,-26.7,3.3,0.128969590534613,123.102,20.7035164236978,273.56,68.64,36801.27,-17.535
GP,2015-02-19,2015,50,-6.57,-16.18,11.11,0.101242093457076,86.2335,14.5773525797271,191.63,172.86,36990.18,-11.375
GP,2015-02-20,2015,51,-10.11,-16.55,0,0.058831950192082,84.7755,14.4045147288281,188.39,167.58,37180.23,-13.33
GP,2015-02-21,2015,52,-10.62,-28.82,5.87,0.108707406184736,130.2705,22.2485288440235,289.49,56.34,37371.37,-19.72
GP,2015-02-22,2015,53,-4.48,-17.81,0,0.144497868005406,153.4455,26.3412937541286,340.99,150.7,37563.56,-11.145
GP,2015-02-23,2015,54,-16.65,-25,0,0.043861767468629,111.4875,19.2369787969275,247.75,80.19,37756.74,-20.825
GP,2015-02-24,2015,55,-11.04,-36.05,0,0.118370869568082,191.529,33.2179145107758,425.62,27.86,37950.86,-23.545
GP,2015-02-25,2015,56,-5.36,-17.05,0,0.125383430574188,143.145,24.953991406182,318.1,160.71,38145.88,-11.205
GP,2015-02-26,2015,57,-11.97,-29.05,0,0.0953540903227778,178.02,31.192992526464,395.6,55.15,38341.76,-20.51
GP,2015-02-27,2015,58,-9.47,-30.93,0,0.126770806367229,192.1905,33.8487285644932,427.09,46.1,38538.45,-20.2
GP,2015-02-28,2015,59,-6.15,-26.44,0,0.158538093823809,191.4435,33.8899235104085,425.43,70.3,38735.91,-16.295
GP,2015-03-01,2015,60,-5,-22.41,0,0.16078422473649,182.8215,32.5292085186529,406.27,101.16,38934.09,-13.705
GP,2015-03-02,2015,61,-2.89,-12.26,0,0.128145040435793,124.425,22.2518774505825,276.5,238.71,39132.97,-7.575
GP,2015-03-03,2015,62,-6.28,-23.62,6.17,0.146450473649328,139.5675,25.087179073968,310.15,90.76,39332.48,-14.95
GP,2015-03-04,2015,63,1.41,-12.86,0,0.224997154470433,168.1965,30.387057135043,373.77,227.27,39532.61,-5.725
GP,2015-03-05,2015,64,-9.56,-20.71,0,0.0901709887424229,147.672,26.8144629092424,328.16,117.42,39733.31,-15.135
GP,2015-03-06,2015,65,-8.82,-31.36,0,0.135496682779969,209.772,38.283577431282,466.16,44.24,39934.55,-20.09
GP,2015-03-07,2015,66,-2.24,-14.1,0,0.157065389241865,155.4885,28.5201359756046,345.53,205.38,40136.28,-8.17
GP,2015-03-08,2015,67,-1.3,-13.31,1.51,0.168821184516702,159.7815,29.4552167884884,355.07,219.05,40338.48,-7.305
GP,2015-03-09,2015,68,1.25,-14.81,0,0.237933681931283,190.998,35.386739411346,424.44,193.7,40541.1,-6.78
GP,2015-03-10,2015,69,5,-13.48,0,0.328195315258924,203.1795,37.832159863301,451.51,216.1,40744.13,-4.24
GP,2015-03-11,2015,70,6.93,-1.03,0,0.215052109322523,114.489,21.4243403888223,254.42,566.28,40947.51,2.95
GP,2015-03-12,2015,71,-5.15,-12.77,0,0.0946260836397323,114.867,21.6020167973937,255.26,228.89,41151.23,-8.96
GP,2015-03-13,2015,72,-2.89,-21.94,0,0.194837863943581,212.6565,40.1906849194242,472.57,105.39,41355.24,-12.415
GP,2015-03-14,2015,73,-2.04,-8.63,16.8,0.104331460817776,76.2345,14.4789903694008,169.41,318.45,41559.52,-5.335
GP,2015-03-15,2015,74,-0.93,-7.47,5.12,0.111633956414555,77.0805,14.7117123994554,171.29,348.52,41764.04,-4.2
GP,2015-03-16,2015,75,0.17,-19.38,0,0.243857473024019,224.334,43.0266507647526,498.52,131.73,41968.77,-9.605
GP,2015-03-17,2015,76,-1.88,-8.37,3.3,0.104278052775034,78.183,15.0684966701577,173.74,324.89,42173.67,-5.125
GP,2015-03-18,2015,77,-7.77,-15.92,0,0.0827500058539221,131.5125,25.4701185518588,292.25,176.73,42378.71,-11.845
GP,2015-03-19,2015,78,-2.47,-18.3,0,0.183110529357265,213.6375,41.575637442195,474.75,144.52,42583.88,-10.385
GP,2015-03-20,2015,79,1.66,-21.97,0,0.292115648212803,245.5605,48.0184531191581,545.69,105.15,42789.13,-10.155
GP,2015-03-21,2015,80,0.57,-7.01,11.91,0.138142347716808,94.491,18.5660254692828,209.98,361.17,42994.44,-3.22
GP,2015-03-22,2015,81,-10.5,-19.38,0,0.0723808879376961,147.9195,29.2027106497347,328.71,131.78,43199.78,-14.94
GP,2015-03-23,2015,82,-4.24,-17.74,0,0.148122285338408,204.084,40.4823783044268,453.52,151.52,43405.11,-10.99
GP,2015-03-24,2015,83,1.3,-15.51,0,0.244624245142121,229.1715,45.6737927273271,509.27,182.75,43610.42,-7.105
GP,2015-03-25,2015,84,4.21,-18.72,0,0.34312114831983,254.0745,50.8752711246865,564.61,139.44,43815.67,-7.255
GP,2015-03-26,2015,85,5.09,-0.08,0,0.135250407484763,91.6785,18.4434441303258,203.73,606.97,44020.84,2.505
GP,2015-03-27,2015,86,1.67,-5.4,0,0.140433110990519,125.892,25.4443180962672,279.76,408.74,44225.88,-1.865
GP,2015-03-28,2015,87,-1.25,-12.47,0,0.161994892685214,189.81,38.540667027726,421.8,234.63,44430.78,-6.86
GP,2015-03-29,2015,88,2.39,-16.37,0,0.278046478330545,252.0135,51.4067925241894,560.03,170.16,44635.51,-6.99
GP,2015-03-30,2015,89,1.64,-4.05,6.83,0.117681263919221,82.8495,16.9774314792664,184.11,452.69,44840.03,-1.205
GP,2015-03-31,2015,90,1.15,-9.13,0,0.179269516999181,188.7885,38.8625840732479,419.53,306.17,45044.31,-3.99
GP,2015-04-01,2015,91,0.68,-14.94,0,0.225525916968522,243.018,50.2524450759258,540.04,191.64,45248.33,-7.13
GP,2015-04-02,2015,92,1.28,-12.5,4.8,0.21841349081757,173.2815,35.9933093485182,385.07,234.08,45452.04,-5.61
GP,2015-04-03,2015,93,9.51,-0.81,6.86,0.305670037205612,142.2225,29.6740583268097,316.05,575.52,45655.43,4.35
GP,2015-04-04,2015,94,0.73,-7.16,0,0.143870866736241,158.283,33.1718615989695,351.74,357.06,45858.45,-3.215
GP,2015-04-05,2015,95,-1.71,-12.28,0,0.150980287696471,206.3025,43.426497922119,458.45,238.2,46061.08,-6.995
GP,2015-04-06,2015,96,1.88,-20.07,0,0.288126583670712,281.925,59.60548272798,626.5,124.11,46263.28,-9.095
GP,2015-04-07,2015,97,5.32,-10.78,0,0.311647969054638,256.815,54.5334057521955,570.7,268.74,46465.01,-2.73
GP,2015-04-08,2015,98,4.8,-12.03,0,0.308738411374355,263.2095,56.1333115052437,584.91,243.01,46666.25,-3.615
GP,2015-04-09,2015,99,6.55,-2.25,9.7,0.226510396885012,133.7445,28.6456593498367,297.21,517.69,46866.95,2.15
GP,2015-04-10,2015,100,6.13,0.35,15.63,0.158162887251342,93.051,20.0149495951356,206.78,626.43,47067.08,3.24
GP,2015-04-11,2015,101,7.45,2,0,0.163231238610052,117.8415,25.454749390623,261.87,705.47,47266.6,4.725
GP,2015-04-12,2015,102,11.59,-2.57,0,0.437163303789473,248.841,53.9778924426339,552.98,497.22,47465.47,4.51
GP,2015-04-13,2015,103,17.79,-3.46,3.45,0.783100523120791,211.0095,45.9627067459989,468.91,470.07,47663.66,7.165
GP,2015-04-14,2015,104,13.91,0.96,0,0.476560039361934,230.247,50.3608483856448,511.66,643.97,47861.12,7.435
GP,2015-04-15,2015,105,10.37,-1.54,0,0.355787749863008,224.181,49.2355709194977,498.18,545.56,48057.81,4.415
GP,2015-04-16,2015,106,11.01,-4.49,0,0.454594470794492,258.3765,56.9770212716824,574.17,420.32,48253.69,3.26
GP,2015-04-17,2015,107,19.25,0.3,0,0.887107026400944,273.546,60.5659852732662,607.88,538.71,48448.71,9.775
GP,2015-04-18,2015,108,7.87,-3.39,0,0.293376306930414,214.65,47.71621821942,477,475.64,48642.84,2.24
GP,2015-04-19,2015,109,12.46,-1.56,0,0.488254775900068,248.04,55.357718851656,551.2,505.87,48836.02,5.45
GP,2015-04-20,2015,110,8.78,-1.63,15.6,0.293888952395196,154.134,34.5350975290398,342.52,542.05,49028.21,3.575
GP,2015-04-21,2015,111,8.66,3.1,8.83,0.178862368325055,89.9325,20.2287357160087,199.85,762.71,49219.35,5.88
GP,2015-04-22,2015,112,9.06,-0.96,11.17,0.291100954043903,152.109,34.3463648718033,338.02,569.26,49409.41,4.05
GP,2015-04-23,2015,113,6.91,0.78,3.46,0.174373905771826,102.9285,23.3302187081484,228.73,646.07,49598.32,3.845
GP,2015-04-24,2015,114,4.18,-0.48,0,0.116988559637021,112.572,25.6126294136016,250.16,589.53,49786.04,1.85
GP,2015-04-25,2015,115,10.38,0.2,0,0.319049222427416,214.7895,49.0524168954677,477.31,619.65,49972.51,5.29
GP,2015-04-26,2015,116,10.41,2.16,2.87,0.273137027641625,136.3185,31.2470080339356,302.93,713.67,50157.68,6.285
GP,2015-04-27,2015,117,14.88,3.12,0,0.47404617069375,232.7355,53.5432815717525,517.19,752.33,50341.5,9.0
GP,2015-04-28,2015,118,18.45,1.12,0,0.796674591470862,280.188,64.6937777493324,622.64,593.88,50523.89,9.785
GP,2015-04-29,2015,119,14.58,4.67,0,0.402007510810951,205.911,47.7138990628287,457.58,852.13,50704.81,9.625
GP,2015-04-30,2015,120,17.23,1.24,0,0.719160777731872,271.0125,63.021461933925,602.25,595.96,50884.2,9.235
GP,2015-05-01,2015,121,18.15,3.48,0,0.738938000892961,260.1495,60.7067309466657,578.11,692.44,51061.98,10.815
GP,2015-05-02,2015,122,22.16,1.48,0,1.12032155912847,291.0285,68.146698853337,646.73,551.74,51238.11,11.82
GP,2015-05-03,2015,123,24.25,5.38,0,1.23460965431489,279.513,65.6730374016132,621.14,724.38,51412.52,14.815
GP,2015-05-04,2015,124,27.02,6.09,1.93,1.51413940603354,283.8735,66.9214869028214,630.83,737.44,51585.13,16.555
GP,2015-05-05,2015,125,19.84,6.68,0,0.756471527872079,232.641,55.0252769650893,516.98,888.21,51755.89,13.26
GP,2015-05-06,2015,126,22.31,-0.15,0,1.17661566366194,293.697,69.6931146185688,652.66,469.97,51924.72,11.08
GP,2015-05-07,2015,127,26.87,3.94,0,1.56673926392032,290.6685,69.1960865279202,645.93,603.87,52091.56,15.405
GP,2015-05-08,2015,128,21.8,8.96,0,0.870936876268943,225.639,53.8851821367582,501.42,1003.98,52256.34,15.38
GP,2015-05-09,2015,129,22.96,9.2,22.86,0.853652277942446,172.863,41.4101507786118,384.14,1125.83,52418.98,16.08
GP,2015-05-10,2015,130,15.63,11.15,4.7,0.222996632502601,67.9455,16.3264817608484,150.99,1324.91,52579.41,13.39
GP,2015-05-11,2015,131,10.04,6.47,14.25,0.131675123191122,57.555,13.8713652844425,127.9,965.43,52737.55,8.255
GP,2015-05-12,2015,132,21.74,6.61,9.95,0.810943623676105,183.186,44.280197943867,407.08,974.68,52893.35,14.175
GP,2015-05-13,2015,133,16.19,4.5,0,0.497266501553315,215.8425,52.3252768155075,479.65,841.95,53046.7,10.345
GP,2015-05-14,2015,134,20.5,0.5,0,0.950076331243451,280.314,68.147922400299,622.92,569.98,53197.55,10.5
GP,2015-05-15,2015,135,20.53,2.07,0,0.915185103564047,270.738,66.0033246112812,601.64,644.87,53345.82,11.3
GP,2015-05-16,2015,136,18.5,9.41,0,0.472655785263073,171.7605,41.9878486152387,381.69,1179.26,53491.42,13.955
GP,2015-05-17,2015,137,23.5,7.42,0,1.0236107578861,251.7255,61.7000998921398,559.39,936.2,53634.28,15.46
GP,2015-05-18,2015,138,26.43,8.02,18.93,1.19974313869542,194.7735,47.8653232004964,432.83,1057.44,53774.32,17.225
GP,2015-05-19,2015,139,25.23,15.84,0,0.701623496968355,165.3255,40.7321315966511,367.39,1799.14,53911.46,20.535
GP,2015-05-20,2015,140,14.17,4.67,0,0.38035284010799,180.945,44.691331128813,402.1,852.12,54045.62,9.42
GP,2015-05-21,2015,141,17.41,1.67,2.93,0.647767168902642,186.3495,46.1378274042348,414.11,689.03,54176.72,9.54
GP,2015-05-22,2015,142,11.29,1.62,0,0.32480421562986,182.2185,45.2216085372761,404.93,686.45,54304.69,6.455
GP,2015-05-23,2015,143,16.16,-1.68,0,0.673733599238634,262.8675,65.3863178306993,584.15,513.09,54429.43,7.24
GP,2015-05-24,2015,144,23.61,4.68,0,1.11608310933156,259.659,64.7323570275507,577.02,764.59,54550.89,14.145
GP,2015-05-25,2015,145,20.87,8.82,13.72,0.663585934420485,147.3075,36.8028922931168,327.35,1133.75,54668.97,14.845
GP,2015-05-26,2015,146,27.41,14.55,0.7,1.0098236454937,194.319,48.649909263588,431.82,1639.66,54783.6,20.98
GP,2015-05-27,2015,147,26.66,13.52,2.27,0.968911884652248,147.87,37.095973108389,328.6,1548.64,54894.71,20.09
GP,2015-05-28,2015,148,20.96,12.88,4.32,0.494634412048318,103.0005,25.8902159491499,228.89,1484.92,55002.21,16.92
GP,2015-05-29,2015,149,23.47,5.05,0,1.05260390963051,248.805,62.6576969792655,552.9,826.98,55106.03,14.26
GP,2015-05-30,2015,150,26.93,8.8,9.34,1.20590566461304,179.64,45.32171278428,399.2,1131.8,55206.1,17.865
GP,2015-05-31,2015,151,15.28,5.8,0,0.405141297995497,161.6985,40.8663431795408,359.33,921.96,55302.35,10.54
GP,2015-06-01,2015,152,11.04,7.3,11.23,0.145333349571394,54.288,13.743212354352,120.64,1022.37,55394.7,9.17
GP,2015-06-02,2015,153,12.04,5.95,2.23,0.235604144240211,77.895,19.7508787006635,173.1,931.74,55483.09,8.995
GP,2015-06-03,2015,154,16.53,2.17,0,0.581542077170415,207.504,52.694239421736,461.12,713.96,55567.45,9.35
GP,2015-06-04,2015,155,22.52,4.44,10.94,0.942353829013759,169.5285,43.112798717639,376.73,838.42,55647.71,13.48
GP,2015-06-05,2015,156,17.22,6.4,3.64,0.499924918800097,129.375,32.946360301125,287.5,960.65,55723.82,11.81
GP,2015-06-06,2015,157,19.06,5.3,0,0.655116951188196,204.4755,52.1384705494799,454.39,890.38,55795.71,12.18
GP,2015-06-07,2015,158,19.73,3.31,8.22,0.760282679888779,167.193,42.6835991976732,371.54,774.17,55863.32,11.52
GP,2015-06-08,2015,159,17.24,10.72,19.95,0.336724765918901,85.3335,21.809929121168,189.63,1288.13,55926.61,13.98
GP,2015-06-09,2015,160,21.65,14.45,21,0.467255820956251,89.892,22.9992121627488,199.76,1645.47,55985.52,18.05
GP,2015-06-10,2015,161,23.95,12.09,3.52,0.778466164947942,133.2675,34.1301738086752,296.15,1410.3,56039.99,18.02
GP,2015-06-11,2015,162,22.18,15.57,0.31,0.448391392545389,110.1195,28.2270695578888,244.71,1768.14,56089.99,18.875
GP,2015-06-12,2015,163,24.84,12.21,0.63,0.854437492687519,186.939,47.9571709654404,415.42,1421.19,56135.48,18.525
GP,2015-06-13,2015,164,26.3,10.1,0,1.0892974687088,215.541,55.3350205162917,478.98,1235.46,56176.41,18.2
GP,2015-06-14,2015,165,23.02,8.72,0,0.839961215215563,207.0135,53.1801674181113,460.03,1126.1,56212.75,15.87
GP,2015-06-15,2015,166,21.77,9.22,0,0.717774406351155,191.6415,49.2589999105979,425.87,1164.86,56244.47,15.495
GP,2015-06-16,2015,167,20.2,14.48,8.04,0.355493860070216,75.6675,19.4587252609815,168.15,1648.69,56271.54,17.34
GP,2015-06-17,2015,168,22.47,6.28,0,0.880726517144693,223.6185,57.5288345480373,496.93,953.02,56293.94,14.375
GP,2015-06-18,2015,169,25.54,11.33,5.52,0.960971104279142,152.784,39.318082440552,339.52,1341.26,56311.65,18.435
GP,2015-06-19,2015,170,20.28,8.38,0,0.636502437138359,188.235,48.4523761518675,418.3,1100.26,56324.65,14.33
GP,2015-06-20,2015,171,22.38,5.43,0,0.900859010226066,226.6515,58.3494998934002,503.67,898.3,56332.93,13.905
GP,2015-06-21,2015,172,20.94,13.04,1.61,0.484810501174254,134.5635,34.6444171935655,299.03,1501.02,56336.49,16.99
GP,2015-06-22,2015,173,25.08,14.87,0,0.741824605702931,163.944,42.2077782985056,364.32,1690.5,56335.32,19.975
GP,2015-06-23,2015,174,22.42,13.89,10.07,0.55909310393155,110.6415,28.4819378597901,245.87,1586.45,56329.42,18.155
GP,2015-06-24,2015,175,22.37,11.6,0,0.666136994349889,178.4745,45.935216394642,396.61,1365.01,56318.8,16.985
GP,2015-06-25,2015,176,22.98,6.06,0,0.930711301559318,228.8835,58.8932837501787,508.63,938.51,56303.46,14.52
GP,2015-06-26,2015,177,22.71,7.72,0,0.85110850738163,216.6435,55.7240174511269,481.43,1051.94,56283.43,15.215
GP,2015-06-27,2015,178,23.85,7.12,0,0.970472519282841,224.658,57.7600895692926,499.24,1009.66,56258.71,15.485
GP,2015-06-28,2015,179,17.31,10.94,13.96,0.331631833020485,88.1685,22.6564864672199,195.93,1307.05,56229.33,14.125
GP,2015-06-29,2015,180,18.87,10.96,2.35,0.43245305137054,108.5355,27.8732852931402,241.19,1308.62,56195.32,14.915
GP,2015-06-30,2015,181,25.15,11.1,9.99,0.934124895358922,155.799,39.983650704081,346.22,1320.55,56156.7,18.125
GP,2015-07-01,2015,182,18.03,15.24,23.67,0.164638525105845,41.508,10.64425735206,92.24,1731.39,56113.5,16.635
GP,2015-07-02,2015,183,21.37,12.56,0,0.541465049831287,153.594,39.3539420596266,341.32,1454.25,56065.77,16.965
GP,2015-07-03,2015,184,25.55,9.41,0,1.04293878920555,221.0445,56.5833962890958,491.21,1179.75,56013.55,17.48
GP,2015-07-04,2015,185,24.71,8.19,0,1.00999565682078,224.73,57.468606395607,499.4,1086.37,55956.87,16.45
GP,2015-07-05,2015,186,26.26,12.84,0,0.961513592547439,199.1295,50.8663882666589,442.51,1481.81,55895.79,19.55
GP,2015-07-06,2015,187,27.71,10.71,0,1.21127438448487,221.6925,56.5636662939037,492.65,1286.56,55830.35,19.21
GP,2015-07-07,2015,188,27.27,12.97,4.74,1.05964874044015,153.1125,39.0170440417163,340.25,1494.31,55760.61,20.12
GP,2015-07-08,2015,189,24.09,12.73,0,0.76104690103875,179.766,45.7482634543044,399.48,1470.47,55686.62,18.41
GP,2015-07-09,2015,190,23.52,8.58,0,0.888146637297749,211.725,53.80579510263,470.5,1115.65,55608.44,16.05
GP,2015-07-10,2015,191,27.56,10.82,0,1.18963505171661,216.882,55.0347747503436,481.96,1296.72,55526.14,19.19
GP,2015-07-11,2015,192,27.93,10.64,0,1.23774999027733,217.494,55.1042351667324,483.32,1281.08,55439.78,19.285
GP,2015-07-12,2015,193,28.48,14.14,0,1.13278616665979,194.76,49.263928389144,432.8,1612.47,55349.42,21.31
GP,2015-07-13,2015,194,28.47,12.7,0,1.20450078730876,206.0955,52.0423997572616,457.99,1467.56,55255.13,20.585
GP,2015-07-14,2015,195,28.11,14.78,5.97,1.05775697256511,139.7475,35.2257887858535,310.55,1680.16,55156.98,21.445
GP,2015-07-15,2015,196,19.33,10.08,0,0.501585173954539,152.1675,38.285576242344,338.15,1233.91,55055.04,14.705
GP,2015-07-16,2015,197,23.45,4.77,0,1.01115655733635,228.249,57.3175845327834,507.22,858.24,54949.38,14.11
GP,2015-07-17,2015,198,25.09,7.57,11.03,1.06846347234855,164.6145,41.2555561585438,365.81,1041.12,54840.09,16.33
GP,2015-07-18,2015,199,19.65,14.77,5.93,0.300539359387153,61.7445,15.4425090972753,137.21,1679.62,54727.22,17.21
GP,2015-07-19,2015,200,20.54,16.69,5.65,0.25527170186175,49.851,12.4413976152909,110.78,1899.09,54610.87,18.615
GP,2015-07-20,2015,201,26.75,16.09,0,0.838767166170088,162.189,40.3890139838403,360.42,1827.31,54491.11,21.42
GP,2015-07-21,2015,202,21.58,15.33,8.08,0.414441513907118,79.6005,19.7776839646229,176.89,1740.65,54368.01,18.455
GP,2015-07-22,2015,203,19.76,10.09,0,0.531698259578764,159.4575,39.5270245124865,354.35,1234.51,54241.66,14.925
GP,2015-07-23,2015,204,21.62,13.32,4.13,0.523856003882593,103.311,25.5480286593051,229.58,1528.43,54112.13,17.47
GP,2015-07-24,2015,205,22.55,13.63,5.84,0.583370516368849,109.4355,26.9962402251825,243.19,1559.64,53979.5,18.09
GP,2015-07-25,2015,206,23.17,11.63,6.51,0.731867409509559,134.4465,33.0827655081442,298.77,1367.69,53843.85,17.4
GP,2015-07-26,2015,207,25.02,16.67,9.26,0.633570129738462,103.014,25.2830437048746,228.92,1896.04,53705.27,20.845
GP,2015-07-27,2015,208,27.33,16.34,4.1,0.883878066891978,126.963,31.0788483834762,282.14,1857.61,53563.82,21.835
GP,2015-07-28,2015,209,29.77,13.43,0,1.31921316001716,208.458,50.8903358774454,463.24,1540.04,53419.59,21.6
GP,2015-07-29,2015,210,30.43,15.47,0,1.29210758267957,195.9975,47.7167783750595,435.55,1756.19,53272.66,22.95
GP,2015-07-30,2015,211,26.21,15.96,5.79,0.791378041138587,118.3815,28.739786050345,263.07,1812.2,53123.11,21.085
GP,2015-07-31,2015,212,26.45,14.79,2.25,0.880790185791299,128.1825,31.0301011562153,284.85,1681.59,52971.01,20.62
GP,2015-08-01,2015,213,23.11,12.36,11.04,0.692504938198055,123.4755,29.8034154182651,274.39,1435.57,52816.43,17.735
GP,2015-08-02,2015,214,24.51,12.19,3.09,0.824543840589979,135.369,32.5770550741818,300.82,1419.57,52659.46,18.35
GP,2015-08-03,2015,215,23.94,16.26,0,0.5587190012754,125.352,30.0751759859688,278.56,1847.44,52500.17,20.1
GP,2015-08-04,2015,216,24.11,13.7,6.91,0.714097246158107,121.9185,29.1613915574388,270.93,1567.19,52338.64,18.905
GP,2015-08-05,2015,217,21.87,12.68,12.4,0.57458493076626,113.9085,27.1602778235459,253.13,1466.28,52174.93,17.275
GP,2015-08-06,2015,218,20.71,10.57,6.56,0.580567885416883,124.83,29.669809619403,277.4,1275.22,52009.13,15.64
GP,2015-08-07,2015,219,20.78,12.4,0,0.503511906331275,143.2935,33.9483358909705,318.43,1439.45,51841.29,16.59
GP,2015-08-08,2015,220,24.67,9.21,0,0.967727306403198,209.0475,49.3642068323918,464.55,1163.66,51671.49,16.94
GP,2015-08-09,2015,221,24.55,11.81,0,0.845893835170354,189.1575,44.5189991670428,420.35,1384.38,51499.81,18.18
GP,2015-08-10,2015,222,26.07,12.27,30.37,0.970032009643597,146.772,34.427015125452,326.16,1427.13,51326.3,19.17
GP,2015-08-11,2015,223,18.71,15.89,21.88,0.173481348470508,41.4495,9.68924370419145,92.11,1804.22,51151.03,17.3
GP,2015-08-12,2015,224,21.99,15.18,1.83,0.454867754297198,123.7635,28.8308929578737,275.03,1724.5,50974.07,18.585
GP,2015-08-13,2015,225,20.93,13.35,0,0.469162841916867,138.816,32.2240998571776,308.48,1531.22,50795.48,17.14
GP,2015-08-14,2015,226,22.95,10.95,1.56,0.743159983288869,188.82,43.676342810442,419.6,1307.59,50615.33,16.95
GP,2015-08-15,2015,227,26.92,16.4,0,0.837801455739831,169.1235,38.9799008622797,375.83,1864.1,50433.67,21.66
GP,2015-08-16,2015,228,29.09,14.49,0,1.18394830128366,199.116,45.7260147072684,442.48,1649.58,50250.57,21.79
GP,2015-08-17,2015,229,30.25,18.48,0,1.08414999169455,172.9485,39.5709602065416,384.33,2126.15,50066.08,24.365
GP,2015-08-18,2015,230,28.83,17.34,0,0.989472483207523,170.6355,38.8968301928588,379.19,1978.46,49880.25,23.085
GP,2015-08-19,2015,231,29.75,17.79,0,1.06906387104972,172.2915,39.1270104779598,382.87,2035.37,49693.16,23.77
GP,2015-08-20,2015,232,29.23,17.84,8.12,1.00369517734619,124.2585,28.1118850264098,276.13,2042.25,49504.84,23.535
GP,2015-08-21,2015,233,25.41,17.04,4.41,0.64750452963425,102.3165,23.0591872178168,227.37,1941.76,49315.35,21.225
GP,2015-08-22,2015,234,25.91,13.77,0,0.880763320854246,176.8005,39.6917312560538,392.89,1573.89,49124.75,19.84
GP,2015-08-23,2015,235,26.61,11.45,0,1.06222553996737,195.804,43.7865080791824,435.12,1352,48933.08,19.03
GP,2015-08-24,2015,236,27.26,15.71,0,0.91414672667587,166.032,36.982570044096,368.96,1783.37,48740.4,21.485
GP,2015-08-25,2015,237,24.35,13.76,1.67,0.732681151682862,159.3045,35.3430736304481,354.01,1573.39,48546.74,19.055
GP,2015-08-26,2015,238,23.52,14.05,0,0.644488291466874,147.3795,32.5663554427704,327.51,1602.51,48352.16,18.785
GP,2015-08-27,2015,239,23.08,13.58,1.13,0.630012680741764,149.4675,32.8942341472973,332.15,1555,48156.71,18.33
GP,2015-08-28,2015,240,23.42,8.39,0,0.88708667210443,195.948,42.9477100881912,435.44,1100.89,47960.42,15.905
GP,2015-08-29,2015,241,22.83,8.58,1.5,0.829074828589745,190.134,41.502166125273,422.52,1115.63,47763.35,15.705
GP,2015-08-30,2015,242,24.86,15.89,0,0.663920980313931,137.826,29.9598476930064,306.28,1804.76,47565.52,20.375
GP,2015-08-31,2015,243,27.21,14.89,0,0.953973392322518,167.796,36.3223209449628,372.88,1692.59,47366.99,21.05
GP,2015-09-01,2015,244,24.77,9.04,0,0.983236183428204,192.708,41.5395198722124,428.24,1150.82,47167.79,16.905
GP,2015-09-02,2015,245,27.15,12.97,15.05,1.04736901796717,133.326,28.6175695737672,296.28,1493.91,46967.96,20.06
GP,2015-09-03,2015,246,25.49,14.73,0,0.78850955442176,150.66,32.20021580931,334.8,1675.46,46767.55,20.11
GP,2015-09-04,2015,247,23.68,7.82,0,0.930872423677893,189.1845,40.2602068080941,420.41,1058.93,46566.57,15.75
GP,2015-09-05,2015,248,27.04,8.43,0,1.23122846010482,194.733,41.2616757343329,432.74,1103.99,46365.09,17.735
GP,2015-09-06,2015,249,28.79,10.57,0,1.33760383278726,188.4015,39.7462088107476,418.67,1274.62,46163.12,19.68
GP,2015-09-07,2015,250,28.82,18.66,9.06,0.902238199738297,98.0235,20.5888950513765,217.83,2150.02,45960.7,23.74
GP,2015-09-08,2015,251,26.03,17.33,0,0.689750694490732,118.6965,24.8210419296294,263.77,1978.13,45757.88,21.68
GP,2015-09-09,2015,252,25.7,16.78,0,0.691444362281074,122.166,25.4331093955554,271.48,1910.11,45554.67,21.24
GP,2015-09-10,2015,253,23.3,10.7,0,0.783641523874102,158.4315,32.8356600750396,352.07,1286.24,45351.12,17.0
GP,2015-09-11,2015,254,23.46,9.61,2.66,0.842714126199683,123.732,25.52874908409,274.96,1195.9,45147.25,16.535
GP,2015-09-12,2015,255,17.72,10.35,15.15,0.382639913630378,78.6735,16.1587475687745,174.83,1256.75,44943.1,14.035
GP,2015-09-13,2015,256,16.18,12.53,31.8,0.190710148539883,41.6385,8.51323338209205,92.53,1451.93,44738.69,14.355
GP,2015-09-14,2015,257,18.23,13.58,11.1,0.266633367901698,51.6735,10.5166268862827,114.83,1554.52,44534.07,15.905
GP,2015-09-15,2015,258,25.69,8.84,0,1.07907048791997,176.3325,35.7222617636063,391.85,1135.05,44329.25,17.265
GP,2015-09-16,2015,259,27.01,11.36,0,1.10827487666835,166.8285,33.6406190040662,370.73,1343.35,44124.27,19.185
GP,2015-09-17,2015,260,26.7,13,0,0.998763506575881,153.756,30.8604600745164,341.68,1497.12,43919.17,19.85
GP,2015-09-18,2015,261,26.81,13.33,0,0.9939601801615,150.606,30.086975012409,334.68,1529.55,43713.95,20.07
GP,2015-09-19,2015,262,26.66,14.27,7.84,0.929804752554866,105.9165,21.0598672304714,235.37,1626.31,43508.67,20.465
GP,2015-09-20,2015,263,18.1,8.77,0,0.471306450864832,121.3245,24.0096652574031,269.61,1129.41,43303.34,13.435
GP,2015-09-21,2015,264,21.04,2.64,0,0.874802560481951,176.202,34.70436884772,391.56,738.36,43098,11.84
GP,2015-09-22,2015,265,21.47,5.98,0,0.810213565717352,161.973,31.7498741834148,359.94,933.45,42892.68,13.725
GP,2015-09-23,2015,266,22.91,4.29,0,0.979051426352955,171.4995,33.4563578087639,381.11,829.94,42687.39,13.6
GP,2015-09-24,2015,267,17.78,5.45,0,0.56532179362656,140.688,27.3136695350688,312.64,900.01,42482.18,11.615
GP,2015-09-25,2015,268,15.8,3.03,0,0.516141869160522,143.37,27.699974313363,318.6,759.16,42277.07,9.415
GP,2015-09-26,2015,269,16.24,-0.04,0,0.617071993315115,161.001,30.9555739287513,357.78,608.82,42072.09,8.1
GP,2015-09-27,2015,270,21.15,-0.63,0,0.960750850626254,173.4885,33.1941566406996,385.53,583.47,41867.28,10.26
GP,2015-09-28,2015,271,21.02,8.21,1.1,0.69816259318853,133.3575,25.3910426925038,296.35,1087.67,41662.65,14.615
GP,2015-09-29,2015,272,21.08,12.72,16.71,0.510818458411576,70.02,13.26628345905,155.6,1470.17,41458.25,16.9
GP,2015-09-30,2015,273,11,7.68,0,0.130099684060469,43.245,8.1530313677685,96.1,1049.28,41254.09,9.34
GP,2015-10-01,2015,274,13.46,2.47,0,0.40544006575004,123.9165,23.2466741108991,275.37,729.56,41050.22,7.965
GP,2015-10-02,2015,275,11.87,0.61,0,0.375137370445085,126.252,23.5673701784388,280.56,638.18,40846.67,6.24
GP,2015-10-03,2015,276,13.75,-0.32,0,0.486673712683569,142.119,26.3972700652518,315.82,596.71,40643.46,6.715
GP,2015-10-04,2015,277,14.71,-1.23,0,0.556170244256425,149.346,27.6011837188686,331.88,558.35,40440.63,6.74
GP,2015-10-05,2015,278,15.47,3.85,0,0.474645016470266,123.7455,22.7553891890864,274.99,804.52,40238.21,9.66
GP,2015-10-06,2015,279,12.17,7.51,0,0.189110582557848,57.8745,10.5890435894916,128.61,1036.89,40036.24,9.84
GP,2015-10-07,2015,280,16.2,4.68,0,0.492137123820831,122.2515,22.2552507840863,271.67,852.99,39834.75,10.44
GP,2015-10-08,2015,281,9.78,-0.92,2.57,0.318808701189645,88.4115,16.0136504275424,196.47,570.92,39633.77,4.43
GP,2015-10-09,2015,282,5.65,-0.92,4.49,0.17043297942135,59.643,10.7482894538085,132.54,571.15,39433.35,2.365
GP,2015-10-10,2015,283,8.9,-1.9,6.17,0.303708280848864,87.822,15.7462375040208,195.16,531.49,39233.52,3.5
GP,2015-10-11,2015,284,11.86,2.48,3.23,0.328423391380703,77.94,13.903470496656,173.2,730.18,39034.32,7.17
GP,2015-10-12,2015,285,20.54,7.1,0,0.701493145789981,124.092,22.0237879257432,275.76,1008.58,38835.78,13.82
GP,2015-10-13,2015,286,17.15,7.94,4.24,0.441387074606757,71.109,12.5561023585335,158.02,1068.21,38637.95,12.545
GP,2015-10-14,2015,287,10.4,4.1,1.14,0.220396840672095,69.6105,12.228808987787,154.69,818.43,38440.87,7.25
GP,2015-10-15,2015,288,10.42,-2.59,12.66,0.378289510668726,92.124,16.1012194437276,204.72,504.81,38244.57,3.915
GP,2015-10-16,2015,289,8.24,1.86,4.21,0.1953633411384,53.64,9.327160970028,119.2,698.33,38049.11,5.05
GP,2015-10-17,2015,290,5.57,-2.69,0,0.203244762557193,90.738,15.6972386481498,201.64,500.92,37854.53,1.44
GP,2015-10-18,2015,291,3.75,-6.34,0,0.209622755426436,105.786,18.2068470677574,235.08,380.18,37660.87,-1.295
GP,2015-10-19,2015,292,7.13,-8.41,0,0.343303626857773,131.112,22.4502530338512,291.36,323.91,37468.18,-0.64
GP,2015-10-20,2015,293,13.25,0.2,0,0.4499556875464,116.3475,19.8202160577375,258.55,619.77,37276.5,6.725
GP,2015-10-21,2015,294,7.7,-5.51,9.73,0.322452006441347,88.839,15.056661414357,197.42,405.35,37085.9,1.095
GP,2015-10-22,2015,295,12.42,-1.72,3.44,0.450795860670788,89.64,15.11478736272,199.2,538.25,36896.4,5.35
GP,2015-10-23,2015,296,6.66,-1.49,0,0.215337251111343,85.2705,14.3046316538748,189.49,547.46,36708.08,2.585
GP,2015-10-24,2015,297,8.39,-5.18,15.19,0.342716161033747,87.7275,14.6417928182347,194.95,415.42,36520.97,1.605
GP,2015-10-25,2015,298,9.86,1.53,10.66,0.266130563815389,63.0135,10.4634918538623,140.03,682.24,36335.14,5.695
GP,2015-10-26,2015,299,5.8,-4.42,0,0.240914848517839,99.1395,16.3786806304596,220.31,440.13,36150.64,0.69
GP,2015-10-27,2015,300,9.83,-7.35,0,0.43060836519414,124.335,20.437138708344,276.3,351.77,35967.52,1.24
GP,2015-10-28,2015,301,8.11,-5.18,40.59,0.332207426370349,84.0285,13.7421368661357,186.73,415.58,35785.86,1.465
GP,2015-10-29,2015,302,12.51,4.84,6.24,0.292388422304017,56.349,9.1689967679517,125.22,862.46,35605.69,8.675
GP,2015-10-30,2015,303,5.81,-1.1,0,0.179414312572253,69.5835,11.2656939907585,154.63,563.51,35427.09,2.355
GP,2015-10-31,2015,304,5.89,-6.43,1.04,0.275049626115085,115.443,18.5970700621863,256.54,377.7,35250.13,-0.27
GP,2015-11-01,2015,305,7.43,-0.35,4.42,0.217719537364079,56.025,8.9803629136125,124.5,595.35,35074.85,3.54
GP,2015-11-02,2015,306,9.54,2.9,8.11,0.21835234466182,48.6585,7.76098589172885,108.13,752.08,34901.33,6.22
GP,2015-11-03,2015,307,7.4,2.31,2.85,0.15341024624871,39.0735,6.20152746396885,86.83,721.41,34729.63,4.855
GP,2015-11-04,2015,308,9.96,-0.65,0,0.320150058388528,92.1735,14.5577330292789,204.83,582.59,34559.82,4.655
GP,2015-11-05,2015,309,10.74,-0.1,0,0.341090826462531,90.9945,14.301724121734,202.21,606.2,34391.97,5.32
GP,2015-11-06,2015,310,15.73,3.04,1.94,0.511819184954244,95.5485,14.9450758302668,212.33,759.75,34226.15,9.385
GP,2015-11-07,2015,311,8.8,1.95,0,0.214249568005996,63.9585,9.95611941623835,142.13,702.73,34062.43,5.375
GP,2015-11-08,2015,312,6.39,-4.47,0,0.260721626052013,88.704,13.7426465240064,197.12,438.64,33900.88,0.96
GP,2015-11-09,2015,313,10.99,-0.71,0,0.365112593179879,89.8425,13.8536255082555,199.65,579.8,33741.58,5.14
GP,2015-11-10,2015,314,10.86,-4.2,0,0.425657746045375,99.0765,15.206417394287,220.17,447.59,33584.59,3.33
GP,2015-11-11,2015,315,8.06,-1.17,1.33,0.257672465662976,75.825,11.5841719575,168.5,560.69,33430,3.445
GP,2015-11-12,2015,316,8.32,4.01,14.77,0.14058348377456,29.232,4.4455999758912,64.96,813.49,33277.88,6.165
GP,2015-11-13,2015,317,8.25,3.06,3.14,0.164444415663134,34.4655,5.21795182115385,76.59,760.71,33128.31,5.655
GP,2015-11-14,2015,318,3.81,-1.97,0,0.136813890608091,52.083,7.8502005500616,115.74,528.65,32981.36,0.92
GP,2015-11-15,2015,319,3.95,-1.56,0,0.132918554266917,49.392,7.4120420118528,109.76,544.61,32837.12,1.195
GP,2015-11-16,2015,320,4.4,-2.98,0,0.172850276692388,62.8155,9.38583676376775,139.59,490.5,32695.65,0.71
GP,2015-11-17,2015,321,4.1,-5.49,0,0.206494641537003,75.339,11.2093672460715,167.42,405.99,32557.05,-0.695
GP,2015-11-18,2015,322,4.89,-7.18,0,0.254673260206475,85.1985,12.6234959537601,189.33,356.41,32421.38,-1.145
GP,2015-11-19,2015,323,9.52,0.88,26.99,0.268406289026673,51.0525,7.53328117464525,113.45,650.72,32288.73,5.2
GP,2015-11-20,2015,324,8.57,0.6,0,0.237910816198949,64.3275,9.4540488071265,142.95,637.89,32159.18,4.585
GP,2015-11-21,2015,325,3.8,-6.5,0,0.213171050087474,77.4,11.33058148758,172,375.72,32032.81,-1.35
GP,2015-11-22,2015,326,7.03,-0.92,0,0.215894106770215,63.6795,9.28620848690235,141.51,571.15,31909.69,3.055
GP,2015-11-23,2015,327,-1.4,-7.42,0,0.101182396684179,52.6275,7.6457149374825,116.95,349.99,31789.9,-4.41
GP,2015-11-24,2015,328,-1.82,-12.55,0,0.151274791343848,77.886,11.2738452281406,173.08,233.16,31673.53,-7.185
GP,2015-11-25,2015,329,-0.41,-13.71,0,0.190909945174337,84.06,12.124152410688,186.8,212.1,31560.64,-7.06
GP,2015-11-26,2015,330,9.43,-3.9,0,0.361592386682298,81.567,11.7238314702708,181.26,457.59,31451.32,2.765
GP,2015-11-27,2015,331,9.4,0.38,10.03,0.27522652403657,49.734,7.1243743531032,110.52,627.6,31345.64,4.89
GP,2015-11-28,2015,332,0.03,-6.55,0,0.119479807270985,54.2025,7.739229032964,120.45,374.14,31243.68,-3.26
GP,2015-11-29,2015,333,-1.31,-10.58,0,0.141662190260916,68.769,9.7882342877583,152.82,272.94,31145.51,-5.945
GP,2015-11-30,2015,334,-5.15,-14.31,0,0.108154988283837,68.535,9.7253864113905,152.3,201.83,31051.19,-9.73
GP,2015-12-01,2015,335,0.27,-10.2,4.73,0.171243667461575,60.2505,8.524894819428,133.89,281.4,30960.8,-4.965
GP,2015-12-02,2015,336,1.96,-1.95,7.43,0.0874307190020672,27.252,3.8451496554324,60.56,529.18,30874.41,0.005
GP,2015-12-03,2015,337,3.47,-0.54,3.59,0.0982594159268602,27.5265,3.8735237288484,61.17,586.94,30792.08,1.465
GP,2015-12-04,2015,338,2.22,-1.79,0,0.0907404465057018,33.606,4.7170198763496,74.68,535.59,30713.88,0.215
GP,2015-12-05,2015,339,6.25,-0.24,0,0.175102246897448,50.868,7.1227489810536,113.04,600.29,30639.86,3.005
GP,2015-12-06,2015,340,3.66,-2.74,0,0.14737644214996,51.372,7.176943599804,114.16,499.24,30570.1,0.46
GP,2015-12-07,2015,341,5.96,-1.47,0,0.191666230013097,56.484,7.8742174906044,125.52,548.52,30504.63,2.245
GP,2015-12-08,2015,342,1.95,-7.31,0,0.175314314196831,65.817,9.1569142821888,146.26,353.01,30443.52,-2.68
GP,2015-12-09,2015,343,1.56,-2.93,4.34,0.0959077139089423,28.566,3.9668953380822,63.48,492.26,30386.81,-0.685
GP,2015-12-10,2015,344,4.15,-0.37,2.91,0.113475059483903,29.1195,4.03680406427325,64.71,594.55,30334.55,1.89
GP,2015-12-11,2015,345,7.18,0.91,2.23,0.180284928580342,38.079,5.270540131404,84.62,652.48,30286.8,4.045
GP,2015-12-12,2015,346,5.97,-0.59,0,0.173819819654331,52.38,7.239602958462,116.4,584.93,30243.57,2.69
GP,2015-12-13,2015,347,3.48,-2.6,4.61,0.139844850883075,37.1745,5.1314372893278,82.61,504.38,30204.92,0.44
GP,2015-12-14,2015,348,1.33,-1.78,14.73,0.0684158718514254,20.7315,2.8584783261504,46.07,536.03,30170.88,-0.225
GP,2015-12-15,2015,349,1.21,-0.5,4.46,0.0389208007390106,12.4695,1.71763020495405,27.71,588.99,30141.47,0.355
GP,2015-12-16,2015,350,-0.02,-3.3,0,0.0659129291277554,29.655,4.081518785412,65.9,478.78,30116.72,-1.66
GP,2015-12-17,2015,351,1.59,-2.74,7.23,0.0931922570331188,28.9125,3.9766754478825,64.25,499.21,30096.66,-0.575
GP,2015-12-18,2015,352,3.65,-1.31,0,0.119334687746562,43.9065,6.03589220838945,97.57,554.79,30081.29,1.17
GP,2015-12-19,2015,353,-1.42,-5.61,0,0.0746654923865201,39.0465,5.3658803285532,86.77,402.17,30070.64,-3.515
GP,2015-12-20,2015,354,-3.62,-9.54,1.22,0.0862038759940306,58.635,8.0561983177845,130.3,296.48,30064.71,-6.58
GP,2015-12-21,2015,355,-1.25,-5.89,9.08,0.0825047309449286,36.36,4.9955074902,80.8,393.54,30063.5,-3.57
GP,2015-12-22,2015,356,0.6,-2.31,4.26,0.0617002125775158,21.699,2.9815798917429,48.22,515.26,30067.03,-0.855
GP,2015-12-23,2015,357,3.61,-0.33,16.16,0.097453327325074,28.413,3.9051972130248,63.14,596.15,30075.28,1.64
GP,2015-12-24,2015,358,11.5,1.19,5.96,0.344670260656801,52.2855,7.18942892286375,116.19,665.51,30088.25,6.345
GP,2015-12-25,2015,359,6.33,-2.75,0,0.228745268607722,68.481,9.4218967589481,152.18,498.75,30105.93,1.79
GP,2015-12-26,2015,360,3.92,-6.6,8.38,0.218068072318291,61.5015,8.4679158859965,136.67,372.78,30128.3,-1.34
GP,2015-12-27,2015,361,-1.95,-7.8,4.74,0.0953357589524894,46.8405,6.4550847989439,104.09,339.83,30155.34,-4.875
GP,2015-12-28,2015,362,-10.75,-16.54,8.34,0.0517494919076247,47.952,6.6152050738992,106.56,167.71,30187.03,-13.645
GP,2015-12-29,2015,363,-8.8,-14.98,13.92,0.0624970550008827,51.066,7.0532698176108,113.48,191.03,30223.34,-11.89
GP,2015-12-30,2015,364,-5.75,-10.19,6.32,0.0589623872679145,40.383,5.5852748739144,89.74,281.58,30264.24,-7.97
GP,2015-12-31,2015,365,-2.45,-6.55,3.45,0.0684871329416622,38.3715,5.31503919314595,85.27,374.28,30309.69,-4.5
GP,2016-01-01,2016,1,-2.31,-9.46,2.91,0.109130540025517,45.1845,6.26910977515185,100.41,298.42,30359.89,-5.885
GP,2016-01-02,2016,2,-1.59,-7.88,6.96,0.103665093524993,41.0535,5.7061747921482,91.23,337.56,30414.36,-4.735
GP,2016-01-03,2016,3,-1.23,-15.12,6.28,0.185356925335887,67.338,9.3776783051916,149.64,188.8,30473.26,-8.175
GP,2016-01-04,2016,4,-14.4,-21.44,0,0.0460491318049434,62.6535,8.74341760436235,139.23,110.13,30536.53,-17.92
GP,2016-01-05,2016,5,-9.34,-23.43,0,0.105249686954414,92.34,12.914757334332,205.2,92.37,30604.14,-16.385
GP,2016-01-06,2016,6,-3.54,-16.76,0,0.153541309103618,90.513,12.6889641940482,201.14,164.67,30676.02,-10.15
GP,2016-01-07,2016,7,-1.37,-7.11,0,0.0975792841081259,52.7085,7.4075043947814,117.13,358.44,30752.12,-4.24
GP,2016-01-08,2016,8,-0.36,-4.7,0,0.0825837296347703,41.0175,5.77952698569075,91.15,430.79,30832.37,-2.53
GP,2016-01-09,2016,9,0.76,-3.77,11.16,0.0918528598064126,32.193,4.5485299890072,71.54,462.27,30916.72,-1.505
GP,2016-01-10,2016,10,4.56,-0.01,20.53,0.117787672386061,32.211,4.564083111777,71.58,610.07,31005.1,2.275
GP,2016-01-11,2016,11,-1.04,-15.64,0,0.193186946124465,96.876,13.767566307534,215.28,180.89,31097.45,-8.34
GP,2016-01-12,2016,12,-7.85,-21.09,6.16,0.113324018733992,71.9145,10.2517832911378,159.81,113.53,31193.69,-14.47
GP,2016-01-13,2016,13,-7.54,-17.13,2.32,0.0943295259449378,62.352,8.917111503,138.56,159.68,31293.75,-12.335
GP,2016-01-14,2016,14,-10.64,-23.63,0,0.0914010793205647,97.614,14.0063252978088,216.92,90.68,31397.56,-17.135
GP,2016-01-15,2016,15,-9.18,-24.38,0,0.110919726970076,103.221,14.8615612408485,229.38,84.82,31505.05,-16.78
GP,2016-01-16,2016,16,-5.93,-10.46,2.99,0.0591153144007077,35.3115,5.10201052091325,78.47,275.73,31616.15,-8.195
GP,2016-01-17,2016,17,-5.78,-13.7,1.7,0.0930964864643371,76.3335,11.0690917443032,169.63,212.33,31730.77,-9.74
GP,2016-01-18,2016,18,-8.65,-14.22,2.75,0.058240166727792,43.929,6.3938327616405,97.62,203.32,31848.85,-11.435
GP,2016-01-19,2016,19,-5.98,-16.14,0,0.109494651219039,92.3625,13.4945557302375,205.25,173.53,31970.3,-11.06
GP,2016-01-20,2016,20,-5.97,-10.79,0,0.0622555927204475,52.4385,7.6913820005328,116.53,268.42,32095.04,-8.38
GP,2016-01-21,2016,21,-6.48,-14.76,0,0.091697617205206,82.9755,12.218898281805,184.39,194.53,32223,-10.62
GP,2016-01-22,2016,22,-4.62,-17.22,0,0.138418693865221,105.6375,15.6193696834538,234.75,158.34,32354.09,-10.92
GP,2016-01-23,2016,23,-7.67,-20.05,0,0.110283618602181,106.4925,15.8110801814813,236.65,124.34,32488.25,-13.86
GP,2016-01-24,2016,24,-7.29,-20.1,0,0.115644840357076,108.9945,16.2508605004737,242.21,123.83,32625.38,-13.695
GP,2016-01-25,2016,25,-2.96,-14.18,0,0.144273117796923,103.8555,15.5511069348254,230.79,204.03,32765.41,-8.57
GP,2016-01-26,2016,26,1.8,-7.16,2.67,0.169714891289556,68.733,10.3368072960306,152.74,356.92,32908.26,-2.68
GP,2016-01-27,2016,27,-1,-13.79,0,0.179078359253085,112.347,16.9707041830494,249.66,210.75,33053.86,-7.395
GP,2016-01-28,2016,28,-3.51,-15.97,5.86,0.148386023473282,85.1985,12.9274826511474,189.33,175.99,33202.12,-9.74
GP,2016-01-29,2016,29,-0.27,-4.39,3.77,0.079224420390023,37.6965,5.7458146448448,83.77,441.2,33352.96,-2.33
GP,2016-01-30,2016,30,-3.51,-8.33,0,0.0733616145555218,59.4315,9.1003820168556,132.07,326,33506.32,-5.92
GP,2016-01-31,2016,31,1.09,-5.78,4.86,0.132375478790811,60.795,9.352447278615,135.1,396.94,33662.1,-2.345
GP,2016-02-01,2016,32,4.51,-7.95,4.72,0.253698724975609,88.1505,13.6244128006462,195.89,335.75,33820.25,-1.72
GP,2016-02-02,2016,33,-5.08,-14.15,0,0.107809034289854,103.1445,16.0174808208446,229.21,204.62,33980.67,-9.615
GP,2016-02-03,2016,34,0.36,-11.93,10.34,0.191390158982396,91.4715,14.272748797639,203.27,245.13,34143.31,-5.785
GP,2016-02-04,2016,35,4.3,-6.99,6.18,0.234433248742561,88.9695,13.9493433466692,197.71,361.82,34308.08,-1.345
GP,2016-02-05,2016,36,-4.76,-15.92,0,0.126955989340204,122.1615,19.2465857011001,271.47,176.66,34474.91,-10.34
GP,2016-02-06,2016,37,-1.59,-16.14,1.27,0.185670207053821,135.5535,21.4610865601113,301.23,173.52,34643.74,-8.865
GP,2016-02-07,2016,38,-2.28,-15.51,0,0.16761549023514,132.1065,21.0184373339555,293.57,182.77,34814.49,-8.895
GP,2016-02-08,2016,39,-7.49,-13.39,0,0.0659627726562719,77.949,12.463347222603,173.22,217.76,34987.1,-10.44
GP,2016-02-09,2016,40,-6.75,-10.79,1.23,0.0508180161054497,56.016,9.00110208888,124.48,268.51,35161.5,-8.77
GP,2016-02-10,2016,41,-4.69,-12.07,1.4,0.0952081490527207,98.1045,15.843186987071,218.01,242.35,35337.63,-8.38
GP,2016-02-11,2016,42,-10.47,-21.1,1.22,0.0818293196626578,128.5245,20.8602234283307,285.61,113.51,35515.41,-15.785
GP,2016-02-12,2016,43,-12.82,-26.3,1.47,0.0792761302478587,144.657,23.5972006532271,321.46,71.19,35694.79,-19.56
GP,2016-02-13,2016,44,-14.36,-25.96,0,0.0646754821631191,138.087,22.6396390921389,306.86,73.44,35875.71,-20.16
GP,2016-02-14,2016,45,-20.19,-30.37,0.49,0.0378645404390794,132.0435,21.7588564139895,293.43,48.66,36058.1,-25.28
GP,2016-02-15,2016,46,-9.79,-29.92,0,0.120724336376192,163.3815,27.0601473172991,363.07,50.78,36241.91,-19.855
GP,2016-02-16,2016,47,1.99,-10.32,19.45,0.213457200993037,107.8065,17.9467373200914,239.57,278.83,36427.08,-4.165
GP,2016-02-17,2016,48,-1.37,-10.63,1.59,0.140991496909868,123.5115,20.6664287773703,274.47,271.85,36613.55,-6.0
GP,2016-02-18,2016,49,-7.05,-19.26,0,0.114311490804733,147.987,24.8887206137493,328.86,133.13,36801.27,-13.155
GP,2016-02-19,2016,50,-2.04,-22.06,4.4,0.211405736940841,129.312,21.8595628936512,287.36,104.31,36990.18,-12.05
GP,2016-02-20,2016,51,2.1,-2.63,11.83,0.10379736744326,52.29,8.884784816019,116.2,503.36,37180.23,-0.265
GP,2016-02-21,2016,52,1.53,-16.13,2.01,0.254794911135951,128.8485,22.0056695012237,286.33,173.55,37371.37,-7.3
GP,2016-02-22,2016,53,-8.69,-21.53,0,0.104701681474089,156.6405,26.8897649282226,348.09,109.28,37563.56,-15.11
GP,2016-02-23,2016,54,-6.05,-24.13,0,0.151823908101489,177.921,30.6999664045578,395.38,86.74,37756.74,-15.09
GP,2016-02-24,2016,55,-0.29,-7.1,23.42,0.12000850329807,77.274,13.4020494332748,171.72,358.83,37950.86,-3.695
GP,2016-02-25,2016,56,0.85,-5.4,17.34,0.120982313472826,72.873,12.7037075395068,161.94,408.5,38145.88,-2.275
GP,2016-02-26,2016,57,-5.23,-16.9,0,0.126458317617477,159.21,27.897069655872,353.8,162.69,38341.76,-11.065
GP,2016-02-27,2016,58,0.05,-19,1.21,0.238990436732381,191.1375,33.6632734500187,424.75,136.11,38538.45,-9.475
GP,2016-02-28,2016,59,-2.49,-12.48,6.96,0.137801092096327,108.7605,19.2531218137664,241.69,234.39,38735.91,-7.485
GP,2016-02-29,2016,60,-0.31,-10.99,9.36,0.167092434834633,114.2685,20.331656088664,253.93,264.15,38934.09,-5.65
GP,2016-03-01,2016,61,-9.87,-18.45,20.19,0.0739991399171886,100.9485,18.0533948227457,224.33,142.67,39132.97,-14.16
GP,2016-03-02,2016,62,-9.64,-19.55,8.61,0.0830915006843714,114.867,20.6472781893312,255.26,129.79,39332.48,-14.595
GP,2016-03-03,2016,63,-13.85,-26.25,0,0.0699472465261958,177.93,32.145550448661,395.4,71.5,39532.61,-20.05
GP,2016-03-04,2016,64,-7.09,-30.43,0,0.156015789968396,216.7605,39.3596374901054,481.69,48.37,39733.31,-18.76
GP,2016-03-05,2016,65,-4.57,-25.34,0,0.179446123180266,214.0965,39.0728025452227,475.77,77.73,39934.55,-14.955
GP,2016-03-06,2016,66,0.36,-17.93,3.26,0.239407746213011,156.2085,28.6522003913166,347.13,149.17,40136.28,-8.785
GP,2016-03-07,2016,67,2.49,-4.36,3.14,0.144366596675416,83.907,15.4679914450152,186.46,442.27,40338.48,-0.935
GP,2016-03-08,2016,68,4.01,-2.99,6.88,0.161811725158197,87.2145,16.1584769703915,193.81,490.09,40541.1,0.51
GP,2016-03-09,2016,69,3.5,-1.16,9.28,0.111795923239045,60.714,11.3049877273074,134.92,561.23,40744.13,1.17
GP,2016-03-10,2016,70,4.76,-1.73,0,0.159802205468251,110.061,20.5957282143627,244.58,537.96,40947.51,1.515
GP,2016-03-11,2016,71,5.29,-6.14,0,0.251972618979889,174.1545,32.75169051461,387.01,386.14,41151.23,-0.425
GP,2016-03-12,2016,72,6.99,-7.8,0,0.330500400972096,201.7125,38.122340637645,448.25,339.77,41355.24,-0.405
GP,2016-03-13,2016,73,5.78,-3.91,0,0.231519116597587,157.239,29.8639325593296,349.42,457.49,41559.52,0.935
GP,2016-03-14,2016,74,3.28,-6.25,0,0.195290546425034,158.6475,30.279725649063,352.55,382.82,41764.04,-1.485
GP,2016-03-15,2016,75,2.73,0.42,6.45,0.0567904031054425,35.748,6.8563691261172,79.44,629.64,41968.77,1.575
GP,2016-03-16,2016,76,7.22,1.08,5.32,0.177736403838142,85.779,16.5325016419101,190.62,660.43,42173.67,4.15
GP,2016-03-17,2016,77,0.87,-3.95,5.61,0.0974223112442493,72.054,13.9547489564538,160.12,456.17,42378.71,-1.54
GP,2016-03-18,2016,78,-1.4,-9.99,0,0.13320641256878,162.009,31.5283011941844,360.02,286.11,42583.88,-5.695
GP,2016-03-19,2016,79,-3.51,-13.72,0,0.130537520589441,186.543,36.4777979365863,414.54,211.82,42789.13,-8.615
GP,2016-03-20,2016,80,0.01,-16.37,0,0.221021451280498,236.4975,46.468114512723,525.55,170.21,42994.44,-8.18
GP,2016-03-21,2016,81,3.55,-15.36,0,0.301589326215808,244.404,48.2509695722184,543.12,185.13,43199.78,-5.905
GP,2016-03-22,2016,82,0.7,-12.31,0,0.202905115057779,217.053,43.0549266875931,482.34,237.71,43405.11,-5.805
GP,2016-03-23,2016,83,-0.52,-9.49,0,0.145710421534659,174.465,34.770808098621,387.7,297.69,43610.42,-5.005
GP,2016-03-24,2016,84,-4.11,-11.56,13.77,0.0998097232843371,118.2285,23.6737924985192,262.73,252.45,43815.67,-7.835
GP,2016-03-25,2016,85,-1.58,-9.81,7.18,0.127445612867865,128.7675,25.904832562179,286.15,290.3,44020.84,-5.695
GP,2016-03-26,2016,86,1.04,-13.67,0,0.223304752074647,241.3485,48.7794935822526,536.33,212.84,44225.88,-6.315
GP,2016-03-27,2016,87,7.85,-10.05,0,0.388293307238817,255.2805,51.8343646234203,567.29,284.76,44430.78,-1.1
GP,2016-03-28,2016,88,3.71,-2.43,19.43,0.143099681640239,101.07,20.616691250349,224.6,510.72,44635.51,0.64
GP,2016-03-29,2016,89,3.64,-4.02,0,0.169609721532804,165.051,33.8220754872921,366.78,453.7,44840.03,-0.19
GP,2016-03-30,2016,90,6.65,-8.52,3.23,0.328152951179739,187.5465,38.6069152723465,416.77,321.33,45044.31,-0.935
GP,2016-03-31,2016,91,7.39,1.14,23.59,0.182309489493625,103.419,21.3854842740339,229.82,663.22,45248.33,4.265
GP,2016-04-01,2016,92,11.53,0.04,0,0.372489871474069,218.0205,45.2863075447674,484.49,612.53,45452.04,5.785
GP,2016-04-02,2016,93,5.46,-6.14,2.81,0.257300880802249,169.1325,35.2887037561508,375.85,386.09,45655.43,-0.34
GP,2016-04-03,2016,94,-6.79,-14.33,0,0.0837013399443405,177.228,37.142224291062,393.84,201.61,45858.45,-10.56
GP,2016-04-04,2016,95,-3.95,-17.73,0,0.152910294152018,259.3845,54.6002130380382,576.41,151.71,46061.08,-10.84
GP,2016-04-05,2016,96,-2.8,-16.19,0,0.162888116901752,259.1595,54.7923281051412,575.91,172.69,46263.28,-9.495
GP,2016-04-06,2016,97,0.98,-14.7,11.46,0.230664276488886,205.002,43.5311693086914,455.56,195.43,46465.01,-6.86
GP,2016-04-07,2016,98,3.09,-1.92,15.97,0.116244119898345,95.2605,20.3157079081313,211.69,530.35,46666.25,0.585
GP,2016-04-08,2016,99,2.63,-3.81,3.09,0.138601601754673,119.439,25.5816792995985,265.42,461.01,46866.95,-0.59
GP,2016-04-09,2016,100,-2.27,-9.1,0,0.105626470723178,170.28,36.626641487568,378.4,306.97,47067.08,-5.685
GP,2016-04-10,2016,101,0.28,-12.46,0,0.194861778828361,258.606,55.861058463372,574.68,234.72,47266.6,-6.09
GP,2016-04-11,2016,102,1.75,-8.23,13.54,0.182535597480362,172.773,37.4774350327767,383.94,328.65,47465.47,-3.24
GP,2016-04-12,2016,103,6.5,-0.65,0,0.192517463334962,179.541,39.1081459928742,398.98,582.3,47663.66,2.925
GP,2016-04-13,2016,104,5.64,-4.9,0,0.243709179684481,239.0175,52.279178790672,531.15,424.43,47861.12,0.37
GP,2016-04-14,2016,105,8.03,-6.13,0,0.344014239224631,272.3535,59.815417294166,605.23,386.35,48057.81,0.95
GP,2016-04-15,2016,106,11.25,-4.97,0,0.45534718486934,282.3435,62.2622088518936,627.43,422.29,48253.69,3.14
GP,2016-04-16,2016,107,12.83,-3.45,0,0.502894586131043,280.0935,62.0156712075395,622.43,473.34,48448.71,4.69
GP,2016-04-17,2016,108,20.08,-2.17,0,0.912452587309356,296.3115,65.8693882828962,658.47,520.68,48642.84,8.955
GP,2016-04-18,2016,109,10.85,0.8,0,0.325270444075626,213.948,47.7490454478072,475.44,647.14,48836.02,5.825
GP,2016-04-19,2016,110,12.27,-2.75,0,0.463512797358062,271.368,60.8024209211496,603.04,498.74,49028.21,4.76
GP,2016-04-20,2016,111,13.39,-1.99,0,0.503206730689425,275.0085,61.8583300381508,611.13,527.66,49219.35,5.7
GP,2016-04-21,2016,112,19.59,-3.18,0,0.896290465681935,301.293,68.0322618077841,669.54,482.96,49409.41,8.205
GP,2016-04-22,2016,113,11.09,3.65,11.71,0.262307344321835,126.0855,28.5790844219652,280.19,793.35,49598.32,7.37
GP,2016-04-23,2016,114,8.34,-1.32,0,0.271034337142648,210.4335,47.8782934629138,467.63,554.58,49786.04,3.51
GP,2016-04-24,2016,115,10,-4.28,0,0.390898383215041,266.58,60.880039741206,592.4,444.83,49972.51,2.86
GP,2016-04-25,2016,116,6.35,-4.66,0,0.262632078998532,232.9605,53.3993450271948,517.69,432.29,50157.68,0.845
GP,2016-04-26,2016,117,8.88,-6.26,0,0.377547909482419,278.5545,64.0844307231975,619.01,382.71,50341.5,1.31
GP,2016-04-27,2016,118,3.48,-6.72,0,0.207379686512217,223.4745,51.5989608250289,496.61,369.44,50523.89,-1.62
GP,2016-04-28,2016,119,5.41,-5.35,0,0.243595394986871,230.5665,53.4270957271331,512.37,410.22,50704.81,0.03
GP,2016-04-29,2016,120,10.69,-6.62,0,0.456182153923029,292.653,68.053760986482,650.34,372.19,50884.2,2.035
GP,2016-04-30,2016,121,13.89,-2.51,0,0.53838841948872,282.357,65.8889232149502,627.46,507.86,51061.98,5.69
GP,2016-05-01,2016,122,15.73,-1.04,2.76,0.608948740383019,211.662,49.5623850334074,470.36,566.03,51238.11,7.345
GP,2016-05-02,2016,123,8.69,3.5,0,0.168892000951738,119.9655,28.1865200130342,266.59,784.74,51412.52,6.095
GP,2016-05-03,2016,124,13.81,1.78,0,0.440597857097275,237.8025,56.0605230470903,528.45,694.63,51585.13,7.795
GP,2016-05-04,2016,125,14.89,2.86,0,0.469697009389087,237.447,56.1620133146331,527.66,750.26,51755.89,8.875
GP,2016-05-05,2016,126,17.2,2.63,0,0.61034518618741,263.547,62.5386411110088,585.66,737.76,51924.72,9.915
GP,2016-05-06,2016,127,20.52,0.16,0,0.895808261929915,297.8595,70.9079646922974,661.91,618.04,52091.56,10.34
GP,2016-05-07,2016,128,23.02,6.73,3.83,0.911726564235771,199.8315,47.7220550266647,444.07,983.03,52256.34,14.875
GP,2016-05-08,2016,129,12.26,-0.09,6.78,0.408876165234387,176.9085,42.3792694736181,393.13,606.72,52418.98,6.085
GP,2016-05-09,2016,130,6.83,-0.52,0,0.200746067202714,157.887,37.9383362514819,350.86,587.93,52579.41,3.155
GP,2016-05-10,2016,131,17.18,1.78,0,0.63078713308632,264.114,63.654274532799,586.92,694.41,52737.55,9.48
GP,2016-05-11,2016,132,20.11,0.95,0,0.847818433584637,286.6365,69.2865227579468,636.97,654.04,52893.35,10.53
GP,2016-05-12,2016,133,23.74,3.63,0,1.06966170467372,284.9175,69.0706744829325,633.15,792.2,53046.7,13.685
GP,2016-05-13,2016,134,22.96,7.48,5.69,0.880794548840942,186.786,45.410068114551,415.08,1034.75,53197.55,15.22
GP,2016-05-14,2016,135,20.93,7.18,13.33,0.728303567356329,174.717,42.5943268625358,388.26,1013.85,53345.82,14.055
GP,2016-05-15,2016,136,9.84,0.46,5.21,0.29099155592159,138.3705,33.8254698071727,307.49,631.3,53491.42,5.15
GP,2016-05-16,2016,137,4.23,-0.45,3.42,0.117757869306813,76.482,18.7464005035272,169.96,590.85,53634.28,1.89
GP,2016-05-17,2016,138,9.87,2.08,0,0.252798506144401,164.7,40.47480140328,366,709.65,53774.32,5.975
GP,2016-05-18,2016,139,18.33,3.27,0,0.665035457025502,258.3225,63.6443020851345,574.05,772.39,53911.46,10.8
GP,2016-05-19,2016,140,19.58,6.85,0,0.640710182840782,231.291,57.1262133140694,513.98,991.23,54045.62,13.215
GP,2016-05-20,2016,141,24.39,3.9,0,1.12197212290085,287.127,71.0890878113208,638.06,805.82,54176.72,14.145
GP,2016-05-21,2016,142,25.8,6.33,0,1.19545846151139,279.963,69.4790989439679,622.14,940.23,54304.69,16.065
GP,2016-05-22,2016,143,24.86,9.85,0,0.95921630862536,244.2465,60.7544838294422,542.77,1215.39,54429.43,17.355
GP,2016-05-23,2016,144,26.34,5.06,0,1.29624503585711,283.995,70.7992626253635,631.1,853.03,54550.89,15.7
GP,2016-05-24,2016,145,29.55,6.81,0,1.61133335771909,284.2515,71.0165968376143,631.67,946.69,54668.97,18.18
GP,2016-05-25,2016,146,22.82,8.41,0,0.834728331969198,232.6365,58.243118873598,516.97,1102.76,54783.6,15.615
GP,2016-05-26,2016,147,23.55,6.33,3.48,0.970912780393413,192.33,48.249601054551,427.4,956.17,54894.71,14.94
GP,2016-05-27,2016,148,27.92,11.09,6.3,1.21723190909793,182.682,45.9189657333954,405.96,1319.92,55002.21,19.505
GP,2016-05-28,2016,149,24.41,12.35,18.27,0.807663208755972,147.411,37.1231838966681,327.58,1434.78,55106.03,18.38
GP,2016-05-29,2016,150,20.44,11.83,13.64,0.504763116681214,114.4575,28.8766975117275,254.35,1386.36,55206.1,16.135
GP,2016-05-30,2016,151,28.47,15.44,0,1.06166202696565,202.9635,51.2953184100082,451.03,1752.81,55302.35,21.955
GP,2016-05-31,2016,152,23.52,11.51,0,0.767165592338797,199.269,50.445700387551,442.82,1357.24,55394.7,17.515
GP,2016-06-01,2016,153,21.99,8.69,0,0.75628883523207,214.218,54.3166279414434,476.04,1123.5,55483.09,15.34
GP,2016-06-02,2016,154,19.18,9.77,25.22,0.503563934697304,123.444,31.347770120946,274.32,1208.87,55567.45,14.475
GP,2016-06-03,2016,155,25.42,14.58,0,0.790020498661029,176.571,44.9037771370137,392.38,1659.14,55647.71,20.0
GP,2016-06-04,2016,156,24.45,11.67,0,0.842824027196281,202.905,51.671352555747,450.9,1371.91,55723.82,18.06
GP,2016-06-05,2016,157,16.93,10.65,34.32,0.320678504141432,87.516,22.3153893185652,194.48,1282.11,55795.71,13.79
GP,2016-06-06,2016,158,22.37,13.6,2.76,0.570222097876577,115.8615,29.5789047893226,257.47,1556.43,55863.32,17.985
GP,2016-06-07,2016,159,21.19,10.68,8.85,0.61260875567105,136.4715,34.8800147897306,303.27,1284.36,55926.61,15.935
GP,2016-06-08,2016,160,13.34,6.63,1.64,0.275647340393623,127.9665,32.7407186760156,284.37,976.41,55985.52,9.985
GP,2016-06-09,2016,161,12.35,4.86,4.92,0.284497483147712,108.333,27.7443796815819,240.74,863.39,56039.99,8.605
GP,2016-06-10,2016,162,20.21,6.71,0,0.690833663037617,222.4575,57.0228100034423,494.35,981.62,56089.99,13.46
GP,2016-06-11,2016,163,18.01,7.07,10.85,0.527099213660203,147.4155,37.8178461233658,327.59,1006.15,56135.48,12.54
GP,2016-06-12,2016,164,14.22,8.44,2.09,0.256601158223343,79.2855,20.3546646306014,176.19,1104.52,56176.41,11.33
GP,2016-06-13,2016,165,18,9.21,3.74,0.447461497837708,114.345,29.3743463272875,254.1,1163.76,56212.75,13.605
GP,2016-06-14,2016,166,25.08,8.61,0,1.0294730708817,220.113,56.5772353447527,489.14,1117.24,56244.47,16.845
GP,2016-06-15,2016,167,26.1,10.73,0,1.04279203147755,208.8225,53.7009899337405,464.05,1288.38,56271.54,18.415
GP,2016-06-16,2016,168,24.82,8.88,0,0.994479205012067,213.0615,54.8129058287067,473.47,1138.07,56293.94,16.85
GP,2016-06-17,2016,169,27.57,8.44,0,1.28705888439918,227.448,58.532432813244,505.44,1104.81,56311.65,18.005
GP,2016-06-18,2016,170,29,9.02,0,1.424850469209,228.3525,58.7787671008013,507.45,1148.73,56324.65,19.01
GP,2016-06-19,2016,171,31.15,14.54,0,1.4340025342204,205.929,53.0146686148029,457.62,1654.53,56332.93,22.845
GP,2016-06-20,2016,172,31.63,16.61,3.61,1.37866098069307,145.17,37.375142917581,322.6,1889.61,56336.49,24.12
GP,2016-06-21,2016,173,21.98,10.85,0,0.667583780695961,171.7965,44.2294233668766,381.77,1298.84,56335.32,16.415
GP,2016-06-22,2016,174,20.67,8.39,0,0.664730687597779,188.7885,48.5989644540519,419.53,1101.31,56329.42,14.53
GP,2016-06-23,2016,175,21.78,9.02,0.96,0.726633578145355,195.129,50.221700242164,433.62,1149.01,56318.8,15.4
GP,2016-06-24,2016,176,24.29,5.52,0,1.06286542433764,233.01,59.955060310722,517.8,904.12,56303.46,14.905
GP,2016-06-25,2016,177,29.37,10.64,0,1.40160243423037,225.378,57.9706642714878,500.84,1281,56283.43,20.005
GP,2016-06-26,2016,178,30.72,13.66,2.19,1.42519099985326,160.074,41.1553943225478,355.72,1562.72,56258.71,22.19
GP,2016-06-27,2016,179,24.98,18.71,5.74,0.498234707128098,77.436,19.8985769983116,172.08,2157.49,56229.33,21.845
GP,2016-06-28,2016,180,25.5,15.95,4.54,0.721634675854279,113.5665,29.1653095461246,252.37,1811.4,56195.32,20.725
GP,2016-06-29,2016,181,19.11,14.11,5.33,0.298562503131719,67.2525,17.2594205930475,149.45,1608.88,56156.7,16.61
GP,2016-06-30,2016,182,26.99,11.9,0,1.08175020889217,208.413,53.445157741035,463.14,1392.15,56113.5,19.445
GP,2016-07-01,2016,183,27.47,11.52,10.18,1.14916601825979,159.705,40.9197059561745,354.9,1358.28,56065.77,19.495
GP,2016-07-02,2016,184,18.43,11.92,5.01,0.35970287996162,86.328,22.098407491908,191.84,1394.69,56013.55,15.175
GP,2016-07-03,2016,185,23.03,8.34,3.75,0.855158804706349,157.383,40.2464365254297,349.74,1097.47,55956.87,15.685
GP,2016-07-04,2016,186,27.64,10.83,0,1.19801907395109,217.197,55.4816184058791,482.66,1297.39,55895.79,19.235
GP,2016-07-05,2016,187,28.28,14.83,0,1.07339357789198,188.181,48.0133846966095,418.18,1686.12,55830.35,21.555
GP,2016-07-06,2016,188,25.09,14.67,6.46,0.754023653882265,119.6865,30.4992305768561,265.97,1668.44,55760.61,19.88
GP,2016-07-07,2016,189,18.93,13.71,25.65,0.306933663394929,67.806,17.2558033876404,150.68,1567.6,55686.62,16.32
GP,2016-07-08,2016,190,20.23,13.06,6.04,0.431081184469471,90.4455,22.9849665412914,200.99,1502.79,55608.44,16.645
GP,2016-07-09,2016,191,15.35,12.61,18.09,0.139414918027244,39.5145,10.0269806017671,87.81,1459.59,55526.14,13.98
GP,2016-07-10,2016,192,18.49,11.1,3.24,0.401232718462098,96.435,24.432751792251,214.3,1320.4,55439.78,14.795
GP,2016-07-11,2016,193,27.13,8.95,0,1.22099914658941,224.4915,56.7844176420801,498.87,1143.4,55349.42,18.04
GP,2016-07-12,2016,194,26.43,13.75,0,0.933656226112975,182.8755,46.1789795352595,406.39,1572.06,55255.13,20.09
GP,2016-07-13,2016,195,30.22,16.3,0,1.21805588662664,186.6465,47.0474977127949,414.77,1852.03,55156.98,23.26
GP,2016-07-14,2016,196,27.44,20.32,6.78,0.631638303913997,82.8135,20.8360035365328,184.03,2384.42,55055.04,23.88
GP,2016-07-15,2016,197,26.17,15.73,16.14,0.800471315997326,120.0465,30.1459170099969,266.77,1785.89,54949.38,20.95
GP,2016-07-16,2016,198,23.73,13.51,0,0.690382097820738,162.5265,40.7322632453495,361.17,1547.45,54840.09,18.62
GP,2016-07-17,2016,199,26.17,13.13,2.95,0.93901077115763,143.433,35.8730803124082,318.74,1509.43,54727.22,19.65
GP,2016-07-18,2016,200,26.92,12.8,6.19,1.03117473799943,150.5205,37.565653442306,334.49,1477.77,54610.87,19.86
GP,2016-07-19,2016,201,21.57,9.51,0,0.690590918769122,190.7865,47.5104884821286,423.97,1187.69,54491.11,15.54
GP,2016-07-20,2016,202,26.43,10.13,0,1.10068843379653,217.017,53.9204356875969,482.26,1238.46,54368.01,18.28
GP,2016-07-21,2016,203,27.51,12.29,0,1.11776879510079,207.09,51.334377538158,460.2,1429.27,54241.66,19.9
GP,2016-07-22,2016,204,28.76,17.68,0,0.959907460034478,166.716,41.2276054434156,370.48,2021.43,54112.13,23.22
GP,2016-07-23,2016,205,25.14,14.42,10.2,0.772196474545364,126.792,31.27785125148,281.76,1641.67,53979.5,19.78
GP,2016-07-24,2016,206,26.74,11,0,1.09575859373849,212.2965,52.2390343199693,471.77,1312,53843.85,18.87
GP,2016-07-25,2016,207,21.7,14.85,16.39,0.449907971256328,91.89,22.552846079571,204.2,1688.24,53705.27,18.275
GP,2016-07-26,2016,208,27.05,16.24,0,0.860515246145389,172.161,42.1427157246414,382.58,1845.53,53563.82,21.645
GP,2016-07-27,2016,209,28.6,14.07,0,1.1497731106464,201.7215,49.2457707965254,448.27,1605.41,53419.59,21.335
GP,2016-07-28,2016,210,26.81,15.73,0,0.865792114124119,172.323,41.9530779725526,382.94,1785.74,53272.66,21.27
GP,2016-07-29,2016,211,23.33,12.5,0,0.705246828019471,172.926,41.9816968237602,384.28,1448.33,53123.11,17.915
GP,2016-07-30,2016,212,25.26,11.53,0,0.925693702902675,198.648,48.0882143387736,441.44,1358.51,52971.01,18.395
GP,2016-07-31,2016,213,27.09,11.12,0,1.12700331995836,211.131,50.9609185682481,469.18,1322.42,52816.43,19.105
GP,2016-08-01,2016,214,27.2,12.41,0,1.07936386164211,200.898,48.3468534915156,446.44,1440.32,52659.46,19.805
GP,2016-08-02,2016,215,28.16,11.9,0,1.20768416943718,208.413,50.0036509410597,463.14,1392.19,52500.17,20.03
GP,2016-08-03,2016,216,28.82,12.41,0,1.25803360631767,207.792,49.7012666207616,461.76,1440.01,52338.64,20.615
GP,2016-08-04,2016,217,29.98,16.5,0,1.1760338001216,183.7125,43.8043038022463,408.25,1876.54,52174.93,23.24
GP,2016-08-05,2016,218,29.8,17.66,17.19,1.08258205872236,127.908,30.4013939661828,284.24,2019.58,52009.13,23.73
GP,2016-08-06,2016,219,24.14,14.89,0,0.654232138974563,145.008,34.3545261360624,322.24,1692.36,51841.29,19.515
GP,2016-08-07,2016,220,23.3,11.94,3.95,0.728729745017588,127.4895,30.1052059793024,283.31,1396.11,51671.49,17.62
GP,2016-08-08,2016,221,22.65,9.13,0,0.793048111672444,188.748,44.4226216501116,419.44,1157.67,51499.81,15.89
GP,2016-08-09,2016,222,25.3,6.4,0,1.12873032549081,217.0665,50.9153767662015,482.37,960.77,51326.3,15.85
GP,2016-08-10,2016,223,30.06,12.06,9.43,1.42146699667783,153.7785,35.9472940075274,341.73,1406.98,51151.03,21.06
GP,2016-08-11,2016,224,26.98,16.37,11.56,0.845491811699339,111.654,26.0099667698346,248.12,1860.89,50974.07,21.675
GP,2016-08-12,2016,225,19.97,14.32,6.11,0.347967157297431,68.076,15.8028456509136,151.28,1631.06,50795.48,17.145
GP,2016-08-13,2016,226,23.11,13.94,10.16,0.614827939337785,102.9915,23.8231758318062,228.87,1591.11,50615.33,18.525
GP,2016-08-14,2016,227,19.55,14.14,2,0.327849351650119,87.426,20.1501081327294,194.28,1611.8,50433.67,16.845
GP,2016-08-15,2016,228,25.53,11.37,0,0.9588375614035,185.526,42.6051377316774,412.28,1344.2,50250.57,18.45
GP,2016-08-16,2016,229,23.39,14.86,20.7,0.589487999813147,96.4215,22.0614306545304,214.27,1689.21,50066.08,19.125
GP,2016-08-17,2016,230,28,15.67,8.75,0.996243931795721,124.191,28.3096790438175,275.98,1778.89,49880.25,21.835
GP,2016-08-18,2016,231,26.39,14.35,0,0.898643623098629,164.853,37.4377439300436,366.34,1634.14,49693.16,20.37
GP,2016-08-19,2016,232,26.71,11.68,0,1.06232626289554,188.9685,42.7516889839578,419.93,1372.51,49504.84,19.195
GP,2016-08-20,2016,233,27.72,14.23,0,1.04443709091133,175.2075,39.4867156760213,389.35,1621.48,49315.35,20.975
GP,2016-08-21,2016,234,25.73,18.12,20.02,0.609597251868429,84.2985,18.9250223120888,187.33,2079.06,49124.75,21.925
GP,2016-08-22,2016,235,19.15,10.85,0,0.456247750745779,129.816,29.0299959796896,288.48,1299.23,48933.08,15.0
GP,2016-08-23,2016,236,24.32,8.72,0,0.954696708459418,194.382,43.297351897896,431.96,1125.66,48740.4,16.52
GP,2016-08-24,2016,237,27.43,15.24,0,0.957733185479094,161.2125,35.7663798426825,358.25,1731.44,48546.74,21.335
GP,2016-08-25,2016,238,25.65,18.73,1.12,0.562280133632776,101.3265,22.3900529908968,225.17,2158.99,48352.16,22.19
GP,2016-08-26,2016,239,27.52,17.4,0,0.839590475478508,140.04,30.819466104588,311.2,1986.66,48156.71,22.46
GP,2016-08-27,2016,240,24.7,12.52,0,0.826516188926699,164.556,36.0672391719864,365.68,1450.67,47960.42,18.61
GP,2016-08-28,2016,241,23.69,14.42,1.91,0.639416879174477,134.2485,29.3035624826108,298.33,1641.87,47763.35,19.055
GP,2016-08-29,2016,242,24.6,14.18,0,0.734074028878862,146.5245,31.8506791410468,325.61,1616.61,47565.52,19.39
GP,2016-08-30,2016,243,23.65,11.93,0,0.759212679774891,161.2755,34.9108469305546,358.39,1395.62,47366.99,17.79
GP,2016-08-31,2016,244,24.65,14.05,9.69,0.74547711976731,111.6405,24.0648689638922,248.09,1603.06,47167.79,19.35
GP,2016-09-01,2016,245,23.2,11.1,0,0.757949501294826,165.5865,35.5420786960278,367.97,1320.63,46967.96,17.15
GP,2016-09-02,2016,246,21.35,8.96,0,0.694778416241395,170.298,36.397400450643,378.44,1144.75,46767.55,15.155
GP,2016-09-03,2016,247,22.14,6.75,0,0.838327746914079,188.604,40.1366710530396,419.12,984.08,46566.57,14.445
GP,2016-09-04,2016,248,24.82,8.8,0,0.997146400731121,186.939,39.6102170669607,415.42,1132.34,46365.09,16.81
GP,2016-09-05,2016,249,26.1,8.86,0,1.11901183883243,188.7525,39.820257686646,419.45,1136.36,46163.12,17.48
GP,2016-09-06,2016,250,27.25,10.11,0,1.18682246852149,184.779,38.811054886821,410.62,1236.52,45960.7,18.68
GP,2016-09-07,2016,251,28.22,12.7,6.55,1.1758397035396,129.906,27.1650998379096,288.68,1468.23,45757.88,20.46
GP,2016-09-08,2016,252,21.66,18.72,30.66,0.21093466383821,34.146,7.1086796115174,75.88,2158.65,45554.67,20.19
GP,2016-09-09,2016,253,25.03,15.13,0,0.722972583280169,135.5175,28.086627749022,301.15,1718.86,45351.12,20.08
GP,2016-09-10,2016,254,24.81,12.35,11.1,0.844515301743813,118.548,24.45917100201,263.44,1434.87,45147.25,18.58
GP,2016-09-11,2016,255,21.01,8.66,0,0.680316785410054,159.183,32.694591116961,353.74,1121.57,44943.1,14.835
GP,2016-09-12,2016,256,22.69,6.76,0,0.8827841723692,177.804,36.3530614279932,395.12,985.2,44738.69,14.725
GP,2016-09-13,2016,257,24.6,9.73,1.75,0.940342358551166,166.9815,33.9841917503519,371.07,1205.24,44534.07,17.165
GP,2016-09-14,2016,258,18.91,8.55,1.55,0.533166107764157,137.088,27.77192758368,304.64,1113.14,44329.25,13.73
GP,2016-09-15,2016,259,17.55,4.21,0,0.588545976158885,161.244,32.5145162288916,358.32,824.93,44124.27,10.88
GP,2016-09-16,2016,260,19.69,3.77,0,0.744338901467974,172.827,34.6882120587063,384.06,800.02,43919.17,11.73
GP,2016-09-17,2016,261,20.39,7.19,21.67,0.687364165699946,115.5915,23.0920320050122,256.87,1014.71,43713.95,13.79
GP,2016-09-18,2016,262,24.93,15.57,4,0.688887110000616,86.436,17.1864693785484,192.08,1768.1,43508.67,20.25
GP,2016-09-19,2016,263,18.35,12.88,0.19,0.309050430265154,75.591,14.9591764769058,167.98,1485.35,43303.34,15.615
GP,2016-09-20,2016,264,23.67,9.72,2.16,0.85729508274496,115.047,22.65941091942,255.66,1204.1,43098,16.695
GP,2016-09-21,2016,265,24.31,8.31,0,0.968771564963615,161.6085,31.6784250583146,359.13,1095.28,42892.68,16.31
GP,2016-09-22,2016,266,16.54,6.78,4.93,0.445567719291814,92.547,18.0541957622481,205.66,986.34,42687.39,11.66
GP,2016-09-23,2016,267,16.74,6.47,0,0.467896024257949,127.485,24.750392078061,283.3,965.63,42482.18,11.605
GP,2016-09-24,2016,268,14.72,2.96,0,0.458296938287637,139.545,26.9609605604955,310.1,755.12,42277.07,8.84
GP,2016-09-25,2016,269,14.35,2.46,0,0.45176956776364,139.1355,26.7515062413512,309.19,728.76,42072.09,8.405
GP,2016-09-26,2016,270,16.24,0.88,4.44,0.595831536411383,118.2015,22.6159031069244,262.67,651,41867.28,8.56
GP,2016-09-27,2016,271,16.81,9.11,3.77,0.376582487131434,71.1765,13.5518853473032,158.17,1156.18,41662.65,12.96
GP,2016-09-28,2016,272,15.8,7.44,0,0.37951102505306,102.231,19.3691148857775,227.18,1031.9,41458.25,11.62
GP,2016-09-29,2016,273,15.75,4.73,0,0.465178710447586,126.405,23.8312852362765,280.9,855.41,41254.09,10.24
GP,2016-09-30,2016,274,18.14,3.52,0,0.645671329055529,146.7045,27.5216916399543,326.01,786.16,41050.22,10.83
GP,2016-10-01,2016,275,18.7,7.82,0,0.546217586185472,120.0015,22.4005938319229,266.67,1059,40846.67,13.26
GP,2016-10-02,2016,276,14.53,8.51,3.09,0.269913843302713,55.467,10.3024745368974,123.26,1110.21,40643.46,11.52
GP,2016-10-03,2016,277,16.92,7.83,0,0.431424683787615,105.651,19.5257500105941,234.78,1060.08,40440.63,12.375
GP,2016-10-04,2016,278,18.94,2.86,0,0.717001526451743,148.851,27.3720049309647,330.78,750.29,40238.21,10.9
GP,2016-10-05,2016,279,19.6,3.3,0,0.750948875391598,147.744,27.0320720884992,328.32,774.01,40036.24,11.45
GP,2016-10-06,2016,280,21.11,4.39,0,0.831281732681909,146.5785,26.6838548161388,325.73,835.69,39834.75,12.75
GP,2016-10-07,2016,281,23.02,6.64,0,0.91494965426161,142.155,25.7480132847795,315.9,976.78,39633.77,14.83
GP,2016-10-08,2016,282,15.85,6.1,16.43,0.427787766726767,78.9795,14.2329280371053,175.51,941.18,39433.35,10.975
GP,2016-10-09,2016,283,11.67,2.3,0,0.324840560418065,103.2705,18.5161100881212,229.49,720.48,39233.52,6.985
GP,2016-10-10,2016,284,11.3,-1.03,0,0.38541827462758,124.3395,22.1805307905948,276.31,566.39,39034.32,5.135
GP,2016-10-11,2016,285,16.81,-1.38,0,0.679589371552686,144.2655,25.6041709135263,320.59,551.94,38835.78,7.715
GP,2016-10-12,2016,286,18.9,2.53,0,0.723081744742913,135.5355,23.9322393960683,301.19,732.81,38637.95,10.715
GP,2016-10-13,2016,287,14.29,1.22,7.87,0.479573172449427,91.494,16.0731879461946,203.32,666.9,38440.87,7.755
GP,2016-10-14,2016,288,9.17,-2.11,0,0.318351273446097,111.816,19.5429416147784,248.48,523.22,38244.57,3.53
GP,2016-10-15,2016,289,14.33,0.54,0,0.497490944248051,122.6475,21.3264909595733,272.55,635.15,38049.11,7.435
GP,2016-10-16,2016,290,13.46,6.73,11.06,0.278086920081117,53.3475,9.22886154402975,118.55,983.33,37854.53,10.095
GP,2016-10-17,2016,291,12.43,2.73,0,0.348519361621396,97.389,16.7616379207251,216.42,743.12,37660.87,7.58
GP,2016-10-18,2016,292,17.14,5.98,16.99,0.50825863448693,77.6385,13.2940079486901,172.53,933.66,37468.18,11.56
GP,2016-10-19,2016,293,14.1,2.93,0,0.426058478054988,103.194,17.57946991437,229.32,753.73,37276.5,8.515
GP,2016-10-20,2016,294,11.07,1.27,13.16,0.323381381532642,70.776,11.995297878888,157.28,669.7,37085.9,6.17
GP,2016-10-21,2016,295,9.38,7.55,32.7,0.0678173346325028,17.4375,2.94025105575,38.75,1039.73,36896.4,8.465
GP,2016-10-22,2016,296,8.31,2.16,41.12,0.190038388750042,48.798,8.1861536574288,108.44,713.8,36708.08,5.235
GP,2016-10-23,2016,297,6.79,0.89,11.58,0.167368086429504,47.178,7.8740474945562,104.84,651.57,36520.97,3.84
GP,2016-10-24,2016,298,5.86,1.21,0,0.129564982392651,50.985,8.466140305953,113.3,666.35,36335.14,3.535
GP,2016-10-25,2016,299,5.55,-0.99,0,0.168727055793005,69.7455,11.5225441918884,154.99,568.25,36150.64,2.28
GP,2016-10-26,2016,300,3.45,-3.11,0,0.148215422562079,71.1135,11.6890373871864,158.03,485.8,35967.52,0.17
GP,2016-10-27,2016,301,4.8,-3.28,5.74,0.190341960740355,62.2575,10.1816774778015,138.35,479.43,35785.86,0.76
GP,2016-10-28,2016,302,4.71,0.73,9.91,0.105094875940694,32.9805,5.36652110783565,73.29,643.99,35605.69,2.72
GP,2016-10-29,2016,303,4.46,1.94,7.25,0.068669359732981,22.2345,3.59980560100485,49.41,702.22,35427.09,3.2
GP,2016-10-30,2016,304,5.92,1.49,0.67,0.124559246369904,49.5135,7.97628291472035,110.03,680.04,35250.13,3.705
GP,2016-10-31,2016,305,3.61,-0.18,0,0.0939721014667763,43.4925,6.97150261526625,96.65,602.9,35074.85,1.715
GP,2016-11-01,2016,306,6.45,-1.49,7.55,0.208019952998261,60.696,9.6809560443576,134.88,547.77,34901.33,2.48
GP,2016-11-02,2016,307,11.45,4.71,0,0.247821307025645,68.6295,10.8924905393285,152.51,854.32,34729.63,8.08
GP,2016-11-03,2016,308,8.31,3.79,4.28,0.146646434671309,37.2555,5.8840732192257,82.79,800.82,34559.82,6.05
GP,2016-11-04,2016,309,4.75,-3.01,0,0.183698307659939,80.7435,12.6905610957062,179.43,489.45,34391.97,0.87
GP,2016-11-05,2016,310,6.5,-1.27,0.39,0.205497651778748,80.838,12.644154957609,179.64,556.41,34226.15,2.615
GP,2016-11-06,2016,311,6.83,-3.96,0,0.266975582015644,97.902,15.2399446999002,217.56,455.69,34062.43,1.435
GP,2016-11-07,2016,312,9.05,-5.2,0,0.367930666224096,105.453,16.3375192087848,234.34,414.98,33900.88,1.925
GP,2016-11-08,2016,313,13.36,-2.58,0,0.512791401229527,105.138,16.2121766278428,233.64,505.31,33741.58,5.39
GP,2016-11-09,2016,314,7.66,-0.97,0,0.239244828092982,81.7335,12.544586416516,181.63,568.81,33584.59,3.345
GP,2016-11-10,2016,315,7.96,-3.17,0,0.292911395567932,93.5775,14.29631192025,207.95,483.3,33430,2.395
GP,2016-11-11,2016,316,7.89,-1.36,2.88,0.255293612695458,63.6885,9.6857414499366,141.53,553.01,33277.88,3.265
GP,2016-11-12,2016,317,5.08,-2.04,0,0.175636331854446,72.4005,10.9611733712683,160.89,525.71,33128.31,1.52
GP,2016-11-13,2016,318,10.97,2.3,0,0.293819704404328,79.8075,12.028970689074,177.35,720.48,32981.36,6.635
GP,2016-11-14,2016,319,11.19,2.09,0,0.308313013397678,81.6255,12.2491827672192,181.39,710.25,32837.12,6.64
GP,2016-11-15,2016,320,11.7,1.81,2.3,0.33858491150797,62.7165,9.37104427083825,139.37,695.72,32695.65,6.755
GP,2016-11-16,2016,321,7.28,4.01,15.48,0.102924266540305,26.6445,3.96432107657325,59.21,813.73,32557.05,5.645
GP,2016-11-17,2016,322,8.36,2.89,0,0.173054883339102,56.6235,8.3896608876651,125.83,751.63,32421.38,5.625
GP,2016-11-18,2016,323,7.74,-0.38,0,0.229369466931103,75.6045,11.1561619228925,168.01,594.06,32288.73,3.68
GP,2016-11-19,2016,324,10.23,0.89,0,0.2969960322808,79.7625,11.7224914380075,177.25,651.27,32159.18,5.56
GP,2016-11-20,2016,325,5.38,0.98,15.41,0.119610881536906,34.4565,5.04408502618605,76.57,655.71,32032.81,3.18
GP,2016-11-21,2016,326,2.16,-2.18,7.56,0.0966763730898634,34.2585,4.99582398493305,76.13,520.53,31909.69,-0.01
GP,2016-11-22,2016,327,-0.75,-2.77,0.97,0.040561091742025,23.166,3.365552842938,51.48,497.99,31789.9,-1.76
GP,2016-11-23,2016,328,0.86,-3.66,0,0.0924375837531795,47.079,6.8145926032359,104.62,465.93,31673.53,-1.4
GP,2016-11-24,2016,329,-0.09,-3.72,1.12,0.0718091092703752,38.646,5.5739946950208,85.88,463.94,31560.64,-1.905
GP,2016-11-25,2016,330,-0.16,-1.53,2.56,0.0289612246936791,12.7215,1.8284934109266,28.27,546.18,31451.32,-0.845
GP,2016-11-26,2016,331,1.09,-0.61,3.56,0.0385084423332719,14.895,2.133702416646,33.1,584.19,31345.64,0.24
GP,2016-11-27,2016,332,0.81,-2.3,0,0.0661479846412221,33.6285,4.8015988844616,74.73,515.87,31243.68,-0.745
GP,2016-11-28,2016,333,-0.61,-4.29,0,0.0701198248042789,38.943,5.5429511534001,86.54,444.65,31145.51,-2.45
GP,2016-11-29,2016,334,0.83,-4.36,8.05,0.103667415437715,38.9565,5.52808077238395,86.57,442.07,31051.19,-1.765
GP,2016-11-30,2016,335,3.15,0.33,7.06,0.0698711570402712,22.0815,3.124330336764,49.07,625.73,30960.8,1.74
GP,2016-12-01,2016,336,3.07,0.68,24.99,0.0598912832892373,19.161,2.7035414849457,42.58,641.56,30874.41,1.875
GP,2016-12-02,2016,337,3.8,0.15,4.83,0.0923061629783412,28.26,3.976741706256,62.8,617.19,30792.08,1.975
GP,2016-12-03,2016,338,0.94,-3.12,0,0.0846535636970946,41.778,5.8640616673848,92.84,485.18,30713.88,-1.09
GP,2016-12-04,2016,339,-1.65,-9.32,0,0.12041266987358,67.698,9.4793555972196,150.44,301.65,30639.86,-5.485
GP,2016-12-05,2016,340,-4.25,-10.05,2.54,0.0812126184538688,47.2185,6.5966773995045,104.93,284.83,30570.1,-7.15
GP,2016-12-06,2016,341,-1.58,-7.19,0,0.0945380902812648,61.254,8.5391848695114,136.12,356.15,30504.63,-4.385
GP,2016-12-07,2016,342,0.31,-5.66,1.88,0.112505198836977,64.4265,8.9634583466496,143.17,400.56,30443.52,-2.675
GP,2016-12-08,2016,343,0.75,-4.96,0,0.111683309733665,63.5445,8.82427994156565,141.21,422.4,30386.81,-2.105
GP,2016-12-09,2016,344,-4.04,-9.57,0,0.079190751885294,63.1215,8.75046370106025,140.27,295.9,30334.55,-6.805
GP,2016-12-10,2016,345,-6.64,-14.65,0,0.0885089125103219,78.939,10.926000352764,175.42,196.31,30286.8,-10.645
GP,2016-12-11,2016,346,-6.84,-17.11,0,0.103836891227111,85.356,11.7973186354044,189.68,159.93,30243.57,-11.975
GP,2016-12-12,2016,347,-6.21,-12.74,8.12,0.0781547909330792,53.01,7.317314038044,117.8,229.49,30204.92,-9.475
GP,2016-12-13,2016,348,-1.59,-15.89,1.08,0.183870864966634,89.154,12.2926356843264,198.12,177.15,30170.88,-8.74
GP,2016-12-14,2016,349,-1.97,-13.16,0.94,0.154026048006992,85.7655,11.8138989809525,190.59,221.84,30141.47,-7.565
GP,2016-12-15,2016,350,-11.78,-24.35,0,0.0823524540395069,88.254,12.1466990014416,196.12,85.04,30116.72,-18.065
GP,2016-12-16,2016,351,-19.28,-27.94,0,0.0366746110431924,79.713,10.9638644177106,177.14,61.18,30096.66,-23.61
GP,2016-12-17,2016,352,-8.83,-20.89,4.21,0.0998005644100484,65.0115,8.93722811669595,144.47,115.61,30081.29,-14.86
GP,2016-12-18,2016,353,-5.27,-20.59,8.13,0.14780566562412,67.0545,9.2148188055516,149.01,118.65,30070.64,-12.93
GP,2016-12-19,2016,354,-17.2,-26.78,0,0.0461034610570799,81.8775,11.2496184491243,181.95,68.14,30064.71,-21.99
GP,2016-12-20,2016,355,-5.87,-19.69,0,0.133759411520931,88.164,12.11286915198,195.92,128.31,30063.5,-12.78
GP,2016-12-21,2016,356,0.79,-6.97,0,0.14277041631257,70.542,9.6929171262882,156.76,362.19,30067.03,-3.09
GP,2016-12-22,2016,357,0.1,-4.21,1.44,0.0844346629762913,44.8515,6.1645708936044,99.67,447.15,30075.28,-2.055
GP,2016-12-23,2016,358,0.92,-5.18,0,0.119164107999686,59.58,8.19244676295,132.4,415.4,30088.25,-2.13
GP,2016-12-24,2016,359,1.57,-2.17,3.39,0.0819875048421156,29.3625,4.03981313918625,65.25,520.69,30105.93,-0.3
GP,2016-12-25,2016,360,-1.2,-17.32,0,0.201869957950118,89.2575,12.2895376892325,198.35,157.02,30128.3,-9.26
GP,2016-12-26,2016,361,-1.01,-17.97,16.66,0.209965742432409,67.968,9.3666635414784,151.04,148.63,30155.34,-9.49
GP,2016-12-27,2016,362,3,-2.56,9.64,0.126026221295161,38.6775,5.33574395741025,85.95,505.89,30187.03,0.22
GP,2016-12-28,2016,363,-2.5,-11.15,0,0.124313281930197,72.1485,9.9651987121743,160.33,260.92,30223.34,-6.825
GP,2016-12-29,2016,364,-3.99,-10.59,9.59,0.0915990439430628,45.3825,6.276743604126,100.85,272.87,30264.24,-7.29
GP,2016-12-30,2016,365,-3,-13.47,3.22,0.137331598729949,60.246,8.3449917576918,133.88,216.35,30309.69,-8.235
GP,2017-01-01,2017,1,-3.11,-12.27,4.02,0.124340362139184,56.3535,7.81874929929555,125.23,238.41,30359.89,-7.69
GP,2017-01-02,2017,2,-1.94,-12.68,0,0.150150808285619,81.963,11.3923345022676,182.14,230.71,30414.36,-7.31
GP,2017-01-03,2017,3,-2.94,-9.22,12.44,0.0944870104428392,43.9965,6.1270757010063,97.77,304.14,30473.26,-6.08
GP,2017-01-04,2017,4,-1.15,-6.28,7.22,0.0901243195931204,37.2285,5.19530947646985,82.73,382.19,30536.53,-3.715
GP,2017-01-05,2017,5,-5.94,-19.48,0,0.131613383988371,93.465,13.072100869107,207.7,130.58,30604.14,-12.71
GP,2017-01-06,2017,6,-10.02,-24.92,0,0.103221280787401,96.7905,13.5690032241117,215.09,80.72,30676.02,-17.47
GP,2017-01-07,2017,7,-12.41,-26.27,0,0.0829846810438895,95.9445,13.4837702724438,213.21,71.43,30752.12,-19.34
GP,2017-01-08,2017,8,-14.16,-27.42,0,0.0709196828737562,95.409,13.4435031432381,212.02,64.22,30832.37,-20.79
GP,2017-01-09,2017,9,-14.28,-30.47,0,0.0778719072335867,100.9035,14.2565960222964,224.23,48.21,30916.72,-22.375
GP,2017-01-10,2017,10,-0.72,-15.31,7.52,0.197389590307255,74.322,10.530929962854,165.16,185.9,31005.1,-8.015
GP,2017-01-11,2017,11,4.05,-1.1,11.38,0.126371360816394,39.0375,5.54782783899375,86.75,563.36,31097.45,1.475
GP,2017-01-12,2017,12,3.12,-3.02,6.3,0.137865770658676,45.9405,6.54905547958365,102.09,488.78,31193.69,0.05
GP,2017-01-13,2017,13,-1.93,-20.49,1.95,0.205913643249493,105.867,15.1402977208125,235.26,119.65,31293.75,-11.21
GP,2017-01-14,2017,14,-12.2,-26.36,0,0.0853060408050534,103.248,14.8147302062016,229.44,70.83,31397.56,-19.28
GP,2017-01-15,2017,15,-10.5,-17.89,0,0.0634140668850726,75.537,10.8756721156545,167.86,149.71,31505.05,-14.195
GP,2017-01-16,2017,16,-0.76,-15.9,0,0.201050808962151,105.7365,15.2774233732508,234.97,176.94,31616.15,-8.33
GP,2017-01-17,2017,17,-1.81,-9.78,0,0.122684498418868,80.064,11.6100501276096,177.92,290.84,31730.77,-5.795
GP,2017-01-18,2017,18,-3.88,-9.26,3.13,0.0783790623618454,44.811,6.5222071952895,99.58,303.1,31848.85,-6.57
GP,2017-01-19,2017,19,1.5,-4.53,1.28,0.122474926721395,65.8125,9.6154873351875,146.25,436.44,31970.3,-1.515
GP,2017-01-20,2017,20,0.79,-1.87,0,0.0573521500395107,31.7655,4.6591835185584,70.59,532.52,32095.04,-0.54
GP,2017-01-21,2017,21,0.97,-1.64,0,0.0570482540103149,31.5405,4.644625958955,70.09,541.59,32223,-0.335
GP,2017-01-22,2017,22,0.76,-5.04,0,0.113140005436747,65.943,9.7502127088959,146.54,419.9,32354.09,-2.14
GP,2017-01-23,2017,23,-1.98,-6.66,0,0.0792608999954009,55.683,8.2673275371075,123.74,370.95,32488.25,-4.32
GP,2017-01-24,2017,24,-2.34,-6.97,14.82,0.0765872405389773,42.183,6.2894003687478,93.74,362.32,32625.38,-4.655
GP,2017-01-25,2017,25,-1.01,-4.11,10.36,0.0588683967004431,29.484,4.4148729423708,65.52,450.52,32765.41,-2.56
GP,2017-01-26,2017,26,0.09,-3.87,5.13,0.0784237782899563,37.2105,5.5961149358961,82.69,458.72,32908.26,-1.89
GP,2017-01-27,2017,27,-2.82,-6.12,0,0.0553774456735404,42.8085,6.4664867777517,95.13,386.75,33053.86,-4.47
GP,2017-01-28,2017,28,-1.95,-7.05,0,0.0853308528240661,64.5435,9.7934233172454,143.43,359.98,33202.12,-4.5
GP,2017-01-29,2017,29,-2.21,-12.34,2.28,0.141759821559661,81.315,12.394278456768,180.7,237.09,33352.96,-7.275
GP,2017-01-30,2017,30,-7.8,-18.4,0,0.0990918579213328,113.391,17.3628701492184,251.98,143.3,33506.32,-13.1
GP,2017-01-31,2017,31,-8.85,-22.77,0,0.108408455267501,126.7605,19.5003025456185,281.69,97.92,33662.1,-15.81
GP,2017-02-01,2017,32,-8.08,-21.68,0,0.113107088333471,127.0215,19.6322579061637,282.27,107.88,33820.25,-14.88
GP,2017-02-02,2017,33,-8.32,-17.82,1.02,0.0887887688228433,109.404,16.9895289785076,243.12,150.5,33980.67,-13.07
GP,2017-02-03,2017,34,-9.43,-21.82,0,0.0971236875785648,125.316,19.5536728743372,278.48,106.54,34143.31,-15.625
GP,2017-02-04,2017,35,-8.16,-22.71,0,0.116753788630506,133.4655,20.9257788841668,296.59,98.5,34308.08,-15.435
GP,2017-02-05,2017,36,-3.08,-13.58,3.9,0.136980734925913,89.307,14.0703480982809,198.46,214.28,34474.91,-8.33
GP,2017-02-06,2017,37,-10.7,-19.61,0,0.0715376523026279,111.9285,17.7207318663363,248.73,129.16,34643.74,-15.155
GP,2017-02-07,2017,38,-10.36,-22.52,9.22,0.0897647598408556,100.4445,15.9809428664789,223.21,100.1,34814.49,-16.44
GP,2017-02-08,2017,39,-1.28,-15.24,8.34,0.185180893500233,106.3035,16.9969779147645,236.23,187.02,34987.1,-8.26
GP,2017-02-09,2017,40,-13.18,-24.46,0,0.0695123584881034,135.243,21.731934622365,300.54,84.18,35161.5,-18.82
GP,2017-02-10,2017,41,-14,-26.11,0,0.0681602172890242,140.076,22.6212891396516,311.28,72.47,35337.63,-20.055
GP,2017-02-11,2017,42,-10.77,-21.24,0,0.079299039914167,131.7105,21.3773285082389,292.69,112.1,35515.41,-16.005
GP,2017-02-12,2017,43,-7.17,-22.75,7.22,0.130092122589251,115.857,18.8991951725871,257.46,98.16,35694.79,-14.96
GP,2017-02-13,2017,44,-3.19,-14.91,2.46,0.146054665599147,107.4645,17.6190191344382,238.81,192.12,35875.71,-9.05
GP,2017-02-14,2017,45,-5.21,-16.51,0,0.124075288680097,142.5105,23.4836664204285,316.69,168.1,36058.1,-10.86
GP,2017-02-15,2017,46,-4.48,-9.52,5.45,0.0714308847931938,62.469,10.3464611523603,138.82,296.87,36241.91,-7.0
GP,2017-02-16,2017,47,-2.26,-7.27,1.86,0.0821800630534362,84.141,14.0070999879396,186.98,354.11,36427.08,-4.765
GP,2017-02-17,2017,48,-2.2,-13.15,0,0.14953594225004,147.6135,24.6992699815673,328.03,221.97,36613.55,-7.675
GP,2017-02-18,2017,49,2.9,-10.95,0,0.243946975762001,160.803,27.0441386125317,357.34,265.08,36801.27,-4.025
GP,2017-02-19,2017,50,5.33,-1.69,0.94,0.176128519231968,108.6705,18.3702179955033,241.49,539.77,36990.18,1.82
GP,2017-02-20,2017,51,1.36,-13.44,0,0.228926843822116,166.266,28.2508631137926,369.48,216.89,37180.23,-6.04
GP,2017-02-21,2017,52,-0.14,-17.08,0,0.222750961905327,173.331,29.6027093859579,385.18,160.24,37371.37,-8.61
GP,2017-02-22,2017,53,3.84,-2.7,0,0.151873622760719,100.746,17.2946093600232,223.88,500.54,37563.56,0.57
GP,2017-02-23,2017,54,7.06,-0.52,7.82,0.208724419712923,84.789,14.6301979613202,188.42,587.81,37756.74,3.27
GP,2017-02-24,2017,55,3.86,-2.19,9.32,0.142677132290497,71.127,12.3359418438354,158.06,519.94,37950.86,0.835
GP,2017-02-25,2017,56,3.21,-1.93,19.38,0.119644639363899,62.01,10.809996905916,137.8,530,38145.88,0.64
GP,2017-02-26,2017,57,0.46,-8.4,3.94,0.154075689796885,99.045,17.354847459744,220.1,324.27,38341.76,-3.97
GP,2017-02-27,2017,58,5.61,-9.78,0,0.309713048200448,176.175,31.0280672293875,391.5,290.82,38538.45,-2.085
GP,2017-02-28,2017,59,9.45,-6.38,0,0.401486989810819,177.4935,31.4204511440435,394.43,379.27,38735.91,1.535
GP,2017-03-01,2017,60,12.67,-2.25,10.88,0.473007578378269,129.717,23.0803890210621,288.26,517.61,38934.09,5.21
GP,2017-03-02,2017,61,3.1,-2.49,0,0.127380311037956,90.558,16.1951819824782,201.24,508.54,39132.97,0.305
GP,2017-03-03,2017,62,-6.22,-13.65,0,0.0861921619798296,121.842,21.9010304886912,270.76,213.11,39332.48,-9.935
GP,2017-03-04,2017,63,-14.06,-23.68,0,0.0587847737494912,150.966,27.2741256057582,335.48,90.29,39532.61,-18.87
GP,2017-03-05,2017,64,-7.25,-21.34,0,0.122588318650556,185.8275,33.7427854045943,412.95,111.08,39733.31,-14.295
GP,2017-03-06,2017,65,-2.43,-21.56,0,0.201555233704336,203.3145,37.1050779115058,451.81,109.04,39934.55,-11.995
GP,2017-03-07,2017,66,1.02,-4.71,3.31,0.113824651136269,74.6775,13.697556117129,165.95,430.62,40136.28,-1.845
GP,2017-03-08,2017,67,6.68,-0.89,7.48,0.203407507546798,94.653,17.4489827338008,210.34,572.37,40338.48,2.895
GP,2017-03-09,2017,68,0.04,-14.63,1.27,0.208572072005081,194.994,36.127089628038,433.32,196.57,40541.1,-7.295
GP,2017-03-10,2017,69,-9,-23.39,0,0.10921102286176,197.3025,36.7378585016152,438.45,92.65,40744.13,-16.195
GP,2017-03-11,2017,70,-17.7,-25.03,0,0.0369404295220991,132.939,24.8768911157373,295.42,79.95,40947.51,-21.365
GP,2017-03-12,2017,71,-11.01,-19.48,0,0.0674859555786692,150.6465,28.3307496797912,334.77,130.64,41151.23,-15.245
GP,2017-03-13,2017,72,-8.94,-19.04,0,0.0884887606954887,171.612,32.4335433922416,381.36,135.63,41355.24,-13.99
GP,2017-03-14,2017,73,-7.18,-14.25,15.04,0.0775899908750771,102.4875,19.46514406842,227.75,202.95,41559.52,-10.715
GP,2017-03-15,2017,74,-3.91,-9.29,7.56,0.0783069733804772,83.016,15.8445717990048,184.48,302.3,41764.04,-6.6
GP,2017-03-16,2017,75,-6.6,-13.16,0,0.0763590140155711,135.207,25.9323346882323,300.46,221.78,41968.77,-9.88
GP,2017-03-17,2017,76,-1.93,-17.31,0,0.187102003592722,221.337,42.6590927373303,491.86,157.24,42173.67,-9.62
GP,2017-03-18,2017,77,1.74,-20.08,0,0.284711867798899,236.448,45.7930507849056,525.44,123.99,42378.71,-9.17
GP,2017-03-19,2017,78,5.2,-13.44,0,0.333954356148487,230.8905,44.9332149872898,513.09,216.8,42583.88,-4.12
GP,2017-03-20,2017,79,4.37,-13.55,0,0.310031148241053,230.535,45.0802718263935,512.3,214.9,42789.13,-4.59
GP,2017-03-21,2017,80,7.35,-6.82,1.84,0.329561306770703,211.77,41.609541793716,470.6,366.54,42994.44,0.265
GP,2017-03-22,2017,81,-6.45,-18.11,0,0.115891428269417,198.3555,39.1599368053803,440.79,146.94,43199.78,-12.28
GP,2017-03-23,2017,82,-2.14,-18.94,0,0.193271671170661,233.8425,46.3853146187498,519.65,136.8,43405.11,-10.54
GP,2017-03-24,2017,83,-0.84,-6.94,2.45,0.106024860296111,91.161,18.1683526041234,202.58,363.29,43610.42,-3.89
GP,2017-03-25,2017,84,1.48,-9.62,0,0.192980750584992,194.4765,38.9415099306703,432.17,294.62,43815.67,-4.07
GP,2017-03-26,2017,85,1.82,-13.66,0,0.242175286243316,229.5945,46.1887283646666,510.21,212.99,44020.84,-5.92
GP,2017-03-27,2017,86,0.47,-2.67,9.12,0.0652965371930798,49.572,10.0191095277552,110.16,501.9,44225.88,-1.1
GP,2017-03-28,2017,87,3.31,-0.52,6.7,0.0932541169463353,59.5395,12.0894159659517,132.31,587.98,44430.78,1.395
GP,2017-03-29,2017,88,3.38,-1.16,0,0.108510527597478,95.886,19.5592367392002,213.08,561.21,44635.51,1.11
GP,2017-03-30,2017,89,5.42,-4.43,0,0.229009255445884,188.865,38.7020150553915,419.7,439.9,44840.03,0.495
GP,2017-03-31,2017,90,4.64,-6.07,0,0.231068329086878,202.896,41.7666481704432,450.88,388.4,45044.31,-0.715
GP,2017-04-01,2017,91,2.21,-2.75,3.78,0.108971092648574,82.269,17.0119843137189,182.82,498.75,45248.33,-0.27
GP,2017-04-02,2017,92,6.38,-5.01,0,0.269287667241486,211.1895,43.8674007592206,469.31,420.98,45452.04,0.685
GP,2017-04-03,2017,93,6.57,-7.68,0,0.31465115803515,236.745,49.3957351233495,526.1,343,45655.43,-0.555
GP,2017-04-04,2017,94,3.27,-1.35,20.16,0.109601272220785,78.3225,16.4142904170713,174.05,553.23,45858.45,0.96
GP,2017-04-05,2017,95,4.25,0.2,6.97,0.103801482798181,72.18,15.193827607608,160.4,619.67,46061.08,2.225
GP,2017-04-06,2017,96,3.89,0.26,31.07,0.0922376005583089,65.916,13.9361709656736,146.48,622.27,46263.28,2.075
GP,2017-04-07,2017,97,3.82,1.07,9.41,0.0711856231005331,52.281,11.1016139482917,116.18,660.07,46465.01,2.445
GP,2017-04-08,2017,98,4.26,-2.25,0,0.155247996816645,155.9295,33.2542677842437,346.51,517.67,46666.25,1.005
GP,2017-04-09,2017,99,10.72,-4.37,1.83,0.422639145506303,255.2535,54.6706953097402,567.23,441.75,46866.95,3.175
GP,2017-04-10,2017,100,19.11,2.59,1.89,0.736093563094762,253.638,54.5566601692728,563.64,735.73,47067.08,10.85
GP,2017-04-11,2017,101,7.73,1.97,3.89,0.174053680180122,103.0365,22.256745591213,228.97,703.84,47266.6,4.85
GP,2017-04-12,2017,102,7.28,1.7,0,0.164985594658057,135.8775,29.4741665576573,301.95,690.28,47465.47,4.49
GP,2017-04-13,2017,103,10.78,-0.74,0,0.356676257728379,229.428,49.9746783122136,509.84,578.53,47663.66,5.02
GP,2017-04-14,2017,104,12.54,-3.5,0,0.4898819149084,259.8795,56.8422263831328,577.51,471.56,47861.12,4.52
GP,2017-04-15,2017,105,16.54,-1.54,0,0.66654388430984,264.3795,58.0641339895502,587.51,545.52,48057.81,7.5
GP,2017-04-16,2017,106,11.78,2.4,17.1,0.326883897811075,148.14,32.667738479262,329.2,726,48253.69,7.09
GP,2017-04-17,2017,107,6.15,1.04,1.24,0.142586128384587,126.639,28.0392175686033,281.42,658.64,48448.71,3.595
GP,2017-04-18,2017,108,7,-1.91,0,0.235119275417742,205.6545,45.7165385502246,457.01,530.88,48642.84,2.545
GP,2017-04-19,2017,109,9.27,-0.51,10.57,0.289725138743349,165.3075,36.8934289190055,367.35,588.34,48836.02,4.38
GP,2017-04-20,2017,110,9.2,2.7,0,0.21010583712106,166.5315,37.3128679860205,370.07,741.6,49028.21,5.95
GP,2017-04-21,2017,111,5.77,2.16,16.71,0.103081279086461,76.383,17.1810137624985,169.74,713.4,49219.35,3.965
GP,2017-04-22,2017,112,7.31,0.41,3.77,0.196562613307574,138.4335,31.258423245704,307.63,629.17,49409.41,3.86
GP,2017-04-23,2017,113,14.43,-1.66,1.69,0.55006456366759,272.0025,61.653262353606,604.45,540.82,49598.32,6.385
GP,2017-04-24,2017,114,6.94,-4.29,0,0.276290044277787,247.7565,56.3701046380182,550.57,444.54,49786.04,1.325
GP,2017-04-25,2017,115,12.39,-2.1,7.95,0.456792365066504,201.2805,45.9673075216814,447.29,523.4,49972.51,5.145
GP,2017-04-26,2017,116,12.91,5.56,1.94,0.289779794485931,185.058,42.4191053506608,411.24,906.4,50157.68,9.235
GP,2017-04-27,2017,117,15.16,5.44,0,0.409972684979382,219.6765,50.5389194781075,488.17,899.13,50341.5,10.3
GP,2017-04-28,2017,118,19.93,4.84,0,0.7304127158479,259.8525,59.9984292068483,577.45,862.21,50523.89,12.385
GP,2017-04-29,2017,119,17.33,2.05,0,0.633223624255853,263.2005,60.9890782439308,584.89,708.05,50704.81,9.69
GP,2017-04-30,2017,120,9.37,1.1,6.91,0.257065693804279,148.0185,34.420339516689,328.93,661.3,50884.2,5.235
GP,2017-05-01,2017,121,6.47,3.15,43.99,0.0997753018136196,67.491,15.7492441012626,149.98,765.42,51061.98,4.81
GP,2017-05-02,2017,122,13.88,4.99,1.22,0.355489770522673,205.3395,48.0819200497367,456.31,871.57,51238.11,9.435
GP,2017-05-03,2017,123,10.18,0.05,1.74,0.314130943097869,228.7755,53.7519971095182,508.39,612.88,51412.52,5.115
GP,2017-05-04,2017,124,14.9,-2.02,0,0.582293873796419,273.69,64.520787429729,608.2,526.76,51585.13,6.44
GP,2017-05-05,2017,125,9.14,4.63,13.78,0.153553667352464,86.976,20.5719477190848,193.28,849.75,51755.89,6.885
GP,2017-05-06,2017,126,13.55,5.83,12.99,0.312555906878951,135.315,32.109704234676,300.7,923.85,51924.72,9.69
GP,2017-05-07,2017,127,12.02,3.87,8.84,0.298253018471408,140.544,33.4576838734848,312.32,805.37,52091.56,7.945
GP,2017-05-08,2017,128,6.16,0.58,4.79,0.153688636153321,104.7105,25.0060688273349,232.69,637.13,52256.34,3.37
GP,2017-05-09,2017,129,8.19,-0.08,1.9,0.239098026967837,195.8715,46.9219459816899,435.27,607.23,52418.98,4.055
GP,2017-05-10,2017,130,9.83,2.18,0,0.248929669083937,187.029,44.9408063411073,415.62,714.43,52579.41,6.005
GP,2017-05-11,2017,131,12.67,4.95,0,0.296886825893374,184.9275,44.5694883787463,410.95,868.91,52737.55,8.81
GP,2017-05-12,2017,132,16.84,6.08,0,0.486775725390335,224.5095,54.2690221975402,498.91,940.01,52893.35,11.46
GP,2017-05-13,2017,133,19.4,5.44,4.64,0.674472725463029,187.7985,45.5267544530715,417.33,898.92,53046.7,12.42
GP,2017-05-14,2017,134,11.23,8.28,7.33,0.118631049781247,59.3775,14.4354304898213,131.95,1092.64,53197.55,9.755
GP,2017-05-15,2017,135,20.92,7.51,0,0.716225204735802,247.5945,60.3611615490543,550.21,1036.72,53345.82,14.215
GP,2017-05-16,2017,136,22.33,6.97,0,0.845744122053009,255.8205,62.5368022722027,568.49,999.62,53491.42,14.65
GP,2017-05-17,2017,137,26.84,7.6,0,1.24103633050764,262.278,64.2866090225688,582.84,1043.09,53634.28,17.22
GP,2017-05-18,2017,138,29.86,12.86,9.03,1.35857180854033,166.383,40.8883963684392,369.74,1483.46,53774.32,21.36
GP,2017-05-19,2017,139,16.02,4.94,0,0.474193862428921,199.9305,49.2579513516321,444.29,868.24,53911.46,10.48
GP,2017-05-20,2017,140,17.03,2.12,0,0.613014748133023,227.9385,56.2981844234709,506.53,711.47,54045.62,9.575
GP,2017-05-21,2017,141,18.86,1.63,0,0.74332892659454,235.6245,58.3377069066948,523.61,687.08,54176.72,10.245
GP,2017-05-22,2017,142,12.48,8.6,7.84,0.163497532482725,60.5925,15.0373881647303,134.65,1116.89,54304.69,10.54
GP,2017-05-23,2017,143,18.85,7.71,0,0.560432763319543,194.274,48.3241994930574,431.72,1050.97,54429.43,13.28
GP,2017-05-24,2017,144,21.97,5.8,0,0.855433188952759,228.7305,57.0219572173126,508.29,922.09,54550.89,13.885
GP,2017-05-25,2017,145,19.81,8.78,7.88,0.587368198688051,143.8065,35.9282122807739,319.57,1130.44,54668.97,14.295
GP,2017-05-26,2017,146,15.41,7.55,6.71,0.353563046485898,114.8805,28.761602834286,255.29,1039.64,54783.6,11.48
GP,2017-05-27,2017,147,21.01,6.28,0,0.765188382627133,221.778,55.6371862043166,492.84,952.7,54894.71,13.645
GP,2017-05-28,2017,148,23.27,8.88,0,0.855667482184197,216.855,54.5086944204435,481.9,1137.88,55002.21,16.075
GP,2017-05-29,2017,149,19.36,9.21,8.33,0.539064249473889,137.079,34.5212292527109,304.62,1163.58,55106.03,14.285
GP,2017-05-30,2017,150,16.88,10.39,12.89,0.328907899166565,97.2135,24.5261763847395,216.03,1259.84,55206.1,13.635
GP,2017-05-31,2017,151,19.96,10.75,6.99,0.518331593820108,126.3285,31.9272215534258,280.73,1289.96,55302.35,15.355
GP,2017-06-01,2017,152,17.25,7.38,0,0.468302617139791,180.4275,45.6759034605225,400.95,1027.51,55394.7,12.315
GP,2017-06-02,2017,153,14.12,6.52,1.2,0.31941164986377,150.4035,38.1359687355445,334.23,968.7,55483.09,10.32
GP,2017-06-03,2017,154,16.98,6.9,0.93,0.4679840183659,186.6285,47.3930471794253,414.73,994.59,55567.45,11.94
GP,2017-06-04,2017,155,21.47,7.75,0,0.749410764586208,215.505,54.8050840280235,478.9,1054.46,55647.71,14.61
GP,2017-06-05,2017,156,15.93,10.01,6.87,0.288416223750818,89.2575,22.7301237068805,198.35,1228.27,55723.82,12.97
GP,2017-06-06,2017,157,20.66,7.2,0,0.706926672388029,213.8175,54.5205534487673,475.15,1015.56,55795.71,13.93
GP,2017-06-07,2017,158,26.85,5.79,0,1.30272565245607,241.6365,61.6886802529326,536.97,921.5,55863.32,16.32
GP,2017-06-08,2017,159,28.3,10.43,0,1.28790768967112,226.161,57.8032704620397,502.58,1262.98,55926.61,19.365
GP,2017-06-09,2017,160,24.53,8.28,0,0.98995658248806,221.247,56.6068915295208,491.66,1093.1,55985.52,16.405
GP,2017-06-10,2017,161,23.16,5.03,0,0.978710758071969,231.624,59.3195443619832,514.72,873.52,56039.99,14.095
GP,2017-06-11,2017,162,32,15.74,0,1.47940287915931,205.578,52.6960665964854,456.84,1787.27,56089.99,23.87
GP,2017-06-12,2017,163,28.86,15.55,11.15,1.09917592963228,140.7465,36.1069865746974,312.77,1765.87,56135.48,22.205
GP,2017-06-13,2017,164,24.98,11.67,0,0.892592420115378,191.673,49.2074797250601,425.94,1371.36,56176.41,18.325
GP,2017-06-14,2017,165,18.69,6.21,0,0.600934528931489,191.5605,49.2104112084338,425.69,948.35,56212.75,12.45
GP,2017-06-15,2017,166,20.69,4.63,0,0.792234828836889,219.6225,56.4511585844678,488.05,849.95,56244.47,12.66
GP,2017-06-16,2017,167,16.48,11.76,26.93,0.24490063871039,63.9585,16.4476278402813,142.13,1379.64,56271.54,14.12
GP,2017-06-17,2017,168,22.85,15.1,0,0.530501972612387,131.823,33.9132207604734,292.94,1715.21,56293.94,18.975
GP,2017-06-18,2017,169,28.35,17.82,15.76,0.90384906549271,121.6575,31.3078569386288,270.35,2040.03,56311.65,23.085
GP,2017-06-19,2017,170,25.69,17.56,0,0.642838595228659,135.846,34.967256305823,301.88,2005.97,56324.65,21.625
GP,2017-06-20,2017,171,23.08,14.39,10.87,0.587725539405782,112.8015,29.0397862455151,250.67,1639.15,56332.93,18.735
GP,2017-06-21,2017,172,20.66,10.53,6.18,0.57852538630729,128.7315,33.142923541328,286.07,1271.82,56336.49,15.595
GP,2017-06-22,2017,173,23.49,8.95,0,0.871374870513575,212.2065,54.6330753519606,471.57,1143.91,56335.32,16.22
GP,2017-06-23,2017,174,21.22,13.88,4.23,0.463601462694778,98.6625,25.3982384014275,219.25,1585.8,56329.42,17.55
GP,2017-06-24,2017,175,23.67,11.47,4.37,0.782409155773374,144.675,37.2360053223,321.5,1353.34,56318.8,17.57
GP,2017-06-25,2017,176,21.56,9.39,4.22,0.694741145742096,145.6335,37.4724916345287,323.63,1177.99,56303.46,15.475
GP,2017-06-26,2017,177,20.36,7.73,2.51,0.66646637098778,150.615,38.7404786591865,334.7,1052.43,56283.43,14.045
GP,2017-06-27,2017,178,20.14,7.94,9.56,0.642458935063814,148.0185,38.055897488237,328.93,1067.9,56258.71,14.04
GP,2017-06-28,2017,179,21.17,9.79,3.92,0.648206850361581,140.1525,36.0147129598102,311.45,1210.21,56229.33,15.48
GP,2017-06-29,2017,180,22.8,12.51,2.67,0.658996642287728,127.7325,32.803317013383,283.85,1449.93,56195.32,17.655
GP,2017-06-30,2017,181,21.36,12.54,0,0.541625622155927,152.4735,39.1302072903465,338.83,1452.36,56156.7,16.95
GP,2017-07-01,2017,182,20.84,16.22,16.93,0.305920721808526,63.6165,16.3137322404675,141.37,1843.01,56113.5,18.53
GP,2017-07-02,2017,183,24.02,15.58,4.39,0.604835856402838,108.2745,27.742153987363,240.61,1769.26,56065.77,19.8
GP,2017-07-03,2017,184,21.86,14.49,0,0.481855238495045,131.2785,33.6049229441948,291.73,1649.67,56013.55,18.175
GP,2017-07-04,2017,185,25.37,11.69,0,0.928744198552546,204.3,52.24418763237,454,1373.21,55956.87,18.53
GP,2017-07-05,2017,186,26.6,9.8,0,1.13204536219696,222.021,56.7138791055663,493.38,1210.93,55895.79,18.2
GP,2017-07-06,2017,187,27.74,12.48,0,1.13405001217183,209.6505,53.4912138225247,465.89,1446.77,55830.35,20.11
GP,2017-07-07,2017,188,25.17,16.08,13.82,0.682518712986194,114.237,29.1105563568849,253.86,1826.4,55760.61,20.625
GP,2017-07-08,2017,189,22.23,12.5,6.8,0.612847894563398,125.865,32.031113668191,279.7,1448.47,55686.62,17.365
GP,2017-07-09,2017,190,23.56,10.22,2.82,0.826713201862281,154.4445,39.2490689419206,343.21,1245.51,55608.44,16.89
GP,2017-07-10,2017,191,24.26,12.13,3.06,0.80435387089148,146.367,37.1412790175466,325.26,1414.15,55526.14,18.195
GP,2017-07-11,2017,192,26,14.63,1.85,0.8439233806533,185.6565,47.0378927061549,412.57,1664.64,55439.78,20.315
GP,2017-07-12,2017,193,20.06,12.87,0.86,0.428373163117416,138.1815,34.9525750703661,307.07,1483.86,55349.42,16.465
GP,2017-07-13,2017,194,23.86,11.02,1.29,0.819310811174901,205.2585,51.8310439120499,456.13,1313.37,55255.13,17.44
GP,2017-07-14,2017,195,25.54,8.94,0,1.06038242903081,227.079,57.2392128066894,504.62,1142.98,55156.98,17.24
GP,2017-07-15,2017,196,25.88,14.61,2.24,0.832994979146893,139.5945,35.1221901704496,310.21,1662.62,55055.04,20.245
GP,2017-07-16,2017,197,24.65,14.9,0,0.700540634923322,168.4935,42.3118630507671,374.43,1693.17,54949.38,19.775
GP,2017-07-17,2017,198,25.61,13.96,0,0.841658666410364,187.9425,47.1020011197502,417.65,1593.33,54840.09,19.785
GP,2017-07-18,2017,199,27,15.01,0,0.925424006116737,188.2755,47.0883418206327,418.39,1705.62,54727.22,21.005
GP,2017-07-19,2017,200,24.96,15.98,1.72,0.668516142267532,154.9575,38.6730029682743,344.35,1814.74,54610.87,20.47
GP,2017-07-20,2017,201,27.02,15.01,0,0.927525722714986,186.8715,46.5355580630081,415.27,1705.61,54491.11,21.015
GP,2017-07-21,2017,202,26.42,14.34,4.72,0.902247532930965,140.805,34.9846645515885,312.9,1633.05,54368.01,20.38
GP,2017-07-22,2017,203,22.21,8.78,0,0.770526605461455,206.6625,51.2284069630575,459.25,1130.48,54241.66,15.495
GP,2017-07-23,2017,204,22.74,6.88,0,0.882921865668282,220.8645,54.6181198112794,490.81,993.31,54112.13,14.81
GP,2017-07-24,2017,205,18.13,10.82,5.91,0.389074794222082,100.9395,24.9003932929425,224.31,1296.7,53979.5,14.475
GP,2017-07-25,2017,206,24.38,11.45,4.29,0.846908712703307,147.8475,36.3803012608388,328.55,1351.54,53843.85,17.915
GP,2017-07-26,2017,207,24.82,10.31,0,0.937002070737023,208.575,51.1912054744425,463.5,1252.82,53705.27,17.565
GP,2017-07-27,2017,208,23.62,13.9,4.44,0.660135173277744,121.9005,29.8396159303887,270.89,1587.86,53563.82,18.76
GP,2017-07-28,2017,209,22.09,9.14,0,0.746406768594688,199.323,48.6602309246949,442.94,1158.75,53419.59,15.615
GP,2017-07-29,2017,210,22.5,7.46,0,0.842764332011813,213.498,51.9773810865876,474.44,1033.6,53272.66,14.98
GP,2017-07-30,2017,211,26.53,9.05,0,1.15466826685038,220.068,53.4264833316636,489.04,1151.42,53123.11,17.79
GP,2017-07-31,2017,212,26.6,12.74,9.43,1.00164210810534,145.2645,35.1652692794027,322.81,1471.37,52971.01,19.67
GP,2017-08-01,2017,213,26.8,10.33,0,1.13085185895811,210.1275,50.7187026843503,466.95,1254.53,52816.43,18.565
GP,2017-08-02,2017,214,28.97,12.84,7.1,1.25433686440615,151.6095,36.4853920119759,336.91,1481.53,52659.46,20.905
GP,2017-08-03,2017,215,24.81,15.62,0.2,0.675213826127038,141.2415,33.8874766180213,313.87,1773.37,52500.17,20.215
GP,2017-08-04,2017,216,28,16.61,7.64,0.940483489778292,122.9715,29.4132560842332,273.27,1889.53,52338.64,22.305
GP,2017-08-05,2017,217,21.8,15.21,17.93,0.437808586324484,82.3905,19.6451438656541,183.09,1728.02,52174.93,18.505
GP,2017-08-06,2017,218,17.52,8.44,2.45,0.446609546455746,113.463,26.9680814615583,252.14,1104.49,52009.13,12.98
GP,2017-08-07,2017,219,19.43,6.13,0,0.654121479726121,194.877,46.1692250759781,433.06,943.34,51841.29,12.78
GP,2017-08-08,2017,220,22.23,7.58,0,0.816570710119054,201.636,47.6140647884148,448.08,1041.89,51671.49,14.905
GP,2017-08-09,2017,221,22.47,8.9,0,0.787320597161606,191.907,45.1661053521519,426.46,1139.58,51499.81,15.685
GP,2017-08-10,2017,222,24,8.14,0,0.94727266104251,205.2495,48.1435671721545,456.11,1082.55,51326.3,16.07
GP,2017-08-11,2017,223,26.36,13.47,5.12,0.9410099392008,132.4665,30.9653964738121,294.37,1543.45,51151.03,19.915
GP,2017-08-12,2017,224,23.68,15.79,13.85,0.562342950388989,91.4715,21.3084231231029,203.27,1793.53,50974.07,19.735
GP,2017-08-13,2017,225,25.08,12.98,2.87,0.840135592796665,129.1815,29.9875918892634,287.07,1494.81,50795.48,19.03
GP,2017-08-14,2017,226,24.3,11.96,0,0.816187004957007,174.9375,40.4651531638688,388.75,1398.09,50615.33,18.13
GP,2017-08-15,2017,227,23.94,13.61,6.75,0.703497239292568,114.7275,26.4426089584072,254.95,1558,50433.67,18.775
GP,2017-08-16,2017,228,20.42,9.2,0,0.615391712019426,167.076,38.3681855462724,371.28,1162.98,50250.57,14.81
GP,2017-08-17,2017,229,23.19,8.77,0,0.85247901115733,191.691,43.8592814216496,425.98,1129.99,50066.08,15.98
GP,2017-08-18,2017,230,17.39,12.9,5.46,0.246809174648539,56.3625,12.8479864491563,125.25,1486.85,49880.25,15.145
GP,2017-08-19,2017,231,23.94,16.34,0,0.553461188055924,117.036,26.5786112390832,260.08,1857.41,49693.16,20.14
GP,2017-08-20,2017,232,25.18,15.47,3.05,0.718700830075624,107.5905,24.3409647302514,239.09,1756.28,49504.84,20.325
GP,2017-08-21,2017,233,26.5,14.51,0,0.900879331494789,166.266,37.471559542767,369.48,1651.56,49315.35,20.505
GP,2017-08-22,2017,234,23.75,15.77,37.3,0.5706167403343,93.168,20.91622601556,207.04,1790.28,49124.75,19.76
GP,2017-08-23,2017,235,20.64,11.69,4.83,0.526203720279538,105.0075,23.482215619317,233.35,1373.43,48933.08,16.165
GP,2017-08-24,2017,236,18.09,10.57,0,0.397068848777561,123.6645,27.545479384806,274.81,1275.42,48740.4,14.33
GP,2017-08-25,2017,237,19.79,7.78,0,0.623388594981166,175.977,39.0420111689586,391.06,1055.96,48546.74,13.785
GP,2017-08-26,2017,238,20.62,5.91,0,0.747551426602607,194.0265,42.8739137011368,431.17,928.89,48352.16,13.265
GP,2017-08-27,2017,239,22.09,6.25,0,0.850451689878658,197.6805,43.5047662759784,439.29,951.28,48156.71,14.17
GP,2017-08-28,2017,240,23.77,6.36,0,0.989200121559206,202.275,44.334456376635,449.5,958.2,47960.42,15.065
GP,2017-08-29,2017,241,23.77,7.95,0,0.933667555051028,193.446,42.225104548737,429.88,1068.77,47763.35,15.86
GP,2017-08-30,2017,242,22.87,9.34,0,0.803149202909289,178.6275,38.829050351766,396.95,1174.23,47565.52,16.105
GP,2017-08-31,2017,243,16.66,6.91,4.65,0.448290393023351,112.3875,24.3282011800163,249.75,995.22,47366.99,11.785
GP,2017-09-01,2017,244,15.42,4.72,0,0.446417235761411,162.108,34.9434817830324,360.24,855.2,47167.79,10.07
GP,2017-09-02,2017,245,20.07,4.02,0,0.764703311126054,195.4665,41.9556287827638,434.37,814.01,46967.96,12.045
GP,2017-09-03,2017,246,15.34,5.56,18.14,0.415981866659283,111.5505,23.8414321892768,247.89,906.87,46767.55,10.45
GP,2017-09-04,2017,247,18.64,11.15,4.24,0.408331228362671,86.8365,18.4796082580289,192.97,1325.51,46566.57,14.895
GP,2017-09-05,2017,248,20.5,12.18,3.24,0.493469173734408,93.4245,19.7955735527219,207.61,1418.24,46365.09,16.34
GP,2017-09-06,2017,249,17.46,11.45,2.03,0.318593880432831,72.0765,15.2056518623676,160.17,1351.91,46163.12,14.455
GP,2017-09-07,2017,250,16.74,10.6,12.87,0.311500206494185,75.0285,15.7590160763715,166.73,1277.63,45960.7,13.67
GP,2017-09-08,2017,251,17.64,9.42,0,0.416205567342361,129.3255,27.0437094444258,287.39,1180.21,45757.88,13.53
GP,2017-09-09,2017,252,18.69,7.42,0,0.559409613675656,162.036,33.7334390421084,360.08,1030.9,45554.67,13.055
GP,2017-09-10,2017,253,20.54,6.36,0,0.727135407626462,180.0495,37.3160904156108,400.11,957.98,45351.12,13.45
GP,2017-09-11,2017,254,22.58,6.69,0,0.876460190172852,184.2165,38.0080884948863,409.37,980.01,45147.25,14.635
GP,2017-09-12,2017,255,23.01,8.94,0,0.830809818732586,172.3095,35.3906425187865,382.91,1142.82,44943.1,15.975
GP,2017-09-13,2017,256,25.1,9.72,0,0.987519853679064,175.2885,35.838752829637,389.53,1204.42,44738.69,17.41
GP,2017-09-14,2017,257,25.39,10.6,0,0.978310044342033,169.704,34.5382768558296,377.12,1277.75,44534.07,17.995
GP,2017-09-15,2017,258,23.79,10.64,0,0.829023373802279,159.6645,32.3455804423763,354.81,1281.09,44329.25,17.215
GP,2017-09-16,2017,259,25.78,11.24,0,0.988612542220332,164.7405,33.2195781598429,366.09,1333.05,44124.27,18.51
GP,2017-09-17,2017,260,26.63,12.81,0,1.00056159795171,156.0285,31.3165749286967,346.73,1478.9,43919.17,19.72
GP,2017-09-18,2017,261,23.38,12.18,0,0.724043615359931,138.0915,27.5869189137623,306.87,1418.81,43713.95,17.78
GP,2017-09-19,2017,262,24.99,13.47,0,0.806722364126455,137.3625,27.3124207507388,305.25,1543.97,43508.67,19.23
GP,2017-09-20,2017,263,23.68,10.71,0,0.816317660540622,148.968,29.4802106257584,331.04,1287.08,43303.34,17.195
GP,2017-09-21,2017,264,23.91,8.64,0,0.920607334338784,160.425,31.5969646905,356.5,1119.82,43098,16.275
GP,2017-09-22,2017,265,26.09,9.67,0,1.08547142390634,161.19,31.596390877644,358.2,1200.71,42892.68,17.88
GP,2017-09-23,2017,266,27.57,12.64,0,1.10784259701118,148.8735,29.0424466791041,330.83,1462.22,42687.39,20.105
GP,2017-09-24,2017,267,29.65,16.25,0,1.15109066997283,134.4915,26.1106589494179,298.87,1846.9,42482.18,22.95
GP,2017-09-25,2017,268,30.5,15.55,0,1.2952559685586,141.822,27.4008911004378,315.16,1766.27,42277.07,23.025
GP,2017-09-26,2017,269,29.28,16.39,0,1.0993851885264,129.4785,24.8947601501471,287.73,1863.02,42072.09,22.835
GP,2017-09-27,2017,270,26.83,13.5,12.47,0.987195172897466,101.484,19.4172858288864,225.52,1546.89,41867.28,20.165
GP,2017-09-28,2017,271,14.85,4.83,0,0.412012873278057,120.3795,22.9200534188348,267.51,861.45,41662.65,9.84
GP,2017-09-29,2017,272,12.88,1.67,0,0.397379744372788,131.175,24.8529667629375,291.5,688.79,41458.25,7.275
GP,2017-09-30,2017,273,13.35,1.01,0,0.436169861254389,137.5965,25.9412320637104,305.77,657.18,41254.09,7.18
GP,2017-10-01,2017,274,18.3,0.18,0,0.740318695534487,160.695,30.146302520253,357.1,618.61,41050.22,9.24
GP,2017-10-02,2017,275,18.02,2.77,0,0.658565107919746,147.78,27.585986479182,328.4,745.18,40846.67,10.395
GP,2017-10-03,2017,276,20.11,2.84,0,0.80000770653767,152.4015,28.3071479101983,338.67,749.12,40643.46,11.475
GP,2017-10-04,2017,277,20.63,10.05,18.99,0.596356442471307,82.71,15.285939398361,183.8,1231.72,40440.63,15.34
GP,2017-10-05,2017,278,17.11,5.86,0,0.51022610113327,116.6085,21.4429761102875,259.13,925.99,40238.21,11.485
GP,2017-10-06,2017,279,16.76,3.35,0,0.563738515202748,129.159,23.6316561002712,287.02,776.73,40036.24,10.055
GP,2017-10-07,2017,280,16.47,3.04,3.6,0.555193854846944,95.0535,17.3039961097012,211.23,759.48,39834.75,9.755
GP,2017-10-08,2017,281,21.93,11.35,12.84,0.64165526401987,75.7755,13.7249381355619,168.39,1342.63,39633.77,16.64
GP,2017-10-09,2017,282,16.52,10.14,10.23,0.318029305063784,49.914,8.995022379783,110.92,1238.62,39433.35,13.33
GP,2017-10-10,2017,283,19.13,6.78,0,0.61155393051792,114.777,20.5791931634328,255.06,986.63,39233.52,12.955
GP,2017-10-11,2017,284,10.97,0.63,0,0.334189589866706,104.5935,18.6581042005644,232.43,639.47,39034.32,5.8
GP,2017-10-12,2017,285,14.51,-0.8,0,0.536581641145521,131.8275,23.3966807109315,292.95,576.15,38835.78,6.855
GP,2017-10-13,2017,286,16.64,0.35,0,0.631724672788218,133.1685,23.5142853497077,295.93,626.64,38637.95,8.495
GP,2017-10-14,2017,287,16.66,8.49,0,0.391728371270879,80.8605,14.205150216662,179.69,1108.3,38440.87,12.575
GP,2017-10-15,2017,288,17.55,5.56,36.92,0.547797376331073,81.5805,14.2584509229845,181.29,906.36,38244.57,11.555
GP,2017-10-16,2017,289,7.87,-0.8,0,0.243240583976278,88.3935,15.3702536018675,196.43,575.91,38049.11,3.535
GP,2017-10-17,2017,290,10.04,-1.47,0,0.340836289398359,108.405,18.7535448836505,240.9,548.22,37854.53,4.285
GP,2017-10-18,2017,291,16.15,3.25,0,0.530203188435334,112.131,19.2988861338429,249.18,771.29,37660.87,9.7
GP,2017-10-19,2017,292,18.48,5.6,0,0.606748751534951,109.0395,18.6707880719127,242.31,908.93,37468.18,12.04
GP,2017-10-20,2017,293,14.91,2.09,0,0.491288892960045,109.494,18.65269762587,243.32,709.79,37276.5,8.5
GP,2017-10-21,2017,294,16.63,0.72,0,0.623047195672715,120.8655,20.4845947182765,268.59,643.2,37085.9,8.675
GP,2017-10-22,2017,295,17,5.38,0,0.518838775203002,99.2655,16.737805945494,220.59,895.49,36896.4,11.19
GP,2017-10-23,2017,296,20.6,3.88,0,0.807578624957824,118.6785,19.9090216163196,263.73,806.14,36708.08,12.24
GP,2017-10-24,2017,297,20.73,11.05,13.14,0.561605814950124,61.4115,10.2496304996384,136.47,1316.33,36520.97,15.89
GP,2017-10-25,2017,298,16.06,8.67,2.54,0.349261997139824,50.5035,8.3861864654643,112.23,1122.09,36335.14,12.365
GP,2017-10-26,2017,299,10.79,6.54,9.31,0.160644952787885,31.3155,5.1735844268244,69.59,970.31,36150.64,8.665
GP,2017-10-27,2017,300,10.73,2.03,3.82,0.290197330491466,60.2235,9.8990310290904,133.83,706.89,35967.52,6.38
GP,2017-10-28,2017,301,16.67,2.2,0,0.588981677173664,107.9865,17.6602612529673,239.97,715.67,35785.86,9.435
GP,2017-10-29,2017,302,12.87,8.94,29.42,0.169296168268359,28.1025,4.57278268773825,62.45,1142.75,35605.69,10.905
GP,2017-10-30,2017,303,16.3,5.5,16.08,0.473091006151321,66.753,10.8074309421789,148.34,902.93,35427.09,10.9
GP,2017-10-31,2017,304,8.71,-0.65,0,0.270944791453705,83.565,13.4617444084665,185.7,582.5,35250.13,4.03
GP,2017-11-01,2017,305,6.25,-2.5,3.3,0.221367476542437,60.021,9.6208900033545,133.38,508.17,35074.85,1.875
GP,2017-11-02,2017,306,11.89,3.35,28.18,0.306748968872901,57.645,9.1943243570745,128.1,776.42,34901.33,7.62
GP,2017-11-03,2017,307,12.63,2.19,13.41,0.372167947129206,65.673,10.4232513888243,145.94,714.99,34729.63,7.41
GP,2017-11-04,2017,308,4.08,-1.79,0,0.141098583167618,56.862,8.9806920157188,126.36,535.57,34559.82,1.145
GP,2017-11-05,2017,309,10.41,-0.54,16.13,0.336482748188001,67.554,10.6175501961066,150.12,587.26,34391.97,4.935
GP,2017-11-06,2017,310,12.92,-0.17,8.33,0.441973903837676,72.882,11.399729107851,161.96,603.35,34226.15,6.375
GP,2017-11-07,2017,311,3.44,-5.29,0,0.185043116945166,77.4585,12.0576010350884,172.13,411.99,34062.43,-0.925
GP,2017-11-08,2017,312,3.69,-5.38,0,0.193270003627646,78.021,12.0875611522536,173.38,409.3,33900.88,-0.845
GP,2017-11-09,2017,313,6.72,-0.27,1.59,0.191735293294091,62.6805,9.6652717107183,139.29,598.62,33741.58,3.225
GP,2017-11-10,2017,314,0.52,-9.69,1.58,0.171194592648825,93.492,14.3492995314396,207.76,292.92,33584.59,-4.585
GP,2017-11-11,2017,315,-0.19,-8.76,0,0.144114184922782,82.8,12.64977828,184,315.21,33430,-4.475
GP,2017-11-12,2017,316,0.25,-9.04,0,0.157370272165837,87.6645,13.3320094104582,194.81,308.3,33277.88,-4.395
GP,2017-11-13,2017,317,-0.77,-10.09,0,0.147280730130091,86.715,13.1283368055405,192.7,283.92,33128.31,-5.43
GP,2017-11-14,2017,318,1.6,-3.16,0,0.101269704636632,49.5315,7.4656261840788,110.07,483.7,32981.36,-0.78
GP,2017-11-15,2017,319,4.76,-6.63,0,0.24305043203802,94.833,14.2311746863872,210.74,371.84,32837.12,-0.935
GP,2017-11-16,2017,320,4.24,0.07,3.89,0.106286993904864,28.8585,4.31201168894925,64.13,613.99,32695.65,2.155
GP,2017-11-17,2017,321,1.38,-8.87,0.81,0.181597519964461,89.3925,13.3003273410113,198.65,312.52,32557.05,-3.745
GP,2017-11-18,2017,322,-0.75,-10.1,0,0.147840236689799,84.5505,12.5274845758833,187.89,283.67,32421.38,-5.425
GP,2017-11-19,2017,323,0,-5.6,11.25,0.104716227853877,42.705,6.3015282809505,94.9,402.33,32288.73,-2.8
GP,2017-11-20,2017,324,-5.77,-14.01,6.78,0.0960268951771374,59.445,8.736480219807,132.1,206.89,32159.18,-9.89
GP,2017-11-21,2017,325,1.68,-13.53,0,0.237624775602114,102.4695,15.0005041310282,227.71,215.21,32032.81,-5.925
GP,2017-11-22,2017,326,2.28,-7.2,3.82,0.182224291178915,62.964,9.1818690657012,139.92,355.97,31909.69,-2.46
GP,2017-11-23,2017,327,-2.21,-9.6,0,0.11278698304301,71.271,10.354239690453,158.38,295.04,31789.9,-5.905
GP,2017-11-24,2017,328,3.36,-4.72,4.1,0.173712569546292,55.377,8.0157117736017,123.06,430.21,31673.53,-0.68
GP,2017-11-25,2017,329,4.06,-0.1,8.19,0.104902721194401,31.0905,4.4842488760944,69.09,606.43,31560.64,1.98
GP,2017-11-26,2017,330,-0.32,-6.5,1.86,0.111077540192164,60.012,8.6256767343888,133.36,375.58,31451.32,-3.41
GP,2017-11-27,2017,331,-5.56,-15.97,1.26,0.114635088905001,85.9995,12.3193918080126,191.11,175.99,31345.64,-10.765
GP,2017-11-28,2017,332,-0.79,-15.91,0,0.200414819993241,95.6835,13.6620362746296,212.63,176.87,31243.68,-8.35
GP,2017-11-29,2017,333,3.57,-11.06,2.32,0.263299604861518,69.9075,9.95028266328525,155.35,262.79,31145.51,-3.745
GP,2017-11-30,2017,334,-0.18,-13.17,3.93,0.191226510711952,67.1895,9.53445466240785,149.31,221.56,31051.19,-6.675
GP,2017-12-01,2017,335,2.78,-3.5,1.33,0.137246107248829,55.9665,7.918747992324,124.37,471.72,30960.8,-0.36
GP,2017-12-02,2017,336,0.24,-5.7,0,0.111557580055044,53.586,7.5607731335682,119.08,399.32,30874.41,-2.73
GP,2017-12-03,2017,337,-0.16,-3.69,0,0.0695925251781048,33.7635,4.7511931563756,75.03,465.14,30792.08,-1.925
GP,2017-12-04,2017,338,1.4,-5.85,0,0.14078521104475,62.613,8.7885129297708,139.14,394.91,30713.88,-2.225
GP,2017-12-05,2017,339,6.64,-0.71,15.06,0.198201116987652,46.476,6.5077628694552,103.28,580.02,30639.86,2.965
GP,2017-12-06,2017,340,4.51,-1.6,0,0.149621126998286,54.477,7.610728733289,121.06,543.31,30570.1,1.455
GP,2017-12-07,2017,341,-0.31,-3.44,0,0.0618873664646257,30.5325,4.25641855272075,67.85,473.96,30504.63,-1.875
GP,2017-12-08,2017,342,-0.66,-7.51,0,0.117807513840435,60.9075,8.473870833408,135.35,347.49,30443.52,-4.085
GP,2017-12-09,2017,343,-1.62,-8.09,0,0.105723163913334,58.203,8.0825180061051,129.34,332.17,30386.81,-4.855
GP,2017-12-10,2017,344,-4.58,-12.79,2.23,0.103953900417262,52.182,7.233932920617,115.96,228.55,30334.55,-8.685
GP,2017-12-11,2017,345,-10.25,-19.74,0,0.0772178905983152,75.978,10.516166341128,168.84,127.68,30286.8,-14.995
GP,2017-12-12,2017,346,-7.89,-16.63,9.23,0.0863016120354508,54.3375,7.51015513087875,120.75,166.5,30243.57,-12.26
GP,2017-12-13,2017,347,-8.87,-16.66,4.75,0.0740898808729092,50.7645,7.0073531123238,112.81,166.09,30204.92,-12.765
GP,2017-12-14,2017,348,-13.18,-19.65,1.36,0.0473338778615388,59.337,8.1814402449792,131.86,128.67,30170.88,-16.415
GP,2017-12-15,2017,349,-13.67,-23.05,0,0.0595009482046445,75.8115,10.4427701417759,168.47,95.54,30141.47,-18.36
GP,2017-12-16,2017,350,-10.57,-21.51,4.65,0.0827225047709392,60.3495,8.3061075009348,134.11,109.52,30116.72,-16.04
GP,2017-12-17,2017,351,-13.82,-24.92,0,0.0655540530713237,80.91,11.128501875942,179.8,80.78,30096.66,-19.37
GP,2017-12-18,2017,352,-10.22,-21.99,1.48,0.0889137002054996,82.278,11.3108796902934,182.84,104.91,30081.29,-16.105
GP,2017-12-19,2017,353,-4.09,-11.04,5.16,0.0947333081055627,45.072,6.1939215593856,100.16,263.23,30070.64,-7.565
GP,2017-12-20,2017,354,-2.54,-13.95,3.28,0.150067082448963,60.2685,8.28063423408195,133.93,207.96,30064.71,-8.245
GP,2017-12-21,2017,355,-11.51,-23.89,0,0.0832618262849294,84.1545,11.5620031651275,187.01,88.65,30063.5,-17.7
GP,2017-12-22,2017,356,-12.27,-26.08,0,0.0837154447531659,86.715,11.9151896544765,192.7,72.67,30067.03,-19.175
GP,2017-12-23,2017,357,-6.92,-13.69,10.37,0.0765252045752814,44.487,6.1144725448152,98.86,212.39,30075.28,-10.305
GP,2017-12-24,2017,358,-6.22,-16.25,0,0.106876421921391,76.6575,10.5406594113938,170.35,171.8,30088.25,-11.235
GP,2017-12-25,2017,359,-10,-16.17,3.49,0.0573133372313377,41.364,5.6910287165364,91.92,173.05,30105.93,-13.085
GP,2017-12-26,2017,360,-11.7,-23.45,0,0.07958021599245,82.89,11.41281997659,184.2,92.2,30128.3,-17.575
GP,2017-12-27,2017,361,-19.51,-28.44,0,0.0367763086092587,72.7515,10.0258772163057,161.67,58.37,30155.34,-23.975
GP,2017-12-28,2017,362,-19.13,-25.79,0,0.0308511136402836,60.507,8.3472266726397,134.46,74.61,30187.03,-22.46
GP,2017-12-29,2017,363,-19.5,-27.47,0,0.0340895234868306,70.1685,9.6917197978503,155.93,63.89,30223.34,-23.485
GP,2017-12-30,2017,364,-18.81,-29.26,0,0.0429522649658058,82.2465,11.3753141152812,182.77,54.06,30264.24,-24.035
GP,2017-12-31,2017,365,-18.7,-26.59,0,0.0359926440893554,70.4205,9.75431550762765,156.49,69.35,30309.69,-22.645
GP,2018-01-01,2018,1,-17.3,-28.29,0,0.0498977766423055,77.454,10.7463317846742,172.12,59.2,30359.89,-22.795
GP,2018-01-02,2018,2,-20.18,-31.98,1.05,0.0413765912043345,81.126,11.2759968379752,180.28,41.69,30414.36,-26.08
GP,2018-01-03,2018,3,-12.23,-28.38,3.69,0.0910404767606975,69.714,9.7085667137148,154.92,58.73,30473.26,-20.305
GP,2018-01-04,2018,4,-6.84,-14.73,3.85,0.0863978944994688,46.836,6.5360547601956,104.08,194.94,30536.53,-10.785
GP,2018-01-05,2018,5,-16.35,-20.03,0,0.0238522307892687,32.328,4.5214238152944,71.84,124.56,30604.14,-18.19
GP,2018-01-06,2018,6,-18.44,-22.62,0,0.0226922422677028,36.648,5.1376615489872,81.44,99.23,30676.02,-20.53
GP,2018-01-07,2018,7,-17.08,-29.35,9.62,0.0541704252824298,65.1015,9.1491817706226,144.67,53.58,30752.12,-23.215
GP,2018-01-08,2018,8,-9.14,-20.6,10.33,0.0945889160648445,63.1935,8.90421255732915,140.43,118.54,30832.37,-14.87
GP,2018-01-09,2018,9,-4.73,-14.22,0,0.113999972660573,75.276,10.6357016572704,167.28,203.46,30916.72,-9.475
GP,2018-01-10,2018,10,-5.56,-22.11,0,0.15070196050249,100.1025,14.1838542639675,222.45,103.84,31005.1,-13.835
GP,2018-01-11,2018,11,2.83,-9.7,14.87,0.228168285498422,67.734,9.626040879831,150.52,292.82,31097.45,-3.435
GP,2018-01-12,2018,12,8.42,-3.28,25.78,0.311787587024018,64.5705,9.20485817186265,143.49,479.39,31193.69,2.57
GP,2018-01-13,2018,13,-14.45,-19.26,12.42,0.0341701373082327,34.1145,4.87879779909375,75.81,133.1,31293.75,-16.855
GP,2018-01-14,2018,14,-17.36,-29.92,0,0.0536997687805281,96.111,13.7906645634612,213.58,50.76,31397.56,-23.64
GP,2018-01-15,2018,15,-13.03,-31.18,0,0.0903570785044511,109.791,15.8074972165935,243.98,45.02,31505.05,-22.105
GP,2018-01-16,2018,16,-10.24,-22.03,0,0.0888559066647262,94.509,13.6552089919995,210.02,104.56,31616.15,-16.135
GP,2018-01-17,2018,17,-7.52,-23.37,0,0.128039367569931,107.82,15.634937109798,239.6,92.81,31730.77,-15.445
GP,2018-01-18,2018,18,-3.2,-10.34,0,0.102824610343478,67.0365,9.75711192892425,148.97,278.22,31848.85,-6.77
GP,2018-01-19,2018,19,-1.75,-8.37,0,0.106628303847145,63.531,9.282150440901,141.18,325.1,31970.3,-5.06
GP,2018-01-20,2018,20,3.85,-5.68,0,0.202572190475565,84.429,12.3835672439712,187.62,399.88,32095.04,-0.915
GP,2018-01-21,2018,21,-5.64,-13.4,0,0.0926076786158022,74.6955,10.999592851005,165.99,217.58,32223,-9.52
GP,2018-01-22,2018,22,-5.54,-12.03,12.92,0.0814566578777824,49.293,7.2883738237509,109.54,243.04,32354.09,-8.785
GP,2018-01-23,2018,23,-4.31,-9.77,12.76,0.0769853592095903,42.9525,6.37721362063125,95.45,291.24,32488.25,-7.04
GP,2018-01-24,2018,24,-6.66,-13.28,0,0.0765934805439283,69.1785,10.3143750660081,153.73,219.61,32625.38,-9.97
GP,2018-01-25,2018,25,-11.5,-21.29,0,0.0719529738787185,95.733,14.3348606495721,212.74,111.58,32765.41,-16.395
GP,2018-01-26,2018,26,-11.16,-27.36,0,0.0988958977938333,123.5925,18.5871685469085,274.65,64.55,32908.26,-19.26
GP,2018-01-27,2018,27,1.61,-19.18,0,0.276472806151261,130.167,19.6625246014134,289.26,134.04,33053.86,-8.785
GP,2018-01-28,2018,28,3.6,-7.45,0,0.220988349023632,104.625,15.87513714885,232.5,349.05,33202.12,-1.925
GP,2018-01-29,2018,29,-6.54,-17.9,0,0.113358748576158,109.8225,16.739477904672,244.05,149.5,33352.96,-12.22
GP,2018-01-30,2018,30,-7.8,-21.81,0,0.117417720454151,123.4485,18.9029135964564,274.33,106.61,33506.32,-14.805
GP,2018-01-31,2018,31,-11.51,-20.89,5.61,0.0698420000194517,75.906,11.677060007082,168.68,115.58,33662.1,-16.2
GP,2018-02-01,2018,32,-3.71,-14.71,3.82,0.135208704702364,84.6405,13.0819123164713,188.09,195.37,33820.25,-9.21
GP,2018-02-02,2018,33,-13.89,-20.2,0,0.0439795029119713,77.922,12.1006368785718,173.16,122.79,33980.67,-17.045
GP,2018-02-03,2018,34,-12.2,-30.45,6.6,0.0965128507759355,107.1675,16.7218730071223,238.15,48.3,34143.31,-21.325
GP,2018-02-04,2018,35,-3.87,-21.19,16.83,0.173849777362915,106.938,16.7665871878128,237.64,112.56,34308.08,-12.53
GP,2018-02-05,2018,36,-7.02,-14.79,0,0.084217269569502,91.4805,14.4127837594454,203.29,194.12,34474.91,-10.905
GP,2018-02-06,2018,37,-5.56,-19.79,1.7,0.139018102459651,136.5255,21.6149754389409,303.39,127.21,34643.74,-12.675
GP,2018-02-07,2018,38,-10.99,-26.53,6.62,0.0981114384936095,108.054,17.1916312042422,240.12,69.7,34814.49,-18.76
GP,2018-02-08,2018,39,-7.68,-23.26,0,0.125370559283773,145.026,23.188358982222,322.28,93.8,34987.1,-15.47
GP,2018-02-09,2018,40,-7.78,-25.37,0,0.132172828098485,152.6085,24.5223630414675,339.13,77.53,35161.5,-16.575
GP,2018-02-10,2018,41,-4.82,-17.48,5.21,0.136805625256365,101.2815,16.3562501499016,225.07,154.98,35337.63,-11.15
GP,2018-02-11,2018,42,-0.89,-13.16,9.98,0.175840431917406,100.755,16.3530829648935,223.9,221.84,35515.41,-7.025
GP,2018-02-12,2018,43,-3.16,-10.9,0,0.109491812854609,97.443,15.8954079184029,216.54,266.21,35694.79,-7.03
GP,2018-02-13,2018,44,-7.75,-24.38,0,0.128968343815476,158.805,26.0363965183335,352.9,84.78,35875.71,-16.065
GP,2018-02-14,2018,45,1.99,-12.21,0,0.233147656917318,149.58,24.64861763286,332.4,239.58,36058.1,-5.11
GP,2018-02-15,2018,46,0.53,-11.65,1.15,0.192614639749034,140.103,23.2046334474561,311.34,250.57,36241.91,-5.56
GP,2018-02-16,2018,47,-2.19,-10.16,0,0.119613612041452,106.794,17.7781846675464,237.32,282.21,36427.08,-6.175
GP,2018-02-17,2018,48,-5.65,-24.31,0,0.158558380519617,172.773,28.9090562348655,383.94,85.33,36613.55,-14.98
GP,2018-02-18,2018,49,2.31,-11.43,0,0.233551648346021,152.8875,25.7128955437613,339.75,255.06,36801.27,-4.56
GP,2018-02-19,2018,50,4.15,-12.37,4.17,0.292874951162271,125.208,21.1658017105008,278.24,236.49,36990.18,-4.11
GP,2018-02-20,2018,51,1.01,-1.39,10.03,0.0527632230486877,28.053,4.7665876543083,62.34,551.84,37180.23,-0.19
GP,2018-02-21,2018,52,5.27,-1.66,2.17,0.173780416709347,70.749,12.0830208465141,157.22,540.86,37371.37,1.805
GP,2018-02-22,2018,53,-3.8,-15.73,0,0.141605526674675,147.816,25.3749029952672,328.48,179.49,37563.56,-9.765
GP,2018-02-23,2018,54,-0.7,-19.99,2.55,0.228243874877219,138.105,23.829783220089,306.9,125.01,37756.74,-10.345
GP,2018-02-24,2018,55,2.75,-5.66,0,0.172106247928338,112.977,19.5942145977054,251.06,400.61,37950.86,-1.455
GP,2018-02-25,2018,56,-1.4,-12.37,6.61,0.158057134100263,108,18.8272805328,240,236.47,38145.88,-6.885
GP,2018-02-26,2018,57,4.49,-7.37,0,0.24525985152223,153.8685,26.9611221804192,341.93,351.32,38341.76,-1.44
GP,2018-02-27,2018,58,3.57,-9.95,0,0.25119734470569,168.219,29.6268508089135,373.82,287.01,38538.45,-3.19
GP,2018-02-28,2018,59,5.27,-9.74,11.08,0.298474301982695,134.595,23.8264253154765,299.1,291.92,38735.91,-2.235
GP,2018-03-01,2018,60,0,-3.39,4.06,0.0678428851870499,41.8815,7.45192467283095,93.07,475.69,38934.09,-1.695
GP,2018-03-02,2018,61,0.91,-4,0,0.0992164093211555,79.4295,14.2049869396106,176.51,454.46,39132.97,-1.545
GP,2018-03-03,2018,62,4.52,-2.39,0,0.165617715784466,109.7865,19.7340611919264,243.97,512.23,39332.48,1.065
GP,2018-03-04,2018,63,2.87,-1.3,0,0.0976415800646552,70.317,12.7037524357809,156.26,555.44,39532.61,0.785
GP,2018-03-05,2018,64,2.37,-4.84,0,0.149340633998681,120.681,21.9134040193827,268.18,426.33,39733.31,-1.235
GP,2018-03-06,2018,65,1.37,-5.82,0,0.139781369589381,124.8975,22.7939053459163,277.55,395.64,39934.55,-2.225
GP,2018-03-07,2018,66,-0.71,-3.61,0,0.0564710309713728,56.637,10.3885171009452,125.86,467.81,40136.28,-2.16
GP,2018-03-08,2018,67,-1.06,-3.3,5.5,0.0437787833010668,35.955,6.628191121188,79.9,478.66,40338.48,-2.18
GP,2018-03-09,2018,68,0.36,-4.19,3.1,0.0899465478098186,68.634,12.716015208318,152.52,447.82,40541.1,-1.915
GP,2018-03-10,2018,69,0.93,-3.62,2.42,0.0933682826370168,71.1,13.23886792851,158,467.34,40744.13,-1.345
GP,2018-03-11,2018,70,2.22,-4.07,1.38,0.132502898292827,131.355,24.5804770045485,291.9,452.06,40947.51,-0.925
GP,2018-03-12,2018,71,1.9,-4.73,0,0.135471759709517,140.94,26.505334407834,313.2,430.05,41151.23,-1.415
GP,2018-03-13,2018,72,0.55,-1.46,4.2,0.0435865087161258,38.412,7.2596162784816,85.36,548.89,41355.24,-0.455
GP,2018-03-14,2018,73,0.98,-2.03,6.56,0.0648431610324106,55.062,10.4577608263968,122.36,526.36,41559.52,-0.525
GP,2018-03-15,2018,74,2.06,-5.15,1.58,0.146327668342516,163.809,31.2648581216052,364.02,416.49,41764.04,-1.545
GP,2018-03-16,2018,75,-2.6,-10.21,0,0.112321574232654,176.292,33.8123258918388,391.76,281.17,41968.77,-6.405
GP,2018-03-17,2018,76,-7.59,-16.01,0,0.085890815192348,192.879,37.1742779024001,428.62,175.32,42173.67,-11.8
GP,2018-03-18,2018,77,-5.97,-20.32,0,0.135739909586572,240.849,46.6453955562903,535.22,121.42,42378.71,-13.145
GP,2018-03-19,2018,78,-2.58,-15.52,0,0.161974436552585,236.8665,46.0961943769314,526.37,182.66,42583.88,-9.05
GP,2018-03-20,2018,79,-2.29,-14.41,0,0.158624847506758,234.4095,45.8379160591189,520.91,200.28,42789.13,-8.35
GP,2018-03-21,2018,80,3.25,-12.77,0,0.271388447796371,250.641,49.2470943227028,556.98,229.01,42994.44,-4.76
GP,2018-03-22,2018,81,5.29,-8.16,0,0.279751605875666,240.732,47.5260323360472,534.96,330.5,43199.78,-1.435
GP,2018-03-23,2018,82,5.18,-9.14,0,0.288733617246104,245.7315,48.7436327410001,546.07,305.95,43405.11,-1.98
GP,2018-03-24,2018,83,0.45,-5.42,0,0.11201385003756,150.912,30.0767041628928,335.36,407.92,43610.42,-2.485
GP,2018-03-25,2018,84,3.4,-6.55,0,0.202703159018941,221.7825,44.4091981612118,492.85,374.34,43815.67,-1.575
GP,2018-03-26,2018,85,5.64,-9.22,0,0.303888765448876,255.132,51.3262410255216,566.96,304.15,44020.84,-1.79
GP,2018-03-27,2018,86,7.58,-7.85,1.81,0.351730310293074,257.967,52.1382963678372,573.26,338.46,44225.88,-0.135
GP,2018-03-28,2018,87,5.44,-0.19,2.45,0.148208720378302,112.1085,22.7634812153091,249.13,602.39,44430.78,2.625
GP,2018-03-29,2018,88,7.3,0.4,6.45,0.196526074355248,134.388,27.4130395147116,298.64,628.63,44635.51,3.85
GP,2018-03-30,2018,89,7.52,-2.65,6.44,0.26754013558417,173.817,35.6183948899107,386.26,502.43,44840.03,2.435
GP,2018-03-31,2018,90,5.51,-7.63,0,0.279673493608704,256.536,52.8085760934312,570.08,344.36,45044.31,-1.06
GP,2018-04-01,2018,91,2.93,-2.3,0,0.119062868273023,145.7235,30.1334147265704,323.83,515.9,45248.33,0.315
GP,2018-04-02,2018,92,1.9,-10.9,0,0.217676336734753,258.111,53.6137387387308,573.58,266.07,45452.04,-4.5
GP,2018-04-03,2018,93,4.26,-5.64,8.1,0.21357661372609,171.891,35.8642518578541,381.98,401.22,45655.43,-0.69
GP,2018-04-04,2018,94,-0.68,-5.03,10.54,0.0810377311015186,93.2265,19.5377681453873,207.17,420.17,45858.45,-2.855
GP,2018-04-05,2018,95,-4.13,-12.87,0,0.112197856066488,220.1085,46.3326489882126,489.13,227.06,46061.08,-8.5
GP,2018-04-06,2018,96,3.12,-18.65,4.41,0.312197398042718,215.991,45.6655061448936,479.98,140.33,46263.28,-7.765
GP,2018-04-07,2018,97,3.24,-3.69,3.01,0.152872981315454,132.2865,28.0903895023181,293.97,465.1,46465.01,-0.225
GP,2018-04-08,2018,98,0.28,-14.41,0,0.212022469804449,271.7595,57.9567252246188,603.91,200.29,46666.25,-7.065
GP,2018-04-09,2018,99,1.32,-15.83,0,0.247411985108125,281.835,60.3639731193525,626.3,178.04,46866.95,-7.255
GP,2018-04-10,2018,100,2.97,-14.25,0,0.276891383343874,281.196,60.4842910484976,624.88,202.92,47067.08,-5.64
GP,2018-04-11,2018,101,5.11,-5.65,0,0.239010344054387,228.843,49.432001585166,508.54,400.93,47266.6,-0.27
GP,2018-04-12,2018,102,5.78,-5.81,6.39,0.262444518101679,177.3495,38.4701565889661,394.11,395.96,47465.47,-0.015
GP,2018-04-13,2018,103,8.39,0.23,0,0.239798176243557,181.9665,39.6364755003723,404.37,620.84,47663.66,4.31
GP,2018-04-14,2018,104,-0.73,-7.84,0,0.120707376188575,167.3775,36.609696980496,371.95,338.72,47861.12,-4.285
GP,2018-04-15,2018,105,-0.76,-10.7,3.19,0.15428142931859,163.557,35.9210739218769,363.46,270.42,48057.81,-5.73
GP,2018-04-16,2018,106,1.12,-3.63,17.59,0.0980378165104792,87.966,19.3982063120478,195.48,466.99,48253.69,-1.255
GP,2018-04-17,2018,107,2.92,-0.4,8.63,0.0802479944538587,64.998,14.3912464842906,144.44,593.04,48448.71,1.26
GP,2018-04-18,2018,108,5.89,-0.29,3.63,0.164750182075934,115.974,25.7807625985512,257.72,597.89,48642.84,2.8
GP,2018-04-19,2018,109,5.97,-2.21,0.56,0.206596990575039,198.0765,44.2068343739721,440.17,519.36,48836.02,1.88
GP,2018-04-20,2018,110,8.07,0.31,0,0.225988354486258,192.7035,43.176938032409,428.23,624.64,49028.21,4.19
GP,2018-04-21,2018,111,10.35,-2.7,0,0.377481295638804,266.8095,60.0141090486803,592.91,500.63,49219.35,3.825
GP,2018-04-22,2018,112,12.21,-3.96,0,0.482248449163994,287.487,64.9148531507019,638.86,455.66,49409.41,4.125
GP,2018-04-23,2018,113,14.21,-5.73,0,0.619239842951827,299.5065,67.8874378768956,665.57,389.05,49598.32,4.24
GP,2018-04-24,2018,114,17.11,-2.99,0,0.764531791341226,297.936,67.7870550134208,662.08,454.37,49786.04,7.06
GP,2018-04-25,2018,115,12.39,2.35,15.24,0.356667488217394,167.571,38.2689216725697,372.38,723.19,49972.51,7.37
GP,2018-04-26,2018,116,9.99,4.62,10.61,0.187714467629841,102.8655,23.5788913824228,228.59,849.27,50157.68,7.305
GP,2018-04-27,2018,117,12.49,-1.06,2.42,0.440633364264964,200.484,46.12348035702,445.52,565.09,50341.5,5.715
GP,2018-04-28,2018,118,11.23,4.01,10.45,0.258323670736066,131.076,30.2646851837748,291.28,813.64,50523.89,7.62
GP,2018-04-29,2018,119,6.02,2.45,35.12,0.103483960167751,71.631,16.5984056401527,159.18,728.45,50704.81,4.235
GP,2018-04-30,2018,120,9.19,3.55,6.24,0.18668402727608,110.1015,25.603090230591,244.67,787.59,50884.2,6.37
GP,2018-05-01,2018,121,13.92,2.87,0,0.418525202537965,241.713,56.4045137788518,537.14,750.35,51061.98,8.395
GP,2018-05-02,2018,122,23.31,2.81,7.82,1.054869166356,220.761,51.6929901558147,490.58,747.2,51238.11,13.06
GP,2018-05-03,2018,123,8.81,5.11,8.18,0.126275468926289,73.1565,17.1885012885666,162.57,878.74,51412.52,6.96
GP,2018-05-04,2018,124,10.73,0.72,10.21,0.32181453416345,170.262,40.1382524365542,378.36,643.58,51585.13,5.725
GP,2018-05-05,2018,125,18.64,4.45,0,0.652359421980254,265.932,62.8994113414236,590.96,839.05,51755.89,11.545
GP,2018-05-06,2018,126,17.01,3.72,0,0.568625571041438,262.2645,62.2343090289708,582.81,797.31,51924.72,10.365
GP,2018-05-07,2018,127,14.11,-0.49,0,0.509201025274239,274.9365,65.4509513197458,610.97,589.06,52091.56,6.81
GP,2018-05-08,2018,128,21.62,-2.01,0,1.03553997806432,303.9975,72.5980910065155,675.55,517.19,52256.34,9.805
GP,2018-05-09,2018,129,21.87,4.83,0,0.890642498081692,280.5255,67.2012128231343,623.39,848.86,52418.98,13.35
GP,2018-05-10,2018,130,22.47,3.84,6.52,0.955570435529787,215.1045,51.6870093814367,478.01,803.81,52579.41,13.155
GP,2018-05-11,2018,131,9.9,-0.36,0,0.311788158256085,226.1295,54.4996072641533,502.51,594.72,52737.55,4.77
GP,2018-05-12,2018,132,16.97,-3.89,0,0.736388228510591,300.429,72.6204818494755,667.62,457.99,52893.35,6.54
GP,2018-05-13,2018,133,20.17,-0.22,0,0.895767401200939,294.777,71.460848182563,655.06,583.92,53046.7,9.975
GP,2018-05-14,2018,134,25.98,0.52,0,1.40310652167539,301.59,73.320390407565,670.2,589.71,53197.55,13.25
GP,2018-05-15,2018,135,18.74,6.72,0,0.58757684459176,226.0305,55.1040654195207,502.29,982,53345.82,12.73
GP,2018-05-16,2018,136,17.06,-1.62,0,0.699671704095728,283.383,69.2746149675402,629.74,542.29,53491.42,7.72
GP,2018-05-17,2018,137,12.88,5.6,0,0.28703098411497,149.229,36.5773201634484,331.62,908.95,53634.28,9.24
GP,2018-05-18,2018,138,16.05,-2.49,0,0.656170071593273,279.6975,68.735280907674,621.55,508.57,53774.32,6.78
GP,2018-05-19,2018,139,22.04,0.09,13.49,1.01516676830144,216.1665,53.2581018946713,480.37,614.8,53911.46,11.065
GP,2018-05-20,2018,140,18.94,9,0,0.518381755704125,179.721,44.3890172251314,399.38,1147.13,54045.62,13.97
GP,2018-05-21,2018,141,24.03,2.28,0,1.15762054480989,283.0905,70.0897004219412,629.09,693.94,54176.72,13.155
GP,2018-05-22,2018,142,25.48,4.41,0,1.25250097954741,277.074,68.7621287841642,615.72,792.38,54304.69,14.945
GP,2018-05-23,2018,143,20.07,7.74,0,0.64447143472788,209.2725,52.0549638058148,465.05,1053.59,54429.43,13.905
GP,2018-05-24,2018,144,22.15,2.11,0,1.0006803035583,275.553,68.6946925622169,612.34,686.22,54550.89,12.13
GP,2018-05-25,2018,145,30.51,9.58,16.29,1.58374723358383,198.5445,49.6038005457341,441.21,1193.45,54668.97,20.045
GP,2018-05-26,2018,146,22.46,12.84,0,0.615469069001738,161.667,40.475120193684,359.26,1480.99,54783.6,17.65
GP,2018-05-27,2018,147,19.47,6.67,5.01,0.639115928362464,156.654,39.2996048645538,348.12,979,54894.71,13.07
GP,2018-05-28,2018,148,20.61,10.79,4.88,0.563462422648886,123.9255,31.1499260353724,275.39,1294.23,55002.21,15.7
GP,2018-05-29,2018,149,23.63,12.27,0,0.741723109098909,180.3645,45.422013974063,400.81,1427.12,55106.03,17.95
GP,2018-05-30,2018,150,26.7,5.96,0,1.31919838736679,260.739,65.782331717103,579.42,894.97,55206.1,16.33
GP,2018-05-31,2018,151,31.11,12.64,0,1.57814349791416,235.701,59.5691237318895,523.78,1409.2,55302.35,21.875
GP,2018-06-01,2018,152,28.03,18.26,12.45,0.839670646667616,109.1745,27.6379372454355,242.61,2097.21,55394.7,23.145
GP,2018-06-02,2018,153,23.06,10.56,0,0.768824935172717,186.8445,47.3758656574378,415.21,1274.54,55483.09,16.81
GP,2018-06-03,2018,154,19.14,4.16,3.32,0.694524889482677,162.909,41.3696403440685,362.02,822.45,55567.45,11.65
GP,2018-06-04,2018,155,9.68,7.47,21.65,0.082575325624817,35.0505,8.91369387125235,77.89,1034.11,55647.71,8.575
GP,2018-06-05,2018,156,15.58,7.46,3.9,0.366403046016095,101.223,25.7772322996002,224.94,1033.19,55723.82,11.52
GP,2018-06-06,2018,157,18.91,7.98,0,0.554669446004413,173.3265,44.1958993409696,385.17,1070.55,55795.71,13.445
GP,2018-06-07,2018,158,19.83,7,0,0.653379769562255,198.414,50.6541760193736,440.92,1001.45,55863.32,13.415
GP,2018-06-08,2018,159,22,8.47,0.88,0.764909958099214,203.814,52.0917212337678,452.92,1107.39,55926.61,15.235
GP,2018-06-09,2018,160,20.94,6.59,0,0.749097319912289,193.0005,49.3799164221132,428.89,973.73,55985.52,13.765
GP,2018-06-10,2018,161,19.39,5.11,0,0.683900367974481,193.14,49.463685965502,429.2,878.61,56039.99,12.25
GP,2018-06-11,2018,162,23.12,2.78,0,1.03907007555556,230.571,59.1025536352053,512.38,745.9,56089.99,12.95
GP,2018-06-12,2018,163,27.87,4.91,0,1.43907119372079,236.052,60.5565779250672,524.56,866.49,56135.48,16.39
GP,2018-06-13,2018,164,27.2,11.32,20.92,1.12979876875217,149.148,38.2901983379676,331.44,1340.02,56176.41,19.26
GP,2018-06-14,2018,165,15.27,10.03,0.24,0.250208145960134,84.06,21.59436400605,186.8,1229.92,56212.75,12.65
GP,2018-06-15,2018,166,26.19,7.07,0,1.19285094739863,223.245,57.3822759425355,496.1,1006.46,56244.47,16.63
GP,2018-06-16,2018,167,28.98,11.22,0,1.33098540610218,209.304,53.8248129252912,465.12,1331.2,56271.54,20.1
GP,2018-06-17,2018,168,27.86,11.14,10.23,1.20886710768779,152.9865,39.3578127327717,339.97,1323.91,56293.94,19.5
GP,2018-06-18,2018,169,24.92,17.62,7.47,0.564743172775982,80.613,20.7452912594265,179.14,2014.12,56311.65,21.27
GP,2018-06-19,2018,170,23.47,11.43,0,0.766574557719735,170.478,43.881659529939,378.84,1349.9,56324.65,17.45
GP,2018-06-20,2018,171,25.41,8.74,1.87,1.05535545817394,210.87,54.286687017387,468.6,1127.79,56332.93,17.075
GP,2018-06-21,2018,172,19.76,5.81,0,0.687894778528435,197.334,50.8051694737062,438.52,922.58,56336.49,12.785
GP,2018-06-22,2018,173,24.11,4.45,0,1.0793750901791,230.1075,59.241730986333,511.35,838.9,56335.32,14.28
GP,2018-06-23,2018,174,23.89,8.63,0.94,0.919019607317392,203.247,52.3209503142018,451.66,1119.25,56329.42,16.26
GP,2018-06-24,2018,175,19.83,12.92,0.82,0.40934668479715,111.8925,28.79854657353,248.65,1488.75,56318.8,16.375
GP,2018-06-25,2018,176,22.33,8.04,0,0.807855625676909,199.1295,51.2373768599799,442.51,1075.33,56303.46,15.185
GP,2018-06-26,2018,177,24.22,5.73,0,1.04974070397019,225.216,57.9289953969216,500.48,917.52,56283.43,14.975
GP,2018-06-27,2018,178,26.55,8.3,3.32,1.18567530677167,164.4075,42.2695471599653,365.35,1094.02,56258.71,17.425
GP,2018-06-28,2018,179,22.41,16.13,1.12,0.435462733841212,96.705,24.8500941244605,214.9,1832.03,56229.33,19.27
GP,2018-06-29,2018,180,28.9,13.69,5.38,1.20392863586937,147.1275,37.784197630881,326.95,1566.02,56195.32,21.295
GP,2018-06-30,2018,181,28.25,16.14,2.83,0.995962072519394,126.828,32.548645700532,281.84,1833.93,56156.7,22.195
GP,2018-07-01,2018,182,26.72,17.39,0,0.756587177085169,137.835,35.346227525325,306.3,1984.89,56113.5,22.055
GP,2018-07-02,2018,183,33.35,17.06,4.67,1.58820038760232,147.3345,37.7501294085971,327.41,1944.34,56065.77,25.205
GP,2018-07-03,2018,184,31.48,17.26,0,1.31928272278453,183.3975,46.9464448150913,407.55,1968.93,56013.55,24.37
GP,2018-07-04,2018,185,32.93,17.2,0,1.52047541735765,190.4445,48.7010190482276,423.21,1960.98,55956.87,25.065
GP,2018-07-05,2018,186,33.91,16.11,6.32,1.72724715610839,151.2315,38.6311430358095,336.07,1829.99,55895.79,25.01
GP,2018-07-06,2018,187,20.37,13.5,0,0.419689529931116,105.2955,26.8655887062022,233.99,1546.3,55830.35,16.935
GP,2018-07-07,2018,188,26.9,6.11,0,1.2980303966271,229.0455,58.3667457657404,508.99,941.68,55760.61,16.505
GP,2018-07-08,2018,189,28.51,12.56,0,1.21589864346062,196.6635,50.0484719571309,437.03,1453.98,55686.62,20.535
GP,2018-07-09,2018,190,31.29,13.01,3.2,1.53033531841321,155.5065,39.5189556081102,345.57,1498.16,55608.44,22.15
GP,2018-07-10,2018,191,24.91,14.11,0,0.766691225086926,150.282,38.1347277276636,333.96,1609.19,55526.14,19.51
GP,2018-07-11,2018,192,23.89,7.14,0,0.973476982537967,209.232,53.0109765437472,464.96,1010.9,55439.78,15.515
GP,2018-07-12,2018,193,26.96,13.79,0,0.98645987840129,176.562,44.6608016237628,392.36,1575.84,55349.42,20.375
GP,2018-07-13,2018,194,28.25,11.65,5.24,1.22857371102866,152.6625,38.5497153161662,339.25,1369.93,55255.13,19.95
GP,2018-07-14,2018,195,23.96,16.53,3,0.543811730961112,81.5625,20.5592471983125,181.25,1880.12,55156.98,20.245
GP,2018-07-15,2018,196,28.47,17.11,0,0.961931794532823,155.1735,39.0418904499408,344.83,1950.8,55055.04,22.79
GP,2018-07-16,2018,197,29.44,12.99,2.7,1.30241301609881,150.993,37.9171608259338,335.54,1495.71,54949.38,21.215
GP,2018-07-17,2018,198,27.48,17.71,8.5,0.81605243889834,104.3595,26.1544955816623,231.91,2025.49,54840.09,22.595
GP,2018-07-18,2018,199,23.28,10.67,0,0.783247438072122,176.9535,44.2566711779139,393.23,1283.63,54727.22,16.975
GP,2018-07-19,2018,200,26.41,8.36,0,1.16876527051674,215.1,53.68286748609,478,1098.91,54610.87,17.385
GP,2018-07-20,2018,201,29.59,11.42,0,1.39329553416063,210.537,52.4288443551399,467.86,1349.38,54491.11,20.505
GP,2018-07-21,2018,202,30.38,13.96,0,1.36762235844916,196.6725,48.8656044815333,437.05,1593.1,54368.01,22.17
GP,2018-07-22,2018,203,24.4,14.15,2.79,0.717142896107624,110.4615,27.3816811262313,245.47,1613.61,54241.66,19.275
GP,2018-07-23,2018,204,26.64,16.89,2.78,0.779676138290528,104.2695,25.78505845739,231.71,1922.71,54112.13,21.765
GP,2018-07-24,2018,205,27.24,21.48,4.82,0.5230469111333,62.163,15.334761399345,138.14,2559.72,53979.5,24.36
GP,2018-07-25,2018,206,24.96,20.18,32.78,0.393077566295463,54.3465,13.3728473086942,120.77,2363.81,53843.85,22.57
GP,2018-07-26,2018,207,26.67,18.62,4.3,0.670907104397255,90.3915,22.1850646033469,200.87,2145.09,53705.27,22.645
GP,2018-07-27,2018,208,27.02,15.06,0,0.925028484308617,170.685,41.781410618319,379.3,1710.85,53563.82,21.04
GP,2018-07-28,2018,209,25.89,13.22,14.22,0.906389014405887,133.326,32.5485465714738,296.28,1518.65,53419.59,19.555
GP,2018-07-29,2018,210,25.21,15.69,0,0.708462544364492,143.5995,34.9601679422919,319.11,1781.82,53272.66,20.45
GP,2018-07-30,2018,211,26.64,12.51,0,1.01604870399456,190.3995,46.2237840717737,423.11,1450.07,53123.11,19.575
GP,2018-07-31,2018,212,28.08,14.72,0,1.05720186658822,179.865,43.5412723613805,399.7,1674.16,52971.01,21.4
GP,2018-08-01,2018,213,26.1,16.37,0,0.756147705230642,144.315,34.8334681462065,320.7,1860.39,52816.43,21.235
GP,2018-08-02,2018,214,27.13,18.3,4.55,0.73986770950865,98.775,23.770572398055,219.5,2102.72,52659.46,22.715
GP,2018-08-03,2018,215,26.5,17.73,0,0.711819297777045,133.551,32.0423274307719,296.78,2028.6,52500.17,22.115
GP,2018-08-04,2018,216,26.94,17.08,0,0.797927198284412,149.067,35.6549757033816,331.26,1947.11,52338.64,22.01
GP,2018-08-05,2018,217,28.98,16.85,0,1.03703857122537,169.623,40.4448114518523,376.94,1918,52174.93,22.915
GP,2018-08-06,2018,218,29.52,19.39,5.19,0.934141519304019,111.303,26.4546889375023,247.34,2249.84,52009.13,24.455
GP,2018-08-07,2018,219,27.5,18.35,3.34,0.775810350623842,105.7815,25.0611918408769,235.07,2109.38,51841.29,22.925
GP,2018-08-08,2018,220,26.29,17.13,0,0.728440812547946,145.359,34.3248866451387,323.02,1953.06,51671.49,21.71
GP,2018-08-09,2018,221,26.32,15.8,4.25,0.811674559341054,121.4865,28.592349720772,269.97,1793.77,51499.81,21.06
GP,2018-08-10,2018,222,25.17,12.49,0,0.872512818792837,186.822,43.821190825002,415.16,1447.4,51326.3,18.83
GP,2018-08-11,2018,223,27.43,12.87,0,1.08196487001744,197.2845,46.11726557762,438.41,1484.16,51151.03,20.15
GP,2018-08-12,2018,224,28.77,13.81,0,1.18298601461875,197.4195,45.9891686345081,438.71,1578.16,50974.07,21.29
GP,2018-08-13,2018,225,29.43,14.36,0,1.23141190022029,194.8275,45.226348655229,432.95,1635.1,50795.48,21.895
GP,2018-08-14,2018,226,28.71,16.98,0,0.99719699155285,167.364,38.7133112918484,371.92,1934.76,50615.33,22.845
GP,2018-08-15,2018,227,25.13,13.71,3.75,0.807815485576478,128.1735,29.5416682079746,284.83,1568.24,50433.67,19.42
GP,2018-08-16,2018,228,22.36,11.18,0,0.684218734918504,171.477,39.3788536529373,381.06,1327.42,50250.57,16.77
GP,2018-08-17,2018,229,20.69,9.66,20.78,0.616849973328919,128.7405,29.4560820271368,286.09,1199.86,50066.08,15.175
GP,2018-08-18,2018,230,24.85,13.49,0,0.793195793154749,170.829,38.9409390485325,379.62,1545.36,49880.25,19.17
GP,2018-08-19,2018,231,25.43,12.82,0,0.881086381554729,182.4525,41.434550626293,405.45,1479.52,49693.16,19.125
GP,2018-08-20,2018,232,26.74,11.28,0,1.08345659371914,200.043,45.2571519561084,444.54,1336.58,49504.84,19.01
GP,2018-08-21,2018,233,25.36,13.47,0,0.842486653777122,174.4245,39.3102500659628,387.61,1543.4,49315.35,19.415
GP,2018-08-22,2018,234,21.29,14.54,7.79,0.43525238925758,86.4855,19.4160040471913,192.19,1654.11,49124.75,17.915
GP,2018-08-23,2018,235,23.97,10.49,0,0.851702717016872,187.236,41.8704961426416,416.08,1268.05,48933.08,17.23
GP,2018-08-24,2018,236,26.53,13.42,0,0.960304849624529,177.741,39.590675184348,394.98,1538.92,48740.4,19.975
GP,2018-08-25,2018,237,27.65,13.99,0,1.0487569856336,178.1955,39.5342044770519,395.99,1597.09,48546.74,20.82
GP,2018-08-26,2018,238,23.59,16.61,3.54,0.507189833566597,82.377,18.2027938913424,183.06,1888.82,48352.16,20.1
GP,2018-08-27,2018,239,26.19,16.68,0,0.74622138442756,140.346,30.8868094109862,311.88,1897.81,48156.71,21.435
GP,2018-08-28,2018,240,28.93,18.48,3.44,0.926984697077957,109.053,23.9021405079282,242.34,2125.9,47960.42,23.705
GP,2018-08-29,2018,241,24.84,14.32,12.13,0.748752081831129,114.705,25.0376364321975,254.9,1631.57,47763.35,19.58
GP,2018-08-30,2018,242,19.62,8.18,0,0.596491201326649,168.66,36.662370756624,374.8,1085.32,47565.52,13.9
GP,2018-08-31,2018,243,21.95,6.66,0,0.825795039534528,192.726,41.7188468523618,428.28,978.26,47366.99,14.305
GP,2018-09-01,2018,244,24.72,13.98,0,0.756093598935862,151.668,32.6930687879004,337.04,1595.31,47167.79,19.35
GP,2018-09-02,2018,245,22.04,17.73,23.48,0.306861723888775,51.273,11.0054201337756,113.94,2028.15,46967.96,19.885
GP,2018-09-03,2018,246,26.7,18.35,6.6,0.692249410830309,90.567,19.3566769228845,201.26,2108.88,46767.55,22.525
GP,2018-09-04,2018,247,24.84,13.44,0,0.794482612661961,156.924,33.3948748082076,348.72,1540.63,46566.57,19.14
GP,2018-09-05,2018,248,27.73,15.46,3.86,0.978383546371724,119.0385,25.22288460046,264.53,1755.38,46365.09,21.595
GP,2018-09-06,2018,249,23.72,9.98,0,0.850394978172384,173.862,36.6788765283408,386.36,1225.97,46163.12,16.85
GP,2018-09-07,2018,250,21.56,6.92,0,0.786268327155667,180.162,37.841298364638,400.36,995.62,45960.7,14.24
GP,2018-09-08,2018,251,15.42,4.31,0,0.45882381244384,157.1355,32.8591562020218,349.19,830.72,45757.88,9.865
GP,2018-09-09,2018,252,16.14,3.07,0,0.534907122605545,171.963,35.8000899676497,382.14,761.13,45554.67,9.605
GP,2018-09-10,2018,253,17.73,4.23,0,0.599207872622693,172.7145,35.7958777896468,383.81,826.27,45351.12,10.98
GP,2018-09-11,2018,254,17.56,11.29,11.62,0.331983991239566,72.153,14.8868185486725,160.34,1337.71,45147.25,14.425
GP,2018-09-12,2018,255,23.15,11.43,0,0.738494266370463,153.666,31.561454669022,341.48,1350.38,44943.1,17.29
GP,2018-09-13,2018,256,25.41,10.59,0,0.980820099235941,170.8965,34.9407828976235,379.77,1276.74,44738.69,18.0
GP,2018-09-14,2018,257,27.16,11.68,0,1.10930987157105,170.3115,34.6619156810189,378.47,1372.41,44534.07,19.42
GP,2018-09-15,2018,258,27.4,12.5,0,1.09660431664085,164.8305,33.3921328605113,366.29,1448.57,44329.25,19.95
GP,2018-09-16,2018,259,25.34,14.89,0,0.765718206312567,132.381,26.6943524899959,294.18,1692.47,44124.27,20.115
GP,2018-09-17,2018,260,28.46,14.11,0,1.13231985143758,156.8745,31.486376102134,348.61,1609.12,43919.17,21.285
GP,2018-09-18,2018,261,20.44,8.76,0,0.633593590138235,146.538,29.274299459307,325.64,1129.27,43713.95,14.6
GP,2018-09-19,2018,262,14.53,7.85,0,0.294451341033857,98.0055,19.4868865366204,217.79,1061.38,43508.67,11.19
GP,2018-09-20,2018,263,16.96,7.08,0,0.460527851077598,133.4385,26.4069805970763,296.53,1006.99,43303.34,12.02
GP,2018-09-21,2018,264,19.74,8.33,31.93,0.599205124175721,106.938,21.06227963268,237.64,1096.67,43098,14.035
GP,2018-09-22,2018,265,17.57,3.43,0,0.611738124699639,162.2295,31.8001531973742,360.51,781,42892.68,10.5
GP,2018-09-23,2018,266,11.21,0.82,0,0.340301998427252,138.141,26.9487358508943,306.98,648.26,42687.39,6.015
GP,2018-09-24,2018,267,12.07,-1.52,0,0.430158812103343,160.4025,31.1411127999465,356.45,546.51,42482.18,5.275
GP,2018-09-25,2018,268,13.13,4.5,9.46,0.332721789332701,87.309,16.8686409801591,194.02,841.99,42277.07,8.815
GP,2018-09-26,2018,269,21.63,8.08,8.32,0.750310462825923,111.6675,21.4702489530427,248.15,1078.08,42072.09,14.855
GP,2018-09-27,2018,270,16.4,3.78,0,0.53044609939717,145.6605,27.8697288486708,323.69,800.42,41867.28,10.09
GP,2018-09-28,2018,271,19.18,9.08,0,0.531581058743154,122.0805,23.2439209449953,271.29,1153.5,41662.65,14.13
GP,2018-09-29,2018,272,14.93,7.03,3.94,0.34473844084116,76.851,14.5605134263275,170.78,1003.79,41458.25,10.98
GP,2018-09-30,2018,273,11.65,3.54,0,0.290276611588058,107.4195,20.2519263038504,238.71,787.21,41254.09,7.595
GP,2018-10-01,2018,274,13.29,2.4,0,0.39888549954637,131.805,24.726552809247,292.9,725.82,41050.22,7.845
GP,2018-10-02,2018,275,9.84,5.88,1.62,0.142973970916553,55.287,10.3203845884053,122.86,926.72,40846.67,7.86
GP,2018-10-03,2018,276,10.91,7.6,0,0.128985244866059,46.6155,8.6583915080091,103.59,1043.64,40643.46,9.255
GP,2018-10-04,2018,277,19.95,2.89,4.43,0.786990294434136,116.5545,21.5408659606609,259.01,751.89,40440.63,11.42
GP,2018-10-05,2018,278,9.17,-0.84,0,0.292590066945874,121.7745,22.3929447196577,270.61,574.56,40238.21,4.165
GP,2018-10-06,2018,279,10.36,2.48,0,0.262786228235776,100.7595,18.4355240659596,223.91,730.14,40036.24,6.42
GP,2018-10-07,2018,280,8.39,4.92,0,0.116383764043437,49.0365,8.92684020297375,108.97,867.01,39834.75,6.655
GP,2018-10-08,2018,281,9.14,4.11,7.77,0.169107548463742,51.993,9.4173012184977,115.54,819.02,39633.77,6.625
GP,2018-10-09,2018,282,23.2,6.99,4.94,0.918085942710687,108.207,19.5000277807665,240.46,1000.87,39433.35,15.095
GP,2018-10-10,2018,283,16.38,5.73,9.63,0.47075079362958,90.558,16.2367946060112,201.24,917.24,39233.52,11.055
GP,2018-10-11,2018,284,7.3,5.26,21.48,0.0666922200872384,23.3055,4.1573945555532,51.79,887.75,39034.32,6.28
GP,2018-10-12,2018,285,10.06,1.58,0.56,0.27331663593013,105.282,18.6853982561172,233.96,684.46,38835.78,5.82
GP,2018-10-13,2018,286,7.32,0.81,0,0.187656604888861,86.571,15.2863116803865,192.38,647.64,38637.95,4.065
GP,2018-10-14,2018,287,11.1,0.31,0,0.347329288459477,123.2595,21.6535850400461,273.91,624.69,38440.87,5.705
GP,2018-10-15,2018,288,11.33,3.54,8.15,0.276285068996707,74.106,12.9520751171994,164.68,786.88,38244.57,7.435
GP,2018-10-16,2018,289,6.92,2.44,0,0.133344744741314,62.469,10.8623866263363,138.82,728.21,38049.11,4.68
GP,2018-10-17,2018,290,8.18,-0.35,2.11,0.244840849763203,80.424,13.9129661336904,178.72,595.22,37854.53,3.915
GP,2018-10-18,2018,291,3.97,-2.05,0,0.142820764049811,83.025,14.2894473540975,184.5,525.62,37660.87,0.96
GP,2018-10-19,2018,292,12.75,-0.73,0,0.446027639867794,130.8285,22.4017094471841,290.73,579.02,37468.18,6.01
GP,2018-10-20,2018,293,11.46,0.65,2.7,0.355342459007937,88.0785,15.0044899979925,195.73,640.36,37276.5,6.055
GP,2018-10-21,2018,294,4.07,-1.86,0,0.142144338724995,78.4215,13.2910768143045,174.27,532.86,37085.9,1.105
GP,2018-10-22,2018,295,3.92,-3.76,0,0.172923369622733,96.8715,16.334137929582,215.27,462.73,36896.4,0.08
GP,2018-10-23,2018,296,6.45,-4.41,0,0.261850794215549,117.3285,19.6825511167596,260.73,440.49,36708.08,1.02
GP,2018-10-24,2018,297,7.42,-2.12,4.03,0.253879297089461,81.297,13.5685370122713,180.66,522.62,36520.97,2.65
GP,2018-10-25,2018,298,2.07,-1.75,0,0.0859812330771694,52.5105,8.7194520061929,116.69,537.33,36335.14,0.16
GP,2018-10-26,2018,299,4.03,-6.3,0,0.216728055638665,112.8285,18.6402187575468,250.73,381.59,36150.64,-1.135
GP,2018-10-27,2018,300,3.9,-7.23,5.65,0.226406145934774,96.6645,15.8888952802728,214.81,355.05,35967.52,-1.665
GP,2018-10-28,2018,301,2.25,-0.12,9.86,0.056523779012011,28.3815,4.6415496821463,63.07,605.37,35785.86,1.065
GP,2018-10-29,2018,302,5.01,1.25,2.62,0.101862476938961,42.3585,6.89249054278305,94.13,668.52,35605.69,3.13
GP,2018-10-30,2018,303,4.49,-1.63,0.93,0.149684150539674,78.0075,12.6295547649098,173.35,542.06,35427.09,1.43
GP,2018-10-31,2018,304,2.2,-2.16,4.46,0.0974492696366069,44.2035,7.12087858504935,98.23,521.16,35250.13,0.02
GP,2018-11-01,2018,305,5.2,1.29,0,0.106565714637701,52.011,8.3369505667095,115.58,670.58,35074.85,3.245
GP,2018-11-02,2018,306,3.94,0.94,11.88,0.0776916888411316,30.258,4.8261231051498,67.24,653.89,34901.33,2.44
GP,2018-11-03,2018,307,4.71,1.45,23.54,0.0880779540826978,33.4305,5.30590205341755,74.29,678.11,34729.63,3.08
GP,2018-11-04,2018,308,5.41,-2.53,0,0.194902896502538,91.98,14.527171953252,204.4,507.25,34559.82,1.44
GP,2018-11-05,2018,309,2.33,-3.64,7.95,0.127862592912729,56.6685,8.90666197838865,125.93,466.92,34391.97,-0.655
GP,2018-11-06,2018,310,8.88,0.37,8.51,0.254932135704169,68.6295,10.7345806757122,152.51,627.4,34226.15,4.625
GP,2018-11-07,2018,311,9.86,5.14,1.67,0.166778357046529,57.78,8.994341328678,128.4,880.56,34062.43,7.5
GP,2018-11-08,2018,312,6.8,1.18,0.24,0.160900875018695,69.0345,10.6953094726452,153.41,665.24,33900.88,3.99
GP,2018-11-09,2018,313,1.56,-4.7,9.89,0.126518462864473,57.3075,8.8367603730345,127.35,431.08,33741.58,-1.57
GP,2018-11-10,2018,314,1.41,-1.66,9.23,0.0679582285524766,30.519,4.6841042270997,67.82,540.8,33584.59,-0.125
GP,2018-11-11,2018,315,-1.64,-8.14,0,0.105919613097668,77.3415,11.81585539665,171.87,330.93,33430,-4.89
GP,2018-11-12,2018,316,-2.53,-13.24,3.5,0.143996215449323,82.269,12.5114622474204,182.82,220.43,33277.88,-7.885
GP,2018-11-13,2018,317,1.43,-6.2,4.34,0.146844050383815,69.237,10.4822309335779,153.86,384.37,33128.31,-2.385
GP,2018-11-14,2018,318,-8.01,-14.94,0,0.0722215184763658,87.9525,13.256624308878,195.45,191.61,32981.36,-11.475
GP,2018-11-15,2018,319,-6.65,-21,0,0.129244177390827,113.913,17.0944270670592,253.14,114.49,32837.12,-13.825
GP,2018-11-16,2018,320,-4.31,-10.91,7.2,0.0896442183636588,61.074,9.125623365417,135.72,265.99,32695.65,-7.61
GP,2018-11-17,2018,321,0.31,-8.53,0,0.152223125480131,94.536,14.065606684116,210.08,321.08,32557.05,-4.11
GP,2018-11-18,2018,322,-5.46,-17.8,1.04,0.128799280858904,107.2575,15.8918832756495,238.35,150.8,32421.38,-11.63
GP,2018-11-19,2018,323,-2.23,-13.69,2.01,0.15370611913195,77.5485,11.4430175833109,172.33,212.44,32288.73,-7.96
GP,2018-11-20,2018,324,-8.15,-11.69,7.27,0.0411825724818075,35.046,5.1506213438196,77.88,249.91,32159.18,-9.92
GP,2018-11-21,2018,325,-7.41,-15.63,3.96,0.0855361251467347,67.095,9.8220331383615,149.1,180.92,32032.81,-11.52
GP,2018-11-22,2018,326,-9.38,-20.45,0,0.090950113627298,100.746,14.6915154833418,223.88,120.1,31909.69,-14.915
GP,2018-11-23,2018,327,-7.48,-20.8,0,0.116706296641028,103.5675,15.0462701399025,230.15,116.53,31789.9,-14.14
GP,2018-11-24,2018,328,-0.09,-15.2,3.08,0.21015917246035,77.4855,11.2158736412845,172.19,187.58,31673.53,-7.645
GP,2018-11-25,2018,329,0.31,-7.5,4.78,0.138852215463328,59.994,8.6530620952512,133.32,347.83,31560.64,-3.595
GP,2018-11-26,2018,330,0.45,-0.71,11,0.025770074854633,12.8385,1.8453101172174,28.53,579.91,31451.32,-0.13
GP,2018-11-27,2018,331,0.34,-1.45,23.3,0.0387113587400445,17.2305,2.4682617985914,38.29,549.18,31345.64,-0.555
GP,2018-11-28,2018,332,1.89,-0.12,5.74,0.0473844967560388,18.675,2.66648405868,41.5,605.41,31243.68,0.885
GP,2018-11-29,2018,333,1.14,-1.29,0,0.0540794610210654,29.601,4.2132577637007,65.78,555.64,31145.51,-0.075
GP,2018-11-30,2018,334,-0.6,-2.94,0,0.0468452831693782,28.6965,4.07214636542595,63.77,491.76,31051.19,-1.77
GP,2018-12-01,2018,335,-0.39,-5.8,0.62,0.0991818004499142,59.904,8.475868237824,133.12,396.29,30960.8,-3.095
GP,2018-12-02,2018,336,-0.05,-3.35,10.78,0.0660682252253993,28.5525,4.02864507326925,63.45,477.07,30874.41,-1.7
GP,2018-12-03,2018,337,-0.05,-3.66,0,0.0714455915830049,40.9905,5.7681751914468,91.09,466.23,30792.08,-1.855
GP,2018-12-04,2018,338,-5.42,-11.28,0,0.0757443926089328,63.09,8.855465809644,140.2,258.15,30713.88,-8.35
GP,2018-12-05,2018,339,-5.35,-17.83,0.77,0.130674380000629,91.3185,12.7867962732237,202.93,150.44,30639.86,-11.59
GP,2018-12-06,2018,340,-4.71,-13.28,3.89,0.106166791099487,59.1615,8.2651784781555,131.47,219.75,30570.1,-8.995
GP,2018-12-07,2018,341,-8.61,-16.22,0,0.074222857042586,73.2015,10.2047399553586,162.67,172.29,30504.63,-12.415
GP,2018-12-08,2018,342,-13.15,-25.48,0,0.0735121002572492,89.2935,12.4231266307584,198.43,76.72,30443.52,-19.315
GP,2018-12-09,2018,343,-8.6,-25.05,4.06,0.120527944155341,69.6735,9.67540020786495,154.83,79.8,30386.81,-16.825
GP,2018-12-10,2018,344,-8.23,-18.44,0,0.0937227816718062,80.9505,11.2220782432717,179.89,142.84,30334.55,-13.335
GP,2018-12-11,2018,345,-10.77,-22.23,4.38,0.0839235026188806,63.369,8.770946127444,140.82,102.79,30286.8,-16.5
GP,2018-12-12,2018,346,-9.76,-17.61,0,0.0699384043933304,69.417,9.5943397970133,154.26,153.28,30243.57,-13.685
GP,2018-12-13,2018,347,-8.25,-25.51,0,0.126555865490288,91.476,12.6270254469744,203.28,76.55,30204.92,-16.88
GP,2018-12-14,2018,348,-1.48,-17.48,2.42,0.197185767218143,67.095,9.251120434752,149.1,154.96,30170.88,-9.48
GP,2018-12-15,2018,349,4.96,-4.7,0,0.219414530424659,73.449,10.1173439932371,163.22,430.94,30141.47,0.13
GP,2018-12-16,2018,350,0.85,-10.64,0,0.189401091062678,80.154,11.0318683772016,178.12,271.73,30116.72,-4.895
GP,2018-12-17,2018,351,-0.46,-6.25,0,0.104456126858568,51.219,7.0447501864278,113.82,382.81,30096.66,-3.355
GP,2018-12-18,2018,352,-5.58,-10.31,0,0.0627511582331524,44.2845,6.08785643361285,98.41,279.05,30081.29,-7.945
GP,2018-12-19,2018,353,-6.86,-18.27,0,0.111080623544125,81.6795,11.2246276182516,181.51,144.91,30070.64,-12.565
GP,2018-12-20,2018,354,0.02,-11.63,8.08,0.180826615063527,60.768,8.3492633985696,135.04,251.06,30064.71,-5.805
GP,2018-12-21,2018,355,3.98,-4.47,24.53,0.18689466679473,50.553,6.945486527835,112.34,438.45,30063.5,-0.245
GP,2018-12-22,2018,356,2.88,-3.3,0.76,0.136476326529039,54.1755,7.44405647380605,120.39,478.69,30067.03,-0.21
GP,2018-12-23,2018,357,-4.58,-13.08,0,0.106552895810934,70.5825,9.701143219242,156.85,223.29,30075.28,-8.83
GP,2018-12-24,2018,358,-9.2,-17.88,0,0.0782806566233809,73.0755,10.0481225818387,162.39,149.77,30088.25,-13.54
GP,2018-12-25,2018,359,-10.11,-19.81,0,0.0791256277946355,77.589,10.6750127426589,172.42,126.95,30105.93,-14.96
GP,2018-12-26,2018,360,-7.65,-20.31,0,0.111891182884048,85.4595,11.7666050040945,189.91,121.61,30128.3,-13.98
GP,2018-12-27,2018,361,-8.95,-18.36,7.43,0.0843058610747039,56.016,7.7195595712608,124.48,143.76,30155.34,-13.655
GP,2018-12-28,2018,362,-0.59,-15.09,9.28,0.198501468622281,66.1005,9.11887643867355,146.89,189.26,30187.03,-7.84
GP,2018-12-29,2018,363,-4.5,-15.03,0,0.124470860575876,77.4675,10.6998625229265,172.15,190.18,30223.34,-9.765
GP,2018-12-30,2018,364,-10.87,-23.57,0,0.0886896673120979,84.492,11.6858837789856,187.76,91.17,30264.24,-17.22
GP,2018-12-31,2018,365,-1.89,-13.46,18.33,0.158260686776742,60.588,8.3923639845804,134.64,216.49,30309.69,-7.675
GP,2019-01-01,2019,1,-1.11,-14.31,0,0.181201428161525,80.6175,11.1852506345828,179.15,201.95,30359.89,-7.71
GP,2019-01-02,2019,2,-12.83,-26.33,0.75,0.0792753156977985,83.016,11.5386947896032,184.48,71,30414.36,-19.58
GP,2019-01-03,2019,3,-7.45,-22.19,3.36,0.123865989176182,64.9935,9.0511766748117,144.43,103.07,30473.26,-14.82
GP,2019-01-04,2019,4,0.32,-10.04,0,0.170616829823386,71.8245,10.0232484653615,159.61,284.95,30536.53,-4.86
GP,2019-01-05,2019,5,1.59,-1.5,0,0.0689763654942875,25.209,3.5257539272382,56.02,547.37,30604.14,0.045
GP,2019-01-06,2019,6,-2.51,-11.76,0,0.130430624744149,67.6755,9.4873885112007,150.39,248.39,30676.02,-7.135
GP,2019-01-07,2019,7,-9.55,-21.4,10.16,0.0936941014921757,60.8985,8.5585039677774,135.33,110.57,30752.12,-15.475
GP,2019-01-08,2019,8,-2.11,-14.33,9.15,0.161442976743772,62.055,8.7437934319995,137.9,201.58,30832.37,-8.22
GP,2019-01-09,2019,9,-1.2,-5.23,11.99,0.0731545049071153,25.434,3.5935548641136,56.52,414.05,30916.72,-3.215
GP,2019-01-10,2019,10,-3.05,-12.01,0,0.122903945371682,69.5115,9.8493143095305,154.47,243.46,31005.1,-7.53
GP,2019-01-11,2019,11,-12.95,-19.03,0,0.0458272793496197,51.75,7.354469181375,115,135.8,31097.45,-15.99
GP,2019-01-12,2019,12,-12.11,-24.85,0,0.0810170296270638,88.9335,12.6779296153405,197.63,81.24,31193.69,-18.48
GP,2019-01-13,2019,13,-10.56,-20.74,0,0.0790532037223868,78.7905,11.2680214568438,175.09,117.12,31293.75,-15.65
GP,2019-01-14,2019,14,-11.48,-25.54,0,0.0896935055118215,94.707,13.5892090271844,210.46,76.36,31397.56,-18.51
GP,2019-01-15,2019,15,-3.47,-16.2,2.81,0.150806107981856,68.1705,9.81505760038425,151.49,172.6,31505.05,-9.835
GP,2019-01-16,2019,16,-0.77,-16.31,2.74,0.203757627143482,74.6865,10.7911391124757,165.97,171.04,31616.15,-8.54
GP,2019-01-17,2019,17,-16.76,-29.64,0,0.0570812734383804,94.6035,13.7184174816062,210.23,52.13,31730.77,-23.2
GP,2019-01-18,2019,18,-10.51,-23.24,4.65,0.0911663278807124,71.334,10.382609807163,158.52,93.94,31848.85,-16.875
GP,2019-01-19,2019,19,-20.77,-29.3,6.8,0.0322833459388598,56.988,8.326190195748,126.64,53.83,31970.3,-25.035
GP,2019-01-20,2019,20,-19.01,-24.32,15.02,0.0262506785186977,38.8485,5.6980778177808,86.33,85.25,32095.04,-21.665
GP,2019-01-21,2019,21,-16.06,-21.39,0,0.0329119501859805,52.425,7.72005884175,116.5,110.62,32223,-18.725
GP,2019-01-22,2019,22,-13.77,-25.17,1.08,0.066886397983405,96.084,14.2068064528692,213.52,78.97,32354.09,-19.47
GP,2019-01-23,2019,23,-2.83,-21.67,10.08,0.194641811970864,87.9795,13.0624309582987,195.51,107.96,32488.25,-12.25
GP,2019-01-24,2019,24,0.51,-9.02,8.48,0.163054229459123,65.259,9.7299855075294,145.02,308.76,32625.38,-4.255
GP,2019-01-25,2019,25,-7.31,-14.72,1.74,0.079776815555521,73.8765,11.0621137202231,164.17,195.13,32765.41,-11.015
GP,2019-01-26,2019,26,-12.48,-21.31,0,0.0623689397519308,86.3865,12.9917303693793,191.97,111.44,32908.26,-16.895
GP,2019-01-27,2019,27,-4.22,-24.27,11.43,0.181325380817313,94.8825,14.3325842225265,210.85,85.63,33053.86,-14.245
GP,2019-01-28,2019,28,-16.64,-25.65,0,0.0462318140826185,90.9585,13.8014686963314,202.13,75.58,33202.12,-21.145
GP,2019-01-29,2019,29,-10.41,-27.32,16.18,0.106792568570306,95.5485,14.5637916144192,212.33,64.8,33352.96,-18.865
GP,2019-01-30,2019,30,-8.34,-18.28,0,0.0913529947675602,100.3815,15.3708050011356,223.07,144.79,33506.32,-13.31
GP,2019-01-31,2019,31,-16.43,-25.94,0,0.048689355122393,100.251,15.422192485047,222.78,73.61,33662.1,-21.185
GP,2019-02-01,2019,32,-12.3,-31.95,0,0.0987747964569126,136.917,21.1616919634725,304.26,41.81,33820.25,-22.125
GP,2019-02-02,2019,33,-10.17,-28.13,2.52,0.111758567078684,101.8935,15.8232109518077,226.43,60.13,33980.67,-19.15
GP,2019-02-03,2019,34,-9.07,-20.57,0,0.0952470696233387,115.0065,17.9450307975235,255.57,118.88,34143.31,-14.82
GP,2019-02-04,2019,35,-1.24,-12.85,6.63,0.165852570109296,86.13,13.504144031928,191.4,227.42,34308.08,-7.045
GP,2019-02-05,2019,36,2.02,-9.43,5.78,0.204228279813903,86.0625,13.5591760243688,191.25,298.97,34474.91,-3.705
GP,2019-02-06,2019,37,-6.97,-15.49,3.99,0.090414592730617,72.513,11.4803953400934,161.14,183.15,34643.74,-11.23
GP,2019-02-07,2019,38,-0.75,-8.49,4.64,0.128679826507482,68.202,10.8510895606986,151.56,321.97,34814.49,-4.62
GP,2019-02-08,2019,39,3.66,-6.14,5.2,0.204145617256977,81.504,13.031759894688,181.12,386.07,34987.1,-1.24
GP,2019-02-09,2019,40,-6.79,-15,0,0.089120522001373,98.289,15.793868237895,218.42,190.77,35161.5,-10.895
GP,2019-02-10,2019,41,-6.46,-21.13,0,0.132663399911707,141.804,22.9003489902564,315.12,113.15,35337.63,-13.795
GP,2019-02-11,2019,42,-10.05,-22.32,0,0.0922973598708185,131.886,21.4058131100982,293.08,101.92,35515.41,-16.185
GP,2019-02-12,2019,43,-8.08,-22.73,20.11,0.117927675099843,110.142,17.9669347100226,244.76,98.27,35694.79,-15.405
GP,2019-02-13,2019,44,-6.15,-9.98,15.32,0.0505202227883276,39.987,6.5559484120689,88.86,286.4,35875.71,-8.065
GP,2019-02-14,2019,45,-2.66,-12.15,4.33,0.131472048706632,89.9055,14.8151242986435,199.79,240.7,36058.1,-7.405
GP,2019-02-15,2019,46,-0.92,-14.92,16.35,0.190159935206764,115.983,19.2097456952121,257.74,191.98,36241.91,-7.92
GP,2019-02-16,2019,47,-3.34,-9.84,0,0.0947084083051681,93.222,15.5188300005432,207.16,289.45,36427.08,-6.59
GP,2019-02-17,2019,48,-7.54,-24.21,0,0.131132545816877,170.982,28.609379087877,379.96,86.07,36613.55,-15.875
GP,2019-02-18,2019,49,-9.34,-25.97,0,0.114681612459624,172.107,28.9452657238173,382.46,73.43,36801.27,-17.655
GP,2019-02-19,2019,50,-8.72,-24.13,0,0.115557479240736,168.0345,28.4054126535297,373.41,86.75,36990.18,-16.425
GP,2019-02-20,2019,51,-7.2,-28.51,7.9,0.149733085308378,139.0635,23.6287870197449,309.03,57.98,37180.23,-17.855
GP,2019-02-21,2019,52,0.05,-14.14,0,0.204700733096896,162.0585,27.6775111147127,360.13,204.71,37371.37,-7.045
GP,2019-02-22,2019,53,0.3,-15.48,0,0.220961820175928,172.7955,29.6630205831486,383.99,183.32,37563.56,-7.59
GP,2019-02-23,2019,54,-0.08,-20.64,0,0.245032705427005,189.261,32.6566641469698,420.58,118.18,37756.74,-10.36
GP,2019-02-24,2019,55,-0.63,-9.07,21.23,0.138288346744944,87.9075,15.2462750803065,195.35,307.76,37950.86,-4.85
GP,2019-02-25,2019,56,-1.97,-12.88,7.81,0.151569563761153,109.2735,19.0492855490826,242.83,226.85,38145.88,-7.425
GP,2019-02-26,2019,57,-14.37,-20.5,0,0.0416096935823456,95.355,16.708278858336,211.9,119.54,38341.76,-17.435
GP,2019-02-27,2019,58,-11.66,-28.72,0,0.0975907668866761,193.2975,34.0436941976588,429.55,56.87,38538.45,-20.19
GP,2019-02-28,2019,59,-6.92,-31.64,0,0.161042220960215,211.8645,37.5049124131712,470.81,43.04,38735.91,-19.28
GP,2019-03-01,2019,60,-4.59,-27.89,0,0.187190511936365,211.4055,37.6151250891722,469.79,61.49,38934.09,-16.24
GP,2019-03-02,2019,61,-0.96,-21.52,2.88,0.230625260602828,154.7505,27.6752193001115,343.89,109.35,39132.97,-11.24
GP,2019-03-03,2019,62,-0.44,-9.64,2.11,0.149219603265348,99.855,17.948879692128,221.9,294.15,39332.48,-5.04
GP,2019-03-04,2019,63,-0.84,-9.13,3.72,0.134768988968128,94.635,17.0971402613895,210.3,306.12,39532.61,-4.985
GP,2019-03-05,2019,64,-7.48,-19.65,0,0.110668581044329,172.2555,31.2783649958219,382.79,128.69,39733.31,-13.565
GP,2019-03-06,2019,65,-8.21,-23.63,0,0.119974361311276,197.955,36.1269643727925,439.9,90.75,39934.55,-15.92
GP,2019-03-07,2019,66,-9.15,-26.06,0,0.117294886610905,207.5085,38.0617900107966,461.13,72.78,40136.28,-17.605
GP,2019-03-08,2019,67,-3.93,-24.31,0,0.186371047779451,221.076,40.7546650064736,491.28,85.35,40338.48,-14.12
GP,2019-03-09,2019,68,-1.35,-17.74,0,0.201524065814485,203.5935,37.7203433038245,452.43,151.56,40541.1,-9.545
GP,2019-03-10,2019,69,-0.09,-17.44,25.04,0.226168453119096,159.444,29.6885802812004,354.32,155.52,40744.13,-8.765
GP,2019-03-11,2019,70,2.28,-4.42,0,0.140025489235763,105.1335,19.6736445446135,233.63,440.2,40947.51,-1.07
GP,2019-03-12,2019,71,0.89,-10.98,0,0.194026153028534,174.141,32.7491516894751,386.98,264.41,41151.23,-5.045
GP,2019-03-13,2019,72,0.38,-17.42,1.14,0.236589597222199,221.319,41.8278406523292,491.82,155.74,41355.24,-8.52
GP,2019-03-14,2019,73,4.82,-2.08,1.69,0.16846659110188,111.4335,21.1642310676744,247.63,524.24,41559.52,1.37
GP,2019-03-15,2019,74,8.09,1,3.49,0.210651771500041,84.834,16.1915583019752,188.52,656.65,41764.04,4.545
GP,2019-03-16,2019,75,0.81,-4.99,0,0.113501332004716,97.7535,18.7488553029511,217.23,421.5,41968.77,-2.09
GP,2019-03-17,2019,76,-2.59,-12.71,0,0.138120240471379,163.9575,31.6001310105443,364.35,230.03,42173.67,-7.65
GP,2019-03-18,2019,77,-0.39,-15.49,0,0.205913619937759,214.2135,41.4868795012534,476.03,183.05,42378.71,-7.94
GP,2019-03-19,2019,78,-0.34,-18.89,0,0.229766985836042,237.8475,46.287105150231,528.55,137.42,42583.88,-9.615
GP,2019-03-20,2019,79,4.34,-18.57,0,0.345954020964943,254.502,49.7669305760982,565.56,141.28,42789.13,-7.115
GP,2019-03-21,2019,80,6.22,-6.48,6.79,0.286338416857027,145.6695,28.6218120995406,323.71,376.37,42994.44,-0.13
GP,2019-03-22,2019,81,4.01,0,9.51,0.101501648465973,55.5885,10.9744481353221,123.53,610.61,43199.78,2.005
GP,2019-03-23,2019,82,3.78,-4.74,0,0.185771100615684,150.6105,29.8753025108233,334.69,429.49,43405.11,-0.48
GP,2019-03-24,2019,83,3.57,-9.05,0,0.240720936121039,206.973,41.2496401260762,459.94,308.03,43610.42,-2.74
GP,2019-03-25,2019,84,0.21,-13.58,0,0.203420177987735,223.5915,44.7714280011389,496.87,214.37,43815.67,-6.685
GP,2019-03-26,2019,85,0.48,-14.39,0,0.216537327869531,233.064,46.8867058556832,517.92,200.48,44020.84,-6.955
GP,2019-03-27,2019,86,4.09,-16.18,0,0.323004998429214,264.1095,53.3797709961402,586.91,172.83,44225.88,-6.045
GP,2019-03-28,2019,87,4.64,-7.63,0,0.253181943615512,204.39,41.501116557594,454.2,344.33,44430.78,-1.495
GP,2019-03-29,2019,88,5.37,-3.55,0,0.212321596208605,162.063,33.0583044830841,360.14,470.05,44635.51,0.91
GP,2019-03-30,2019,89,0.03,-7.83,11.7,0.136930916043181,115.1505,23.5965180665336,255.89,339.09,44840.03,-3.9
GP,2019-03-31,2019,90,0.13,-2.29,6.4,0.050463024971086,43.398,8.9335866517866,96.44,516.22,45044.31,-1.08
GP,2019-04-01,2019,91,0.72,-9.96,0,0.178913310937233,210.9285,43.6168220510309,468.73,286.72,45248.33,-4.62
GP,2019-04-02,2019,92,3.89,-8.58,0,0.243741156214431,232.326,48.2577862478328,516.28,319.76,45452.04,-2.345
GP,2019-04-03,2019,93,6.33,-2.56,0,0.224976669905508,182.115,37.9974415594365,404.7,506.06,45655.43,1.885
GP,2019-04-04,2019,94,-1.59,-8.59,0,0.112552640265838,154.0395,32.2825380791018,342.31,319.59,45858.45,-5.09
GP,2019-04-05,2019,95,1.05,-13.51,4.46,0.222131699251782,195.201,41.0896417682556,433.78,215.65,46061.08,-6.23
GP,2019-04-06,2019,96,7.43,-2.75,0,0.265946727731965,210.4425,44.492424577398,467.65,498.99,46263.28,2.34
GP,2019-04-07,2019,97,8.38,-3.62,0,0.316282703435326,238.9275,50.7350828528618,530.95,467.39,46465.01,2.38
GP,2019-04-08,2019,98,-2.39,-4.53,14.39,0.0383572161236418,45.3465,9.67081055270625,100.77,436.63,46666.25,-3.46
GP,2019-04-09,2019,99,-0.89,-4.11,9.69,0.0612985502801084,65.196,13.963807161954,144.88,450.59,46866.95,-2.5
GP,2019-04-10,2019,100,5.37,-6.26,0,0.256314953764519,249.1605,53.5935653415738,553.69,382.51,47067.08,-0.445
GP,2019-04-11,2019,101,7.74,-6.85,0,0.34373569582132,277.2675,59.892098510835,616.15,365.76,47266.6,0.445
GP,2019-04-12,2019,102,7.04,-4.68,0,0.286177813580344,253.188,54.9208315019052,562.64,431.64,47465.47,1.18
GP,2019-04-13,2019,103,11.99,0.18,0,0.390526740726108,249.8985,54.4336225229907,555.33,618.53,47663.66,6.085
GP,2019-04-14,2019,104,8.48,-3.38,18.37,0.315739178584203,189.549,41.4591653774016,421.22,475.9,47861.12,2.55
GP,2019-04-15,2019,105,3.72,0.68,16.22,0.0775863188139085,61.722,13.5556443601074,137.16,641.72,48057.81,2.2
GP,2019-04-16,2019,106,6.58,0.16,0,0.177458894737699,163.152,35.9781751611216,362.56,617.69,48253.69,3.37
GP,2019-04-17,2019,107,11.58,-3.69,0,0.448737565735464,287.667,63.6925244222349,639.26,464.96,48448.71,3.945
GP,2019-04-18,2019,108,8.01,-3.53,6.22,0.300881016245106,193.356,42.9826093176528,429.68,470.74,48642.84,2.24
GP,2019-04-19,2019,109,6.57,2.01,19.53,0.132854836286075,96.147,21.4581462442758,213.66,705.91,48836.02,4.29
GP,2019-04-20,2019,110,8.02,2.25,3.9,0.177118722684044,121.0905,27.1314066159329,269.09,718.35,49028.21,5.135
GP,2019-04-21,2019,111,15.91,2.15,0,0.545825941261915,280.9215,63.1883554937843,624.27,712.81,49219.35,9.03
GP,2019-04-22,2019,112,16.35,0.82,0,0.603665472439187,292.257,65.9919239383509,649.46,648.24,49409.41,8.585
GP,2019-04-23,2019,113,12.15,-1.72,10.27,0.437831190494425,213.3765,48.3648397885836,474.17,538.56,49598.32,5.215
GP,2019-04-24,2019,114,4.07,0.92,6.6,0.0821704729975287,70.065,15.941343139182,155.7,652.65,49786.04,2.495
GP,2019-04-25,2019,115,8.23,0.27,0,0.232603811426948,213.597,48.7800804584079,474.66,623,49972.51,4.25
GP,2019-04-26,2019,116,7.58,-0.39,24.71,0.223865612203694,165.3255,37.8960099085188,367.39,593.64,50157.68,3.595
GP,2019-04-27,2019,117,6.98,2.67,10.09,0.129639112187639,99.702,22.93750742481,221.56,739.96,50341.5,4.825
GP,2019-04-28,2019,118,6.61,-1.07,0,0.204836000358498,220.257,50.8560588095661,489.46,564.85,50523.89,2.77
GP,2019-04-29,2019,119,8.56,-3.54,0,0.321426250576283,285.9255,66.2549375530633,635.39,470.39,50704.81,2.51
GP,2019-04-30,2019,120,11,-1.47,0,0.381174887821034,284.7285,66.210991464429,632.73,548.48,50884.2,4.765
GP,2019-05-01,2019,121,7.58,-2.93,6.36,0.274783656713515,198.4545,46.3100022742887,441.01,492.14,51061.98,2.325
GP,2019-05-02,2019,122,11.8,0.47,3.28,0.375170421069058,204.3585,47.852210892128,454.13,631.74,51238.11,6.135
GP,2019-05-03,2019,123,8.9,3.73,3.45,0.170185248589613,115.38,27.109132868232,256.4,797.87,51412.52,6.315
GP,2019-05-04,2019,124,16.12,2.19,0,0.556796895912775,292.9275,69.0559134781028,650.95,715.03,51585.13,9.155
GP,2019-05-05,2019,125,19.25,0.32,0,0.801298979789173,314.298,74.3391513085554,698.44,624.97,51755.89,9.785
GP,2019-05-06,2019,126,21.89,2.8,0,0.937030696071188,310.5495,73.6921449597348,690.11,746.8,51924.72,12.345
GP,2019-05-07,2019,127,15.1,0.73,1.91,0.53448745321441,293.805,69.942756791106,652.9,644.02,52091.56,7.915
GP,2019-05-08,2019,128,11.31,-1.73,0,0.400197440564879,282.6675,67.5042422703615,628.15,537.87,52256.34,4.79
GP,2019-05-09,2019,129,13.25,-2,4.65,0.496347194625194,222.408,53.2788903025488,494.24,527.36,52418.98,5.625
GP,2019-05-10,2019,130,10.3,6.27,15.97,0.149246400053504,82.8045,19.8969197219267,184.01,952.03,52579.41,8.285
GP,2019-05-11,2019,131,11.07,0.53,0,0.341094715044658,251.3655,60.5817508540793,558.59,634.62,52737.55,5.8
GP,2019-05-12,2019,132,16.98,-0.06,0,0.661632753257593,305.496,73.845290311812,678.88,608.17,52893.35,8.46
GP,2019-05-13,2019,133,15.82,3.49,0,0.504497389544439,267.687,64.893597761853,594.86,784.48,53046.7,9.655
GP,2019-05-14,2019,134,9.22,5.06,4.09,0.143602047113434,86.7105,21.0804327478868,192.69,875.75,53197.55,7.14
GP,2019-05-15,2019,135,13.53,3.55,0,0.379881907848462,237.24,57.836833879176,527.2,787.6,53345.82,8.54
GP,2019-05-16,2019,136,16.36,1.97,0,0.576582005038678,285.1695,69.7113352353033,633.71,703.77,53491.42,9.165
GP,2019-05-17,2019,137,14.35,6.67,1.65,0.326185770927161,192.6045,47.2090308279282,428.01,979,53634.28,10.51
GP,2019-05-18,2019,138,15.49,6.65,0,0.389112632910724,215.2035,52.8859679647284,478.23,977.54,53774.32,11.07
GP,2019-05-19,2019,139,13.24,8.12,7.98,0.218574458615626,101.1825,24.9288760976265,224.85,1080.78,53911.46,10.68
GP,2019-05-20,2019,140,20.26,8.74,5.04,0.621121033269875,185.3595,45.7816617887823,411.91,1127.73,54045.62,14.5
GP,2019-05-21,2019,141,13.38,5.74,0.37,0.307192472809426,192.24,47.596242223296,427.2,917.82,54176.72,9.56
GP,2019-05-22,2019,142,19.48,3.67,0,0.732245722879927,291.0285,72.225251004649,646.73,794.48,54304.69,11.575
GP,2019-05-23,2019,143,17.25,9.03,18.97,0.407082740258655,150.7095,37.4878570652735,334.91,1149.57,54429.43,13.14
GP,2019-05-24,2019,144,18.14,7.29,2.35,0.528114621728468,180.279,44.9431161352767,400.62,1021.21,54550.89,12.715
GP,2019-05-25,2019,145,20.44,5.39,11.2,0.75070053419442,209.646,52.3773681427134,465.88,895.94,54668.97,12.915
GP,2019-05-26,2019,146,23.51,9.46,3.89,0.853171866201522,197.4465,49.432913453718,438.77,1183.81,54783.6,16.485
GP,2019-05-27,2019,147,15.47,2.69,0,0.506394333353366,258.606,64.8761832803682,574.68,741.15,54894.71,9.08
GP,2019-05-28,2019,148,16.19,1.18,0,0.585879061443295,276.966,69.6182013735102,615.48,665.12,55002.21,8.685
GP,2019-05-29,2019,149,15.86,4.01,0,0.492396741879807,243.6345,61.35558640178,541.41,813.48,55106.03,9.935
GP,2019-05-30,2019,150,20.75,6.97,6.54,0.722065340971724,193.554,48.832101960858,430.12,999.25,55206.1,13.86
GP,2019-05-31,2019,151,14.8,2.9,0,0.463736726026406,243.18,61.45930441161,540.4,752.4,55302.35,8.85
GP,2019-06-01,2019,152,20.27,1.3,8.31,0.851057433450104,219.501,55.567507644279,487.78,670.81,55394.7,10.785
GP,2019-06-02,2019,153,13.49,9.33,9.18,0.184440967946657,72.8955,18.4832168730242,161.99,1173.4,55483.09,11.41
GP,2019-06-03,2019,154,14.53,5.11,0.56,0.385958629762546,203.8905,51.7766155005083,453.09,878.77,55567.45,9.82
GP,2019-06-04,2019,155,15.84,3.91,0,0.493862930622741,241.758,61.4814853690026,537.24,808.02,55647.71,9.875
GP,2019-06-05,2019,156,21.05,4.7,0,0.817432731431766,276.9615,70.5304221722901,615.47,854.09,55723.82,12.875
GP,2019-06-06,2019,157,22.04,4.72,0,0.894574419830328,280.2375,71.4567497847412,622.75,855.28,55795.71,13.38
GP,2019-06-07,2019,158,22.35,3.63,0,0.951411307658531,285.552,72.9001041795648,634.56,792.21,55863.32,12.99
GP,2019-06-08,2019,159,23.01,3.47,0,1.01123161768944,287.1,73.37834087067,638,783.01,55926.61,13.24
GP,2019-06-09,2019,160,29.26,9.56,0,1.47381698510993,275.319,70.4414196306216,611.82,1151.29,55985.52,19.41
GP,2019-06-10,2019,161,29.8,10.35,33.54,1.46508676801712,201.8745,51.7006154729354,448.61,1256.53,56039.99,20.075
GP,2019-06-11,2019,162,19.02,12.27,20.42,0.383840678026539,104.2245,26.7159968137904,231.61,1426.53,56089.99,15.645
GP,2019-06-12,2019,163,24.28,4.66,0,1.0884166331349,277.3575,71.153055521037,616.35,851.42,56135.48,14.47
GP,2019-06-13,2019,164,20.13,8.37,5.89,0.626194036732045,159.9435,41.061685962056,355.43,1099.24,56176.41,14.25
GP,2019-06-14,2019,165,17.04,10.13,12.24,0.349228523555657,104.049,26.7293835411075,231.22,1238.47,56212.75,13.585
GP,2019-06-15,2019,166,17.11,8.51,17.26,0.418205540080568,127.7595,32.83894771789,283.91,1109.96,56244.47,12.81
GP,2019-06-16,2019,167,19.14,7.4,0,0.591203974321051,213.102,54.8015101670556,473.56,1029.04,56271.54,13.27
GP,2019-06-17,2019,168,23.43,7.15,0,0.932776967523473,250.182,64.3626483716556,555.96,1011.53,56293.94,15.29
GP,2019-06-18,2019,169,24.82,7.26,0,1.05407732393174,253.5615,65.2525916375408,563.47,1019.22,56311.65,16.04
GP,2019-06-19,2019,170,19.85,8.49,8.65,0.601333031190287,148.5495,38.2371835799498,330.11,1108.37,56324.65,14.17
GP,2019-06-20,2019,171,18.31,12.28,4.66,0.334907181704156,85.131,21.9162514937031,189.18,1428.25,56332.93,15.295
GP,2019-06-21,2019,172,24.99,10.56,0,0.942164955680131,224.568,57.8167740904824,499.04,1274.12,56336.49,17.775
GP,2019-06-22,2019,173,25.78,13.94,0,0.859080369582029,192.0555,49.4451517896882,426.79,1591.49,56335.32,19.86
GP,2019-06-23,2019,174,27.19,13.02,0,1.04880837163526,213.5475,54.9725611557465,474.55,1499.13,56329.42,20.105
GP,2019-06-24,2019,175,25.2,7.76,0,1.07197018459396,219.312,56.445846201792,487.36,1054.84,56318.8,16.48
GP,2019-06-25,2019,176,17.59,8.31,12.08,0.455920378421546,111.9915,28.8161758584963,248.87,1094.76,56303.46,12.95
GP,2019-06-26,2019,177,25.79,14.98,9.85,0.80496849318373,119.8035,30.8152902104429,266.23,1701.81,56283.43,20.385
GP,2019-06-27,2019,178,25.85,12.77,4.39,0.924270920356085,138.915,35.7153666574005,308.7,1474.85,56258.71,19.31
GP,2019-06-28,2019,179,27.91,12.6,2.22,1.1466045339428,150.7005,38.7252118256891,334.89,1458.46,56229.33,20.255
GP,2019-06-29,2019,180,25.38,16.32,9.43,0.68819564355636,103.6935,26.6297986238994,230.43,1854.86,56195.32,20.85
GP,2019-06-30,2019,181,23.89,14.78,3.66,0.63792679629824,106.299,27.280162813581,236.22,1680.32,56156.7,19.335
GP,2019-07-01,2019,182,27.82,12.17,0,1.15756001690978,206.127,52.858938884265,458.06,1417.4,56113.5,19.995
GP,2019-07-02,2019,183,29.12,15.07,0,1.15638012870305,188.2395,48.2308317794515,418.31,1712,56065.77,22.095
GP,2019-07-03,2019,184,30.48,13.08,0,1.4245406099604,210.024,53.762347501164,466.72,1504.33,56013.55,21.78
GP,2019-07-04,2019,185,33.16,14.02,0,1.73357037683537,214.1955,54.7746935487485,475.99,1600.04,55956.87,23.59
GP,2019-07-05,2019,186,28.84,15.39,19.13,1.10632348769535,134.8785,34.4538712236236,299.73,1747.43,55895.79,22.115
GP,2019-07-06,2019,187,27.44,17.95,16.39,0.795703898337477,103.761,26.4740691648195,230.58,2056.95,55830.35,22.695
GP,2019-07-07,2019,188,25.24,10.07,0,0.986558248108306,203.373,51.8247255965121,451.94,1232.96,55760.61,17.655
GP,2019-07-08,2019,189,27.8,8.88,0,1.29550551922249,223.9335,56.9883557193489,497.63,1137.93,55686.62,18.34
GP,2019-07-09,2019,190,29.02,12.9,0,1.25745119378339,205.2,52.14759312816,456,1487.11,55608.44,20.96
GP,2019-07-10,2019,191,26.78,13.73,0,0.970458124831032,184.2525,46.7548936042995,409.45,1570.09,55526.14,20.255
GP,2019-07-11,2019,192,23.42,14.76,30.48,0.598102435423873,101.6955,25.7655509917443,225.99,1677.78,55439.78,19.09
GP,2019-07-12,2019,193,26.2,17.42,0,0.702117714251661,136.116,34.4301133529304,302.48,1988.37,55349.42,21.81
GP,2019-07-13,2019,194,28.02,14.65,17.12,1.05451957988197,139.95,35.339606376795,311,1666.46,55255.13,21.335
GP,2019-07-14,2019,195,22.56,13.77,0,0.577207342911292,140.2065,35.3414877218109,311.57,1573.75,55156.98,18.165
GP,2019-07-15,2019,196,28.04,10.84,0,1.24095955978216,213.705,53.768505567024,474.9,1298.53,55055.04,19.44
GP,2019-07-16,2019,197,25.28,11.67,1.72,0.92122138276068,189.8145,47.6659641413457,421.81,1371.2,54949.38,18.475
GP,2019-07-17,2019,198,27.43,15.92,0,0.919821920463131,165.717,41.5318638390021,368.26,1807.82,54840.09,21.675
GP,2019-07-18,2019,199,26.04,8.91,1.37,1.1109827568083,216.189,54.0696029481306,480.42,1140.33,54727.22,17.475
GP,2019-07-19,2019,200,30.81,13.31,0,1.45451443616111,209.5245,52.2913806071096,465.61,1527.2,54610.87,22.06
GP,2019-07-20,2019,201,31.59,17.64,0,1.30952008269493,178.785,44.5218224731695,397.3,2017.01,54491.11,24.615
GP,2019-07-21,2019,202,27.71,18.26,2.12,0.80543757801365,102.5505,25.4798824054379,227.89,2096.47,54368.01,22.985
GP,2019-07-22,2019,203,22.67,9,0,0.799710520701395,190.8855,47.3175350019801,424.19,1147.63,54241.66,15.835
GP,2019-07-23,2019,204,24.33,9.74,0,0.915078970935666,196.461,48.5833188957201,436.58,1206.16,54112.13,17.035
GP,2019-07-24,2019,205,22.15,9.89,0,0.721285437624565,178.4385,44.0183360191275,396.53,1218.62,53979.5,16.02
GP,2019-07-25,2019,206,26.63,8.45,0,1.1880789815669,216.6615,53.3131141319618,481.47,1105.39,53843.85,17.54
GP,2019-07-26,2019,207,29.48,10.02,0,1.44039290294129,217.4535,53.3702831098487,483.23,1229.29,53705.27,19.75
GP,2019-07-27,2019,208,30.02,13.44,0,1.34924323656982,198.297,48.5404598024478,440.66,1540.78,53563.82,21.73
GP,2019-07-28,2019,209,30.06,15.44,0,1.2477610135582,182.7,44.60209905501,406,1753.26,53419.59,22.75
GP,2019-07-29,2019,210,30.57,13.91,0,1.39327813499563,195.8985,47.6926762254957,435.33,1588.55,53272.66,22.24
GP,2019-07-30,2019,211,30.38,17.06,3.89,1.19176479746001,125.028,30.3533742206556,277.84,1943.82,53123.11,23.72
GP,2019-07-31,2019,212,28.32,18.56,0,0.852357049172836,131.8455,31.9168310962244,292.99,2136.58,52971.01,23.44
GP,2019-08-01,2019,213,28.24,10.81,0,1.2646687784109,203.292,49.0688106321492,451.76,1295.69,52816.43,19.525
GP,2019-08-02,2019,214,29.35,11.5,0,1.36127522434307,203.733,49.0291068223026,452.74,1356.53,52659.46,20.425
GP,2019-08-03,2019,215,23.42,10.91,3.3,0.785318644224575,127.494,30.5890970000886,283.32,1303.97,52500.17,17.165
GP,2019-08-04,2019,216,22.29,7.98,0,0.806728099550124,187.8165,44.9233750205892,417.37,1071,52338.64,15.135
GP,2019-08-05,2019,217,25.73,7.16,0,1.14472200411143,211.0185,50.3151308805569,468.93,1012.12,52174.93,16.445
GP,2019-08-06,2019,218,28.99,11.14,0,1.3351757653502,201.2805,47.84069626771,447.29,1324.65,52009.13,20.065
GP,2019-08-07,2019,219,27.09,15.78,10.89,0.891652710117057,111.915,26.5143081244995,248.7,1791.93,51841.29,21.435
GP,2019-08-08,2019,220,27.15,18.75,4.39,0.712791863580535,86.256,20.3683805093808,191.68,2161.89,51671.49,22.95
GP,2019-08-09,2019,221,22.58,12.5,4.49,0.641320293062005,107.028,25.1894820075876,237.84,1448.77,51499.81,17.54
GP,2019-08-10,2019,222,20.67,11.33,5.38,0.544458366929532,101.2455,23.7482650633905,224.99,1341.29,51326.3,16.0
GP,2019-08-11,2019,223,25.94,11.64,5.76,0.985992782122194,134.523,31.4461243397133,298.94,1369.29,51151.03,18.79
GP,2019-08-12,2019,224,26.67,15.78,6.03,0.847928246631422,108.396,25.2510107831604,240.88,1792.02,50974.07,21.225
GP,2019-08-13,2019,225,23.86,9.95,0,0.864421990701533,177.201,41.1346150212636,393.78,1223.1,50795.48,16.905
GP,2019-08-14,2019,226,22.65,8.45,0,0.819210225047243,181.278,41.9317872682518,402.84,1105.55,50615.33,15.55
GP,2019-08-15,2019,227,24.27,6.79,0,1.0196670856507,201.3705,46.412249785439,447.49,986.87,50433.67,15.53
GP,2019-08-16,2019,228,24.65,9.58,0,0.950966187033608,183.0105,42.0274654703015,406.69,1193.21,50250.57,17.115
GP,2019-08-17,2019,229,24.89,12.64,15.27,0.838545012473247,118.4625,27.10445521914,263.25,1462.08,50066.08,18.765
GP,2019-08-18,2019,230,27.21,17.36,0,0.809830939801055,129.51,29.522159681175,287.8,1980.9,49880.25,22.285
GP,2019-08-19,2019,231,28.48,16.4,1.76,1.00611902935242,151.884,34.4925133244208,337.52,1864.84,49693.16,22.44
GP,2019-08-20,2019,232,28.17,10.12,7.11,1.2860523713769,147.078,33.2745029588664,326.84,1237.44,49504.84,19.145
GP,2019-08-21,2019,233,20.67,11.83,13.7,0.52166377911821,92.2635,20.7935310518933,205.03,1386.58,49315.35,16.25
GP,2019-08-22,2019,234,24.65,17.05,0,0.57532879905429,103.833,23.3105196620475,230.74,1942.8,49124.75,20.85
GP,2019-08-23,2019,235,21.41,10.46,0,0.639335804228557,148.167,33.1337232261252,329.26,1265.35,48933.08,15.935
GP,2019-08-24,2019,236,23.81,11.47,0,0.794281370597419,160.3485,35.716606634358,356.33,1353.82,48740.4,17.64
GP,2019-08-25,2019,237,24.6,6.11,0,1.07211896035013,201.924,44.7985763098632,448.72,942.07,48546.74,15.355
GP,2019-08-26,2019,238,26.32,8.31,0,1.1616624607846,196.3485,43.3870045810632,436.33,1095.05,48352.16,17.315
GP,2019-08-27,2019,239,25.79,8.27,0,1.11022028055064,192.9915,42.4728291397001,428.87,1092.24,48156.71,17.03
GP,2019-08-28,2019,240,21.06,12.58,14.86,0.516026261332841,88.8975,19.4844757668615,197.55,1456.73,47960.42,16.82
GP,2019-08-29,2019,241,24.73,16.19,5.19,0.634923543439633,86.769,18.9398079908055,192.82,1839.05,47763.35,20.46
GP,2019-08-30,2019,242,23.61,9.2,4.76,0.872483077706346,130.671,28.4045336721144,290.38,1162.99,47565.52,16.405
GP,2019-08-31,2019,243,20.37,8.15,0,0.651500575880304,159.867,34.6059529578081,355.26,1083.37,47366.99,14.26
GP,2019-09-01,2019,244,20.59,5.38,0,0.762051349664053,182.9295,39.4316977004788,406.51,895.42,47167.79,12.985
GP,2019-09-02,2019,245,20.66,11.98,10.09,0.514762130981438,90.738,19.4763289079736,201.64,1399.61,46967.96,16.32
GP,2019-09-03,2019,246,17.6,8.22,0,0.459544104489056,132.786,28.380046836951,295.08,1088.44,46767.55,12.91
GP,2019-09-04,2019,247,21.8,8.3,23.94,0.755341823099644,126.873,26.9997447907377,281.94,1094.62,46566.57,15.05
GP,2019-09-05,2019,248,20.02,5.84,0,0.705420826266646,175.8645,37.2636583022939,390.81,924.68,46365.09,12.93
GP,2019-09-06,2019,249,19.74,7.81,0,0.618231758536519,156.816,33.0827593244544,348.48,1058.63,46163.12,13.775
GP,2019-09-07,2019,250,15.81,9.8,3.09,0.290532213272454,67.1535,14.1049479342465,149.23,1210.69,45960.7,12.805
GP,2019-09-08,2019,251,16.86,8.49,1.84,0.40336557677494,120.204,25.1362805483664,267.12,1108.75,45757.88,12.675
GP,2019-09-09,2019,252,17.07,5.62,0,0.515483622998225,152.271,31.7005140609549,338.38,910.65,45554.67,11.345
GP,2019-09-10,2019,253,16.11,4.54,3.79,0.491301972134528,115.2765,23.8915870179876,256.17,844.42,45351.12,10.325
GP,2019-09-11,2019,254,19.76,10.29,2.85,0.523062807293317,96.4125,19.8921097296563,214.25,1251.44,45147.25,15.025
GP,2019-09-12,2019,255,18.29,4.96,0,0.613937732889092,164.718,33.831424584306,366.04,869.42,44943.1,11.625
GP,2019-09-13,2019,256,18.73,2.89,1.52,0.702114629008667,178.3485,36.464387618335,396.33,751.74,44738.69,10.81
GP,2019-09-14,2019,257,17.56,10.62,4.34,0.361699304577797,74.484,15.1590358113516,165.52,1278.93,44534.07,14.09
GP,2019-09-15,2019,258,16.67,8.1,0.79,0.406816205574443,121.1985,24.5529584299913,269.33,1079.36,44329.25,12.385
GP,2019-09-16,2019,259,19,6.87,0,0.600063095024108,153.4905,30.951039128468,341.09,992.25,44124.27,12.935
GP,2019-09-17,2019,260,17.01,5.23,0,0.524324120574668,150.615,30.2300280582435,334.7,885.98,43919.17,11.12
GP,2019-09-18,2019,261,17.65,3.16,0,0.624226670513073,167.427,33.4473524653905,372.06,766.21,43713.95,10.405
GP,2019-09-19,2019,262,20.06,2.96,0,0.793045028201298,176.823,35.1585343482237,392.94,755.65,43508.67,11.51
GP,2019-09-20,2019,263,24.27,9.56,0,0.917106150702121,158.796,31.4251351063848,352.88,1191.45,43303.34,16.915
GP,2019-09-21,2019,264,24.33,11.02,0,0.860871621795268,147.339,29.01957413454,327.42,1314.06,43098,17.675
GP,2019-09-22,2019,265,24.47,12.99,0,0.782647590952715,131.787,25.8328281195612,292.86,1495.96,42892.68,18.73
GP,2019-09-23,2019,266,22.9,13.33,12.89,0.627814378303185,86.5395,16.8822444181558,192.31,1529.4,42687.39,18.115
GP,2019-09-24,2019,267,13.76,9.52,4.97,0.190421723042828,45.0855,8.7530595916023,100.19,1188.62,42482.18,11.64
GP,2019-09-25,2019,268,14.07,9.02,0,0.226579439244813,72.4455,13.9969204793105,160.99,1148.78,42277.07,11.545
GP,2019-09-26,2019,269,14.47,7.21,19.12,0.313854209270562,76.7475,14.7561997136467,170.55,1016.13,42072.09,10.84
GP,2019-09-27,2019,270,17.64,5.42,0.61,0.557567389196809,145.611,27.8602578419256,323.58,897.91,41867.28,11.53
GP,2019-09-28,2019,271,16,7.79,7.9,0.378642364536235,82.1745,15.6458859661823,182.61,1056.74,41662.65,11.895
GP,2019-09-29,2019,272,13.21,2.08,0,0.403016082875124,138.6945,26.2776428336363,308.21,709.55,41458.25,7.645
GP,2019-09-30,2019,273,12.53,1.59,0,0.382446008221053,136.557,25.7452538903541,303.46,684.95,41254.09,7.06
GP,2019-10-01,2019,274,10.27,6.81,2.73,0.129678188357734,39.0555,7.3267924831497,86.79,988.35,41050.22,8.54
GP,2019-10-02,2019,275,10.43,3.19,0,0.2466964194896,101.6415,18.9733458162389,225.87,768,40846.67,6.81
GP,2019-10-03,2019,276,9.38,-2.55,3.35,0.334943483831,107.442,19.9563428559924,238.76,506.5,40643.46,3.415
GP,2019-10-04,2019,277,8.95,1.75,0,0.224939031008335,100.7505,18.6200705761646,223.89,692.81,40440.63,5.35
GP,2019-10-05,2019,278,13.84,-1.82,0,0.522414466107523,156.5505,28.7878553583448,347.89,534.55,40238.21,6.01
GP,2019-10-06,2019,279,12.44,-1.76,0,0.452459494813602,149.805,27.409164224724,332.9,536.74,40036.24,5.34
GP,2019-10-07,2019,280,13.61,9.24,1.77,0.194442053887291,59.904,10.90521214848,133.12,1165.91,39834.75,11.425
GP,2019-10-08,2019,281,16.91,3.07,0,0.580419226358614,141.7815,25.6803626009353,315.07,761.55,39633.77,9.99
GP,2019-10-09,2019,282,16.79,-0.64,0,0.662816943553233,151.9875,27.3897296138813,337.75,582.86,39433.35,8.075
GP,2019-10-10,2019,283,18.05,0.8,0,0.709700443307881,148.4415,26.6151432949956,329.87,647.06,39233.52,9.425
GP,2019-10-11,2019,284,18.94,0.72,0,0.770666297554012,147.8835,26.3804706080604,328.63,643.45,39034.32,9.83
GP,2019-10-12,2019,285,13.38,3.93,0,0.361636312000247,106.47,18.896243919462,236.6,808.99,38835.78,8.655
GP,2019-10-13,2019,286,15.57,4.8,0,0.452533683697904,115.083,20.3208303833145,255.74,859.92,38637.95,10.185
GP,2019-10-14,2019,287,14.2,0.1,2.47,0.5008850037397,99.099,17.4091946169141,220.22,614.98,38440.87,7.15
GP,2019-10-15,2019,288,13.32,-3.54,0,0.52841477040935,139.8915,24.4499125071884,310.87,470.27,38244.57,4.89
GP,2019-10-16,2019,289,12.77,1.92,7.03,0.385670867371112,82.8945,14.4140631064502,184.21,701.39,38049.11,7.345
GP,2019-10-17,2019,290,7.36,4.7,26.63,0.0858096791596972,25.281,4.3734917042901,56.18,853.76,37854.53,6.03
GP,2019-10-18,2019,291,9.62,4.37,0,0.180511350460934,62.1135,10.6903654107647,138.03,834.12,37660.87,6.995
GP,2019-10-19,2019,292,12.36,-1.59,0,0.445213732917373,126.774,21.7074591045324,281.72,543.59,37468.18,5.385
GP,2019-10-20,2019,293,11.96,-3.02,0,0.454058802273379,129.1185,21.9958019471925,286.93,488.85,37276.5,4.47
GP,2019-10-21,2019,294,16.29,-1.69,0,0.65448020088534,132.6555,22.4827941360465,294.79,539.77,37085.9,7.3
GP,2019-10-22,2019,295,11.42,3.83,18.36,0.271767082443429,61.3035,10.336784550318,136.23,803.51,36896.4,7.625
GP,2019-10-23,2019,296,13.33,6.59,7.88,0.276640238726532,54.3465,9.1169474106204,120.77,973.58,36708.08,9.96
GP,2019-10-24,2019,297,9.31,0.5,2.07,0.268928155533308,67.833,11.3213841981057,150.74,633.08,36520.97,4.905
GP,2019-10-25,2019,298,9.84,-1.45,0,0.331856224980693,104.7285,17.3903339223693,232.73,549.43,36335.14,4.195
GP,2019-10-26,2019,299,11.4,0.24,0,0.362180804009206,101.2815,16.7325570763812,225.07,621.5,36150.64,5.82
GP,2019-10-27,2019,300,4.87,-1.43,20.54,0.156961541773396,49.6485,8.1608017144104,110.33,550.1,35967.52,1.72
GP,2019-10-28,2019,301,8.59,3.66,2.7,0.160794724234054,38.7945,6.3445060741689,86.21,793.5,35785.86,6.125
GP,2019-10-29,2019,302,13.51,7.24,0,0.263615784520369,62.676,10.1985135748308,139.28,1017.78,35605.69,10.375
GP,2019-10-30,2019,303,12.06,7.06,5.39,0.199960869806854,38.493,6.2320860374409,85.54,1005.24,35427.09,9.56
GP,2019-10-31,2019,304,7.56,5.35,50.26,0.0729721442026384,19.017,3.0635073704997,42.26,893.4,35250.13,6.455
GP,2019-11-01,2019,305,7.97,0.68,10.72,0.213684001528226,54.018,8.658656740161,120.04,641.76,35074.85,4.325
GP,2019-11-02,2019,306,4,-0.76,0,0.117776113793673,50.2335,8.01219693973635,111.63,577.62,34901.33,1.62
GP,2019-11-03,2019,307,5.79,-1.19,0.49,0.180745427178136,69.399,11.0146212771309,154.22,559.69,34729.63,2.3
GP,2019-11-04,2019,308,6.24,-2.62,0,0.223199342413351,83.61,13.205227734414,185.8,503.76,34559.82,1.81
GP,2019-11-05,2019,309,7.63,1.6,9.18,0.179556981363515,45.891,7.2127482613839,101.98,685.58,34391.97,4.615
GP,2019-11-06,2019,310,3.46,-1.86,0,0.125137344872849,54.9675,8.59765936357125,122.15,532.72,34226.15,0.8
GP,2019-11-07,2019,311,1.21,-6.42,4.24,0.144630247551449,62.883,9.7887013806033,139.74,378.07,34062.43,-2.605
GP,2019-11-08,2019,312,-0.92,-8.61,0,0.126539643806688,85.3875,13.22883105687,189.75,319.04,33900.88,-4.765
GP,2019-11-09,2019,313,0.13,-9.1,0,0.155225109495126,96.8625,14.9361026328675,215.25,307.03,33741.58,-4.485
GP,2019-11-10,2019,314,2.83,-7,0,0.193883772015861,99.9405,15.3390254762101,222.09,361.41,33584.59,-2.085
GP,2019-11-11,2019,315,-4.72,-9.2,5.37,0.0635345852584126,41.742,6.3771382242,92.76,304.62,33430,-6.96
GP,2019-11-12,2019,316,-5.31,-11.18,10.71,0.0763228575702968,53.478,8.1329295125448,118.84,260.32,33277.88,-8.245
GP,2019-11-13,2019,317,-5.06,-15.93,0,0.122228916440064,105.7005,16.0026727153783,234.89,176.5,33128.31,-10.495
GP,2019-11-14,2019,318,-2.4,-14.68,0.71,0.158778716658961,109.449,16.4966802988248,243.22,195.83,32981.36,-8.54
GP,2019-11-15,2019,319,1.98,-14.05,2.07,0.249598464276953,85.5585,12.8393909230464,190.13,206.22,32837.12,-6.035
GP,2019-11-16,2019,320,-5.31,-16.97,0,0.125666905185534,103.9095,15.5260661015948,230.91,161.75,32695.65,-11.14
GP,2019-11-17,2019,321,-3.73,-17.03,0,0.152010550171506,106.3125,15.8177816980313,236.25,161.03,32557.05,-10.38
GP,2019-11-18,2019,322,-0.2,-14.33,0,0.2007229468787,106.4385,15.7705355619441,236.53,201.59,32421.38,-7.265
GP,2019-11-19,2019,323,0.46,-2.15,2.46,0.0551082864786679,23.148,3.4157072157228,51.44,521.71,32288.73,-0.845
GP,2019-11-20,2019,324,1.47,-1.59,3.77,0.0678112457855418,27.351,4.0197067960626,60.78,543.8,32159.18,-0.06
GP,2019-11-21,2019,325,1.55,-5.09,1.3,0.132610082797315,71.5815,10.4788116117986,159.07,418.48,32032.81,-1.77
GP,2019-11-22,2019,326,3.94,-7.33,7.16,0.228735291207807,71.622,10.4444416845126,159.16,352.49,31909.69,-1.695
GP,2019-11-23,2019,327,-1.78,-10.39,0,0.129967787018484,83.61,12.14684767323,185.8,277.29,31789.9,-6.085
GP,2019-11-24,2019,328,2.08,-7.85,0,0.186041977825669,88.7985,12.8534081284319,197.33,338.33,31673.53,-2.885
GP,2019-11-25,2019,329,4.66,-2.15,0,0.16487737080212,69.2685,9.9907429367088,153.93,521.7,31560.64,1.255
GP,2019-11-26,2019,330,4.37,-1.51,0,0.143990459287491,61.272,8.8067797252128,136.16,546.64,31451.32,1.43
GP,2019-11-27,2019,331,2.3,-3.6,6.58,0.126632013590318,45.6795,6.5435689520766,101.51,468.08,31345.64,-0.65
GP,2019-11-28,2019,332,-0.34,-3.96,3.31,0.0706009946985929,29.8575,4.263161862492,66.35,455.55,31243.68,-2.15
GP,2019-11-29,2019,333,-3.39,-10.64,0,0.102681816478713,71.379,10.1597285873853,158.62,271.69,31145.51,-7.015
GP,2019-11-30,2019,334,-7.3,-15.02,0,0.0823023957851227,73.5075,10.4310037445872,163.35,190.35,31051.19,-11.16
GP,2019-12-01,2019,335,-6.91,-17.85,0,0.107757027182197,87.3945,12.365522614692,194.21,150.17,30960.8,-12.38
GP,2019-12-02,2019,336,-3.01,-13.25,0,0.135327012259826,82.7685,11.6783087206685,183.93,220.13,30874.41,-8.13
GP,2019-12-03,2019,337,-1.22,-12.38,0,0.161725195775443,84.627,11.9086949885112,188.06,236.37,30792.08,-6.8
GP,2019-12-04,2019,338,-2.6,-12.92,0,0.139789434755873,81.1305,11.3876742569238,180.29,226.23,30713.88,-7.76
GP,2019-12-05,2019,339,-0.69,-6.92,0,0.108967574115726,57.1815,8.0067915164763,127.07,363.79,30639.86,-3.805
GP,2019-12-06,2019,340,-3.78,-11.25,0.66,0.102351623219394,65.6775,9.1754985843675,145.95,258.73,30570.1,-7.515
GP,2019-12-07,2019,341,-5.89,-14.08,0,0.0947147809554485,69.552,9.6959771777232,154.56,205.8,30504.63,-9.985
GP,2019-12-08,2019,342,-1.62,-15.16,0,0.177785670423621,86.7375,12.06751830912,192.75,188.18,30443.52,-8.39
GP,2019-12-09,2019,343,4.34,-2.12,10.39,0.154971616836573,41.4855,5.76099686858535,92.19,522.77,30386.81,1.11
GP,2019-12-10,2019,344,6.93,-11.35,3.07,0.37005094400059,67.3875,9.34185456073125,149.75,256.71,30334.55,-2.21
GP,2019-12-11,2019,345,-6.48,-15.57,0.93,0.097990437846677,70.6905,9.784319891778,157.09,181.92,30286.8,-11.025
GP,2019-12-12,2019,346,-7.57,-15.11,0,0.0792859653314893,61.6815,8.52519224670435,137.07,189.01,30243.57,-11.34
GP,2019-12-13,2019,347,-0.51,-8.36,0,0.132205944970782,62.775,8.66524030821,139.5,325.19,30204.92,-4.435
GP,2019-12-14,2019,348,3.94,-2.62,17.46,0.15316701735371,40.7205,5.6145800680128,90.49,503.57,30170.88,0.66
GP,2019-12-15,2019,349,2.09,-12.85,3.31,0.241693528315601,64.512,8.8863033627648,143.36,227.51,30141.47,-5.38
GP,2019-12-16,2019,350,-7.32,-15.16,0,0.0831119712065335,64.6245,8.8944903303948,143.61,188.17,30116.72,-11.24
GP,2019-12-17,2019,351,-3.63,-8.84,0,0.0776787292575525,47.052,6.4716137716824,104.56,313.21,30096.66,-6.235
GP,2019-12-18,2019,352,-4.64,-14.32,3.19,0.116323163906968,56.0745,7.70864536319985,124.61,201.77,30081.29,-9.48
GP,2019-12-19,2019,353,-12.65,-17.89,0,0.0417352928278031,48.3615,6.6459739415652,107.47,149.62,30070.64,-15.27
GP,2019-12-20,2019,354,-8.76,-16.66,0,0.0754114230112319,65.6235,9.01638833985045,145.83,166.12,30064.71,-12.71
GP,2019-12-21,2019,355,-9.98,-17.26,0,0.0651420988640902,61.9425,8.5102921537875,137.65,157.87,30063.5,-13.62
GP,2019-12-22,2019,356,-2.62,-14.29,3.32,0.15148597837427,60.3675,8.29487645120925,134.15,202.18,30067.03,-8.455
GP,2019-12-23,2019,357,3.79,-3.38,0,0.162566137594408,59.418,8.1666493507728,132.04,476.08,30075.28,0.205
GP,2019-12-24,2019,358,-1.88,-11.08,0,0.135610140908005,71.838,9.877962244995,159.64,262.27,30088.25,-6.48
GP,2019-12-25,2019,359,-5.71,-12.44,0,0.0828407829507225,58.5405,8.05424201190405,130.09,235.1,30105.93,-9.075
GP,2019-12-26,2019,360,-5.52,-14.47,0,0.103655020968204,71.2125,9.8049878463375,158.25,199.24,30128.3,-9.995
GP,2019-12-27,2019,361,0.86,-6.28,2.59,0.134503734048193,45.1035,6.2157089960433,100.23,381.95,30155.34,-2.71
GP,2019-12-28,2019,362,3.01,-2.04,0.68,0.116365634764817,44.514,6.1409167221294,98.92,525.74,30187.03,0.485
GP,2019-12-29,2019,363,-1.65,-6.49,0,0.0831371052230209,44.01,6.078690413838,97.8,376.01,30223.34,-4.07
GP,2019-12-30,2019,364,-4.23,-8.07,6.64,0.0576410110707755,27.4455,3.7959205990644,60.99,332.67,30264.24,-6.15
GP,2019-12-31,2019,365,-1.97,-4.84,7.93,0.0515343603750422,21.438,2.9694906433854,47.64,426.48,30309.69,-3.405
GP,2020-01-01,2020,1,0.55,-6.13,0,0.124914112711226,60.129,8.3425799039517,133.62,386.56,30359.89,-2.79
GP,2020-01-02,2020,2,0,-4.95,1.51,0.0942728436278554,46.845,6.511156372494,104.1,422.95,30414.36,-2.475
GP,2020-01-03,2020,3,2.71,-2.41,0,0.115312398963149,48.1635,6.7073837811057,107.03,511.73,30473.26,0.15
GP,2020-01-04,2020,4,-0.19,-4.14,2.78,0.0766586864068632,28.962,4.0417033471002,64.36,449.7,30536.53,-2.165
GP,2020-01-05,2020,5,-6.26,-11.52,0,0.0655863874669755,51.417,7.1912289133566,114.26,253.19,30604.14,-8.89
GP,2020-01-06,2020,6,-9.49,-16.37,4.39,0.0646387979198085,48.9105,6.8567342062797,108.69,170.16,30676.02,-12.93
GP,2020-01-07,2020,7,-3.69,-14.38,2.55,0.132819970733819,64.5795,9.0758213582778,143.51,200.8,30752.12,-9.035
GP,2020-01-08,2020,8,-1.97,-12.17,2.59,0.144860353803227,63.378,8.9302093325802,140.84,240.27,30832.37,-7.07
GP,2020-01-09,2020,9,-10.94,-20.19,0,0.0721503501784638,82.2555,11.6218310971572,182.79,122.82,30916.72,-15.565
GP,2020-01-10,2020,10,-0.64,-15.41,2.9,0.199857093335206,74.2725,10.5239161441575,165.05,184.36,31005.1,-8.025
GP,2020-01-11,2020,11,1.46,-5.57,34.49,0.13788820781393,50.9535,7.24127430788775,113.23,403.52,31097.45,-2.055
GP,2020-01-12,2020,12,-8.88,-13.25,7.58,0.0469649506177357,35.2575,5.02613867004975,78.35,220.16,31193.69,-11.065
GP,2020-01-13,2020,13,-9.87,-17.61,0,0.0686680556103855,76.4235,10.9295110172813,169.83,153.29,31293.75,-13.74
GP,2020-01-14,2020,14,-7.89,-21.39,3.02,0.114203681798274,76.527,10.9806181087284,170.06,110.65,31397.56,-14.64
GP,2020-01-15,2020,15,-1.7,-9.73,1.93,0.124264669766807,79.254,11.410838633439,176.12,292.01,31505.05,-5.715
GP,2020-01-16,2020,16,-3.56,-13.54,2.32,0.128068760552083,68.8905,9.95369938379775,153.09,214.98,31616.15,-8.55
GP,2020-01-17,2020,17,-14.45,-23.65,0,0.0554252241756693,89.9415,13.0423826382944,199.87,90.52,31730.77,-19.05
GP,2020-01-18,2020,18,-12.63,-27.5,13.02,0.0847664253967302,83.115,12.0973254566175,184.7,63.72,31848.85,-20.065
GP,2020-01-19,2020,19,-10.88,-17.98,2.79,0.0599196706620661,58.6755,8.5727411530605,130.39,148.54,31970.3,-14.43
GP,2020-01-20,2020,20,-10.55,-24.23,0,0.0947111971982941,111.366,16.3345337466048,247.48,85.96,32095.04,-17.39
GP,2020-01-21,2020,21,-10.03,-27.99,2.64,0.112988058342324,88.92,13.0942800612,197.6,60.87,32223,-19.01
GP,2020-01-22,2020,22,-2.24,-12.37,0,0.141537623947594,100.5075,14.8608571620848,223.35,236.45,32354.09,-7.305
GP,2020-01-23,2020,23,0.94,-5.3,0,0.121391270867755,72.27,10.730021031675,160.6,411.76,32488.25,-2.18
GP,2020-01-24,2020,24,1.47,-8.01,0,0.172997946820654,98.262,14.6506663592892,218.36,334.15,32625.38,-3.27
GP,2020-01-25,2020,25,-0.08,-8.41,17.63,0.142079586533171,70.0785,10.4934090860104,155.73,324.03,32765.41,-4.245
GP,2020-01-26,2020,26,0.37,-1.44,6,0.0392129992183189,19.377,2.9141215278714,43.06,549.56,32908.26,-0.535
GP,2020-01-27,2020,27,2.01,-2.6,0,0.100875379195132,58.464,8.8313461806528,129.92,504.57,33053.86,-0.295
GP,2020-01-28,2020,28,-2.66,-9.22,0,0.0998063562120614,81.7875,12.409919040015,181.75,303.99,33202.12,-5.94
GP,2020-01-29,2020,29,-7.37,-15.26,0,0.0832447560371979,95.976,14.6289524585472,213.28,186.58,33352.96,-11.315
GP,2020-01-30,2020,30,-5.57,-20.58,0,0.143076460299299,129.9915,19.9048031589996,288.87,118.78,33506.32,-13.075
GP,2020-01-31,2020,31,-3.72,-23.57,0.94,0.187114166689632,136.5345,21.0038936254965,303.41,91.17,33662.1,-13.645
GP,2020-02-01,2020,32,-3.15,-10.71,0,0.10763238349089,92.943,14.3651346155775,206.54,270.28,33820.25,-6.93
GP,2020-02-02,2020,33,-3.07,-11.57,0,0.118174559667776,101.556,15.7708000159164,225.68,252.21,33980.67,-7.32
GP,2020-02-03,2020,34,1.28,-8.48,1.59,0.174364526357405,110.628,17.2618318709676,245.84,322.18,34143.31,-3.6
GP,2020-02-04,2020,35,0.24,-7.56,0,0.138088227139162,95.7555,15.0133062097908,212.79,346.21,34308.08,-3.66
GP,2020-02-05,2020,36,-5.88,-15.7,0,0.10785726938346,114.345,18.0150934786515,254.1,179.91,34474.91,-10.79
GP,2020-02-06,2020,37,-5.83,-14.32,7.83,0.0976488297709457,79.713,12.6203129610534,177.14,201.76,34643.74,-10.075
GP,2020-02-07,2020,38,-5.83,-13.98,20.61,0.0948551855095213,80.073,12.7397920060089,177.94,207.41,34814.49,-9.905
GP,2020-02-08,2020,39,-12.99,-25.01,0,0.0732669477995157,136.458,21.818412491526,303.24,80.1,34987.1,-19.0
GP,2020-02-09,2020,40,-10.91,-29.38,3.43,0.107033482607257,116.595,18.735423772725,259.1,53.45,35161.5,-20.145
GP,2020-02-10,2020,41,-1.04,-12.34,3.47,0.165104442371347,99.8505,16.1251537111195,221.89,237.08,35337.63,-6.69
GP,2020-02-11,2020,42,-2.55,-8.13,0,0.0881196632994041,79.803,12.9524597275311,177.34,331.26,35515.41,-5.34
GP,2020-02-12,2020,43,-0.29,-9.37,0.46,0.149186837380842,119.0385,19.4181779655265,264.53,300.59,35694.79,-4.83
GP,2020-02-13,2020,44,-2.47,-20.96,1.71,0.197876400711229,162.99,26.722535616153,362.2,114.91,35875.71,-11.715
GP,2020-02-14,2020,45,-17.03,-28.57,1.15,0.0524718747623838,142.0515,23.4080298681255,315.67,57.67,36058.1,-22.8
GP,2020-02-15,2020,46,-7.49,-28.17,0,0.144801426684379,169.6725,28.1020975183508,377.05,59.91,36241.91,-17.83
GP,2020-02-16,2020,47,0.44,-8.68,1.14,0.157262992999779,121.428,20.2143323389968,269.84,317.12,36427.08,-4.12
GP,2020-02-17,2020,48,-5.27,-22.85,0,0.1584568558581,168.966,28.272054058101,375.48,97.28,36613.55,-14.06
GP,2020-02-18,2020,49,1.74,-23.97,8.61,0.302627899847661,134.352,22.5955617175728,298.56,88.02,36801.27,-11.115
GP,2020-02-19,2020,50,0.72,-20.4,0,0.261962647365641,177.444,29.9960427346344,394.32,120.59,36990.18,-9.84
GP,2020-02-20,2020,51,-13.14,-27.31,0,0.0794688861784319,162.2745,27.572652775427,360.61,64.89,37180.23,-20.225
GP,2020-02-21,2020,52,-4.77,-27.96,0,0.184476775316554,184.617,31.5302132838753,410.26,61.07,37371.37,-16.365
GP,2020-02-22,2020,53,1.11,-6.88,0,0.149003542057022,109.2465,18.7538516809578,242.77,364.75,37563.56,-2.885
GP,2020-02-23,2020,54,3.87,-7.67,0,0.231345374569777,144.198,24.8811200229564,320.44,343.32,37756.74,-1.9
GP,2020-02-24,2020,55,6.57,-5.81,0,0.288024790238019,150.588,26.1172945629576,334.64,396.14,37950.86,0.38
GP,2020-02-25,2020,56,4.67,-7.57,0,0.253294846674517,149.778,26.1103002189048,332.84,345.91,38145.88,-1.45
GP,2020-02-26,2020,57,1.94,-6.65,0,0.165847501087545,116.487,20.4110668488384,258.86,371.43,38341.76,-2.355
GP,2020-02-27,2020,58,0.58,-8.85,14.32,0.162471442508845,96.1335,16.9311008996527,213.63,313.02,38538.45,-4.135
GP,2020-02-28,2020,59,-8.66,-16.33,0,0.0744107373352,111.051,19.6585932442437,246.78,170.69,38735.91,-12.495
GP,2020-02-29,2020,60,-8.32,-18.16,0,0.0908917899304087,138.9735,24.7273868777306,308.83,146.25,38934.09,-13.24
GP,2020-03-01,2020,61,-3.15,-16.27,0,0.157104021162693,170.6445,30.517665273184,379.21,171.51,39132.97,-9.71
GP,2020-03-02,2020,62,-2.62,-19.94,2.22,0.18977640343363,145.3365,26.1241535564064,322.97,125.53,39332.48,-11.28
GP,2020-03-03,2020,63,2.22,-4.83,8.6,0.145346385187715,79.9425,14.4427340344073,177.65,426.64,39532.61,-1.305
GP,2020-03-04,2020,64,3.28,-1.51,0,0.112912700431161,75.8655,13.7757505542088,168.59,546.96,39733.31,0.885
GP,2020-03-05,2020,65,5.22,-7.83,0,0.273515886071358,173.205,31.6100672586675,384.9,338.87,39934.55,-1.305
GP,2020-03-06,2020,66,1.03,-5.52,0,0.126961759231752,103.9185,19.0610222002326,230.93,404.9,40136.28,-2.245
GP,2020-03-07,2020,67,2.44,-13.7,0,0.258218568356326,197.127,36.3397422096072,438.06,212.33,40338.48,-5.63
GP,2020-03-08,2020,68,5.47,-8.5,0,0.28975151987927,183.312,33.962732463024,407.36,321.77,40541.1,-1.515
GP,2020-03-09,2020,69,-0.47,-5.15,7.3,0.0873483365660634,58.374,10.8692781499134,129.72,416.44,40744.13,-2.81
GP,2020-03-10,2020,70,1.95,-5.37,8.08,0.147041105929136,90.369,16.9107618775383,200.82,409.56,40947.51,-1.71
GP,2020-03-11,2020,71,-2.67,-10.8,0,0.117435204791147,135.5625,25.4940357291188,301.25,268.31,41151.23,-6.735
GP,2020-03-12,2020,72,0.79,-14.1,0.38,0.22118943749192,201.735,38.126592990198,448.3,205.4,41355.24,-6.655
GP,2020-03-13,2020,73,5.77,-2.92,17.28,0.213742948050863,105.3495,20.0087151607368,234.11,492.5,41559.52,1.425
GP,2020-03-14,2020,74,2.27,-3.82,0,0.129479108105899,107.5815,20.5331839765182,239.07,460.64,41764.04,-0.775
GP,2020-03-15,2020,75,-1.33,-11.18,0,0.147597736963286,165.132,31.6718682593148,366.96,260.22,41968.77,-6.255
GP,2020-03-16,2020,76,-1.75,-18.2,4.41,0.19639960676419,167.454,32.2740242943426,372.12,145.76,42173.67,-9.975
GP,2020-03-17,2020,77,3.41,-7.53,5.89,0.216766307479282,135.936,26.3268209140992,302.08,346.94,42378.71,-2.06
GP,2020-03-18,2020,78,1.68,-10.94,0,0.212469343374465,202.122,39.3346251996552,449.16,265.39,42583.88,-4.63
GP,2020-03-19,2020,79,5.58,-4.97,2.59,0.242978021800167,139.0005,27.181036823062,308.89,422.15,42789.13,0.305
GP,2020-03-20,2020,80,7.53,-1.1,10.48,0.237051779655387,123.1065,24.1885302773202,273.57,563.69,42994.44,3.215
GP,2020-03-21,2020,81,-3.07,-13.31,0,0.134749729619894,193.473,38.1960190342458,429.94,219.08,43199.78,-8.19
GP,2020-03-22,2020,82,-1.67,-18.83,0,0.20178288726886,246.3705,48.8703856453754,547.49,138.14,43405.11,-10.25
GP,2020-03-23,2020,83,1.28,-16.37,0.93,0.250419608600347,247.9815,49.4226185682411,551.07,170.14,43610.42,-7.545
GP,2020-03-24,2020,84,7.52,-3.49,0,0.282774387853811,201.69,40.385923944111,448.2,471.96,43815.67,2.015
GP,2020-03-25,2020,85,6.89,-9.02,0,0.34254360747176,241.605,48.604943570274,536.9,308.89,44020.84,-1.065
GP,2020-03-26,2020,86,5.6,-0.24,5.98,0.154288465854665,93.996,18.9977450813136,208.88,600.23,44225.88,2.68
GP,2020-03-27,2020,87,6.87,-0.91,0,0.210314610112712,161.6715,32.8271821788789,359.27,571.47,44430.78,2.98
GP,2020-03-28,2020,88,6.86,-8.92,0,0.34025844052791,246.0105,50.1822748871474,546.69,311.37,44635.51,-1.03
GP,2020-03-29,2020,89,5.27,-2.39,22.6,0.188178545352499,120.2895,24.6495964842905,267.31,512.28,44840.03,1.44
GP,2020-03-30,2020,90,2.74,0.02,1.85,0.0660567119523741,65.3805,13.4587391604943,145.29,611.65,45044.31,1.38
GP,2020-03-31,2020,91,8.53,-2.01,0,0.292141103670689,207.1575,42.8370363134258,460.35,526.85,45248.33,3.26
GP,2020-04-01,2020,92,5.69,-3.83,0,0.227548360736905,199.377,41.4137576023956,443.06,459.98,45452.04,0.93
GP,2020-04-02,2020,93,5.72,-1.79,11.04,0.190390483978031,125.5185,26.1888469833793,278.93,535.75,45655.43,1.965
GP,2020-04-03,2020,94,12.07,2.17,0,0.34605254385384,200.025,41.9198626279125,444.5,714.25,45858.45,7.12
GP,2020-04-04,2020,95,10.25,0.54,0,0.305670905422133,201.0015,42.3106420043034,446.67,635.31,46061.08,5.395
GP,2020-04-05,2020,96,6.12,-0.58,0.82,0.178225328385086,153.2205,32.3943668221068,340.49,585.59,46263.28,2.77
GP,2020-04-06,2020,97,10.2,-3.86,0,0.391947331060029,249.2955,52.9366768050794,553.99,459.16,46465.01,3.17
GP,2020-04-07,2020,98,8.22,-4.37,0,0.323007849208114,240.5205,51.2945473088813,534.49,441.94,46666.25,1.925
GP,2020-04-08,2020,99,7.39,-4.73,0,0.299129826978902,235.5075,50.4414582979612,523.35,430.03,46866.95,1.33
GP,2020-04-09,2020,100,2.85,-0.99,14.9,0.0908579166430237,71.2935,15.3349862866686,158.43,568.07,47067.08,0.93
GP,2020-04-10,2020,101,5.89,-0.18,0,0.162350370178072,144.6435,31.244205508947,321.43,602.69,47266.6,2.855
GP,2020-04-11,2020,102,5.34,-1.5,0,0.172954270051047,164.727,35.7321192584733,366.06,547.05,47465.47,1.92
GP,2020-04-12,2020,103,11.69,-5.17,0,0.478202022257635,271.1385,59.0601814754787,602.53,415.93,47663.66,3.26
GP,2020-04-13,2020,104,8.97,1.59,32.39,0.229457187882054,128.07,28.012151527488,284.6,685.12,47861.12,5.28
GP,2020-04-14,2020,105,7.32,0.14,0,0.203194248790373,169.6725,37.2641856662183,377.05,616.8,48057.81,3.73
GP,2020-04-15,2020,106,4.36,-4.14,0,0.192411766206076,200.0025,44.1044239584083,444.45,449.4,48253.69,0.11
GP,2020-04-16,2020,107,4.15,-7.79,0,0.24114719486742,247.9815,54.9057338694131,551.07,339.92,48448.71,-1.82
GP,2020-04-17,2020,108,4.69,-7.47,0,0.252453566842168,251.163,55.8329770167444,558.14,348.69,48642.84,-1.39
GP,2020-04-18,2020,109,8.1,-8.72,0,0.381711727079051,280.3905,62.5777232207517,623.09,316.14,48836.02,-0.31
GP,2020-04-19,2020,110,6,-4.96,8.51,0.256034293655514,176.733,39.5986050553401,392.74,422.63,49028.21,0.52
GP,2020-04-20,2020,111,3.16,-7.89,0,0.214651550417822,239.3235,53.8316162914433,531.83,337.46,49219.35,-2.365
GP,2020-04-21,2020,112,6.93,-7.27,5.37,0.321333426031978,202.8825,45.8110721331653,450.85,354,49409.41,-0.17
GP,2020-04-22,2020,113,-1.3,-7.08,0,0.0985867463552288,154.5345,35.0274577299228,343.41,359.27,49598.32,-4.19
GP,2020-04-23,2020,114,6.63,-7.97,0,0.320512731756325,277.947,63.2391137016516,617.66,335.33,49786.04,-0.67
GP,2020-04-24,2020,115,11.15,-7.65,0,0.490341924405485,294.2865,67.2074942430056,653.97,343.73,49972.51,1.75
GP,2020-04-25,2020,116,13.46,-3.74,0,0.538984867181219,286.029,65.5637383109304,635.62,463.2,50157.68,4.86
GP,2020-04-26,2020,117,13.76,-3.76,0,0.554413148225887,286.3395,65.8754529223725,636.31,462.6,50341.5,5.0
GP,2020-04-27,2020,118,12.5,0.23,0,0.413137558085025,250.3125,57.7956987554063,556.25,620.89,50523.89,6.365
GP,2020-04-28,2020,119,13.56,-0.68,0,0.484895966117325,266.481,61.7492389243977,592.18,581.13,50704.81,6.44
GP,2020-04-29,2020,120,16.44,-2.1,2.17,0.671725041313417,214.92,49.97766744648,477.6,523.36,50884.2,7.17
GP,2020-04-30,2020,121,7.76,4.73,29.12,0.0987780499806864,57.7755,13.4821006144893,128.39,855.87,51061.98,6.245
GP,2020-05-01,2020,122,13.85,4.02,4.68,0.38310067287615,158.7555,37.1738961985199,352.79,813.87,51238.11,8.935
GP,2020-05-02,2020,123,18.16,-1.21,1.78,0.760743985437411,288.2835,67.7337121270494,640.63,559.21,51412.52,8.475
GP,2020-05-03,2020,124,18.5,4.4,5.98,0.644382604822685,190.0665,44.8070453579327,422.37,836.21,51585.13,11.45
GP,2020-05-04,2020,125,9.57,4.04,0,0.188116455728131,128.826,30.4704945830898,286.28,814.98,51755.89,6.805
GP,2020-05-05,2020,126,11.25,0.1,0,0.358916521028009,227.5785,54.0034609996764,505.73,614.98,51924.72,5.675
GP,2020-05-06,2020,127,14.04,-1.03,0,0.516764416888611,266.7645,63.5055378363234,592.81,566.47,52091.56,6.505
GP,2020-05-07,2020,128,15.1,-2.56,0,0.60388352574882,282.0735,67.3623882549243,626.83,505.81,52256.34,6.27
GP,2020-05-08,2020,129,7.74,-3.14,0,0.284084058829177,225.4545,54.0086938136937,501.01,484.73,52418.98,2.3
GP,2020-05-09,2020,130,5.27,-2.03,0,0.181217681936803,164.5695,39.5440601679572,365.71,526.15,52579.41,1.62
GP,2020-05-10,2020,131,7.61,-0.86,0,0.235220853176563,184.653,44.5033309680855,410.34,573.35,52737.55,3.375
GP,2020-05-11,2020,132,11.79,-0.26,0,0.39098287488534,234.3915,56.6577250246193,520.87,599.19,52893.35,5.765
GP,2020-05-12,2020,133,8.62,-2.55,0,0.305816222122561,227.5515,55.1638126285785,505.67,506.25,53046.7,3.035
GP,2020-05-13,2020,134,13.54,-4.48,0,0.555619447657922,283.8105,68.9979663177368,630.69,438.06,53197.55,4.53
GP,2020-05-14,2020,135,18.94,-3.39,3.4,0.854845379825351,221.238,53.9356999399812,491.64,475.54,53345.82,7.775
GP,2020-05-15,2020,136,13.03,5.91,2.94,0.284290343472572,110.619,27.0414549676386,245.82,928.85,53491.42,9.47
GP,2020-05-16,2020,137,18,6.26,0,0.553840163281982,217.746,53.3714301932616,483.88,951.55,53634.28,12.13
GP,2020-05-17,2020,138,20.41,3.52,0,0.826745337363702,265.3515,65.2097708838036,589.67,762.79,53774.32,11.965
GP,2020-05-18,2020,139,18.07,2.96,0,0.658138832026122,253.521,62.4613307355162,563.38,753.9,53911.46,10.515
GP,2020-05-19,2020,140,19.26,1.99,0,0.788539879392098,267.804,66.1445038084536,595.12,678.27,54045.62,10.625
GP,2020-05-20,2020,141,25.11,1.18,0,1.32616907649347,291.0555,72.0617357387772,646.79,597.72,54176.72,13.145
GP,2020-05-21,2020,142,28.11,4.72,0,1.56821228256887,284.535,70.6137433090155,632.3,758.04,54304.69,16.415
GP,2020-05-22,2020,143,28.55,6.55,0,1.56499710260154,275.4585,68.5182345865034,612.13,868.24,54429.43,17.55
GP,2020-05-23,2020,144,18.95,6.83,0,0.597939012736461,204.7365,51.0403113875165,454.97,989.6,54550.89,12.89
GP,2020-05-24,2020,145,25.03,3.22,0,1.26694840801305,277.3215,69.2852250908174,616.27,701.39,54668.97,14.125
GP,2020-05-25,2020,146,21.74,10.03,0,0.683145643023289,195.516,48.949591442832,434.48,1229.6,54783.6,15.885
GP,2020-05-26,2020,147,30.64,10.98,2.36,1.54147621028562,190.3905,47.7630409690454,423.09,1310.39,54894.71,20.81
GP,2020-05-27,2020,148,32.94,15.96,0,1.71327919982393,229.473,57.6803561584581,509.94,1695.38,55002.21,24.45
GP,2020-05-28,2020,149,30.93,17.37,0,1.30345506858342,197.9865,49.8598425392792,439.97,1920.52,55106.03,24.15
GP,2020-05-29,2020,150,30.73,19.79,6.76,1.05293816998056,123.9435,31.2699382569495,275.43,2307.52,55206.1,25.26
GP,2020-05-30,2020,151,19.71,9.55,10.31,0.550115890099807,127.278,32.167190340081,282.84,1190.62,55302.35,14.63
GP,2020-05-31,2020,152,9.41,2.7,0.53,0.218571134763397,123.543,31.275377318997,274.54,741.4,55394.7,6.055
GP,2020-06-01,2020,153,14.34,-0.41,1.75,0.51914246552374,231.858,58.7893861451754,515.24,592.89,55483.09,6.965
GP,2020-06-02,2020,154,17.11,-0.96,0,0.698490175994839,254.844,64.715912711046,566.32,560,55567.45,8.075
GP,2020-06-03,2020,155,18.85,8.64,0,0.525934740755233,169.7805,43.1768848463834,377.29,1119.69,55647.71,13.745
GP,2020-06-04,2020,156,24.25,6.67,0,1.0705866576657,240.3495,61.2068886971613,534.11,930.09,55723.82,15.46
GP,2020-06-05,2020,157,28.96,8.68,2.55,1.43310063780761,185.778,47.3708624345766,412.84,1122.83,55795.71,18.82
GP,2020-06-06,2020,158,22.37,12.77,2.83,0.611465765787587,104.0445,26.5620793736718,231.21,1474.21,55863.32,17.57
GP,2020-06-07,2020,159,20.79,5.77,0,0.76476640842207,198.459,50.7230656595343,441.02,919.96,55926.61,13.28
GP,2020-06-08,2020,160,22.1,8.64,0,0.766685133408411,181.224,46.3668538355136,402.72,1120.08,55985.52,15.37
GP,2020-06-09,2020,161,23.17,10.76,0,0.769931974919771,168.156,43.0652147520708,373.68,1291.35,56039.99,16.965
GP,2020-06-10,2020,162,23.45,6.99,4.01,0.939655692056094,152.9415,39.2036865295235,339.87,1000.88,56089.99,15.22
GP,2020-06-11,2020,163,26.75,14.93,1.44,0.904335748016847,155.736,39.9523800676896,346.08,1696.37,56135.48,20.84
GP,2020-06-12,2020,164,21.6,6.18,0,0.821958219787604,198.5445,50.9715737650697,441.21,938.39,56176.41,13.89
GP,2020-06-13,2020,165,17.64,5.11,0,0.56727701743617,177.2775,45.5412189517313,393.95,878.64,56212.75,11.375
GP,2020-06-14,2020,166,20.75,2.89,0,0.868007133489493,217.4895,55.902898177357,483.31,729.77,56244.47,11.82
GP,2020-06-15,2020,167,24.97,4.08,0,1.23474635902753,229.464,59.0091774313392,509.92,751.94,56271.54,14.525
GP,2020-06-16,2020,168,28.08,5.8,0,1.53961748839657,232.281,59.7573779345298,516.18,816.62,56293.94,16.94
GP,2020-06-17,2020,169,30.76,7.8,0,1.81743026523396,231.3135,59.5271969748968,514.03,923.61,56311.65,19.28
GP,2020-06-18,2020,170,33.56,11.77,0,2.08127376145412,221.8095,57.0945750155797,492.91,1200.53,56324.65,22.665
GP,2020-06-19,2020,171,33.56,11.46,0,2.12724842213581,224.172,57.7111737186972,498.16,1140.58,56332.93,22.51
GP,2020-06-20,2020,172,33.49,14.29,0,1.9765901606362,208.2735,53.6216286315685,462.83,1418.46,56336.49,23.89
GP,2020-06-21,2020,173,32.87,12.37,0,1.97933024477738,217.4895,55.9931964466698,483.31,1231.77,56335.32,22.62
GP,2020-06-22,2020,174,33.32,15.96,8.24,1.65161692460651,143.577,36.9603737485038,319.06,1811.05,56329.42,24.64
GP,2020-06-23,2020,175,32.78,16.61,17.16,1.53544418878771,138.0375,35.52766604235,306.75,1889.03,56318.8,24.695
GP,2020-06-24,2020,176,23.96,17.74,3.13,0.46884394910257,63.954,16.4557998674388,142.12,2029.77,56303.46,20.85
GP,2020-06-25,2020,177,21.84,10.34,0,0.677683542048266,157.6215,40.5426574841747,350.27,1255.87,56283.43,16.09
GP,2020-06-26,2020,178,25,9.59,1.95,1.01152594034014,193.7475,49.8129287798633,430.55,1165.74,56258.71,17.295
GP,2020-06-27,2020,179,20.74,13.49,8.4,0.447569196186619,78.9795,20.295207165119,175.51,1545.46,56229.33,17.115
GP,2020-06-28,2020,180,24.05,14.63,5.71,0.66028965267397,98.568,25.3135055790432,219.04,1664.17,56195.32,19.34
GP,2020-06-29,2020,181,25.04,16.19,3.04,0.663267961917942,92.178,23.656204177182,204.84,1839.75,56156.7,20.615
GP,2020-06-30,2020,182,24.1,15.73,0,0.603025349949913,117.279,30.074873710905,260.62,1786.77,56113.5,19.915
GP,2020-07-01,2020,183,30.2,12.56,0,1.52507759913699,205.2135,52.5799197159601,456.03,1343.99,56065.77,21.38
GP,2020-07-02,2020,184,30.18,14.26,0,1.44867003278105,192.645,49.3136376526575,428.1,1502.98,56013.55,22.22
GP,2020-07-03,2020,185,28.87,12.01,0,1.39739886843028,200.7495,51.336243490477,446.11,1287.72,55956.87,20.44
GP,2020-07-04,2020,186,28.84,11.89,0,1.40030587656435,201.5865,51.494013585716,447.97,1275.85,55895.79,20.365
GP,2020-07-05,2020,187,24.03,11.14,0,0.840946236357864,172.152,43.923670308324,382.56,1312.14,55830.35,17.585
GP,2020-07-06,2020,188,27.3,9.29,0,1.33166251985132,210.6855,53.6881406315684,468.19,1063.94,55760.61,18.295
GP,2020-07-07,2020,189,30.09,12.08,3.16,1.42359799514837,152.892,38.9091568820328,339.76,1409.44,55686.62,21.085
GP,2020-07-08,2020,190,30.68,19.7,0,1.05382265706648,138.0645,35.0864101922166,306.81,2293.92,55608.44,25.19
GP,2020-07-09,2020,191,31.93,18.41,0,1.41017576044825,164.412,41.7202782446376,365.36,2011.45,55526.14,25.17
GP,2020-07-10,2020,192,35.01,18.25,0.94,1.98751306055814,188.7525,47.8222946302365,419.45,1868.99,55439.78,26.63
GP,2020-07-11,2020,193,25.27,20.2,9.94,0.420772139503206,52.344,13.2402498849936,116.32,2366.97,55349.42,22.735
GP,2020-07-12,2020,194,26.82,19.97,0,0.592011010756118,93.5685,23.6275381155208,207.93,2333.32,55255.13,23.395
GP,2020-07-13,2020,195,26.26,15.41,0,0.882104481373341,147.366,37.1461642620876,327.48,1695.2,55156.98,20.835
GP,2020-07-14,2020,196,25.47,16.01,0,0.714776043055313,132.201,33.2619742376928,293.78,1818.83,55055.04,20.74
GP,2020-07-15,2020,197,25.2,9.81,0,1.14897941914989,199.377,50.0672863907082,443.06,1056.1,54949.38,17.505
GP,2020-07-16,2020,198,25.01,14.32,16.4,0.765452854658652,114.111,28.5984088206543,253.58,1630.83,54840.09,19.665
GP,2020-07-17,2020,199,24.97,16.44,6.44,0.642296449604997,95.5935,23.9082589281699,212.43,1868.86,54727.22,20.705
GP,2020-07-18,2020,200,29.77,16.2,7.95,1.16933275720089,135.549,33.8291910965691,301.22,1840.12,54610.87,22.985
GP,2020-07-19,2020,201,27.76,18.34,0.23,0.804760150558005,140.337,34.9473333915999,311.86,2107.84,54491.11,23.05
GP,2020-07-20,2020,202,27.57,19.69,0,0.691983234800331,121.9815,30.3077437519946,271.07,2292.5,54368.01,23.63
GP,2020-07-21,2020,203,23.63,12.28,0,0.794851525326707,176.724,43.8071202668088,392.72,1374.46,54241.66,17.955
GP,2020-07-22,2020,204,25.29,10.81,8.98,0.959583071835221,152.694,37.7600709324654,339.32,1295.86,54112.13,18.05
GP,2020-07-23,2020,205,25.88,14.74,0,0.86620221010932,172.548,42.56523028062,383.44,1636.4,53979.5,20.31
GP,2020-07-24,2020,206,29.91,12.35,0,1.55974258062175,217.6425,53.5545052649663,483.65,1263.99,53843.85,21.13
GP,2020-07-25,2020,207,30.12,12.97,10.78,1.39311874730331,157.869,38.7462755222091,350.82,1485.89,53705.27,21.545
GP,2020-07-26,2020,208,27.55,18.6,6.49,0.765143700855201,103.1625,25.2528035440275,229.25,2142.03,53563.82,23.075
GP,2020-07-27,2020,209,26.12,19.01,6.35,0.589182113480565,84.744,20.6883430887672,188.32,2197.49,53419.59,22.565
GP,2020-07-28,2020,210,29.2,19.29,0.15,0.902436805789523,146.6685,35.7073345787697,325.93,2236.86,53272.66,24.245
GP,2020-07-29,2020,211,26.06,15.66,7.03,0.793659715934329,118.161,28.6862546892447,262.58,1777.73,53123.11,20.86
GP,2020-07-30,2020,212,25.12,15.24,2.12,0.725914224777738,113.8365,27.557257115983,252.97,1730.52,52971.01,20.18
GP,2020-07-31,2020,213,26.71,13.77,0,1.0357157144622,185.175,44.6958906833925,411.5,1499.65,52816.43,20.24
GP,2020-08-01,2020,214,29.07,13.86,0,1.35460045581378,200.8485,48.3349411317717,446.33,1443.69,52659.46,21.465
GP,2020-08-02,2020,215,25.4,14.76,17.11,0.778536622896866,122.139,29.3042944647891,271.42,1678.37,52500.17,20.08
GP,2020-08-03,2020,216,24.95,17.73,3.54,0.560585866161129,89.361,21.3740417653128,198.58,2028.09,52338.64,21.34
GP,2020-08-04,2020,217,20.2,12.78,74.63,0.442675486034511,96.984,23.1248096888184,215.52,1475.39,52174.93,16.49
GP,2020-08-05,2020,218,24.7,16.21,0,0.630469139111188,141.9975,33.7502106178897,315.55,1841.89,52009.13,20.455
GP,2020-08-06,2020,219,25.11,9.99,0,0.977586165715754,208.8135,49.4709867270266,464.03,1226.28,51841.29,17.55
GP,2020-08-07,2020,220,26.95,10.39,0,1.14351474649683,212.7195,50.2313081729413,472.71,1259.96,51671.49,18.67
GP,2020-08-08,2020,221,28.34,12.04,0,1.22115359235686,208.071,48.9703695369507,462.38,1405.22,51499.81,20.19
GP,2020-08-09,2020,222,24.38,13.12,0,0.768445573946869,175.329,41.125379056839,389.62,1508.3,51326.3,18.75
GP,2020-08-10,2020,223,25.3,17.07,0,0.635266107796485,134.4285,31.4240340001424,298.73,1945.28,51151.03,21.185
GP,2020-08-11,2020,224,30.32,17.1,12.29,1.18101365215173,134.856,31.4149074705144,299.68,1949.6,50974.07,23.71
GP,2020-08-12,2020,225,29.02,15.4,0,1.12675322114883,184.6755,42.8697106470018,410.39,1748.32,50795.48,22.21
GP,2020-08-13,2020,226,27.98,13.19,0,1.12579896453831,193.6125,44.7849058488863,430.25,1515.59,50615.33,20.585
GP,2020-08-14,2020,227,26.75,11.19,0,1.08825988102186,199.9575,46.0865789004443,444.35,1328.84,50433.67,18.97
GP,2020-08-15,2020,228,25.62,11.99,0,0.938905736012901,186.4845,42.8252525647241,414.41,1400.93,50250.57,18.805
GP,2020-08-16,2020,229,26.83,12.79,0,1.0221543469862,185.958,42.5475596382048,413.24,1476.96,50066.08,19.81
GP,2020-08-17,2020,230,22.03,13.55,11.92,0.54492145912853,100.5615,22.9232697149138,223.47,1551.56,49880.25,17.79
GP,2020-08-18,2020,231,22.16,12.96,7.14,0.584889122670366,107.2845,24.3640676157714,238.41,1492.86,49693.16,17.56
GP,2020-08-19,2020,232,20.41,8.77,0,0.631407262922182,171.54,38.808715358952,381.2,1129.62,49504.84,14.59
GP,2020-08-20,2020,233,20.71,7.14,3.66,0.713036690126983,140.373,31.6360243687635,311.94,1011.12,49315.35,13.925
GP,2020-08-21,2020,234,23.33,13.02,0,0.679857300486562,152.766,34.295983422345,339.48,1498.77,49124.75,18.175
GP,2020-08-22,2020,235,25.1,8.11,0,1.0494446810874,202.095,45.193327767882,449.1,1080.56,48933.08,16.605
GP,2020-08-23,2020,236,24.67,11.64,0,0.864703274550279,176.211,39.249877433508,391.58,1368.94,48740.4,18.155
GP,2020-08-24,2020,237,21.77,14.43,10.27,0.478160373879812,87.165,19.338305025897,193.7,1643.01,48546.74,18.1
GP,2020-08-25,2020,238,23.46,14.37,0,0.621914673862125,137.4345,30.3688150461864,305.41,1636.61,48352.16,18.915
GP,2020-08-26,2020,239,16.97,7.43,0,0.449133887781054,148.752,32.7367696514544,330.56,1031.18,48156.71,12.2
GP,2020-08-27,2020,240,20.21,2.13,0,0.825701552194667,207.945,45.577201983633,462.1,712.29,47960.42,11.17
GP,2020-08-28,2020,241,22.37,6.38,0,0.868930808199526,193.806,42.303684812157,430.68,959.88,47763.35,14.375
GP,2020-08-29,2020,242,13.47,9.17,23.09,0.189949984752442,53.604,11.6521387527456,119.12,1160.61,47565.52,11.32
GP,2020-08-30,2020,243,17.54,10.13,0,0.380611701000952,116.541,25.2272974638663,258.98,1238.21,47366.99,13.835
GP,2020-08-31,2020,244,20.87,5.98,0,0.7639834178902,188.0775,40.5413841084233,417.95,933.51,47167.79,13.425
GP,2020-09-01,2020,245,17.51,6.98,2.4,0.498244853438194,115.4835,24.7877915475762,256.63,999.97,46967.96,12.245
GP,2020-09-02,2020,246,20,14.59,20.64,0.336104218219923,63.0135,13.4677306444973,140.03,1659.42,46767.55,17.295
GP,2020-09-03,2020,247,22.66,9.91,0,0.762626896762683,166.8465,35.5064743422779,370.77,1220.02,46566.57,16.285
GP,2020-09-04,2020,248,21.23,10.43,0,0.626470095914656,149.004,31.5722282875452,331.12,1262.99,46365.09,15.83
GP,2020-09-05,2020,249,19.9,4.72,0,0.731523829240563,184.05,38.82819261852,409,855.35,46163.12,12.31
GP,2020-09-06,2020,250,20.11,3.85,0,0.772507528863108,188.6625,39.6267467763375,419.25,804.28,45960.7,11.98
GP,2020-09-07,2020,251,21.96,6.22,2.94,0.84135760776492,137.187,28.6876553158692,304.86,948.92,45757.88,14.09
GP,2020-09-08,2020,252,20.23,8.79,2.04,0.617340790187332,114.282,23.7917801020158,253.96,1131.22,45554.67,14.51
GP,2020-09-09,2020,253,13.88,9.61,6.24,0.192892286518585,50.157,10.3952698950888,111.46,1195.89,45351.12,11.745
GP,2020-09-10,2020,254,12.44,9.07,0.08,0.143822817512217,55.341,11.4181174074825,122.98,1152.66,45147.25,10.755
GP,2020-09-11,2020,255,17.92,3.04,0,0.644964293347308,179.3025,36.8269345580175,398.45,759.51,44943.1,10.48
GP,2020-09-12,2020,256,19.2,2.05,0,0.756105730275715,187.1685,38.267687891641,415.93,708.06,44738.69,10.625
GP,2020-09-13,2020,257,16.83,10.59,16.85,0.317222296962334,70.8705,14.423613762263,157.49,1276.93,44534.07,13.71
GP,2020-09-14,2020,258,15,6.92,0,0.352657975314611,121.0455,24.5219629750988,268.99,995.93,44329.25,10.96
GP,2020-09-15,2020,259,12.8,0.45,1.74,0.422469146408479,164.448,33.1605961450272,365.44,630.9,44124.27,6.625
GP,2020-09-16,2020,260,19.67,7.53,1.87,0.623451311715648,155.259,31.1621281166871,345.02,1038.44,43919.17,13.6
GP,2020-09-17,2020,261,12.84,5.43,0,0.289979176119767,110.952,22.165186324428,246.56,898.74,43713.95,9.135
GP,2020-09-18,2020,262,12.96,-0.93,0,0.460289971918759,169.596,33.7215565357524,376.88,570.73,43508.67,6.015
GP,2020-09-19,2020,263,12.48,-0.29,0,0.423711515643397,161.649,31.9897331470062,359.22,597.87,43303.34,6.095
GP,2020-09-20,2020,264,14.11,-1.24,0,0.524847453801486,172.8765,34.04938548429,384.17,557.7,43098,6.435
GP,2020-09-21,2020,265,15.88,-2.41,0,0.644754275025717,180.8775,35.455525721019,401.95,511.67,42892.68,6.735
GP,2020-09-22,2020,266,19.18,-0.5,0,0.814382516226944,180.2385,35.1611739212935,400.53,588.98,42687.39,9.34
GP,2020-09-23,2020,267,21.85,5.29,0,0.862444436297939,165.375,32.106491664975,367.5,889.47,42482.18,13.57
GP,2020-09-24,2020,268,18.4,5.51,0,0.604197064819964,146.1015,28.2277170757049,324.67,903.35,42277.07,11.955
GP,2020-09-25,2020,269,17.44,-0.67,0,0.703479235229907,169.794,32.6461992140322,377.32,581.63,42072.09,8.385
GP,2020-09-26,2020,270,22.11,3.76,0,0.92819316311757,165.6675,31.697737574958,368.15,799.52,41867.28,12.935
GP,2020-09-27,2020,271,24.28,12.55,0,0.786496365717388,127.071,24.1941037135455,282.38,1453.57,41662.65,18.415
GP,2020-09-28,2020,272,21.9,11.73,11.29,0.622269262309804,85.4955,16.1983367248388,189.99,1376.67,41458.25,16.815
GP,2020-09-29,2020,273,20.63,13.58,34.23,0.434396323239277,61.9965,11.6882740014305,137.77,1554.92,41254.09,17.105
GP,2020-09-30,2020,274,14,10.61,13.67,0.157490446571246,33.4935,6.2833640341149,74.43,1278.76,41050.22,12.305
GP,2020-10-01,2020,275,16.84,8.41,0,0.405268437553272,101.052,18.8633042745588,224.56,1102.64,40846.67,12.625
GP,2020-10-02,2020,276,10.55,4.33,6.77,0.219601104538901,59.193,10.9945440579546,131.54,832.2,40643.46,7.44
GP,2020-10-03,2020,277,11.63,2.12,0,0.327503687399226,113.0715,20.8971599163557,251.27,711.42,40440.63,6.875
GP,2020-10-04,2020,278,13.65,1.45,0,0.440594512110185,131.778,24.2324745268266,292.84,678.38,40238.21,7.55
GP,2020-10-05,2020,279,13.51,6.21,0.93,0.298315496823041,88.974,16.2791827891632,197.72,948.35,40036.24,9.86
GP,2020-10-06,2020,280,14.55,3.72,0,0.428056038660689,121.311,22.0840376426325,269.58,797.05,39834.75,9.135
GP,2020-10-07,2020,281,12,6.66,15.72,0.210463271330403,51.327,9.2966710834503,114.06,978.37,39633.77,9.33
GP,2020-10-08,2020,282,8.55,2.71,0,0.184790362805577,75.8835,13.6749966092933,168.63,742.24,39433.35,5.63
GP,2020-10-09,2020,283,13.29,-2.99,1.27,0.517070968540777,146.907,26.3400117624648,326.46,489.97,39233.52,5.15
GP,2020-10-10,2020,284,20.99,4.68,11.78,0.813587676252723,104.2515,18.5970959004636,231.67,852.76,39034.32,12.835
GP,2020-10-11,2020,285,9.28,-1.05,0,0.301302272169892,112.4955,19.9656467346843,249.99,565.78,38835.78,4.115
GP,2020-10-12,2020,286,12.54,-3.22,0,0.484813528497893,139.5945,24.6489590725268,310.21,481.61,38637.95,4.66
GP,2020-10-13,2020,287,7.94,1.82,10.93,0.185354761319406,53.757,9.4437489280563,119.46,696.36,38440.87,4.88
GP,2020-10-14,2020,288,13.53,4.31,0,0.358026281318611,97.974,17.1236689003926,217.72,831.04,38244.57,8.92
GP,2020-10-15,2020,289,18.68,-0.03,7.76,0.770238930423683,104.3235,18.1402326147785,231.83,609.29,38049.11,9.325
GP,2020-10-16,2020,290,8.89,7.14,4.62,0.0627235039025547,18.1305,3.13648951167405,40.29,1011.38,37854.53,8.015
GP,2020-10-17,2020,291,11.39,2.12,0,0.316760066587282,96.3045,16.5749844349616,214.01,711.41,37660.87,6.755
GP,2020-10-18,2020,292,12.34,-3.14,0,0.473875678818236,129.015,22.091184599139,286.7,484.53,37468.18,4.6
GP,2020-10-19,2020,293,10.12,6.75,22.1,0.12537585856151,29.0025,4.9406804290125,64.45,984.4,37276.5,8.435
GP,2020-10-20,2020,294,7.35,1.59,5.21,0.16994480741251,48.798,8.270410109274,108.44,685.06,37085.9,4.47
GP,2020-10-21,2020,295,5.91,-1.08,21.99,0.182035684593647,59.2965,9.998371138482,131.77,564.5,36896.4,2.415
GP,2020-10-22,2020,296,12.23,0.73,2.01,0.388847170389702,83.232,13.9626611995392,184.96,643.89,36708.08,6.48
GP,2020-10-23,2020,297,14.37,5.98,4.55,0.35001614221461,66.6675,11.1268612773608,148.15,933.52,36520.97,10.175
GP,2020-10-24,2020,298,10.2,2.91,0,0.24475028477528,81.441,13.5234075249018,180.98,752.81,36335.14,6.555
GP,2020-10-25,2020,299,5.64,-2.4,0,0.199803608261619,90.405,14.935667644044,200.9,512.01,36150.64,1.62
GP,2020-10-26,2020,300,0.81,-3.07,11.95,0.0805230542252724,37.467,6.1585094783088,83.26,487.17,35967.52,-1.13
GP,2020-10-27,2020,301,0.09,-3.92,0,0.0793752518122215,52.245,8.544219408549,116.1,456.91,35785.86,-1.915
GP,2020-10-28,2020,302,0.24,-6.72,0,0.126485292646215,83.961,13.6619662750713,186.58,369.4,35605.69,-3.24
GP,2020-10-29,2020,303,3.51,-2.8,0,0.14426727056058,75.9735,12.3002465010655,168.83,497.07,35427.09,0.355
GP,2020-10-30,2020,304,1.44,-7.79,0,0.169348576070063,98.154,15.8119315582914,218.12,339.95,35250.13,-3.175
GP,2020-10-31,2020,305,3.71,-10.8,0,0.264418011068025,116.6355,18.6957450889898,259.19,268.33,35074.85,-3.545
GP,2020-11-01,2020,306,6.72,-6.44,8.72,0.302594877290657,92.187,14.7037415128047,204.86,377.29,34901.33,0.14
GP,2020-11-02,2020,307,0.37,-3.36,3.15,0.0757406200092524,36.6885,5.82299359826535,81.53,476.62,34729.63,-1.495
GP,2020-11-03,2020,308,-1.16,-6.43,0,0.0923459723734518,67.9095,10.7255162400453,150.91,377.58,34559.82,-3.795
GP,2020-11-04,2020,309,0.68,-7.81,0,0.151576010251215,97.0515,15.2537107033994,215.67,339.44,34391.97,-3.565
GP,2020-11-05,2020,310,13.58,-4.31,0,0.554640258706967,124.182,19.423741940001,275.96,443.88,34226.15,4.635
GP,2020-11-06,2020,311,15.06,-0.09,0,0.55087383711603,116.3565,18.1126700728682,258.57,606.89,34062.43,7.485
GP,2020-11-07,2020,312,15.66,1.65,0,0.543866516450549,110.169,17.0681550426504,244.82,687.96,33900.88,8.655
GP,2020-11-08,2020,313,11.45,1.93,0,0.324235684872822,82.5975,12.7364536040085,183.55,701.82,33741.58,6.69
GP,2020-11-09,2020,314,14.59,-2.25,0,0.570179714488857,103.3875,15.8680764697162,229.75,517.71,33584.59,6.17
GP,2020-11-10,2020,315,19.38,0.78,0,0.799731602957789,101.6865,15.53516520615,225.97,646.14,33430,10.08
GP,2020-11-11,2020,316,16.91,6.23,0,0.486178277004662,81.882,12.4526073216312,181.96,949.75,33277.88,11.57
GP,2020-11-12,2020,317,7.46,-1.54,0,0.24378947924617,75.807,11.4769051284969,168.46,545.53,33128.31,2.96
GP,2020-11-13,2020,318,4.44,-5.87,2.51,0.222317279423095,61.7805,9.3118544454636,137.29,394.24,32981.36,-0.715
GP,2020-11-14,2020,319,4.58,-3.67,0,0.190637144453372,71.64,10.750702334976,159.2,465.7,32837.12,0.455
GP,2020-11-15,2020,320,4.19,-7.79,13.54,0.242240171416633,73.3815,10.9645991909708,163.07,339.98,32695.65,-1.8
GP,2020-11-16,2020,321,4.66,0.05,3.29,0.119020535231479,35.145,5.2290740766825,78.1,613.13,32557.05,2.355
GP,2020-11-17,2020,322,0.82,-5.08,0,0.115242815814049,60.417,8.9517274956522,134.26,418.56,32421.38,-2.13
GP,2020-11-18,2020,323,-2.21,-8.44,0,0.0986509757946374,62.604,9.2378146938444,139.12,323.23,32288.73,-5.325
GP,2020-11-19,2020,324,-1.35,-9.85,0,0.13254208004477,78.0885,11.4764679223551,173.53,289.38,32159.18,-5.6
GP,2020-11-20,2020,325,2.56,-3.25,0,0.126954812491361,56.3805,8.25353810801685,125.29,480.68,32032.81,-0.345
GP,2020-11-21,2020,326,2.74,-3.83,0,0.141946548780325,62.5635,9.12346523873955,139.03,460.21,31909.69,-0.545
GP,2020-11-22,2020,327,-0.37,-10.9,14.41,0.164834262545564,65.34,9.49258494162,145.2,266.06,31789.9,-5.635
GP,2020-11-23,2020,328,0.99,-3.04,3.51,0.0842216728297831,30.1005,4.35698814022605,66.89,488.24,31673.53,-1.025
GP,2020-11-24,2020,329,-3.93,-9.29,0.91,0.0778441337332715,52.8165,7.6178360194992,117.37,302.42,31560.64,-6.61
GP,2020-11-25,2020,330,-0.94,-14.34,3.95,0.184997312377768,70.6275,10.151469432081,156.95,201.43,31451.32,-7.64
GP,2020-11-26,2020,331,0.98,-4.66,1.31,0.112204396756592,51.912,7.4363719270176,115.36,432.11,31345.64,-1.84
GP,2020-11-27,2020,332,2.02,-0.48,0,0.0585440469413722,24.768,3.5364646407168,55.04,589.69,31243.68,0.77
GP,2020-11-28,2020,333,3.77,-0.46,0.73,0.104842258793386,39.3975,5.60764240212825,87.55,590.43,31145.51,1.655
GP,2020-11-29,2020,334,4.26,-2.11,0,0.152500125754657,56.556,8.0255191344948,125.68,523.11,31051.19,1.075
GP,2020-11-30,2020,335,7.39,-0.43,28.41,0.217955697595382,49.4775,7.00061382774,109.95,591.98,30960.8,3.48
GP,2020-12-01,2020,336,11.71,2.71,10.62,0.315662846078068,53.0055,7.47886687439535,117.79,742.12,30874.41,7.21
GP,2020-12-02,2020,337,2.08,-1.01,2.41,0.071348262920294,22.1085,3.1111038221076,49.13,567.21,30792.08,0.535
GP,2020-12-03,2020,338,0.71,-4.96,1.35,0.110504777013718,51.192,7.1854335984672,113.76,422.65,30713.88,-2.125
GP,2020-12-04,2020,339,1.06,-0.9,5.03,0.0439676475870009,15.084,2.1121244324568,33.52,571.9,30639.86,0.08
GP,2020-12-05,2020,340,1.73,-4.1,0,0.120753026761662,54.0765,7.5547767378105,120.17,450.99,30570.1,-1.185
GP,2020-12-06,2020,341,-3.48,-6.26,0.79,0.0454399064275285,28.9125,4.03058057497875,64.25,382.72,30504.63,-4.87
GP,2020-12-07,2020,342,-1.82,-6.34,0,0.0776054051541911,45.792,6.3708983820288,101.76,380.35,30443.52,-4.08
GP,2020-12-08,2020,343,-4.19,-9.73,0,0.0787280546169801,55.2645,7.67445520588965,122.81,291.97,30386.81,-6.96
GP,2020-12-09,2020,344,-4.64,-13.1,4.59,0.105779206971909,56.4705,7.82844293039175,125.49,222.9,30334.55,-8.87
GP,2020-12-10,2020,345,0.85,-7.95,0,0.157425916596951,76.761,10.624541900436,170.58,335.71,30286.8,-3.55
GP,2020-12-11,2020,346,-0.69,-3.82,0,0.060615277278253,35.082,4.8487924969218,77.96,460.44,30243.57,-2.255
GP,2020-12-12,2020,347,-0.04,-4.75,9.59,0.0900897155056688,38.1195,5.2618817670858,84.71,429.47,30204.92,-2.395
GP,2020-12-13,2020,348,2.09,-2.53,3.12,0.101627322185957,37.7235,5.2013509459776,83.83,507.15,30170.88,-0.22
GP,2020-12-14,2020,349,-4.52,-11.08,1.18,0.0880390674120907,67.113,9.2445820558227,149.14,262.32,30141.47,-7.8
GP,2020-12-15,2020,350,-11.08,-18.24,0,0.0594519886606704,72.117,9.9257086578168,160.26,145.27,30116.72,-14.66
GP,2020-12-16,2020,351,-14.07,-24.89,0,0.0632924522900922,84.8115,11.6651209597263,188.47,81.02,30096.66,-19.48
GP,2020-12-17,2020,352,-11.42,-20.8,0,0.070286158274707,80.3835,11.0504399424476,178.63,116.51,30081.29,-16.11
GP,2020-12-18,2020,353,-5.37,-20.97,0,0.14818754033553,88.614,12.1775861968272,196.92,114.77,30070.64,-13.17
GP,2020-12-19,2020,354,-6.08,-20,0,0.132304661505378,87.3315,11.9989747316381,194.07,124.93,30064.71,-13.04
GP,2020-12-20,2020,355,-1.2,-8.7,5.48,0.121939198271722,51.6825,7.1006687530875,114.85,316.73,30063.5,-4.95
GP,2020-12-21,2020,356,0.21,-3.23,0,0.0699224569001113,36.8325,5.06101854291075,81.85,481.15,30067.03,-1.51
GP,2020-12-22,2020,357,1.81,-3.75,0,0.116654878996126,56.313,7.7398856388648,125.14,463.07,30075.28,-0.97
GP,2020-12-23,2020,358,-4.81,-12.59,4.4,0.098217956751097,53.9325,7.41589686208125,119.85,232.41,30088.25,-8.7
GP,2020-12-24,2020,359,6.59,-8.91,39.44,0.331147584694432,67.3785,9.27021028858785,149.73,311.5,30105.93,-1.16
GP,2020-12-25,2020,360,10.57,2.03,18.48,0.283519811906007,55.0755,7.5831435229905,122.39,706.75,30128.3,6.3
GP,2020-12-26,2020,361,-1.59,-9.27,0,0.120943582018107,72.468,9.9868081085784,161.04,302.91,30155.34,-5.43
GP,2020-12-27,2020,362,-5.06,-13.65,0,0.103984421824988,77.2065,10.6510016378462,171.57,213.04,30187.03,-9.355
GP,2020-12-28,2020,363,1.03,-10.23,6.03,0.189143115396137,64.1205,8.8563660231879,142.49,280.72,30223.34,-4.6
GP,2020-12-29,2020,364,-6.46,-13.92,0,0.0850467397405269,71.019,9.8224657967592,157.82,208.43,30264.24,-10.19
GP,2020-12-30,2020,365,-2.24,-17.47,12.32,0.182166448382709,70.263,9.7324993505079,156.14,155.12,30309.69,-9.855
GP,2021-01-01,2021,1,-3.19,-16.15,6.5,0.155449423930133,71.982,9.9871208010486,159.96,173.31,30359.89,-9.67
GP,2021-01-02,2021,2,-1.24,-9.03,4.5,0.125119674460637,58.2885,8.1017299224702,129.53,308.69,30414.36,-5.135
GP,2021-01-03,2021,3,-4.41,-16.09,0,0.133919540240485,95.292,13.2706305660744,211.76,174.19,30473.26,-10.25
GP,2021-01-04,2021,4,-3.03,-7.44,0,0.0702869503466748,50.9985,7.11693971918685,113.33,349.33,30536.53,-5.235
GP,2021-01-05,2021,5,-2.98,-5.55,0,0.043695765452513,31.248,4.3703740219104,69.44,404.09,30604.14,-4.265
GP,2021-01-06,2021,6,-0.57,-7.25,0,0.116041284754979,72.1395,10.1131940436903,160.31,354.7,30676.02,-3.91
GP,2021-01-07,2021,7,-2.35,-6.58,0,0.0707221751104772,50.067,7.0362754116228,111.26,373.51,30752.12,-4.465
GP,2021-01-08,2021,8,-2.75,-9.81,0,0.105020277252342,76.4235,10.7683715631362,169.83,290.2,30832.37,-6.28
GP,2021-01-09,2021,9,0.07,-10.45,0,0.16949099833182,95.247,13.4573924723688,211.66,275.91,30916.72,-5.19
GP,2021-01-10,2021,10,-2.73,-9.62,0,0.103103273243839,76.7835,10.8797080380345,170.63,294.68,31005.1,-6.175
GP,2021-01-11,2021,11,-4.92,-11.56,4.86,0.0865137854280647,57.096,8.114217823764,126.88,252.4,31097.45,-8.24
GP,2021-01-12,2021,12,-0.76,-6.17,2.66,0.0966822461894594,48.618,6.9307469293194,108.04,385.37,31193.69,-3.465
GP,2021-01-13,2021,13,-1.14,-4.25,3.9,0.0586630990720561,29.934,4.280934304125,66.52,445.68,31293.75,-2.695
GP,2021-01-14,2021,14,0.49,-2.05,0,0.0539264720810508,33.2145,4.7658439527534,73.81,525.51,31397.56,-0.78
GP,2021-01-15,2021,15,2.77,-3.56,0,0.138036367874637,74.646,10.747387647711,165.88,469.61,31505.05,-0.395
GP,2021-01-16,2021,16,-0.57,-3.66,26.66,0.0603735189789372,30.519,4.4095622980545,67.82,466.01,31616.15,-2.115
GP,2021-01-17,2021,17,-0.38,-3.53,3.61,0.0622127582865765,31.3155,4.54104872066295,69.59,470.53,31730.77,-1.955
GP,2021-01-18,2021,18,-4.85,-11.11,0,0.0830298113043624,77.9985,11.3526227471333,173.33,261.64,31848.85,-7.98
GP,2021-01-19,2021,19,-7.88,-15.47,1.52,0.0779370286792071,91.0935,13.3091494103385,202.43,183.47,31970.3,-11.675
GP,2021-01-20,2021,20,-6.82,-17.73,2.12,0.108281214185328,82.368,12.0812714440704,183.04,151.68,32095.04,-12.275
GP,2021-01-21,2021,21,-9.14,-20.75,8.28,0.0953679357735866,85.7295,12.624449870745,190.51,116.99,32223,-14.945
GP,2021-01-22,2021,22,-5.09,-11.06,4.05,0.0786383970935776,59.931,8.8612892628003,133.18,262.72,32354.09,-8.075
GP,2021-01-23,2021,23,-9.63,-15.12,0,0.0537571247786927,76.374,11.339347257135,169.72,188.75,32488.25,-12.375
GP,2021-01-24,2021,24,-8.8,-17.31,0,0.0793411430807584,104.193,15.5349665178138,231.54,157.27,32625.38,-13.055
GP,2021-01-25,2021,25,-6.86,-17.5,0,0.106202164131806,116.7255,17.4782340128444,259.39,154.69,32765.41,-12.18
GP,2021-01-26,2021,26,-3.6,-22.2,0,0.183260203092435,130.689,19.6544164915098,290.42,103.04,32908.26,-12.9
GP,2021-01-27,2021,27,-1.55,-11.25,0,0.143791184891263,114.0705,17.2310494406841,253.49,258.86,33053.86,-6.4
GP,2021-01-28,2021,28,-6.37,-13.3,0,0.0808789456174272,96.2325,14.601712168953,213.85,219.32,33202.12,-9.835
GP,2021-01-29,2021,29,-11.14,-17.95,0,0.0570413165161447,97.092,14.7990565569024,215.76,148.87,33352.96,-14.545
GP,2021-01-30,2021,30,-10.84,-16.84,0,0.0528581174253502,89.5815,13.7170670712156,199.07,163.55,33506.32,-13.84
GP,2021-01-31,2021,31,-10.8,-23.31,0,0.0883311811774595,133.236,20.496466249092,296.08,93.35,33662.1,-17.055
GP,2021-02-01,2021,32,-2.36,-24.12,0,0.214002902703097,141.9075,21.9330163698188,315.35,86.8,33820.25,-13.24
GP,2021-02-02,2021,33,-0.8,-13.5,8.32,0.18083641536627,100.8,15.65339951952,224,215.7,33980.67,-7.15
GP,2021-02-03,2021,34,-0.39,-4.44,4.92,0.0776227514729013,47.817,7.4611220900139,106.26,439.37,34143.31,-2.415
GP,2021-02-04,2021,35,3.25,-6.86,0,0.203096168005608,124.6185,19.5386761063836,276.93,365.44,34308.08,-1.805
GP,2021-02-05,2021,36,-2.46,-15.15,6.92,0.161390419714299,104.5035,16.4645618203355,232.23,188.35,34474.91,-8.805
GP,2021-02-06,2021,37,-4.39,-11.9,0,0.0984925210698489,107.766,17.0617169917188,239.48,245.67,34643.74,-8.145
GP,2021-02-07,2021,38,-4.4,-18.14,0,0.147876278221504,145.809,23.1985354939137,324.02,146.56,34814.49,-11.27
GP,2021-02-08,2021,39,-5.97,-19.54,0,0.131447400769294,147.15,23.52796756605,327,129.96,34987.1,-12.755
GP,2021-02-09,2021,40,-6.69,-22.51,0,0.135836952415202,153.558,24.67493634969,341.24,100.19,35161.5,-14.6
GP,2021-02-10,2021,41,-5.89,-22.2,0,0.146108157027596,155.7405,25.1509957541186,346.09,103.01,35337.63,-14.045
GP,2021-02-11,2021,42,-9.54,-22.16,0,0.0974468880455393,145.863,23.6743560171531,324.14,103.35,35515.41,-15.85
GP,2021-02-12,2021,43,-11.21,-22.04,0,0.078434264041245,136.35,22.242119697405,303,104.51,35694.79,-16.625
GP,2021-02-13,2021,44,-8.79,-22.47,5.82,0.10783940166096,113.8275,18.6622456767142,252.95,100.55,35875.71,-15.63
GP,2021-02-14,2021,45,-4.69,-15.53,2.92,0.125091112880831,102.1995,16.8409974446415,227.11,182.58,36058.1,-10.11
GP,2021-02-15,2021,46,-5.98,-13.07,12.04,0.0845067213181775,76.6755,12.6994202258369,170.39,223.51,36241.91,-9.525
GP,2021-02-16,2021,47,-4.49,-13.73,9.47,0.113838392984534,94.455,15.724089675198,209.9,211.72,36427.08,-9.11
GP,2021-02-17,2021,48,-8.76,-19.71,0,0.0944375968585112,142.0335,23.7656024884373,315.63,128.08,36613.55,-14.235
GP,2021-02-18,2021,49,-5.63,-26.66,0,0.167060634271864,178.9965,30.1039542617863,397.77,68.88,36801.27,-16.145
GP,2021-02-19,2021,50,-4.58,-20.11,4.13,0.156336132590124,125.964,21.2935998231864,279.92,123.71,36990.18,-12.345
GP,2021-02-20,2021,51,-3.48,-11.03,1.41,0.10514998249076,109.2015,18.5548255705967,242.67,263.47,37180.23,-7.255
GP,2021-02-21,2021,52,-1.8,-18.82,0,0.19916848924273,176.4675,30.1383833161208,392.15,138.24,37371.37,-10.31
GP,2021-02-22,2021,53,-3.72,-19.45,6.4,0.167291458681292,129.8925,22.298056958061,288.65,130.91,37563.56,-11.585
GP,2021-02-23,2021,54,0.81,-4.77,2.07,0.10972821880427,61.8615,10.6740967718007,137.47,428.81,37756.74,-1.98
GP,2021-02-24,2021,55,2.01,-6.07,7.02,0.159073746770236,87.678,15.2064716490756,194.84,388.4,37950.86,-2.03
GP,2021-02-25,2021,56,-5.59,-11.88,0,0.0792058807112935,99.648,17.3713041715968,221.44,246,38145.88,-8.735
GP,2021-02-26,2021,57,-6,-24.25,0,0.153040674459297,193.4415,33.8951761813728,429.87,85.8,38341.76,-15.125
GP,2021-02-27,2021,58,-1.88,-17.73,11.44,0.190872924248163,139.8105,24.6235254342233,310.69,151.7,38538.45,-9.805
GP,2021-02-28,2021,59,4.06,-11.04,6.32,0.276986100577502,136.8945,24.2334899539322,304.21,263.13,38735.91,-3.49
GP,2021-03-01,2021,60,4.42,-11.29,2.11,0.289904176311169,139.644,24.8466881322972,310.32,258.03,38934.09,-3.435
GP,2021-03-02,2021,61,-8.84,-21.17,0.44,0.101127875945923,168.8895,30.2038051572446,375.31,112.76,39132.97,-15.005
GP,2021-03-03,2021,62,-0.57,-15.41,0,0.201338449608551,188.6265,33.9055065369504,419.17,184.37,39332.48,-7.99
GP,2021-03-04,2021,63,-7.29,-15.45,0,0.0857628751199093,130.4595,23.5693387217282,289.91,183.69,39532.61,-11.37
GP,2021-03-05,2021,64,-10.1,-16.56,0,0.059003877490334,107.334,19.4898393866178,238.52,167.45,39733.31,-13.33
GP,2021-03-06,2021,65,-5.53,-13.4,0,0.0943741230806083,128.808,23.507575089948,286.24,217.5,39934.55,-9.465
GP,2021-03-07,2021,66,-2.58,-17.11,0,0.17333278366913,196.254,35.9974581126984,436.12,159.91,40136.28,-9.845
GP,2021-03-08,2021,67,-2.68,-17.63,2.14,0.174904808599375,149.6025,27.578750165694,332.45,153.03,40338.48,-10.155
GP,2021-03-09,2021,68,2.64,-7.34,0,0.193636205588315,156.987,29.085425292249,348.86,351.97,40541.1,-2.35
GP,2021-03-10,2021,69,6.12,-11.73,0,0.346985898406713,215.9145,40.2034254479644,479.81,248.94,40744.13,-2.805
GP,2021-03-11,2021,70,8.81,0.65,6.06,0.245950392200548,100.629,18.8307169159203,223.62,640.11,40947.51,4.73
GP,2021-03-12,2021,71,6.68,-0.15,0,0.187761384088851,119.2545,22.42713496622,265.01,603.87,41151.23,3.265
GP,2021-03-13,2021,72,-1.58,-9.78,0,0.127079826392316,145.476,27.4940106666768,323.28,291.01,41355.24,-5.68
GP,2021-03-14,2021,73,-4.98,-13.22,0,0.101283986074631,149.1525,28.328087822076,331.45,220.82,41559.52,-9.1
GP,2021-03-15,2021,74,-7.68,-20.11,0,0.110477739850138,201.492,38.4570981608976,447.76,123.69,41764.04,-13.895
GP,2021-03-16,2021,75,-1.06,-19.92,0,0.220309580660203,236.7855,45.414814582976,526.19,125.79,41968.77,-10.49
GP,2021-03-17,2021,76,5.48,-14.12,0.35,0.34847007995095,237.7125,45.8152029815287,528.25,205.09,42173.67,-4.32
GP,2021-03-18,2021,77,5.62,-5.49,0,0.252501411290226,182.5965,35.3635928307535,405.77,405.72,42378.71,0.065
GP,2021-03-19,2021,78,0.51,-13.86,0,0.212724173095884,215.9955,42.0345238881078,479.99,209.44,42583.88,-6.675
GP,2021-03-20,2021,79,5.96,-11.65,0,0.340824511163268,236.07,46.162620730287,524.6,250.73,42789.13,-2.845
GP,2021-03-21,2021,80,9.39,-8.38,0,0.426426116260249,236.826,46.5326597008008,526.28,324.8,42994.44,0.505
GP,2021-03-22,2021,81,12.05,-7.2,0,0.524630261749539,241.821,47.7410259771666,537.38,356.07,43199.78,2.425
GP,2021-03-23,2021,82,12.75,-4.37,0,0.514770861264895,233.2485,46.267487975246,518.33,441.82,43405.11,4.19
GP,2021-03-24,2021,83,11.67,-2.13,5.4,0.423960347673884,159.2505,31.7385640392597,353.89,522.4,43610.42,4.77
GP,2021-03-25,2021,84,13.14,2.74,6.86,0.38253672074754,130.437,26.1183933834003,289.86,743.62,43815.67,7.94
GP,2021-03-26,2021,85,6.28,1.19,39.96,0.14347372158413,72.0225,14.489143636473,160.05,665.57,44020.84,3.735
GP,2021-03-27,2021,86,1.54,-1.31,0,0.0640956480115077,59.688,12.0636772672608,132.64,554.87,44225.88,0.115
GP,2021-03-28,2021,87,4.3,-1.55,45.96,0.142399463888301,86.715,17.607364950789,192.7,545.39,44430.78,1.375
GP,2021-03-29,2021,88,2.55,-3.84,0,0.137184719240267,129.807,26.4785875248249,288.46,459.82,44635.51,-0.645
GP,2021-03-30,2021,89,11.99,-7.01,0,0.519487858544576,257.697,52.8069953338587,572.66,361.07,44840.03,2.49
GP,2021-03-31,2021,90,12.81,0.54,4.09,0.42073016194152,159.507,32.8349141911269,354.46,635.18,45044.31,6.675
GP,2021-04-01,2021,91,-1.09,-6.19,2.39,0.0901510597286218,82.872,17.1366755891832,184.16,384.72,45248.33,-3.64
GP,2021-04-02,2021,92,0.85,-9.21,0,0.173195486753767,199.9215,41.5268588679102,444.27,304.2,45452.04,-4.18
GP,2021-04-03,2021,93,7.11,-9.97,0,0.361321930600814,260.082,54.2648908418382,577.96,286.52,45655.43,-1.43
GP,2021-04-04,2021,94,12.16,-5.57,0,0.506073712052324,259.794,54.445838228001,577.32,403.41,45858.45,3.295
GP,2021-04-05,2021,95,12.13,0.41,0,0.391765917098863,210.285,44.264810729646,467.3,628.96,46061.08,6.27
GP,2021-04-06,2021,96,15.43,1.23,0,0.540980455006906,234.261,49.5282078188856,520.58,667.66,46263.28,8.33
GP,2021-04-07,2021,97,17.52,0.67,0,0.678533666600907,252.693,53.6581192677201,561.54,641.3,46465.01,9.095
GP,2021-04-08,2021,98,17.62,0.74,0,0.68330789075443,252.36,53.8194954645,560.8,644.47,46666.25,9.18
GP,2021-04-09,2021,99,21.78,2.23,0,0.943291700691801,262.998,56.329427510577,584.44,716.95,46866.95,12.005
GP,2021-04-10,2021,100,18.51,3.11,0.87,0.681642642134084,240.165,51.658664275674,533.7,763.37,47067.08,10.81
GP,2021-04-11,2021,101,15.44,2.63,0,0.506635252031313,217.422,46.964970082764,483.16,737.65,47266.6,9.035
GP,2021-04-12,2021,102,16.19,6.11,0,0.447477660878822,181.215,39.3086500174485,402.7,941.53,47465.47,11.15
GP,2021-04-13,2021,103,17.32,0.83,0,0.662293439524936,247.833,53.9837092689246,550.74,648.72,47663.66,9.075
GP,2021-04-14,2021,104,16.75,-1.02,0,0.668349056975345,256.9095,56.1926121874848,570.91,566.93,47861.12,7.865
GP,2021-04-15,2021,105,15.99,1.1,0,0.57619008272643,237.3345,52.1243977250236,527.41,661.26,48057.81,8.545
GP,2021-04-16,2021,106,9.67,3.57,0,0.205122204938259,121.977,26.8982903772441,271.06,788.74,48253.69,6.62
GP,2021-04-17,2021,107,9.8,1.25,0,0.270455619229569,167.0895,36.9953872340207,371.31,668.7,48448.71,5.525
GP,2021-04-18,2021,108,12.49,1.8,0,0.375160158958885,199.998,44.4591111644424,444.44,695.52,48642.84,7.145
GP,2021-04-19,2021,109,15.82,0.04,2.58,0.590846242263407,189.6975,42.3368040310515,421.55,612.45,48836.02,7.93
GP,2021-04-20,2021,110,9.17,0.76,3.31,0.257176265642696,128.5065,28.793027564428,285.57,645.34,49028.21,4.965
GP,2021-04-21,2021,111,0.36,-2.7,1.79,0.0634259435854831,73.7955,16.5990011011673,163.99,500.71,49219.35,-1.17
GP,2021-04-22,2021,112,3.08,-4.42,0,0.161239485914766,168.5925,38.0683557162923,374.65,440,49409.41,-0.67
GP,2021-04-23,2021,113,14.51,-1.01,0,0.542633572814386,264.177,59.8795006986648,587.06,565.71,49598.32,6.75
GP,2021-04-24,2021,114,19.53,-0.22,0,0.869012188292423,281.8125,64.118600776575,626.25,564.82,49786.04,9.655
GP,2021-04-25,2021,115,16.45,1.66,3.47,0.5893342801198,189.063,43.1771436476541,420.14,688.64,49972.51,9.055
GP,2021-04-26,2021,116,5.16,-2.23,0,0.18180720452716,157.9635,36.2084878689876,351.03,518.32,50157.68,1.465
GP,2021-04-27,2021,117,17.97,-0.33,0,0.751920743038044,273.0105,62.8089744518775,606.69,574.24,50341.5,8.82
GP,2021-04-28,2021,118,18.81,2.97,0,0.723272426161642,253.035,58.4243081531055,562.3,738.12,50523.89,10.89
GP,2021-04-29,2021,119,19.62,4.51,3.1,0.717878662492426,184.8195,42.8265559773031,410.71,842.81,50704.81,12.065
GP,2021-04-30,2021,120,12.54,6.23,3.73,0.249998368311216,96.948,22.544364896712,215.44,949.87,50884.2,9.385
GP,2021-05-01,2021,121,11.96,0.54,0,0.380867144646235,213.327,49.7805484640922,474.06,634.97,51061.98,6.25
GP,2021-05-02,2021,122,14.75,2.41,0,0.474353900946032,222.084,52.0027814050668,493.52,726.23,51238.11,8.58
GP,2021-05-03,2021,123,11.68,-2.65,0,0.434199811450663,247.797,58.2211977582708,550.66,502.75,51412.52,4.515
GP,2021-05-04,2021,124,11.18,3.75,3.78,0.263822150791811,115.0695,27.126949282565,255.71,798.58,51585.13,7.465
GP,2021-05-05,2021,125,9.22,6.15,12.31,0.109160923588693,52.9335,12.5200652431496,117.63,944.52,51755.89,7.685
GP,2021-05-06,2021,126,11.79,2.71,0,0.319337778263601,186.984,44.3705497292736,415.52,742.08,51924.72,7.25
GP,2021-05-07,2021,127,14.36,-3.11,0,0.583512326884489,276.4125,65.802325561245,614.25,476.15,52091.56,5.625
GP,2021-05-08,2021,128,14.52,3,0,0.446241383915063,223.11,53.281227919518,495.8,757.53,52256.34,8.76
GP,2021-05-09,2021,129,16.64,-0.76,0,0.680483323538224,276.03,66.124294495758,613.4,553.61,52418.98,7.94
GP,2021-05-10,2021,130,17.85,1.43,3.32,0.681636846047086,200.7585,48.2398391149565,446.13,677.2,52579.41,9.64
GP,2021-05-11,2021,131,10.16,5.48,9.43,0.168543553168899,80.037,19.2897656723295,177.86,901.62,52737.55,7.82
GP,2021-05-12,2021,132,16.58,4.07,0,0.533044849301265,235.1925,56.8513448348288,522.65,816.77,52893.35,10.325
GP,2021-05-13,2021,133,20.6,2.67,1.19,0.881544127471188,274.887,66.639046378653,610.86,699.18,53046.7,11.635
GP,2021-05-14,2021,134,22.6,3.03,0,1.04387496139678,280.197,68.1194782022895,622.66,703.96,53197.55,12.815
GP,2021-05-15,2021,135,23.28,2.81,0,1.11911371639511,282.2985,68.8216635004239,627.33,680.37,53345.82,13.045
GP,2021-05-16,2021,136,22.07,5.15,1.29,0.942299845210982,262.638,64.2033796164372,583.64,822.97,53491.42,13.61
GP,2021-05-17,2021,137,24.59,5.95,0,1.17742521831165,268.191,65.7359365267836,595.98,830.67,53634.28,15.27
GP,2021-05-18,2021,138,24.13,10.72,0,0.937146095520809,224.1135,55.0755883685124,498.03,1206.73,53774.32,17.425
GP,2021-05-19,2021,139,25.08,8.03,0,1.17275568492835,255.195,62.873763108579,567.1,952.43,53911.46,16.555
GP,2021-05-20,2021,140,28.87,10.85,0.57,1.50714669096061,253.4625,62.6023184737725,563.25,1126.23,54045.62,19.86
GP,2021-05-21,2021,141,28.69,13.62,0,1.33560361144832,225.333,55.7896590142632,500.74,1406.74,54176.72,21.155
GP,2021-05-22,2021,142,27.92,15.62,2.31,0.990191739963593,143.4105,35.5905327457697,318.69,1773.32,54304.69,21.77
GP,2021-05-23,2021,143,17.42,11.09,1.14,0.332396879274108,117.153,29.1409295284503,260.34,1319.69,54429.43,14.255
GP,2021-05-24,2021,144,19.56,1.74,0,0.856147217376888,257.9445,64.3049363484149,573.21,625.41,54550.89,10.65
GP,2021-05-25,2021,145,22.42,4.57,4.69,0.938840449719609,189.2295,47.2765670938705,420.51,837.51,54668.97,13.495
GP,2021-05-26,2021,146,26.36,14.21,0,0.985959233565899,192.1455,48.105749517066,426.99,1536.43,54783.6,20.285
GP,2021-05-27,2021,147,12.67,4.25,0,0.317664192915692,156.303,39.2115499070841,347.34,827.41,54894.71,8.46
GP,2021-05-28,2021,148,14.53,-2.69,0,0.605774107632038,255.3345,64.1809053768496,567.41,470.61,55002.21,5.92
GP,2021-05-29,2021,149,17.48,-0.49,0,0.769953750278011,257.598,64.8720782398458,572.44,521.51,55106.03,8.495
GP,2021-05-30,2021,150,18.69,0.53,2.19,0.773797886673218,190.1835,47.9817521894295,422.63,619.01,55206.1,9.61
GP,2021-05-31,2021,151,17.46,8.18,0,0.452309094421205,160.803,40.6400219068185,357.34,1085.37,55302.35,12.82
GP,2021-06-01,2021,152,23.78,5.9,0.39,1.16027630581623,246.6,62.4277219014,548,773.05,55394.7,14.84
GP,2021-06-02,2021,153,26.22,6.43,0,1.36092023788833,228.4245,57.9187957090919,507.61,819.79,55483.09,16.325
GP,2021-06-03,2021,154,17.73,9.83,8.24,0.405507819251764,91.4355,23.2194277153508,203.19,1213.08,55567.45,13.78
GP,2021-06-04,2021,155,24.96,13.76,0,0.789241779709959,155.385,39.5159647418595,345.3,1573.3,55647.71,19.36
GP,2021-06-05,2021,156,25.96,13.38,0,0.949362519450557,169.3485,43.1259261639039,376.33,1490.55,55723.82,19.67
GP,2021-06-06,2021,157,28.24,14.48,0,1.18519366158115,179.55,45.782807168385,399,1551.07,55795.71,21.36
GP,2021-06-07,2021,158,33.26,17.29,0,1.77137451556389,190.89,48.733333637436,424.2,1762.49,55863.32,25.275
GP,2021-06-08,2021,159,32.4,19.36,0,1.42499066634776,165.033,42.1798945625541,366.74,2124.92,55926.61,25.88
GP,2021-06-09,2021,160,25.89,15.08,0,0.808598667627412,151.173,38.6781904983672,335.94,1713.51,55985.52,20.485
GP,2021-06-10,2021,161,20.88,9.21,0,0.66345110025273,166.275,42.5834854712325,369.5,1149.73,56039.99,15.045
GP,2021-06-11,2021,162,23.39,7,0,1.03660321685382,208.4625,53.4354540995138,463.25,899.07,56089.99,15.195
GP,2021-06-12,2021,163,25.75,6.95,0,1.29298812994057,222.1335,56.9859378548706,493.63,858.59,56135.48,16.35
GP,2021-06-13,2021,164,25.38,8.28,2.03,1.08403080822258,157.3965,40.407804346702,349.77,1078.96,56176.41,16.83
GP,2021-06-14,2021,165,18.32,12.19,7.22,0.340589923403414,72.189,18.5447958985575,160.42,1419.02,56212.75,15.255
GP,2021-06-15,2021,166,18.32,11.38,12.31,0.377278398551338,82.935,21.3173824958865,184.3,1345.45,56244.47,14.85
GP,2021-06-16,2021,167,19.22,7.59,2.21,0.589510991607208,131.3055,33.7666455182979,291.79,1042.97,56271.54,13.405
GP,2021-06-17,2021,168,24.89,8.53,0,1.0948947373821,212.607,54.6959796562206,472.46,1030.91,56293.94,16.71
GP,2021-06-18,2021,169,24.64,9.35,19.51,0.959152173706467,152.8425,39.3331370786213,339.65,1174.96,56311.65,16.995
GP,2021-06-19,2021,170,23.07,14.85,9.92,0.563051250978887,96.4035,24.8146128209767,214.23,1687.62,56324.65,18.96
GP,2021-06-20,2021,171,26.37,12.66,0,0.982317681046234,190.377,49.0109385607677,423.06,1463.44,56332.93,19.515
GP,2021-06-21,2021,172,26.59,12.68,19.57,1.00282630257898,143.46,36.934890149178,318.8,1466.28,56336.49,19.635
GP,2021-06-22,2021,173,16.75,9.09,0,0.373644653393253,126.2025,32.491138075911,280.45,1154.71,56335.32,12.92
GP,2021-06-23,2021,174,20.26,6.21,0,0.711463159002534,201.7845,51.9444655944543,448.41,948.06,56329.42,13.235
GP,2021-06-24,2021,175,25.9,6.87,0,1.21142843308972,229.0815,58.960289982654,509.07,952.18,56318.8,16.385
GP,2021-06-25,2021,176,23.39,13.1,0,0.681076940510936,157.239,40.4586658435158,349.42,1506.66,56303.46,18.245
GP,2021-06-26,2021,177,21.08,15.55,34.86,0.362621867108735,67.968,17.4824078179968,151.04,1766.01,56283.43,18.315
GP,2021-06-27,2021,178,28.7,18.81,12.38,0.878428701232486,109.782,28.2252052145754,243.96,2170.22,56258.71,23.755
GP,2021-06-28,2021,179,27.55,18.73,4.05,0.756623737244585,102.222,26.2677867906582,227.16,2159.28,56229.33,23.14
GP,2021-06-29,2021,180,29.05,17.23,7.89,1.02119355766813,129.717,33.3129616426908,288.26,1965.28,56195.32,23.14
GP,2021-06-30,2021,181,26.83,17.32,0.6,0.772370681299458,148.6755,38.1555033103845,330.39,1976.1,56156.7,22.075
GP,2021-07-01,2021,182,24.61,12.11,0,0.878384790845643,189.8955,48.6965542063725,421.99,1371.22,56113.5,18.36
GP,2021-07-02,2021,183,20.13,12.72,0,0.440745076445574,131.7645,33.760775150824,292.81,1469.33,56065.77,16.425
GP,2021-07-03,2021,184,20.85,9.07,0,0.659063835825557,189.135,48.4151411011725,420.3,1146.39,56013.55,14.96
GP,2021-07-04,2021,185,22.4,10.11,0,0.758077542290364,192.5505,49.239571466993,427.89,1211.26,55956.87,16.255
GP,2021-07-05,2021,186,25.2,7.97,0,1.15780454022843,226.881,57.9553357806243,504.18,976.59,55895.79,16.585
GP,2021-07-06,2021,187,27.33,14.05,0,1.08811286354544,194.13,49.531240513935,431.4,1526.54,55830.35,20.69
GP,2021-07-07,2021,188,22.33,10.1,0,0.74823272497483,191.439,48.7836322593003,425.42,1214.95,55760.61,16.215
GP,2021-07-08,2021,189,19.35,9.44,24.45,0.529220084954492,126.1485,32.1032609746299,280.33,1181.79,55686.62,14.395
GP,2021-07-09,2021,190,21.46,12.63,0,0.544542235245569,151.2495,38.4371217682146,336.11,1461.53,55608.44,17.045
GP,2021-07-10,2021,191,26.34,9.64,0,1.16409376274803,221.427,56.1880887701346,492.06,1145.98,55526.14,17.99
GP,2021-07-11,2021,192,27.2,10.43,0,1.22599923582915,220.383,55.8361916133318,489.74,1205.39,55439.78,18.815
GP,2021-07-12,2021,193,27.12,13.47,0,1.03970418726577,198.1485,50.1210387883359,440.33,1523.15,55349.42,20.295
GP,2021-07-13,2021,194,23.38,13.41,4.67,0.664316000499392,124.398,31.4124784141518,276.44,1537.92,55255.13,18.395
GP,2021-07-14,2021,195,26.59,18,4.51,0.70367970290244,105.8175,26.6731419513555,235.15,2063.28,55156.98,22.295
GP,2021-07-15,2021,196,27.91,15.26,0.12,1.00890130480012,186.4215,46.9039351468752,414.27,1733.31,55055.04,21.585
GP,2021-07-16,2021,197,25.81,17.19,0,0.677049271338435,141.7635,35.5994610925491,315.03,1960.38,54949.38,21.5
GP,2021-07-17,2021,198,26.38,13.17,0,0.958008980149068,195.6375,49.0305159507038,434.75,1513.55,54840.09,19.775
GP,2021-07-18,2021,199,25.8,16.32,0,0.729217588895803,156.078,39.0356377472412,346.84,1854.66,54727.22,21.06
GP,2021-07-19,2021,200,28.57,15.36,5.43,1.07705847295317,143.487,35.8102910598633,318.86,1744.23,54610.87,21.965
GP,2021-07-20,2021,201,23.92,15.68,6.7,0.590698205310077,105.795,26.3455335097965,235.1,1780.14,54491.11,19.8
GP,2021-07-21,2021,202,24.16,13.17,1.73,0.745858974435898,177.966,44.2177537132062,395.48,1513.39,54368.01,18.665
GP,2021-07-22,2021,203,24.67,10.07,2.18,0.932697343890431,156.537,38.8030781625894,347.86,1233.22,54241.66,17.37
GP,2021-07-23,2021,204,26.81,10.65,0,1.12367443483182,215.496,53.2905303788136,478.88,1276.25,54112.13,18.73
GP,2021-07-24,2021,205,27.23,10.67,18.04,1.16098644141867,162.81,40.16299894515,361.8,1283.74,53979.5,18.95
GP,2021-07-25,2021,206,26.14,15.39,6.23,0.816396951239144,126.5895,31.1494218465578,281.31,1747.75,53843.85,20.765
GP,2021-07-26,2021,207,25.61,13.64,1,0.858045100323683,181.251,44.4849918899589,402.78,1560.58,53705.27,19.625
GP,2021-07-27,2021,208,21.3,10.92,0,0.610613850039055,168.939,41.3540131144986,375.42,1305.17,53563.82,16.11
GP,2021-07-28,2021,209,23.43,7.78,0,0.910189927332477,212.859,51.9647411206917,473.02,1056.33,53419.59,15.605
GP,2021-07-29,2021,210,18.77,8.04,5.06,0.542823060973488,130.2435,31.7085688556847,289.43,1075.09,53272.66,13.405
GP,2021-07-30,2021,211,17.4,12,0,0.289974825063065,96.5745,23.4456436851962,214.61,1401.72,53123.11,14.7
GP,2021-07-31,2021,212,22.56,8.32,0,0.816938823457717,203.4765,49.2570856233311,452.17,1095.5,52971.01,15.44
GP,2021-08-01,2021,213,22.37,7.54,0,0.829246973749498,205.938,49.7074785233238,457.64,1039.24,52816.43,14.955
GP,2021-08-02,2021,214,22.42,12.02,0,0.650905548968403,162.99,39.224151811278,362.2,1403.5,52659.46,17.22
GP,2021-08-03,2021,215,24.69,9.77,0,0.94694582358975,202.464,48.5763324942816,449.92,1208.58,52500.17,17.23
GP,2021-08-04,2021,216,25.36,14.4,0,0.794495618173239,165.762,39.6482124316176,368.36,1639.32,52338.64,19.88
GP,2021-08-05,2021,217,27.91,13.63,0,1.0961527891057,192.7755,45.9652803572426,428.39,1559.56,52174.93,20.77
GP,2021-08-06,2021,218,28.75,13.68,0,1.1874423516277,196.227,46.6395716749707,436.06,1564.79,52009.13,21.215
GP,2021-08-07,2021,219,25.13,15.46,8.32,0.71433782443781,111.069,26.3138782922757,246.82,1755.33,51841.29,20.295
GP,2021-08-08,2021,220,25.12,11.52,0,0.91253823017683,188.3475,44.4761355498818,418.55,1357.89,51671.49,18.32
GP,2021-08-09,2021,221,25.71,15.38,0,0.774561285195387,155.1015,36.5037788578676,344.67,1746.5,51499.81,20.545
GP,2021-08-10,2021,222,29.88,16.54,0.88,1.16191012120193,179.3205,42.0616300507155,398.49,1880.92,51326.3,23.21
GP,2021-08-11,2021,223,27.13,20.91,1.2,0.554478216367426,97.5285,22.7982823581523,216.73,2472.76,51151.03,24.02
GP,2021-08-12,2021,224,30.17,19.92,0,0.974959480654294,147.7035,34.4077518654797,328.23,2325.1,50974.07,25.045
GP,2021-08-13,2021,225,30.06,17.18,0.49,1.14466295037328,173.79,40.342801364244,386.2,1958.94,50795.48,23.62
GP,2021-08-14,2021,226,27.39,18.54,0,0.752632562527336,134.0955,31.0179060869486,297.99,2133.4,50615.33,22.965
GP,2021-08-15,2021,227,23.91,10.17,0,0.859271677799506,189.711,43.7249464000209,421.58,1241.75,50433.67,17.04
GP,2021-08-16,2021,228,25.97,8.35,0,1.12474763019298,209.871,48.1958478104679,466.38,1098.44,50250.57,17.16
GP,2021-08-17,2021,229,26.43,10.79,0,1.07320008652739,196.299,44.9136009712944,436.22,1293.76,50066.08,18.61
GP,2021-08-18,2021,230,28.71,18.44,0,0.904066139156151,144.027,32.8313496440475,320.06,2120.93,49880.25,23.575
GP,2021-08-19,2021,231,28.38,17.05,0,0.956302688325136,155.0565,35.2129809083778,344.57,1942.62,49693.16,22.715
GP,2021-08-20,2021,232,32.65,17.92,0,1.43489265828898,175.788,39.7697706396144,390.64,2052.92,49504.84,25.285
GP,2021-08-21,2021,233,31.39,17.72,0,1.27807859434654,169.443,38.1875636847285,376.54,2027.32,49315.35,24.555
GP,2021-08-22,2021,234,29.94,18.27,0,1.06081831331035,154.2375,34.6263353305313,342.75,2097.69,49124.75,24.105
GP,2021-08-23,2021,235,27.14,19.67,0,0.647038412817251,109.7955,24.5529281720898,243.99,2290.25,48933.08,23.405
GP,2021-08-24,2021,236,32.66,18.04,0,1.4288914339503,174.0645,38.771758236006,386.81,2068.07,48740.4,25.35
GP,2021-08-25,2021,237,30.86,15.83,0,1.32545733810954,179.136,39.7428624920448,398.08,1797.34,48546.74,23.345
GP,2021-08-26,2021,238,32.44,17.45,0,1.43681714566706,174.0555,38.4609343889016,386.79,1992.09,48352.16,24.945
GP,2021-08-27,2021,239,22.63,13.2,0,0.611762576393232,138.06,30.383715298482,306.8,1516.38,48156.71,17.915
GP,2021-08-28,2021,240,20.03,9.66,1.54,0.568694794677177,151.353,33.1734172585482,336.34,1199.4,47960.42,14.845
GP,2021-08-29,2021,241,19.74,13.83,10.18,0.357050520116634,68.6115,14.9764159545593,152.47,1580.04,47763.35,16.785
GP,2021-08-30,2021,242,28.29,16.79,1.8,0.962476912243373,151.0245,32.8288640598468,335.61,1910.52,47565.52,22.54
GP,2021-08-31,2021,243,25.33,14.17,0,0.803155585107368,152.217,32.9499793039131,338.26,1615.69,47366.99,19.75
GP,2021-09-01,2021,244,22.28,11.7,0,0.654087246914215,149.4225,32.2090359928268,332.05,1374.21,47167.79,16.99
GP,2021-09-02,2021,245,20.23,8.43,0,0.630845712504917,163.791,35.1566861531652,363.98,1104.12,46967.96,14.33
GP,2021-09-03,2021,246,23.08,9.98,0,0.795359513579653,170.172,36.370470760002,378.16,1225.54,46767.55,16.53
GP,2021-09-04,2021,247,24.59,7.03,0,1.04041602648866,193.5315,41.1852885087344,430.07,1003.58,46566.57,15.81
GP,2021-09-05,2021,248,17.18,9.62,4.25,0.379453738945486,86.9535,18.4244433196495,193.23,1196.11,46365.09,13.4
GP,2021-09-06,2021,249,21.03,12.52,1.84,0.517277777915454,124.281,26.2189981354104,276.18,1450.33,46163.12,16.775
GP,2021-09-07,2021,250,18.38,8.72,0.4,0.490901881883345,140.841,29.582299835559,312.98,1126.28,45960.7,13.55
GP,2021-09-08,2021,251,17.41,9.69,4.51,0.390686888339685,88.1145,18.4259325178782,195.81,1202.01,45757.88,13.55
GP,2021-09-09,2021,252,22.92,14.82,0.55,0.551480543429653,117.558,24.4737936440802,261.24,1684.84,45554.67,18.87
GP,2021-09-10,2021,253,19.15,11.42,0,0.430925699500907,115.3935,23.9158358083404,256.43,1349.54,45351.12,15.285
GP,2021-09-11,2021,254,22.35,5.96,4.77,0.881550281218433,137.898,28.451519745885,306.44,931.93,45147.25,14.155
GP,2021-09-12,2021,255,21.75,13.86,0,0.506324011286382,113.031,23.215433359977,251.18,1583.53,44943.1,17.805
GP,2021-09-13,2021,256,18.64,9.54,0,0.47645687669109,129.789,26.5361155523937,288.42,1189.98,44738.69,14.09
GP,2021-09-14,2021,257,18.37,6.33,27.98,0.575409128660987,118.575,24.1324669906425,263.5,956.48,44534.07,12.35
GP,2021-09-15,2021,258,20.04,10.98,0,0.513794678250967,128.6955,26.0717357197238,285.99,1310.2,44329.25,15.51
GP,2021-09-16,2021,259,22.13,6.01,0,0.861964724363208,178.3665,35.9672326346443,396.37,935.2,44124.27,14.07
GP,2021-09-17,2021,260,24.74,7.29,2.74,1.0456986992148,133.812,26.8574877305028,297.36,1021.19,43919.17,16.015
GP,2021-09-18,2021,261,21.57,12.67,0,0.551769502244521,121.0095,24.1744007726393,268.91,1464.84,43713.95,17.12
GP,2021-09-19,2021,262,19.67,6.83,0,0.647910825911081,157.869,31.3898229247311,350.82,989.72,43508.67,13.25
GP,2021-09-20,2021,263,22.32,4.5,0,0.924071348872739,177.984,35.2223686161792,395.52,842.01,43303.34,13.41
GP,2021-09-21,2021,264,23.18,7.7,0,0.891785345976387,165.609,32.61799423674,368.02,1050.31,43098,15.44
GP,2021-09-22,2021,265,19.85,11.51,2.33,0.476275516041176,83.0115,16.2718766755974,184.47,1357.42,42892.68,15.68
GP,2021-09-23,2021,266,24.52,13.31,7.16,0.771512850457731,100.287,19.5641255838501,222.86,1527.45,42687.39,18.915
GP,2021-09-24,2021,267,16.92,12.91,14.68,0.216537836693507,43.722,8.4883448439972,97.16,1488.57,42482.18,14.915
GP,2021-09-25,2021,268,20.14,10.68,0,0.534274704519651,124.002,23.9579564400198,275.56,1284.06,42277.07,15.41
GP,2021-09-26,2021,269,18.7,8.59,0,0.517711887850619,130.212,25.0357897926756,289.36,1115.89,42072.09,13.645
GP,2021-09-27,2021,270,18.92,5.03,0,0.653820599812125,155.241,29.7027991541736,344.98,873.83,41867.28,11.975
GP,2021-09-28,2021,271,14.6,2.71,0,0.458272146827225,143.3115,27.2862674752208,318.47,742.07,41662.65,8.655
GP,2021-09-29,2021,272,12.34,5.45,0,0.265500750402841,95.4135,18.0774426852337,212.03,899.99,41458.25,8.895
GP,2021-09-30,2021,273,15.21,4.62,1.08,0.4380808862359,131.166,24.7288822380558,291.48,848.86,41254.09,9.915
GP,2021-10-01,2021,274,13.79,5.61,0,0.332030987727784,108.351,20.3265940095954,240.78,909.58,41050.22,9.7
GP,2021-10-02,2021,275,13.89,5.47,0,0.341675246085854,110.4165,20.6113687649114,245.37,900.67,40846.67,9.68
GP,2021-10-03,2021,276,17.63,1.39,0,0.668617506663025,157.41,29.237429766402,349.8,675.21,40643.46,9.51
GP,2021-10-04,2021,277,16.8,3.1,0,0.57301420239884,146.241,27.0273372452631,324.98,763.08,40440.63,9.95
GP,2021-10-05,2021,278,19.83,3.48,0,0.762769553285209,152.3925,28.0232464776322,338.65,783.49,40238.21,11.655
GP,2021-10-06,2021,279,21.5,2.95,0,0.902261269736396,154.971,28.3543646011128,344.38,754.69,40036.24,12.225
GP,2021-10-07,2021,280,21.11,3.26,0,0.863264855827105,150.8445,27.4604579649337,335.21,771.82,39834.75,12.185
GP,2021-10-08,2021,281,19.12,4.99,0,0.668951016760796,135.315,24.5091091951035,300.7,871.18,39633.77,12.055
GP,2021-10-09,2021,282,18.99,5.6,0,0.641200084638753,129.0105,23.2490350347998,286.69,908.86,39433.35,12.295
GP,2021-10-10,2021,283,13.7,6.88,0.68,0.285727767027396,77.859,13.9598996359176,173.02,992.89,39233.52,10.29
GP,2021-10-11,2021,284,19.73,10.46,0,0.51363321990964,97.83,17.451584791992,217.4,1265.86,39034.32,15.095
GP,2021-10-12,2021,285,22.32,8.88,0,0.775508274394355,122.4315,21.7290831917499,272.07,1138.3,38835.78,15.6
GP,2021-10-13,2021,286,19.1,9.45,1.09,0.511375374379877,98.028,17.309336399082,217.84,1182.72,38637.95,14.275
GP,2021-10-14,2021,287,17.69,12,0,0.308063062538658,61.7265,10.8437890545914,137.17,1401.94,38440.87,14.845
GP,2021-10-15,2021,288,15.97,11.66,0.75,0.219582382855091,48.105,8.4076805321145,106.9,1370.51,38244.57,13.815
GP,2021-10-16,2021,289,18.04,13.48,21.69,0.258925582568718,37.854,6.5822213154258,84.12,1544.8,38049.11,15.76
GP,2021-10-17,2021,290,13.9,7.59,0,0.271033923447551,72.2205,12.493799993263,160.49,1042.5,37854.53,10.745
GP,2021-10-18,2021,291,11.58,4.71,0,0.253717853028873,78.4935,13.5095300920067,174.43,854.25,37660.87,8.145
GP,2021-10-19,2021,292,9.81,4.15,0,0.194576444029913,66.879,11.4516632547054,148.62,821.34,37468.18,6.98
GP,2021-10-20,2021,293,15.26,4.23,0,0.452304119389566,110.7675,18.8696429418375,246.15,825.99,37276.5,9.745
GP,2021-10-21,2021,294,10.92,6.65,19.16,0.162570554137401,39.015,6.612362195445,86.7,977.67,37085.9,8.785
GP,2021-10-22,2021,295,10.37,4.71,9.11,0.201079910313487,50.67,8.54380048716,112.6,854.33,36896.4,7.54
GP,2021-10-23,2021,296,7.49,-0.5,0,0.223191173754724,91.3275,15.320729295234,202.95,588.76,36708.08,3.495
GP,2021-10-24,2021,297,11.65,-0.18,0,0.382850096679582,112.878,18.8394322160862,250.84,602.72,36520.97,5.735
GP,2021-10-25,2021,298,7.75,-3.05,0,0.283042150114053,107.334,17.8229813395932,238.52,487.76,36335.14,2.35
GP,2021-10-26,2021,299,13.21,4.4,0,0.339354735350973,90.3915,14.9334373303092,200.87,836.37,36150.64,8.805
GP,2021-10-27,2021,300,14.52,0.8,0,0.501531528600079,115.038,18.9089762555232,255.64,647.19,35967.52,7.66
GP,2021-10-28,2021,301,11.55,-2.36,0,0.423058165449592,115.2675,18.8510060422035,256.15,513.49,35785.86,4.595
GP,2021-10-29,2021,302,13.01,-2.02,0,0.485037981585642,115.6905,18.8249271607786,257.09,526.47,35605.69,5.495
GP,2021-10-30,2021,303,8.19,0.24,19.79,0.232213429335514,60.075,9.7262507130975,133.5,621.24,35427.09,4.215
GP,2021-10-31,2021,304,8.99,6.42,25.46,0.0915680268227099,21.7395,3.50208331918695,48.31,962.03,35250.13,7.705
GP,2021-11-01,2021,305,9.07,1.85,0,0.227184737749988,72.9765,11.6975538449843,162.17,697.69,35074.85,5.46
GP,2021-11-02,2021,306,7.07,-2.89,0,0.256046383220552,93.2175,14.8681053127868,207.15,493.78,34901.33,2.09
GP,2021-11-03,2021,307,6.1,-3.76,0,0.239460305491036,92.2005,14.6335478762245,204.89,462.42,34729.63,1.17
GP,2021-11-04,2021,308,3.82,-5.17,0,0.193729453445111,87.5655,13.8299529862197,194.59,415.78,34559.82,-0.675
GP,2021-11-05,2021,309,7.02,-4.9,0,0.289022649313455,101.3805,15.9341052736535,225.29,424.55,34391.97,1.06
GP,2021-11-06,2021,310,9.11,-4.51,0,0.359123181042332,105.318,16.473157572249,234.04,437.23,34226.15,2.3
GP,2021-11-07,2021,311,10.04,-4.63,0,0.398341291128516,106.164,16.5260514506364,235.92,433.24,34062.43,2.705
GP,2021-11-08,2021,312,13.01,0.38,0,0.433997755241862,98.109,15.1997351621544,218.02,627.98,33900.88,6.695
GP,2021-11-09,2021,313,14.51,-0.21,0,0.524113765219161,101.1465,15.5966912371179,224.77,601.27,33741.58,7.15
GP,2021-11-10,2021,314,11.54,-1.57,0,0.407187273600651,96.588,14.8244784916644,214.64,544.32,33584.59,4.985
GP,2021-11-11,2021,315,6.53,-4.06,0,0.258604874027983,87.7905,13.41220241655,195.09,452.27,33430,1.235
GP,2021-11-12,2021,316,5.62,2.03,23.41,0.101430776254674,27.252,4.1444817509232,60.56,707.01,33277.88,3.825
GP,2021-11-13,2021,317,5.18,2.37,7.62,0.079012655061975,21.708,3.2865125454036,48.24,724.41,33128.31,3.775
GP,2021-11-14,2021,318,4.62,-1.66,4.06,0.154284287372084,44.469,6.7025818071288,98.82,540.7,32981.36,1.48
GP,2021-11-15,2021,319,2.94,-0.8,2.81,0.0891566118071049,27.6795,4.1537418380928,61.51,576.14,32837.12,1.07
GP,2021-11-16,2021,320,1.37,-2.91,0,0.0908921559976024,41.895,6.2599140533475,93.1,493.02,32695.65,-0.77
GP,2021-11-17,2021,321,0.35,-7.98,28.79,0.146193921676736,61.6365,9.17063093832525,136.97,335.04,32557.05,-3.815
GP,2021-11-18,2021,322,1.43,-2.08,14.16,0.0765612411532026,28.908,4.2831742463928,64.24,524.44,32421.38,-0.325
GP,2021-11-19,2021,323,2.8,-2.17,0,0.113109359394872,53.0865,7.83341718971265,117.97,520.89,32288.73,0.315
GP,2021-11-20,2021,324,2.18,-8.09,2.82,0.191612489126767,67.6575,9.9434504242845,150.35,332.17,32159.18,-2.955
GP,2021-11-21,2021,325,2.89,-1.92,7.62,0.11076792848822,37.269,5.4558067372173,82.82,530.47,32032.81,0.485
GP,2021-11-22,2021,326,4.2,-3.45,2.46,0.175735922816006,54.243,7.9101093280419,120.54,473.36,31909.69,0.375
GP,2021-11-23,2021,327,-3.41,-8.17,0,0.0730834526060147,49.851,7.242345453393,110.78,330.09,31789.9,-5.79
GP,2021-11-24,2021,328,0.41,-9.03,0,0.160711551608005,83.4795,12.083493345692,185.51,308.7,31673.53,-4.31
GP,2021-11-25,2021,329,-0.92,-8.33,3.06,0.123193378186546,53.253,7.6807933419744,118.34,325.91,31560.64,-4.625
GP,2021-11-26,2021,330,1.31,-1.79,5.03,0.068316492131984,25.047,3.6000687390228,55.66,535.45,31451.32,-0.24
GP,2021-11-27,2021,331,-3.25,-6.58,0,0.0541045169825348,36.8505,5.2788184561674,81.89,373.51,31345.64,-4.915
GP,2021-11-28,2021,332,-1.81,-9.94,0,0.124407040646401,77.8995,11.1227724192312,173.11,287.29,31243.68,-5.875
GP,2021-11-29,2021,333,-2.89,-11.1,0,0.116495351657717,77.9085,11.089104843866,173.13,262.01,31145.51,-6.995
GP,2021-11-30,2021,334,-1.71,-10.73,2.18,0.135216096140237,60.3585,8.56510885988055,134.13,269.73,31051.19,-6.22
GP,2021-12-01,2021,335,-0.94,-10.56,1.54,0.14886140028529,82.251,11.637764396856,182.78,273.58,30960.8,-5.75
GP,2021-12-02,2021,336,1.59,-9.03,10.84,0.188564907539629,63.999,9.0300063407463,142.22,308.72,30874.41,-3.72
GP,2021-12-03,2021,337,-3.6,-11.84,0,0.111442914470537,75.078,10.5649615648368,166.84,246.79,30792.08,-7.72
GP,2021-12-04,2021,338,-9.17,-19.34,3.16,0.0874605998096016,63.297,8.8845208329852,140.66,132.15,30713.88,-14.255
GP,2021-12-05,2021,339,-5.73,-20.73,12.24,0.141472016183066,71.3385,9.9891135524277,158.53,117.17,30639.86,-13.23
GP,2021-12-06,2021,340,1.04,-11.2,25.99,0.1998170042884,67.9545,9.4936076822565,151.01,259.85,30570.1,-5.08
GP,2021-12-07,2021,341,-3.55,-12.92,0,0.122553685409577,81.4005,11.3477310538196,180.89,226.24,30504.63,-8.235
GP,2021-12-08,2021,342,-11.02,-21.7,1.86,0.0788522561979083,87.1155,12.1201082721792,193.59,107.67,30443.52,-16.36
GP,2021-12-09,2021,343,-7.44,-14.76,1.22,0.0783006238839285,71.1135,9.87536972711295,158.03,194.52,30386.81,-11.1
GP,2021-12-10,2021,344,-3.04,-17.33,1.61,0.166293442564017,93.7755,12.9999938024093,208.39,156.99,30334.55,-10.185
GP,2021-12-11,2021,345,4.71,-7.33,15.49,0.251316098080606,66.5865,9.216282477474,147.97,352.32,30286.8,-1.31
GP,2021-12-12,2021,346,3.98,-1.56,0,0.133732355325052,54.738,7.5655094833962,121.64,544.65,30243.57,1.21
GP,2021-12-13,2021,347,4.08,-1.33,0,0.131730204675683,52.9425,7.307996575347,117.65,554.15,30204.92,1.375
GP,2021-12-14,2021,348,-0.46,-9.16,0,0.142981348985083,75.834,10.4560618086144,168.52,305.62,30170.88,-4.81
GP,2021-12-15,2021,349,-1.72,-15.77,5.4,0.180434592252549,68.616,9.4516150722264,152.48,178.89,30141.47,-8.745
GP,2021-12-16,2021,350,5.1,-5.78,3.93,0.24067932965458,61.056,8.4033455053824,135.68,396.98,30116.72,-0.34
GP,2021-12-17,2021,351,4.06,-1.29,0,0.130331409869002,49.6665,6.8312166409773,110.37,555.79,30096.66,1.385
GP,2021-12-18,2021,352,-5.42,-9.28,6.6,0.0534285271130158,28.719,3.9480438735207,63.82,302.66,30081.29,-7.35
GP,2021-12-19,2021,353,-6.17,-12.68,0,0.0781629736231427,60.3945,8.2995827923836,134.21,230.63,30070.64,-9.425
GP,2021-12-20,2021,354,-4.81,-20.23,6.69,0.153260925568998,69.8265,9.59386257076455,155.17,122.4,30064.71,-12.52
GP,2021-12-21,2021,355,-4.57,-12.28,0,0.0992247264957636,67.437,9.265182580215,149.86,238.26,30063.5,-8.425
GP,2021-12-22,2021,356,-3.87,-11.72,2.68,0.105573569293794,51.21,7.036578010791,113.8,249.17,30067.03,-7.795
GP,2021-12-23,2021,357,-11.13,-19.25,0,0.0649254891365253,70.3395,9.6677443200492,156.31,133.25,30075.28,-15.19
GP,2021-12-24,2021,358,-9.49,-23.24,0,0.102734454104702,90.7245,12.4749183676613,201.61,93.91,30088.25,-16.365
GP,2021-12-25,2021,359,-6.07,-17.25,3.71,0.115917068570423,62.5635,8.60774284660635,139.03,158.04,30105.93,-11.66
GP,2021-12-26,2021,360,-3.98,-7.61,1.09,0.0558608775550372,34.515,4.752243714465,76.7,344.73,30128.3,-5.795
GP,2021-12-27,2021,361,-7.19,-14.91,2.75,0.082909200504266,49.9545,6.8842248393771,111.01,192.12,30155.34,-11.05
GP,2021-12-28,2021,362,-5.09,-13.24,1.86,0.0997842277828787,69.354,9.5677121432934,154.12,220.39,30187.03,-9.165
GP,2021-12-29,2021,363,-4.62,-14.97,0,0.121983434076986,80.577,11.1293487270126,179.06,191.17,30223.34,-9.795
GP,2021-12-30,2021,364,-2.46,-13.96,0,0.151668256934704,84.7755,11.7250939770084,188.39,207.78,30264.24,-8.21
GP,2021-12-31,2021,365,-1.14,-7.11,0,0.102177329688689,54.1845,7.50538136796885,120.41,358.54,30309.69,-4.125
GP,2022-01-01,2022,1,4.02,-3.28,2.72,0.167300303267108,30.6405,4.25120689762065,68.09,479.65,30359.89,0.37
GP,2022-01-02,2022,2,-1.45,-5.32,1.87,0.0695121419205866,23.5395,3.2718404403954,52.31,411.2,30414.36,-3.385
GP,2022-01-03,2022,3,-8.64,-21.55,0,0.105366361693482,68.958,9.6032840382756,153.24,109.14,30473.26,-15.095
GP,2022-01-04,2022,4,-4.68,-23.37,0,0.170074703267754,85.5945,11.9448787080785,190.21,92.88,30536.53,-14.025
GP,2022-01-05,2022,5,1,-18.16,3.65,0.255651456480908,65.034,9.0957150582732,144.52,146.29,30604.14,-8.58
GP,2022-01-06,2022,6,-0.96,-7.11,1,0.10615332634023,36.837,5.1641573477418,81.86,358.29,30676.02,-4.035
GP,2022-01-07,2022,7,-3.7,-7.92,0.67,0.064760248163034,26.5725,3.734424438759,59.05,336.56,30752.12,-5.81
GP,2022-01-08,2022,8,-5.03,-18.26,0,0.138418845528873,72.486,10.2135623352174,161.08,145.03,30832.37,-11.645
GP,2022-01-09,2022,9,1.35,-17.22,2.75,0.258022940891847,66.393,9.3806278246872,147.54,158.35,30916.72,-7.935
GP,2022-01-10,2022,10,-6.91,-14.18,0,0.0808835812998828,45.27,6.41445600789,100.6,203.99,31005.1,-10.545
GP,2022-01-11,2022,11,-13.22,-27.78,0.83,0.0801457835061535,80.4105,11.4275660697383,178.69,62.1,31097.45,-20.5
GP,2022-01-12,2022,12,-6.19,-25.77,2.37,0.155712942496247,70.416,10.0381643789328,156.48,74.77,31193.69,-15.98
GP,2022-01-13,2022,13,-1.89,-12.39,0.62,0.148407943157581,63.675,9.1063169578125,141.5,236.17,31293.75,-7.14
GP,2022-01-14,2022,14,-4.09,-11.28,0,0.097312564490015,46.332,6.6480326971344,102.96,258.15,31397.56,-7.685
GP,2022-01-15,2022,15,-15.65,-26.72,0,0.0569373194149415,69.048,9.941398364268,153.44,68.51,31505.05,-21.185
GP,2022-01-16,2022,16,-7.38,-29.72,1.94,0.150342119480171,102.5775,14.8209927136763,227.95,51.77,31616.15,-18.55
GP,2022-01-17,2022,17,-0.59,-24.63,18.16,0.2516135115195,79.902,11.5865585693478,177.56,82.89,31730.77,-12.61
GP,2022-01-18,2022,18,-6.14,-17.68,0,0.117715873970817,74.0655,10.7801775685148,164.59,152.38,31848.85,-11.91
GP,2022-01-19,2022,19,-2.96,-26.46,6.65,0.211103450793174,82.161,12.004073009631,182.58,70.17,31970.3,-14.71
GP,2022-01-20,2022,20,-7.35,-20.07,0,0.114738842159429,82.0755,12.0383692017264,182.39,124.08,32095.04,-13.71
GP,2022-01-21,2022,21,-11.97,-30.07,0,0.0978720320505114,102.546,15.10083269406,227.88,50.08,32223,-21.02
GP,2022-01-22,2022,22,-8.11,-32.37,0,0.14647106357017,114.57,16.940112977241,254.6,40.13,32354.09,-20.24
GP,2022-01-23,2022,23,-5.49,-27.63,0,0.172140669953046,113.0085,16.7785191885713,251.13,62.98,32488.25,-16.56
GP,2022-01-24,2022,24,-8.36,-29.75,0,0.137590803875634,113.1345,16.8681261649977,251.41,51.59,32625.38,-19.055
GP,2022-01-25,2022,25,-2.89,-23.86,0.98,0.203083244927111,113.6655,17.0200359663224,252.59,88.85,32765.41,-13.375
GP,2022-01-26,2022,26,-11.22,-26.41,0,0.0952838501668479,99.567,14.9739556260294,221.26,70.51,32908.26,-18.815
GP,2022-01-27,2022,27,-6.48,-31.13,2.08,0.16620809411865,91.5885,13.8350052967077,203.53,45.22,33053.86,-18.805
GP,2022-01-28,2022,28,-5.44,-27.39,0,0.172186279637034,120.1095,18.2246574468798,266.91,64.42,33202.12,-16.415
GP,2022-01-29,2022,29,-11.81,-26.05,0,0.0880974125113885,99.5715,15.1769894528448,221.27,72.89,33352.96,-18.93
GP,2022-01-30,2022,30,-10.53,-21.07,0,0.081063576122446,80.9685,12.3982110721044,179.93,113.77,33506.32,-15.8
GP,2022-01-31,2022,31,-7.14,-24.11,0,0.136164913004714,111.843,17.205457043871,248.54,86.87,33662.1,-15.625
GP,2022-02-01,2022,32,-5.64,-26.7,0,0.167040608430204,122.8995,18.9951675939788,273.11,68.62,33820.25,-16.17
GP,2022-02-02,2022,33,1.71,-10.51,6.96,0.208650777568794,67.4055,10.4675121162005,149.79,274.57,33980.67,-4.4
GP,2022-02-03,2022,34,-4.43,-12.29,4.13,0.101727356938099,48.3885,7.55029605062295,107.53,237.97,34143.31,-8.36
GP,2022-02-04,2022,35,-11.98,-16.63,2.49,0.0397836417172796,31.5135,4.9409362933956,70.03,166.41,34308.08,-14.305
GP,2022-02-05,2022,36,-11.45,-20.17,0,0.066696086825702,74.9835,11.8136758219115,166.63,123.08,34474.91,-15.81
GP,2022-02-06,2022,37,-11.73,-29.67,1.34,0.0993074071576925,125.0505,19.7982317305359,277.89,52,34643.74,-20.7
GP,2022-02-07,2022,38,-3.06,-14.51,0,0.145189228168845,94.248,14.9950659645864,209.44,198.56,34814.49,-8.785
GP,2022-02-08,2022,39,-1.33,-13.2,1.32,0.167067030589177,98.9505,15.8212990461735,219.89,221.18,34987.1,-7.265
GP,2022-02-09,2022,40,-0.29,-10.23,0,0.159071543201881,86.0895,13.8335543109225,191.31,280.84,35161.5,-5.26
GP,2022-02-10,2022,41,2.42,-5.07,0,0.1541214810161,68.0715,10.9930686460907,151.27,419.16,35337.63,-1.325
GP,2022-02-11,2022,42,2.53,-3.83,2.92,0.136506410284744,45.3825,7.36582589106525,100.85,460.15,35515.41,-0.65
GP,2022-02-12,2022,43,1.88,-15.75,3.95,0.260647756293938,101.457,16.5501924322671,225.46,179.14,35694.79,-6.935
GP,2022-02-13,2022,44,-13.31,-25.41,0,0.0718312726541204,109.656,17.9783199308232,243.68,77.21,35875.71,-19.36
GP,2022-02-14,2022,45,-12.06,-23.92,0,0.077940768812608,109.0755,17.9740626595335,242.39,88.37,36058.1,-17.99
GP,2022-02-15,2022,46,-10.03,-25.33,0,0.104537682765925,132.1155,21.8816995369649,293.59,77.81,36241.91,-17.68
GP,2022-02-16,2022,47,2.26,-25.88,0,0.322697266788564,164.2905,27.3497279634018,365.09,74.02,36427.08,-11.81
GP,2022-02-17,2022,48,3.04,-6.01,22.12,0.185010574031812,68.0895,11.3930022891533,151.31,390.15,36613.55,-1.485
GP,2022-02-18,2022,49,-8.74,-16.54,3.73,0.074859501558422,63.702,10.7135172720378,141.56,167.76,36801.27,-12.64
GP,2022-02-19,2022,50,-8.07,-25.35,8.8,0.128313932027912,114.804,19.4070562549704,255.12,77.67,36990.18,-16.71
GP,2022-02-20,2022,51,-6.63,-25.98,2.96,0.150090415003442,122.1435,20.7538480431329,271.43,73.3,37180.23,-16.305
GP,2022-02-21,2022,52,-2.59,-12.19,0.92,0.133131547878839,107.4015,18.3427972614014,238.67,239.96,37371.37,-7.39
GP,2022-02-22,2022,53,-5.78,-13.21,10.47,0.0887667097851716,67.7925,11.637631320741,150.65,220.99,37563.56,-9.495
GP,2022-02-23,2022,54,-4.53,-13.66,1.59,0.112567068931448,112.1445,19.3503430312101,249.21,212.94,37756.74,-9.095
GP,2022-02-24,2022,55,-9.76,-20.99,0,0.0892346462531713,136.2735,23.6346530973597,302.83,114.62,37950.86,-15.375
GP,2022-02-25,2022,56,-13.46,-24.33,4.15,0.0665316574089055,102.357,17.8435551249612,227.46,85.16,38145.88,-18.895
GP,2022-02-26,2022,57,-6.05,-30.7,0,0.171522256442717,194.031,33.9984694579392,431.18,47.16,38341.76,-18.375
GP,2022-02-27,2022,58,-2.14,-13.08,1.74,0.15010446580857,141.4575,24.9135962542988,314.35,223.19,38538.45,-7.61
GP,2022-02-28,2022,59,-10.34,-21.81,0,0.0867237827862349,149.895,26.5348788785865,333.1,106.61,38735.91,-16.075
GP,2022-03-01,2022,60,-9.23,-26.26,5.98,0.116953404659427,139.104,24.7506065849952,309.12,71.5,38934.09,-17.745
GP,2022-03-02,2022,61,-4.38,-20.71,1.76,0.162760643755145,184.266,32.9537026345914,409.48,117.44,39132.97,-12.545
GP,2022-03-03,2022,62,-10.15,-18.62,0,0.0718746021733158,125.9415,22.6379132917344,279.87,140.6,39332.48,-14.385
GP,2022-03-04,2022,63,-5.49,-27.94,0,0.173060736889329,207.0405,37.4047706270218,460.09,61.16,39532.61,-16.715
GP,2022-03-05,2022,64,-2.55,-23.33,8.44,0.207208288105211,153.9765,27.9592417529726,342.17,93.2,39733.31,-12.94
GP,2022-03-06,2022,65,1.5,-7.64,7.69,0.168697349401306,97.5735,17.8072509319223,216.83,344.05,39934.55,-3.07
GP,2022-03-07,2022,66,1.8,-1.87,8.36,0.0816707037014583,43.7085,8.0171354363166,97.13,532.51,40136.28,-0.035
GP,2022-03-08,2022,67,-3.04,-10.3,0,0.105229091657358,113.652,20.9513886053472,252.56,279.15,40338.48,-6.67
GP,2022-03-09,2022,68,0.49,-19.42,0,0.251251263526646,212.6835,39.4044733012545,472.63,131.35,40541.1,-9.465
GP,2022-03-10,2022,69,2.67,-8.05,0,0.203805637930412,155.7855,29.0073651150056,346.19,333.16,40744.13,-2.69
GP,2022-03-11,2022,70,-0.72,-9.1,10.47,0.136947808809107,98.604,18.4517784215028,219.12,306.83,40947.51,-4.91
GP,2022-03-12,2022,71,-1.35,-5.48,6.52,0.0739417472599792,52.8345,9.93611530275795,117.41,406.31,41151.23,-3.415
GP,2022-03-13,2022,72,-5.24,-12.85,0.73,0.0938587876567514,124.8705,23.5997061986394,277.49,227.5,41355.24,-9.045
GP,2022-03-14,2022,73,2.06,-14.86,0,0.258318661200415,213.786,40.6037349902304,475.08,192.86,41559.52,-6.4
GP,2022-03-15,2022,74,1.84,-9.04,0,0.194902519870291,168.5385,32.1675383558178,374.53,308.44,41764.04,-3.6
GP,2022-03-16,2022,75,5.47,-8,0,0.283280698446586,193.563,37.1248566957207,430.14,334.63,41968.77,-1.265
GP,2022-03-17,2022,76,7.2,-0.76,0,0.218449872827096,132.732,25.5819257386308,294.96,577.82,42173.67,3.22
GP,2022-03-18,2022,77,8.37,-3.06,3.06,0.30593713590553,136.7955,26.4932808847888,303.99,487.34,42378.71,2.655
GP,2022-03-19,2022,78,1.68,-1.37,14.85,0.0688438932444106,45.639,8.8817296458924,101.42,552.34,42583.88,0.155
GP,2022-03-20,2022,79,2.87,-0.36,4.34,0.0780915755245246,48.582,9.5000315174262,107.96,594.73,42789.13,1.255
GP,2022-03-21,2022,80,3.03,-2.26,0,0.121243426709603,105.012,20.6332398490896,233.36,517.16,42994.44,0.385
GP,2022-03-22,2022,81,1.83,-6.12,0,0.155586533990903,156.2175,30.8409266589255,347.15,386.64,43199.78,-2.145
GP,2022-03-23,2022,82,5.55,-7.45,0,0.27856273497422,215.5815,42.7630379570951,479.07,349.14,43405.11,-0.95
GP,2022-03-24,2022,83,1.3,-2.44,6.87,0.0804224028036872,60.552,12.0679905539088,134.56,510.55,43610.42,-0.57
GP,2022-03-25,2022,84,2.01,0,9.28,0.0479026866221761,37.143,7.4374256188017,82.54,610.55,43815.67,1.005
GP,2022-03-26,2022,85,4.53,-0.38,1.2,0.124688293650441,107.5635,21.6391127986638,239.03,594.19,44020.84,2.075
GP,2022-03-27,2022,86,2.36,-5.99,0.87,0.166864812369339,174.0645,35.1805714999182,386.81,390.71,44225.88,-1.815
GP,2022-03-28,2022,87,-6.31,-13.79,0,0.0861309085171294,169.9965,34.5175623116739,377.77,210.64,44430.78,-10.05
GP,2022-03-29,2022,88,-2.2,-10.33,0,0.121191699257836,182.4075,37.2082626817853,405.35,278.55,44635.51,-6.265
GP,2022-03-30,2022,89,2.51,-9.18,4.12,0.213685494347468,171.3735,35.1176754671068,380.83,305.02,44840.03,-3.335
GP,2022-03-31,2022,90,3.06,-3.04,4.89,0.136605154248479,111.7485,23.00370772748,248.33,488.06,45044.31,0.01
GP,2022-04-01,2022,91,5.01,-0.33,2.25,0.138020075112053,102.1275,21.1184216168828,226.95,596.3,45248.33,2.34
GP,2022-04-02,2022,92,6.29,-4.06,0,0.25071679244885,223.137,46.3490855521236,495.86,452.22,45452.04,1.115
GP,2022-04-03,2022,93,6.76,-3.47,0,0.256000733314858,227.007,47.3639470449057,504.46,472.81,45655.43,1.645
GP,2022-04-04,2022,94,9.47,-2.58,0,0.339218554695917,246.645,51.6901613191425,548.1,505.23,45858.45,3.445
GP,2022-04-05,2022,95,8.53,-5.94,0,0.35967332681678,262.647,55.2869664679332,583.66,392.03,46061.08,1.295
GP,2022-04-06,2022,96,10.41,-6.13,0,0.437182143044522,269.0775,56.889223299594,597.95,386.45,46263.28,2.14
GP,2022-04-07,2022,97,4.72,-0.5,26.82,0.133147345967043,104.625,22.2166056376125,232.5,588.78,46465.01,2.11
GP,2022-04-08,2022,98,3.06,-0.01,7.21,0.0754837139973162,68.0535,14.5134135147938,151.23,610.08,46666.25,1.525
GP,2022-04-09,2022,99,6.78,0.11,3.02,0.185326081591359,135.8235,29.0909436477952,301.83,615.43,46866.95,3.445
GP,2022-04-10,2022,100,9.48,-1.11,0,0.31080950436581,241.2045,51.8822571452202,536.01,562.94,47067.08,4.185
GP,2022-04-11,2022,101,9.23,-0.88,3.76,0.295738635482958,175.8015,37.974594052143,390.67,572.92,47266.6,4.175
GP,2022-04-12,2022,102,14.61,0.66,0,0.509748855927664,262.143,56.8633250090997,582.54,640.53,47465.47,7.635
GP,2022-04-13,2022,103,9.16,-3.08,4.71,0.33633708875195,192.969,42.0330722458878,428.82,486.69,47663.66,3.04
GP,2022-04-14,2022,104,4.48,1.91,8.95,0.0697253124765168,59.3235,12.9755514261024,131.83,701,47861.12,3.195
GP,2022-04-15,2022,105,11.93,0.48,1.86,0.38063517455821,252.9,55.54295808093,562,632.45,48057.81,6.205
GP,2022-04-16,2022,106,5.98,-0.54,0,0.173199929662258,184.023,40.5806347925559,408.94,586.94,48253.69,2.72
GP,2022-04-17,2022,107,6.44,-2.74,0,0.231993292864757,234.009,51.8120741952423,520.02,499.32,48448.71,1.85
GP,2022-04-18,2022,108,8.96,-2.33,9.08,0.314413547493853,191.2815,42.5214525755322,425.07,514.79,48642.84,3.315
GP,2022-04-19,2022,109,3.56,-0.21,9.06,0.0932260623117783,85.14,19.001597254596,189.2,601.6,48836.02,1.675
GP,2022-04-20,2022,110,4.17,-1.27,0,0.133059162341811,158.58,35.531263486026,352.4,556.63,49028.21,1.45
GP,2022-04-21,2022,111,10.98,-5.31,3.38,0.449093496680272,213.1695,47.9487335303003,473.71,411.35,49219.35,2.835
GP,2022-04-22,2022,112,9.74,-0.13,0,0.300131177026844,239.2785,54.0293254638305,531.73,604.9,49409.41,4.805
GP,2022-04-23,2022,113,9.55,-4.21,0,0.371580956097817,274.0995,62.1285774376788,609.11,447.11,49598.32,2.67
GP,2022-04-24,2022,114,9.14,-2.53,0,0.325328217326808,255.3435,58.0963155906618,567.43,507.07,49786.04,3.305
GP,2022-04-25,2022,115,15.51,2.83,5.27,0.50496128168268,192.4695,43.9551009414437,427.71,748.53,49972.51,9.17
GP,2022-04-26,2022,116,14.56,4.99,0,0.391317055374473,220.7655,50.6039998394628,490.59,871.36,50157.68,9.775
GP,2022-04-27,2022,117,8.99,2.72,3.84,0.201649287072056,123.2325,28.3509496672875,273.85,742.42,50341.5,5.855
GP,2022-04-28,2022,118,8.7,-0.74,0,0.272698676469193,224.865,51.9200191785645,499.7,578.46,50523.89,3.98
GP,2022-04-29,2022,119,10.69,-1.02,0,0.358611971941179,252.981,58.6210056714477,562.18,566.88,50704.81,4.835
GP,2022-04-30,2022,120,14.73,-1.05,0,0.553642241333621,278.091,64.667501944254,617.98,565.66,50884.2,6.84
GP,2022-05-01,2022,121,19.18,0.96,0,0.781616623765672,282.4785,65.9172756346551,627.73,654.58,51061.98,10.07
GP,2022-05-02,2022,122,20.56,1.65,0,0.864291070311497,282.4965,66.1488614091806,627.77,687.52,51238.11,11.105
GP,2022-05-03,2022,123,15.51,6.94,4.73,0.380517683462606,144.711,34.0006043204604,321.58,997.08,51412.52,11.225
GP,2022-05-04,2022,124,16.55,7.37,3.28,0.425673236297507,152.145,35.8672775895945,338.1,1027.15,51585.13,11.96
GP,2022-05-05,2022,125,14.62,-0.92,0,0.545012333479528,273.2265,64.6247387034184,607.17,571.08,51755.89,6.85
GP,2022-05-06,2022,126,11.33,-1.49,0,0.396014008446703,256.6665,60.9059261866716,570.37,547.73,51924.72,4.92
GP,2022-05-07,2022,127,14.45,-2.27,0,0.562918348353615,279.0675,66.434370690771,620.15,517.13,52091.56,6.09
GP,2022-05-08,2022,128,18.01,-2.02,0,0.767613792316789,286.9965,68.5380571404417,637.77,526.42,52256.34,7.995
GP,2022-05-09,2022,129,22.49,-1.1,0,1.09598240625497,291.24,69.767922069864,647.2,545.18,52418.98,10.695
GP,2022-05-10,2022,130,24.68,4.06,0,1.1755378811574,278.9865,67.0370812456001,619.97,783.49,52579.41,14.37
GP,2022-05-11,2022,131,27.87,4.74,0,1.49604850764501,281.9385,67.9501680348848,626.53,804.41,52737.55,16.305
GP,2022-05-12,2022,132,28.65,8.97,0,1.44281545489704,265.464,64.168650808308,589.92,1088.68,52893.35,18.81
GP,2022-05-13,2022,133,31.5,10.55,0,1.7543960807881,264.9285,64.2248727605415,588.73,1189.45,53046.7,21.025
GP,2022-05-14,2022,134,29.85,13.14,9.4,1.34342960000536,177.1875,43.0765498701563,393.75,1511.07,53197.55,21.495
GP,2022-05-15,2022,135,19.01,10.83,18.49,0.448128143389401,112.3425,27.3880227199095,249.65,1296.87,53345.82,14.92
GP,2022-05-16,2022,136,20.82,12.15,26.05,0.518888564517169,115.893,28.3307148009342,257.54,1415.38,53491.42,16.485
GP,2022-05-17,2022,137,12.81,5.4,4.52,0.289984835787888,106.011,25.9842141128556,235.58,896.35,53634.28,9.105
GP,2022-05-18,2022,138,17.43,2.73,0,0.6217679381758,234.9225,57.731885444214,522.05,743.3,53774.32,10.08
GP,2022-05-19,2022,139,17.31,3.49,0,0.593773888972059,223.1955,54.9898743858651,495.99,784.3,53911.46,10.4
GP,2022-05-20,2022,140,19.32,5.91,0,0.653576056146092,213.795,52.804902808503,475.1,929.1,54045.62,12.615
GP,2022-05-21,2022,141,28.31,12.93,18.22,1.17527047629881,164.5785,40.7475975382164,365.73,1489.95,54176.72,20.62
GP,2022-05-22,2022,142,22.7,10.21,3.82,0.753360531562379,147.3525,36.5688284778383,327.45,1244.97,54304.69,16.455
GP,2022-05-23,2022,143,15.25,1.62,0,0.521547990507008,217.746,54.1626833380446,483.88,686.51,54429.43,8.435
GP,2022-05-24,2022,144,17.68,1.72,0,0.663536895850761,236.0835,58.8550422296696,524.63,691.54,54550.89,9.7
GP,2022-05-25,2022,145,22.49,2.07,0,1.00464203556183,258.6015,64.6082728397294,574.67,709.07,54668.97,12.28
GP,2022-05-26,2022,146,16.24,9.55,10.88,0.325345611920936,86.7015,21.706678749978,192.67,1190.76,54783.6,12.895
GP,2022-05-27,2022,147,19.51,12.88,23.36,0.387960770606643,83.268,20.8893452951196,185.04,1485.49,54894.71,16.195
GP,2022-05-28,2022,148,20.85,10.49,2.82,0.59465172109521,112.0815,28.1728170145256,249.07,1268.3,55002.21,15.67
GP,2022-05-29,2022,149,25.54,7.01,0,1.13090340368489,216.6615,54.5628528931217,481.47,1002.26,55106.03,16.275
GP,2022-05-30,2022,150,21.77,10.87,5.64,0.649534717864866,116.136,29.300169427272,258.08,1300.97,55206.1,16.32
GP,2022-05-31,2022,151,18,7.87,1.33,0.497657961601842,151.4385,38.2733155322708,336.53,1063.16,55302.35,12.935
GP,2022-06-01,2022,152,16.38,6.64,9.39,0.440482912631757,112.6395,28.5151150896705,250.31,977.2,55394.7,11.51
GP,2022-06-02,2022,153,22.28,8.14,0,0.800317855617564,192.0915,48.706283021099,426.87,1082.44,55483.09,15.21
GP,2022-06-03,2022,154,19.01,10.28,2.62,0.471552446801701,99.855,25.3575028792575,221.9,1250.14,55567.45,14.645
GP,2022-06-04,2022,155,21.7,9.21,3.05,0.712880762807952,133.1145,33.8523531140731,295.81,1163.81,55647.71,15.455
GP,2022-06-05,2022,156,17.6,8.53,0,0.447977688494847,141.0255,35.9132516687637,313.39,1111.55,55723.82,13.065
GP,2022-06-06,2022,157,21.65,7.94,0,0.757308311999739,191.835,48.9153150272745,426.3,1067.56,55795.71,14.795
GP,2022-06-07,2022,158,20.5,12.45,17.89,0.480325831902141,95.6655,24.4229594483322,212.59,1444.06,55863.32,16.475
GP,2022-06-08,2022,159,19.77,13.9,5.89,0.355751620237201,74.034,18.9219508464618,164.52,1587.07,55926.61,16.835
GP,2022-06-09,2022,160,15.34,8.63,7.77,0.30955995896951,89.5995,22.9243749185268,199.11,1119.27,55985.52,11.985
GP,2022-06-10,2022,161,20.2,9.77,6.56,0.576137044459144,130.1715,33.3372796813625,289.27,1208.75,56039.99,14.985
GP,2022-06-11,2022,162,22.27,8.74,20.73,0.776571657714834,154.269,39.5439662696067,342.82,1127.8,56089.99,15.505
GP,2022-06-12,2022,163,23.14,9.7,5.63,0.811524910887581,154.314,39.5875814054904,342.92,1203.12,56135.48,16.42
GP,2022-06-13,2022,164,22.18,13.03,0,0.583040790123249,160.74,41.266168375338,357.2,1499.75,56176.41,17.605
GP,2022-06-14,2022,165,23.89,10.45,0,0.846006899770908,205.488,52.78827826404,456.64,1264.93,56212.75,17.17
GP,2022-06-15,2022,166,24.44,10.83,0,0.879504198480867,204.957,52.6815791187003,455.46,1297.24,56244.47,17.635
GP,2022-06-16,2022,167,23.31,15.34,5.46,0.556521545823497,103.8105,26.6960055334869,230.69,1741.69,56271.54,19.325
GP,2022-06-17,2022,168,23.91,13.34,6.19,0.714502130391713,131.2245,33.7592486719521,291.61,1530.77,56293.94,18.625
GP,2022-06-18,2022,169,14.57,7.21,1.87,0.319551909936181,141.138,36.321051415689,313.64,1015.76,56311.65,10.89
GP,2022-06-19,2022,170,20.99,7.61,0,0.71782546353502,210.4605,54.1733009860553,467.69,1043.99,56324.65,14.3
GP,2022-06-20,2022,171,24.54,4.57,0,1.11489197794611,241.722,62.2292718699522,537.16,846.04,56332.93,14.555
GP,2022-06-21,2022,172,20.96,9.29,1.09,0.65194299023652,192.8655,49.6547194762741,428.59,1170.45,56336.49,15.125
GP,2022-06-22,2022,173,21.15,13.93,19.61,0.456252952659143,99.7785,25.6882155306534,221.73,1590.33,56335.32,17.54
GP,2022-06-23,2022,174,16.9,13.79,18.65,0.172027627054976,48.717,12.5409956184198,108.26,1575.72,56329.42,15.345
GP,2022-06-24,2022,175,24.81,14.75,0,0.723799251879516,177.3225,45.63871818741,394.05,1676.65,56318.8,19.78
GP,2022-06-25,2022,176,28.36,13.49,0,1.15255100635408,214.5375,55.2019602223575,476.75,1545.95,56303.46,20.925
GP,2022-06-26,2022,177,30.75,13.94,3.57,1.41459721217614,164.817,42.3934499961567,366.26,1591.42,56283.43,22.345
GP,2022-06-27,2022,178,25.24,17.35,2.79,0.612572081289934,105.2865,27.0694018037966,233.97,1979.59,56258.71,21.295
GP,2022-06-28,2022,179,23.9,9.92,0,0.869331695223373,214.6995,55.170909296051,477.11,1220.52,56229.33,16.91
GP,2022-06-29,2022,180,24.32,9.96,22.7,0.905131967240711,161.874,41.5712848196376,359.72,1224.14,56195.32,17.14
GP,2022-06-30,2022,181,21.66,8.75,1.88,0.727448430200307,207.2835,53.1964329727365,460.63,1128.32,56156.7,15.205
GP,2022-07-01,2022,182,25.07,13.91,3.76,0.791923635374262,137.817,35.341611628815,306.26,1588.68,56113.5,19.49
GP,2022-07-02,2022,183,25.9,12.69,0.75,0.933735811636426,203.3955,52.1141107217,451.99,1466.47,56065.77,19.295
GP,2022-07-03,2022,184,23.85,11.67,1.23,0.789420037408952,196.0065,50.1741208885027,435.57,1371.22,56013.55,17.76
GP,2022-07-04,2022,185,23.97,8.6,1.05,0.927125726523399,220.995,56.5134813794205,491.1,1117.14,55956.87,16.285
GP,2022-07-05,2022,186,21.55,11.62,17.79,0.598846722402356,128.8485,32.9135453490146,286.33,1367.37,55895.79,16.585
GP,2022-07-06,2022,187,23.08,12.53,0,0.681978496384017,178.5375,45.5528967869813,396.75,1451.58,55830.35,17.805
GP,2022-07-07,2022,188,23.51,7.9,0,0.91296591187579,221.7195,56.4998905798502,492.71,1064.84,55760.61,15.705
GP,2022-07-08,2022,189,24.52,11.51,0,0.856394102653688,198.171,50.4321123961314,440.38,1357.56,55686.62,18.015
GP,2022-07-09,2022,190,22.51,6.93,0,0.86230597247753,219.0645,55.6709864270166,486.81,996.5,55608.44,14.72
GP,2022-07-10,2022,191,26.48,7.47,0,1.20871353729809,230.841,58.5769332546918,512.98,1033.83,55526.14,16.975
GP,2022-07-11,2022,192,24.99,14.23,4.52,0.767879169831384,126.504,32.0510274560784,281.12,1621.79,55439.78,19.61
GP,2022-07-12,2022,193,24.95,15.16,8.98,0.71380205388648,118.017,29.8520283256398,262.26,1722.15,55349.42,20.055
GP,2022-07-13,2022,194,26.05,13.29,0,0.918518844366935,188.775,47.6686973474775,419.5,1525.85,55255.13,19.67
GP,2022-07-14,2022,195,21.78,12.88,4.59,0.558027614731449,112.2345,28.2906584481717,249.41,1485.31,55156.98,17.33
GP,2022-07-15,2022,196,26.64,9.82,0,1.13522681375842,219.213,55.1543268096864,487.14,1212.66,55055.04,18.23
GP,2022-07-16,2022,197,27.88,11.95,0,1.17456306738431,209.8575,52.6991355760095,466.35,1396.77,54949.38,19.915
GP,2022-07-17,2022,198,28.68,13.17,0,1.20474032766941,204.2055,51.1778213531222,453.79,1513.98,54840.09,20.925
GP,2022-07-18,2022,199,28.92,14.54,2.81,1.16168035040548,144.6885,36.1870851253329,321.53,1654.83,54727.22,21.73
GP,2022-07-19,2022,200,28.52,16.34,0,1.01425494339902,172.8765,43.1450778287264,384.17,1857.67,54610.87,22.43
GP,2022-07-20,2022,201,28.1,12.98,5.77,1.14917052623394,150.903,37.5785249135481,335.34,1495.14,54491.11,20.54
GP,2022-07-21,2022,202,28.76,19.03,10.4,0.870441007484733,108.5985,26.9825794063115,241.33,2200.04,54368.01,23.895
GP,2022-07-22,2022,203,28.24,16.25,13.29,0.988819383602435,128.3085,31.8056737667427,285.13,1846.4,54241.66,22.245
GP,2022-07-23,2022,204,29.46,14.15,0,1.24600209327583,196.3215,48.5488216011631,436.27,1613.04,54112.13,21.805
GP,2022-07-24,2022,205,26.55,15.79,18.49,0.834965646741582,117.063,28.877840092845,260.14,1793.26,53979.5,21.17
GP,2022-07-25,2022,206,26.43,17.22,3.84,0.737007501648609,103.3695,25.4357601662678,229.71,1964.22,53843.85,21.825
GP,2022-07-26,2022,207,24.55,11.14,0,0.875713043614619,189.135,46.4199863234265,420.3,1324.6,53705.27,17.845
GP,2022-07-27,2022,208,27.16,12.84,0,1.05488772217896,191.3985,46.8517990463739,425.33,1481.13,53563.82,20.0
GP,2022-07-28,2022,209,27.41,12.89,10.45,1.07864887087362,144,35.1543637872,320,1486.31,53419.59,20.15
GP,2022-07-29,2022,210,24.38,15.67,1.24,0.632740944593568,133.677,32.5444752246474,297.06,1779,53272.66,20.025
GP,2022-07-30,2022,211,22.32,13.79,0,0.556162562851443,134.595,32.6759798063565,299.1,1576.05,53123.11,18.055
GP,2022-07-31,2022,212,26.72,12.12,0,1.04318395365425,194.2875,47.0326353315637,431.75,1412.85,52971.01,19.42
GP,2022-08-01,2022,213,28.16,14.76,0,1.06464495150279,181.17,43.729199487567,402.6,1677.73,52816.43,21.46
GP,2022-08-02,2022,214,25.14,15.11,1.87,0.734614282969877,149.571,35.9948193788862,332.38,1716.53,52659.46,20.125
GP,2022-08-03,2022,215,24.05,9.14,0,0.91369680522446,199.872,47.9544448805568,444.16,1158.44,52500.17,16.595
GP,2022-08-04,2022,216,25.58,17.93,0,0.608281293659667,116.829,27.9440463445992,259.62,2053.43,52338.64,21.755
GP,2022-08-05,2022,217,25.71,15.27,0,0.780657524052655,153.3915,36.5745818421842,340.87,1734.27,52174.93,20.49
GP,2022-08-06,2022,218,29.42,10.29,0,1.42215361446903,215.514,51.2237390876874,478.92,1251.6,52009.13,19.855
GP,2022-08-07,2022,219,30.48,16.3,17.18,1.24946159552569,135.783,32.1689880719199,301.74,1852.83,51841.29,23.39
GP,2022-08-08,2022,220,16.16,12.77,30.92,0.178429000868039,44.9235,10.6081773072386,99.83,1474.53,51671.49,14.465
GP,2022-08-09,2022,221,18.89,12.68,0,0.355419577386136,105.813,24.9035267375721,235.14,1465.51,51499.81,15.785
GP,2022-08-10,2022,222,24,14.36,0,0.670347007197152,149.8635,35.1521610474285,333.03,1635.27,51326.3,19.18
GP,2022-08-11,2022,223,23.65,12.5,7,0.732640852704634,125.433,29.3212440571743,278.74,1448.8,51151.03,18.075
GP,2022-08-12,2022,224,20.48,9.26,0,0.617753668279515,172.107,40.0925837932893,382.46,1167.41,50974.07,14.87
GP,2022-08-13,2022,225,24.7,9.87,0,0.94346119065559,196.785,45.680753590326,437.3,1217.05,50795.48,17.285
GP,2022-08-14,2022,226,26.34,9.51,0,1.11734461993413,206.46,47.756687515326,458.8,1187.53,50615.33,17.925
GP,2022-08-15,2022,227,27.26,9.96,0,1.19408722656247,206.6985,47.6402571989221,459.33,1224.15,50433.67,18.61
GP,2022-08-16,2022,228,27.58,11.99,0,1.13935000810292,195.372,44.8662234345228,434.16,1401.27,50250.57,19.785
GP,2022-08-17,2022,229,25.97,12.42,2.12,0.952928400793138,136.611,31.2568680548016,303.58,1441.35,50066.08,19.195
GP,2022-08-18,2022,230,19.1,15.16,3.9,0.240958955812632,50.139,11.4293225562075,111.42,1722.11,49880.25,17.13
GP,2022-08-19,2022,231,27.52,13.57,0,1.05670163555998,183.78,41.736022877736,408.4,1553.69,49693.16,20.545
GP,2022-08-20,2022,232,29.02,13.21,0,1.24179062841943,192.2355,43.4908056510774,427.19,1517.96,49504.84,21.115
GP,2022-08-21,2022,233,28.87,15.26,13.84,1.11686137038192,131.562,29.650279170519,292.36,1733.09,49315.35,22.065
GP,2022-08-22,2022,234,25.33,17.3,3.44,0.623553631088052,90.909,20.4090802727175,202.02,1974.1,49124.75,21.315
GP,2022-08-23,2022,235,24.16,17.71,16.65,0.48932675744931,75.447,16.8717731764932,167.66,2025.32,48933.08,20.935
GP,2022-08-24,2022,236,27.37,16.21,5.05,0.896648451129861,116.577,25.966783921356,259.06,1841.45,48740.4,21.79
GP,2022-08-25,2022,237,22,12.24,1.16,0.606254526320348,147.7845,32.7872625377121,328.41,1424.2,48546.74,17.12
GP,2022-08-26,2022,238,16.77,12.16,8.82,0.243953693335059,59.6115,13.1723156712888,132.47,1416.38,48352.16,14.465
GP,2022-08-27,2022,239,21.12,11.04,0,0.591666400114502,155.0475,34.1222591463233,344.55,1315.45,48156.71,16.08
GP,2022-08-28,2022,240,24.16,7.55,0,0.98315063511463,199.6965,43.7693030172621,443.77,1039.76,47960.42,15.855
GP,2022-08-29,2022,241,27.66,12.07,7.8,1.14468687256593,140.229,30.6089771086755,311.62,1408.26,47763.35,19.865
GP,2022-08-30,2022,242,27.06,19.9,15.52,0.622213261657806,79.0065,17.1739926193716,175.57,2323.09,47565.52,23.48
GP,2022-08-31,2022,243,22.29,14.7,1.75,0.505983715323791,118.512,25.6539542052816,263.36,1671.51,47366.99,18.495
GP,2022-09-01,2022,244,16.26,9.51,0,0.327684888800083,112.1625,24.1773896136488,249.25,1188,47167.79,12.885
GP,2022-09-02,2022,245,22.45,4.96,0,0.921133691423933,201.06,43.156237631832,446.8,869.35,46967.96,13.705
GP,2022-09-03,2022,246,26.02,10.86,0,1.02933138181612,183.0015,39.1124903320553,406.67,1299.46,46767.55,18.44
GP,2022-09-04,2022,247,18.71,9.96,0,0.464392628521469,133.407,28.3902402662343,296.46,1223.72,46566.57,14.335
GP,2022-09-05,2022,248,20.65,7.13,0,0.709204569374267,178.3395,37.7880822440114,396.31,1010.11,46365.09,13.89
GP,2022-09-06,2022,249,22.12,6.63,0,0.840710453041021,187.326,39.5193154602384,416.28,976.04,46163.12,14.375
GP,2022-09-07,2022,250,25.52,8.35,0,1.08074657101806,188.163,39.521831597037,418.14,1098.35,45960.7,16.935
GP,2022-09-08,2022,251,26.38,11.43,0,1.04025704882316,172.647,36.1028204372052,383.66,1349.65,45757.88,18.905
GP,2022-09-09,2022,252,24.31,11.27,0,0.848228075385359,160.1325,33.3371591955518,355.85,1335.85,45554.67,17.79
GP,2022-09-10,2022,253,26.63,11.26,0,1.07258904355232,171.027,35.4461356210968,380.06,1335.25,45351.12,18.945
GP,2022-09-11,2022,254,26.5,12.27,0,1.01367711679305,162.2565,33.4772368971863,360.57,1426.81,45147.25,19.385
GP,2022-09-12,2022,255,27.52,14.76,0,0.994253763068895,149.0355,30.6103964268285,331.19,1678.28,44943.1,21.14
GP,2022-09-13,2022,256,23,13.14,76.83,0.645840165007401,96.4215,19.713936202106,214.27,1510.43,44738.69,18.07
GP,2022-09-14,2022,257,19.75,10.63,0,0.508086692861353,124.9965,25.4393751650504,277.77,1280.03,44534.07,15.19
GP,2022-09-15,2022,258,15.49,6.06,0,0.408422619340549,132.6465,26.8721477607713,294.77,938.78,44329.25,10.775
GP,2022-09-16,2022,259,16.26,4.95,0,0.487576757049544,150.012,30.2496068599668,333.36,869.17,44124.27,10.605
GP,2022-09-17,2022,260,17.88,2.71,10.34,0.65107461588333,128.961,25.8838405764309,286.58,742.05,43919.17,10.295
GP,2022-09-18,2022,261,13.65,9.08,12.69,0.202694319404449,51.2055,10.2294636269333,113.79,1153.44,43713.95,11.365
GP,2022-09-19,2022,262,13.32,5.09,15.76,0.324450128113438,88.6905,17.6347420336219,197.09,877.34,43508.67,9.205
GP,2022-09-20,2022,263,11.52,9.42,4.28,0.0874413427544827,27.405,5.423347109439,60.9,1180.4,43303.34,10.47
GP,2022-09-21,2022,264,14.33,8.69,11.99,0.252886162420071,63.9495,12.59535666807,142.11,1123.43,43098,11.51
GP,2022-09-22,2022,265,16.92,9.11,0,0.383339453453055,110.8395,21.7267086462102,246.31,1156.11,42892.68,13.015
GP,2022-09-23,2022,266,12.72,4.43,0,0.314977158710006,119.259,23.2652093791257,265.02,837.74,42687.39,8.575
GP,2022-09-24,2022,267,18.82,4.23,0,0.670901829181042,163.1655,31.6775314634103,362.59,826.23,42482.18,11.525
GP,2022-09-25,2022,268,16.7,3.82,0,0.546902522999563,151.9425,29.3562345477308,337.65,803.01,42277.07,10.26
GP,2022-09-26,2022,269,14.25,8.99,6.56,0.236965020145012,56.259,10.8168870606867,125.02,1146.63,42072.09,11.62
GP,2022-09-27,2022,270,13.32,10.25,11.12,0.138220982817819,35.181,6.7313027939976,78.18,1248.39,41867.28,11.785
GP,2022-09-28,2022,271,15.69,8.37,0,0.33919262867763,103.8645,19.7756253209273,230.81,1099.61,41662.65,12.03
GP,2022-09-29,2022,272,13.69,3.27,0,0.395906956646745,135.3915,25.6518425727788,300.87,771.97,41458.25,8.48
GP,2022-09-30,2022,273,17.14,0.39,0,0.661250526360704,164.646,31.0409065227798,365.88,628.46,41254.09,8.765
GP,2022-10-01,2022,274,14.71,2.46,0,0.470910451859641,142.5375,26.7399645009525,316.75,728.81,41050.22,8.585
GP,2022-10-02,2022,275,12.42,-0.07,0,0.415819863116791,144.927,27.0534190179213,322.06,607.74,40846.67,6.175
GP,2022-10-03,2022,276,14.81,-2.84,0,0.593143704275575,163.305,30.332370675321,362.9,495.51,40643.46,5.985
GP,2022-10-04,2022,277,17.96,-1.29,0,0.749718356725876,162.6705,30.0637335860366,361.49,555.61,40440.63,8.335
GP,2022-10-05,2022,278,20.05,1.21,0,0.836927418013752,158.3235,29.113889881073,351.83,666.75,40238.21,10.63
GP,2022-10-06,2022,279,20.6,4.15,0,0.799726807412402,149.0085,27.2634321109428,331.13,821.7,40036.24,12.375
GP,2022-10-07,2022,280,14.66,4.81,2.94,0.402184174970256,85.9545,15.6475704062588,191.01,860.42,39834.75,9.735
GP,2022-10-08,2022,281,8.4,-1.36,0,0.274325343192567,117.1035,21.2105270563412,260.23,552.71,39633.77,3.52
GP,2022-10-09,2022,282,9.75,1.59,1.31,0.26030939071326,101.358,18.265766686101,225.24,685.07,39433.35,5.67
GP,2022-10-10,2022,283,10.36,-3.45,0,0.391551520417122,140.679,25.2233488855656,312.62,473.38,39233.52,3.455
GP,2022-10-11,2022,284,14.83,-3.9,0,0.613107936718004,151.8345,27.0852770223828,337.41,457.78,39034.32,5.465
GP,2022-10-12,2022,285,14.36,-1.15,0,0.535818163876755,141.237,25.0666742035602,313.86,561.68,38835.78,6.605
GP,2022-10-13,2022,286,16.52,5.55,24.24,0.484506353427234,86.0805,15.1997014312358,191.29,906.12,38637.95,11.035
GP,2022-10-14,2022,287,12.68,7.68,7.94,0.207199546069995,45.1845,7.93777691165355,100.41,1048.94,38440.87,10.18
GP,2022-10-15,2022,288,14.92,1.48,0,0.506830278026914,127.5165,22.2870386565509,283.37,679.65,38244.57,8.2
GP,2022-10-16,2022,289,12.93,0.51,0,0.427240289082472,121.617,21.1473030516759,270.26,633.8,38049.11,6.72
GP,2022-10-17,2022,290,14.85,2.59,5.01,0.475101476749589,89.0505,15.4053092446061,197.89,735.57,37854.53,8.72
GP,2022-10-18,2022,291,12.31,5.91,9.01,0.249893610278193,53.82,9.262969666938,119.6,928.74,37660.87,9.11
GP,2022-10-19,2022,292,11.53,0.86,1,0.353788789935797,107.1585,18.3487052270421,238.13,649.93,37468.18,6.195
GP,2022-10-20,2022,293,7.49,2.01,0.89,0.164463655546272,61.335,10.448638362675,136.3,705.9,37276.5,4.75
GP,2022-10-21,2022,294,10.89,0.89,0,0.324791538610742,98.658,16.720810700454,219.24,651.45,37085.9,5.89
GP,2022-10-22,2022,295,18.05,0.02,0,0.727229343844564,127.971,21.578028264108,284.38,611.79,36896.4,9.035
GP,2022-10-23,2022,296,19.31,1.01,0,0.789508149816558,125.4555,21.0459035241108,278.79,656.88,36708.08,10.16
GP,2022-10-24,2022,297,20.37,5.39,0,0.745762033164957,112.923,18.8469427535667,250.94,895.71,36520.97,12.88
GP,2022-10-25,2022,298,17.36,12.78,0,0.250295589930536,43.488,7.2212515372224,96.64,1475.68,36335.14,15.07
GP,2022-10-26,2022,299,19.56,10.93,10.37,0.481378414166846,56.5695,9.3457579867236,125.71,1306.15,36150.64,15.245
GP,2022-10-27,2022,300,11.86,2.25,0,0.334510870754545,84.753,13.9309833670992,188.34,718.17,35967.52,7.055
GP,2022-10-28,2022,301,9.23,-4.01,0,0.355507759078689,104.4225,17.0773997739345,232.05,453.91,35785.86,2.61
GP,2022-10-29,2022,302,11.84,-4.39,0,0.472538916061085,112.626,18.3262778396658,250.28,441.04,35605.69,3.725
GP,2022-10-30,2022,303,14.25,-2.81,0,0.562703527304928,112.5945,18.2292523664729,250.21,496.65,35427.09,5.72
GP,2022-10-31,2022,304,13.52,-1.02,0,0.489950815303801,103.0815,16.6057177794692,229.07,566.93,35250.13,6.25
GP,2022-11-01,2022,305,13.99,3.5,0.45,0.404536546826807,82.0665,13.1546087112893,182.37,785.03,35074.85,8.745
GP,2022-11-02,2022,306,13.19,0.39,0,0.442697273991784,94.1085,15.0102189913739,209.13,628.35,34901.33,6.79
GP,2022-11-03,2022,307,14.05,-3.15,0,0.558567025239711,107.622,17.0811621361602,239.16,484.15,34729.63,5.45
GP,2022-11-04,2022,308,16.82,1.31,0,0.620325520856977,100.719,15.9073954333506,223.82,671.33,34559.82,9.065
GP,2022-11-05,2022,309,21.14,5.31,1.27,0.806034781630076,98.118,15.4213338979422,218.04,890.9,34391.97,13.225
GP,2022-11-06,2022,310,19.01,13.47,1.42,0.324360511866934,42.858,6.703570018719,95.24,1543.51,34226.15,16.24
GP,2022-11-07,2022,311,14.48,5.46,0,0.372764324095711,69.0345,10.746276504926,153.41,900.11,34062.43,9.97
GP,2022-11-08,2022,312,6.44,-0.97,0,0.196967790532132,59.9265,9.2842341599124,133.17,569.13,33900.88,2.735
GP,2022-11-09,2022,313,5.04,-5.34,3.13,0.231988386618389,59.0355,9.1032162806313,131.19,410.6,33741.58,-0.15
GP,2022-11-10,2022,314,10.01,1.97,4.6,0.261347314167775,47.7,7.32107118951,106,704.05,33584.59,5.99
GP,2022-11-11,2022,315,13.43,5,15.81,0.332461565466401,48.6495,7.43243222745,108.11,872.08,33430,9.215
GP,2022-11-12,2022,316,9.19,3.76,10.88,0.180876540998114,33.7005,5.1251690608758,74.89,799.26,33277.88,6.475
GP,2022-11-13,2022,317,4.22,-1.36,1.36,0.136601423270314,46.5885,7.05333009588795,103.53,552.7,33128.31,1.43
GP,2022-11-14,2022,318,1.84,-5.67,0,0.149061705232574,61.2765,9.2358891386028,136.17,400.17,32981.36,-1.915
GP,2022-11-15,2022,319,1.52,-6.99,2.56,0.160224090472252,56.2905,8.4472698183552,125.09,361.87,32837.12,-2.735
GP,2022-11-16,2022,320,-1.81,-3.95,13.83,0.0399625566356924,17.388,2.598099667254,38.64,455.97,32695.65,-2.88
GP,2022-11-17,2022,321,-1.35,-6.44,0,0.0885802616209878,48.627,7.2350031334995,108.06,377.32,32557.05,-3.895
GP,2022-11-18,2022,322,-3.19,-12.15,0,0.121757215558797,78.165,11.581372456389,173.7,240.71,32421.38,-7.67
GP,2022-11-19,2022,323,-2.78,-14.3,2.9,0.148529447797645,67.32,9.933705277452,149.6,202.08,32288.73,-8.54
GP,2022-11-20,2022,324,-1.49,-9.96,1.36,0.131130533047675,72.4725,10.6510987085535,161.05,286.71,32159.18,-5.725
GP,2022-11-21,2022,325,-1.91,-17.97,4,0.191823549361207,76.149,11.1474476705133,169.22,148.63,32032.81,-9.94
GP,2022-11-22,2022,326,-2.04,-8.81,0,0.1065251856096,61.182,8.9220048468606,135.96,314.03,31909.69,-5.425
GP,2022-11-23,2022,327,-0.21,-10.77,0,0.166899251826853,83.7405,12.1658066927415,186.09,268.86,31789.9,-5.49
GP,2022-11-24,2022,328,-2.7,-13.52,0,0.143411412847102,83.6145,12.1030343300255,185.81,215.35,31673.53,-8.11
GP,2022-11-25,2022,329,2,-5.02,5.59,0.142786354824965,45.1215,6.5079698191632,100.27,420.58,31560.64,-1.51
GP,2022-11-26,2022,330,3.23,-4.6,0,0.167991865870887,65.0205,9.3455611229142,144.49,434.34,31451.32,-0.685
GP,2022-11-27,2022,331,3.89,-6.96,2.81,0.222248288655544,60.48,8.663734283904,134.4,362.66,31345.64,-1.535
GP,2022-11-28,2022,332,1.34,-3.51,0,0.101155609691907,43.8975,6.267843853596,97.55,471.25,31243.68,-1.085
GP,2022-11-29,2022,333,-2.13,-6.73,0,0.0773074673045824,43.3845,6.17513197017915,96.41,369,31145.51,-4.43
GP,2022-11-30,2022,334,5.29,-4.24,27.19,0.22193600440371,56.943,8.0804359586169,126.54,446.11,31051.19,0.525
GP,2022-12-01,2022,335,0.43,-4.93,0,0.103761314797154,49.8555,7.054097371308,110.79,423.44,30960.8,-2.25
GP,2022-12-02,2022,336,1.1,-9.92,0,0.187240795201559,82.3725,11.6224346834033,183.05,287.77,30874.41,-4.41
GP,2022-12-03,2022,337,5.77,-2.3,11.39,0.202073996345959,51.0975,7.190430266646,113.55,515.76,30792.08,1.735
GP,2022-12-04,2022,338,-1.71,-7.58,0,0.0970996841277961,55.6785,7.8151696478406,123.73,345.71,30713.88,-4.645
GP,2022-12-05,2022,339,3.39,-5.48,0,0.186625472793526,74.3535,10.4112863954307,165.23,406.08,30639.86,-1.045
GP,2022-12-06,2022,340,4.5,-2.07,20.85,0.158742345736106,44.8065,6.2597080784205,99.57,524.65,30570.1,1.215
GP,2022-12-07,2022,341,4.62,1.49,17.2,0.084286407312954,23.265,3.2432842914615,51.7,680.2,30504.63,3.055
GP,2022-12-08,2022,342,2.54,-4.21,0,0.143225803219932,61.137,8.5058004538368,135.86,447.22,30443.52,-0.835
GP,2022-12-09,2022,343,-4.81,-10.93,0,0.081689322189833,58.275,8.0925164820675,129.5,265.52,30386.81,-7.87
GP,2022-12-10,2022,344,-5.55,-14.86,0,0.106278308761043,76.2165,10.5658090614428,169.37,193,30334.55,-10.205
GP,2022-12-11,2022,345,-5.84,-13.53,0,0.0907854075398049,68.085,9.42369087546,151.3,215.22,30286.8,-9.685
GP,2022-12-12,2022,346,-3.48,-14.96,0,0.141260025961381,81.792,11.3047270939008,181.76,191.35,30243.57,-9.22
GP,2022-12-13,2022,347,-2.54,-10.63,0,0.118064372858512,68.0175,9.388896577677,151.15,271.94,30204.92,-6.585
GP,2022-12-14,2022,348,3.33,-9.51,0,0.239494096612843,82.548,11.3817943162368,183.44,297.17,30170.88,-3.09
GP,2022-12-15,2022,349,3.92,-3.05,0,0.160388573119416,59.2335,8.15920836802965,131.63,487.86,30141.47,0.435
GP,2022-12-16,2022,350,0.16,-1.69,10.64,0.0393865621820322,12.7575,1.755858233178,28.35,539.65,30116.72,-0.765
GP,2022-12-17,2022,351,-0.07,-1.67,19.14,0.0340740919594081,11.547,1.5881944279014,25.66,540.25,30096.66,-0.87
GP,2022-12-18,2022,352,-0.39,-3.27,3.64,0.0574201966111864,19.0485,2.61862577822205,42.33,479.72,30081.29,-1.83
GP,2022-12-19,2022,353,0.37,-5.2,0,0.106590481791133,46.6785,6.4146913274268,103.73,414.96,30070.64,-2.415
GP,2022-12-20,2022,354,-0.72,-5.78,0,0.0918206638157555,43.6005,5.99052229478235,96.89,396.9,30064.71,-3.25
GP,2022-12-21,2022,355,-3,-10.16,0.08,0.104454877072268,65.1015,8.9443077797925,144.67,282.21,30063.5,-6.58
GP,2022-12-22,2022,356,-3.7,-18.39,12.83,0.161387089122949,65.304,8.9731827849384,145.12,143.4,30067.03,-11.045
GP,2022-12-23,2022,357,0.88,-8.11,33.03,0.160042561193315,56.5785,7.7763770287236,125.73,331.72,30075.28,-3.615
GP,2022-12-24,2022,358,-9.56,-11.24,7.48,0.0193287771281397,15.1875,2.08833140671875,33.75,259.07,30088.25,-10.4
GP,2022-12-25,2022,359,-6.92,-11.94,0,0.0601917835826067,53.055,7.2995244308055,117.9,244.93,30105.93,-9.43
GP,2022-12-26,2022,360,-7.93,-18.47,0,0.0977986314149832,84.483,11.632154301873,187.74,142.46,30128.3,-13.2
GP,2022-12-27,2022,361,-7.83,-11.9,2.11,0.0475843208976217,33.9525,4.6789907587695,75.45,245.58,30155.34,-9.865
GP,2022-12-28,2022,362,-3.67,-12.22,4.09,0.113958689645743,58.176,8.0256542037696,129.28,239.33,30187.03,-7.945
GP,2022-12-29,2022,363,-0.17,-5.12,0,0.0934727244145512,52.4835,7.2490558585473,116.63,417.3,30223.34,-2.645
GP,2022-12-30,2022,364,2.1,-3.37,12.74,0.117523553378968,42.9345,5.9381666561196,95.41,476.15,30264.24,-0.635
GP,2022-12-31,2022,365,3.11,0.56,23.87,0.0636931553292945,21.7935,3.01873282659855,48.43,636.07,30309.69,1.835
GP,2023-01-01,2023,1,2.81,-1.94,0,0.108873244707823,42.7635,5.93320886298855,95.03,529.85,30359.89,0.435
GP,2023-01-02,2023,2,0,-2.49,0,0.0514878585162645,24.1965,3.3631592521518,53.77,508.51,30414.36,-1.245
GP,2023-01-03,2023,3,2.65,-2.81,0,0.121248657515431,49.1175,6.8402404905885,109.15,496.74,30473.26,-0.08
GP,2023-01-04,2023,4,1.96,-4.8,6.19,0.138300843868389,44.4825,6.20761926446325,98.85,427.59,30536.53,-1.42
GP,2023-01-05,2023,5,-4.76,-8.27,3.21,0.0513875651577286,25.65,3.58743259287,57,327.61,30604.14,-6.515
GP,2023-01-06,2023,6,-1.6,-6.31,1.75,0.0815854059763124,44.766,6.2757191907324,99.48,381.17,30676.02,-3.955
GP,2023-01-07,2023,7,-2.48,-9.42,0,0.105447809154666,62.9055,8.8405621048962,139.79,299.35,30752.12,-5.95
GP,2023-01-08,2023,8,-7.72,-13.72,0,0.065865021838081,56.8935,8.01651779265915,126.43,211.89,30832.37,-10.72
GP,2023-01-09,2023,9,-4.07,-13.63,5.56,0.120026866779437,59.994,8.4765168875376,133.32,213.43,30916.72,-8.85
GP,2023-01-10,2023,10,-6.45,-14.25,0,0.0879557412675734,71.3835,10.1145641802345,158.63,202.88,31005.1,-10.35
GP,2023-01-11,2023,11,-7.29,-21.61,0,0.123327614607143,96.3765,13.6965796919573,214.17,108.49,31097.45,-14.45
GP,2023-01-12,2023,12,-2.19,-14.91,14.47,0.164563532480782,70.587,10.0625413118571,156.86,192.21,31193.69,-8.55
GP,2023-01-13,2023,13,-1.64,-6.48,8.76,0.083270479362267,37.3815,5.34601943240625,83.07,376.22,31293.75,-4.06
GP,2023-01-14,2023,14,-3.39,-11.06,0,0.107208109409967,74.025,10.62161401203,164.5,262.69,31397.56,-7.225
GP,2023-01-15,2023,15,-3.24,-16.89,0,0.159752040146566,100.0395,14.4034949841008,222.31,162.89,31505.05,-10.065
GP,2023-01-16,2023,16,-2.89,-19.16,0,0.180450404216856,105.057,15.1792452684135,233.46,134.23,31616.15,-11.025
GP,2023-01-17,2023,17,0.22,-12.76,0,0.196323091847591,99.909,14.4877660146801,222.02,229.09,31730.77,-6.27
GP,2023-01-18,2023,18,3.48,-9.9,0,0.248093599748201,101.4165,14.7610949548342,225.37,288.19,31848.85,-3.21
GP,2023-01-19,2023,19,-1.27,-6.01,5.28,0.083681459810848,39.375,5.752855670625,87.5,390.16,31970.3,-3.64
GP,2023-01-20,2023,20,-2.06,-7.61,2.44,0.0907769939348088,45.9135,6.7343319790128,102.03,344.77,32095.04,-4.835
GP,2023-01-21,2023,21,-4.27,-9.38,0,0.0732287689492664,57.996,8.54043934356,128.88,300.21,32223,-6.825
GP,2023-01-22,2023,22,-2.71,-9.05,4.79,0.0967389707795279,52.9065,7.82265939801345,117.57,308.17,32354.09,-5.88
GP,2023-01-23,2023,23,0.66,-5.72,0,0.121370327885058,71.163,10.5656632998075,158.14,398.78,32488.25,-2.53
GP,2023-01-24,2023,24,0.7,-8.36,0.73,0.15909030118139,92.529,13.7958876021114,205.62,325.28,32625.38,-3.83
GP,2023-01-25,2023,25,-7.66,-21.76,9.63,0.118997658454724,86.886,13.0101292385982,193.08,107.12,32765.41,-14.71
GP,2023-01-26,2023,26,-5.29,-11.65,2.55,0.0816060223190497,56.6325,8.5170040474365,125.85,250.54,32908.26,-8.47
GP,2023-01-27,2023,27,-5.84,-21.02,1.57,0.141250627270332,120.888,18.2608746764976,268.64,114.26,33053.86,-13.43
GP,2023-01-28,2023,28,1.17,-13.98,2.45,0.229148766286603,91.1475,13.830146363439,202.55,207.42,33202.12,-6.405
GP,2023-01-29,2023,29,-9.35,-17.3,9.06,0.0727308149914674,70.6455,10.7680009680576,156.99,157.31,33352.96,-13.325
GP,2023-01-30,2023,30,-11.03,-22.55,3.52,0.0826157470365273,88.146,13.4972577380304,195.88,99.9,33506.32,-16.79
GP,2023-01-31,2023,31,-10.08,-20.55,0,0.0834300488226396,113.3145,17.4318264191565,251.81,119.03,33662.1,-15.315
GP,2023-02-01,2023,32,-11.08,-29.42,0,0.105329845702574,133.9515,20.7033486056887,297.67,53.26,33820.25,-20.25
GP,2023-02-02,2023,33,-4.1,-21.55,3.75,0.171681225881163,100.0845,15.5422883354306,222.41,109.05,33980.67,-12.825
GP,2023-02-03,2023,34,-23.86,-29.49,0,0.0187616518942104,72.1215,11.2534729659941,160.27,52.87,34143.31,-26.675
GP,2023-02-04,2023,35,-19.55,-33.9,2.59,0.0484001896001325,98.289,15.4105284192984,218.42,34.52,34308.08,-26.725
GP,2023-02-05,2023,36,-8.72,-23.45,12.91,0.112882102263926,99.8955,15.7385698596059,221.99,92.16,34474.91,-16.085
GP,2023-02-06,2023,37,-4.75,-13.68,0,0.109218807386533,102.474,16.2238775403132,227.72,212.52,34643.74,-9.215
GP,2023-02-07,2023,38,-3.61,-20.81,3.58,0.176414871895057,106.227,16.9009514495811,236.06,116.41,34814.49,-12.21
GP,2023-02-08,2023,39,2.12,-7.18,0,0.177971820141286,104.9355,16.7782469624685,233.19,356.42,34987.1,-2.53
GP,2023-02-09,2023,40,-1.64,-11.17,12.38,0.14124369141454,82.116,13.19506032438,182.48,260.44,35161.5,-6.405
GP,2023-02-10,2023,41,0.95,-6.06,5.86,0.133308293474102,66.357,10.7161889505687,147.46,388.5,35337.63,-2.555
GP,2023-02-11,2023,42,-2.22,-13.31,0,0.150534969384797,126.594,20.5468928078778,281.32,219.15,35515.41,-7.765
GP,2023-02-12,2023,43,2.04,-5.64,0,0.153383219099358,97.398,15.8880672848394,216.44,401.32,35694.79,-1.8
GP,2023-02-13,2023,44,2.22,-6.32,0,0.168178970166987,107.2035,17.5762276638214,238.23,380.94,35875.71,-2.05
GP,2023-02-14,2023,45,2.89,-5.74,0,0.177058820952105,110.232,18.164637109944,244.96,398.15,36058.1,-1.425
GP,2023-02-15,2023,46,4.19,-9.65,5.09,0.265331534997061,111.195,18.4167306637965,247.1,293.87,36241.91,-2.73
GP,2023-02-16,2023,47,3.96,-3.28,12.13,0.16579004715606,75.177,12.5148471707412,167.06,479.45,36427.08,0.34
GP,2023-02-17,2023,48,-8.62,-14.56,15.02,0.0614267302638433,68.0355,11.3839667972843,151.19,197.7,36613.55,-11.59
GP,2023-02-18,2023,49,-5.61,-25.77,0,0.164448106708519,173.826,29.2343702447214,386.28,74.74,36801.27,-15.69
GP,2023-02-19,2023,50,1.06,-14.97,0,0.234608773266721,165.222,27.9299732462172,367.16,191.22,36990.18,-6.955
GP,2023-02-20,2023,51,5.14,-10.63,0.55,0.304422948723116,163.9215,27.8525005587887,364.27,272.04,37180.23,-2.745
GP,2023-02-21,2023,52,-6.14,-23.97,1.97,0.149871036507334,173.646,29.6565073416414,385.88,87.99,37371.37,-15.055
GP,2023-02-22,2023,53,-6.12,-14.61,0,0.0956876857976525,116.127,19.9349959417884,258.06,197.01,37563.56,-10.365
GP,2023-02-23,2023,54,-11.02,-15.86,8.72,0.043962464976187,54.981,9.4868781812658,122.18,177.54,37756.74,-13.44
GP,2023-02-24,2023,55,-11.74,-20.61,0,0.066114317038537,127.233,22.0667100906366,282.74,118.42,37950.86,-16.175
GP,2023-02-25,2023,56,-13.95,-32.06,1.02,0.0840604268272143,184.5585,32.1734690204886,410.13,41.36,38145.88,-23.005
GP,2023-02-26,2023,57,-7.75,-26.43,1.33,0.13613407645092,187.4295,32.8417424600544,416.51,70.37,38341.76,-17.09
GP,2023-02-27,2023,58,-4.61,-22.01,0,0.165299329518865,185.211,32.6194940236815,411.58,104.77,38538.45,-13.31
GP,2023-02-28,2023,59,-3.73,-13.41,15.55,0.123807971033614,103.1265,18.2557736193505,229.17,217.42,38735.91,-8.57
GP,2023-03-01,2023,60,1.4,-12.23,1.67,0.218810786774864,171.4815,30.511496025311,381.07,239.16,38934.09,-5.415
GP,2023-03-02,2023,61,1.25,-7.68,4.8,0.163318206724139,98.559,17.6260622033511,219.02,342.85,39132.97,-3.215
GP,2023-03-03,2023,62,-3.86,-16.74,0,0.147783599647026,173.4615,31.1796063764064,385.47,165,39332.48,-10.3
GP,2023-03-04,2023,63,0.44,-13.78,3.02,0.210393960605951,138.3885,25.0018237973614,307.53,210.86,39532.61,-6.67
GP,2023-03-05,2023,64,6.6,-15.45,0,0.395445496122202,209.9475,38.1225245925983,466.55,183.67,39733.31,-4.425
GP,2023-03-06,2023,65,4.64,-5.03,0.78,0.215233446628969,144.3195,26.3384376994732,320.71,420.22,39934.55,-0.195
GP,2023-03-07,2023,66,-0.54,-7.4,1.18,0.118779699432676,112.9275,20.713478201829,250.95,350.56,40136.28,-3.97
GP,2023-03-08,2023,67,3.84,-4.85,0,0.189033783814622,138.1185,25.4617108989516,306.93,426.14,40338.48,-0.505
GP,2023-03-09,2023,68,5.63,-4.53,0,0.237208391900557,158.4765,29.3613891680655,352.17,436.63,40541.1,0.55
GP,2023-03-10,2023,69,2.1,-5.51,0,0.153124157745911,129.3165,24.0788194722527,287.37,405.09,40744.13,-1.705
GP,2023-03-11,2023,70,6.02,-8.08,0,0.301912422336472,196.047,36.6862987728729,435.66,332.43,40947.51,-1.03
GP,2023-03-12,2023,71,5.75,-11.89,0,0.336505395742055,214.5195,40.3427776678115,476.71,245.94,41151.23,-3.07
GP,2023-03-13,2023,72,4.33,-5.51,1.86,0.213554432794523,158.1795,29.8948889181006,351.51,405.27,41355.24,-0.59
GP,2023-03-14,2023,73,3.77,-0.67,1.49,0.10929658395183,79.8435,15.1644369354984,177.43,581.49,41559.52,1.55
GP,2023-03-15,2023,74,6.68,-1.35,0,0.212878421583848,136.7595,26.1021455736966,303.91,553.42,41764.04,2.665
GP,2023-03-16,2023,75,5.56,-5.28,0,0.247317127766814,174.0195,33.3764665755386,386.71,412.28,41968.77,0.14
GP,2023-03-17,2023,76,3.25,-4.27,8.6,0.163011846578211,100.5615,19.3815871467718,223.47,445.33,42173.67,-0.51
GP,2023-03-18,2023,77,3.24,-1.45,0,0.110810974852796,88.5825,17.1558351990878,196.85,549.18,42378.71,0.895
GP,2023-03-19,2023,78,-1.52,-8.32,0,0.110686239662891,127.0035,24.7159392423606,282.23,326.26,42583.88,-4.92
GP,2023-03-20,2023,79,2.85,-13.86,0,0.270432979034433,229.545,44.8866809655345,510.1,209.48,42789.13,-5.505
GP,2023-03-21,2023,80,3.32,-6.14,0.66,0.194570940431494,171.225,33.64307405973,380.5,386.25,42994.44,-1.41
GP,2023-03-22,2023,81,0.68,-12.09,0.36,0.200440365134599,211.203,41.6963287285038,469.34,241.84,43199.78,-5.705
GP,2023-03-23,2023,82,0.46,-2.79,4.7,0.067382654203409,53.4825,10.6088610457778,118.85,497.36,43405.11,-1.165
GP,2023-03-24,2023,83,4.58,-3.73,0,0.191743470108292,164.124,32.7098507344056,364.72,463.55,43610.42,0.425
GP,2023-03-25,2023,84,0.92,-10.77,15.02,0.192453216575035,157.5315,31.5437313590249,350.07,268.92,43815.67,-4.925
GP,2023-03-26,2023,85,3.12,-1.69,6.26,0.112476009363727,77.769,15.6451971462372,172.82,539.46,44020.84,0.715
GP,2023-03-27,2023,86,5.37,-3.64,0,0.214075132146131,182.088,36.8022193111008,404.64,466.72,44225.88,0.865
GP,2023-03-28,2023,87,2.68,-3.76,0,0.139087627385866,144.8415,29.4098731536609,321.87,462.7,44430.78,-0.54
GP,2023-03-29,2023,88,5.65,-9.76,2.72,0.31060443086505,187.533,38.2537841125131,416.74,291.42,44635.51,-2.055
GP,2023-03-30,2023,89,-0.88,-10.26,0,0.1469011395876,200.0385,40.9916767990784,444.53,280.09,44840.03,-5.57
GP,2023-03-31,2023,90,2.39,-13.45,2.16,0.254797073634368,192.852,39.6990656935884,428.56,216.65,45044.31,-5.53
GP,2023-04-01,2023,91,2.65,-1.84,4.96,0.102757389910322,81.756,16.9059036763836,181.68,533.71,45248.33,0.405
GP,2023-04-02,2023,92,0.02,-11.29,0,0.177394565037456,229.8465,47.7427548652002,510.77,257.96,45452.04,-5.635
GP,2023-04-03,2023,93,2.62,-10.22,0,0.22868904167171,245.259,51.1721413361109,545.02,280.87,45655.43,-3.8
GP,2023-04-04,2023,94,5.68,-5.84,0,0.259768858316569,236.331,49.5286241955615,525.18,395.01,45858.45,-0.08
GP,2023-04-05,2023,95,-0.25,-5.98,13.86,0.104946603650281,110.5695,23.2747841737242,245.71,390.86,46061.08,-3.115
GP,2023-04-06,2023,96,5.27,-2.79,0,0.195670867665067,192.6,40.72010631696,428,497.3,46263.28,1.24
GP,2023-04-07,2023,97,2.47,-3.94,0,0.136818213659682,163.3815,34.6932602531095,363.07,456.39,46465.01,-0.735
GP,2023-04-08,2023,98,4.02,-10.05,0,0.265039117906755,264.0555,56.3137334943188,586.79,284.71,46666.25,-3.015
GP,2023-04-09,2023,99,8.05,-9.46,0,0.388772438123949,277.443,59.4232859444445,616.54,298.33,46866.95,-0.705
GP,2023-04-10,2023,100,10.93,-7.25,0,0.47541225237107,278.892,59.9887085843952,619.76,354.47,47067.08,1.84
GP,2023-04-11,2023,101,11.49,-0.94,0,0.391885531766954,247.995,53.56899373419,551.1,570.25,47266.6,5.275
GP,2023-04-12,2023,102,12.32,2.67,0,0.344848990382114,214.848,46.6042261344192,477.44,740.03,47465.47,7.495
GP,2023-04-13,2023,103,18.98,-1.84,0,0.836882561985007,281.808,61.3842431865696,626.24,525.21,47663.66,8.57
GP,2023-04-14,2023,104,15.62,3.61,0,0.489712249958433,235.503,51.5104686591552,523.34,791.19,47861.12,9.615
GP,2023-04-15,2023,105,18.08,0.46,0,0.732207243336942,272.781,59.9093066361177,606.18,618.66,48057.81,9.27
GP,2023-04-16,2023,106,17.61,0.29,0,0.703470448579755,270.9315,59.745641877914,602.07,613.37,48253.69,8.95
GP,2023-04-17,2023,107,10.47,3.12,13.14,0.250466774465582,123.147,27.2660517369909,273.66,764.02,48448.71,6.795
GP,2023-04-18,2023,108,7.02,2.25,1.02,0.141900229145792,113.2605,25.1775575757774,251.69,718.19,48642.84,4.635
GP,2023-04-19,2023,109,7.69,0.34,0,0.211490315598414,171.1395,38.1950182446903,380.31,626.08,48836.02,4.015
GP,2023-04-20,2023,110,7.05,-1.36,0,0.225736216798581,192.618,43.1577809947746,428.04,552.94,49028.21,2.845
GP,2023-04-21,2023,111,10.55,-0.85,0,0.349192477654048,236.025,53.0896766727375,524.5,573.89,49219.35,4.85
GP,2023-04-22,2023,112,17.28,4.36,8.17,0.567217397161157,182.2725,41.1573134469083,405.05,833.69,49409.41,10.82
GP,2023-04-23,2023,113,7.7,4.95,37.26,0.0903682180696151,53.1675,12.051175361202,118.15,868.74,49598.32,6.325
GP,2023-04-24,2023,114,6.54,3.81,3.79,0.0834201398276713,54.1935,12.3302244974418,120.43,802.33,49786.04,5.175
GP,2023-04-25,2023,115,8.95,3.36,5.23,0.1827204450425,102.735,23.4620409738645,228.3,777,49972.51,6.155
GP,2023-04-26,2023,116,11.41,-0.16,1.61,0.371712169017879,239.3145,54.8558127043452,531.81,603.53,50157.68,5.625
GP,2023-04-27,2023,117,13.24,0.14,0,0.451016595470334,252.27,58.03740143685,560.6,616.87,50341.5,6.69
GP,2023-04-28,2023,118,17.12,-2.07,0,0.712279800643862,285.588,65.9406063067524,634.64,524.53,50523.89,7.525
GP,2023-04-29,2023,119,19.1,3.93,7.53,0.698852459619686,195.903,45.3948354779751,435.34,808.79,50704.81,11.515
GP,2023-04-30,2023,120,12.43,5.44,17.33,0.270621593586404,121.5,28.253706471,270,898.8,50884.2,8.935
GP,2023-05-01,2023,121,9.7,5.64,21.66,0.144990389146509,74.6505,17.4199366846143,165.89,911.41,51061.98,7.67
GP,2023-05-02,2023,122,12.95,4.19,6.81,0.333166693572299,146.907,34.3994732077689,326.46,823.7,51238.11,8.57
GP,2023-05-03,2023,123,7.96,4.59,1.75,0.110149428041861,87.0615,20.4555535726086,193.47,847.56,51412.52,6.275
GP,2023-05-04,2023,124,13.25,3.58,1.24,0.364928785445974,215.001,50.6852052255441,477.78,789.4,51585.13,8.415
GP,2023-05-05,2023,125,18.95,2.46,0,0.728670363593252,272.6505,64.4885006390537,605.89,728.81,51755.89,10.705
GP,2023-05-06,2023,126,24.32,6.94,0,1.01881941805599,268.146,63.6299652788784,595.88,997.36,51924.72,15.63
GP,2023-05-07,2023,127,21.42,8.08,0,0.734000336612794,240.525,57.25900368333,534.5,1077.92,52091.56,14.75
GP,2023-05-08,2023,128,14.49,3.82,0,0.422121136372605,218.6415,52.2140988488427,485.87,802.6,52256.34,9.155
GP,2023-05-09,2023,129,15.2,-0.81,0,0.574249752178894,270.576,64.8177629514336,601.28,575.74,52418.98,7.195
GP,2023-05-10,2023,130,23.03,0.57,0,1.09333489047287,287.46,69.073160797602,638.8,629.45,52579.41,11.8
GP,2023-05-11,2023,131,25.05,4.62,0,1.18881104103104,278.406,67.098798078021,618.68,821.16,52737.55,14.835
GP,2023-05-12,2023,132,23.36,9.92,0,0.821391635492856,234.2025,56.6120394514238,520.45,1221.09,52893.35,16.64
GP,2023-05-13,2023,133,13.35,3.66,0,0.36771646422423,203.1345,49.2445600068555,451.41,793.81,53046.7,8.505
GP,2023-05-14,2023,134,17.09,3.66,0,0.575530517263882,245.1555,59.6004408984442,544.79,793.64,53197.55,10.375
GP,2023-05-15,2023,135,19.06,6.03,0,0.631870431632966,239.8365,58.4698356460251,532.97,936.7,53345.82,12.545
GP,2023-05-16,2023,136,10,3.38,8.85,0.223729699340463,115.884,28.3285146988296,257.52,778.29,53491.42,6.69
GP,2023-05-17,2023,137,7.77,-0.58,0,0.234970215415438,189.405,46.424805671538,420.9,585.24,53634.28,3.595
GP,2023-05-18,2023,138,14.4,-3.72,0,0.586942675530257,278.946,68.5506008029104,619.88,464.02,53774.32,5.34
GP,2023-05-19,2023,139,22.02,-0.24,0,1.06145999016673,285.0525,70.2299157840405,633.45,559.62,53911.46,10.89
GP,2023-05-20,2023,140,20.56,12.58,9.97,0.478590552694031,119.6325,29.5478497403505,265.85,1456.43,54045.62,16.57
GP,2023-05-21,2023,141,19.77,8.98,4.42,0.576457016405293,153.261,37.9455247575144,340.58,1146.17,54176.72,14.375
GP,2023-05-22,2023,142,15.08,-0.75,0,0.56629183657064,259.8435,64.4859936721886,577.43,578.34,54304.69,7.165
GP,2023-05-23,2023,143,21.36,-0.23,2.28,0.968353006944627,208.4445,51.849005019872,463.21,600.72,54429.43,10.565
GP,2023-05-24,2023,144,13.45,6.46,2.66,0.286704230029619,104.6745,26.0950982083439,232.61,965.18,54550.89,9.955
GP,2023-05-25,2023,145,17.91,4.54,0,0.601881306097365,225.7065,56.3898783792839,501.57,844.19,54668.97,11.225
GP,2023-05-26,2023,146,22.5,1.23,0,1.05913129862707,271.9845,68.094325547694,604.41,634.73,54783.6,11.865
GP,2023-05-27,2023,147,28.27,6.15,0,1.52018128855082,267.12,67.012080453864,593.6,868.42,54894.71,17.21
GP,2023-05-28,2023,148,30.96,9.02,0,1.76604521030625,261.387,65.7022623802839,580.86,1045.94,55002.21,19.99
GP,2023-05-29,2023,149,22.17,6.97,0,0.837399353562405,229.716,57.8504271187836,510.48,994.92,55106.03,14.57
GP,2023-05-30,2023,150,26.96,4.68,0,1.43266371716198,264.8385,66.8166022668645,588.53,768.83,55206.1,15.82
GP,2023-05-31,2023,151,31.07,8.64,0,1.8181901302468,256.8915,64.9246356577643,570.87,993.34,55302.35,19.855
GP,2023-06-01,2023,152,33.82,12.71,0.48,2.00607690309651,219.042,55.451310059718,486.76,1357.65,55394.7,23.265
GP,2023-06-02,2023,153,28.27,13.46,0,1.14410381181733,181.1295,45.9267832802083,402.51,1542.83,55483.09,20.865
GP,2023-06-03,2023,154,19.35,5.36,0,0.67324425717367,183.7035,46.6502631834128,408.23,894.17,55567.45,12.355
GP,2023-06-04,2023,155,20.32,1.92,0,0.843489351436977,217.2105,55.2388097922043,482.69,697.27,55647.71,11.12
GP,2023-06-05,2023,156,21.91,4.63,0,0.893253487987605,208.4535,53.0843216775309,463.23,843.48,55723.82,13.27
GP,2023-06-06,2023,157,18.93,7.56,2.47,0.570598826545879,117.4185,29.940119986082,260.93,1040.9,55795.71,13.245
GP,2023-06-07,2023,158,15.15,9.74,4.4,0.255217324493157,60.9255,15.5539982111562,135.39,1206.45,55863.32,12.445
GP,2023-06-08,2023,159,16.44,9.04,11.15,0.357461023793364,82.7505,21.1497540794789,183.89,1150.39,55926.61,12.74
GP,2023-06-09,2023,160,17.91,9.41,3.95,0.433253392655837,95.679,24.4798382561256,212.62,1180.03,55985.52,13.66
GP,2023-06-10,2023,161,21.92,9.09,0,0.734770939743695,178.5285,45.7216405710476,396.73,1154.76,56039.99,15.505
GP,2023-06-11,2023,162,25.41,10.98,0,0.964040137229761,189.513,48.5781049961559,421.14,1310.27,56089.99,18.195
GP,2023-06-12,2023,163,27.92,12.21,0,1.16604347504779,195.4755,50.1471173647818,434.39,1421.71,56135.48,20.065
GP,2023-06-13,2023,164,19.32,14.95,12.29,0.267637943712098,51.3135,13.173519540425,114.03,1699.12,56176.41,17.135
GP,2023-06-14,2023,165,22.63,14.4,6.21,0.550145493182805,92.0115,23.6370428710763,204.47,1639.37,56212.75,18.515
GP,2023-06-15,2023,166,23.39,12.83,22.33,0.694545785071457,113.7465,29.2370850433274,252.77,1480.03,56244.47,18.11
GP,2023-06-16,2023,167,20.16,11.38,8.54,0.505120933008964,99.018,25.4635617390804,220.04,1345.17,56271.54,15.77
GP,2023-06-17,2023,168,15.72,12.21,13.44,0.179718782996817,44.802,11.5259106264516,99.56,1421.28,56293.94,13.965
GP,2023-06-18,2023,169,17.37,11.29,0.4,0.320142070329155,101.2275,26.0503141052138,224.95,1337.61,56311.65,14.33
GP,2023-06-19,2023,170,19.63,10.19,1.55,0.517807578265134,149.1705,38.3970312469103,331.49,1243.3,56324.65,14.91
GP,2023-06-20,2023,171,23.01,11.03,0,0.744442697145796,176.301,45.3871921461201,391.78,1314.87,56332.93,17.02
GP,2023-06-21,2023,172,25.6,9.29,0,1.05248904449269,211.6485,54.490548569206,470.33,1170.32,56336.49,17.445
GP,2023-06-22,2023,173,28.36,10.05,0,1.3100240801515,220.842,56.8563056592408,490.76,1231.77,56335.32,19.205
GP,2023-06-23,2023,174,29.55,11.94,0,1.36520273458511,212.8275,54.7872148321785,472.95,1396.24,56329.42,20.745
GP,2023-06-24,2023,175,27.1,16.9,15.05,0.826600792006537,110.7765,28.511313935274,246.17,1924.16,56318.8,22.0
GP,2023-06-25,2023,176,25.63,15.19,0,0.776942636270399,155.871,40.1066701244262,346.38,1725.74,56303.46,20.41
GP,2023-06-26,2023,177,20.61,13.65,18.74,0.429554154709222,87.498,22.5058221406998,194.44,1561.81,56283.43,17.13
GP,2023-06-27,2023,178,22.79,16.12,32.1,0.466833990863917,84.9825,21.8491966091678,188.85,1831.64,56258.71,19.455
GP,2023-06-28,2023,179,23.28,17.45,15.17,0.427644195190531,75.834,19.4869142012754,168.52,1992.99,56229.33,20.365
GP,2023-06-29,2023,180,21.43,15.71,13.29,0.380733717755053,78.9975,20.287554348069,175.55,1784.03,56195.32,18.57
GP,2023-06-30,2023,181,26.26,15.13,0,0.843219548122724,182.304,46.785791038176,405.12,1718.52,56156.7,20.695
GP,2023-07-01,2023,182,22.77,16.03,16.93,0.470381957781784,96.6195,24.7769784915525,214.71,1821.18,56113.5,19.4
GP,2023-07-02,2023,183,26.73,17.34,0,0.760372612579317,165.6135,42.4335851875201,368.03,1979.01,56065.77,22.035
GP,2023-07-03,2023,184,28.1,17.58,0,0.89195594746738,178.389,45.6643593512415,396.42,2008.82,56013.55,22.84
GP,2023-07-04,2023,185,29.3,16.67,0,1.08509044220268,199.233,50.9484397188447,442.74,1896.37,55956.87,22.985
GP,2023-07-05,2023,186,30.89,15.65,0,1.33871748111922,215.3745,55.0160721527324,478.61,1777.62,55895.79,23.27
GP,2023-07-06,2023,187,31.56,18.19,0,1.27094195465748,200.1735,51.0732075053632,444.83,2087.08,55830.35,24.875
GP,2023-07-07,2023,188,27.66,18.38,3.41,0.791741503693585,122.58,31.236569572266,272.4,2112.66,55760.61,23.02
GP,2023-07-08,2023,189,28.55,17.41,11.25,0.953346725149074,137.5425,35.0028955762695,305.65,1987.06,55686.62,22.98
GP,2023-07-09,2023,190,26.45,17.74,14.88,0.707039947035924,117.2385,29.7938869247358,260.53,2028.93,55608.44,22.095
GP,2023-07-10,2023,191,21.02,17.96,56.93,0.211907746536054,48.438,12.2913585237924,107.64,2057.84,55526.14,19.49
GP,2023-07-11,2023,192,24.74,17.51,16.36,0.554544993305919,105.876,26.8247216130696,235.28,2000.55,55439.78,21.125
GP,2023-07-12,2023,193,26.23,15.21,0,0.836055196708658,192.33,48.649267545102,427.4,1727.09,55349.42,20.72
GP,2023-07-13,2023,194,22.29,15.15,22.35,0.481495941599165,107.8065,27.2228601276167,239.57,1720.53,55255.13,18.72
GP,2023-07-14,2023,195,25.68,14.4,0,0.82492498021541,194.0985,48.9259039671621,431.33,1639.88,55156.98,20.04
GP,2023-07-15,2023,196,26.93,15.26,0,0.90382155215588,195.1965,49.1117385971952,433.77,1733.71,55055.04,21.095
GP,2023-07-16,2023,197,25.6,18.11,16.18,0.597841280148667,107.298,26.9445306888468,238.44,2077.48,54949.38,21.855
GP,2023-07-17,2023,198,26.52,18.05,2.46,0.69321947411129,116.2125,29.1250850932012,258.25,2069.83,54840.09,22.285
GP,2023-07-18,2023,199,24.87,15.95,0.73,0.662086551584058,163.5165,40.8960318539241,363.37,1810.99,54727.22,20.41
GP,2023-07-19,2023,200,25.71,15.41,0,0.772610746076148,179.613,44.8263174234267,399.14,1750.13,54610.87,20.56
GP,2023-07-20,2023,201,25.77,12.18,0,0.944526975990525,210.447,52.4064321615969,467.66,1418.77,54491.11,18.975
GP,2023-07-21,2023,202,21.12,15.34,26.19,0.378048717856968,88.8705,22.0809249034619,197.49,1741.86,54368.01,18.23
GP,2023-07-22,2023,203,23.39,15.66,5.77,0.544616966770163,114.7185,28.4369249582847,254.93,1778.53,54241.66,19.525
GP,2023-07-23,2023,204,26.7,14.53,0,0.920155785520383,202.7385,50.1356971507828,450.53,1653.83,54112.13,20.615
GP,2023-07-24,2023,205,27.69,12.77,0,1.11452034938507,218.7675,53.9669484167625,486.15,1474.74,53979.5,20.23
GP,2023-07-25,2023,206,26.21,15.29,2.9,0.829438931764447,142.3125,35.0183237672813,316.25,1736.14,53843.85,20.75
GP,2023-07-26,2023,207,26.93,13.24,6.18,1.01117213263266,157.6755,38.6987842204745,350.39,1520.33,53705.27,20.085
GP,2023-07-27,2023,208,26.64,17.65,0.64,0.731582554976941,162.225,39.710515496715,360.5,2018.06,53563.82,22.145
GP,2023-07-28,2023,209,27.61,16.39,4.87,0.911346574381312,138.87,33.901989577281,308.6,1863.08,53419.59,22.0
GP,2023-07-29,2023,210,19.15,10.13,0,0.486873925471764,170.586,41.5301948029332,379.08,1238.21,53272.66,14.64
GP,2023-07-30,2023,211,22.29,7.59,5.52,0.820790223284652,164.5335,39.9442276716755,365.63,1042.92,53123.11,14.94
GP,2023-07-31,2023,212,21.5,11.87,0,0.583741218843803,172.9665,41.871300619324,384.37,1389.91,52971.01,16.685
GP,2023-08-01,2023,213,20.48,8.51,0,0.646590778326458,199.0935,48.0554141313569,442.43,1109.78,52816.43,14.495
GP,2023-08-02,2023,214,22.52,7.39,0,0.846925628522456,218.43,52.565994724446,485.4,1028.63,52659.46,14.955
GP,2023-08-03,2023,215,20.16,11.46,19.26,0.500856700704284,119.844,28.7536648068036,266.32,1353,52500.17,15.81
GP,2023-08-04,2023,216,23.82,14.29,0,0.657604501910356,167.5665,40.0798264283892,372.37,1628.3,52338.64,19.055
GP,2023-08-05,2023,217,23.52,11.67,0,0.759748120732612,193.734,46.1938245509934,430.52,1371.86,52174.93,17.595
GP,2023-08-06,2023,218,25.89,11.2,0,1.00145835720647,210.0645,49.9284925322045,466.81,1329.27,52009.13,18.545
GP,2023-08-07,2023,219,22.28,12.25,22.89,0.628897021124829,130.383,30.8896487172999,289.74,1424.72,51841.29,17.265
GP,2023-08-08,2023,220,20.89,15.28,20.75,0.363804359072442,81.2565,19.1878050322355,180.57,1735.22,51671.49,18.085
GP,2023-08-09,2023,221,24.14,13.58,0,0.722997917456179,174.9735,41.1807361630099,388.83,1554.91,51499.81,18.86
GP,2023-08-10,2023,222,25,12.98,12.73,0.831989461286973,140.022,32.843727086202,311.16,1495.4,51326.3,18.99
GP,2023-08-11,2023,223,21.08,13.25,0.95,0.485253702705194,141.5475,33.0881729144873,314.55,1521.6,51151.03,17.165
GP,2023-08-12,2023,224,23.09,10.71,0.23,0.765326253951707,191.286,44.5603606098714,425.08,1286.98,50974.07,16.9
GP,2023-08-13,2023,225,24.59,15.74,4.76,0.648016598474501,112.2345,26.0535942212742,249.41,1786.98,50795.48,20.165
GP,2023-08-14,2023,226,22.54,11.97,4.24,0.66268534785774,130.2345,30.1248102306245,289.41,1399.32,50615.33,17.255
GP,2023-08-15,2023,227,25.87,12.27,0,0.950636540099935,194.436,44.8139732447484,432.08,1426.7,50433.67,19.07
GP,2023-08-16,2023,228,26.12,13.22,0,0.929429665630791,186.7635,42.8893235489912,415.03,1518.45,50250.57,19.67
GP,2023-08-17,2023,229,25,15.36,8.05,0.707690136745604,115.533,26.4341798023248,256.74,1744.08,50066.08,20.18
GP,2023-08-18,2023,230,23.04,16.18,5.96,0.485074847009573,88.5285,20.1803143644112,196.73,1838.02,49880.25,19.61
GP,2023-08-19,2023,231,18.15,12.89,14.62,0.295657835995869,73.5345,16.6995188502714,163.41,1486.1,49693.16,15.52
GP,2023-08-20,2023,232,24.71,13.67,0,0.770560120167619,170.316,38.5318011255408,378.48,1564.04,49504.84,19.19
GP,2023-08-21,2023,233,21.38,12.79,0,0.531018604747651,144.72,32.61571275564,321.6,1476.5,49315.35,17.085
GP,2023-08-22,2023,234,22.31,9.13,0,0.765005966510922,190.9755,42.8740202798663,424.39,1157.65,49124.75,15.72
GP,2023-08-23,2023,235,25.39,7.33,2,1.10516194774565,211.932,47.3931187832592,470.96,1024.6,48933.08,16.36
GP,2023-08-24,2023,236,24.99,10.56,2.2,0.941944955680131,144.657,32.221424995596,321.46,1274.34,48740.4,17.775
GP,2023-08-25,2023,237,16.11,13.42,1.22,0.143234350969679,52.1595,11.5720337405871,115.91,1538.73,48546.74,14.765
GP,2023-08-26,2023,238,21.83,14.24,3.62,0.492789199436627,96.2145,21.2604575653224,213.81,1623.14,48352.16,18.035
GP,2023-08-27,2023,239,22.65,11.84,0,0.677809696576951,166.806,36.7100247289482,370.68,1387.37,48156.71,17.245
GP,2023-08-28,2023,240,24,6.76,0,0.995860147313441,205.6815,45.0810900468711,457.07,985.34,47960.42,15.38
GP,2023-08-29,2023,241,24.86,9.76,0,0.963117602504712,193.2435,42.1809031505633,429.43,1207.84,47763.35,17.31
GP,2023-08-30,2023,242,20.55,13.47,6.66,0.434402953867214,88.5735,19.2536137567404,196.83,1543.41,47565.52,17.01
GP,2023-08-31,2023,243,20.14,6.77,0,0.683883851062756,186.3315,40.3346476981354,414.07,985.49,47366.99,13.455
GP,2023-09-01,2023,244,23.29,6.36,0,0.94757521206405,200.826,43.2894099770478,446.28,957.94,47167.79,14.825
GP,2023-09-02,2023,245,23.48,8.71,0,0.879901358685722,187.7445,40.2981510796254,417.21,1125.33,46967.96,16.095
GP,2023-09-03,2023,246,27.05,14.13,0,0.978446107743324,168.282,35.966525400387,373.96,1610.81,46767.55,20.59
GP,2023-09-04,2023,247,28.84,15.16,0,1.11930443427249,169.6545,36.104042645797,377.01,1721.66,46566.57,22.0
GP,2023-09-05,2023,248,31.17,17.18,0,1.28458257660404,166.6665,35.3147082352564,370.37,1958.36,46365.09,24.175
GP,2023-09-06,2023,249,30.62,18.71,0,1.11540283491951,149.895,31.622667386868,333.1,2156.31,46163.12,24.665
GP,2023-09-07,2023,250,29.74,18.68,0,1.0088973741152,141.507,29.722186741293,314.46,2152.71,45960.7,24.21
GP,2023-09-08,2023,251,24.85,18.46,9.13,0.503790779378352,69.9705,14.6317769634078,155.49,2123.02,45757.88,21.655
GP,2023-09-09,2023,252,21.5,13.41,0,0.509795850606282,120.393,25.0639976708667,267.54,1537.55,45554.67,17.455
GP,2023-09-10,2023,253,19.26,11.13,2.56,0.451867268587318,91.5975,18.984004908894,203.55,1323.39,45351.12,15.195
GP,2023-09-11,2023,254,23.66,9.79,0,0.852995771140842,170.532,35.18466232509,378.96,1210.35,45147.25,16.725
GP,2023-09-12,2023,255,18.42,9.87,3.55,0.448091971899852,94.5225,19.4139731557575,210.05,1216.98,44943.1,14.145
GP,2023-09-13,2023,256,20.76,15.04,17.39,0.367376660298662,64.809,13.2505768041597,144.02,1708.57,44738.69,17.9
GP,2023-09-14,2023,257,18.56,9.12,0,0.487898284161503,136.8,27.84163174632,304,1156.63,44534.07,13.84
GP,2023-09-15,2023,258,22,5.79,0,0.858546143870661,180.6975,36.6065438590688,401.55,921.07,44329.25,13.895
GP,2023-09-16,2023,259,21.53,8.82,0,0.714875506505908,159.399,32.1424758277461,354.22,1133.33,44124.27,15.175
GP,2023-09-17,2023,260,24.53,6.63,0,1.04843725842543,179.865,36.1008133100685,399.7,976.46,43919.17,15.58
GP,2023-09-18,2023,261,18.7,12.21,7.87,0.364825239498485,69.111,13.8064946289165,153.58,1421.02,43713.95,15.455
GP,2023-09-19,2023,262,15.38,12.43,14.64,0.15037972327579,34.569,6.8735140444611,76.82,1441.75,43508.67,13.905
GP,2023-09-20,2023,263,21.01,9.62,0,0.643216724655268,143.1135,28.3216269493413,318.03,1196.09,43303.34,15.315
GP,2023-09-21,2023,264,21.01,6.05,0,0.77249369562843,165.3885,32.57456502861,367.53,937.9,43098,13.53
GP,2023-09-22,2023,265,21.9,5.77,0,0.850736155025607,168.8805,33.1038792084618,375.29,920.22,42892.68,13.835
GP,2023-09-23,2023,266,22.51,5.58,0,0.906553141139955,169.7535,33.115745732728,377.23,908.01,42687.39,14.045
GP,2023-09-24,2023,267,22.3,7.42,0,0.827939324832407,157.302,30.5391706841052,349.56,1030.58,42482.18,14.86
GP,2023-09-25,2023,268,18.34,5.89,0,0.588248612702454,143.334,27.6930188898066,318.52,927.37,42277.07,12.115
GP,2023-09-26,2023,269,18.99,3.28,0,0.70936962416389,159.894,30.7427316461622,355.32,772.64,42072.09,11.135
GP,2023-09-27,2023,270,21.78,3.54,0,0.908022913223526,166.104,31.7812546344384,369.12,787.08,41867.28,12.66
GP,2023-09-28,2023,271,21.43,4.82,0,0.843560940572692,158.5485,30.1873665323092,352.33,860.9,41662.65,13.125
GP,2023-09-29,2023,272,20.88,6.08,0,0.761792586777793,147.6585,27.9759999448463,328.13,939.69,41458.25,13.48
GP,2023-09-30,2023,273,23.67,5.81,0,0.998490946544519,156.807,29.5630105141791,348.46,922.26,41254.09,14.74
GP,2023-10-01,2023,274,23.62,8.15,0,0.91324823379063,145.1925,27.2380411877895,322.65,1083.29,41050.22,15.885
GP,2023-10-02,2023,275,22.67,5.05,0,0.936270423398288,153.4185,28.6385212251752,340.93,875.18,40846.67,13.86
GP,2023-10-03,2023,276,26.91,9.59,0,1.17275671069482,146.115,27.139489551603,324.7,1193.76,40643.46,18.25
GP,2023-10-04,2023,277,24.33,11.3,0,0.848973977767436,125.064,23.1135379629624,277.92,1338.25,40440.63,17.815
GP,2023-10-05,2023,278,25.33,11.69,0,0.924444644158421,126.603,23.2808509198791,281.34,1373.67,40238.21,18.51
GP,2023-10-06,2023,279,22.75,12.32,26.49,0.664182357097185,78.939,14.4431228245752,175.42,1431.58,40036.24,17.535
GP,2023-10-07,2023,280,17.41,13.8,44.51,0.202837318030484,31.203,5.6803441284225,69.34,1576.93,39834.75,15.605
GP,2023-10-08,2023,281,11.49,8.08,17.83,0.137618416033615,31.0815,5.62967799170535,69.07,1077.84,39633.77,9.785
GP,2023-10-09,2023,282,10.46,5.95,4.08,0.166294090780012,40.1175,7.22959110311625,89.15,931.3,39433.35,8.205
GP,2023-10-10,2023,283,12.64,4.94,2.04,0.29589799259076,64.4805,11.5611722276652,143.29,868.16,39233.52,8.79
GP,2023-10-11,2023,284,9.9,6.35,3.19,0.129724758818599,32.3415,5.7692980634796,71.87,957.68,39034.32,8.125
GP,2023-10-12,2023,285,12.53,5,2.12,0.288579346446439,63.2745,11.2299275465577,140.61,872.05,38835.78,8.765
GP,2023-10-13,2023,286,15.62,4.35,0,0.46902390052325,112.1175,19.7971959412012,249.15,832.96,38637.95,9.985
GP,2023-10-14,2023,287,14.67,4.62,0,0.4082969055094,102.303,17.9720565988977,227.34,849.18,38440.87,9.645
GP,2023-10-15,2023,288,13.95,5.96,1.3,0.328619012862923,85.4325,14.9316945652193,189.85,932.35,38244.57,9.955
GP,2023-10-16,2023,289,13.85,8.25,0,0.244172788340622,62.037,10.7872685514099,137.86,1090.71,38049.11,11.05
GP,2023-10-17,2023,290,14.6,4.48,0,0.408461608980007,103.446,17.8956616764366,229.88,841.13,37854.53,9.54
GP,2023-10-18,2023,291,14.97,0.84,0,0.524838715381551,123.975,21.3373590572025,275.5,649.1,37660.87,7.905
GP,2023-10-19,2023,292,15.6,7.36,0,0.370741040353722,83.07,14.224041426582,184.6,1026.47,37468.18,11.48
GP,2023-10-20,2023,293,16.3,5.23,6.23,0.481492977498103,77.22,13.1547053781,171.6,886.15,37276.5,10.765
GP,2023-10-21,2023,294,12.95,11.19,43.66,0.0797699570053518,16.8345,2.8531542068235,37.41,1328.85,37085.9,12.07
GP,2023-10-22,2023,295,11.59,7.41,18.03,0.165761832678722,34.902,5.885054758296,77.56,1030.16,36896.4,9.5
GP,2023-10-23,2023,296,10.67,1.92,0.19,0.290409602654746,91.386,15.3305430168816,203.08,701.35,36708.08,6.295
GP,2023-10-24,2023,297,8.76,-1.78,3.12,0.296131007902058,78.282,13.0653310010778,173.96,536.07,36520.97,3.49
GP,2023-10-25,2023,298,14.86,6.17,4.27,0.37021114580824,65.9565,10.9521816826437,146.57,945.73,36335.14,10.515
GP,2023-10-26,2023,299,14.92,10.73,10.67,0.201182301988555,34.722,5.7363669259056,77.16,1289.04,36150.64,12.825
GP,2023-10-27,2023,300,16.12,11.33,8.33,0.242658990143648,40.0005,6.5749448417832,88.89,1341.37,35967.52,13.725
GP,2023-10-28,2023,301,16.42,4.01,8.04,0.524958866232036,82.2825,13.4565936163065,182.85,813.61,35785.86,10.215
GP,2023-10-29,2023,302,5.54,-0.19,9.03,0.15160554932801,50.9175,8.28519393302775,113.15,602.12,35605.69,2.675
GP,2023-10-30,2023,303,1.9,-0.99,6.2,0.0663469584199794,28.413,4.6001158803369,63.14,568.1,35427.09,0.455
GP,2023-10-31,2023,304,2.06,-6.28,0,0.163491243835021,94.2525,15.1834268516603,209.45,382.15,35250.13,-2.11
GP,2023-11-01,2023,305,3.17,-8.4,0,0.221577842174415,111.0195,17.7955448547578,246.71,324.24,35074.85,-2.615
GP,2023-11-02,2023,306,4.36,-7.54,0,0.243708407237809,111.006,17.7053546635686,246.68,346.77,34901.33,-1.59
GP,2023-11-03,2023,307,9.57,1.83,0.57,0.24705384120007,86.508,13.7300661024228,192.24,697.02,34729.63,5.7
GP,2023-11-04,2023,308,7.89,-1.45,0,0.257393108649415,97.182,15.3487673924868,215.96,549.09,34559.82,3.22
GP,2023-11-05,2023,309,4.5,-5.23,0,0.214145078956997,99.225,15.5953225302525,220.5,414.01,34391.97,-0.365
GP,2023-11-06,2023,310,2.1,-8.34,11.03,0.192769279045153,84.6675,13.2431404769213,188.15,325.78,34226.15,-3.12
GP,2023-11-07,2023,311,7.06,-0.78,5.03,0.213981134753454,69.4035,10.8037170025079,154.23,577.03,34062.43,3.14
GP,2023-11-08,2023,312,2.85,-3.45,0,0.138243123455818,78.453,12.1544896255848,174.34,473.46,33900.88,-0.3
GP,2023-11-09,2023,313,-1.03,-4.98,2.56,0.0728875793117875,39.564,6.1007300510184,87.92,421.78,33741.58,-3.005
GP,2023-11-10,2023,314,3.97,-2.4,0,0.149610157304333,76.9185,11.8055726266315,170.93,512.12,33584.59,0.785
GP,2023-11-11,2023,315,0.71,-2.38,0,0.0652698987407845,40.689,6.2162660439,90.42,512.9,33430,-0.835
GP,2023-11-12,2023,316,0.55,-2.54,0,0.0648687041192861,41.1255,6.2543624045058,91.39,506.59,33277.88,-0.995
GP,2023-11-13,2023,317,1.07,-6.3,1.75,0.139569895861368,85.905,13.0057057404135,190.9,381.54,33128.31,-2.615
GP,2023-11-14,2023,318,2.13,-2.88,0,0.109318604728717,63.009,9.4970198809368,140.02,493.97,32981.36,-0.375
GP,2023-11-15,2023,319,5.73,-0.95,0,0.173919627858755,77.112,11.5718615083008,171.36,569.57,32837.12,2.39
GP,2023-11-16,2023,320,8.95,-3.69,0,0.339138286554004,104.436,15.604735268538,232.08,464.91,32695.65,2.63
GP,2023-11-17,2023,321,9.01,-2.15,5.92,0.313082126004519,66.9465,9.96068310356025,148.77,521.5,32557.05,3.43
GP,2023-11-18,2023,322,3,-3.22,2.73,0.138042732785815,48.276,7.1528476518216,107.28,481.76,32421.38,-0.11
GP,2023-11-19,2023,323,0.98,-4.17,2.2,0.104041490943835,41.904,6.1833331245744,93.12,448.4,32288.73,-1.595
GP,2023-11-20,2023,324,-0.55,-8.3,0,0.130502037616546,74.1465,10.8971222242059,164.77,326.8,32159.18,-4.425
GP,2023-11-21,2023,325,-0.21,-12.55,9.42,0.184690478742433,75.348,11.0301893272116,167.44,233.16,32032.81,-6.38
GP,2023-11-22,2023,326,1.1,-3.11,6.57,0.0880078857954558,36.6615,5.34624694670295,81.47,485.79,31909.69,-1.005
GP,2023-11-23,2023,327,1.3,-1.53,0,0.0627983116061884,34.1865,4.9666093527195,75.97,545.9,31789.9,-0.115
GP,2023-11-24,2023,328,-4.77,-10.65,0,0.0794114008995149,66.537,9.6310998118377,147.86,271.44,31673.53,-7.71
GP,2023-11-25,2023,329,-2.4,-16.83,0,0.174833686915622,99.891,14.4074911783968,221.98,163.71,31560.64,-9.615
GP,2023-11-26,2023,330,2.37,-8.82,6.76,0.205740167471874,68.598,9.8597642575752,152.44,313.71,31451.32,-3.225
GP,2023-11-27,2023,331,1.16,-1.59,12.62,0.0605017166725871,23.733,3.3997421587284,52.74,543.64,31345.64,-0.215
GP,2023-11-28,2023,332,-3.13,-8.39,0,0.0808695223328276,57.4065,8.1967077437544,127.57,324.51,31243.68,-5.76
GP,2023-11-29,2023,333,-2.31,-13.42,0.1,0.149745521137995,89.6445,12.7595481773612,199.21,217.24,31145.51,-7.865
GP,2023-11-30,2023,334,1.78,-5.85,0,0.150222714545376,72.387,10.2720003817221,160.86,394.79,31051.19,-2.035
GP,2023-12-01,2023,335,5.72,-2.2,1.69,0.198460121396027,72.891,10.313409984696,161.98,519.7,30960.8,1.76
GP,2023-12-02,2023,336,0.49,-3.8,2.37,0.0862482190103236,34.56,4.876279615872,76.8,461.13,30874.41,-1.655
GP,2023-12-03,2023,337,-2.05,-5.72,11.12,0.0638150554656328,30.3525,4.271197899474,67.45,398.87,30792.08,-3.885
GP,2023-12-04,2023,338,-2.83,-5.52,4.68,0.0459774248452658,23.157,3.2503728285612,51.46,405.02,30713.88,-4.175
GP,2023-12-05,2023,339,-5.55,-11.9,0,0.0799819270402423,65.844,9.2197508042088,146.32,245.64,30639.86,-8.725
GP,2023-12-06,2023,340,-7.02,-18.57,0,0.110709806465056,88.4835,12.3616189561095,196.63,141.21,30570.1,-12.795
GP,2023-12-07,2023,341,-9.03,-18.68,0,0.0852037910687984,82.485,11.4989170333635,183.3,139.95,30504.63,-13.855
GP,2023-12-08,2023,342,-5.1,-18.91,0,0.141173849024426,89.685,12.477594806784,199.3,137.24,30443.52,-12.005
GP,2023-12-09,2023,343,0.63,-14.49,1.81,0.220778137335296,89.451,12.4218565737867,198.78,198.86,30386.81,-6.93
GP,2023-12-10,2023,344,1.71,-0.92,6.51,0.0601323470385179,20.565,2.8509031948275,45.7,571.05,30334.55,0.395
GP,2023-12-11,2023,345,0.71,-3.87,3.06,0.0924961808099919,33.975,4.7025027171,75.5,458.74,30286.8,-1.58
GP,2023-12-12,2023,346,-1.01,-12.14,0.91,0.163715746586361,81.2025,11.2232504626673,180.45,241.02,30243.57,-6.575
GP,2023-12-13,2023,347,-2.78,-11.17,0,0.119300793116362,70.6455,9.7516564586802,156.99,260.5,30204.92,-6.975
GP,2023-12-14,2023,348,-3.7,-17.17,0,0.153546497495038,85.3605,11.7695844082368,189.69,159.07,30170.88,-10.435
GP,2023-12-15,2023,349,3.21,-7.83,0,0.215364632799802,78.0435,10.7502203697287,173.43,338.89,30141.47,-2.31
GP,2023-12-16,2023,350,1.3,-7.01,0,0.155322575970323,67.752,9.3249388214208,150.56,361.16,30116.72,-2.855
GP,2023-12-17,2023,351,4.01,-7.57,34.48,0.234158151183675,60.975,8.386607364795,135.5,345.82,30096.66,-1.78
GP,2023-12-18,2023,352,7.33,1.22,51.81,0.178438547652859,40.311,5.5416134470383,89.58,666.9,30081.29,4.275
GP,2023-12-19,2023,353,0.13,-5.43,0,0.104886776854922,51.183,7.0337124417384,113.74,407.67,30070.64,-2.65
GP,2023-12-20,2023,354,-3.06,-9.66,0,0.0975848697876502,59.508,8.1761447854476,132.24,293.68,30064.71,-6.36
GP,2023-12-21,2023,355,-5.07,-10.94,0,0.0775502833246025,55.3635,7.6064020608825,123.03,265.39,30063.5,-8.005
GP,2023-12-22,2023,356,-5.38,-13.04,0,0.0934500655579112,67.0815,9.21742253135865,149.07,223.98,30067.03,-9.21
GP,2023-12-23,2023,357,-1.66,-11.28,0,0.141964659829044,75.3255,10.3530402516348,167.39,258.18,30075.28,-6.47
GP,2023-12-24,2023,358,1.37,-7.09,0,0.158071147142,69.1695,9.51103468227375,153.71,358.99,30088.25,-2.86
GP,2023-12-25,2023,359,2.2,-1.23,0,0.0787413743340939,33.354,4.5889800747354,74.12,558.33,30105.93,0.485
GP,2023-12-26,2023,360,3.05,-0.74,0,0.0909681638996728,37.4085,5.1506391132135,83.13,578.54,30128.3,1.155
GP,2023-12-27,2023,361,3.13,0.47,0,0.066502471970666,27,3.7208674026,60,631.74,30155.34,1.8
GP,2023-12-28,2023,362,3.45,0.15,0,0.082223441084708,33.03,4.556644636113,73.4,617.52,30187.03,1.8
GP,2023-12-29,2023,363,1.46,-0.49,8.99,0.0450368163254604,16.1865,2.2356901245987,35.97,589.12,30223.34,0.485
GP,2023-12-30,2023,364,-1.36,-4.82,0,0.0633093344674639,36.873,5.0998152793464,81.94,427.16,30264.24,-3.09
GP,2023-12-31,2023,365,-6.46,-8.65,0,0.0301103743440236,25.3395,3.50990802118035,56.31,318.07,30309.69,-7.555
GP,2024-01-01,2024,1,-5.86,-11.74,0,0.0735981053859591,52.074,7.2249913672002,115.72,248.9,30359.89,-8.8
GP,2024-01-02,2024,2,-1.51,-9.18,0,0.121591263192173,64.125,8.91296621595,142.5,304.94,30414.36,-5.345
GP,2024-01-03,2024,3,0.56,-2.61,0,0.0662766495232886,29.4705,4.1041442943531,65.49,504.1,30473.26,-1.025
GP,2024-01-04,2024,4,-3.02,-13.66,1.03,0.138641796420269,80.2305,11.1963220906541,178.29,213.01,30536.53,-8.34
GP,2024-01-05,2024,5,-8.17,-16.83,0,0.0840104587639743,72.198,10.0976786877204,160.44,163.77,30604.14,-12.5
GP,2024-01-06,2024,6,-9.76,-16.91,1.41,0.0653492370973111,63.7515,8.9372852608671,141.67,162.54,30676.02,-13.335
GP,2024-01-07,2024,7,-7.76,-11.61,4.54,0.045453658510073,27.9945,3.9342683206638,62.21,251.53,30752.12,-9.685
GP,2024-01-08,2024,8,-3.38,-15.44,0,0.146827371939846,87.6375,12.3484682442488,194.75,183.82,30832.37,-9.41
GP,2024-01-09,2024,9,-3.7,-18.28,18.39,0.160733753094865,71.811,10.1461338502344,159.58,144.73,30916.72,-10.99
GP,2024-01-10,2024,10,1.08,-5.82,16.63,0.132633628335182,47.7135,6.7606836035445,106.03,395.84,31005.1,-2.37
GP,2024-01-11,2024,11,-2.22,-10.85,0,0.126546054530761,76.4235,10.8609521832428,169.83,267.17,31097.45,-6.535
GP,2024-01-12,2024,12,-6.35,-19.67,0,0.12657812473176,96.1335,13.7043267911006,213.63,128.5,31193.69,-13.01
GP,2024-01-13,2024,13,-1.81,-13.07,9.75,0.156396869283171,68.0805,9.73635825121875,151.29,223.42,31293.75,-7.44
GP,2024-01-14,2024,14,-1.9,-11.56,0,0.140093108297182,84.7485,12.1602952394262,188.33,252.45,31397.56,-6.73
GP,2024-01-15,2024,15,-6.17,-18.43,0,0.122020177262928,96.867,13.9467245300595,215.26,142.92,31505.05,-12.3
GP,2024-01-16,2024,16,-7.7,-17.93,2.85,0.0974433765729213,67.7475,9.78855210811125,150.55,149.2,31616.15,-12.815
GP,2024-01-17,2024,17,-9.45,-20.74,0,0.0915754188861479,95.9715,13.9167906402614,213.27,117.15,31730.77,-15.095
GP,2024-01-18,2024,18,-7.56,-21.23,0,0.117848743054563,104.238,15.171762148191,231.64,112.16,31848.85,-14.395
GP,2024-01-19,2024,19,-12.61,-26.25,0,0.0810582887083011,106.173,15.512328764883,235.94,71.53,31970.3,-19.43
GP,2024-01-20,2024,20,-8.99,-16.15,2.09,0.0690750518771642,56.3805,8.2695722204304,125.29,173.27,32095.04,-12.57
GP,2024-01-21,2024,21,-10.21,-18.64,0,0.0712342535128045,85.599,12.60523255689,190.22,140.45,32223,-14.425
GP,2024-01-22,2024,22,-2.32,-19.96,0,0.195537846592174,115.2135,17.0352597233426,256.03,125.32,32354.09,-11.14
GP,2024-01-23,2024,23,-4.25,-15.97,0,0.135706036809199,104.4315,15.5050808270287,232.07,175.95,32488.25,-10.11
GP,2024-01-24,2024,24,-5.8,-16.76,1.4,0.116612311131525,102.681,15.3095303620746,228.18,164.72,32625.38,-11.28
GP,2024-01-25,2024,25,0.66,-7.25,2.23,0.143603755050631,63.414,9.4954806935118,140.92,354.47,32765.41,-3.295
GP,2024-01-26,2024,26,-0.31,-2.48,7.11,0.0445071519631217,20.907,3.1442193726174,46.46,508.88,32908.26,-1.395
GP,2024-01-27,2024,27,-0.07,-2.92,0,0.0577520769550652,35.3385,5.3380974104577,78.53,492.71,33053.86,-1.495
GP,2024-01-28,2024,28,1.45,-2.52,0,0.0855920896021124,48.2895,7.3271439459918,107.31,507.5,33202.12,-0.535
GP,2024-01-29,2024,29,-1.85,-7.73,0,0.0964791737085012,70.587,10.7590842209664,156.86,341.57,33352.96,-4.79
GP,2024-01-30,2024,30,-7.4,-16.36,0,0.091017589770634,99.4095,15.2219685874428,220.91,170.22,33506.32,-11.88
GP,2024-01-31,2024,31,-2.6,-11.37,0,0.124840366550993,98.1405,15.0975220354785,218.09,256.24,33662.1,-6.985
GP,2024-02-01,2024,32,0.86,-4.02,4.11,0.0984034102075108,46.215,7.1429230416375,102.7,453.76,33820.25,-1.58
GP,2024-02-02,2024,33,-2.98,-8.61,0,0.0864497143318444,71.2035,11.0573098480966,158.23,318.89,33980.67,-5.795
GP,2024-02-03,2024,34,-3.11,-13.3,0,0.133944590160462,111.8205,17.4479035210574,248.49,219.25,34143.31,-8.205
GP,2024-02-04,2024,35,-1.69,-15.27,0,0.177177979490879,127.188,19.9415426812128,282.64,186.54,34308.08,-8.48
GP,2024-02-05,2024,36,0.32,-13.56,0,0.205764029336516,128.6505,20.2689298489244,285.89,214.68,34474.91,-6.62
GP,2024-02-06,2024,37,0.42,-14.46,0,0.215642894959968,131.94,20.888990404092,293.2,199.43,34643.74,-7.02
GP,2024-02-07,2024,38,-2.22,-15.58,0,0.169263220587302,129.402,20.5881453818586,287.56,181.74,34814.49,-8.9
GP,2024-02-08,2024,39,2.17,-4.71,0,0.142166101170077,86.904,13.895171548488,193.12,430.49,34987.1,-1.27
GP,2024-02-09,2024,40,3.88,-4.15,3.12,0.178569577870583,73.7775,11.8551629777625,163.95,449.28,35161.5,-0.135
GP,2024-02-10,2024,41,6.48,0.02,1.23,0.177277836868233,83.2365,13.4421095224922,184.97,611.42,35337.63,3.25
GP,2024-02-11,2024,42,4,-0.32,1.05,0.108060073400056,60.5565,9.82864839028905,134.57,596.75,35515.41,1.84
GP,2024-02-12,2024,43,3.01,-6.23,0,0.187622473508117,115.8795,18.9028654893688,257.51,383.48,35694.79,-1.61
GP,2024-02-13,2024,44,1.2,-10.8,0,0.199320277046243,135.171,22.1615550755937,300.38,268.37,35875.71,-4.8
GP,2024-02-14,2024,45,-7.23,-13.2,0,0.067793760627016,88.1775,14.5303749252675,195.95,221.16,36058.1,-10.215
GP,2024-02-15,2024,46,-4.4,-15.94,0.64,0.132953889690343,138.411,22.9243950528957,307.58,176.42,36241.91,-10.17
GP,2024-02-16,2024,47,-2.59,-9.25,0.81,0.101435683180437,99.2295,16.5189090723102,220.51,303.31,36427.08,-5.92
GP,2024-02-17,2024,48,-6.51,-18.17,0.69,0.115421135288347,144.4185,24.1646700459848,320.93,146.17,36613.55,-12.34
GP,2024-02-18,2024,49,-7.56,-22.82,4.67,0.125110350679158,119.7315,20.1366596536528,266.07,97.54,36801.27,-15.19
GP,2024-02-19,2024,50,-8.1,-18.45,0,0.095472691964373,139.797,23.6320010041122,310.66,142.7,36990.18,-13.275
GP,2024-02-20,2024,51,-8.96,-24.89,0,0.115508957815564,164.5425,27.9580169361218,365.65,80.97,37180.23,-16.925
GP,2024-02-21,2024,52,0.98,-19.44,0,0.262736656603854,171.1575,29.2315034917418,380.35,131.13,37371.37,-9.23
GP,2024-02-22,2024,53,0.29,-4.59,1.25,0.0948378163069717,80.0055,13.7341816960806,177.79,434.7,37563.56,-2.15
GP,2024-02-23,2024,54,3.19,-11.98,0,0.26227636109122,166.4775,28.7254099129095,369.95,244.04,37756.74,-4.395
GP,2024-02-24,2024,55,-9.98,-20.51,0,0.0843065656721255,148.0545,25.6778959005459,329.01,119.49,37950.86,-15.245
GP,2024-02-25,2024,56,-2.61,-22.87,0,0.204188812132728,179.3025,31.257208034559,398.45,97.05,38145.88,-12.74
GP,2024-02-26,2024,57,4.79,-6.05,0,0.235237172767206,144.216,25.2697933389312,320.48,389,38341.76,-0.63
GP,2024-02-27,2024,58,7.64,-6.32,0,0.332704806327015,162.459,28.6123954818735,361.02,380.81,38538.45,0.66
GP,2024-02-28,2024,59,9.64,-8.91,7.71,0.442979392897608,133.9065,23.7045449051366,297.57,311.62,38735.91,0.365
GP,2024-02-29,2024,60,-11.7,-16.67,0,0.0427838121359576,79.8255,14.2032547299181,177.39,165.91,38934.09,-14.185
GP,2024-03-01,2024,61,-3.78,-19.49,0,0.166405609872797,177.5115,31.7457435729884,394.47,130.53,39132.97,-11.635
GP,2024-03-02,2024,62,3.34,-10.35,1.33,0.249249478838765,166.6575,29.956591230192,370.35,278.14,39332.48,-3.505
GP,2024-03-03,2024,63,8.24,-1.16,0,0.263910911743252,130.41,23.560395852357,289.8,561.27,39532.61,3.54
GP,2024-03-04,2024,64,3.41,-2.07,0,0.127645074360479,85.05,15.443483330835,189,524.74,39733.31,0.67
GP,2024-03-05,2024,65,11.6,-0.12,0,0.379061100799165,154.4895,28.1944717863683,343.31,605.57,39934.55,5.74
GP,2024-03-06,2024,66,5.2,1.77,1.26,0.0949906385910492,57.4515,10.5379149712194,127.67,693.88,40136.28,3.485
GP,2024-03-07,2024,67,6.55,-2.52,0,0.231617738615938,138.591,25.5488147872776,307.98,507.46,40338.48,2.015
GP,2024-03-08,2024,68,5.13,-7.21,0,0.262377433583571,171.2925,31.7358457188975,380.65,355.58,40541.1,-1.04
GP,2024-03-09,2024,69,6.94,-3.1,23.92,0.255441118331132,113.2875,21.0942088671037,251.75,486.1,40744.13,1.92
GP,2024-03-10,2024,70,2.34,-0.72,20.32,0.0718336955233615,41.8455,7.83055346575185,92.99,579.43,40947.51,0.81
GP,2024-03-11,2024,71,0.52,-3.04,0,0.073383625837988,65.2005,12.2616791262805,144.89,488.15,41151.23,-1.26
GP,2024-03-12,2024,72,4.45,-5.25,0,0.21304253661762,153.4815,29.0069977050342,341.07,413.33,41355.24,-0.4
GP,2024-03-13,2024,73,5.89,-6.21,0,0.271738642200533,176.319,33.4877398414416,391.82,384.22,41559.52,-0.16
GP,2024-03-14,2024,74,9.38,-0.42,0,0.292214581001449,154.8405,29.5531152987834,344.09,592.12,41764.04,4.48
GP,2024-03-15,2024,75,10.07,-0.95,0,0.331173734969441,166.707,31.9739489735823,370.46,569.77,41968.77,4.56
GP,2024-03-16,2024,76,1.85,-1.48,2.75,0.0753164852304382,47.601,9.1743155161119,105.78,547.86,42173.67,0.185
GP,2024-03-17,2024,77,5.33,-0.61,10.64,0.153773676025311,80.595,15.6088904452965,179.1,584.34,42378.71,2.36
GP,2024-03-18,2024,78,4.5,-1.81,1.96,0.1537212239675,116.2755,22.6281810609558,258.39,534.75,42583.88,1.345
GP,2024-03-19,2024,79,1.3,-5.34,0,0.130464360174835,126.333,24.7039537625253,280.74,410.63,42789.13,-2.02
GP,2024-03-20,2024,80,3.25,-4.53,2.69,0.167625305253048,108.9,21.39717193812,242,436.4,42994.44,-0.64
GP,2024-03-21,2024,81,-3.53,-11.04,0,0.104393800199803,147.429,29.1058746708834,327.62,263.24,43199.78,-7.285
GP,2024-03-22,2024,82,-3.21,-15.48,0,0.150189742324412,204.426,40.5502178870502,454.28,183.19,43405.11,-9.345
GP,2024-03-23,2024,83,-5.53,-13.76,2.09,0.097471540953353,122.2065,24.3557089382061,271.57,211.25,43610.42,-9.645
GP,2024-03-24,2024,84,1.78,-14.75,0,0.250269056017039,226.494,45.3526176696786,503.32,194.78,43815.67,-6.485
GP,2024-03-25,2024,85,5.06,-9.87,0,0.293557090340859,220.3965,44.3383185181842,489.77,288.91,44020.84,-2.405
GP,2024-03-26,2024,86,8.1,-3.49,1.07,0.303723332910908,201.0555,40.6357838226738,446.79,471.89,44225.88,2.305
GP,2024-03-27,2024,87,6.21,1.43,1.85,0.135102590637154,105.1965,21.3600088455939,233.77,677.43,44430.78,3.82
GP,2024-03-28,2024,88,8.68,-0.11,0,0.258169734212615,175.581,35.8157639895867,390.18,605.81,44635.51,4.285
GP,2024-03-29,2024,89,9.65,-2.63,0,0.347545977030625,213.543,43.7590045851453,474.54,503.16,44840.03,3.51
GP,2024-03-30,2024,90,4.59,-3.24,0,0.183295353707446,167.382,34.4560026026394,371.96,480.94,45044.31,0.675
GP,2024-03-31,2024,91,7.18,-3.84,0,0.277017345020695,208.0305,43.0175595032771,462.29,459.71,45248.33,1.67
GP,2024-04-01,2024,92,4.39,-5.43,0.87,0.214220439249729,199.8855,41.5193810982894,444.19,407.59,45452.04,-0.52
GP,2024-04-02,2024,93,9.47,-5.71,0,0.392529228692568,235.125,49.0577297128875,522.5,398.98,45655.43,1.88
GP,2024-04-03,2024,94,7.97,-1.42,0,0.259709323706962,191.5965,40.1534756154922,425.77,550.28,45858.45,3.275
GP,2024-04-04,2024,95,2.54,-1.37,10.79,0.090547929071083,72.666,15.2961301875096,161.48,552.43,46061.08,0.585
GP,2024-04-05,2024,96,5.91,0.22,7.74,0.15412417761195,100.8765,21.3276313856844,224.17,620.43,46263.28,3.065
GP,2024-04-06,2024,97,7.94,-1.32,1.6,0.256347374368568,194.364,41.2722421806348,431.92,554.58,46465.01,3.31
GP,2024-04-07,2024,98,14.33,-4.56,0,0.604024623908168,247.7925,52.8454086617812,550.65,429.05,46666.25,4.885
GP,2024-04-08,2024,99,18.21,-3.27,0,0.827451091296159,250.2675,53.6027840497012,556.15,456.29,46866.95,7.47
GP,2024-04-09,2024,100,14.36,-2.35,0,0.587729357707817,241.686,51.9858261367416,537.08,486.03,47067.08,6.005
GP,2024-04-10,2024,101,12.5,1.62,6.23,0.380167399441169,150.6105,32.533127405001,334.69,686.54,47266.6,7.06
GP,2024-04-11,2024,102,10.66,5.04,17.56,0.203125102095339,91.3095,19.8066008816501,202.91,874.48,47465.47,7.85
GP,2024-04-12,2024,103,17.66,6.86,12.87,0.511661787870835,147.9015,32.2163375193693,328.67,991.95,47663.66,12.26
GP,2024-04-13,2024,104,9.7,3.13,3.4,0.218397648820158,107.109,23.4274501285056,238.02,764.62,47861.12,6.415
GP,2024-04-14,2024,105,12.85,1.04,0,0.410946492495349,214.3395,47.0741394368822,476.31,658.55,48057.81,6.945
GP,2024-04-15,2024,106,13.42,3.06,0,0.387586460579446,196.398,43.3095619133934,436.44,760.99,48253.69,8.24
GP,2024-04-16,2024,107,5.68,0.3,0,0.145098904070881,120.258,26.6263965000126,267.24,623.93,48448.71,2.99
GP,2024-04-17,2024,108,10.81,0.45,0,0.331797520966749,198.558,44.1390023629704,441.24,630.82,48642.84,5.63
GP,2024-04-18,2024,109,15.3,-0.18,0,0.595271060788575,236.9295,52.8780706686963,526.51,573.79,48836.02,7.56
GP,2024-04-19,2024,110,10.98,5.28,2.99,0.209670793118057,81.927,18.3564751142619,182.06,889.06,49028.21,8.13
GP,2024-04-20,2024,111,10.73,1.77,0,0.296655897468334,160.578,36.119199664251,356.84,693.93,49219.35,6.25
GP,2024-04-21,2024,112,8.05,-3.03,1.43,0.293583244297775,188.2935,42.516861290186,418.43,488.44,49409.41,2.51
GP,2024-04-22,2024,113,6.21,-6.21,0,0.282223233251733,201.0735,45.5761886300964,446.83,384.09,49598.32,0.0
GP,2024-04-23,2024,114,18.39,-0.6,3.68,0.763468706921119,170.1585,38.7148367451438,378.13,584.35,49786.04,8.895
GP,2024-04-24,2024,115,5.97,-3.08,8.76,0.222978599169718,125.343,28.6251287466501,278.54,486.75,49972.51,1.445
GP,2024-04-25,2024,116,8.05,-5.56,0,0.335841165395135,211.833,48.5564868514008,470.74,403.84,50157.68,1.245
GP,2024-04-26,2024,117,14.5,-4.96,0,0.624495048153681,232.641,53.521540839855,516.98,411.1,50341.5,4.77
GP,2024-04-27,2024,118,18.25,-2.6,0,0.824954355867763,233.604,53.9378033939892,519.12,473.67,50523.89,7.825
GP,2024-04-28,2024,119,14.59,6.21,8.16,0.354243297231835,109.9035,25.466946912266,244.23,948.45,50704.81,10.4
GP,2024-04-29,2024,120,13.25,2.36,0,0.398040265339431,179.559,41.754792429846,399.02,723.65,50884.2,7.805
GP,2024-04-30,2024,121,9.99,3.57,1.51,0.218064712929093,120.132,28.0331924608152,266.96,788.79,51061.98,6.78
GP,2024-05-01,2024,122,17.43,2.16,2.97,0.636755706333059,160.497,37.5816826388619,356.66,713.56,51238.11,9.795
GP,2024-05-02,2024,123,11.53,5.11,3.37,0.239371248920162,90.6795,21.3056215455438,201.51,878.42,51412.52,8.32
GP,2024-05-03,2024,124,18.16,3,0,0.681333089170671,215.0595,50.698996252124,477.91,737.64,51585.13,10.58
GP,2024-05-04,2024,125,17.7,6.42,0,0.529417761029244,180.9405,42.7968463284707,402.09,961.98,51755.89,12.06
GP,2024-05-05,2024,126,12.5,6.47,9.14,0.24049713001857,83.1285,19.7260580753964,184.73,965.38,51924.72,9.485
GP,2024-05-06,2024,127,19.94,6.84,2.94,0.666767425071224,147.105,35.019585227466,326.9,990.5,52091.56,13.39
GP,2024-05-07,2024,128,20.27,2.59,0,0.846483858418187,226.89,54.183935290482,504.2,707.74,52256.34,11.43
GP,2024-05-08,2024,129,13.79,3.81,4.52,0.386040924193995,130.158,31.1799656666988,289.24,801.9,52418.98,8.8
GP,2024-05-09,2024,130,12.54,3.87,1.76,0.322438498678073,159.6645,38.3654480003087,354.81,805.55,52579.41,8.205
GP,2024-05-10,2024,131,17.82,0.31,0,0.72145512251979,231.7725,55.8596300997038,515.05,609.22,52737.55,9.065
GP,2024-05-11,2024,132,18.93,2.8,0,0.736879154277342,222.5295,53.7904114307303,494.51,728.14,52893.35,10.865
GP,2024-05-12,2024,133,17.97,3.51,0,0.641395292146639,212.049,51.405643575531,471.22,779.12,53046.7,10.74
GP,2024-05-13,2024,134,17.43,2.82,2.59,0.619755941713135,158.931,38.6381609730585,353.18,747.69,53197.55,10.125
GP,2024-05-14,2024,135,20.94,11.4,1.37,0.562269837782393,157.0635,38.2905730820349,349.03,1346.96,53345.82,16.17
GP,2024-05-15,2024,136,22.69,8.94,0,0.825093915000332,200.3535,48.9775730015529,445.23,1121.6,53491.42,15.815
GP,2024-05-16,2024,137,23.27,7.62,0,0.944669165346086,212.4135,52.0643882659446,472.03,1002.3,53634.28,15.445
GP,2024-05-17,2024,138,24.9,10.83,10.41,0.922221367513155,147.5505,36.2603350604412,327.89,1297.14,53774.32,17.865
GP,2024-05-18,2024,139,21.94,12.58,1.81,0.585076560920821,151.0605,37.2175869122181,335.69,1456.61,53911.46,17.26
GP,2024-05-19,2024,140,23.99,10.12,0,0.886960407354524,196.821,48.6125202912714,437.38,1219.13,54045.62,17.055
GP,2024-05-20,2024,141,29.1,11.01,0,1.45006745740649,218.3715,54.0660778644636,485.27,1216.84,54176.72,20.055
GP,2024-05-21,2024,142,25.49,12.91,0,0.88215058115651,179.8065,44.6230166281565,399.57,1488.61,54304.69,19.2
GP,2024-05-22,2024,143,28.42,12.95,4.06,1.18655250361255,150.192,37.3591328240592,333.76,1491.97,54429.43,20.685
GP,2024-05-23,2024,144,26.01,15.36,0,0.805212662154953,159.291,39.7108587927843,353.98,1744.3,54550.89,20.685
GP,2024-05-24,2024,145,17.01,8.14,0,0.425503379684008,146.925,36.7073295668325,326.5,1082.78,54668.97,12.575
GP,2024-05-25,2024,146,21.74,8.31,0,0.750584718167599,195.6555,48.984516809586,434.79,1094.98,54783.6,15.025
GP,2024-05-26,2024,147,22.88,10.97,0,0.736415265988411,181.143,45.4431315126321,402.54,1309.29,54894.71,16.925
GP,2024-05-27,2024,148,18.14,10.5,24.84,0.403343866162645,100.287,25.2081503186139,222.86,1269.44,55002.21,14.32
GP,2024-05-28,2024,149,20.82,12.08,1.73,0.5219398943806,147.735,37.2047782931685,328.3,1409.08,55106.03,16.45
GP,2024-05-29,2024,150,18.83,8.33,0,0.535948955078003,173.961,43.888947214797,386.58,1096.7,55206.1,13.58
GP,2024-05-30,2024,151,20.54,5.53,0,0.753927670506449,214.29,54.157884457455,476.2,904.5,55302.35,13.035
GP,2024-05-31,2024,152,23.61,6.69,0,0.988531956455043,223.488,56.576831761152,496.64,955.78,55394.7,15.15
GP,2024-06-01,2024,153,26.6,5.96,0,1.32672156103784,235.9125,59.8174359261863,524.25,877.18,55483.09,16.28
GP,2024-06-02,2024,154,26.91,9.1,0,1.24164471381966,221.7375,56.3087406207937,492.75,1105.54,55567.45,18.005
GP,2024-06-03,2024,155,29.9,11.67,0,1.49317252759268,218.889,55.6656691854483,486.42,1297.98,55647.71,20.785
GP,2024-06-04,2024,156,28.97,12.06,0,1.34297604080419,209.835,53.436131507529,466.3,1355.98,55723.82,20.515
GP,2024-06-05,2024,157,29.79,13.15,0,1.39170481938257,206.0415,52.53777924358,457.87,1456.05,55795.71,21.47
GP,2024-06-06,2024,158,28.56,15.19,14.79,1.08516351281302,135.531,34.6004371167444,301.18,1725.54,55863.32,21.875
GP,2024-06-07,2024,159,22.7,14.75,9.49,0.536925590469615,92.6235,23.673140911301,205.83,1677.13,55926.61,18.725
GP,2024-06-08,2024,160,20.15,13.9,8.81,0.383000649510582,75.717,19.3724841735288,168.26,1587.21,55985.52,17.025
GP,2024-06-09,2024,161,17.04,12.46,9.87,0.246085012045672,59.4405,15.2228757669692,132.09,1444.78,56039.99,14.75
GP,2024-06-10,2024,162,19.69,11.63,3.38,0.459947548607853,100.989,25.8866370405027,224.42,1367.73,56089.99,15.66
GP,2024-06-11,2024,163,19.3,10.87,0,0.465937395203355,142.3395,36.5156534304522,316.31,1300.79,56135.48,15.085
GP,2024-06-12,2024,164,22.13,12.3,0,0.613708952936633,160.218,41.1321573022266,356.04,1430.05,56176.41,17.215
GP,2024-06-13,2024,165,24.63,11.15,8.37,0.882922248281157,147.492,37.88955431811,327.76,1325.21,56212.75,17.89
GP,2024-06-14,2024,166,22.93,11.83,6.86,0.702176995685218,131.0625,33.6879416816438,291.25,1386.04,56244.47,17.38
GP,2024-06-15,2024,167,18.33,6.48,0,0.567858851119565,190.116,48.8904088507848,422.48,966.35,56271.54,12.405
GP,2024-06-16,2024,168,22.58,5.04,0,0.956180518929193,229.9185,59.1495933745773,510.93,847.48,56293.94,13.81
GP,2024-06-17,2024,169,25.58,12.16,0,0.930347355225321,194.715,50.1087837889575,432.7,1413.47,56311.65,18.87
GP,2024-06-18,2024,170,32.31,16.69,0,1.54571888327531,201.7035,51.9192172186268,448.23,1818.65,56324.65,24.5
GP,2024-06-19,2024,171,33.82,19.08,0,1.6048795881627,191.88,49.397873120388,426.4,2127.3,56332.93,26.45
GP,2024-06-20,2024,172,28.6,18.44,0,0.891154903494038,154.296,39.7247024289528,342.88,2121.33,56336.49,23.52
GP,2024-06-21,2024,173,23.16,12.99,0,0.66656936181356,164.7675,42.419790360117,366.15,1495.98,56335.32,18.075
GP,2024-06-22,2024,174,24.68,12.37,0,0.831475677994576,187.047,48.1506580339218,415.66,1436.76,56329.42,18.525
GP,2024-06-23,2024,175,16.79,14.33,71.29,0.137025150632408,36.963,9.513422946108,82.14,1632.07,56318.8,15.56
GP,2024-06-24,2024,176,25.99,13.47,8.86,0.903861571372067,141.7365,36.4697669873853,314.97,1543.53,56303.46,19.73
GP,2024-06-25,2024,177,28.85,12.61,0.75,1.25186353687494,213.8445,55.004071896122,475.21,1459.12,56283.43,20.73
GP,2024-06-26,2024,178,26.14,15.19,1.24,0.827496630887208,169.2945,43.5260061230342,376.21,1725.52,56258.71,20.665
GP,2024-06-27,2024,179,20.15,9.9,2.34,0.567010686990127,126.2025,32.4300088283153,280.45,1219.51,56229.33,15.025
GP,2024-06-28,2024,180,21.76,6.77,0,0.806794046802001,213.1605,54.7423048654902,473.69,985.8,56195.32,14.265
GP,2024-06-29,2024,181,19.91,13.94,7.62,0.363866075785282,78.786,20.219333271534,175.08,1591.04,56156.7,16.925
GP,2024-06-30,2024,182,25.21,16.04,1.45,0.688891805808896,150.588,38.61659020266,334.64,1821.51,56113.5,20.625
GP,2024-07-01,2024,183,25.59,12.38,0,0.917561272251233,198.8325,50.9449762658093,441.85,1437.53,56065.77,18.985
GP,2024-07-02,2024,184,28.16,10.96,0,1.24931751106857,223.1595,57.1247980572983,495.91,1308.63,56013.55,19.56
GP,2024-07-03,2024,185,26.45,12.22,2.7,1.0106017593046,155.187,39.6848690460333,344.86,1422.46,55956.87,19.335
GP,2024-07-04,2024,186,28.67,18.3,0.59,0.909308170336974,165.636,42.3106826810508,368.08,2101.88,55895.79,23.485
GP,2024-07-05,2024,187,26.66,17.19,3.62,0.762385404482202,119.6325,30.5235982629338,265.85,1960.47,55830.35,21.925
GP,2024-07-06,2024,188,26.17,16.6,20.42,0.749604594951062,122.1705,31.1322183303029,271.49,1887.62,55760.61,21.385
GP,2024-07-07,2024,189,26.73,16.82,0,0.793039973156737,165.753,42.1821251646102,368.34,1914.35,55686.62,21.775
GP,2024-07-08,2024,190,28.22,16.06,0,0.997182201048983,186.966,47.5137763001928,415.48,1824.71,55608.44,22.14
GP,2024-07-09,2024,191,26.23,16.85,0.35,0.739352954822132,155.988,39.5826506752824,346.64,1918.97,55526.14,21.54
GP,2024-07-10,2024,192,22.93,15.83,7.7,0.495991145552513,94.986,24.0656334498756,211.08,1797.5,55439.78,19.38
GP,2024-07-11,2024,193,21.57,17.59,7.31,0.277797309607788,55.9305,14.1474437603667,124.29,2010.9,55349.42,19.58
GP,2024-07-12,2024,194,27.15,17.86,0,0.771791183099218,154.6965,39.0633327464656,343.77,2044.29,55255.13,22.505
GP,2024-07-13,2024,195,26.32,16.93,7.14,0.744476192725538,118.8945,29.9694273228477,264.21,1927.78,55156.98,21.625
GP,2024-07-14,2024,196,29.79,15.76,0,1.1962235042884,200.4525,50.434156253592,445.45,1790.18,55055.04,22.775
GP,2024-07-15,2024,197,29.54,17.83,7.03,1.04137752521494,134.379,33.7450752990414,298.62,2040.51,54949.38,23.685
GP,2024-07-16,2024,198,26.21,18.84,1.97,0.609943807738169,130.509,32.7080626475517,290.02,2174.16,54840.09,22.525
GP,2024-07-17,2024,199,27.44,18.85,0.83,0.736743795967606,148.2795,37.0852064182143,329.51,2175.48,54727.22,23.145
GP,2024-07-18,2024,200,23.81,14.01,5.12,0.672141782158659,129.6,32.34448919664,288,1598.27,54610.87,18.91
GP,2024-07-19,2024,201,25.66,11.88,0,0.947531541648197,209.9115,52.2730796100161,466.47,1391.15,54491.11,18.77
GP,2024-07-20,2024,202,25.61,9.92,3.26,1.0282635711632,165.6585,41.1598100395534,368.13,1220.76,54368.01,17.765
GP,2024-07-21,2024,203,23.25,8.27,0,0.87693830772738,218.9655,54.2781285664761,486.59,1091.9,54241.66,15.76
GP,2024-07-22,2024,204,25.75,10.08,0,1.03552610660131,218.5875,54.0550349388338,485.75,1233.73,54112.13,17.915
GP,2024-07-23,2024,205,25.84,12.86,0,0.919015334958611,196.002,48.35101111263,435.56,1483.47,53979.5,19.35
GP,2024-07-24,2024,206,26.78,13.02,40.05,1.00570251274914,150.1965,36.9583112215192,333.77,1499.41,53843.85,19.9
GP,2024-07-25,2024,207,23.23,16.82,2.04,0.46227464066875,86.9445,21.3390567631435,193.21,1915.18,53705.27,20.025
GP,2024-07-26,2024,208,26.79,14.15,0,0.949651751009541,192.042,47.0093192604108,426.76,1613.58,53563.82,20.47
GP,2024-07-27,2024,209,27.35,11.14,0,1.15385674950224,215.667,52.6502512145421,479.26,1323.93,53419.59,19.245
GP,2024-07-28,2024,210,28.88,14.64,0,1.15185296426422,199.6875,48.6151312224375,443.75,1665.4,53272.66,21.76
GP,2024-07-29,2024,211,29.79,15.11,0,1.232861280061,198.918,48.2918425730586,442.04,1717.07,53123.11,22.45
GP,2024-07-30,2024,212,28.43,17.79,12.28,0.915045268793753,121.7745,29.4788684356097,270.61,2035.89,52971.01,23.11
GP,2024-07-31,2024,213,25.53,18.38,43.02,0.573984271493742,90.414,21.8233252882314,200.92,2112.26,52816.43,21.955
GP,2024-08-01,2024,214,30.16,19,5.77,1.03744762425661,125.4915,30.1999978343763,278.87,2196.85,52659.46,24.58
GP,2024-08-02,2024,215,29.92,17.83,3.23,1.08704760477507,133.344,31.9926627949536,296.32,2040.47,52500.17,23.875
GP,2024-08-03,2024,216,31.06,18.29,11.79,1.19825377076457,135.5355,32.4184088996604,301.19,2101.36,52338.64,24.675
GP,2024-08-04,2024,217,28.17,16.25,9.72,0.981227485150653,133.0695,31.729015743692,295.71,1846.21,52174.93,22.21
GP,2024-08-05,2024,218,23.27,12.14,4.74,0.716637343683514,132.2145,31.4249703110195,293.81,1414.86,52009.13,17.705
GP,2024-08-06,2024,219,22.96,10.3,0,0.772029505332612,190.971,45.2438362761363,424.38,1251.91,51841.29,16.63
GP,2024-08-07,2024,220,23.48,10.55,0,0.805840313977174,191.88,45.310295540484,426.4,1273.25,51671.49,17.015
GP,2024-08-08,2024,221,25.12,9.68,1.63,0.990634180703015,206.406,48.5785049076702,458.68,1201.59,51499.81,17.4
GP,2024-08-09,2024,222,19.21,15.75,108.3,0.21540954155607,47.0925,11.0460728871675,104.65,1788.39,51326.3,17.48
GP,2024-08-10,2024,223,25.23,16.42,0,0.667654309208859,139.3695,32.5790431834234,309.71,1866.95,51151.03,20.825
GP,2024-08-11,2024,224,23.75,13.82,0,0.67626699212877,155.538,36.2328103914462,345.64,1579.06,50974.07,18.785
GP,2024-08-12,2024,225,23.47,13.49,1.3,0.668265547359663,155.781,36.1622759613516,346.18,1545.79,50795.48,18.48
GP,2024-08-13,2024,226,26.98,12.6,0,1.04754932780293,192.6135,44.5538251028443,428.03,1458.05,50615.33,19.79
GP,2024-08-14,2024,227,27.48,12.83,0,1.08873785551188,192.4155,44.3482846225744,427.59,1480.8,50433.67,20.155
GP,2024-08-15,2024,228,26.88,15.46,0,0.888014753809105,163.3275,37.5073608705547,362.95,1755.49,50250.57,21.17
GP,2024-08-16,2024,229,27.2,15.44,0,0.92264099042454,165.0015,37.7526708269784,366.67,1753.26,50066.08,21.32
GP,2024-08-17,2024,230,25.82,16.4,3.56,0.725871803866686,104.949,23.9234123726325,233.22,1864.7,49880.25,21.11
GP,2024-08-18,2024,231,23.74,18.64,3.27,0.39001549575066,61.362,13.9351715955144,136.36,2147.96,49693.16,21.19
GP,2024-08-19,2024,232,18.18,12.67,28.17,0.308337572726913,71.568,16.1913381182784,159.04,1464.77,49504.84,15.425
GP,2024-08-20,2024,233,17.47,11.24,6.13,0.328683065157815,82.206,18.526860715797,182.68,1333.13,49315.35,14.355
GP,2024-08-21,2024,234,15.89,12.12,7.33,0.193309019039282,53.055,11.9108532034125,117.9,1413.24,49124.75,14.005
GP,2024-08-22,2024,235,18.43,11.07,0.12,0.398357342598389,130.6215,29.2101252531354,290.27,1317.98,48933.08,14.75
GP,2024-08-23,2024,236,24.11,8.9,0,0.928728698470783,201.1005,44.793854962614,446.89,1139.51,48740.4,16.505
GP,2024-08-24,2024,237,26.08,12.76,0,0.94816247519158,183.699,40.7552032920582,408.22,1473.27,48546.74,19.42
GP,2024-08-25,2024,238,25.28,14.87,7.36,0.761593324690024,118.4085,26.1646517897352,263.13,1689.76,48352.16,20.075
GP,2024-08-26,2024,239,27.09,13.02,0,1.03873979051334,186.516,41.0477259351852,414.48,1498.67,48156.71,20.055
GP,2024-08-27,2024,240,26.61,14.28,6.03,0.92462070398783,130.1805,28.5328473530517,289.29,1626.89,47960.42,20.445
GP,2024-08-28,2024,241,19.1,10.77,4.38,0.456143454232782,105.876,23.110455471822,235.28,1292.45,47763.35,14.935
GP,2024-08-29,2024,242,22.58,7.88,0,0.834630403628721,194.562,42.2928031492368,432.36,1063.35,47565.52,15.23
GP,2024-08-30,2024,243,24.96,8.7,0,1.01432853695499,197.001,42.6442438942443,437.78,1124.47,47366.99,16.83
GP,2024-08-31,2024,244,19.27,15.81,9.73,0.216190235117875,45.747,9.8610769433241,101.66,1795.2,47167.79,17.54
GP,2024-09-01,2024,245,24.55,11,10.24,0.881889153958253,135.729,29.1333580897788,301.62,1312.31,46967.96,17.775
GP,2024-09-02,2024,246,16.65,5.93,0,0.479992133801178,166.113,35.5029500114955,369.14,930.48,46767.55,11.29
GP,2024-09-03,2024,247,21.26,4.13,0,0.850666850303268,200.736,42.7184725695264,446.08,820.32,46566.57,12.695
GP,2024-09-04,2024,248,24.59,10.02,0,0.927625318312577,183.0105,38.7778132467436,406.69,1228.84,46365.09,17.305
GP,2024-09-05,2024,249,25.33,10.76,0,0.965987243310108,180.4815,38.0753623802196,401.07,1291.14,46163.12,18.045
GP,2024-09-06,2024,250,24.61,10.91,0,0.891537690524569,174.717,36.697628392083,388.26,1304.29,45960.7,17.76
GP,2024-09-07,2024,251,23.03,12.11,9.69,0.6976886099025,115.6635,24.1868006489466,257.03,1411.89,45757.88,17.57
GP,2024-09-08,2024,252,12.07,6.35,0.64,0.224474108457946,96.516,20.0931682008204,214.48,957.28,45554.67,9.21
GP,2024-09-09,2024,253,19.13,7.35,0,0.592271612847272,163.008,33.7841608361472,362.24,1025.53,45351.12,13.24
GP,2024-09-10,2024,254,19.16,5.35,0,0.660465806657122,175.941,36.3006630669825,390.98,893.46,45147.25,12.255
GP,2024-09-11,2024,255,23.79,5.64,0,1.01443029968686,189.153,38.850128427951,420.34,911.51,44943.1,14.715
GP,2024-09-12,2024,256,23.26,11.4,1,0.749822462695075,153.432,31.3700643462456,340.96,1347.15,44738.69,17.33
GP,2024-09-13,2024,257,27.54,11.69,0,1.14907443445904,172.485,35.1042679222515,383.3,1373.54,44534.07,19.615
GP,2024-09-14,2024,258,25.33,12.61,0,0.88139244664656,154.6875,31.3373165273437,343.75,1459.51,44329.25,18.97
GP,2024-09-15,2024,259,27.01,10.88,0,1.12873107293648,170.9775,34.4772561988372,379.95,1301.87,44124.27,18.945
GP,2024-09-16,2024,260,28.39,12.72,0,1.1942056203976,164.4345,33.0037482902981,365.41,1469.82,43919.17,20.555
GP,2024-09-17,2024,261,28.95,12.6,0,1.26398188050649,164.115,32.7857051124225,364.7,1458.04,43713.95,20.775
GP,2024-09-18,2024,262,27.46,11.25,0,1.16032546087312,162.4635,32.3033685950506,361.03,1334.04,43508.67,19.355
GP,2024-09-19,2024,263,24.84,11.56,0,0.884409611811209,145.287,28.7517544787106,322.86,1361.45,43303.34,18.2
GP,2024-09-20,2024,264,22.13,13.03,0,0.578934916320856,108.9225,21.45314250585,242.05,1499.8,43098,17.58
GP,2024-09-21,2024,265,20.24,10.9,0,0.531454166394903,111.7935,21.9137112946206,248.43,1303.63,42892.68,15.57
GP,2024-09-22,2024,266,20.23,8.85,0,0.615005156859249,130.8285,25.5222033159506,290.73,1135.85,42687.39,14.54
GP,2024-09-23,2024,267,16.52,9.42,0,0.346900895945268,90.108,17.4938881387608,200.24,1180.6,42482.18,12.97
GP,2024-09-24,2024,268,20.97,12.23,0,0.526119961679222,104.4405,20.178553165061,232.09,1423.25,42277.07,16.6
GP,2024-09-25,2024,269,14.22,11.13,17.89,0.146696348423027,32.139,6.1793478953307,71.42,1323.45,42072.09,12.675
GP,2024-09-26,2024,270,18.13,11.91,29.01,0.341079764230131,59.796,11.4409761482016,132.88,1393.13,41867.28,15.02
GP,2024-09-27,2024,271,20.81,11.03,0,0.56870847955713,115.2135,21.9364557467918,256.03,1314.38,41662.65,15.92
GP,2024-09-28,2024,272,19.46,10.68,0,0.485775573551271,106.767,20.2285245083175,237.26,1283.97,41458.25,15.07
GP,2024-09-29,2024,273,22.29,8.26,0,0.796606549077594,144.6075,27.2630242459147,321.35,1091.39,41254.09,15.275
GP,2024-09-30,2024,274,21.46,10.24,0,0.651998006666882,123.552,23.1782940911808,274.56,1247.38,41050.22,15.85
GP,2024-10-01,2024,275,20.93,8.25,0,0.689476248626136,133.5015,24.9206291375729,296.67,1090.98,40846.67,14.59
GP,2024-10-02,2024,276,17.02,9.32,1.67,0.380885420099567,92.7765,17.2323639077733,206.17,1172.9,40643.46,13.17
GP,2024-10-03,2024,277,18.96,6.58,0,0.606652964462804,131.8815,24.3735052202266,293.07,973.15,40440.63,12.77
GP,2024-10-04,2024,278,20.73,6.95,2.14,0.721327691479143,103.167,18.9712372285899,229.26,997.8,40238.21,13.84
GP,2024-10-05,2024,279,15.87,6.85,0,0.403643506710063,105.9885,19.3922512762068,235.53,991.38,40036.24,11.36
GP,2024-10-06,2024,280,14.57,6.61,7.06,0.339904436581122,72.333,13.1678470608975,160.74,974.95,39834.75,10.59
GP,2024-10-07,2024,281,15.24,7.74,2.8,0.337215432990274,68.211,12.3548080205979,151.58,1053.28,39633.77,11.49
GP,2024-10-08,2024,282,13.49,0.97,0,0.444120754431668,131.0175,23.6107173266662,291.15,655.29,39433.35,7.23
GP,2024-10-09,2024,283,11.46,2.16,1.24,0.318956512093698,107.406,19.2575936024784,238.68,713.35,39233.52,6.81
GP,2024-10-10,2024,284,12.15,5.57,0,0.253153045997486,80.2755,14.3200929670812,178.39,907.21,39034.32,8.86
GP,2024-10-11,2024,285,15.91,6.8,5.28,0.407930097748537,77.976,13.8391426304496,173.28,987.7,38835.78,11.355
GP,2024-10-12,2024,286,11.42,1.88,0,0.323866693944078,109.4535,19.3267989916852,243.23,699.6,38637.95,6.65
GP,2024-10-13,2024,287,10.24,-1.76,0,0.354850011290919,126.5625,22.2338388248438,281.25,536.69,38440.87,4.24
GP,2024-10-14,2024,288,8.16,1.74,3.92,0.195393711529351,60.417,10.5595433886033,134.26,692.37,38244.57,4.95
GP,2024-10-15,2024,289,8.74,2.74,0.79,0.191570644709426,76.6125,13.3217211002287,170.25,743.44,38049.11,5.74
GP,2024-10-16,2024,290,9.21,-0.14,0,0.279209548819696,109.314,18.9107975223594,242.92,604.53,37854.53,4.535
GP,2024-10-17,2024,291,13.77,-2.37,0,0.529688211908478,137.6865,23.6972477340554,305.97,513.06,37660.87,5.7
GP,2024-10-18,2024,292,15.45,-1.73,0,0.6071640624706,137.277,23.5058834105802,305.06,537.99,37468.18,6.86
GP,2024-10-19,2024,293,18.18,-1.12,0,0.760220120323683,137.3625,23.4001970668125,305.25,562.89,37276.5,8.53
GP,2024-10-20,2024,294,18.38,2.7,0,0.683665446400083,127.503,21.609535230189,283.34,741.8,37085.9,10.54
GP,2024-10-21,2024,295,22.71,6.4,0,0.896393391657927,123.966,20.902718989368,275.48,961.23,36896.4,14.555
GP,2024-10-22,2024,296,18.59,5.31,0,0.623114683194979,114.777,19.2545218725912,255.06,890.85,36708.08,11.95
GP,2024-10-23,2024,297,21.78,5.67,1.54,0.844783333919094,119.9925,20.0268481917532,266.65,913.43,36520.97,13.725
GP,2024-10-24,2024,298,11.36,0.5,0,0.354730166927875,101.925,16.924808290365,226.5,633.07,36335.14,5.93
GP,2024-10-25,2024,299,10.4,-0.7,0,0.339447220643194,100.989,16.6842336121272,224.42,580.47,36150.64,4.85
GP,2024-10-26,2024,300,9.07,0.83,0.58,0.251915125863044,80.2665,13.1935303344456,178.37,648.34,35967.52,4.95
GP,2024-10-27,2024,301,4.86,-6.08,0,0.237813037822597,98.829,16.1626310637858,219.62,388.08,35785.86,-0.61
GP,2024-10-28,2024,302,6.08,-7.69,0,0.298724594272528,110.043,17.9059772371419,244.54,342.67,35605.69,-0.805
GP,2024-10-29,2024,303,7.18,-4.61,2.32,0.28986236676472,74.8125,12.1122785097562,166.25,433.93,35427.09,1.285
GP,2024-10-30,2024,304,14.88,4.61,2.88,0.420181906142896,65.2725,10.5149489846423,145.05,848.35,35250.13,9.745
GP,2024-10-31,2024,305,21.87,8.23,8.35,0.763464295071266,73.5345,11.7869968169752,163.41,1089.49,35074.85,15.05
GP,2024-11-01,2024,306,7.99,0.63,14.51,0.215956205145996,50.3775,8.03516480698275,111.95,639.06,34901.33,4.31
GP,2024-11-02,2024,307,3.32,-1.03,0,0.10421023455272,42.4935,6.74433074309085,94.43,566.55,34729.63,1.145
GP,2024-11-03,2024,308,5.58,-4.63,0,0.237393600270826,87.2145,13.7745166157523,193.81,433.23,34559.82,0.475
GP,2024-11-04,2024,309,3.95,-3.92,9.97,0.176578216327974,53.424,8.3967196861296,118.72,457.17,34391.97,0.015
GP,2024-11-05,2024,310,13.01,2.36,7.83,0.386199946330224,63.396,9.915990594678,140.88,723.68,34226.15,7.685
GP,2024-11-06,2024,311,20.23,5.28,0,0.738356659990266,96.2865,14.9884673995112,213.97,889.43,34062.43,12.755
GP,2024-11-07,2024,312,9.48,-0.98,0,0.308081368766159,81.873,12.6843400394568,181.94,568.36,33900.88,4.25
GP,2024-11-08,2024,313,10.66,2.22,0.97,0.282325826123144,68.5485,10.5701115635991,152.33,716.59,33741.58,6.44
GP,2024-11-09,2024,314,5.86,-3.06,0,0.219081179292689,71.856,11.0285721466128,159.68,487.48,33584.59,1.4
GP,2024-11-10,2024,315,8.19,-5.05,4.01,0.333213747079353,67.752,10.3508185752,150.56,419.57,33430,1.57
GP,2024-11-11,2024,316,8.55,2.49,11.08,0.190910968619926,37.0845,5.6398074817302,82.41,730.37,33277.88,5.52
GP,2024-11-12,2024,317,3.76,-1.53,0,0.126819284323018,44.757,6.7760476319619,99.46,545.94,33128.31,1.115
GP,2024-11-13,2024,318,3.27,-5.78,0,0.187947205594798,70.011,10.5523950369672,155.58,396.89,32981.36,-1.255
GP,2024-11-14,2024,319,4.72,-6.39,0,0.2382918596941,78.768,11.8203702054912,175.04,378.86,32837.12,-0.835
GP,2024-11-15,2024,320,11.4,-6.1,0,0.479619469337251,93.987,14.0434548784335,208.86,387.28,32695.65,2.65
GP,2024-11-16,2024,321,11.74,0.79,0,0.365092101029024,73.6965,10.9649867034353,163.77,646.47,32557.05,6.265
GP,2024-11-17,2024,322,8.39,-2.11,0,0.288853240845421,72.711,10.7732766925926,161.58,522.96,32421.38,3.14
GP,2024-11-18,2024,323,7.17,-0.16,0.49,0.204463914971195,55.9935,8.26237264487535,124.43,603.67,32288.73,3.505
GP,2024-11-19,2024,324,7.67,2.54,0,0.15695486078986,40.977,6.0222853051902,91.06,733.37,32159.18,5.105
GP,2024-11-20,2024,325,7.74,1.76,0,0.179672497682183,47.9205,7.01507920123485,106.49,693.34,32032.81,4.75
GP,2024-11-21,2024,326,6.63,4.35,1.94,0.0707478848124374,20.502,2.9897509622166,45.56,833.49,31909.69,5.49
GP,2024-11-22,2024,327,6.2,3.49,4.91,0.0811411233599523,18.1305,2.6339961935115,40.29,784.46,31789.9,4.845
GP,2024-11-23,2024,328,4.84,1.66,2.28,0.0867956453741919,21.357,3.0913837215597,47.46,688.42,31673.53,3.25
GP,2024-11-24,2024,329,2.86,-0.21,2.66,0.0742183181199961,21.1005,3.0433699493424,46.89,601.6,31560.64,1.325
GP,2024-11-25,2024,330,3.09,-0.83,0,0.0937295122980789,35.3475,5.080585689009,78.55,574.96,31451.32,1.13
GP,2024-11-26,2024,331,0.44,-2.96,7.47,0.0700135987513067,23.6925,3.393940550949,52.65,491.15,31345.64,-1.26
GP,2024-11-27,2024,332,2.1,-1.85,0.83,0.0889888586894421,36.864,5.2635752792064,81.92,533.11,31243.68,0.125
GP,2024-11-28,2024,333,1.5,-2.21,3.01,0.0809384598508073,26.5005,3.77194815604035,58.89,519.26,31145.51,-0.355
GP,2024-11-29,2024,334,1.61,-2.72,0,0.0931638937619023,40.995,5.8173519506085,91.1,500.1,31051.19,-0.555
GP,2024-11-30,2024,335,-0.09,-4.27,0,0.0810675229721218,40.806,5.773675869936,90.68,445.3,30960.8,-2.18
GP,2024-12-01,2024,336,-0.51,-6.41,2.17,0.105630348529634,45.3825,6.40329165704025,100.85,378.23,30874.41,-3.46
GP,2024-12-02,2024,337,-1.65,-9.9,1.79,0.127160603063187,75.465,10.619420129604,167.7,288.16,30792.08,-5.775
GP,2024-12-03,2024,338,-1.7,-8.78,0,0.112806422864188,68.409,9.6020535833244,152.02,314.79,30713.88,-5.24
GP,2024-12-04,2024,339,-2.01,-10.09,8.35,0.12213787091278,55.8225,7.8164986827645,124.05,283.95,30639.86,-6.05
GP,2024-12-05,2024,340,-0.59,-4.73,4.98,0.0779845354594448,33.444,4.672305959508,74.32,429.96,30570.1,-2.66
GP,2024-12-06,2024,341,-6.1,-12.7,0,0.0794001442731985,67.0455,9.34655563993905,148.99,230.24,30504.63,-9.4
GP,2024-12-07,2024,342,-8,-17.87,5.53,0.0931640620094518,62.5725,8.705517099264,139.05,149.92,30443.52,-12.935
GP,2024-12-08,2024,343,-4.14,-13.5,3.73,0.117581271221086,60.6195,8.41809185559315,134.71,215.83,30386.81,-8.82
GP,2024-12-09,2024,344,-6.18,-14.67,2,0.0953260439220598,57.96,8.03493066726,128.8,196,30334.55,-10.425
GP,2024-12-10,2024,345,0.01,-7.85,3.91,0.136744403594977,55.278,7.651065347928,122.84,338.57,30286.8,-3.92
GP,2024-12-11,2024,346,2.31,-1.61,21.37,0.0894550727955586,32.148,4.4432752178052,71.44,542.75,30243.57,0.35
GP,2024-12-12,2024,347,0.55,-8.19,1.9,0.153420063804665,76.9365,10.6200439820406,170.97,329.66,30204.92,-3.82
GP,2024-12-13,2024,348,-6.97,-16.15,0,0.0953808208273366,79.8255,11.0064135071808,177.39,173.28,30170.88,-11.56
GP,2024-12-14,2024,349,-8.12,-18.6,0,0.0961651535165827,83.8485,11.5498389061382,186.33,140.84,30141.47,-13.36
GP,2024-12-15,2024,350,-7.27,-20.29,0,0.116944484243829,88.3665,12.1621827601116,196.37,121.79,30116.72,-13.78
GP,2024-12-16,2024,351,1.56,-13.44,7.64,0.233920442459379,66.744,9.1800856409328,148.32,216.76,30096.66,-5.94
GP,2024-12-17,2024,352,5.74,-0.81,6.25,0.171237147657802,47.7045,6.55800894753885,106.01,575.5,30081.29,2.465
GP,2024-12-18,2024,353,2,-0.42,2.94,0.05688161918032,20.736,2.8495996950528,46.08,592.14,30070.64,0.79
GP,2024-12-19,2024,354,-1.73,-13.51,0.23,0.161931919989045,85.5045,11.7479527426111,190.01,215.53,30064.71,-7.62
GP,2024-12-20,2024,355,-8.68,-16.39,0.58,0.0746242984182946,72.864,10.01079916848,161.92,169.8,30063.5,-12.535
GP,2024-12-21,2024,356,-10.85,-16.11,0,0.0475475852440609,55.6515,7.64686821260565,123.67,173.92,30067.03,-13.48
GP,2024-12-22,2024,357,-9.92,-20.09,0,0.0827300190732308,81.837,11.2480070503752,181.86,123.97,30075.28,-15.005
GP,2024-12-23,2024,358,-11.14,-21.22,6.76,0.0752656158458979,61.1145,8.40344558063625,135.81,112.32,30088.25,-16.18
GP,2024-12-24,2024,359,-5.74,-14.71,2.95,0.102260003510126,57.2625,7.87840953197625,127.25,195.32,30105.93,-10.225
GP,2024-12-25,2024,360,-6.76,-19.22,0,0.118205851761465,86.5395,11.9153062415745,192.31,133.53,30128.3,-12.99
GP,2024-12-26,2024,361,-9.75,-19.85,0,0.0834578445755674,80.037,11.0298912704406,177.86,126.49,30155.34,-14.8
GP,2024-12-27,2024,362,-9.59,-18.77,0,0.0791487432857463,75.906,10.4715915152526,168.68,138.82,30187.03,-14.18
GP,2024-12-28,2024,363,-1.54,-12.94,0.7,0.160570014846865,82.3995,11.3810736367881,183.11,225.8,30223.34,-7.24
GP,2024-12-29,2024,364,4.01,-2.32,5.38,0.149190629693424,41.9895,5.8074659960436,93.31,515.2,30264.24,0.845
GP,2024-12-30,2024,365,6.55,2,9.82,0.132595558021191,31.149,4.3146125595117,69.22,705.25,30309.69,4.275
