site_id,date,year,yday,tmax_c,tmin_c,prcp_mm_day,vpd_kpa,par_w_m2,par_mol_m2_day,srad_w_m2,vp_Pa,dayl_s,temp
PIK,2010-01-01,2010,1,-0.94,-6.09,1.65,0.0916896920714904,64.602,9.3265347559068,143.56,387.77,31590.62,-3.515
PIK,2010-01-02,2010,2,-14.62,-19.39,2.08,0.0335201261972051,46.7685,6.7623023688822,103.93,131.62,31639.16,-17.005
PIK,2010-01-03,2010,3,-12.73,-18.65,2.64,0.0456593294091815,56.1465,8.13174478613325,124.77,140.25,31691.65,-15.69
PIK,2010-01-04,2010,4,-9.03,-14.69,0,0.0573377264416597,72.738,10.5534603985662,161.64,195.7,31748.07,-11.86
PIK,2010-01-05,2010,5,-7.08,-13.7,3.09,0.0744203079352828,61.317,8.9132941680615,136.26,212.18,31808.35,-10.39
PIK,2010-01-06,2010,6,-4.98,-12.33,0,0.0930564512535287,88.4745,12.8869468708586,196.61,237.31,31872.47,-8.655
PIK,2010-01-07,2010,7,-4.4,-9.63,0,0.0739037595743279,68.8185,10.0452637725017,152.93,294.44,31940.37,-7.015
PIK,2010-01-08,2010,8,-9,-13.14,1.95,0.0445138462205571,57.0375,8.34428932988625,126.75,222.14,32011.99,-11.07
PIK,2010-01-09,2010,9,-9.11,-17.89,0,0.0793869361000533,101.0205,14.8135365430637,224.49,149.68,32087.29,-13.5
PIK,2010-01-10,2010,10,-3.64,-19.73,0,0.170139888315678,119.7945,17.6097466249803,266.21,127.89,32166.22,-11.685
PIK,2010-01-11,2010,11,-5.31,-9.8,2.12,0.0612559542469201,46.512,6.854778512208,103.36,290.47,32248.7,-7.555
PIK,2010-01-12,2010,12,-6.12,-11.08,0,0.0629960069511817,68.58,10.13403772782,152.4,262.38,32334.7,-8.6
PIK,2010-01-13,2010,13,-0.08,-10.24,0,0.163957279808174,109.8225,16.2733135262355,244.05,280.44,32424.14,-5.16
PIK,2010-01-14,2010,14,2.69,-8.66,0,0.212022425073611,114.5025,17.0153638134322,254.45,317.73,32516.97,-2.985
PIK,2010-01-15,2010,15,2.67,0.24,0,0.0591196962694639,35.5455,5.2977709323072,78.99,621.66,32613.12,1.455
PIK,2010-01-16,2010,16,1.71,-1.94,0,0.0809102697232617,52.5285,7.85281440371985,116.73,529.67,32712.53,-0.115
PIK,2010-01-17,2010,17,1.68,-4.29,0,0.122840240499988,81.6885,12.2504314069773,181.53,444.47,32815.14,-1.305
PIK,2010-01-18,2010,18,0.81,-3.39,0,0.0865405643173541,61.227,9.2115027112293,136.06,475.41,32920.87,-1.29
PIK,2010-01-19,2010,19,1.35,-4.21,1.7,0.113428690894099,78.597,11.8638670946814,174.66,447.17,33029.66,-1.43
PIK,2010-01-20,2010,20,-3.73,-8.34,0,0.0694973710868562,68.5035,10.3752953127428,152.23,325.89,33141.45,-6.035
PIK,2010-01-21,2010,21,0.34,-12.81,0,0.199375826547086,126.9225,19.2897700022903,282.05,228.28,33256.17,-6.235
PIK,2010-01-22,2010,22,2.15,-8.07,0,0.190508246833066,118.557,18.0820755538326,263.46,332.77,33373.74,-2.96
PIK,2010-01-23,2010,23,0.92,-10.29,0,0.187123128412516,124.0695,18.9910748165715,275.71,279.48,33494.1,-4.685
PIK,2010-01-24,2010,24,5.77,-2.88,13.55,0.213076564910671,82.1385,12.6189836129246,182.53,493.9,33617.19,1.445
PIK,2010-01-25,2010,25,6.56,0.71,5.91,0.164060160116451,63.4725,9.78778892862225,141.05,642.95,33742.93,3.635
PIK,2010-01-26,2010,26,0.51,-2.29,1,0.0590458295528455,45.2295,7.00114723756875,100.51,516.23,33871.25,-0.89
PIK,2010-01-27,2010,27,-3.55,-5.98,0,0.0401373360509362,40.7205,6.3275383627848,90.49,390.93,34002.08,-4.765
PIK,2010-01-28,2010,28,-5.87,-12.91,1.41,0.084737121855935,104.634,16.3227570101568,232.52,226.39,34135.36,-9.39
PIK,2010-01-29,2010,29,-12.05,-20.62,0,0.0630874055669835,119.9925,18.7930527287895,266.65,118.33,34271.02,-16.335
PIK,2010-01-30,2010,30,-9.16,-22.81,0,0.104765376303539,141.84,22.304210117112,315.2,97.63,34408.99,-15.985
PIK,2010-01-31,2010,31,-4.93,-15,0.92,0.117137305637531,130.275,20.5691053806675,289.5,190.76,34549.21,-9.965
PIK,2010-02-01,2010,32,-3.84,-15.24,0,0.137137246567987,136.656,21.665525873472,303.68,187,34691.6,-9.54
PIK,2010-02-02,2010,33,-1.71,-12.31,1.82,0.15114203489762,133.326,21.225629459502,296.28,237.75,34836.1,-7.01
PIK,2010-02-03,2010,34,-0.91,-8.53,0,0.125808272954699,112.4055,17.9703471491078,249.79,320.98,34982.65,-4.72
PIK,2010-02-04,2010,35,-0.62,-14.8,0,0.195490702225777,147.708,23.7144444529608,328.24,193.93,35131.18,-7.71
PIK,2010-02-05,2010,36,-1.98,-8.01,0,0.0976326204851064,95.4135,15.3841911843028,212.03,334.2,35281.63,-4.995
PIK,2010-02-06,2010,37,-6.89,-13.96,0,0.0791530288413313,109.6965,17.7634899272596,243.77,207.86,35433.93,-10.425
PIK,2010-02-07,2010,38,-4.73,-14.83,0,0.119123751185228,136.0215,22.1221691074877,302.27,193.35,35588.03,-9.78
PIK,2010-02-08,2010,39,-3.65,-12.85,0,0.120287263736334,130.6845,21.3472399178169,290.41,227.4,35743.86,-8.25
PIK,2010-02-09,2010,40,-5.07,-13.5,1.58,0.102459667214172,127.8585,20.9776437516492,284.13,215.72,35901.36,-9.285
PIK,2010-02-10,2010,41,-2.43,-7.88,1.1,0.087289766335155,92.8665,15.3040600422554,206.37,337.6,36060.47,-5.155
PIK,2010-02-11,2010,42,-3.65,-12.57,0,0.11765854646068,133.7895,22.1462575198371,297.31,232.64,36221.14,-8.11
PIK,2010-02-12,2010,43,-2.72,-14.67,0,0.152657640187124,154.2465,25.6468318924315,342.77,196.03,36383.31,-8.695
PIK,2010-02-13,2010,44,-3.66,-14.61,1.25,0.135368604658054,151.4205,25.2901647523602,336.49,196.89,36546.92,-9.135
PIK,2010-02-14,2010,45,-1.3,-6.84,0,0.0952080046853422,96.1605,16.1331811850412,213.69,366,36711.92,-4.07
PIK,2010-02-15,2010,46,-2.56,-5.12,0,0.0446700448439167,48.1905,8.1217207735821,107.09,417.59,36878.26,-3.84
PIK,2010-02-16,2010,47,-0.44,-5.86,0,0.0988986322682213,96.5565,16.3469793282134,214.57,394.59,37045.87,-3.15
PIK,2010-02-17,2010,48,-0.69,-6.27,2.26,0.0997134930233715,74.7405,12.7112117853312,166.09,382.35,37214.72,-3.48
PIK,2010-02-18,2010,49,-0.43,-4.12,0,0.0712352035621049,69.723,11.9120565438225,154.94,450.25,37384.75,-2.275
PIK,2010-02-19,2010,50,1.91,-3.36,0,0.112518746670959,96.813,16.6160644387731,215.14,476.55,37555.91,-0.725
PIK,2010-02-20,2010,51,2.65,-5.37,0,0.164943631341892,137.232,23.661218327256,304.96,409.61,37728.15,-1.36
PIK,2010-02-21,2010,52,1.31,-8.46,0,0.174748147596153,156.231,27.0606988782081,347.18,322.77,37901.43,-3.575
PIK,2010-02-22,2010,53,0.16,-9.37,9.08,0.159184115355705,117.6165,20.4659653254845,261.37,300.52,38075.69,-4.605
PIK,2010-02-23,2010,54,0,-3.34,1.91,0.0669521538569289,69.8265,12.2061371537156,155.17,477.47,38250.91,-1.67
PIK,2010-02-24,2010,55,1.24,-5.91,2.04,0.137867079241991,101.1015,17.7545841867621,224.67,393.07,38427.02,-2.335
PIK,2010-02-25,2010,56,-5.36,-8.25,8.64,0.0415823415581724,47.4615,8.37317111922,105.47,328.14,38604,-6.805
PIK,2010-02-26,2010,57,0.98,-9.32,6.99,0.177419252020693,127.8315,22.6559321549195,284.07,301.72,38781.79,-4.17
PIK,2010-02-27,2010,58,2.51,-2.92,6.05,0.119712452246252,83.268,14.8257712421136,185.04,492.6,38960.36,-0.205
PIK,2010-02-28,2010,59,3.69,-1.46,0,0.123254261947437,107.8695,19.2944282834709,239.71,548.95,39139.66,1.115
PIK,2010-03-01,2010,60,3.04,-1.79,0,0.112102344640521,105.5025,18.9578383226798,234.45,535.7,39319.67,0.625
PIK,2010-03-02,2010,61,3.21,-5.01,0,0.17409362977389,160.947,29.0535904291707,357.66,421.07,39500.33,-0.9
PIK,2010-03-03,2010,62,3.87,-6.01,0,0.208016456187549,179.28,32.511524016456,398.4,390.03,39681.61,-1.07
PIK,2010-03-04,2010,63,3.13,-6.64,0,0.196848361901241,180.756,32.9294237823216,401.68,371.55,39863.48,-1.755
PIK,2010-03-05,2010,64,3.42,-7.68,0,0.218987439885532,191.358,35.020382228154,425.24,342.99,40045.9,-2.13
PIK,2010-03-06,2010,65,6.51,-7.62,0,0.311809981765245,205.317,37.7466678722196,456.26,344.64,40228.84,-0.555
PIK,2010-03-07,2010,66,10.38,-3.01,0,0.402645842615507,201.708,37.25223674211,448.24,471.02,40412.25,3.685
PIK,2010-03-08,2010,67,11.43,-1.78,0,0.43702195068775,201.0375,37.297335108465,446.75,505.39,40596.12,4.825
PIK,2010-03-09,2010,68,11.26,-3.33,0,0.459155963410415,207.5715,38.684359009602,461.27,446.62,40780.4,3.965
PIK,2010-03-10,2010,69,9.83,-3.45,0,0.392933017383145,204.336,38.2538088057312,454.08,450.14,40965.06,3.19
PIK,2010-03-11,2010,70,12.31,1.99,0,0.39715696704495,183.807,34.5659844883392,408.46,669.78,41150.08,7.15
PIK,2010-03-12,2010,71,7.61,3.5,6.98,0.129268300670209,69.1515,13.0629136130906,153.67,784.68,41335.41,5.555
PIK,2010-03-13,2010,72,6.69,3.13,26.53,0.107216771712838,61.911,11.7476807916681,137.58,764.79,41521.03,4.91
PIK,2010-03-14,2010,73,4.37,1.16,3.52,0.0851472634258845,58.7655,11.2007409931782,130.59,664.03,41706.92,2.765
PIK,2010-03-15,2010,74,13.52,1.72,0,0.448506295383283,201.9555,38.6646121381541,448.79,670.52,41893.03,7.62
PIK,2010-03-16,2010,75,14.71,-2.48,0,0.622200856290544,221.328,42.5619462672864,491.84,467.76,42079.34,6.115
PIK,2010-03-17,2010,76,16.05,-0.9,0,0.683642370869383,220.3695,42.5654261256393,489.71,512.67,42265.82,7.575
PIK,2010-03-18,2010,77,17.64,2.44,0,0.724086582329267,213.93,41.504066512245,475.4,646.66,42452.45,10.04
PIK,2010-03-19,2010,78,17.25,0.98,0,0.730028643576076,217.9035,42.4609153334141,484.23,580.15,42639.19,9.115
PIK,2010-03-20,2010,79,3.72,-0.15,0,0.0967323946510789,84.8295,16.6023941998981,188.51,603.87,42826.01,1.785
PIK,2010-03-21,2010,80,4.31,-2.39,0,0.159451998494732,139.608,27.4425920103384,310.24,512.25,43012.89,0.96
PIK,2010-03-22,2010,81,8.39,-3.19,12.65,0.309082990702225,149.31,29.47724097066,331.8,482.59,43199.8,2.6
PIK,2010-03-23,2010,82,4.11,1.01,5.97,0.0809285103425779,47.709,9.459607841271,106.02,657.16,43386.7,2.56
PIK,2010-03-24,2010,83,13.54,-3.1,0,0.53756806507012,204.588,40.7398663436328,454.64,479.98,43573.58,5.22
PIK,2010-03-25,2010,84,8.21,-1.9,0,0.277925330486504,168.462,33.6898854856494,374.36,531.3,43760.41,3.155
PIK,2010-03-26,2010,85,-0.3,-8.87,0,0.143044000507847,154.89,31.107864391722,344.2,312.53,43947.14,-4.585
PIK,2010-03-27,2010,86,4.11,-8.9,0,0.253953654980725,193.941,39.1162180181949,430.98,311.87,44133.77,-2.395
PIK,2010-03-28,2010,87,7.57,-0.93,9.01,0.235046289727106,112.3065,22.7469563557763,249.57,570.64,44320.25,3.32
PIK,2010-03-29,2010,88,8.18,1.25,0,0.207956705336783,127.5525,25.9435439135572,283.45,668.6,44506.57,4.715
PIK,2010-03-30,2010,89,12.04,-3.22,0,0.461431676255507,204.363,41.7402328441788,454.14,481.55,44692.68,4.41
PIK,2010-03-31,2010,90,15.65,-2.81,0,0.65403941240877,213.543,43.7966056850256,474.54,481.76,44878.56,6.42
PIK,2010-04-01,2010,91,20,3.57,0,0.81654469218828,203.0625,41.8193618842125,451.25,744.43,45064.18,11.785
PIK,2010-04-02,2010,92,23.48,7.42,0,1.0082292738331,198.324,41.0114807264736,440.72,949.84,45249.52,15.45
PIK,2010-04-03,2010,93,23.4,9.34,0,0.924141677362415,186.309,38.6844186534489,414.02,1098.53,45434.53,16.37
PIK,2010-04-04,2010,94,18.14,4.97,0.65,0.635643626281633,185.436,38.659649808384,412.08,838.19,45619.2,11.555
PIK,2010-04-05,2010,95,22.99,8.33,2.65,0.852141679657046,143.064,29.9464288166304,317.92,1096.72,45803.48,15.66
PIK,2010-04-06,2010,96,13.27,7.53,3,0.241403262880536,75.4065,15.8475916964547,167.57,1038.18,45987.34,10.4
PIK,2010-04-07,2010,97,15.32,7.54,12.74,0.348698906001925,99.747,21.0466542255804,221.66,1039.12,46170.76,11.43
PIK,2010-04-08,2010,98,11.63,5.89,7.74,0.218876388454094,79.47,16.83463942323,176.6,927.82,46353.7,8.76
PIK,2010-04-09,2010,99,3.51,0.35,0,0.0793424683788925,65.367,13.9016043611028,145.26,626.56,46536.12,1.93
PIK,2010-04-10,2010,100,11.99,-2.01,0,0.436242224814992,208.647,44.5463878600521,463.66,527.05,46717.99,4.99
PIK,2010-04-11,2010,101,15.96,2.36,0,0.548601567143448,201.7395,43.2387684498492,448.31,718.29,46899.28,9.16
PIK,2010-04-12,2010,102,12.88,0.3,0,0.42984693890676,194.5665,41.8620186972657,432.37,623.99,47079.94,6.59
PIK,2010-04-13,2010,103,14.54,0.33,0,0.51716154079321,204.372,44.1398406515976,454.16,621.83,47259.94,7.435
PIK,2010-04-14,2010,104,17.07,-1.18,0,0.720499806767173,224.253,48.6174611752425,498.34,530.98,47439.25,7.945
PIK,2010-04-15,2010,105,19.5,3.37,0,0.788945907600922,213.5385,46.4688470022399,474.53,730.88,47617.82,11.435
PIK,2010-04-16,2010,106,19.49,6.83,0,0.661432706238579,189.972,41.4948122367444,422.16,963.49,47795.61,13.16
PIK,2010-04-17,2010,107,8.04,1.06,1.28,0.207493887579465,129.663,28.4266336128669,288.14,659.4,47972.59,4.55
PIK,2010-04-18,2010,108,13.92,2.23,0,0.435001325509518,190.6335,41.9469199825774,423.63,717.2,48148.71,8.075
PIK,2010-04-19,2010,109,16.19,1.79,0,0.594407307616995,210.123,46.4036293826712,466.94,671.45,48323.92,8.99
PIK,2010-04-20,2010,110,18.31,0.7,0,0.777816630729891,225.7785,50.0408080604816,501.73,593.62,48498.19,9.505
PIK,2010-04-21,2010,111,18.71,0.53,0,0.812193549731589,227.754,50.6590074411966,506.12,581.96,48671.47,9.62
PIK,2010-04-22,2010,112,11.87,1.97,0,0.342333222277342,163.692,36.5386407990768,363.76,703.71,48843.72,6.92
PIK,2010-04-23,2010,113,14.74,-1.71,0,0.592058577765889,222.156,49.7625000434496,493.68,514.41,49014.88,6.515
PIK,2010-04-24,2010,114,17.79,0.95,0,0.736296498120565,221.7375,49.8410551437413,492.75,607.22,49184.91,9.37
PIK,2010-04-25,2010,115,13.63,7.01,0,0.277467459093617,114.3945,25.8013000513224,254.21,1002.04,49353.76,10.32
PIK,2010-04-26,2010,116,18.81,6.05,0,0.69560813802882,192.33,43.526722860378,427.4,856.57,49521.38,12.43
PIK,2010-04-27,2010,117,10.18,1.81,0,0.272429984345963,144.7335,32.8650461210525,321.63,695.98,49687.71,5.995
PIK,2010-04-28,2010,118,12.33,2.94,0,0.338436281634132,157.77,35.944254809208,350.6,754.06,49852.72,7.635
PIK,2010-04-29,2010,119,18.58,2.1,0,0.817685660420718,222.9705,50.9653991147711,495.49,605.59,50016.33,10.34
PIK,2010-04-30,2010,120,20.85,8.73,0,0.782400134360286,186.9795,42.8773433422275,415.51,1009.99,50178.5,14.79
PIK,2010-05-01,2010,121,21.76,11.25,3.63,0.631885673557574,125.658,28.9076295096108,279.24,1334.41,50339.18,16.505
PIK,2010-05-02,2010,122,23.6,13.21,8.54,0.69416824492121,124.3215,28.690565842274,276.27,1517.28,50498.29,18.405
PIK,2010-05-03,2010,123,23.62,13.02,1.4,0.802499036350205,171.3555,39.668285211633,380.79,1401.36,50655.8,18.32
PIK,2010-05-04,2010,124,19.69,10.49,1.03,0.533954349562494,158.6115,36.8310414524747,352.47,1243.96,50811.63,15.09
PIK,2010-05-05,2010,125,24.68,7.79,10.04,1.08315725877499,168.903,39.3397696524483,375.34,995.87,50965.73,16.235
PIK,2010-05-06,2010,126,13.47,8.3,0,0.223216635734681,98.0505,22.9055226712614,217.89,1094.24,51118.04,10.885
PIK,2010-05-07,2010,127,13.5,3.14,27.59,0.389695748531011,134.5455,31.5236069193182,298.99,765.05,51268.49,8.32
PIK,2010-05-08,2010,128,11.06,2.98,6.33,0.279794059722891,111.2175,26.1334240504942,247.15,756.24,51417.03,7.02
PIK,2010-05-09,2010,129,8.05,-0.77,0,0.248930395025721,160.074,37.7207274674844,355.72,577.39,51563.58,3.64
PIK,2010-05-10,2010,130,13.04,-1.12,0,0.468168021113377,217.908,51.4929615940404,484.24,562.82,51708.09,5.96
PIK,2010-05-11,2010,131,10.26,-0.48,2.71,0.329044699472157,139.581,33.0746522493816,310.18,589.71,51850.48,4.89
PIK,2010-05-12,2010,132,14.17,4.27,0,0.392156631370805,173.826,41.300622861174,386.28,828.57,51990.7,9.22
PIK,2010-05-13,2010,133,13.09,1.11,10.65,0.421259730000426,150.4575,35.843199480927,334.35,661.6,52128.68,7.1
PIK,2010-05-14,2010,134,20.35,6.36,0,0.730626171428493,214.6905,51.2784038005389,477.09,940.43,52264.34,13.355
PIK,2010-05-15,2010,135,14.62,6.68,0,0.340108208872014,149.8545,35.883734346896,333.01,979.77,52397.63,10.65
PIK,2010-05-16,2010,136,20.07,4.98,0,0.766459504617168,225.513,54.1355475478527,501.14,840.5,52528.47,12.525
PIK,2010-05-17,2010,137,20.54,3.86,0,0.842552914373652,233.4375,56.1747678975,518.75,766.13,52656.8,12.2
PIK,2010-05-18,2010,138,22.18,9.55,0,0.754095162986614,199.6425,48.1570067657115,443.65,1174.53,52782.54,15.865
PIK,2010-05-19,2010,139,23.69,5.61,0,1.07961145897564,237.564,57.4379219999124,527.92,836.56,52905.63,14.65
PIK,2010-05-20,2010,140,27.8,9.22,0,1.40036635462884,235.3185,57.02445442917,522.93,1046.25,53026,18.51
PIK,2010-05-21,2010,141,23.67,9.75,0,0.909526294919617,210.897,51.2197446720582,468.66,1153.08,53143.58,16.71
PIK,2010-05-22,2010,142,22.39,14.39,0,0.530126385822982,140.3505,34.1599686860655,311.89,1639.02,53258.3,18.39
PIK,2010-05-23,2010,143,24.22,13.58,0,0.730161571671673,177.1965,43.2184587077704,393.77,1554.97,53370.09,18.9
PIK,2010-05-24,2010,144,27.3,12.67,0,1.21134892513869,215.523,52.673513648679,478.94,1331.29,53478.9,19.985
PIK,2010-05-25,2010,145,29.24,13.99,0,1.39562640757056,215.523,52.7776612159104,478.94,1429.19,53584.64,21.615
PIK,2010-05-26,2010,146,30.34,15.6,0,1.45876532182462,209.3985,51.3760753594012,465.33,1585.7,53687.25,22.97
PIK,2010-05-27,2010,147,30.12,15.68,0,1.45061827565421,206.424,50.7400587925488,458.72,1571.3,53786.66,22.9
PIK,2010-05-28,2010,148,26.31,15.77,0,0.896348705560855,169.8345,41.8208093953353,377.41,1706.37,53882.82,21.04
PIK,2010-05-29,2010,149,25.06,14.64,0,0.851874324509757,172.53,42.557762232486,383.4,1566.14,53975.66,19.85
PIK,2010-05-30,2010,150,28.66,11.66,0,1.52640847609563,229.3695,56.6720547240227,509.71,1118.71,54065.11,20.16
PIK,2010-05-31,2010,151,28.11,14.37,7.07,1.1219246627826,150.705,37.2950526587535,334.9,1594.08,54151.11,21.24
PIK,2010-06-01,2010,152,25.93,16.33,0,0.781804091177086,157.473,39.0293047526121,349.94,1815.48,54233.61,21.13
PIK,2010-06-02,2010,153,26.12,11.59,32.93,1.0300871143042,157.851,39.1799295945378,350.78,1340.84,54312.54,18.855
PIK,2010-06-03,2010,154,20.35,15.27,7,0.324289519986071,68.8365,17.1094824109192,152.97,1733.84,54387.85,17.81
PIK,2010-06-04,2010,155,22.98,11.23,4.27,0.733242822531487,142.731,35.5228661022516,317.18,1332.29,54459.48,17.105
PIK,2010-06-05,2010,156,24.44,14.83,11.52,0.684539025528813,119.8485,29.8650683648966,266.33,1686.04,54527.39,19.635
PIK,2010-06-06,2010,157,18.79,10.14,9.81,0.462393816827031,115.371,28.7831263479597,256.38,1238.52,54591.51,14.465
PIK,2010-06-07,2010,158,17.61,8.8,0,0.438480860620603,157.2705,39.2796869046448,349.49,1131.91,54651.81,13.205
PIK,2010-06-08,2010,159,19.75,6.46,0,0.666164993636256,208.6965,52.1775916784312,463.77,964.74,54708.23,13.105
PIK,2010-06-09,2010,160,13.74,11.27,4.22,0.11571754026316,39.429,9.8673649618869,87.62,1335.79,54760.73,12.505
PIK,2010-06-10,2010,161,20.24,11.99,0,0.482535567882282,148.9455,37.3076319570768,330.99,1401.21,54809.28,16.115
PIK,2010-06-11,2010,162,23.49,10.72,12.72,0.799018069772533,151.47,37.970803009557,336.6,1288.18,54853.83,17.105
PIK,2010-06-12,2010,163,18.71,14.36,8.73,0.258072226853063,62.8065,15.7560895092668,139.57,1635.25,54894.35,16.535
PIK,2010-06-13,2010,164,23.13,15.41,0,0.537174542147634,140.3955,35.244009690498,311.99,1749.5,54930.8,19.27
PIK,2010-06-14,2010,165,24.75,14.29,0,0.742220555938926,177.264,44.5254624456768,393.92,1628.13,54963.16,19.52
PIK,2010-06-15,2010,166,23.31,9.88,0,0.839022657500128,212.8905,53.5016698816649,473.09,1197.51,54991.41,16.595
PIK,2010-06-16,2010,167,24.9,13.78,16.87,0.782708067914061,140.4675,35.3164625597273,312.15,1575.22,55015.51,19.34
PIK,2010-06-17,2010,168,24.32,12.28,0,0.803030820586177,199.062,50.066483037903,442.36,1427.92,55035.45,18.3
PIK,2010-06-18,2010,169,25.21,10.11,0,1.00648640925666,225.7335,56.790943568285,501.63,1211.82,55051.21,17.66
PIK,2010-06-19,2010,170,28.28,16.02,6.92,1.00625566297176,147.5145,37.1200921636167,327.81,1820,55062.78,22.15
PIK,2010-06-20,2010,171,25.74,15.97,0,0.74417339850598,173.2095,43.5917441948364,384.91,1813.38,55070.16,20.855
PIK,2010-06-21,2010,172,25.68,14.02,0,0.845323265777573,195.5385,49.2141215294874,434.53,1599.59,55073.32,19.85
PIK,2010-06-22,2010,173,22.9,16.07,18.54,0.479729184024427,98.5365,24.7996978122654,218.97,1825.09,55072.28,19.485
PIK,2010-06-23,2010,174,28.01,16.88,12.25,0.925708073926752,140.364,35.3234886970644,311.92,1921.71,55067.03,22.445
PIK,2010-06-24,2010,175,24.76,18.01,16.1,0.524860087658457,98.2305,24.7160801185745,218.29,2064.04,55057.57,21.385
PIK,2010-06-25,2010,176,24.38,13.02,0,0.773181578105141,200.1015,50.3356752775116,444.67,1498.66,55043.92,18.7
PIK,2010-06-26,2010,177,21.23,14.22,9.35,0.44715945238857,108.0495,27.1711247073494,240.11,1620.65,55026.09,17.725
PIK,2010-06-27,2010,178,23.35,15.82,27.62,0.532578888720226,113.4225,28.510860205566,252.05,1796.24,55004.08,19.585
PIK,2010-06-28,2010,179,28.32,17.34,3.41,0.931539272289219,143.3205,36.009152383702,318.49,1978.62,54977.93,22.83
PIK,2010-06-29,2010,180,19.26,12.12,0,0.406748941121684,152.9775,38.414289373317,339.95,1413.17,54947.64,15.69
PIK,2010-06-30,2010,181,18.68,7.97,0,0.539029813942556,207.981,52.1935612977708,462.18,1070.27,54913.24,13.325
PIK,2010-07-01,2010,182,20.47,8.69,0,0.638663017318534,216.315,54.2469779375535,480.7,1123.76,54874.77,14.58
PIK,2010-07-02,2010,183,24.27,8.22,0,0.968359490772175,240.4395,60.2501431966087,534.31,1088.73,54832.25,16.245
PIK,2010-07-03,2010,184,28.77,12.41,0,1.25186622501028,232.668,58.2532487944596,517.04,1440.45,54785.71,20.59
PIK,2010-07-04,2010,185,30.57,14.24,0,1.37651006499889,228.1545,57.070535600988,507.01,1622.46,54735.2,22.405
PIK,2010-07-05,2010,186,32.89,20.24,0,1.30891888994083,194.67,48.646286323425,432.6,2371.88,54680.75,26.565
PIK,2010-07-06,2010,187,32.62,20.61,0,1.24410297020177,188.0325,46.93749397596,417.85,2426.37,54622.4,26.615
PIK,2010-07-07,2010,188,32.45,20.3,0,1.24377527782806,189.018,47.129769668052,420.04,2380.28,54560.2,26.375
PIK,2010-07-08,2010,189,32.98,21.24,0,1.24544118373357,183.501,45.698812687494,407.78,2523.22,54494.2,27.11
PIK,2010-07-09,2010,190,25.33,19.26,22.3,0.493881558080834,86.6295,21.5464624541586,192.51,2232.69,54424.44,22.295
PIK,2010-07-10,2010,191,26.8,14.88,0,0.911599624601486,197.172,48.9743658285192,438.16,1691.55,54350.98,20.84
PIK,2010-07-11,2010,192,28.27,12.76,0,1.17887486951039,223.7535,55.4979354556757,497.23,1473.65,54273.87,20.515
PIK,2010-07-12,2010,193,26.29,17.68,1.39,0.694475699410587,153.1665,37.9336352500098,340.37,2021.48,54193.16,21.985
PIK,2010-07-13,2010,194,27.85,18.1,0,0.830716316852735,165.8385,41.0081735314494,368.53,2075.96,54108.92,22.975
PIK,2010-07-14,2010,195,28.18,18.65,0,0.830431569032927,162.3285,40.075154264394,360.73,2148.93,54021.2,23.415
PIK,2010-07-15,2010,196,28.85,17.02,0.6,1.01073148362423,189.522,46.7096717002878,421.16,1939.7,53930.07,22.935
PIK,2010-07-16,2010,197,29.62,21.22,0,0.811189488724128,144.126,35.4591180900756,320.28,2519.14,53835.58,25.42
PIK,2010-07-17,2010,198,29.93,19.59,5.69,0.969132749425536,128.034,31.4428074162102,284.52,2278.12,53737.79,24.76
PIK,2010-07-18,2010,199,26.66,14.89,13.35,0.897390671476414,146.133,35.8201333228518,324.74,1691.87,53636.78,20.775
PIK,2010-07-19,2010,200,26.08,18.11,0,0.64500401567778,146.5425,35.8507474292272,325.65,2077.58,53532.61,22.095
PIK,2010-07-20,2010,201,27.36,16.82,0,0.858509940809045,180.198,43.996035372201,400.44,1914.89,53425.35,22.09
PIK,2010-07-21,2010,202,28.78,16.49,9.13,1.03594201159671,147.1455,35.8519752068211,326.99,1874.44,53315.06,22.635
PIK,2010-07-22,2010,203,27.34,16.05,30.74,0.902609821139949,140.2155,34.090906634703,311.59,1822.96,53201.8,21.695
PIK,2010-07-23,2010,204,29.8,15.88,18.38,1.19160873645377,154.8,37.55470696776,344,1802.88,53085.66,22.84
PIK,2010-07-24,2010,205,26.94,19.64,8.18,0.629162253142219,97.821,23.6783289715596,217.38,2285.05,52966.68,23.29
PIK,2010-07-25,2010,206,25.23,17.06,0,0.629621825724922,148.302,35.8151505886944,329.56,1943.62,52844.96,21.145
PIK,2010-07-26,2010,207,27.55,14.16,0,1.02934817373502,204.858,49.357034793783,455.24,1614.55,52720.55,20.855
PIK,2010-07-27,2010,208,28.51,13.31,0,1.17904644877527,215.208,51.7257465373656,478.24,1527.33,52593.51,20.91
PIK,2010-07-28,2010,209,28.94,17.25,4.51,1.00687665911975,136.8315,32.8067423467232,304.07,1968.11,52463.93,23.095
PIK,2010-07-29,2010,210,23.78,14.61,0,0.637225274742413,159.1695,38.06644374958,353.71,1662.12,52331.87,19.195
PIK,2010-07-30,2010,211,23.36,13.81,0,0.642529043376608,165.249,39.418846457382,367.22,1578.21,52197.4,18.585
PIK,2010-07-31,2010,212,23.52,10.76,0,0.800135760670977,201.537,47.9490483193722,447.86,1291.39,52060.58,17.14
PIK,2010-08-01,2010,213,25.61,13.72,0,0.853337973988977,190.3635,45.1696727869686,423.03,1569.35,51921.48,19.665
PIK,2010-08-02,2010,214,27.36,14.32,0,1.00094814479076,199.1655,47.1296122598403,442.59,1631.01,51780.18,20.84
PIK,2010-08-03,2010,215,30.62,20.33,0,1.00090360681253,164.196,38.7469484521956,364.88,2384.84,51636.73,25.475
PIK,2010-08-04,2010,216,30.8,20.01,3.71,1.04668540788704,127.3095,29.957807493648,282.91,2338.43,51491.2,25.405
PIK,2010-08-05,2010,217,29.33,17.79,0,1.01890996400451,181.449,42.5752805462445,403.22,2035.57,51343.65,23.56
PIK,2010-08-06,2010,218,22.49,12.52,0,0.632640034896331,175.1895,40.9868643704724,389.31,1450.95,51194.16,17.505
PIK,2010-08-07,2010,219,23.01,7.6,0,0.880743479217489,223.335,52.096351469841,496.3,1043.29,51042.78,15.305
PIK,2010-08-08,2010,220,24.76,16.16,9.03,0.638699045956711,112.437,26.1489536985222,249.86,1836.31,50889.58,20.46
PIK,2010-08-09,2010,221,27.08,18.27,11.16,0.736619901958468,112.1715,26.0077662866606,249.27,2098.74,50734.61,22.675
PIK,2010-08-10,2010,222,28.92,19.31,0,0.869191240075246,158.607,36.6606100561806,352.46,2238.99,50577.94,24.115
PIK,2010-08-11,2010,223,28.01,18.41,0,0.827550107255514,159.5025,36.7522006457227,354.45,2117.02,50419.63,23.21
PIK,2010-08-12,2010,224,27.52,19.07,0,0.73055948565592,144.585,33.2092899935685,321.3,2205.25,50259.73,23.295
PIK,2010-08-13,2010,225,27.07,15.67,0,0.895689912957871,181.71,41.602373069157,403.8,1779.52,50098.31,21.37
PIK,2010-08-14,2010,226,26.82,17.26,0,0.774640034561255,160.4115,36.6066854077581,356.47,1969.06,49935.42,22.04
PIK,2010-08-15,2010,227,28.85,20.64,17.14,0.764612344261885,102.906,23.4063785146662,228.68,2431.47,49771.11,24.745
PIK,2010-08-16,2010,228,25.37,15.53,0,0.733366606318989,165.8385,37.5950673497808,368.53,1763.16,49605.44,20.45
PIK,2010-08-17,2010,229,25.51,14.08,0,0.824948276223669,183.438,41.4448374704436,407.64,1606.55,49438.46,19.795
PIK,2010-08-18,2010,230,23.95,13.2,0,0.724921868420352,177.1785,39.8943801914139,393.73,1516.97,49270.22,18.575
PIK,2010-08-19,2010,231,26.55,13.95,5.54,0.935761712245329,142.686,32.0173921005156,317.08,1592.43,49100.78,20.25
PIK,2010-08-20,2010,232,22.82,9.61,0,0.788476148989673,200.7,44.87872133781,446,1195.43,48930.19,16.215
PIK,2010-08-21,2010,233,23.18,15.01,18.49,0.563091212563684,106.9425,23.829596625618,237.65,1705.7,48758.48,19.095
PIK,2010-08-22,2010,234,22.5,18.17,12.59,0.3157838284709,60.714,13.4807386566456,134.92,2085.18,48585.72,20.335
PIK,2010-08-23,2010,235,19.91,16.29,0,0.233021589630953,70.6185,15.6238181329473,156.93,1851.46,48411.94,18.1
PIK,2010-08-24,2010,236,23.55,13.27,0,0.686796234913666,171.918,37.898292279672,382.04,1523.25,48237.2,18.41
PIK,2010-08-25,2010,237,25,12.32,3.36,0.864095076405113,144.45,31.727170198845,321,1431.7,48061.53,18.66
PIK,2010-08-26,2010,238,20.54,11.39,0,0.532310303709978,162.729,35.6106963406194,361.62,1346.4,47884.98,15.965
PIK,2010-08-27,2010,239,23.41,7.61,0,0.914577591296232,214.479,46.7615022139377,476.62,1044.13,47707.59,15.51
PIK,2010-08-28,2010,240,28.36,11.3,0,1.25648418974997,211.0005,45.8312927854018,468.89,1338.66,47529.41,19.83
PIK,2010-08-29,2010,241,29.87,13.2,0,1.34342623559036,204.642,44.2828196095518,454.76,1516.45,47350.47,21.535
PIK,2010-08-30,2010,242,32.26,16.41,0,1.47572641556167,194.175,41.8584215850975,431.5,1865.1,47170.81,24.335
PIK,2010-08-31,2010,243,31.38,18.63,0,1.21723460336678,172.6785,37.0821023951076,383.73,2146.35,46990.48,25.005
PIK,2010-09-01,2010,244,31.04,19.63,0,1.10487975914054,160.4655,34.3266858876825,356.59,2283.64,46809.5,25.335
PIK,2010-09-02,2010,245,28.77,20.72,7.15,0.749246914563626,93.258,19.8723093945552,207.24,2443.66,46627.92,24.745
PIK,2010-09-03,2010,246,25.91,17.65,10.92,0.658326190593561,99.063,21.0268319227407,220.14,2017.8,46445.77,21.78
PIK,2010-09-04,2010,247,16.44,11.6,0.51,0.249633015370535,89.631,18.9499940804403,199.18,1365.29,46263.09,14.02
PIK,2010-09-05,2010,248,18.08,9.19,0,0.453069875049374,151.6905,31.9437725664974,337.09,1162.56,46079.91,13.635
PIK,2010-09-06,2010,249,20.02,9.02,2.24,0.593108488190518,130.473,27.3661838431947,289.94,1149.02,45896.27,14.52
PIK,2010-09-07,2010,250,27.53,13.96,0,1.03776880818917,182.997,38.2289349047751,406.66,1593.6,45712.19,20.745
PIK,2010-09-08,2010,251,18.54,12.82,1.71,0.325131043021531,101.9925,21.220730938197,226.65,1478.97,45527.72,15.68
PIK,2010-09-09,2010,252,15.74,11.52,0,0.212706475040082,78.867,16.3425801105072,175.26,1357.87,45342.88,13.63
PIK,2010-09-10,2010,253,20.7,10.34,0,0.589358820694484,163.8315,33.8100195349035,364.07,1255.99,45157.7,15.52
PIK,2010-09-11,2010,254,20.56,6.35,4.47,0.728694104378612,144.162,29.6286132709548,320.36,957.58,44972.22,13.455
PIK,2010-09-12,2010,255,20,11.88,1.61,0.47046444262185,134.91,27.612585826002,299.8,1390.78,44786.46,15.94
PIK,2010-09-13,2010,256,22.28,9.83,4.38,0.734614150404314,131.8815,26.8806283342893,293.07,1213.43,44600.46,16.055
PIK,2010-09-14,2010,257,18.52,7.75,0,0.536180295290704,164.0745,33.3027135876263,364.61,1054.47,44414.25,13.135
PIK,2010-09-15,2010,258,16.44,8.22,0,0.388325325842702,136.0305,27.4946580308723,302.29,1088.52,44227.85,12.33
PIK,2010-09-16,2010,259,13.62,7.52,19.86,0.259007140493031,80.433,16.1886449690649,178.74,1037.76,44041.29,10.57
PIK,2010-09-17,2010,260,16.63,6.48,0,0.460937897553357,158.3955,31.744916814951,351.99,966.3,43854.6,11.555
PIK,2010-09-18,2010,261,19.43,7.29,0,0.614721094203884,172.6965,34.4636481221991,383.77,1021.82,43667.82,13.36
PIK,2010-09-19,2010,262,18.33,5.96,0,0.585016966040766,174.5955,34.693528358192,387.99,932.19,43480.97,12.145
PIK,2010-09-20,2010,263,18.73,3.68,0,0.680627417005044,187.641,37.1255036311359,416.98,794.78,43294.07,11.205
PIK,2010-09-21,2010,264,24.77,4.92,9.23,1.12528748265412,145.8045,28.7234458497054,324.01,867.39,43107.16,14.845
PIK,2010-09-22,2010,265,21.45,13.49,5.56,0.501804630692288,86.7015,17.0061167153223,192.67,1545.64,42920.26,17.47
PIK,2010-09-23,2010,266,19.93,7.27,0,0.651337734718599,163.4805,31.9263820971179,363.29,1020,42733.41,13.6
PIK,2010-09-24,2010,267,28.51,14.02,0,1.14255561297074,163.116,31.7159575183944,362.48,1599.85,42546.62,21.265
PIK,2010-09-25,2010,268,17.18,10.41,0,0.346303323287115,101.0295,19.5577882611111,224.51,1261.69,42359.94,13.795
PIK,2010-09-26,2010,269,14.79,5.91,0,0.374618726157897,130.464,25.1446328668224,289.92,929.12,42173.38,10.35
PIK,2010-09-27,2010,270,16.22,6.08,7.41,0.449931956071028,107.334,20.5953014367324,238.52,939.86,41986.98,11.15
PIK,2010-09-28,2010,271,19.19,12.42,12.57,0.388110300890957,76.77,14.665332657564,170.6,1441.01,41800.76,15.805
PIK,2010-09-29,2010,272,18.7,9.76,0,0.471584954487964,130.7925,24.874046132661,290.65,1207.72,41614.76,14.23
PIK,2010-09-30,2010,273,18.35,10.09,0,0.434624730048025,123.462,23.37512589486,274.36,1234.83,41429,14.22
PIK,2010-10-01,2010,274,16.46,7.78,0,0.405792637206092,129.5505,24.4180521745632,287.89,1056.22,41243.52,12.12
PIK,2010-10-02,2010,275,12.2,2.81,0,0.335363869914554,138.789,26.0418979926882,308.42,747.59,41058.34,7.505
PIK,2010-10-03,2010,276,12.23,3.21,0,0.326390237167065,133.506,24.9378326326458,296.68,768.69,40873.49,7.72
PIK,2010-10-04,2010,277,11.76,1.1,1.06,0.358326484952097,146.6235,27.2644670145429,325.83,661.44,40689.02,6.43
PIK,2010-10-05,2010,278,14.94,7.23,14.14,0.338314144185754,84.5055,15.6426082467669,187.79,1017.67,40504.94,11.085
PIK,2010-10-06,2010,279,17.35,8.13,0,0.44691085140241,127.3005,23.4574461258376,282.89,1082.04,40321.29,12.74
PIK,2010-10-07,2010,280,18.31,5.91,0,0.585492554766193,151.2495,27.7438716427937,336.11,928.79,40138.11,12.11
PIK,2010-10-08,2010,281,22.79,6.44,0,0.901985456493998,162.585,29.687414460399,361.3,963.66,39955.42,14.615
PIK,2010-10-09,2010,282,17.29,5.11,0,0.545238534676799,144.1485,26.2009854524191,320.33,878.68,39773.27,11.2
PIK,2010-10-10,2010,283,20.81,-0.07,0,0.922684112710948,170.451,30.8403852055083,378.78,607.77,39591.69,10.37
PIK,2010-10-11,2010,284,15.64,5.96,0,0.420202902618896,121.41,21.866784156027,269.8,932.25,39410.71,10.8
PIK,2010-10-12,2010,285,12.28,2.63,0,0.344183985388154,121.716,21.8215841771844,270.48,737.77,39230.37,7.455
PIK,2010-10-13,2010,286,14.67,-1.59,12.89,0.561428718829111,117.801,21.0229719874047,261.78,543.66,39050.71,6.54
PIK,2010-10-14,2010,287,10.48,6.15,12.47,0.160598883863948,44.613,7.9252292379816,99.14,944.31,38871.76,8.315
PIK,2010-10-15,2010,288,11.59,2.01,0,0.328281551249777,118.17,20.895955592733,262.6,706.06,38693.57,6.8
PIK,2010-10-16,2010,289,13.96,2.85,0,0.421005775400847,126.918,22.3399721569068,282.04,749.4,38516.18,8.405
PIK,2010-10-17,2010,290,16.46,3.29,0,0.547438368887343,136.4985,23.9161900739863,303.33,773.41,38339.63,9.875
PIK,2010-10-18,2010,291,11.49,1.24,0,0.343089698104187,118.818,20.722958444727,264.04,667.84,38163.95,6.365
PIK,2010-10-19,2010,292,13.38,0.52,0,0.449085813230504,134.0955,23.280406112502,297.99,634.36,37989.2,6.95
PIK,2010-10-20,2010,293,15.34,3.24,6.1,0.484449571396444,95.148,16.4431414304712,211.44,770.52,37815.42,9.29
PIK,2010-10-21,2010,294,7.3,2.54,1.29,0.143983860453507,63.1215,10.8585966311257,140.27,733.28,37642.65,4.92
PIK,2010-10-22,2010,295,8.55,-1.33,0,0.27924359833638,115.443,19.7687128097394,256.54,554.02,37470.94,3.61
PIK,2010-10-23,2010,296,14.29,4.76,9.28,0.384124645369671,81.3105,13.8603917648651,180.69,857.32,37300.33,9.525
PIK,2010-10-24,2010,297,10.69,6.29,6.04,0.164940104865471,42.831,7.2679119362496,95.18,953.46,37130.88,8.49
PIK,2010-10-25,2010,298,17.78,7.4,0,0.500739593356334,111.9555,18.9114407503164,248.79,1029.18,36962.64,12.59
PIK,2010-10-26,2010,299,19.24,11.61,8.56,0.42947336107106,64.647,10.8707887219635,143.66,1365.73,36795.65,15.425
PIK,2010-10-27,2010,300,18.18,10.32,0,0.41424406509931,89.0145,14.900934983062,197.81,1253.59,36629.97,14.25
PIK,2010-10-28,2010,301,11.58,7.64,2.73,0.157090310984035,36.8505,6.1410645635031,81.89,1046.52,36465.66,9.61
PIK,2010-10-29,2010,302,8.38,3.03,0.74,0.170191682307244,66.978,11.111889144015,148.84,758.98,36302.75,5.705
PIK,2010-10-30,2010,303,11.47,2.36,0,0.314199453280654,101.961,16.8404734373364,226.58,723.67,36141.32,6.915
PIK,2010-10-31,2010,304,5.49,-0.82,0,0.16323974462013,77.3505,12.7191328477169,171.89,575.41,35981.41,2.335
PIK,2010-11-01,2010,305,6.13,-4.72,0,0.256463448828105,114.2145,18.6982295495188,253.81,430.28,35823.09,0.705
PIK,2010-11-02,2010,306,7.84,-5.76,0,0.331439508691161,124.794,20.3408596407978,277.32,397.57,35666.41,1.04
PIK,2010-11-03,2010,307,9.91,-5.06,1.32,0.400048340730803,126.7065,20.5628475541982,281.57,419.28,35511.43,2.425
PIK,2010-11-04,2010,308,8.34,2.82,3.73,0.17424239496536,47.214,7.6291717057956,104.92,747.84,35358.22,5.58
PIK,2010-11-05,2010,309,2.94,0.49,3.81,0.0607866356462238,23.373,3.7606038157863,51.94,632.81,35206.83,1.715
PIK,2010-11-06,2010,310,4.06,-3.49,0,0.172304009690446,85.1895,13.6483761189798,189.31,472.06,35057.32,0.285
PIK,2010-11-07,2010,311,8.3,-2.69,0,0.296384077432602,108.2475,17.2695516493028,240.55,501.09,34909.77,2.805
PIK,2010-11-08,2010,312,9.54,-4.05,0,0.368436360098991,117.567,18.6781614910218,261.26,452.56,34764.22,2.745
PIK,2010-11-09,2010,313,9.65,-2.19,0,0.338890477122889,110.637,17.5046402002284,245.86,520.15,34620.76,3.73
PIK,2010-11-10,2010,314,11.23,-3.5,0,0.429768854616235,118.0845,18.6066975673476,262.41,471.67,34479.44,3.865
PIK,2010-11-11,2010,315,11.26,-2.73,0,0.417276832177648,114.282,17.9348808802842,253.96,499.41,34340.33,4.265
PIK,2010-11-12,2010,316,13.37,-2.91,0,0.519655591635274,117.837,18.4190954956641,261.86,492.83,34203.49,5.23
PIK,2010-11-13,2010,317,13.77,-3.17,0,0.544398129900096,116.6265,18.158201404245,259.17,483.55,34069,5.3
PIK,2010-11-14,2010,318,10.51,3.31,3.36,0.246905741906981,53.478,8.2939952374632,118.84,774.43,33936.92,6.91
PIK,2010-11-15,2010,319,10.44,-0.67,0,0.340854582003782,97.191,15.0159607198371,215.98,581.38,33807.33,4.885
PIK,2010-11-16,2010,320,10.38,-0.32,23.13,0.330763895085977,70.2405,10.8113390625438,156.09,596.46,33680.28,5.03
PIK,2010-11-17,2010,321,8.1,4.14,2.58,0.128856986575008,31.059,4.7629049333355,69.02,820.83,33555.85,6.12
PIK,2010-11-18,2010,322,5.89,0.47,1.32,0.14780508280933,57.015,8.7115432221405,126.7,631.77,33434.11,3.18
PIK,2010-11-19,2010,323,5.15,-3.83,0,0.210585169052807,86.1255,13.1126158497492,191.39,460.13,33315.12,0.66
PIK,2010-11-20,2010,324,5.3,-0.37,0,0.147907034878092,58.554,8.883766124631,130.12,594.43,33198.95,2.465
PIK,2010-11-21,2010,325,9.84,-4.85,0,0.393897857115723,105.588,15.9650700638688,234.64,425.94,33085.68,2.495
PIK,2010-11-22,2010,326,13.78,2.51,8.33,0.420404175016773,68.0175,10.250060078016,151.15,731.83,32975.36,8.145
PIK,2010-11-23,2010,327,13.79,2.22,0,0.428827532982192,90.9315,13.6585592414964,202.07,716.45,32868.08,8.005
PIK,2010-11-24,2010,328,1.23,-3.31,0,0.0950167222288816,45.702,6.8430051245646,101.56,478.29,32763.89,-1.04
PIK,2010-11-25,2010,329,5.15,-3.41,9.09,0.203110001647098,57.447,8.5750717651794,127.66,474.95,32662.86,0.87
PIK,2010-11-26,2010,330,1.28,-3.17,0,0.0937175272456052,44.4195,6.6106132298019,98.71,483.3,32565.06,-0.945
PIK,2010-11-27,2010,331,1.74,-3.12,3.18,0.104041940972211,35.5185,5.2706032787043,78.93,485.1,32470.54,-0.69
PIK,2010-11-28,2010,332,1.88,-3.52,0,0.114417259193324,51.7545,7.65831066868035,115.01,471.07,32379.39,-0.82
PIK,2010-11-29,2010,333,6.46,-4.86,0,0.269607901296797,88.542,13.0663903971816,196.76,425.71,32291.64,0.8
PIK,2010-11-30,2010,334,9.95,0.58,25.91,0.292433310000896,57.123,8.4078045065718,126.94,637.09,32207.38,5.265
PIK,2010-12-01,2010,335,4.44,-0.37,10.48,0.121819237384562,33.7005,4.94786664924525,74.89,594.63,32126.65,2.035
PIK,2010-12-02,2010,336,0.67,-3.51,0,0.0853663504499982,41.0445,6.01163443730115,91.21,471.21,32049.51,-1.42
PIK,2010-12-03,2010,337,1.7,-4.24,0,0.122331357626143,57.24,8.364507364404,127.2,446.31,31976.03,-1.27
PIK,2010-12-04,2010,338,-3.11,-7.43,0,0.0686312485066922,43.47,6.338428621875,96.6,349.67,31906.25,-5.27
PIK,2010-12-05,2010,339,-2.36,-8.06,2.98,0.0908620263729756,45.585,6.633064479159,101.3,333.01,31840.22,-5.21
PIK,2010-12-06,2010,340,-5.33,-7.29,0,0.0295017869361254,24.138,3.5054510503734,53.64,353.37,31777.99,-6.31
PIK,2010-12-07,2010,341,-3.89,-8.55,2.24,0.0694071316389058,39.0735,5.6640423343599,86.83,320.57,31719.62,-6.22
PIK,2010-12-08,2010,342,-6.5,-14.14,0,0.0863351404952791,80.6985,11.6778549023253,179.33,204.7,31665.14,-10.32
PIK,2010-12-09,2010,343,-4.32,-18.71,0,0.152685298766813,108.0225,15.606952747245,240.05,139.6,31614.6,-11.515
PIK,2010-12-10,2010,344,1.73,-10.95,1.21,0.213838474024393,102.6855,14.8140204693894,228.19,265.15,31568.04,-4.61
PIK,2010-12-11,2010,345,2.69,-1.44,0,0.095835706353801,46.8585,6.7509760227975,104.13,549.65,31525.5,0.625
PIK,2010-12-12,2010,346,1.71,-3.17,11.58,0.104137737503583,42.2145,6.074480384055,93.81,483.36,31487,-0.73
PIK,2010-12-13,2010,347,-10.97,-14.35,1.68,0.0325820380325849,43.236,6.2146667564964,96.08,201.28,31452.57,-12.66
PIK,2010-12-14,2010,348,-8.73,-14.26,1.94,0.0574548189956084,67.3875,9.6768266840775,149.75,202.78,31422.26,-11.495
PIK,2010-12-15,2010,349,-6.3,-16.14,5.76,0.104879517545299,72.8145,10.4474306929212,161.81,173.42,31396.08,-11.22
PIK,2010-12-16,2010,350,-3.67,-8.88,2.7,0.0773006994153919,48.2625,6.919846497135,107.25,312.4,31374.04,-6.275
PIK,2010-12-17,2010,351,-1.15,-10.16,0,0.14025379699835,92.9655,13.3217462896803,206.59,282.25,31356.18,-5.655
PIK,2010-12-18,2010,352,-3.82,-6.92,0,0.0490736477996135,39.951,5.722390473975,88.78,363.7,31342.5,-5.37
PIK,2010-12-19,2010,353,-4.32,-7.96,0.63,0.0546528857225661,47.2995,6.7729053402693,105.11,335.58,31333.02,-6.14
PIK,2010-12-20,2010,354,-2.41,-8.27,0,0.0927642163220201,71.361,10.2165953634198,158.58,327.46,31327.74,-5.34
PIK,2010-12-21,2010,355,-4.24,-13.78,0,0.118346316400242,97.7625,13.9959612417488,217.25,210.94,31326.67,-9.01
PIK,2010-12-22,2010,356,-5.02,-10.12,0,0.0695604027017404,66.1905,9.47697255483885,147.09,283.11,31329.81,-7.57
PIK,2010-12-23,2010,357,-4.42,-7.01,0,0.0401177042183058,36.621,5.2445218095855,81.38,361.25,31337.15,-5.715
PIK,2010-12-24,2010,358,-4.52,-9.35,0,0.0687216004367094,64.7235,9.2725189609365,143.83,300.92,31348.7,-6.935
PIK,2010-12-25,2010,359,-5.6,-10.39,0,0.0634018760365525,65.214,9.3474777167514,144.92,277.21,31364.43,-7.995
PIK,2010-12-26,2010,360,-5.96,-10.43,0,0.0583652664416963,61.6455,8.84159704201725,136.99,276.36,31384.35,-8.195
PIK,2010-12-27,2010,361,-2.79,-13.57,0,0.14218486210264,104.1615,14.9509749990231,231.47,214.47,31408.42,-8.18
PIK,2010-12-28,2010,362,-0.84,-6.05,0,0.0933947138100979,68.472,9.8370603363456,152.16,388.75,31436.64,-3.445
PIK,2010-12-29,2010,363,-0.96,-4.9,0,0.0729827120322386,55.071,7.9199363461959,122.38,424.42,31468.97,-2.93
PIK,2010-12-30,2010,364,2.75,-8.83,0,0.215653353651012,106.1325,15.280923175335,235.85,313.58,31505.4,-3.04
PIK,2010-12-31,2010,365,7.94,0.19,1.13,0.223972353216625,88.389,12.7425751974297,196.42,619.22,31545.89,4.065
PIK,2011-01-01,2011,1,10.19,2.94,8.31,0.243665596189379,55.593,8.0259132331062,123.54,754.28,31590.62,6.565
PIK,2011-01-02,2011,2,-2.65,-5.78,0,0.0533250031476676,37.719,5.4538264655028,83.82,397.04,31639.16,-4.215
PIK,2011-01-03,2011,3,-1.48,-7.06,1.45,0.0946993433520907,64.3275,9.31660589226375,142.95,359.79,31691.65,-4.27
PIK,2011-01-04,2011,4,0.3,-4.74,2.95,0.0975570519651407,43.8705,6.36511293155295,97.49,429.76,31748.07,-2.22
PIK,2011-01-05,2011,5,-1.8,-9.68,0,0.121544192389561,84.906,12.342289326507,188.68,293.33,31808.35,-5.74
PIK,2011-01-06,2011,6,-3.76,-11.43,6.34,0.104566201692446,62.9865,9.17443646566335,139.97,255.01,31872.47,-7.595
PIK,2011-01-07,2011,7,-5.65,-10.48,3.12,0.0635502122013853,43.9155,6.41023534661895,97.59,275.31,31940.37,-8.065
PIK,2011-01-08,2011,8,-4.69,-11.38,2.85,0.0884047360344262,58.2435,8.52072085181205,129.43,256.06,32011.99,-8.035
PIK,2011-01-09,2011,9,-5.8,-12.8,0,0.0847675000142142,81.675,11.9767334071275,181.5,228.43,32087.29,-9.3
PIK,2011-01-10,2011,10,-5.28,-14.25,0,0.105580847114548,96.6825,14.2122912827355,214.85,202.86,32166.22,-9.765
PIK,2011-01-11,2011,11,-5.03,-14.21,6.68,0.10918052319898,73.701,10.861799774859,163.78,203.54,32248.7,-9.62
PIK,2011-01-12,2011,12,-7.63,-10.99,2.83,0.0407962999310894,33.0975,4.8908036409525,73.55,264.31,32334.7,-9.31
PIK,2011-01-13,2011,13,-8.64,-14.79,0,0.0629384481227926,77.13,11.428993806174,171.4,194.08,32424.14,-11.715
PIK,2011-01-14,2011,14,-3.7,-14.41,4.73,0.132968415476935,81.873,12.1665368135817,181.94,200.23,32516.97,-9.055
PIK,2011-01-15,2011,15,-2.62,-9.48,7.07,0.103565008800812,63.5805,9.4761622360512,141.29,297.9,32613.12,-6.05
PIK,2011-01-16,2011,16,-10.94,-16.65,0,0.0504035905121042,75.3795,11.2689534889669,167.51,166.26,32712.53,-13.795
PIK,2011-01-17,2011,17,-1.04,-25.11,0,0.243925631072695,130.2615,19.5346905711327,289.47,79.35,32815.14,-13.075
PIK,2011-01-18,2011,18,1.71,-8.79,2.85,0.188617850728706,84.015,12.6399203012385,186.7,314.55,32920.87,-3.54
PIK,2011-01-19,2011,19,-6.7,-10.29,0.74,0.0461214845085701,50.8275,7.6721847494805,112.95,279.36,33029.66,-8.495
PIK,2011-01-20,2011,20,-6.65,-17.86,2.38,0.111458699735191,89.3205,13.5281637431933,198.49,150.08,33141.45,-12.255
PIK,2011-01-21,2011,21,-6.5,-12.13,1.9,0.0681176531616855,78.084,11.8672607367396,173.52,241.11,33256.17,-9.315
PIK,2011-01-22,2011,22,-9.15,-20.07,3.39,0.0916258748458595,90.954,13.8721214261772,202.12,124.18,33373.74,-14.61
PIK,2011-01-23,2011,23,-17.17,-23,0,0.0324653115477504,83.4705,12.7766655824085,185.49,95.94,33494.1,-20.085
PIK,2011-01-24,2011,24,-6.51,-25.07,2.5,0.148623173201979,103.8645,15.9567611225504,230.81,79.67,33617.19,-15.79
PIK,2011-01-25,2011,25,-1.31,-13.76,0,0.17250390347889,131.04,20.207048110704,291.2,211.21,33742.93,-7.535
PIK,2011-01-26,2011,26,-1.72,-3.94,0,0.0416519679518851,35.1675,5.44363403259375,78.15,456.23,33871.25,-2.83
PIK,2011-01-27,2011,27,-1.13,-6.08,0.84,0.0878410740217686,73.8,11.46774551328,164,387.83,34002.08,-3.605
PIK,2011-01-28,2011,28,-1.96,-6.93,0,0.0834478872260496,75.0555,11.7085525620336,166.79,363.34,34135.36,-4.445
PIK,2011-01-29,2011,29,-4.68,-13.68,0,0.110306696345471,119.2815,18.6816969316341,265.07,212.57,34271.02,-9.18
PIK,2011-01-30,2011,30,-5.87,-14.74,0,0.100484723535025,119.799,18.8382830500557,266.22,194.89,34408.99,-10.305
PIK,2011-01-31,2011,31,-12.31,-22.12,0,0.0678713332499636,128.34,20.263588444098,285.2,103.72,34549.21,-17.215
PIK,2011-02-01,2011,32,-8.42,-13.91,7.9,0.058412156234286,64.17,10.17355107204,142.6,208.65,34691.6,-11.165
PIK,2011-02-02,2011,33,-8.92,-12.37,7.73,0.0381953870416512,43.0605,6.8552736701085,95.69,236.59,34836.1,-10.645
PIK,2011-02-03,2011,34,-3.8,-20.57,0,0.171843125669568,155.016,24.782518058868,344.48,118.91,34982.65,-12.185
PIK,2011-02-04,2011,35,-5.43,-11.33,0,0.0761137747326162,92.799,14.8988323637874,206.22,257.11,35131.18,-8.38
PIK,2011-02-05,2011,36,-1.17,-10.35,7.23,0.141962092276506,95.76,15.440059821816,212.8,278.02,35281.63,-5.76
PIK,2011-02-06,2011,37,-0.23,-4.99,3.6,0.0899561202253694,57.951,9.3841827658551,128.78,421.57,35433.93,-2.61
PIK,2011-02-07,2011,38,0.21,-5.58,1.91,0.10903627021803,93.654,15.2316334226034,208.12,403,35588.03,-2.685
PIK,2011-02-08,2011,39,-11.42,-18.45,0,0.057270978335329,113.1795,18.4878079671159,251.51,142.64,35743.86,-14.935
PIK,2011-02-09,2011,40,-6.08,-14.98,0,0.0993049542878798,133.5105,21.9049629559596,296.69,191.02,35901.36,-10.53
PIK,2011-02-10,2011,41,-8.35,-18.19,0,0.0906839059400015,143.118,23.5853237187522,318.04,145.89,36060.47,-13.27
PIK,2011-02-11,2011,42,-4.95,-20.1,0,0.150285292724295,166.743,27.6010704698814,370.54,123.82,36221.14,-12.525
PIK,2011-02-12,2011,43,-2.52,-9,1.31,0.099655126537654,106.2495,17.6662878260117,236.11,309.41,36383.31,-5.76
PIK,2011-02-13,2011,44,5.16,-7.65,0,0.269186450929351,159.7455,26.6806014604902,354.99,343.74,36546.92,-1.245
PIK,2011-02-14,2011,45,3.99,-3.6,0,0.172321176823856,120.069,20.1443932977336,266.82,468.11,36711.92,0.195
PIK,2011-02-15,2011,46,-2.94,-17.83,0,0.171459894971232,171.8955,28.9701757241631,381.99,150.39,36878.26,-10.385
PIK,2011-02-16,2011,47,3.81,-8.59,0,0.24174571864384,163.818,27.7343261156862,364.04,319.37,37045.87,-2.39
PIK,2011-02-17,2011,48,8.51,-3.39,1.55,0.317166710618615,160.443,27.2867448367872,356.54,475.42,37214.72,2.56
PIK,2011-02-18,2011,49,8.87,2.18,0,0.211140254456613,110.61,18.897531292575,245.8,714.33,37384.75,5.525
PIK,2011-02-19,2011,50,-4.93,-11.1,0,0.0815291468645241,110.43,18.953157075741,245.4,261.96,37555.91,-8.015
PIK,2011-02-20,2011,51,-3.29,-12.96,3.92,0.127494216636308,114.165,19.6840604985075,253.7,225.54,37728.15,-8.125
PIK,2011-02-21,2011,52,-8.29,-14.23,0,0.0628471731660585,110.5335,19.1454561479758,245.63,203.16,37901.43,-11.26
PIK,2011-02-22,2011,53,-4.09,-17.49,0,0.148965972513792,180.7785,31.456526189719,401.73,154.83,38075.69,-10.79
PIK,2011-02-23,2011,54,0.38,-16.62,0,0.231094926344516,192.573,33.6630426858351,427.94,166.67,38250.91,-8.12
PIK,2011-02-24,2011,55,1.49,-8.54,1.02,0.180034061401963,162.0405,28.4561722517967,360.09,320.84,38427.02,-3.525
PIK,2011-02-25,2011,56,0.17,-5.42,2.15,0.105726429598343,78.9795,13.93358550426,175.51,407.88,38604,-2.625
PIK,2011-02-26,2011,57,-2.98,-10.5,6.51,0.10850241489742,102.393,18.1473960732579,227.54,274.77,38781.79,-6.74
PIK,2011-02-27,2011,58,1.35,-4.76,9.37,0.122398948772671,86.265,15.359383631178,191.7,429.12,38960.36,-1.705
PIK,2011-02-28,2011,59,1.22,-2.66,8.88,0.0825425376859601,58.401,10.4460844463262,129.78,502.38,39139.66,-0.72
PIK,2011-03-01,2011,60,0.51,-11.46,0,0.190141432759496,185.544,33.3405668466936,412.32,254.51,39319.67,-5.475
PIK,2011-03-02,2011,61,-1.72,-11.45,0,0.142547608555142,169.6185,30.6189393291599,376.93,254.66,39500.33,-6.585
PIK,2011-03-03,2011,62,-2.26,-16.67,0,0.176408600318649,201.285,36.5020198106445,447.3,165.91,39681.61,-9.465
PIK,2011-03-04,2011,63,4.12,-6.91,7.12,0.228109791244021,133.8345,24.3814477372542,297.41,364.06,39863.48,-1.395
PIK,2011-03-05,2011,64,6.5,-0.09,28.78,0.180231278238839,95.364,17.452543038732,211.92,606.7,40045.9,3.205
PIK,2011-03-06,2011,65,-2.6,-7.97,0,0.0852857208807556,110.9475,20.397231762363,246.55,335.23,40228.84,-5.285
PIK,2011-03-07,2011,66,-2.81,-14.16,0,0.146754684748861,191.736,35.41056806862,426.08,204.47,40412.25,-8.485
PIK,2011-03-08,2011,67,1.27,-11.41,0,0.207477064326758,199.89,37.084446010476,444.2,255.51,40596.12,-5.07
PIK,2011-03-09,2011,68,2.76,-3.45,16.94,0.136030639363264,93.024,17.336550598272,206.72,473.29,40780.4,-0.345
PIK,2011-03-10,2011,69,4.46,-0.23,18.14,0.119297828582238,72.603,13.5920311678926,161.34,600.78,40965.06,2.115
PIK,2011-03-11,2011,70,2.15,-0.06,7.39,0.0526868947302939,38.3985,7.2210631552416,85.33,607.98,41150.08,1.045
PIK,2011-03-12,2011,71,3.04,-1.31,3.04,0.102330765678479,71.4195,13.4913452172422,158.71,555.09,41335.41,0.865
PIK,2011-03-13,2011,72,0.86,-1.61,0,0.0538126521649651,59.922,11.3702658396462,133.16,542.84,41521.03,-0.375
PIK,2011-03-14,2011,73,2.5,-7.54,0,0.192522076190503,192.69,36.726834315636,428.2,346.73,41706.92,-2.52
PIK,2011-03-15,2011,74,5.71,-6.95,3.7,0.276647004594655,160.5195,30.7316424069184,356.71,362.97,41893.03,-0.62
PIK,2011-03-16,2011,75,7.32,0.63,3.26,0.19172085722345,109.431,21.0438640478178,243.18,639.4,42079.34,3.975
PIK,2011-03-17,2011,76,13.11,-1.35,0,0.476557646500466,222.651,43.0061087959074,494.78,553.16,42265.82,5.88
PIK,2011-03-18,2011,77,10.42,2.71,0,0.25962288903045,165.1545,32.0412441116093,367.01,741.83,42452.45,6.565
PIK,2011-03-19,2011,78,2.62,-3.64,0,0.135532038906264,147.4785,28.7378224856366,327.73,466.77,42639.19,-0.51
PIK,2011-03-20,2011,79,3.72,-8.3,7.12,0.235331877764152,165.357,32.3628230475549,367.46,326.91,42826.01,-2.29
PIK,2011-03-21,2011,80,5.85,0.55,4.26,0.144446048910509,95.247,18.7225987136031,211.66,635.68,43012.89,3.2
PIK,2011-03-22,2011,81,4.74,-1.68,0,0.158336469652611,153.072,30.219946620192,340.16,539.82,43199.8,1.53
PIK,2011-03-23,2011,82,-2.09,-6.52,4.65,0.0749403747404306,85.644,16.981254144036,190.32,375.14,43386.7,-4.305
PIK,2011-03-24,2011,83,-0.52,-9.37,0,0.144422934922824,200.952,40.0158250800912,446.56,300.39,43573.58,-4.945
PIK,2011-03-25,2011,84,-1.46,-11.36,0,0.146685462301206,217.9575,43.5882467009678,484.35,256.64,43760.41,-6.41
PIK,2011-03-26,2011,85,-1.94,-12.25,0,0.146152419902365,223.8345,44.9545695150681,497.41,238.79,43947.14,-7.095
PIK,2011-03-27,2011,86,-1.17,-11.34,0,0.152441645920802,222.084,44.7924170874276,493.52,256.99,44133.77,-6.255
PIK,2011-03-28,2011,87,2.38,-10.55,0,0.226063805633693,242.739,49.1652169629075,539.42,273.63,44320.25,-4.085
PIK,2011-03-29,2011,88,5.88,-5.19,0,0.256007819085962,227.277,46.2270110741973,505.06,415.15,44506.57,0.345
PIK,2011-03-30,2011,89,8.1,-6.48,0,0.351532350677858,248.2065,50.6950725103794,551.57,376.28,44692.68,0.81
PIK,2011-03-31,2011,90,4.66,-0.72,0,0.136045704461654,137.997,28.3024973645424,306.66,579.41,44878.56,1.97
PIK,2011-04-01,2011,91,9.99,-0.08,0,0.309142694366933,215.811,44.4448300774086,479.58,607.16,45064.18,4.955
PIK,2011-04-02,2011,92,11.21,-1.54,0,0.391717776337573,240.6375,49.76150235633,534.75,545.72,45249.52,4.835
PIK,2011-04-03,2011,93,10.96,-1.43,11.21,0.378783982527016,178.7355,37.1118889062446,397.19,549.94,45434.53,4.765
PIK,2011-04-04,2011,94,14.67,0.37,7.07,0.519517297174374,184.563,38.477646991872,410.14,627.34,45619.2,7.52
PIK,2011-04-05,2011,95,4.85,0.41,0,0.116902656515793,116.073,24.2966213165628,257.94,629.02,45803.48,2.63
PIK,2011-04-06,2011,96,7.63,-4.26,0,0.299828274396109,238.419,50.1066481626522,529.82,445.57,45987.34,1.685
PIK,2011-04-07,2011,97,9.25,-3.85,0,0.353472798014082,247.5,52.222592367,550,459.47,46170.76,2.7
PIK,2011-04-08,2011,98,10.63,-2.29,0,0.381473439768944,244.494,51.792730982046,543.32,516.18,46353.7,4.17
PIK,2011-04-09,2011,99,14.62,-3.2,0,0.589497769647732,263.286,55.9930516287624,585.08,482.37,46536.12,5.71
PIK,2011-04-10,2011,100,16.32,3.19,8.09,0.541800089848102,176.544,37.6923583773792,392.32,768.04,46717.99,9.755
PIK,2011-04-11,2011,101,22.03,7.64,0,0.79840275677804,236.007,50.5833117735672,524.46,1045.99,46899.28,14.835
PIK,2011-04-12,2011,102,14.03,1.95,0,0.44785662840771,223.713,48.1330434006954,497.14,702.94,47079.94,7.99
PIK,2011-04-13,2011,103,10.37,2.48,4.08,0.263185247428261,127.521,27.5417210759418,283.38,730.16,47259.94,6.425
PIK,2011-04-14,2011,104,12.34,1.39,0,0.378080446131545,214.9065,46.5911645331713,477.57,675.46,47439.25,6.865
PIK,2011-04-15,2011,105,7.75,-3.58,4.44,0.292584228494476,166.0455,36.1337320198017,368.99,468.76,47617.82,2.085
PIK,2011-04-16,2011,106,6.27,1.75,17.7,0.129552939561969,81.036,17.7003642874572,180.08,692.79,47795.61,4.01
PIK,2011-04-17,2011,107,5.56,-0.64,2.41,0.161717281701025,109.0395,23.9052460287838,242.31,582.93,47972.59,2.46
PIK,2011-04-18,2011,108,3.79,-1.06,0,0.118158725942653,118.0035,25.9654434932165,262.23,565.02,48148.71,1.365
PIK,2011-04-19,2011,109,7.67,-2.61,8.57,0.271937040728946,161.973,35.7701682443112,359.94,504.11,48323.92,2.53
PIK,2011-04-20,2011,110,6.11,1.08,5.37,0.140613777221435,91.458,20.2704518968614,203.24,660.26,48498.19,3.595
PIK,2011-04-21,2011,111,7.62,-0.55,0,0.228768722341711,184.4055,41.0170604981585,409.79,586.72,48671.47,3.535
PIK,2011-04-22,2011,112,8.74,-2.62,5.03,0.311496075025318,169.9785,37.9418869282914,377.73,503.81,48843.72,3.06
PIK,2011-04-23,2011,113,20.76,2.98,4.93,0.844691575669168,194.535,43.575451241256,432.3,756.24,49014.88,11.87
PIK,2011-04-24,2011,114,13.09,0.93,0,0.425553285290694,229.185,51.5150672444595,509.3,653.05,49184.91,7.01
PIK,2011-04-25,2011,115,12.16,1.43,7.14,0.368890745724118,159.7005,36.0199180803816,354.89,677.2,49353.76,6.795
PIK,2011-04-26,2011,116,12.87,6.67,8.11,0.251354001211646,103.6935,23.4671566418271,230.43,978.95,49521.38,9.77
PIK,2011-04-27,2011,117,21.96,8.01,7.81,0.779293836656803,159.228,36.1563533236116,353.84,1072.8,49687.71,14.985
PIK,2011-04-28,2011,118,15.4,8.2,3,0.329093550003288,106.128,24.1788164694912,235.84,1087.04,49852.72,11.8
PIK,2011-04-29,2011,119,9.06,3.81,0.25,0.174341519735127,113.3415,25.9069912107962,251.87,802.14,50016.33,6.435
PIK,2011-04-30,2011,120,15.72,0,0,0.586101328753277,232.641,53.348244232545,516.98,610.59,50178.5,7.86
PIK,2011-05-01,2011,121,15.37,7.69,4.23,0.345866669782986,113.3955,26.0866407396033,251.99,1050.08,50339.18,11.53
PIK,2011-05-02,2011,122,13,6.11,2.56,0.276019581430383,106.5015,24.578116400228,236.67,942.11,50498.29,9.555
PIK,2011-05-03,2011,123,7.47,4.4,7.65,0.0982830156361028,53.703,12.432083713218,119.34,836.3,50655.8,5.935
PIK,2011-05-04,2011,124,13.81,2.65,0,0.418751896907718,207.666,48.2219451570006,461.48,738.67,50811.63,8.23
PIK,2011-05-05,2011,125,15.98,2.19,0,0.548615273089086,226.1835,52.6811648649494,502.63,715.08,50965.73,9.085
PIK,2011-05-06,2011,126,15.55,3.58,3.77,0.486696949849516,158.8545,37.1099112312726,353.01,789.41,51118.04,9.565
PIK,2011-05-07,2011,127,16.63,4.02,0,0.537420526587651,217.5255,50.9655719212321,483.39,813.96,51268.49,10.325
PIK,2011-05-08,2011,128,17.18,3.77,0,0.578036825700734,223.587,52.5375402538077,496.86,799.77,51417.03,10.475
PIK,2011-05-09,2011,129,18.47,2.02,0,0.707334551797097,240.642,56.7062189939052,534.76,706.59,51563.58,10.245
PIK,2011-05-10,2011,130,17.03,4.08,0,0.559566422164676,221.4,52.31814204582,492,817.8,51708.09,10.555
PIK,2011-05-11,2011,131,20.38,6.93,0,0.695501198391448,222.0525,52.616826205614,493.45,996.89,51850.48,13.655
PIK,2011-05-12,2011,132,19.59,9.02,0,0.562625544823585,196.452,46.676503873548,436.56,1148.77,51990.7,14.305
PIK,2011-05-13,2011,133,25.11,10.04,5.07,0.975428512528078,169.164,40.2996128274864,375.92,1230.49,52128.68,17.575
PIK,2011-05-14,2011,134,17.24,12.21,26.72,0.270309461086193,80.919,19.3273440470622,179.82,1421.15,52264.34,14.725
PIK,2011-05-15,2011,135,10.74,7.24,11.9,0.134908632692694,61.6185,14.7549915741884,136.93,1017.74,52397.63,8.99
PIK,2011-05-16,2011,136,10.71,6.03,3.02,0.173855105398776,80.712,19.3753278688248,179.36,936.93,52528.47,8.37
PIK,2011-05-17,2011,137,16.21,6.25,3.15,0.443765263655158,146.214,35.185167393264,324.92,950.98,52656.8,11.23
PIK,2011-05-18,2011,138,19.84,11.23,9.55,0.488455290076818,127.98,30.870850274244,284.4,1332.08,52782.54,15.535
PIK,2011-05-19,2011,139,20.05,11.78,0,0.478706112218628,166.0725,40.1527979884598,369.05,1381.59,52905.63,15.915
PIK,2011-05-20,2011,140,23.7,10.88,0,0.810923084180534,213.75,51.797785275,475,1301.54,53026,17.29
PIK,2011-05-21,2011,141,26.13,12.52,0,0.964701834348811,215.199,52.2645548949594,478.22,1450.24,53143.58,19.325
PIK,2011-05-22,2011,142,21.82,14.1,1.55,0.499930462425652,152.055,37.008731985705,337.9,1607.89,53258.3,17.96
PIK,2011-05-23,2011,143,22.39,14.63,7.8,0.517575675340915,116.505,28.4157222730065,258.9,1664.35,53370.09,18.51
PIK,2011-05-24,2011,144,17.6,11.66,0,0.317979030442337,130.293,31.843423271889,289.54,1370.79,53478.9,14.63
PIK,2011-05-25,2011,145,16.72,6.77,13.74,0.45633941017775,148.5,36.3649480128,330,986.03,53584.64,11.745
PIK,2011-05-26,2011,146,20.23,10.98,11.73,0.527899754641715,137.556,33.74946535977,305.68,1309.92,53687.25,15.605
PIK,2011-05-27,2011,147,13.9,9.46,1.98,0.200325447141108,104.256,25.6266498540672,231.68,1183.5,53786.66,11.68
PIK,2011-05-28,2011,148,20.15,11.06,1.8,0.518034743211149,184.257,45.3722705148618,409.46,1317.43,53882.82,15.605
PIK,2011-05-29,2011,149,23.01,13.43,1.61,0.631787301279847,185.526,45.7634695180212,412.28,1539.73,53975.66,18.22
PIK,2011-05-30,2011,150,25.94,14.72,0,0.833333069103493,201.8115,49.8630915267161,448.47,1674.12,54065.11,20.33
PIK,2011-05-31,2011,151,29.51,15.77,0,1.16299804840065,215.9145,53.4324849692342,479.81,1790.49,54151.11,22.64
PIK,2011-06-01,2011,152,25.25,17.57,0,0.599370412505597,152.5185,37.8013438298075,338.93,2007.57,54233.61,21.41
PIK,2011-06-02,2011,153,16.98,7.63,0,0.442134608744432,187.8615,46.6287850157697,417.47,1045.87,54312.54,12.305
PIK,2011-06-03,2011,154,22.79,6.06,0,0.914818485438744,243.189,60.4452277211805,540.42,938.38,54387.85,14.425
PIK,2011-06-04,2011,155,17.39,11.22,12.58,0.324413039314804,100.539,25.0221285849204,223.42,1331.5,54459.48,14.305
PIK,2011-06-05,2011,156,24.91,9.32,0,0.985211090387897,235.2825,58.6300867141748,522.85,1172.87,54527.39,17.115
PIK,2011-06-06,2011,157,25.98,11.83,2.86,0.98168127932709,168.0075,41.9150488416053,373.35,1386.19,54591.51,18.905
PIK,2011-06-07,2011,158,28.06,14.43,2.77,1.07095488480181,162.243,40.5216123969231,360.54,1642.7,54651.81,21.245
PIK,2011-06-08,2011,159,31.41,18.98,6.76,1.19795455524898,149.535,37.3862339408385,332.3,2193.23,54708.23,25.195
PIK,2011-06-09,2011,160,23.81,14.99,0,0.619099650712791,173.07,43.311898702827,384.6,1703.47,54760.73,19.4
PIK,2011-06-10,2011,161,19.98,9.67,0,0.564134278787841,200.34,50.180844579264,445.2,1200.75,54809.28,14.825
PIK,2011-06-11,2011,162,20.58,13.22,11.15,0.448462047181216,117.099,29.3546118810069,260.22,1519.13,54853.83,16.9
PIK,2011-06-12,2011,163,17.67,11.97,0,0.308499132279345,130.986,32.860088373987,291.08,1398.85,54894.35,14.82
PIK,2011-06-13,2011,164,18.49,10.54,5.43,0.424661526112847,128.5605,32.273025188238,285.69,1272.87,54930.8,14.515
PIK,2011-06-14,2011,165,21.86,10.47,0,0.673879755255624,210.753,52.9372844278236,468.34,1266.73,54963.16,16.165
PIK,2011-06-15,2011,166,26.96,10.67,0,1.13260464027158,236.2995,59.3846030809382,525.11,1283.76,54991.41,18.815
PIK,2011-06-16,2011,167,26.3,11.94,0,1.0090497600423,225.072,56.5878004609104,500.16,1395.86,55015.51,19.12
PIK,2011-06-17,2011,168,24.55,15.8,0,0.64027077548784,167.292,42.075946591398,371.76,1794.47,55035.45,20.175
PIK,2011-06-18,2011,169,27.42,13.94,0,1.02661545585012,214.9875,54.0874215851288,477.75,1591.94,55051.21,20.68
PIK,2011-06-19,2011,170,22.6,10,0,0.754066308803078,215.532,54.2358053222472,478.96,1227.27,55062.78,16.3
PIK,2011-06-20,2011,171,24.51,9.79,0,0.929610408592535,229.1805,57.6780010937316,509.29,1210.11,55070.16,17.15
PIK,2011-06-21,2011,172,25.77,13.36,0,0.887562610670668,206.973,52.0920144898452,459.94,1532.62,55073.32,19.565
PIK,2011-06-22,2011,173,21.05,16.94,21.96,0.278486473163253,63.9855,16.1038910897658,142.19,1929.49,55072.28,18.995
PIK,2011-06-23,2011,174,24.31,16.82,14.49,0.558584603870429,108.2835,27.2502278955329,240.63,1914.32,55067.03,20.565
PIK,2011-06-24,2011,175,22.89,17.44,10.78,0.395416503760193,82.8,20.83356425772,184,1991.35,55057.57,20.165
PIK,2011-06-25,2011,176,19.27,15.11,1.04,0.255766761916303,89.8335,22.5976811020524,199.63,1716.29,55043.92,17.19
PIK,2011-06-26,2011,177,23.27,15.09,0,0.566211048165421,159.327,40.0658382153351,354.06,1714.7,55026.09,19.18
PIK,2011-06-27,2011,178,24.87,11.66,0.99,0.882312752217788,216.684,54.4675636031904,481.52,1370.86,55004.08,18.265
PIK,2011-06-28,2011,179,26.82,17.13,4.67,0.782940801202153,130.6035,32.8140170690504,290.23,1952.71,54977.93,21.975
PIK,2011-06-29,2011,180,22.3,12.51,0,0.617494223045746,183.672,46.1220072087456,408.16,1450.01,54947.64,17.405
PIK,2011-06-30,2011,181,24.89,10.22,0,0.94668111302853,227.799,57.1669578955332,506.22,1245.94,54913.24,17.555
PIK,2011-07-01,2011,182,26.54,11.24,0,1.06455713229352,227.5875,57.0738695484037,505.75,1333.19,54874.77,18.89
PIK,2011-07-02,2011,183,27,13.8,7.95,0.990258083210093,157.1625,39.3823108521563,349.25,1576.73,54832.25,20.4
PIK,2011-07-03,2011,184,27.83,17.38,0,0.875283380742548,180.522,45.1974185486334,401.16,1983.26,54785.71,22.605
PIK,2011-07-04,2011,185,26.83,13.28,0,0.998676261479767,212.6655,53.196119247492,472.59,1524.42,54735.2,20.055
PIK,2011-07-05,2011,186,28.38,12.47,0,1.20468459143179,226.7685,56.6674134696338,503.93,1446.29,54680.75,20.425
PIK,2011-07-06,2011,187,28.02,18.52,1.32,0.822107327369911,166.284,41.508538408512,369.52,2130.87,54622.4,23.27
PIK,2011-07-07,2011,188,24.71,14.1,0,0.748665907222266,187.9335,46.859360314419,417.63,1608.03,54560.2,19.405
PIK,2011-07-08,2011,189,27.9,13.93,0,1.07903123491166,215.1045,53.569300732623,478.01,1590.91,54494.2,20.915
PIK,2011-07-09,2011,190,25.87,14.86,0,0.818951433435556,189.342,47.0930836954536,420.76,1689.16,54424.44,20.365
PIK,2011-07-10,2011,191,29.39,16.94,0,1.0793288790707,197.2575,48.9956026586895,438.35,1929.09,54350.98,23.165
PIK,2011-07-11,2011,192,30.72,20.06,0,1.03248959784633,173.3715,43.0016080948619,385.27,2346.13,54273.87,25.39
PIK,2011-07-12,2011,193,29.37,19.48,0,0.90897019284055,165.087,40.8858989564844,366.86,2263.56,54193.16,24.425
PIK,2011-07-13,2011,194,25.02,15.22,0,0.717005009209126,171.4095,42.3857579569218,380.91,1728.86,54108.92,20.12
PIK,2011-07-14,2011,195,26.6,12.25,0,1.0248651860977,215.8335,53.284301942814,479.63,1424.9,54021.2,19.425
PIK,2011-07-15,2011,196,27.57,12.06,0,1.13547520533764,222.462,54.8280779317938,494.36,1407.3,53930.07,19.815
PIK,2011-07-16,2011,197,29.94,12.22,0,1.39937739837075,230.2245,56.6418115588347,511.61,1421.9,53835.58,21.08
PIK,2011-07-17,2011,198,33.09,17.97,3.25,1.4940941835853,154.2645,37.8845382059294,342.81,2058.69,53737.79,25.53
PIK,2011-07-18,2011,199,32.16,21.61,0,1.103303145708,163.1565,39.9929350830399,362.57,2580.83,53636.78,26.885
PIK,2011-07-19,2011,200,29.1,18.69,0,0.932676269838257,168.822,41.3012940443694,375.16,2153.94,53532.61,23.895
PIK,2011-07-20,2011,201,33.89,16.87,0,1.69749281739258,217.053,52.9943254955235,482.34,1902.04,53425.35,25.38
PIK,2011-07-21,2011,202,35.37,24.14,0,1.36116048081956,162.6435,39.6280601822727,361.43,3007.33,53315.06,29.755
PIK,2011-07-22,2011,203,28.97,18.99,8.8,0.8975939982106,120.5775,29.316275980515,267.95,2194.29,53201.8,23.98
PIK,2011-07-23,2011,204,32.57,19.07,10.08,1.34681893800493,142.6005,34.5950903808531,316.89,2206.43,53085.66,25.82
PIK,2011-07-24,2011,205,27.6,18.23,33.99,0.795068233139666,113.8545,27.5593615470342,253.01,2092.98,52966.68,22.915
PIK,2011-07-25,2011,206,27.07,16.83,12.11,0.827115779143489,121.8195,29.4195879835704,270.71,1916.24,52844.96,21.95
PIK,2011-07-26,2011,207,24.14,15.35,0,0.628847721735796,146.853,35.3817211462155,326.34,1743.1,52720.55,19.745
PIK,2011-07-27,2011,208,26.71,14.98,0,0.897082452282811,180.9855,43.5002885577599,402.19,1702.23,52593.51,20.845
PIK,2011-07-28,2011,209,24.38,18.82,5.4,0.435344821460998,71.955,17.2519423199955,159.9,2172.19,52463.93,21.6
PIK,2011-07-29,2011,210,28.41,19.14,10.87,0.823262076186415,110.754,26.4875551600086,246.12,2215.11,52331.87,23.775
PIK,2011-07-30,2011,211,29.37,17.08,0,1.06792893083122,183.069,43.669667000142,406.82,1946.71,52197.4,23.225
PIK,2011-07-31,2011,212,29.67,15.89,2.61,1.1750701752562,147.4515,35.0811964962459,327.67,1804.38,52060.58,22.78
PIK,2011-08-01,2011,213,28.47,18.71,0,0.858320881312089,155.5425,36.907305389253,345.65,2157.51,51921.48,23.59
PIK,2011-08-02,2011,214,29.74,16.42,7.46,1.1520617312806,143.8425,34.0382307753405,319.65,1866.75,51780.18,23.08
PIK,2011-08-03,2011,215,20.84,16.87,15.88,0.266437191070833,55.4355,13.0816613128316,123.19,1921.31,51636.73,18.855
PIK,2011-08-04,2011,216,26.97,14.4,0,0.95567703846675,192.7845,45.365042976048,428.41,1639.39,51491.2,20.685
PIK,2011-08-05,2011,217,27.18,14.75,0,0.958099069109826,189.7695,44.5276066642448,421.71,1677.71,51343.65,20.965
PIK,2011-08-06,2011,218,28.25,17.53,1.94,0.911427735707397,168.57,39.438183948984,374.6,2002.84,51194.16,22.89
PIK,2011-08-07,2011,219,26.92,20.28,19.54,0.580089281752444,85.5135,19.9473497276121,190.03,2378.17,51042.78,23.6
PIK,2011-08-08,2011,220,27.12,18.24,0,0.743692996061596,148.662,34.5736346107572,330.36,2093.9,50889.58,22.68
PIK,2011-08-09,2011,221,22.27,17.28,25.03,0.354242041928714,69.9615,16.2210752380436,155.47,1971.08,50734.61,19.775
PIK,2011-08-10,2011,222,23.1,14.89,2.7,0.563491936751555,110.5605,25.5550850726409,245.69,1691.91,50577.94,18.995
PIK,2011-08-11,2011,223,23.21,11.08,0,0.759152792097935,195.228,44.9839885121748,433.84,1319.41,50419.63,17.145
PIK,2011-08-12,2011,224,27.1,11.01,0,1.13293138804662,217.3905,49.9317644039621,483.09,1312.74,50259.73,19.055
PIK,2011-08-13,2011,225,26.9,13.93,0,0.972314026009137,194.76,44.590161130092,432.8,1590.92,50098.31,20.415
PIK,2011-08-14,2011,226,24.78,15.94,14.6,0.653203334767651,114.1065,26.0396589301911,253.57,1810.89,49935.42,20.36
PIK,2011-08-15,2011,227,25.7,16.68,8.56,0.697330883126986,116.586,26.5179488612022,259.08,1898.19,49771.11,21.19
PIK,2011-08-16,2011,228,27.76,14.29,0,1.04525949189067,199.8135,45.2970931954608,444.03,1628.15,49605.44,21.025
PIK,2011-08-17,2011,229,27.84,13.67,0,1.08609850016188,203.517,45.9813614816574,452.26,1563.99,49438.46,20.755
PIK,2011-08-18,2011,230,28.74,16.6,0,1.02464685935903,183.726,41.3686474095204,408.28,1887.73,49270.22,22.67
PIK,2011-08-19,2011,231,28.35,13.31,0,1.16039473287226,207.144,46.4811591135024,460.32,1527.99,49100.78,20.83
PIK,2011-08-20,2011,232,28.21,16.34,2.08,0.979670619918367,135.6435,30.3313743786011,301.43,1857.51,48930.19,22.275
PIK,2011-08-21,2011,233,22.28,14.8,10.3,0.499954597168502,101.151,22.5390983778936,224.78,1682.12,48758.48,18.54
PIK,2011-08-22,2011,234,21.36,11.7,0,0.580357010160472,168.057,37.3148284814028,373.46,1374.63,48585.72,16.53
PIK,2011-08-23,2011,235,26.1,9.99,0,1.0739516325203,213.8715,47.3174794114947,475.27,1226.22,48411.94,18.045
PIK,2011-08-24,2011,236,25.71,17.42,18.82,0.652482094427266,105.0165,23.150257746066,233.37,1989.47,48237.2,21.565
PIK,2011-08-25,2011,237,24.63,17.41,0,0.551222668767006,125.7885,27.6283360924708,279.53,1987.39,48061.53,21.02
PIK,2011-08-26,2011,238,23.61,15.19,0,0.591006739405069,145.7505,31.8952171831293,323.89,1724.95,47884.98,19.4
PIK,2011-08-27,2011,239,26.16,13.91,0,0.897924074688232,183.3615,39.9771501554975,407.47,1588.77,47707.59,20.035
PIK,2011-08-28,2011,240,20.48,15.09,0,0.343618127575963,98.8515,21.4714753698506,219.67,1714.16,47529.41,17.785
PIK,2011-08-29,2011,241,23.96,9.4,0,0.895076592090505,203.121,43.9536879130959,451.38,1179.22,47350.47,16.68
PIK,2011-08-30,2011,242,26.85,11.78,0,1.07215468371559,200.808,43.2883013861736,446.24,1381.69,47170.81,19.315
PIK,2011-08-31,2011,243,24.9,14.73,0,0.732919305837321,160.857,34.5434767210152,357.46,1674.87,46990.48,19.815
PIK,2011-09-01,2011,244,24.93,16.35,5.79,0.64393661437647,105.8085,22.6344924220275,235.13,1858.13,46809.5,20.64
PIK,2011-09-02,2011,245,28.08,15.31,3.26,1.02489112847179,133.5015,28.4477804867916,296.67,1738.8,46627.92,21.695
PIK,2011-09-03,2011,246,29.75,19.79,2.2,0.932473988767617,109.9575,23.3392676493218,244.35,2307.25,46445.77,24.77
PIK,2011-09-04,2011,247,24.73,18.83,6.66,0.466803587926911,74.3805,15.7256979694546,165.29,2173.64,46263.09,21.78
PIK,2011-09-05,2011,248,15.46,12.75,0,0.138969540008607,53.685,11.3052658553595,119.3,1472.91,46079.91,14.105
PIK,2011-09-06,2011,249,18.97,9.64,0,0.494971738583349,156.7755,32.8830267956494,348.39,1197.8,45896.27,14.305
PIK,2011-09-07,2011,250,19.42,11.51,0,0.445735638816433,136.6335,28.5433814615081,303.63,1357.51,45712.19,15.465
PIK,2011-09-08,2011,251,22.48,14.36,0,0.539251557583261,134.253,27.9329047787412,298.34,1635.72,45527.72,18.42
PIK,2011-09-09,2011,252,25.6,11.98,0,0.937479237146585,183.7305,38.0720759632488,408.29,1399.95,45342.88,18.79
PIK,2011-09-10,2011,253,24.36,11.32,0,0.850962140903883,180.045,37.156010701005,400.1,1339.88,45157.7,17.84
PIK,2011-09-11,2011,254,24.9,10.94,0,0.917153413702483,185.013,38.0244351985902,411.14,1306.96,44972.22,17.92
PIK,2011-09-12,2011,255,26.92,14.77,0,0.929880852914989,167.4225,34.2670532240295,372.05,1679.76,44786.46,20.845
PIK,2011-09-13,2011,256,25.21,15.4,0,0.72475976536998,145.944,29.7469047714768,324.32,1749.15,44600.46,20.305
PIK,2011-09-14,2011,257,20.83,7.3,2.81,0.716761847506592,136.6785,27.7420619236163,303.73,1021.99,44414.25,14.065
PIK,2011-09-15,2011,258,14.39,5.53,0,0.36559194964951,144.954,29.298287223873,322.12,904.7,44227.85,9.96
PIK,2011-09-16,2011,259,13.8,3.18,0,0.403668236975791,165.0735,33.2241279736046,366.83,767.37,44041.29,8.49
PIK,2011-09-17,2011,260,17,2.99,0,0.588120032337439,187.1685,37.511472629457,415.93,757.2,43854.6,9.995
PIK,2011-09-18,2011,261,18.97,5.39,0,0.646135221807623,181.809,36.2821562767566,404.02,895.99,43667.82,12.18
PIK,2011-09-19,2011,262,16.87,8.51,15.23,0.403463806260606,100.566,19.9832720366214,223.48,1110.01,43480.97,12.69
PIK,2011-09-20,2011,263,21.25,11.16,0,0.596487327365662,148.2075,29.3234318694293,329.35,1325.89,43294.07,16.205
PIK,2011-09-21,2011,264,22.41,9.75,7.69,0.748266404447148,125.1045,24.6455516208654,278.01,1207.19,43107.16,16.08
PIK,2011-09-22,2011,265,22.36,13.9,0,0.554198828631803,127.5795,25.0241560697619,283.51,1586.93,42920.26,18.13
PIK,2011-09-23,2011,266,18.66,11.88,29.25,0.377553542792199,81.2655,15.8704763217224,180.59,1390.35,42733.41,15.27
PIK,2011-09-24,2011,267,21.43,11.84,0,0.579367402325441,139.311,27.0873596572074,309.58,1387.44,42546.62,16.635
PIK,2011-09-25,2011,268,23.55,11.04,0,0.791171044008124,160.344,31.0401813424752,356.32,1315.08,42359.94,17.295
PIK,2011-09-26,2011,269,25.47,14.86,0,0.779541698459829,141.2145,27.2166019589457,313.81,1689.53,42173.38,20.165
PIK,2011-09-27,2011,270,22.59,16.46,8.12,0.430627414550004,68.013,13.0503683512818,151.14,1871.17,41986.98,19.525
PIK,2011-09-28,2011,271,22.35,14.21,3.73,0.536313603928948,88.3215,16.8720096172338,196.27,1620.08,41800.76,18.28
PIK,2011-09-29,2011,272,18.42,12.83,13.79,0.315827577578765,66.4785,12.6428447795562,147.73,1480.78,41614.76,15.625
PIK,2011-09-30,2011,273,16.87,9.23,10.38,0.375640143620773,88.686,16.79096738358,197.08,1165.45,41429,13.05
PIK,2011-10-01,2011,274,11.39,4.84,0,0.241027016916679,107.2935,20.2229885719584,238.43,862.33,41243.52,8.115
PIK,2011-10-02,2011,275,9.84,3.47,7.57,0.215015611835701,79.4925,14.9157035224965,176.65,782.95,41058.34,6.655
PIK,2011-10-03,2011,276,13.3,7.46,5.67,0.245410295920088,72.3645,13.5170987786699,160.81,1033.19,40873.49,10.38
PIK,2011-10-04,2011,277,18.65,9.61,0,0.47428721395173,131.0175,24.3625497077745,291.15,1195.62,40689.02,14.13
PIK,2011-10-05,2011,278,18.2,5.21,0,0.600496976365943,158.9085,29.4151672090143,353.13,884.58,40504.94,11.705
PIK,2011-10-06,2011,279,18.02,1.4,0,0.693205801022138,171.7335,31.6450392909026,381.63,675.87,40321.29,9.71
PIK,2011-10-07,2011,280,22.32,5.45,0,0.894974538675819,166.275,30.5000165779425,369.5,899.89,40138.11,13.885
PIK,2011-10-08,2011,281,24.61,7.39,0,1.02970100349154,162.63,29.695631292522,361.4,1028.64,39955.42,16.0
PIK,2011-10-09,2011,282,25.77,9.62,0,1.0558181316253,155.637,28.2891793730643,345.86,1196.7,39773.27,17.695
PIK,2011-10-10,2011,283,25.48,9.49,0,1.03300755341133,153.324,27.7415281884492,340.72,1186.08,39591.69,17.485
PIK,2011-10-11,2011,284,22.46,9.12,0,0.778114343648197,142.551,25.6744250739297,316.78,1156.47,39410.71,15.79
PIK,2011-10-12,2011,285,18.8,11.97,16.32,0.382479808557322,66.411,11.9063494264599,147.58,1398.99,39230.37,15.385
PIK,2011-10-13,2011,286,18.1,11.78,3.98,0.345115729107763,62.163,11.0937174357861,138.14,1381.2,39050.71,14.94
PIK,2011-10-14,2011,287,16.26,12.01,3.57,0.220399891725922,43.965,7.810115962788,97.7,1402.58,38871.76,14.135
PIK,2011-10-15,2011,288,9.97,7.13,3.17,0.105917489604499,31.9725,5.65368486239025,71.05,1010.67,38693.57,8.55
PIK,2011-10-16,2011,289,12.41,6.19,0.96,0.245221109976502,86.868,15.2904135057768,193.04,947.18,38516.18,9.3
PIK,2011-10-17,2011,290,11.66,4.74,1.01,0.256180336269765,96.372,16.8855413781852,214.16,856.29,38339.63,8.2
PIK,2011-10-18,2011,291,12.62,6.14,2.48,0.256996092744647,68.2065,11.8958446124348,151.57,943.75,38163.95,9.38
PIK,2011-10-19,2011,292,11.51,6.95,25.78,0.178546929063435,49.7205,8.632008025002,110.49,997.84,37989.2,9.23
PIK,2011-10-20,2011,293,11.08,7.21,7.77,0.150345979150308,43.0515,7.4400082323741,95.67,1015.97,37815.42,9.145
PIK,2011-10-21,2011,294,9.43,4.99,0,0.15407001428947,66.8835,11.5057618684268,148.63,871.43,37642.65,7.21
PIK,2011-10-22,2011,295,9.16,4.2,0,0.167269291069867,74.2455,12.7139624482689,164.99,824.23,37470.94,6.68
PIK,2011-10-23,2011,296,13.67,-0.35,0,0.483423471017544,142.8165,24.3448587880637,317.37,595.24,37300.33,6.66
PIK,2011-10-24,2011,297,14.28,5.8,2.55,0.350866291931937,80.919,13.7309931117504,179.82,922.16,37130.88,10.04
PIK,2011-10-25,2011,298,11.66,2.75,15.49,0.312293493896265,84.582,14.2875292553136,187.96,744.28,36962.64,7.205
PIK,2011-10-26,2011,299,5.26,3.65,4.23,0.0468733256192423,20.6685,3.47553477655425,45.93,793.34,36795.65,4.455
PIK,2011-10-27,2011,300,3.73,-0.73,0,0.109162820585212,66.645,11.1563038824705,148.1,579.23,36629.97,1.5
PIK,2011-10-28,2011,301,8.92,-3.45,0,0.333754135875944,132.885,22.145028276987,295.3,473.35,36465.66,2.735
PIK,2011-10-29,2011,302,8.53,-0.85,0,0.26862200898807,114.165,18.9403807836375,253.7,573.8,36302.75,3.84
PIK,2011-10-30,2011,303,9.82,-2.85,0,0.358221841289992,129.5325,21.394343185353,287.85,495.27,36141.32,3.485
PIK,2011-10-31,2011,304,10.11,1.37,0,0.280465826444582,104.508,17.1847775469996,232.24,674.26,35981.41,5.74
PIK,2011-11-01,2011,305,11.94,0.71,0,0.37602768054382,117.9855,19.3155856963411,262.19,642.81,35823.09,6.325
PIK,2011-11-02,2011,306,16.42,2.58,0,0.564013440052021,124.0245,20.2154346083957,275.61,735.51,35666.41,9.5
PIK,2011-11-03,2011,307,10.07,4.35,0,0.199275176830376,70.074,11.3721157123974,155.72,833.06,35511.43,7.21
PIK,2011-11-04,2011,308,7.89,-3.2,0,0.290654209216431,114.561,18.5115757992894,254.58,482.48,35358.22,2.345
PIK,2011-11-05,2011,309,8.21,-3.81,0,0.31309093948018,118.2555,19.0267438727471,262.79,460.98,35206.83,2.2
PIK,2011-11-06,2011,310,13.47,-1.62,0,0.499883617876572,124.6995,19.9783503583038,277.11,542.28,35057.32,5.925
PIK,2011-11-07,2011,311,16.85,5.71,0,0.4996431612698,108.1755,17.258064938582,240.39,915.89,34909.77,11.28
PIK,2011-11-08,2011,312,11.22,7.13,0.8,0.159617746287879,51.759,8.2230809718186,115.02,1010.07,34764.22,9.175
PIK,2011-11-09,2011,313,15.1,6.33,4.58,0.377936326764367,71.568,11.3232651811776,159.04,956.37,34620.76,10.715
PIK,2011-11-10,2011,314,7.85,2.77,0,0.157746375749101,65.9025,10.384325516322,146.45,745.07,34479.44,5.31
PIK,2011-11-11,2011,315,4.2,-1.7,0,0.142701690219109,75.663,11.8741962167703,168.14,539.2,34340.33,1.25
PIK,2011-11-12,2011,316,12.54,1.1,0,0.394922066898019,109.422,17.1037472723046,243.16,661.12,34203.49,6.82
PIK,2011-11-13,2011,317,14.92,4.75,3.62,0.417944197770518,74.5425,11.605919136525,165.65,856.93,34069,9.835
PIK,2011-11-14,2011,318,14.28,7.53,7.12,0.293062529915736,55.5795,8.6199204962898,123.51,1038.1,33936.92,10.905
PIK,2011-11-15,2011,319,12.59,3.08,0,0.346840232342371,94.5585,14.6092407910889,210.13,761.72,33807.33,7.835
PIK,2011-11-16,2011,320,10.77,3.7,0,0.247084155429419,76.7115,11.8073481324354,170.47,796.11,33680.28,7.235
PIK,2011-11-17,2011,321,4.75,-1.8,0,0.160720238385554,73.4625,11.2654916019563,163.25,535.36,33555.85,1.475
PIK,2011-11-18,2011,322,5.54,-2.88,0,0.205601755084506,86.832,13.2673984226064,192.96,494.11,33434.11,1.33
PIK,2011-11-19,2011,323,12.21,2.95,0,0.332283957926914,87.8625,13.37707427067,195.25,754.86,33315.12,7.58
PIK,2011-11-20,2011,324,12.85,2.58,0,0.372489065879215,91.305,13.8527216929575,202.9,735.31,33198.95,7.715
PIK,2011-11-21,2011,325,2.71,-4.81,0,0.157766775879412,76.203,11.5220122937928,169.34,427.24,33085.68,-1.05
PIK,2011-11-22,2011,326,1.05,-6.25,10,0.138317303755055,62.739,9.4546038774528,139.42,383.05,32975.36,-2.6
PIK,2011-11-23,2011,327,5.98,-1.84,0,0.199946721774931,86.4765,12.9893864969484,192.17,533.52,32868.08,2.07
PIK,2011-11-24,2011,328,8.48,-3.41,0,0.316396676656602,108.117,16.1884640727441,240.26,474.71,32763.89,2.535
PIK,2011-11-25,2011,329,14.04,3.43,0,0.409373750055372,97.146,14.5009125228492,215.88,780.85,32662.86,8.735
PIK,2011-11-26,2011,330,11.58,6.04,0,0.211792187157529,52.8615,7.8669712906983,117.47,937.48,32565.06,8.81
PIK,2011-11-27,2011,331,11.71,7.63,8.61,0.163414924173633,30.0375,4.4572756727925,66.75,1045.71,32470.54,9.67
PIK,2011-11-28,2011,332,5.92,1.91,10.73,0.114089628062328,30.726,4.5466433567298,68.28,700.88,32379.39,3.915
PIK,2011-11-29,2011,333,4.79,2.71,41.17,0.0584823858712143,17.658,2.6058404105784,39.24,741.97,32291.64,3.75
PIK,2011-11-30,2011,334,1.86,-2,3.22,0.0857641426848449,31.203,4.5926986330998,69.34,527.37,32207.38,-0.07
PIK,2011-12-01,2011,335,6.39,-4.12,0,0.255013309581336,89.334,13.115909830527,198.52,450.2,32126.65,1.135
PIK,2011-12-02,2011,336,2.34,-2.99,1.5,0.116659203292337,56.6955,8.30397788351685,125.99,489.98,32049.51,-0.325
PIK,2011-12-03,2011,337,5.83,-5.91,0,0.265523492721881,92.736,13.5515540696256,206.08,392.97,31976.03,-0.04
PIK,2011-12-04,2011,338,9.01,2.02,7.9,0.220210454097064,50.274,7.330530493125,111.72,706.6,31906.25,5.515
PIK,2011-12-05,2011,339,6.27,2.75,14.14,0.103950573535848,28.359,4.1265125713386,63.02,743.96,31840.22,4.51
PIK,2011-12-06,2011,340,2.26,-0.37,1.11,0.0620679986663456,30.3795,4.41187547372685,67.51,594.63,31777.99,0.945
PIK,2011-12-07,2011,341,0.6,-2.28,0,0.0608927622012938,33.912,4.9158381932208,75.36,516.64,31719.62,-0.84
PIK,2011-12-08,2011,342,2.01,-2.83,0,0.105175306995489,54.1845,7.8410221869681,120.41,496,31665.14,-0.41
PIK,2011-12-09,2011,343,0.91,-2.85,0.95,0.0787527185620647,43.6275,6.303245444055,96.95,495.3,31614.6,-0.97
PIK,2011-12-10,2011,344,-2.15,-8.01,0,0.0943788849578857,64.4535,9.2984449442598,143.23,334.16,31568.04,-5.08
PIK,2011-12-11,2011,345,2.61,-6.96,0,0.187438649138482,85.878,12.37257528273,190.84,362.62,31525.5,-2.175
PIK,2011-12-12,2011,346,6.07,-3.71,0,0.237345209556541,85.698,12.33156427182,190.44,464.43,31487,1.18
PIK,2011-12-13,2011,347,7.17,-4.02,0,0.279597373830282,89.613,12.8808153402237,199.14,453.7,31452.57,1.575
PIK,2011-12-14,2011,348,8.93,-2.18,7.26,0.310528070627141,65.529,9.4099465892178,145.62,520.39,31422.26,3.375
PIK,2011-12-15,2011,349,12.44,2.7,5.26,0.34951244571217,60.7815,8.7209348228964,135.07,741.81,31396.08,7.57
PIK,2011-12-16,2011,350,4.08,-0.31,0,0.110124582067412,47.6685,6.8346791556318,105.93,597.19,31374.04,1.885
PIK,2011-12-17,2011,351,-4.32,-9.24,0,0.0705946435871529,54.486,7.8077208033036,121.08,303.67,31356.18,-6.78
PIK,2011-12-18,2011,352,2.8,-11.33,0,0.245177084681808,95.1525,13.6291897468125,211.45,257.23,31342.5,-4.265
PIK,2011-12-19,2011,353,5.28,-2.07,0,0.182400511791181,71.5995,10.2524685442893,159.11,524.5,31333.02,1.605
PIK,2011-12-20,2011,354,0.89,-7.43,0,0.151409375819919,78.8445,11.2879913836851,175.21,349.57,31327.74,-3.27
PIK,2011-12-21,2011,355,4.43,-3.33,5.34,0.180046137077082,55.539,7.9511232978441,123.42,477.87,31326.67,0.55
PIK,2011-12-22,2011,356,4.93,-1.98,2.44,0.169970443079888,51.3855,7.35723363952035,114.19,527.99,31329.81,1.475
PIK,2011-12-23,2011,357,-2.54,-8.91,0,0.0983143580618231,66.9015,9.58101569711325,148.67,311.47,31337.15,-5.725
PIK,2011-12-24,2011,358,-0.07,-11.93,0,0.181935226491339,92.3355,13.2283123520445,205.19,244.97,31348.7,-6.0
PIK,2011-12-25,2011,359,3.05,-3.4,0,0.142541650584346,67.104,9.6183817079904,149.12,475.39,31364.43,-0.175
PIK,2011-12-26,2011,360,3.22,-0.81,0,0.0969073842329391,45.3465,6.50388885264675,100.77,575.72,31384.35,1.205
PIK,2011-12-27,2011,361,2.43,-0.41,12.42,0.0674358716481461,24.669,3.5409014103186,54.82,592.77,31408.42,1.01
PIK,2011-12-28,2011,362,-5.19,-12.07,0,0.0871918242750414,72.4275,10.405329003252,160.95,242.36,31436.64,-8.63
PIK,2011-12-29,2011,363,-5.35,-17.5,3.63,0.128560024952931,77.9985,11.2172133264107,173.33,154.69,31468.97,-11.425
PIK,2011-12-30,2011,364,0.36,-7.31,2.52,0.137507302840034,62.2755,8.966406437289,138.39,352.88,31505.4,-3.475
PIK,2011-12-31,2011,365,1.97,-2.88,1.22,0.105229643562191,59.1435,8.52640595763255,131.43,494.02,31545.89,-0.455
PIK,2012-01-01,2012,1,4.86,0.06,6.47,0.124831996125469,42.8355,6.1841240137557,95.19,613.52,31590.62,2.46
PIK,2012-01-02,2012,2,-0.79,-8.01,1.96,0.121580260243906,82.2915,11.8986070835898,182.87,334.36,31639.16,-4.4
PIK,2012-01-03,2012,3,-8.84,-18.14,0,0.0842920004996968,97.677,14.1466420075185,217.06,146.48,31691.65,-13.49
PIK,2012-01-04,2012,4,-0.88,-17.31,0,0.208404765607983,114.0885,16.5529498567711,253.53,157.18,31748.07,-9.095
PIK,2012-01-05,2012,5,0.39,-3.98,0,0.0871178072028532,55.053,8.0027330729535,122.34,454.89,31808.35,-1.795
PIK,2012-01-06,2012,6,6.1,-2.86,0,0.223287587423695,93.726,13.6518655931154,208.28,494.66,31872.47,1.62
PIK,2012-01-07,2012,7,6.7,-0.09,0,0.186883156348392,78.4485,11.4509307098687,174.33,606.74,31940.37,3.305
PIK,2012-01-08,2012,8,-0.78,-8.16,0,0.12383217766243,86.0895,12.5944456938899,191.31,330.38,32011.99,-4.47
PIK,2012-01-09,2012,9,3.85,-4.49,0,0.183646062113069,92.493,13.5630731928429,205.54,437.68,32087.29,-0.32
PIK,2012-01-10,2012,10,3.34,0.73,0,0.0660489350425456,34.5195,5.0743535689953,76.71,643.89,32166.22,2.035
PIK,2012-01-11,2012,11,4.32,-2.06,1.78,0.153239974220804,77.4225,11.4102616391775,172.05,525.08,32248.7,1.13
PIK,2012-01-12,2012,12,3.47,-1.3,11.17,0.11405293712084,45.6435,6.7447207790865,101.43,555.28,32334.7,1.085
PIK,2012-01-13,2012,13,-0.26,-7.27,2.41,0.123093899728721,63.9855,9.4812638815629,142.19,354.06,32424.14,-3.765
PIK,2012-01-14,2012,14,-11.87,-17.39,0,0.0459016002054655,73.674,10.9481444823546,163.72,156.21,32516.97,-14.63
PIK,2012-01-15,2012,15,-5.8,-19.28,0,0.132574798165283,119.754,17.8483706862336,266.12,132.86,32613.12,-12.54
PIK,2012-01-16,2012,16,3.68,-12.86,2.99,0.284098552625775,91.548,13.6860838027308,203.44,227.33,32712.53,-4.59
PIK,2012-01-17,2012,17,7.66,-1.5,5.25,0.249884438886776,76.257,11.4358954785786,169.46,547.33,32815.14,3.08
PIK,2012-01-18,2012,18,-4.58,-12.06,0,0.0970235546412902,95.211,14.3243403178149,211.58,242.43,32920.87,-8.32
PIK,2012-01-19,2012,19,-2.34,-10.93,3.39,0.125133899996471,77.5935,11.7123932390697,172.43,265.44,33029.66,-6.635
PIK,2012-01-20,2012,20,-7.19,-15.93,4.16,0.0906619432174656,79.92,12.10439760588,177.6,176.56,33141.45,-11.56
PIK,2012-01-21,2012,21,-3.79,-11.19,0,0.101401177083994,97.4925,14.8169780925233,216.65,260.13,33256.17,-7.49
PIK,2012-01-22,2012,22,1.54,-12.97,0,0.229150702857171,129.222,19.7086799363796,287.16,225.27,33373.74,-5.715
PIK,2012-01-23,2012,23,5.56,-2.3,8.37,0.195316855352497,75.0015,11.4803323770555,166.67,515.88,33494.1,1.63
PIK,2012-01-24,2012,24,0.58,-1.23,1.61,0.0396662319074396,29.268,4.4964591803244,65.04,558.17,33617.19,-0.325
PIK,2012-01-25,2012,25,-1.51,-3.07,2.32,0.030374338970103,20.043,3.0907346251743,44.54,487.03,33742.93,-2.29
PIK,2012-01-26,2012,26,0.44,-3.28,5.5,0.0758091946845877,42.4305,6.56788551418125,94.29,479.57,33871.25,-1.42
PIK,2012-01-27,2012,27,1.82,-1.63,6.77,0.0773647232018684,39.654,6.1618154550624,88.12,542.06,34002.08,0.095
PIK,2012-01-28,2012,28,1.51,-4.26,2.72,0.118212864913714,63.7785,9.9493564039632,141.73,445.43,34135.36,-1.375
PIK,2012-01-29,2012,29,-0.36,-5.59,1.51,0.0965562626062717,79.983,12.5268223964562,177.74,402.76,34271.02,-2.975
PIK,2012-01-30,2012,30,-0.56,-7.58,6.09,0.120848325107558,76.3875,12.0118644269663,169.75,345.64,34408.99,-4.07
PIK,2012-01-31,2012,31,8.9,-4.66,0,0.353404246021728,136.557,21.5609696677629,303.46,432.37,34549.21,2.12
PIK,2012-02-01,2012,32,6.6,1.66,0,0.142321608852201,75.2355,11.927882214126,167.19,688.73,34691.6,4.13
PIK,2012-02-02,2012,33,-1.09,-2.94,0,0.0365562759114786,33.0705,5.2648559098785,73.49,491.77,34836.1,-2.015
PIK,2012-02-03,2012,34,1.99,-4.55,0,0.134729402040507,103.176,16.494820426548,229.28,435.99,34982.65,-1.28
PIK,2012-02-04,2012,35,1.22,-5.81,0,0.135772658498817,109.4985,17.5799286154611,243.33,396.19,35131.18,-2.295
PIK,2012-02-05,2012,36,3.04,-2.57,0,0.12719197312195,93.4425,15.0663929605268,207.65,505.61,35281.63,0.235
PIK,2012-02-06,2012,37,7.11,-3.21,0,0.263293872900305,135.765,21.9848419044765,301.7,482.1,35433.93,1.95
PIK,2012-02-07,2012,38,1.65,-4.86,0,0.131627708061813,107.2395,17.4411424223555,238.31,425.59,35588.03,-1.605
PIK,2012-02-08,2012,39,1.6,-10.52,0,0.206153454369433,148.4415,24.2478359274483,329.87,274.25,35743.86,-4.46
PIK,2012-02-09,2012,40,5.18,-7.12,0,0.262478221766703,148.3065,24.3325310640588,329.57,358.25,35901.36,-0.97
PIK,2012-02-10,2012,41,-0.74,-4.71,3.09,0.0743561376423539,52.9785,8.73066331722015,117.73,430.73,36060.47,-2.725
PIK,2012-02-11,2012,42,-8.45,-14.61,5.72,0.0638396168193938,79.8075,13.2105841416135,177.35,197.01,36221.14,-11.53
PIK,2012-02-12,2012,43,-3.24,-12.23,2.93,0.121594587181662,102.717,17.0789329514439,228.26,239.2,36383.31,-7.735
PIK,2012-02-13,2012,44,2.11,-7.14,0,0.176989291694076,139.104,23.2330700117376,309.12,357.7,36546.92,-2.515
PIK,2012-02-14,2012,45,1.16,-4.9,1.53,0.12032001869993,107.8245,18.0900909904428,239.61,424.38,36711.92,-1.87
PIK,2012-02-15,2012,46,3.23,-1.56,0,0.112528409521656,91.413,15.4061663829066,203.14,544.98,36878.26,0.835
PIK,2012-02-16,2012,47,3.61,-3.12,0.69,0.153126612812382,122.247,20.6963713673973,271.66,485.14,37045.87,0.245
PIK,2012-02-17,2012,48,2.57,-1.9,3.04,0.102087986131864,66.9915,11.3933295110016,148.87,531.11,37214.72,0.335
PIK,2012-02-18,2012,49,0.88,-4.44,6.43,0.10599922808081,79.5375,13.5888472577813,176.75,439.58,37384.75,-1.78
PIK,2012-02-19,2012,50,-2,-9.51,0,0.115665240587134,139.8285,23.998836585758,310.73,297.27,37555.91,-5.755
PIK,2012-02-20,2012,51,2.16,-12.93,0,0.244192506837311,178.119,30.7108585988145,395.82,226.05,37728.15,-5.385
PIK,2012-02-21,2012,52,3.21,-7.22,2.22,0.206929214642881,123.084,21.3193224182484,273.52,355.52,37901.43,-2.005
PIK,2012-02-22,2012,53,4.76,-0.1,0,0.125683362873696,101.9925,17.7472970923253,226.65,606.13,38075.69,2.33
PIK,2012-02-23,2012,54,5.88,-2.66,1.83,0.21234698597118,151.6095,26.5023501221777,336.91,502.21,38250.91,1.61
PIK,2012-02-24,2012,55,2.99,-2.54,10.06,0.1254236899615,84.618,14.8598923331052,188.04,506.6,38427.02,0.225
PIK,2012-02-25,2012,56,-1.75,-5.35,0,0.0641925560361168,79.4295,14.01297463026,176.51,410.06,38604,-3.55
PIK,2012-02-26,2012,57,0.77,-11.88,0,0.200332025149586,182.088,32.2719624992664,404.64,246.1,38781.79,-5.555
PIK,2012-02-27,2012,58,7.29,-4.17,0,0.286517126156402,174.7935,31.1217808234662,388.43,448.41,38960.36,1.56
PIK,2012-02-28,2012,59,1.41,-6.64,0,0.152814249749255,149.9445,26.8203097423359,333.21,371.54,39139.66,-2.615
PIK,2012-02-29,2012,60,0.21,-2.48,8.62,0.055769862616552,40.5765,7.29122747518035,90.17,509.1,39319.67,-1.135
PIK,2012-03-01,2012,61,2.21,-2.98,4.41,0.113283014699404,76.149,13.7461515753069,169.22,490.21,39500.33,-0.385
PIK,2012-03-02,2012,62,6.69,-0.27,5.14,0.190625099147039,94.707,17.1746369088939,210.46,598.72,39681.61,3.21
PIK,2012-03-03,2012,63,4.36,-0.15,0,0.114862872141843,89.8155,16.3622378328858,199.59,604.04,39863.48,2.105
PIK,2012-03-04,2012,64,-5.07,-10.65,0,0.0746012753063652,112.2795,20.5482446847585,249.51,271.44,40045.9,-7.86
PIK,2012-03-05,2012,65,-4.16,-16.22,0,0.138999989517011,175.5045,32.2657649954946,390.01,172.35,40228.84,-10.19
PIK,2012-03-06,2012,66,4.82,-11.63,0,0.305241833015888,185.328,34.22711310876,411.84,251.08,40412.25,-3.405
PIK,2012-03-07,2012,67,14.88,-1.55,0,0.572230474539616,181.8045,33.7291468543278,404.01,545.01,40596.12,6.665
PIK,2012-03-08,2012,68,12.26,0.76,2.7,0.389427047988407,124.3215,23.169353878602,276.27,645.41,40780.4,6.51
PIK,2012-03-09,2012,69,2.21,-5.12,2.32,0.149518669900315,101.007,18.9095532164694,224.46,417.58,40965.06,-1.455
PIK,2012-03-10,2012,70,2.4,-10.8,0,0.229123558594823,183.6225,34.531288181136,408.05,268.39,41150.08,-4.2
PIK,2012-03-11,2012,71,15.38,-2.7,0,0.622058373103737,190.17,35.923649983029,422.6,500.56,41335.41,6.34
PIK,2012-03-12,2012,72,14.07,0.84,5.62,0.477165004654351,132.6285,25.1664047080124,294.73,648.82,41521.03,7.455
PIK,2012-03-13,2012,73,16.75,5.13,0,0.511667362297417,167.085,31.846505327874,371.3,879.75,41706.92,10.94
PIK,2012-03-14,2012,74,15.52,0.22,0,0.569740149558443,186.8805,35.7784860956216,415.29,620.52,41893.03,7.87
PIK,2012-03-15,2012,75,17.26,4.47,8.63,0.562823056936087,130.1895,25.0357772336301,289.31,840.06,42079.34,10.865
PIK,2012-03-16,2012,76,17.76,6.2,0,0.540462212191196,165.4785,31.9629661415559,367.73,947.53,42265.82,11.98
PIK,2012-03-17,2012,77,12.07,4.86,0,0.271220970815386,124.11,24.078295212615,275.8,863.6,42452.45,8.465
PIK,2012-03-18,2012,78,20.78,4.71,0,0.796558054203622,187.848,36.6042675934584,417.44,854.77,42639.19,12.745
PIK,2012-03-19,2012,79,22.5,7.8,0,0.830441574909827,179.991,35.2269143922087,399.98,1058.03,42826.01,15.15
PIK,2012-03-20,2012,80,22,7.79,0,0.790366111800147,178.1505,35.0188491199486,395.89,1056.98,43012.89,14.895
PIK,2012-03-21,2012,81,23.81,8.43,0,0.919393457299897,183.4605,36.219338069103,407.69,1104.26,43199.8,16.12
PIK,2012-03-22,2012,82,24.38,8.42,1.24,0.971060837295342,186.0345,36.8864032980555,413.41,1103.46,43386.7,16.4
PIK,2012-03-23,2012,83,15.44,10.64,3.47,0.233839950195318,60.498,12.0470430037788,134.44,1281.3,43573.58,13.04
PIK,2012-03-24,2012,84,12.51,7.97,1.42,0.188696326860996,79.704,15.9396103141848,177.12,1069.78,43760.41,10.24
PIK,2012-03-25,2012,85,17.62,5.3,0,0.560136408721275,174.339,35.0139710129022,387.42,890.35,43947.14,11.46
PIK,2012-03-26,2012,86,3.82,-4.09,0,0.175769043083409,134.928,27.2138076258192,299.84,451.4,44133.77,-0.135
PIK,2012-03-27,2012,87,5.8,-7.23,1.08,0.283431997142304,209.763,42.4861411054275,466.14,355.17,44320.25,-0.715
PIK,2012-03-28,2012,88,16.85,0.19,0.84,0.648429253666868,202.608,41.2094592049392,450.24,619.01,44506.57,8.52
PIK,2012-03-29,2012,89,3.89,-0.18,0,0.101975189145795,75.0375,15.326075278035,166.75,602.76,44692.68,1.855
PIK,2012-03-30,2012,90,4.8,-6.42,0.74,0.241248442946959,194.175,39.82432535316,431.5,377.86,44878.56,-0.81
PIK,2012-03-31,2012,91,8.39,-1.01,0,0.266464397990576,152.784,31.4648415444384,339.52,567.38,45064.18,3.69
PIK,2012-04-01,2012,92,4.98,0.8,2.37,0.111547758856957,57.1005,11.8078298905932,126.89,647.28,45249.52,2.89
PIK,2012-04-02,2012,93,11.54,-1.25,0,0.400668163789545,186.0525,38.6311600702103,413.45,557.31,45434.53,5.145
PIK,2012-04-03,2012,94,10.83,-3.06,0,0.404281072393858,193.8645,40.416821330688,430.81,487.6,45619.2,3.885
PIK,2012-04-04,2012,95,11.07,0.09,0,0.350901456348865,169.2855,35.4351631118778,376.19,614.87,45803.48,5.58
PIK,2012-04-05,2012,96,8.41,-0.98,0,0.266863466593924,155.457,32.6711763887166,345.46,568.35,45987.34,3.715
PIK,2012-04-06,2012,97,11.69,-1.44,0,0.411322027416223,193.662,40.8627542746584,430.36,549.56,46170.76,5.125
PIK,2012-04-07,2012,98,14.77,-1.42,0,0.575613666464167,211.338,44.769083005242,469.64,538.28,46353.7,6.675
PIK,2012-04-08,2012,99,16,-1.32,0,0.651711903561793,215.343,45.7970105394612,478.54,533.04,46536.12,7.34
PIK,2012-04-09,2012,100,11.27,1.79,0,0.319788800162276,155.745,33.2517466211535,346.1,694.78,46717.99,6.53
PIK,2012-04-10,2012,101,6.72,1.9,1.82,0.140597299094694,90.1665,19.3253597606484,200.37,700.44,46899.28,4.31
PIK,2012-04-11,2012,102,10.64,1.14,0,0.308066903431201,163.0305,35.0768803428369,362.29,663.36,47079.94,5.89
PIK,2012-04-12,2012,103,12.16,-0.52,0,0.422229025756079,196.6995,42.4827500158971,437.11,579.36,47259.94,5.82
PIK,2012-04-13,2012,104,14.75,-1.59,0,0.609217093570876,220.392,47.78040652002,489.76,500.18,47439.25,6.58
PIK,2012-04-14,2012,105,15.57,0.09,0,0.626194382001537,215.676,46.9339957246824,479.28,563.98,47617.82,7.83
PIK,2012-04-15,2012,106,16.56,10.27,0.68,0.314383438184173,113.1795,24.7213384159171,251.51,1250.05,47795.61,13.415
PIK,2012-04-16,2012,107,24.59,10.95,0,1.05573415386539,196.4475,43.0681158592943,436.55,1139.98,47972.59,17.77
PIK,2012-04-17,2012,108,9.16,1.77,0,0.232548177800698,138.222,30.4143142408434,307.16,693.84,48148.71,5.465
PIK,2012-04-18,2012,109,10.37,-4.22,0,0.433705106703381,218.5875,48.27293222391,485.75,418.37,48323.92,3.075
PIK,2012-04-19,2012,110,20.6,1.29,0.56,1.00823243791309,234.5085,51.9756966985406,521.13,537.8,48498.19,10.945
PIK,2012-04-20,2012,111,19.5,6.37,7.69,0.685953778410821,150.489,33.4730602791531,334.42,924.28,48671.47,12.935
PIK,2012-04-21,2012,112,6.93,2.31,4.95,0.137476393120327,70.5915,15.7571381739366,156.87,721.07,48843.72,4.62
PIK,2012-04-22,2012,113,11.34,1.78,0,0.322899749293426,173.016,38.7552382448256,384.48,694.52,49014.88,6.56
PIK,2012-04-23,2012,114,5.29,1.99,13.36,0.0920670336287505,52.1325,11.7180847050278,115.85,705.07,49184.91,3.64
PIK,2012-04-24,2012,115,5.36,0.2,3.95,0.136993419115788,80.1495,18.0774538851384,178.11,619.76,49353.76,2.78
PIK,2012-04-25,2012,116,12.37,0.09,0,0.440758135610343,206.46,46.724521404636,458.8,583.99,49521.38,6.23
PIK,2012-04-26,2012,117,8.67,1.51,2.36,0.220048657476373,107.451,24.3992031613497,238.78,681.1,49687.71,5.09
PIK,2012-04-27,2012,118,6.77,-0.94,0,0.207407677284778,157.2615,35.8284048150996,349.47,570.36,49852.72,2.915
PIK,2012-04-28,2012,119,9.2,-3.92,0,0.38692146649711,219.3795,50.144587625264,487.51,422.86,50016.33,2.64
PIK,2012-04-29,2012,120,12.79,-3.58,0,0.571512892738484,237.3705,54.4327930485225,527.49,400.5,50178.5,4.605
PIK,2012-04-30,2012,121,9.54,-1.71,9.93,0.325006488760744,149.6565,34.4284856969319,332.57,539,50339.18,3.915
PIK,2012-05-01,2012,122,13.07,4,0,0.36568997205933,168.939,38.9872669073967,375.42,791.59,50498.29,8.535
PIK,2012-05-02,2012,123,16.91,3.2,1.54,0.692762484271307,218.376,50.553390182256,485.28,652.72,50655.8,10.055
PIK,2012-05-03,2012,124,20.83,8.72,18.43,0.704268065322343,149.319,34.6732379344629,331.82,1086.23,50811.63,14.775
PIK,2012-05-04,2012,125,20.64,11.61,0,0.56599986724154,163.188,38.0086696508868,362.64,1330.02,50965.73,16.125
PIK,2012-05-05,2012,126,17.23,5,0,0.614121233415511,205.812,48.0796266415536,457.36,802.72,51118.04,11.115
PIK,2012-05-06,2012,127,18.99,2.5,0,0.833219304678903,235.6065,55.2018959655755,523.57,628.03,51268.49,10.745
PIK,2012-05-07,2012,128,17.41,10.12,7.07,0.373283258773531,105.561,24.8042832845031,234.58,1236.95,51417.03,13.765
PIK,2012-05-08,2012,129,15.59,11.39,0,0.210094234982529,88.56,20.868770846736,196.8,1346.15,51563.58,13.49
PIK,2012-05-09,2012,130,18.99,8.56,6.1,0.538599450479912,142.353,33.6388639324689,316.34,1113.54,51708.09,13.775
PIK,2012-05-10,2012,131,14.46,5.32,0,0.37584100700028,176.4405,41.8087574971308,392.09,891.62,51850.48,9.89
PIK,2012-05-11,2012,132,20.72,4.72,0,0.907382648989159,235.4445,55.9410243533055,523.21,739.73,51990.7,12.72
PIK,2012-05-12,2012,133,25.09,5.92,3.01,1.19317785810851,181.7325,43.293782295117,403.85,860.69,52128.68,15.505
PIK,2012-05-13,2012,134,20.41,10.03,0,0.663848976406166,186.4215,44.5264087330467,414.27,1147.06,52264.34,15.22
PIK,2012-05-14,2012,135,22.36,7.66,0,0.984422043220937,227.2995,54.4284948078455,505.11,887.51,52397.63,15.01
PIK,2012-05-15,2012,136,24.2,7.66,0,1.17358356659258,234.9135,56.3921855896667,522.03,856.85,52528.47,15.93
PIK,2012-05-16,2012,137,14.7,7.92,1.65,0.301008588040935,135.909,32.705355952584,302.02,1066.46,52656.8,11.31
PIK,2012-05-17,2012,138,16.73,2.3,0,0.672642110624179,228.7395,55.1756747640681,508.31,638.18,52782.54,9.515
PIK,2012-05-18,2012,139,20.43,4.2,0,0.92431144382882,237.4785,57.4172499185744,527.73,685.93,52905.63,12.315
PIK,2012-05-19,2012,140,27.03,7.05,0,1.53284234969043,248.1345,60.13014058629,551.41,751.85,53026,17.04
PIK,2012-05-20,2012,141,28.08,11.49,0,1.53150903252151,231.8175,56.3006261848905,515.15,1040.94,53143.58,19.785
PIK,2012-05-21,2012,142,26.64,14.31,0,1.18411477804023,197.1405,47.9821112625555,438.09,1372.05,53258.3,20.475
PIK,2012-05-22,2012,143,23.96,11.75,0,1.00693651754973,199.044,48.5470926063972,442.32,1167.12,53370.09,17.855
PIK,2012-05-23,2012,144,23.76,14.94,0,0.713745762753583,152.6535,37.3082975634555,339.23,1601.67,53478.9,19.35
PIK,2012-05-24,2012,145,27.07,14.4,0,1.25024100053117,196.524,48.1251518065152,436.72,1355.29,53584.64,20.735
PIK,2012-05-25,2012,146,29.65,17.66,0,1.46117490402835,185.994,45.633764140605,413.32,1622.98,53687.25,23.655
PIK,2012-05-26,2012,147,25.51,13.37,0,1.15165525320206,192.5685,47.3343071134797,427.93,1243.69,53786.66,19.44
PIK,2012-05-27,2012,148,24.36,12.42,13.23,0.886569458871971,140.823,34.6768874491302,312.94,1354.61,53882.82,18.39
PIK,2012-05-28,2012,149,30.07,13.76,0,1.70553021758855,221.8095,54.7134756964389,492.91,1206.77,53975.66,21.915
PIK,2012-05-29,2012,150,28.19,19.72,0,0.858632339536385,137.61,34.000342027047,305.8,2195.78,54065.11,23.955
PIK,2012-05-30,2012,151,22.18,11.12,0,0.854635187993747,183.969,45.5269137890463,408.82,1139.68,54151.11,16.65
PIK,2012-05-31,2012,152,18.25,8.24,4.75,0.500911429269302,129.159,32.0117478713343,287.02,1089.72,54233.61,13.245
PIK,2012-06-01,2012,153,13.7,8.66,31.43,0.220844056528041,73.0755,18.1379461966389,162.39,1121.72,54312.54,11.18
PIK,2012-06-02,2012,154,15.95,9.98,2.95,0.291090776992761,85.8195,21.3306490853528,190.71,1225.52,54387.85,12.965
PIK,2012-06-03,2012,155,17.09,10.62,4.73,0.332126711082688,92.403,22.9972423401108,205.34,1279.19,54459.48,13.855
PIK,2012-06-04,2012,156,15.49,9.86,1.4,0.269504604162174,111.1635,27.700851718471,247.03,1215.98,54527.39,12.675
PIK,2012-06-05,2012,157,22.13,7.19,0.81,0.953463855272383,228.699,57.0565585168893,508.22,883.19,54591.51,14.66
PIK,2012-06-06,2012,158,24.06,11.09,5.38,0.835346683284151,154.1655,38.5041859185163,342.59,1318.24,54651.81,17.575
PIK,2012-06-07,2012,159,25.38,8.92,0,1.21297627326112,231.336,57.8378427454296,514.08,974.17,54708.23,17.15
PIK,2012-06-08,2012,160,26.81,11.73,6.93,1.10992726124919,162,40.5415588482,360,1337.5,54760.73,19.27
PIK,2012-06-09,2012,161,23.87,16.7,6.84,0.526328845514129,93.438,23.4042016362048,207.64,1899.78,54809.28,20.285
PIK,2012-06-10,2012,162,29.47,15.47,0,1.35262351258665,205.5645,51.53132062625,456.81,1579.11,54853.83,22.47
PIK,2012-06-11,2012,163,29,16.79,11.5,1.0423939304048,140.7465,35.3086774794967,312.77,1911.32,54894.35,22.895
PIK,2012-06-12,2012,164,26.62,15.46,6.26,0.860643145402137,134.973,33.882779148588,299.94,1756.03,54930.8,21.04
PIK,2012-06-13,2012,165,20.9,9.86,0,0.633652544490646,188.6985,47.3975989219782,419.33,1206.98,54963.16,15.38
PIK,2012-06-14,2012,166,22.77,9.71,0,0.861909233031462,210.33,52.858188722421,467.4,1121.82,54991.41,16.24
PIK,2012-06-15,2012,167,26.2,10.9,0,1.185201489712,222.9255,56.0481255404879,495.39,1163.29,55015.51,18.55
PIK,2012-06-16,2012,168,27.81,14.67,0,1.16660996217153,201.8385,50.7648061239502,448.53,1532.44,55035.45,21.24
PIK,2012-06-17,2012,169,25.39,16.97,7.13,0.649411111213776,110.1825,27.7201573524203,244.85,1933.64,55051.21,21.18
PIK,2012-06-18,2012,170,26.37,18.43,1.54,0.65294037885451,141.606,35.6332955127876,314.68,2119.8,55062.78,22.4
PIK,2012-06-19,2012,171,31.31,19.54,6.16,1.14582205956555,138.402,34.8317186993424,307.56,2271.19,55070.16,25.425
PIK,2012-06-20,2012,172,32.81,21.22,0,1.32569257518411,180.7515,45.4924543639086,401.67,2417.54,55073.32,27.015
PIK,2012-06-21,2012,173,32.19,19.74,16.18,1.24768772712868,142.299,35.8138577987604,316.22,2300.36,55072.28,25.965
PIK,2012-06-22,2012,174,24.86,16.01,0,0.656631935413666,159.795,40.2134227889445,355.1,1818.98,55067.03,20.435
PIK,2012-06-23,2012,175,26.16,13.1,0,1.00469444593993,209.5605,52.7281659737914,465.69,1441.27,55057.57,19.63
PIK,2012-06-24,2012,176,23.7,13.99,10.48,0.663184347263897,131.0445,32.9643375931908,291.21,1596.48,55043.92,18.845
PIK,2012-06-25,2012,177,19.52,12.45,0,0.409752848419091,140.3865,35.3028852398974,311.97,1443.8,55026.09,15.985
PIK,2012-06-26,2012,178,24.17,10.99,0,0.882245960134358,214.9155,54.0230181534468,477.59,1276.88,55004.08,17.58
PIK,2012-06-27,2012,179,24.3,13.22,0,0.756033281574393,194.112,48.7704730830912,431.36,1518.36,54977.93,18.76
PIK,2012-06-28,2012,180,29.46,13.84,0,1.36726240158004,224.955,56.488610847834,499.9,1475.75,54947.64,21.65
PIK,2012-06-29,2012,181,30.51,18.27,0,1.18120464227781,193.023,48.4397987430564,428.94,2047.47,54913.24,24.39
PIK,2012-06-30,2012,182,31.19,15.4,0,1.51400016319348,221.3415,55.5075120410743,491.87,1626.7,54874.77,23.295
PIK,2012-07-01,2012,183,28.58,15.57,0,1.121674027877,201.0555,50.3811672602288,446.79,1712.55,54832.25,22.075
PIK,2012-07-02,2012,184,29.43,13.86,0,1.35455697863285,219.1815,54.8766244203881,487.07,1485.93,54785.71,21.645
PIK,2012-07-03,2012,185,27.66,14.38,0,1.07187410785579,200.772,50.221080775008,446.16,1595.44,54735.2,21.02
PIK,2012-07-04,2012,186,33.07,17.25,0,1.65775760514664,210.0105,52.4797396307887,466.69,1846.57,54680.75,25.16
PIK,2012-07-05,2012,187,28.02,17.45,0,0.891684267958158,167.4,41.7871192032,372,1992.07,54622.4,22.735
PIK,2012-07-06,2012,188,32.58,19.08,0,1.41137882763759,190.9395,47.608876697103,424.31,2143.94,54560.2,25.83
PIK,2012-07-07,2012,189,26.37,17.23,8.78,0.730446461666047,114.462,28.505444100228,254.36,1965.32,54494.2,21.8
PIK,2012-07-08,2012,190,26.74,16.79,0,0.795693527906786,164.889,41.0111410963212,366.42,1910.91,54424.44,21.765
PIK,2012-07-09,2012,191,25.43,12.79,2.37,0.882197455071947,147.726,36.6927716226636,328.28,1476.96,54350.98,19.11
PIK,2012-07-10,2012,192,27.17,13.86,0,1.01694967982601,201.105,49.8803920824195,446.9,1570.96,54273.87,20.515
PIK,2012-07-11,2012,193,28.43,12.9,0,1.243385071872,217.1655,53.7838030240686,482.59,1433.83,54193.16,20.665
PIK,2012-07-12,2012,194,30.26,12.75,0,1.49386271434052,225.8685,55.8522577283814,501.93,1391.69,54108.92,21.505
PIK,2012-07-13,2012,195,31.74,15.37,0,1.54183870670215,214.3215,52.911024094206,476.27,1669.2,54021.2,23.555
PIK,2012-07-14,2012,196,31.02,19.63,0,1.10205697253162,168.5565,41.5425057668743,374.57,2283.9,53930.07,25.325
PIK,2012-07-15,2012,197,28.9,19.1,8.4,0.881281112817338,115.56,28.431065085336,256.8,2210.07,53835.58,24.0
PIK,2012-07-16,2012,198,31.64,18.54,0,1.25723696841622,186.8355,45.8833797664007,415.19,2134.45,53737.79,25.09
PIK,2012-07-17,2012,199,35.07,22.98,0,1.41486840051719,166.5945,40.8356579338947,370.21,2805.04,53636.78,29.025
PIK,2012-07-18,2012,200,28.46,18.95,0,0.841118026719916,149.1525,36.4892683415243,331.45,2189.85,53532.61,23.705
PIK,2012-07-19,2012,201,23.92,15.68,0,0.590848205310077,139.068,33.953987542266,309.04,1779.99,53425.35,19.8
PIK,2012-07-20,2012,202,25.94,13.47,0,0.898436504058852,190.0665,46.3096693113093,422.37,1544,53315.06,19.705
PIK,2012-07-21,2012,203,27.46,11.77,0,1.17833557271941,215.532,52.402774934232,478.96,1339.33,53201.8,19.615
PIK,2012-07-22,2012,204,30.73,19.74,10.44,1.05685240808041,121.635,29.508829341237,270.3,2300.04,53085.66,25.235
PIK,2012-07-23,2012,205,32.94,19.06,5.79,1.3998316349431,140.616,34.0371894242016,312.48,2204.36,52966.68,26.0
PIK,2012-07-24,2012,206,26,19.06,0,0.573547840441535,113.823,27.4884215011056,252.94,2204.6,52844.96,22.53
PIK,2012-07-25,2012,207,27.18,13.95,26.64,1.00097431734338,143.7435,34.6325402516873,319.43,1592.62,52720.55,20.565
PIK,2012-07-26,2012,208,23.98,16.87,14.92,0.525517589542505,89.1765,21.4337805104335,198.17,1920.68,52593.51,20.425
PIK,2012-07-27,2012,209,26.58,17.02,0,0.764511216352928,151.6095,36.349917992681,336.91,1939.67,52463.93,21.8
PIK,2012-07-28,2012,210,28.32,17.69,0,0.908888810754649,163.7235,39.1555631150087,363.83,2023.33,52331.87,23.005
PIK,2012-07-29,2012,211,28.49,13.74,0,1.15486498230037,204.3855,48.754550058489,454.19,1570.9,52197.4,21.115
PIK,2012-07-30,2012,212,29.12,14.77,0,1.1723201501645,199.8135,47.5389986273631,444.03,1679.71,52060.58,21.945
PIK,2012-07-31,2012,213,27.92,17.42,31.5,0.882497011784688,121.653,28.8659653954308,270.34,1988.39,51921.48,22.67
PIK,2012-08-01,2012,214,26.9,16.45,0,0.832596237653893,164.772,38.9908918526472,366.16,1870.19,51780.18,21.675
PIK,2012-08-02,2012,215,26.83,13.47,0,0.988578511071843,196.0875,46.2727000330088,435.75,1544,51636.73,20.15
PIK,2012-08-03,2012,216,30.04,17.37,0,1.13034921014968,183.843,43.260975834912,408.54,1982.63,51491.2,23.705
PIK,2012-08-04,2012,217,31.71,19.9,7.16,1.17217540873286,127.701,29.9638240003305,283.78,2322.94,51343.65,25.805
PIK,2012-08-05,2012,218,27.65,20.18,5.67,0.665341024204427,91.7325,21.461489049654,203.85,2363.04,51194.16,23.915
PIK,2012-08-06,2012,219,25.75,14.48,0,0.827525625810929,176.409,41.1501344009814,392.02,1648.37,51042.78,20.115
PIK,2012-08-07,2012,220,28.77,13.29,0,1.20957229855944,207.7155,48.3074343140193,461.59,1525.36,50889.58,21.03
PIK,2012-08-08,2012,221,28.8,18.5,0,0.910850879467117,157.5855,36.5373277005883,350.19,2128.42,50734.61,23.65
PIK,2012-08-09,2012,222,19.86,16.74,14.37,0.202839761962955,44.064,10.1850052110912,97.92,1904.88,50577.94,18.3
PIK,2012-08-10,2012,223,22.08,16.49,25.87,0.386491850582606,75.96,17.502529183236,168.8,1875.32,50419.63,19.285
PIK,2012-08-11,2012,224,21.04,16.42,7.12,0.309424563575644,65.871,15.1297101439731,146.38,1866.5,50259.73,18.73
PIK,2012-08-12,2012,225,23.78,14.78,0,0.628182808375847,159.417,36.4984068436839,354.26,1680.31,50098.31,19.28
PIK,2012-08-13,2012,226,26.75,15.33,3.5,0.881776417461119,137.4615,31.3693836550281,305.47,1740.99,49935.42,21.04
PIK,2012-08-14,2012,227,20.94,15.6,4.25,0.349159230267999,77.427,17.6110787442429,172.06,1771.62,49771.11,18.27
PIK,2012-08-15,2012,228,24.91,12.45,7.08,0.849070332309519,147.5145,33.4410740724816,327.81,1444.39,49605.44,18.68
PIK,2012-08-16,2012,229,26.38,12.89,1.21,0.971979230384244,202.2705,45.6997350470751,449.49,1485.88,49438.46,19.635
PIK,2012-08-17,2012,230,23.51,15.24,0,0.57857788994311,148.3875,33.4116574000425,329.75,1731.41,49270.22,19.375
PIK,2012-08-18,2012,231,22.49,9.39,0,0.769685086042582,203.0355,45.5592504788433,451.19,1177.97,49100.78,15.94
PIK,2012-08-19,2012,232,24.48,10.41,0,0.90081461354783,206.343,46.1405580319269,458.54,1261.73,48930.19,17.445
PIK,2012-08-20,2012,233,22.88,10.16,0,0.770620676922846,198.1845,44.1607096565892,440.41,1240.74,48758.48,16.52
PIK,2012-08-21,2012,234,24.71,8.71,0,0.99061655208776,215.937,47.9459476117548,479.86,1125.2,48585.72,16.71
PIK,2012-08-22,2012,235,26.52,10.78,0,1.08300782218465,210.7485,46.6265388785013,468.33,1292.68,48411.94,18.65
PIK,2012-08-23,2012,236,28.36,13.75,0,1.13982018444507,198.2655,43.706440675062,440.59,1571.84,48237.2,21.055
PIK,2012-08-24,2012,237,28.94,13.61,0,1.21279369904889,200.7945,44.1027433471235,446.21,1557.71,48061.53,21.275
PIK,2012-08-25,2012,238,29.94,16.44,0,1.1748670152649,183.492,40.1543541282312,407.76,1869.28,47884.98,23.19
PIK,2012-08-26,2012,239,27.96,16.95,0,0.915848671665618,162.4905,35.4267777987301,361.09,1930.34,47707.59,22.455
PIK,2012-08-27,2012,240,24.54,18.6,14.54,0.465605380779889,74.025,16.0789261088925,164.5,2141.78,47529.41,21.57
PIK,2012-08-28,2012,241,24.54,14.69,0,0.701235506561436,155.9475,33.7457365108853,346.55,1670.96,47350.47,19.615
PIK,2012-08-29,2012,242,23.45,7.97,0,0.905032971596219,205.839,44.3728370833263,457.42,1070.09,47170.81,15.71
PIK,2012-08-30,2012,243,28.33,11.16,0,1.25925396501942,205.5195,44.1345919914252,456.71,1326.36,46990.48,19.745
PIK,2012-08-31,2012,244,30.8,17.55,0,1.21336340598117,174.1275,37.2492529354125,386.95,2005.4,46809.5,24.175
PIK,2012-09-01,2012,245,27.17,13.71,0,1.01281590230108,181.773,38.7339348428712,403.94,1567.43,46627.92,20.44
PIK,2012-09-02,2012,246,26.9,13.44,0,0.997411128341346,180.972,38.4126043701708,402.16,1540.93,46445.77,20.17
PIK,2012-09-03,2012,247,28.37,12.8,0,1.18841616091168,191.5425,40.4963599776052,425.65,1477.22,46263.09,20.585
PIK,2012-09-04,2012,248,23.26,17.32,44.38,0.434098241420571,70.6365,14.8750006816076,156.97,1976.68,46079.91,20.29
PIK,2012-09-05,2012,249,26.04,14.63,0,0.848328732709281,160.7355,33.7136207730934,357.19,1664.21,45896.27,20.335
PIK,2012-09-06,2012,250,26.62,17.1,0,0.763583714111327,139.608,29.1647685163464,310.24,1949.61,45712.19,21.86
PIK,2012-09-07,2012,251,24.68,12.6,20.54,0.820700953096181,125.874,26.1895559586696,279.72,1458.44,45527.72,18.64
PIK,2012-09-08,2012,252,17.96,13.66,23.92,0.244950501050718,53.82,11.152416873312,119.6,1562.68,45342.88,15.81
PIK,2012-09-09,2012,253,19.57,8.07,0,0.596873084196035,165.4875,34.1517693958875,367.75,1077.37,45157.7,13.82
PIK,2012-09-10,2012,254,20.26,5.9,0,0.721159097013977,184.7025,37.9606202929935,410.45,928.33,44972.22,13.08
PIK,2012-09-11,2012,255,24.16,6.12,0,1.03157393569385,197.6535,40.4545566122577,439.23,942.79,44786.46,15.14
PIK,2012-09-12,2012,256,26.29,12.19,0,0.995830589190665,170.766,34.8062266362852,379.48,1419.64,44600.46,19.24
PIK,2012-09-13,2012,257,27.84,13.11,0,1.11421585690562,169.9965,34.5047204190712,377.77,1507.9,44414.25,20.475
PIK,2012-09-14,2012,258,19.89,12.88,13.05,0.415265263367665,75.4245,15.2448960685253,167.61,1485.19,44227.85,16.385
PIK,2012-09-15,2012,259,18.45,7.28,0,0.548664570231317,151.2945,30.4508466210658,336.21,1020.71,44041.29,12.865
PIK,2012-09-16,2012,260,21.01,4.89,0,0.808980408127402,183.3615,36.748490737203,407.47,865.18,43854.6,12.95
PIK,2012-09-17,2012,261,23.29,10.08,9.58,0.808721059718247,119.7585,23.8992382801179,266.13,1234.28,43667.82,16.685
PIK,2012-09-18,2012,262,18.56,10.55,10.6,0.429579771161461,83.8665,16.6649472412079,186.37,1273.04,43480.97,14.555
PIK,2012-09-19,2012,263,15.24,4.39,0,0.446185707561874,146.439,28.9735272474561,325.42,835.65,43294.07,9.815
PIK,2012-09-20,2012,264,17.98,8.79,1.03,0.461993433299711,127.0125,25.021427088915,282.25,1131.7,43107.16,13.385
PIK,2012-09-21,2012,265,20.96,10.04,12.17,0.622210304067055,106.722,20.9330494638804,237.16,1230.34,42920.26,15.5
PIK,2012-09-22,2012,266,17.05,9.97,8.32,0.356581451640248,76.905,15.0189069349485,170.9,1225.15,42733.41,13.51
PIK,2012-09-23,2012,267,13.79,4.93,0,0.353082369445887,128.331,24.9524298308754,285.18,867.55,42546.62,9.36
PIK,2012-09-24,2012,268,15.37,1.87,0,0.521914067628174,168.264,32.5733739548112,373.92,699.02,42359.94,8.62
PIK,2012-09-25,2012,269,20.29,10.23,0,0.56433030265286,134.181,25.8610189991346,298.18,1246.01,42173.38,15.26
PIK,2012-09-26,2012,270,16.24,9.8,0,0.315453369962382,93.2625,17.8952550006825,207.25,1210.71,41986.98,13.02
PIK,2012-09-27,2012,271,16.94,3.05,0,0.582901078605499,164.799,31.4814661538868,366.22,760.36,41800.76,9.995
PIK,2012-09-28,2012,272,18.16,3.03,0,0.660617772425935,169.524,32.2399816242768,376.72,759.16,41614.76,10.595
PIK,2012-09-29,2012,273,17.74,4.67,2.9,0.586630777858636,117.243,22.19767932879,260.54,852.39,41429,11.205
PIK,2012-09-30,2012,274,16.02,6.69,0,0.417865774754274,125.5995,23.6733562903968,279.11,980.41,41243.52,11.355
PIK,2012-10-01,2012,275,19.69,9.99,0,0.530756291954642,126.1395,23.6683886464251,280.31,1226.36,41058.34,14.84
PIK,2012-10-02,2012,276,20.29,8.05,0,0.649384778066554,146.6235,27.3880747158386,325.83,1075.94,40873.49,14.17
PIK,2012-10-03,2012,277,18.67,12.81,0,0.333439108406905,82.0935,15.2651895696009,182.43,1478.88,40689.02,15.74
PIK,2012-10-04,2012,278,22.79,13.05,0.62,0.632271381631827,121.4685,22.4847395710623,269.93,1501.86,40504.94,17.92
PIK,2012-10-05,2012,279,17.5,12.21,5.17,0.286285212418709,55.593,10.2440273406129,123.54,1421.43,40321.29,14.855
PIK,2012-10-06,2012,280,11.44,5.91,1.14,0.210101975876048,80.991,14.8562732982357,179.98,928.71,40138.11,8.675
PIK,2012-10-07,2012,281,8.89,0.54,0,0.251483491839604,117.6255,21.4779774863097,261.39,635.11,39955.42,4.715
PIK,2012-10-08,2012,282,12.34,-1.09,0,0.434179979340969,153.9405,27.9808170118879,342.09,563.84,39773.27,5.625
PIK,2012-10-09,2012,283,13.42,2.26,0,0.408998845160434,136.7775,24.7477033719158,303.95,718.59,39591.69,7.84
PIK,2012-10-10,2012,284,11.08,4.85,4.17,0.227408375713999,65.6145,11.8176271230182,145.81,862.58,39410.71,7.965
PIK,2012-10-11,2012,285,9.5,0.97,1.49,0.26509486142145,116.631,20.9099311854579,259.18,655.35,39230.37,5.235
PIK,2012-10-12,2012,286,8.15,0.57,0,0.223175012938165,107.3835,19.1638467619924,238.63,636.31,39050.71,4.36
PIK,2012-10-13,2012,287,11.13,-3.34,11.42,0.422598953319607,116.154,20.6340545784528,258.12,477.28,38871.76,3.895
PIK,2012-10-14,2012,288,18.8,6.51,5.18,0.598326492236635,102.6045,18.1435142220071,228.01,968.27,38693.57,12.655
PIK,2012-10-15,2012,289,13.05,6.93,2.01,0.251361217073708,63.0315,11.0947379804919,140.07,996.52,38516.18,9.99
PIK,2012-10-16,2012,290,11.01,2.52,0,0.289579462376965,112.923,19.7854769958993,250.94,732.14,38339.63,6.765
PIK,2012-10-17,2012,291,15.7,1.67,3.59,0.545764603488991,108.855,18.9853190720325,241.9,688.83,38163.95,8.685
PIK,2012-10-18,2012,292,18.17,8.78,10.37,0.475423504078563,84.744,14.712460415136,188.32,1130.24,37989.2,13.475
PIK,2012-10-19,2012,293,15.11,6.74,4.07,0.365151581228685,79.0605,13.6629564789987,175.69,983.37,37815.42,10.925
PIK,2012-10-20,2012,294,11.19,7.24,1.62,0.154040530007745,55.422,9.534075433731,123.16,1018.14,37642.65,9.215
PIK,2012-10-21,2012,295,15.56,5.39,0,0.433905495953508,119.7675,20.5092496854765,266.15,895.99,37470.94,10.475
PIK,2012-10-22,2012,296,18.23,3.53,4.92,0.651304611439235,103.5225,17.6467049947823,230.05,786.69,37300.33,10.88
PIK,2012-10-23,2012,297,9.84,8.19,7.98,0.062775169598033,19.566,3.3201177872256,43.48,1086.33,37130.88,9.015
PIK,2012-10-24,2012,298,11.94,8.16,0,0.154857640986686,51.993,8.7826193347464,115.54,1083.94,36962.64,10.05
PIK,2012-10-25,2012,299,21.81,10.37,0,0.674588874476398,118.782,19.973920305231,263.96,1257.83,36795.65,16.09
PIK,2012-10-26,2012,300,16.47,8.87,2.99,0.365910280316444,68.904,11.5344581396616,153.12,1137.17,36629.97,12.67
PIK,2012-10-27,2012,301,7.15,5.67,20.33,0.0485903475836571,18.4455,3.0739069050921,40.99,913.44,36465.66,6.41
PIK,2012-10-28,2012,302,5.05,3.57,13.51,0.0430335444013177,18.9675,3.14677591655625,42.15,788.52,36302.75,4.31
PIK,2012-10-29,2012,303,8.1,3.04,11.69,0.159417706346185,53.9325,8.907806255913,119.85,759.68,36141.32,5.57
PIK,2012-10-30,2012,304,13.07,3.86,8.89,0.348414210555415,82.593,13.5811835643141,183.54,804.89,35981.41,8.465
PIK,2012-10-31,2012,305,7.26,5.25,9.04,0.0652293914961513,23.4765,3.84337352979945,52.17,887.51,35823.09,6.255
PIK,2012-11-01,2012,306,5.88,3.51,3.23,0.0704358118444913,27.6525,4.50723288953925,61.45,785.37,35666.41,4.695
PIK,2012-11-02,2012,307,3.96,0.35,0,0.0919580004639161,54.432,8.8336187809632,120.96,626.57,35511.43,2.155
PIK,2012-11-03,2012,308,4.35,0.04,0,0.110145415809218,64.377,10.4024905092558,143.06,612.66,35358.22,2.195
PIK,2012-11-04,2012,309,2.26,-1.17,0,0.079083237518719,52.2,8.39873012382,116,560.75,35206.83,0.545
PIK,2012-11-05,2012,310,2.26,-2.11,0,0.0980354877056276,64.9305,10.4026421753082,144.29,523.07,35057.32,0.075
PIK,2012-11-06,2012,311,1.37,-5.13,0,0.128919645123339,90.1755,14.3863872583819,200.39,417.16,34909.77,-1.88
PIK,2012-11-07,2012,312,5.77,-2.93,0,0.213889846062636,107.2935,17.0459850122649,238.43,492.17,34764.22,1.42
PIK,2012-11-08,2012,313,6.22,-5.69,0,0.274838231518291,120.6225,19.084514787567,268.05,399.58,34620.76,0.265
PIK,2012-11-09,2012,314,8.76,-1.87,3.07,0.297909686303821,84.231,13.2723663376248,187.18,532.52,34479.44,3.445
PIK,2012-11-10,2012,315,8.94,3.43,3.19,0.180337931078797,55.08,8.643996770148,122.4,780.92,34340.33,6.185
PIK,2012-11-11,2012,316,16.55,5.12,0,0.499778356111699,109.566,17.1262559050038,243.48,879.32,34203.49,10.835
PIK,2012-11-12,2012,317,17.77,6.67,10.49,0.524960659954689,79.2855,12.344382086715,176.19,979.24,34069,12.22
PIK,2012-11-13,2012,318,3.23,-0.27,0,0.0855428254839458,49.995,7.753810761378,111.1,598.91,33936.92,1.48
PIK,2012-11-14,2012,319,6.29,-1.2,0,0.197169866604962,91.6335,14.1573297591464,203.63,559.23,33807.33,2.545
PIK,2012-11-15,2012,320,5.96,-2.58,0,0.213399686853139,98.0055,15.0848967546378,217.79,505.22,33680.28,1.69
PIK,2012-11-16,2012,321,9.03,-4.64,0,0.358175023393047,113.868,17.461684502046,253.04,432.94,33555.85,2.195
PIK,2012-11-17,2012,322,8.89,-2.26,0,0.310585943134333,106.731,16.3078438944537,237.18,517.26,33434.11,3.315
PIK,2012-11-18,2012,323,9.43,-2.17,0,0.3296846987977,106.4835,16.2121233529764,236.63,520.96,33315.12,3.63
PIK,2012-11-19,2012,324,8.91,-2.37,0,0.313407785484548,103.77,15.743901539655,230.6,513.11,33198.95,3.27
PIK,2012-11-20,2012,325,10.4,-0.06,0,0.325752852680802,99.2205,15.0022941458508,220.49,608,33085.68,5.17
PIK,2012-11-21,2012,326,10.36,-1.37,0,0.352036296204611,103.014,15.5239414691328,228.92,552.32,32975.36,4.495
PIK,2012-11-22,2012,327,13.36,1.04,0,0.436137982996034,101.304,15.2165826517824,225.12,658.42,32868.08,7.2
PIK,2012-11-23,2012,328,10.77,3.4,2.59,0.255793695019633,57.357,8.5881196649961,127.46,779.08,32763.89,7.085
PIK,2012-11-24,2012,329,0.81,-3.64,0,0.0909081582944896,53.5365,7.9913542840623,118.97,466.64,32662.86,-1.415
PIK,2012-11-25,2012,330,1.34,-4.27,2.79,0.114220465422981,48.6045,7.2334346565789,108.01,445.13,32565.06,-1.465
PIK,2012-11-26,2012,331,1.46,-1.95,0,0.0748370731923282,40.9275,6.0732467781345,90.95,529.42,32470.54,-0.245
PIK,2012-11-27,2012,332,1.64,-5.3,0,0.138212132460681,74.0745,10.9610861592164,164.61,411.78,32379.39,-1.83
PIK,2012-11-28,2012,333,2.65,-3.79,0,0.139061172946389,69.1965,10.2115208953782,153.77,461.42,32291.64,-0.57
PIK,2012-11-29,2012,334,5.25,-4.89,0,0.231348519083428,90.711,13.3515458676126,201.58,424.79,32207.38,0.18
PIK,2012-11-30,2012,335,-4.1,-7.39,0,0.050870547762371,38.079,5.5907127234495,84.62,350.64,32126.65,-5.745
PIK,2012-12-01,2012,336,6.52,-7.46,8.65,0.31001990692029,82.026,12.0140415001782,182.28,348.91,32049.51,-0.47
PIK,2012-12-02,2012,337,10.39,0.45,8.66,0.313623639545776,69.2055,10.113031348834,153.79,631.15,31976.03,5.42
PIK,2012-12-03,2012,338,9.94,2.74,0,0.238657411008905,74.124,10.80813625875,164.72,743.69,31906.25,6.34
PIK,2012-12-04,2012,339,14.15,5.05,4.91,0.368049722658069,56.16,8.171830671264,124.8,874.81,31840.22,9.6
PIK,2012-12-05,2012,340,2.08,-4.09,0,0.129477225712222,59.058,8.5767225177294,131.24,451.19,31777.99,-1.005
PIK,2012-12-06,2012,341,1.5,-8.77,0,0.183270212804754,83.97,12.172178965698,186.6,314.99,31719.62,-3.635
PIK,2012-12-07,2012,342,5.24,-1.2,1.79,0.163615756561553,59.6925,8.6380831583865,132.65,559.39,31665.14,2.02
PIK,2012-12-08,2012,343,4.74,0.45,2.51,0.11233791276336,31.4055,4.537426503771,69.79,631.2,31614.6,2.595
PIK,2012-12-09,2012,344,2.86,-5.9,5.19,0.178556821833084,56.8665,8.2038992362362,126.37,393.44,31568.04,-1.52
PIK,2012-12-10,2012,345,4.62,-3.32,2.49,0.185642821857889,52.4565,7.5574884757275,116.57,478.05,31525.5,0.65
PIK,2012-12-11,2012,346,-1.78,-7.53,0,0.095155034512487,56.4075,8.116790492925,125.35,346.94,31487,-4.655
PIK,2012-12-12,2012,347,3.49,-5.52,0,0.189793186198291,77.6475,11.1609153708728,172.55,405.05,31452.57,-1.015
PIK,2012-12-13,2012,348,5.67,-3.93,0,0.228586905694548,79.0425,11.3504815162485,175.65,456.59,31422.26,0.87
PIK,2012-12-14,2012,349,6,-2.42,0,0.211611258500252,72.4005,10.3880299374828,160.89,511.31,31396.08,1.79
PIK,2012-12-15,2012,350,1.98,-4.38,0.73,0.131848100285323,59.67,8.555446578276,132.6,441.43,31374.04,-1.2
PIK,2012-12-16,2012,351,6.71,-1.77,5.69,0.22256743739078,54.5355,7.8148140415623,121.19,536.33,31356.18,2.47
PIK,2012-12-17,2012,352,6.97,4.66,0,0.0734360296993443,23.9895,3.4361414301375,53.31,851.44,31342.5,5.815
PIK,2012-12-18,2012,353,5.65,2.35,1.45,0.0943268961481466,34.254,4.9048953905556,76.12,723.21,31333.02,4.0
PIK,2012-12-19,2012,354,4.1,-2.71,0,0.159389822554814,66.4335,9.5111361678753,147.63,500.24,31327.74,0.695
PIK,2012-12-20,2012,355,4,-4.41,13.58,0.18649820654279,57.2355,8.19399912698745,127.19,440.41,31326.67,-0.205
PIK,2012-12-21,2012,356,2.49,-0.85,8.57,0.0783707646762727,27.5265,3.94116806839005,61.17,574.03,31329.81,0.82
PIK,2012-12-22,2012,357,-0.89,-5.12,0,0.0780373578803802,47.745,6.8375984762475,106.1,417.32,31337.15,-3.005
PIK,2012-12-23,2012,358,0.84,-3,0,0.0799361344334033,43.7895,6.2734396168305,97.31,489.73,31348.7,-1.08
PIK,2012-12-24,2012,359,-0.09,-4.84,0,0.0905715430032166,53.2845,7.63755752443095,118.41,426.43,31364.43,-2.465
PIK,2012-12-25,2012,360,0.61,-3.86,0,0.0898172546069925,50.643,7.2635472013185,112.54,459.28,31384.35,-1.625
PIK,2012-12-26,2012,361,-5.25,-8.66,7.77,0.0484357428057581,33.6195,4.8256246691883,74.71,317.84,31408.42,-6.955
PIK,2012-12-27,2012,362,-4.89,-9.28,3.02,0.0617634975071912,42.8445,6.1552741497336,95.21,302.69,31436.64,-7.085
PIK,2012-12-28,2012,363,-4.76,-11.57,1.33,0.0892117357139605,82.0215,11.7957738014474,182.27,252.18,31468.97,-8.165
PIK,2012-12-29,2012,364,-5.26,-7.94,3.57,0.0392180444395094,28.1835,4.057851254913,62.63,336.07,31505.4,-6.6
PIK,2012-12-30,2012,365,-2.79,-11.16,0,0.118960152879428,93.726,13.5119822936598,208.28,260.76,31545.89,-6.975
PIK,2013-01-01,2013,1,-4.82,-12.29,0,0.0952791952916177,82.2555,11.8751552523837,182.79,238.04,31590.62,-8.555
PIK,2013-01-02,2013,2,-4.42,-12.13,2.69,0.100339859672112,63.1125,9.125497038735,140.25,241.07,31639.16,-8.275
PIK,2013-01-03,2013,3,-2.17,-11.67,1.07,0.136021929327606,96.264,13.941996029892,213.92,250.17,31691.65,-6.92
PIK,2013-01-04,2013,4,-0.41,-3.72,0,0.0647133942300382,40.788,5.9178770757612,90.64,464.06,31748.07,-2.065
PIK,2013-01-05,2013,5,1.35,-2.94,2.62,0.0911495716235597,38.8035,5.64063816315825,86.23,491.73,31808.35,-0.795
PIK,2013-01-06,2013,6,1.57,-4.22,1.14,0.118910573062109,68.2245,9.93738881588355,151.61,446.87,31872.47,-1.325
PIK,2013-01-07,2013,7,-0.51,-10.56,0,0.15802202081303,100.6155,14.686592080649,223.59,273.51,31940.37,-5.535
PIK,2013-01-08,2013,8,2.49,-3.64,0,0.132204281636239,72.261,10.5714081309123,160.58,466.71,32011.99,-0.575
PIK,2013-01-09,2013,9,5.2,-4.41,0,0.221947338613896,98.127,14.3892368416431,218.06,440.49,32087.29,0.395
PIK,2013-01-10,2013,10,4.94,-0.35,2.3,0.136286013495067,47.5425,6.9887296905795,105.65,595.48,32166.22,2.295
PIK,2013-01-11,2013,11,6.05,0.15,3.63,0.159975746004063,52.2045,7.6937195743155,116.01,617.52,32248.7,3.1
PIK,2013-01-12,2013,12,11.57,4.03,18.94,0.273101871776919,61.776,9.128613512304,137.28,814.57,32334.7,7.8
PIK,2013-01-13,2013,13,11.19,5.1,17.3,0.224084086510899,52.7355,7.8142577838129,117.19,878.3,32424.14,8.145
PIK,2013-01-14,2013,14,1.3,-3.41,0,0.098188886848021,59.6745,8.86778304303105,132.61,475.02,32516.97,-1.055
PIK,2013-01-15,2013,15,-0.16,-6.22,0,0.110260733337377,75.438,11.2434272577792,167.64,383.96,32613.12,-3.19
PIK,2013-01-16,2013,16,2.47,-5.92,0,0.168852894941449,95.922,14.3399804531562,213.16,392.61,32712.53,-1.725
PIK,2013-01-17,2013,17,-4.64,-11.99,0.98,0.0952770737066256,90.1125,13.5137381658525,200.25,243.88,32815.14,-8.315
PIK,2013-01-18,2013,18,0.76,-14.35,0.79,0.222612268876918,124.146,18.6775640744814,275.88,201.19,32920.87,-6.795
PIK,2013-01-19,2013,19,5.91,-3.81,0.96,0.233964350305887,106.1505,16.0229452019031,235.89,460.92,33029.66,1.05
PIK,2013-01-20,2013,20,1.1,-9.34,1.71,0.18061342296215,112.617,17.0565683831505,250.26,301.13,33141.45,-4.12
PIK,2013-01-21,2013,21,-6.71,-13.13,0.59,0.0744818289375682,85.0545,12.926642184481,189.01,222.36,33256.17,-9.92
PIK,2013-01-22,2013,22,-13.3,-18.15,0,0.0373197292389587,68.5935,10.4617428705333,152.43,146.45,33373.74,-15.725
PIK,2013-01-23,2013,23,-11.22,-23.05,0,0.0827855463916995,124.254,19.019315869398,276.12,95.57,33494.1,-17.135
PIK,2013-01-24,2013,24,-13.48,-18.5,0,0.0379868738165303,72.126,11.0807576479458,160.28,142.03,33617.19,-15.99
PIK,2013-01-25,2013,25,-8.9,-17.75,2.15,0.0810787421846239,82.7775,12.7647201235027,183.95,151.43,33742.93,-13.325
PIK,2013-01-26,2013,26,-4.49,-15.66,0,0.129497531621968,124.9155,19.3358716712438,277.59,180.47,33871.25,-10.075
PIK,2013-01-27,2013,27,-2.73,-16.36,3.61,0.165402429080699,99.8505,15.5157198289128,221.89,170.25,34002.08,-9.545
PIK,2013-01-28,2013,28,1.21,-4.46,4.88,0.114264306637372,60.876,9.4965704813952,135.28,438.8,34135.36,-1.625
PIK,2013-01-29,2013,29,7.83,-1.86,5.79,0.263157208520661,87.3135,13.6749147607989,194.03,533,34271.02,2.985
PIK,2013-01-30,2013,30,12.57,2.42,5.42,0.363094330804037,88.272,13.8806911693296,196.16,727.1,34408.99,7.495
PIK,2013-01-31,2013,31,2.43,-7.83,1.81,0.194685244601146,124.8795,19.7172104807911,277.51,338.9,34549.21,-2.7
PIK,2013-02-01,2013,32,-8.45,-13.54,0,0.0548898882713237,79.299,12.572111990988,176.22,215,34691.6,-10.995
PIK,2013-02-02,2013,33,-6.29,-13.53,0,0.0841566719402574,106.452,16.947262403604,236.56,215.17,34836.1,-9.91
PIK,2013-02-03,2013,34,-5.68,-16.54,0,0.116989410792519,133.929,21.4113243865545,297.62,167.7,34982.65,-11.11
PIK,2013-02-04,2013,35,-7.89,-13.26,0,0.0595297777068323,84.3435,13.5413061291081,187.43,220.04,35131.18,-10.575
PIK,2013-02-05,2013,36,-4.24,-15.72,0,0.133957692940807,138.654,22.3561618059114,308.12,179.72,35281.63,-9.98
PIK,2013-02-06,2013,37,-5.16,-12.08,0,0.0877570424889572,104.8905,16.985239640419,233.09,242.17,35433.93,-8.62
PIK,2013-02-07,2013,38,-5.92,-12.01,10.71,0.0753634469313585,72.279,11.7552611970909,160.62,243.56,35588.03,-8.965
PIK,2013-02-08,2013,39,-8.89,-11.15,21.27,0.0263751320805306,31.3785,5.1256604093157,69.73,260.96,35743.86,-10.02
PIK,2013-02-09,2013,40,-5.17,-17.64,0,0.132308303375357,154.0125,25.26871000599,342.25,152.85,35901.36,-11.405
PIK,2013-02-10,2013,41,0.92,-16.69,4.1,0.244148025749561,123.453,20.3446035372987,274.34,165.6,36060.47,-7.885
PIK,2013-02-11,2013,42,5.88,-2.01,3.85,0.199820523096756,88.5735,14.6616254671203,196.83,527.11,36221.14,1.935
PIK,2013-02-12,2013,43,1.28,-1.9,0,0.0697224399191814,55.4715,9.22334208763905,123.27,531.16,36383.31,-0.31
PIK,2013-02-13,2013,44,0.84,-5.51,0,0.122187159612975,104.652,17.4789168023088,232.56,405.36,36546.92,-2.335
PIK,2013-02-14,2013,45,1.05,-9.45,4,0.180658956609046,110.205,18.489475746252,244.9,298.6,36711.92,-4.2
PIK,2013-02-15,2013,46,0.07,-6.53,0,0.119906144823143,110.151,18.5641498828782,244.78,374.89,36878.26,-3.23
PIK,2013-02-16,2013,47,-5.49,-14.13,2.55,0.101322668327775,102.3255,17.3236688700305,227.39,204.86,37045.87,-9.81
PIK,2013-02-17,2013,48,-11.43,-19.45,0,0.0629674704185166,134.9595,22.9527336175488,299.91,130.97,37214.72,-15.44
PIK,2013-02-18,2013,49,0.11,-20.29,5.22,0.247464270824293,137.6865,23.5235054905988,305.97,121.79,37384.75,-10.09
PIK,2013-02-19,2013,50,3.2,-5.82,8.94,0.186499186633086,106.7355,18.3190681613489,237.19,395.83,37555.91,-1.31
PIK,2013-02-20,2013,51,-5.45,-10.18,0,0.0634688175129375,88.596,15.275513720718,196.88,281.78,37728.15,-7.815
PIK,2013-02-21,2013,52,-6.89,-16.51,0,0.09908507982659,154.1475,26.6998168118273,342.55,168.12,37901.43,-11.7
PIK,2013-02-22,2013,53,0.01,-13.73,1.68,0.200251842915994,180.099,31.3382891784267,400.22,211.77,38075.69,-6.86
PIK,2013-02-23,2013,54,1.84,-3.16,0.97,0.107253046790108,92.673,16.1998574817051,205.94,483.65,38250.91,-0.66
PIK,2013-02-24,2013,55,0.19,-3.84,1.07,0.0802455216522256,78.165,13.726671443631,173.7,459.65,38427.02,-1.825
PIK,2013-02-25,2013,56,1.26,-1.77,0,0.0664088261290502,61.677,10.88107360956,137.06,536.55,38604,-0.255
PIK,2013-02-26,2013,57,4.18,-2.97,12.07,0.166464030163979,100.4445,17.8020580008434,223.21,490.68,38781.79,0.605
PIK,2013-02-27,2013,58,1.26,-0.46,18.02,0.0394885472238682,30.195,5.376184880814,67.1,590.48,38960.36,0.4
PIK,2013-02-28,2013,59,2.06,-1.86,3.97,0.0880407794760625,62.928,11.2558209968736,139.84,532.85,39139.66,0.1
PIK,2013-03-01,2013,60,-1.8,-6.82,0,0.0848605472355848,109.2735,19.6354526760347,242.83,366.61,39319.67,-4.31
PIK,2013-03-02,2013,61,-3.44,-9.91,0,0.0936841430664496,138.1635,24.9407925668744,307.03,287.9,39500.33,-6.675
PIK,2013-03-03,2013,62,-4.67,-10.28,0,0.0768662810302904,124.4655,22.5711908326093,276.59,279.66,39681.61,-7.475
PIK,2013-03-04,2013,63,-2.86,-10.39,0,0.109386056999385,156.5325,28.516480936767,347.85,277.29,39863.48,-6.625
PIK,2013-03-05,2013,64,0.39,-11.12,0,0.183865441510501,195.3045,35.7426302578335,434.01,261.56,40045.9,-5.365
PIK,2013-03-06,2013,65,4.21,-4.79,0,0.198541992160137,173.8035,31.9530432917358,386.23,428.17,40228.84,-0.29
PIK,2013-03-07,2013,66,4.4,-0.84,1.31,0.130854551750765,119.5785,22.0842336013763,265.73,574.41,40412.25,1.78
PIK,2013-03-08,2013,67,5.06,-1.91,0,0.172350503837813,151.0515,28.0237190282226,335.67,530.92,40596.12,1.575
PIK,2013-03-09,2013,68,6.66,-4.21,0,0.265578519347771,194.2965,36.210344677902,431.77,447.11,40780.4,1.225
PIK,2013-03-10,2013,69,11.41,0.96,0,0.345812682945845,186.9615,35.0011230279183,415.47,654.89,40965.06,6.185
PIK,2013-03-11,2013,70,9.17,3.89,8.49,0.176552955167586,89.316,16.7963976919296,198.48,806.47,41150.08,6.53
PIK,2013-03-12,2013,71,4.11,0.45,0,0.0942784568989742,91.908,17.3616807206196,204.24,630.81,41335.41,2.28
PIK,2013-03-13,2013,72,1.44,-6.15,2.47,0.146253380788719,127.962,24.2809311667302,284.36,385.94,41521.03,-2.355
PIK,2013-03-14,2013,73,-1.55,-10.47,0,0.135504267543981,189.4185,36.1032843729114,420.93,275.45,41706.92,-6.01
PIK,2013-03-15,2013,74,3.27,-6.3,0,0.195566369852827,194.958,37.3249327363218,433.24,381.54,41893.03,-1.515
PIK,2013-03-16,2013,75,-3.59,-8.31,1.29,0.0716804445653244,121.743,23.4114934595634,270.54,326.53,42079.34,-5.95
PIK,2013-03-17,2013,76,-3.33,-10.42,0,0.101406256422522,169.9245,32.8217323707963,377.61,276.43,42265.82,-6.875
PIK,2013-03-18,2013,77,0.4,-11.29,4.69,0.185856956824668,164.0475,31.8264775915838,364.55,258.03,42452.45,-5.445
PIK,2013-03-19,2013,78,1,-4.44,1.16,0.108972417308963,139.5045,27.1840000877924,310.01,439.43,42639.19,-1.72
PIK,2013-03-20,2013,79,-0.8,-7.04,0,0.108451808055148,163.341,31.9682618783037,362.98,360.31,42826.01,-3.92
PIK,2013-03-21,2013,80,-1.12,-9.28,2.24,0.130612960456818,147.366,28.9675735931718,327.48,302.66,43012.89,-5.2
PIK,2013-03-22,2013,81,0.74,-7.08,0,0.143107985557357,192.078,37.920631512708,426.84,359.16,43199.8,-3.17
PIK,2013-03-23,2013,82,2.6,-5.14,0,0.160120496772715,191.943,38.057924246517,426.54,416.73,43386.7,-1.27
PIK,2013-03-24,2013,83,2.79,-7.06,0,0.193640754318544,219.9555,43.8000159909033,488.79,359.76,43573.58,-2.135
PIK,2013-03-25,2013,84,5.31,-2.1,0,0.18389691898067,188.289,37.6549895418993,418.42,523.35,43760.41,1.605
PIK,2013-03-26,2013,85,7.61,-0.17,0,0.220268137215537,192.096,38.5802590108608,426.88,603.09,43947.14,3.72
PIK,2013-03-27,2013,86,5.04,-0.64,0,0.145915643656899,154.4625,31.1537468902163,343.25,582.66,44133.77,2.2
PIK,2013-03-28,2013,87,5.79,-0.33,0,0.162517055379719,164.691,33.3570985578675,365.98,596.06,44320.25,2.73
PIK,2013-03-29,2013,88,9.55,-0.25,0,0.29498487366124,215.829,43.8985448291421,479.62,599.79,44506.57,4.65
PIK,2013-03-30,2013,89,10.25,-3.69,0,0.391257626849418,242.37,49.502993371812,538.6,464.87,44692.68,3.28
PIK,2013-03-31,2013,90,10.54,1.21,2.34,0.302312635945046,154.8855,31.7662445963016,344.19,666.54,44878.56,5.875
PIK,2013-04-01,2013,91,2.27,-3.9,1.13,0.130942262709451,161.6895,33.2988696257427,359.31,457.8,45064.18,-0.815
PIK,2013-04-02,2013,92,0.46,-7.19,0,0.1381942727335,190.818,39.4593126866352,424.04,356.11,45249.52,-3.365
PIK,2013-04-03,2013,93,1.71,-6.26,0,0.154480263148223,196.4115,40.7820593441642,436.47,382.71,45434.53,-2.275
PIK,2013-04-04,2013,94,8.43,-5.77,0,0.353285352762969,249.714,52.060310793216,554.92,397.23,45619.2,1.33
PIK,2013-04-05,2013,95,4.2,-2.38,0,0.155784286102986,171.6615,35.9325119548314,381.47,512.92,45803.48,0.91
PIK,2013-04-06,2013,96,5.17,-7.02,0,0.260877404076489,242.253,50.9124098219814,538.34,360.93,45987.34,-0.925
PIK,2013-04-07,2013,97,15.49,1.76,0,0.531389358292335,242.973,51.2673936775236,539.94,693.54,46170.76,8.625
PIK,2013-04-08,2013,98,8.99,1.78,11.36,0.225466110545073,133.6185,28.3052632159665,296.93,694.57,46353.7,5.385
PIK,2013-04-09,2013,99,12.8,3.49,12.98,0.345493562909882,156.537,33.2907344971308,347.86,784.33,46536.12,8.145
PIK,2013-04-10,2013,100,5.75,2.5,10.08,0.0935513180127845,68.031,14.5247011100433,151.18,731.03,46717.99,4.125
PIK,2013-04-11,2013,101,1.49,-2.02,8.29,0.0771939454642006,74.7405,16.0191096603588,166.09,526.43,46899.28,-0.265
PIK,2013-04-12,2013,102,4.06,-1.09,13.24,0.126133951085083,105.9165,22.7884990650957,235.37,564.09,47079.94,1.485
PIK,2013-04-13,2013,103,5.57,1.3,1.33,0.118191558150202,120.933,26.1188585007714,268.74,670.69,47259.94,3.435
PIK,2013-04-14,2013,104,6.54,-1.01,0,0.201230206692389,194.625,42.1941886228125,432.5,567.36,47439.25,2.765
PIK,2013-04-15,2013,105,14.29,0.68,0,0.492290202711058,249.8445,54.3695204604843,555.21,641.47,47617.82,7.485
PIK,2013-04-16,2013,106,13.44,3.98,1.37,0.363258829399395,193.392,42.2418289436784,429.76,811.79,47795.61,8.71
PIK,2013-04-17,2013,107,12.29,-0.97,2.87,0.429199686031778,168.8985,37.0284181089655,375.33,568.96,47972.59,5.66
PIK,2013-04-18,2013,108,22.13,4.54,6.97,0.907299541725265,173.2725,38.1268124053808,385.05,844.49,48148.71,13.335
PIK,2013-04-19,2013,109,17.41,6.16,2.6,0.51974234620858,153.0315,33.7955245731036,340.07,944.8,48323.92,11.785
PIK,2013-04-20,2013,110,2.88,-2.17,0,0.115211777197962,122.157,27.0744778189431,271.46,520.91,48498.19,0.355
PIK,2013-04-21,2013,111,6.52,-5.11,0,0.275601125815981,217.971,48.4829882722809,484.38,417.72,48671.47,0.705
PIK,2013-04-22,2013,112,12.67,-1.05,0,0.448921793983675,227.574,50.7981125602296,505.72,565.59,48843.72,5.81
PIK,2013-04-23,2013,113,12.47,3.29,0,0.335278800345629,187.4745,41.9939133509592,416.61,773.27,49014.88,7.88
PIK,2013-04-24,2013,114,11.82,2.32,12.59,0.330637307397053,143.775,32.3170311890925,319.5,722.01,49184.91,7.07
PIK,2013-04-25,2013,115,10.44,-1.34,1.21,0.354674170638971,216.4545,48.8205945387144,481.01,553.65,49353.76,4.55
PIK,2013-04-26,2013,116,12.51,-0.73,0,0.434452538552051,224.82,50.879622697812,499.6,579.12,49521.38,5.89
PIK,2013-04-27,2013,117,17.34,3.83,0,0.586369599975887,221.3415,50.26064184175,491.87,803.07,49687.71,10.585
PIK,2013-04-28,2013,118,20.68,6.64,5.85,0.72819960587799,165.195,37.635869767428,367.1,976.68,49852.72,13.66
PIK,2013-04-29,2013,119,13.7,8.09,2.05,0.242538135670885,92.223,21.0798379272663,204.94,1078.8,50016.33,10.895
PIK,2013-04-30,2013,120,20.13,10.82,0,0.527497485222929,179.2395,41.1024394759275,398.31,1296.11,50178.5,15.475
PIK,2013-05-01,2013,121,22.42,11.9,0,0.655886231955435,189.99,43.707209493474,422.2,1393,50339.18,17.16
PIK,2013-05-02,2013,122,22.87,10.02,0,0.775985765716501,211.0905,48.7148714335696,469.09,1228.76,50498.29,16.445
PIK,2013-05-03,2013,123,23.16,9.9,0,0.809871243864097,213.2955,49.377269643273,473.99,1214.59,50655.8,16.53
PIK,2013-05-04,2013,124,21.71,9.43,0,0.705239253080504,208.089,48.3201696270699,462.42,1180.91,50811.63,15.57
PIK,2013-05-05,2013,125,24.04,7.94,0,0.991614781793015,230.0265,53.5762510077317,511.17,1034.49,50965.73,15.99
PIK,2013-05-06,2013,126,22.77,7.37,0,0.891499808241046,227.6865,53.1897163980822,505.97,1004.17,51118.04,15.07
PIK,2013-05-07,2013,127,24.79,5.65,0,1.15034318539126,241.5465,56.5936201414175,536.77,866.74,51268.49,15.22
PIK,2013-05-08,2013,128,23.06,9.59,0,0.81558361804787,211.8555,49.780921338184,470.79,1187.82,51417.03,16.325
PIK,2013-05-09,2013,129,23.46,11.88,0.65,0.745319283584149,193.203,45.5274292446018,429.34,1390.62,51563.58,17.67
PIK,2013-05-10,2013,130,14.68,7.48,12.58,0.315868223631711,105.7455,24.9882930881042,234.99,1034.79,51708.09,11.08
PIK,2013-05-11,2013,131,14.06,4.78,0.42,0.371447310806667,172.9035,40.9706416718676,384.23,858.58,51850.48,9.42
PIK,2013-05-12,2013,132,7.5,1.07,3.1,0.187758812162231,97.7175,23.2174336085325,217.15,659.98,51990.7,4.285
PIK,2013-05-13,2013,133,10.05,-0.59,0,0.32288917294575,192.1905,45.7851714260778,427.09,584.82,52128.68,4.73
PIK,2013-05-14,2013,134,12.44,-0.92,0,0.435274697556393,217.4535,51.9383409179283,483.23,570.99,52264.34,5.76
PIK,2013-05-15,2013,135,23.58,5.66,1.8,1.07489708591409,237.2265,56.8055861255012,527.17,833.2,52397.63,14.62
PIK,2013-05-16,2013,136,20.65,7.06,0,0.748101106578623,210.6045,50.5566859717256,468.01,968.8,52528.47,13.855
PIK,2013-05-17,2013,137,18.31,3.32,0,0.693482446078388,224.226,53.958098020176,498.28,743.99,52656.8,10.815
PIK,2013-05-18,2013,138,20.92,5.78,0,0.833349487380387,223.839,53.9935947377442,497.42,861.53,52782.54,13.35
PIK,2013-05-19,2013,139,23.07,12.24,0,0.706465725854708,178.8525,43.2427301463578,397.45,1412.57,52905.63,17.655
PIK,2013-05-20,2013,140,26.42,13.47,6.24,0.947168046629062,146.1105,35.40678505461,324.69,1543.37,53026,19.945
PIK,2013-05-21,2013,141,24.48,14.6,19.42,0.700994124327144,122.1075,29.6557797054645,271.35,1660.86,53143.58,19.54
PIK,2013-05-22,2013,142,25.08,13.69,2.47,0.803949995302492,136.278,33.168761155818,302.84,1566.35,53258.3,19.385
PIK,2013-05-23,2013,143,21.66,6.93,1.51,0.833288296358504,218.664,53.3324363341032,485.92,956.82,53370.09,14.295
PIK,2013-05-24,2013,144,11.36,2.26,0,0.311611860954036,165.4605,40.4383100878665,367.69,718.79,53478.9,6.81
PIK,2013-05-25,2013,145,14.14,2.8,0,0.431477253426168,193.455,47.373609547584,429.9,746.94,53584.64,8.47
PIK,2013-05-26,2013,146,15.78,4.58,0,0.471108142027195,191.1195,46.8913093200337,424.71,846.74,53687.25,10.18
PIK,2013-05-27,2013,147,20.94,3.04,0,0.909764332177382,240.39,59.089072652118,534.2,706.39,53786.66,11.99
PIK,2013-05-28,2013,148,15.53,9.22,22.9,0.297714407074867,89.217,21.9691944323658,198.26,1164.48,53882.82,12.375
PIK,2013-05-29,2013,149,25.88,13.13,10.35,0.910131787802143,146.0655,36.0297966693861,324.59,1509.48,53975.66,19.505
PIK,2013-05-30,2013,150,28.65,15.36,0,1.17697682243379,195.8895,48.3998982596266,435.31,1653.39,54065.11,22.005
PIK,2013-05-31,2013,151,28.61,17.5,2.98,0.953788685556148,127.8135,31.6300800437915,284.03,1999.07,54151.11,23.055
PIK,2013-06-01,2013,152,25.66,17.01,8.73,0.674283710989884,107.9055,26.7441189536174,239.79,1937.37,54233.61,21.335
PIK,2013-06-02,2013,153,22.77,13.06,6.86,0.630144124872054,123.363,30.6197214751314,274.14,1502.8,54312.54,17.915
PIK,2013-06-03,2013,154,16.37,6.74,0,0.43653566703532,171.7695,42.6937342686278,381.71,983.92,54387.85,11.555
PIK,2013-06-04,2013,155,18.65,6.12,0,0.601284944699828,205.8345,51.2280540507942,457.41,942.38,54459.48,12.385
PIK,2013-06-05,2013,156,17.88,8.23,0,0.47738192306565,173.718,43.2888183516114,386.04,1088.84,54527.39,13.055
PIK,2013-06-06,2013,157,14.1,9.71,9.46,0.2002843971648,67.9095,16.9422794179366,150.91,1203.89,54591.51,11.905
PIK,2013-06-07,2013,158,15.12,10.93,0,0.203676414251269,88.146,22.0152366902682,195.88,1306.12,54651.81,13.025
PIK,2013-06-08,2013,159,19.95,11.27,0,0.494020918675794,166.167,41.5445102166537,369.26,1336.18,54708.23,15.61
PIK,2013-06-09,2013,160,23.34,9.2,0,0.881631487469592,222.444,55.6680649162284,494.32,1130.35,54760.73,16.27
PIK,2013-06-10,2013,161,17.75,13.72,28.88,0.227882378483821,62.478,15.6493900749888,138.84,1569.31,54809.28,15.735
PIK,2013-06-11,2013,162,21.79,14.56,0,0.47259671632656,139.311,34.9227605338641,309.58,1657.08,54853.83,18.175
PIK,2013-06-12,2013,163,22.56,10.94,0,0.710873313923893,200.502,50.299371224109,445.56,1306.78,54894.35,16.75
PIK,2013-06-13,2013,164,22.54,13.4,9.67,0.593691294355569,127.485,32.00303838366,283.3,1536.92,54930.8,17.97
PIK,2013-06-14,2013,165,22.12,11.38,0,0.655243905739454,194.598,48.8794450142376,432.44,1345.68,54963.16,16.75
PIK,2013-06-15,2013,166,23.82,8.39,3.41,0.921766651474422,174.8385,43.9387934623924,388.53,1101.28,54991.41,16.105
PIK,2013-06-16,2013,167,25.1,13.68,14.21,0.806835953491658,148.6305,37.3688112088814,330.29,1564.85,55015.51,19.39
PIK,2013-06-17,2013,168,22.18,13.38,3.96,0.565868675424358,128.0565,32.2077472603672,284.57,1534.22,55035.45,17.78
PIK,2013-06-18,2013,169,20.89,11.07,0,0.57232386273424,187.596,47.1961576356012,416.88,1318.56,55051.21,15.98
PIK,2013-06-19,2013,170,19.51,7.56,0,0.610801872985948,214.74,54.036508893804,477.2,1040.85,55062.78,13.535
PIK,2013-06-20,2013,171,22.95,8.27,0,0.851319013764466,231.363,58.2272722463256,514.14,1091.93,55070.16,15.61
PIK,2013-06-21,2013,172,25.95,11.44,0,0.996485766154537,224.784,56.5747773143616,499.52,1350.81,55073.32,18.695
PIK,2013-06-22,2013,173,25.11,16.16,7.71,0.67247691054971,126.261,31.7774088330156,280.58,1835.41,55072.28,20.635
PIK,2013-06-23,2013,174,30.82,17.82,0,1.19875652301031,203.2155,51.14046633979,451.59,2039.72,55067.03,24.32
PIK,2013-06-24,2013,175,30.72,21.08,5.11,0.956405370425998,124.3935,31.2990335204431,276.43,2498.21,55057.57,25.9
PIK,2013-06-25,2013,176,27.44,19.7,7.02,0.677008296135355,109.0395,27.4289641228188,242.31,2294.24,55043.92,23.57
PIK,2013-06-26,2013,177,29.07,17.66,0,0.996902346965285,194.4855,48.9071191839962,432.19,2018.89,55026.09,23.365
PIK,2013-06-27,2013,178,24.93,16.18,0,0.653572794446976,167.2965,42.0530946186204,371.77,1838.5,55004.08,20.555
PIK,2013-06-28,2013,179,21.03,16.68,25.27,0.293140974381398,70.695,17.7620579593695,157.1,1897.55,54977.93,18.855
PIK,2013-06-29,2013,180,23.39,14.94,0,0.585263017736021,169.74,42.623532730152,377.2,1697.79,54947.64,19.165
PIK,2013-06-30,2013,181,24.31,14.12,0,0.710717646572686,192.996,48.4330229983728,428.88,1610.27,54913.24,19.215
PIK,2013-07-01,2013,182,22.44,14.13,0,0.548590064561893,169.3755,42.475598140037,376.39,1611.02,54874.77,18.285
PIK,2013-07-02,2013,183,23.36,14.9,0,0.584726635774567,170.6895,42.7719522672338,379.31,1693.55,54832.25,19.13
PIK,2013-07-03,2013,184,27.32,15.48,3.08,0.9330107432019,153.873,38.5252899055731,341.94,1757.85,54785.71,21.4
PIK,2013-07-04,2013,185,26.7,19.63,2.61,0.60461719929918,106.8885,26.737074853164,237.53,2284.03,54735.2,23.165
PIK,2013-07-05,2013,186,24.52,19.68,10.87,0.388774022617463,78.1335,19.5248605971713,173.63,2291.22,54680.75,22.1
PIK,2013-07-06,2013,187,28.32,17.5,0,0.921060551636372,193.122,48.207957196896,429.16,1999.13,54622.4,22.91
PIK,2013-07-07,2013,188,25.69,20.43,14.21,0.445061270447105,81.639,20.355877566846,181.42,2400.17,54560.2,23.06
PIK,2013-07-08,2013,189,27.69,18.68,22.51,0.775115286242137,127.881,31.847291651214,284.18,2152.53,54494.2,23.185
PIK,2013-07-09,2013,190,24.98,19.34,0,0.455526791844583,120.042,29.8568091230136,266.76,2243.35,54424.44,22.16
PIK,2013-07-10,2013,191,30.05,18.35,0,1.06802219164118,198.1215,49.2102064161999,440.27,2109.14,54350.98,24.2
PIK,2013-07-11,2013,192,24.88,13.9,0,0.775074077848134,200.0295,49.6136341117841,444.51,1587.13,54273.87,19.39
PIK,2013-07-12,2013,193,24.78,14.39,0,0.739537177952463,193.5675,47.939457657231,430.15,1638.88,54193.16,19.585
PIK,2013-07-13,2013,194,27.55,13.09,0,1.08398078880183,224.1675,55.431638251137,498.15,1505.74,54108.92,20.32
PIK,2013-07-14,2013,195,30.04,16.4,0,1.19013054086342,212.3145,52.415542188018,471.81,1863.81,54021.2,23.22
PIK,2013-07-15,2013,196,31.34,18.62,0,1.21339426396639,201.942,49.7707101154458,448.76,2144.31,53930.07,24.98
PIK,2013-07-16,2013,197,32.16,19.83,0,1.23812470165269,195.8535,48.1855625276121,435.23,2312.28,53835.58,25.995
PIK,2013-07-17,2013,198,33.6,21.34,0,1.32676739922848,190.305,46.7354254755915,422.9,2538.45,53737.79,27.47
PIK,2013-07-18,2013,199,32.1,22.07,0,1.05888640268014,169.1055,41.4511544663253,375.79,2653.82,53636.78,27.085
PIK,2013-07-19,2013,200,33.17,21.56,12.85,1.24706191200315,138.2895,33.8317002686192,307.31,2573.46,53532.61,27.365
PIK,2013-07-20,2013,201,27.32,17.16,0,0.833428554875295,182.8935,44.6541520735283,406.43,1956.53,53425.35,22.24
PIK,2013-07-21,2013,202,23.48,13.12,0,0.687933952766429,193.527,47.1528195279534,430.06,1508.6,53315.06,18.3
PIK,2013-07-22,2013,203,24.3,13.16,0,0.759030524859887,200.25,48.6872282565,445,1512.4,53201.8,18.73
PIK,2013-07-23,2013,204,27.23,14.17,3.91,0.994604278542614,159.3405,38.6562389250411,354.09,1615.69,53085.66,20.7
PIK,2013-07-24,2013,205,20.97,11.04,0,0.579731652275329,190.4085,46.0898488257246,423.13,1315.92,52966.68,16.005
PIK,2013-07-25,2013,206,23.34,9.91,0,0.820684929166835,220.3785,53.2217310893352,489.73,1219.66,52844.96,16.625
PIK,2013-07-26,2013,207,23.52,10.1,0,0.827803103399822,219.15,52.800447993525,487,1235.96,52720.55,16.81
PIK,2013-07-27,2013,208,22.46,14.31,9.54,0.540195762763087,119.4255,28.7041984642679,265.39,1630.49,52593.51,18.385
PIK,2013-07-28,2013,209,21.63,14.02,0,0.488506323854458,150.507,36.0855824161707,334.46,1600.1,52463.93,17.825
PIK,2013-07-29,2013,210,20.42,11.55,9.99,0.516606340830634,128.6325,30.7633172537318,285.85,1360.36,52331.87,15.985
PIK,2013-07-30,2013,211,23.41,11.36,0,0.764528378101342,204.948,48.888729999864,455.44,1343.62,52197.4,17.385
PIK,2013-07-31,2013,212,23.69,11.55,30.79,0.780452701508412,152.739,36.3391818437934,339.42,1360.64,52060.58,17.62
PIK,2013-08-01,2013,213,24.19,14.15,23.94,0.69780594797888,133.875,31.76601577695,297.5,1613.87,51921.48,19.17
PIK,2013-08-02,2013,214,24.2,11.79,5.24,0.815253638284453,153.081,36.2243871270306,340.18,1382.18,51780.18,17.995
PIK,2013-08-03,2013,215,23.23,13.48,0,0.648599382193617,174.933,41.2806641671413,388.74,1544.21,51636.73,18.355
PIK,2013-08-04,2013,216,20.95,11.35,0,0.564797282288272,174.2535,41.004424713744,387.23,1342.97,51491.2,16.15
PIK,2013-08-05,2013,217,23.18,9.78,0,0.811638499757266,210.7305,49.4459057760053,468.29,1209.66,51343.65,16.48
PIK,2013-08-06,2013,218,23.88,13.33,7.77,0.712905620168366,134.0955,31.3726226240196,297.99,1529.2,51194.16,18.605
PIK,2013-08-07,2013,219,25.72,16.89,6.31,0.687026170694063,114.48,26.704234966608,254.4,1923.16,51042.78,21.305
PIK,2013-08-08,2013,220,26.17,17.53,0,0.691118215693797,147.9195,34.4009548156617,328.71,2003.28,50889.58,21.85
PIK,2013-08-09,2013,221,25.33,16.49,0,0.673297376821371,152.865,35.4428459404605,339.7,1875.03,50734.61,20.91
PIK,2013-08-10,2013,222,22.54,11.44,0,0.687016055126479,185.616,42.9035023434528,412.48,1350.97,50577.94,16.99
PIK,2013-08-11,2013,223,23.23,9.25,0,0.83770509957572,210.0915,48.4088021313826,466.87,1166.76,50419.63,16.24
PIK,2013-08-12,2013,224,23.35,11.53,0,0.751562517930889,190.8315,43.8315082713122,424.07,1358.98,50259.73,17.44
PIK,2013-08-13,2013,225,19.88,12.64,0,0.426355976620143,135.5895,31.0431179531147,301.31,1461.82,50098.31,16.26
PIK,2013-08-14,2013,226,20.5,10.86,0,0.552327732071865,171.234,39.0764326068396,380.52,1300.19,49935.42,15.68
PIK,2013-08-15,2013,227,22.95,9.56,0,0.801008256522793,206.2035,46.9018052596445,458.23,1191.86,49771.11,16.255
PIK,2013-08-16,2013,228,24.9,9.87,0,0.962116425053605,213.7815,48.4635949471152,475.07,1217.05,49605.44,17.385
PIK,2013-08-17,2013,229,25.87,10.46,0,1.03118745274874,212.9715,48.1174522363773,473.27,1265.7,49438.46,18.165
PIK,2013-08-18,2013,230,26.34,11.33,0,1.04062441627042,208.35,46.91310804009,463,1340.79,49270.22,18.835
PIK,2013-08-19,2013,231,27.51,12.11,0,1.12652380377798,207.2295,46.5003445067757,460.51,1412.12,49100.78,19.81
PIK,2013-08-20,2013,232,28.72,14.97,0,1.11520890301409,191.6595,42.8571663788939,425.91,1701.58,48930.19,21.845
PIK,2013-08-21,2013,233,29.75,17.46,0,1.0897077823447,175.725,39.15614341386,390.5,1993.8,48758.48,23.605
PIK,2013-08-22,2013,234,26.47,17.01,0,0.754907175909258,150.156,33.3401487915024,333.68,1937.44,48585.72,21.74
PIK,2013-08-23,2013,235,23.93,11.91,0,0.784784657013858,182.142,40.2975634199436,404.76,1393.9,48411.94,17.92
PIK,2013-08-24,2013,236,24.7,10.4,0,0.921801286944074,199.5255,43.984200120102,443.39,1260.62,48237.2,17.55
PIK,2013-08-25,2013,237,26.36,12.31,8.74,0.997220847915322,145.3005,31.913975032726,322.89,1430.93,48061.53,19.335
PIK,2013-08-26,2013,238,23.8,18.26,19.59,0.420808461377728,69.588,15.2282453462568,154.64,2097.25,47884.98,21.03
PIK,2013-08-27,2013,239,27.34,17.45,10.55,0.817861024208574,112.3695,24.4992126176879,249.71,1992.29,47707.59,22.395
PIK,2013-08-28,2013,240,28.27,18.9,0,0.823447312426326,141.111,30.6506361655107,313.58,2182.82,47529.41,23.585
PIK,2013-08-29,2013,241,28.98,17.52,0,0.994511999408095,163.296,35.3358905354784,362.88,2001.99,47350.47,23.25
PIK,2013-08-30,2013,242,28.51,18.11,10.54,0.903649315877749,114.0885,24.5941265920505,253.53,2076.96,47170.81,23.31
PIK,2013-08-31,2013,243,23.82,18.85,0,0.38357324724869,82.566,17.7307589905776,183.48,2175.64,46990.48,21.335
PIK,2013-09-01,2013,244,25.54,16.65,1.6,0.684282163297001,139.833,29.912993557695,310.74,1893.86,46809.5,21.095
PIK,2013-09-02,2013,245,23.24,16.19,4.56,0.501775705598549,87.588,18.6640913943072,194.64,1839,46627.92,19.715
PIK,2013-09-03,2013,246,19.72,12.97,0,0.399132158387238,116.532,24.7347524062548,258.96,1493.55,46445.77,16.345
PIK,2013-09-04,2013,247,23.93,10.52,0,0.846601730388688,187.7355,39.6914752004162,417.19,1270.85,46263.09,17.225
PIK,2013-09-05,2013,248,16.29,7.81,0,0.394236025820153,144.513,30.4322973746031,321.14,1058.8,46079.91,12.05
PIK,2013-09-06,2013,249,20.95,4.2,0,0.824973286188952,207.8055,43.5863628231665,461.79,824.26,45896.27,12.575
PIK,2013-09-07,2013,250,18.57,13.44,12.57,0.295544691738318,66.1005,13.8087056709842,146.89,1541.07,45712.19,16.005
PIK,2013-09-08,2013,251,18.67,10.04,0,0.458023630877631,140.7105,29.2764630799242,312.69,1230.68,45527.72,14.355
PIK,2013-09-09,2013,252,20.89,7.03,0,0.730173618090248,188.496,39.0595683937536,418.88,1003.77,45342.88,13.96
PIK,2013-09-10,2013,253,31.65,15.69,0,1.43562071315463,183.726,37.915661207214,408.28,1781.55,45157.7,23.67
PIK,2013-09-11,2013,254,30.66,19.53,10.63,1.06351038868596,110.7315,22.7578751017101,246.07,2269.69,44972.22,25.095
PIK,2013-09-12,2013,255,22.97,15.48,2.58,0.519732912517301,86.805,17.766737177571,192.9,1757.26,44786.46,19.225
PIK,2013-09-13,2013,256,12.28,8.93,0,0.141119966227363,60.183,12.2667459427026,133.74,1142.42,44600.46,10.605
PIK,2013-09-14,2013,257,17.11,3.62,0,0.577976716359958,185.004,37.55083955499,411.12,791.31,44414.25,10.365
PIK,2013-09-15,2013,258,18.56,8.05,2.82,0.528205734633204,118.2825,23.9074096510463,262.85,1075.97,44227.85,13.305
PIK,2013-09-16,2013,259,13.41,5.68,0,0.310249836801461,130.1175,26.1885794606978,289.15,914.36,44041.29,9.545
PIK,2013-09-17,2013,260,16.2,2.22,0,0.560617023728464,187.875,37.65306619575,417.5,716.65,43854.6,9.21
PIK,2013-09-18,2013,261,21.42,5.15,0,0.832244299773056,192.915,38.498491153521,428.7,881.44,43667.82,13.285
PIK,2013-09-19,2013,262,22.17,9.1,0,0.754700385018109,173.538,34.4833946134002,385.64,1155.38,43480.97,15.635
PIK,2013-09-20,2013,263,23.04,14.24,19.8,0.592251927165041,98.694,19.5269927967306,219.32,1623.32,43294.07,18.64
PIK,2013-09-21,2013,264,17.92,11.48,18.69,0.34658972612226,79.0515,15.5731234604418,175.67,1354.53,43107.16,14.7
PIK,2013-09-22,2013,265,11.64,5.35,0,0.236687180865565,108.5445,21.2905247983749,241.21,893.44,42920.26,8.495
PIK,2013-09-23,2013,266,14.83,3.08,0,0.460662578946265,169.281,33.0591715084197,376.18,761.92,42733.41,8.955
PIK,2013-09-24,2013,267,17.89,2.28,0,0.662804196441517,187.011,36.3620548043874,415.58,719.8,42546.62,10.085
PIK,2013-09-25,2013,268,21.02,4.48,0,0.822162609324022,184.7295,35.7608465505711,410.51,840.56,42359.94,12.75
PIK,2013-09-26,2013,269,21.78,5.07,0,0.863409057277559,182.286,35.1324085323276,405.08,876.18,42173.38,13.425
PIK,2013-09-27,2013,270,20.58,8.03,0,0.67174216679734,159.615,30.627005784039,354.7,1074.3,41986.98,14.305
PIK,2013-09-28,2013,271,20.27,7.66,0,0.662301058010233,158.7195,30.3201024715674,352.71,1047.48,41800.76,13.965
PIK,2013-09-29,2013,272,20.51,10.27,2.36,0.578254613864891,102.6765,19.5269606264898,228.17,1249.99,41614.76,15.39
PIK,2013-09-30,2013,273,18.88,14.56,2.46,0.258459342604542,47.961,9.08048154933,106.58,1656.98,41429,16.72
PIK,2013-10-01,2013,274,22.6,9.98,0,0.754476580186486,151.5915,28.5724034737056,336.87,1226.04,41243.52,16.29
PIK,2013-10-02,2013,275,23.3,12.08,0,0.721617659665943,137.7765,25.8519159212157,306.17,1409.68,41058.34,17.69
PIK,2013-10-03,2013,276,22.05,6.19,4.73,0.849629994918744,123.3585,23.0423623418741,274.13,946.91,40873.49,14.12
PIK,2013-10-04,2013,277,15.94,12.68,4.9,0.169773911071486,35.9685,6.6883001825259,79.93,1466.08,40689.02,14.31
PIK,2013-10-05,2013,278,17.05,12.15,2.36,0.261032737637975,52.1235,9.6484547272113,115.83,1415.9,40504.94,14.6
PIK,2013-10-06,2013,279,19.44,11.6,9.69,0.443119312005047,79.7175,14.6894078305778,177.15,1365.57,40321.29,15.52
PIK,2013-10-07,2013,280,16.62,9.08,5.16,0.36607231776512,77.6565,14.2446220862125,172.57,1154.07,40138.11,12.85
PIK,2013-10-08,2013,281,16.84,5.13,0,0.516757210760434,141.9255,25.9150668327297,315.39,880.11,39955.42,10.985
PIK,2013-10-09,2013,282,18.59,5.28,0,0.624047791696389,149.5755,27.1874178332645,332.39,888.99,39773.27,11.935
PIK,2013-10-10,2013,283,19.84,4.42,0,0.736476211152318,157.176,28.4384860462008,349.28,837.23,39591.69,12.13
PIK,2013-10-11,2013,284,21.24,3.39,0,0.869755959107794,161.9325,29.1651678226328,359.85,778.89,39410.71,12.315
PIK,2013-10-12,2013,285,21.44,4.65,0,0.849337010909797,155.799,27.9320795394291,346.22,850.83,39230.37,13.045
PIK,2013-10-13,2013,286,15.31,10.77,14.01,0.220937606331549,43.902,7.8348275158194,97.56,1292.49,39050.71,13.04
PIK,2013-10-14,2013,287,16.19,5.7,0,0.460457643515359,122.0445,21.6804662258724,271.21,915.4,38871.76,10.945
PIK,2013-10-15,2013,288,17.21,4.22,7.04,0.567135594979501,102.3165,18.0925872929159,227.37,825.36,38693.57,10.715
PIK,2013-10-16,2013,289,19.8,11.67,6.03,0.465410625382487,70.6185,12.4301936979981,156.93,1371.91,38516.18,15.735
PIK,2013-10-17,2013,290,15.65,9.44,11.08,0.295898230347656,57.618,10.0953713021238,128.04,1181.76,38339.63,12.545
PIK,2013-10-18,2013,291,14.13,6.34,0,0.325821791203514,96.3585,16.8058138606628,214.13,956.85,38163.95,10.235
PIK,2013-10-19,2013,292,10.26,4.58,8.17,0.200185279913171,55.8765,9.700755149466,124.17,846.77,37989.2,7.42
PIK,2013-10-20,2013,293,12.43,2.08,2.33,0.365528710545751,89.3025,15.4329427585935,198.45,709.33,37815.42,7.255
PIK,2013-10-21,2013,294,14.45,4.21,9.29,0.408390267185687,86.184,14.825967254532,191.52,825.34,37642.65,9.33
PIK,2013-10-22,2013,295,8.06,2.72,0,0.166543204809653,68.382,11.7098838331956,151.96,742.58,37470.94,5.39
PIK,2013-10-23,2013,296,7.43,0.38,0,0.201457641731585,88.1685,15.0294236454149,195.93,627.8,37300.33,3.905
PIK,2013-10-24,2013,297,6.8,-0.56,1.91,0.200613322234488,92.5155,15.6987814138848,205.59,586.19,37130.88,3.12
PIK,2013-10-25,2013,298,8.07,-0.68,4.09,0.247863851824062,79.1595,13.3715645419356,175.91,581.09,36962.64,3.695
PIK,2013-10-26,2013,299,5.12,1.64,10.63,0.0955085201724266,36.297,6.1035627057885,80.66,687.7,36795.65,3.38
PIK,2013-10-27,2013,300,7.42,0.35,1.73,0.201995598050076,91.7865,15.3649649082209,203.97,626.23,36629.97,3.885
PIK,2013-10-28,2013,301,7.03,1.16,0,0.169307490110875,78.8175,13.1347839577185,175.15,664.2,36465.66,4.095
PIK,2013-10-29,2013,302,6.82,-5.08,1.33,0.285317136707533,127.485,21.1502163027375,283.3,418.56,36302.75,0.87
PIK,2013-10-30,2013,303,10.11,1.64,3.89,0.273900493749419,75.3345,12.4426854009378,167.41,687.41,36141.32,5.875
PIK,2013-10-31,2013,304,15.12,4.5,20.01,0.436564041680617,84.3525,13.8705070237043,187.45,841.86,35981.41,9.81
PIK,2013-11-01,2013,305,13.86,8.52,3.93,0.234525827751127,49.9095,8.17076017232235,110.91,1110.93,35823.09,11.19
PIK,2013-11-02,2013,306,7.22,1.02,3.56,0.179104880496688,60.021,9.7831525273677,133.38,657.64,35666.41,4.12
PIK,2013-11-03,2013,307,3.23,-4.66,0,0.16922096236239,96.7545,15.702020288483,215.01,432.13,35511.43,-0.715
PIK,2013-11-04,2013,308,4.86,-5.31,0,0.226201841167118,111.096,17.9516766176784,246.88,411.41,35358.22,-0.225
PIK,2013-11-05,2013,309,11.33,-0.23,0,0.369585450771508,114.1605,18.3678779751026,253.69,600.57,35206.83,5.55
PIK,2013-11-06,2013,310,13.63,6.74,5.15,0.286601438301802,58.5315,9.3774458919006,130.07,983.72,35057.32,10.185
PIK,2013-11-07,2013,311,6.77,2.49,1.82,0.127446327030779,53.5545,8.54395901801505,119.01,730.31,34909.77,4.63
PIK,2013-11-08,2013,312,4.91,-1.17,0,0.152912320183921,74.8935,11.8985164853049,166.43,560.65,34764.22,1.87
PIK,2013-11-09,2013,313,8.06,0.47,1.71,0.222037062392199,88.947,14.0729162205204,197.66,631.86,34620.76,4.265
PIK,2013-11-10,2013,314,7.15,2.52,0.66,0.139200977750768,60.1965,9.4852251575172,133.77,732.33,34479.44,4.835
PIK,2013-11-11,2013,315,4.63,-1.7,1.23,0.155126021292107,81.198,12.7428331471038,180.44,539.36,34340.33,1.465
PIK,2013-11-12,2013,316,-1.55,-7.52,0,0.0996736361053369,78.039,12.1982721334227,173.42,347.13,34203.49,-4.535
PIK,2013-11-13,2013,317,3.08,-8.46,0,0.219889938457496,113.265,17.63483155245,251.7,322.74,34069,-2.69
PIK,2013-11-14,2013,318,9.19,-0.88,0,0.294453155618612,104.121,16.1483054362524,231.38,572.64,33936.92,4.155
PIK,2013-11-15,2013,319,10.35,2.78,0,0.254732379186308,86.7105,13.3967287300001,192.69,745.63,33807.33,6.565
PIK,2013-11-16,2013,320,12.02,0.63,0,0.381441533820488,105.471,16.2339781502916,234.38,639.23,33680.28,6.325
PIK,2013-11-17,2013,321,14.04,8.05,12.94,0.261441606070361,51.0885,7.83443345525325,113.53,1075.89,33555.85,11.045
PIK,2013-11-18,2013,322,8.54,1.01,2.17,0.227435012825392,62.271,9.5146278696117,138.38,656.8,33434.11,4.775
PIK,2013-11-19,2013,323,1.36,-3.83,0,0.107201128943915,64.152,9.7671483125568,142.56,460.11,33315.12,-1.235
PIK,2013-11-20,2013,324,3.18,-7.52,0,0.21034235509661,102.5235,15.5547835549853,227.83,347.22,33198.95,-2.17
PIK,2013-11-21,2013,325,5.03,-1.08,3.08,0.154540478105256,52.8435,7.9900195090356,117.43,564.51,33085.68,1.975
PIK,2013-11-22,2013,326,7.27,-0.29,3.96,0.210719450221161,60.7455,9.1541886201216,134.99,598.05,32975.36,3.49
PIK,2013-11-23,2013,327,-0.83,-9.72,2.47,0.141961195801572,75.861,11.3948627551416,168.58,292.19,32868.08,-5.275
PIK,2013-11-24,2013,328,-5.94,-13.59,0,0.089787400037843,93.105,13.9407026415165,206.9,214.19,32763.89,-9.765
PIK,2013-11-25,2013,329,0.48,-11.14,0,0.186246752658918,112.0185,16.7209197438987,248.93,261.02,32662.86,-5.33
PIK,2013-11-26,2013,330,0.53,-1.98,4.78,0.0537227190942546,25.3035,3.7657256803947,56.23,527.99,32565.06,-0.725
PIK,2013-11-27,2013,331,-0.5,-6.86,1.86,0.112270003030941,77.6205,11.5181345438199,172.49,365.38,32470.54,-3.68
PIK,2013-11-28,2013,332,-4.25,-11.27,0,0.094568490480234,84.4875,12.5019374666963,187.75,258.3,32379.39,-7.76
PIK,2013-11-29,2013,333,-3.15,-14.62,0,0.144464316010034,109.1025,16.100560844667,242.45,196.76,32291.64,-8.885
PIK,2013-11-30,2013,334,0.99,-10.43,0,0.19033781757117,107.136,15.7691042770176,238.08,276.37,32207.38,-4.72
PIK,2013-12-01,2013,335,2.53,-1.23,2.04,0.0874789717336779,35.0685,5.14871475464925,77.93,558.09,32126.65,0.65
PIK,2013-12-02,2013,336,1.22,-0.43,0,0.0379451263441629,20.8485,3.05360183620395,46.33,591.71,32049.51,0.395
PIK,2013-12-03,2013,337,2.67,-5.84,1.32,0.172602037893716,81.936,11.9733451329456,182.08,395.28,31976.03,-1.585
PIK,2013-12-04,2013,338,6.3,-1.64,2.8,0.206196502914557,57.618,8.401370608125,128.04,541.64,31906.25,2.33
PIK,2013-12-05,2013,339,14.35,0.87,0,0.490723925209486,94.0995,13.6923999332373,209.11,650.62,31840.22,7.61
PIK,2013-12-06,2013,340,0.29,-2.63,0,0.0607164457808517,33.372,4.8464625260196,74.16,503.14,31777.99,-1.17
PIK,2013-12-07,2013,341,-1.36,-6.16,0,0.0842171045181332,52.866,7.6633846993044,117.48,385.57,31719.62,-3.76
PIK,2013-12-08,2013,342,-1.59,-9.27,2.68,0.121033582018107,63.0045,9.1173616510041,140.01,302.82,31665.14,-5.43
PIK,2013-12-09,2013,343,0.24,-4.78,2.22,0.097076401255656,45.072,6.511944957984,100.16,428.24,31614.6,-2.27
PIK,2013-12-10,2013,344,-5.48,-10.36,0,0.0649776854662477,59.454,8.5771873632312,132.12,277.81,31568.04,-7.92
PIK,2013-12-11,2013,345,-5.76,-10.7,0,0.064450565403489,60.1875,8.6713055128125,133.75,270.35,31525.5,-8.23
PIK,2013-12-12,2013,346,-6.99,-15.18,0,0.0878329950023938,87.7455,12.626190492345,194.99,187.84,31487,-11.085
PIK,2013-12-13,2013,347,-6.77,-14.62,0,0.0864250007945151,85.734,12.3232546882566,190.52,196.79,31452.57,-10.695
PIK,2013-12-14,2013,348,-12.61,-17.66,8.73,0.040616636148338,47.034,6.7540696161588,104.52,152.59,31422.26,-15.135
PIK,2013-12-15,2013,349,-6.6,-14.95,1.81,0.0914174449869165,90.0405,12.9190186474668,200.09,191.57,31396.08,-10.775
PIK,2013-12-16,2013,350,-11.27,-21.23,1.83,0.0739561364619917,98.955,14.188104845874,219.9,112.23,31374.04,-16.25
PIK,2013-12-17,2013,351,-5.45,-19.77,3.11,0.140603842807625,80.5455,11.5419883265883,178.99,127.43,31356.18,-12.61
PIK,2013-12-18,2013,352,-1.34,-7.64,0.53,0.105294588910859,72.4905,10.3831930778625,161.09,344.14,31342.5,-4.49
PIK,2013-12-19,2013,353,1.32,-4.3,1.75,0.114276209350432,65.475,9.375489744165,145.5,444.09,31333.02,-1.49
PIK,2013-12-20,2013,354,0.1,-2.28,8.38,0.0494945001606291,22.995,3.292142912541,51.1,516.71,31327.74,-1.09
PIK,2013-12-21,2013,355,-1.34,-3.5,15.07,0.0413200631293356,21.483,3.0755681918577,47.74,471.83,31326.67,-2.42
PIK,2013-12-22,2013,356,-0.68,-4.59,7.22,0.0737749773402868,37.2015,5.32640778508755,82.67,434.54,31329.81,-2.635
PIK,2013-12-23,2013,357,-2.81,-9.41,0,0.0991906679661644,78.4665,11.2372483157708,174.37,299.57,31337.15,-6.11
PIK,2013-12-24,2013,358,-12.42,-17.64,0,0.0422931921915014,67.1355,9.6180706652445,149.19,152.84,31348.7,-15.03
PIK,2013-12-25,2013,359,-5.49,-21.95,5.07,0.151059265303254,82.593,11.8385044171443,183.54,105.3,31364.43,-13.72
PIK,2013-12-26,2013,360,-1.58,-9.33,4.13,0.121810800791804,64.3995,9.23659356656025,143.11,301.53,31384.35,-5.455
PIK,2013-12-27,2013,361,0.23,-7.74,0,0.140246099189786,87.6195,12.5765945567883,194.71,341.43,31408.42,-3.755
PIK,2013-12-28,2013,362,1.9,-3.66,0,0.117323952752677,67.4145,9.6851341284696,149.81,466.21,31436.64,-0.88
PIK,2013-12-29,2013,363,3.32,-6.76,0,0.203496476977153,98.847,14.2155026785863,219.66,368.36,31468.97,-1.72
PIK,2013-12-30,2013,364,-10.52,-18.16,1.39,0.0648754276862618,89.1045,12.829237218351,198.01,146.33,31505.4,-14.34
PIK,2013-12-31,2013,365,-7.64,-14.42,1.18,0.0727526537137719,81.774,11.7889255924902,181.72,200.15,31545.89,-11.03
PIK,2014-01-01,2014,1,-11.68,-16.85,0,0.0442276396842243,58.14,8.393621415876,129.2,163.42,31590.62,-14.265
PIK,2014-01-02,2014,2,-18.18,-22.42,0,0.0233643487084362,49.2165,7.1162610418998,109.37,101.05,31639.16,-20.3
PIK,2014-01-03,2014,3,-8.64,-27.85,0,0.129056146512074,113.706,16.468135549893,252.68,61.68,31691.65,-18.245
PIK,2014-01-04,2014,4,-1.71,-14.39,4.89,0.169775715616084,78.174,11.3421624625026,173.72,200.58,31748.07,-8.05
PIK,2014-01-05,2014,5,0.29,-3.44,11.33,0.0753209492624405,32.058,4.660084225251,71.24,473.81,31808.35,-1.575
PIK,2014-01-06,2014,6,-2.01,-13.32,3.41,0.154791141943687,75.807,11.0418344431353,168.46,218.86,31872.47,-7.665
PIK,2014-01-07,2014,7,-16.47,-24.4,0,0.0429301338714886,85.6575,12.5032103517668,190.35,84.63,31940.37,-20.435
PIK,2014-01-08,2014,8,-9.87,-18.63,0,0.0750289864913487,91.512,13.3877292159816,203.36,140.55,32011.99,-14.25
PIK,2014-01-09,2014,9,-5.72,-15.19,0,0.106340703181914,95.994,14.0764560353082,213.32,187.74,32087.29,-10.455
PIK,2014-01-10,2014,10,2.98,-9.51,4.01,0.230003343763624,80.397,11.8183288832838,178.66,297.19,32166.22,-3.265
PIK,2014-01-11,2014,11,6.25,0.62,7.47,0.1560593289377,47.6415,7.0212403355985,105.87,638.62,32248.7,3.435
PIK,2014-01-12,2014,12,1.74,-0.64,0,0.0551725908183691,29.889,4.416684946731,66.42,582.65,32334.7,0.55
PIK,2014-01-13,2014,13,5.86,-1.37,0,0.186458805598,79.8165,11.8270748623167,177.37,552.54,32424.14,2.245
PIK,2014-01-14,2014,14,3.42,-0.73,0,0.100721596547235,49.9185,7.41801653693865,110.93,579.06,32516.97,1.345
PIK,2014-01-15,2014,15,-0.08,-5.16,0,0.0958585453457693,61.587,9.1790470919808,136.86,416.26,32613.12,-2.62
PIK,2014-01-16,2014,16,-2,-7.65,2.69,0.092398700798341,51.3315,7.67386737798615,114.07,343.78,32712.53,-4.825
PIK,2014-01-17,2014,17,0.03,-5.52,2.6,0.104110016403266,50.7105,7.6048097573529,112.69,404.83,32815.14,-2.745
PIK,2014-01-18,2014,18,-3.26,-8.14,0,0.0752124328041446,61.7445,9.28935974575755,137.21,331.02,32920.87,-5.7
PIK,2014-01-19,2014,19,-3.35,-9.43,2.22,0.0895477809461841,56.421,8.5164986621502,125.38,299.19,33029.66,-6.39
PIK,2014-01-20,2014,20,-6.65,-17.22,0,0.107280045846173,111.69,16.916168275785,248.2,158.44,33141.45,-11.935
PIK,2014-01-21,2014,21,-18.4,-24.97,0,0.0323187515461462,83.9295,12.7556639004686,186.51,80.39,33256.17,-21.685
PIK,2014-01-22,2014,22,-16.13,-27.96,0,0.0570730690826994,120.771,18.4197503876778,268.38,61.09,33373.74,-22.045
PIK,2014-01-23,2014,23,-15.77,-22.2,0,0.0388560104639407,84.06,12.86689919022,186.8,103,33494.1,-18.985
PIK,2014-01-24,2014,24,-8.31,-23.82,2.26,0.119499471721532,98.172,15.0822191694276,218.16,89.18,33617.19,-16.065
PIK,2014-01-25,2014,25,-4.57,-15.75,2.04,0.128726511748951,89.8335,13.8527919448484,199.63,179.25,33742.93,-10.16
PIK,2014-01-26,2014,26,-7.16,-22.31,4.58,0.128285588986794,100.3545,15.5340348766313,223.01,102.06,33871.25,-14.735
PIK,2014-01-27,2014,27,-8.25,-16.22,1.91,0.078725991251342,102.897,15.9891139577232,228.66,172.33,34002.08,-12.235
PIK,2014-01-28,2014,28,-13.31,-19.9,0,0.0474999070756346,91.0575,14.204842082424,202.35,125.96,34135.36,-16.605
PIK,2014-01-29,2014,29,-10.32,-19.35,0,0.0742493143186426,114.327,17.9057302691778,254.06,132.06,34271.02,-14.835
PIK,2014-01-30,2014,30,-2.5,-14.39,0,0.154528164780607,130.887,20.5818608967741,290.86,200.56,34408.99,-8.445
PIK,2014-01-31,2014,31,-1.59,-7.06,0,0.0924530399020075,78.7905,12.4402233544079,175.09,359.83,34549.21,-4.325
PIK,2014-02-01,2014,32,-0.05,-7.35,12.34,0.128749151874097,75.069,11.901485202228,166.82,351.92,34691.6,-3.7
PIK,2014-02-02,2014,33,-2.27,-7.85,0,0.0898360396444729,85.1805,13.5608188213485,189.29,338.49,34836.1,-5.06
PIK,2014-02-03,2014,34,-5.36,-15.43,0,0.11371525786509,131.274,20.986867650177,291.72,184.05,34982.65,-10.395
PIK,2014-02-04,2014,35,-5,-17.92,2.29,0.136727573627227,107.9145,17.3256182191827,239.81,149.33,35131.18,-11.46
PIK,2014-02-05,2014,36,-7.88,-13.23,9.3,0.0594999880554846,64.7235,10.4358261474238,143.83,220.47,35281.63,-10.555
PIK,2014-02-06,2014,37,-8.3,-20.48,0.49,0.104402701246099,147.447,23.8765439125647,327.66,119.74,35433.93,-14.39
PIK,2014-02-07,2014,38,-10.99,-15.33,0,0.0402524602433584,73.944,12.0260522967624,164.32,185.57,35588.03,-13.16
PIK,2014-02-08,2014,39,-8.36,-17.07,0,0.0833461957506034,129.789,21.2009604941178,288.42,160.37,35743.86,-12.715
PIK,2014-02-09,2014,40,-9.12,-19.66,1.77,0.0897800059196703,145.6695,23.8998805435764,323.71,128.63,35901.36,-14.39
PIK,2014-02-10,2014,41,-8.2,-18.49,0,0.0944024943137564,144.6255,23.8337542132114,321.39,142.24,36060.47,-13.345
PIK,2014-02-11,2014,42,-10.32,-19.87,0,0.0771172542782347,139.5,23.0915200671,310,126.29,36221.14,-15.095
PIK,2014-02-12,2014,43,-6.58,-23.05,0,0.139674087859544,168.2055,27.9678189254369,373.79,95.57,36383.31,-14.815
PIK,2014-02-13,2014,44,-3.2,-17.08,0,0.161766191905935,162.0315,27.0624078646686,360.07,160.3,36546.92,-10.14
PIK,2014-02-14,2014,45,-1.45,-8.38,0,0.112753449991059,109.3275,18.342254522466,242.95,324.84,36711.92,-4.915
PIK,2014-02-15,2014,46,-5.28,-13.07,0,0.0952669064191352,121.32,20.446502199624,269.6,223.45,36878.26,-9.175
PIK,2014-02-16,2014,47,-9.45,-17.69,0.84,0.0741247236254834,127.9215,21.6570620945669,284.27,152.18,37045.87,-13.57
PIK,2014-02-17,2014,48,-4.48,-21.3,4.01,0.164057866947409,131.229,22.3182827433216,291.62,111.53,37214.72,-12.89
PIK,2014-02-18,2014,49,-1.03,-8.39,4.04,0.121664430057583,86.3505,14.7528367767788,191.89,324.39,37384.75,-4.71
PIK,2014-02-19,2014,50,5.05,-6.07,0,0.243390223910777,152.4375,26.1629256699563,338.75,388.4,37555.91,-0.51
PIK,2014-02-20,2014,51,2.63,-6.97,14.74,0.188012388460119,106.605,18.3805830985275,236.9,362.43,37728.15,-2.17
PIK,2014-02-21,2014,52,3.76,-0.9,4.72,0.113842015863103,59.94,10.382179533894,133.2,571.82,37901.43,1.43
PIK,2014-02-22,2014,53,2.01,-2.6,0,0.101065379195131,81.063,14.1054405392079,180.14,504.38,38075.69,-0.295
PIK,2014-02-23,2014,54,-1.31,-7.35,0,0.10218822285564,108.333,18.9373297569471,240.74,351.76,38250.91,-4.33
PIK,2014-02-24,2014,55,-7.16,-11.37,0,0.0512226788037075,81.486,14.3098771733604,181.08,256.3,38427.02,-9.265
PIK,2014-02-25,2014,56,-7.6,-14.1,0.04,0.0706232797548564,123.8625,21.8518569315,275.25,205.48,38604,-10.85
PIK,2014-02-26,2014,57,-10.84,-17.11,0,0.0546477073527228,122.49,21.709243258947,272.2,159.92,38781.79,-13.975
PIK,2014-02-27,2014,58,-10.76,-17.21,0,0.0562606107248515,126.81,22.578374059812,281.8,158.49,38960.36,-13.985
PIK,2014-02-28,2014,59,-9.06,-23.6,0,0.109300203235478,197.559,35.3370318510258,439.02,90.97,39139.66,-16.33
PIK,2014-03-01,2014,60,-3.52,-14,3.26,0.132638872939524,131.4495,23.6202778948091,292.11,207.14,39319.67,-8.76
PIK,2014-03-02,2014,61,-10.6,-16.54,0,0.0532871139842819,120.96,21.835276819776,268.8,167.79,39500.33,-13.57
PIK,2014-03-03,2014,62,-13.3,-22.41,0,0.0599837900373632,167.5125,30.3775472267213,372.25,101.12,39681.61,-17.855
PIK,2014-03-04,2014,63,-9.13,-22.4,1.4,0.103337248542431,199.44,36.333202101984,443.2,101.23,39863.48,-15.765
PIK,2014-03-05,2014,64,-6.23,-17.46,0,0.115034988885112,187.461,34.307193181743,416.58,155.17,40045.9,-11.845
PIK,2014-03-06,2014,65,-5.59,-18.03,0,0.128297502596367,197.8245,36.3692032247106,439.61,147.84,40228.84,-11.81
PIK,2014-03-07,2014,66,2.33,-13.9,0,0.25722889546334,212.2875,39.2061009349688,471.75,208.76,40412.25,-5.785
PIK,2014-03-08,2014,67,0.8,-6.85,0,0.141074869924044,148.0455,27.4660330774122,328.99,365.8,40596.12,-3.025
PIK,2014-03-09,2014,68,-0.68,-13.06,0.73,0.179338781395497,198.288,36.954226275264,440.64,223.67,40780.4,-6.87
PIK,2014-03-10,2014,69,5.44,-4.07,0,0.223649314526737,170.739,31.9641035435838,379.42,451.92,40965.06,0.685
PIK,2014-03-11,2014,70,8.87,0.58,0,0.249604460988252,154.962,29.1415130451072,344.36,637.14,41150.08,4.725
PIK,2014-03-12,2014,71,-0.49,-13.41,11.45,0.186499339866749,155.331,29.3424645081447,345.18,217.42,41335.41,-6.95
PIK,2014-03-13,2014,72,-6.07,-19.45,0,0.129475455758182,213.3225,40.4781805443398,474.05,130.95,41521.03,-12.76
PIK,2014-03-14,2014,73,8.77,-9.28,0,0.413568654170719,228.3975,43.532706111399,507.55,302.53,41706.92,-0.255
PIK,2014-03-15,2014,74,3.19,-6.54,0,0.196954468782328,182.7225,34.9824322259797,406.05,374.5,41893.03,-1.675
PIK,2014-03-16,2014,75,-9.57,-16.62,0,0.0655173115393157,149.04,28.660777089552,331.2,166.58,42079.34,-13.095
PIK,2014-03-17,2014,76,-4.7,-19.57,0,0.151476466452059,227.1465,43.8744361876191,504.77,129.57,42265.82,-12.135
PIK,2014-03-18,2014,77,2.47,-10.56,0,0.228411310560276,215.0235,41.7162139283677,477.83,273.5,42452.45,-4.045
PIK,2014-03-19,2014,78,4.7,-2.22,6.39,0.16740168571654,108.405,21.1239173612115,240.9,519.02,42639.19,1.24
PIK,2014-03-20,2014,79,2.55,-1.83,2.19,0.100070727884138,73.575,14.3997212438775,163.5,533.98,42826.01,0.36
PIK,2014-03-21,2014,80,2.44,-4.19,0,0.140366972364015,145.4805,28.5969429184577,323.29,447.82,43012.89,-0.875
PIK,2014-03-22,2014,81,1.51,-5.41,1.98,0.136654832215155,153.1035,30.226165447401,340.23,408.44,43199.8,-1.95
PIK,2014-03-23,2014,82,-6.97,-12.69,0,0.0667061575817799,133.11,26.39268062109,295.8,230.52,43386.7,-9.83
PIK,2014-03-24,2014,83,-4.95,-14.18,0,0.110198387921598,192.24,38.280993537744,427.2,204.05,43573.58,-9.565
PIK,2014-03-25,2014,84,-1.14,-12.5,0,0.164616203404194,215.4555,43.0878840465704,478.79,233.98,43760.41,-6.82
PIK,2014-03-26,2014,85,-5.54,-14.04,0,0.0997521464934029,180.846,36.3208266756108,401.88,206.42,43947.14,-9.79
PIK,2014-03-27,2014,86,3.05,-13.37,2.66,0.271515972919358,184.356,37.1830066306884,409.68,218.02,44133.77,-5.16
PIK,2014-03-28,2014,87,7.6,0.19,4.62,0.211952713313959,116.64,23.6246787972,259.2,619.03,44320.25,3.895
PIK,2014-03-29,2014,88,1.93,-0.2,0,0.0499812987688519,53.811,10.9448896848939,119.58,602.06,44506.57,0.865
PIK,2014-03-30,2014,89,5.71,-2.42,0,0.202398501990667,174.798,35.7017132293848,388.44,511.25,44692.68,1.645
PIK,2014-03-31,2014,90,10.35,-4.27,0,0.428018581056538,240.8985,49.4070824827512,535.33,422.38,44878.56,3.04
PIK,2014-04-01,2014,91,7.1,-0.61,0,0.211669868646732,166.212,34.2302482117512,369.36,584.32,45064.18,3.245
PIK,2014-04-02,2014,92,5.43,-1.86,0,0.182877539098556,161.3295,33.3613767363588,358.51,532.77,45249.52,1.785
PIK,2014-04-03,2014,93,4.19,-4.29,0,0.189998354685083,185.1525,38.4442878483203,411.45,444.36,45434.53,-0.05
PIK,2014-04-04,2014,94,5.51,0.08,11.18,0.144675571563761,96.8175,20.18448761472,215.15,614.07,45619.2,2.795
PIK,2014-04-05,2014,95,2.82,-2.73,0,0.124439053576441,136.134,28.4958280246824,302.52,499.51,45803.48,0.045
PIK,2014-04-06,2014,96,10.51,-4.8,0,0.462078261716659,255.2265,53.6389483945707,567.17,386.33,45987.34,2.855
PIK,2014-04-07,2014,97,9.37,-0.22,16.37,0.287469515954311,154.224,32.5413215563968,342.72,600.81,46170.76,4.575
PIK,2014-04-08,2014,98,8.27,0.02,4.63,0.239722212021558,141.246,29.921045425614,313.88,611.77,46353.7,4.145
PIK,2014-04-09,2014,99,8.76,-0.85,0,0.277275831270469,209.754,44.6083975271736,466.12,573.85,46536.12,3.955
PIK,2014-04-10,2014,100,17.12,1.19,0,0.722100346649675,255.5865,54.568028108687,567.97,585.02,46717.99,9.155
PIK,2014-04-11,2014,101,13.76,1.05,0,0.510510515227883,238.9095,51.2054037556812,530.91,604.46,46899.28,7.405
PIK,2014-04-12,2014,102,14.24,0.93,11.44,0.488295948399329,181.566,39.0648918842028,403.48,648.67,47079.94,7.585
PIK,2014-04-13,2014,103,18.25,5.2,10.07,0.610417135665263,178.0425,38.4532498542465,395.65,877.63,47259.94,11.725
PIK,2014-04-14,2014,104,19.29,4.07,6.57,0.71321074971799,186.93,40.525932841425,415.4,811.56,47439.25,11.68
PIK,2014-04-15,2014,105,-0.42,-5.45,5.09,0.0931159157866889,96.1605,20.9258169471027,213.69,407.06,47617.82,-2.935
PIK,2014-04-16,2014,106,3.13,-9.02,0,0.228241743939825,244.791,53.4687037155207,543.98,308.82,47795.61,-2.945
PIK,2014-04-17,2014,107,8.06,-2.89,0,0.291096067479804,231.228,50.6932096051764,513.84,493.85,47972.59,2.585
PIK,2014-04-18,2014,108,9.53,1.83,1.37,0.245706474456914,182.646,40.1893536400362,405.88,696.77,48148.71,5.68
PIK,2014-04-19,2014,109,11.43,-1.48,0,0.416702063961084,245.8755,54.2992227232572,546.39,531.69,48323.92,4.975
PIK,2014-04-20,2014,110,14.06,-0.11,0,0.538909378454121,251.9955,55.8514581663227,559.99,565.01,48498.19,6.975
PIK,2014-04-21,2014,111,20.45,5.31,0,0.860680418841761,250.713,55.7657460795627,557.14,784.22,48671.47,12.88
PIK,2014-04-22,2014,112,11.7,4.12,4.04,0.276328224804683,126.684,28.2778704578736,281.52,819.79,48843.72,7.91
PIK,2014-04-23,2014,113,7.77,-0.18,0,0.226157162133837,179.478,40.2027133311648,398.84,602.7,49014.88,3.795
PIK,2014-04-24,2014,114,11.53,-2.13,0,0.435614470287098,248.031,55.7511776237997,551.18,504.44,49184.91,4.7
PIK,2014-04-25,2014,115,11.39,3.62,2.68,0.276822969842715,129.852,29.2876879068864,288.56,791.23,49353.76,7.505
PIK,2014-04-26,2014,116,7.75,2.57,0,0.159129118053674,126.9765,28.7363953895949,282.17,734.84,49521.38,5.16
PIK,2014-04-27,2014,117,12.64,0.36,0,0.4484130741053,237.8205,54.0025750847714,528.49,595.22,49687.71,6.5
PIK,2014-04-28,2014,118,13.56,0.21,0,0.486097932939626,219.4065,49.9867094048076,487.57,599.35,49852.72,6.885
PIK,2014-04-29,2014,119,9.24,5.33,20.95,0.136386731744639,63.864,14.5976900489784,141.92,892.04,50016.33,7.285
PIK,2014-04-30,2014,120,7.79,4.84,4.6,0.0965192755681451,51.3765,11.7814403729925,114.17,862.5,50178.5,6.315
PIK,2014-05-01,2014,121,14.46,6.04,1.78,0.352709270984069,169.4565,38.9834767384119,376.57,937.53,50339.18,10.25
PIK,2014-05-02,2014,122,11.46,5.72,1.69,0.216754597139867,125.3295,28.9231892450563,278.51,916.89,50498.29,8.59
PIK,2014-05-03,2014,123,11.52,5.52,5.17,0.225656161893242,98.541,22.811946468246,218.98,904.37,50655.8,8.52
PIK,2014-05-04,2014,124,10.99,2.89,0,0.278783170228888,169.11,39.268889204301,375.8,751.8,50811.63,6.94
PIK,2014-05-05,2014,125,14.23,1,0,0.488601230321733,223.929,52.1560616359869,497.62,649.49,50965.73,7.615
PIK,2014-05-06,2014,126,14.29,3.01,0,0.434055501165899,207.936,48.5758130980608,462.08,757.81,51118.04,8.65
PIK,2014-05-07,2014,127,14.52,1.92,0,0.497680040692405,220.0995,51.5686523974304,489.11,678.11,51268.49,8.22
PIK,2014-05-08,2014,128,19.96,8.73,0.99,0.654300968223078,201.0645,47.245297187948,446.81,1072.37,51417.03,14.345
PIK,2014-05-09,2014,129,22.22,10.81,0.69,0.766482554726338,200.1465,47.1636341946279,444.77,1217.63,51563.58,16.515
PIK,2014-05-10,2014,130,19.52,9.02,0,0.596540241335545,194.9805,46.0750564370597,433.29,1109.92,51708.09,14.27
PIK,2014-05-11,2014,131,21.89,5.01,0,0.982305757462414,241.137,57.1390262246232,535.86,764.23,51850.48,13.45
PIK,2014-05-12,2014,132,22.71,9.33,4.36,0.789979894431112,163.008,38.730293116992,362.24,1173.58,51990.7,16.02
PIK,2014-05-13,2014,133,21.66,11.06,3.68,0.633195865801265,144.6975,34.471005811551,321.55,1316.84,52128.68,16.36
PIK,2014-05-14,2014,134,19.01,11.83,13.88,0.403072259413193,111.735,26.687685056643,248.3,1386.27,52264.34,15.42
PIK,2014-05-15,2014,135,21.01,9.76,15.44,0.63683403883971,151.6635,36.3169123657978,337.03,1208.11,52397.63,15.385
PIK,2014-05-16,2014,136,11.54,4.39,2.54,0.261226886371651,116.685,28.0108302653115,259.3,835.5,52528.47,7.965
PIK,2014-05-17,2014,137,12.14,0.87,0,0.38152776559699,214.344,51.580077966144,476.32,650.28,52656.8,6.505
PIK,2014-05-18,2014,138,13.73,0.75,0,0.461501195326755,227.421,54.8576311940838,505.38,644.9,52782.54,7.24
PIK,2014-05-19,2014,139,20.36,4.53,0,0.812643544446031,239.6025,57.9307879391827,532.45,802.06,52905.63,12.445
PIK,2014-05-20,2014,140,19.66,7.61,0,0.640450481176282,213.777,51.80432815314,475.06,1023.57,53026,13.635
PIK,2014-05-21,2014,141,21.25,10.34,0,0.646869233673526,201.1005,48.8405063297403,446.89,1240.36,53143.58,15.795
PIK,2014-05-22,2014,142,20.41,10.51,0,0.579170356120023,189.414,46.101555097434,420.92,1251.74,53258.3,15.46
PIK,2014-05-23,2014,143,16.2,8.28,1.54,0.37228041541436,164.8575,40.2089604276398,366.35,1092.63,53370.09,12.24
PIK,2014-05-24,2014,144,22.77,7.69,0,0.97020642829197,235.611,57.582992183103,523.58,936.79,53478.9,15.23
PIK,2014-05-25,2014,145,25.77,9.16,0,1.22630128815683,238.8645,58.4935698626496,530.81,1008.02,53584.64,17.465
PIK,2014-05-26,2014,146,28.16,14.01,0,1.28298011070127,218.007,53.4881771401275,484.46,1419.74,53687.25,21.085
PIK,2014-05-27,2014,147,27.1,15.66,0,1.017811186612,193.806,47.6384908457772,430.68,1659.98,53786.66,21.38
PIK,2014-05-28,2014,148,16.89,10.95,0,0.305156657289145,124.965,30.771942367941,277.7,1308.09,53882.82,13.92
PIK,2014-05-29,2014,149,19.71,9.92,0,0.549014427288683,184.383,45.4815271182546,409.74,1206.66,53975.66,14.815
PIK,2014-05-30,2014,150,23.51,9.28,0,0.975639963131182,223.983,55.3411714864041,497.74,1054.23,54065.11,16.395
PIK,2014-05-31,2014,151,22.77,7.62,0,0.97475004302128,230.2155,56.9715616294169,511.59,929.75,54151.11,15.195
PIK,2014-06-01,2014,152,24,8.55,0,1.06127274792023,228.8565,56.7215337430301,508.57,983.79,54233.61,16.275
PIK,2014-06-02,2014,153,26.29,12.58,6.01,0.977545782521208,155.538,38.6058237785964,345.64,1456.31,54312.54,19.435
PIK,2014-06-03,2014,154,25.66,13.46,11.18,0.871892413325029,144.4545,35.9045234276603,321.01,1542.53,54387.85,19.56
PIK,2014-06-04,2014,155,21.47,9.51,0,0.709150131937147,197.1495,49.0665327828282,438.11,1161.29,54459.48,15.49
PIK,2014-06-05,2014,156,15.99,8.65,0,0.345804363794814,139.311,34.7149320932853,309.58,1120.73,54527.39,12.32
PIK,2014-06-06,2014,157,22.87,8.19,0,0.923520416686633,222.3495,55.4724649340447,494.11,1010.02,54591.51,15.53
PIK,2014-06-07,2014,158,25.51,6.58,0,1.25502837578979,243.3735,60.78466642433,540.83,860.67,54651.81,16.045
PIK,2014-06-08,2014,159,21.63,10.87,1.16,0.640121181453118,181.26,45.318010927986,402.8,1299.3,54708.23,16.25
PIK,2014-06-09,2014,160,26.02,12.37,0,1.05250277006768,206.7255,51.7344075535406,459.39,1344.38,54760.73,19.195
PIK,2014-06-10,2014,161,24.72,12.18,0,0.90753731511648,198.5895,49.7423821232592,441.31,1355.51,54809.28,18.45
PIK,2014-06-11,2014,162,23.62,16.15,17.92,0.53714069658289,99.5985,24.9675514857554,221.33,1834.28,54853.83,19.885
PIK,2014-06-12,2014,163,24.67,16.68,10.68,0.599367880286908,105.282,26.411798392119,233.96,1898.12,54894.35,20.675
PIK,2014-06-13,2014,164,22.81,12.91,0,0.640820243733116,170.6805,42.846566990958,379.29,1488.16,54930.8,17.86
PIK,2014-06-14,2014,165,18.26,8.79,0,0.480701210752403,170.9415,42.9373665191898,379.87,1131.24,54963.16,13.525
PIK,2014-06-15,2014,166,21.3,7.97,0,0.746860764111652,211.194,53.0753212049778,469.32,1051.72,54991.41,14.635
PIK,2014-06-16,2014,167,25.2,10.84,7.08,0.950322606747244,160.1235,40.2583913907665,355.83,1297.82,55015.51,18.02
PIK,2014-06-17,2014,168,25.8,13.38,26.24,0.889505901323847,145.7865,36.6670551356123,323.97,1534.62,55035.45,19.59
PIK,2014-06-18,2014,169,23.48,16.54,0,0.501561829257541,124.8885,31.4199520931884,277.53,1880.66,55051.21,20.01
PIK,2014-06-19,2014,170,23.76,12.92,0,0.722532877106281,182.7,45.97406247042,406,1488.77,55062.78,18.34
PIK,2014-06-20,2014,171,21.71,9.79,0,0.690016945484419,197.9235,49.8115321743132,439.83,1210.56,55070.16,15.75
PIK,2014-06-21,2014,172,23.26,10.42,0,0.792059115502732,204.5295,51.4770220154358,454.51,1262.51,55073.32,16.84
PIK,2014-06-22,2014,173,25.18,10.06,0,1.00334904489837,220.0545,55.3833868894182,489.01,1210.04,55072.28,17.62
PIK,2014-06-23,2014,174,23.94,13.28,3.9,0.720361698030469,133.4115,33.5738480829017,296.47,1524.6,55067.03,18.61
PIK,2014-06-24,2014,175,26.34,17.86,13.8,0.687297314824604,109.476,27.5455951772724,243.28,2045.21,55057.57,22.1
PIK,2014-06-25,2014,176,23,17.97,9.98,0.37039077065242,70.8885,17.8320528177444,157.53,2059.44,55043.92,20.485
PIK,2014-06-26,2014,177,26.36,15.34,0,0.841308607955535,183.834,46.2285946668042,408.52,1742.17,55026.09,20.85
PIK,2014-06-27,2014,178,26.94,12.99,0,1.02426214932397,210.5955,52.9371056044548,467.99,1495.99,55004.08,19.965
PIK,2014-06-28,2014,179,28.47,16.01,0,1.02821158202579,192.8385,48.4505073031739,428.53,1818.77,54977.93,22.24
PIK,2014-06-29,2014,180,28.45,18.13,3.67,0.894768696402137,126.576,31.7845898365248,281.28,2080.38,54947.64,23.29
PIK,2014-06-30,2014,181,28.65,19.8,0,0.802956814503467,149.9895,37.6403910081786,333.31,2308.86,54913.24,24.225
PIK,2014-07-01,2014,182,28.75,20.73,3.91,0.746171258235487,104.3775,26.1755492669347,231.95,2445.2,54874.77,24.74
PIK,2014-07-02,2014,183,28.22,16.96,2.49,0.944195388919788,139.095,34.8548955888375,309.1,1931.34,54832.25,22.59
PIK,2014-07-03,2014,184,23.03,12.69,0.67,0.66971501848377,183.9195,46.0480529838766,408.71,1467.23,54785.71,17.86
PIK,2014-07-04,2014,185,22.23,10.94,0,0.683629534407898,196.83,49.23502943112,437.4,1306.91,54735.2,16.585
PIK,2014-07-05,2014,186,26.24,11,0,1.04596466841358,224.0685,55.9927076953837,497.93,1310.88,54680.75,18.62
PIK,2014-07-06,2014,187,26.47,15.25,0,0.857786152491506,187.668,46.846505893824,417.04,1731.84,54622.4,20.86
PIK,2014-07-07,2014,188,27.38,17.77,11.36,0.801385293829695,126.0675,31.433684821695,280.15,2033.3,54560.2,22.575
PIK,2014-07-08,2014,189,24.31,15.06,16.31,0.660372555381818,126.63,31.53574449522,281.4,1710.9,54494.2,19.685
PIK,2014-07-09,2014,190,20.76,11.32,0,0.552192630381199,178.317,44.3509491043836,396.26,1339.87,54424.44,16.04
PIK,2014-07-10,2014,191,21.63,8.55,0,0.732919591981081,218.07,54.165094213302,484.6,1112.91,54350.98,15.09
PIK,2014-07-11,2014,192,24.37,9.75,0,0.918237132737631,224.424,55.6642406340216,498.72,1207.05,54273.87,17.06
PIK,2014-07-12,2014,193,26.79,13.81,0,0.967495800022054,205.497,50.8939503283764,456.66,1578.17,54193.16,20.3
PIK,2014-07-13,2014,194,27.34,17.75,4.67,0.797998383696878,123.939,30.6473588419716,275.42,2031.15,54108.92,22.545
PIK,2014-07-14,2014,195,22.4,13.69,3.84,0.567787237762133,120.5415,29.758909912686,267.87,1565.89,54021.2,18.045
PIK,2014-07-15,2014,196,23.62,13.72,5.1,0.670215480802733,132.678,32.6998755914922,294.84,1568.57,53930.07,18.67
PIK,2014-07-16,2014,197,20.97,10.93,0,0.584651708948973,183.9825,45.2649570098895,408.85,1306.22,53835.58,15.95
PIK,2014-07-17,2014,198,22.39,8.55,0,0.793786937249574,220.9545,54.2623817989364,491.01,1113.22,53737.79,15.47
PIK,2014-07-18,2014,199,24.82,9.21,0,0.993508554291452,227.952,55.8756135247392,506.56,1151.83,53636.78,17.015
PIK,2014-07-19,2014,200,22.95,12.56,6.63,0.669777062325921,136.4625,33.3847356300113,303.25,1454.17,53532.61,17.755
PIK,2014-07-20,2014,201,23.39,15.76,2.06,0.538965385688263,106.596,26.025823741302,236.88,1789.88,53425.35,19.575
PIK,2014-07-21,2014,202,27.44,14.71,0,0.988576410012201,201.2625,49.0375727430525,447.25,1672.69,53315.06,21.075
PIK,2014-07-22,2014,203,28.66,16.4,2.49,1.02731398628823,145.953,35.485877781378,324.34,1864.03,53201.8,22.53
PIK,2014-07-23,2014,204,22.51,15.52,0,0.478310178342024,134.1315,32.5404985636053,298.07,1762.44,53085.66,19.015
PIK,2014-07-24,2014,205,22.42,10.46,0,0.720259123472481,202.176,48.9382631352576,449.28,1265.32,52966.68,16.44
PIK,2014-07-25,2014,206,24.56,9.57,0,0.942776579165822,221.814,53.5684064455008,492.92,1192.69,52844.96,17.065
PIK,2014-07-26,2014,207,25.21,14.65,10.9,0.76672898685341,133.749,32.2245362477115,297.22,1666.06,52720.55,19.93
PIK,2014-07-27,2014,208,27.7,17.02,35.09,0.882664914043491,131.9535,31.7153325885575,293.23,1939.45,52593.51,22.36
PIK,2014-07-28,2014,209,20.17,13.66,8.89,0.396409299743344,94.7925,22.7274649762793,210.65,1563,52463.93,16.915
PIK,2014-07-29,2014,210,20.55,12.11,2.75,0.500100682334261,118.9665,28.4516291144624,264.37,1412.07,52331.87,16.33
PIK,2014-07-30,2014,211,22.17,11.61,4,0.649094161565695,138.5865,33.058717236207,307.97,1366.18,52197.4,16.89
PIK,2014-07-31,2014,212,23.88,10.87,0,0.827654658756728,206.487,49.1267367298422,458.86,1300.3,52060.58,17.375
PIK,2014-08-01,2014,213,26.37,13.9,22.98,0.919626298322355,147.258,34.9415495894088,327.24,1587.69,51921.48,20.135
PIK,2014-08-02,2014,214,26.24,12.38,0,0.981563171032447,207.9675,49.2124772495655,462.15,1437.78,51780.18,19.31
PIK,2014-08-03,2014,215,25.62,15.21,0,0.7750163189813,173.763,41.0045677355043,386.14,1727.8,51636.73,20.415
PIK,2014-08-04,2014,216,26.1,15.4,17.97,0.811420806815819,132.885,31.26980507184,295.3,1749.29,51491.2,20.75
PIK,2014-08-05,2014,217,23.49,14.02,1.48,0.642559208717535,166.068,38.966275315674,369.04,1600.27,51343.65,18.755
PIK,2014-08-06,2014,218,24.5,11.82,0,0.840542728280484,199.9845,46.7878359016764,444.41,1385.59,51194.16,18.16
PIK,2014-08-07,2014,219,23.21,13.28,0,0.656308390780707,170.7975,39.8411650219185,379.55,1524.8,51042.78,18.245
PIK,2014-08-08,2014,220,23.69,10.81,0,0.813035924146604,201.1005,46.7690143213503,446.89,1295.53,50889.58,17.25
PIK,2014-08-09,2014,221,25.97,11.54,0,0.993492711783169,209.3985,48.5505431306285,465.33,1360.26,50734.61,18.755
PIK,2014-08-10,2014,222,26.02,11.66,0,0.993830512796207,208.431,48.1769884974798,463.18,1370.29,50577.94,18.84
PIK,2014-08-11,2014,223,26.92,14.95,11.4,0.920187497882593,138.87,31.998107262717,308.6,1699.23,50419.63,20.935
PIK,2014-08-12,2014,224,24.95,16.84,11.48,0.616718701852306,104.841,24.0806112128901,232.98,1916.57,50259.73,20.895
PIK,2014-08-13,2014,225,20.41,13.42,3.52,0.426388545263284,95.9895,21.9767265957947,213.31,1538.54,50098.31,16.915
PIK,2014-08-14,2014,226,14.89,9.34,3.98,0.257662428689698,81.5625,18.6129596604375,181.25,1173.79,49935.42,12.115
PIK,2014-08-15,2014,227,21.28,10.45,0,0.629166835595963,181.755,41.3408968080885,403.9,1265,49771.11,15.865
PIK,2014-08-16,2014,228,19.37,11.42,13.76,0.44625902660101,109.683,24.8647917831264,243.74,1349.47,49605.44,15.395
PIK,2014-08-17,2014,229,21.82,12.17,0,0.594837534807644,169.155,38.217825544941,375.9,1417.94,49438.46,16.995
PIK,2014-08-18,2014,230,21.37,9.25,0,0.68542241963256,196.2045,44.1783676815543,436.01,1166.94,49270.22,15.31
PIK,2014-08-19,2014,231,22.55,9.04,0,0.788175500830255,204.408,45.8672265287568,454.24,1150.74,49100.78,15.795
PIK,2014-08-20,2014,232,23.93,15.71,4.72,0.589707222624419,107.6445,24.0704908771694,239.21,1783.73,48930.19,19.82
PIK,2014-08-21,2014,233,24.68,17,4.73,0.581620669430075,101.385,22.591239721236,225.3,1936.22,48758.48,20.84
PIK,2014-08-22,2014,234,25.2,16.62,3.46,0.653551157304815,109.908,24.4036140638832,244.24,1890.12,48585.72,20.91
PIK,2014-08-23,2014,235,22.29,16.56,0,0.399649256538674,106.5375,23.5706298539175,236.75,1883.4,48411.94,19.425
PIK,2014-08-24,2014,236,24.09,14.54,0,0.668558006361089,163.9305,36.137495797722,364.29,1654.68,48237.2,19.315
PIK,2014-08-25,2014,237,26.25,14.65,0,0.868647583192556,182.2545,40.0305956455895,405.01,1665.97,48061.53,20.45
PIK,2014-08-26,2014,238,28.84,16.31,0,1.05352814650417,184.716,40.4222073831576,410.48,1853.07,47884.98,22.575
PIK,2014-08-27,2014,239,22.05,13.3,0,0.559131373495201,152.7525,33.3036631415407,339.45,1526.45,47707.59,17.675
PIK,2014-08-28,2014,240,20.78,10.32,0,0.596427303105553,174.42,37.885664193354,387.6,1254.1,47529.41,15.55
PIK,2014-08-29,2014,241,21.72,8.23,0,0.751628516218955,199.449,43.1590977820071,443.22,1089.39,47350.47,14.975
PIK,2014-08-30,2014,242,26.84,15.93,0,0.856914040920129,168.4395,36.3106043650471,374.31,1809.2,47170.81,21.385
PIK,2014-08-31,2014,243,28.01,18.18,0,0.842775651248285,154.0485,33.0813752193396,342.33,2086.66,46990.48,23.095
PIK,2014-09-01,2014,244,25.9,14.99,0,0.814869121685989,169.8885,36.3424485352275,377.53,1703.29,46809.5,20.445
PIK,2014-09-02,2014,245,24.5,15.81,23.37,0.635706476036218,108.936,23.2131280555584,242.08,1795.01,46627.92,20.155
PIK,2014-09-03,2014,246,25.79,12.71,0,0.921112307213489,187.479,39.7937617682031,416.62,1469.22,46445.77,19.25
PIK,2014-09-04,2014,247,27.62,14.22,0,1.03360515435167,184.914,39.0949471208682,410.92,1620.97,46263.09,20.92
PIK,2014-09-05,2014,248,29.58,18.59,26.85,0.996248459738147,119.493,25.1634559533291,265.54,2140.18,46079.91,24.085
PIK,2014-09-06,2014,249,20.54,12.49,8.61,0.481892608073216,103.446,21.6973799471394,229.88,1447.36,45896.27,16.515
PIK,2014-09-07,2014,250,21.47,8.95,0,0.704726504670179,185.2695,38.7036708543869,411.71,1143.77,45712.19,15.21
PIK,2014-09-08,2014,251,22.24,10.23,0,0.714554856158778,179.64,37.376200267056,399.2,1246.66,45527.72,16.235
PIK,2014-09-09,2014,252,21.39,15.4,0,0.395684044720751,106.5915,22.0875667623864,236.87,1748.45,45342.88,18.395
PIK,2014-09-10,2014,253,21.78,15.66,23.51,0.410786952150874,81.648,16.849754015472,181.44,1778.7,45157.7,18.72
PIK,2014-09-11,2014,254,19.37,10.14,3.52,0.501970636221558,116.2575,23.8935954505905,258.35,1238.79,44972.22,14.755
PIK,2014-09-12,2014,255,14.53,7.2,0,0.317490117203919,133.3035,27.2837768486877,296.23,1015.34,44786.46,10.865
PIK,2014-09-13,2014,256,12.69,5.66,2.75,0.275917238917052,96.4485,19.6585289210367,214.33,912.79,44600.46,9.175
PIK,2014-09-14,2014,257,14.1,3.09,0,0.421788793381714,175.6845,35.6592315398513,390.41,762.29,44414.25,8.595
PIK,2014-09-15,2014,258,17.54,7.8,4.55,0.471309382299079,118.242,23.899223739429,262.76,1057.58,44227.85,12.67
PIK,2014-09-16,2014,259,17.1,6.76,0,0.47995019942404,163.6335,32.9343010523726,363.63,985.24,44041.29,11.93
PIK,2014-09-17,2014,260,19.71,5.89,0,0.681952026774962,186.5025,37.377995891805,414.45,927.52,43854.6,12.8
PIK,2014-09-18,2014,261,13.69,5.55,0,0.32850846522401,139.788,27.8963641052712,310.64,906.12,43667.82,9.62
PIK,2014-09-19,2014,262,13.69,2.31,0,0.421214419482081,172.827,34.3421132020083,384.06,721.27,43480.97,8.0
PIK,2014-09-20,2014,263,23.26,7.93,4.13,0.890164352506869,138.483,27.3994016198517,307.74,1067.08,43294.07,15.595
PIK,2014-09-21,2014,264,23.09,12.24,22.13,0.697059857461878,114.831,22.6216749851172,255.18,1423.68,43107.16,17.665
PIK,2014-09-22,2014,265,13.1,6.64,0,0.263791105602233,108.5715,21.2958207292563,241.27,976.73,42920.26,9.87
PIK,2014-09-23,2014,266,21.69,6.37,0,0.814825255950783,181.638,35.4723908439006,403.64,958.86,42733.41,14.03
PIK,2014-09-24,2014,267,21.98,7.78,0,0.789088569276467,173.7765,33.7887643866651,386.17,1056.29,42546.62,14.88
PIK,2014-09-25,2014,268,21.85,9.32,0,0.720462928596557,161.82,31.325912692956,359.6,1172.47,42359.94,15.585
PIK,2014-09-26,2014,269,23.59,7.66,0,0.928350260612272,176.5575,34.0283412848295,392.35,1047.82,42173.38,15.625
PIK,2014-09-27,2014,270,24.51,8.58,0,0.976846190571631,173.3085,33.2545213916181,385.13,1115.58,41986.98,16.545
PIK,2014-09-28,2014,271,24.56,9.01,0,0.964824650711714,169.65,32.40815012838,377,1148.62,41800.76,16.785
PIK,2014-09-29,2014,272,24.11,10.49,0,0.864031495331773,157.6125,29.974659067485,350.25,1268.27,41614.76,17.3
PIK,2014-09-30,2014,273,20.27,12.75,0,0.449281022931044,104.5755,19.799334840015,232.39,1472.46,41429,16.51
PIK,2014-10-01,2014,274,16.26,12.61,0,0.192083059406192,55.2015,10.4045380536096,122.67,1459.06,41243.52,14.435
PIK,2014-10-02,2014,275,18.67,12.32,0,0.357408010331582,91.296,17.1304722934848,202.88,1431.57,41058.34,15.495
PIK,2014-10-03,2014,276,22.1,13.39,18.73,0.558843817740724,87.336,16.3136529504648,194.08,1535.26,40873.49,17.745
PIK,2014-10-04,2014,277,13.45,6.5,3.01,0.285562876887225,77.463,14.4041535521082,172.14,967.65,40689.02,9.975
PIK,2014-10-05,2014,278,11.92,1.68,0,0.351666978235249,140.0625,25.9266298354875,311.25,689.45,40504.94,6.8
PIK,2014-10-06,2014,279,16.05,7.64,6.01,0.386963685062294,87.813,16.1811518151789,195.14,1045.95,40321.29,11.845
PIK,2014-10-07,2014,280,16.85,9,10.85,0.383573770075851,82.593,15.1501300208811,183.54,1147.35,40138.11,12.925
PIK,2014-10-08,2014,281,12.84,5.86,2,0.27634314028768,76.8645,14.0351709492963,170.81,925.95,39955.42,9.35
PIK,2014-10-09,2014,282,12.78,3.1,0,0.355102517398046,130.6575,23.7488094343643,290.35,763.11,39773.27,7.94
PIK,2014-10-10,2014,283,12.53,2.2,0,0.367045215684842,134.19,24.279536586627,298.2,715.6,39591.69,7.365
PIK,2014-10-11,2014,284,12.3,0.24,0,0.403506091031765,145.2915,26.1680081558801,322.87,621.31,39410.71,6.27
PIK,2014-10-12,2014,285,12.78,-1.15,0,0.456296803328315,152.811,27.3963825602199,339.58,561.44,39230.37,5.815
PIK,2014-10-13,2014,286,15.36,4.56,0,0.448161243654018,129.2355,23.0635928071769,287.19,845.35,39050.71,9.96
PIK,2014-10-14,2014,287,23.59,13.29,4.34,0.689166642546797,87.093,15.4715439451176,193.54,1525.37,38871.76,18.44
PIK,2014-10-15,2014,288,17.57,13.47,3.47,0.229331149856025,40.4595,7.15443780404655,89.91,1543.79,38693.57,15.52
PIK,2014-10-16,2014,289,18.47,11.93,14.25,0.36173650144136,62.415,10.986222302379,138.7,1395.77,38516.18,15.2
PIK,2014-10-17,2014,290,15.8,10.59,0,0.256964804946012,69.849,12.2383906085259,155.22,1276.46,38339.63,13.195
PIK,2014-10-18,2014,291,11.05,4.2,0,0.244825346002444,91.9035,16.0288206452302,204.23,824.7,38163.95,7.625
PIK,2014-10-19,2014,292,7.66,0.82,0,0.199615585583352,93.384,16.212456379296,207.52,647.92,37989.2,4.24
PIK,2014-10-20,2014,293,9.55,2.44,9.59,0.230876839619732,72.1035,12.4606723013829,160.23,727.88,37815.42,5.995
PIK,2014-10-21,2014,294,9.58,5.21,3.03,0.153360485145438,46.71,8.035376989455,103.8,884.83,37642.65,7.395
PIK,2014-10-22,2014,295,13.28,1.35,0,0.424620796102412,132.3405,22.6622778132699,294.09,673.37,37470.94,7.315
PIK,2014-10-23,2014,296,15.27,3.42,0,0.475844852120103,129.7845,22.1233913825045,288.41,780.15,37300.33,9.345
PIK,2014-10-24,2014,297,14.28,2.12,0,0.456779555471502,130.9905,22.2275318924448,291.09,711.35,37130.88,8.2
PIK,2014-10-25,2014,298,15.38,6.08,0,0.401628626252848,110.673,18.6948017932104,245.94,940.05,36962.64,10.73
PIK,2014-10-26,2014,299,10.4,4.74,0,0.201513380952795,77.562,13.042525018221,172.36,856.05,36795.65,7.57
PIK,2014-10-27,2014,300,11.27,-0.8,0.96,0.37905447315328,130.527,21.8500844304483,290.06,576.23,36629.97,5.235
PIK,2014-10-28,2014,301,19.83,8.11,1.88,0.613753964400488,122.103,20.3482288272186,271.34,1080.43,36465.66,13.97
PIK,2014-10-29,2014,302,11.16,4.63,0,0.237133281992346,87.6555,14.5423601609963,194.79,849.79,36302.75,7.895
PIK,2014-10-30,2014,303,8.02,1.27,1.88,0.201936306956609,90.684,14.9778983453616,201.52,669.24,36141.32,4.645
PIK,2014-10-31,2014,304,5.35,1.18,10.65,0.113887497807463,44.0955,7.25084546947335,97.99,665.25,35981.41,3.265
PIK,2014-11-01,2014,305,1.98,-1.26,1.41,0.0738705586859335,47.097,7.7103215186661,104.66,557.02,35823.09,0.36
PIK,2014-11-02,2014,306,5.73,-3.42,0,0.22155362425676,110.2005,17.9621849034869,244.89,474.41,35666.41,1.155
PIK,2014-11-03,2014,307,12.67,0.18,0,0.422482343357611,122.8005,19.9289536138976,272.89,618.53,35511.43,6.425
PIK,2014-11-04,2014,308,12.92,7.79,6.35,0.214599516605286,49.131,7.9389341101674,109.18,1057.07,35358.22,10.355
PIK,2014-11-05,2014,309,9.33,2.99,0,0.207746561353911,80.5635,12.9622815005819,179.03,756.76,35206.83,6.16
PIK,2014-11-06,2014,310,8.1,2.36,5.69,0.177363810621284,55.314,8.8619639350536,122.92,723.85,35057.32,5.23
PIK,2014-11-07,2014,311,2.88,-1.82,2.24,0.108324233905907,46.998,7.4979504230022,104.44,534.61,34909.77,0.53
PIK,2014-11-08,2014,312,4.61,-3.74,3.66,0.192567707603464,73.665,11.703341636991,163.7,463.44,34764.22,0.435
PIK,2014-11-09,2014,313,5.63,0.23,0.86,0.144812328607563,70.227,11.1110963542164,156.06,621.06,34620.76,2.93
PIK,2014-11-10,2014,314,8.71,2.14,0,0.205836083118527,81.864,12.8993956840512,181.92,712.51,34479.44,5.425
PIK,2014-11-11,2014,315,15.62,3.54,1.03,0.491777804735495,111.906,17.5620025882386,248.68,787.18,34340.33,9.58
PIK,2014-11-12,2014,316,6.14,0.11,0,0.163972415851019,76.959,12.0294573881787,171.02,615.55,34203.49,3.125
PIK,2014-11-13,2014,317,1.58,-3.1,0.59,0.099383162316483,63.1935,9.838932836355,140.43,486.18,34069,-0.76
PIK,2014-11-14,2014,318,0.33,-5.29,0,0.107302430188293,73.3455,11.3752800719802,162.99,411.93,33936.92,-2.48
PIK,2014-11-15,2014,319,2.04,-6.83,0,0.171110801542807,99.2385,15.3322984421969,220.53,366.13,33807.33,-2.395
PIK,2014-11-16,2014,320,-0.36,-2.42,2.31,0.0420266751825389,21.852,3.3634353570192,48.56,511.41,33680.28,-1.39
PIK,2014-11-17,2014,321,0.87,-4.73,5.9,0.110589533200813,52.9965,8.12702570267925,117.77,430,33555.85,-1.93
PIK,2014-11-18,2014,322,-4.61,-9.67,0,0.0708980871859399,65.826,10.0578101226102,146.28,293.52,33434.11,-7.14
PIK,2014-11-19,2014,323,-2.28,-10.75,5.01,0.124256484780884,78.4035,11.9369405899044,174.23,269.38,33315.12,-6.515
PIK,2014-11-20,2014,324,-2.8,-7.83,0,0.0795916290378731,70.65,10.718961585975,157,339.04,33198.95,-5.315
PIK,2014-11-21,2014,325,-2.28,-10.24,0,0.118667048178653,100.2015,15.1506228738564,222.67,280.54,33085.68,-6.26
PIK,2014-11-22,2014,326,5.17,-7.28,1.69,0.264503775533348,118.8945,17.9170914536064,264.21,353.72,32975.36,-1.055
PIK,2014-11-23,2014,327,9.63,3.33,10.07,0.210450397291893,60.174,9.0385635758544,133.72,775.19,32868.08,6.48
PIK,2014-11-24,2014,328,15.3,4.32,10.02,0.451850053497311,71.6085,10.722010687987,159.13,831.28,32763.89,9.81
PIK,2014-11-25,2014,329,2.74,-0.59,0,0.0795986775369528,42.012,6.2711005796424,93.36,584.84,32662.86,1.075
PIK,2014-11-26,2014,330,0.59,-2.6,0,0.0668031856558798,41.3775,6.1578957195855,91.95,504.45,32565.06,-1.005
PIK,2014-11-27,2014,331,-0.06,-6,0,0.10919547583624,72.369,10.7388625273182,160.82,390.48,32470.54,-3.03
PIK,2014-11-28,2014,332,-3.31,-7.82,0,0.0703744176772826,57.8835,8.56524216426705,128.63,339.13,32379.39,-5.565
PIK,2014-11-29,2014,333,6.84,-5.47,0,0.292120024656293,100.6155,14.8481105351994,223.59,406.33,32291.64,0.685
PIK,2014-11-30,2014,334,12.6,1.81,0.65,0.380332362045588,92.9745,13.6847052867717,206.61,695.83,32207.38,7.205
PIK,2014-12-01,2014,335,1.68,-6.28,0,0.154207055271838,82.5435,12.1189368336368,183.43,381.95,32126.65,-2.3
PIK,2014-12-02,2014,336,0.48,-12.4,0.85,0.198682605228686,111.2535,16.2948841347875,247.23,236.01,32049.51,-5.96
PIK,2014-12-03,2014,337,1.35,-3.47,0.44,0.100492565405294,56.097,8.1974802519387,124.66,472.86,31976.03,-1.06
PIK,2014-12-04,2014,338,-1.14,-6.58,0,0.0948667075217497,62.397,9.0982040653125,138.66,373.31,31906.25,-3.86
PIK,2014-12-05,2014,339,1.72,-7.21,0,0.168184608340982,85.7925,12.4836499797795,190.65,355.78,31840.22,-2.745
PIK,2014-12-06,2014,340,3.9,-2.82,0,0.155489917396223,70.7355,10.2725922932177,157.19,496.4,31777.99,0.54
PIK,2014-12-07,2014,341,-1.92,-9.12,0,0.11258374368281,74.88,10.854504715392,166.4,306.54,31719.62,-5.52
PIK,2014-12-08,2014,342,1.49,-7.26,0,0.163354626608379,83.1825,12.0373137717885,184.85,354.28,31665.14,-2.885
PIK,2014-12-09,2014,343,2.93,-0.65,0,0.0858407940574331,40.527,5.855289166494,90.06,582.36,31614.6,1.14
PIK,2014-12-10,2014,344,-1.59,-5.54,7.73,0.0701129864663798,33.741,4.8676771760148,74.98,404.38,31568.04,-3.565
PIK,2014-12-11,2014,345,-4.79,-7.15,11.89,0.0361896304013496,24.4665,3.5249262110775,54.37,357.18,31525.5,-5.97
PIK,2014-12-12,2014,346,0.52,-7.28,0,0.140752589967365,87.9075,12.649501577925,195.35,353.69,31487,-3.38
PIK,2014-12-13,2014,347,1.28,-3.1,0,0.0922215925303266,55.827,8.0244749980323,124.06,486.06,31452.57,-0.91
PIK,2014-12-14,2014,348,1.92,0.05,1.92,0.0441623433205944,25.893,3.7182277622826,57.54,613.14,31422.26,0.985
PIK,2014-12-15,2014,349,2.34,0.17,0,0.0524056713858323,29.835,4.280728353876,66.3,618.23,31396.08,1.255
PIK,2014-12-16,2014,350,2.92,0.46,5.7,0.060847894371739,24.804,3.5563817148912,55.12,631.53,31374.04,1.69
PIK,2014-12-17,2014,351,2.96,-0.86,2.63,0.0909010551566675,37.242,5.3366945299092,82.76,573.67,31356.18,1.05
PIK,2014-12-18,2014,352,-1.67,-5.15,0,0.0624552778688203,46.854,6.71114323215,104.12,416.52,31342.5,-3.41
PIK,2014-12-19,2014,353,-2.96,-8.12,0,0.0804165710098301,67.257,9.6306577124598,149.46,331.5,31333.02,-5.54
PIK,2014-12-20,2014,354,-0.05,-10.65,0,0.168975021962407,100.737,14.4222918278166,223.86,271.59,31327.74,-5.35
PIK,2014-12-21,2014,355,1.35,-5.36,0,0.132128345847115,79.902,11.4390005895738,177.56,409.86,31326.67,-2.005
PIK,2014-12-22,2014,356,1.43,-3.97,0,0.111363287890629,62.415,8.9364069165555,138.7,455.24,31329.81,-1.27
PIK,2014-12-23,2014,357,6.1,-2.33,0,0.213255685259827,81.7425,11.7064068163088,181.65,514.61,31337.15,1.885
PIK,2014-12-24,2014,358,9.77,4.38,9,0.185725046643162,45.018,6.449438899062,100.04,835.24,31348.7,7.075
PIK,2014-12-25,2014,359,4.81,2.24,0,0.0709948494545143,31.914,4.5744073949214,70.92,717.87,31364.43,3.525
PIK,2014-12-26,2014,360,5.57,0.03,0,0.147305884727616,63.2205,9.06749374722975,140.49,612.21,31384.35,2.8
PIK,2014-12-27,2014,361,8.23,0.81,0.79,0.220458182970329,76.329,10.9559959361226,169.62,647.53,31408.42,4.52
PIK,2014-12-28,2014,362,4.07,-1.32,0,0.131266987751577,62.1405,8.9274425725944,138.09,554.53,31436.64,1.375
PIK,2014-12-29,2014,363,-1.69,-6.85,0,0.0875443400304737,62.73,9.021401590617,139.4,365.68,31468.97,-4.27
PIK,2014-12-30,2014,364,-5.01,-11,0.23,0.0791309021449594,79.677,11.471868804006,177.06,264.13,31505.4,-8.005
PIK,2014-12-31,2014,365,-7.04,-11.47,0,0.0539594443569869,64.1475,9.24780620300175,142.55,254.2,31545.89,-9.255
PIK,2015-01-01,2015,1,-3.28,-9.29,0,0.0893329037469106,61.3845,8.8620270691923,136.41,302.31,31590.62,-6.285
PIK,2015-01-02,2015,2,-3.26,-9.03,0,0.0864195917950834,59.5755,8.6140788089706,132.39,308.7,31639.16,-6.145
PIK,2015-01-03,2015,3,0.66,-9.51,12.22,0.172349231494639,68.436,9.911643400458,152.08,297.08,31691.65,-4.425
PIK,2015-01-04,2015,4,2.97,-4.49,7.24,0.159349259010924,55.1655,8.00388957102345,122.59,437.78,31748.07,-0.76
PIK,2015-01-05,2015,5,-8.18,-14.37,1.23,0.0654308906758767,65.6595,9.54453803069025,145.91,200.82,31808.35,-11.275
PIK,2015-01-06,2015,6,-8.84,-14.85,0.99,0.0609983301871847,64.4355,9.38549373093045,143.19,193.07,31872.47,-11.845
PIK,2015-01-07,2015,7,-12.03,-21.85,0,0.0692887459587625,94.122,13.7387521784898,209.16,106.27,31940.37,-16.94
PIK,2015-01-08,2015,8,-9.73,-20.6,1.3,0.0875960757235076,100.2105,14.6602744842002,222.69,118.59,32011.99,-15.165
PIK,2015-01-09,2015,9,-6.92,-12.87,0.74,0.0690948281243246,65.106,9.5470732195218,144.68,227.16,32087.29,-9.895
PIK,2015-01-10,2015,10,-9.15,-16.46,0,0.0692721847956952,78.1155,11.4829492379337,173.59,168.92,32166.22,-12.805
PIK,2015-01-11,2015,11,-1.64,-14.1,5.05,0.168836405760499,80.523,11.867202660357,178.94,205.33,32248.7,-7.87
PIK,2015-01-12,2015,12,-1.97,-12.13,0.97,0.144288709641259,98.685,14.582640903615,219.3,241.23,32334.7,-7.05
PIK,2015-01-13,2015,13,-12.39,-24.17,0,0.0756889954451757,109.0305,16.1559562969539,242.29,86.45,32424.14,-18.28
PIK,2015-01-14,2015,14,-5.05,-18.14,0,0.137306530626703,114.0165,16.9431429727229,253.37,146.57,32516.97,-11.595
PIK,2015-01-15,2015,15,-3.45,-16.4,0,0.152665790740639,114.426,17.0542751318784,254.28,169.66,32613.12,-9.925
PIK,2015-01-16,2015,16,-6.95,-14.34,0,0.0815905119865975,83.0475,12.4152908267498,184.55,201.39,32712.53,-10.645
PIK,2015-01-17,2015,17,4.1,-19.25,0.66,0.343090423538035,128.88,19.327513661424,286.4,133.2,32815.14,-7.575
PIK,2015-01-18,2015,18,4.02,-3.94,2.07,0.17893028448929,64.989,9.7774895013651,144.42,456.47,32920.87,0.04
PIK,2015-01-19,2015,19,-2.41,-9.56,0,0.108499637104474,82.44,12.443950828728,183.2,295.98,33029.66,-5.985
PIK,2015-01-20,2015,20,-8.28,-16.51,0,0.080504082893181,93.591,14.1749584125615,207.98,168.1,33141.45,-12.395
PIK,2015-01-21,2015,21,-5.07,-16.83,0,0.128465421732897,116.316,17.6777867406204,258.48,163.69,33256.17,-10.95
PIK,2015-01-22,2015,22,-1.81,-13.01,0,0.15579325311648,114.372,17.4437877581496,254.16,224.57,33373.74,-7.41
PIK,2015-01-23,2015,23,0.69,-6.32,0,0.130911849186268,83.691,12.810417084567,185.98,381,33494.1,-2.815
PIK,2015-01-24,2015,24,-1.03,-6.68,0,0.0984103637381336,70.5555,10.8394808561356,156.79,370.61,33617.19,-3.855
PIK,2015-01-25,2015,25,-6.52,-14.9,0,0.092282294280129,99.621,15.3620752429521,221.38,192.25,33742.93,-10.71
PIK,2015-01-26,2015,26,-9.39,-17.12,0,0.07109347847312,95.3145,14.7538851496313,211.81,159.68,33871.25,-13.255
PIK,2015-01-27,2015,27,-7.02,-14.37,0,0.0808864626880478,92.2545,14.3353811443752,205.01,200.87,34002.08,-10.695
PIK,2015-01-28,2015,28,-2.14,-17,0,0.180989989764813,135.882,21.1974011129664,301.96,161.36,34135.36,-9.57
PIK,2015-01-29,2015,29,-1.63,-9.37,20.49,0.121379025257546,73.5435,11.5182771703209,163.43,300.49,34271.02,-5.5
PIK,2015-01-30,2015,30,-7.57,-16.59,0,0.0902902105831517,112.4415,17.6813229123184,249.87,167.03,34408.99,-12.08
PIK,2015-01-31,2015,31,-4.33,-22.28,0,0.171129108444655,147.78,23.332967899866,328.4,102.33,34549.21,-13.305
PIK,2015-02-01,2015,32,-7.95,-15.87,10.83,0.0800665994016394,76.5225,12.13192398177,170.05,177.42,34691.6,-11.91
PIK,2015-02-02,2015,33,-9.9,-18.02,3.65,0.0709824847081536,79.5285,12.6610148993445,176.73,148.01,34836.1,-13.96
PIK,2015-02-03,2015,34,-5.27,-18.56,3.79,0.136454804879139,105.6375,16.8883421804438,234.75,141.37,34982.65,-11.915
PIK,2015-02-04,2015,35,-2.31,-10.82,1.04,0.124344900491072,110.133,17.6817972685158,244.74,267.97,35131.18,-6.565
PIK,2015-02-05,2015,36,-10.2,-19.16,0,0.074431475704963,116.316,18.7544486031156,258.48,134.3,35281.63,-14.68
PIK,2015-02-06,2015,37,-4.1,-16.21,1.96,0.140026365491368,139.761,22.6319264126361,310.58,172.41,35433.93,-10.155
PIK,2015-02-07,2015,38,-3.95,-9.07,6.77,0.074906992738484,55.9575,9.10077655247325,124.35,307.65,35588.03,-6.51
PIK,2015-02-08,2015,39,-11.16,-13.84,1.84,0.0263707821728158,43.128,7.0449346569456,95.84,209.8,35743.86,-12.5
PIK,2015-02-09,2015,40,-10.92,-14.68,0,0.0359017291714753,59.4855,9.7597393007796,132.19,195.79,35901.36,-12.8
PIK,2015-02-10,2015,41,-4.7,-12.78,0,0.101896159378127,117.8595,19.4228151653201,261.91,228.74,36060.47,-8.74
PIK,2015-02-11,2015,42,-3.64,-14.37,2.07,0.133724361299251,106.7265,17.6665026268197,237.17,200.85,36221.14,-9.005
PIK,2015-02-12,2015,43,-7.28,-19.27,0,0.111187319166778,153.8595,25.5824847341987,341.91,133.03,36383.31,-13.275
PIK,2015-02-13,2015,44,-9.27,-26.61,2.22,0.117630674401671,130.1355,21.7351563040062,289.19,69.21,36546.92,-17.94
PIK,2015-02-14,2015,45,-8.3,-18.32,1.36,0.0920849230921174,143.2665,24.0363184701276,318.37,144.32,36711.92,-13.31
PIK,2015-02-15,2015,46,-20.84,-27.83,0,0.0279277229542663,113.13,19.066211620866,251.4,61.83,36878.26,-24.335
PIK,2015-02-16,2015,47,-13.49,-27.98,0,0.0782964288380162,175.2435,29.6686589914067,389.43,60.97,37045.87,-20.735
PIK,2015-02-17,2015,48,-8.65,-19.65,0,0.0954925487964497,157.743,26.8275524067072,350.54,128.72,37214.72,-14.15
PIK,2015-02-18,2015,49,-8.75,-16.51,0,0.0745475234689565,127.359,21.7590695948925,283.02,168.16,37384.75,-12.63
PIK,2015-02-19,2015,50,-16.63,-22.72,0,0.0348995118662989,107.091,18.3800828071917,237.98,98.42,37555.91,-19.675
PIK,2015-02-20,2015,51,-12.52,-25.32,0,0.0787601865971733,175.1445,30.1980023122748,389.21,77.86,37728.15,-18.92
PIK,2015-02-21,2015,52,-6.8,-17.18,5.04,0.104929709426202,119.5335,20.7043419638759,265.63,158.93,37901.43,-11.99
PIK,2015-02-22,2015,53,-5.06,-18.84,1.02,0.14141159214665,182.2545,31.7133589029899,405.01,138.05,38075.69,-11.95
PIK,2015-02-23,2015,54,-15.37,-24.44,0,0.0511410149799666,149.121,26.0673437520027,331.38,84.38,38250.91,-19.905
PIK,2015-02-24,2015,55,-9.43,-21.34,0,0.0948028384860112,174.5235,30.6483303741129,387.83,111.16,38427.02,-15.385
PIK,2015-02-25,2015,56,-9.81,-17.42,0,0.0681378941805313,132.444,23.36580756432,294.32,155.75,38604,-13.615
PIK,2015-02-26,2015,57,-11.17,-20.76,0,0.0726801466711757,157.482,27.9109727072046,349.96,116.9,38781.79,-15.965
PIK,2015-02-27,2015,58,-9.93,-24.16,0,0.101368790885621,193.374,34.4300173917048,429.72,86.47,38960.36,-17.045
PIK,2015-02-28,2015,59,-5.09,-19.63,0,0.145457643908727,194.6745,34.8210863948619,432.61,128.99,39139.66,-12.36
PIK,2015-03-01,2015,60,-3.75,-15.7,0,0.142175552689978,180.0405,32.351638023122,400.09,180.01,39319.67,-9.725
PIK,2015-03-02,2015,61,-3.87,-11.8,0,0.106364874293352,142.3125,25.6897555589813,316.25,247.58,39500.33,-7.835
PIK,2015-03-03,2015,62,-1.52,-16.12,3.98,0.187007592147425,149.6925,27.1459800805073,332.65,173.73,39681.61,-8.82
PIK,2015-03-04,2015,63,-0.94,-9.41,0,0.135914452176639,149.8995,27.3081068415882,333.11,299.55,39863.48,-5.175
PIK,2015-03-05,2015,64,-10.67,-19.3,0,0.0701416727342419,157.0905,28.7490951745515,349.09,132.63,40045.9,-14.985
PIK,2015-03-06,2015,65,-5.88,-21.43,0,0.142649580593967,211.1715,38.8229931012942,469.27,110.24,40228.84,-13.655
PIK,2015-03-07,2015,66,-0.98,-8.81,0,0.127804207412644,144.7425,26.7316213370063,321.65,314.05,40412.25,-4.895
PIK,2015-03-08,2015,67,1.19,-7.92,0,0.164837733394726,163.755,30.380526571842,363.9,336.73,40596.12,-3.365
PIK,2015-03-09,2015,68,6.07,-3.88,0,0.240466728915849,171.7335,32.005358962938,381.63,458.37,40780.4,1.095
PIK,2015-03-10,2015,69,5.18,-3.7,0,0.209116241199303,158.364,29.6473757816088,351.92,464.77,40965.06,0.74
PIK,2015-03-11,2015,70,6.62,-0.6,0,0.195246712210966,133.3665,25.0803525995424,296.37,584.64,41150.08,3.01
PIK,2015-03-12,2015,71,1.59,-5.11,0,0.134092794581444,128.763,24.3236942880831,286.14,417.66,41335.41,-1.76
PIK,2015-03-13,2015,72,4.72,-3.39,0,0.189830026323466,151.6185,28.7697782318414,336.93,475.59,41521.03,0.665
PIK,2015-03-14,2015,73,4.43,-0.71,1.03,0.128961885529067,104.2965,19.8789780227346,231.77,579.92,41706.92,1.86
PIK,2015-03-15,2015,74,3.97,-1.68,0,0.135744000154979,118.3725,22.6625509100948,263.05,539.96,41893.03,1.145
PIK,2015-03-16,2015,75,9.03,-1.61,3.61,0.303086339712731,142.5465,27.4120602616467,316.77,542.86,42079.34,3.71
PIK,2015-03-17,2015,76,3.25,-3.44,0,0.148692926689682,139.446,26.9346638782404,309.88,473.94,42265.82,-0.095
PIK,2015-03-18,2015,77,0.64,-8.52,0,0.159855095849935,182.4345,35.3936971071293,405.41,321.11,42452.45,-3.94
PIK,2015-03-19,2015,78,1.8,-10.25,0,0.207963639631644,213.8805,41.6769891349532,475.29,280.35,42639.19,-4.225
PIK,2015-03-20,2015,79,6.79,-3.4,4.58,0.255954442223585,144.783,28.3361854006431,321.74,475.11,42826.01,1.695
PIK,2015-03-21,2015,80,3.89,-4.08,3.12,0.177657221541271,123.5925,24.2944426754752,274.65,451.66,43012.89,-0.095
PIK,2015-03-22,2015,81,-4.07,-12.47,0,0.109485345730817,178.038,35.148811385268,395.64,234.53,43199.8,-8.27
PIK,2015-03-23,2015,82,-4.74,-13.95,0,0.111596687529048,191.6235,37.9945746750465,425.83,207.98,43386.7,-9.345
PIK,2015-03-24,2015,83,2.63,-12.75,0,0.254781229422405,241.992,48.1881720151152,537.76,229.25,43573.58,-5.06
PIK,2015-03-25,2015,84,4.86,-5.79,2.56,0.23351512952318,154.926,30.9828875280462,344.28,396.72,43760.41,-0.465
PIK,2015-03-26,2015,85,3.86,0.32,0,0.0899826840063429,85.4235,17.1563216080203,189.83,625.03,43947.14,2.09
PIK,2015-03-27,2015,86,-1.17,-7.2,0,0.102800502114751,142.92,28.825724726388,317.6,356.06,44133.77,-4.185
PIK,2015-03-28,2015,87,-2.36,-12.74,0,0.142648780588907,214.308,43.40670150609,476.24,229.56,44320.25,-7.55
PIK,2015-03-29,2015,88,4.06,-10.75,0,0.27934520349961,247.8645,50.414406149326,550.81,263.85,44506.57,-3.345
PIK,2015-03-30,2015,89,6,-2.13,0,0.206193242027692,183.7035,37.5206219535366,408.23,522.27,44692.68,1.935
PIK,2015-03-31,2015,90,5.01,-4.84,0,0.231212775390086,211.3875,43.35452337114,469.75,418.39,44878.56,0.085
PIK,2015-04-01,2015,91,7.22,-6.37,0,0.357359726037105,244.872,50.4297483942672,544.16,340.65,45064.18,0.425
PIK,2015-04-02,2015,92,14.82,-0.03,3.12,0.5828331074837,185.049,38.2663394090136,411.22,563.16,45249.52,7.395
PIK,2015-04-03,2015,93,13.11,0.29,3.48,0.464791877360024,176.1525,36.5755656294203,391.45,600.05,45434.53,6.7
PIK,2015-04-04,2015,94,3.56,-2.82,0,0.14603370969302,154.404,32.190106392576,343.12,496.32,45619.2,0.37
PIK,2015-04-05,2015,95,3.18,-4.6,0,0.173664687052109,185.6295,38.8563203043162,412.51,427.31,45803.48,-0.71
PIK,2015-04-06,2015,96,9.07,-1.94,0,0.401620811986304,228.726,48.0695465027988,508.28,439.36,45987.34,3.565
PIK,2015-04-07,2015,97,8.69,-0.46,0,0.344296540471011,205.92,43.449196849344,457.6,512.45,46170.76,4.115
PIK,2015-04-08,2015,98,2.71,-0.15,9.22,0.0690163206812027,58.6395,12.4219811055555,130.31,604.15,46353.7,1.28
PIK,2015-04-09,2015,99,9.94,0.02,13.09,0.322067363200291,163.188,34.7052031220592,362.64,594.4,46536.12,4.98
PIK,2015-04-10,2015,100,15.6,3.57,1.97,0.637286812689295,237.2265,50.648145814139,527.17,641.37,46717.99,9.585
PIK,2015-04-11,2015,101,9.47,0.51,0,0.314896161751357,203.697,43.6583188563912,452.66,593.67,46899.28,4.99
PIK,2015-04-12,2015,102,16.91,0.02,0,0.812238323327584,264.7125,56.9543041808325,588.25,455.06,47079.94,8.465
PIK,2015-04-13,2015,103,20.55,2.93,4.72,0.94819886856635,195.5925,42.2436624520365,434.65,635.68,47259.94,11.74
PIK,2015-04-14,2015,104,16.09,1.57,0,0.716904499539145,249.975,54.1939231906875,555.5,537.69,47439.25,8.83
PIK,2015-04-15,2015,105,14.66,-0.23,0,0.65572806411311,252.936,55.0422724022064,562.08,477.24,47617.82,7.215
PIK,2015-04-16,2015,106,17.41,0.98,1.98,0.823359955386152,258.444,56.4508730429388,574.32,496.8,47795.61,9.195
PIK,2015-04-17,2015,107,19.56,5.77,0,0.880779049253006,238.0545,52.1898155325283,529.01,714.24,47972.59,12.665
PIK,2015-04-18,2015,108,17.16,2.88,0,0.76293789679037,243.6435,53.6112194277244,541.43,589.29,48148.71,10.02
PIK,2015-04-19,2015,109,13.37,0.59,13.18,0.479163604692493,173.1465,38.2377274972596,384.77,605.39,48323.92,6.98
PIK,2015-04-20,2015,110,14.44,3.96,16.41,0.415461491554545,151.7625,33.6361439786288,337.25,810.57,48498.19,9.2
PIK,2015-04-21,2015,111,9.35,3.06,4.71,0.206414136124732,102.915,22.8912412111785,228.7,760.76,48671.47,6.205
PIK,2015-04-22,2015,112,7.05,-0.74,3.94,0.212950890360812,125.829,28.0870209485316,279.62,578.56,48843.72,3.155
PIK,2015-04-23,2015,113,1.36,-2.87,0,0.0900345409067192,101.4525,22.725157257324,225.45,494.37,49014.88,-0.755
PIK,2015-04-24,2015,114,5.12,-2.54,0,0.186391471958069,172.827,38.8471956134049,384.06,506.63,49184.91,1.29
PIK,2015-04-25,2015,115,10.51,-4.11,0,0.436222407866834,252.531,56.9575294551792,561.18,423.6,49353.76,3.2
PIK,2015-04-26,2015,116,10.97,0.54,0,0.341659663711242,208.08,47.091147989328,462.4,629.93,49521.38,5.755
PIK,2015-04-27,2015,117,12.62,2.88,0,0.359889704921306,197.325,44.8071471071775,438.5,744.75,49687.71,7.75
PIK,2015-04-28,2015,118,17.14,2.57,0,0.698147311942823,247.1805,56.3143745697372,549.29,644.68,49852.72,9.855
PIK,2015-04-29,2015,119,19.45,3.69,0,0.848040148700425,251.595,57.5082335568195,559.1,677.14,50016.33,11.57
PIK,2015-04-30,2015,120,18.41,3.86,0,0.77008083696992,219.069,50.235970941405,486.82,689.01,50178.5,11.135
PIK,2015-05-01,2015,121,20.53,4.63,0,0.929339378064317,226.3815,52.0790759826669,503.07,700.9,50339.18,12.58
PIK,2015-05-02,2015,122,21.94,4.77,0,1.05418722567327,232.281,53.6051553786693,516.18,689.12,50498.29,13.355
PIK,2015-05-03,2015,123,24.45,7.58,0,1.26811301426665,229.095,53.03480658957,509.1,782.22,50655.8,16.015
PIK,2015-05-04,2015,124,22.44,9.69,0.64,0.983654930604008,199.0935,46.2313322263409,442.43,971.85,50811.63,16.065
PIK,2015-05-05,2015,125,17.42,5.31,0,0.688646731712328,196.2495,45.709135565432,436.11,749.54,50965.73,11.365
PIK,2015-05-06,2015,126,21.85,3.78,0,1.12829101340987,236.2005,55.1786671940814,524.89,579.09,51118.04,12.815
PIK,2015-05-07,2015,127,24.34,7.47,0,1.29187551701523,226.8585,53.152265815699,504.13,744.52,51268.49,15.905
PIK,2015-05-08,2015,128,27.5,12.06,0,1.52057463764422,211.5585,49.7111335175354,470.13,1014.68,51417.03,19.78
PIK,2015-05-09,2015,129,28.14,13.55,3.35,1.37213687050186,150.093,35.3687491271358,333.54,1304.87,51563.58,20.845
PIK,2015-05-10,2015,130,24.59,14.53,6.29,0.78842432226246,116.262,27.4734048352806,258.36,1579.81,51708.09,19.56
PIK,2015-05-11,2015,131,21.51,12.29,4.62,0.565327581130179,110.2455,26.1234091642788,244.99,1428.56,51850.48,16.9
PIK,2015-05-12,2015,132,16.54,9.06,0,0.367229523428262,129.0915,30.6718175421585,286.87,1147.35,51990.7,12.8
PIK,2015-05-13,2015,133,13.83,4.97,0,0.397728871694505,155.6955,37.0910380990158,345.99,826.16,52128.68,9.4
PIK,2015-05-14,2015,134,17.17,0.74,0,0.804723470215408,232.3485,55.4959823813793,516.33,494.88,52264.34,8.955
PIK,2015-05-15,2015,135,16.03,7.13,1.04,0.484577609023282,156.753,37.5356296279323,348.34,929.28,52397.63,11.58
PIK,2015-05-16,2015,136,22.99,10.68,0,1.04699196545703,196.758,47.2327629201882,437.24,995.53,52528.47,16.835
PIK,2015-05-17,2015,137,24.19,8.75,0,1.26974334250803,223.7985,53.855223746436,497.33,799.97,52656.8,16.47
PIK,2015-05-18,2015,138,26.74,14.24,0,1.34188497320884,195.1695,47.0780466682221,433.71,1220.89,52782.54,20.49
PIK,2015-05-19,2015,139,17.95,7.21,0,0.683109181595122,184.176,44.5298392107216,409.28,851.1,52905.63,12.58
PIK,2015-05-20,2015,140,14.09,1.93,0,0.568309268642388,203.3775,49.28422958955,451.95,585.1,53026,8.01
PIK,2015-05-21,2015,141,18.34,5.47,0,0.793651901959176,206.316,50.1071747903496,458.48,708.68,53143.58,11.905
PIK,2015-05-22,2015,142,12.77,2.34,0,0.454307050343704,180.81,44.00742382911,401.8,643.41,53258.3,7.555
PIK,2015-05-23,2015,143,19.59,-1.25,0,1.04288960374756,252.036,61.4719108948068,560.08,373.41,53370.09,9.17
PIK,2015-05-24,2015,144,25.61,8.91,1.61,1.45524629947733,226.332,55.315217824236,502.96,753.76,53478.9,17.26
PIK,2015-05-25,2015,145,24.61,14.23,1.32,1.03220386808353,164.3715,40.2515895776832,365.27,1322.02,53584.64,19.42
PIK,2015-05-26,2015,146,27.52,16.57,0,1.28177217303182,168.354,41.305777219305,374.12,1493.68,53687.25,22.045
PIK,2015-05-27,2015,147,26.06,16.06,7.29,0.869636796365151,115.8345,28.4727034657089,257.41,1724.74,53786.66,21.06
PIK,2015-05-28,2015,148,23.83,12.52,0,1.01332194116191,177.9885,43.8286869455949,395.53,1184.95,53882.82,18.175
PIK,2015-05-29,2015,149,25.38,12.42,0,1.23586882408897,196.5825,48.4907627315115,436.85,1100.81,53975.66,18.9
PIK,2015-05-30,2015,150,26.85,13.19,28.13,1.19857415485588,149.391,36.9111626754057,331.98,1322.14,54065.11,20.02
PIK,2015-05-31,2015,151,10.05,6.86,12.3,0.118957268171261,47.5875,11.7765058783612,105.75,991.66,54151.11,8.455
PIK,2015-06-01,2015,152,13.44,5.6,0,0.314566771248872,144.7155,35.8673890249543,321.59,909.02,54233.61,9.52
PIK,2015-06-02,2015,153,18.77,6.92,0,0.668343231145467,197.928,49.1273739462384,439.84,910.04,54312.54,12.845
PIK,2015-06-03,2015,154,20.03,6.73,0,0.795870956954501,212.0265,52.6997112345743,471.17,864.17,54387.85,13.38
PIK,2015-06-04,2015,155,21.89,9.82,0,0.834599962159299,197.3385,49.1135710694886,438.53,1081.52,54459.48,15.855
PIK,2015-06-05,2015,156,23.58,12.73,13.21,0.715292768264235,135.5085,33.7673864631146,301.13,1471,54527.39,18.155
PIK,2015-06-06,2015,157,18.43,7.58,0,0.58199287734297,190.224,47.4576923699568,422.72,996.61,54591.51,13.005
PIK,2015-06-07,2015,158,21.65,6.02,16.07,0.845877687698434,172.8855,43.1796701247404,384.19,913.22,54651.81,13.835
PIK,2015-06-08,2015,159,22.21,15.45,16.71,0.458048571355797,94.3695,23.5939425812015,209.71,1754.16,54708.23,18.83
PIK,2015-06-09,2015,160,21.86,13.66,1.85,0.525297793540342,151.011,37.7914897729971,335.58,1563.11,54760.73,17.76
PIK,2015-06-10,2015,161,25.26,11,11.23,0.948362343399402,162.1845,40.6237156217712,360.41,1312.43,54809.28,18.13
PIK,2015-06-11,2015,162,22.87,11.36,4.04,0.718459061800269,144.0405,36.1083610675255,320.09,1343.53,54853.83,17.115
PIK,2015-06-12,2015,163,16.8,13.79,21.67,0.165783647034082,46.5255,11.6717209598273,103.39,1575.89,54894.35,15.295
PIK,2015-06-13,2015,164,23.62,13.07,0,0.702857509712831,183.2355,45.998295797538,407.19,1503.45,54930.8,18.345
PIK,2015-06-14,2015,165,20.62,13.03,10.77,0.461309663073775,108.009,27.1298778843708,240.02,1499.92,54963.16,16.825
PIK,2015-06-15,2015,166,25.62,16.21,6.43,0.717766853666233,124.3935,31.261422996446,276.43,1842.04,54991.41,20.915
PIK,2015-06-16,2015,167,24.22,15.65,0,0.618435859507603,158.04,39.734555985828,351.2,1777.63,55015.51,19.935
PIK,2015-06-17,2015,168,21.75,11.81,0,0.605893466186618,182.457,45.8901261699705,405.46,1384.73,55035.45,16.78
PIK,2015-06-18,2015,169,25.85,11.71,5.15,0.974212646032856,164.2455,41.3215447500914,364.99,1375.35,55051.21,18.78
PIK,2015-06-19,2015,170,20.49,12.11,0,0.495562889524615,161.424,40.6202356881504,358.72,1412.15,55062.78,16.3
PIK,2015-06-20,2015,171,23.46,8.39,0,0.894830456600775,230.0715,57.9022396261308,511.27,1096.62,55070.16,15.925
PIK,2015-06-21,2015,172,25.73,14.74,0,0.812029658244862,188.703,47.4937282170972,419.34,1675.83,55073.32,20.235
PIK,2015-06-22,2015,173,25.76,12.76,37.03,0.915953537998102,158.8365,39.9760210841454,352.97,1473.84,55072.28,19.26
PIK,2015-06-23,2015,174,24.27,14.52,0,0.685915125059,180.1395,45.3332449356304,400.31,1652.51,55067.03,19.395
PIK,2015-06-24,2015,175,24.83,11.83,0,0.870593969008278,214.6005,53.9962959720875,476.89,1386.56,55057.57,18.33
PIK,2015-06-25,2015,176,21.55,12.51,5.32,0.558035581588191,130.3785,32.7968048174004,289.73,1449.37,55043.92,17.03
PIK,2015-06-26,2015,177,23.37,12.12,0,0.726357919078843,199.5975,50.1926298944017,443.55,1412.84,55026.09,17.745
PIK,2015-06-27,2015,178,18.34,12.13,33.43,0.34457664970101,98.082,24.6547394977392,217.96,1413.56,55004.08,15.235
PIK,2015-06-28,2015,179,16.02,11.76,11.53,0.218100692329498,71.6535,18.0028802601554,159.23,1379.42,54977.93,13.89
PIK,2015-06-29,2015,180,23.56,13.16,0,0.693010438671682,194.58,48.861122885784,432.4,1512.47,54947.64,18.36
PIK,2015-06-30,2015,181,19.56,12.78,2.37,0.397035423294319,107.0865,26.8737327059382,237.97,1475.1,54913.24,16.17
PIK,2015-07-01,2015,182,20.65,14.22,0,0.402577715933574,135.369,33.9475263223941,300.82,1621.15,54874.77,17.435
PIK,2015-07-02,2015,183,20.89,10.12,0,0.612900943152499,202.374,50.711561450055,449.72,1237.63,54832.25,15.505
PIK,2015-07-03,2015,184,22.47,8.11,0,0.81661157354965,232.0425,58.0966419249247,515.65,1080.64,54785.71,15.29
PIK,2015-07-04,2015,185,24.48,8.47,0,0.978349247239918,237.9735,59.526658925604,528.83,1107.19,54735.2,16.475
PIK,2015-07-05,2015,186,26.07,11.86,0,0.989098785668535,223.587,55.8723851656425,496.86,1389.09,54680.75,18.965
PIK,2015-07-06,2015,187,26.77,15.01,0,0.902053077434682,200.5335,50.058048200328,445.63,1705.09,54622.4,20.89
PIK,2015-07-07,2015,188,26.44,15.58,20.72,0.835442038326237,144.2205,35.959955911137,320.49,1769.63,54560.2,21.01
PIK,2015-07-08,2015,189,21.75,11.8,0,0.606457645219144,187.92,46.79931379248,417.6,1383.71,54494.2,16.775
PIK,2015-07-09,2015,190,22.87,12.04,0,0.686877982115108,196.263,48.8144726754804,436.14,1405.92,54424.44,17.455
PIK,2015-07-10,2015,191,25.99,11.27,0,1.00761223422946,226.179,56.1792398957694,502.62,1336.1,54350.98,18.63
PIK,2015-07-11,2015,192,27.61,12.97,0,1.09601055469512,222.039,55.0726853016501,493.42,1494.3,54273.87,20.29
PIK,2015-07-12,2015,193,27.39,14.75,0,0.980914074877732,203.4945,50.3980056891234,452.21,1677.17,54193.16,21.07
PIK,2015-07-13,2015,194,27.31,15.2,0,0.947131853946678,197.802,48.9120363538488,439.56,1727.04,54108.92,21.255
PIK,2015-07-14,2015,195,25.38,15.54,5.36,0.733311998982699,130.104,32.119670115936,289.12,1764.74,54021.2,20.46
PIK,2015-07-15,2015,196,21.17,9.76,0,0.649632770593009,198.6795,48.9666329955221,441.51,1207.57,53930.07,15.465
PIK,2015-07-16,2015,197,22.73,9.49,0,0.7853084904534,213.2415,52.4635078348449,473.87,1186.26,53835.58,16.11
PIK,2015-07-17,2015,198,20.61,13.5,4.8,0.437361892540205,102.4875,25.1690545094963,227.75,1546.43,53737.79,17.055
PIK,2015-07-18,2015,199,29.07,17.56,0,1.00277644109703,186.0075,45.5941741362345,413.35,2006.68,53636.78,23.315
PIK,2015-07-19,2015,200,30.07,19.26,0,1.00928066537135,174.8745,42.7820020220237,388.61,2231.91,53532.61,24.665
PIK,2015-07-20,2015,201,27.51,14.92,0,0.984170997988778,200.0205,48.8357750539147,444.49,1695.97,53425.35,21.215
PIK,2015-07-21,2015,202,23.5,16.24,0,0.521123231666042,137.034,33.3883100094228,304.52,1845.08,53315.06,19.87
PIK,2015-07-22,2015,203,23.38,12.19,0,0.723749596945166,193.6755,47.088755436663,430.39,1419.57,53201.8,17.785
PIK,2015-07-23,2015,204,24.82,10.76,0,0.917517750666136,217.1115,52.6715682288813,482.47,1291.35,53085.66,17.79
PIK,2015-07-24,2015,205,27.58,10.38,0,1.21089400216003,231.1875,55.960720899525,513.75,1258.92,52966.68,18.98
PIK,2015-07-25,2015,206,28.09,16.95,11.12,0.930469019548203,135.6075,32.749410213324,301.35,1930.04,52844.96,22.52
PIK,2015-07-26,2015,207,29.43,15.31,0,1.17935294978668,206.3205,49.7093991797768,458.49,1738.69,52720.55,22.37
PIK,2015-07-27,2015,208,30.98,15.72,0,1.34618893792754,209.4795,50.3488881536657,465.51,1785.61,52593.51,23.35
PIK,2015-07-28,2015,209,31.53,15.99,0,1.40194150894054,207.7785,49.8170064253379,461.73,1816.64,52463.93,23.76
PIK,2015-07-29,2015,210,31.21,18.26,0,1.21994341791172,185.5665,44.3794617314024,412.37,2097.02,52331.87,24.735
PIK,2015-07-30,2015,211,28.99,18.03,0,0.963968947716388,167.1975,39.883645774305,371.55,2066.3,52197.4,23.51
PIK,2015-07-31,2015,212,28.77,14.72,0,1.13527461981849,197.1855,46.9137531439863,438.19,1673.66,52060.58,21.745
PIK,2015-08-01,2015,213,25.2,14.1,0,0.794223502179416,172.5795,40.9498645735062,383.51,1608.55,51921.48,19.65
PIK,2015-08-02,2015,214,27.8,13.22,21.05,1.10419932647684,151.7175,35.9017347283155,337.15,1518.98,51780.18,20.51
PIK,2015-08-03,2015,215,25.18,14.4,1.65,0.77658934332115,169.578,40.0169920377258,376.84,1640.02,51636.73,19.79
PIK,2015-08-04,2015,216,23.46,14.06,2.91,0.637912691479751,116.3655,27.382522497552,258.59,1604.38,51491.2,18.76
PIK,2015-08-05,2015,217,22.05,11.98,0,0.622489261167818,166.4145,39.0475782421672,369.81,1399.93,51343.65,17.015
PIK,2015-08-06,2015,218,23.05,10.34,0,0.777299335233683,194.1615,45.4255024785588,431.47,1255.95,51194.16,16.695
PIK,2015-08-07,2015,219,23.87,11.33,0,0.806260292324819,190.233,44.3747967365718,422.74,1340.93,51042.78,17.6
PIK,2015-08-08,2015,220,22.85,12.6,0,0.659574302412969,165.429,38.4730583472774,367.62,1457.84,50889.58,17.725
PIK,2015-08-09,2015,221,24.98,10.31,0,0.95172438012463,206.604,47.9026182754908,459.12,1253.1,50734.61,17.645
PIK,2015-08-10,2015,222,24.45,11.12,24.08,0.867824200623101,146.7585,33.9219337162293,326.13,1322.43,50577.94,17.785
PIK,2015-08-11,2015,223,23.9,15.78,5.82,0.582472573200328,101.0115,23.2748384227546,224.47,1792.29,50419.63,19.84
PIK,2015-08-12,2015,224,21.92,13.35,0,0.545819561359314,144.882,33.2775070225002,321.96,1531.8,50259.73,17.635
PIK,2015-08-13,2015,225,25.14,9.67,0,0.993639788075335,210.816,48.2661707167872,468.48,1200.08,50098.31,17.405
PIK,2015-08-14,2015,226,24.76,18.15,4.6,0.515313811415104,82.377,18.7988325265638,183.06,2082.69,49935.42,21.455
PIK,2015-08-15,2015,227,28.36,15.62,0,1.03886592402155,183.366,41.7073251581082,407.48,1773.4,49771.11,21.99
PIK,2015-08-16,2015,228,29.77,16.39,0,1.15777110582655,184.4955,41.8245506817264,409.99,1862.87,49605.44,23.08
PIK,2015-08-17,2015,229,30.71,19.39,0,1.0792085986162,161.226,36.4263967444572,358.28,2250.47,49438.46,25.05
PIK,2015-08-18,2015,230,26.81,18.68,0,0.68144332373061,127.9215,28.8034324461261,284.27,2153.02,49270.22,22.745
PIK,2015-08-19,2015,231,27.85,17.76,2.75,0.852919348415813,114.3675,25.6629878968905,254.15,2031.83,49100.78,22.805
PIK,2015-08-20,2015,232,24.33,17.83,11.14,0.496160231253921,79.9605,17.8800448307522,177.69,2041.56,48930.19,21.08
PIK,2015-08-21,2015,233,21.51,12.54,0,0.552873295839613,147.303,32.8229756340408,327.34,1452.82,48758.48,17.025
PIK,2015-08-22,2015,234,23.59,9.35,0,0.864874720454961,199.7415,44.3499515826066,443.87,1174.74,48585.72,16.47
PIK,2015-08-23,2015,235,23.88,10.62,0,0.838202718594006,191.727,42.4181734131366,426.06,1279.04,48411.94,17.25
PIK,2015-08-24,2015,236,22.63,14.99,0.7,0.518473975884567,127.3185,28.066599923274,282.93,1702.79,48237.2,18.81
PIK,2015-08-25,2015,237,19.54,12.72,0,0.398547039418346,119.601,26.2693062163521,265.78,1469.29,48061.53,16.13
PIK,2015-08-26,2015,238,18.74,13.28,0,0.31495646587449,99.4185,21.7561836804741,220.93,1525.09,47884.98,16.01
PIK,2015-08-27,2015,239,19.07,10.93,0,0.447479845744146,144.3645,31.4748804608563,320.81,1305.95,47707.59,15.0
PIK,2015-08-28,2015,240,22.58,8.04,0,0.828532004916579,204.939,44.5146779848743,455.42,1075.26,47529.41,15.31
PIK,2015-08-29,2015,241,23.06,12.92,0,0.661454985378131,164.2545,35.5433019299906,365.01,1489.15,47350.47,17.99
PIK,2015-08-30,2015,242,25.61,15.98,0,0.731010755038502,154.89,33.389730497313,344.2,1814.43,47170.81,20.795
PIK,2015-08-31,2015,243,27.83,16.57,0,0.923966899833596,168.336,36.1495657466496,374.08,1885.03,46990.48,22.2
PIK,2015-09-01,2015,244,28.3,16.83,0,0.961007888256083,169.587,36.277951831605,376.86,1915.53,46809.5,22.565
PIK,2015-09-02,2015,245,30.45,16.22,0,1.25113251095739,186.4305,39.7263996287892,414.29,1842.72,46627.92,23.335
PIK,2015-09-03,2015,246,29.1,18.85,0,0.921553031331423,152.343,32.3358938817327,338.54,2175.87,46445.77,23.975
PIK,2015-09-04,2015,247,27.56,17.39,0,0.844682955556589,153.4815,32.4494150066059,341.07,1985.24,46263.09,22.475
PIK,2015-09-05,2015,248,28.98,15.51,0,1.11546246776947,180.5445,38.0199976012472,401.21,1761.16,46079.91,22.245
PIK,2015-09-06,2015,249,29.81,18.54,0,1.02637860422459,159.309,33.4144181698551,354.02,2134.28,45896.27,24.175
PIK,2015-09-07,2015,250,32.37,19.91,0,1.25999798410114,163.2555,34.1048426058707,362.79,2324.75,45712.19,26.14
PIK,2015-09-08,2015,251,28.59,20.24,3.06,0.765291891303035,95.364,19.8415940896656,211.92,2371.53,45527.72,24.415
PIK,2015-09-09,2015,252,23.54,15.73,2.91,0.55380642237896,96.363,19.9680480706608,214.14,1786.37,45342.88,19.635
PIK,2015-09-10,2015,253,23.74,9.76,0,0.861615227749092,188.253,38.849901316317,418.34,1207.56,45157.7,16.75
PIK,2015-09-11,2015,254,21.84,10.6,5.67,0.666725590635358,125.1045,25.7118578332443,278.01,1277.79,44972.22,16.22
PIK,2015-09-12,2015,255,14.33,10.48,16.63,0.180435343320074,53.6895,10.9888512838569,119.31,1267.54,44786.46,12.405
PIK,2015-09-13,2015,256,12.89,9,11.35,0.167751254478852,54.702,11.1495860385444,121.56,1147.58,44600.46,10.945
PIK,2015-09-14,2015,257,22.63,7.88,0,0.838344677220699,191.124,38.79303506469,424.72,1063.79,44414.25,15.255
PIK,2015-09-15,2015,258,26.74,10.77,0,1.10604244755336,190.0305,38.4092068538723,422.29,1291.78,44227.85,18.755
PIK,2015-09-16,2015,259,27.55,13.17,0,1.07947753809248,178.6635,35.9593695427316,397.03,1514.18,44041.29,20.36
PIK,2015-09-17,2015,260,27.21,14.14,0,0.994284450978194,168.453,33.760595927466,374.34,1612.33,43854.6,20.675
PIK,2015-09-18,2015,261,25.08,14.73,0,0.74940636726764,147.069,29.3493745714806,326.82,1675.34,43667.82,19.905
PIK,2015-09-19,2015,262,23.8,12.43,12.52,0.748939771582931,116.901,23.2291677540429,259.78,1442.41,43480.97,18.115
PIK,2015-09-20,2015,263,18.66,7.18,0,0.56595597974534,161.4555,31.9446003353045,358.79,1013.96,43294.07,12.92
PIK,2015-09-21,2015,264,19.88,6.95,0,0.658441597786842,170.766,33.6408543904392,379.48,998.26,43107.16,13.415
PIK,2015-09-22,2015,265,22.11,7.37,0,0.814310362128343,178.011,34.9160723010702,395.58,1027,42920.26,14.74
PIK,2015-09-23,2015,266,24.11,9.12,0,0.9199771338833,174.42,34.062775470954,387.6,1156.77,42733.41,16.615
PIK,2015-09-24,2015,267,23.42,11.32,0,0.767421093425093,153.63,29.871518143842,341.4,1339.82,42546.62,17.37
PIK,2015-09-25,2015,268,21.3,10.78,0,0.617108170615802,139.545,27.013808470761,310.1,1292.64,42359.94,16.04
PIK,2015-09-26,2015,269,21.05,7.99,0,0.708745934256198,158.8725,30.6198697352085,353.05,1071.32,42173.38,14.52
PIK,2015-09-27,2015,270,21.2,11.63,0,0.571087476110613,127.818,24.5257815700548,284.04,1368.35,41986.98,16.415
PIK,2015-09-28,2015,271,20.56,16.22,1.85,0.284594189931187,62.163,11.8749651425316,138.14,1843.33,41800.76,18.39
PIK,2015-09-29,2015,272,21.57,14.11,13.31,0.479763982043804,76.9815,14.6402995765158,171.07,1608.79,41614.76,17.84
PIK,2015-09-30,2015,273,16.39,7.39,0,0.415130325704787,125.361,23.73466457133,278.58,1028.88,41429,11.89
PIK,2015-10-01,2015,274,14.36,2.39,0,0.453818047262665,153.1755,28.8709603657632,340.39,725.43,41243.52,8.375
PIK,2015-10-02,2015,275,11.3,2.52,0,0.302497121326594,125.4915,23.5468001206827,278.87,731.95,41058.34,6.91
PIK,2015-10-03,2015,276,11.28,4.64,0,0.242396546444964,99.027,18.4974364606311,220.06,850.11,40873.49,7.96
PIK,2015-10-04,2015,277,14.14,7.21,0,0.296466215593507,100.8765,18.7578662819571,224.17,1016.15,40689.02,10.675
PIK,2015-10-05,2015,278,13.73,8.39,0,0.232536074568042,80.4555,14.8929225647769,178.79,1101.41,40504.94,11.06
PIK,2015-10-06,2015,279,14.2,10.07,0,0.190609629492454,63.3555,11.6744099828792,140.79,1233.45,40321.29,12.135
PIK,2015-10-07,2015,280,18.92,6.52,0,0.60600452055589,149.958,27.5069702961666,333.24,969.07,40138.11,12.72
PIK,2015-10-08,2015,281,14.89,3.76,15.83,0.445109835646373,106.335,19.416374306649,236.3,799.44,39955.42,9.325
PIK,2015-10-09,2015,282,14.72,6.17,0.39,0.362377201369361,117.3645,21.3326226574016,260.81,945.99,39773.27,10.445
PIK,2015-10-10,2015,283,14.29,0.92,0,0.486596405579466,154.1295,27.8872705442174,342.51,652.76,39591.69,7.605
PIK,2015-10-11,2015,284,21.83,7.89,0,0.772747930816147,148.8825,26.8147721942978,330.85,1064.59,39410.71,14.86
PIK,2015-10-12,2015,285,21.06,11.22,2.08,0.5794277308901,88.9425,15.9458596296233,197.65,1330.98,39230.37,16.14
PIK,2015-10-13,2015,286,15.73,11.08,1.08,0.231580450782288,63.306,11.2976992099782,140.68,1318.95,39050.71,13.405
PIK,2015-10-14,2015,287,11.57,5.39,0,0.232174888411226,86.0985,15.2948770436052,191.33,896.04,38871.76,8.48
PIK,2015-10-15,2015,288,16.73,2.74,3.07,0.578713444502157,110.4435,19.5296815732082,245.43,743.55,38693.57,9.735
PIK,2015-10-16,2015,289,11.57,1.97,2.26,0.328305844775352,91.4085,16.0896275146521,203.13,704.13,38516.18,6.77
PIK,2015-10-17,2015,290,5.43,-2.35,0,0.192108354599377,107.37,18.812524154067,238.6,514.07,38339.63,1.54
PIK,2015-10-18,2015,291,5.02,-3.77,0,0.20541690016139,117.1215,20.4270731495573,260.27,462.37,38163.95,0.625
PIK,2015-10-19,2015,292,13.72,-3.93,4.72,0.555426002272707,115.875,20.1171333735,257.5,456.62,37989.2,4.895
PIK,2015-10-20,2015,293,16.79,9.74,0.71,0.350335189749775,90.252,15.5970319962888,200.56,1206.19,37815.42,13.265
PIK,2015-10-21,2015,294,13.75,7.32,4.03,0.272678905341418,63.864,10.986326612172,141.92,1023.66,37642.65,10.535
PIK,2015-10-22,2015,295,14.57,5.03,0,0.390385577586306,116.055,19.873513033569,257.9,874.04,37470.94,9.8
PIK,2015-10-23,2015,296,9.7,-0.71,0,0.310991569778129,125.001,21.3079839750081,277.78,579.92,37300.33,4.495
PIK,2015-10-24,2015,297,14.81,3.43,11.91,0.449918898679339,94.653,16.0614897738048,210.34,781.11,37130.88,9.12
PIK,2015-10-25,2015,298,12.06,3.66,0,0.306058551839836,105.6825,17.851810202226,234.85,793.51,36962.64,7.86
PIK,2015-10-26,2015,299,10.05,-1.47,0,0.340877485584834,128.2455,21.5652657515828,284.99,548.59,36795.65,4.29
PIK,2015-10-27,2015,300,10.83,-0.13,10.8,0.345666478556293,91.6785,15.3468858202277,203.73,604.83,36629.97,5.35
PIK,2015-10-28,2015,301,14.62,6.18,36.05,0.356629989394528,74.637,12.4381117169694,165.86,946.69,36465.66,10.4
PIK,2015-10-29,2015,302,11.76,5.08,0,0.250182544347133,83.5335,13.8585056557613,185.63,877.08,36302.75,8.42
PIK,2015-10-30,2015,303,7.9,-0.56,0,0.239193887774484,101.7675,16.808513848767,226.15,586.13,36141.32,3.67
PIK,2015-10-31,2015,304,9.56,-2.7,5.02,0.345036314063188,92.655,15.2357289740235,205.9,500.76,35981.41,3.43
PIK,2015-11-01,2015,305,13.4,5.98,2.99,0.300307782468898,65.412,10.7086980312756,145.36,933.38,35823.09,9.69
PIK,2015-11-02,2015,306,14.75,4.06,0,0.429221994077462,110.2365,17.9680527412601,244.97,816.25,35666.41,9.405
PIK,2015-11-03,2015,307,19.63,6.88,0,0.643315057952664,115.1775,18.6918380207302,255.95,993.18,35511.43,13.255
PIK,2015-11-04,2015,308,18.54,6.12,0,0.593516336997225,112.14,18.120373513956,249.2,942.79,35358.22,12.33
PIK,2015-11-05,2015,309,21.08,8.99,1.73,0.673309936956601,106.119,17.0740391189589,235.82,1146.55,35206.83,15.035
PIK,2015-11-06,2015,310,17.64,8.93,3.36,0.435207691333469,64.827,10.3860602382348,144.06,1142.07,35057.32,13.285
PIK,2015-11-07,2015,311,10.79,2.63,1.98,0.277287144946763,85.9185,13.7072354870146,190.93,737.79,34909.77,6.71
PIK,2015-11-08,2015,312,9.5,-0.35,0,0.29534825126096,97.713,15.5239071658902,217.14,595.26,34764.22,4.575
PIK,2015-11-09,2015,313,11.47,-1.31,0,0.398559046763878,111.1725,17.589365335827,247.05,555.06,34620.76,5.08
PIK,2015-11-10,2015,314,9.29,-1.97,9.9,0.320540228843311,77.7285,12.2477606448228,172.73,528.45,34479.44,3.66
PIK,2015-11-11,2015,315,10.6,5.02,2.39,0.201023595632742,44.8425,7.03737155347425,99.65,873.42,34340.33,7.81
PIK,2015-11-12,2015,316,10.68,3.94,4.52,0.236471585172944,52.299,8.1748540384407,116.22,809.64,34203.49,7.31
PIK,2015-11-13,2015,317,8.09,2.19,0,0.181574884135884,62.5095,9.732437230635,138.91,714.92,34069,5.14
PIK,2015-11-14,2015,318,4.2,-1.03,0,0.129140569229586,57.645,8.940262453038,128.1,566.35,33936.92,1.585
PIK,2015-11-15,2015,319,13.58,-0.32,0,0.478077489157969,108.1485,16.7088889702679,240.33,596.68,33807.33,6.63
PIK,2015-11-16,2015,320,11.98,-0.41,0,0.402721889085047,101.835,15.674329104066,226.3,592.9,33680.28,5.785
PIK,2015-11-17,2015,321,9.99,-1.25,0,0.334097141712458,96.327,14.7717680386815,214.06,557.37,33555.85,4.37
PIK,2015-11-18,2015,322,13.1,5.7,4.14,0.294287923384552,53.1765,8.12504390339655,118.17,915.59,33434.11,9.4
PIK,2015-11-19,2015,323,15.46,6.5,1.89,0.392484297213402,80.325,12.22948915398,178.5,967.47,33315.12,10.98
PIK,2015-11-20,2015,324,5.65,-0.59,0,0.163625892404941,62.6175,9.50027709992625,139.15,584.92,33198.95,2.53
PIK,2015-11-21,2015,325,4.4,-1.77,3.35,0.149907417389106,46.4535,7.0238415559716,103.23,536.42,33085.68,1.315
PIK,2015-11-22,2015,326,3.7,-4.3,0.66,0.176032602795371,76.995,11.602945943424,171.1,444.23,32975.36,-0.3
PIK,2015-11-23,2015,327,1.33,-8.14,1.14,0.171175045042768,96.3855,14.4777889045188,214.19,330.9,32868.08,-3.405
PIK,2015-11-24,2015,328,5.42,-4.48,0,0.229962206662494,96.5925,14.4628894248502,214.65,438.12,32763.89,0.47
PIK,2015-11-25,2015,329,7.21,-4.18,0,0.283804394545888,92.8575,13.8607712575965,206.35,448.17,32662.86,1.515
PIK,2015-11-26,2015,330,13.69,2.85,0,0.407189326074029,87.021,12.9506674742082,193.38,749.39,32565.06,8.27
PIK,2015-11-27,2015,331,12.8,2.03,3.47,0.38412178042727,64.017,9.4995061754526,142.26,707.15,32470.54,7.415
PIK,2015-11-28,2015,332,-0.05,-4.09,0,0.0790122174305649,40.392,5.9769582264216,89.76,451.27,32379.39,-2.07
PIK,2015-11-29,2015,333,2.72,-6.78,0,0.187944039874164,81.819,12.0742584977412,181.82,367.53,32291.64,-2.03
PIK,2015-11-30,2015,334,1.6,-3.59,0,0.108666836648935,50.895,7.491119345307,113.1,468.66,32207.38,-0.995
PIK,2015-12-01,2015,335,7.47,-2.8,2.79,0.268311119067744,62.361,9.1557665943705,138.58,497.11,32126.65,2.335
PIK,2015-12-02,2015,336,6.6,-0.41,0,0.190521343421797,64.17,9.398739949119,142.6,592.77,32049.51,3.095
PIK,2015-12-03,2015,337,4.46,-1.37,1.96,0.143489780345012,55.7685,8.14947639678135,123.93,552.6,31976.03,1.545
PIK,2015-12-04,2015,338,4.96,1.9,0,0.0843001481480643,31.212,4.55107048875,69.36,700.49,31906.25,3.43
PIK,2015-12-05,2015,339,5.9,-1.07,0,0.181661622924404,66.0825,9.6156517153455,146.85,564.76,31840.22,2.415
PIK,2015-12-06,2015,340,3.7,-2.39,0,0.141987304764944,59.778,8.6812848160254,132.84,512.31,31777.99,0.655
PIK,2015-12-07,2015,341,4.11,-2.42,0,0.153964341404933,63.198,9.1610976095532,140.44,511.39,31719.62,0.845
PIK,2015-12-08,2015,342,4.96,1.37,0,0.0976873022134304,37.161,5.3775567826578,82.58,674.07,31665.14,3.165
PIK,2015-12-09,2015,343,10.16,2.15,0.56,0.263176544800109,72.675,10.49999112135,161.5,712.95,31614.6,6.155
PIK,2015-12-10,2015,344,9.04,2.33,0,0.213659274477266,64.44,9.296497354032,143.2,722.2,31568.04,5.685
PIK,2015-12-11,2015,345,11.93,4.57,0,0.273511016107322,67.3515,9.7034339895525,149.67,846.21,31525.5,8.25
PIK,2015-12-12,2015,346,7.24,-0.44,0,0.213009383922043,70.938,10.20766536342,157.64,591.47,31487,3.4
PIK,2015-12-13,2015,347,8.72,3.85,1.47,0.160074485568613,48.402,6.9572185296498,107.56,804.48,31452.57,6.285
PIK,2015-12-14,2015,348,14.04,5.43,6.2,0.350160549465143,54.234,7.7879876591988,120.52,898.68,31422.26,9.735
PIK,2015-12-15,2015,349,8.25,1.33,0,0.208822982310736,65.6505,9.4195393596828,145.89,672.24,31396.08,4.79
PIK,2015-12-16,2015,350,5.97,-0.89,1.19,0.180063769479316,66.618,9.5516463910104,148.04,572.35,31374.04,2.54
PIK,2015-12-17,2015,351,9.19,1,0,0.25213245948122,74.4075,10.6624267825095,165.35,656.79,31356.18,5.095
PIK,2015-12-18,2015,352,1.51,-1.98,0,0.0765998360618115,38.241,5.477458239225,84.98,528.29,31342.5,-0.235
PIK,2015-12-19,2015,353,-1.67,-4.85,0,0.0576296246292516,36.0675,5.1645739037445,80.15,426.13,31333.02,-3.26
PIK,2015-12-20,2015,354,4.7,-3.95,0,0.199003086703092,79.3305,11.3575709207799,176.29,456.06,31327.74,0.375
PIK,2015-12-21,2015,355,8.22,1.18,8.35,0.211054705846269,50.904,7.2875633402376,113.12,665.3,31326.67,4.7
PIK,2015-12-22,2015,356,12.1,4.33,2.24,0.288536139063551,53.271,7.6271943098907,118.38,831.99,31329.81,8.215
PIK,2015-12-23,2015,357,13.81,1.99,0.65,0.435644018175323,87.1875,12.4861894889063,193.75,704.83,31337.15,7.9
PIK,2015-12-24,2015,358,13.53,5.47,0,0.32281065226688,72.567,10.396206685953,161.26,901.22,31348.7,9.5
PIK,2015-12-25,2015,359,8.38,0.17,0,0.240589256987519,76.2165,10.9245259514642,169.37,618.33,31364.43,4.275
PIK,2015-12-26,2015,360,3.02,-4.08,4.21,0.153788177425862,53.4375,7.66435249828125,118.75,451.54,31384.35,-0.53
PIK,2015-12-27,2015,361,1.61,-2,1.85,0.0797476997659393,41.8365,6.0050639204181,92.97,527.2,31408.42,-0.195
PIK,2015-12-28,2015,362,-1.65,-8.58,14.22,0.111370699361423,60.6375,8.71151340906,134.75,319.7,31436.64,-5.115
PIK,2015-12-29,2015,363,2.44,-5.86,7.33,0.167087103389593,67.365,9.6879757397085,149.7,394.5,31468.97,-1.71
PIK,2015-12-30,2015,364,2.78,-0.59,0,0.0805845725591461,44.0865,6.347560074147,97.97,584.91,31505.4,1.095
PIK,2015-12-31,2015,365,0.62,-1.51,3.19,0.0462903147391613,22.446,3.2359212445158,49.88,546.79,31545.89,-0.445
PIK,2016-01-01,2016,1,-0.88,-4.08,0.54,0.0611560757543831,38.2995,5.5292656246533,85.11,451.45,31590.62,-2.48
PIK,2016-01-02,2016,2,-0.54,-5.35,0,0.0889509678192338,56.322,8.1436521167064,125.16,410.2,31639.16,-2.945
PIK,2016-01-03,2016,3,0.46,-10.13,0,0.174814960217537,100.494,14.554630485207,223.32,282.92,31691.65,-4.835
PIK,2016-01-04,2016,4,-12.64,-18.29,0,0.0443221631338638,67.2615,9.75888224309385,149.47,144.62,31748.07,-15.465
PIK,2016-01-05,2016,5,-4.31,-19.81,0,0.159164926864797,115.5195,16.7923950233602,256.71,126.98,31808.35,-12.06
PIK,2016-01-06,2016,6,1.22,-8.48,0,0.172904792174429,97.452,14.1945842752308,216.56,322.2,31872.47,-3.63
PIK,2016-01-07,2016,7,2.99,-8.01,0,0.211629044593296,103.8915,15.1647815808374,230.87,334.34,31940.37,-2.51
PIK,2016-01-08,2016,8,3.15,-6.56,2.56,0.196173904465106,73.287,10.7215065898641,162.86,373.91,32011.99,-1.705
PIK,2016-01-09,2016,9,6.46,1.05,10.53,0.152641079068075,47.2545,6.92934862304385,105.01,659.01,32087.29,3.755
PIK,2016-01-10,2016,10,6.24,-3.86,16.33,0.245596869169653,74.871,11.0060089533234,166.38,459.12,32166.22,1.19
PIK,2016-01-11,2016,11,-5.4,-11.01,2.64,0.0731110053250385,51.5385,7.5955667860215,114.53,263.91,32248.7,-8.205
PIK,2016-01-12,2016,12,-2,-12.1,4.95,0.143436412062211,78.1245,11.5444244745855,173.61,241.79,32334.7,-7.05
PIK,2016-01-13,2016,13,-7.7,-13.14,1.19,0.0609752518226505,69.174,10.2500870938452,153.72,222.18,32424.14,-10.42
PIK,2016-01-14,2016,14,-2.87,-10.24,1.37,0.10766149859437,88.3485,13.1288126448857,196.33,280.49,32516.97,-6.555
PIK,2016-01-15,2016,15,2.66,-5.07,3.47,0.160659942101925,67.7655,10.0999028319552,150.59,418.87,32613.12,-1.205
PIK,2016-01-16,2016,16,1.74,-4.71,2.79,0.131406098718948,59.8005,8.93995122171105,132.89,430.46,32712.53,-1.485
PIK,2016-01-17,2016,17,-1.83,-9.55,1.53,0.119603904561327,93.645,14.043490198821,208.1,296.19,32815.14,-5.69
PIK,2016-01-18,2016,18,-9.77,-15.33,0,0.0536896915488481,74.2365,11.1687608575004,164.97,185.57,32920.87,-12.55
PIK,2016-01-19,2016,19,-4.76,-18.7,0,0.145478119313307,127.2015,19.2004998949593,282.67,139.63,33029.66,-11.73
PIK,2016-01-20,2016,20,-4.12,-8.38,0,0.0635568248596408,58.815,8.9079097245975,130.7,324.64,33141.45,-6.25
PIK,2016-01-21,2016,21,-5.42,-11.98,0,0.0827800189006793,86.8275,13.1961039600848,192.95,244.06,33256.17,-8.7
PIK,2016-01-22,2016,22,-3.04,-15.41,0,0.152626349356225,126.315,19.265310134217,280.7,184.36,33373.74,-9.225
PIK,2016-01-23,2016,23,-6.62,-14.69,0,0.0890910619577416,103.338,15.817744807506,229.64,195.69,33494.1,-10.655
PIK,2016-01-24,2016,24,-1.74,-14.74,0,0.172088975000595,130.5045,20.0494791956624,290.01,194.82,33617.19,-8.24
PIK,2016-01-25,2016,25,3.42,-3.67,0,0.157625511941526,93.933,14.4849561216633,208.74,465.62,33742.93,-0.125
PIK,2016-01-26,2016,26,5.3,-0.61,0.8,0.152945645595718,81.1935,12.5680727895188,180.43,584.24,33871.25,2.345
PIK,2016-01-27,2016,27,0.58,-5.35,0,0.113688160580113,83.6325,12.995612827092,185.85,410.31,34002.08,-2.385
PIK,2016-01-28,2016,28,0.44,-2.84,1.27,0.0677244537509447,49.1625,7.66928093652,109.25,495.64,34135.36,-1.2
PIK,2016-01-29,2016,29,0.61,-11.16,0,0.189410467545277,132.147,20.6966730333258,293.66,260.63,34271.02,-5.275
PIK,2016-01-30,2016,30,3.99,-10.1,0,0.264620678530929,140.364,22.0721104686852,311.92,283.71,34408.99,-3.055
PIK,2016-01-31,2016,31,9.3,-1.19,3.35,0.305103883511938,92.1285,14.5461587032265,204.73,559.88,34549.21,4.055
PIK,2016-02-01,2016,32,7.7,-0.14,0,0.222555753576362,104.3325,16.54093840149,231.85,604.67,34691.6,3.78
PIK,2016-02-02,2016,33,3.74,-1.87,4.42,0.133071032276176,61.6995,9.8226206804115,137.11,532.38,34836.1,0.935
PIK,2016-02-03,2016,34,14.03,0.65,4.13,0.479425399986271,102.3255,16.3588503872678,227.39,640.07,34982.65,7.34
PIK,2016-02-04,2016,35,2.88,-2.37,0,0.119108492144253,80.3295,12.8968604658117,178.51,513.19,35131.18,0.255
PIK,2016-02-05,2016,36,0.35,-5.23,0.96,0.106675518523085,87.4305,14.0970358213375,194.29,413.95,35281.63,-2.44
PIK,2016-02-06,2016,37,2.51,-2.78,0,0.117168597802769,85.068,13.7753215565868,189.04,497.72,35433.93,-0.135
PIK,2016-02-07,2016,38,3.69,-3.51,0,0.162119783330065,110.6595,17.9973619784374,245.91,471.42,35588.03,0.09
PIK,2016-02-08,2016,39,3.07,-3.01,0.85,0.136349915733147,98.1405,16.0311957359481,218.09,489.13,35743.86,0.03
PIK,2016-02-09,2016,40,-1.03,-5.31,1.28,0.0779358425353419,75.051,12.3135586699752,166.78,411.52,35901.36,-3.17
PIK,2016-02-10,2016,41,-2.76,-10.52,1.15,0.112747115541404,123.561,20.3624015428719,274.58,274.35,36060.47,-6.64
PIK,2016-02-11,2016,42,-9.53,-19.3,0,0.0828674548781643,144.162,23.8632237699876,320.36,132.71,36221.14,-14.415
PIK,2016-02-12,2016,43,-5.31,-17.2,0.95,0.12719203732557,156.294,25.9872732528498,347.32,158.67,36383.31,-11.255
PIK,2016-02-13,2016,44,-19.03,-28.65,0,0.0400637629916682,145.566,24.3123495322104,323.48,57.26,36546.92,-23.84
PIK,2016-02-14,2016,45,-11.39,-28.36,0,0.099343245735601,172.7325,28.979931666798,383.85,58.84,36711.92,-19.875
PIK,2016-02-15,2016,46,-2.1,-16.66,3.81,0.179375084656358,125.3565,21.1267882705833,278.57,166.09,36878.26,-9.38
PIK,2016-02-16,2016,47,-1.19,-5.23,5.24,0.073289564103163,53.8605,9.11856250078695,119.69,414.12,37045.87,-3.21
PIK,2016-02-17,2016,48,-2.73,-9.32,0,0.0996947381934196,112.833,19.1896516530432,250.74,301.61,37214.72,-6.025
PIK,2016-02-18,2016,49,-4.73,-21.12,0,0.159121325271662,178.686,30.528200673945,397.08,113.26,37384.75,-12.925
PIK,2016-02-19,2016,50,6.29,-10.3,3.18,0.337408861253508,132.3675,22.7183013603473,294.15,279.13,37555.91,-2.005
PIK,2016-02-20,2016,51,10.26,1.87,0,0.274238290864658,129.294,22.292567057277,287.32,698.99,37728.15,6.065
PIK,2016-02-21,2016,52,4.55,-1.48,0,0.148516180988074,104.22,18.051897748122,231.6,548,37901.43,1.535
PIK,2016-02-22,2016,53,-1.13,-7.34,0,0.105589315486715,110.367,19.2045095295111,245.26,352.18,38075.69,-4.235
PIK,2016-02-23,2016,54,1.14,-8.19,0,0.167297555065464,150.867,26.3725561780929,335.26,329.58,38250.91,-3.525
PIK,2016-02-24,2016,55,0.81,-2.58,21.77,0.07163474626589,49.41,8.676963295974,109.8,505.09,38427.02,-0.885
PIK,2016-02-25,2016,56,0.17,-6.45,1.98,0.121072016863979,121.878,21.50175088584,270.84,377.11,38604,-3.14
PIK,2016-02-26,2016,57,-4.52,-13.67,0,0.112744675619209,155.439,27.5488861370517,345.42,212.84,38781.79,-9.095
PIK,2016-02-27,2016,58,3.55,-9.21,0,0.242082671331446,179.919,32.0343701795388,399.82,304.19,38960.36,-2.83
PIK,2016-02-28,2016,59,11.6,0.58,0,0.363339653864567,165.9555,29.6841692322441,368.79,637.03,39139.66,6.09
PIK,2016-02-29,2016,60,4.99,-5.98,0.47,0.24035685051607,171.666,30.8468166489054,381.48,390.95,39319.67,-0.495
PIK,2016-03-01,2016,61,-8.8,-12.38,11.04,0.0398296557241308,56.5155,10.2019807135256,125.59,236.33,39500.33,-10.59
PIK,2016-03-02,2016,62,-7.32,-13.94,0,0.0730583324236578,132.0525,23.9470550266793,293.45,208.18,39681.61,-10.63
PIK,2016-03-03,2016,63,-4.49,-16.39,0,0.134705475523005,188.793,34.3935731269548,419.54,169.92,39863.48,-10.44
PIK,2016-03-04,2016,64,0.43,-11.4,0,0.187638277408484,189.0765,34.6028454538695,420.17,255.8,40045.9,-5.485
PIK,2016-03-05,2016,65,0.49,-8.29,0,0.153307173958202,161.721,29.7317264277348,359.38,327.12,40228.84,-3.9
PIK,2016-03-06,2016,66,3.22,-11.08,0,0.253956029077021,202.635,37.4234387938875,450.3,262.31,40412.25,-3.93
PIK,2016-03-07,2016,67,9.5,-1.16,0,0.31240605425041,175.842,32.6229584039928,390.76,561.11,40596.12,4.17
PIK,2016-03-08,2016,68,12.06,2.38,0,0.340386728567656,164.736,30.701259883008,366.08,724.83,40780.4,7.22
PIK,2016-03-09,2016,69,17.32,4.86,0,0.554869106662183,184.284,34.4998673848728,409.52,863.34,40965.06,11.09
PIK,2016-03-10,2016,70,10.29,4.48,6.04,0.20433829339199,82.269,15.4711680070464,182.82,840.92,41150.08,7.385
PIK,2016-03-11,2016,71,7.48,-0.42,0,0.221048625416439,145.5885,27.5020787482475,323.53,592.27,41335.41,3.53
PIK,2016-03-12,2016,72,14.6,-2.39,0,0.573537230845408,211.3605,40.1058888722095,469.69,512.22,41521.03,6.105
PIK,2016-03-13,2016,73,9.38,0.17,8.57,0.279130475561639,121.446,23.1476834308824,269.88,618.17,41706.92,4.775
PIK,2016-03-14,2016,74,8.21,3.28,7.18,0.157006379231022,73.449,14.0618953033479,163.22,772.63,41893.03,5.745
PIK,2016-03-15,2016,75,7.48,4.85,3.05,0.085447551116788,43.2585,8.3187213213123,96.13,862.83,42079.34,6.165
PIK,2016-03-16,2016,76,10.25,2.92,6.35,0.246824743269488,109.7055,21.1901436261657,243.79,753.08,42265.82,6.585
PIK,2016-03-17,2016,77,8.56,0.57,3.51,0.238184219972434,117.6435,22.8237444431978,261.43,636.55,42452.45,4.565
PIK,2016-03-18,2016,78,4.15,-2.15,0,0.149940847030274,133.173,25.9502370439059,295.94,521.72,42639.19,1.0
PIK,2016-03-19,2016,79,1.5,-7.75,0,0.170106907436079,182.817,35.7800046026769,406.26,341.18,42826.01,-3.125
PIK,2016-03-20,2016,80,3.25,-7.9,0,0.217213524088548,204.6735,40.2324462482665,454.83,337.21,43012.89,-2.325
PIK,2016-03-21,2016,81,2.36,-5.96,0,0.166492772055022,174.825,34.51449100995,388.5,391.53,43199.8,-1.8
PIK,2016-03-22,2016,82,3.51,-5.65,2.77,0.192383077797563,138.8025,27.5213736902475,308.45,401.02,43386.7,-1.07
PIK,2016-03-23,2016,83,3.33,-1.2,5.49,0.108039532674996,79.6095,15.8527400907357,176.91,559.49,43573.58,1.065
PIK,2016-03-24,2016,84,-0.24,-4.02,8.07,0.0736515261242524,69.588,13.9165613086356,154.64,453.65,43760.41,-2.13
PIK,2016-03-25,2016,85,0.61,-5.18,0,0.111961774599255,136.5795,27.4304123228691,303.51,415.39,43947.14,-2.285
PIK,2016-03-26,2016,86,5.35,-8.26,0,0.283116914242819,227.682,45.9214851466098,505.96,327.71,44133.77,-1.455
PIK,2016-03-27,2016,87,13.54,-3.99,0,0.54729483945096,237.555,48.1152312385875,527.9,454.61,44320.25,4.775
PIK,2016-03-28,2016,88,8.97,1.09,9.05,0.241810135258818,126.2565,25.6799439612868,280.57,660.7,44506.57,5.03
PIK,2016-03-29,2016,89,5.47,-3.79,0,0.219821972713648,173.457,35.4278199500532,385.46,461.48,44692.68,0.84
PIK,2016-03-30,2016,90,10.56,-4.4,5.3,0.416247069399403,158.373,32.4815134757616,351.94,440.83,44878.56,3.08
PIK,2016-03-31,2016,91,13.08,5.58,24.51,0.297239160017127,108.045,22.251144129417,240.1,907.87,45064.18,9.33
PIK,2016-04-01,2016,92,10.07,1.91,0,0.265559649132493,156.6945,32.4029036661948,348.21,700.8,45249.52,5.99
PIK,2016-04-02,2016,93,3.81,-3.39,0.78,0.163521912224111,148.005,30.7311368898105,328.9,475.51,45434.53,0.21
PIK,2016-04-03,2016,94,-2.59,-9.09,7.14,0.099423553134648,117.72,24.54223546368,261.6,307.24,45619.2,-5.84
PIK,2016-04-04,2016,95,-2.07,-8.26,0,0.0991543220614416,153.0405,32.0347287878958,340.09,327.71,45803.48,-5.165
PIK,2016-04-05,2016,96,0.13,-12.28,0,0.189635108001496,237.7215,49.9600600673517,528.27,238.3,45987.34,-6.075
PIK,2016-04-06,2016,97,5.29,-4.3,7.37,0.222921202067607,156.5415,33.0303149212878,347.87,444.12,46170.76,0.495
PIK,2016-04-07,2016,98,6.24,-1.76,1.35,0.206677714147043,187.0425,39.6224115303825,415.65,536.81,46353.7,2.24
PIK,2016-04-08,2016,99,1.62,-6.04,0,0.148999309891754,186.552,39.6740266001568,414.56,389.22,46536.12,-2.21
PIK,2016-04-09,2016,100,-0.86,-8.13,0,0.121857440220965,180.9135,38.625251933263,402.03,331.06,46717.99,-4.495
PIK,2016-04-10,2016,101,1.72,-9.85,5.34,0.20151902315808,177.6285,38.0710648216836,394.73,289.32,46899.28,-4.065
PIK,2016-04-11,2016,102,10.24,-1.8,4.31,0.355510440716693,178.407,38.3852162100006,396.46,535.24,47079.94,4.22
PIK,2016-04-12,2016,103,5.66,-3.13,0.34,0.214025835820834,206.802,44.6646670112916,459.56,484.91,47259.94,1.265
PIK,2016-04-13,2016,104,6.84,-5.65,0,0.294725715417428,244.3815,52.9812670876088,543.07,400.96,47439.25,0.595
PIK,2016-04-14,2016,105,10.24,-4.27,0,0.400758306133759,252.8865,55.0315005370551,561.97,445.05,47617.82,2.985
PIK,2016-04-15,2016,106,15.69,0.01,0,0.604363880368346,253.6425,55.4021009030722,563.65,590.84,47795.61,7.85
PIK,2016-04-16,2016,107,18.44,1.7,0,0.756501458178187,254.8845,55.8795361444573,566.41,647.45,47972.59,10.07
PIK,2016-04-17,2016,108,21.58,1.57,0,0.981510488361125,235.332,51.7823602532604,522.96,646.41,48148.71,11.575
PIK,2016-04-18,2016,109,23.73,3.69,0,1.12227515384751,233.559,51.5792429909496,519.02,740.38,48323.92,13.71
PIK,2016-04-19,2016,110,15.27,3.27,0,0.479467531308113,199.827,44.2890025060041,444.06,772.42,48498.19,9.27
PIK,2016-04-20,2016,111,15.02,-0.67,0,0.561690603354707,225.234,50.0984873240886,500.52,581.34,48671.47,7.175
PIK,2016-04-21,2016,112,18.32,4.63,3.75,0.62571585296714,156.681,34.9736748224724,348.18,849.73,48843.72,11.475
PIK,2016-04-22,2016,113,15.11,6.83,0,0.361476906289389,151.47,33.928977302352,336.6,990.09,49014.88,10.97
PIK,2016-04-23,2016,114,11.71,0.35,0,0.373740772164681,192.2355,43.2097419520139,427.19,626.35,49184.91,6.03
PIK,2016-04-24,2016,115,10.73,-0.4,0,0.347142882544813,189.216,42.6770412083712,420.48,593.18,49353.76,5.165
PIK,2016-04-25,2016,116,6.35,2.57,9.3,0.111058724334514,58.2975,13.1934650130135,129.55,734.76,49521.38,4.46
PIK,2016-04-26,2016,117,6.56,-0.61,6.65,0.193487326423858,107.541,24.4196397164727,238.98,584.18,49687.71,2.975
PIK,2016-04-27,2016,118,10.32,-2.51,0,0.372669525102032,212.751,48.4704072695304,472.78,507.74,49852.72,3.905
PIK,2016-04-28,2016,119,8.79,-2.24,0,0.306480263982254,195.9795,44.795941327724,435.51,517.92,50016.33,3.275
PIK,2016-04-29,2016,120,12.09,0.91,0,0.378005352752135,197.055,45.187814130975,437.9,652.42,50178.5,6.5
PIK,2016-04-30,2016,121,14.85,-1.43,3.93,0.567914521980605,174.3615,40.1118722464149,387.47,550.11,50339.18,6.71
PIK,2016-05-01,2016,122,9.21,5.07,3.23,0.14297518760942,63.9225,14.7518546273393,142.05,876.29,50498.29,7.14
PIK,2016-05-02,2016,123,13.78,3.51,0,0.393652325620917,183.9285,42.578897068071,408.73,785.4,50655.8,8.645
PIK,2016-05-03,2016,124,15.08,1.76,0,0.508718309425426,213.147,49.4946835032177,473.66,693.4,50811.63,8.42
PIK,2016-05-04,2016,125,16.14,2.64,0,0.546268102175005,212.3325,49.4550815540783,471.85,738.35,50965.73,9.39
PIK,2016-05-05,2016,126,16.33,5.16,0,0.485592028225856,189.6885,44.3130247905678,421.53,881.67,51118.04,10.745
PIK,2016-05-06,2016,127,21.62,3.39,0,0.947017808229519,236.6865,55.4549367248195,525.97,731.28,51268.49,12.505
PIK,2016-05-07,2016,128,17.46,5.09,1.12,0.556249632845632,198.4185,46.6235511494414,440.93,877.69,51417.03,11.275
PIK,2016-05-08,2016,129,12.24,1.83,2.4,0.362774663308586,134.919,31.7930633905914,299.82,696.88,51563.58,7.035
PIK,2016-05-09,2016,130,13.74,-0.55,0,0.491369659822769,217.332,51.3568493545716,482.96,586.55,51708.09,6.595
PIK,2016-05-10,2016,131,16.64,0.51,0,0.637268224234926,227.5785,53.9262488944476,505.73,624.74,51850.48,8.575
PIK,2016-05-11,2016,132,20.58,1.92,0,0.899433574854546,237.591,56.451027384909,527.98,660.57,51990.7,11.25
PIK,2016-05-12,2016,133,23.52,5.99,10.21,0.979218522737602,169.6275,40.410031536819,376.95,934.17,52128.68,14.755
PIK,2016-05-13,2016,134,19.41,10.66,4.23,0.482370162546574,108.729,25.9697078670402,241.62,1283.02,52264.34,15.035
PIK,2016-05-14,2016,135,12.34,3.72,3.77,0.317266148049113,113.3955,27.1533654186791,251.99,797.04,52397.63,8.03
PIK,2016-05-15,2016,136,6.49,0.54,0.89,0.165448772721059,113.4,27.22224923586,252,635.31,52528.47,3.515
PIK,2016-05-16,2016,137,15.38,0.06,6.54,0.565621889502424,169.5735,40.806434287836,376.83,613.2,52656.8,7.72
PIK,2016-05-17,2016,138,15.94,1.74,0,0.557854630495392,219.168,52.8668738311104,487.04,692.23,52782.54,8.84
PIK,2016-05-18,2016,139,15.89,1.53,0,0.559938624738078,222.21,53.725651393311,493.8,682.1,52905.63,8.71
PIK,2016-05-19,2016,140,19.86,6.84,0,0.66103016504775,206.532,50.04865585224,458.96,990.49,53026,13.35
PIK,2016-05-20,2016,141,22.01,4.99,0,0.929797045841159,234.468,56.9443429435608,521.04,825.76,53143.58,13.5
PIK,2016-05-21,2016,142,22.86,9.28,0,0.83186459184882,208.4715,50.7399682362165,463.27,1142.31,53258.3,16.07
PIK,2016-05-22,2016,143,22.42,9.91,0,0.749605092602467,197.487,48.1673382647031,438.86,1213.17,53370.09,16.165
PIK,2016-05-23,2016,144,25.06,7.1,0,1.15597297077721,235.0305,57.4411188114765,522.29,934.33,53478.9,16.08
PIK,2016-05-24,2016,145,27.39,7.71,0,1.39247379342239,239.436,58.6335198140928,532.08,953.41,53584.64,17.55
PIK,2016-05-25,2016,146,27.64,13.07,0,1.22112842612564,204.7635,50.2388747142638,455.03,1377.31,53687.25,20.355
PIK,2016-05-26,2016,147,24.62,14.78,2.5,0.704456025145777,115.7895,28.4616422390799,257.31,1679.97,53786.66,19.7
PIK,2016-05-27,2016,148,27.98,16.23,0,1.02100026930059,174.258,42.9100718853492,387.24,1784.28,53882.82,22.105
PIK,2016-05-28,2016,149,30.54,16.98,0,1.35465746940099,189.441,46.7291777376942,420.98,1795.95,53975.66,23.76
PIK,2016-05-29,2016,150,29.82,18.95,0,1.03117931055336,159.4755,39.4028162556089,354.39,2158.34,54065.11,24.385
PIK,2016-05-30,2016,151,25.85,14.9,0,0.841785196918318,169.011,41.8252489625997,375.58,1666.53,54151.11,20.375
PIK,2016-05-31,2016,152,23.39,12.05,0,0.782346288471161,175.8825,43.5920551024703,390.85,1355.34,54233.61,17.72
PIK,2016-06-01,2016,153,20.97,8.26,0,0.751937607115689,194.2155,48.2059006035309,431.59,1031.93,54312.54,14.615
PIK,2016-06-02,2016,154,27.58,12.83,0,1.26828878297956,205.8975,51.1763331183638,457.55,1311.99,54387.85,20.205
PIK,2016-06-03,2016,155,24.95,10.15,0,1.08689061919796,209.5785,52.1598601103526,465.73,1108.46,54459.48,17.55
PIK,2016-06-04,2016,156,26.07,10.61,6.73,1.05851134157088,157.797,39.3214616184231,350.66,1264.55,54527.39,18.34
PIK,2016-06-05,2016,157,22.86,14.77,11.01,0.54901363920205,98.9325,24.6819967532528,219.85,1679.54,54591.51,18.815
PIK,2016-06-06,2016,158,23.89,12.46,2.66,0.755973640922015,132.2775,33.0374659235467,293.95,1444.78,54651.81,18.175
PIK,2016-06-07,2016,159,18.62,10.53,0,0.434575749018932,137.6955,34.42616227372,305.99,1271.21,54708.23,14.575
PIK,2016-06-08,2016,160,12.3,6.76,0,0.22141289212873,102.573,25.6695636773853,227.94,984.74,54760.73,9.53
PIK,2016-06-09,2016,161,17.97,4.61,0,0.631661789683311,209.1285,52.3821740820336,464.73,820.35,54809.28,11.29
PIK,2016-06-10,2016,162,21.88,4.29,12.5,0.89488548807286,177.084,44.3917718369604,393.52,829.47,54853.83,13.085
PIK,2016-06-11,2016,163,28.37,11.07,5.68,1.26829294646948,169.1775,42.4410822598613,375.95,1317.86,54894.35,19.72
PIK,2016-06-12,2016,164,18.05,11.37,0,0.35989461525388,119.538,30.008073124728,265.64,1344.73,54930.8,14.71
PIK,2016-06-13,2016,165,16.58,8.83,0,0.374029272973395,138.906,34.8906370525272,308.68,1134.08,54963.16,12.705
PIK,2016-06-14,2016,166,21.46,5.06,0,0.917218780313277,229.6035,57.701826341123,510.23,796.84,54991.41,13.26
PIK,2016-06-15,2016,167,25.42,6.9,0,1.26458601618163,237.9645,59.8292441653352,528.81,853.22,55015.51,16.16
PIK,2016-06-16,2016,168,26.98,13.63,0,1.13771758296582,196.7715,49.4903947870148,437.27,1418.53,55035.45,20.305
PIK,2016-06-17,2016,169,29.46,10.68,0,1.6257549123961,234.153,58.9091553063441,520.34,1069.19,55051.21,20.07
PIK,2016-06-18,2016,170,30.39,11.81,0,1.70349686478803,230.7105,58.0552760787183,512.69,1154.09,55062.78,21.1
PIK,2016-06-19,2016,171,31.62,13.78,0,1.78903809319781,224.1765,56.4186412552068,498.17,1321.12,55070.16,22.7
PIK,2016-06-20,2016,172,32.19,17.53,0,1.63017424585924,197.73,49.765689365652,439.4,1769.63,55073.32,24.86
PIK,2016-06-21,2016,173,24.93,11.65,0.84,1.00287674361851,195.579,49.2233852270484,434.62,1255.47,55072.28,18.29
PIK,2016-06-22,2016,174,22.84,11.35,0,0.787109141800014,179.838,45.2573705530098,399.64,1271.91,55067.03,17.095
PIK,2016-06-23,2016,175,23.77,8.91,0,1.0589269778492,215.649,54.2601123020901,479.22,979.38,55057.57,16.34
PIK,2016-06-24,2016,176,26.84,10.07,0,1.36529535731699,226.1655,56.8920930976332,502.59,1013.44,55043.92,18.455
PIK,2016-06-25,2016,177,28.54,11.02,0,1.53892308286565,227.475,57.2029633899675,505.5,1064.19,55026.09,19.78
PIK,2016-06-26,2016,178,31.08,15.96,7.15,1.4270094818065,150.579,37.8508392858024,334.62,1731.38,55004.08,23.52
PIK,2016-06-27,2016,179,30.92,19.07,0,1.33899657338885,170.4375,42.8222753157938,378.75,1995.14,54977.93,24.995
PIK,2016-06-28,2016,180,21.42,14.29,0,0.458455454144811,118.269,29.6986131286812,262.82,1627.77,54947.64,17.855
PIK,2016-06-29,2016,181,24.5,12.41,0,0.963975501939843,184.401,46.2760776074268,409.78,1289.54,54913.24,18.455
PIK,2016-06-30,2016,182,26.86,9.2,0,1.51287866278834,231.021,57.9349147775769,513.38,833.01,54874.77,18.03
PIK,2016-07-01,2016,183,20.76,12.09,8.37,0.516979897168843,106.092,26.58489221619,235.76,1409.98,54832.25,16.425
PIK,2016-07-02,2016,184,23.83,10.81,0,1.04487116150673,196.2045,49.1238569682662,436.01,1076.06,54785.71,17.32
PIK,2016-07-03,2016,185,26.03,10.93,0,1.34409127480951,214.101,53.555195022264,475.78,988.72,54735.2,18.48
PIK,2016-07-04,2016,186,27.95,10.63,0,1.60103788043299,228.0105,56.9777781257888,506.69,919.56,54680.75,19.29
PIK,2016-07-05,2016,187,29.87,13.97,0,1.72268203184018,213.39,53.26734388752,474.2,1176.09,54622.4,21.92
PIK,2016-07-06,2016,188,31.12,15.82,0,1.86103400329948,206.2215,51.419292319251,458.27,1294.44,54560.2,23.47
PIK,2016-07-07,2016,189,29.88,19.46,0,1.30512528600739,151.893,37.827203969142,337.54,1926.92,54494.2,24.67
PIK,2016-07-08,2016,190,28.01,17.89,23.65,0.908334569888666,109.9935,27.3575493100098,244.43,2002.29,54424.44,22.95
PIK,2016-07-09,2016,191,24.84,17.24,0,0.581482045286633,116.883,29.0318645707038,259.74,1966.05,54350.98,21.04
PIK,2016-07-10,2016,192,26.48,14.71,0,1.10370285706401,174.9105,43.383328705562,388.69,1457.41,54273.87,20.595
PIK,2016-07-11,2016,193,26.12,14.01,0,1.13297447628332,181.1655,44.8679443408686,402.59,1354.88,54193.16,20.065
PIK,2016-07-12,2016,194,30.52,17.21,0,1.5649698047875,186.255,46.056720008322,413.9,1597.3,54108.92,23.865
PIK,2016-07-13,2016,195,32.32,20.24,5.82,1.31731443107762,122.7105,30.294385874082,272.69,2284.53,54021.2,26.28
PIK,2016-07-14,2016,196,28.86,19.15,2.02,0.873762876329835,106.2495,26.1862963841651,236.11,2216.43,53930.07,24.005
PIK,2016-07-15,2016,197,26.25,16.55,0,0.873113034339121,149.481,36.7766012462886,332.18,1769.15,53835.58,21.4
PIK,2016-07-16,2016,198,22.22,12.15,0,0.716601372185709,160.7715,39.4825383297814,357.27,1327.46,53737.79,17.185
PIK,2016-07-17,2016,199,25.74,11.39,0,1.21590537251399,206.883,50.7111784623018,459.74,1108.48,53636.78,18.565
PIK,2016-07-18,2016,200,27.58,17.53,0,1.0014623908654,156.8295,38.3674005421772,348.51,1839.41,53532.61,22.555
PIK,2016-07-19,2016,201,24.29,10.74,0,1.07652239783507,203.9715,49.8004269132893,453.27,1082.68,53425.35,17.515
PIK,2016-07-20,2016,202,26.55,9.8,0,1.38795173997664,226.413,55.1654876465946,503.14,949.91,53315.06,18.175
PIK,2016-07-21,2016,203,31.06,16.16,0,1.71901474124146,205.8435,50.047188362631,457.43,1448.43,53201.8,23.61
PIK,2016-07-22,2016,204,33.3,20.13,0,1.78278508845228,183.9825,44.6344242551415,408.85,1948.16,53085.66,26.715
PIK,2016-07-23,2016,205,30.99,17.86,0,1.569462019554,188.28,45.574628952528,418.4,1693.23,52966.68,24.425
PIK,2016-07-24,2016,206,26.51,16.28,19.68,0.801991665518428,119.628,28.8903375182016,265.84,1850.59,52844.96,21.395
PIK,2016-07-25,2016,207,29.22,19.37,10.19,0.899287842727215,113.652,27.382507485102,252.56,2247.92,52720.55,24.295
PIK,2016-07-26,2016,208,28.37,15.59,0,1.26425724657891,191.5785,46.046340902795,425.73,1547.43,52593.51,21.98
PIK,2016-07-27,2016,209,31.55,14.58,18.21,1.6038760605823,162.1035,38.8659611127704,360.23,1538.87,52463.93,23.065
PIK,2016-07-28,2016,210,28.1,18.39,0,0.843035680539099,149.9265,35.8559188715264,333.17,2110.14,52331.87,23.245
PIK,2016-07-29,2016,211,26.81,16.55,0,0.844754642345958,159.8895,38.140379975961,355.31,1854.65,52197.4,21.68
PIK,2016-07-30,2016,212,26.56,16.11,0,0.87249004692894,164.925,39.238436585205,366.5,1775.24,52060.58,21.335
PIK,2016-07-31,2016,213,24.72,17.44,3.38,0.556914208784582,91.2735,21.6574822858446,202.83,1991.92,51921.48,21.08
PIK,2016-08-01,2016,214,28.53,17.95,0,0.987342970053995,163.8045,38.7619470812817,364.01,1985.15,51780.18,23.24
PIK,2016-08-02,2016,215,28.61,14.6,0,1.2947098775505,201.285,47.4992053350885,447.3,1489.55,51636.73,21.605
PIK,2016-08-03,2016,216,29.86,14.23,0,1.49516804999654,212.1435,49.920501879504,471.43,1415.92,51491.2,22.045
PIK,2016-08-04,2016,217,31.99,17.11,0,1.62599815657734,202.2705,47.4608473109753,449.49,1720.61,51343.65,24.55
PIK,2016-08-05,2016,218,31.18,20.03,5.81,1.09309839365364,123.4935,28.8922072106772,274.43,2342.06,51194.16,25.605
PIK,2016-08-06,2016,219,27.18,16.43,0,0.907208298727235,168.417,39.2858764882182,374.26,1823.72,51042.78,21.805
PIK,2016-08-07,2016,220,26.87,15.13,0,0.985065766141695,179.9505,41.8502565216603,399.89,1639.03,50889.58,21.0
PIK,2016-08-08,2016,221,28.08,12.73,0,1.30954078963652,209.1915,48.5025486969146,464.87,1320.45,50734.61,20.405
PIK,2016-08-09,2016,222,30.79,12.7,0,1.67517679519306,220.518,50.9707920102444,490.04,1274.2,50577.94,21.745
PIK,2016-08-10,2016,223,33.11,19.87,0,1.51921176870603,178.299,41.0832471148209,396.22,2165.85,50419.63,26.49
PIK,2016-08-11,2016,224,32.94,18.14,0,1.69943451365934,193.1355,44.3607070412066,429.19,1843.19,50259.73,25.54
PIK,2016-08-12,2016,225,33.67,22.96,6.34,1.20598437254818,109.827,25.1448122121309,244.06,2800.84,50098.31,28.315
PIK,2016-08-13,2016,226,26.81,21.08,32.95,0.508117538730892,67.662,15.4407978733428,150.36,2498.68,49935.42,23.945
PIK,2016-08-14,2016,227,26.15,17.35,0,0.701558376383425,137.4075,31.2538817537753,305.35,1979.54,49771.11,21.75
PIK,2016-08-15,2016,228,25.72,14.53,6.67,0.821669380750147,125.442,28.4373076124736,278.76,1653.95,49605.44,20.125
PIK,2016-08-16,2016,229,26.56,18.75,15.98,0.65112355262674,92.286,20.8505231783892,205.08,2162.34,49438.46,22.655
PIK,2016-08-17,2016,230,25.93,13.63,0,0.889802556870495,179.1225,40.3321007675115,398.05,1559.71,49270.22,19.78
PIK,2016-08-18,2016,231,27.28,17.31,0,0.820340697914138,151.029,33.8894825809734,335.62,1974.68,49100.78,22.295
PIK,2016-08-19,2016,232,28.41,16,0,1.02230191232946,176.7825,39.5305060034948,392.85,1817.35,48930.19,22.205
PIK,2016-08-20,2016,233,29.92,18.89,2.85,1.01656580425195,119.6145,26.6532509112372,265.81,2180.96,48758.48,24.405
PIK,2016-08-21,2016,234,25.54,18.39,0,0.574154718602374,116.784,25.9303386908736,259.52,2113.72,48585.72,21.965
PIK,2016-08-22,2016,235,22.56,10.12,0,0.745876035308727,187.0785,41.3897273460153,415.73,1237.08,48411.94,16.34
PIK,2016-08-23,2016,236,27.08,10.95,0,1.13545459032245,206.163,45.447397196652,458.14,1305.51,48237.2,19.015
PIK,2016-08-24,2016,237,27.75,14.79,0,1.01741250372752,180.081,39.5532055145601,400.18,1681.58,48061.53,21.27
PIK,2016-08-25,2016,238,28.92,19.83,5.23,0.832834503902316,101.4705,22.2052317843213,225.49,2312.04,47884.98,24.375
PIK,2016-08-26,2016,239,27.8,16.15,0,0.946114729152685,168.219,36.6757264856997,373.82,1834.79,47707.59,21.975
PIK,2016-08-27,2016,240,26.59,13.31,0,0.97266989686974,183.861,39.9363381736857,408.58,1527.2,47529.41,19.95
PIK,2016-08-28,2016,241,29.3,17.31,0,1.04568991626007,165.978,35.9162529351462,368.84,1974.95,47350.47,23.305
PIK,2016-08-29,2016,242,25.55,14.44,0,0.809842401105746,162.423,35.0136238399191,360.94,1644.43,47170.81,19.995
PIK,2016-08-30,2016,243,28.64,13.21,0,1.19863480972729,191.6055,41.1466092794748,425.79,1517.51,46990.48,20.925
PIK,2016-08-31,2016,244,26.75,16.71,0,0.801413072274769,144.9135,30.9998111456025,322.03,1901.39,46809.5,21.73
PIK,2016-09-01,2016,245,21.07,11.9,0,0.548941810625037,142.5645,30.3790114808388,316.81,1392.79,46627.92,16.485
PIK,2016-09-02,2016,246,21.57,10.44,0,0.652168671540642,165.3525,35.0972535205373,367.45,1264.2,46445.77,16.005
PIK,2016-09-03,2016,247,23.37,8.67,0,0.872368239287295,192.6405,40.7285016863926,428.09,1121.8,46263.09,16.02
PIK,2016-09-04,2016,248,24.6,8.5,0,0.988085669068637,197.622,41.6162661612714,439.16,1109.62,46079.91,16.55
PIK,2016-09-05,2016,249,28.06,11.9,0,1.19657075850958,191.142,40.0912611203538,424.76,1392.24,45896.27,19.98
PIK,2016-09-06,2016,250,30.44,16.28,0,1.24613220132266,172.107,35.9539626313881,382.46,1850,45712.19,23.36
PIK,2016-09-07,2016,251,31.98,19.18,15.9,1.25962527345655,117.8145,24.5126828454858,261.81,2220.79,45527.72,25.58
PIK,2016-09-08,2016,252,28.45,19.52,2.34,0.800485184605606,93.402,19.3544786473632,207.56,2268.85,45342.88,23.985
PIK,2016-09-09,2016,253,27.12,17.48,0,0.79179651456551,135.648,27.993771221472,301.44,1996.97,45157.7,22.3
PIK,2016-09-10,2016,254,27.66,15.08,3.69,0.991397259297862,122.7105,25.2198356625567,272.69,1713.66,44972.22,21.37
PIK,2016-09-11,2016,255,21.52,12.6,0,0.551116002003976,134.0325,27.4329842837715,297.85,1458.22,44786.46,17.06
PIK,2016-09-12,2016,256,23.18,7.6,0,0.895270151897607,187.695,38.256764862429,417.1,1043.26,44600.46,15.39
PIK,2016-09-13,2016,257,26.72,12.26,0,1.03666960069238,173.8215,35.2810926126337,386.27,1425.89,44414.25,19.49
PIK,2016-09-14,2016,258,20.85,11.46,0,0.552172255039144,134.208,27.126292008096,298.24,1352.91,44227.85,16.155
PIK,2016-09-15,2016,259,19.93,7.87,0,0.629937088806344,160.6455,32.3329101908162,356.99,1062.69,44041.29,13.9
PIK,2016-09-16,2016,260,23.12,8.34,0,0.863245371986741,176.0805,35.289265321521,391.29,1097.05,43854.6,15.73
PIK,2016-09-17,2016,261,21.42,15.98,6.85,0.36486668351949,58.9185,11.7578900087019,130.93,1814.62,43667.82,18.7
PIK,2016-09-18,2016,262,24.58,15.01,0,0.687891003059528,128.268,25.4878819640172,285.04,1705.36,43480.97,19.795
PIK,2016-09-19,2016,263,26.14,12.02,0,0.989036867251664,164.9745,32.6408482090525,366.61,1403.49,43294.07,19.08
PIK,2016-09-20,2016,264,26.35,15.11,0,0.853514420358738,139.257,27.4335901751484,309.46,1716.2,43107.16,20.73
PIK,2016-09-21,2016,265,26.6,10.93,0,1.08398199706916,170.1045,33.3652472079669,378.01,1306.35,42920.26,18.765
PIK,2016-09-22,2016,266,27.14,11.74,0,1.10416294222844,166.6575,32.5468237762328,370.35,1378.17,42733.41,19.44
PIK,2016-09-23,2016,267,19.22,9.59,0.71,0.51391628597635,128.3265,24.9515548596351,285.17,1194.04,42546.62,14.405
PIK,2016-09-24,2016,268,17.92,4.5,0,0.60349744256546,161.2035,31.2065675862003,358.23,842.04,42359.94,11.21
PIK,2016-09-25,2016,269,17.9,4.45,0,0.603900362662683,159.8085,30.8002672116261,355.13,838.88,42173.38,11.175
PIK,2016-09-26,2016,270,16.45,9.56,8.21,0.337365806238532,71.2305,13.6677438555273,158.29,1191.54,41986.98,13.005
PIK,2016-09-27,2016,271,20.54,7.43,0,0.690248530162988,153.477,29.3186304583164,341.06,1031.32,41800.76,13.985
PIK,2016-09-28,2016,272,22.09,10.99,0,0.669920195355165,134.244,25.5304505153808,298.32,1311.43,41614.76,16.54
PIK,2016-09-29,2016,273,16.32,12.34,1.56,0.208410740266468,56.457,10.68903373221,125.46,1433.47,41429,14.33
PIK,2016-09-30,2016,274,19.06,12.38,0,0.380530144171805,90.2025,17.001627560496,200.45,1437.75,41243.52,15.72
PIK,2016-10-01,2016,275,15.19,12.34,2.31,0.143416243412669,31.8465,5.9755694213817,70.77,1433.9,41058.34,13.765
PIK,2016-10-02,2016,276,18.79,13.17,4.61,0.324429989088777,58.005,10.8348612186465,128.9,1513.55,40873.49,15.98
PIK,2016-10-03,2016,277,18.15,12.59,2.16,0.310122602612329,58.5,10.8780060519,130,1457.2,40689.02,15.37
PIK,2016-10-04,2016,278,20.39,12,0,0.493487982021761,112.2705,20.7821200888539,249.49,1401.74,40504.94,16.195
PIK,2016-10-05,2016,279,20.66,11.48,0,0.537159539790287,120.9555,22.2882637921591,268.79,1354.52,40321.29,16.07
PIK,2016-10-06,2016,280,23.48,13.12,0,0.687983952766428,128.583,23.5861291934541,285.74,1508.55,40138.11,18.3
PIK,2016-10-07,2016,281,22.29,12.84,3.07,0.601336348965408,90.5895,16.5413047468113,201.31,1481.17,39955.42,17.565
PIK,2016-10-08,2016,282,18.07,8.23,3.02,0.48948561068612,95.3055,17.3230940248114,211.79,1089.02,39773.27,13.15
PIK,2016-10-09,2016,283,11.94,3.2,0,0.313233281431861,120.285,21.7636489926405,267.3,768.14,39591.69,7.57
PIK,2016-10-10,2016,284,12.81,-1.61,0,0.467104655890022,158.3235,28.5151618592105,351.83,542.76,39410.71,5.6
PIK,2016-10-11,2016,285,16.8,1.1,0,0.624268734212909,158.283,28.3774179920247,351.74,661.15,39230.37,8.95
PIK,2016-10-12,2016,286,21.02,7.38,0,0.727939667849469,144.675,25.8189529144725,321.5,1028.04,39050.71,14.2
PIK,2016-10-13,2016,287,16.83,4.13,2.38,0.546439586115829,105.8985,18.8122271189652,235.33,820.16,38871.76,10.48
PIK,2016-10-14,2016,288,14.15,-0.21,0,0.504879845201906,149.886,26.5042836589014,333.08,601.53,38693.57,6.97
PIK,2016-10-15,2016,289,18.34,5.27,0,0.607464077868675,138.9015,24.4492951555539,308.67,888.66,38516.18,11.805
PIK,2016-10-16,2016,290,19.17,13.86,6.93,0.315388246760365,51.057,8.9458046543187,113.46,1583.27,38339.63,16.515
PIK,2016-10-17,2016,291,17.96,13.09,5.77,0.273462789909723,47.1195,8.21807672605425,104.71,1505.72,38163.95,15.525
PIK,2016-10-18,2016,292,23.72,12.57,4.12,0.735697653145986,88.884,15.431208481296,197.52,1455.23,37989.2,18.145
PIK,2016-10-19,2016,293,19.63,9.46,3.57,0.547755583466159,86.2335,14.9025690140049,191.63,1183.72,37815.42,14.545
PIK,2016-10-20,2016,294,13.55,10.11,11.28,0.155886324808461,35.0145,6.02343625770225,77.81,1236.44,37642.65,11.83
PIK,2016-10-21,2016,295,9.92,5.06,5.7,0.171780803031349,50.5125,8.6498714153475,112.25,875.56,37470.94,7.49
PIK,2016-10-22,2016,296,7.52,2.29,0,0.158226907392872,74.466,12.6936611281746,165.48,720.31,37300.33,4.905
PIK,2016-10-23,2016,297,11.78,1.76,0,0.343476530362969,120.591,20.4628602718656,267.98,693.22,37130.88,6.77
PIK,2016-10-24,2016,298,8.3,3.49,2.38,0.15465836939805,51.3225,8.669358967698,114.05,784.07,36962.64,5.895
PIK,2016-10-25,2016,299,7.01,1.41,0,0.162563359346041,80.0865,13.4670351444233,177.97,676.27,36795.65,4.21
PIK,2016-10-26,2016,300,4.64,-2.72,0,0.175144030455719,100.179,16.7698607043591,222.62,500.06,36629.97,0.96
PIK,2016-10-27,2016,301,2.37,-0.68,6.93,0.0716726906060365,35.001,5.8328489650662,77.78,581.21,36465.66,0.845
PIK,2016-10-28,2016,302,10.07,-1.47,0,0.341780605762006,128.0655,21.2465233236712,284.59,548.51,36302.75,4.3
PIK,2016-10-29,2016,303,18.4,6.82,1.81,0.560923642450762,120.3885,19.8840668138874,267.53,989.32,36141.32,12.61
PIK,2016-10-30,2016,304,9.37,1.02,1.92,0.259119120844763,103.2075,16.9709297726678,229.35,657.35,35981.41,5.195
PIK,2016-10-31,2016,305,7.47,-2.71,0,0.266607609438829,114.8175,18.7969475968628,255.15,500.48,35823.09,2.38
PIK,2016-11-01,2016,306,15.9,1.93,0,0.550389736560485,125.3205,20.4266767682309,278.49,702.12,35666.41,8.915
PIK,2016-11-02,2016,307,18.14,8.79,11.81,0.472776222174052,73.3365,11.9015778169111,162.97,1131.31,35511.43,13.465
PIK,2016-11-03,2016,308,12.52,5.49,8.21,0.273287405878271,60.8085,9.8258670663759,135.13,901.96,35358.22,9.005
PIK,2016-11-04,2016,309,10.5,0.98,0,0.306176367191183,102.0375,16.4173453066913,226.75,655.52,35206.83,5.74
PIK,2016-11-05,2016,310,15.32,4.42,0,0.449912717642015,106.704,17.0952561688896,237.12,837.25,35057.32,9.87
PIK,2016-11-06,2016,311,13.09,0.93,0,0.425163285290694,112.4505,17.9400883876294,249.89,653.44,34909.77,7.01
PIK,2016-11-07,2016,312,16.39,1.48,0,0.590288443814969,118.3095,18.7961243114313,262.91,679.72,34764.22,8.935
PIK,2016-11-08,2016,313,15.82,3.16,1.37,0.513672453829697,109.35,17.30101508442,243,766.28,34620.76,9.49
PIK,2016-11-09,2016,314,9.22,1.01,0,0.253152462774737,86.382,13.6113016463856,191.96,657.18,34479.44,5.115
PIK,2016-11-10,2016,315,16.2,-1.77,0,0.651140983797949,120.5775,18.9228671124278,267.95,536.24,34340.33,7.215
PIK,2016-11-11,2016,316,9.08,0.53,0,0.258871495650158,87.7185,13.7112742876721,194.93,634.83,34203.49,4.805
PIK,2016-11-12,2016,317,9.31,-3.76,0,0.354405425494516,110.3445,17.180123341185,245.21,462.45,34069,2.775
PIK,2016-11-13,2016,318,12.73,1.85,0,0.385386369277209,98.883,15.3359349838452,219.74,698,33936.92,7.29
PIK,2016-11-14,2016,319,13.18,2.32,0,0.395670373226424,97.9065,15.1265051107277,217.57,721.53,33807.33,7.75
PIK,2016-11-15,2016,320,12.92,-0.13,0,0.441421488792917,104.9085,16.1473987805166,233.13,604.78,33680.28,6.395
PIK,2016-11-16,2016,321,11.52,1.66,0,0.334130777546165,89.226,13.682828023497,198.28,688.35,33555.85,6.59
PIK,2016-11-17,2016,322,11.42,-0.73,0,0.384587126328511,99.5175,15.2056652215973,221.15,578.83,33434.11,5.345
PIK,2016-11-18,2016,323,17.11,4.22,0,0.560535913599217,98.0505,14.9281982731692,217.89,825.78,33315.12,10.665
PIK,2016-11-19,2016,324,13.74,0.6,4.59,0.465710861097169,73.3185,11.1238242751777,162.93,637.73,33198.95,7.17
PIK,2016-11-20,2016,325,0.72,-2.93,2.11,0.0758899581433057,27.72,4.191307176672,61.6,492.26,33085.68,-1.105
PIK,2016-11-21,2016,326,-0.11,-3.6,1.08,0.0691418070741492,35.3925,5.333557559616,78.65,468.26,32975.36,-1.855
PIK,2016-11-22,2016,327,1.14,-5.1,0,0.123013612514146,60.516,9.0899344128096,134.48,418.02,32868.08,-1.98
PIK,2016-11-23,2016,328,-0.19,-6.65,2.57,0.115880170904978,51.1335,7.65626892776955,113.63,371.46,32763.89,-3.42
PIK,2016-11-24,2016,329,2.24,-1.4,1.7,0.0833330659509639,39.8295,5.9453203974309,88.51,551.3,32662.86,0.42
PIK,2016-11-25,2016,330,5.43,0.72,1.05,0.127354225232065,44.9595,6.6909772848699,99.91,643.44,32565.06,3.075
PIK,2016-11-26,2016,331,5.76,1.34,0.82,0.123210687323927,41.85,6.21013689243,93,672.64,32470.54,3.55
PIK,2016-11-27,2016,332,5.36,0.16,0,0.138107019214048,49.041,7.2567837290043,108.98,617.75,32379.39,2.76
PIK,2016-11-28,2016,333,7.79,0.35,2.16,0.215141349527544,49.7655,7.3440339196194,110.59,626.24,32291.64,4.07
PIK,2016-11-29,2016,334,12.9,3.8,1.55,0.34165472221659,74.9745,11.0353262079717,166.61,801.66,32207.38,8.35
PIK,2016-11-30,2016,335,10.85,3.63,8.24,0.252449658698081,47.2815,6.94181264302575,105.07,792.23,32126.65,7.24
PIK,2016-12-01,2016,336,6.73,2.41,0.49,0.12812467336633,41.58,6.090067119906,92.4,726.21,32049.51,4.57
PIK,2016-12-02,2016,337,4.61,0.64,1.66,0.104520502709542,39.087,5.7118011766677,86.86,639.51,31976.03,2.625
PIK,2016-12-03,2016,338,3.22,-2,0,0.121291101632523,50.8095,7.40861258484375,112.91,527.26,31906.25,0.61
PIK,2016-12-04,2016,339,2.19,-4.87,7.94,0.145047277047855,49.149,7.1516614256046,109.22,425.53,31840.22,-1.34
PIK,2016-12-05,2016,340,4.3,-1.63,0,0.14430062276258,57.033,8.2826410537719,126.74,541.89,31777.99,1.335
PIK,2016-12-06,2016,341,3.6,-2.13,4.06,0.134290066587302,41.9085,6.0750001450989,93.13,522.19,31719.62,0.735
PIK,2016-12-07,2016,342,2.48,-1.17,0,0.0848800377146129,38.4075,5.5579374109935,85.35,560.62,31665.14,0.655
PIK,2016-12-08,2016,343,-0.33,-4.54,1.39,0.0803912051038191,45.1575,6.524297888715,100.35,436.25,31614.6,-2.435
PIK,2016-12-09,2016,344,-3.14,-9.97,0,0.099684933068378,68.6835,9.9086898823038,152.63,286.58,31568.04,-6.555
PIK,2016-12-10,2016,345,-3.4,-11.6,1.44,0.112431294211741,87.894,12.66302349729,195.32,251.73,31525.5,-7.5
PIK,2016-12-11,2016,346,-1.15,-9.2,11.45,0.128969639389292,64.773,9.32054905107,143.94,304.64,31487,-5.175
PIK,2016-12-12,2016,347,1.53,-3.93,4.65,0.112842477118662,49.059,7.0516545565491,109.02,456.88,31452.57,-1.2
PIK,2016-12-13,2016,348,-1.59,-6.64,0,0.0864521218885734,63.117,9.0635840447994,140.26,371.74,31422.26,-4.115
PIK,2016-12-14,2016,349,-5.56,-11.29,0.7,0.0736509194391394,71.739,10.2931178608584,159.42,257.98,31396.08,-8.425
PIK,2016-12-15,2016,350,-9.5,-15.65,6.89,0.0592063601595476,57.861,8.2960733109708,128.58,180.75,31374.04,-12.575
PIK,2016-12-16,2016,351,-5.96,-16.52,7.03,0.112595211085227,76.9365,11.0248267735449,170.97,168.01,31356.18,-11.24
PIK,2016-12-17,2016,352,-1.07,-8.12,5.67,0.117355291858019,63.513,9.097298845425,141.14,331.32,31342.5,-4.595
PIK,2016-12-18,2016,353,-2.69,-11.91,1.7,0.128503899229798,99.4095,14.2346353222233,220.91,245.46,31333.02,-7.3
PIK,2016-12-19,2016,354,-7.15,-14.72,0,0.0819100528563915,91.953,13.1647061203254,204.34,195.19,31327.74,-10.935
PIK,2016-12-20,2016,355,-0.6,-11.79,0,0.169042282208742,105.4845,15.1014650157805,234.41,247.76,31326.67,-6.195
PIK,2016-12-21,2016,356,0.83,-7.1,2.19,0.145477741966879,67.527,9.6683289250059,150.06,358.61,31329.81,-3.135
PIK,2016-12-22,2016,357,2.37,-2.22,0,0.10275175205454,60.48,8.66138770224,134.4,519.06,31337.15,0.075
PIK,2016-12-23,2016,358,1.65,-3.79,0,0.113604275893579,70.2135,10.0590358998465,156.03,461.47,31348.7,-1.07
PIK,2016-12-24,2016,359,2.85,0.01,3.56,0.0690750749173985,29.169,4.1809515981219,64.82,611.32,31364.43,1.43
PIK,2016-12-25,2016,360,1.52,-5.99,1.6,0.145985068184189,88.0515,12.6289166596942,195.67,390.53,31384.35,-2.235
PIK,2016-12-26,2016,361,8.17,-8.33,16.17,0.379380563095038,82.899,11.8990306057806,184.22,325.93,31408.42,-0.08
PIK,2016-12-27,2016,362,4.63,-2.87,0,0.177717191425397,85.86,12.335115090528,190.8,494.42,31436.64,0.88
PIK,2016-12-28,2016,363,-0.5,-4.29,7.3,0.0727009711999375,37.8765,5.44714040087685,84.17,444.42,31468.97,-2.395
PIK,2016-12-29,2016,364,1.35,-2.64,5.6,0.085611817077222,40.077,5.770273555206,89.06,502.81,31505.4,-0.645
PIK,2016-12-30,2016,365,-1.77,-5.67,1.06,0.0684862523635955,53.847,7.7628375324531,119.66,400.44,31545.89,-3.72
PIK,2017-01-01,2017,1,1.18,-5.44,0,0.129203277250422,85.896,12.4007310825264,190.88,407.46,31590.62,-2.13
PIK,2017-01-02,2017,2,3.4,-6.05,4.59,0.195616547232966,77.148,11.1549034746576,171.44,388.73,31639.16,-1.325
PIK,2017-01-03,2017,3,2.89,0.3,13.83,0.0635768385013874,28.8225,4.17438690031125,64.05,624.37,31691.65,1.595
PIK,2017-01-04,2017,4,1.65,-8.97,1.72,0.189326635332882,109.431,15.8771993301369,243.18,310.16,31748.07,-3.66
PIK,2017-01-05,2017,5,-7.25,-12.57,0,0.0617118460132825,76.86,11.17268929917,170.8,232.77,31808.35,-9.91
PIK,2017-01-06,2017,6,-7.81,-15.32,0,0.0776768617955264,97.452,14.1945842752308,216.56,185.8,31872.47,-11.565
PIK,2017-01-07,2017,7,-7.54,-17.28,0,0.0953745843908648,110.2095,16.0870041883436,244.91,157.63,31940.37,-12.41
PIK,2017-01-08,2017,8,-9.77,-15.11,0,0.0520283191736724,78.9255,11.5463897875247,175.39,188.94,32011.99,-12.44
PIK,2017-01-09,2017,9,-3.54,-13.38,3.36,0.12685351252652,83.0205,12.1740360676637,184.49,217.96,32087.29,-8.46
PIK,2017-01-10,2017,10,6.23,-4.81,21.23,0.261136864970665,84.3795,12.4037548914393,187.51,427.41,32166.22,0.71
PIK,2017-01-11,2017,11,7.11,-0.46,11.34,0.209175115918701,72.378,10.666820587302,160.84,590.37,32248.7,3.325
PIK,2017-01-12,2017,12,5.27,-1.98,6.34,0.180320235467546,71.6265,10.5842177502435,159.17,528.02,32334.7,1.645
PIK,2017-01-13,2017,13,-2.77,-10.28,0,0.11000105338646,101.7225,15.0730691358555,226.05,279.55,32424.14,-6.525
PIK,2017-01-14,2017,14,-4.43,-13.55,0,0.113179924622542,112.8555,16.770615408806,250.79,214.94,32516.97,-8.99
PIK,2017-01-15,2017,15,-1.28,-7.75,0,0.108235340090068,94.275,14.05093062816,209.5,340.96,32613.12,-4.515
PIK,2017-01-16,2017,16,2.85,-8.32,0,0.21192159013291,120.8295,18.0635586014119,268.51,326.33,32712.53,-2.735
PIK,2017-01-17,2017,17,1.03,-3.69,9.75,0.096995681496514,55.755,8.361309157299,123.9,464.85,32815.14,-1.33
PIK,2017-01-18,2017,18,1.82,-0.25,0,0.0486133635856263,35.559,5.3497937986281,79.02,599.59,32920.87,0.785
PIK,2017-01-19,2017,19,2.03,0.38,0,0.0397680463905405,29.4165,4.4402896597923,65.37,627.71,33029.66,1.205
PIK,2017-01-20,2017,20,3.1,-0.04,0,0.076917496751106,52.4025,7.93669538966625,116.45,609.06,33141.45,1.53
PIK,2017-01-21,2017,21,5.44,0.96,0,0.121976364428525,72.351,10.9959554014119,160.78,654.74,33256.17,3.2
PIK,2017-01-22,2017,22,5.13,0.75,0,0.117530354721903,71.7075,10.9366838969985,159.35,644.7,33373.74,2.94
PIK,2017-01-23,2017,23,2.99,-0.2,0,0.0776543017906761,54.594,8.356596411978,121.32,601.85,33494.1,1.395
PIK,2017-01-24,2017,24,-0.59,-2.36,2.12,0.0359931300024282,24.561,3.7733201424063,54.58,513.64,33617.19,-1.475
PIK,2017-01-25,2017,25,3.29,-1.73,1.5,0.117727247425495,83.3715,12.8563180064222,185.27,538.03,33742.93,0.78
PIK,2017-01-26,2017,26,2.33,-0.09,2.32,0.0577541599477486,32.625,5.0500763578125,72.5,606.85,33871.25,1.12
PIK,2017-01-27,2017,27,1.13,-2.54,0,0.0784079890833261,65.16,10.125180184896,144.8,506.61,34002.08,-0.705
PIK,2017-01-28,2017,28,-1.1,-3.11,1.02,0.0392876082153259,38.1105,5.9451844623696,84.69,485.74,34135.36,-2.105
PIK,2017-01-29,2017,29,-3.07,-8.55,0,0.0840519714195672,94.833,14.8526080332462,210.74,320.4,34271.02,-5.81
PIK,2017-01-30,2017,30,-6.97,-15.11,0,0.0875685461244192,124.1325,19.5197219568698,275.85,188.93,34408.99,-11.04
PIK,2017-01-31,2017,31,-3.57,-12.29,2.65,0.116232888966302,95.715,15.1124307926355,212.7,238.13,34549.21,-7.93
PIK,2017-02-01,2017,32,0.59,-7.38,0.69,0.143588044462808,123.8535,19.635809688342,275.23,351.1,34691.6,-3.395
PIK,2017-02-02,2017,33,-4.21,-8.04,0,0.057425600919658,72.9675,11.6164972892475,162.15,333.61,34836.1,-6.125
PIK,2017-02-03,2017,34,-5.33,-10.5,0,0.0688193553748848,97.4925,15.5861952434213,216.65,274.76,34982.65,-7.915
PIK,2017-02-04,2017,35,-3.31,-9.03,0,0.0855556009651883,105.912,17.0041178602512,235.36,308.67,35131.18,-6.17
PIK,2017-02-05,2017,36,-0.52,-7.29,0.86,0.117713871368161,119.529,19.2725032418739,265.62,353.55,35281.63,-3.905
PIK,2017-02-06,2017,37,-0.5,-9.25,2.13,0.143416069715084,103.3155,16.7301950707615,229.59,303.25,35433.93,-4.875
PIK,2017-02-07,2017,38,3.98,-3.44,11.32,0.168982812065802,94.7745,15.413868514004,210.61,473.98,35588.03,0.27
PIK,2017-02-08,2017,39,1.95,-9.49,0,0.203143705014231,153.0675,25.0034904378135,340.15,297.59,35743.86,-3.77
PIK,2017-02-09,2017,40,-6.81,-15.04,5.71,0.0891629141987363,105.4935,17.3082357537012,234.43,190.13,35901.36,-10.925
PIK,2017-02-10,2017,41,-2.7,-10.96,6.73,0.11855653821567,106.596,17.5666315007484,236.88,264.93,36060.47,-6.83
PIK,2017-02-11,2017,42,1.69,-4.47,3.58,0.126054558813865,90.1485,14.9223361775553,200.33,438.51,36221.14,-1.39
PIK,2017-02-12,2017,43,-0.68,-6.74,11.58,0.106735390104253,91.926,15.2846947486242,204.28,368.77,36383.31,-3.71
PIK,2017-02-13,2017,44,-1.69,-8.48,0,0.109198675891359,135.333,22.6032397623252,300.74,322.33,36546.92,-5.085
PIK,2017-02-14,2017,45,3.76,-10.38,1.24,0.261207579081162,172.179,28.8870690487176,382.62,277.5,36711.92,-3.31
PIK,2017-02-15,2017,46,0.64,-7.81,0.45,0.150561621603183,153.297,25.8357026681154,340.66,339.53,36878.26,-3.585
PIK,2017-02-16,2017,47,-5.56,-13.8,0,0.0974251366633617,154.2195,26.109303656485,342.71,210.49,37045.87,-9.68
PIK,2017-02-17,2017,48,-0.32,-8.45,0,0.137256176108193,151.8615,25.8272782298496,337.47,323.1,37214.72,-4.385
PIK,2017-02-18,2017,49,12.24,-4.43,0,0.491438913097274,178.371,30.4743834570825,396.38,439.96,37384.75,3.905
PIK,2017-02-19,2017,50,9.83,-0.86,0,0.319280704033542,164.151,28.1733196336137,364.78,573.73,37555.91,4.485
PIK,2017-02-20,2017,51,4.43,-3.45,0,0.182225419225613,144.8685,24.9778856771168,321.93,473.56,37728.15,0.49
PIK,2017-02-21,2017,52,6.24,-1.68,2.06,0.204943054331151,108.036,18.7128653340636,240.08,540.13,37901.43,2.28
PIK,2017-02-22,2017,53,9.12,2.15,0,0.221097503913734,131.355,22.8565454279715,291.9,713.27,38075.69,5.635
PIK,2017-02-23,2017,54,16.62,2.31,0,0.583202143955908,176.94,30.930290190378,393.2,721.26,38250.91,9.465
PIK,2017-02-24,2017,55,5.98,1.51,7.73,0.125696486135339,67.7655,11.9003998428117,150.59,681.32,38427.02,3.745
PIK,2017-02-25,2017,56,7.72,-2.01,6.34,0.262214836292144,119.9565,21.16275931782,266.57,527.06,38604,2.855
PIK,2017-02-26,2017,57,1.35,-4.69,0,0.121276075285243,119.1915,21.1246409331275,264.87,431.38,38781.79,-1.67
PIK,2017-02-27,2017,58,8.66,-1.79,0,0.292544726483807,166.6125,29.665163220885,370.25,535.66,38960.36,3.435
PIK,2017-02-28,2017,59,13.16,-0.51,14.28,0.461114432493477,135.9,24.30819465858,302,588.59,39139.66,6.325
PIK,2017-03-01,2017,60,14.71,0.73,5.17,0.513570375818231,136.449,24.5186425088631,303.22,643.7,39319.67,7.72
PIK,2017-03-02,2017,61,1.19,-6.91,0,0.151360245569829,146.8935,26.5167016825874,326.43,363.88,39500.33,-2.86
PIK,2017-03-03,2017,62,-3.67,-8.65,0,0.0744865122974503,101.5695,18.4191166811102,225.71,318.05,39681.61,-6.16
PIK,2017-03-04,2017,63,-9.26,-16.37,0,0.0673065640295752,138.6,25.24960795896,308,170.21,39863.48,-12.815
PIK,2017-03-05,2017,64,-2.14,-17.05,0,0.181370453467466,200.313,36.659234655819,445.14,160.64,40045.9,-9.595
PIK,2017-03-06,2017,65,6.95,-4.45,7.13,0.279470063463256,133.6635,24.5734729279038,297.03,439.04,40228.84,1.25
PIK,2017-03-07,2017,66,11.21,3.32,9.31,0.276926867570826,104.7375,19.3433386170937,232.75,774.88,40412.25,7.265
PIK,2017-03-08,2017,67,9.18,-0.82,0,0.292840567904682,167.211,31.0216984434324,371.58,575.12,40596.12,4.18
PIK,2017-03-09,2017,68,1.1,-4.34,0,0.109572927808345,108.7425,20.26595129679,241.65,442.86,40780.4,-1.62
PIK,2017-03-10,2017,69,-3.83,-12.17,1.94,0.110728659132028,158.265,29.628841959513,351.7,240.27,40965.06,-8.0
PIK,2017-03-11,2017,70,-9.25,-17.48,0,0.0750293799934568,159.147,29.9285268426432,353.66,155.01,41150.08,-13.365
PIK,2017-03-12,2017,71,-7.62,-17.59,0,0.0963927175602545,180.5715,34.1104662297446,401.27,153.5,41335.41,-12.605
PIK,2017-03-13,2017,72,-7.35,-16.64,1.2,0.0936585794680559,173.772,32.9734293829812,386.16,166.28,41521.03,-11.995
PIK,2017-03-14,2017,73,-7.86,-12.36,1.71,0.0515674388948205,97.623,18.6070047558012,216.94,236.73,41706.92,-10.11
PIK,2017-03-15,2017,74,-4.75,-12,0,0.0936683890268832,148.3785,28.4072340299774,329.73,243.6,41893.03,-8.375
PIK,2017-03-16,2017,75,0.32,-9.61,0,0.165540343384689,185.1165,35.5983812540127,411.37,294.95,42079.34,-4.645
PIK,2017-03-17,2017,76,5.69,-7.84,0,0.288319402992695,211.581,40.8678851886894,470.18,338.6,42265.82,-1.075
PIK,2017-03-18,2017,77,1.34,-2.59,0,0.0844548069460446,87.9525,17.0634619264162,195.45,504.66,42452.45,-0.625
PIK,2017-03-19,2017,78,7.39,-2.37,0,0.257458446322231,183.1815,35.6949482782415,407.07,513.2,42639.19,2.51
PIK,2017-03-20,2017,79,6.07,-2.32,0,0.212143355318355,170.64,33.396784683048,379.2,514.94,42826.01,1.875
PIK,2017-03-21,2017,80,11.13,-3.94,0,0.433089950121322,222.7725,43.7901469014893,495.05,456.31,43012.89,3.595
PIK,2017-03-22,2017,81,-4.02,-11.2,0,0.0976906126867856,157.0185,30.999076829091,348.93,259.79,43199.8,-7.61
PIK,2017-03-23,2017,82,2.09,-11.47,5.03,0.228356960183604,166.8735,33.0872135047965,370.83,254.24,43386.7,-4.69
PIK,2017-03-24,2017,83,11.14,-1.2,10.35,0.381905276310206,157.293,31.3219533735558,349.54,559.35,43573.58,4.97
PIK,2017-03-25,2017,84,3.97,-0.48,4.64,0.110920961625906,77.3955,15.4779447715484,171.99,589.58,43760.41,1.745
PIK,2017-03-26,2017,85,6.49,-0.64,4.31,0.191797499271074,115.7535,23.2477511838543,257.23,582.9,43947.14,2.925
PIK,2017-03-27,2017,86,14.12,4.72,2,0.376484023244108,137.3805,27.7084556099465,305.29,854.87,44133.77,9.42
PIK,2017-03-28,2017,87,8.27,2.54,0,0.179192389907029,128.9385,26.1156605546362,286.53,732.94,44320.25,5.405
PIK,2017-03-29,2017,88,8.51,-2.82,0,0.306680759119361,210.618,42.8386533543882,468.04,496.22,44506.57,2.845
PIK,2017-03-30,2017,89,2.98,-1.36,8.09,0.101715895017529,78.9345,16.1220201770322,175.41,553.08,44692.68,0.81
PIK,2017-03-31,2017,90,2.52,-0.11,6.26,0.0632049759251838,51.957,10.6561219125744,115.46,605.87,44878.56,1.205
PIK,2017-04-01,2017,91,9.79,-0.37,0,0.307431696718933,186.381,38.3839186818906,414.18,594.39,45064.18,4.71
PIK,2017-04-02,2017,92,13.96,-0.62,0,0.504018440623714,211.6485,43.7668581641004,470.33,583.69,45249.52,6.67
PIK,2017-04-03,2017,93,13.46,1.36,5.82,0.433182962793086,148.302,30.7928047230342,329.56,674.03,45434.53,7.41
PIK,2017-04-04,2017,94,10.82,3.41,14.73,0.257527203390594,113.4405,23.650046399232,252.09,779.77,45619.2,7.115
PIK,2017-04-05,2017,95,10.49,2.31,1.83,0.272956963435971,165.303,34.6015386307908,367.34,721.05,45803.48,6.4
PIK,2017-04-06,2017,96,5.98,1.07,24.66,0.136541257575293,83.9655,17.6463694852389,186.59,659.89,45987.34,3.525
PIK,2017-04-07,2017,97,3.23,-1.93,3.83,0.119898020053983,90.2655,19.0460541870846,200.59,530.29,46170.76,0.65
PIK,2017-04-08,2017,98,10.54,-2.32,0,0.378171021264113,213.597,45.247621453173,474.66,515.09,46353.7,4.11
PIK,2017-04-09,2017,99,16.22,-0.79,0,0.632101122116469,225.981,48.0593947271004,502.18,576.44,46536.12,7.715
PIK,2017-04-10,2017,100,21.95,8.64,4.72,0.754611654341507,152.919,32.6483921895417,339.82,1120.07,46717.99,15.295
PIK,2017-04-11,2017,101,18.64,7.45,2.72,0.555207706889849,144.5085,30.9724648397316,321.13,1032.8,46899.28,13.045
PIK,2017-04-12,2017,102,6.92,1.7,0,0.152519544540543,117.405,25.260311025549,260.9,690.33,47079.94,4.31
PIK,2017-04-13,2017,103,12.41,-1.39,0,0.443374022679546,218.7,47.23437237246,486,551.81,47259.94,5.51
PIK,2017-04-14,2017,104,15.08,-0.88,0,0.569229541866941,226.323,49.0662317363175,502.94,572.67,47439.25,7.1
PIK,2017-04-15,2017,105,17.72,3.81,7.49,0.610405836383819,160.092,34.8381704202408,355.76,802.44,47617.82,10.765
PIK,2017-04-16,2017,106,21.72,9.01,2.95,0.722473903119735,151.2855,33.0446771979134,336.19,1148.02,47795.61,15.365
PIK,2017-04-17,2017,107,9.74,1.17,0,0.270213407635295,168.4485,36.9297624776305,374.33,664.6,47972.59,5.455
PIK,2017-04-18,2017,108,9.36,-2.58,0.84,0.335070789637422,207.612,45.6828624109764,461.36,505.02,48148.71,3.39
PIK,2017-04-19,2017,109,18.9,5.19,2.17,0.647356904141041,158.985,35.110297384884,353.3,883.82,48323.92,12.045
PIK,2017-04-20,2017,110,8.41,4.31,12.73,0.135154874486076,68.0085,15.0731814365906,151.13,830.91,48498.19,6.36
PIK,2017-04-21,2017,111,12.61,4.2,0.45,0.316257637180129,167.4405,37.2435589954849,372.09,824.5,48671.47,8.405
PIK,2017-04-22,2017,112,12.93,2.17,0,0.3868674763015,198.6885,44.3504125577754,441.53,714.25,48843.72,7.55
PIK,2017-04-23,2017,113,18.86,-1.07,0,0.804606770452819,241.6815,54.1361730236904,537.07,564.84,49014.88,8.895
PIK,2017-04-24,2017,114,14.13,3.25,0,0.41899418048893,195.948,44.0442192831876,435.44,770.98,49184.91,8.69
PIK,2017-04-25,2017,115,11.05,4.57,2.68,0.234413569619481,101.016,22.7838237501312,224.48,845.92,49353.76,7.81
PIK,2017-04-26,2017,116,17.06,8.81,0,0.403711591317015,160.479,36.3184368424614,356.62,1132.74,49521.38,12.935
PIK,2017-04-27,2017,117,25.72,9.56,4.29,1.053787485587,166.194,37.7381426901318,369.32,1191.43,49687.71,17.64
PIK,2017-04-28,2017,118,17.37,6.52,0,0.504685335966276,192.2445,43.7984743212828,427.21,969.21,49852.72,11.945
PIK,2017-04-29,2017,119,13.5,4.84,2.43,0.340672358673513,124.6185,28.4846272918799,276.93,862.55,50016.33,9.17
PIK,2017-04-30,2017,120,7.54,2.32,14.88,0.158364394462517,82.3275,18.8789919964875,182.95,721.65,50178.5,4.93
PIK,2017-05-01,2017,121,15.37,4.2,24.24,0.459177272140323,147.465,33.924331006659,327.7,824.38,50339.18,9.785
PIK,2017-05-02,2017,122,10.47,5.19,4.01,0.190573067526522,84.231,19.4385930950043,187.18,883.56,50498.29,7.83
PIK,2017-05-03,2017,123,12.82,1.27,0,0.403830825251413,207.234,47.974050541404,460.52,669.7,50655.8,7.045
PIK,2017-05-04,2017,124,10.29,0.73,23.94,0.303011496492075,138.8205,32.2353901826366,308.49,644.02,50811.63,5.51
PIK,2017-05-05,2017,125,8.98,5.22,20.04,0.129626873452478,62.7435,14.6138010407654,139.43,885.29,50965.73,7.1
PIK,2017-05-06,2017,126,7.28,3.72,3.8,0.111141888701913,60.4215,14.1150329481402,134.27,797.31,51118.04,5.5
PIK,2017-05-07,2017,127,8.01,1.53,0,0.194990545152999,139.41,32.663344672413,309.8,682.12,51268.49,4.77
PIK,2017-05-08,2017,128,9.55,-1.36,0,0.318345887155335,206.433,48.5067649157343,458.74,553.08,51417.03,4.095
PIK,2017-05-09,2017,129,10.29,2.04,0,0.271264428952804,173.484,40.8807344351304,385.52,707.48,51563.58,6.165
PIK,2017-05-10,2017,130,12.01,0.89,0,0.374847218783017,211.302,49.9319243476326,469.56,651.41,51708.09,6.45
PIK,2017-05-11,2017,131,14.25,4.87,0,0.378373345009748,189.0765,44.8029422774604,420.17,864.27,51850.48,9.56
PIK,2017-05-12,2017,132,15.32,2.39,0,0.505856396134294,224.1495,53.2573606021005,498.11,725.48,51990.7,8.855
PIK,2017-05-13,2017,133,15.81,7.08,0.82,0.392587250668238,177.9435,42.3911361469806,395.43,1006.86,52128.68,11.445
PIK,2017-05-14,2017,134,16.12,3.47,0.57,0.522522113852162,224.1,53.52584437458,498,783.25,52264.34,9.795
PIK,2017-05-15,2017,135,18.04,5.67,0,0.575159507910141,220.3515,52.7647463969387,489.67,913.83,52397.63,11.855
PIK,2017-05-16,2017,136,17.58,5.28,0,0.558265713905367,220.7205,52.985083443242,490.49,889.07,52528.47,11.43
PIK,2017-05-17,2017,137,28.7,10.41,0,1.33383682861561,237.87,57.24141168312,528.6,1261.35,52656.8,19.555
PIK,2017-05-18,2017,138,28.67,15.17,7.55,1.0983532791736,158.157,38.1500317770246,351.46,1723.73,52782.54,21.92
PIK,2017-05-19,2017,139,15.39,6.93,0,0.373677505925775,175.356,42.3973508200596,389.68,996.84,52905.63,11.16
PIK,2017-05-20,2017,140,16.9,4.49,0,0.539792309995471,219.51,53.1935992782,487.8,841.53,53026,10.695
PIK,2017-05-21,2017,141,13.91,10.11,15.75,0.174441877465263,64.4535,15.6535740822321,143.23,1236.22,53143.58,12.01
PIK,2017-05-22,2017,142,16.77,7.68,0,0.427644554221482,183.357,44.627339256867,407.46,1049.37,53258.3,12.225
PIK,2017-05-23,2017,143,20.98,5.94,0,0.773409496097557,237.1635,57.8444886424975,527.03,931.15,53370.09,13.46
PIK,2017-05-24,2017,144,22.5,11.9,12.19,0.662891991687913,148.2885,36.2414977923105,329.53,1392.59,53478.9,17.2
PIK,2017-05-25,2017,145,15.41,10.81,26.12,0.224873198371129,78.3855,19.1951827101504,174.19,1295.86,53584.64,13.11
PIK,2017-05-26,2017,146,18.09,10.73,1.23,0.390566367363019,157.572,38.66040562149,350.16,1288.74,53687.25,14.41
PIK,2017-05-27,2017,147,18.54,11.41,0,0.39011800313791,156.213,38.3979421199106,347.14,1348.53,53786.66,14.975
PIK,2017-05-28,2017,148,21.35,9.4,3.43,0.67814845229014,163.1565,40.1763887084781,362.57,1178.57,53882.82,15.375
PIK,2017-05-29,2017,149,24.18,12.78,5.28,0.766012260665403,155.2995,38.3075360564769,345.11,1476.02,53975.66,18.48
PIK,2017-05-30,2017,150,22.26,11.7,6.55,0.65242491514734,149.607,36.9645314267889,332.46,1374.24,54065.11,16.98
PIK,2017-05-31,2017,151,22.14,9.56,1.73,0.733949058220172,220.0545,54.4570131402122,489.01,1191.83,54151.11,15.85
PIK,2017-06-01,2017,152,16.15,7.63,1.05,0.393072093383311,178.128,44.1485968831056,395.84,1045.31,54233.61,11.89
PIK,2017-06-02,2017,153,17.96,5.41,0,0.578395531987952,224.424,55.7039012697072,498.72,897.26,54312.54,11.685
PIK,2017-06-03,2017,154,21.29,7.74,4.34,0.7357244052118,170.4015,42.3537144835118,378.67,1053.78,54387.85,14.515
PIK,2017-06-04,2017,155,15.56,10.69,8.59,0.238940030219931,81.261,20.2242233455596,180.58,1285.09,54459.48,13.125
PIK,2017-06-05,2017,156,15.81,11.51,2.2,0.217301778417507,71.9955,17.9405710498247,159.99,1356.83,54527.39,13.66
PIK,2017-06-06,2017,157,15.08,9.53,2.11,0.260011521627471,92.142,22.9878810788994,204.76,1189.37,54591.51,12.305
PIK,2017-06-07,2017,158,21.57,4.94,0,0.850670402400624,244.4445,61.0521580688207,543.21,868.37,54651.81,13.255
PIK,2017-06-08,2017,159,23.9,7.61,0,0.957398018399182,238.437,59.6132107008507,529.86,1044.35,54708.23,15.755
PIK,2017-06-09,2017,160,25.17,10.82,0,0.94832633788583,223.9245,56.0385697179245,497.61,1296.1,54760.73,17.995
PIK,2017-06-10,2017,161,26.97,11.55,0,1.09534175911129,226.989,56.8558437166944,504.42,1360.59,54809.28,19.26
PIK,2017-06-11,2017,162,29.55,19.56,0,0.925402304586811,170.1765,42.6601859005472,378.17,2274.08,54853.83,24.555
PIK,2017-06-12,2017,163,30.04,18.5,0,1.0576434252678,187.218,46.966851611631,416.04,2128.24,54894.35,24.27
PIK,2017-06-13,2017,164,23.28,14.86,3.26,0.580407936591386,119.6235,30.029536510866,265.83,1688.79,54930.8,19.07
PIK,2017-06-14,2017,165,23.08,12.18,0,0.698407624098302,194.6835,48.9009210445602,432.63,1418.68,54963.16,17.63
PIK,2017-06-15,2017,166,20.78,13.73,3.7,0.438079810652745,106.6725,26.8079453073383,237.05,1570.1,54991.41,17.255
PIK,2017-06-16,2017,167,28.37,15.05,2.86,1.07198359759137,159.3405,40.0615288411784,354.09,1709.6,55015.51,21.71
PIK,2017-06-17,2017,168,26.62,17.52,25.43,0.738476017421122,127.2015,31.9927044948098,282.67,2000.89,55035.45,22.07
PIK,2017-06-18,2017,169,28.16,17.53,6.61,0.901342434785192,139.5675,35.1129540651548,310.15,2002.92,55051.21,22.845
PIK,2017-06-19,2017,170,25.35,14.99,5.62,0.761593962743826,141.714,35.6604722984844,314.92,1703.01,55062.78,20.17
PIK,2017-06-20,2017,171,20.59,13.1,10.24,0.455662310143644,114.1605,28.7308450931076,253.69,1506.76,55070.16,16.845
PIK,2017-06-21,2017,172,22.26,10.72,0,0.695861203656785,205.8705,51.8145316975242,457.49,1287.65,55073.32,16.49
PIK,2017-06-22,2017,173,21.67,9.38,28.14,0.703934604165895,161.226,40.5774112078296,358.28,1177.07,55072.28,15.525
PIK,2017-06-23,2017,174,24.14,16.2,23.56,0.579855549302124,116.7075,29.3701807950233,259.35,1840.71,55067.03,20.17
PIK,2017-06-24,2017,175,22.83,12.51,0,0.661627171128156,190.566,47.9489010427134,423.48,1449.82,55057.57,17.67
PIK,2017-06-25,2017,176,20.56,10.73,4.97,0.562691409612193,139.8105,35.1694311556212,310.69,1288.7,55043.92,15.645
PIK,2017-06-26,2017,177,18.26,9.29,12.28,0.461373596594314,132.3495,33.2818270279394,294.11,1169.94,55026.09,13.775
PIK,2017-06-27,2017,178,19.3,8.1,1.9,0.577058811969554,204.7815,51.4756482989364,455.07,1079.37,55004.08,13.7
PIK,2017-06-28,2017,179,23.48,9.49,4.38,0.849801664300668,168.201,42.2603566139601,373.78,1185.76,54977.93,16.485
PIK,2017-06-29,2017,180,24.36,13.82,5.08,0.731348817268028,141.5205,35.5373139138534,314.49,1578.7,54947.64,19.09
PIK,2017-06-30,2017,181,26.76,17.07,2.74,0.780920719149507,130.608,32.7765356161344,290.24,1944.83,54913.24,21.915
PIK,2017-07-01,2017,182,25.07,15.62,1.78,0.699813627541022,173.628,43.5420303046092,385.84,1773.2,54874.77,20.345
PIK,2017-07-02,2017,183,25.18,12.87,6.09,0.855175590958208,155.4705,38.9583237689663,345.49,1483.91,54832.25,19.025
PIK,2017-07-03,2017,184,23.28,12.47,0,0.70207304658834,195.0975,48.8466966092333,433.55,1445.77,54785.71,17.875
PIK,2017-07-04,2017,185,25.46,11.75,0,0.934323898466336,217.7055,54.456824162052,483.79,1379.02,54735.2,18.605
PIK,2017-07-05,2017,186,26.08,11.18,0,1.02089761636112,223.146,55.762183222515,495.88,1327.8,54680.75,18.63
PIK,2017-07-06,2017,187,28.45,13.74,0,1.15037792311084,215.388,53.766093374784,478.64,1570.88,54622.4,21.095
PIK,2017-07-07,2017,188,27.04,17.07,6.38,0.80976000434414,127.944,31.901571545616,284.32,1945.11,54560.2,22.055
PIK,2017-07-08,2017,189,22.63,14.11,0,0.565156131082658,159.543,39.732348448242,354.54,1609.14,54494.2,18.37
PIK,2017-07-09,2017,190,25.15,13.2,2.62,0.835444358642523,150.3495,37.3948811519346,334.11,1516.94,54424.44,19.175
PIK,2017-07-10,2017,191,24.49,15.76,2.28,0.637847231988705,122.0265,30.3094275646329,271.17,1789.09,54350.98,20.125
PIK,2017-07-11,2017,192,27.14,15.73,0,0.899983824995527,192.528,47.7530251701552,427.84,1786,54273.87,21.435
PIK,2017-07-12,2017,193,26.26,16.75,9.72,0.748522271167049,128.025,31.70702244213,284.5,1906.76,54193.16,21.505
PIK,2017-07-13,2017,194,17.55,14.22,14.37,0.189510375449843,54.279,13.4219897738676,120.62,1620.8,54108.92,15.885
PIK,2017-07-14,2017,195,24.94,15.69,2.48,0.683273859698521,128.565,31.73972659146,285.7,1781.46,54021.2,20.315
PIK,2017-07-15,2017,196,26.05,15.04,0,0.826741707845305,190.8765,47.0435023390424,424.17,1709.03,53930.07,20.545
PIK,2017-07-16,2017,197,25.18,15.59,4.01,0.711879997712834,131.553,32.3658004947318,292.34,1769.87,53835.58,20.385
PIK,2017-07-17,2017,198,25.6,17.58,0,0.632460543892468,151.6365,37.239149497541,336.97,2008.84,53737.79,21.59
PIK,2017-07-18,2017,199,26.52,14.41,0,0.908438373431775,202.293,49.5860772739878,449.54,1640.73,53636.78,20.465
PIK,2017-07-19,2017,200,29.55,15.3,0,1.19375243628974,213.552,52.2442214033904,474.56,1737.97,53532.61,22.425
PIK,2017-07-20,2017,201,23.87,13.27,7.19,0.714345498885048,140.6295,34.3352337782603,312.51,1523.89,53425.35,18.57
PIK,2017-07-21,2017,202,26.92,15.89,0,0.867410103858123,187.3665,45.6518147859693,416.37,1804.71,53315.06,21.405
PIK,2017-07-22,2017,203,23.97,16.52,0,0.545358061266206,142.965,34.75939869009,317.7,1878.87,53201.8,20.245
PIK,2017-07-23,2017,204,24.44,17.43,0,0.53286803697707,135.0585,32.7653901227727,300.13,1989.52,53085.66,20.935
PIK,2017-07-24,2017,205,20.92,15.28,0,0.36583007293237,115.7085,28.0081365740046,257.13,1735.47,52966.68,18.1
PIK,2017-07-25,2017,206,23.06,13.95,0,0.61006208870144,171.9945,41.5369241003304,382.21,1592.13,52844.96,18.505
PIK,2017-07-26,2017,207,20.58,11.5,5.93,0.529898683320138,130.8645,31.5295652587207,290.81,1356.7,52720.55,16.04
PIK,2017-07-27,2017,208,26.22,16.65,7.87,0.751598062106817,129.6585,31.163723966651,288.13,1893.64,52593.51,21.435
PIK,2017-07-28,2017,209,21.94,13.5,0,0.540119996479837,165.33,39.639547269333,367.4,1546.61,52463.93,17.72
PIK,2017-07-29,2017,210,26.4,11.61,0,1.0339429743369,222.9075,53.3098100459543,495.35,1366.06,52331.87,19.005
PIK,2017-07-30,2017,211,28.05,15.7,0,1.00004887198172,199.818,47.665008934524,444.04,1782.3,52197.4,21.875
PIK,2017-07-31,2017,212,28.24,15.24,0,1.04661539822689,203.9445,48.5218331371917,453.21,1730.93,52060.58,21.74
PIK,2017-08-01,2017,213,28.91,15.86,1.36,1.08687975154096,202.5,48.049435629,450,1801.58,51921.48,22.385
PIK,2017-08-02,2017,214,28.98,15.71,15.67,1.10395538942195,152.271,36.0327124347246,338.38,1784,51780.18,22.345
PIK,2017-08-03,2017,215,26.58,15.41,2.81,0.859301554542586,140.8185,33.2303293662179,312.93,1750.47,51636.73,20.995
PIK,2017-08-04,2017,216,25.41,15.47,9.57,0.740225292558568,132.363,31.146970754592,294.14,1756.77,51491.2,20.44
PIK,2017-08-05,2017,217,20.54,12.47,0.87,0.482674603121661,159.3585,37.3919550117593,354.13,1445.63,51343.65,16.505
PIK,2017-08-06,2017,218,24.53,10.36,4.77,0.908009432067785,163.7685,38.3148379192572,363.93,1257.03,51194.16,17.445
PIK,2017-08-07,2017,219,20.36,12.84,3.73,0.451748214097632,111.4515,25.9977903859269,247.67,1480.95,51042.78,16.6
PIK,2017-08-08,2017,220,24.68,11.57,0,0.86891610728055,209.6325,48.7532621486295,465.85,1362.5,50889.58,18.125
PIK,2017-08-09,2017,221,26.23,14.22,0,0.889557994772455,195.9885,45.4413385117715,435.53,1620.25,50734.61,20.225
PIK,2017-08-10,2017,222,26.23,13.59,0,0.921707307133289,200.8845,46.4326815388401,446.41,1555.69,50577.94,19.91
PIK,2017-08-11,2017,223,24.1,16.87,3.17,0.535903679784787,102.0105,23.5050257141456,226.69,1921.05,50419.63,20.485
PIK,2017-08-12,2017,224,24.25,14.7,5.79,0.675000636711998,126.135,28.9715654690235,280.3,1671.25,50259.73,19.475
PIK,2017-08-13,2017,225,24.76,12.63,0,0.826855026771792,195.3495,44.7251267287066,434.11,1461.15,50098.31,18.695
PIK,2017-08-14,2017,226,25.56,12.87,0,0.891319817476413,198.126,45.2133179547444,440.28,1484.28,49935.42,19.215
PIK,2017-08-15,2017,227,25.68,14.94,0,0.795651543225687,177.3405,40.3368012456043,394.09,1698.17,49771.11,20.31
PIK,2017-08-16,2017,228,23.48,14.09,0,0.638220675292434,163.2015,36.9972677278512,362.67,1607.37,49605.44,18.785
PIK,2017-08-17,2017,229,23.28,14.21,7.86,0.615256721472966,119.556,27.0117368735832,265.68,1619.28,49438.46,18.745
PIK,2017-08-18,2017,230,26.09,17.64,0,0.676212005151458,147.618,33.2383930053372,328.04,2017.15,49270.22,21.865
PIK,2017-08-19,2017,231,22.7,14.86,2.31,0.531211603104287,107.9865,24.2311517041779,239.97,1688.8,49100.78,18.78
PIK,2017-08-20,2017,232,27.37,12.09,0,1.11265815774548,210.942,47.1689448751386,468.76,1410.09,48930.19,19.73
PIK,2017-08-21,2017,233,28.71,15.98,0,1.0578220414611,188.2755,41.9527243096668,418.39,1814.63,48758.48,22.345
PIK,2017-08-22,2017,234,24.89,15.65,12.67,0.681187734491438,116.613,25.8923704082652,259.14,1776.58,48585.72,20.27
PIK,2017-08-23,2017,235,21.51,11.67,0,0.593826727692904,166.4775,36.8319092479695,369.95,1371.51,48411.94,16.59
PIK,2017-08-24,2017,236,19.12,9.73,0,0.501149799773771,162.729,35.872632326916,361.62,1205.53,48237.2,14.425
PIK,2017-08-25,2017,237,19.82,6.82,0,0.658957307907335,198.468,43.5917481137028,441.04,989.02,48061.53,13.32
PIK,2017-08-26,2017,238,21.47,6.43,0,0.795593163072806,209.0205,45.7408670517513,464.49,962.77,47884.98,13.95
PIK,2017-08-27,2017,239,21.2,7.31,0,0.744485419884568,199.494,43.4944172747322,443.32,1022.85,47707.59,14.255
PIK,2017-08-28,2017,240,21.33,13.75,0,0.479090278434668,129.636,28.1581582580532,288.08,1572.17,47529.41,17.54
PIK,2017-08-29,2017,241,21.95,12.93,0,0.569114428340785,149.805,32.4165508136595,332.9,1490.23,47350.47,17.44
PIK,2017-08-30,2017,242,23.55,9.64,1.44,0.849620374831047,196.2045,42.2959221212476,436.01,1198.04,47170.81,16.595
PIK,2017-08-31,2017,243,17.53,8.98,0,0.426155242183625,148.1355,31.8115792026828,329.19,1146.09,46990.48,13.255
PIK,2017-09-01,2017,244,17.39,3.76,0,0.591513553498696,200.277,42.843138677955,445.06,799.08,46809.5,10.575
PIK,2017-09-02,2017,245,19.15,5.01,0,0.670245016791424,200.439,42.7114652119416,445.42,872.56,46627.92,12.08
PIK,2017-09-03,2017,246,19.31,12.73,4.59,0.381406267303933,85.8375,18.2196247354538,190.75,1470.81,46445.77,16.02
PIK,2017-09-04,2017,247,25.77,12,19.8,0.953475321821938,139.788,29.5543034498844,310.64,1401.48,46263.09,18.885
PIK,2017-09-05,2017,248,20.04,9.3,6.66,0.583481449553755,125.379,26.4029603740173,278.62,1171.02,46079.91,14.67
PIK,2017-09-06,2017,249,20,7.61,0,0.643983834749601,181.278,38.0223270310842,402.84,1044.37,45896.27,13.805
PIK,2017-09-07,2017,250,17.7,8.45,4.88,0.457158135809478,112.7655,23.5572438838037,250.59,1105.72,45712.19,13.075
PIK,2017-09-08,2017,251,16.59,7.21,0,0.43361329085986,153.2925,31.894295142717,340.65,1016.02,45527.72,11.9
PIK,2017-09-09,2017,252,16.9,4.02,0,0.553772863728689,186.831,38.7145521526896,415.18,813.93,45342.88,10.46
PIK,2017-09-10,2017,253,19.3,4.21,0,0.704533789252838,196.308,40.512217216212,436.24,824.96,45157.7,11.755
PIK,2017-09-11,2017,254,22.2,5.37,0,0.888036534990526,199.656,41.0339091523824,443.68,894.55,44972.22,13.785
PIK,2017-09-12,2017,255,24.15,7.15,0,0.996413300911798,196.2315,40.1635100104893,436.07,1011.59,44786.46,15.65
PIK,2017-09-13,2017,256,24.62,9,0,0.971463455078946,186.993,38.1136803426846,415.54,1147.13,44600.46,16.81
PIK,2017-09-14,2017,257,25.85,13.04,0,0.911586699569444,164.3895,33.3666501212138,365.31,1500.65,44414.25,19.445
PIK,2017-09-15,2017,258,25.46,13.22,0,0.864110312071541,158.3775,32.0114621521237,351.95,1518.95,44227.85,19.34
PIK,2017-09-16,2017,259,26.86,13.37,0,0.99728607010549,164.484,33.1054800777252,365.52,1533.4,44041.29,20.115
PIK,2017-09-17,2017,260,26.2,13.06,0,0.945560096983737,160.587,32.184127431414,356.86,1502.45,43854.6,19.63
PIK,2017-09-18,2017,261,26.64,15.19,0,0.878148696466602,143.3745,28.6120929937563,318.61,1725.52,43667.82,20.915
PIK,2017-09-19,2017,262,25.95,16.86,0,0.711531919383286,120.0015,23.8452620100494,266.67,1919.47,43480.97,21.405
PIK,2017-09-20,2017,263,26.01,16,0,0.768682681010704,129.8385,25.6890535821661,288.53,1817.24,43294.07,21.005
PIK,2017-09-21,2017,264,26.22,13.99,0,0.900075789024928,148.9725,29.347540966467,331.05,1596.76,43107.16,20.105
PIK,2017-09-22,2017,265,27.22,14.1,0,0.997738242977794,152.892,29.9890912710744,339.76,1607.85,42920.26,20.66
PIK,2017-09-23,2017,266,30.37,16.14,0,1.24546272787777,153.774,30.0307833692838,341.72,1833.77,42733.41,23.255
PIK,2017-09-24,2017,267,31.95,17.55,0,1.36363732586842,150.678,29.2975370102052,334.84,2005.05,42546.62,24.75
PIK,2017-09-25,2017,268,30.67,16.74,0,1.24758089828554,148.653,28.7769799749474,330.34,1904.75,42359.94,23.705
PIK,2017-09-26,2017,269,30.46,18,0,1.1422387299317,136.962,26.3970076550292,304.36,2062.59,42173.38,24.23
PIK,2017-09-27,2017,270,26.95,14.7,0,0.937441192337787,138.699,26.6136332753214,308.22,1671.55,41986.98,20.825
PIK,2017-09-28,2017,271,15.97,7.07,0,0.40222308895776,116.7255,22.2980107740066,259.39,1006.09,41800.76,11.52
PIK,2017-09-29,2017,272,14.73,3.63,9.8,0.440385864067254,104.1795,19.8128003446494,231.51,791.86,41614.76,9.18
PIK,2017-09-30,2017,273,13.35,3.95,0,0.359638296709128,122.319,23.15872109907,271.82,810.06,41429,8.65
PIK,2017-10-01,2017,274,17.26,1.39,0,0.645487706425431,167.103,31.4960557660992,371.34,675.11,41243.52,9.325
PIK,2017-10-02,2017,275,18.94,4.17,0,0.680713237240998,158.4135,29.7241727202063,352.03,822.84,41058.34,11.555
PIK,2017-10-03,2017,276,23.28,8.39,0,0.874536083133694,152.1585,28.421967601714,338.13,1101.34,40873.49,15.835
PIK,2017-10-04,2017,277,23.79,11.3,4.75,0.799919355576544,100.368,18.6633113062752,223.04,1338.85,40689.02,17.545
PIK,2017-10-05,2017,278,20.74,7.51,0.77,0.702355989577722,141.1245,26.1232140809871,313.61,1036.99,40504.94,14.125
PIK,2017-10-06,2017,279,19,11.1,3.56,0.43514292084544,70.5555,13.0011417090391,156.79,1320.89,40321.29,15.05
PIK,2017-10-07,2017,280,23.37,15.01,9.29,0.579078476404993,70.731,12.9742695689337,157.18,1706.07,40138.11,19.19
PIK,2017-10-08,2017,281,23.46,15.45,5.43,0.562708500359268,67.509,12.3268915509246,150.02,1754.65,39955.42,19.455
PIK,2017-10-09,2017,282,22.01,12.01,6.9,0.617948778159461,82.9035,15.0688588327636,184.23,1402.63,39773.27,17.01
PIK,2017-10-10,2017,283,20.58,8.52,0.85,0.653229955140795,128.718,23.2894656111294,286.04,1110.95,39591.69,14.55
PIK,2017-10-11,2017,284,10.43,6.08,9.59,0.16048863699073,42.57,7.667152635879,94.6,940.04,39410.71,8.255
PIK,2017-10-12,2017,285,14.24,5.81,0,0.34899526281246,103.464,18.5493146776776,229.92,922.25,39230.37,10.025
PIK,2017-10-13,2017,286,16.12,12.3,1.03,0.198364333310745,49.653,8.8611610095891,110.34,1429.91,39050.71,14.21
PIK,2017-10-14,2017,287,17.71,11.95,10.08,0.312124856675459,54.6255,9.7038892192716,121.39,1396.85,38871.76,14.83
PIK,2017-10-15,2017,288,22.08,8.06,6.22,0.787022341810688,104.2155,18.428386731611,231.59,1076.56,38693.57,15.07
PIK,2017-10-16,2017,289,8.29,0.83,0,0.22189401794822,96.948,17.0646844471848,215.44,648.78,38516.18,4.56
PIK,2017-10-17,2017,290,18.21,0.59,0,0.72497949848567,153.4995,26.8949711407955,341.11,637.35,38339.63,9.4
PIK,2017-10-18,2017,291,20.32,6.9,0,0.692371092184194,133.668,23.312935829502,297.04,994.58,38163.95,13.61
PIK,2017-10-19,2017,292,19.71,8.27,0,0.599386107214249,120.1455,20.858537628702,266.99,1092.13,37989.2,13.99
PIK,2017-10-20,2017,293,20.4,5.93,0,0.730766985492422,134.9145,23.3154475608663,299.81,929.98,37815.42,13.165
PIK,2017-10-21,2017,294,19.75,8.59,0,0.590548511049902,115.029,19.7880834879045,255.62,1115.77,37642.65,14.17
PIK,2017-10-22,2017,295,22.46,9.26,0,0.772397030582948,123.975,21.229751224305,275.5,1167.66,37470.94,15.86
PIK,2017-10-23,2017,296,19.17,12.14,8.75,0.400159213122171,58.689,10.0042741378809,130.42,1414.46,37300.33,15.655
PIK,2017-10-24,2017,297,15.37,9.91,2.45,0.261000138640217,48.366,8.2071356893056,107.48,1219.79,37130.88,12.64
PIK,2017-10-25,2017,298,10.8,3,0,0.267807858770574,92.2455,15.5820420411084,204.99,757.5,36962.64,6.9
PIK,2017-10-26,2017,299,10.3,-0.83,0,0.338239565891828,118.6605,19.9534893365903,263.69,574.75,36795.65,4.735
PIK,2017-10-27,2017,300,13.56,0.54,1.01,0.457686418015388,126.081,21.1058286413949,280.18,635.25,36629.97,7.05
PIK,2017-10-28,2017,301,12.15,3.46,6.42,0.315652601291831,72.1575,12.0249078368265,160.35,782.54,36465.66,7.805
PIK,2017-10-29,2017,302,6.8,1.83,1.24,0.144833653955644,60.8445,10.0943196127538,135.21,697.16,36302.75,4.315
PIK,2017-10-30,2017,303,7.88,3.82,0,0.129565782886684,50.148,8.2827361631952,111.44,803,36141.32,5.85
PIK,2017-10-31,2017,304,7.75,1.56,0,0.184995378414666,75.555,12.4238897267535,167.9,683.45,35981.41,4.655
PIK,2017-11-01,2017,305,6.93,1.72,5.75,0.152224924214505,49.0635,8.03226022530255,109.03,691.46,35823.09,4.325
PIK,2017-11-02,2017,306,14.15,4.33,14.05,0.389516147984424,78.696,12.8270933722152,174.88,831.91,35666.41,9.24
PIK,2017-11-03,2017,307,9.86,1.3,2.48,0.272023371473448,73.0845,11.860681433666,162.41,670.77,35511.43,5.58
PIK,2017-11-04,2017,308,6.74,-1.34,2.86,0.214812492817679,70.956,11.4655718125224,157.68,553.71,35358.22,2.7
PIK,2017-11-05,2017,309,14.1,4.82,8.2,0.372224465317124,74.268,11.9493656865108,165.04,861.08,35206.83,9.46
PIK,2017-11-06,2017,310,9.19,2.26,0,0.221012233876389,81.6165,13.0759388130546,181.37,718.89,35057.32,5.725
PIK,2017-11-07,2017,311,6.47,-0.4,0,0.185964595385379,81.333,12.9756755979837,180.74,593.21,34909.77,3.035
PIK,2017-11-08,2017,312,7.47,-2.36,0,0.260013026487709,103.572,16.4547410578488,230.16,513.65,34764.22,2.555
PIK,2017-11-09,2017,313,7.3,-5.76,2.59,0.312149260075379,87.336,13.8180288377952,194.08,397.7,34620.76,0.77
PIK,2017-11-10,2017,314,-5.45,-12.77,0,0.0898273435522366,84.8475,13.369508884278,188.55,229,34479.44,-9.11
PIK,2017-11-11,2017,315,-1.06,-11.03,0,0.15141346861577,102.5145,16.0881446422175,227.81,263.51,34340.33,-6.045
PIK,2017-11-12,2017,316,3.77,-2.82,0,0.15203987549162,73.764,11.5300471001652,163.92,496.18,34203.49,0.475
PIK,2017-11-13,2017,317,4.04,0.26,0,0.0965266186134139,44.0415,6.857055876195,97.87,622.25,34069,2.15
PIK,2017-11-14,2017,318,5.69,-0.26,0,0.157563485116518,67.212,10.4240249803728,149.36,599.36,33936.92,2.715
PIK,2017-11-15,2017,319,6.95,-0.76,3.22,0.209910716536025,60.9705,9.41991164890605,135.49,577.75,33807.33,3.095
PIK,2017-11-16,2017,320,6.94,-0.42,2.27,0.202339928134006,59.562,9.1677163067352,132.36,592.23,33680.28,3.26
PIK,2017-11-17,2017,321,2.17,-4.52,1.74,0.139055433856707,75.987,11.6526242689515,168.86,436.71,33555.85,-1.175
PIK,2017-11-18,2017,322,6.16,0.13,13.88,0.164150004203913,51.4305,7.85826578420235,114.29,616.47,33434.11,3.145
PIK,2017-11-19,2017,323,1.61,-3.56,3.46,0.108648447533246,46.548,7.0869375803232,103.44,469.45,33315.12,-0.975
PIK,2017-11-20,2017,324,4.55,-4.56,0,0.204769613848478,93.5055,14.1865797958582,207.79,435.62,33198.95,-0.005
PIK,2017-11-21,2017,325,10.67,1.35,0,0.304643056658744,92.205,13.941539618508,204.9,673.1,33085.68,6.01
PIK,2017-11-22,2017,326,0.95,-4.01,0,0.100386418265191,59.787,9.0097451668224,132.86,454.06,32975.36,-1.53
PIK,2017-11-23,2017,327,2.48,-3.61,0,0.131339272486572,70.065,10.524262255164,155.7,467.84,32868.08,-0.565
PIK,2017-11-24,2017,328,9.73,-0.46,1.13,0.30699455769433,94.0275,14.0788294680757,208.95,590.46,32763.89,4.635
PIK,2017-11-25,2017,329,8.42,1.91,0.84,0.200697071253586,71.118,10.6157319580836,158.04,700.93,32662.86,5.165
PIK,2017-11-26,2017,330,3.27,-2.69,0,0.135535200463181,68.3595,10.1734196711499,151.91,501.25,32565.06,0.29
PIK,2017-11-27,2017,331,3.35,-3.87,0,0.158931182343261,78.5655,11.6583634413909,174.59,458.93,32470.54,-0.26
PIK,2017-11-28,2017,332,15.29,-2.9,0,0.620594643260394,103.9635,15.383875435051,231.03,493.31,32379.39,6.195
PIK,2017-11-29,2017,333,8.33,-1.55,0,0.275289503783607,88.4205,13.0484603026134,196.49,545.31,32291.64,3.39
PIK,2017-11-30,2017,334,5.17,-3.01,3.26,0.196460504153744,58.986,8.6820152412276,131.08,489.4,32207.38,1.08
PIK,2017-12-01,2017,335,5.29,0.38,0,0.130949070508107,52.3395,7.68442208537475,116.31,627.7,32126.65,2.835
PIK,2017-12-02,2017,336,7.31,-1.35,0,0.234739694236153,80.6265,11.8090619683285,179.17,553.15,32049.51,2.98
PIK,2017-12-03,2017,337,6.29,-2.01,0,0.213375814363452,78.1695,11.4229447662784,173.71,526.85,31976.03,2.14
PIK,2017-12-04,2017,338,8.73,-1.25,5.63,0.284473612585387,63.504,9.259617465,141.12,557.23,31906.25,3.74
PIK,2017-12-05,2017,339,10.23,1.39,5.82,0.284700572217892,58.5225,8.5155975865215,130.05,675.48,31840.22,5.81
PIK,2017-12-06,2017,340,1.61,-3.05,0,0.0993654626257348,49.347,7.1664385194621,109.66,487.84,31777.99,-0.72
PIK,2017-12-07,2017,341,-0.08,-3.55,0,0.0689893053030997,37.908,5.4950930121672,84.24,469.95,31719.62,-1.815
PIK,2017-12-08,2017,342,0.18,-4.74,0,0.0949574729404145,52.776,7.6371985888848,117.28,429.66,31665.14,-2.28
PIK,2017-12-09,2017,343,0.72,-4.27,0,0.099429279688628,54.2655,7.840210088691,120.59,445.25,31614.6,-1.775
PIK,2017-12-10,2017,344,-2.52,-6.67,1.47,0.0690716025773414,51.7995,7.4729037040686,115.11,370.66,31568.04,-4.595
PIK,2017-12-11,2017,345,-5.04,-11.04,4.98,0.0791023278953795,53.9055,7.7662481299425,119.79,263.26,31525.5,-8.04
PIK,2017-12-12,2017,346,-3.86,-11.22,2.69,0.100502038312298,62.1765,8.946924151635,138.17,259.51,31487,-7.54
PIK,2017-12-13,2017,347,-9.42,-15.9,0,0.0621325022396088,76.4955,10.995328912748,169.99,176.9,31452.57,-12.66
PIK,2017-12-14,2017,348,-8.39,-18.48,0,0.0919930625141422,98.3745,14.1265514618109,218.61,142.29,31422.26,-13.435
PIK,2017-12-15,2017,349,-5.19,-13.9,5.22,0.103960134590842,67.7295,9.7178344576452,150.51,208.85,31396.08,-9.545
PIK,2017-12-16,2017,350,-4.92,-13.05,4.19,0.100861558154225,65.079,9.3309855516612,144.62,223.74,31374.04,-8.985
PIK,2017-12-17,2017,351,-6.83,-18.36,2.64,0.112078357452398,76.356,10.9416424339656,169.68,143.78,31356.18,-12.595
PIK,2017-12-18,2017,352,3.06,-9.47,3.46,0.231738704214199,76.6845,10.9839216115125,170.41,298.07,31342.5,-3.205
PIK,2017-12-19,2017,353,5.22,0.08,0,0.135296934591243,57.8925,8.2897371517995,128.65,614.45,31333.02,2.65
PIK,2017-12-20,2017,354,-0.3,-5.42,0,0.0953579108551451,59.6655,8.5421766883329,132.59,407.88,31327.74,-2.86
PIK,2017-12-21,2017,355,-4.9,-8.65,5.39,0.0539936825566077,34.6905,4.96639195455195,77.09,317.96,31326.67,-6.775
PIK,2017-12-22,2017,356,-6.02,-9.03,2.38,0.0414525955985823,28.6695,4.10481964422315,63.71,308.52,31329.81,-7.525
PIK,2017-12-23,2017,357,-1.58,-7.7,1.95,0.101449251352928,71.5815,10.2512421264533,159.07,342.35,31337.15,-4.64
PIK,2017-12-24,2017,358,-2.83,-9.06,5.93,0.0946883444679319,55.08,7.89095682972,122.4,307.88,31348.7,-5.945
PIK,2017-12-25,2017,359,-4.51,-10.26,2.32,0.0793509865348073,52.1685,7.47759516769935,115.93,280.02,31364.43,-7.385
PIK,2017-12-26,2017,360,-10.99,-15.99,0,0.0452501955953422,63.297,9.0784658729115,140.66,175.61,31384.35,-13.49
PIK,2017-12-27,2017,361,-12.76,-20.59,0,0.056163502959238,89.091,12.7878084862254,197.98,118.64,31408.42,-16.675
PIK,2017-12-28,2017,362,-15.15,-26.46,0,0.0599426151490317,107.091,15.3852761490768,237.98,70.17,31436.64,-20.805
PIK,2017-12-29,2017,363,-9.91,-20.13,1.58,0.0830890067938122,103.392,14.8691336403168,229.76,123.51,31468.97,-15.02
PIK,2017-12-30,2017,364,-8.16,-19.45,0,0.100558378124496,106.7445,15.369038738271,237.21,130.97,31505.4,-13.805
PIK,2017-12-31,2017,365,-15.35,-24.41,0,0.0512093866669365,98.01,14.129583942573,217.8,84.58,31545.89,-19.88
PIK,2018-01-01,2018,1,-9.39,-25.16,0.83,0.111323334216112,110.0025,15.8809655968335,244.45,79.02,31590.62,-17.275
PIK,2018-01-02,2018,2,-7.43,-18.61,0,0.105346238252563,99.396,14.3717631794352,220.88,140.71,31639.16,-13.02
PIK,2018-01-03,2018,3,-7.17,-13.45,1.77,0.0709277678992657,68.238,9.882966894039,151.64,216.62,31691.65,-10.31
PIK,2018-01-04,2018,4,-10.19,-20.09,0,0.0797581248300572,94.8915,13.7676824687309,210.87,123.9,31748.07,-15.14
PIK,2018-01-05,2018,5,-18.14,-25.26,0,0.0349379179596995,77.2515,11.2295993676142,171.67,78.33,31808.35,-21.7
PIK,2018-01-06,2018,6,-17.12,-27.05,0,0.0475088864942238,96.5385,14.0615264340842,214.53,66.43,31872.47,-22.085
PIK,2018-01-07,2018,7,-2.44,-23.01,5.58,0.207922248470453,87.1335,12.7186583683352,193.63,95.91,31940.37,-12.725
PIK,2018-01-08,2018,8,1.22,-5.49,4.51,0.131147252203975,54.4095,7.95982661046585,120.91,405.7,32011.99,-2.135
PIK,2018-01-09,2018,9,-0.61,-2.51,0,0.0385003206049472,24.201,3.5488083891753,53.78,507.87,32087.29,-1.56
PIK,2018-01-10,2018,10,5.08,-6.31,2.43,0.248022290858496,76.6305,11.2646547942147,170.29,381.15,32166.22,-0.615
PIK,2018-01-11,2018,11,10.29,2.41,15.2,0.261928390615719,60.4125,8.9033863705875,134.25,726.26,32248.7,6.35
PIK,2018-01-12,2018,12,7.57,-12.42,10.79,0.402945944507891,89.4375,13.2161417218125,198.75,235.5,32334.7,-2.425
PIK,2018-01-13,2018,13,-13.54,-18.71,0,0.0386632058957449,62.9235,9.3238985059353,139.83,139.56,32424.14,-16.125
PIK,2018-01-14,2018,14,-7.96,-19.67,1.4,0.10435528149975,111.312,16.5412473684048,247.36,128.53,32516.97,-13.815
PIK,2018-01-15,2018,15,-9.36,-13.64,4.06,0.0446720840829556,40.203,5.9919338535552,89.34,213.23,32613.12,-11.5
PIK,2018-01-16,2018,16,-4.66,-11.72,1.37,0.0921879335957371,83.3805,12.465073082029,185.29,249.32,32712.53,-8.19
PIK,2018-01-17,2018,17,-4.74,-14.01,0,0.112076344304584,101.529,15.2258157552042,225.62,206.99,32815.14,-9.375
PIK,2018-01-18,2018,18,-4.44,-9.27,0,0.0691022741141762,61.3575,9.23113622428425,136.35,302.81,32920.87,-6.855
PIK,2018-01-19,2018,19,1.54,-7.88,0,0.17297156115904,103.1535,15.5705613999417,229.23,337.58,33029.66,-3.17
PIK,2018-01-20,2018,20,5.31,-0.61,0,0.153434799166864,72.4815,10.9777889773597,161.07,584.06,33141.45,2.35
PIK,2018-01-21,2018,21,4.74,-1.76,1.39,0.159711129468502,79.299,12.0519172834731,176.22,536.86,33256.17,1.49
PIK,2018-01-22,2018,22,3.63,0.2,12.53,0.0860027065997975,33.5385,5.1152246679843,74.53,619.85,33373.74,1.915
PIK,2018-01-23,2018,23,5.97,-4.46,2.93,0.246988232726861,82.944,12.696075260928,184.32,438.84,33494.1,0.755
PIK,2018-01-24,2018,24,-7.43,-13.74,0,0.0698440067641692,82.2105,12.6300450131222,182.69,211.62,33617.19,-10.585
PIK,2018-01-25,2018,25,-3.94,-13.14,0,0.117755019891085,108.756,16.7707396545156,241.68,222.27,33742.93,-8.54
PIK,2018-01-26,2018,26,4.23,-5.85,0,0.215832892783795,113.616,17.5868038458,252.48,394.91,33871.25,-0.81
PIK,2018-01-27,2018,27,7.93,-1.08,0,0.251244560469827,105.8445,16.4471245254792,235.21,564.24,34002.08,3.425
PIK,2018-01-28,2018,28,3.09,-4.42,0,0.161308891690714,96.0345,14.9812470907344,213.41,440.2,34135.36,-0.665
PIK,2018-01-29,2018,29,-3.38,-7.89,4.06,0.0699386078279479,47.799,7.4862106163586,106.22,337.4,34271.02,-5.635
PIK,2018-01-30,2018,30,-8.74,-16.7,0,0.0760095322848627,105.282,16.5554980932726,233.96,165.49,34408.99,-12.72
PIK,2018-01-31,2018,31,1.01,-17.15,2.97,0.249320238125762,108.441,17.1217375289577,240.98,159.4,34549.21,-8.07
PIK,2018-02-01,2018,32,4.2,-8.38,0,0.250053009206765,134.163,21.270284127756,298.14,324.83,34691.6,-2.09
PIK,2018-02-02,2018,33,-10.62,-18.54,0,0.066174010477321,107.532,17.119199458764,238.96,141.61,34836.1,-14.58
PIK,2018-02-03,2018,34,-2.26,-11.83,3.44,0.135826706614432,90.8775,14.5286504934638,201.95,247.04,34982.65,-7.045
PIK,2018-02-04,2018,35,0.77,-10.22,5.12,0.18291306352255,98.2125,15.7679670419775,218.25,280.96,35131.18,-4.725
PIK,2018-02-05,2018,36,-8.41,-16.3,0,0.0773175978575398,111.141,17.9200468740231,246.98,171.13,35281.63,-12.355
PIK,2018-02-06,2018,37,-4.87,-12.59,1.13,0.0973507653875675,113.3775,18.3595655214877,251.95,232.31,35433.93,-8.73
PIK,2018-02-07,2018,38,-6.06,-14.11,6.11,0.0924932911482632,88.308,14.3621744323068,196.24,205.23,35588.03,-10.085
PIK,2018-02-08,2018,39,-7.36,-15.51,0,0.085312444446948,119.5425,19.5272004551085,265.65,182.73,35743.86,-11.435
PIK,2018-02-09,2018,40,-6.08,-12.16,3.32,0.0744352242600696,72.9315,11.9658139683588,162.07,240.64,35901.36,-9.12
PIK,2018-02-10,2018,41,-5.17,-8.2,4.44,0.0439388567347904,39.9645,6.58600364564955,88.81,329.4,36060.47,-6.685
PIK,2018-02-11,2018,42,-3.03,-8.42,1.4,0.0831826632656054,94.932,15.7141518495336,210.96,323.63,36221.14,-5.725
PIK,2018-02-12,2018,43,-3.78,-12.84,0,0.117810571891967,139.2975,23.1612358499933,309.55,227.71,36383.31,-8.31
PIK,2018-02-13,2018,44,-2.57,-17.42,0,0.175562589237257,168.7905,28.1912921541882,375.09,155.8,36546.92,-9.995
PIK,2018-02-14,2018,45,5.02,-4.81,0,0.223050548529909,143.8875,24.14050579773,319.75,427.34,36711.92,0.105
PIK,2018-02-15,2018,46,7.48,0.85,0,0.192510134961925,110.295,18.588418728219,245.1,649.34,36878.26,4.165
PIK,2018-02-16,2018,47,1.11,-7.21,0,0.1535522398224,134.6985,22.8044056592912,299.33,355.62,37045.87,-3.05
PIK,2018-02-17,2018,48,-1.19,-10.38,0,0.141900889334829,144.4455,24.5660296885632,320.99,277.34,37214.72,-5.785
PIK,2018-02-18,2018,49,2.97,-3.69,0,0.145509840891275,116.0235,19.8224186052262,257.83,465.18,37384.75,-0.36
PIK,2018-02-19,2018,50,5.19,-2.65,14.58,0.190457309038202,97.749,16.7767105949163,217.22,502.65,37555.91,1.27
PIK,2018-02-20,2018,51,13.17,2.57,9.52,0.388367041498206,113.76,19.61423135208,252.8,734.81,37728.15,7.87
PIK,2018-02-21,2018,52,8.29,-1.87,4.94,0.28044021395144,113.4855,19.656770695591,252.19,532.33,37901.43,3.21
PIK,2018-02-22,2018,53,1.64,-4.37,0,0.123120729706788,108.8595,18.9421956302864,241.91,441.87,38075.69,-1.365
PIK,2018-02-23,2018,54,5.15,-3.76,2.73,0.209365127037027,108.6165,18.9868874446886,241.37,462.56,38250.91,0.695
PIK,2018-02-24,2018,55,3.92,-0.67,0,0.113613884886687,87.2145,15.3158675445603,193.81,581.41,38427.02,1.625
PIK,2018-02-25,2018,56,10.49,-0.23,2.16,0.333390857249303,121.275,21.395369457,269.5,600.42,38604,5.13
PIK,2018-02-26,2018,57,6.42,-2.33,0,0.22370367211989,148.3965,26.300724281789,329.77,514.65,38781.79,2.045
PIK,2018-02-27,2018,58,12.19,-1.11,0,0.427595126525378,178.9425,31.860505482201,397.65,562.99,38960.36,5.54
PIK,2018-02-28,2018,59,14.22,1.44,0,0.470355541929552,174.726,31.2529331855412,388.28,677.75,39139.66,7.83
PIK,2018-03-01,2018,60,4.04,-2.45,4.19,0.152651174135209,89.217,16.0314823026423,198.26,510.13,39319.67,0.795
PIK,2018-03-02,2018,61,2.09,-2.15,0,0.0944583969125664,86.157,15.5527607883717,191.46,521.55,39500.33,-0.03
PIK,2018-03-03,2018,62,3.39,-4.06,0,0.163480922024278,142.182,25.7839887757014,315.96,452.23,39681.61,-0.335
PIK,2018-03-04,2018,63,0.62,-5.86,0,0.122680277469124,130.509,23.7756211047324,290.02,394.43,39863.48,-2.62
PIK,2018-03-05,2018,64,0.91,-7.72,0,0.155766482845516,161.847,29.619581112261,359.66,341.8,40045.9,-3.405
PIK,2018-03-06,2018,65,0.86,-3.29,0,0.0857805242453282,91.881,16.8919358395428,204.18,479.12,40228.84,-1.215
PIK,2018-03-07,2018,66,3.21,-1.28,1.75,0.106303352615563,99.576,18.39009224142,221.28,556.32,40412.25,0.965
PIK,2018-03-08,2018,67,-1.02,-3.88,0,0.054823979377267,68.247,12.6614747454948,151.66,458.28,40596.12,-2.45
PIK,2018-03-09,2018,68,2.07,-4.07,1.18,0.12876359853006,135.981,25.342293245868,302.18,451.99,40780.4,-1.0
PIK,2018-03-10,2018,69,0.73,-5.27,0,0.116142992311796,135.9405,25.4494650769101,302.09,412.57,40965.06,-2.27
PIK,2018-03-11,2018,70,1.2,-7.76,0,0.163180022536459,179.1765,33.6951918026784,398.17,340.73,41150.08,-3.28
PIK,2018-03-12,2018,71,-0.58,-6.89,0,0.11082707771117,142.227,26.8670819063799,316.06,364.69,41335.41,-3.735
PIK,2018-03-13,2018,72,1.08,-4.44,2.58,0.110956575472825,95.706,18.1603194561126,212.68,439.34,41521.03,-1.68
PIK,2018-03-14,2018,73,-0.31,-4.89,0,0.0867456647870375,111.5055,21.2530179240342,247.79,424.64,41706.92,-2.6
PIK,2018-03-15,2018,74,3.65,-6.69,0.26,0.21170524808663,199.44,38.183016777624,443.2,370.26,41893.03,-1.52
PIK,2018-03-16,2018,75,-2.07,-9.23,0,0.111046091848709,166.4325,32.0053997782935,369.85,303.84,42079.34,-5.65
PIK,2018-03-17,2018,76,2.54,-6.52,0,0.179289338365916,190.782,36.8504585575668,423.96,375.18,42265.82,-1.99
PIK,2018-03-18,2018,77,6,-8.12,0,0.301850406276007,223.0155,43.2667234387958,495.59,331.33,42452.45,-1.06
PIK,2018-03-19,2018,78,-0.44,-9.98,0,0.153022540631935,198.27,38.635109959941,440.6,286.45,42639.19,-5.21
PIK,2018-03-20,2018,79,2.75,-9.25,0,0.220892970049381,217.1475,42.4989937995907,482.55,303.26,42826.01,-3.25
PIK,2018-03-21,2018,80,4.92,-6.34,0,0.243670266200862,211.941,41.6610107820693,470.98,380.21,43012.89,-0.71
PIK,2018-03-22,2018,81,3.52,-5.75,0,0.194268556957139,195.813,38.658006738918,435.14,397.89,43199.8,-1.115
PIK,2018-03-23,2018,82,3.47,-6.11,0,0.198254527801049,200.8575,39.8254665152925,446.35,387.13,43386.7,-1.32
PIK,2018-03-24,2018,83,1.62,-7.15,0,0.164995501421509,192.5235,38.3374472501241,427.83,357.33,43573.58,-2.765
PIK,2018-03-25,2018,84,4.72,-9.88,0,0.283526533101357,234.8685,46.9701942823085,521.93,288.58,43760.41,-2.58
PIK,2018-03-26,2018,85,8.08,-3.58,0,0.30450844575387,217.116,43.6052365244568,482.48,468.79,43947.14,2.25
PIK,2018-03-27,2018,86,4.09,1.19,4.18,0.07598270945749,56.6775,11.4313602937297,125.95,665.81,44133.77,2.64
PIK,2018-03-28,2018,87,7.88,-0.15,0,0.229227920520479,181.3455,36.7303599864338,402.99,604.25,44320.25,3.865
PIK,2018-03-29,2018,88,5.75,-0.39,14.54,0.162236011659518,114.282,23.2443902356218,253.96,593.77,44506.57,2.68
PIK,2018-03-30,2018,89,4.61,-0.45,0,0.128752285050231,133.6185,27.2909837019906,296.93,590.98,44692.68,2.08
PIK,2018-03-31,2018,90,7.77,-3.48,4.66,0.291391197111111,167.5395,34.3615169692584,372.31,472.43,44878.56,2.145
PIK,2018-04-01,2018,91,1.75,-4.71,0,0.13142371095107,163.926,33.7594618220076,364.28,430.69,45064.18,-1.48
PIK,2018-04-02,2018,92,6.07,-5.1,0,0.260549086287342,225.522,46.6357634799408,501.16,418.15,45249.52,0.485
PIK,2018-04-03,2018,93,4.38,-0.93,19.79,0.132027124432943,103.86,21.565054406106,230.8,570.77,45434.53,1.725
PIK,2018-04-04,2018,94,4.21,-5.12,2.98,0.203923260068328,157.0725,32.74643458944,349.05,417.51,45619.2,-0.455
PIK,2018-04-05,2018,95,0.4,-10.14,0,0.173426603903353,224.2485,46.9401228994446,498.33,282.83,45803.48,-4.87
PIK,2018-04-06,2018,96,2.8,-4.69,1.8,0.158147894848572,182.034,38.2566556844892,404.52,431.18,45987.34,-0.945
PIK,2018-04-07,2018,97,0.39,-6.17,0,0.121800985433372,165.123,34.8410146239036,366.94,385.43,46170.76,-2.89
PIK,2018-04-08,2018,98,0.29,-6.93,0,0.130702395726722,178.3395,37.7787992628555,396.31,363.35,46353.7,-3.32
PIK,2018-04-09,2018,99,3.3,-7.26,0,0.21005185416729,223.821,47.6000273793564,497.38,354.3,46536.12,-1.98
PIK,2018-04-10,2018,100,4.83,-4.09,0,0.205326763544157,183.6765,39.215155788374,408.17,451.24,46717.99,0.37
PIK,2018-04-11,2018,101,4.83,-3.06,1.55,0.187185499658872,169.524,36.3340296902304,376.72,487.45,46899.28,0.885
PIK,2018-04-12,2018,102,10.69,-4.25,3.32,0.419260981766618,169.0605,36.3742669574109,375.69,445.85,47079.94,3.22
PIK,2018-04-13,2018,103,5.78,0.87,18.13,0.134992172925385,84.1185,18.1677391514073,186.93,650.32,47259.94,3.325
PIK,2018-04-14,2018,104,1.72,-5.41,23.01,0.141872071576083,118.584,25.70869962054,263.52,408.38,47439.25,-1.845
PIK,2018-04-15,2018,105,0.64,-5.04,32.71,0.110189736021819,99.3735,21.6250089214689,220.83,420.07,47617.82,-2.2
PIK,2018-04-16,2018,106,2.19,-1.18,19.86,0.0776612499695731,62.649,13.6841665709673,139.22,560.18,47795.61,0.505
PIK,2018-04-17,2018,107,0.74,-2.43,2.47,0.0671686906631251,61.7715,13.5424585133555,137.27,510.75,47972.59,-0.845
PIK,2018-04-18,2018,108,3.86,-0.97,0,0.118010896974388,122.2785,26.906112803309,271.73,569.01,48148.71,1.445
PIK,2018-04-19,2018,109,2.35,-1.88,0,0.0959309473422321,111.7755,24.6845365622172,248.39,531.96,48323.92,0.235
PIK,2018-04-20,2018,110,5.51,-2.87,0,0.204725399794645,193.149,42.8089124344167,429.22,494.23,48498.19,1.32
PIK,2018-04-21,2018,111,12.41,-3.63,0,0.485799995496,240.8175,53.5647036911333,535.15,467.2,48671.47,4.39
PIK,2018-04-22,2018,112,15.21,-2.22,0,0.603447365756423,242.226,54.0686704676904,538.28,518.77,48843.72,6.495
PIK,2018-04-23,2018,113,17.86,-0.59,0,0.72835117963119,242.352,54.2863636837632,538.56,585.13,49014.88,8.635
PIK,2018-04-24,2018,114,15.87,4.73,4.88,0.472075373835675,158.6565,35.6620209275066,352.57,855.39,49184.91,10.3
PIK,2018-04-25,2018,115,10.63,4.07,15.93,0.230969506349917,117.1125,26.41433593626,260.25,816.72,49353.76,7.35
PIK,2018-04-26,2018,116,13.35,1.11,1.09,0.433940578699072,223.515,50.584284615699,496.7,661.78,49521.38,7.23
PIK,2018-04-27,2018,117,14.48,-0.38,1.56,0.526042648410689,236.772,53.7644892175884,526.16,594.05,49687.71,7.05
PIK,2018-04-28,2018,118,6.79,1.3,1.4,0.157969943010482,132.6735,30.2265962504244,294.83,670.71,49852.72,4.045
PIK,2018-04-29,2018,119,8.81,-0.94,0,0.280942009760943,201.897,46.1485316895057,448.66,570.21,50016.33,3.935
PIK,2018-04-30,2018,120,17.31,-0.01,0,0.680874054875022,243.6435,55.8712907169075,541.43,610.41,50178.5,8.65
PIK,2018-05-01,2018,121,24.93,3.19,0,1.19263844460977,245.565,56.492241166719,545.7,765.47,50339.18,14.06
PIK,2018-05-02,2018,122,26.16,11.05,2.81,1.03422741420834,166.1805,38.3506680417467,369.29,1316.77,50498.29,18.605
PIK,2018-05-03,2018,123,21.31,8.63,5.19,0.704843532303724,158.3325,36.653499702495,351.85,1118.98,50655.8,14.97
PIK,2018-05-04,2018,124,23.15,6.15,2.99,0.942176934001016,175.464,40.7443461376824,389.92,944.44,50811.63,14.65
PIK,2018-05-05,2018,125,23.22,4.62,0,0.995996305032716,239.9535,55.8883821915464,533.23,849.07,50965.73,13.92
PIK,2018-05-06,2018,126,19.11,8.25,0,0.558525502067899,192.033,44.8607221292124,426.74,1090.28,51118.04,13.68
PIK,2018-05-07,2018,127,17.2,6.78,0,0.485642569799541,188.0325,44.0554505208773,417.85,986.4,51268.49,11.99
PIK,2018-05-08,2018,128,20.55,4.34,0,0.790373100857114,231.606,54.4218114113226,514.68,832.83,51417.03,12.445
PIK,2018-05-09,2018,129,24.13,7.84,3.76,0.969963935556499,170.001,40.0599809475606,377.78,1060.61,51563.58,15.985
PIK,2018-05-10,2018,130,18.96,7.26,2.94,0.583362457885035,147.132,34.7681701693116,326.96,1019.64,51708.09,13.11
PIK,2018-05-11,2018,131,11.47,2.38,0,0.313784613411678,170.2485,40.3415216503596,378.33,724.6,51850.48,6.925
PIK,2018-05-12,2018,132,16,2.48,0,0.542276488897906,217.6785,51.7198671860715,483.73,730.03,51990.7,9.24
PIK,2018-05-13,2018,133,19.02,3.71,0,0.69953747398669,225.954,53.8285847864904,502.12,796.41,52128.68,11.365
PIK,2018-05-14,2018,134,22.68,5.71,17.19,0.916923863847108,172.5255,41.2073764553619,383.39,915.86,52264.34,14.195
PIK,2018-05-15,2018,135,19.56,9.44,8.97,0.543845544872429,127.935,30.6349529288085,284.3,1181.89,52397.63,14.5
PIK,2018-05-16,2018,136,21.4,5.47,0,0.82088146237114,222.5385,53.4215036294042,494.53,901.14,52528.47,13.435
PIK,2018-05-17,2018,137,23.48,9.54,0,0.847484237983848,201.8115,48.564237414924,448.47,1190.07,52656.8,16.51
PIK,2018-05-18,2018,138,18.05,7.3,1.7,0.521296362268841,172.3725,41.5790407790055,383.05,1022.52,52782.54,12.675
PIK,2018-05-19,2018,139,16.12,10.24,7.07,0.289718836083939,76.0095,18.3774803095265,168.91,1247.49,52905.63,13.18
PIK,2018-05-20,2018,140,18.53,7.51,0,0.546000465759829,174.546,42.29752621572,387.88,1036.77,53026,13.02
PIK,2018-05-21,2018,141,22.27,3.86,5.39,0.938434971681336,174.726,42.4350327769956,388.28,805.1,53143.58,13.065
PIK,2018-05-22,2018,142,16.79,10.17,2.01,0.332583396046677,86.04,20.94131268324,191.2,1241.53,53258.3,13.48
PIK,2018-05-23,2018,143,23.92,9.66,0,0.881530715171286,206.1855,50.2889138210462,458.19,1199.57,53370.09,16.79
PIK,2018-05-24,2018,144,27.69,8.6,0,1.31592382504635,232.3305,56.7812426643765,516.29,1094.91,53478.9,18.145
PIK,2018-05-25,2018,145,28.53,14.98,0,1.09401806040383,188.8605,46.2485000954304,419.69,1701.74,53584.64,21.755
PIK,2018-05-26,2018,146,27.66,15.56,2.29,0.964605872953221,131.292,32.21258837139,291.76,1767.21,53687.25,21.61
PIK,2018-05-27,2018,147,26.66,15.03,0,0.889217897058792,172.557,42.4153796315634,383.46,1707.69,53786.66,20.845
PIK,2018-05-28,2018,148,28.88,15.25,0,1.11872607731601,188.2575,46.3573715867055,418.35,1731.82,53882.82,22.065
PIK,2018-05-29,2018,149,27.39,15.41,0,0.94492257259523,172.998,42.6732032150676,384.44,1749.46,53975.66,21.4
PIK,2018-05-30,2018,150,29.38,16.11,0,1.12816700836934,184.464,45.5769136812528,409.92,1829.56,54065.11,22.745
PIK,2018-05-31,2018,151,28.72,18.78,7.81,0.882610772754652,112.2795,27.7858721674697,249.51,2166.29,54151.11,23.75
PIK,2018-06-01,2018,152,26.25,15.3,0,0.83240434524401,168.3045,41.7138660070997,374.01,1737.75,54233.61,20.775
PIK,2018-06-02,2018,153,21.95,11.19,0,0.649699665198164,172.8225,42.8959802747655,384.05,1329.12,54312.54,16.57
PIK,2018-06-03,2018,154,19.9,10.64,9.74,0.51794469121764,117.9495,29.3166400910378,262.11,1281.33,54387.85,15.27
PIK,2018-06-04,2018,155,17.63,12.47,1.8,0.282536205496455,96.3045,23.9682469718862,214.01,1445.62,54459.48,15.05
PIK,2018-06-05,2018,156,13.43,8.79,0,0.202634770149846,90.9135,22.654750729396,202.03,1131.25,54527.39,11.11
PIK,2018-06-06,2018,157,14.8,8.89,0,0.269915307351263,114.6375,28.6001304202463,254.75,1139.14,54591.51,11.845
PIK,2018-06-07,2018,158,22.91,9.86,0,0.785711345687593,207.8325,51.9079899193403,461.85,1215.87,54651.81,16.385
PIK,2018-06-08,2018,159,23.13,9.65,0,0.812698823146145,212.2515,53.0664007308917,471.67,1199.08,54708.23,16.39
PIK,2018-06-09,2018,160,23.99,9.06,0,0.911193852892993,222.2145,55.6106310411935,493.81,1152.46,54760.73,16.525
PIK,2018-06-10,2018,161,22.7,10.97,0,0.72135210395961,193.653,48.5058954542688,430.34,1309.25,54809.28,16.835
PIK,2018-06-11,2018,162,22.97,9.16,0,0.818996473978367,214.0605,53.6611149245876,475.69,1159.77,54853.83,16.065
PIK,2018-06-12,2018,163,26.04,8.54,0,1.14311382262692,235.071,58.9715987522445,522.38,1094.13,54894.35,17.29
PIK,2018-06-13,2018,164,27.41,15.76,3.83,0.926831420882193,139.4595,35.009042094882,309.91,1789.49,54930.8,21.585
PIK,2018-06-14,2018,165,22.2,12.04,0,0.631945112328451,176.1525,44.246274051483,391.45,1405.39,54963.16,17.12
PIK,2018-06-15,2018,166,24.69,10.08,0,0.934003119991203,219.3795,55.1324252975342,487.51,1234.18,54991.41,17.385
PIK,2018-06-16,2018,167,28.27,10.91,0,1.28886608527727,231.6285,58.23624146522,514.73,1279.15,55015.51,19.59
PIK,2018-06-17,2018,168,30.79,14.49,0,1.41410623775102,219.402,55.182237250113,487.56,1625.77,55035.45,22.64
PIK,2018-06-18,2018,169,30.28,18.5,10.42,1.08645047854748,133.461,33.5766561877917,296.58,2128.88,55051.21,24.39
PIK,2018-06-19,2018,170,22.6,13.26,0,0.6061382575298,160.5735,40.4062185007881,356.83,1522.48,55062.78,17.93
PIK,2018-06-20,2018,171,25.06,11.29,0,0.916983662684403,209.7225,52.780993951842,466.05,1337.52,55070.16,18.175
PIK,2018-06-21,2018,172,22.31,11.53,0,0.664155176667203,180.558,45.4437533023992,401.24,1358.93,55073.32,16.92
PIK,2018-06-22,2018,173,23.81,9.5,2.28,0.878040464033594,161.2665,40.5876042607734,358.37,1186.89,55072.28,16.655
PIK,2018-06-23,2018,174,18.51,15.36,2.52,0.1895425653289,47.385,11.9247350596335,105.3,1744.71,55067.03,16.935
PIK,2018-06-24,2018,175,20.78,14.57,10.38,0.393713770747493,89.199,22.4436364519851,198.22,1658.29,55057.57,17.675
PIK,2018-06-25,2018,176,22.26,10.29,0,0.713834079162041,201.5325,50.695644349818,447.85,1251.51,55043.92,16.275
PIK,2018-06-26,2018,177,22.97,8.25,6.31,0.853902711693382,168.2865,42.3188767931674,373.97,1090.3,55026.09,15.61
PIK,2018-06-27,2018,178,21.51,15.33,2.74,0.40879560146544,89.1135,22.4003397996756,198.03,1740.8,55004.08,18.42
PIK,2018-06-28,2018,179,28.06,17.45,0,0.895883889312584,177.624,44.6278772611224,394.72,1992.28,54977.93,22.755
PIK,2018-06-29,2018,180,30.82,16.59,0,1.27580356806176,208.5525,52.369767348327,463.45,1886.46,54947.64,23.705
PIK,2018-06-30,2018,181,33.7,19.91,0,1.44872390155638,196.8525,49.400825197347,437.45,2324.2,54913.24,26.805
PIK,2018-07-01,2018,182,33.2,21.94,0,1.22187204113407,171.972,43.1267424352308,382.16,2633.09,54874.77,27.57
PIK,2018-07-02,2018,183,32.22,18.23,8.34,1.35651971479241,150.894,37.811528918955,335.32,2092.38,54832.25,25.225
PIK,2018-07-03,2018,184,30.39,14.87,0,1.33363136239533,216.3015,54.155556819652,480.67,1676.53,54785.71,22.63
PIK,2018-07-04,2018,185,32.11,15.75,0,1.52603327323297,216.5535,54.168663038724,481.23,1756.04,54735.2,23.93
PIK,2018-07-05,2018,186,32.92,18.71,22.97,1.42117729234125,146.1645,36.5251970890237,324.81,2156.41,54680.75,25.815
PIK,2018-07-06,2018,187,22.72,14.53,0,0.550335472154868,140.2425,35.00794542924,311.65,1653.59,54622.4,18.625
PIK,2018-07-07,2018,188,26.22,10.22,0,1.07588544209869,220.95,55.0916981883,491,1245.79,54560.2,18.22
PIK,2018-07-08,2018,189,27.98,12.29,0,1.16888957113759,215.2395,53.602920929313,478.31,1429.19,54494.2,20.135
PIK,2018-07-09,2018,190,30.92,13.54,0,1.45639600804105,220.833,54.9255154784364,490.74,1550.81,54424.44,22.23
PIK,2018-07-10,2018,191,27.87,17.28,0,0.885732209149395,163.8585,40.6998261574281,364.13,1970.94,54350.98,22.575
PIK,2018-07-11,2018,192,26.17,12.38,0,0.974799445147518,201.9015,50.0779492405889,448.67,1437.52,54273.87,19.275
PIK,2018-07-12,2018,193,28.29,13.58,0,1.14081445660685,206.9325,51.249470193369,459.85,1554.39,54193.16,20.935
PIK,2018-07-13,2018,194,28.93,18.29,0,0.939980249221455,163.224,40.3616658164256,362.72,2100.34,54108.92,23.61
PIK,2018-07-14,2018,195,26.71,19.25,2.77,0.632142234278304,91.845,22.67440741098,204.1,2230.91,54021.2,22.98
PIK,2018-07-15,2018,196,30.3,17.27,0,1.25673134151954,189.7785,46.7728887979922,421.73,1881.93,53930.07,23.785
PIK,2018-07-16,2018,197,29.07,18.45,20.27,0.944835904133405,123.885,30.479253185331,275.3,2122.26,53835.58,23.76
PIK,2018-07-17,2018,198,25.22,16.26,0,0.675945128612286,151.74,37.264567203522,337.2,1848.26,53737.79,20.74
PIK,2018-07-18,2018,199,23.32,12.72,0,0.69353034024423,177.2775,43.4542757976765,393.95,1469.69,53636.78,18.02
PIK,2018-07-19,2018,200,26.33,11.19,0,1.14122213771503,217.494,53.2086081605838,483.32,1233,53532.61,18.76
PIK,2018-07-20,2018,201,28.54,15.2,0,1.1710843560076,197.9775,48.3369687393863,439.95,1637.91,53425.35,21.87
PIK,2018-07-21,2018,202,25.39,18.49,11.35,0.552592904093677,88.974,21.6784994583708,197.72,2127.43,53315.06,21.94
PIK,2018-07-22,2018,203,22.91,15.76,19.39,0.497663402989649,95.931,23.323917572406,213.18,1790.13,53201.8,19.335
PIK,2018-07-23,2018,204,25.89,18.95,4.76,0.569902024092969,89.397,21.6878432738814,198.66,2189.83,53085.66,22.42
PIK,2018-07-24,2018,205,28.55,20.51,16.35,0.740495350592539,98.595,23.865681652722,219.1,2411.7,52966.68,24.53
PIK,2018-07-25,2018,206,27.2,17.16,0,0.820726305135147,162.864,39.3318949540608,361.92,1956.52,52844.96,22.18
PIK,2018-07-26,2018,207,27.33,14.28,13.6,0.999271635411608,147.492,35.535677277942,327.76,1627.39,52720.55,20.805
PIK,2018-07-27,2018,208,25.18,15.41,4.64,0.721543373491378,121.104,29.1076298681328,269.12,1750.07,52593.51,20.295
PIK,2018-07-28,2018,209,21.56,13.42,3.44,0.513683053410279,107.6535,25.8110203953254,239.23,1538.87,52463.93,17.49
PIK,2018-07-29,2018,210,24.63,11,11.05,0.889189734678564,154.0665,36.8460273855524,342.37,1312.39,52331.87,17.815
PIK,2018-07-30,2018,211,25.52,13.68,0,0.846748140070324,186.9795,44.602485952581,415.51,1565.17,52197.4,19.6
PIK,2018-07-31,2018,212,25.22,15.05,0,0.745106044759691,167.643,39.8850945851358,372.54,1710.35,52060.58,20.135
PIK,2018-08-01,2018,213,25.98,19.53,0,0.539244265524491,112.527,26.7005374964172,250.06,2269.59,51921.48,22.755
PIK,2018-08-02,2018,214,27.16,17.51,0,0.795206641451444,160.9785,38.0932153770141,357.73,1999.66,51780.18,22.335
PIK,2018-08-03,2018,215,27.09,17.26,0,0.802488769831408,165.0825,38.9561445946283,366.85,1969.37,51636.73,22.175
PIK,2018-08-04,2018,216,29.52,17.29,0,1.07254968600634,188.1675,44.27859461832,418.15,1972.84,51491.2,23.405
PIK,2018-08-05,2018,217,31.51,16.26,0,1.38424423187902,207.135,48.6022559283675,460.3,1847.46,51343.65,23.885
PIK,2018-08-06,2018,218,31.53,20.33,23.67,1.11752998387116,128.367,30.0323981668104,285.26,2385.09,51194.16,25.93
PIK,2018-08-07,2018,219,27.18,19.31,7.62,0.677212055346029,103.2345,24.0810477346287,229.41,2239,51042.78,23.245
PIK,2018-08-08,2018,220,25.24,16.93,18.55,0.638705785081406,112.6395,26.1960481880937,250.31,1927.53,50889.58,21.085
PIK,2018-08-09,2018,221,28.26,15.17,2.44,1.05255694530861,149.4495,34.6509377841812,332.11,1723.34,50734.61,21.715
PIK,2018-08-10,2018,222,24.97,13.5,0,0.803475896428948,190.341,43.9956444463578,422.98,1546.84,50577.94,19.235
PIK,2018-08-11,2018,223,26.47,12.79,0,0.985343359472729,207.405,47.7897849558855,460.9,1476.81,50419.63,19.63
PIK,2018-08-12,2018,224,27.7,14.92,0,1.00464718034465,196.677,45.1741434316497,437.06,1695.98,50259.73,21.31
PIK,2018-08-13,2018,225,26.99,15.42,0,0.901430018174544,184.842,42.3194422037814,410.76,1751.29,50098.31,21.205
PIK,2018-08-14,2018,226,29.23,18.47,0,0.962053400959995,171.711,39.1852863295434,381.58,2125.03,49935.42,23.85
PIK,2018-08-15,2018,227,30.05,18.61,0,1.05039578544466,176.589,40.1658695851203,392.42,2144.05,49771.11,24.33
PIK,2018-08-16,2018,228,28.85,17.94,10.91,0.953388744160184,129.06,29.257496854848,286.8,2054.92,49605.44,23.395
PIK,2018-08-17,2018,229,26.78,19.8,21.49,0.600639465318724,91.8495,20.7519030911889,204.11,2308.35,49438.46,23.29
PIK,2018-08-18,2018,230,23.62,15.72,0,0.561935206706126,143.9595,32.4146271989313,319.91,1784.67,49270.22,19.67
PIK,2018-08-19,2018,231,24.31,13.93,0,0.720976236350764,176.958,39.7077055304868,393.24,1590.17,49100.78,19.12
PIK,2018-08-20,2018,232,25.08,15.36,0,0.714796268255296,166.068,37.1346262836444,369.04,1744.53,48930.19,20.22
PIK,2018-08-21,2018,233,23.63,18.02,30.25,0.422510900221395,78.426,17.4753717648336,174.28,2064.91,48758.48,20.825
PIK,2018-08-22,2018,234,20.01,14.06,1.47,0.364190367363143,114.7815,25.4857101182226,255.07,1604.13,48585.72,17.035
PIK,2018-08-23,2018,235,25.78,12.16,0,0.94677712983254,200.601,44.3814799420458,445.78,1416.57,48411.94,18.97
PIK,2018-08-24,2018,236,26.19,14.15,0,0.889064411459973,185.4765,40.887182307906,412.17,1613.07,48237.2,20.17
PIK,2018-08-25,2018,237,23.82,17.73,9.97,0.457725792580488,83.3265,18.3019317935206,185.17,2027.8,48061.53,20.775
PIK,2018-08-26,2018,238,27.4,18.25,0,0.771861294005392,151.7175,33.2010018008955,337.15,2096.05,47884.98,22.825
PIK,2018-08-27,2018,239,26.04,16.81,1.98,0.722990454197604,154.2015,33.6195794629894,342.67,1913.91,47707.59,21.425
PIK,2018-08-28,2018,240,30.51,21.12,0,0.92656288220698,148.0635,32.160784544735,329.03,2504.76,47529.41,25.815
PIK,2018-08-29,2018,241,27.64,17.17,1.02,0.866900195387161,166.2615,35.9775999673259,369.47,1957.96,47350.47,22.405
PIK,2018-08-30,2018,242,18.7,12.21,0,0.364075239498485,123.9795,26.7263354134652,275.51,1421.77,47170.81,15.455
PIK,2018-08-31,2018,243,23.02,12.64,0,0.671299968778656,171.342,36.7950937064112,380.76,1462.4,46990.48,17.83
PIK,2018-09-01,2018,244,27.31,12.58,0,1.08280882621872,198.405,42.442681533075,440.9,1456.59,46809.5,19.945
PIK,2018-09-02,2018,245,28.2,20.88,0,0.672419174402152,120.501,25.6775092147944,267.78,2468.28,46627.92,24.54
PIK,2018-09-03,2018,246,29.94,18.95,0,1.01523757784153,162.7605,34.5470829387484,361.69,2188.8,46445.77,24.445
PIK,2018-09-04,2018,247,27.63,16.3,0,0.919120081487037,170.703,36.0904245128739,379.34,1852.15,46263.09,21.965
PIK,2018-09-05,2018,248,31.79,20.15,1.97,1.16444185595058,163.917,34.5184923761379,364.26,2359.38,46079.91,25.97
PIK,2018-09-06,2018,249,24.67,15.61,0,0.662379264526452,148.599,31.1680390035861,330.22,1772.62,45896.27,20.14
PIK,2018-09-07,2018,250,22.43,11.37,0,0.680737484568948,172.4625,36.0282282551888,383.25,1345.05,45712.19,16.9
PIK,2018-09-08,2018,251,16.49,8.83,0,0.368157933480102,138.4605,28.8083242990242,307.69,1134.58,45527.72,12.66
PIK,2018-09-09,2018,252,14.86,6.96,0,0.343899972636461,143.766,29.7907537013856,319.48,998.42,45342.88,10.91
PIK,2018-09-10,2018,253,15.2,10.29,15.26,0.235568536639043,71.694,14.795540177166,159.32,1251.44,45157.7,12.745
PIK,2018-09-11,2018,254,19.59,12.34,0,0.419629671747131,132.1605,27.1620284415867,293.69,1433.67,44972.22,15.965
PIK,2018-09-12,2018,255,23.76,9.44,0,0.875713773738684,193.6125,39.6274684844475,430.25,1182.41,44786.46,16.6
PIK,2018-09-13,2018,256,25.72,13.13,0,0.89433046903347,178.5555,36.3939144803721,396.79,1509.56,44600.46,19.425
PIK,2018-09-14,2018,257,27.88,17.7,0,0.859860332462308,153.162,31.087769388345,340.36,2024.34,44414.25,22.79
PIK,2018-09-15,2018,258,28.24,17.2,0,0.930797103907009,159.624,32.263406320788,354.72,1961.73,44227.85,22.72
PIK,2018-09-16,2018,259,28.75,16.81,0,1.01217213552558,164.034,33.0149091648402,364.52,1914,44041.29,22.78
PIK,2018-09-17,2018,260,27.17,17.7,0,0.783345771550846,141.9795,28.454895605799,315.51,2024.61,43854.6,22.435
PIK,2018-09-18,2018,261,25.54,14.68,0,0.796878369299393,157.716,31.4741105189784,350.48,1669.24,43667.82,20.11
PIK,2018-09-19,2018,262,19.94,11.43,0,0.486293253668727,139.0455,27.629457788597,308.99,1350.29,43480.97,15.685
PIK,2018-09-20,2018,263,19.69,11.19,0,0.479796811412976,137.394,27.1839387228606,305.32,1328.28,43294.07,15.44
PIK,2018-09-21,2018,264,30.46,12.76,5.71,1.43755025051528,137.043,26.9974327924116,304.54,1473.27,43107.16,21.61
PIK,2018-09-22,2018,265,15.81,6.89,0,0.398959844599434,142.137,27.8795454699834,315.86,993.98,42920.26,11.35
PIK,2018-09-23,2018,266,19.31,4.35,0,0.701262312511932,184.158,35.9645258868246,409.24,832.99,42733.41,11.83
PIK,2018-09-24,2018,267,18.61,6.05,6.61,0.60080406300629,125.811,24.4624459363074,279.58,937.91,42546.62,12.33
PIK,2018-09-25,2018,268,20.45,13.65,8.58,0.417960250167477,78.8895,15.2718180038991,175.31,1561.51,42359.94,17.05
PIK,2018-09-26,2018,269,21.3,10.71,0,0.61938884856301,147.1995,28.3701050533467,327.11,1287.36,42173.38,16.005
PIK,2018-09-27,2018,270,16.78,5.64,0,0.497475940015106,155.0115,29.7436839087339,344.47,911.6,41986.98,11.21
PIK,2018-09-28,2018,271,21.34,8.68,4.34,0.704754523276147,119.6505,22.8567719831166,265.89,1123.29,41800.76,15.01
PIK,2018-09-29,2018,272,15.03,5.31,1.66,0.406710943889917,139.1715,26.4675597710238,309.27,891.2,41614.76,10.17
PIK,2018-09-30,2018,273,11.68,5.58,9.57,0.231025891440629,72.243,13.67780547879,160.54,908.09,41429,8.63
PIK,2018-10-01,2018,274,9.64,6.58,7.64,0.111828564095454,39.438,7.4333880738432,87.64,972.69,41243.52,8.11
PIK,2018-10-02,2018,275,11.13,7.22,6.3,0.152201268583122,48.9015,9.1757118697407,108.67,1016.65,41058.34,9.175
PIK,2018-10-03,2018,276,17.8,9.49,8.51,0.423644651270374,91.7235,17.1332021892685,203.83,1185.75,40873.49,13.645
PIK,2018-10-04,2018,277,19.99,7.69,5.06,0.640723864106737,115.3395,21.4472440858653,256.31,1049.76,40689.02,13.84
PIK,2018-10-05,2018,278,10.98,2.23,0,0.296032816929186,130.8825,24.2273422896435,290.85,716.91,40504.94,6.605
PIK,2018-10-06,2018,279,15.22,7.07,5.83,0.359298007493008,89.8875,16.5634163937788,199.75,1006.55,40321.29,11.145
PIK,2018-10-07,2018,280,13.51,9.17,3.16,0.191829442950923,52.2765,9.58913917688655,116.17,1160.74,40138.11,11.34
PIK,2018-10-08,2018,281,16.22,8.09,3.3,0.380127506512941,88.6275,16.1830508662485,196.95,1078.96,39955.42,12.155
PIK,2018-10-09,2018,282,26.82,12.9,0,1.01626337606641,148.8465,27.0549119910613,330.77,1487.14,39773.27,19.86
PIK,2018-10-10,2018,283,25.93,16.34,0.16,0.740754269099528,117.9765,21.3459627998525,262.17,1857.12,39591.69,21.135
PIK,2018-10-11,2018,284,21.36,9.91,0,0.658379685583327,136.476,24.5802753848772,303.28,1219.61,39410.71,15.635
PIK,2018-10-12,2018,285,9.51,4.17,1.65,0.181653929686955,81.4005,14.5937088206555,180.89,822.78,39230.37,6.84
PIK,2018-10-13,2018,286,8.98,1.33,0,0.236410424508604,111.6855,19.9315891876919,248.19,672.23,39050.71,5.155
PIK,2018-10-14,2018,287,14.14,-0.47,2.13,0.510013367148728,116.415,20.680419647628,258.7,590.24,38871.76,6.835
PIK,2018-10-15,2018,288,12.11,2.88,3.61,0.329375011527954,91.9755,16.263992245235,204.39,751.25,38693.57,7.495
PIK,2018-10-16,2018,289,11.05,0.46,0,0.341761117727635,133.9875,23.5843380716175,297.75,631.48,38516.18,5.755
PIK,2018-10-17,2018,290,7.76,0.58,1.89,0.208393099266098,102.5055,17.96020484935,227.79,637.16,38339.63,4.17
PIK,2018-10-18,2018,291,6.51,-2.45,0,0.228894436387911,120.9915,21.1020369528622,268.87,510.17,38163.95,2.03
PIK,2018-10-19,2018,292,13.88,2.15,0,0.434816788294742,135.6705,23.553842876802,301.49,713.29,37989.2,8.015
PIK,2018-10-20,2018,293,11.39,3.33,0,0.284587391678407,106.8525,18.4658717965635,237.45,775.46,37815.42,7.36
PIK,2018-10-21,2018,294,4.21,-1.24,0,0.133566353111939,80.829,13.9047631488045,179.62,557.89,37642.65,1.485
PIK,2018-10-22,2018,295,9.69,0.63,3.56,0.280884608190645,87.57,14.995679086206,194.6,639.24,37470.94,5.16
PIK,2018-10-23,2018,296,8.06,0.49,5.91,0.221593965165293,77.9355,13.2850808000276,173.19,632.76,37300.33,4.275
PIK,2018-10-24,2018,297,4.26,0.73,0,0.0921780509086032,54.756,9.2914427863296,121.68,643.68,37130.88,2.495
PIK,2018-10-25,2018,298,6.82,-1.33,0,0.217281828751315,110.0655,18.5921833398444,244.59,554.15,36962.64,2.745
PIK,2018-10-26,2018,299,6.19,2.05,0,0.119297440502849,62.424,10.496977666092,138.72,707.93,36795.65,4.12
PIK,2018-10-27,2018,300,5.59,0.13,7.62,0.145741365898759,60.426,10.1152497321954,134.28,616.63,36629.97,2.86
PIK,2018-10-28,2018,301,4.09,-0.21,1.09,0.108369787200355,66.4335,11.0710143058977,147.63,601.41,36465.66,1.94
PIK,2018-10-29,2018,302,6.03,0.2,0,0.158429128047665,86.391,14.3325750998925,191.98,619.54,36302.75,3.115
PIK,2018-10-30,2018,303,10.81,-2.61,8.15,0.39533924563825,100.1925,16.548377662737,222.65,503.97,36141.32,4.1
PIK,2018-10-31,2018,304,11.93,3.17,9.66,0.313510716593006,80.469,13.2319235314953,178.82,766.59,35981.41,7.55
PIK,2018-11-01,2018,305,7.24,2.8,25.67,0.135137895453766,46.8045,7.66243589868585,104.01,746.86,35823.09,5.02
PIK,2018-11-02,2018,306,4.45,2.45,6.7,0.0549189606549387,23.283,3.7950240798171,51.74,728.67,35666.41,3.45
PIK,2018-11-03,2018,307,5.14,-0.04,2.46,0.135670915156394,55.17,8.953386760467,122.6,608.96,35511.43,2.55
PIK,2018-11-04,2018,308,6.91,-1.83,1.18,0.230582308562573,107.8065,17.4201359660451,239.57,533.91,35358.22,2.54
PIK,2018-11-05,2018,309,9.84,4.38,3.53,0.188602928048811,55.44,8.920030614264,123.2,835.2,35206.83,7.11
PIK,2018-11-06,2018,310,14.26,7.47,6,0.29386215343541,63.45,10.16544837978,141,1034.13,35057.32,10.865
PIK,2018-11-07,2018,311,7.81,3.56,0.83,0.134406502581663,58.8285,9.38536057831365,130.73,788.36,34909.77,5.685
PIK,2018-11-08,2018,312,5.54,0.48,0,0.136177542566565,70.713,11.2343500600902,157.14,632.53,34764.22,3.01
PIK,2018-11-09,2018,313,2.48,-1.32,18.61,0.0879141169536811,41.481,6.5629941172092,92.18,554.52,34620.76,0.58
PIK,2018-11-10,2018,314,1.48,-3.91,0,0.111585946356127,76.6665,12.0804201994932,170.37,457.26,34479.44,-1.215
PIK,2018-11-11,2018,315,1.94,-4.6,0,0.13429355499457,87.7635,13.7731919124344,195.03,434.35,34340.33,-1.33
PIK,2018-11-12,2018,316,4.71,-1.51,2.41,0.153727977905258,62.0055,9.69207656132115,137.79,546.93,34203.49,1.6
PIK,2018-11-13,2018,317,0.51,-4.99,2.08,0.106368327065437,57.8475,9.006585602175,128.55,421.7,34069,-2.24
PIK,2018-11-14,2018,318,-2.84,-9.35,0,0.0979964564928746,88.569,13.7363189383836,196.82,300.92,33936.92,-6.095
PIK,2018-11-15,2018,319,-0.06,-8.45,10.71,0.142965862273918,85.041,13.1387918179221,188.98,323.08,33807.33,-4.255
PIK,2018-11-16,2018,320,1.69,-1.09,7.38,0.0630692491199866,34.7265,5.3450639724294,77.17,564.09,33680.28,0.3
PIK,2018-11-17,2018,321,1.6,-3,0,0.0982695251361234,73.899,11.3324289793155,164.22,489.6,33555.85,-0.7
PIK,2018-11-18,2018,322,0.55,-6.55,0,0.131216004396581,102.951,15.7302830178477,228.78,374.14,33434.11,-3.0
PIK,2018-11-19,2018,323,3.16,-3.73,0.86,0.15135685209376,99.2655,15.1131821427252,220.59,463.75,33315.12,-0.285
PIK,2018-11-20,2018,324,-0.08,-5.93,0.51,0.107760367321487,88.6185,13.4451280581278,196.93,392.52,33198.95,-3.005
PIK,2018-11-21,2018,325,-0.82,-13.41,1.54,0.179651239090305,124.839,18.8758512492264,277.42,217.26,33085.68,-7.115
PIK,2018-11-22,2018,326,-7.3,-16.85,0,0.0957932212627486,115.6365,17.4261193400448,256.97,163.37,32975.36,-12.075
PIK,2018-11-23,2018,327,0.99,-12.3,0,0.20955268584168,122.5665,18.4103616598524,272.37,237.94,32868.08,-5.655
PIK,2018-11-24,2018,328,4.38,-2.26,4.68,0.158917879946335,66.3435,9.93367709250255,147.43,517.3,32763.89,1.06
PIK,2018-11-25,2018,329,5.8,1.27,2.92,0.12580824970726,47.997,7.1644771617894,106.66,669.63,32662.86,3.535
PIK,2018-11-26,2018,330,5.54,0.55,24.2,0.134780290065787,51.759,7.7028946782678,115.02,635.53,32565.06,3.045
PIK,2018-11-27,2018,331,0.97,-2.44,2.43,0.0727414703895854,33.5835,4.9834679170113,74.63,510.37,32470.54,-0.735
PIK,2018-11-28,2018,332,0.83,-3,1.08,0.0797524397602306,49.7475,7.36132722739425,110.55,489.68,32379.39,-1.085
PIK,2018-11-29,2018,333,1.85,-1.68,0,0.0793767552354819,47.2275,6.969494166417,104.95,539.8,32291.64,0.085
PIK,2018-11-30,2018,334,0.79,-1.75,0,0.0549462298166171,35.208,5.1821854781328,78.24,537.29,32207.38,-0.48
PIK,2018-12-01,2018,335,2.84,-0.78,4.23,0.0859262900793236,36.063,5.2947260418015,80.14,577.13,32126.65,1.03
PIK,2018-12-02,2018,336,9.62,1.81,7.41,0.249698295989745,61.92,9.069190862544,137.6,695.88,32049.51,5.715
PIK,2018-12-03,2018,337,4.99,-2.36,2.08,0.178814290037763,60.246,8.8037755184466,133.88,513.65,31976.03,1.315
PIK,2018-12-04,2018,338,-2.07,-7.64,0,0.0909330206855419,68.841,10.0378137740625,152.98,344.02,31906.25,-4.855
PIK,2018-12-05,2018,339,0.33,-9.9,1.19,0.169119740753038,105.003,15.2789660964162,233.34,288.26,31840.22,-4.785
PIK,2018-12-06,2018,340,0.68,-5.37,1.11,0.116523390528366,78.8625,11.4528392352338,175.25,409.47,31777.99,-2.345
PIK,2018-12-07,2018,341,-5.58,-12.94,2.55,0.0894659112515833,67.194,9.7403524284996,149.32,225.79,31719.62,-9.26
PIK,2018-12-08,2018,342,-1.75,-8.27,0,0.105369911031255,82.2555,11.9031678893439,182.79,327.63,31665.14,-5.01
PIK,2018-12-09,2018,343,-0.54,-6.92,0,0.112131281116339,79.7535,11.522683755027,177.23,363.82,31614.6,-3.73
PIK,2018-12-10,2018,344,-0.16,-3.52,0,0.0667483249861932,46.0125,6.638036693085,102.25,470.96,31568.04,-1.84
PIK,2018-12-11,2018,345,-1.5,-4.27,0.63,0.0514454057456651,38.8305,5.5943697398175,86.29,445.24,31525.5,-2.885
PIK,2018-12-12,2018,346,-0.46,-5.33,0,0.09031871266505,64.917,9.34127001603,144.26,410.86,31487,-2.895
PIK,2018-12-13,2018,347,0.62,-4.33,1.41,0.0982240359613964,65.4165,9.40285289750085,145.37,443.14,31452.57,-1.855
PIK,2018-12-14,2018,348,3.39,-2.67,4.8,0.138790140946182,50.8365,7.3001075826393,112.97,501.65,31422.26,0.36
PIK,2018-12-15,2018,349,3.06,-1.08,0,0.0984747974609601,50.463,7.2404355596328,112.14,564.2,31396.08,0.99
PIK,2018-12-16,2018,350,3.11,-2.98,0,0.136734650900467,68.418,9.8097292440504,152.04,490.37,31374.04,0.065
PIK,2018-12-17,2018,351,1.26,-3.82,0,0.104724905715377,59.7285,8.5589592188841,132.73,460.35,31356.18,-1.28
PIK,2018-12-18,2018,352,-2.8,-8.25,0,0.0851363182685812,64.1925,9.1946271808125,142.65,328.05,31342.5,-5.525
PIK,2018-12-19,2018,353,5.77,-5.89,0,0.263101612358004,92.2455,13.2088085405937,204.99,393.78,31333.02,-0.06
PIK,2018-12-20,2018,354,4.95,-2.36,11.16,0.177922887679688,56.277,8.0570526935886,125.06,513.33,31327.74,1.295
PIK,2018-12-21,2018,355,4.1,-1.31,6.9,0.132060638976126,46.5165,6.65943619590135,103.37,554.8,31326.67,1.395
PIK,2018-12-22,2018,356,-2.35,-4.58,0,0.0399253333942605,29.3805,4.20661865596185,65.29,435,31329.81,-3.465
PIK,2018-12-23,2018,357,-0.98,-3.75,1.97,0.0533287479816504,37.0935,5.31218890100925,82.43,462.85,31337.15,-2.365
PIK,2018-12-24,2018,358,0.57,-3.57,1.05,0.0839364609224331,53.7075,7.6943275949925,119.35,469.28,31348.7,-1.5
PIK,2018-12-25,2018,359,-0.61,-5.13,0,0.0841290275864108,58.248,8.3490030061848,129.44,416.98,31364.43,-2.87
PIK,2018-12-26,2018,360,0.71,-7.23,0,0.144455054353909,84.312,12.092573339604,187.36,355.05,31384.35,-3.26
PIK,2018-12-27,2018,361,3.72,-11.21,5.6,0.269008762103176,80.874,11.6083692349956,179.72,259.7,31408.42,-3.745
PIK,2018-12-28,2018,362,10.18,-0.17,3.3,0.318786157420411,73.3545,10.5385068705816,163.01,603.37,31436.64,5.005
PIK,2018-12-29,2018,363,0.62,-8.5,1.42,0.158994781976184,97.263,13.9877025810327,216.14,321.76,31468.97,-3.94
PIK,2018-12-30,2018,364,-0.56,-8.57,1.59,0.133662160814928,91.1475,13.123387700505,202.55,320.02,31505.4,-4.565
PIK,2018-12-31,2018,365,4.45,-5.02,12.17,0.209537370615841,71.9955,10.3792109043722,159.99,420.47,31545.89,-0.285
PIK,2019-01-01,2019,1,2.52,-7.65,0,0.194471269716239,89.658,12.9438477623772,199.24,343.83,31590.62,-2.565
PIK,2019-01-02,2019,2,-1.99,-12.85,4.12,0.150846572131692,70.587,10.2062421782244,156.86,227.46,31639.16,-7.42
PIK,2019-01-03,2019,3,-0.2,-4.29,0,0.0791386732608616,43.434,6.290582726277,96.52,444.48,31691.65,-2.245
PIK,2019-01-04,2019,4,6.32,-2.62,0,0.22596450092767,83.178,12.0681862167222,184.84,503.62,31748.07,1.85
PIK,2019-01-05,2019,5,2.19,-2.8,0,0.109316814115682,52.371,7.6128663971745,116.38,496.97,31808.35,-0.305
PIK,2019-01-06,2019,6,1.84,-7.71,0,0.178115755546229,88.956,12.9570808068324,197.68,342.08,31872.47,-2.935
PIK,2019-01-07,2019,7,3.4,-11.49,3.55,0.262989659945374,81.1125,11.8397881056262,180.25,253.96,31940.37,-4.045
PIK,2019-01-08,2019,8,5.85,-0.7,3.54,0.172312427082423,50.022,7.3179582004746,111.16,580.25,32011.99,2.575
PIK,2019-01-09,2019,9,1.09,-5.27,2.17,0.124366514299528,49.9815,7.32923294506695,111.07,412.8,32087.29,-2.09
PIK,2019-01-10,2019,10,-6.81,-12.76,0,0.0697289286116802,65.043,9.5612966348922,144.54,229.09,32166.22,-9.785
PIK,2019-01-11,2019,11,-9.44,-16.08,0,0.0631565678640561,72.2475,10.6475879463525,160.55,174.32,32248.7,-12.76
PIK,2019-01-12,2019,12,-6.67,-13.53,0,0.0787137544992397,74.43,10.99848976497,165.4,215.13,32334.7,-10.1
PIK,2019-01-13,2019,13,-6.67,-14.84,0,0.0896730694333755,85.9995,12.7432614136401,191.11,193.19,32424.14,-10.755
PIK,2019-01-14,2019,14,-1.68,-13.09,0,0.159187248674271,105.21,15.634474590609,233.8,223.02,32516.97,-7.385
PIK,2019-01-15,2019,15,-0.44,-4.85,0,0.0831980580722111,50.823,7.5747594517632,112.94,426.02,32613.12,-2.645
PIK,2019-01-16,2019,16,-1.64,-12.65,0,0.155829486712643,105.2415,15.7332108677972,233.87,231.23,32712.53,-7.145
PIK,2019-01-17,2019,17,-4.72,-16.91,1.31,0.134667085301825,111.906,16.7820045297588,248.68,162.56,32815.14,-10.815
PIK,2019-01-18,2019,18,-0.92,-11.36,0.87,0.157902747314858,104.328,15.6959781608952,231.84,256.5,32920.87,-6.14
PIK,2019-01-19,2019,19,-12.73,-18.14,7.4,0.0424824875273123,49.059,7.4052375510258,109.02,146.55,33029.66,-15.435
PIK,2019-01-20,2019,20,-17,-22.63,0,0.0320324906003319,69.093,10.4645788761645,153.54,99.13,33141.45,-19.815
PIK,2019-01-21,2019,21,-13.98,-25.61,0,0.0666712096206709,115.6275,17.5731480308047,256.95,75.83,33256.17,-19.795
PIK,2019-01-22,2019,22,-0.92,-23.53,6.86,0.240363445010443,99.8865,15.2344883879307,221.97,91.5,33373.74,-12.225
PIK,2019-01-23,2019,23,5.25,-4.02,13.34,0.216880921177106,75.4245,11.5450801567065,167.61,453.65,33494.1,0.615
PIK,2019-01-24,2019,24,1.69,-4.76,1.79,0.130808698341702,78.5745,12.0714443031434,174.61,429.01,33617.19,-1.535
PIK,2019-01-25,2019,25,-4.04,-11.8,0,0.103467505154602,93.573,14.4294422532273,207.94,247.57,33742.93,-7.92
PIK,2019-01-26,2019,26,-6.23,-14.91,4.54,0.0965271058526673,76.8915,11.9021592725438,170.87,192.14,33871.25,-10.57
PIK,2019-01-27,2019,27,-6.01,-17.62,0,0.119232648728652,123.003,19.1133753573168,273.34,153.18,34002.08,-11.815
PIK,2019-01-28,2019,28,-8.13,-22.86,11.03,0.117786516927103,101.871,15.8917328916192,226.38,97.2,34135.36,-15.495
PIK,2019-01-29,2019,29,-3.31,-16.03,0,0.152392689776906,131.2875,20.5620593798025,291.75,175.09,34271.02,-9.67
PIK,2019-01-30,2019,30,-15.89,-22.73,0,0.0402971533294253,91.998,14.4666012574314,204.44,98.3,34408.99,-19.31
PIK,2019-01-31,2019,31,-13.87,-21.82,0,0.0522936970923483,104.724,16.5348608089428,232.72,106.53,34549.21,-17.845
PIK,2019-02-01,2019,32,-9.2,-20.82,0,0.0949920090597635,131.832,20.900725961184,292.96,116.29,34691.6,-15.01
PIK,2019-02-02,2019,33,-0.88,-16.65,0,0.203902193959544,144.7785,23.0488786485945,321.73,166.18,34836.1,-8.765
PIK,2019-02-03,2019,34,6.78,-2.62,0,0.241099498758005,113.535,18.1509211166175,252.3,503.83,34982.65,2.08
PIK,2019-02-04,2019,35,10.29,2.23,4.52,0.266196507625937,74.8665,12.0197785877379,166.37,717.37,35131.18,6.26
PIK,2019-02-05,2019,36,4.79,-7.27,0,0.252724795662786,133.2855,21.4905607078181,296.19,354.12,35281.63,-1.24
PIK,2019-02-06,2019,37,-3,-8.07,6.1,0.0792325898950831,55.377,8.9673670691577,123.06,332.6,35433.93,-5.535
PIK,2019-02-07,2019,38,5.38,-4.92,1.31,0.235838502707079,126.8685,20.6335499271314,281.93,423.84,35588.03,0.23
PIK,2019-02-08,2019,39,2.41,-9.24,1.6,0.211867861486462,137.358,22.4373524069916,305.24,303.53,35743.86,-3.415
PIK,2019-02-09,2019,40,-5.25,-10.75,0,0.0727749062059175,81.1845,13.3198772014044,180.41,269.35,35901.36,-8.0
PIK,2019-02-10,2019,41,-3.94,-10.57,2.13,0.0923007153253065,72.135,11.8875845557665,160.3,273.24,36060.47,-7.255
PIK,2019-02-11,2019,42,-4.48,-9.16,0,0.0671052550059785,72.0675,11.9293772217615,160.15,305.46,36221.14,-6.82
PIK,2019-02-12,2019,43,0.02,-11.02,12.07,0.174448908972762,105.7905,17.5899691034564,235.09,263.72,36383.31,-5.5
PIK,2019-02-13,2019,44,-0.42,-6.6,4.4,0.110278479805138,71.4825,11.938966004673,158.85,372.78,36546.92,-3.51
PIK,2019-02-14,2019,45,0.89,-6.48,1.68,0.138121207064671,111.159,18.6495316408296,247.02,376.13,36711.92,-2.795
PIK,2019-02-15,2019,46,2.66,-4.62,1.1,0.153291678626001,111.6225,18.8121471462045,248.05,433.49,36878.26,-0.98
PIK,2019-02-16,2019,47,-4.25,-11.84,0,0.100153581260496,119.6505,20.2567848887479,265.89,246.94,37045.87,-8.045
PIK,2019-02-17,2019,48,-7.26,-15.62,3.18,0.0874229043280968,98.1585,16.6939407955584,218.13,181.15,37214.72,-11.44
PIK,2019-02-18,2019,49,-6.5,-13.71,0,0.0826274211069261,118.4715,20.2406552619863,263.27,212.08,37384.75,-10.105
PIK,2019-02-19,2019,50,-4.1,-19.65,0,0.161811740220197,178.146,30.5752886028702,395.88,128.75,37555.91,-11.875
PIK,2019-02-20,2019,51,0.28,-15.65,2.03,0.221833371554695,134.1045,23.1219821409548,298.01,180.71,37728.15,-7.685
PIK,2019-02-21,2019,52,2.29,-3.56,0,0.125596995352107,101.4525,17.5725403597328,225.45,469.56,37901.43,-0.635
PIK,2019-02-22,2019,53,0.47,-6.66,0,0.130761212503405,122.2155,21.2662184747612,271.59,371.19,38075.69,-3.095
PIK,2019-02-23,2019,54,1.96,-9.61,6.08,0.20469392539368,125.127,21.8730327831549,278.06,294.89,38250.91,-3.825
PIK,2019-02-24,2019,55,5.2,-2.62,5.65,0.190464282566841,98.0505,17.2187935570107,217.89,503.51,38427.02,1.29
PIK,2019-02-25,2019,56,-3.13,-8.42,2.28,0.0811902799044702,73.7235,13.00632051258,163.83,323.81,38604,-5.775
PIK,2019-02-26,2019,57,-7.41,-13.78,0,0.0705888851815979,119.9655,21.2618191050797,266.59,210.8,38781.79,-10.595
PIK,2019-02-27,2019,58,-11,-15.13,6.67,0.0385991860695145,64.0395,11.4021590221854,142.31,188.67,38960.36,-13.065
PIK,2019-02-28,2019,59,-6.36,-21.23,0,0.134578954755481,199.71,35.721777448602,443.8,112.19,39139.66,-13.795
PIK,2019-03-01,2019,60,0.4,-14.39,0,0.214584390170935,198.7425,35.7122170834358,441.65,200.61,39319.67,-6.995
PIK,2019-03-02,2019,61,-2.09,-8.56,2.76,0.102386036374773,94.635,17.0831797440435,210.3,320.3,39500.33,-5.325
PIK,2019-03-03,2019,62,-2.22,-11.29,1.01,0.131051847825447,165.213,29.9605444964901,367.14,258.05,39681.61,-6.755
PIK,2019-03-04,2019,63,-7.64,-18.23,0,0.100159835246938,185.0175,33.705767247813,411.15,145.4,39863.48,-12.935
PIK,2019-03-05,2019,64,-8.91,-15.94,0.62,0.068443122907033,144.702,26.481878725626,321.56,176.41,40045.9,-12.425
PIK,2019-03-06,2019,65,-9.24,-16.61,0,0.0693186085226762,151.875,27.92158069275,337.5,166.74,40228.84,-12.925
PIK,2019-03-07,2019,66,-6.39,-15.45,0,0.0984652024169573,176.481,32.5932139155825,392.18,183.66,40412.25,-10.92
PIK,2019-03-08,2019,67,-1.67,-15.95,0,0.182723725009712,212.7465,39.4696387671606,472.77,176.26,40596.12,-8.81
PIK,2019-03-09,2019,68,1.31,-14.41,10.24,0.236165373596479,163.962,30.557012267736,364.36,200.16,40780.4,-6.55
PIK,2019-03-10,2019,69,4.51,-0.74,8.54,0.132126866032002,85.653,16.0351258987026,190.34,578.47,40965.06,1.885
PIK,2019-03-11,2019,70,1.58,-2.42,0,0.0868011716247226,90.927,17.0993556914112,202.06,511.35,41150.08,-0.42
PIK,2019-03-12,2019,71,2.24,-4.67,0,0.143141823237342,148.4865,28.0495191313301,329.97,431.95,41335.41,-1.215
PIK,2019-03-13,2019,72,2.45,-3.96,2.49,0.136597970829726,104.8185,19.8894264195613,232.93,455.75,41521.03,-0.755
PIK,2019-03-14,2019,73,10.08,1.14,8.69,0.284567820020149,132.0255,25.1641427367222,293.39,663.4,41706.92,5.61
PIK,2019-03-15,2019,74,8.43,0.72,2.9,0.229771704663666,120.3525,23.0416241813527,267.45,643.55,41893.03,4.575
PIK,2019-03-16,2019,75,-0.27,-4.93,0,0.0882235996992788,110.034,21.1598225058492,244.52,423.39,42079.34,-2.6
PIK,2019-03-17,2019,76,0.33,-7.35,0,0.137203290452196,168.1515,32.4792689150061,373.67,351.96,42265.82,-3.51
PIK,2019-03-18,2019,77,2.16,-7.2,0,0.179082403796455,191.889,37.2279428736885,426.42,356.05,42452.45,-2.52
PIK,2019-03-19,2019,78,4.16,-6.23,0,0.219632714739658,203.517,39.6575461427211,452.26,383.44,42639.19,-1.035
PIK,2019-03-20,2019,79,8.3,-2.84,0.55,0.29931841617453,208.5705,40.8203473964819,463.49,495.38,42826.01,2.73
PIK,2019-03-21,2019,80,6.57,1.2,0.27,0.152643475813135,127.449,25.0525106664777,283.22,666.24,43012.89,3.885
PIK,2019-03-22,2019,81,1.79,-3.83,0,0.117704658141742,139.5045,27.541408900887,310.01,460.14,43199.8,-1.02
PIK,2019-03-23,2019,82,3.14,-9.26,0,0.231339146179318,229.2705,45.4591171387395,509.49,303.11,43386.7,-3.06
PIK,2019-03-24,2019,83,9.2,-4.28,0,0.358973769995713,232.623,46.3225112345538,516.94,444.71,43573.58,2.46
PIK,2019-03-25,2019,84,2.3,-6.78,0,0.176999660160286,199.026,39.8022292782162,442.28,367.56,43760.41,-2.24
PIK,2019-03-26,2019,85,3.31,-7.5,0,0.213608796228574,218.8935,43.9622268334263,486.43,347.76,43947.14,-2.095
PIK,2019-03-27,2019,86,6.9,-6.28,0,0.306252265515898,235.233,47.4444563711337,522.74,382.06,44133.77,0.31
PIK,2019-03-28,2019,87,10.74,-1.58,1.26,0.372394823196494,226.323,45.8402621692275,502.94,543.83,44320.25,4.58
PIK,2019-03-29,2019,88,9.33,0.7,4.7,0.264680295919187,138.33,28.135633794417,307.4,642.72,44506.57,5.015
PIK,2019-03-30,2019,89,3.31,-0.36,24.62,0.0897894622904557,69.885,14.273700094026,155.3,594.89,44692.68,1.475
PIK,2019-03-31,2019,90,0.47,-3.6,3.13,0.0820702508867412,80.532,16.5167120862144,178.96,468.33,44878.56,-1.565
PIK,2019-04-01,2019,91,2.08,-7.39,0,0.179691093486933,211.383,43.5329131334958,469.74,350.82,45064.18,-2.655
PIK,2019-04-02,2019,92,6.61,-1.23,0,0.208035436355893,185.85,38.43197844444,413,558.36,45249.52,2.69
PIK,2019-04-03,2019,93,5.66,-0.56,0,0.163122144089769,157.9455,32.7951405805856,350.99,586.38,45434.53,2.55
PIK,2019-04-04,2019,94,3.44,-3.98,0,0.163498280536446,183.6045,38.277819157248,408.01,454.95,45619.2,-0.27
PIK,2019-04-05,2019,95,3.48,-3.08,0,0.148566235481966,168.0345,35.1733014104742,373.41,486.82,45803.48,0.2
PIK,2019-04-06,2019,96,11.31,1.53,0,0.327794803637409,215.829,45.3590853342102,479.62,682.14,45987.34,6.42
PIK,2019-04-07,2019,97,12.85,3.62,3.43,0.344237845304212,156.7035,33.0644969817462,348.23,791.61,46170.76,8.235
PIK,2019-04-08,2019,98,14.33,3.5,2.94,0.422763716408908,171.1395,36.2535771180555,380.31,784.55,46353.7,8.915
PIK,2019-04-09,2019,99,8.09,1.92,0,0.188166938573728,162.09,34.471691386956,360.2,701.51,46536.12,5.005
PIK,2019-04-10,2019,100,6.63,-1.08,0,0.20581933454147,192.609,41.1222553851087,428.02,564.33,46717.99,2.775
PIK,2019-04-11,2019,101,4.58,-3.05,1.08,0.179658394406861,192.807,41.3242683188472,428.46,487.71,46899.28,0.765
PIK,2019-04-12,2019,102,14.65,2.41,2.09,0.468541484103656,179.8335,38.6921352822543,399.63,726.66,47079.94,8.53
PIK,2019-04-13,2019,103,13.99,0.58,0,0.485512270915194,249.174,53.8160836832892,553.72,630.3,47259.94,7.285
PIK,2019-04-14,2019,104,3.04,-0.62,21.32,0.0880436793125206,76.3515,16.5528045864338,169.67,583.74,47439.25,1.21
PIK,2019-04-15,2019,105,6.43,-0.43,0.44,0.185311326639383,175.194,38.1245685518556,389.32,591.89,47617.82,3.0
PIK,2019-04-16,2019,106,9.15,-2.1,0,0.317654096568329,237.519,51.8803102965663,527.82,523.33,47795.61,3.525
PIK,2019-04-17,2019,107,13.63,-2.59,0,0.526761994563298,264.249,57.9325598325387,587.22,504.72,47972.59,5.52
PIK,2019-04-18,2019,108,19.13,7.3,7.01,0.594073592452458,172.7235,38.0060106624005,383.83,1021.98,48148.71,13.215
PIK,2019-04-19,2019,109,10.61,4.33,18.82,0.222537185227223,118.7865,26.2328480064756,263.97,831.81,48323.92,7.47
PIK,2019-04-20,2019,110,7.65,3.57,11.47,0.128672264307188,81.828,18.1360902033324,181.84,788.64,48498.19,5.61
PIK,2019-04-21,2019,111,11.85,4.9,0,0.259776886444277,171.342,38.1113642482218,380.76,866.13,48671.47,8.375
PIK,2019-04-22,2019,112,16.98,3.6,0,0.57031756732013,247.383,55.2197943503532,549.74,790.43,48843.72,10.29
PIK,2019-04-23,2019,113,15.5,4.86,8.81,0.446655391508405,152.433,34.1446873778928,338.74,863.65,49014.88,10.18
PIK,2019-04-24,2019,114,10.13,1.1,0,0.287759171602175,190.1115,42.7323197698151,422.47,661.32,49184.91,5.615
PIK,2019-04-25,2019,115,14.82,-0.81,15.96,0.553613887782029,177.597,40.0564142962704,394.66,575.56,49353.76,7.005
PIK,2019-04-26,2019,116,12.45,3.69,13.02,0.323404519869753,139.005,31.458597780933,308.9,795.25,49521.38,8.07
PIK,2019-04-27,2019,117,6.51,-0.63,0,0.192435268638802,166.473,37.8014960110131,369.94,583.14,49687.71,2.94
PIK,2019-04-28,2019,118,8.99,-0.69,0,0.282382463152845,202.8915,46.2241476492516,450.87,580.94,49852.72,4.15
PIK,2019-04-29,2019,119,6.58,-3.13,1.56,0.24383561621236,203.3865,46.4889935980607,451.97,485,50016.33,1.725
PIK,2019-04-30,2019,120,10.77,1.92,5.7,0.294468074967884,140.697,32.264037374265,312.66,701.57,50178.5,6.345
PIK,2019-05-01,2019,121,8.64,4.26,9.32,0.145505029890201,80.3475,18.4839466012785,178.55,827.75,50339.18,6.45
PIK,2019-05-02,2019,122,8.83,3.21,11.51,0.182070574302858,101.502,23.4243458623206,225.56,768.95,50498.29,6.02
PIK,2019-05-03,2019,123,10.74,5.02,5.74,0.207535923741977,102.5955,23.750551079073,227.99,872.88,50655.8,7.88
PIK,2019-05-04,2019,124,11.85,4.51,0,0.271516861424878,167.796,38.9637663823836,372.88,842.77,50811.63,8.18
PIK,2019-05-05,2019,125,17.78,1.87,0,0.666190995622864,241.677,56.2898084124897,537.06,698.99,50965.73,9.825
PIK,2019-05-06,2019,126,21.29,4.98,1.9,0.827842475101088,239.049,55.8441036918972,531.22,870.56,51118.04,13.135
PIK,2019-05-07,2019,127,14.11,4.33,0,0.387361839448011,197.901,46.3676104584693,439.78,831.98,51268.49,9.22
PIK,2019-05-08,2019,128,12.52,0.86,0,0.399650488304029,219.8655,51.663077713255,488.59,649.78,51417.03,6.69
PIK,2019-05-09,2019,129,16.79,7.9,16.97,0.421234409184268,136.728,32.2193462097168,303.84,1064.9,51563.58,12.345
PIK,2019-05-10,2019,130,15.12,5.03,7.77,0.420184205514699,149.6475,35.3625978401167,332.55,874.09,51708.09,10.075
PIK,2019-05-11,2019,131,12.24,-0.14,0,0.408971232143893,224.8065,53.2694049397884,499.57,604.59,51850.48,6.05
PIK,2019-05-12,2019,132,9.11,4.78,8,0.147694633242792,77.571,18.430675594929,172.38,858.91,51990.7,6.945
PIK,2019-05-13,2019,133,7.2,3.98,6.95,0.101386354514185,61.3305,14.6106464999418,136.29,811.63,52128.68,5.59
PIK,2019-05-14,2019,134,14.18,4.17,0.56,0.395707653635163,203.5395,48.6150093756351,452.31,822.65,52264.34,9.175
PIK,2019-05-15,2019,135,18.62,3.83,0,0.668860056914772,237.645,56.9057989507695,528.1,803.37,52397.63,11.225
PIK,2019-05-16,2019,136,16.06,5.66,1.53,0.453819658740094,204.471,49.0843079674209,454.38,913.19,52528.47,10.86
PIK,2019-05-17,2019,137,15.54,5.74,0,0.421820515807722,200.1195,48.157071868332,444.71,917.94,52656.8,10.64
PIK,2019-05-18,2019,138,15.87,2.77,0,0.527074974148804,232.083,55.9821811548474,515.74,745.32,52782.54,9.32
PIK,2019-05-19,2019,139,22.93,9.09,3.97,0.81793582104622,170.1135,41.1298258327528,378.03,1154.72,52905.63,16.01
PIK,2019-05-20,2019,140,17.33,6.58,0,0.500458709627401,205.2045,49.72696434369,456.01,972.94,53026,11.955
PIK,2019-05-21,2019,141,17.41,4.37,0,0.57493570702629,225.7245,54.8208426683547,501.61,834.38,53143.58,10.89
PIK,2019-05-22,2019,142,15.49,5.16,0,0.437230435694573,201.6765,49.0861302575715,448.17,881.62,53258.3,10.325
PIK,2019-05-23,2019,143,22.15,8.99,4.24,0.757454538633626,165.8745,40.4570080612319,368.61,1146.74,53370.09,15.57
PIK,2019-05-24,2019,144,20.44,10.1,0,0.580568218154745,195.093,47.680450802289,433.54,1235.44,53478.9,15.27
PIK,2019-05-25,2019,145,19.51,10.05,15.35,0.515747858811855,140.2605,34.3472443821504,311.69,1231.11,53584.64,14.78
PIK,2019-05-26,2019,146,20.59,10.39,0,0.579705886220207,195.0525,47.8562737509563,433.45,1259.51,53687.25,15.49
PIK,2019-05-27,2019,147,21.51,8.03,9.06,0.74234974884767,168.4395,41.4032773950099,374.31,1074.78,53786.66,14.77
PIK,2019-05-28,2019,148,12.44,8.57,6.37,0.162482497328099,67.131,16.5306386836494,149.18,1114.88,53882.82,10.505
PIK,2019-05-29,2019,149,16.1,9.26,0,0.328427148919592,149.076,36.7723929900312,331.28,1168.01,53975.66,12.68
PIK,2019-05-30,2019,150,21.36,8.81,0,0.70180739662856,219.2355,54.1681708049609,487.19,1132.74,54065.11,15.085
PIK,2019-05-31,2019,151,18.25,6.42,3.25,0.564666828761855,160.6545,39.7572611218322,357.01,962.29,54151.11,12.335
PIK,2019-06-01,2019,152,21.54,9.62,5.2,0.683790933152358,156.843,38.8731607660611,348.54,1196.53,54233.61,15.58
PIK,2019-06-02,2019,153,18.22,7.43,3.18,0.528420322667001,149.661,37.1471035536558,332.58,1031.04,54312.54,12.825
PIK,2019-06-03,2019,154,15.1,5.01,0,0.419844869889913,193.23,48.027794647635,429.4,872.72,54387.85,10.055
PIK,2019-06-04,2019,155,14.51,3.53,1.99,0.431139478507406,206.6445,51.4296467079102,459.21,786.54,54459.48,9.02
PIK,2019-06-05,2019,156,18.45,8.53,12.83,0.503416998940836,143.5725,35.7768560125418,319.05,1111.22,54527.39,13.49
PIK,2019-06-06,2019,157,22.67,10.92,0,0.720941298904873,206.847,51.6048516151929,459.66,1304.99,54591.51,16.795
PIK,2019-06-07,2019,158,25.2,8.59,0,1.04118168948221,238.104,59.4685625768568,529.12,1116.17,54651.81,16.895
PIK,2019-06-08,2019,159,23.62,12.38,0,0.735363658097208,197.676,49.4222836158036,439.28,1437.77,54708.23,18.0
PIK,2019-06-09,2019,160,25.5,12.59,5.11,0.899311247786156,158.1525,39.5786968255552,351.45,1457.01,54760.73,19.045
PIK,2019-06-10,2019,161,19.04,12.37,19.78,0.38045728454203,102.6495,25.7114835062352,228.11,1435.98,54809.28,15.705
PIK,2019-06-11,2019,162,20.48,8.19,0,0.65817261778629,212.0805,53.1647645584496,471.29,1086.3,54853.83,14.335
PIK,2019-06-12,2019,163,21.4,6.63,6.35,0.783133077052552,171.4545,43.0123068275827,381.01,976.43,54894.35,14.015
PIK,2019-06-13,2019,164,15.74,11.36,16.97,0.219436604088222,68.5305,17.203468815558,152.29,1344,54930.8,13.55
PIK,2019-06-14,2019,165,22.03,9.81,2.14,0.715193117056108,156.2625,39.250271208015,347.25,1211.76,54963.16,15.92
PIK,2019-06-15,2019,166,19.63,10.64,2.96,0.498849434763438,128.7135,32.34708540923,286.03,1281.17,54991.41,15.135
PIK,2019-06-16,2019,167,19.79,8.12,0,0.610350980037341,205.596,51.6911273883972,456.88,1081.34,55015.51,13.955
PIK,2019-06-17,2019,168,22.05,11.71,0,0.635073352662002,187.7355,47.2177322962808,417.19,1375.01,55035.45,16.88
PIK,2019-06-18,2019,169,24.8,13.88,0,0.767918417980646,191.4525,48.1663914461392,425.45,1585.78,55051.21,19.34
PIK,2019-06-19,2019,170,24.79,12.92,0,0.815781880464843,201.8835,50.8013390298141,448.63,1489,55062.78,18.855
PIK,2019-06-20,2019,171,22.46,15.23,14.37,0.490615702694094,106.7625,26.86898576349,237.25,1729.79,55070.16,18.845
PIK,2019-06-21,2019,172,22.06,12.62,0,0.593489628554587,178.3575,44.889920300583,396.35,1459.76,55073.32,17.34
PIK,2019-06-22,2019,173,23.89,10.66,0,0.837415155463471,218.1375,54.900915716745,484.75,1282.42,55072.28,17.275
PIK,2019-06-23,2019,174,25.79,10.58,0,1.01844883531291,228.735,57.5626099792185,508.3,1275.64,55067.03,18.185
PIK,2019-06-24,2019,175,24.4,11.78,10.77,0.833641627325531,157.095,39.5271591433155,349.1,1381.51,55057.57,18.09
PIK,2019-06-25,2019,176,24.49,16.31,2.83,0.605657033718992,115.11,28.956002734584,255.8,1853.2,55043.92,20.4
PIK,2019-06-26,2019,177,27.5,15.69,2.27,0.940148993023291,147.5235,37.0976211436855,327.83,1781.81,55026.09,21.595
PIK,2019-06-27,2019,178,28.49,13.71,0,1.15651747927001,218.619,54.9539619324264,485.82,1567.72,55004.08,21.1
PIK,2019-06-28,2019,179,27.33,13.96,10.4,1.0161064736669,155.628,39.1014011754828,345.84,1593.89,54977.93,20.645
PIK,2019-06-29,2019,180,26.84,17.2,0,0.780370243088446,166.8645,41.9014638697446,370.81,1961.68,54947.64,22.02
PIK,2019-06-30,2019,181,22.84,14.22,0,0.57709841517128,159.615,40.055943987882,354.7,1620.51,54913.24,18.53
PIK,2019-07-01,2019,182,27.03,11.66,0,1.09615974594329,224.397,56.2737633000633,498.66,1371,54874.77,19.345
PIK,2019-07-02,2019,183,26.08,17.2,0,0.703698295987441,157.833,39.5503270101225,350.74,1961.08,54832.25,21.64
PIK,2019-07-03,2019,184,29.1,15.31,0,1.14046360645954,207.8325,52.0351674062378,461.85,1738.87,54785.71,22.205
PIK,2019-07-04,2019,185,29.63,14.04,0,1.27119592193094,219.5145,54.909327176028,487.81,1602.35,54735.2,21.835
PIK,2019-07-05,2019,186,30.66,18.38,17.53,1.14244432045077,140.994,35.233135531335,313.32,2112.28,54680.75,24.52
PIK,2019-07-06,2019,187,29.08,20.53,0,0.799534525721709,144.6165,36.099802414872,321.37,2414.92,54622.4,24.805
PIK,2019-07-07,2019,188,24.87,14.49,0,0.74261651346935,179.901,44.856535848714,399.78,1649.51,54560.2,19.68
PIK,2019-07-08,2019,189,25.26,10.86,0,0.954818323625167,219.123,54.570061920762,486.94,1299.91,54494.2,18.06
PIK,2019-07-09,2019,190,27.17,11.07,0,1.13739514272999,227.0115,56.4622300880442,504.47,1318.26,54424.44,19.12
PIK,2019-07-10,2019,191,28.52,11.82,0,1.25085309954271,226.269,56.2015944538434,502.82,1385.66,54350.98,20.17
PIK,2019-07-11,2019,192,29.97,16.43,5.74,1.17960677101209,149.373,37.0492220806407,331.94,1867.59,54273.87,23.2
PIK,2019-07-12,2019,193,22.83,14.13,0,0.581175608292695,155.367,38.4786171120204,345.26,1610.89,54193.16,18.48
PIK,2019-07-13,2019,194,26.72,12.85,4.98,1.00816832525046,155.313,38.4054514222572,345.14,1482.48,54108.92,19.785
PIK,2019-07-14,2019,195,24.72,14.18,0,0.745135526735146,175.419,43.306896114396,389.82,1616.66,54021.2,19.45
PIK,2019-07-15,2019,196,26.02,11.46,6.27,1.00220304790715,159.525,39.3165984845475,354.5,1352.93,53930.07,18.74
PIK,2019-07-16,2019,197,30.76,16.75,9.72,1.25756782909245,148.8105,36.6116390695863,330.69,1906.72,53835.58,23.755
PIK,2019-07-17,2019,198,28.2,20.61,8.82,0.693623614780265,93.87,23.052754207161,208.6,2426.77,53737.79,24.405
PIK,2019-07-18,2019,199,27.71,19.65,0,0.709097409979667,134.0505,32.8584699006723,297.89,2287.67,53636.78,23.68
PIK,2019-07-19,2019,200,29.99,20.58,11.83,0.90458890395888,112.428,27.5048387462556,249.84,2421.8,53532.61,25.285
PIK,2019-07-20,2019,201,32.57,22.1,8.35,1.12116444052591,117.7335,28.7450872401083,261.63,2658.21,53425.35,27.335
PIK,2019-07-21,2019,202,27.08,18.06,0,0.751180120967503,148.977,36.2982198598434,331.06,2070.46,53315.06,22.57
PIK,2019-07-22,2019,203,24.31,15.88,7.08,0.613595837185266,109.332,26.582132533032,242.96,1803.78,53201.8,20.095
PIK,2019-07-23,2019,204,24.92,13.18,0,0.814818461684864,189.369,45.9411970528278,420.82,1514.86,53085.66,19.05
PIK,2019-07-24,2019,205,25,12.96,0,0.833544288676337,192.402,46.5723909056952,427.56,1492.87,52966.68,18.98
PIK,2019-07-25,2019,206,27.52,14.04,0,1.03271282280944,200.6055,48.4465225783896,445.79,1601.72,52844.96,20.78
PIK,2019-07-26,2019,207,28.79,13.95,0,1.17759701327035,208.539,50.2439088483765,463.42,1593.03,52720.55,21.37
PIK,2019-07-27,2019,208,28.13,16.62,0,0.954852518294095,178.8435,42.9854538439805,397.43,1890.11,52593.51,22.375
PIK,2019-07-28,2019,209,28.96,18.31,0,0.941869244346836,167.634,40.1919546782034,372.52,2103.23,52463.93,23.635
PIK,2019-07-29,2019,210,30.18,18.06,3.28,1.10304845360651,135.531,32.4131393754729,301.18,2071.04,52331.87,24.12
PIK,2019-07-30,2019,211,27.33,16.94,7.82,0.848068990983785,124.101,29.603315385918,275.78,1929.44,52197.4,22.135
PIK,2019-07-31,2019,212,25.69,13.77,0,0.859186460870211,187.1325,44.5219750449045,415.85,1573.85,52060.58,19.73
PIK,2019-08-01,2019,213,25.96,10.95,0,1.01898019365166,212.5485,50.4337554014346,472.33,1307.75,51921.48,18.455
PIK,2019-08-02,2019,214,27.28,11.49,0,1.13060556970932,215.154,50.9130577140804,478.12,1355.25,51780.18,19.385
PIK,2019-08-03,2019,215,28.35,12.09,0,1.21925699124359,215.9055,50.9493488211986,479.79,1410.55,51636.73,20.22
PIK,2019-08-04,2019,216,25.11,13.53,0,0.815498396925029,180.6165,42.501732684336,401.37,1549.55,51491.2,19.32
PIK,2019-08-05,2019,217,28.22,11.18,0,1.24668019772625,218.5695,51.2852525026448,485.71,1327.54,51343.65,19.7
PIK,2019-08-06,2019,218,25.1,17.12,11.51,0.613556249747987,97.929,22.9112055285048,217.62,1951.02,51194.16,21.11
PIK,2019-08-07,2019,219,26.77,15.91,4.75,0.85091651390954,125.6175,29.3022295240905,279.15,1806.8,51042.78,21.34
PIK,2019-08-08,2019,220,24.32,13.95,8.65,0.72098653329288,125.109,29.0960222014854,278.02,1592.1,50889.58,19.135
PIK,2019-08-09,2019,221,24.25,13.21,0,0.751601430406811,176.3145,40.8797805944417,391.81,1517.76,50734.61,18.73
PIK,2019-08-10,2019,222,22.96,11.84,0,0.703981585427022,179.433,41.4743563916514,398.74,1387.23,50577.94,17.4
PIK,2019-08-11,2019,223,27.15,11.68,0,1.10795620431999,209.7945,48.34036807178,466.21,1372.71,50419.63,19.415
PIK,2019-08-12,2019,224,27.42,15.41,0,0.948164313081394,179.712,41.2775040517632,399.36,1749.42,50259.73,21.415
PIK,2019-08-13,2019,225,27.89,15.28,0,1.00589393420606,183.8655,42.0958732350839,408.59,1735.24,50098.31,21.585
PIK,2019-08-14,2019,226,24.18,14.57,0,0.674946926363043,156.5145,35.7173710317063,347.81,1658,49935.42,19.375
PIK,2019-08-15,2019,227,24.52,12.45,1.49,0.813123474213485,184.824,42.0389530503048,410.72,1444.12,49771.11,18.485
PIK,2019-08-16,2019,228,25.92,13.25,0,0.908068044480938,186.6735,42.3182964445488,414.83,1521.42,49605.44,19.585
PIK,2019-08-17,2019,229,25.56,15.82,9.01,0.734356965198369,114.759,25.9279326163098,255.02,1797.01,49438.46,20.69
PIK,2019-08-18,2019,230,26.97,15.72,4.92,0.882662754760941,125.8695,28.3413940602453,279.71,1784.93,49270.22,21.345
PIK,2019-08-19,2019,231,26.4,14.88,0,0.870507335144317,171.1125,38.3960304851175,380.25,1691.68,49100.78,20.64
PIK,2019-08-20,2019,232,27.49,11.33,0,1.16027751942865,206.109,46.0882330653447,458.02,1340.84,48930.19,19.41
PIK,2019-08-21,2019,233,29.09,17.99,4.75,0.978185469562941,118.26,26.351432750736,262.8,2061.09,48758.48,23.54
PIK,2019-08-22,2019,234,22.94,12.88,0,0.653320929774775,155.2815,34.4781981044226,345.07,1485.16,48585.72,17.91
PIK,2019-08-23,2019,235,21.62,9.95,0,0.676406729619699,174.9195,38.6996389884531,388.71,1223.57,48411.94,15.785
PIK,2019-08-24,2019,236,22.52,8.59,0,0.803209141942214,194.013,42.769002548052,431.14,1116.02,48237.2,15.555
PIK,2019-08-25,2019,237,23.77,9.55,0,0.872705712346198,194.076,42.6270839979996,431.28,1190.68,48061.53,16.66
PIK,2019-08-26,2019,238,23.72,13.96,4.83,0.666746684548505,111.3525,24.3677529160065,247.45,1593.13,47884.98,18.84
PIK,2019-08-27,2019,239,20.39,16.69,9.25,0.24458030306008,47.169,10.2839592590847,104.82,1898.67,47707.59,18.54
PIK,2019-08-28,2019,240,26.1,15.75,0,0.792004558404131,153.414,33.3229634592318,340.92,1788.5,47529.41,20.925
PIK,2019-08-29,2019,241,24.08,14.38,0,0.676704220738085,148.1445,32.0572324823216,329.21,1637.14,47350.47,19.23
PIK,2019-08-30,2019,242,23.11,12.04,0,0.707180384259613,164.835,35.5335801312195,366.3,1405.97,47170.81,17.575
PIK,2019-08-31,2019,243,20.99,9.61,0,0.641990914022804,171.099,36.7429103084664,380.22,1195.39,46990.48,15.3
PIK,2019-09-01,2019,244,20.65,10.58,2.97,0.576295601685178,117.99,25.24035177585,262.2,1275.42,46809.5,15.615
PIK,2019-09-02,2019,245,22.59,12.78,2.7,0.629215643341202,114.7365,24.4491542478756,254.97,1475.1,46627.92,17.685
PIK,2019-09-03,2019,246,20.57,10.58,6.7,0.569892888155682,117.891,25.0232098987899,261.98,1275.85,46445.77,15.575
PIK,2019-09-04,2019,247,20.01,11.74,0,0.477353596622455,137.6955,29.1119022425641,305.99,1378.23,46263.09,15.875
PIK,2019-09-05,2019,248,22,6.75,0,0.826532696418833,199.575,42.0275390348025,443.5,984.57,46079.91,14.375
PIK,2019-09-06,2019,249,20.44,8.95,1.94,0.626804280889276,171.549,35.9817086455911,381.22,1143.34,45896.27,14.695
PIK,2019-09-07,2019,250,21.08,8.63,1.59,0.687201717752745,178.0695,37.1995569546269,395.71,1118.9,45712.19,14.855
PIK,2019-09-08,2019,251,16.72,7.69,0,0.42453256275145,145.8,30.33539300232,324,1049.82,45527.72,12.205
PIK,2019-09-09,2019,252,19.16,6.13,0,0.635733316424892,182.9295,37.9060951770072,406.51,942.96,45342.88,12.645
PIK,2019-09-10,2019,253,20.93,8.31,21.09,0.68752779982964,132.5295,27.3502042278255,294.51,1095.15,45157.7,14.62
PIK,2019-09-11,2019,254,26.49,15.1,3.61,0.867667926746204,117.9675,24.2450398582245,262.15,1715.7,44972.22,20.795
PIK,2019-09-12,2019,255,19.68,10.8,0,0.495559477905904,138.9105,28.4313846518631,308.69,1294.85,44786.46,15.24
PIK,2019-09-13,2019,256,19.34,9.97,6.67,0.506783973348211,108.117,22.0368504575574,240.26,1224.89,44600.46,14.655
PIK,2019-09-14,2019,257,21.34,11.8,0,0.574546766319997,144.108,29.25005073723,320.24,1383.43,44414.25,16.57
PIK,2019-09-15,2019,258,16.46,8.3,3.8,0.386501823756868,98.8245,19.9745338918253,219.61,1094.49,44227.85,12.38
PIK,2019-09-16,2019,259,18.66,10.37,0,0.443880308003393,131.355,26.4376494711315,291.9,1257.85,44041.29,14.515
PIK,2019-09-17,2019,260,22.97,8.93,0,0.827812748186961,179.1945,35.913359257029,398.21,1142.04,43854.6,15.95
PIK,2019-09-18,2019,261,22.25,9.57,0,0.742510750429377,169.2585,33.7775541814179,376.13,1192.61,43667.82,15.91
PIK,2019-09-19,2019,262,22.63,11.36,0,0.69798419072875,156.9825,31.1936837747243,348.85,1343.91,43480.97,16.995
PIK,2019-09-20,2019,263,24.53,10.38,0,0.907237716962176,174.2175,34.4696118058283,387.15,1258.64,43294.07,17.455
PIK,2019-09-21,2019,264,26.75,14.74,0,0.914760557734682,154.089,30.3554900399868,342.42,1675.64,43107.16,20.745
PIK,2019-09-22,2019,265,28.83,17.83,5.8,0.95851624275375,105.228,20.6400079551096,233.84,2040.42,42920.26,23.33
PIK,2019-09-23,2019,266,23.86,15.11,0,0.617001501453511,124.9065,24.3932006900741,277.57,1716.59,42733.41,19.485
PIK,2019-09-24,2019,267,19.08,9.74,0,0.497942569734703,137.331,26.7023723114754,305.18,1206.39,42546.62,14.41
PIK,2019-09-25,2019,268,25.35,9.26,2.47,1.0298665829676,132.048,25.5625022820384,293.44,1167.61,42359.94,17.305
PIK,2019-09-26,2019,269,19.42,9.94,4.02,0.51363368392311,99.531,19.1828431894446,221.18,1222.4,42173.38,14.68
PIK,2019-09-27,2019,270,20.93,6.55,3.52,0.749531588397417,126.2025,24.2157986245665,280.45,971.2,41986.98,13.74
PIK,2019-09-28,2019,271,19.6,11.38,2.12,0.46502253200604,86.679,16.5582437075028,192.62,1345.08,41800.76,15.49
PIK,2019-09-29,2019,272,14.84,7.03,0,0.339853204936822,114.588,21.7922831832816,254.64,1003.78,41614.76,10.935
PIK,2019-09-30,2019,273,17.53,9.68,5.32,0.398318682173716,84.447,15.98839526691,187.66,1201.52,41429,13.605
PIK,2019-10-01,2019,274,28.71,14.1,9.43,1.16078357285457,116.0415,21.8718368621856,257.87,1608.47,41243.52,21.405
PIK,2019-10-02,2019,275,18.03,9.26,3.72,0.447695064932665,89.982,16.8839177829516,199.96,1167.43,41058.34,13.645
PIK,2019-10-03,2019,276,9.54,5.85,1.51,0.131494079310102,57.978,10.8298178387154,128.84,925.16,40873.49,7.695
PIK,2019-10-04,2019,277,10.52,3.37,0,0.24577088288802,105.84,19.680823256976,235.2,777.63,40689.02,6.945
PIK,2019-10-05,2019,278,13.33,1.83,0.99,0.415155739036705,148.383,27.4668174199314,329.74,697.09,40504.94,7.58
PIK,2019-10-06,2019,279,19.46,9.57,1.08,0.531070014730563,128.8575,23.7443518616198,286.35,1192.81,40321.29,14.515
PIK,2019-10-07,2019,280,17.08,6.38,0,0.491697465869879,137.358,25.1957376461466,305.24,959.57,40138.11,11.73
PIK,2019-10-08,2019,281,17.62,2.5,0,0.639893238631566,161.379,29.4672033595026,358.62,731.14,39955.42,10.06
PIK,2019-10-09,2019,282,17.36,4.5,0,0.568196208232412,148.572,27.0050178159108,330.16,841.8,39773.27,10.93
PIK,2019-10-10,2019,283,17.28,4.54,0,0.561676564419091,146.2725,26.4656719231493,325.05,844.51,39591.69,10.91
PIK,2019-10-11,2019,284,19.02,6.93,4.45,0.599206233398373,103.8555,18.7050967952908,230.79,996.52,39410.71,12.975
PIK,2019-10-12,2019,285,13.93,5.15,2.81,0.353097472038748,85.104,15.2576826367536,189.12,881.41,39230.37,9.54
PIK,2019-10-13,2019,286,15.11,1.59,0,0.514748755715739,147.033,26.2397657084751,326.74,684.83,39050.71,8.35
PIK,2019-10-14,2019,287,11.43,3.55,0,0.280319156200636,103.167,18.3269926881144,229.26,787.57,38871.76,7.49
PIK,2019-10-15,2019,288,13.44,0.02,10.34,0.463545906289861,107.379,18.9877872183471,238.62,611.63,38693.57,6.73
PIK,2019-10-16,2019,289,11.6,6.1,14.66,0.210596330912878,54.261,9.5509638444186,120.58,941.52,38516.18,8.85
PIK,2019-10-17,2019,290,7.68,4.65,0,0.0986425170998707,43.4475,7.61252811012225,96.55,850.76,38339.63,6.165
PIK,2019-10-18,2019,291,9.7,1.05,0,0.271355954034478,110.3895,19.2529500684592,245.31,658.99,38163.95,5.375
PIK,2019-10-19,2019,292,12.05,-1.9,0,0.436778134016013,143.64,24.93743290416,319.2,531.43,37989.2,5.075
PIK,2019-10-20,2019,293,16.69,3.18,0,0.564624496842771,137.529,23.7672762201126,305.62,766.99,37815.42,9.935
PIK,2019-10-21,2019,294,15.91,3.37,8.25,0.513147513715201,98.0325,16.8642281035913,217.85,777.7,37642.65,9.64
PIK,2019-10-22,2019,295,14.72,8.91,8.98,0.264673141445844,54.8055,9.3850141619169,121.79,1140.83,37470.94,11.815
PIK,2019-10-23,2019,296,12.01,4.27,0,0.286170325229727,95.3865,16.2598220288807,211.97,828.45,37300.33,8.14
PIK,2019-10-24,2019,297,12.62,2.45,1.2,0.36489604583264,115.0695,19.5259273084512,255.71,728.46,37130.88,7.535
PIK,2019-10-25,2019,298,10.77,2.77,0,0.272630183926755,97.983,16.5512163228984,217.74,745.27,36962.64,6.77
PIK,2019-10-26,2019,299,10.46,-1.46,24.01,0.357858276518888,93.8205,15.7764913033703,208.49,548.88,36795.65,4.5
PIK,2019-10-27,2019,300,12.75,6.57,11.48,0.249226624498738,57.6045,9.64293355837305,128.01,971.93,36629.97,9.66
PIK,2019-10-28,2019,301,15.93,3.6,0,0.507783912398573,122.85,20.47271493267,273,790.57,36465.66,9.765
PIK,2019-10-29,2019,302,15.7,5.41,0,0.441439382165716,109.1295,18.1049733694912,242.51,897.02,36302.75,10.555
PIK,2019-10-30,2019,303,8.05,5.38,20.52,0.0893366166862595,26.3655,4.3546797541422,58.59,895.6,36141.32,6.715
PIK,2019-10-31,2019,304,10.64,4.47,20.19,0.219646922334161,56.628,9.3116276546436,125.84,840.07,35981.41,7.555
PIK,2019-11-01,2019,305,4.11,-0.03,0,0.104820561497064,54.099,8.8566295908087,120.22,609.49,35823.09,2.04
PIK,2019-11-02,2019,306,5.35,-0.45,1.39,0.151298696618237,72.3825,11.7980213227403,160.85,590.86,35666.41,2.45
PIK,2019-11-03,2019,307,5.02,-0.94,1.42,0.151282122034253,73.53,11.932980396903,163.4,570.37,35511.43,2.04
PIK,2019-11-04,2019,308,10.84,0.11,1.93,0.340520412890452,110.295,17.822245378293,245.1,615.72,35358.22,5.475
PIK,2019-11-05,2019,309,7.92,0.92,0,0.206305718933875,82.224,13.2294480019344,182.72,652.92,35206.83,4.42
PIK,2019-11-06,2019,310,3.75,-2.29,5.53,0.141602104542035,55.1385,8.8338467374074,122.53,516,35057.32,0.73
PIK,2019-11-07,2019,311,0.92,-5.17,5.38,0.118851718110144,56.691,9.0443488537899,125.98,415.87,34909.77,-2.125
PIK,2019-11-08,2019,312,-1.23,-7.93,0,0.111570575742385,83.106,13.2032567716524,184.68,336.28,34764.22,-4.58
PIK,2019-11-09,2019,313,2.41,-6.4,0,0.174222353595499,99.999,15.8215291031268,222.22,378.61,34620.76,-1.995
PIK,2019-11-10,2019,314,6.18,-1.4,0.35,0.19727683529242,88.992,14.0225620628736,197.76,551.45,34479.44,2.39
PIK,2019-11-11,2019,315,-2.57,-7.51,9.57,0.0795960849185489,53.577,8.4081230020737,119.06,347.57,34340.33,-5.04
PIK,2019-11-12,2019,316,-6.3,-14.18,3,0.0895308034442795,78.8445,12.3241797975839,175.21,204.07,34203.49,-10.24
PIK,2019-11-13,2019,317,-2.75,-18.65,2.45,0.180015823467811,102.375,15.93930940875,227.5,140.25,34069,-10.7
PIK,2019-11-14,2019,318,-0.87,-4.7,2.12,0.0715847376807653,41.8365,6.4884949278606,92.97,430.93,33936.92,-2.785
PIK,2019-11-15,2019,319,1.72,-6.69,0,0.160970896690274,104.8545,16.1999676235265,233.01,370.26,33807.33,-2.485
PIK,2019-11-16,2019,320,-4.05,-13.33,0,0.117682800898117,110.097,16.9460068873212,244.66,218.76,33680.28,-8.69
PIK,2019-11-17,2019,321,1.19,-10.12,0,0.191597225395255,118.5435,18.1786735234508,263.43,283.3,33555.85,-4.465
PIK,2019-11-18,2019,322,1.69,-1.9,6.05,0.0797388350120584,37.2645,5.69378764187415,82.81,531.13,33434.11,-0.105
PIK,2019-11-19,2019,323,2.28,-0.97,0,0.0754997938128337,46.107,7.0197952869288,102.46,568.98,33315.12,0.655
PIK,2019-11-20,2019,324,6.25,-1.39,0,0.199737182453822,94.734,14.372966834901,210.52,551.48,33198.95,2.43
PIK,2019-11-21,2019,325,8.67,-3.12,3.71,0.318138874218783,85.77,12.968557595352,190.6,485.32,33085.68,2.775
PIK,2019-11-22,2019,326,6.73,-2.51,0,0.237593179502093,102.7035,15.4771499279232,228.23,507.71,32975.36,2.11
PIK,2019-11-23,2019,327,4.69,-4.4,0,0.206311141301137,101.7,15.27606467352,226,440.87,32868.08,0.145
PIK,2019-11-24,2019,328,4.81,-5.49,0,0.227555812487381,106.839,15.9971078837547,237.42,405.76,32763.89,-0.34
PIK,2019-11-25,2019,329,5.83,-0.67,0,0.170999374691181,79.6275,11.8859388128505,176.95,581.56,32662.86,2.58
PIK,2019-11-26,2019,330,9.68,0.74,0,0.277848200676982,95.6835,14.2398408575907,212.63,644.42,32565.06,5.21
PIK,2019-11-27,2019,331,7.73,2.08,7.76,0.171266079712075,46.7865,6.9426659430747,103.97,709.4,32470.54,4.905
PIK,2019-11-28,2019,332,3.03,-3.25,0,0.139449244260524,69.741,10.3198416436143,154.98,480.62,32379.39,-0.11
PIK,2019-11-29,2019,333,-2.67,-5.17,0,0.0435747209495486,30.942,4.5661974167016,68.76,415.84,32291.64,-3.92
PIK,2019-11-30,2019,334,-1.83,-6.88,0,0.085185591583055,58.5315,8.6151184194879,130.07,364.85,32207.38,-4.355
PIK,2019-12-01,2019,335,-3.9,-8.2,13.43,0.0649592197640046,42.3945,6.22430921385225,94.21,329.28,32126.65,-6.05
PIK,2019-12-02,2019,336,-2.37,-9.34,2.47,0.106514295772704,62.352,9.1324642871664,138.56,301.31,32049.51,-5.855
PIK,2019-12-03,2019,337,0.53,-14.75,2.54,0.220498555130949,85.149,12.4428622916079,189.22,194.73,31976.03,-7.11
PIK,2019-12-04,2019,338,1.55,-1.97,2.43,0.0774617734976838,33.624,4.9027679775,74.72,528.6,31906.25,-0.21
PIK,2019-12-05,2019,339,-1,-4.04,4.34,0.0577436174073352,29.7945,4.3353918969903,66.21,453.04,31840.22,-2.52
PIK,2019-12-06,2019,340,-1.73,-6.67,3.91,0.0841191676511132,46.557,6.7612596135651,103.46,370.86,31777.99,-4.2
PIK,2019-12-07,2019,341,-2.2,-10.9,0,0.127328262926661,93.834,13.6020512214756,208.52,266.24,31719.62,-6.55
PIK,2019-12-08,2019,342,5.32,-7.3,1.45,0.269301008320849,106.4565,15.4052870921937,236.57,353.27,31665.14,-0.99
PIK,2019-12-09,2019,343,8.24,2.76,8.7,0.172260762011515,47.3985,6.848074704717,105.33,744.53,31614.6,5.5
PIK,2019-12-10,2019,344,6.5,-6.86,0,0.301019030239948,105.93,15.282091320804,235.4,365.51,31568.04,-0.18
PIK,2019-12-11,2019,345,-3.64,-10.16,0,0.0929075377105744,74.3625,10.7135195214375,165.25,282.34,31525.5,-6.9
PIK,2019-12-12,2019,346,-0.45,-11.57,0,0.169873626451792,100.539,14.46711872301,223.42,252.35,31487,-6.01
PIK,2019-12-13,2019,347,3.12,-2.19,3.17,0.122308661217164,46.4715,6.67973184787035,103.27,519.86,31452.57,0.465
PIK,2019-12-14,2019,348,1.66,-0.24,18.56,0.044480865413047,18.6885,2.6836635204657,41.53,599.98,31422.26,0.71
PIK,2019-12-15,2019,349,-0.21,-5.8,7.31,0.102992976038695,49.428,7.0919336710368,109.84,396.39,31396.08,-3.005
PIK,2019-12-16,2019,350,-0.22,-8.19,0,0.136269461233548,86.0445,12.3370055824446,191.21,329.57,31374.04,-4.205
PIK,2019-12-17,2019,351,-0.78,-7.77,1.41,0.118774762802926,79.704,11.4214032761904,177.12,340.52,31356.18,-4.275
PIK,2019-12-18,2019,352,-4.61,-15.64,0.97,0.127285655475022,101.2005,14.4954763876125,224.89,180.86,31342.5,-10.125
PIK,2019-12-19,2019,353,-9.17,-20.21,1.9,0.0921959551139107,101.0565,14.4704723838291,224.57,122.62,31333.02,-14.69
PIK,2019-12-20,2019,354,-5.73,-15.98,0,0.112165859644215,97.2315,13.9204172037717,216.07,175.79,31327.74,-10.855
PIK,2019-12-21,2019,355,0.16,-9.93,0,0.165652775980838,95.6655,13.6957486784045,212.59,287.56,31326.67,-4.885
PIK,2019-12-22,2019,356,5.34,-4.31,0,0.224680843728004,92.124,13.1900592931308,204.72,443.74,31329.81,0.515
PIK,2019-12-23,2019,357,7.59,-1.83,0,0.254099413761912,90.009,12.8902586919795,200.02,534.06,31337.15,2.88
PIK,2019-12-24,2019,358,0.25,-6.02,0,0.11652692563976,71.1045,10.1866837309155,158.01,389.76,31348.7,-2.885
PIK,2019-12-25,2019,359,1.33,-3.21,0,0.095561806986782,54.0135,7.74204906390885,120.03,481.94,31364.43,-0.94
PIK,2019-12-26,2019,360,5.19,-1.71,0,0.172325450087283,75.933,10.8908028678735,168.74,538.86,31384.35,1.74
PIK,2019-12-27,2019,361,9.12,1.11,0,0.246928764563094,82.2015,11.7989139113991,182.67,661.87,31408.42,5.115
PIK,2019-12-28,2019,362,3.39,-1.36,0,0.112831111372141,56.0025,8.045624072412,124.45,553.08,31436.64,1.015
PIK,2019-12-29,2019,363,0.95,-1.81,8.79,0.0599393627675041,25.695,3.6952799915655,57.1,534.86,31468.97,-0.43
PIK,2019-12-30,2019,364,7.16,-0.29,4.54,0.206919256893759,58.887,8.478531298386,130.86,598.03,31505.4,3.435
PIK,2019-12-31,2019,365,1.29,-2,2.96,0.0718308097881856,30.1275,4.34332252045575,66.95,527.34,31545.89,-0.355
PIK,2020-01-01,2020,1,0.04,-4.57,0,0.0892387225488389,53.685,7.750456926579,119.3,435.03,31590.62,-2.265
PIK,2020-01-02,2020,2,5.47,-3.07,0,0.206933463862081,86.5305,12.5115281681166,192.29,487.12,31639.16,1.2
PIK,2020-01-03,2020,3,5.64,1,1.63,0.127272705551913,53.1405,7.69638327959025,118.09,656.66,31691.65,3.32
PIK,2020-01-04,2020,4,1.03,-1.79,1.65,0.0615117654402432,30.8565,4.47692885133435,68.57,535.57,31748.07,-0.38
PIK,2020-01-05,2020,5,-0.19,-4.6,5.89,0.0843962248120024,35.28,5.12844754716,78.4,434.31,31808.35,-2.395
PIK,2020-01-06,2020,6,0.54,-2.87,1.71,0.0706085861720658,37.233,5.4232540770807,82.74,494.49,31872.47,-1.165
PIK,2020-01-07,2020,7,2.94,-8.16,1.07,0.212253432088565,102.3165,14.9348827826699,227.37,330.44,31940.37,-2.61
PIK,2020-01-08,2020,8,-1.89,-12.13,0,0.145962448894928,100.6335,14.722157182189,223.63,241.12,32011.99,-7.01
PIK,2020-01-09,2020,9,2.5,-17.14,0,0.286276934936527,117.288,17.1989850977064,260.64,159.44,32087.29,-7.32
PIK,2020-01-10,2020,10,7.24,-0.68,12.67,0.218311231670286,57.3615,8.4321190123821,127.47,581.04,32166.22,3.28
PIK,2020-01-11,2020,11,10.98,0.81,62.63,0.330689623015057,65.718,9.685292704362,146.04,647.58,32248.7,5.895
PIK,2020-01-12,2020,12,-1.19,-8.8,5.27,0.123480018488397,64.953,9.598077464787,144.34,314.16,32334.7,-4.995
PIK,2020-01-13,2020,13,-0.4,-8.15,0,0.131894754098725,89.0415,13.1940198624717,197.87,330.55,32424.14,-4.275
PIK,2020-01-14,2020,14,0.86,-3.24,0,0.0847356990026161,52.335,7.7771146060215,116.3,481.06,32516.97,-1.19
PIK,2020-01-15,2020,15,2.06,-1.35,1.56,0.0779538242123552,44.298,6.6022606732032,98.44,553.12,32613.12,0.355
PIK,2020-01-16,2020,16,-0.31,-10.62,0,0.162976110366284,107.5095,16.07226839024,238.91,272.22,32712.53,-5.465
PIK,2020-01-17,2020,17,-9.59,-17.93,0,0.0739908662074348,98.181,14.7237322997538,218.18,149.14,32815.14,-13.76
PIK,2020-01-18,2020,18,0.69,-12.5,15.08,0.204482253554437,89.946,13.5322296187014,199.88,234.09,32920.87,-5.905
PIK,2020-01-19,2020,19,-1.49,-12.53,0,0.157691032030498,115.434,17.4242481800508,256.52,233.5,33029.66,-7.01
PIK,2020-01-20,2020,20,-5.31,-18.94,0,0.138134252857306,125.244,18.969008680566,278.32,136.8,33141.45,-12.125
PIK,2020-01-21,2020,21,-2.91,-16.42,0,0.162536420084065,125.838,19.1249469365022,279.64,169.37,33256.17,-9.665
PIK,2020-01-22,2020,22,0.08,-9.49,0,0.158925694058886,111.033,16.9345301835294,246.74,297.58,33373.74,-4.705
PIK,2020-01-23,2020,23,3.47,-8.69,0,0.233369092530855,123.093,18.841603878441,273.54,317.02,33494.1,-2.61
PIK,2020-01-24,2020,24,3.54,-3,21.57,0.148799904102036,64.8,9.95526017784,144,489.7,33617.19,0.27
PIK,2020-01-25,2020,25,2.33,0.2,7.22,0.0515011741906896,24.2415,3.73816511580915,53.87,619.55,33742.93,1.265
PIK,2020-01-26,2020,26,2.59,-0.41,2.68,0.0715436414808498,32.994,5.107194462825,73.32,592.82,33871.25,1.09
PIK,2020-01-27,2020,27,0.48,-1.86,0,0.0499657783398899,35.901,5.5786386405456,79.78,532.95,34002.08,-0.69
PIK,2020-01-28,2020,28,-0.4,-5.02,0,0.0868775371672472,68.004,10.6085284679808,151.12,420.48,34135.36,-2.71
PIK,2020-01-29,2020,29,-4.33,-12.05,0,0.101036590753867,105.2865,16.4898201648411,233.97,242.65,34271.02,-8.19
PIK,2020-01-30,2020,30,-3.11,-12.46,0,0.126113902628546,119.2815,18.7569066489304,265.07,234.82,34408.99,-7.785
PIK,2020-01-31,2020,31,-1.63,-7.29,1.18,0.0947899617028824,84.06,13.272224128182,186.8,353.53,34549.21,-4.46
PIK,2020-02-01,2020,32,-0.58,-5.53,2.22,0.090919493142146,56.9295,9.025637770854,126.51,404.59,34691.6,-3.055
PIK,2020-02-02,2020,33,1.04,-3.14,3.05,0.0873424502987967,49.0905,7.8152555614185,109.09,484.49,34836.1,-1.05
PIK,2020-02-03,2020,34,4.28,-2.15,0,0.153978496380355,94.7385,15.1459113067043,210.53,521.44,34982.65,1.065
PIK,2020-02-04,2020,35,1.67,-4.99,0,0.13411661016312,98.9235,15.8821177312161,219.83,421.51,35131.18,-1.66
PIK,2020-02-05,2020,36,-4.98,-10.31,1.89,0.0723216978207552,84.285,13.5898646833935,187.3,278.87,35281.63,-7.645
PIK,2020-02-06,2020,37,-4.78,-7.48,5.81,0.0406041009296229,35.1585,5.69332349352585,78.13,348.43,35433.93,-6.13
PIK,2020-02-07,2020,38,-5.46,-11.8,0,0.0804611869323202,103.3785,16.8131998182524,229.73,247.54,35588.03,-8.63
PIK,2020-02-08,2020,39,-9.73,-18.41,0,0.0753692012585933,132.705,21.677287461741,294.9,143.15,35743.86,-14.07
PIK,2020-02-09,2020,40,0.08,-14.51,6.27,0.208469187992175,117.702,19.3112747674704,261.56,198.54,35901.36,-7.215
PIK,2020-02-10,2020,41,1.88,-2.37,0,0.0933605897948364,76.959,12.6825621380361,171.02,513.16,36060.47,-0.245
PIK,2020-02-11,2020,42,1.62,-3.11,0,0.100673614970599,86.3505,14.2936509215349,191.89,485.69,36221.14,-0.745
PIK,2020-02-12,2020,43,1,-4.57,1.35,0.111199264657368,101.313,16.8454874471571,225.14,435.06,36383.31,-1.785
PIK,2020-02-13,2020,44,-0.79,-16.64,1.76,0.205681198880552,167.5305,27.9808476794442,372.29,166.36,36546.92,-8.715
PIK,2020-02-14,2020,45,-10.11,-25.2,0,0.103171515556992,168.75,28.311773805,375,78.74,36711.92,-17.655
PIK,2020-02-15,2020,46,-0.67,-14.04,0,0.188188750834087,164.394,27.7059205621908,365.32,206.43,36878.26,-7.355
PIK,2020-02-16,2020,47,2.75,-5.74,0,0.173349239438323,135.0135,22.8577350414497,300.03,398.15,37045.87,-1.495
PIK,2020-02-17,2020,48,-0.7,-7.95,5.33,0.12278154405476,94.0185,15.9898457361024,208.93,335.84,37214.72,-4.325
PIK,2020-02-18,2020,49,4.38,-5,2.56,0.207047546742069,110.322,18.848326980015,245.16,421.23,37384.75,-0.31
PIK,2020-02-19,2020,50,-2.3,-7.6,0,0.0860554805757927,103.6485,17.789244780992,230.33,345.01,37555.91,-4.95
PIK,2020-02-20,2020,51,-7,-13.71,0,0.0755645099027795,129.573,22.3406715803715,287.94,212.06,37728.15,-10.355
PIK,2020-02-21,2020,52,-0.26,-13.67,0,0.193769396451999,178.542,30.9251768158242,396.76,212.84,37901.43,-6.965
PIK,2020-02-22,2020,53,3.86,-5.97,0,0.207120291495093,161.676,28.1325784219308,359.28,391.24,38075.69,-1.055
PIK,2020-02-23,2020,54,6.92,-3.29,0,0.258210939295113,163.6965,28.6152382058845,363.77,479.23,38250.91,1.815
PIK,2020-02-24,2020,55,7.85,-1.31,0,0.25299455488111,154.44,27.121437187416,343.2,554.88,38427.02,3.27
PIK,2020-02-25,2020,56,3.75,-0.63,2.67,0.107954319033097,66.8565,11.79484244982,148.57,583.12,38604,1.56
PIK,2020-02-26,2020,57,0.11,-4.34,15.65,0.0868813365023247,68.949,12.2200229689047,153.22,442.75,38781.79,-2.115
PIK,2020-02-27,2020,58,-4.34,-7.83,4.73,0.0525916475844521,56.7045,10.0961707426434,126.01,339.01,38960.36,-6.085
PIK,2020-02-28,2020,59,-5.71,-11.82,4.43,0.0767993652768809,95.067,17.0044675614954,211.26,247.17,39139.66,-8.765
PIK,2020-02-29,2020,60,-7.12,-17.46,0,0.102351565917561,178.6635,32.1042036649756,397.03,155.18,39319.67,-12.29
PIK,2020-03-01,2020,61,2.71,-16.01,0,0.283735152892449,203.31,36.700811261811,451.8,175.41,39500.33,-6.65
PIK,2020-03-02,2020,62,5.62,-2.81,5.25,0.206975545526526,115.3935,20.926029376355,256.43,496.54,39681.61,1.405
PIK,2020-03-03,2020,63,3.53,-2.76,11.35,0.144140367377015,94.095,17.141860468242,209.1,498.49,39863.48,0.385
PIK,2020-03-04,2020,64,4.47,-0.45,0,0.124513361099653,102.4695,18.7529189097285,227.71,591.09,40045.9,2.01
PIK,2020-03-05,2020,65,4.93,-3.7,0,0.201785195620949,160.5465,29.5157995370442,356.77,464.49,40228.84,0.615
PIK,2020-03-06,2020,66,1.7,-3.66,0,0.112524407429872,113.2605,20.9174001999413,251.69,466.04,40412.25,-0.98
PIK,2020-03-07,2020,67,2.53,-9.61,0,0.219271479558693,192.8835,35.7845702239314,428.63,294.88,40596.12,-3.54
PIK,2020-03-08,2020,68,10.76,-2.21,0,0.385478622931081,193.7745,36.113061402486,430.61,519.26,40780.4,4.275
PIK,2020-03-09,2020,69,15.37,4.88,2.63,0.438933262221195,128.9925,24.1487277443685,286.65,864.68,40965.06,10.125
PIK,2020-03-10,2020,70,10.01,-2.17,4.57,0.353331686881238,143.3655,26.9607231996768,318.59,520.71,41150.08,3.92
PIK,2020-03-11,2020,71,2.53,-5.54,0,0.164520279192233,155.7405,29.4198202144499,346.09,404.27,41335.41,-1.505
PIK,2020-03-12,2020,72,7.1,-2.74,5.57,0.254506630723342,130.4685,24.7565423166764,289.93,499.12,41521.03,2.18
PIK,2020-03-13,2020,73,6.92,1.12,0,0.166349207270694,117.594,22.4134898256936,261.32,662.44,41706.92,4.02
PIK,2020-03-14,2020,74,1.98,-2.52,0,0.0988111600231089,98.937,18.9416021406327,219.86,507.38,41893.03,-0.27
PIK,2020-03-15,2020,75,2.27,-6.15,0,0.166880820444345,169.5465,32.6042300242467,376.77,386.01,42079.34,-1.94
PIK,2020-03-16,2020,76,3.43,-6.56,0.76,0.203824669646375,190.026,36.7044335307324,422.28,373.9,42265.82,-1.565
PIK,2020-03-17,2020,77,6.81,-2.26,0.84,0.2354708681544,179.1855,34.7633661012008,398.19,517.28,42452.45,2.275
PIK,2020-03-18,2020,78,3.72,-5.7,0,0.199119086238508,185.589,36.1640763723987,412.42,399.37,42639.19,-0.99
PIK,2020-03-19,2020,79,9.72,-0.26,2.88,0.302310035296507,141.2955,27.6536298065144,313.99,599.07,42826.01,4.73
PIK,2020-03-20,2020,80,16.01,-3.08,3.53,0.664645579313819,170.0595,33.4284100909844,377.91,486.87,43012.89,6.465
PIK,2020-03-21,2020,81,-0.98,-10.43,0,0.146728442548543,185.994,36.719509457484,413.32,276.3,43199.8,-5.705
PIK,2020-03-22,2020,82,1.08,-8.59,3.48,0.170938626324477,142.6995,28.2940600126905,317.11,319.45,43386.7,-3.755
PIK,2020-03-23,2020,83,1.91,-1.88,6.33,0.0846572996085977,67.473,13.4359835464638,149.94,532.07,43573.58,0.015
PIK,2020-03-24,2020,84,5.9,-1.06,0,0.181438420342999,154.746,30.9468902147802,343.88,565.19,43760.41,2.42
PIK,2020-03-25,2020,85,9.39,-0.97,0,0.304049704722201,180.0045,36.1518211369341,400.01,569.03,43947.14,4.21
PIK,2020-03-26,2020,86,11.2,0.23,0,0.353483630909534,183.7035,37.0514030385812,408.23,621.12,44133.77,5.715
PIK,2020-03-27,2020,87,9.62,-0.48,0,0.30305933863369,176.355,35.7195664375875,391.9,589.54,44320.25,4.57
PIK,2020-03-28,2020,88,8.87,0.52,6.24,0.251357597387102,116.6085,23.7175887610517,259.13,634.01,44506.57,4.695
PIK,2020-03-29,2020,89,15.73,4.78,10.84,0.46236142283306,134.064,27.3819750934464,297.92,858.58,44692.68,10.255
PIK,2020-03-30,2020,90,7.56,3.1,6.31,0.138310341985077,69.669,14.2887648926448,154.82,762.94,44878.56,5.33
PIK,2020-03-31,2020,91,5.42,2.25,0,0.0894908141707766,71.8605,14.7991886964873,159.69,718.27,45064.18,3.835
PIK,2020-04-01,2020,92,9.74,-0.89,0,0.316538225537432,189.828,39.2545902832992,421.84,572.2,45249.52,4.425
PIK,2020-04-02,2020,93,12.26,-1.13,0,0.431262443605953,207.513,43.0871282011773,461.14,562.18,45434.53,5.565
PIK,2020-04-03,2020,94,9.72,0.18,3.69,0.292532314815018,132.444,27.611891214336,294.32,618.57,45619.2,4.95
PIK,2020-04-04,2020,95,9.66,4.08,0,0.190019527541966,117.9765,24.6950655600654,262.17,817.83,45803.48,6.87
PIK,2020-04-05,2020,96,8.91,0.76,0,0.246982857291457,161.487,33.9384541158306,358.86,645.46,45987.34,4.835
PIK,2020-04-06,2020,97,13.2,-3.27,0,0.517694781562927,223.119,47.0781922680108,495.82,479.83,46170.76,4.965
PIK,2020-04-07,2020,98,14.38,-0.09,5.93,0.514559963932852,160.965,34.098247574685,357.7,606.56,46353.7,7.145
PIK,2020-04-08,2020,99,12.05,2.9,10.39,0.326028351409821,130.1445,27.6778397168838,289.21,752.35,46536.12,7.475
PIK,2020-04-09,2020,100,7.09,-0.38,3.71,0.206540239527598,116.388,24.8489793299484,258.64,594.04,46717.99,3.355
PIK,2020-04-10,2020,101,5.13,-1.2,0,0.160080039002742,138.0825,29.595182125842,306.85,559.55,46899.28,1.965
PIK,2020-04-11,2020,102,8.45,-3.08,0,0.309079617419128,205.704,44.2583111383632,457.12,486.82,47079.94,2.685
PIK,2020-04-12,2020,103,12.89,0.9,11.37,0.416175613234933,153.8685,33.2321994759573,341.93,651.96,47259.94,6.895
PIK,2020-04-13,2020,104,13.62,2.18,5.07,0.421032208191056,149.2065,32.3475771599213,331.57,714.58,47439.25,7.9
PIK,2020-04-14,2020,105,5.85,-3.08,0,0.219318717025445,177.012,38.5201897810488,393.36,486.56,47617.82,1.385
PIK,2020-04-15,2020,106,2.35,-5.67,0.77,0.161802957868517,166.8285,36.4396715475845,370.73,400.34,47795.61,-1.66
PIK,2020-04-16,2020,107,3.12,-5.37,0.63,0.17734845006414,174.42,38.238922705446,387.6,409.71,47972.59,-1.125
PIK,2020-04-17,2020,108,6.62,-4.26,0,0.264937602676467,202.3425,44.5233637140098,449.65,445.57,48148.71,1.18
PIK,2020-04-18,2020,109,9.89,-5.2,0,0.401539715133411,230.031,50.8001183617464,511.18,414.76,48323.92,2.345
PIK,2020-04-19,2020,110,11.34,-0.99,3.04,0.386320936617464,160.461,35.5640510597463,356.58,568.09,48498.19,5.175
PIK,2020-04-20,2020,111,7.03,-5.03,0.76,0.291567899787498,215.0775,47.8393910663873,477.95,420.27,48671.47,1.0
PIK,2020-04-21,2020,112,5.39,-2.9,1.24,0.201391636848697,173.3535,38.6952402546414,385.23,493.27,48843.72,1.245
PIK,2020-04-22,2020,113,4.03,-4.98,0,0.196606086060093,183.195,41.035313903112,407.1,421.88,49014.88,-0.475
PIK,2020-04-23,2020,114,7.11,-6.49,0,0.316393742527055,225.9675,50.7918535574423,502.15,376.07,49184.91,0.31
PIK,2020-04-24,2020,115,7.86,0.72,0,0.208776066918281,151.5105,34.1726907449736,336.69,643.61,49353.76,4.29
PIK,2020-04-25,2020,116,13.96,-2.44,0,0.55172381272106,237.348,53.7148682860968,527.44,499.45,49521.38,5.76
PIK,2020-04-26,2020,117,10.88,5.22,0.83,0.206960688232647,122.562,27.8305007665014,272.36,885.59,49687.71,8.05
PIK,2020-04-27,2020,118,14.41,0.29,0,0.520659303471222,226.575,51.61988675538,503.5,610.52,49852.72,7.35
PIK,2020-04-28,2020,119,12.47,4.39,0,0.304277799547516,164.727,37.6524127630287,366.06,835.34,50016.33,8.43
PIK,2020-04-29,2020,120,14.29,7.14,4.34,0.307045171897111,110.2545,25.2830928071025,245.01,1011,50178.5,10.715
PIK,2020-04-30,2020,121,13.31,8.33,10.12,0.213997826041418,79.803,18.3586843476378,177.34,1096.58,50339.18,10.82
PIK,2020-05-01,2020,122,15.18,5.06,0,0.422959745553815,191.0385,44.0873273139341,424.53,875.54,50498.29,10.12
PIK,2020-05-02,2020,123,16.69,2.77,1.21,0.593244418869924,225.909,52.297257128454,502.02,727.4,50655.8,9.73
PIK,2020-05-03,2020,124,19.02,5.87,0,0.66661274238447,217.629,50.5354449094839,483.62,894.07,50811.63,12.445
PIK,2020-05-04,2020,125,9.61,0.86,0,0.272175126594739,175.6125,40.9025020164863,390.25,650.08,50965.73,5.235
PIK,2020-05-05,2020,126,11.34,-1.15,0,0.389633238555976,217.62,50.838086942136,483.6,561.47,51118.04,5.095
PIK,2020-05-06,2020,127,13.44,-1.07,0,0.495878868569351,232.3485,54.4385563418561,516.33,555.95,51268.49,6.185
PIK,2020-05-07,2020,128,10.42,-0.07,1.95,0.326802512111988,200.295,47.0644832889945,445.1,607.57,51417.03,5.175
PIK,2020-05-08,2020,129,5.01,-3.33,0,0.197473639763786,174.2985,41.0726677442391,387.33,477.74,51563.58,0.84
PIK,2020-05-09,2020,130,4.19,-4.91,1.33,0.200211342268282,186.093,43.9748871171309,413.54,423.99,51708.09,-0.36
PIK,2020-05-10,2020,131,5.99,-1.42,2.98,0.191841286785602,118.3545,28.0448909926812,263.01,550.32,51850.48,2.285
PIK,2020-05-11,2020,132,6.49,-1.47,1.87,0.209170377707171,168.642,40.068917426358,374.76,548.35,51990.7,2.51
PIK,2020-05-12,2020,133,6.69,-3.31,0,0.25101171298821,199.6065,47.5518707753994,443.57,478.28,52128.68,1.69
PIK,2020-05-13,2020,134,12.84,-4.32,0,0.538548291938318,249.4125,59.5716852301425,554.25,423.22,52264.34,4.26
PIK,2020-05-14,2020,135,13.75,1.69,1.64,0.453776126783411,215.712,51.6537848608992,479.36,676.16,52397.63,7.72
PIK,2020-05-15,2020,136,15.84,7.88,5.72,0.365761202022539,120.1095,28.832898982315,266.91,1063.64,52528.47,11.86
PIK,2020-05-16,2020,137,17.41,6.97,0,0.497199105774872,194.0265,46.690842745764,431.17,994.39,52656.8,12.19
PIK,2020-05-17,2020,138,17.2,5.51,6.13,0.526930700169931,156.0285,37.6366030787223,346.73,903.77,52782.54,11.355
PIK,2020-05-18,2020,139,14.29,9.87,4.72,0.203592491650617,72.9045,17.6267573556709,162.01,1217,52905.63,12.08
PIK,2020-05-19,2020,140,17.8,10.32,0,0.389046048429105,155.412,37.66080657384,345.36,1254.2,53026,14.06
PIK,2020-05-20,2020,141,19.94,8.25,0,0.667882691111904,211.572,51.3836793304632,470.16,1039.35,53143.58,14.095
PIK,2020-05-21,2020,142,21.34,6.58,0,0.866992862747172,233.793,56.902979034783,519.54,886.23,53258.3,13.96
PIK,2020-05-22,2020,143,25.08,7.78,0,1.19145495047897,241.839,58.9848492234807,537.42,924.68,53370.09,16.43
PIK,2020-05-23,2020,144,26.03,9.92,0,1.21655541908474,234.5355,57.3201415178415,521.19,1073.78,53478.9,17.975
PIK,2020-05-24,2020,145,25.57,15.12,9.25,0.77507198991081,136.728,33.4821994066944,303.84,1717.91,53584.64,20.345
PIK,2020-05-25,2020,146,29.86,16.71,0,1.29816863923037,206.316,50.61978172647,458.48,1752.44,53687.25,23.285
PIK,2020-05-26,2020,147,30.93,16.22,0,1.50332801193996,215.676,53.0142469874712,479.28,1651,53786.66,23.575
PIK,2020-05-27,2020,148,29.08,17.66,0,1.16379415320902,189.3735,46.6321804346439,420.83,1853.16,53882.82,23.37
PIK,2020-05-28,2020,149,24.15,17.01,5.88,0.532121760013723,101.3355,24.9963027572601,225.19,1937.88,53975.66,20.58
PIK,2020-05-29,2020,150,23.71,12.6,3.51,0.733507172566827,144.2565,35.6425429810676,320.57,1457.97,54065.11,18.155
PIK,2020-05-30,2020,151,16.55,6.63,1.58,0.455413882664531,185.211,45.8342722403397,411.58,972.04,54151.11,11.59
PIK,2020-05-31,2020,152,13.92,4.78,0,0.364330224303978,177.1245,43.8998818188137,393.61,858.46,54233.61,9.35
PIK,2020-06-01,2020,153,22.29,4.8,0,1.03818638646589,245.0115,60.8138898065397,544.47,734.35,54312.54,13.545
PIK,2020-06-02,2020,154,22.99,12.14,0,0.820006057640569,191.313,47.5513195540185,425.14,1287.57,54387.85,17.565
PIK,2020-06-03,2020,155,25.17,11.75,1.16,1.10728754864682,214.8165,53.4634926263694,477.37,1178.27,54459.48,18.46
PIK,2020-06-04,2020,156,27.91,13.6,0,1.35338486867096,218.25,54.385755104475,485,1300.81,54527.39,20.755
PIK,2020-06-05,2020,157,27.8,13.17,0,1.3637696537005,221.1075,55.1626067987753,491.35,1256.94,54591.51,20.485
PIK,2020-06-06,2020,158,23.55,11.89,0,0.897470120144955,198.0585,49.4668476847445,440.13,1246.77,54651.81,17.72
PIK,2020-06-07,2020,159,20.3,8.76,0,0.721036139970769,199.5885,49.9004403845323,443.53,1031.51,54708.23,14.53
PIK,2020-06-08,2020,160,23.16,7.09,0,1.08433594108863,234.738,58.7447187710418,521.64,834.63,54760.73,15.125
PIK,2020-06-09,2020,161,31.14,13.72,6.54,1.63218215641488,170.667,42.7483987312032,379.26,1412.33,54809.28,22.43
PIK,2020-06-10,2020,162,30.19,16.11,14.34,1.30216462125408,151.668,38.0204380461708,337.04,1753.1,54853.83,23.15
PIK,2020-06-11,2020,163,23.81,14.66,0,0.652631152314094,155.5245,39.0159926581478,345.61,1652.05,54894.35,19.235
PIK,2020-06-12,2020,164,16.06,7.73,0,0.384000115627888,154.737,38.844210302172,343.86,1052.71,54930.8,11.895
PIK,2020-06-13,2020,165,17.94,5.92,0,0.615493539371908,203.2155,51.0440028072786,451.59,874.99,54963.16,11.93
PIK,2020-06-14,2020,166,18.6,4.43,0,0.727993681839945,221.8185,55.7453722014185,492.93,760.15,54991.41,11.515
PIK,2020-06-15,2020,167,21.09,5.56,0,0.906649587988896,228.9645,57.5664562390352,508.81,794.24,55015.51,13.325
PIK,2020-06-16,2020,168,23.79,6.49,0,1.13851213810042,236.7,59.53289193855,526,814.96,55035.45,15.14
PIK,2020-06-17,2020,169,27.12,8.19,0,1.4460232040942,239.2965,60.203177763106,531.77,888.69,55051.21,17.655
PIK,2020-06-18,2020,170,28.93,10.72,0,1.58659290165014,231.3945,58.2273957214647,514.21,1048.11,55062.78,19.825
PIK,2020-06-19,2020,171,29.11,13.85,0,1.46747823801864,209.2545,52.6632120964404,465.01,1334.95,55070.16,21.48
PIK,2020-06-20,2020,172,30.56,15.9,0,1.55244670378942,201.5595,50.7295173504078,447.91,1536.54,55073.32,23.23
PIK,2020-06-21,2020,173,29.52,17.51,0,1.26587743629684,176.6655,44.4632295022938,392.59,1793.29,55072.28,23.515
PIK,2020-06-22,2020,174,29.83,18.42,0,1.26303403851057,170.4735,42.9007348778818,378.83,1892.06,55067.03,24.125
PIK,2020-06-23,2020,175,25.36,17.22,5.55,0.632051260832648,98.46,24.773825323854,218.8,1963.51,55057.57,21.29
PIK,2020-06-24,2020,176,20.8,14.12,0,0.419233683898611,115.47,29.046560991768,256.6,1610.54,55043.92,17.46
PIK,2020-06-25,2020,177,24.67,11.37,0,1.05281895190516,202.581,50.9428883459853,450.18,1168.73,55026.09,18.02
PIK,2020-06-26,2020,178,28.16,13.14,0,1.4035672249616,212.8815,53.5117343282964,473.07,1255.23,55004.08,20.65
PIK,2020-06-27,2020,179,28.22,16.46,10.28,0.991970832199813,131.274,32.9824796174874,291.72,1853.43,54977.93,22.34
PIK,2020-06-28,2020,180,27.23,15.81,0,1.09599557478721,175.1985,43.9942205668878,389.33,1604.06,54947.64,21.52
PIK,2020-06-29,2020,181,29.97,15.28,0,1.59252885956241,205.641,51.6063300918588,456.98,1388.59,54913.24,22.625
PIK,2020-06-30,2020,182,27.47,15.96,0,1.14193976621116,174.2625,43.7011487545613,387.25,1592.29,54874.77,21.715
PIK,2020-07-01,2020,183,29.35,14.86,0,1.52289432979645,204.7365,51.3035646912113,454.97,1360.95,54832.25,22.105
PIK,2020-07-02,2020,184,32.33,18.53,0,1.73872408855589,192.0735,48.0895756284605,426.83,1745,54785.71,25.43
PIK,2020-07-03,2020,185,30.91,18.37,0,1.51655009392026,181.332,45.358361818848,402.96,1769.16,54735.2,24.64
PIK,2020-07-04,2020,186,30.06,16.15,0,1.56067588510641,197.613,49.3817156173575,439.14,1481,54680.75,23.105
PIK,2020-07-05,2020,187,30.86,15.6,0,1.72632722468371,208.647,52.083375510096,463.66,1383.36,54622.4,23.23
PIK,2020-07-06,2020,188,31.05,16.89,0,1.66396748473313,197.451,49.232454849414,438.78,1545.74,54560.2,23.97
PIK,2020-07-07,2020,189,33.42,18.45,0,2.00004104299816,200.565,49.94840554911,445.7,1631.37,54494.2,25.935
PIK,2020-07-08,2020,190,33.07,19.28,0,1.94752350088964,191.3175,47.584429444629,425.15,1690.22,54424.44,26.175
PIK,2020-07-09,2020,191,34.31,18.69,0,2.26843065281591,207.3465,51.5015486187849,460.77,1510.13,54350.98,26.5
PIK,2020-07-10,2020,192,32.29,20.67,7.94,1.37991588839475,123.6735,30.6749343388037,274.83,2249.67,54273.87,26.48
PIK,2020-07-11,2020,193,25.97,19.01,6.77,0.573455221219555,82.692,20.4797273953104,183.76,2198.29,54193.16,22.49
PIK,2020-07-12,2020,194,26.53,16.84,4.85,0.791790836299138,111.9555,27.6841057522842,248.79,1896.3,54108.92,21.685
PIK,2020-07-13,2020,195,24.17,16.43,0,0.645429851113402,126.2295,31.163145628878,280.51,1791.4,54021.2,20.3
PIK,2020-07-14,2020,196,27.08,15.08,0,1.26382581002409,183.42,45.205770218058,407.6,1379.44,53930.07,21.08
PIK,2020-07-15,2020,197,28.7,14.69,0,1.54466542094753,203.004,49.9447900362024,451.12,1254.66,53835.58,21.695
PIK,2020-07-16,2020,198,25.88,19.97,6.81,0.497475795557953,72.99,17.925008304897,162.2,2332.82,53737.79,22.925
PIK,2020-07-17,2020,199,30.64,18.13,0,1.57938526903496,188.2935,46.1545186496301,418.43,1656.41,53636.78,24.385
PIK,2020-07-18,2020,200,32.14,17.77,0,1.87787690687454,205.407,50.2515957977739,456.46,1530.39,53532.61,24.955
PIK,2020-07-19,2020,201,30.2,20.15,14.98,1.03776002481155,117.567,28.7044356241665,261.26,2282.63,53425.35,25.175
PIK,2020-07-20,2020,202,27.82,16.35,0,1.19962142600477,182.754,44.5279799718468,406.12,1595.21,53315.06,22.085
PIK,2020-07-21,2020,203,25.52,13.43,0,1.09660208896014,193.3155,47.001227835303,429.59,1302.71,53201.8,19.475
PIK,2020-07-22,2020,204,26.34,17.08,7.78,0.736645932564222,114.8985,27.8745445641807,255.33,1946.82,53085.66,21.71
PIK,2020-07-23,2020,205,26.55,16.5,0,0.940527089458719,165.033,39.9475129590108,366.74,1729.16,52966.68,21.525
PIK,2020-07-24,2020,206,28.4,14.32,0,1.39009876445538,205.803,49.7017264541616,457.34,1355.59,52844.96,21.36
PIK,2020-07-25,2020,207,29.95,14.46,0,1.60389288078448,214.209,51.6099984679215,476.02,1330.23,52720.55,22.205
PIK,2020-07-26,2020,208,33.22,18.34,0,1.88187278823325,203.346,48.8746870719822,451.88,1713.57,52593.51,25.78
PIK,2020-07-27,2020,209,31.6,20.31,4.5,1.13237114354464,123.6645,29.6498203186865,274.81,2377.99,52463.93,25.955
PIK,2020-07-28,2020,210,28.5,16.36,0.23,1.22033818326832,183.672,43.9263794657448,408.16,1650.51,52331.87,22.43
PIK,2020-07-29,2020,211,27.99,17.06,2.61,0.912284259340304,126.153,30.092803812054,280.34,1943.94,52197.4,22.525
PIK,2020-07-30,2020,212,27.58,13.39,0,1.35089536539924,206.0505,49.0228860245553,457.89,1256.91,52060.58,20.485
PIK,2020-07-31,2020,213,28.49,14.54,0,1.40745799443583,202.3605,48.0163349066778,449.69,1360.02,51921.48,21.515
PIK,2020-08-01,2020,214,29.84,14.69,11.84,1.3956265601153,154.602,36.5843096048052,343.56,1537.47,51780.18,22.265
PIK,2020-08-02,2020,215,26.6,17.59,30.35,0.731338519243205,108.3015,25.5569723854142,240.67,2010.4,51636.73,22.095
PIK,2020-08-03,2020,216,24.65,16.74,9.23,0.594752014787142,99.4905,23.411585517552,221.09,1904.5,51491.2,20.695
PIK,2020-08-04,2020,217,24.08,16.56,4.72,0.552687964381117,96.9165,22.7405341283783,215.37,1883.78,51343.65,20.32
PIK,2020-08-05,2020,218,22.76,11.41,0,0.706821172981438,184.23,43.101955442376,409.4,1348.15,51194.16,17.085
PIK,2020-08-06,2020,219,24.19,10.96,0,0.886979016057545,201.7215,47.0546674861689,448.27,1272.65,51042.78,17.575
PIK,2020-08-07,2020,220,25.97,11.24,0,1.07305431545194,210.9555,49.0609461471633,468.79,1267.35,50889.58,18.605
PIK,2020-08-08,2020,221,27.67,12.38,2.87,1.13114749628339,157.644,36.5508913448988,350.32,1437.36,50734.61,20.025
PIK,2020-08-09,2020,222,29.13,16.71,0,1.10396763999722,183.7575,42.4739264496435,408.35,1860.01,50577.94,22.92
PIK,2020-08-10,2020,223,31.54,21.65,0,1.01803303009429,147.861,34.0697928852351,328.58,2586.51,50419.63,26.595
PIK,2020-08-11,2020,224,27.76,16.19,0,0.941892155741026,174.5955,40.1023106897126,387.99,1837,50259.73,21.975
PIK,2020-08-12,2020,225,29.35,11.7,0,1.45833364281676,218.727,50.0773884447609,486.06,1268.48,50098.31,20.525
PIK,2020-08-13,2020,226,29.65,14.28,0,1.35039396605547,202.356,46.1786245523064,449.68,1538.07,49935.42,21.965
PIK,2020-08-14,2020,227,28.34,16.32,0,1.01744422488193,174.114,39.6029210026878,386.92,1833.06,49771.11,22.33
PIK,2020-08-15,2020,228,27.74,13.83,0,1.12413236725053,191.1825,43.340472589896,424.85,1523.23,49605.44,20.785
PIK,2020-08-16,2020,229,23.47,15.82,6.69,0.542473753685894,92.628,20.9277925250616,205.84,1796.75,49438.46,19.645
PIK,2020-08-17,2020,230,24.32,13.95,5.15,0.72038653329288,120.069,27.0353250264726,266.82,1592.7,49270.22,19.135
PIK,2020-08-18,2020,231,22.95,11.11,1.73,0.736150966007592,178.002,39.9419692799292,395.56,1321.57,49100.78,17.03
PIK,2020-08-19,2020,232,21.82,9.59,0,0.706922469624568,182.5065,40.810455186044,405.57,1194.34,48930.19,15.705
PIK,2020-08-20,2020,233,25.67,8.04,0,1.16350953377127,216.3825,48.215701819602,480.85,1018.75,48758.48,16.855
PIK,2020-08-21,2020,234,28.12,15.5,0,1.0182868661821,173.3625,38.492844407595,385.25,1760.47,48585.72,21.81
PIK,2020-08-22,2020,235,28.74,17.06,0,0.995926663693248,161.604,35.7536836035432,359.12,1944.36,48411.94,22.9
PIK,2020-08-23,2020,236,30.67,15.58,0,1.39880773846547,189.153,41.697644688612,420.34,1685.72,48237.2,23.125
PIK,2020-08-24,2020,237,30.85,18.35,9.81,1.16802815339326,123.5925,27.1460040346192,274.65,2108.73,48061.53,24.6
PIK,2020-08-25,2020,238,25.39,15.46,0,0.739218483191259,146.9925,32.1670094565105,326.65,1755.29,47884.98,20.425
PIK,2020-08-26,2020,239,20.88,9.64,16.96,0.63198647217166,125.424,27.3454028304912,278.72,1198.24,47707.59,15.26
PIK,2020-08-27,2020,240,27.64,16.18,4.37,0.927555371206026,119.619,25.9823716611903,265.82,1837.75,47529.41,21.91
PIK,2020-08-28,2020,241,22.61,14.59,9.11,0.538090752480677,93.3255,20.1948587360915,207.39,1659.87,47350.47,18.6
PIK,2020-08-29,2020,242,24.88,15.06,0.7,0.712934573440065,145.998,31.4728767069966,324.44,1710.94,47170.81,19.97
PIK,2020-08-30,2020,243,21.11,11.83,0,0.554974596287064,144.5535,31.0423572626076,321.23,1386.62,46990.48,16.47
PIK,2020-08-31,2020,244,22.98,11.12,0,0.738159488103762,171.747,36.740017768005,381.66,1322.54,46809.5,17.05
PIK,2020-09-01,2020,245,26.42,16.9,9.3,0.756317128464135,104.706,22.3117590712464,232.68,1924.23,46627.92,21.66
PIK,2020-09-02,2020,246,26.64,15.46,5.21,0.862974395649231,117.3195,24.9019049267635,260.71,1755.75,46445.77,21.05
PIK,2020-09-03,2020,247,25.79,11.42,6.71,0.981775361896517,137.5965,29.0909714327554,305.77,1348.85,46263.09,18.605
PIK,2020-09-04,2020,248,21.5,11.04,0,0.62115776512826,152.8425,32.1863667038797,339.65,1315.42,46079.91,16.27
PIK,2020-09-05,2020,249,20.66,9.4,0,0.625241649945014,162.171,34.0147110899169,360.38,1178.85,45896.27,15.03
PIK,2020-09-06,2020,250,20.69,6.72,10.33,0.726218995462292,138.519,28.9372712890077,307.82,982.1,45712.19,13.705
PIK,2020-09-07,2020,251,22.68,13.04,0,0.623328914544284,141.615,29.464654869846,314.7,1501.11,45527.72,17.86
PIK,2020-09-08,2020,252,14.3,12.23,7.37,0.101370459804947,29.8575,6.186980430972,66.35,1422.76,45342.88,13.265
PIK,2020-09-09,2020,253,17,12.6,0.57,0.237137558542736,74.1015,15.2923776109335,164.67,1457.93,45157.7,14.8
PIK,2020-09-10,2020,254,18.07,12.41,0,0.313519925145492,94.23,19.366436568042,209.4,1440.05,44972.22,15.24
PIK,2020-09-11,2020,255,17.52,8.1,0,0.45919810957886,149.535,30.605944863177,332.3,1079.32,44786.46,12.81
PIK,2020-09-12,2020,256,20.73,6.76,1.1,0.727621313978525,186.4935,38.0118702036357,414.43,985.05,44600.46,13.745
PIK,2020-09-13,2020,257,24.42,13.76,5.44,0.73994019104962,115.029,23.3477953080525,255.62,1572.52,44414.25,19.09
PIK,2020-09-14,2020,258,15.85,6.73,0,0.406992505451897,146.745,29.6602864265025,326.1,982.82,44227.85,11.29
PIK,2020-09-15,2020,259,17.61,2.73,0,0.633305876295863,191.034,38.4491639379402,424.52,743.11,44041.29,10.17
PIK,2020-09-16,2020,260,23.26,11.88,0,0.727573554202158,158.202,31.706136411444,351.56,1391.07,43854.6,17.57
PIK,2020-09-17,2020,261,17.16,7.86,0,0.445259525795003,143.028,28.5429447824472,317.84,1062.06,43667.82,12.51
PIK,2020-09-18,2020,262,14.08,2.17,0,0.444807996041229,170.5545,33.890549197243,379.01,714.14,43480.97,8.125
PIK,2020-09-19,2020,263,13.83,-0.52,0,0.495069968264078,186.651,36.9296282702349,414.78,588.09,43294.07,6.655
PIK,2020-09-20,2020,264,16.33,3.92,0,0.522473953312589,170.9955,33.6860658264546,379.99,808.21,43107.16,10.125
PIK,2020-09-21,2020,265,18.34,2.18,0,0.694870108219099,188.3925,36.9523577249685,418.65,714.5,42920.26,10.26
PIK,2020-09-22,2020,266,20.82,5.33,0,0.780630808906328,181.656,35.4759060942072,403.68,892.55,42733.41,13.075
PIK,2020-09-23,2020,267,24.45,8.3,0,0.982035500452444,178.8165,34.7687321758011,397.37,1094.42,42546.62,16.375
PIK,2020-09-24,2020,268,24.41,7.94,0,0.991593622539642,177.8175,34.4227875434415,395.15,1068,42359.94,16.175
PIK,2020-09-25,2020,269,24.26,11.88,0,0.816095165454704,152.3475,29.3622911736435,338.55,1390.88,42173.38,18.07
PIK,2020-09-26,2020,270,24.6,12.27,0,0.829179382057264,150.1245,28.8059639120757,333.61,1426.96,41986.98,18.435
PIK,2020-09-27,2020,271,25.31,16.93,0,0.644368838151499,109.7325,20.962141667919,243.85,1928.56,41800.76,21.12
PIK,2020-09-28,2020,272,25.01,14.2,7.45,0.771853445297492,100.143,19.0451409818076,222.54,1618.13,41614.76,19.605
PIK,2020-09-29,2020,273,17.87,11.06,4.91,0.361783862029184,72.234,13.67610150402,160.52,1317.56,41429,14.465
PIK,2020-09-30,2020,274,16.38,8.44,8.29,0.376399514536796,83.7135,15.7785621106464,186.03,1105.06,41243.52,12.41
PIK,2020-10-01,2020,275,15.58,7.67,4.46,0.358691771182078,83.4705,15.6621219721929,185.49,1048.35,41058.34,11.625
PIK,2020-10-02,2020,276,12.41,4.35,1.29,0.302162999663309,115.164,21.5116965327852,255.92,833.45,40873.49,8.38
PIK,2020-10-03,2020,277,12.23,1.14,3.49,0.37904020879684,108.5625,20.1870689232375,241.25,663.34,40689.02,6.685
PIK,2020-10-04,2020,278,10.69,2.96,4.12,0.263924072568884,83.4255,15.4426920649029,185.39,755.6,40504.94,6.825
PIK,2020-10-05,2020,279,14.11,6.25,0,0.327564228432612,110.925,20.4399606561525,246.5,951.11,40321.29,10.18
PIK,2020-10-06,2020,280,17.56,6.1,0.55,0.530779667727595,142.407,26.1218815866189,316.46,941.25,40138.11,11.83
PIK,2020-10-07,2020,281,15.88,7.95,2.71,0.365905578260339,81.828,14.9414875324632,181.84,1068.33,39955.42,11.915
PIK,2020-10-08,2020,282,13.2,2.44,0.97,0.39330087245401,135.8505,24.692709075737,301.89,727.98,39773.27,7.82
PIK,2020-10-09,2020,283,16.63,1,0,0.616471169310839,158.814,28.7348559763662,352.92,656.33,39591.69,8.815
PIK,2020-10-10,2020,284,20.97,6.96,1.37,0.739191468290063,144.927,26.1023591745369,322.06,998.43,39410.71,13.965
PIK,2020-10-11,2020,285,12.4,2.33,0,0.35747497990632,121.878,21.8506279893102,270.84,722.34,39230.37,7.365
PIK,2020-10-12,2020,286,15.96,4.27,5.37,0.490690064127903,98.415,17.5633126046505,218.7,828.43,39050.71,10.115
PIK,2020-10-13,2020,287,16.45,7.82,2,0.403857484461055,104.3955,18.5452282723356,231.99,1059,38871.76,12.135
PIK,2020-10-14,2020,288,16.2,4.85,1.08,0.487160963829084,126.5265,22.3736322696449,281.17,863.05,38693.57,10.525
PIK,2020-10-15,2020,289,14.5,7.51,9.9,0.305309758150498,65.2455,11.4844439194083,144.99,1036.78,38516.18,11.005
PIK,2020-10-16,2020,290,10.68,1.68,0,0.296572852146299,109.6515,19.2122705809787,243.67,689.65,38339.63,6.18
PIK,2020-10-17,2020,291,12.37,0.74,0,0.395016715196721,128.4255,22.3985953285132,285.39,644.52,38163.95,6.555
PIK,2020-10-18,2020,292,12.18,5.24,3.53,0.264534346847004,64.323,11.167157454012,142.94,886.96,37989.2,8.71
PIK,2020-10-19,2020,293,7,4.61,7.34,0.0761402177584127,25.848,4.4669601010512,57.44,848.28,37815.42,5.805
PIK,2020-10-20,2020,294,10.79,4.02,3.6,0.239020973827921,64.818,11.150440284789,144.04,814.08,37642.65,7.405
PIK,2020-10-21,2020,295,15.37,4.81,3.68,0.440919570858663,89.0235,15.2445796178013,197.83,860.59,37470.94,10.09
PIK,2020-10-22,2020,296,11.65,5.95,0.67,0.21801543993224,75.0555,12.7941487766996,166.79,931.51,37300.33,8.8
PIK,2020-10-23,2020,297,23.23,8.07,6.72,0.882503099676008,100.5795,17.0671464264672,223.51,1077.26,37130.88,15.65
PIK,2020-10-24,2020,298,7.37,0.56,0,0.195050016708353,90.216,15.2392203931968,200.48,636.21,36962.64,3.965
PIK,2020-10-25,2020,299,6.46,-0.38,2.12,0.185054794680658,67.941,11.4246949828905,150.98,594.22,36795.65,3.04
PIK,2020-10-26,2020,300,6.75,1.45,1.13,0.152975751454487,73.2915,12.2689210893854,162.87,677.98,36629.97,4.1
PIK,2020-10-27,2020,301,4.34,1.02,6.19,0.0874872064291136,35.964,5.9933310528168,79.92,657.49,36465.66,2.68
PIK,2020-10-28,2020,302,10.5,-0.02,0,0.329007861015619,119.8305,19.8803074453088,266.29,609.84,36302.75,5.24
PIK,2020-10-29,2020,303,8.57,0.68,0,0.235857232630902,99.045,16.358849870058,220.1,641.79,36141.32,4.625
PIK,2020-10-30,2020,304,3.92,-4.62,0,0.187562393343574,105.354,17.3238895939698,234.12,433.61,35981.41,-0.35
PIK,2020-10-31,2020,305,7.04,-7.59,0,0.329364112302756,133.0155,21.7761698614801,295.59,345.41,35823.09,-0.275
PIK,2020-11-01,2020,306,9.53,-0.97,5.55,0.30988077063071,84.15,13.716070794855,187,568.76,35666.41,4.28
PIK,2020-11-02,2020,307,6.17,-4.04,0,0.246340907805431,111.4155,18.0813134422841,247.59,453.01,35511.43,1.065
PIK,2020-11-03,2020,308,6.61,0.72,0,0.165673508922839,72.9585,11.7891499109859,162.13,643.24,35358.22,3.665
PIK,2020-11-04,2020,309,17.26,1.07,0,0.653078774426248,125.388,20.1743289801828,278.64,659.85,35206.83,9.165
PIK,2020-11-05,2020,310,16.99,8.76,0,0.401310184417554,87.426,14.0066901505224,194.28,1128.94,35057.32,12.875
PIK,2020-11-06,2020,311,19.64,5.88,0,0.676904020782073,114.147,18.2107440089883,253.66,927.28,34909.77,12.76
PIK,2020-11-07,2020,312,20.27,6.68,0,0.695884808161558,111.5055,17.7151559207697,247.79,979.95,34764.22,13.475
PIK,2020-11-08,2020,313,20.64,4.68,0,0.787205900994936,116.793,18.4786232716476,259.54,852.72,34620.76,12.66
PIK,2020-11-09,2020,314,20.78,7.5,0,0.7056532156249,107.622,16.9581105529776,239.16,1036.35,34479.44,14.14
PIK,2020-11-10,2020,315,22.55,8.69,1.01,0.801765563582983,106.596,16.7286761022276,236.88,1123.73,34340.33,15.62
PIK,2020-11-11,2020,316,17.13,5.63,0,0.519034360809119,100.0035,15.6315420148225,222.23,911.11,34203.49,11.38
PIK,2020-11-12,2020,317,9.67,0.02,0,0.294041156371538,92.259,14.36429545047,205.02,611.48,34069,4.845
PIK,2020-11-13,2020,318,7.85,-0.17,0,0.228965937178324,81.0855,12.5756900188362,180.19,602.99,33936.92,3.84
PIK,2020-11-14,2020,319,7.3,-0.2,2.73,0.209778257387708,56.745,8.7670740196845,126.1,602,33807.33,3.55
PIK,2020-11-15,2020,320,11.06,1.38,6.73,0.320406934524597,66.42,10.223291983032,147.6,674.89,33680.28,6.22
PIK,2020-11-16,2020,321,4.11,1.3,0.91,0.0742253770279384,31.617,4.8484743641865,70.26,670.78,33555.85,2.705
PIK,2020-11-17,2020,322,1.29,-5.42,1.15,0.131570127079871,70.2135,10.7281932829565,156.03,408.04,33434.11,-2.065
PIK,2020-11-18,2020,323,1.59,-7.69,0,0.171652586289773,87.4935,13.3208939843604,194.43,342.63,33315.12,-3.05
PIK,2020-11-19,2020,324,13.47,-1.57,0,0.498782567296042,104.9265,15.9193647961897,233.17,544.38,33198.95,5.95
PIK,2020-11-20,2020,325,16.45,6.66,0,0.444073909615718,81.9135,12.3854487884676,182.03,978.43,33085.68,11.555
PIK,2020-11-21,2020,326,5.19,0.77,0,0.118753982375961,43.9425,6.622020288576,97.65,645.78,32975.36,2.98
PIK,2020-11-22,2020,327,0.71,-2.21,15.27,0.0622243607047286,23.4405,3.5209301276268,52.09,519.19,32868.08,-0.75
PIK,2020-11-23,2020,328,2.73,-1.97,0,0.10729468366519,47.8935,7.17114056131755,106.43,528.73,32763.89,0.38
PIK,2020-11-24,2020,329,0.93,-3.3,3.42,0.0876639829345917,32.7015,4.8813290394453,72.67,478.7,32662.86,-1.185
PIK,2020-11-25,2020,330,6.37,-1.27,7.59,0.201121338466161,53.064,7.8971078113488,117.92,556.48,32565.06,2.55
PIK,2020-11-26,2020,331,10.03,4.47,1.35,0.193820644574981,52.3485,7.7680131687783,116.33,840.38,32470.54,7.25
PIK,2020-11-27,2020,332,6.46,4.06,0,0.073701434347673,24.9615,3.69364831572645,55.47,816.49,32379.39,5.26
PIK,2020-11-28,2020,333,6.32,1.07,0,0.147770327442114,51.3495,7.5777892265826,114.11,659.73,32291.64,3.695
PIK,2020-11-29,2020,334,9.59,-1.11,0,0.314808368018142,86.1705,12.6832399949853,191.49,563.33,32207.38,4.24
PIK,2020-11-30,2020,335,4.78,-0.2,21.54,0.128347678730444,36.963,5.4268629532515,82.14,601.87,32126.65,2.29
PIK,2020-12-01,2020,336,-0.35,-3.11,5.86,0.0553942442390032,22.3065,3.26714964430455,49.57,485.49,32049.51,-1.73
PIK,2020-12-02,2020,337,1.92,-3.68,0,0.118295789373809,56.691,8.2842817434561,125.98,465.39,31976.03,-0.88
PIK,2020-12-03,2020,338,2.9,-2.94,1.63,0.130506079197358,58.3425,8.50701108515625,129.65,491.7,31906.25,-0.02
PIK,2020-12-04,2020,339,1.88,-0.57,6.05,0.0570848207813116,20.4795,2.9799680596893,45.51,585.71,31840.22,0.655
PIK,2020-12-05,2020,340,0.53,-5.08,0,0.108394488448046,58.644,8.5165991962092,130.32,418.7,31777.99,-2.275
PIK,2020-12-06,2020,341,-1.25,-6.04,0,0.0847434058028158,52.4295,7.6001102427303,116.51,389.06,31719.62,-3.645
PIK,2020-12-07,2020,342,-2.97,-8.71,0,0.0878402330364825,62.631,9.0633125818638,139.18,316.44,31665.14,-5.84
PIK,2020-12-08,2020,343,0.33,-9.57,7.95,0.165462131656571,73.4805,10.616368731921,163.29,295.72,31614.6,-4.62
PIK,2020-12-09,2020,344,2.94,-1.45,2.54,0.102666169848248,41.6835,6.0135094267038,92.63,549.24,31568.04,0.745
PIK,2020-12-10,2020,345,3.52,-0.02,0,0.0882053239085027,46.9935,6.7704256800225,104.43,609.69,31525.5,1.75
PIK,2020-12-11,2020,346,7.36,-0.46,0,0.217757925292589,87.327,12.56597018793,194.06,590.48,31487,3.45
PIK,2020-12-12,2020,347,7.36,1.36,6.17,0.175796568347111,49.2615,7.08076155114135,109.47,673.96,31452.57,4.36
PIK,2020-12-13,2020,348,3.79,-2.62,0,0.148954444369073,70.74,10.158244772868,157.2,503.54,31422.26,0.585
PIK,2020-12-14,2020,349,0.49,-3.75,1.61,0.0854936241269909,51.8445,7.4386532978892,115.21,462.75,31396.08,-1.63
PIK,2020-12-15,2020,350,-4.07,-9.57,0,0.0788010948091827,65.7675,9.429702242949,146.15,295.78,31374.04,-6.82
PIK,2020-12-16,2020,351,-8.5,-12.45,1.56,0.0442214184518164,55.6515,7.9747343223039,123.67,235,31356.18,-10.475
PIK,2020-12-17,2020,352,-4.68,-11.52,0,0.0899886469195949,84.7215,12.1351031148375,188.27,253.21,31342.5,-8.1
PIK,2020-12-18,2020,353,-1.49,-13.68,0,0.168085161136431,105.7275,15.1393217552685,234.95,212.68,31333.02,-7.585
PIK,2020-12-19,2020,354,2.23,-7.01,3.66,0.178442563660856,72.486,10.3776591066948,161.08,361.1,31327.74,-2.39
PIK,2020-12-20,2020,355,3.04,-0.07,0,0.076010353699321,44.28,6.339252410532,98.4,607.69,31326.67,1.485
PIK,2020-12-21,2020,356,2.53,-2.91,0,0.119905721410618,72,10.3087606824,160,493.11,31329.81,-0.19
PIK,2020-12-22,2020,357,1.6,-2.18,0,0.0829804914486884,47.817,6.8479096520835,106.26,520.24,31337.15,-0.29
PIK,2020-12-23,2020,358,5.67,-1.2,5.65,0.177152615400074,55.665,7.974766011735,123.7,559.27,31348.7,2.235
PIK,2020-12-24,2020,359,7.94,-1.36,14.44,0.257344832879883,63.846,9.1513948278546,141.88,552.77,31364.43,3.29
PIK,2020-12-25,2020,360,-1.73,-5.37,6.4,0.0648070569653485,34.6365,4.96779125720175,76.97,409.53,31384.35,-3.55
PIK,2020-12-26,2020,361,-3.14,-6.4,1.77,0.0535283989579887,47.16,6.769180368504,104.8,378.66,31408.42,-4.77
PIK,2020-12-27,2020,362,1.76,-5.29,4.59,0.141041371123046,63.8865,9.1782824392152,141.97,412.07,31436.64,-1.765
PIK,2020-12-28,2020,363,3.25,-3.97,4.29,0.15798645762036,64.3545,9.25502612248305,143.01,455.43,31468.97,-0.36
PIK,2020-12-29,2020,364,-3.18,-8.09,2.35,0.0760838654560675,50.9175,7.331085254565,113.15,332.23,31505.4,-5.635
PIK,2020-12-30,2020,365,4.11,-7.48,3.45,0.235729955792123,78.489,11.3153444961597,174.42,348.32,31545.89,-1.685
PIK,2021-01-01,2021,1,0.48,-7.15,7.61,0.138101449468293,67.5045,9.7455661656003,150.01,357.21,31590.62,-3.335
PIK,2021-01-02,2021,2,-0.11,-5.14,6.63,0.0948637737417064,50.8905,7.3583063109486,113.09,416.91,31639.16,-2.625
PIK,2021-01-03,2021,3,0.49,-3.84,2.77,0.0868079630674167,44.883,6.5004426141615,99.74,459.88,31691.65,-1.675
PIK,2021-01-04,2021,4,-0.55,-2.56,0,0.0406513649249555,29.9835,4.35026643378165,66.63,506.06,31748.07,-1.555
PIK,2021-01-05,2021,5,-0.46,-2.08,0,0.0336873580672004,25.227,3.6671016517065,56.06,524.1,31808.35,-1.27
PIK,2021-01-06,2021,6,0.11,-2.4,0,0.0520940722932809,36.882,5.3721284041278,81.96,512.05,31872.47,-1.145
PIK,2021-01-07,2021,7,-1.51,-8.85,0,0.117549904825305,91.89,13.412952738801,204.2,312.98,31940.37,-5.18
PIK,2021-01-08,2021,8,-4.5,-11.99,0,0.0974950678553955,94.221,13.7840418137403,209.38,243.96,32011.99,-8.245
PIK,2021-01-09,2021,9,1.65,-7.05,0,0.164316212988942,100.9845,14.8082575421128,224.41,360.13,32087.29,-2.7
PIK,2021-01-10,2021,10,0.65,-7.51,0,0.146945180922334,98.8695,14.5337794634853,219.71,347.37,32166.22,-3.43
PIK,2021-01-11,2021,11,-0.38,-7.72,0,0.126532331789114,94.1895,13.8813244039305,209.31,341.96,32248.7,-4.05
PIK,2021-01-12,2021,12,-1.69,-3.19,0,0.0287315882550542,24.8805,3.6765810103095,55.29,482.91,32334.7,-2.44
PIK,2021-01-13,2021,13,1.87,-2.47,0,0.0950980251166733,57.591,8.5337376156018,127.98,509.28,32424.14,-0.3
PIK,2021-01-14,2021,14,4.17,-0.59,0,0.118926040259156,62.415,9.2750283392535,138.7,584.95,32516.97,1.79
PIK,2021-01-15,2021,15,4.06,0.14,3.69,0.0996461721974622,39.555,5.895354664512,87.9,617.01,32613.12,2.1
PIK,2021-01-16,2021,16,2.66,-1.65,0,0.0994086896462147,58.707,8.7764770591047,130.46,541.08,32712.53,0.505
PIK,2021-01-17,2021,17,0.97,-3.72,0,0.0958970160109683,64.0935,9.6117938924463,142.43,464.01,32815.14,-1.375
PIK,2021-01-18,2021,18,-1.47,-6.35,0.62,0.084789801115214,75.0825,11.2960401835118,166.85,379.99,32920.87,-3.91
PIK,2021-01-19,2021,19,0.32,-5.13,0,0.104452074362351,82.215,12.409988080833,182.7,417.07,33029.66,-2.405
PIK,2021-01-20,2021,20,-2.84,-10.37,0,0.109524300011376,104.166,15.776610122799,231.48,277.74,33141.45,-6.605
PIK,2021-01-21,2021,21,2.03,-4.25,0,0.130867233621487,83.349,12.6674391059181,185.22,445.84,33256.17,-1.11
PIK,2021-01-22,2021,22,0.25,-9.82,0.83,0.166387968247871,120.492,18.3771978679656,267.76,290.1,33373.74,-4.785
PIK,2021-01-23,2021,23,-7.77,-15.06,0,0.0761982344530467,106.425,16.290265837725,236.5,189.83,33494.1,-11.415
PIK,2021-01-24,2021,24,-3.73,-12.46,0,0.115076407251015,117.0945,17.9892934088594,260.21,234.87,33617.19,-8.095
PIK,2021-01-25,2021,25,0.86,-7.17,0,0.147073469009802,112.6935,17.3779225905344,250.43,356.75,33742.93,-3.155
PIK,2021-01-26,2021,26,-2.89,-6.86,6.36,0.0646390865868575,51.1155,7.91225066874375,113.59,365.53,33871.25,-4.875
PIK,2021-01-27,2021,27,-4.59,-10.95,0,0.0854174944856028,101.709,15.8045112250704,226.02,265.16,34002.08,-7.77
PIK,2021-01-28,2021,28,-9.45,-16.71,0,0.0674940766597089,112.896,17.6116174036992,250.88,165.38,34135.36,-13.08
PIK,2021-01-29,2021,29,-8.43,-16.96,0,0.081648224655459,123.8715,19.4005761284601,275.27,161.93,34271.02,-12.695
PIK,2021-01-30,2021,30,-4.94,-18.12,0,0.138956316076517,141.4575,22.2440623423673,314.35,146.8,34408.99,-11.53
PIK,2021-01-31,2021,31,-6.64,-15.2,0,0.0928032994906595,126.297,19.9410193994409,280.66,187.65,34549.21,-10.92
PIK,2021-02-01,2021,32,-5.54,-14.51,0,0.103679473167743,129.51,20.53259466012,287.8,198.58,34691.6,-10.025
PIK,2021-02-02,2021,33,-0.51,-12.87,0,0.181192629059573,142.443,22.677064766811,316.54,227.18,34836.1,-6.69
PIK,2021-02-03,2021,34,-1.06,-9.95,0,0.139676055837055,127.854,20.440109820267,284.12,287.05,34982.65,-5.505
PIK,2021-02-04,2021,35,4.43,-10.28,5.81,0.279326504938729,110.3265,17.7128635953339,245.17,279.71,35131.18,-2.925
PIK,2021-02-05,2021,36,0.87,-8.2,4.67,0.160950685077209,95.6655,15.4248229206761,212.59,329.42,35281.63,-3.665
PIK,2021-02-06,2021,37,-6.68,-10.43,0.81,0.0479722066201619,67.257,10.8911318231457,149.46,276.25,35433.93,-8.555
PIK,2021-02-07,2021,38,-6.43,-13.57,0,0.0824490857188783,116.4735,18.9429352237768,258.83,214.49,35588.03,-10.0
PIK,2021-02-08,2021,39,-6.94,-15.14,0,0.0881029626865565,128.7045,21.0238080262209,286.01,188.58,35743.86,-11.04
PIK,2021-02-09,2021,40,-4.2,-12.67,0,0.109174483408027,132.0255,21.6613201713876,293.39,230.76,35901.36,-8.435
PIK,2021-02-10,2021,41,-5.78,-14.21,0,0.0976004404013369,133.2855,21.9649636280255,296.19,203.48,36060.47,-9.995
PIK,2021-02-11,2021,42,-6.18,-14.03,0,0.089964990599033,127.539,21.1116084432822,283.42,206.66,36221.14,-10.105
PIK,2021-02-12,2021,43,-10.7,-17.86,0,0.0611568529736129,121.581,20.2154828039127,270.18,149.99,36383.31,-14.28
PIK,2021-02-13,2021,44,-10.98,-17.78,3.34,0.0576340181076282,88.182,14.7281068824408,195.96,151.04,36546.92,-14.38
PIK,2021-02-14,2021,45,-4.69,-16.08,0,0.129200197059708,156.2715,26.2182125046996,347.27,174.38,36711.92,-10.385
PIK,2021-02-15,2021,46,-5.57,-10.85,10.61,0.0688816060746597,72.063,12.1450402902366,160.14,267.21,36878.26,-8.21
PIK,2021-02-16,2021,47,-8.17,-15.69,0,0.0758595503934255,128.484,21.7522931341356,285.52,180.12,37045.87,-11.93
PIK,2021-02-17,2021,48,-4.39,-20.18,0,0.159807771898756,175.5225,29.851334558784,390.05,123,37214.72,-12.285
PIK,2021-02-18,2021,49,-3.97,-12.5,3.15,0.111343826524964,103.158,17.624369705085,229.24,234.09,37384.75,-8.235
PIK,2021-02-19,2021,50,-3.37,-10.83,1.87,0.104966856807835,127.602,21.9003961711374,283.56,267.72,37555.91,-7.1
PIK,2021-02-20,2021,51,-3.17,-12.74,0,0.127678723380871,150.732,25.988856541506,334.96,229.54,37728.15,-7.955
PIK,2021-02-21,2021,52,-1.57,-13.99,0,0.169305229796369,171.045,29.6266249311795,380.1,207.19,37901.43,-7.78
PIK,2021-02-22,2021,53,1.89,-4.17,5.54,0.125998295434383,81.4995,14.1813941159984,181.11,448.54,38075.69,-1.14
PIK,2021-02-23,2021,54,3.32,-1.47,1.32,0.11316955510844,89.946,15.7231597234302,199.88,548.6,38250.91,0.925
PIK,2021-02-24,2021,55,6.62,-2.63,0,0.236226656436428,150.507,26.4307572310698,334.46,503.13,38427.02,1.995
PIK,2021-02-25,2021,56,-1.25,-5.89,0,0.0822847309449286,89.973,15.87306185244,199.94,393.76,38604,-3.57
PIK,2021-02-26,2021,57,2.45,-10.2,0,0.223947335783923,178.992,31.7232498114576,397.76,281.41,38781.79,-3.875
PIK,2021-02-27,2021,58,4.44,-3.17,4.05,0.177666564805153,100.8045,17.9481248159634,224.01,483.41,38960.36,0.635
PIK,2021-02-28,2021,59,5.17,-4.55,1.28,0.223244815296556,159.6735,28.5605189096157,354.83,435.96,39139.66,0.31
PIK,2021-03-01,2021,60,3.67,-12.34,0,0.278897314138747,195.66,35.158319909154,434.8,237.14,39319.67,-4.335
PIK,2021-03-02,2021,61,-0.77,-15.99,0,0.201407486445097,195.975,35.3767226748975,435.5,175.71,39500.33,-8.38
PIK,2021-03-03,2021,62,4.97,-2.06,0,0.172545794382339,129.033,23.3994839269041,286.74,525.07,39681.61,1.455
PIK,2021-03-04,2021,63,-1.68,-9.79,0,0.125331661390684,149.3505,27.2080921607118,331.89,290.65,39863.48,-5.735
PIK,2021-03-05,2021,64,-1.58,-12.61,0,0.15662224527324,180.297,32.996111239611,400.66,232.01,40045.9,-7.095
PIK,2021-03-06,2021,65,-3.38,-11.54,0,0.112253612407505,154.6965,28.4403016140642,343.77,252.87,40228.84,-7.46
PIK,2021-03-07,2021,66,-3.38,-14.97,0,0.143191786893816,189.567,35.0099885105775,421.26,191.11,40412.25,-9.175
PIK,2021-03-08,2021,67,4.62,-14.43,0,0.324843094664945,213.435,39.597372225954,474.3,199.96,40596.12,-4.905
PIK,2021-03-09,2021,68,8.14,-1.75,0,0.27253197628483,168.192,31.345342258176,373.76,537.07,40780.4,3.195
PIK,2021-03-10,2021,69,12.87,0.01,0,0.444353454883968,190.071,35.5832535310182,422.38,602.51,40965.06,6.44
PIK,2021-03-11,2021,70,17.82,5.13,1.41,0.661738996320619,185.724,34.9264875826944,412.72,796.27,41150.08,11.475
PIK,2021-03-12,2021,71,9.11,-4.64,0,0.387190044342147,198.7245,37.5396191883707,441.61,407.03,41335.41,2.235
PIK,2021-03-13,2021,72,4.11,-8.91,0,0.254071554673486,196.821,37.3470026505291,437.38,311.63,41521.03,-2.4
PIK,2021-03-14,2021,73,2.03,-6.98,0,0.172766191521513,160.596,30.6096978761424,356.88,362.12,41706.92,-2.475
PIK,2021-03-15,2021,74,-0.99,-11.17,0,0.154449826857471,175.77,33.651368125767,390.6,260.46,41893.03,-6.08
PIK,2021-03-16,2021,75,2.24,-5.86,0,0.161865197851508,150.66,28.972307275308,334.8,394.58,42079.34,-1.81
PIK,2021-03-17,2021,76,8.96,-2.25,0,0.339070848659623,184.1445,35.5683935898243,409.21,491.66,42265.82,3.355
PIK,2021-03-18,2021,77,5.92,-3.17,0,0.223174749534232,162.4905,31.5244076081332,361.09,483.32,42452.45,1.375
PIK,2021-03-19,2021,78,3.85,-7.24,0,0.237264049724114,189.1485,36.8576844517976,420.33,342.64,42639.19,-1.695
PIK,2021-03-20,2021,79,13.15,-3.78,0,0.618502708411874,222.0255,43.4536909144754,493.39,367.58,42826.01,4.685
PIK,2021-03-21,2021,80,15.43,-2.41,0,0.739700065030567,224.253,44.0811671687469,498.34,391.16,43012.89,6.51
PIK,2021-03-22,2021,81,17.16,-0.08,0,0.825659623868873,221.3055,43.690814758773,491.79,454.77,43199.8,8.54
PIK,2021-03-23,2021,82,17.24,3.02,0,0.778222581205359,205.812,40.807830996828,457.36,582.7,43386.7,10.13
PIK,2021-03-24,2021,83,16.44,7.51,1.6,0.545621457947615,151.713,30.2108009394078,337.14,905.58,43573.58,11.975
PIK,2021-03-25,2021,84,19.54,5.14,14.56,0.79144152753469,136.017,27.2013697694529,302.26,782.51,43760.41,12.34
PIK,2021-03-26,2021,85,9.54,1.11,14.35,0.263404175569725,99.207,19.9245781051686,220.46,661.95,43947.14,5.325
PIK,2021-03-27,2021,86,6.74,0.86,0,0.166645414941518,97.983,19.7623214796087,217.74,649.9,44133.77,3.8
PIK,2021-03-28,2021,87,9.34,0.38,8.48,0.272635898260868,106.344,21.53929048362,236.32,627.82,44320.25,4.86
PIK,2021-03-29,2021,88,5.68,-2.18,0,0.196757537086644,130.0635,26.4542688210812,289.03,520.52,44506.57,1.75
PIK,2021-03-30,2021,89,17.9,-0.55,0,0.816417808396991,208.431,42.5711037318156,463.18,500.49,44692.68,8.675
PIK,2021-03-31,2021,90,12.53,0.43,0.57,0.438457802903317,175.878,36.0717017868576,390.84,601.52,44878.56,6.48
PIK,2021-04-01,2021,91,1.6,-3.61,0,0.10903662795192,93.87,19.331897815062,208.6,467.94,45064.18,-1.005
PIK,2021-04-02,2021,92,2.83,-5.64,0,0.173797300856609,144.126,29.8038597002064,320.28,401.34,45249.52,-1.405
PIK,2021-04-03,2021,93,7.63,-7.12,0,0.375981978652668,202.356,42.0163503697476,449.68,325.82,45434.53,0.255
PIK,2021-04-04,2021,94,13.77,-3.72,0,0.645647417833334,213.84,44.58130845696,475.2,372.57,45619.2,5.025
PIK,2021-04-05,2021,95,14,-0.64,0,0.608679582292541,198.5445,41.5597126893102,441.21,480.67,45803.48,6.68
PIK,2021-04-06,2021,96,13.86,1.2,2.45,0.479297829986594,136.7955,28.7492355421929,303.99,644.36,45987.34,7.53
PIK,2021-04-07,2021,97,18.42,3.36,0,0.837773519999176,201.5775,42.532927728723,447.95,608.06,46170.76,10.89
PIK,2021-04-08,2021,98,22.46,6.15,0,1.13199279468082,206.019,43.642325145771,457.82,696.68,46353.7,14.305
PIK,2021-04-09,2021,99,18.25,11.07,0,0.411653630036146,116.7165,24.8221060384086,259.37,1292.81,46536.12,14.66
PIK,2021-04-10,2021,100,20.83,10.03,0,0.812453222364747,165.2175,35.2741368736103,367.15,1029.83,46717.99,15.43
PIK,2021-04-11,2021,101,16.28,10.72,22.96,0.279420529790048,72.099,15.4529577324504,160.22,1287.41,46899.28,13.5
PIK,2021-04-12,2021,102,10.62,7.02,4.52,0.137045214084239,51.138,11.0026130507604,113.64,1002.88,47079.94,8.82
PIK,2021-04-13,2021,103,13.28,3.85,0,0.363732315727599,160.7085,34.7094884884293,357.13,799.65,47259.94,8.565
PIK,2021-04-14,2021,104,15.31,2.72,1.1,0.560528900707579,194.454,42.157116272115,432.12,678.85,47439.25,9.015
PIK,2021-04-15,2021,105,6.93,2.4,1.93,0.134842427280517,87.228,18.9819849175272,193.84,726.02,47617.82,4.665
PIK,2021-04-16,2021,106,6.92,2.34,0.83,0.136125694556931,90.1035,19.680941477552,200.23,722.85,47795.61,4.63
PIK,2021-04-17,2021,107,11.51,1.56,0,0.349237544703082,173.727,38.0869930331901,386.06,670.34,47972.59,6.535
PIK,2021-04-18,2021,108,13.77,0.36,0,0.535318106992463,207.702,45.7026659753994,461.56,564.17,48148.71,7.065
PIK,2021-04-19,2021,109,15.93,-0.9,2.27,0.640005836861979,169.6725,37.470528245034,377.05,549.36,48323.92,7.515
PIK,2021-04-20,2021,110,3.95,-1.44,3.28,0.130300926337274,82.6335,18.3146185879781,183.63,549.64,48498.19,1.255
PIK,2021-04-21,2021,111,2.13,-2.98,2.64,0.110968185851112,81.855,18.2068945182045,181.9,490.49,48671.47,-0.425
PIK,2021-04-22,2021,112,4.41,-3.34,0.67,0.179892445766333,159.228,35.5422054660912,353.84,477.26,48843.72,0.535
PIK,2021-04-23,2021,113,17.27,-1.72,0,0.804714538033861,241.02,53.987998345632,535.6,448.24,49014.88,7.775
PIK,2021-04-24,2021,114,16.6,4.39,0,0.618420461951976,206.3025,46.3716524214068,458.45,741.85,49184.91,10.495
PIK,2021-04-25,2021,115,9.81,0.23,1.28,0.300884704418113,181.6965,40.9810429240488,403.77,614.98,49353.76,5.02
PIK,2021-04-26,2021,116,9.25,-2.33,1.92,0.344442804965248,204.201,46.2132810004266,453.78,496.04,49521.38,3.46
PIK,2021-04-27,2021,117,14.69,2.6,3.57,0.466366594239478,153.1125,34.7676894030038,340.25,735.92,49687.71,8.645
PIK,2021-04-28,2021,118,14.95,6.75,8.28,0.355474752468621,116.9955,26.6547256356132,259.99,984.61,49852.72,10.85
PIK,2021-04-29,2021,119,9.84,6.75,11.39,0.114036316108549,51.75,11.828737004175,115,984.27,50016.33,8.295
PIK,2021-04-30,2021,120,7.45,2.3,0.2,0.155392315657777,114.093,26.163321294285,253.54,720.93,50178.5,4.875
PIK,2021-05-01,2021,121,11.71,-1.46,0.47,0.438724749079578,222.84,51.264353721384,495.2,522.66,50339.18,5.125
PIK,2021-05-02,2021,122,14.38,4.57,9.27,0.394222420840447,139.2435,32.1342230013206,309.43,846.32,50498.29,9.475
PIK,2021-05-03,2021,123,14.42,6.85,4.53,0.324018095917338,116.5635,26.984101258881,259.03,990.95,50655.8,10.635
PIK,2021-05-04,2021,124,10.93,6.04,4.28,0.183136403907661,83.394,19.3648497800454,185.32,937.44,50811.63,8.485
PIK,2021-05-05,2021,125,11.16,4.05,0,0.254377325490348,158.121,36.8284975235181,351.38,815.65,50965.73,7.605
PIK,2021-05-06,2021,126,12.87,0.96,0,0.437756172465501,221.4495,51.7326943033386,492.11,630.82,51118.04,6.915
PIK,2021-05-07,2021,127,11.42,1.02,0,0.356624372671801,209.2365,49.0234840940345,464.97,645.94,51268.49,6.22
PIK,2021-05-08,2021,128,13.56,-0.52,0,0.529085892813483,239.2245,56.211974750084,531.61,540.35,51417.03,6.52
PIK,2021-05-09,2021,129,11.64,0.49,0,0.389280112198344,217.3995,51.2292270516597,483.11,610.83,51563.58,6.065
PIK,2021-05-10,2021,130,12.05,0.39,1.09,0.417653958942741,222.2955,52.5297540431192,493.99,598.91,51708.09,6.22
PIK,2021-05-11,2021,131,9.39,0.39,0.79,0.274337899281484,192.015,45.499239521604,426.7,628.32,51850.48,4.89
PIK,2021-05-12,2021,132,16.13,2.74,0,0.611602663466278,230.58,54.78523131942,512.4,675.06,51990.7,9.435
PIK,2021-05-13,2021,133,19.67,3.76,0,0.85302809688662,241.515,57.535651746414,536.7,689.63,52128.68,11.715
PIK,2021-05-14,2021,134,20.74,3.35,0,0.95158528835558,246.465,58.867680650517,547.7,657.86,52264.34,12.045
PIK,2021-05-15,2021,135,21.32,3.46,0,1.00490461420654,246.4335,59.0102682814049,547.63,651.86,52397.63,12.39
PIK,2021-05-16,2021,136,22.12,6.49,0,0.994297517004124,233.37,56.021660530623,518.6,817.78,52528.47,14.305
PIK,2021-05-17,2021,137,22.93,5.16,0,1.13668691772794,243.0585,58.489980500196,540.13,699.95,52656.8,14.045
PIK,2021-05-18,2021,138,26.53,8.01,0,1.44167602287026,242.3025,58.4472901904595,538.45,825.32,52782.54,17.27
PIK,2021-05-19,2021,139,27.31,9.4,0,1.49450402877889,238.941,57.7708513098831,530.98,906.5,52905.63,18.355
PIK,2021-05-20,2021,140,28.92,15.43,0,1.44147797165235,205.101,49.70188331082,455.78,1423.72,53026,22.175
PIK,2021-05-21,2021,141,30.63,16.15,0,1.66418465526175,209.286,50.8284872873316,465.08,1448.08,53143.58,23.39
PIK,2021-05-22,2021,142,24.71,17.67,0,0.542263909102122,121.887,29.666129463297,270.86,2020.17,53258.3,21.19
PIK,2021-05-23,2021,143,21.83,11.35,0,0.777331818029872,181.5075,44.2699172607848,403.35,1198.96,53370.09,16.59
PIK,2021-05-24,2021,144,21.06,8.48,0,0.878865062165744,207.4275,50.6949850009575,460.95,920.06,53478.9,14.77
PIK,2021-05-25,2021,145,29.53,12.99,0,1.71590767669661,228.537,55.9645530235776,507.86,1092.89,53584.64,21.26
PIK,2021-05-26,2021,146,24.51,11.06,0,1.14630454861641,210.4065,51.6233888977613,467.57,1046.83,53687.25,17.785
PIK,2021-05-27,2021,147,15.97,7,1.07,0.456738368710917,164.5515,40.4475874142643,365.67,949.17,53786.66,11.485
PIK,2021-05-28,2021,148,9.52,1.08,6.17,0.263423636418689,120.42,29.652761172708,267.6,660.42,53882.82,5.3
PIK,2021-05-29,2021,149,16.69,0.8,0,0.738983797818728,234.324,57.8004119710488,520.72,532.73,53975.66,8.745
PIK,2021-05-30,2021,150,19.11,2,0,0.898797221727572,237.915,58.7834559506205,528.7,557.9,54065.11,10.555
PIK,2021-05-31,2021,151,22.2,3,0,1.14418616885876,245.4165,60.7333618050296,545.37,569.97,54151.11,12.6
PIK,2021-06-01,2021,152,23.82,10.44,0,1.0703922872414,202.392,50.1623709936984,449.76,1033.91,54233.61,17.13
PIK,2021-06-02,2021,153,24.48,7.99,6.63,1.10906944783873,167.5485,41.5869296594283,372.33,958.75,54312.54,16.235
PIK,2021-06-03,2021,154,21.36,13.27,2.76,0.505438729574449,98.8695,24.5742588775778,219.71,1524.01,54387.85,17.315
PIK,2021-06-04,2021,155,25.29,14.01,0,0.970185742700124,171.477,42.6771655114572,381.06,1436.51,54459.48,19.65
PIK,2021-06-05,2021,156,30.93,17.03,0,1.60227715005073,192.6,47.99402718498,428,1600.64,54527.39,23.98
PIK,2021-06-06,2021,157,31.71,18.74,0,1.58443078803231,180.5895,45.0540464728127,401.31,1829.93,54591.51,25.225
PIK,2021-06-07,2021,158,29.21,18.05,10.28,0.989968744443242,120.618,30.1254035249106,268.04,2067.19,54651.81,23.63
PIK,2021-06-08,2021,159,25.55,19.56,4.2,0.495063145688763,70.938,17.7356783582118,157.64,2273.71,54708.23,22.555
PIK,2021-06-09,2021,160,28.99,17.36,0,1.17583612322253,170.847,42.7555784230767,379.66,1811.78,54760.73,23.175
PIK,2021-06-10,2021,161,25.41,15.27,0,0.82614461395083,156.6,39.22491894336,348,1659.67,54809.28,20.34
PIK,2021-06-11,2021,162,24.61,15.59,0,0.676616681166397,142.893,35.8207034689683,317.54,1751.7,54853.83,20.1
PIK,2021-06-12,2021,163,24.77,13.67,0,0.891309150937717,173.097,43.4243561699115,384.66,1448.87,54894.35,19.22
PIK,2021-06-13,2021,164,26.42,15.04,0,1.01586515389302,176.175,44.2258719633,391.5,1557.09,54930.8,20.73
PIK,2021-06-14,2021,165,22.07,13.83,3.51,0.533636333214559,105.093,26.3974322186316,233.54,1580.3,54963.16,17.95
PIK,2021-06-15,2021,166,21.36,12.25,0,0.576386784371085,156.2445,39.2659214940347,347.21,1403.92,54991.41,16.805
PIK,2021-06-16,2021,167,19.71,7.77,0,0.704628818730726,197.865,49.7473925597055,439.7,968.66,55015.51,13.74
PIK,2021-06-17,2021,168,24.82,6.8,0,1.25766922826271,241.272,60.682804832268,536.16,799.83,55035.45,15.81
PIK,2021-06-18,2021,169,22.73,15.07,9.97,0.521792899317731,102.636,25.8215784722892,228.08,1712.2,55051.21,18.9
PIK,2021-06-19,2021,170,26.8,13.59,0,1.16265442295102,205.5375,51.7208202792225,456.75,1372.86,55062.78,20.195
PIK,2021-06-20,2021,171,26.26,10.95,2.73,1.09407468821811,166.131,41.8102936318872,369.18,1262.61,55070.16,18.605
PIK,2021-06-21,2021,172,27.71,12.1,1.52,1.3536298966661,222.3765,55.9688455025586,494.17,1206.12,55073.32,19.905
PIK,2021-06-22,2021,173,18.19,7.96,0,0.51685346304453,178.0695,44.8165886710122,395.71,1059.59,55072.28,13.075
PIK,2021-06-23,2021,174,22.44,5.55,0,1.02417487315781,236.241,59.4515423704311,524.98,783.67,55067.03,13.995
PIK,2021-06-24,2021,175,26.48,14.15,0,1.1169489020517,194.661,48.9792566663289,432.58,1414.48,55057.57,20.315
PIK,2021-06-25,2021,176,22.92,18.06,19.98,0.357938885888109,66.303,16.6785670168632,147.34,2070.95,55043.92,20.49
PIK,2021-06-26,2021,177,25.65,18.14,4.95,0.601115434046497,97.902,24.6193406827326,217.56,2081.03,55026.09,21.895
PIK,2021-06-27,2021,178,28.77,21.87,0,0.659775197942124,115.8435,29.1194236965636,257.43,2622.23,55004.08,25.32
PIK,2021-06-28,2021,179,30.17,19.33,0,1.23296145159306,174.942,43.9540270673742,388.76,2025.34,54977.93,24.75
PIK,2021-06-29,2021,180,29.3,19.13,12.47,0.926217650970647,125.3205,31.4693203340934,278.49,2213.73,54947.64,24.215
PIK,2021-06-30,2021,181,26.71,17.18,1.17,0.851819243596949,167.706,42.0864088114008,372.68,1875.56,54913.24,21.945
PIK,2021-07-01,2021,182,24.84,14.82,0,0.808407076104653,178.641,44.7991789091949,396.98,1598.63,54874.77,19.83
PIK,2021-07-02,2021,183,22.83,13.54,9.42,0.611084022256523,129.4785,32.4451604910263,287.73,1550.75,54832.25,18.185
PIK,2021-07-03,2021,184,24.73,11.72,0,0.993710816958643,213.786,53.5257493371342,475.08,1249.12,54785.71,18.225
PIK,2021-07-04,2021,185,23.81,14.15,0,0.701716114447294,175.932,44.007606553248,390.96,1575.97,54735.2,18.98
PIK,2021-07-05,2021,186,28.59,16.51,10.43,1.01235007708228,147.015,36.7377294079125,326.7,1877.58,54680.75,22.55
PIK,2021-07-06,2021,187,29.72,18.59,7.86,1.01200190351776,137.7,34.3732754736,306,2141.17,54622.4,24.155
PIK,2021-07-07,2021,188,19.86,13.26,8.2,0.394158448031775,100.2645,24.999961860153,222.81,1522.78,54560.2,16.56
PIK,2021-07-08,2021,189,18.43,12.3,31.13,0.342223702444698,94.725,23.59017134415,210.5,1429.8,54494.2,15.365
PIK,2021-07-09,2021,190,18.23,14.69,1.91,0.208787643566558,76.9905,19.1490533545374,171.09,1670.23,54424.44,16.46
PIK,2021-07-10,2021,191,24.29,11.69,0,0.82762699860352,212.0355,52.6662210944403,471.19,1373.42,54350.98,17.99
PIK,2021-07-11,2021,192,21.9,12.9,0,0.566959943411138,172.836,42.8687871806124,384.08,1486.92,54273.87,17.4
PIK,2021-07-12,2021,193,24.09,17.27,0,0.510370485623457,134.9595,33.4244397209814,299.91,1970.28,54193.16,20.68
PIK,2021-07-13,2021,194,26.94,18.27,11.28,0.721897859680157,120.9825,29.916282131523,268.85,2098.82,54108.92,22.605
PIK,2021-07-14,2021,195,28.11,18.46,0,0.83593092914793,172.575,42.6047782563,383.5,2122.99,54021.2,23.285
PIK,2021-07-15,2021,196,27.8,18.21,12.05,0.818146915925391,128.9205,31.773800563718,286.49,2090.26,53930.07,23.005
PIK,2021-07-16,2021,197,22.81,16.07,0,0.472031521841553,136.926,33.6877121657556,304.28,1825.21,53835.58,19.44
PIK,2021-07-17,2021,198,21.25,16.36,10.2,0.329139891488193,79.992,19.6445713703976,177.76,1859.37,53737.79,18.805
PIK,2021-07-18,2021,199,28.17,16.63,0,0.958806716974309,198.5355,48.6650385561033,441.19,1891.19,53636.78,22.4
PIK,2021-07-19,2021,200,27.24,17.03,0,0.832810428778649,186.0795,45.5232383524022,413.51,1940.66,53532.61,22.135
PIK,2021-07-20,2021,201,28.1,16.1,5.61,0.982229516330287,153.2295,37.4115722819602,340.51,1828.68,53425.35,22.1
PIK,2021-07-21,2021,202,23.55,12.69,0,0.715218830044172,202.68,49.382946368856,450.4,1466.53,53315.06,18.12
PIK,2021-07-22,2021,203,24.15,12.17,0,0.792388447274742,212.085,51.56469815121,471.3,1418.03,53201.8,18.16
PIK,2021-07-23,2021,204,25.26,11.9,0,0.917001351216536,222.2505,53.9182971636831,493.89,1383.98,53085.66,18.58
PIK,2021-07-24,2021,205,22.77,13.99,9.48,0.582642520516064,133.605,32.340122695998,296.9,1597.12,52966.68,18.38
PIK,2021-07-25,2021,206,29.04,17.13,0,1.02635695612292,201.186,48.5867141800992,447.08,1952.77,52844.96,23.085
PIK,2021-07-26,2021,207,28.59,14.82,0,1.11279952900958,215.8695,52.0100675707883,479.71,1681.04,52720.55,21.705
PIK,2021-07-27,2021,208,23.73,13.99,3.36,0.665417760915807,137.7495,33.1084147552547,306.11,1596.89,52593.51,18.86
PIK,2021-07-28,2021,209,24.3,15.16,0,0.653432498540416,175.14,41.991594439914,389.2,1722.44,52463.93,19.73
PIK,2021-07-29,2021,210,22.28,15.86,10.3,0.440185869761246,100.863,24.1220567754117,224.14,1801.02,52331.87,19.07
PIK,2021-07-30,2021,211,19.31,10.81,0,0.469717686889833,174.2805,41.573239596099,387.29,1295.12,52197.4,15.06
PIK,2021-07-31,2021,212,20.4,8.76,5.72,0.631067763195902,157.8105,37.5457771516113,350.69,1128.84,52060.58,14.58
PIK,2021-08-01,2021,213,18.95,12.83,2.17,0.352299368446071,99.711,23.6595421037196,221.58,1479.94,51921.48,15.89
PIK,2021-08-02,2021,214,23.19,10.61,0,0.777910595425153,215.2575,50.9375494803195,478.35,1278.68,51780.18,16.9
PIK,2021-08-03,2021,215,25.97,10.32,0,1.08249962034764,229.797,54.2274629922117,510.66,1218.4,51636.73,18.145
PIK,2021-08-04,2021,216,27.06,12.33,0,1.1006234056136,221.7915,52.190818915536,492.87,1400.56,51491.2,19.695
PIK,2021-08-05,2021,217,27.31,13.12,0,1.08083810612822,216.6975,50.8460055231488,481.55,1484.71,51343.65,20.215
PIK,2021-08-06,2021,218,28.17,14.56,0,1.08886392189998,208.7775,48.845022539058,463.95,1643.88,51194.16,21.365
PIK,2021-08-07,2021,219,27.38,17.36,12.09,0.827612300044691,129.4245,30.1902713001027,287.61,1981.16,51042.78,22.37
PIK,2021-08-08,2021,220,26.8,16.49,0,0.819671849495015,174.9915,40.6969647992649,388.87,1875.12,50889.58,21.645
PIK,2021-08-09,2021,221,30.06,20.19,0,0.941824483157264,163.2555,37.8519578414474,362.79,2364.33,50734.61,25.125
PIK,2021-08-10,2021,222,26.97,21.91,1.69,0.459644303432507,93.735,21.666019050963,208.3,2628.78,50577.94,24.44
PIK,2021-08-11,2021,223,30.7,20.66,1.36,0.986072592035549,163.278,37.6221427064298,362.84,2434.22,50419.63,25.68
PIK,2021-08-12,2021,224,29.25,20.8,0,0.799063256548726,144.6525,33.2247938637803,321.45,2455.45,50259.73,25.025
PIK,2021-08-13,2021,225,28.64,17.61,0,0.950383952072384,178.074,40.7699134990758,395.72,2012.83,50098.31,23.125
PIK,2021-08-14,2021,226,22.97,11.82,0,0.705975507038301,188.406,42.9951666241764,418.68,1385.17,49935.42,17.395
PIK,2021-08-15,2021,227,23.22,9.66,0,0.820297924748159,207.7515,47.2539040093841,461.67,1199.59,49771.11,16.44
PIK,2021-08-16,2021,228,24.32,11.45,0,0.841422433143033,197.865,44.855374362192,439.7,1351.56,49605.44,17.885
PIK,2021-08-17,2021,229,26.56,18.65,0,0.658135230434715,135.378,30.5864608591116,300.84,2148.6,49438.46,22.605
PIK,2021-08-18,2021,230,27.05,18.61,0,0.71168553404424,142.353,32.0528997784062,316.34,2143.08,49270.22,22.83
PIK,2021-08-19,2021,231,29.32,17.77,0,1.0189242543064,176.067,39.5077735374282,391.26,2033.1,49100.78,23.545
PIK,2021-08-20,2021,232,29.3,16.68,0,1.08431194087728,185.247,41.4232610446701,411.66,1897.75,48930.19,22.99
PIK,2021-08-21,2021,233,29.14,18.87,0,0.924488352410387,160.884,35.8491789841824,357.52,2178.95,48758.48,24.005
PIK,2021-08-22,2021,234,29.59,17.68,0,1.05588136408403,177.399,39.3890957102196,394.22,2022.38,48585.72,23.635
PIK,2021-08-23,2021,235,30.76,18.92,0,1.11764014946924,172.8495,38.2416668772471,384.11,2185.93,48411.94,24.84
PIK,2021-08-24,2021,236,30.73,16.82,0,1.24985421552577,189.7425,41.82759642897,421.65,1914.88,48237.2,23.775
PIK,2021-08-25,2021,237,30.08,18.35,0,1.07237558121071,171.8685,37.7494022244389,381.93,2108.45,48061.53,24.215
PIK,2021-08-26,2021,238,31.51,19.03,0,1.20708586883241,174.447,38.1749973546942,387.66,2200.61,47884.98,25.27
PIK,2021-08-27,2021,239,26.5,17.82,0,0.706673919028407,140.76,30.689014083588,312.8,2039.5,47707.59,22.16
PIK,2021-08-28,2021,240,27.92,16.47,8.74,0.940642341691122,126.621,27.5032719058977,281.38,1872.23,47529.41,22.195
PIK,2021-08-29,2021,241,30.24,20.06,9.02,0.973174554577354,111.87,24.207733650573,248.6,2345.6,47350.47,25.15
PIK,2021-08-30,2021,242,27.97,16.92,0,0.91806603339793,163.08,35.155253725236,362.4,1927.39,47170.81,22.445
PIK,2021-08-31,2021,243,23.86,13.15,0,0.720165040775087,164.052,35.2295917680672,364.56,1511.25,46990.48,18.505
PIK,2021-09-01,2021,244,22.82,12.53,0,0.65952674700148,160.4925,34.3324617118875,356.65,1452.03,46809.5,17.675
PIK,2021-09-02,2021,245,18.87,8.28,0,0.540398451907676,169.443,36.1065401439192,376.54,1093.11,46627.92,13.575
PIK,2021-09-03,2021,246,21.93,8.94,0,0.741299296603001,188.046,39.9141115829694,417.88,1143.23,46445.77,15.435
PIK,2021-09-04,2021,247,23.98,9.34,5.47,0.899812059827517,146.538,30.9814041186594,325.64,1173.9,46263.09,16.66
PIK,2021-09-05,2021,248,24.78,14.73,2.97,0.721522781140785,115.6455,24.3532294398059,256.99,1675.05,46079.91,19.755
PIK,2021-09-06,2021,249,21.93,12.62,1.98,0.582534058354156,149.067,31.2662001100113,331.26,1460.26,45896.27,17.275
PIK,2021-09-07,2021,250,23.65,10.21,36.25,0.83502225277895,138.645,28.9635932822535,308.1,1244.67,45712.19,16.93
PIK,2021-09-08,2021,251,24.72,14.41,0,0.73357352679585,154.2465,32.0927859858186,342.77,1640.32,45527.72,19.565
PIK,2021-09-09,2021,252,19.77,11.48,0,0.471753291647335,133.812,27.7281160656192,297.36,1354.88,45342.88,15.625
PIK,2021-09-10,2021,253,22.02,9.58,0,0.723883473759063,175.1355,36.1428338033595,389.19,1193,45157.7,15.8
PIK,2021-09-11,2021,254,25.11,11.08,0,0.930884633213383,180.7335,37.1448993258009,401.63,1319.12,44972.22,18.095
PIK,2021-09-12,2021,255,22.9,14.16,2.25,0.584797040092034,98.811,20.2240546887042,219.58,1614.73,44786.46,18.53
PIK,2021-09-13,2021,256,21.14,10.08,0,0.633987960600621,159.498,32.5095366526956,354.44,1233.97,44600.46,15.61
PIK,2021-09-14,2021,257,24.63,10.86,18.62,0.895475714904329,132.039,26.8003681217775,293.42,1300.04,44414.25,17.745
PIK,2021-09-15,2021,258,20.82,11.84,0,0.532821203092976,135.9495,27.4782862076378,302.11,1387.16,44227.85,16.33
PIK,2021-09-16,2021,259,22.31,9.5,0,0.750217448120091,169.9785,34.2113509240511,377.73,1187.01,44041.29,15.905
PIK,2021-09-17,2021,260,25.42,13.18,0,0.862126442276302,159.174,31.900940298828,353.72,1515.1,43854.6,19.3
PIK,2021-09-18,2021,261,22.56,10.13,0,0.745279175415544,163.269,32.5822779573606,362.82,1238.09,43667.82,16.345
PIK,2021-09-19,2021,262,21.37,7.61,0,0.747111644520076,173.124,34.4011294877796,384.72,1043.96,43480.97,14.49
PIK,2021-09-20,2021,263,24.03,10.4,0,0.860940502590377,167.121,33.0655416051879,371.38,1260.39,43294.07,17.215
PIK,2021-09-21,2021,264,24.16,18.03,18.6,0.46842558080609,65.4525,12.894124251843,145.45,2066.79,43107.16,21.095
PIK,2021-09-22,2021,265,19,12.26,55.17,0.382893807494711,75.8385,14.8753871907057,168.53,1425.64,42920.26,15.63
PIK,2021-09-23,2021,266,18.63,11.65,7.66,0.385551528471474,79.218,15.4706165993466,176.04,1369.88,42733.41,15.14
PIK,2021-09-24,2021,267,15.33,9.23,0,0.285807550979817,96.453,18.7541335645902,214.34,1165.56,42546.62,12.28
PIK,2021-09-25,2021,268,20.06,8.32,4.99,0.622743138329858,116.865,22.623302353617,259.7,1095.75,42359.94,14.19
PIK,2021-09-26,2021,269,18.49,7.21,3.67,0.553776665438372,113.7735,21.9278336358951,252.83,1015.82,42173.38,12.85
PIK,2021-09-27,2021,270,22.62,11.43,0,0.694527954073379,145.9575,28.0063978744095,324.35,1349.65,41986.98,17.025
PIK,2021-09-28,2021,271,15.44,7.04,0,0.372717200426977,123.4845,23.5891789833654,274.41,1004.37,41800.76,11.24
PIK,2021-09-29,2021,272,18.98,6.44,0,0.613219933427717,157.941,30.0371330178612,350.98,963.29,41614.76,12.71
PIK,2021-09-30,2021,273,14.31,5.74,0,0.354715745101208,124.443,23.56085914479,276.54,917.98,41429,10.025
PIK,2021-10-01,2021,274,18.68,7.05,0,0.572121853079139,148.8915,28.0634996804256,330.87,1004.65,41243.52,12.865
PIK,2021-10-02,2021,275,24.32,12.26,17.67,0.804244259182694,107.8695,20.2402677122991,239.71,1425.77,41058.34,18.29
PIK,2021-10-03,2021,276,18.94,13.6,8.52,0.312556750470881,57.9285,10.820571642175,128.73,1557.08,40873.49,16.27
PIK,2021-10-04,2021,277,15.66,12.73,4.96,0.151078260659419,34.6545,6.4439634312063,77.01,1471.14,40689.02,14.195
PIK,2021-10-05,2021,278,17.79,12.93,0,0.270223291033777,73.3455,13.5768077008389,162.99,1490.21,40504.94,15.36
PIK,2021-10-06,2021,279,18.45,11.4,0,0.384844991722074,102.5055,18.8885137438741,227.79,1347.37,40321.29,14.925
PIK,2021-10-07,2021,280,19.09,11.53,0,0.421943406281523,108.558,19.9129201603866,241.24,1359.31,40138.11,15.31
PIK,2021-10-08,2021,281,20.72,14.31,0,0.403140955417505,92.547,16.8987369441618,205.66,1630.56,39955.42,17.515
PIK,2021-10-09,2021,282,19.47,14.95,3.73,0.27810172831367,50.4405,9.16825916823795,112.09,1699.14,39773.27,17.21
PIK,2021-10-10,2021,283,20.13,14.68,0,0.339843942075738,80.757,14.6116889196381,179.46,1669.93,39591.69,17.405
PIK,2021-10-11,2021,284,21.84,15.3,0,0.435984454431711,94.491,17.0184853116477,209.98,1738.03,39410.71,18.57
PIK,2021-10-12,2021,285,22.51,14.54,0,0.532091394373082,109.6875,19.6650811268438,243.75,1654.91,39230.37,18.525
PIK,2021-10-13,2021,286,20.85,14.44,0,0.406547945031813,93.1275,16.6196961295493,206.95,1643.82,39050.71,17.645
PIK,2021-10-14,2021,287,22.14,12.28,1.68,0.616161615950832,127.4175,22.634947132686,283.15,1427.47,38871.76,17.21
PIK,2021-10-15,2021,288,19.26,13.68,9.89,0.330918310954296,62.442,11.0415948135858,138.76,1564.78,38693.57,16.47
PIK,2021-10-16,2021,289,13.92,8.99,1.93,0.219883313820748,78.822,13.8741650936172,175.16,1146.56,38516.18,11.455
PIK,2021-10-17,2021,290,13.63,6.8,1.55,0.284389808217802,104.931,18.3851818199721,233.18,987.96,38339.63,10.215
PIK,2021-10-18,2021,291,12.16,4.25,0.4,0.29369996800459,118.0935,20.5965989420152,262.43,827.29,38163.95,8.205
PIK,2021-10-19,2021,292,20.37,3.84,0,0.791731651448058,153.0585,26.572584754674,340.13,803.8,37989.2,12.105
PIK,2021-10-20,2021,293,18.9,10.05,1.51,0.472822378647291,119.457,20.6441369851158,265.46,1231.84,37815.42,14.475
PIK,2021-10-21,2021,294,16.71,8.3,1.44,0.401394030673446,115.749,19.9119428634645,257.22,1094.56,37642.65,12.505
PIK,2021-10-22,2021,295,7.82,2.45,0,0.164706776839799,85.2615,14.6003664772017,189.47,728.66,37470.94,5.135
PIK,2021-10-23,2021,296,10.07,0.54,0,0.298569000775893,126.5175,21.5664903685417,281.15,634.96,37300.33,5.305
PIK,2021-10-24,2021,297,12.94,1.2,8.81,0.411773546139552,100.98,17.135106519168,224.4,665.9,37130.88,7.07
PIK,2021-10-25,2021,298,7.54,3.63,17.96,0.122852777863154,46.0755,7.7830395852924,102.39,792.22,36962.64,5.585
PIK,2021-10-26,2021,299,7.99,3.72,4.61,0.136613544308683,50.319,8.4614478274395,111.82,797.13,36795.65,5.855
PIK,2021-10-27,2021,300,14.85,4.1,0,0.433051573685331,127.152,21.2851129306608,282.56,818.98,36629.97,9.475
PIK,2021-10-28,2021,301,11.58,2.5,0,0.315292256069789,117.288,19.5458183884656,260.64,731.13,36465.66,7.04
PIK,2021-10-29,2021,302,13.2,5.03,13.77,0.320103542681826,81.0135,13.4404286656613,180.03,873.91,36302.75,9.115
PIK,2021-10-30,2021,303,8.54,6.08,2.12,0.085499438661148,29.673,4.9009657448052,65.94,939.81,36141.32,7.31
PIK,2021-10-31,2021,304,14.47,6.24,0.63,0.346647562125341,107.8155,17.7286464540374,239.59,950.63,35981.41,10.355
PIK,2021-11-01,2021,305,9.81,1.84,0,0.256806881027074,108.144,17.7044187594672,240.32,697.18,35823.09,5.825
PIK,2021-11-02,2021,306,7.57,-0.88,0.96,0.234171061327564,111.141,18.1154821653117,246.98,572.56,35666.41,3.345
PIK,2021-11-03,2021,307,6.15,-3.33,0,0.233412840660207,116.316,18.8766020378916,258.48,477.65,35511.43,1.41
PIK,2021-11-04,2021,308,6.76,-3.65,0,0.259260462610668,118.89,19.211086205406,264.2,466.39,35358.22,1.555
PIK,2021-11-05,2021,309,8.43,-4.51,0,0.333406221386389,125.892,20.2554201675852,279.76,437.02,35206.83,1.96
PIK,2021-11-06,2021,310,10.54,-1.17,0,0.355367726606378,118.962,19.0591342814088,264.36,560.65,35057.32,4.685
PIK,2021-11-07,2021,311,15.69,1.16,0,0.557668053594051,122.4765,19.5396128555009,272.17,663.99,34909.77,8.425
PIK,2021-11-08,2021,312,17.53,1.45,0,0.660817490743213,122.373,19.4417026558542,271.94,678.14,34764.22,9.49
PIK,2021-11-09,2021,313,12.23,4.65,4.42,0.284955419044025,63.441,10.0374366526812,140.98,851.03,34620.76,8.44
PIK,2021-11-10,2021,314,11.78,0.09,0,0.382858779720785,109.566,17.2644286562928,243.48,614.57,34479.44,5.935
PIK,2021-11-11,2021,315,11.61,2.32,1.97,0.321414964921244,95.1975,14.9398489928498,211.55,721.71,34340.33,6.965
PIK,2021-11-12,2021,316,11.85,4.02,2.05,0.285799027105851,62.037,9.6970003247241,137.86,814.28,34203.49,7.935
PIK,2021-11-13,2021,317,6.19,1.91,0.34,0.122938945343135,50.6745,7.889783000085,112.61,700.77,34069,4.05
PIK,2021-11-14,2021,318,4.32,0.2,8.98,0.105873623818563,36.567,5.6712390861348,81.26,619.63,33936.92,2.26
PIK,2021-11-15,2021,319,4.3,-1.81,0,0.147913593109604,69.21,10.692910263501,153.8,534.71,33807.33,1.245
PIK,2021-11-16,2021,320,5.37,-2.65,0,0.196083561237106,84.258,12.9688969573368,187.24,502.58,33680.28,1.36
PIK,2021-11-17,2021,321,13.5,-1.31,2.84,0.494896541606994,81.567,12.5083185774615,181.26,555.02,33555.85,6.095
PIK,2021-11-18,2021,322,10.43,2.06,0,0.276753855180296,83.565,12.7682208078255,185.7,708.36,33434.11,6.245
PIK,2021-11-19,2021,323,4.44,-1.7,0,0.149754200396566,67.041,10.2069988468344,148.98,539.13,33315.12,1.37
PIK,2021-11-20,2021,324,4.27,-2.35,1.07,0.157360067502654,70.974,10.768118607261,157.72,513.94,33198.95,0.96
PIK,2021-11-21,2021,325,6.72,-1.14,6.32,0.209927241882459,58.9545,8.9140122275292,131.01,562.01,33085.68,2.79
PIK,2021-11-22,2021,326,2.62,-2.78,5.02,0.120116962514418,44.1585,6.6545709259392,98.13,497.64,32975.36,-0.08
PIK,2021-11-23,2021,327,0.55,-7.81,0,0.148600371121797,84.186,12.6453370757616,187.08,339.42,32868.08,-3.63
PIK,2021-11-24,2021,328,7.44,-5.31,4.48,0.310229678793501,74.6325,11.1747971633422,165.85,411.45,32763.89,1.065
PIK,2021-11-25,2021,329,5.85,2.69,4.69,0.0915618739934043,25.479,3.8032317354258,56.62,741.17,32662.86,4.27
PIK,2021-11-26,2021,330,1.98,-4.23,0,0.129154250175143,64.5255,9.6028348801671,143.39,446.63,32565.06,-1.125
PIK,2021-11-27,2021,331,-0.18,-6.92,2.78,0.120003542986225,57.4605,8.5265847289719,127.69,363.74,32470.54,-3.55
PIK,2021-11-28,2021,332,-2,-6.45,4.97,0.0758260395991989,40.3425,5.96963352271275,89.65,377.01,32379.39,-4.225
PIK,2021-11-29,2021,333,-0.56,-9.96,0,0.150405198305525,95.481,14.0903980202988,212.18,286.72,32291.64,-5.26
PIK,2021-11-30,2021,334,1.76,-5.28,2.01,0.141017818174945,57.5595,8.4720519492327,127.91,412.25,32207.38,-1.76
PIK,2021-12-01,2021,335,4.41,-1.13,1.43,0.137388616480174,62.406,9.162373439943,138.68,562.14,32126.65,1.64
PIK,2021-12-02,2021,336,8.79,-0.65,1.85,0.273961210725699,90.9,13.31378309763,202,582.53,32049.51,4.07
PIK,2021-12-03,2021,337,0.34,-3.06,0,0.06959143127441,40.194,5.8735675926774,89.32,487.48,31976.03,-1.36
PIK,2021-12-04,2021,338,3.96,-2.36,0,0.148854710065568,69.9435,10.1985710217188,155.43,513.35,31906.25,0.8
PIK,2021-12-05,2021,339,4.4,-4.37,16.44,0.197214207924418,59.436,8.6485207937544,132.08,441.91,31840.22,0.015
PIK,2021-12-06,2021,340,8.75,-2.65,2.96,0.312486861679664,66.5145,9.65959581945735,147.81,502.64,31777.99,3.05
PIK,2021-12-07,2021,341,-3.1,-8.67,0.57,0.0849828766676322,65.6055,9.5100855916887,145.79,317.43,31719.62,-5.885
PIK,2021-12-08,2021,342,-2.73,-8.64,1.63,0.0913849890512177,70.506,10.2029013890388,156.68,318.18,31665.14,-5.685
PIK,2021-12-09,2021,343,0.19,-10.27,1.08,0.170286403526412,99.198,14.332000264956,220.44,279.78,31614.6,-5.04
PIK,2021-12-10,2021,344,5.25,-1.86,13.92,0.17733078065883,58.3155,8.4129405873534,129.59,532.74,31568.04,1.695
PIK,2021-12-11,2021,345,16.07,-0.61,8.39,0.619583581187757,70.3305,10.1326230923175,156.29,584.01,31525.5,7.73
PIK,2021-12-12,2021,346,6.49,-1.25,0,0.204753576833594,72.7515,10.468620015885,161.67,557.23,31487,2.62
PIK,2021-12-13,2021,347,9.06,1.61,0,0.232479624943067,69.165,9.9416557085085,153.7,686.07,31452.57,5.335
PIK,2021-12-14,2021,348,6.44,-2.04,0,0.218620760476827,75.5955,10.8554932531431,167.99,525.97,31422.26,2.2
PIK,2021-12-15,2021,349,10.5,0.28,1.27,0.322189401078475,81.7425,11.728420897158,181.65,623.36,31396.08,5.39
PIK,2021-12-16,2021,350,15.42,3.95,0,0.469202548748274,83.367,11.9531073385476,185.26,809.99,31374.04,9.685
PIK,2021-12-17,2021,351,4.21,-1.21,0,0.132930332786312,54.117,7.7548439362842,120.26,559.14,31356.18,1.5
PIK,2021-12-18,2021,352,-1.03,-5.31,8.62,0.0778558425353419,33.633,4.817430322425,74.74,411.6,31342.5,-3.17
PIK,2021-12-19,2021,353,-4.38,-11.69,0,0.0966400594919076,70.9875,10.1648351006325,157.75,249.78,31333.02,-8.035
PIK,2021-12-20,2021,354,2.57,-12.29,0,0.248722383464608,94.941,13.5924914224638,210.98,238.09,31327.74,-4.86
PIK,2021-12-21,2021,355,2.52,-1.89,0,0.100501739263535,45.009,6.4436181514371,100.02,531.59,31326.67,0.315
PIK,2021-12-22,2021,356,2.08,-6.61,1.1,0.168813938328967,85.365,12.2223243840705,189.7,372.56,31329.81,-2.265
PIK,2021-12-23,2021,357,-1.92,-9.38,4.44,0.115724533985863,58.4685,8.37331922732175,129.93,300.3,31337.15,-5.65
PIK,2021-12-24,2021,358,1.39,-3.93,3.96,0.109607968132836,45.1305,6.4655560494495,100.29,456.71,31348.7,-1.27
PIK,2021-12-25,2021,359,3.6,-0.19,4.79,0.0940749016481014,32.814,4.7034092955114,72.92,602.3,31364.43,1.705
PIK,2021-12-26,2021,360,1.36,-6.61,0,0.151142729354535,82.503,11.8331148381885,183.34,372.43,31384.35,-2.625
PIK,2021-12-27,2021,361,-1.95,-8.57,1.65,0.105371502313092,73.2375,10.5122529100575,162.75,319.91,31408.42,-5.26
PIK,2021-12-28,2021,362,1.24,-3.54,0.94,0.0993020067675205,55.098,7.9156786775904,122.44,470.17,31436.64,-1.15
PIK,2021-12-29,2021,363,1.07,-2.43,0.59,0.0747152581800513,42.012,6.0418798601148,93.36,510.95,31468.97,-0.68
PIK,2021-12-30,2021,364,1.02,-1.77,0,0.0606200072709869,31.0365,4.468625276247,68.97,536.62,31505.4,-0.375
PIK,2021-12-31,2021,365,4.25,-1.76,0,0.145169604286113,61.7445,8.90137838732985,137.21,536.99,31545.89,1.245
PIK,2022-01-01,2022,1,5.82,-1.14,2.45,0.180479036352489,45.207,6.5264954136138,100.46,561.94,31590.62,2.34
PIK,2022-01-02,2022,2,1.18,-8.42,1.28,0.171074140957613,80.892,11.6962520333904,179.76,323.83,31639.16,-3.62
PIK,2022-01-03,2022,3,-5.18,-15.37,0,0.116054001350281,85.824,12.429962055072,190.72,184.99,31691.65,-10.275
PIK,2022-01-04,2022,4,1.19,-11.7,0,0.208541876985156,98.289,14.2606212586911,218.42,249.59,31748.07,-5.255
PIK,2022-01-05,2022,5,3.87,-6.03,1.42,0.208238726152476,83.403,12.1238069947785,185.34,389.51,31808.35,-1.08
PIK,2022-01-06,2022,6,0.23,-7.67,0.54,0.139454830608723,71.1,10.35622605969,158,343.15,31872.47,-3.72
PIK,2022-01-07,2022,7,-5.61,-10.49,0,0.064322303316796,46.953,6.8536116002277,104.34,275.04,31940.37,-8.05
PIK,2022-01-08,2022,8,0.47,-16.39,0,0.23155761396558,112.4775,16.4548727258782,249.95,169.88,32011.99,-7.96
PIK,2022-01-09,2022,9,4.1,-8.75,0,0.251828304661979,100.6605,14.7607465335557,223.69,315.55,32087.29,-2.325
PIK,2022-01-10,2022,10,-4.95,-13.61,1.47,0.105277078806096,79.7625,11.7250576209675,177.25,213.85,32166.22,-9.28
PIK,2022-01-11,2022,11,-6.33,-21.87,0,0.138032933926681,112.86,16.63291844874,250.8,106.1,32248.7,-14.1
PIK,2022-01-12,2022,12,1.33,-10.52,0,0.199525480774805,99.081,14.641157656899,220.18,274.31,32334.7,-4.595
PIK,2022-01-13,2022,13,1.36,-2.2,0,0.0773924081425228,36.027,5.3384203274346,80.06,519.6,32424.14,-0.42
PIK,2022-01-14,2022,14,-1.05,-11.59,0,0.157416952621184,94.2075,13.9994750023268,209.35,251.94,32516.97,-6.32
PIK,2022-01-15,2022,15,-12.45,-19.72,0,0.0544627107563495,72.837,10.8557691239808,161.86,127.91,32613.12,-16.085
PIK,2022-01-16,2022,16,-2.04,-19.42,19.65,0.197907365578262,91.584,13.6914656681664,203.52,131.33,32712.53,-10.73
PIK,2022-01-17,2022,17,-2.45,-10.09,16.33,0.113784351627932,58.23,8.732473002054,129.4,283.87,32815.14,-6.27
PIK,2022-01-18,2022,18,-2.58,-10.95,1.83,0.120741137692269,85.2615,12.8274542017979,189.47,265.09,32920.87,-6.765
PIK,2022-01-19,2022,19,3.71,-10.36,0,0.259585159895781,118.0035,17.8121027610117,262.23,277.94,33029.66,-3.325
PIK,2022-01-20,2022,20,-2.89,-16.14,0,0.160893546781306,117.1665,17.7456193955123,260.37,173.39,33141.45,-9.515
PIK,2022-01-21,2022,21,-9.64,-18.78,0,0.0786382793964402,94.797,14.4073141240293,210.66,138.69,33256.17,-14.21
PIK,2022-01-22,2022,22,-4.59,-21.74,2.04,0.164340607494653,98.388,15.0059401772184,218.64,107.32,33373.74,-13.165
PIK,2022-01-23,2022,23,-4.88,-16.74,0,0.1308028302708,114.399,17.510830364763,254.22,165.01,33494.1,-10.81
PIK,2022-01-24,2022,24,-6.17,-19.38,5.49,0.127593400933436,91.485,14.0548916260755,203.3,131.75,33617.19,-12.775
PIK,2022-01-25,2022,25,-5.97,-16.11,0,0.109551858272829,106.6095,16.439738213966,236.91,173.84,33742.93,-11.04
PIK,2022-01-26,2022,26,-8.01,-17.27,0,0.089075219216793,101.2365,15.6705610788563,224.97,157.79,33871.25,-12.64
PIK,2022-01-27,2022,27,-3.77,-16.24,0,0.145861401210883,123.003,19.1133753573168,273.34,172.01,34002.08,-10.005
PIK,2022-01-28,2022,28,-4.65,-17.09,0,0.137022632126458,124.4385,19.4122311887952,276.53,160.12,34135.36,-10.87
PIK,2022-01-29,2022,29,-9.15,-21.97,0,0.101181075447199,128.3265,20.0983118194971,285.17,105.11,34271.02,-15.56
PIK,2022-01-30,2022,30,-5.82,-19.1,0,0.131210197143813,131.508,20.6795125781244,292.24,134.96,34408.99,-12.46
PIK,2022-01-31,2022,31,-0.6,-13.89,0,0.188344476593421,131.0175,20.6863386237697,291.15,209.04,34549.21,-7.245
PIK,2022-02-01,2022,32,3.7,-9.7,0,0.251884433458926,131.2785,20.812973732442,291.73,292.81,34691.6,-3.0
PIK,2022-02-02,2022,33,3.64,-3.46,11.87,0.160095311210786,63.018,10.032527168586,140.04,472.93,34836.1,0.09
PIK,2022-02-03,2022,34,-4.62,-11.15,3.89,0.0870459340663246,61.56,9.84164093838,136.8,260.94,34982.65,-7.885
PIK,2022-02-04,2022,35,-11.41,-16.11,0,0.0416997951086246,63.225,10.150741669635,140.5,173.92,35131.18,-13.76
PIK,2022-02-05,2022,36,-9.18,-19.39,0,0.0875264495941085,121.9545,19.663583704466,271.01,131.68,35281.63,-14.285
PIK,2022-02-06,2022,37,-1.3,-11.58,0,0.152354850816693,121.491,19.6734094046091,269.98,251.97,35433.93,-6.44
PIK,2022-02-07,2022,38,2.47,-5.52,0,0.16249986747299,102.429,16.6587757046559,227.62,405.04,35588.03,-1.525
PIK,2022-02-08,2022,39,-1.1,-8.22,0,0.117970832259071,96.2865,15.7283458738173,213.97,328.8,35743.86,-4.66
PIK,2022-02-09,2022,40,5.33,-8.35,0,0.283621642013777,147.9105,24.2675596548396,328.69,325.44,35901.36,-1.51
PIK,2022-02-10,2022,41,2.34,-1.42,0,0.086471496965177,55.1115,9.08217392729085,122.47,550.32,36060.47,0.46
PIK,2022-02-11,2022,42,2.09,-2.28,4.9,0.0969542920957709,48.879,8.0909706764142,108.62,516.56,36221.14,-0.095
PIK,2022-02-12,2022,43,0.59,-15.99,0,0.231439063423872,166.0905,27.6161542234663,369.09,175.64,36383.31,-7.7
PIK,2022-02-13,2022,44,-11.51,-21.79,0,0.0741788324857872,136.764,22.8422445586416,303.92,106.85,36546.92,-16.65
PIK,2022-02-14,2022,45,-11.83,-22.34,0,0.0735073159673914,139.464,23.3983598337216,309.92,101.77,36711.92,-17.085
PIK,2022-02-15,2022,46,-3.49,-14.67,0,0.138834039195023,146.5515,24.6988589441823,325.67,195.92,36878.26,-9.08
PIK,2022-02-16,2022,47,9.09,-6.11,12.1,0.383405641642214,124.3125,21.0460597446938,276.25,387.17,37045.87,1.49
PIK,2022-02-17,2022,48,6.84,-4.88,24.15,0.282639550830901,111.3705,18.9409224200832,247.49,425.11,37214.72,0.98
PIK,2022-02-18,2022,49,-5.45,-14.06,3.12,0.101341126220917,95.175,16.2604876663125,211.5,206.05,37384.75,-9.755
PIK,2022-02-19,2022,50,-3.89,-13.82,0,0.124733751251677,143.3925,24.6105277187648,318.65,210.15,37555.91,-8.855
PIK,2022-02-20,2022,51,5.51,-12.93,0,0.338953737517901,186.003,32.0701993159365,413.34,226.01,37728.15,-3.71
PIK,2022-02-21,2022,52,4.55,-3.28,0,0.182747098315393,120.267,20.8313911578717,267.26,479.59,37901.43,0.635
PIK,2022-02-22,2022,53,6.99,-3.21,10.1,0.259087747772939,109.7865,19.1034991026455,243.97,482.18,38075.69,1.89
PIK,2022-02-23,2022,54,4.11,-12.41,0,0.292013107205569,187.641,32.8008962451267,416.98,235.82,38250.91,-4.15
PIK,2022-02-24,2022,55,-6.99,-14.72,4.02,0.0840574613680134,94.4595,16.5881727273033,209.91,195.26,38427.02,-10.855
PIK,2022-02-25,2022,56,-7.3,-14.01,3.33,0.0739853683079829,85.6935,15.11807126418,190.43,206.93,38604,-10.655
PIK,2022-02-26,2022,57,-2.99,-16.78,0,0.163510264106423,185.373,32.8541721825519,411.94,164.41,38781.79,-9.885
PIK,2022-02-27,2022,58,-1.16,-10.59,0.48,0.144751574908326,152.0055,27.0644037390486,337.79,272.81,38960.36,-5.875
PIK,2022-02-28,2022,59,-5.63,-18.89,0,0.132834206577032,187.2225,33.4881602241795,416.05,137.45,39139.66,-12.26
PIK,2022-03-01,2022,60,1.96,-7.7,0,0.18091906981011,157.527,28.3061671283313,350.06,342.41,39319.67,-2.87
PIK,2022-03-02,2022,61,1.48,-7.6,1.31,0.167843882350973,154.098,27.8172328651938,342.44,344.95,39500.33,-3.06
PIK,2022-03-03,2022,62,-6.56,-15.5,0,0.0962904531168917,157.3965,28.543061634628,349.77,183,39681.61,-11.03
PIK,2022-03-04,2022,63,0.17,-14.5,0,0.210320835405848,202.428,36.8775442995408,449.84,198.78,39863.48,-7.165
PIK,2022-03-05,2022,64,5.3,-7.58,0,0.272559221984304,190.539,34.870497232257,423.42,345.61,40045.9,-1.14
PIK,2022-03-06,2022,65,14.91,0.12,1.34,0.538015290946282,195.9705,36.0283531137354,435.49,616.2,40228.84,7.515
PIK,2022-03-07,2022,66,1.09,-3.36,6.12,0.0924754769032322,63.171,11.6666718585075,140.38,476.6,40412.25,-1.135
PIK,2022-03-08,2022,67,0.66,-6.1,0,0.127170988200606,126.135,23.401103594634,280.3,387.28,40596.12,-2.72
PIK,2022-03-09,2022,68,3.92,-5.17,0,0.19644870979409,159.6375,29.75107064985,354.75,415.89,40780.4,-0.625
PIK,2022-03-10,2022,69,3.45,-5.46,1.73,0.188005122423782,158.463,29.6659096037046,352.14,406.66,40965.06,-1.005
PIK,2022-03-11,2022,70,-1.34,-4.88,4.4,0.0646887983596552,54.8325,10.311573250512,121.85,425.22,41150.08,-3.11
PIK,2022-03-12,2022,71,-4.65,-10.75,0,0.0824062176129453,122.337,23.1098047429869,271.86,269.32,41335.41,-7.7
PIK,2022-03-13,2022,72,-1.67,-11.8,0.76,0.147041857831087,180.4995,34.2499799559965,401.11,247.63,41521.03,-6.735
PIK,2022-03-14,2022,73,4.84,-5.58,0.54,0.229781798769282,184.806,35.2241389928664,410.68,403.05,41706.92,-0.37
PIK,2022-03-15,2022,74,1.58,-0.82,6.44,0.0548579960326834,40.8555,7.82183234034405,90.79,575.22,41893.03,0.38
PIK,2022-03-16,2022,75,3.94,-0.93,0,0.119601908248092,104.2335,20.0443713685173,231.63,570.52,42079.34,1.505
PIK,2022-03-17,2022,76,17.2,-0.95,0,0.6942886207409,230.2605,44.4759202267227,511.69,569.97,42265.82,8.125
PIK,2022-03-18,2022,77,9.85,2.85,0,0.231979355483242,142.7535,27.6952777023127,317.23,749.61,42452.45,6.35
PIK,2022-03-19,2022,78,8.39,2.87,6.67,0.174540054161677,89.073,17.3568626088759,197.94,750.73,42639.19,5.63
PIK,2022-03-20,2022,79,8.36,0.5,1.16,0.232514053583239,162.1575,31.7366333347478,360.35,633.13,42826.01,4.43
PIK,2022-03-21,2022,80,9.48,-2.38,0,0.335917065452689,210.717,41.4204104395341,468.26,512.7,43012.89,3.55
PIK,2022-03-22,2022,81,5.99,-5.52,0,0.264643720892491,213.327,42.115674667122,474.06,404.91,43199.8,0.235
PIK,2022-03-23,2022,82,4.19,-0.32,16.05,0.11343132141648,79.0695,15.6776805677205,175.71,596.83,43386.7,1.935
PIK,2022-03-24,2022,83,10.93,2.41,0,0.288845811783097,178.182,35.4816062762292,395.96,726.55,43573.58,6.67
PIK,2022-03-25,2022,84,4.87,0.9,0.98,0.105854806042303,98.28,19.654533043236,218.4,651.99,43760.41,2.885
PIK,2022-03-26,2022,85,5.07,-2.09,3.09,0.176032775962055,124.533,25.0110121782834,276.74,524.04,43947.14,1.49
PIK,2022-03-27,2022,86,-2.45,-9.47,1.3,0.106666075448175,168.4215,33.9691561503314,374.27,298.11,44133.77,-5.96
PIK,2022-03-28,2022,87,-7.14,-13.71,0,0.0735942794292072,164.9115,33.4017594089888,366.47,212.09,44320.25,-10.425
PIK,2022-03-29,2022,88,-0.27,-10.76,0,0.165427638095412,222.714,45.2989195755786,494.92,269.13,44506.57,-5.515
PIK,2022-03-30,2022,89,5.5,-7.53,1.37,0.278218744490708,242.5185,49.5333238356306,538.93,346.84,44692.68,-1.015
PIK,2022-03-31,2022,90,16.97,1.38,0.9,0.628019238695419,246.285,50.511826803672,547.3,674.46,44878.56,9.175
PIK,2022-04-01,2022,91,2.54,-1.29,0,0.0889840706607075,101.9745,21.0009653109837,226.61,555.62,45064.18,0.625
PIK,2022-04-02,2022,92,6.29,-4.16,0,0.252304149084858,223.0425,46.123026915222,495.65,448.94,45249.52,1.065
PIK,2022-04-03,2022,93,5.74,-1.35,0,0.182450459054941,177.597,36.8754955455537,394.66,553.13,45434.53,2.195
PIK,2022-04-04,2022,94,7.86,-2.68,0,0.280292374586522,228.3615,47.608747059456,507.47,501.27,45619.2,2.59
PIK,2022-04-05,2022,95,12.41,1.98,0,0.367062828772968,225.504,47.2029265494144,501.12,704.33,45803.48,7.195
PIK,2022-04-06,2022,96,14.13,3.4,7.21,0.414886374362905,168.6555,35.4450014436609,374.79,779.19,45987.34,8.765
PIK,2022-04-07,2022,97,11.77,4.87,2.31,0.25722544938099,128.412,27.0949799233584,285.36,864.13,46170.76,8.32
PIK,2022-04-08,2022,98,8.72,1.06,1.72,0.232574058106534,189.3555,40.1123891443995,420.79,659.65,46353.7,4.89
PIK,2022-04-09,2022,99,6.4,-0.37,2.47,0.183024111398944,131.3865,27.9419759418366,291.97,594.48,46536.12,3.015
PIK,2022-04-10,2022,100,7.14,-1.87,0,0.238942834609953,212.148,45.2938556113164,471.44,532.66,46717.99,2.635
PIK,2022-04-11,2022,101,12.32,-2.55,0.96,0.462176611611848,257.5215,55.1945083107564,572.27,506.15,46899.28,4.885
PIK,2022-04-12,2022,102,16.73,2.92,1.77,0.591705907778448,247.8825,53.3332400476185,550.85,735.33,47079.94,9.825
PIK,2022-04-13,2022,103,18.41,6.28,4.35,0.579711771194928,174.2805,37.6407408973869,387.29,953.18,47259.94,12.345
PIK,2022-04-14,2022,104,13.65,5.08,0.64,0.341208615788407,193.797,42.0146803983825,430.66,876.85,47439.25,9.365
PIK,2022-04-15,2022,105,12.93,0.89,0.57,0.418474643664368,235.143,51.1702765105482,522.54,651.37,47617.82,6.91
PIK,2022-04-16,2022,106,5.76,-2.06,0,0.197201109518251,189.5805,41.4092984821349,421.29,524.93,47795.61,1.85
PIK,2022-04-17,2022,107,7.13,-3.23,0,0.264525339067486,225.828,49.5093420291564,501.84,481.2,47972.59,1.95
PIK,2022-04-18,2022,108,7.82,-3.72,10.77,0.297366864001698,177.2325,38.9981692399928,393.85,464.05,48148.71,2.05
PIK,2022-04-19,2022,109,3.98,0.27,2.95,0.0945395627683377,74.0295,16.3486980548748,164.51,622.75,48323.92,2.125
PIK,2022-04-20,2022,110,9.99,-0.28,0,0.313573211517818,224.1135,49.671782907862,498.03,598.35,48498.19,4.855
PIK,2022-04-21,2022,111,14.5,3.53,6.57,0.430477162862324,170.8335,37.9982592960197,379.63,786.67,48671.47,9.015
PIK,2022-04-22,2022,112,12.32,1.01,0,0.387081077225306,232.209,51.8327177950836,516.02,656.43,48843.72,6.665
PIK,2022-04-23,2022,113,9.97,1.94,1.06,0.260715085705158,189.0765,42.3527581495224,420.17,702.29,49014.88,5.955
PIK,2022-04-24,2022,114,18.86,5.18,1.27,0.710071993968755,244.7865,55.0218950107376,543.97,818.08,49184.91,12.02
PIK,2022-04-25,2022,115,19.24,9.41,9.85,0.522204660841582,136.8,30.85478626176,304,1179.97,49353.76,14.325
PIK,2022-04-26,2022,116,9.9,1.4,3.16,0.271217078493225,129.942,29.4075257210172,288.76,675.62,49521.38,5.65
PIK,2022-04-27,2022,117,3.15,-1.98,0,0.118852828516249,116.8605,26.5358449994594,259.69,528.19,49687.71,0.585
PIK,2022-04-28,2022,118,8.8,-3.34,0,0.327086958275829,217.8225,49.625831547054,484.05,477.37,49852.72,2.73
PIK,2022-04-29,2022,119,13.6,-2.74,0,0.530490076344159,239.832,54.8195102064792,532.96,496.68,50016.33,5.43
PIK,2022-04-30,2022,120,14.82,-1.35,0,0.573727199179169,238.842,54.77023116729,530.76,544.29,50178.5,6.735
PIK,2022-05-01,2022,121,12.8,3.72,4.24,0.339234451811125,133.974,30.8207257470324,297.72,796.99,50339.18,8.26
PIK,2022-05-02,2022,122,11.82,7.43,0.69,0.175868239224808,97.4115,22.480351785851,216.47,1031.18,50498.29,9.625
PIK,2022-05-03,2022,123,13.41,7.59,14.23,0.246043712675917,94.6035,21.900427007121,210.23,1042.64,50655.8,10.5
PIK,2022-05-04,2022,124,15.59,5.76,3.94,0.423891965524634,142.767,33.1518035895597,317.26,919.33,50811.63,10.675
PIK,2022-05-05,2022,125,15.87,1.27,0,0.573109336353715,232.776,54.2166463628136,517.28,661.48,50965.73,8.57
PIK,2022-05-06,2022,126,16.79,4.99,0,0.518162669385581,210.6135,49.2013023811578,468.03,871.41,51118.04,10.89
PIK,2022-05-07,2022,127,15.49,3.44,0,0.487601104114455,213.3045,49.9766042871868,474.01,781.25,51268.49,9.465
PIK,2022-05-08,2022,128,16.41,2.53,0,0.573177634001912,226.206,53.1529419449826,502.68,724.45,51417.03,9.47
PIK,2022-05-09,2022,129,19.45,4.56,0,0.736810111168964,228.9645,53.9544679599987,508.81,813.38,51563.58,12.005
PIK,2022-05-10,2022,130,22.52,8.9,0,0.837560632383895,215.5815,50.943195751811,479.07,1093.47,51708.09,15.71
PIK,2022-05-11,2022,131,25.42,9.9,0,1.09906266461133,225.693,53.4794670486648,501.54,1130.75,51850.48,17.66
PIK,2022-05-12,2022,132,26.63,8.42,0,1.29521785890718,237.6405,56.4627884611095,528.09,997.13,51990.7,17.525
PIK,2022-05-13,2022,133,26.23,12.84,0,1.04948719961552,208.062,49.5662082009912,462.36,1390.82,52128.68,19.535
PIK,2022-05-14,2022,134,26.59,14.05,0,1.01339384819377,198.7425,47.4692553574965,441.65,1524.06,52264.34,20.32
PIK,2022-05-15,2022,135,27.28,13.95,1.26,1.11345158381379,205.254,49.1495417864514,456.12,1490.72,52397.63,20.615
PIK,2022-05-16,2022,136,16.76,9.57,8.38,0.355429440736829,104.3505,25.049870536919,231.89,1192.45,52528.47,13.165
PIK,2022-05-17,2022,137,15.27,5.15,0,0.424958420758798,185.6745,44.681004303012,412.61,881.28,52656.8,10.21
PIK,2022-05-18,2022,138,14.09,2.34,6.14,0.440975003365202,154.494,37.2664568078532,343.32,722.84,52782.54,8.215
PIK,2022-05-19,2022,139,18.97,6.99,4.35,0.593849082486962,151.0245,36.514511672963,335.61,1000.51,52905.63,12.98
PIK,2022-05-20,2022,140,24.92,10.88,0,1.06562385748861,214.614,52.00715737548,476.92,1157.77,53026,17.9
PIK,2022-05-21,2022,141,27.71,13.34,10.01,1.11165698363672,157.239,38.1880322265834,349.42,1507.7,53143.58,20.525
PIK,2022-05-22,2022,142,15.27,6.85,1,0.370010005753474,157.941,38.441328062571,350.98,991.09,53258.3,11.06
PIK,2022-05-23,2022,143,15.99,3.84,0,0.516348529796204,205.0605,50.0145248458336,455.69,792.2,53370.09,9.915
PIK,2022-05-24,2022,144,18.56,3.68,0,0.739113730386715,227.502,55.601164154646,505.56,724.89,53478.9,11.12
PIK,2022-05-25,2022,145,20.49,7.01,0,0.782753795820899,213.3315,52.2410027406912,474.07,920.51,53584.64,13.75
PIK,2022-05-26,2022,146,25.5,14.05,3.03,0.826323172906479,137.2995,33.6865328968838,305.11,1602.65,53687.25,19.775
PIK,2022-05-27,2022,147,22.07,14.08,11.01,0.520863979689182,104.9085,25.7870376401877,233.13,1605.97,53786.66,18.075
PIK,2022-05-28,2022,148,21.09,11.8,0,0.555423175917435,161.8605,39.8572558528077,359.69,1383.27,53882.82,16.445
PIK,2022-05-29,2022,149,23.82,12.07,0,0.849162029829412,192.348,47.4462438410376,427.44,1327.12,53975.66,17.945
PIK,2022-05-30,2022,150,29.27,15.21,0,1.3631486122945,208.3995,51.4908384439037,463.11,1530.49,54065.11,22.24
PIK,2022-05-31,2022,151,31.15,18.15,0,1.42073513532498,193.6215,47.9156234920331,430.27,1881.28,54151.11,24.65
PIK,2022-06-01,2022,152,23.74,12.5,6.01,0.740702744446337,137.232,34.0126215275664,304.96,1448.66,54233.61,18.12
PIK,2022-06-02,2022,153,20.29,8.87,0,0.64522725857456,188.6805,46.8320676198579,419.29,1110.79,54312.54,14.58
PIK,2022-06-03,2022,154,23.06,7.5,0.72,0.988999871007472,224.136,55.709557424532,498.08,935.74,54387.85,15.28
PIK,2022-06-04,2022,155,18.89,6.07,0,0.655292811942023,204.786,50.9671035557496,455.08,902.96,54459.48,12.48
PIK,2022-06-05,2022,156,23.04,6.58,1.73,1.0235405043665,229.995,57.3124936781385,511.1,867.88,54527.39,14.81
PIK,2022-06-06,2022,157,20.19,11.77,14.6,0.489489679841481,109.6515,27.3562071815561,243.67,1380.53,54591.51,15.98
PIK,2022-06-07,2022,158,20.68,12.19,19.22,0.506169279519071,111.3165,27.8022723099431,247.37,1419.43,54651.81,16.435
PIK,2022-06-08,2022,159,21.39,10.57,7.49,0.632617750797021,135.927,33.9840078969897,302.06,1275.16,54708.23,15.98
PIK,2022-06-09,2022,160,20.35,11.53,4.15,0.512305736409012,117.477,29.3993870914197,261.06,1358.6,54760.73,15.94
PIK,2022-06-10,2022,161,21.34,9.42,0,0.676333790347469,197.172,49.3873289776512,438.16,1180.4,54809.28,15.38
PIK,2022-06-11,2022,162,22.39,10.37,10.78,0.720970667385066,148.896,37.3255475335776,330.88,1258.36,54853.83,16.38
PIK,2022-06-12,2022,163,21.83,12.02,9.33,0.603021144796383,130.0995,32.6376946193603,289.11,1403.6,54894.35,16.925
PIK,2022-06-13,2022,164,22.07,9.14,0,0.745400901847709,209.502,52.592073949512,465.56,1158.14,54930.8,15.605
PIK,2022-06-14,2022,165,25.01,12.96,0,0.834767082099493,196.569,49.3745240290428,436.82,1492.59,54963.16,18.985
PIK,2022-06-15,2022,166,25.27,14.82,3.92,0.763313756005723,132.1155,33.2020445592974,293.59,1684.37,54991.41,20.045
PIK,2022-06-16,2022,167,30.8,18.74,4.26,1.13564464689527,137.9385,34.680619152437,306.53,2160.79,55015.51,24.77
PIK,2022-06-17,2022,168,24.66,12.51,0,0.822973522889836,196.614,49.450781645991,436.92,1450.03,55035.45,18.585
PIK,2022-06-18,2022,169,18.18,9.44,0,0.44971598862172,162.036,40.7656698364692,360.08,1182.28,55051.21,13.81
PIK,2022-06-19,2022,170,20.1,6.69,0,0.683737745124218,216.477,54.4736021970942,481.06,980.03,55062.78,13.395
PIK,2022-06-20,2022,171,23.52,11.77,0,0.755463869477654,195.9615,49.3177543958988,435.47,1380.68,55070.16,17.645
PIK,2022-06-21,2022,172,30.44,15.99,0,1.32822752899953,208.881,52.5722296079844,464.18,1750.98,55073.32,23.215
PIK,2022-06-22,2022,173,32.66,16.77,0,1.66190057999839,215.82,54.317646576072,479.6,1755.49,55072.28,24.715
PIK,2022-06-23,2022,174,26.15,13.33,0,0.97203726476688,201.474,50.7022068461454,447.72,1484.3,55067.03,19.74
PIK,2022-06-24,2022,175,27.56,11.21,0,1.27599218288655,228.006,57.3692953157694,506.68,1227.34,55057.57,19.385
PIK,2022-06-25,2022,176,29.28,16.07,0,1.20219997475032,198.828,50.0153254427232,441.84,1741.43,55043.92,22.675
PIK,2022-06-26,2022,177,28.45,17.01,0,0.990643994181903,179.505,45.1399843645065,398.9,1913.69,55026.09,22.73
PIK,2022-06-27,2022,178,20.13,11.49,0,0.498024072675839,154.4535,38.8247671031796,343.23,1354.99,55004.08,15.81
PIK,2022-06-28,2022,179,23.15,8.39,0,0.918209758607318,220.689,55.4479214795289,490.42,1046.51,54977.93,15.77
PIK,2022-06-29,2022,180,22.41,11.02,3.8,0.695155079171018,141.3045,35.4830739994566,314.01,1313.59,54947.64,16.715
PIK,2022-06-30,2022,181,26.28,10.05,0,1.17968224034054,227.1645,57.0077278954686,504.81,1141,54913.24,18.165
PIK,2022-07-01,2022,182,28.05,17.35,0.84,0.901138054429524,170.0775,42.6516440846647,377.95,1979.66,54874.77,22.7
PIK,2022-07-02,2022,183,27.04,10.8,0,1.22839413027726,224.919,56.3609638085175,499.82,1201.9,54832.25,18.92
PIK,2022-07-03,2022,184,24.75,10.53,0,0.973716214666227,212.661,53.2440823055967,472.58,1218.83,54785.71,17.64
PIK,2022-07-04,2022,185,24.56,10.6,0,0.94734538629545,210.231,52.587153748584,467.18,1230.58,54735.2,17.58
PIK,2022-07-05,2022,186,23.54,17.11,2.42,0.471506486033796,85.8465,21.4522700922788,190.77,1950.52,54680.75,20.325
PIK,2022-07-06,2022,187,22.01,13.77,0,0.532310942911528,146.3355,36.528906703464,325.19,1573.72,54622.4,17.89
PIK,2022-07-07,2022,188,25.55,11.11,0,1.0491186194636,214.1055,53.385089778027,475.79,1244.39,54560.2,18.33
PIK,2022-07-08,2022,189,24.91,13.48,0,0.81469355565829,183.7665,45.764932407651,408.37,1528.98,54494.2,19.195
PIK,2022-07-09,2022,190,22.86,10.4,0,0.790091776517317,197.46,49.112190145368,438.8,1229.59,54424.44,16.63
PIK,2022-07-10,2022,191,26.82,10.5,0,1.2353765202648,224.4645,55.7533855644597,498.81,1159.22,54350.98,18.66
PIK,2022-07-11,2022,192,29.53,13.28,6.42,1.2983026244136,162.1575,40.2201818905793,360.35,1524.77,54273.87,21.405
PIK,2022-07-12,2022,193,24.9,15.16,3.76,0.709667720847932,118.44,29.333175067728,263.2,1721.59,54193.16,20.03
PIK,2022-07-13,2022,194,23.09,12.76,1.84,0.671777276600511,169.281,41.8594272353964,376.18,1473.64,54108.92,17.925
PIK,2022-07-14,2022,195,24.75,11.81,0,0.898313360151788,197.1405,48.669432350202,438.09,1350.47,54021.2,18.28
PIK,2022-07-15,2022,196,25.95,10.99,0,1.08791632732937,212.805,52.4480096568195,472.9,1239.56,53930.07,18.47
PIK,2022-07-16,2022,197,28.31,14.01,0,1.20014108801408,202.6305,49.8528983538783,450.29,1519.28,53835.58,21.16
PIK,2022-07-17,2022,198,28.62,14.72,18.58,1.11799922114679,147.2625,36.1649751404288,327.25,1673.84,53737.79,21.67
PIK,2022-07-18,2022,199,24.98,18.2,14.3,0.532968149336443,83.637,20.5011085156902,185.86,2088.9,53636.78,21.59
PIK,2022-07-19,2022,200,31.55,17.35,0,1.35800772237625,193.878,47.4310948024206,430.84,1945,53532.61,24.45
PIK,2022-07-20,2022,201,30.03,21.29,0,0.855118494435468,133.371,32.5630430616645,296.38,2530.09,53425.35,25.66
PIK,2022-07-21,2022,202,28.46,18.73,0,0.856061543408605,151.182,36.8354677222044,335.96,2159.99,53315.06,23.595
PIK,2022-07-22,2022,203,29.35,15.62,0,1.1885328914093,195.9615,47.644555705299,435.47,1737.49,53201.8,22.485
PIK,2022-07-23,2022,204,30.77,19.66,0,1.06815195459812,164.7675,39.9728370821085,366.15,2288.11,53085.66,25.215
PIK,2022-07-24,2022,205,27.46,19,29.94,0.72855099801835,103.23,24.987619220148,229.4,2196.03,52966.68,23.23
PIK,2022-07-25,2022,206,21.81,13.68,0,0.520175820022691,142.3665,34.3817186301288,316.37,1565.26,52844.96,17.745
PIK,2022-07-26,2022,207,24.41,11.47,0,0.848871829025336,198.837,47.9063777215995,441.86,1353.21,52720.55,17.94
PIK,2022-07-27,2022,208,25.75,12.91,0,0.907680431543221,194.238,46.6855579528866,431.64,1488.39,52593.51,19.33
PIK,2022-07-28,2022,209,27.72,16.62,0.67,0.909427207561711,172.6605,41.3971091229461,383.69,1890.6,52463.93,22.17
PIK,2022-07-29,2022,210,26.1,13.33,0,0.921261017261355,193.0455,46.1681142860885,428.99,1530.08,52331.87,19.715
PIK,2022-07-30,2022,211,25.15,13.84,0,0.803112530172562,179.9775,42.932214042345,399.95,1581.48,52197.4,19.495
PIK,2022-07-31,2022,212,27.3,13.41,0,1.0412482391323,201.177,47.8633982531562,447.06,1537.62,52060.58,20.355
PIK,2022-08-01,2022,213,27.13,15.97,0,0.885245580895867,174.897,41.4997636701492,388.66,1813.47,51921.48,21.55
PIK,2022-08-02,2022,214,23.54,13.82,0,0.658191173158398,163.647,38.7246770022222,363.66,1578.7,51780.18,18.68
PIK,2022-08-03,2022,215,27.4,11.32,2.85,1.15113935612004,163.206,38.5133283946566,362.68,1339.91,51636.73,19.36
PIK,2022-08-04,2022,216,27.85,19.11,3.1,0.762986130631011,105.615,24.85277091216,234.7,2211.3,51491.2,23.48
PIK,2022-08-05,2022,217,29.13,16.8,0,1.05669534687263,181.35,42.552051138675,403,1912.72,51343.65,22.965
PIK,2022-08-06,2022,218,31.11,18.58,0,1.18593852241941,179.424,41.9775566047488,398.72,2139.33,51194.16,24.845
PIK,2022-08-07,2022,219,31.56,21.68,0,1.01725340551801,147.9015,34.5003180285969,328.67,2592.29,51042.78,26.62
PIK,2022-08-08,2022,220,28.78,18.63,0.41,0.89990272619111,157.473,36.6227681792238,349.94,2145.76,50889.58,23.705
PIK,2022-08-09,2022,221,21.24,13.95,0,0.462368465201122,130.167,30.1801519480059,289.26,1592.18,50734.61,17.595
PIK,2022-08-10,2022,222,26.35,11.76,0,1.03742160178087,208.521,48.1977912042018,463.38,1364.31,50577.94,19.055
PIK,2022-08-11,2022,223,24.37,13.14,0,0.766287519412957,179.5005,41.3600939923045,398.89,1510.53,50419.63,18.755
PIK,2022-08-12,2022,224,24.22,9.02,0,0.938730566112397,213.363,49.0067001479943,474.14,1144.06,50259.73,16.62
PIK,2022-08-13,2022,225,25.71,8.71,0,1.10895766360521,221.0805,50.6162205674744,491.29,1102.16,50098.31,17.21
PIK,2022-08-14,2022,226,26.3,11.16,0,1.05298664305563,207.8235,47.4263346757509,461.83,1316.89,49935.42,18.73
PIK,2022-08-15,2022,227,27.68,12.81,0,1.13937795119812,203.2785,46.236502389497,451.73,1450.73,49771.11,20.245
PIK,2022-08-16,2022,228,27.32,14.33,5.61,0.995960232021483,140.3505,31.8170177617104,311.89,1632.27,49605.44,20.825
PIK,2022-08-17,2022,229,27.57,13.58,6.63,1.06174103119344,144.828,32.7215349119016,321.84,1554.53,49438.46,20.575
PIK,2022-08-18,2022,230,27.97,13.99,0,1.08424321070529,192.069,43.2471982152726,426.82,1596.47,49270.22,20.98
PIK,2022-08-19,2022,231,28.38,13.16,2.29,1.17138098312803,148.8105,33.3916721134083,330.69,1512.94,49100.78,20.77
PIK,2022-08-20,2022,232,29.84,16.03,4.11,1.18717973501541,137.313,30.7046928901779,305.14,1820.8,48930.19,22.935
PIK,2022-08-21,2022,233,24.97,17.74,15.6,0.561715020442175,85.806,19.1198295164016,190.68,2029.48,48758.48,21.355
PIK,2022-08-22,2022,234,23.11,17.32,14.65,0.421215972230325,71.3925,15.851757989007,158.65,1976.71,48585.72,20.215
PIK,2022-08-23,2022,235,27.34,16.5,0,0.8755093784217,158.85,35.14438157733,353,1876.53,48411.94,21.92
PIK,2022-08-24,2022,236,28.12,14.43,0,1.07721617468015,183.6855,40.492367096742,408.19,1643.07,48237.2,21.275
PIK,2022-08-25,2022,237,22.64,14.66,5.13,0.537107658278875,95.3775,20.9488277995178,211.95,1667.1,48061.53,18.65
PIK,2022-08-26,2022,238,24.57,13.89,0,0.746907282986237,159.9525,35.0031027439665,355.45,1585.98,47884.98,19.23
PIK,2022-08-27,2022,239,23.59,9.74,0,0.849124728754231,190.656,41.5675239352128,423.68,1206.06,47707.59,16.665
PIK,2022-08-28,2022,240,27.62,12.93,0,1.09973122028277,189.9,41.24806576263,422,1489.71,47529.41,20.275
PIK,2022-08-29,2022,241,30.02,18.86,13.53,1.03007113845329,114.2145,24.7150638690746,253.81,2177.57,47350.47,24.44
PIK,2022-08-30,2022,242,23.61,16.03,5.52,0.54298858003617,88.8705,19.1578671583799,197.49,1820.57,47170.81,19.82
PIK,2022-08-31,2022,243,25.05,12.38,0.56,0.866326685836048,175.9455,37.7836791896988,390.99,1437.01,46990.48,18.715
PIK,2022-09-01,2022,244,21.91,9.41,0,0.721913879359596,176.9985,37.8634155758775,393.33,1179.37,46809.5,15.66
PIK,2022-09-02,2022,245,26.96,12.32,0,1.05854503980112,186.8715,39.8203721399196,415.27,1431.71,46627.92,19.64
PIK,2022-09-03,2022,246,28.83,16.44,0,1.04370986744415,163.3545,34.673163697075,363.01,1869.43,46445.77,22.635
PIK,2022-09-04,2022,247,19.35,14.4,0,0.299945510959114,80.46,17.011039971798,178.8,1639.34,46263.09,16.875
PIK,2022-09-05,2022,248,21.03,14.13,0,0.436551253202094,109.791,23.1203584525617,243.98,1611.2,46079.91,17.58
PIK,2022-09-06,2022,249,23.24,11.52,0,0.742394068180356,165.7575,34.7669649535793,368.35,1358.22,45896.27,17.38
PIK,2022-09-07,2022,250,24.17,13.31,0,0.739984210409955,154.6605,32.3093066380322,343.69,1527.1,45712.19,18.74
PIK,2022-09-08,2022,251,26.1,13,0,0.937899039156453,170.6265,35.5008363107706,379.17,1497.17,45527.72,19.55
PIK,2022-09-09,2022,252,26.46,13.44,0,0.952646506448829,168.8175,34.981849414908,375.15,1540.45,45342.88,19.95
PIK,2022-09-10,2022,253,27.53,16.71,0,0.88375055591963,145.4895,30.0247683572655,323.31,1901.18,45157.7,22.12
PIK,2022-09-11,2022,254,23.75,16.58,4.78,0.523098217713637,80.2125,16.4855172791475,178.25,1885.18,44972.22,20.165
PIK,2022-09-12,2022,255,21.41,14.17,6.66,0.463447123520059,84.168,17.2270115173296,187.04,1615.71,44786.46,17.79
PIK,2022-09-13,2022,256,21.42,12.33,1.98,0.555789131680021,137.871,28.1014327944162,306.38,1432.94,44600.46,16.875
PIK,2022-09-14,2022,257,23.02,8.45,0,0.850070187150938,184.437,37.4357537945325,409.86,1105.81,44414.25,15.735
PIK,2022-09-15,2022,258,17.42,6.27,0,0.516164459351357,163.215,32.9892238175175,362.7,952.6,44227.85,11.845
PIK,2022-09-16,2022,259,17.78,10,0,0.401198238156993,124.3215,25.022026102739,276.27,1227.52,44041.29,13.89
PIK,2022-09-17,2022,260,23.96,13.23,0.63,0.72488771730242,151.9155,30.446224232391,337.59,1519.38,43854.6,18.595
PIK,2022-09-18,2022,261,24.79,17.31,3.44,0.572048097888503,85.041,16.9709467184334,188.98,1975.17,43667.82,21.05
PIK,2022-09-19,2022,262,25.74,15.2,1.06,0.787550306439769,148.122,29.4330312492138,329.16,1726.43,43480.97,20.47
PIK,2022-09-20,2022,263,22.86,12.91,0,0.645195587747298,144.3375,28.5577372768163,320.75,1487.99,43294.07,17.885
PIK,2022-09-21,2022,264,27.48,13.43,0,1.05937470342655,168.435,33.181648040322,374.3,1539.69,43107.16,20.455
PIK,2022-09-22,2022,265,15.65,7.7,1.85,0.361211206629089,124.578,24.4354250867796,276.84,1050.87,42920.26,11.675
PIK,2022-09-23,2022,266,14.42,4.01,0,0.412976159235661,153.63,30.002661366831,341.4,813.42,42733.41,9.215
PIK,2022-09-24,2022,267,17.81,3.98,0,0.611344504057514,174.708,33.9698834334072,388.24,812.07,42546.62,10.895
PIK,2022-09-25,2022,268,17.3,11.6,13.79,0.301961694437752,67.149,12.9990341825442,149.22,1365.26,42359.94,14.45
PIK,2022-09-26,2022,269,16.13,10.32,7.61,0.286957546517837,69.7995,13.4526214265067,155.11,1254.17,42173.38,13.225
PIK,2022-09-27,2022,270,16.17,10.27,5.09,0.291687439949862,71.865,13.789492031889,159.7,1249.69,41986.98,13.22
PIK,2022-09-28,2022,271,12.73,7.64,0,0.210513608141199,86.238,16.4739997098216,191.64,1046.6,41800.76,10.185
PIK,2022-09-29,2022,272,14.87,2.36,0,0.48208409458007,166.473,31.6597441125636,369.94,723.71,41614.76,8.615
PIK,2022-09-30,2022,273,17.79,1.93,0,0.66537106801963,178.83,33.8579786799,397.4,701.95,41429,9.86
PIK,2022-10-01,2022,274,19.07,5.11,0,0.661785401886663,167.643,31.5978365247552,372.54,878.56,41243.52,12.09
PIK,2022-10-02,2022,275,14.74,1.85,0,0.487735761582943,164.097,30.7906054147386,364.66,698.1,41058.34,8.295
PIK,2022-10-03,2022,276,15.77,-1.08,0,0.612165781072079,178.29,33.303118811697,396.2,564.27,40873.49,7.345
PIK,2022-10-04,2022,277,18.06,1.32,0,0.697808010763248,173.322,32.2290216226908,385.16,671.93,40689.02,9.69
PIK,2022-10-05,2022,278,22.32,4.52,0,0.923520100803087,170.397,31.5417755935926,378.66,843.15,40504.94,13.42
PIK,2022-10-06,2022,279,21.18,10.7,1.2,0.611082849722308,129.3525,23.8355646677933,287.45,1285.97,40321.29,15.94
PIK,2022-10-07,2022,280,11.97,2.72,0.71,0.327441640823,124.164,22.7755468854828,275.92,742.48,40138.11,7.345
PIK,2022-10-08,2022,281,9.91,0.49,0,0.292826332061691,126.738,23.1418859912172,281.64,633,39955.42,5.2
PIK,2022-10-09,2022,282,13.91,4.22,0,0.380189925942792,126.513,22.9954891833207,281.14,825.61,39773.27,9.065
PIK,2022-10-10,2022,283,14.24,1.89,0,0.460210205258605,145.5165,26.3288858015345,323.37,700.03,39591.69,8.065
PIK,2022-10-11,2022,284,20.57,0.97,1.28,0.881125406383526,166.2885,29.949713673746,369.53,655.05,39410.71,10.77
PIK,2022-10-12,2022,285,17.51,10.65,15.09,0.357271644777771,65.304,11.7078833769336,145.12,1281.48,39230.37,14.08
PIK,2022-10-13,2022,286,14.67,4.82,13.22,0.402621320194292,89.019,15.8864860514493,197.82,860.82,39050.71,9.745
PIK,2022-10-14,2022,287,12.76,2.83,5.59,0.361718936570612,90.261,16.0343199571752,200.58,748.31,38871.76,7.795
PIK,2022-10-15,2022,288,13.06,4.64,2.96,0.325020642651328,79.074,13.9826249686026,175.72,850.39,38693.57,8.85
PIK,2022-10-16,2022,289,14.81,4.28,0,0.426137536889397,122.193,21.5082826531218,271.54,828.92,38516.18,9.545
PIK,2022-10-17,2022,290,9.99,3.08,2.8,0.231463804603375,66.546,11.6596650121686,147.88,761.99,38339.63,6.535
PIK,2022-10-18,2022,291,8.49,1.58,2.29,0.211724823064674,66.4785,11.5944654258427,147.73,684.35,38163.95,5.035
PIK,2022-10-19,2022,292,7.67,2.13,2.54,0.167617081485597,54.5805,9.475755754842,121.29,712.17,37989.2,4.9
PIK,2022-10-20,2022,293,5.75,0.26,0.49,0.14812588302194,73.2285,12.6550908294579,162.73,622.22,37815.42,3.005
PIK,2022-10-21,2022,294,15.01,-0.54,0,0.55812233812099,144.4545,24.8500613428223,321.01,587.13,37642.65,7.235
PIK,2022-10-22,2022,295,19.95,8.09,0,0.623587602701636,121.3965,20.7882032224347,269.77,1078.48,37470.94,14.02
PIK,2022-10-23,2022,296,20.66,6.57,0,0.728618722719156,130.6305,22.267602664357,290.29,972.42,37300.33,13.615
PIK,2022-10-24,2022,297,19.77,4.5,0,0.729141008090536,134.541,22.8300095681856,298.98,841.91,37130.88,12.135
PIK,2022-10-25,2022,298,18.64,9.59,0,0.474095359726386,96.2595,16.2600839700156,213.91,1194.34,36962.64,14.115
PIK,2022-10-26,2022,299,14.87,6.66,10.56,0.354346682430084,67.014,11.268814259187,148.92,978.35,36795.65,10.765
PIK,2022-10-27,2022,300,9.03,-0.52,0,0.280501320562323,102.4515,17.1502748475493,227.67,587.99,36629.97,4.255
PIK,2022-10-28,2022,301,10.68,-0.89,0,0.355572625497064,113.6835,18.9451354338477,252.63,572.2,36465.66,4.895
PIK,2022-10-29,2022,302,15.23,-1.91,0,0.598262288326344,133.425,22.1356834936875,296.5,531.07,36302.75,6.66
PIK,2022-10-30,2022,303,15.8,-1.04,0,0.612929988443931,130.7385,21.5935331792274,290.53,566.05,36141.32,7.38
PIK,2022-10-31,2022,304,12.9,5.13,5.85,0.302217409094966,59.877,9.8458771116249,133.06,880.15,35981.41,9.015
PIK,2022-11-01,2022,305,17.71,6.15,0.6,0.538712005673757,105.0705,17.2012513987517,233.49,944.46,35823.09,11.93
PIK,2022-11-02,2022,306,15.86,2.63,0,0.530428398363322,114.462,18.6567901998894,254.36,737.71,35666.41,9.245
PIK,2022-11-03,2022,307,13.85,3.78,0,0.389587739518727,97.1955,15.7735889591621,215.99,800.58,35511.43,8.815
PIK,2022-11-04,2022,308,18.58,5.58,0,0.613625334625383,110.646,17.8789624382484,245.88,908.09,35358.22,12.08
PIK,2022-11-05,2022,309,23.13,11.77,4.2,0.722119162678911,72.342,11.6394815060802,160.76,1380.36,35206.83,17.45
PIK,2022-11-06,2022,310,17.17,10.84,0,0.327480420882215,62.8245,10.0652358035538,139.61,1298.19,35057.32,14.005
PIK,2022-11-07,2022,311,12.8,4,0,0.330921521482892,85.428,13.6289822702292,189.84,813.22,34909.77,8.4
PIK,2022-11-08,2022,312,7.56,-0.98,0,0.235670199390077,84.834,13.4777884264236,188.52,568.62,34764.22,3.29
PIK,2022-11-09,2022,313,12.15,-0.54,0,0.413525681998979,107.1855,16.9585546623786,238.19,587.17,34620.76,5.805
PIK,2022-11-10,2022,314,19.45,6.35,0,0.648494412426363,104.517,16.4688524712936,232.26,957.57,34479.44,12.9
PIK,2022-11-11,2022,315,14.16,8.23,8.15,0.261382882660421,43.659,6.8516386163379,97.02,1088.8,34340.33,11.195
PIK,2022-11-12,2022,316,9.64,2.12,1.57,0.242874428353683,74.1105,11.5842084975977,164.69,711.29,34203.49,5.88
PIK,2022-11-13,2022,317,2.21,-2.37,0,0.101808416647695,48.8205,7.601123858265,108.49,513.04,34069,-0.08
PIK,2022-11-14,2022,318,2.18,-4.8,0,0.143891451675525,71.208,11.0437715110752,158.24,427.56,33936.92,-1.31
PIK,2022-11-15,2022,319,0.24,-5.75,4.67,0.112238235089408,46.7595,7.22431928140695,103.91,397.88,33807.33,-2.755
PIK,2022-11-16,2022,320,-0.02,-3.02,1.85,0.0606609005332291,33.048,5.0867111330208,73.44,489.08,33680.28,-1.52
PIK,2022-11-17,2022,321,-0.65,-5.18,0,0.0839390882402782,48.2895,7.40520614888775,107.31,415.53,33555.85,-2.915
PIK,2022-11-18,2022,322,1.42,-4.13,0,0.113611561547918,57.33,8.759673295191,127.4,450.03,33434.11,-1.355
PIK,2022-11-19,2022,323,-2.16,-6.3,1.27,0.0703488848018154,48.6405,7.4055209112252,108.09,381.57,33315.12,-4.23
PIK,2022-11-20,2022,324,-3.68,-7.64,1.58,0.0614542038739533,48.06,7.29162482409,106.8,343.91,33198.95,-5.66
PIK,2022-11-21,2022,325,6.22,-8.58,0,0.314707776301594,118.9935,17.9920025442756,264.43,319.78,33085.68,-1.18
PIK,2022-11-22,2022,326,3.36,-6.46,0,0.200381827699029,98.9595,14.9129388802944,219.91,376.86,32975.36,-1.55
PIK,2022-11-23,2022,327,7.43,-2.77,0,0.266356518931871,99.693,14.9745989724408,221.54,498.21,32868.08,2.33
PIK,2022-11-24,2022,328,9.33,-2.48,1.28,0.331886508837671,105.2955,15.7659981202922,233.99,508.9,32763.89,3.425
PIK,2022-11-25,2022,329,6.41,1.49,1.19,0.140456585962943,49.5765,7.4002479740703,110.17,680.11,32662.86,3.95
PIK,2022-11-26,2022,330,11.91,-1.02,0,0.412530386148363,96.066,14.2967653965972,213.48,566.97,32565.06,5.445
PIK,2022-11-27,2022,331,5.43,0.99,6.19,0.121192107265673,33.579,4.9828001603562,74.62,655.92,32470.54,3.21
PIK,2022-11-28,2022,332,2.19,-1.49,0,0.0840919142158301,39.1905,5.79916769094315,87.09,547.45,32379.39,0.35
PIK,2022-11-29,2022,333,5.42,-2.04,9.86,0.186052271775686,54.6885,8.0705347884198,121.53,525.77,32291.64,1.69
PIK,2022-11-30,2022,334,7.15,-2.17,17.12,0.245338983511956,62.2755,9.1661892678783,138.39,520.78,32207.38,2.49
PIK,2022-12-01,2022,335,0.97,-3.92,0,0.0995657151444929,52.479,7.7049033066495,116.62,456.89,32126.65,-1.475
PIK,2022-12-02,2022,336,6.15,-4.94,2.91,0.260515389325213,68.157,9.9827009305299,151.46,423.33,32049.51,0.605
PIK,2022-12-03,2022,337,9.1,-1.18,5.18,0.297006286396539,64.4715,9.42124976492265,143.27,560.36,31976.03,3.96
PIK,2022-12-04,2022,338,1.61,-3.86,0,0.113643469197689,58.0815,8.46895426734375,129.07,459.24,31906.25,-1.125
PIK,2022-12-05,2022,339,4.65,-2.28,0,0.167266241011812,69.8445,10.1630596032603,155.21,516.52,31840.22,1.185
PIK,2022-12-06,2022,340,5.53,2.51,0.57,0.0862385299586608,33.2775,4.83273872436825,73.95,731.66,31777.99,4.02
PIK,2022-12-07,2022,341,5.91,3.24,0,0.0787403080794413,30.0285,4.3528912239069,66.73,770.62,31719.62,4.575
PIK,2022-12-08,2022,342,3.88,-1.61,0,0.131662928569914,59.193,8.5658006683314,131.54,542.88,31665.14,1.135
PIK,2022-12-09,2022,343,-0.65,-5.07,0,0.0822786453761437,50.733,7.329839003226,112.74,418.93,31614.6,-2.86
PIK,2022-12-10,2022,344,-0.87,-7.82,2.41,0.117585121227824,61.056,8.8083014035968,135.68,339.16,31568.04,-4.345
PIK,2022-12-11,2022,345,-2.42,-5.75,5.39,0.0571303203761843,33.1425,4.7748908487375,73.65,398.01,31525.5,-4.085
PIK,2022-12-12,2022,346,-3.56,-11.08,0,0.104276810253682,86.7915,12.488914099485,192.87,262.41,31487,-7.32
PIK,2022-12-13,2022,347,-2.08,-15.03,0,0.167735724566498,106.443,15.2999300018907,236.54,190.21,31452.57,-8.555
PIK,2022-12-14,2022,348,-3.04,-12.14,0,0.124416640565046,93.987,13.4965076543334,208.86,240.86,31422.26,-7.59
PIK,2022-12-15,2022,349,1.54,-6.29,25.1,0.150813786761928,64.485,9.252313319916,143.3,381.76,31396.08,-2.375
PIK,2022-12-16,2022,350,1.88,-2.33,2.81,0.0926412393013636,39.123,5.6094308108244,86.94,514.64,31374.04,-0.225
PIK,2022-12-17,2022,351,0.09,-4.95,0,0.0962823332353818,61.713,8.8433335890738,137.14,422.94,31356.18,-2.43
PIK,2022-12-18,2022,352,-0.1,-5.19,0.32,0.0959052249048004,62.3655,8.9329364247375,138.59,415.3,31342.5,-2.645
PIK,2022-12-19,2022,353,-0.39,-4.39,0,0.0765220150018683,50.1525,7.1814318349635,111.45,441.3,31333.02,-2.39
PIK,2022-12-20,2022,354,-0.92,-5.89,0,0.089320306195831,61.0155,8.7354531802629,135.59,393.54,31327.74,-3.405
PIK,2022-12-21,2022,355,-1.4,-8.59,0,0.116613486311332,83.079,11.8938290653701,184.62,319.35,31326.67,-4.995
PIK,2022-12-22,2022,356,2.89,-6.68,13.81,0.190782760677018,72.243,10.3435527497031,160.54,370.61,31329.81,-1.895
PIK,2022-12-23,2022,357,2.06,-12.97,8.04,0.242111949257925,82.3545,11.7940518109148,183.01,225.23,31337.15,-5.455
PIK,2022-12-24,2022,358,-9.16,-14.96,0,0.058042452311947,73.7955,10.5722059681845,163.99,191.27,31348.7,-12.06
PIK,2022-12-25,2022,359,-5.09,-10.27,0,0.0701448317402309,66.834,9.5796811378134,148.52,279.74,31364.43,-7.68
PIK,2022-12-26,2022,360,-5.93,-10.28,0,0.0570987342844064,59.0895,8.47499896041525,131.31,279.73,31384.35,-8.105
PIK,2022-12-27,2022,361,-1.77,-6.97,0,0.0875286794053741,68.112,9.7765566848928,151.36,362.43,31408.42,-4.37
PIK,2022-12-28,2022,362,3.4,-2.96,0,0.14409613718245,77.9895,11.2043962072296,173.31,491.27,31436.64,0.22
PIK,2022-12-29,2022,363,8.67,0.25,0,0.249681593264763,91.3545,13.137982330783,203.01,621.93,31468.97,4.46
PIK,2022-12-30,2022,364,10.57,5.98,14.5,0.169779833526744,43.2225,6.223161632355,96.05,933.43,31505.4,8.275
PIK,2022-12-31,2022,365,8.78,2.39,10.46,0.20188800379082,57.1905,8.24485226474565,127.09,725.52,31545.89,5.585
PIK,2023-01-01,2023,1,3.58,0.85,1.74,0.069704318112734,36.45,5.26225491243,81,649.65,31590.62,2.215
PIK,2023-01-02,2023,2,3.92,-1.3,0,0.126707072730457,65.4705,9.4664425252446,145.49,555.22,31639.16,1.31
PIK,2023-01-03,2023,3,2.78,-0.95,5.75,0.0881760144056654,37.0305,5.36315843913525,82.29,569.73,31691.65,0.915
PIK,2023-01-04,2023,4,2.3,0.78,24.25,0.0371904288510241,16.74,2.428784501526,37.2,646.35,31748.07,1.54
PIK,2023-01-05,2023,5,2.66,1.03,0.61,0.0406364827809087,23.6655,3.44011551664725,52.59,658.11,31808.35,1.845
PIK,2023-01-06,2023,6,3.74,0.59,0.57,0.080550708121528,43.0515,6.27076042487685,95.67,637.24,31872.47,2.165
PIK,2023-01-07,2023,7,0.81,-6.88,0,0.141796485074104,87.228,12.7324522962252,193.84,364.89,31940.37,-3.035
PIK,2023-01-08,2023,8,-3.08,-9.23,0,0.0921985064626791,78.0075,11.4120911663573,173.35,303.76,32011.99,-6.155
PIK,2023-01-09,2023,9,0.11,-3.9,0,0.0794542231143626,55.557,8.1468182173221,123.46,457.62,32087.29,-1.895
PIK,2023-01-10,2023,10,-1.31,-6.37,0,0.0881784886350619,68.2695,10.0355909262453,151.71,379.55,32166.22,-3.84
PIK,2023-01-11,2023,11,-0.13,-9.54,1.12,0.154726083731361,108.6885,16.0181371328715,241.53,296.55,32248.7,-4.835
PIK,2023-01-12,2023,12,2.77,-2.59,8.27,0.120414870882373,53.2035,7.8618587963265,118.23,504.82,32334.7,0.09
PIK,2023-01-13,2023,13,-2.56,-9.18,1.25,0.101044233762019,94.1535,13.9515074332893,209.23,305.1,32424.14,-5.87
PIK,2023-01-14,2023,14,-6.23,-13.1,0,0.0811041509006089,97.8795,14.5451435765755,217.51,222.94,32516.97,-9.665
PIK,2023-01-15,2023,15,-1.66,-16.18,0,0.184674649568148,122.7195,18.2903546138688,272.71,172.83,32613.12,-8.92
PIK,2023-01-16,2023,16,0.91,-12.13,2.6,0.206112206625261,90.747,13.5663372967887,201.66,241.14,32712.53,-5.61
PIK,2023-01-17,2023,17,3.03,-2.42,3.37,0.124148819836337,62.7075,9.4039421393835,139.35,511.21,32815.14,0.305
PIK,2023-01-18,2023,18,3.12,-0.59,0,0.0895674053785598,61.5015,9.25280079041385,136.67,585.01,32920.87,1.265
PIK,2023-01-19,2023,19,0.78,-1.68,2.02,0.0535609049626944,28.917,4.3648923594654,64.26,539.83,33029.66,-0.45
PIK,2023-01-20,2023,20,-0.27,-2.99,0,0.0549005927981512,42.813,6.4843039877445,95.14,489.9,33141.45,-1.63
PIK,2023-01-21,2023,21,-1.19,-3.3,0,0.041120859855497,34.362,5.2223607068778,76.36,478.64,33256.17,-2.245
PIK,2023-01-22,2023,22,-0.27,-3.41,2.9,0.0624685176000495,37.4715,5.7150779297337,83.27,474.78,33373.74,-1.84
PIK,2023-01-23,2023,23,-0.08,-4.4,0.52,0.0836201918591974,67.293,10.300407413841,149.54,440.8,33494.1,-2.24
PIK,2023-01-24,2023,24,1.03,-3.69,0,0.096815681496514,72.9675,11.2100377627553,162.15,465.03,33617.19,-1.33
PIK,2023-01-25,2023,25,-0.03,-4.62,18.44,0.0883382204279171,54.0405,8.33332557559905,120.09,433.56,33742.93,-2.325
PIK,2023-01-26,2023,26,-1.91,-6.34,1.22,0.0758587070767983,79.3035,12.2755166418938,176.23,380.33,33871.25,-4.125
PIK,2023-01-27,2023,27,0.07,-5.81,1.29,0.109286799281108,99.279,15.4269147264624,220.62,396.12,34002.08,-2.87
PIK,2023-01-28,2023,28,0.79,-4.5,2.42,0.105034509888957,69.147,10.7868348622944,153.66,437.45,34135.36,-1.855
PIK,2023-01-29,2023,29,-1.96,-8.99,4.21,0.110253198437839,85.2885,13.3577621739639,189.53,309.66,34271.02,-5.475
PIK,2023-01-30,2023,30,-3.47,-14.66,0.57,0.139047947059779,138.492,21.7777401828756,307.76,196.14,34408.99,-9.065
PIK,2023-01-31,2023,31,-6.41,-14.41,0,0.0898382674207799,125.154,19.7605512555138,278.12,200.25,34549.21,-10.41
PIK,2023-02-01,2023,32,-5.23,-17.19,0,0.128391926456243,142.695,22.62295262934,317.1,158.79,34691.6,-11.21
PIK,2023-02-02,2023,33,0.65,-12.79,0.48,0.206330034471682,144.945,23.075385611265,322.1,228.6,34836.1,-6.07
PIK,2023-02-03,2023,34,-15.05,-25.97,0.79,0.0591054549388303,142.1325,22.7228237601413,315.85,73.41,34982.65,-20.51
PIK,2023-02-04,2023,35,-2.07,-28.19,1.23,0.233016144631098,154.26,24.766364728476,342.8,59.78,35131.18,-15.13
PIK,2023-02-05,2023,36,4.31,-4.93,0,0.203926801412195,126.9315,20.4660604978367,282.07,423.43,35281.63,-0.31
PIK,2023-02-06,2023,37,0.45,-5.54,0,0.113771003032256,97.4295,15.777057079013,216.51,404.31,35433.93,-2.545
PIK,2023-02-07,2023,38,6.94,-3.35,0,0.259923342397018,135.1035,21.9728680687499,300.23,477.13,35588.03,1.795
PIK,2023-02-08,2023,39,6.41,-0.81,1.52,0.192891164110692,110.3175,18.0203018692635,245.15,575.56,35743.86,2.8
PIK,2023-02-09,2023,40,6.44,-2.06,30.75,0.219182883197566,91.935,15.083703299412,204.3,525.02,35901.36,2.19
PIK,2023-02-10,2023,41,4.09,-3.5,0.67,0.173207333239943,117.225,19.3182518825775,260.5,471.84,36060.47,0.295
PIK,2023-02-11,2023,42,1.02,-5.23,0,0.122154807155011,103.437,17.1219896858826,229.86,413.98,36221.14,-2.105
PIK,2023-02-12,2023,43,6.28,-4.08,0,0.250539116083599,141.228,23.4822234183876,313.84,451.73,36383.31,1.1
PIK,2023-02-13,2023,44,6.87,-3.7,0,0.263898129896577,129.0465,21.5532721508346,286.77,464.61,36546.92,1.585
PIK,2023-02-14,2023,45,8.28,-2.99,0,0.301149104203377,134.0055,22.4825683237092,297.79,490.06,36711.92,2.645
PIK,2023-02-15,2023,46,12.44,3.14,0,0.337724751525943,122.0715,20.5731552362463,271.27,765.33,36878.26,7.79
PIK,2023-02-16,2023,47,3.93,-1.79,11.91,0.136918947407711,67.6755,11.4574368325955,150.39,535.47,37045.87,1.07
PIK,2023-02-17,2023,48,-1.89,-10.3,0,0.126997706601593,122.427,20.8213154212608,272.06,279.09,37214.72,-6.095
PIK,2023-02-18,2023,49,-0.18,-10.18,0,0.160939122619459,134.127,22.9153709400525,298.06,281.93,37384.75,-5.18
PIK,2023-02-19,2023,50,7.36,-2.85,0,0.265442966310061,132.894,22.8086648231778,295.32,495.19,37555.91,2.255
PIK,2023-02-20,2023,51,4.74,-3.98,0,0.200903242003041,122.1705,21.0643499595578,271.49,454.84,37728.15,0.38
PIK,2023-02-21,2023,52,4.58,-5.49,1.58,0.220477298305405,133.02,23.040332359002,295.6,405.99,37901.43,-0.455
PIK,2023-02-22,2023,53,-3.36,-8.84,15.24,0.082389645065879,72.9225,12.6889454833943,162.05,313.26,38075.69,-6.1
PIK,2023-02-23,2023,54,-6.26,-9.78,1.56,0.0466242584121709,66.312,11.5917791517144,147.36,290.96,38250.91,-8.02
PIK,2023-02-24,2023,55,-6.68,-15.42,0,0.094065881288181,143.856,25.2627652682784,319.68,184.12,38427.02,-11.05
PIK,2023-02-25,2023,56,-3.69,-13.79,1.03,0.127970388126145,156.6855,27.64249978194,348.19,210.63,38604,-8.74
PIK,2023-02-26,2023,57,1.33,-6.55,0,0.149558328355288,132.5295,23.4885717567689,294.51,374.15,38781.79,-2.61
PIK,2023-02-27,2023,58,-2.68,-11.71,6.4,0.126709549330666,110.628,19.6971876467856,245.84,249.43,38960.36,-7.195
PIK,2023-02-28,2023,59,0.66,-4.89,0,0.108339413635243,101.241,18.1088001135342,224.98,424.78,39139.66,-2.115
PIK,2023-03-01,2023,60,1.53,-5.29,0,0.135422208569175,123.0525,22.1114134755247,273.45,412.03,39319.67,-1.88
PIK,2023-03-02,2023,61,2.49,-4.15,0,0.140796951030654,121.635,21.9571254627435,270.3,449.36,39500.33,-0.83
PIK,2023-03-03,2023,62,0.32,-7.66,25.43,0.141397105282004,109.6155,19.8782182107644,243.59,343.37,39681.61,-3.67
PIK,2023-03-04,2023,63,3.45,-3.32,2.52,0.152213207620925,98.19,17.887871612484,218.2,478.03,39863.48,0.065
PIK,2023-03-05,2023,64,4.46,-4.29,0,0.19774612760059,160.254,29.328046559802,356.12,444.47,40045.9,0.085
PIK,2023-03-06,2023,65,2.78,-6.02,0,0.17832339948318,168.5835,30.9933682219998,374.63,389.76,40228.84,-1.62
PIK,2023-03-07,2023,66,1.13,-5.28,0,0.125541271946185,137.6325,25.4185182214313,305.85,412.42,40412.25,-2.075
PIK,2023-03-08,2023,67,1.42,-5.98,0,0.143150954111488,154.071,28.5839095566564,342.38,391.08,40596.12,-2.28
PIK,2023-03-09,2023,68,2.45,-7.24,0,0.18727310837668,183.7935,34.252938084618,408.43,354.75,40780.4,-2.395
PIK,2023-03-10,2023,69,-1.17,-5.6,4.39,0.0795519144235927,77.7375,14.5532625774975,172.75,402.53,40965.06,-3.385
PIK,2023-03-11,2023,70,-1.47,-9.57,0,0.126967442637157,170.7795,32.1160866992352,379.51,295.76,41150.08,-5.52
PIK,2023-03-12,2023,71,-0.84,-11.73,2.48,0.16329592422731,150.039,28.3427907651243,333.42,249.03,41335.41,-6.285
PIK,2023-03-13,2023,72,0.32,-4.45,0.98,0.093291225632465,113.3505,21.5083828653386,251.89,439.23,41521.03,-2.065
PIK,2023-03-14,2023,73,-2,-7.83,0,0.0949362716328066,138.7215,26.4404045177046,308.27,338.86,41706.92,-4.915
PIK,2023-03-15,2023,74,2.68,-8.66,0,0.211749691435621,209.412,40.0921676165052,465.36,317.74,41893.03,-2.99
PIK,2023-03-16,2023,75,8.3,-1.98,6.52,0.282879958462646,148.887,28.6313547942306,330.86,528.11,42079.34,3.16
PIK,2023-03-17,2023,76,6.85,-0.12,7.19,0.192785533640923,119.403,23.0632622739522,265.34,605.25,42265.82,3.365
PIK,2023-03-18,2023,77,0.35,-6.66,2.61,0.128052051948784,123.1245,23.8871006277143,273.61,371.17,42452.45,-3.155
PIK,2023-03-19,2023,78,-0.54,-10,0,0.151279789107035,200.538,39.0770549308854,445.64,285.82,42639.19,-5.27
PIK,2023-03-20,2023,79,5.16,-4.05,0,0.214535238294436,196.614,38.4802826047398,436.92,452.72,42826.01,0.555
PIK,2023-03-21,2023,80,6.71,-0.06,0,0.186571260762469,162.1215,31.868046104837,360.27,608.05,43012.89,3.325
PIK,2023-03-22,2023,81,5.6,-1.73,2.42,0.1856349116542,130.0455,25.673983930413,288.99,537.9,43199.8,1.935
PIK,2023-03-23,2023,82,6.53,-1.75,4.84,0.216032736070425,141.732,28.102226803308,314.96,537.23,43386.7,2.39
PIK,2023-03-24,2023,83,4.09,-3.15,0,0.167138840983701,175.3785,34.9233417871371,389.73,484.15,43573.58,0.47
PIK,2023-03-25,2023,84,6.64,-1.3,16.58,0.21056183734973,137.88,27.573941961756,306.4,555.41,43760.41,2.67
PIK,2023-03-26,2023,85,8.96,-1.6,0,0.300221199689624,215.0145,43.1831745642321,477.81,543.22,43947.14,3.68
PIK,2023-03-27,2023,86,4.23,-2.08,1.22,0.150891468505469,159.831,32.2365267894159,355.18,524.43,44133.77,1.075
PIK,2023-03-28,2023,87,7.27,-2.03,0,0.24696148491581,206.082,41.740578325485,457.96,526.03,44320.25,2.62
PIK,2023-03-29,2023,88,7.13,-5.41,1.94,0.300931369345321,234.4185,47.6795566445206,520.93,408.38,44506.57,0.86
PIK,2023-03-30,2023,89,2.94,-9.11,0,0.224202278488567,233.5635,47.7043049568726,519.03,306.67,44692.68,-3.085
PIK,2023-03-31,2023,90,4.15,-2.48,18.36,0.156440954149444,123.9615,25.4238862225608,275.47,508.93,44878.56,0.835
PIK,2023-04-01,2023,91,14.64,-2.62,6.9,0.579950974140696,185.733,38.2504674218058,412.74,503.62,45064.18,6.01
PIK,2023-04-02,2023,92,4.23,-7,0,0.232654323315139,226.4895,46.8358331013828,503.31,361.43,45249.52,-1.385
PIK,2023-04-03,2023,93,12.18,-0.84,0,0.421435429670201,234.2835,48.6456424412954,520.63,574.3,45434.53,5.67
PIK,2023-04-04,2023,94,11.41,3.59,5.58,0.278558479784005,133.0515,27.738542658816,295.67,789.55,45619.2,7.5
PIK,2023-04-05,2023,95,12.13,1.85,16.93,0.356887069630243,158.0265,33.0784077992454,351.17,698.14,45803.48,6.99
PIK,2023-04-06,2023,96,12.18,0.96,0,0.381293011783156,220.4325,46.3265667631935,489.85,654.49,45987.34,6.57
PIK,2023-04-07,2023,97,4.29,-3.4,0,0.177307951351914,179.712,37.9192990685184,399.36,475.28,46170.76,0.445
PIK,2023-04-08,2023,98,6.91,-6.35,0,0.307481713742989,241.5735,51.1740627495615,536.83,380.15,46353.7,0.28
PIK,2023-04-09,2023,99,10.73,-4.21,0,0.42015302451032,247.5135,52.6387129749234,550.03,447.34,46536.12,3.26
PIK,2023-04-10,2023,100,19.04,0.4,0,0.784964362398305,253.5975,54.1433741934443,563.55,628.64,46717.99,9.72
PIK,2023-04-11,2023,101,22.96,5.92,0,0.93377354804633,243.162,52.1168408457552,540.36,929.24,46899.28,14.44
PIK,2023-04-12,2023,102,26.54,8.54,0,1.17530516841402,216.3825,46.5558472849185,480.85,1112.33,47079.94,17.54
PIK,2023-04-13,2023,103,28.47,12.27,0,1.22516234409469,205.0425,44.2846538508465,455.65,1426.51,47259.94,20.37
PIK,2023-04-14,2023,104,27.1,10.01,0,1.17514560678971,211.671,45.8897166344475,470.38,1228.26,47439.25,18.555
PIK,2023-04-15,2023,105,26.69,9.92,0,1.1359939052984,210.6135,45.8323276978449,468.03,1221.1,47617.82,18.305
PIK,2023-04-16,2023,106,24.64,9.09,9.03,0.96925042491998,154.26,33.694385149602,342.8,1154.68,47795.61,16.865
PIK,2023-04-17,2023,107,9.98,2.05,3.05,0.258431737720895,106.758,23.4050619779154,237.24,707.75,47972.59,6.015
PIK,2023-04-18,2023,108,4.59,0.24,1.13,0.11302357205598,85.5495,18.8242781622827,190.11,621.3,48148.71,2.415
PIK,2023-04-19,2023,109,7.71,-0.74,1.92,0.235982761338808,154.674,34.1582547895056,343.72,578.68,48323.92,3.485
PIK,2023-04-20,2023,110,11.48,1.52,0,0.335446860785055,172.656,38.2669109613648,383.68,681.81,48498.19,6.5
PIK,2023-04-21,2023,111,21.01,6.27,7.62,0.765180337977615,155.88,34.672172958252,346.4,952.38,48671.47,13.64
PIK,2023-04-22,2023,112,10.05,4.97,9.5,0.179994258827243,72.3555,16.1508908458422,160.79,869.94,48843.72,7.51
PIK,2023-04-23,2023,113,7.75,2.45,2.8,0.162560795642591,76.7655,17.1953185918248,170.59,728.29,49014.88,5.1
PIK,2023-04-24,2023,114,8.22,0.85,6.33,0.219283622549074,103.86,23.345135519382,230.8,649.27,49184.91,4.535
PIK,2023-04-25,2023,115,9.27,0.07,0.74,0.276973524196545,166.788,37.6184801975616,370.64,613.76,49353.76,4.67
PIK,2023-04-26,2023,116,8.74,-0.64,0,0.271777996688377,169.0605,38.2605393341493,375.69,583.02,49521.38,4.05
PIK,2023-04-27,2023,117,12.31,-2,0,0.45087812429843,217.044,49.2847963346268,482.32,527.49,49687.71,5.155
PIK,2023-04-28,2023,118,13.63,4.27,8.96,0.364134311486948,124.182,28.2920038709328,275.96,828.82,49852.72,8.95
PIK,2023-04-29,2023,119,9.72,5.8,6.37,0.14034057693302,59.22,13.536189476082,131.6,921.94,50016.33,7.76
PIK,2023-04-30,2023,120,11.99,5.66,13.46,0.242882621733919,91.782,21.04705770759,203.96,912.91,50178.5,8.825
PIK,2023-05-01,2023,121,9.42,3.85,4.94,0.187335079054296,85.2435,19.6102716588081,189.43,804.39,50339.18,6.635
PIK,2023-05-02,2023,122,7.62,3.09,4.66,0.140832169950567,72.2025,16.6626897216233,160.45,762.28,50498.29,5.355
PIK,2023-05-03,2023,123,9.93,2.87,4.78,0.234910245102591,109.0935,25.254818624061,242.43,750.47,50655.8,6.4
PIK,2023-05-04,2023,124,11.76,3.71,1.98,0.290768560787354,161.379,37.4736802726089,358.62,796.44,50811.63,7.735
PIK,2023-05-05,2023,125,14.11,4.31,0,0.388159968177783,185.6295,43.23559540505,412.51,830.6,50965.73,9.21
PIK,2023-05-06,2023,126,18.95,1.81,0,0.745132866582439,239.0625,55.847257419375,531.25,695.85,51118.04,10.38
PIK,2023-05-07,2023,127,17.71,5.83,6.17,0.548965258734438,152.5995,35.7536049446803,339.11,923.89,51268.49,11.77
PIK,2023-05-08,2023,128,18.39,5.94,0,0.589816002246886,209.178,49.1517735611238,464.84,930.71,51417.03,12.165
PIK,2023-05-09,2023,129,15.6,4.23,0,0.470895859478524,202.6215,47.7468569571129,450.27,826.47,51563.58,9.915
PIK,2023-05-10,2023,130,20.82,2.93,0,0.850278754078091,242.1945,57.2320065660179,538.21,753.84,51708.09,11.875
PIK,2023-05-11,2023,131,25.13,7.73,0,1.0663796699576,235.2465,55.7432328209724,522.77,1052.7,51850.48,16.43
PIK,2023-05-12,2023,132,27.13,11.49,0,1.11419996581302,223.8525,53.1867941448975,497.45,1355.81,51990.7,19.31
PIK,2023-05-13,2023,133,22.31,9.48,0,0.751411598477906,212.265,50.567480769114,471.7,1185.02,52128.68,15.895
PIK,2023-05-14,2023,134,17.2,5.06,0,0.541255484245158,214.002,51.1139569292676,475.56,875.55,52264.34,11.13
PIK,2023-05-15,2023,135,21.89,2.91,0,0.93420176954428,247.725,59.3195272152975,550.5,752.55,52397.63,12.4
PIK,2023-05-16,2023,136,22.32,4.4,0,0.927018487188872,243.666,58.4932679215614,541.48,836.13,52528.47,13.36
PIK,2023-05-17,2023,137,10.43,-0.65,0,0.339958423781763,207.5175,49.93733824758,461.15,582.28,52656.8,4.89
PIK,2023-05-18,2023,138,14.49,-1.86,0,0.557197266765104,242.5365,58.5037347830847,538.97,532.92,52782.54,6.315
PIK,2023-05-19,2023,139,21.99,4.47,24.8,0.898160530971288,179.559,43.4135468184669,399.02,840.27,52905.63,13.23
PIK,2023-05-20,2023,140,15.01,10.17,13.76,0.230206213676085,73.9665,17.92421466453,164.37,1241.35,53026,12.59
PIK,2023-05-21,2023,141,21.67,7.8,0,0.763800541954516,219.51,53.311550913306,487.8,1057.59,53143.58,14.735
PIK,2023-05-22,2023,142,17.98,6.85,0,0.532454039016992,195.651,47.619581215581,434.78,991.33,53258.3,12.415
PIK,2023-05-23,2023,143,21.33,5.99,0,0.798769215272345,227.367,55.4551094463471,505.26,934.31,53370.09,13.66
PIK,2023-05-24,2023,144,15.76,5.16,0.91,0.452702861073554,187.668,45.865791397764,417.04,881.46,53478.9,10.46
PIK,2023-05-25,2023,145,16.27,1.27,0,0.588428986381554,228.591,55.9777766410368,507.98,669.42,53584.64,8.77
PIK,2023-05-26,2023,146,20.48,2.25,0,0.842828783413632,241.7715,59.3188146226237,537.27,718.09,53687.25,11.365
PIK,2023-05-27,2023,147,23.8,4.96,0,1.03621785629723,240.372,59.0846481614664,534.16,869.59,53786.66,14.38
PIK,2023-05-28,2023,148,26.19,7.57,0,1.17564644120096,235.0125,57.8705325950925,522.25,1041.14,53882.82,16.88
PIK,2023-05-29,2023,149,25.94,9.74,0,1.06765883405187,218.5965,53.9209289506383,485.77,1206.44,53975.66,17.84
PIK,2023-05-30,2023,150,27.4,9.95,0,1.20931243915281,222.669,55.0165115821563,494.82,1223.4,54065.11,18.675
PIK,2023-05-31,2023,151,30.22,14.42,0,1.32300524005904,203.9805,50.4791711546324,453.29,1642,54151.11,22.32
PIK,2023-06-01,2023,152,30.86,14.32,0,1.40871683602017,206.217,51.1103880549009,458.26,1631.04,54233.61,22.59
PIK,2023-06-02,2023,153,30.67,16.11,14.05,1.28465037487415,141.0435,35.0081684611893,313.43,1830.31,54312.54,23.39
PIK,2023-06-03,2023,154,22.96,13.09,0,0.644721567537235,147.195,36.5856814840275,327.1,1505.7,54387.85,18.025
PIK,2023-06-04,2023,155,21.6,7.61,0,0.764811702399658,195.291,48.6039896306676,433.98,1044.26,54459.48,14.605
PIK,2023-06-05,2023,156,23.42,8.81,0,0.871028225050524,199.6875,49.7601625311563,443.75,1132.8,54527.39,16.115
PIK,2023-06-06,2023,157,21.64,10.67,0,0.647998012217133,162.8415,40.626218626789,361.87,1283.63,54591.51,16.155
PIK,2023-06-07,2023,158,19.88,6.78,0,0.66422134330676,189.189,47.2516122591513,420.42,986.7,54651.81,13.33
PIK,2023-06-08,2023,159,17.03,9.86,1.01,0.36007513579705,115.245,28.8131643462195,256.1,1215.94,54708.23,13.445
PIK,2023-06-09,2023,160,19.73,8.13,1.4,0.606020065804287,175.545,43.9312836296745,390.1,1081.76,54760.73,13.93
PIK,2023-06-10,2023,161,25.25,10.54,0,0.967727950749203,201.6765,50.5156089736944,448.17,1272.37,54809.28,17.895
PIK,2023-06-11,2023,162,21.12,14.38,14,0.430191318772911,81.783,20.5015262595273,181.74,1637.57,54853.83,17.75
PIK,2023-06-12,2023,163,18.77,11.74,50.7,0.390817431415735,87.885,22.0474620703575,195.3,1378.11,54894.35,15.255
PIK,2023-06-13,2023,164,19.04,9.18,4.18,0.51789253230504,119.6415,30.034055118474,265.87,1161.45,54930.8,14.11
PIK,2023-06-14,2023,165,19.28,9.1,2.33,0.537724721163506,124.7175,31.326746336361,277.15,1155.06,54963.16,14.19
PIK,2023-06-15,2023,166,21.15,10.9,0,0.600432247214146,167.409,42.0716802920733,372.02,1302.91,54991.41,16.025
PIK,2023-06-16,2023,167,22.51,11.92,0,0.6630856569994,170.298,42.8164731414486,378.44,1394.14,55015.51,17.215
PIK,2023-06-17,2023,168,23.6,10.25,0,0.828990231177304,200.952,50.541840730188,446.56,1247.98,55035.45,16.925
PIK,2023-06-18,2023,169,24.87,10.91,0,0.91603363969539,205.8615,51.7914657300866,457.47,1303.97,55051.21,17.89
PIK,2023-06-19,2023,170,24.79,12.11,0,0.854386967172799,191.169,48.1051754154774,424.82,1411.92,55062.78,18.45
PIK,2023-06-20,2023,171,26.23,13.95,0,0.903714838957475,185.1165,46.5883864005348,411.37,1592.06,55070.16,20.09
PIK,2023-06-21,2023,172,26.74,13.38,0,0.983819491485978,194.8905,49.0510296025722,433.09,1534.95,55073.32,20.06
PIK,2023-06-22,2023,173,25.44,13.77,0,0.83512946619076,179.8335,45.2605527547866,399.63,1573.64,55072.28,19.605
PIK,2023-06-23,2023,174,24.12,16.49,12,0.560409272391407,95.0445,23.918549781056,211.21,1875.48,55067.03,20.305
PIK,2023-06-24,2023,175,25.05,17.73,14.39,0.569501350886553,91.9485,23.1354466564127,204.33,2028.6,55057.57,21.39
PIK,2023-06-25,2023,176,27.62,16.03,16.7,0.933736812013563,134.8695,33.9265190757708,299.71,1820.67,55043.92,21.825
PIK,2023-06-26,2023,177,23.49,17.8,16.86,0.423473096193337,76.6935,19.2860554907066,170.43,2037.54,55026.09,20.645
PIK,2023-06-27,2023,178,22.42,15.94,11.13,0.447208718149277,90.504,22.7498679013824,201.12,1810.08,55004.08,19.18
PIK,2023-06-28,2023,179,21.08,12.1,0,0.541027625575418,165.8295,41.664519278213,368.51,1410.69,54977.93,16.59
PIK,2023-06-29,2023,180,24.44,11.31,0,0.858606644837,211.7385,53.1698060856798,470.53,1339.1,54947.64,17.875
PIK,2023-06-30,2023,181,26.24,16.64,0,0.753226940931988,169.9965,42.6612178187262,377.77,1893.42,54913.24,21.44
PIK,2023-07-01,2023,182,27.67,17.11,0,0.874649430788038,181.7415,45.5767151646343,403.87,1949.75,54874.77,22.39
PIK,2023-07-02,2023,183,23.86,16.79,1.37,0.519705393953098,138.4155,34.6846241804287,307.59,1910.95,54832.25,20.325
PIK,2023-07-03,2023,184,26.78,17.08,0,0.782111854066136,174.609,43.7169766308723,388.02,1946.32,54785.71,21.93
PIK,2023-07-04,2023,185,30.19,15.78,0,1.2439896424969,215.775,53.9739291546,479.5,1792.22,54735.2,22.985
PIK,2023-07-05,2023,186,30.49,17.33,0,1.18868597157523,205.2765,51.2967555066037,456.17,1977.3,54680.75,23.91
PIK,2023-07-06,2023,187,29.49,19.05,7.36,0.953392275175084,133.9695,33.442051768776,297.71,2203.49,54622.4,24.27
PIK,2023-07-07,2023,188,25.34,15,0,0.759551636094715,186.651,46.539581618214,414.78,1704.64,54560.2,20.17
PIK,2023-07-08,2023,189,24.2,11.3,3.11,0.836953041566314,160.5015,39.971051844741,356.67,1338.48,54494.2,17.75
PIK,2023-07-09,2023,190,23.92,14.26,0,0.668691919410166,178.8165,44.4751845899382,397.37,1624.52,54424.44,19.09
PIK,2023-07-10,2023,191,27.78,14.04,0,1.06069114101992,215.4015,53.5022815664079,478.67,1601.84,54350.98,20.91
PIK,2023-07-11,2023,192,28.82,15.46,2.63,1.09983385319204,156.2535,38.7558034074257,347.23,1755.55,54273.87,22.14
PIK,2023-07-12,2023,193,24.17,11.02,18.66,0.847101105499767,159.93,39.608702200116,355.4,1313.33,54193.16,17.595
PIK,2023-07-13,2023,194,21.41,13.79,14.98,0.483784524525819,110.727,27.3803250187188,246.06,1575.74,54108.92,17.6
PIK,2023-07-14,2023,195,25.4,11.57,0,0.936974630777417,216.4725,53.44205627169,481.05,1362.45,54021.2,18.485
PIK,2023-07-15,2023,196,23.11,16.93,11.92,0.445761686379304,89.847,22.1437293467553,199.66,1928.11,53930.07,20.02
PIK,2023-07-16,2023,197,26.6,18.36,0,0.681792777780732,150.2505,36.9659202544503,333.89,2109.73,53835.58,22.48
PIK,2023-07-17,2023,198,26.18,16.3,1.94,0.768216657221344,175.725,43.1548442852175,390.5,1852.19,53737.79,21.24
PIK,2023-07-18,2023,199,24.59,13.37,0,0.77442741600088,195.552,47.9337227836992,434.56,1533.97,53636.78,18.98
PIK,2023-07-19,2023,200,25.09,11.39,0,0.915498851843974,217.773,53.2768638443121,483.94,1346.28,53532.61,18.24
PIK,2023-07-20,2023,201,26.58,15.41,11.51,0.859581554542586,143.1585,34.9526988636458,318.13,1750.19,53425.35,20.995
PIK,2023-07-21,2023,202,24.13,15.11,2.59,0.641695655638761,126.603,30.8467986931926,281.34,1716.04,53315.06,19.62
PIK,2023-07-22,2023,203,26.71,13.42,0,0.97947665391147,211.9185,51.524216635581,470.93,1538.2,53201.8,20.065
PIK,2023-07-23,2023,204,27.32,13.61,5.28,1.03320123281586,159.102,38.5983784753524,353.56,1557.85,53085.66,20.465
PIK,2023-07-24,2023,205,24.54,15.44,9.91,0.65998942192114,124.1325,30.047230871307,275.85,1753.42,52966.68,19.99
PIK,2023-07-25,2023,206,26.6,14.68,0,0.901629189761082,196.38,47.426058128736,436.4,1670.12,52844.96,20.64
PIK,2023-07-26,2023,207,29.28,18.12,13.35,0.990854574082745,135.5175,32.6506261052362,301.15,2079.06,52720.55,23.7
PIK,2023-07-27,2023,208,28.49,18.64,10.58,0.866022190192164,123.7815,29.751173260357,275.07,2147.36,52593.51,23.565
PIK,2023-07-28,2023,209,29.63,17.36,0,1.08096131983633,189.774,45.5002446228174,421.72,1981.9,52463.93,23.495
PIK,2023-07-29,2023,210,21.24,13.79,10.62,0.470313969212687,105.921,25.3317110903739,235.38,1576.02,52331.87,17.515
PIK,2023-07-30,2023,211,23.8,10.42,0,0.839449922428441,210.528,50.219795018304,467.84,1262.24,52197.4,17.11
PIK,2023-07-31,2023,212,22.69,12.11,0,0.669323983358134,183.069,43.5551999224914,406.82,1411.62,52060.58,17.4
PIK,2023-08-01,2023,213,23.66,11.2,0,0.793755280894024,200.196,47.5027398280656,444.88,1329.14,51921.48,17.43
PIK,2023-08-02,2023,214,24.08,10.8,4.04,0.848399874924832,154.143,36.4756939458318,342.54,1294.41,51780.18,17.44
PIK,2023-08-03,2023,215,28.06,15.71,10.44,0.999631800373553,142.6545,33.6635883820175,317.01,1784.39,51636.73,21.885
PIK,2023-08-04,2023,216,25.34,15.46,0,0.733975293910689,167.5125,39.4181677548,372.25,1755.73,51491.2,20.4
PIK,2023-08-05,2023,217,23.51,13.28,0,0.682442112856202,174.6765,40.9861778920583,388.17,1524.61,51343.65,18.395
PIK,2023-08-06,2023,218,24.55,10.95,9.9,0.884117725906842,154.8045,36.2176445816604,344.01,1307.91,51194.16,17.75
PIK,2023-08-07,2023,219,24.59,16.24,4.74,0.618911253477012,109.845,25.623049352787,244.1,1845.03,51042.78,20.415
PIK,2023-08-08,2023,220,22.25,15.2,0,0.475305833292004,129.654,30.1530318563124,288.12,1726.22,50889.58,18.725
PIK,2023-08-09,2023,221,27,13.79,0,0.990866873950477,199.9215,46.3532327523356,444.27,1575.61,50734.61,20.395
PIK,2023-08-10,2023,222,23.64,15.27,3.62,0.588524695032092,112.1895,25.9316140643091,249.31,1734.5,50577.94,19.455
PIK,2023-08-11,2023,223,24.22,13.01,0,0.758424123709459,185.931,42.8417950706721,413.18,1498.39,50419.63,18.615
PIK,2023-08-12,2023,224,27.17,16.61,3.07,0.850877258857003,128.8665,29.5989554169257,286.37,1889.73,50259.73,21.89
PIK,2023-08-13,2023,225,23.36,14.08,0,0.62855057009992,163.1295,37.3483810334327,362.51,1606.11,50098.31,18.72
PIK,2023-08-14,2023,226,24.08,13.36,0,0.72913063709838,178.272,40.6825384776768,396.16,1532.34,49935.42,18.72
PIK,2023-08-15,2023,227,23.66,16.24,2.66,0.535411471224951,99.657,22.6673805573639,221.46,1844.79,49771.11,19.95
PIK,2023-08-16,2023,228,26.48,15.98,0,0.817502727055762,170.7615,38.7110959954992,379.47,1814.52,49605.44,21.23
PIK,2023-08-17,2023,229,25.43,15.57,6.85,0.73663986348863,123.2055,27.8362821387321,273.79,1767.92,49438.46,20.5
PIK,2023-08-18,2023,230,17.46,12.5,1.42,0.269936273367574,98.109,22.0907037038886,218.02,1448.91,49270.22,14.98
PIK,2023-08-19,2023,231,23.35,11.26,0,0.763625483134828,193.5225,43.4246230378035,430.05,1334.9,49100.78,17.305
PIK,2023-08-20,2023,232,27.42,14.13,0,1.01692248113572,195.498,43.7154970807134,434.44,1611.48,48930.19,20.775
PIK,2023-08-21,2023,233,22.59,14.55,0,0.538412346497954,144.252,32.1431327343072,320.56,1655.75,48758.48,18.57
PIK,2023-08-22,2023,234,24.28,10.91,1.86,0.861302773805438,201.195,44.672681984778,447.1,1304.31,48585.72,17.595
PIK,2023-08-23,2023,235,20.68,15.03,1.08,0.362189801678058,107.1405,23.7040391210949,238.09,1707.2,48411.94,17.855
PIK,2023-08-24,2023,236,21.88,16.84,14.48,0.349550202173988,71.9235,15.855104321694,159.83,1917.23,48237.2,19.36
PIK,2023-08-25,2023,237,23.32,15.88,0,0.526764030153867,136.296,29.9362159184616,302.88,1802.91,48061.53,19.6
PIK,2023-08-26,2023,238,23.32,11.95,3.1,0.72988428791779,138.6945,30.3511219488477,308.21,1397.14,47884.98,17.635
PIK,2023-08-27,2023,239,22.25,8.34,0,0.790427502568329,206.2755,44.9729449033756,458.39,1097.27,47707.59,15.295
PIK,2023-08-28,2023,240,23.32,9.59,0,0.831886879925392,201.3705,43.7395662277709,447.49,1193.8,47529.41,16.455
PIK,2023-08-29,2023,241,23.71,9.18,2.39,0.882007145228233,153.234,33.1585577743086,340.52,1161.47,47350.47,16.445
PIK,2023-08-30,2023,242,18.72,9.72,0,0.47434592907947,158.589,34.1871261530013,352.42,1204.69,47170.81,14.22
PIK,2023-08-31,2023,243,21.83,6.19,0,0.831727834117894,211.23,45.360901843128,469.4,947.17,46990.48,14.01
PIK,2023-09-01,2023,244,23.37,8.37,0,0.883439790178906,204.597,43.767270550755,454.66,1099.46,46809.5,15.87
PIK,2023-09-02,2023,245,25.22,12.65,0,0.868807288762455,184.0725,39.223934365194,409.05,1463.49,46627.92,18.935
PIK,2023-09-03,2023,246,29.34,15.29,0,1.17019825290648,186.318,39.5473311951102,414.04,1736.11,46445.77,22.315
PIK,2023-09-04,2023,247,31.88,18.01,0,1.32507670201135,178.137,37.6621380494181,395.86,2063.66,46263.09,24.945
PIK,2023-09-05,2023,248,31.76,18.13,0,1.3010246606026,175.68,36.995605950816,390.4,2079.52,46079.91,24.945
PIK,2023-09-06,2023,249,31.07,19.98,2.23,1.08379374384282,114.759,24.0702359236101,255.02,2333.59,45896.27,25.525
PIK,2023-09-07,2023,250,27.9,17.69,4.36,0.862981780319331,111.0825,23.2056572597347,246.85,2022.77,45712.19,22.795
PIK,2023-09-08,2023,251,18.21,13.71,0,0.258571731715181,79.641,16.5702402887364,176.98,1567.86,45527.72,15.96
PIK,2023-09-09,2023,252,20.95,14.1,0,0.432092921992071,115.254,23.8825836922464,256.12,1608,45342.88,17.525
PIK,2023-09-10,2023,253,23.57,13.84,0,0.659236842287924,150.3945,31.0370165868105,334.21,1581.3,45157.7,18.705
PIK,2023-09-11,2023,254,24.03,12.21,1.9,0.779808523419546,169.6005,34.8568112613627,376.89,1421.69,44972.22,18.12
PIK,2023-09-12,2023,255,21.64,13.29,11.26,0.527102245038462,100.179,20.5040488878738,222.62,1525.27,44786.46,17.465
PIK,2023-09-13,2023,256,17.45,10,0,0.380463733657377,125.838,25.6488173726436,279.64,1227.34,44600.46,13.725
PIK,2023-09-14,2023,257,19.17,6.91,0,0.610327265846325,175.8915,35.7012469762088,390.87,995.03,44414.25,13.04
PIK,2023-09-15,2023,258,20.58,4.84,0,0.778149680011944,194.094,39.230526652803,431.32,862.08,44227.85,12.71
PIK,2023-09-16,2023,259,21.59,6.26,0,0.810806564916818,188.7795,37.9954036643864,419.51,951.37,44041.29,13.925
PIK,2023-09-17,2023,260,22.72,10.21,1.3,0.754911540288302,166.014,33.271782469308,368.92,1245.09,43854.6,16.465
PIK,2023-09-18,2023,261,19.52,10.83,4.94,0.483251770422996,97.7085,19.4988975604479,217.13,1297.14,43667.82,15.175
PIK,2023-09-19,2023,262,18.62,6.9,0,0.573201620141639,162.873,32.3641734425217,361.94,994.41,43480.97,12.76
PIK,2023-09-20,2023,263,19.5,3.54,0,0.73747294525993,186.8085,36.9607902594691,415.13,787.04,43294.07,11.52
PIK,2023-09-21,2023,264,22.25,8.56,0,0.782126494106514,169.6995,33.4307541877794,377.11,1113.8,43107.16,15.405
PIK,2023-09-22,2023,265,21.94,10.76,0,0.667692840945158,147.474,28.9263744742068,327.72,1291.65,42920.26,16.35
PIK,2023-09-23,2023,266,21.8,8.96,0,0.730856876268943,158.769,31.0062653293653,352.82,1144.06,42733.41,15.38
PIK,2023-09-24,2023,267,23.59,9.68,0,0.851575882181322,161.8155,31.4630908299477,359.59,1201.19,42546.62,16.635
PIK,2023-09-25,2023,268,23.35,11.18,0,0.767421082513722,147.5865,28.5705216515817,327.97,1327.58,42359.94,17.265
PIK,2023-09-26,2023,269,20.06,11.56,0,0.4892008763885,114.651,22.0969562700366,254.78,1361.87,42173.38,15.81
PIK,2023-09-27,2023,270,20.2,9.51,0,0.587188608242415,137.565,26.396040789909,305.7,1187.26,41986.98,14.855
PIK,2023-09-28,2023,271,19.36,9.11,0,0.542762152898557,133.9515,25.5886844793498,297.67,1155.98,41800.76,14.235
PIK,2023-09-29,2023,272,21.96,9.58,0,0.718959121615752,147.9285,28.1329612426962,328.73,1193.1,41614.76,15.77
PIK,2023-09-30,2023,273,23.92,8.62,0,0.922331629183975,163.2465,30.907546365645,362.77,1118.23,41429,16.27
PIK,2023-10-01,2023,274,24.47,10.63,0,0.891050424605936,152.9415,28.8268553703456,339.87,1279.88,41243.52,17.55
PIK,2023-10-02,2023,275,26.61,12.52,0,1.01300758236885,150.129,28.1696971931802,333.62,1450.51,41058.34,19.565
PIK,2023-10-03,2023,276,29.07,13.97,0,1.20947244389575,150.9435,28.1950155048145,335.43,1594.48,40873.49,21.52
PIK,2023-10-04,2023,277,28.14,14.82,0,1.05877373382676,140.202,26.0703966579228,311.56,1684.63,40689.02,21.48
PIK,2023-10-05,2023,278,24.32,15.56,18.45,0.632889822978584,79.1955,14.6596870192689,175.99,1767.15,40504.94,19.94
PIK,2023-10-06,2023,279,21.7,11.51,5.84,0.615639790850456,91.2555,16.8154954217492,202.79,1357.46,40321.29,16.605
PIK,2023-10-07,2023,280,14.62,7.51,1.01,0.311457543689633,94.7565,17.3812949683826,210.57,1037.04,40138.11,11.065
PIK,2023-10-08,2023,281,9.09,4.83,5.52,0.14588592782068,44.946,8.2069719244524,99.88,861.44,39955.42,6.96
PIK,2023-10-09,2023,282,9.62,5.06,3.79,0.159813458055813,47.592,8.6505048588888,105.76,875.39,39773.27,7.34
PIK,2023-10-10,2023,283,11.82,5.58,2.66,0.237397032885164,62.883,11.3776741871739,139.74,908.08,39591.69,8.7
PIK,2023-10-11,2023,284,14.04,4.27,0,0.38545226236842,121.05,21.801945655935,269,828.51,39410.71,9.155
PIK,2023-10-12,2023,285,13.85,2.64,0,0.420598753717873,131.373,23.5529180889057,291.94,738.61,39230.37,8.245
PIK,2023-10-13,2023,286,14.2,1.49,0,0.468174905999596,139.2795,24.8560625709437,309.51,680.1,39050.71,7.845
PIK,2023-10-14,2023,287,13.81,6.65,0,0.299115122775964,90.3015,16.0415145368748,200.67,977.34,38871.76,10.23
PIK,2023-10-15,2023,288,9.19,6.53,0,0.0953325219831317,38.2815,6.76930290279435,85.07,969.69,38693.57,7.86
PIK,2023-10-16,2023,289,10.82,7.26,0,0.137649519207514,49.869,8.7778886485194,110.82,1019.13,38516.18,9.04
PIK,2023-10-17,2023,290,14.76,2.97,0,0.4597321815628,133.2135,23.3406182955928,296.03,756.11,38339.63,8.865
PIK,2023-10-18,2023,291,14.3,6.7,0,0.322530261475003,96.5655,16.8419165757232,214.59,981.03,38163.95,10.5
PIK,2023-10-19,2023,292,15.12,6.46,0.94,0.374783943684415,106.38,18.46870030872,236.4,964.92,37989.2,10.79
PIK,2023-10-20,2023,293,13.59,9.02,7.35,0.202041611819169,46.305,8.002266615567,102.9,1148.73,37815.42,11.305
PIK,2023-10-21,2023,294,10.47,5.76,0,0.172910365417345,65.934,11.342422316907,146.52,919.03,37642.65,8.115
PIK,2023-10-22,2023,295,9.25,1.06,0,0.253201788107032,106.875,18.301509676125,237.5,659.49,37470.94,5.155
PIK,2023-10-23,2023,296,12.89,-2.36,0,0.485579825758997,144.837,24.6892782856797,321.86,513.55,37300.33,5.265
PIK,2023-10-24,2023,297,18.82,6.82,0,0.589343798316019,126.432,21.4540085901312,280.96,989.02,37130.88,12.82
PIK,2023-10-25,2023,298,19.39,13.26,2.68,0.361514022321546,57.2715,9.6742596739932,127.27,1522.16,36962.64,16.325
PIK,2023-10-26,2023,299,17.05,13.16,6.13,0.212959023676477,38.214,6.425917988787,84.92,1512.34,36795.65,15.105
PIK,2023-10-27,2023,300,20.9,15.09,1.11,0.375091233052167,71.847,12.0271132874763,159.66,1714.18,36629.97,17.995
PIK,2023-10-28,2023,301,15.9,4.96,1.63,0.466503970924718,119.5875,19.9290256166925,265.75,869.6,36465.66,10.43
PIK,2023-10-29,2023,302,6.97,1.81,4.2,0.151513335102106,53.2755,8.83859551034625,118.39,695.77,36302.75,4.39
PIK,2023-10-30,2023,303,5.35,-1.05,1.88,0.163984278163273,87.687,14.4828963456588,194.86,565.51,36141.32,2.15
PIK,2023-10-31,2023,304,5.3,-2.76,1.95,0.196051954942965,104.751,17.2247352626187,232.78,498.4,35981.41,1.27
PIK,2023-11-01,2023,305,3.4,-2.77,0,0.14068888802637,86.6925,14.1925610603003,192.65,498.17,35823.09,0.315
PIK,2023-11-02,2023,306,8.69,-0.13,0,0.259169422452307,109.98,17.926244397126,244.4,604.75,35666.41,4.28
PIK,2023-11-03,2023,307,13.24,4.91,1.53,0.325767906052722,103.5405,16.8033014658716,230.09,866.59,35511.43,9.075
PIK,2023-11-04,2023,308,10.49,3.62,0,0.2377833916093,91.2735,14.7486170137869,202.83,791.26,35358.22,7.055
PIK,2023-11-05,2023,309,8.4,-1.31,0,0.273311350590869,113.472,18.2571016208832,252.16,554.74,35206.83,3.545
PIK,2023-11-06,2023,310,12.28,4.2,3.87,0.300606959928429,73.6965,11.8070601500466,163.77,824.54,35057.32,8.24
PIK,2023-11-07,2023,311,11.08,-0.2,0,0.357846706679673,116.136,18.5280643926504,258.08,601.96,34909.77,5.44
PIK,2023-11-08,2023,312,1.58,-5.36,20.13,0.137563270109425,66.3795,10.5458761446093,147.51,410.02,34764.22,-1.89
PIK,2023-11-09,2023,313,9.53,0.07,0,0.287164611158744,104.148,16.4779709100336,231.44,613.86,34620.76,4.8
PIK,2023-11-10,2023,314,9.79,0.45,0,0.289235214226526,102.3255,16.1235355353804,227.39,630.8,34479.44,5.12
PIK,2023-11-11,2023,315,2.16,-3.33,0,0.118077949429131,71.577,11.2329585478737,159.06,477.83,34340.33,-0.585
PIK,2023-11-12,2023,316,5.37,-5.47,0,0.2442706943838,110.853,17.3274268097529,246.34,406.44,34203.49,-0.05
PIK,2023-11-13,2023,317,12.42,-1.17,0,0.439352729947263,114.9075,17.890561131975,255.35,560.79,34069,5.625
PIK,2023-11-14,2023,318,7.63,1.56,0,0.180486833434618,72.243,11.2042914458292,160.54,683.67,33936.92,4.595
PIK,2023-11-15,2023,319,13.2,0.12,0,0.449521255304603,109.575,16.9292825043075,243.5,615.94,33807.33,6.66
PIK,2023-11-16,2023,320,12.7,-1.76,0,0.464777889355021,111.7035,17.1932775673986,248.23,536.81,33680.28,5.47
PIK,2023-11-17,2023,321,13.37,0.32,1.71,0.453135216820477,106.2,16.2857949039,236,625.26,33555.85,6.845
PIK,2023-11-18,2023,322,6.59,-2.75,0,0.237131054842179,91.7505,14.0189151346664,203.89,498.99,33434.11,1.92
PIK,2023-11-19,2023,323,4.18,-4.02,0,0.184896333352386,83.448,12.7049662112832,185.44,453.73,33315.12,0.08
PIK,2023-11-20,2023,324,0.43,-8.04,0,0.14887153886088,84.7395,12.8566092755093,188.31,333.4,33198.95,-3.805
PIK,2023-11-21,2023,325,5.02,-3.91,13.75,0.20787420837823,63.855,9.654975460548,141.9,457.5,33085.68,0.555
PIK,2023-11-22,2023,326,5.6,0.24,2.11,0.143681961475008,43.0425,6.486392632896,95.65,621.47,32975.36,2.92
PIK,2023-11-23,2023,327,6.02,-0.56,0,0.174882674542482,69.147,10.3863721138632,153.66,586.12,32868.08,2.73
PIK,2023-11-24,2023,328,-0.67,-5.33,0,0.0857230378234945,51.912,7.7728344935976,115.36,410.97,32763.89,-3.0
PIK,2023-11-25,2023,329,3.03,-3.81,0,0.149217266910628,70.5375,10.5290811467325,156.75,461,32662.86,-0.39
PIK,2023-11-26,2023,330,5.33,-3.18,6.83,0.204662288946678,60.2685,8.9692982460477,133.93,483.05,32565.06,1.075
PIK,2023-11-27,2023,331,2.33,-3.91,0,0.132669352818573,64.755,9.609018266889,143.9,457.44,32470.54,-0.79
PIK,2023-11-28,2023,332,-2.21,-7.33,1.31,0.0840495526276493,60.7095,8.98341615782685,134.91,352.38,32379.39,-4.77
PIK,2023-11-29,2023,333,-0.72,-6.28,0,0.0992421500644077,64.827,9.5667015684996,144.06,382.04,32291.64,-3.5
PIK,2023-11-30,2023,334,8.58,-2.99,0,0.31241710767291,102.2355,15.0478108228143,227.19,490,32207.38,2.795
PIK,2023-12-01,2023,335,6.46,-0.06,8.76,0.178184004448459,47.358,6.953044280499,105.24,608.08,32126.65,3.2
PIK,2023-12-02,2023,336,1.4,-0.19,1.85,0.0366824140079182,19.1655,2.80709911944585,42.59,602.52,32049.51,0.605
PIK,2023-12-03,2023,337,1.13,-0.62,3.6,0.0395368393733931,15.5295,2.26933293353445,34.51,583.9,31976.03,0.255
PIK,2023-12-04,2023,338,0.93,-1.49,0,0.0529793164296436,27.1935,3.96512672484375,60.43,547.72,31906.25,-0.28
PIK,2023-12-05,2023,339,-0.57,-2.57,0,0.0406665272946632,23.7285,3.4527294174339,52.73,505.43,31840.22,-1.57
PIK,2023-12-06,2023,340,-0.96,-5.74,3.51,0.0860605956192343,39.0195,5.66662305327885,86.71,398.23,31777.99,-3.35
PIK,2023-12-07,2023,341,2.42,-4.23,0,0.140367306636855,68.5125,9.9314804261925,152.25,446.63,31719.62,-0.905
PIK,2023-12-08,2023,342,6.97,-0.51,0,0.20516066741473,72.8595,10.5434756439831,161.91,588.5,31665.14,3.23
PIK,2023-12-09,2023,343,11.59,5.8,7.22,0.219867699543557,43.587,6.297394055814,96.86,922.15,31614.6,8.695
PIK,2023-12-10,2023,344,8.46,0.6,0,0.233720326569854,74.619,10.7649803857932,165.82,637.95,31568.04,4.53
PIK,2023-12-11,2023,345,0.82,-1.49,0,0.0503321006954762,26.82,3.8639985687,59.6,547.79,31525.5,-0.335
PIK,2023-12-12,2023,346,4.27,-2.35,0,0.157520067502654,68.2785,9.824975041815,151.73,513.78,31487,0.96
PIK,2023-12-13,2023,347,1,-3.45,0,0.0919274198800777,50.832,7.3065024647568,112.96,473.42,31452.57,-1.225
PIK,2023-12-14,2023,348,4.45,-4.53,0,0.201260920193421,82.9575,11.9126744521515,184.35,436.68,31422.26,-0.04
PIK,2023-12-15,2023,349,10.81,1.13,0,0.315764249762764,83.889,12.0364009008984,186.42,662.7,31396.08,5.97
PIK,2023-12-16,2023,350,6.47,1.22,0,0.149062462013002,58.5225,8.390918759463,130.05,666.97,31374.04,3.845
PIK,2023-12-17,2023,351,7,3.37,12.22,0.111557422504314,32.184,4.6118945478384,71.52,777.51,31356.18,5.185
PIK,2023-12-18,2023,352,5.85,-1.62,6.22,0.191451609667202,57.51,8.23745778975,127.8,542.2,31342.5,2.115
PIK,2023-12-19,2023,353,-2.35,-8.25,0,0.0935883256255989,68.418,9.7969035099852,152.04,328.03,31333.02,-5.3
PIK,2023-12-20,2023,354,2.8,-5.57,0,0.172174383598617,83.349,11.9328906117582,185.22,403.24,31327.74,-1.385
PIK,2023-12-21,2023,355,-0.4,-7.92,0,0.128777676128111,79.785,11.4222505323915,177.3,336.65,31326.67,-4.16
PIK,2023-12-22,2023,356,-1.06,-8.21,0,0.11854530505234,77.409,11.0832063286653,172.02,329.18,31329.81,-4.635
PIK,2023-12-23,2023,357,2.66,-2.05,7.66,0.107038814030127,42.1335,6.03397120952925,93.63,525.59,31337.15,0.305
PIK,2023-12-24,2023,358,2.91,-0.74,0,0.087331188550269,45.225,6.479094455775,100.5,578.43,31348.7,1.085
PIK,2023-12-25,2023,359,7.14,1.32,0,0.169134648016498,66.0285,9.46422443678535,146.73,672,31364.43,4.23
PIK,2023-12-26,2023,360,8.74,1.92,4.53,0.212540208456453,54.72,7.84829695824,121.6,701.4,31384.35,5.33
PIK,2023-12-27,2023,361,7.14,4.83,15.39,0.0743207242228314,22.2075,3.1875863662755,49.35,861.48,31408.42,5.985
PIK,2023-12-28,2023,362,6.13,4.42,4.75,0.0523147078526159,17.2935,2.4844783696488,38.43,837.46,31436.64,5.275
PIK,2023-12-29,2023,363,6.12,1.72,8.51,0.125193809067608,41.013,5.8982104804077,91.14,691.51,31468.97,3.92
PIK,2023-12-30,2023,364,0.32,-2.7,0,0.0626002965660922,41.355,5.95427958369,91.9,500.63,31505.4,-1.19
PIK,2023-12-31,2023,365,-0.85,-3.17,1.7,0.0455847373421525,33.057,4.7656530597861,73.46,483.56,31545.89,-2.01
PIK,2024-01-01,2024,1,-2.58,-5.6,0,0.0520532949894625,47.5965,6.8714654578731,105.77,402.36,31590.62,-4.09
PIK,2024-01-02,2024,2,0.17,-3.29,0,0.0700509161240141,53.73,7.768872345276,119.4,479.05,31639.16,-1.56
PIK,2024-01-03,2024,3,1.28,-1.16,0,0.0545608978764304,34.929,5.0587964278245,77.62,561.17,31691.65,0.06
PIK,2024-01-04,2024,4,-0.49,-8.65,0,0.136194206785505,90.081,13.0697333740719,200.18,317.99,31748.07,-4.57
PIK,2024-01-05,2024,5,-1.53,-4.61,0,0.0565332249916982,44.3835,6.45177017316825,98.63,433.92,31808.35,-3.07
PIK,2024-01-06,2024,6,-1.04,-6.28,1.74,0.0926246705300121,78.165,11.3852940922035,173.7,381.96,31872.47,-3.66
PIK,2024-01-07,2024,7,-1.37,-7.1,0,0.0975475398462595,83.889,12.2450668441101,186.42,358.61,31940.37,-4.235
PIK,2024-01-08,2024,8,1.59,-2.56,0,0.0898283709665204,65.043,9.5154523056549,144.54,505.93,32011.99,-0.485
PIK,2024-01-09,2024,9,5.54,-0.31,28.12,0.154039690589115,56.385,8.2682352391905,125.3,597.07,32087.29,2.615
PIK,2024-01-10,2024,10,5.4,-2.18,0.34,0.187995463994242,88.758,13.0473927512532,197.24,520.5,32166.22,1.61
PIK,2024-01-11,2024,11,0.75,-1.95,3.61,0.0579354566296771,30.2805,4.4626358947995,67.29,529.44,32248.7,-0.6
PIK,2024-01-12,2024,12,1.9,-4.34,18.91,0.129288465379115,60.9885,9.0122449688415,135.53,442.65,32334.7,-1.22
PIK,2024-01-13,2024,13,3.46,-5.13,3.42,0.18295019724209,71.9055,10.6548361743789,159.79,417.15,32424.14,-0.835
PIK,2024-01-14,2024,14,-4.25,-12.42,0,0.105993990249313,97.578,14.5003399068762,216.84,235.46,32516.97,-8.335
PIK,2024-01-15,2024,15,-9.18,-14.45,0,0.053646766862436,77.211,11.5076786500224,171.58,199.54,32613.12,-11.815
PIK,2024-01-16,2024,16,-8.19,-13.36,0.87,0.0565373081921625,85.104,12.7227298897584,189.12,218.25,32712.53,-10.775
PIK,2024-01-17,2024,17,-9.4,-16.29,0,0.0650893037145149,103.518,15.5240965177164,230.04,171.34,32815.14,-12.845
PIK,2024-01-18,2024,18,-5.04,-10.18,0,0.0698306284353007,85.8735,12.9195286078487,190.83,281.85,32920.87,-7.61
PIK,2024-01-19,2024,19,-7.95,-16.85,0,0.0871010539428262,117.846,17.7883288374852,261.88,163.39,33029.66,-12.4
PIK,2024-01-20,2024,20,-10.45,-17.32,0,0.060296688446602,106.4115,16.1167055285047,236.47,157.08,33141.45,-13.885
PIK,2024-01-21,2024,21,-3.72,-14.27,0,0.131430659996846,124.947,18.9895321355643,277.66,202.58,33256.17,-8.995
PIK,2024-01-22,2024,22,-1.86,-8.9,1.37,0.111076280088888,108.5445,16.5549891609351,241.21,311.89,33373.74,-5.38
PIK,2024-01-23,2024,23,0.13,-2.61,5.1,0.0565975595057026,38.367,5.872761375579,85.26,504.04,33494.1,-1.24
PIK,2024-01-24,2024,24,0.89,-1.66,9.37,0.055559180805657,32.463,4.9873088140929,72.14,540.8,33617.19,-0.385
PIK,2024-01-25,2024,25,2.32,0.23,14.85,0.0504581349117758,27.2475,4.20170591724975,60.55,621.01,33742.93,1.275
PIK,2024-01-26,2024,26,2.6,0.49,8.46,0.0517057485893888,27.792,4.3019684946,61.76,632.91,33871.25,1.545
PIK,2024-01-27,2024,27,1.77,-0.06,0,0.0432285854870259,33.156,5.1520944476736,73.68,607.9,34002.08,0.855
PIK,2024-01-28,2024,28,1.64,-0.2,0,0.0428022501682852,33.5655,5.2361708471856,74.59,602.04,34135.36,0.72
PIK,2024-01-29,2024,29,2.03,-3.66,0,0.120768030089873,91.269,14.2944194804166,202.82,466.03,34271.02,-0.815
PIK,2024-01-30,2024,30,0.83,-2.14,0.57,0.063603592343226,53.5635,8.42281132690305,119.03,521.95,34408.99,-0.655
PIK,2024-01-31,2024,31,3.12,-0.5,0,0.0875023125527288,64.2015,10.1367677535745,142.67,589,34549.21,1.31
PIK,2024-02-01,2024,32,3.19,1.02,0,0.0549566383794093,40.6215,6.440157470358,90.27,657.69,34691.6,2.105
PIK,2024-02-02,2024,33,2,-5.2,0,0.145756923741601,109.125,17.372806615125,242.5,414.76,34836.1,-1.6
PIK,2024-02-03,2024,34,2.2,-7.5,0,0.184181803375092,124.452,19.896229663146,276.56,347.89,34982.65,-2.65
PIK,2024-02-04,2024,35,2.38,-5.92,0,0.166386630306612,118.2465,18.9844155767259,262.77,392.75,35131.18,-1.77
PIK,2024-02-05,2024,36,2.14,-5.59,0,0.155168960114776,115.2495,18.5824892902505,256.11,402.83,35281.63,-1.725
PIK,2024-02-06,2024,37,3.52,-7.68,0,0.2217070946831,131.8995,21.35888966066,293.11,343.03,35433.93,-2.08
PIK,2024-02-07,2024,38,4.19,-4.1,0,0.186696211609726,119.4795,19.4318229388595,265.51,450.86,35588.03,0.045
PIK,2024-02-08,2024,39,7.12,-2.47,0.7,0.249865946428498,126.4815,20.6606822206563,281.07,509.5,35743.86,2.325
PIK,2024-02-09,2024,40,13.13,2.55,0,0.387085048399353,128.6235,21.1031567012772,285.83,733.6,35901.36,7.84
PIK,2024-02-10,2024,41,8.37,0.24,0,0.238728107541225,118.1655,19.4732428477775,262.59,621.39,36060.47,4.305
PIK,2024-02-11,2024,42,1.04,-0.51,0,0.0352094221558844,31.4055,5.1985715660739,69.79,588.44,36221.14,0.265
PIK,2024-02-12,2024,43,2.83,-4.41,0,0.154194742371993,116.9145,19.4395757912672,259.81,440.53,36383.31,-0.79
PIK,2024-02-13,2024,44,2.15,-8.3,1.6,0.193446082600433,154.746,25.8455878482024,343.88,326.88,36546.92,-3.075
PIK,2024-02-14,2024,45,-2.2,-10.38,0,0.121870169108873,142.6185,23.9276012587164,316.93,277.32,36711.92,-6.29
PIK,2024-02-15,2024,46,-0.94,-9.32,6.47,0.134778660974526,108.36,18.262306118952,240.8,301.75,36878.26,-5.13
PIK,2024-02-16,2024,47,-1.66,-6.75,1.86,0.0867522881173964,106.2225,17.9834295121628,236.05,368.48,37045.87,-4.205
PIK,2024-02-17,2024,48,-6.21,-11.23,0,0.0633458276828103,107.2755,18.2444805677952,238.39,259.14,37214.72,-8.72
PIK,2024-02-18,2024,49,-1.13,-8.12,0.44,0.116147322077419,137.2455,23.4481613869913,304.99,331.29,37384.75,-4.625
PIK,2024-02-19,2024,50,-3.03,-15.28,0,0.151828493557843,173.8755,29.8423405154669,386.39,186.34,37555.91,-9.155
PIK,2024-02-20,2024,51,2.55,-9.18,0,0.214696241561921,172.2555,29.6998877344253,382.79,305.05,37728.15,-3.315
PIK,2024-02-21,2024,52,7.5,-3.32,0,0.278992861969941,167.2785,28.9742312172254,371.73,478.05,37901.43,2.09
PIK,2024-02-22,2024,53,8.88,-1.07,0,0.286343903051216,161.55,28.110653678115,359,564.79,38075.69,3.905
PIK,2024-02-23,2024,54,7.51,-9.79,0,0.373166734159471,184.6485,32.277787318967,410.33,290.7,38250.91,-1.14
PIK,2024-02-24,2024,55,-5.95,-14.58,0,0.0980997813017095,154.7415,27.1743840490581,343.87,197.37,38427.02,-10.265
PIK,2024-02-25,2024,56,3.75,-9.94,0,0.256067449037346,181.8135,32.07558857778,404.03,287.28,38604,-3.095
PIK,2024-02-26,2024,57,7.73,-1.76,0,0.257714092623638,155.781,27.6094997479143,346.18,536.82,38781.79,2.985
PIK,2024-02-27,2024,58,13.2,0.85,15.39,0.432634855440529,127.7775,22.750636317543,283.95,649.51,38960.36,7.025
PIK,2024-02-28,2024,59,13.83,-7.43,8.14,0.614708835203551,144.8595,25.9107647104089,321.91,349.53,39139.66,3.2
PIK,2024-02-29,2024,60,-4.92,-11.1,0,0.081649428213565,115.047,20.6728980404193,255.66,262,39319.67,-8.01
PIK,2024-03-01,2024,61,8.14,-6.33,0,0.350784600004228,185.8815,33.5546793003902,413.07,380.67,39500.33,0.905
PIK,2024-03-02,2024,62,5.51,1.48,0.44,0.111827526218108,74.547,13.5187225616619,165.66,679.53,39681.61,3.495
PIK,2024-03-03,2024,63,7.4,3.32,0,0.126667617523981,75.897,13.8266197349292,168.66,774.91,39863.48,5.36
PIK,2024-03-04,2024,64,15.46,3.55,0,0.482444409522461,153.684,28.125672416892,341.52,787.76,40045.9,9.505
PIK,2024-03-05,2024,65,15.55,4.03,1.5,0.474117587995924,151.893,27.9248899171284,337.54,814.67,40228.84,9.79
PIK,2024-03-06,2024,66,6.06,2.21,0,0.111101060799304,66.681,12.3149126370825,148.18,715.96,40412.25,4.135
PIK,2024-03-07,2024,67,10.23,-1.81,0,0.355097544297148,162.3735,30.1242247950474,360.83,535.04,40596.12,4.21
PIK,2024-03-08,2024,68,10.87,0.55,8.67,0.331860164676819,112.176,20.905840427328,249.28,635.63,40780.4,5.71
PIK,2024-03-09,2024,69,8.48,1.55,12.77,0.211655585089135,86.238,16.1446439383596,191.64,683.31,40965.06,5.015
PIK,2024-03-10,2024,70,1.67,-3.93,2.11,0.116297356711531,75.114,14.1256282886784,166.92,456.86,41150.08,-1.13
PIK,2024-03-11,2024,71,6.19,-3,0,0.228604110202984,147.627,27.8871571543599,328.06,489.71,41335.41,1.595
PIK,2024-03-12,2024,72,13.67,-1.97,0,0.516754991809265,183.654,34.8485498233434,408.12,528.6,41521.03,5.85
PIK,2024-03-13,2024,73,17.7,2.33,0,0.649634709310741,180.2295,34.3518552352998,400.51,722.09,41706.92,10.015
PIK,2024-03-14,2024,74,10.57,0.75,16.13,0.314353637509791,111.8205,21.4081629942956,248.49,644.92,41893.03,5.66
PIK,2024-03-15,2024,75,9.4,-0.52,0,0.29503655699728,152.163,29.2613380587594,338.14,587.94,42079.34,4.44
PIK,2024-03-16,2024,76,7.25,-1.28,1.95,0.231172021784597,138.96,26.840790646704,308.8,556.05,42265.82,2.985
PIK,2024-03-17,2024,77,5.05,-1.95,1.15,0.172674195544884,119.9835,23.2777224530078,266.63,529.51,42452.45,1.55
PIK,2024-03-18,2024,78,1.34,-3.33,0,0.0979753498277753,85.059,16.5746901602997,189.02,477.62,42639.19,-0.995
PIK,2024-03-19,2024,79,0.23,-3.17,2.4,0.0691606472926934,48.501,9.4923667013157,107.78,483.44,42826.01,-1.47
PIK,2024-03-20,2024,80,-0.25,-6.97,2.3,0.119065294336636,102.357,20.1202036445061,227.46,362.45,43012.89,-3.61
PIK,2024-03-21,2024,81,-3.52,-9.28,0,0.0849031688451943,123.534,24.388463505924,274.52,302.6,43199.8,-6.4
PIK,2024-03-22,2024,82,-4.23,-9.76,6.8,0.0782400758181388,91.602,18.162589814838,203.56,291.44,43386.7,-6.995
PIK,2024-03-23,2024,83,1.13,-10.12,0,0.190305710852517,204.516,40.7255288928696,454.48,283.16,43573.58,-4.495
PIK,2024-03-24,2024,84,0.8,-9.69,0,0.177525386226497,200.6955,40.1361043587584,445.99,293.06,43760.41,-4.445
PIK,2024-03-25,2024,85,8.43,-3.33,0,0.312968262925668,209.097,41.9947131558906,464.66,477.69,43947.14,2.55
PIK,2024-03-26,2024,86,10.04,3.78,6.44,0.21406687957604,102.51,20.675378125539,227.8,800.71,44133.77,6.91
PIK,2024-03-27,2024,87,9.25,1.36,0,0.24594225835649,167.0175,33.8283161094937,371.15,673.93,44320.25,5.305
PIK,2024-03-28,2024,88,8.22,-2.5,0,0.289760961246823,185.1975,37.6682501239178,411.55,508.31,44506.57,2.86
PIK,2024-03-29,2024,89,4.64,-3.46,0,0.188660115917278,162.774,33.2458647650424,361.72,473.14,44692.68,0.59
PIK,2024-03-30,2024,90,7.57,-3.45,0,0.283602231962581,192.825,39.54744707724,428.5,473.61,44878.56,2.06
PIK,2024-03-31,2024,91,8.36,-0.24,0,0.24902246548417,169.803,34.9697906113878,377.34,600.09,45064.18,4.06
PIK,2024-04-01,2024,92,10.24,-0.06,0,0.318856248627273,186.849,38.6385619605336,415.22,608.21,45249.52,5.09
PIK,2024-04-02,2024,93,8.92,3.4,5.8,0.18028305622897,88.902,18.4592380782942,197.56,779.38,45434.53,6.16
PIK,2024-04-03,2024,94,5.54,0.4,40.89,0.138294604867969,86.859,18.108342084096,193.02,628.59,45619.2,2.97
PIK,2024-04-04,2024,95,1.83,-0.73,2.19,0.0589391870381122,47.9655,10.0402297671258,106.59,579.21,45803.48,0.55
PIK,2024-04-05,2024,96,4.91,-0.68,0,0.142648187025572,129.015,27.114068982357,286.7,581.14,45987.34,2.115
PIK,2024-04-06,2024,97,11.35,1.3,0,0.335421160942982,193.1625,40.757359588245,429.25,670.71,46170.76,6.325
PIK,2024-04-07,2024,98,14.53,-0.33,0,0.527496814397127,221.3415,46.8881885226735,491.87,596.34,46353.7,7.1
PIK,2024-04-08,2024,99,12.95,2.2,0,0.387064749241854,198.027,42.1144156350468,440.06,715.79,46536.12,7.575
PIK,2024-04-09,2024,100,20.01,3.43,2.07,0.776746451301952,166.3965,35.52585480527,369.77,781.08,46717.99,11.72
PIK,2024-04-10,2024,101,16.5,6.15,4.65,0.464304249841254,141.6015,30.3494083739244,314.67,944.31,46899.28,11.325
PIK,2024-04-11,2024,102,14.02,6.75,32.43,0.306620709423161,115.533,24.8575402556514,256.74,984.01,47079.94,10.385
PIK,2024-04-12,2024,103,13.61,2.88,11.5,0.402040574730932,150.597,32.5256276917026,334.66,751.28,47259.94,8.245
PIK,2024-04-13,2024,104,9.58,2.29,4.63,0.235653432479971,121.3785,26.3145398779913,269.73,720.44,47439.25,5.935
PIK,2024-04-14,2024,105,14.88,4.25,5.8,0.430336485327685,150.705,32.795433083367,334.9,827.65,47617.82,9.565
PIK,2024-04-15,2024,106,15.07,3.66,0,0.458091896276034,208.4085,45.5218220371505,463.13,793.5,47795.61,9.365
PIK,2024-04-16,2024,107,15.1,2.45,0,0.492168567213111,217.062,47.5875303307506,482.36,728.53,47972.59,8.775
PIK,2024-04-17,2024,108,8.94,4.18,13.13,0.158943384224123,84.105,18.5064309532935,186.9,823.45,48148.71,6.56
PIK,2024-04-18,2024,109,12.3,6.69,0.69,0.223632909628759,127.971,28.2611558740824,284.38,980.16,48323.92,9.495
PIK,2024-04-19,2024,110,13.76,2.69,2.16,0.415047255481642,154.5525,34.2545104505858,343.45,740.87,48498.19,8.225
PIK,2024-04-20,2024,111,6.5,0.82,1.52,0.159470307708958,132.4125,29.4523293676838,294.25,648.1,48671.47,3.66
PIK,2024-04-21,2024,112,8.89,0.87,0,0.243791781928,173.0205,38.6209093931082,384.49,650.45,48843.72,4.88
PIK,2024-04-22,2024,113,11.79,-2.35,0,0.43367251388892,231.021,51.7482423276336,513.38,513.92,49014.88,4.72
PIK,2024-04-23,2024,114,14.81,4.4,2.43,0.422353097267119,149.7285,33.655229381993,332.73,836.2,49184.91,9.605
PIK,2024-04-24,2024,115,8.34,-1.06,0,0.26584766310383,194.7285,43.9203672995112,432.73,565.1,49353.76,3.64
PIK,2024-04-25,2024,116,8.75,-3.29,0,0.324232324762799,220.6395,49.9335224278707,490.31,479.21,49521.38,2.73
PIK,2024-04-26,2024,117,12.98,-2.54,0,0.493228738501003,237.5955,53.9514836969639,527.99,506.88,49687.71,5.22
PIK,2024-04-27,2024,118,13.54,6.56,5.33,0.288234492636354,113.481,25.8540278887224,252.18,971.5,49852.72,10.05
PIK,2024-04-28,2024,119,20.62,9.14,11.96,0.632528429891608,152.8605,34.94003193868,339.69,1158.36,50016.33,14.88
PIK,2024-04-29,2024,120,12.15,7.67,11.31,0.182503724033693,77.994,17.88525221553,173.32,1048.25,50178.5,9.91
PIK,2024-04-30,2024,121,15.96,7.59,4.07,0.383340557030928,130.959,30.1271248384434,291.02,1042.58,50339.18,11.775
PIK,2024-05-01,2024,122,17.76,6.07,0,0.544393844648486,212.8275,49.1157314044357,472.95,939.37,50498.29,11.915
PIK,2024-05-02,2024,123,18.87,7.61,0,0.564812947596444,206.3025,47.758411080315,458.45,1044.38,50655.8,13.24
PIK,2024-05-03,2024,124,18.46,9.07,3.06,0.483016292344165,137.8035,31.9992334780019,306.23,1152.91,50811.63,13.765
PIK,2024-05-04,2024,125,20.93,10.98,3.91,0.58011894321577,139.3965,32.4673108254887,309.77,1309.88,50965.73,15.955
PIK,2024-05-05,2024,126,16.55,7.4,3.51,0.42441585192709,134.7255,31.4731489859514,299.39,1029.46,51118.04,11.975
PIK,2024-05-06,2024,127,18.44,5.56,0,0.605225031436041,218.3895,51.1680045286273,485.31,906.54,51268.49,12.0
PIK,2024-05-07,2024,128,20.32,4.49,7.21,0.769022987906884,176.2245,41.408497642784,391.61,841.56,51417.03,12.405
PIK,2024-05-08,2024,129,18.46,6.24,2.87,0.584366319932438,159.372,37.5553042839432,354.16,950.53,51563.58,12.35
PIK,2024-05-09,2024,130,16.53,4.93,0,0.504640688049315,210.8835,49.8330302986435,468.63,867.49,51708.09,10.73
PIK,2024-05-10,2024,131,16.08,7.71,0,0.385657030144833,171.1485,40.5547826745996,380.33,1051.5,51850.48,11.895
PIK,2024-05-11,2024,132,15.91,6.89,2.65,0.404796518001714,135.477,32.188996372023,301.06,993.89,51990.7,11.4
PIK,2024-05-12,2024,133,17.33,8.45,2,0.43393801567739,178.1415,42.4383053043654,395.87,1105.62,52128.68,12.89
PIK,2024-05-13,2024,134,21.17,9.04,8.14,0.678472762088712,158.0805,37.7572166071209,351.29,1150.23,52264.34,15.105
PIK,2024-05-14,2024,135,16.87,10.45,2.57,0.325951915434363,102.861,24.6308038707951,228.58,1264.71,52397.63,13.66
PIK,2024-05-15,2024,136,20.03,9.25,0,0.584523337934792,200.52,48.135850236108,445.6,1167.29,52528.47,14.64
PIK,2024-05-16,2024,137,21.82,9.03,0,0.729294387587568,218.1375,52.4929517847,484.75,1149.92,52656.8,15.425
PIK,2024-05-17,2024,138,19.2,12.3,1.32,0.394772908037618,143.784,34.6830312223152,319.52,1429.39,52782.54,15.75
PIK,2024-05-18,2024,139,21.33,12.15,0,0.55738267205299,176.904,42.7716242927064,393.12,1415.93,52905.63,16.74
PIK,2024-05-19,2024,140,24.24,10.91,0,0.857505750494597,217.7145,52.75849788189,483.81,1304.48,53026,17.575
PIK,2024-05-20,2024,141,27.29,11.35,3.12,1.1382161765063,171.1125,41.5574359056675,380.25,1342.46,53143.58,19.32
PIK,2024-05-21,2024,142,27.09,15.84,0,0.887891037641548,189.3555,46.0873167572205,420.79,1799.13,53258.3,21.465
PIK,2024-05-22,2024,143,27.83,15.1,2.73,1.00887901376627,152.622,37.2247059332286,339.16,1715.74,53370.09,21.465
PIK,2024-05-23,2024,144,23.76,12.48,0,0.743139720362075,196.0785,47.9213055959805,435.73,1447.04,53478.9,18.12
PIK,2024-05-24,2024,145,22.03,9.83,0,0.714674658849656,207.8325,50.894397696096,461.85,1213.09,53584.64,15.93
PIK,2024-05-25,2024,146,18.2,8.69,4.85,0.480331467118065,136.089,33.3895358351925,302.42,1123.87,53687.25,13.445
PIK,2024-05-26,2024,147,21.74,10.47,8.1,0.664548584412458,150.4485,36.9809989887357,334.33,1266.51,53786.66,16.105
PIK,2024-05-27,2024,148,22.88,14.17,22.48,0.582862103737773,123.6105,30.4384042097577,274.69,1615.5,53882.82,18.525
PIK,2024-05-28,2024,149,18.6,12.6,0,0.339371827044996,125.361,30.9226431995982,278.58,1458.17,53975.66,15.6
PIK,2024-05-29,2024,150,17.87,7.89,0,0.48918486137908,189.945,46.9311457476015,422.1,1063.97,54065.11,12.88
PIK,2024-05-30,2024,151,17.84,5.06,0,0.581405367834264,219.708,54.3712645867716,488.24,875.75,54151.11,11.45
PIK,2024-05-31,2024,152,22.44,6.02,0,0.886909238136736,238.689,59.1584952474153,530.42,935.9,54233.61,14.23
PIK,2024-06-01,2024,153,23.55,7.88,0,0.916902841429867,232.1955,57.6328521337749,515.99,1063.67,54312.54,15.715
PIK,2024-06-02,2024,154,18.85,12.9,1.24,0.341519379083637,119.754,29.765153031273,266.12,1487.31,54387.85,15.875
PIK,2024-06-03,2024,155,23.15,14.16,0,0.606266833338917,166.419,41.4183313636884,369.82,1614.5,54459.48,18.655
PIK,2024-06-04,2024,156,27.03,13.57,0,1.00482229711128,210.627,52.4861784210321,468.06,1553.62,54527.39,20.3
PIK,2024-06-05,2024,157,25.51,16.26,1.51,0.704433843308319,166.41,41.516499428487,369.8,1847.63,54591.51,20.885
PIK,2024-06-06,2024,158,24.84,14.37,1.15,0.746729559794127,185.76,46.395189430992,412.8,1636.23,54651.81,19.605
PIK,2024-06-07,2024,159,17.8,12.28,10.63,0.301938465935717,87.138,21.7859474580318,193.64,1428.1,54708.23,15.04
PIK,2024-06-08,2024,160,19.27,11.48,2.28,0.436587409457132,118.485,29.6516456798085,263.3,1354.86,54760.73,15.375
PIK,2024-06-09,2024,161,16.71,10.56,5.01,0.31135328261838,98.6625,24.71282608716,219.25,1274.27,54809.28,13.635
PIK,2024-06-10,2024,162,13.45,9.15,0,0.189286563167145,97.6365,24.4757133956732,216.97,1159.49,54853.83,11.3
PIK,2024-06-11,2024,163,17.41,8.57,0,0.434784396058507,179.9145,45.1346431661528,399.81,1114.28,54894.35,12.99
PIK,2024-06-12,2024,164,21.93,8.89,0,0.743846474960961,222.471,55.847730731076,494.38,1138.76,54930.8,15.41
PIK,2024-06-13,2024,165,27.69,13.85,7.57,1.06108596468698,163.0755,40.9615717295106,362.39,1581.88,54963.16,20.77
PIK,2024-06-14,2024,166,22.21,12.76,0,0.598471283950566,180.153,45.2743844097861,400.34,1473.65,54991.41,17.485
PIK,2024-06-15,2024,167,20.31,9.5,0,0.595066548879936,201.1275,50.5676531829893,446.95,1187.04,55015.51,14.905
PIK,2024-06-16,2024,168,22.34,8.37,0,0.796358569525517,226.566,56.984069264679,503.48,1099.81,55035.45,15.355
PIK,2024-06-17,2024,169,29.14,14.52,0,1.18833602507875,218.655,55.0101060140535,485.9,1652.61,55051.21,21.83
PIK,2024-06-18,2024,170,31.23,20.14,0,1.09248361130579,181.2555,45.6105729617253,402.79,2357.12,55062.78,25.685
PIK,2024-06-19,2024,171,31.95,21.03,3.53,1.11973994189738,134.0145,33.7275138049524,297.81,2491.09,55070.16,26.49
PIK,2024-06-20,2024,172,28.87,19.64,9.39,0.840030232992336,123.4755,31.0769401571262,274.39,2285.56,55073.32,24.255
PIK,2024-06-21,2024,173,24.84,18.51,7.21,0.49969048487562,94.8285,23.8664671871886,210.73,2129.51,55072.28,21.675
PIK,2024-06-22,2024,174,23.31,18.05,14.58,0.392102240778478,82.2465,20.6978521068302,182.77,2069.43,55067.03,20.68
PIK,2024-06-23,2024,175,25.18,15.95,1.85,0.691093918959674,177.012,44.5385371544388,393.36,1811.24,55057.57,20.565
PIK,2024-06-24,2024,176,26.38,14.31,0,0.899122684535978,207.8055,52.2736219812492,461.79,1630.54,55043.92,20.345
PIK,2024-06-25,2024,177,23.32,13.4,4.85,0.659560119038029,141.786,35.6548164291018,315.08,1536.99,55026.09,18.36
PIK,2024-06-26,2024,178,25.6,14.74,6.16,0.798735207682053,146.907,36.9278136191592,326.46,1676.44,55004.08,20.17
PIK,2024-06-27,2024,179,20.37,9.79,0,0.588007469044113,199.575,50.1430471354575,443.5,1210.16,54977.93,15.08
PIK,2024-06-28,2024,180,21.59,8.47,1.99,0.732975014575607,222.7725,55.940561712783,495.05,1106.7,54947.64,15.03
PIK,2024-06-29,2024,181,25.64,16.38,11.45,0.709905383218405,130.3065,32.7008731338342,289.57,1861.86,54913.24,21.01
PIK,2024-06-30,2024,182,21.53,11.09,0,0.621482257404835,198.2205,49.7092808648075,440.49,1319.63,54874.77,16.31
PIK,2024-07-01,2024,183,23.79,9.83,0,0.862658744745688,228.3615,57.2235971027738,507.47,1213.77,54832.25,16.81
PIK,2024-07-02,2024,184,23.69,11.38,0,0.78805552455175,213.3855,53.4254758739069,474.19,1345.44,54785.71,17.535
PIK,2024-07-03,2024,185,27.72,17.75,1.92,0.839354412777367,179.3565,44.864210517516,398.57,2030.61,54735.2,22.735
PIK,2024-07-04,2024,186,28.68,18.03,0,0.927216934039606,186.5115,46.6075503755663,414.47,2067.47,54680.75,23.355
PIK,2024-07-05,2024,187,27.81,17.34,1.02,0.875243670829496,185.8185,46.384825625208,412.93,1978.62,54622.4,22.575
PIK,2024-07-06,2024,188,27.08,16.56,0,0.844516402225052,187.785,46.82233330749,417.3,1883.63,54560.2,21.82
PIK,2024-07-07,2024,189,26.71,15.16,0,0.886725992620254,198.3735,49.402637689509,440.83,1722.48,54494.2,20.935
PIK,2024-07-08,2024,190,28.7,16.06,0,1.05134059415973,203.9175,50.718297548709,453.15,1824.61,54424.44,22.38
PIK,2024-07-09,2024,191,28.75,18.55,3.27,0.901151270580558,131.4585,32.6521852507881,292.13,2135.73,54350.98,23.65
PIK,2024-07-10,2024,192,21.19,17.5,38.88,0.254583135830599,57.114,14.1660759970926,126.92,1998.86,54273.87,19.345
PIK,2024-07-11,2024,193,25.53,17.12,4.94,0.65396709600829,117.261,29.0411806958532,260.58,1951.81,54193.16,21.325
PIK,2024-07-12,2024,194,27.55,15.63,1.57,0.948608636289143,198.1395,48.9954925993338,440.31,1775.31,54108.92,21.59
PIK,2024-07-13,2024,195,27.88,16.13,0,0.956387020485896,196.236,48.446132208624,436.08,1832.08,54021.2,22.005
PIK,2024-07-14,2024,196,28.18,16.51,3.22,0.966090914502282,145.2195,35.790858947668,322.71,1877.84,53930.07,22.345
PIK,2024-07-15,2024,197,25.72,19.54,10.63,0.512425019486708,89.523,22.0252184115138,198.94,2271.5,53835.58,22.63
PIK,2024-07-16,2024,198,26.83,19.32,32.43,0.640451865654263,107.1405,26.3117461609922,238.09,2239.86,53737.79,23.075
PIK,2024-07-17,2024,199,25.98,15.4,0,0.799432390303872,189.8055,46.5251402175453,421.79,1749.34,53636.78,20.69
PIK,2024-07-18,2024,200,20.88,13.19,0,0.472642903527046,157.5225,38.5369388533733,350.05,1516.01,53532.61,17.035
PIK,2024-07-19,2024,201,23.93,11.47,0,0.805411710463294,213.246,52.064831790477,473.88,1353.35,53425.35,17.7
PIK,2024-07-20,2024,202,26.5,12.93,0,0.982290467473629,216.756,52.8125612942952,481.68,1489.7,53315.06,19.715
PIK,2024-07-21,2024,203,26.56,15.22,0,0.868177902829691,194.328,47.247399214128,431.84,1728.96,53201.8,20.89
PIK,2024-07-22,2024,204,26.67,13.6,0,0.965774424462935,208.6875,50.6278934776125,463.75,1556.84,53085.66,20.135
PIK,2024-07-23,2024,205,27.11,16.13,0,0.873875314645308,186.0435,45.0332668447506,413.43,1832.03,52966.68,21.62
PIK,2024-07-24,2024,206,25.38,15.79,7.21,0.719242108353046,129.0915,31.1757866530488,286.87,1793.02,52844.96,20.585
PIK,2024-07-25,2024,207,23.38,13.66,0,0.65244762097433,177.183,42.6892164126705,393.74,1562.38,52720.55,18.52
PIK,2024-07-26,2024,208,25.46,12.82,0,0.884130306577461,205.659,49.4306220360213,457.02,1479.37,52593.51,19.14
PIK,2024-07-27,2024,209,26.68,13.14,0,0.989541513211819,210.2805,50.4168863459081,467.29,1511.15,52463.93,19.91
PIK,2024-07-28,2024,210,27.91,14.49,0,1.05117076282128,206.64,49.419329308776,459.2,1649.18,52331.87,21.2
PIK,2024-07-29,2024,211,28.91,15.73,0,1.09507630912129,201.2715,48.011729903037,447.27,1785.94,52197.4,22.32
PIK,2024-07-30,2024,212,28.34,19.36,6.08,0.79937765353165,115.5915,27.5011656361299,256.87,2246.4,52060.58,23.85
PIK,2024-07-31,2024,213,29.71,19.59,0,0.942645883802012,167.742,39.8020169445912,372.76,2278.07,51921.48,24.65
PIK,2024-08-01,2024,214,29.9,18.37,0,1.04921840637759,183.663,43.4611716209838,408.14,2111.03,51780.18,24.135
PIK,2024-08-02,2024,215,28.11,20.52,0,0.689700742821966,135.0225,31.8625901202623,300.05,2414.01,51636.73,24.315
PIK,2024-08-03,2024,216,28.17,19.24,0,0.789656983124136,155.565,36.60674437296,345.7,2228.83,51491.2,23.705
PIK,2024-08-04,2024,217,28.44,17.44,12.38,0.938187950789118,135.4185,31.7746619085893,300.93,1991.69,51343.65,22.94
PIK,2024-08-05,2024,218,25.45,17.24,12.25,0.638955759871971,112.1445,26.2370256858684,249.21,1966.51,51194.16,21.345
PIK,2024-08-06,2024,219,21.05,12.95,2.18,0.497320765831622,116.2755,27.1230631801173,258.39,1492.5,51042.78,17.0
PIK,2024-08-07,2024,220,24.08,11.42,0,0.820990264299995,205.6635,47.8302101530281,457.03,1348.96,50889.58,17.75
PIK,2024-08-08,2024,221,23.57,14.67,12.94,0.615188745258421,122.382,28.3751438974614,271.96,1668.91,50734.61,19.12
PIK,2024-08-09,2024,222,26.04,14.46,22.57,0.857048751295359,141.687,32.7497011924446,314.86,1646.42,50577.94,20.25
PIK,2024-08-10,2024,223,22.78,13.54,0,0.607105369652124,165.735,38.1882790176885,368.3,1550.53,50419.63,18.16
PIK,2024-08-11,2024,224,20.06,12.85,5.92,0.429024146614528,104.3055,23.9576138425435,231.79,1482.24,50259.73,16.455
PIK,2024-08-12,2024,225,22.75,13.31,2.68,0.615690032366195,127.1475,29.1103281592133,282.55,1527.92,50098.31,18.03
PIK,2024-08-13,2024,226,25.19,13.2,0,0.839838106654957,194.373,44.3568650798862,431.94,1516.35,49935.42,19.195
PIK,2024-08-14,2024,227,26.94,13.66,0,0.990585403598262,200.313,45.5619876334551,445.14,1563.01,49771.11,20.3
PIK,2024-08-15,2024,228,27.57,14.03,0,1.03804913995679,199.1925,45.156314444904,442.65,1601.24,49605.44,20.8
PIK,2024-08-16,2024,229,26.63,15.08,1.96,0.882984510495335,181.818,41.0788247756796,404.04,1713.59,49438.46,20.855
PIK,2024-08-17,2024,230,24.72,19,25.01,0.455258304162208,76.9005,17.3152938077127,170.89,2195.83,49270.22,21.86
PIK,2024-08-18,2024,231,25.45,15.88,11.48,0.720238825749591,120.6,27.06150209076,268,1803.93,49100.78,20.665
PIK,2024-08-19,2024,232,17.09,10.19,0,0.350036042240689,133.5285,29.8584371806466,296.73,1243.22,48930.19,13.64
PIK,2024-08-20,2024,233,18.95,9.51,1.16,0.498507612725529,170.037,37.8887076833832,377.86,1187.7,48758.48,14.23
PIK,2024-08-21,2024,234,20.24,9.95,0,0.57229220839635,179.289,39.8087451495756,398.42,1222.84,48585.72,15.095
PIK,2024-08-22,2024,235,23.42,10.49,0,0.802799757913978,199.4895,44.1355688301591,443.31,1268.54,48411.94,16.955
PIK,2024-08-23,2024,236,24.52,11.04,0,0.877491115707191,200.34,44.16375176136,445.2,1315.69,48237.2,17.78
PIK,2024-08-24,2024,237,25.35,12.68,0,0.880001007117995,191.097,41.9727728867337,424.66,1466.17,48061.53,19.015
PIK,2024-08-25,2024,238,26.85,14.3,0,0.94775454492815,186.7365,40.8643622047089,414.97,1629.55,47884.98,20.575
PIK,2024-08-26,2024,239,28.01,14.81,0,1.04440512485378,189.3285,41.2780974916496,420.73,1684.1,47707.59,21.41
PIK,2024-08-27,2024,240,29.54,18.44,0,1.00119576843516,166.9635,36.266042274665,371.03,2120.48,47529.41,23.99
PIK,2024-08-28,2024,241,22.91,15.23,0,0.527824247063811,135.6435,29.3521204919237,301.43,1730.13,47350.47,19.07
PIK,2024-08-29,2024,242,21.92,13.05,0,0.560817116264472,153.4995,33.0899795756492,341.11,1501.98,47170.81,17.485
PIK,2024-08-30,2024,243,26.13,12.92,6.08,0.944786788773875,142.3845,30.5765721179892,316.41,1489.38,46990.48,19.525
PIK,2024-08-31,2024,244,25.89,15.12,0,0.807140956954084,168.003,35.939103478245,373.34,1717.17,46809.5,20.505
PIK,2024-09-01,2024,245,23.16,12.12,0,0.708198383056701,173.268,36.9216078424992,385.04,1412.93,46627.92,17.64
PIK,2024-09-02,2024,246,18.58,8.49,0,0.513283847551103,167.5125,35.5557290053613,372.25,1108.51,46445.77,13.535
PIK,2024-09-03,2024,247,22.09,8.05,0,0.788005190726556,196.569,41.5590742756197,436.82,1076.02,46263.09,15.07
PIK,2024-09-04,2024,248,23.67,9.22,0,0.877171784834095,194.958,41.0552672185746,433.24,1164.35,46079.91,16.445
PIK,2024-09-05,2024,249,23.95,12.34,0,0.766656050172369,170.3835,35.7372497363206,378.63,1433.78,45896.27,18.145
PIK,2024-09-06,2024,250,21.68,12.42,15.85,0.572588336852613,110.4975,23.0834480053793,245.55,1440.8,45712.19,17.05
PIK,2024-09-07,2024,251,14.28,6.71,1.87,0.321215298512017,131.6025,27.381437294841,292.45,981.63,45527.72,10.495
PIK,2024-09-08,2024,252,17.5,5.83,0,0.535473490718345,176.823,36.6407248009968,392.94,924.08,45342.88,11.665
PIK,2024-09-09,2024,253,19.36,10.16,4.88,0.500530360830905,110.3445,22.7718704923605,245.21,1240.36,45157.7,14.76
PIK,2024-09-10,2024,254,21.96,8.16,0,0.77341322177007,185.1165,38.0457068337891,411.37,1084.17,44972.22,15.06
PIK,2024-09-11,2024,255,22.98,9.83,0,0.792464174318295,177.2145,36.2712222286119,393.81,1213.82,44786.46,16.405
PIK,2024-09-12,2024,256,24.94,12.24,0,0.862050215421426,169.7985,34.6090268174067,377.33,1424.35,44600.46,18.59
PIK,2024-09-13,2024,257,25.56,12.69,0,0.899598742491554,169.236,34.35035935941,376.08,1467.32,44414.25,19.125
PIK,2024-09-14,2024,258,25.64,13.44,0,0.871200052162583,162.9045,32.9264651617853,362.01,1540.27,44227.85,19.54
PIK,2024-09-15,2024,259,27.2,15.25,0,0.932954320338819,157.086,31.6164942698958,349.08,1732.34,44041.29,21.225
PIK,2024-09-16,2024,260,27.48,14.39,0,1.00951952742836,163.1205,32.691880156401,362.49,1638.95,43854.6,20.935
PIK,2024-09-17,2024,261,25.54,13.3,0,0.868615791112153,157.653,31.4615381169222,350.34,1526.15,43667.82,19.42
PIK,2024-09-18,2024,262,25.23,12.85,0,0.860499935036054,156.8025,31.1579163288023,348.45,1482.38,43480.97,19.04
PIK,2024-09-19,2024,263,26.02,11.29,0,1.00961562618382,170.3205,33.698575157918,378.49,1337.96,43294.07,18.655
PIK,2024-09-20,2024,264,25.17,12.54,0,0.869437628860096,154.827,30.5008758342324,344.06,1452.85,43107.16,18.855
PIK,2024-09-21,2024,265,24.64,15.08,1.1,0.689174273125465,126.1215,24.7381758021663,280.27,1713.46,42920.26,19.86
PIK,2024-09-22,2024,266,24.53,13.86,8.06,0.743924058814263,102.699,20.0562606243063,228.22,1583.74,42733.41,19.195
PIK,2024-09-23,2024,267,20.34,15.68,4.95,0.29947038231067,51.0345,9.9230488362423,113.41,1780.98,42546.62,18.01
PIK,2024-09-24,2024,268,17.02,15.48,11.24,0.0884387545586938,21.9195,4.2432847810731,48.71,1757.3,42359.94,16.25
PIK,2024-09-25,2024,269,21.67,15.53,1.86,0.410436636358645,90.2655,17.3970816320223,200.59,1762.97,42173.38,18.6
PIK,2024-09-26,2024,270,22.89,11.63,0,0.708082499621994,146.4795,28.1065594946787,325.51,1367.68,41986.98,17.26
PIK,2024-09-27,2024,271,22.64,9.79,0,0.765673310518312,156.6045,29.9160751357494,348.01,1210.43,41800.76,16.215
PIK,2024-09-28,2024,272,23.27,14.71,0,0.587114387392011,115.317,21.9309240046644,256.26,1673.11,41614.76,18.99
PIK,2024-09-29,2024,273,23.42,13.22,0,0.677532783969824,132.0525,25.001569812825,293.45,1518.72,41429,18.32
PIK,2024-09-30,2024,274,23.04,11.88,0,0.708648401241374,139.86,26.361216491904,310.8,1391.18,41243.52,17.46
PIK,2024-10-01,2024,275,21.5,10.95,7.18,0.625294615527103,101.016,18.9543001796208,224.48,1307.37,41058.34,16.225
PIK,2024-10-02,2024,276,17.28,7.53,0,0.464372721942568,130.4865,24.3738146436845,289.97,1038.59,40873.49,12.405
PIK,2024-10-03,2024,277,21.2,7.09,0,0.752271917195878,158.2605,29.4283534491747,351.69,1007.43,40689.02,14.145
PIK,2024-10-04,2024,278,20.22,7.52,1.09,0.663227845342668,149.6655,27.7042178858949,332.59,1037.92,40504.94,13.87
PIK,2024-10-05,2024,279,18.04,5.86,0,0.569391388122682,146.7045,27.0329881278388,326.01,925.64,40321.29,11.95
PIK,2024-10-06,2024,280,22.15,8.41,4.72,0.779822833945195,112.1985,20.580701308196,249.33,1102.35,40138.11,15.28
PIK,2024-10-07,2024,281,15.26,6.97,2.81,0.365595586122675,82.3005,15.0277642697547,182.89,999.04,39955.42,11.115
PIK,2024-10-08,2024,282,14.03,4.05,0,0.391106518881376,127.1925,23.1189977152507,282.65,816,39773.27,9.04
PIK,2024-10-09,2024,283,12.47,2.93,1.25,0.345204830305549,122.715,22.2033186692595,272.7,753.63,39591.69,7.7
PIK,2024-10-10,2024,284,13.05,2.08,0,0.395272566509522,134.2125,24.1726033155488,298.25,709.42,39410.71,7.565
PIK,2024-10-11,2024,285,20.41,2.42,0,0.833348317987137,161.1315,28.8881050219033,358.07,726.76,39230.37,11.415
PIK,2024-10-12,2024,286,14.8,5.86,0,0.377178207305357,112.3245,20.0456262425552,249.61,925.5,39050.71,10.33
PIK,2024-10-13,2024,287,11.95,3.44,0,0.306844316556026,109.485,19.449347121252,243.3,781.55,38871.76,7.695
PIK,2024-10-14,2024,288,10.11,2.76,0,0.244967146509707,97.974,17.3247046902126,217.72,744.89,38693.57,6.435
PIK,2024-10-15,2024,289,9.24,0.32,0,0.270014219365206,114.525,20.158569401265,254.5,625.15,38516.18,4.78
PIK,2024-10-16,2024,290,9.55,0.21,0,0.285022183068904,117.828,20.6448923910348,261.84,619.93,38339.63,4.88
PIK,2024-10-17,2024,291,14.4,-1.1,0,0.536952319214717,149.742,26.116390138113,332.76,563.69,38163.95,6.65
PIK,2024-10-18,2024,292,17.79,0.86,0,0.691513829049364,149.9355,26.030398713462,333.19,649.89,37989.2,9.325
PIK,2024-10-19,2024,293,18.99,3.14,0,0.71334832625028,144.18,24.916678558092,320.4,764.86,37815.42,11.065
PIK,2024-10-20,2024,294,21.56,4.87,0,0.852182945419247,142.8615,24.5760224743958,317.47,863.96,37642.65,13.215
PIK,2024-10-21,2024,295,23.81,10.73,0,0.826816286799681,123.768,21.1943040897744,275.04,1288.91,37470.94,17.27
PIK,2024-10-22,2024,296,23.62,9.42,0,0.86472103975044,127.62,21.754425283722,283.6,1180.29,37300.33,16.52
PIK,2024-10-23,2024,297,20.06,5.77,0,0.710814993856312,128.3895,21.7861730881632,285.31,919.95,37130.88,12.915
PIK,2024-10-24,2024,298,10.93,0.47,0,0.336513339047821,108.4365,18.3170138574852,240.97,631.74,36962.64,5.7
PIK,2024-10-25,2024,299,10.82,0.73,0,0.325709653498562,103.7115,17.4397234912358,230.47,643.78,36795.65,5.775
PIK,2024-10-26,2024,300,10.63,0.36,2.35,0.326030036637424,77.7105,13.0086571064404,172.69,626.84,36629.97,5.495
PIK,2024-10-27,2024,301,11.3,-1.09,0,0.386477086807195,116.577,19.4273316133974,259.06,564.09,36465.66,5.105
PIK,2024-10-28,2024,302,9.15,1.72,0,0.233320022951358,78.831,13.0783441295925,175.18,691.44,36302.75,5.435
PIK,2024-10-29,2024,303,13.99,2.93,12.01,0.420324332118625,78.03,12.887889902172,173.4,753.76,36141.32,8.46
PIK,2024-10-30,2024,304,21.21,11.44,0,0.580782733548621,89.8695,14.7776951597972,199.71,1350.9,35981.41,16.325
PIK,2024-10-31,2024,305,20.61,13.86,1.36,0.418945086488968,64.8,10.60850658024,144,1583.13,35823.09,17.235
PIK,2024-11-01,2024,306,15.59,1.86,0,0.534479842014676,114.921,18.7316051314977,255.38,698.58,35666.41,8.725
PIK,2024-11-02,2024,307,7.34,-1.73,0,0.243489059359141,89.901,14.5897847227251,199.78,537.83,35511.43,2.805
PIK,2024-11-03,2024,308,9.96,-1.98,0,0.347331797884135,106.947,17.2812518833338,237.66,528.34,35358.22,3.99
PIK,2024-11-04,2024,309,15.2,6.32,0.29,0.383908592788824,83.5785,13.4473805680783,185.73,955.59,35206.83,10.76
PIK,2024-11-05,2024,310,21.69,13.84,0,0.503073204423289,71.1495,11.3990003072838,158.11,1581,35057.32,17.765
PIK,2024-11-06,2024,311,19.45,9.65,0.41,0.52774491004003,86.3685,13.7790274290197,191.93,1198.64,34909.77,14.55
PIK,2024-11-07,2024,312,12.75,4.61,0,0.310872318006087,77.274,12.2767124367996,171.72,848.59,34764.22,8.68
PIK,2024-11-08,2024,313,12.23,0.09,0,0.403250798086658,102.1905,16.1682613807446,227.09,614.93,34620.76,6.16
PIK,2024-11-09,2024,314,8.38,-2.7,0,0.299640903556984,96.9435,15.2754881937948,215.43,500.62,34479.44,2.84
PIK,2024-11-10,2024,315,12.04,3.11,13.34,0.320275426022314,61.182,9.6016160201742,135.96,763.27,34340.33,7.575
PIK,2024-11-11,2024,316,10.94,2.53,2.22,0.286339567159677,58.1355,9.08715705753015,129.19,732.6,34203.49,6.735
PIK,2024-11-12,2024,317,5.7,-3.05,0,0.213830155521008,81.2655,12.652658840115,180.59,487.82,34069,1.325
PIK,2024-11-13,2024,318,5.81,-3.84,0,0.231448382812006,86.1525,13.361539786371,191.45,459.72,33936.92,0.985
PIK,2024-11-14,2024,319,7.15,2.35,0.74,0.143624142711596,46.3455,7.16035648919355,102.99,723.51,33807.33,4.75
PIK,2024-11-15,2024,320,7.69,2.81,0,0.150508614482637,46.944,7.2255678839424,104.32,747.62,33680.28,5.25
PIK,2024-11-16,2024,321,9.19,0.15,0,0.271963602909709,80.739,12.3813445832955,179.42,617.42,33555.85,4.67
PIK,2024-11-17,2024,322,9.49,-0.58,0,0.299755489722605,87.4125,13.3560952715138,194.25,585.51,33434.11,4.455
PIK,2024-11-18,2024,323,12.13,0.61,0,0.386753754163252,93.5865,14.2485538339116,207.97,638.55,33315.12,6.37
PIK,2024-11-19,2024,324,8.34,0.44,0.87,0.23293059658199,73.8765,11.2084835896147,164.17,630.6,33198.95,4.39
PIK,2024-11-20,2024,325,9.37,3.24,17.79,0.202562964047257,44.5545,6.7367097980892,99.01,770.27,33085.68,6.305
PIK,2024-11-21,2024,326,5.13,-0.21,2.37,0.139099216180948,40.7025,6.133760728128,90.45,601.49,32975.36,2.46
PIK,2024-11-22,2024,327,6.13,1.97,1.62,0.119568533993585,43.7985,6.5788467905916,97.33,703.69,32868.08,4.05
PIK,2024-11-23,2024,328,7.02,0.18,1.2,0.191698971425007,68.2335,10.2166686395996,151.63,618.8,32763.89,3.6
PIK,2024-11-24,2024,329,4.62,-2.38,0,0.168342141952571,70.2585,10.4874350203467,156.13,512.65,32662.86,1.12
PIK,2024-11-25,2024,330,4.54,-4.37,6.02,0.201295301806334,61.857,9.2057025080394,137.46,441.94,32565.06,0.085
PIK,2024-11-26,2024,331,7.05,0.85,1.97,0.177551152249497,62.9055,9.3345702816429,139.79,649.32,32470.54,3.95
PIK,2024-11-27,2024,332,4.19,-1.34,0,0.135000819098967,57.2085,8.46535984096455,127.13,553.84,32379.39,1.425
PIK,2024-11-28,2024,333,4.7,-1.04,0,0.143918160245522,59.5485,8.7877385711478,132.33,566.03,32291.64,1.83
PIK,2024-11-29,2024,334,0.95,-2.51,0,0.0733400841482125,38.2725,5.6332422662985,85.05,507.98,32207.38,-0.78
PIK,2024-11-30,2024,335,-0.07,-4.66,0,0.088081472723616,50.0535,7.34879433029175,111.23,432.28,32126.65,-2.365
PIK,2024-12-01,2024,336,0.2,-5.75,0.63,0.111349531087436,63.792,9.3433757025744,141.76,397.87,32049.51,-2.775
PIK,2024-12-02,2024,337,0.94,-7.67,0,0.155845440137771,82.3455,12.033185555128,182.99,343.09,31976.03,-3.365
PIK,2024-12-03,2024,338,0.64,-6.26,0,0.129062960320869,71.4915,10.4242873204687,158.87,382.57,31906.25,-2.81
PIK,2024-12-04,2024,339,0.09,-3.12,4.92,0.0651595716208135,27.639,4.0217455114506,61.42,485.21,31840.22,-1.515
PIK,2024-12-05,2024,340,-0.27,-6.84,0,0.116821690799495,69.3495,10.0713098689979,154.11,366.08,31777.99,-3.555
PIK,2024-12-06,2024,341,-2.68,-10.83,0,0.117558728053279,80.649,11.6907712445466,179.22,267.68,31719.62,-6.755
PIK,2024-12-07,2024,342,2.79,-4.11,5.21,0.14802296587426,52.9155,7.6573855906119,117.59,450.67,31665.14,-0.66
PIK,2024-12-08,2024,343,5,-0.31,0,0.137450584327163,57.9645,8.374636881369,128.81,597,31614.6,2.345
PIK,2024-12-09,2024,344,1.48,-2.4,6.28,0.0840173865496389,33.6555,4.8553424379054,74.79,512.07,31568.04,-0.46
PIK,2024-12-10,2024,345,5.55,0.72,3.7,0.131196422195267,40.572,5.84527031802,90.16,643.35,31525.5,3.135
PIK,2024-12-11,2024,346,3.85,-1.88,1.06,0.136372563199273,63.576,9.14830602984,141.28,531.98,31487,0.985
PIK,2024-12-12,2024,347,-1.79,-9.63,0,0.121340740472014,80.0865,11.5114929501839,177.97,294.31,31452.57,-5.71
PIK,2024-12-13,2024,348,-3.23,-11.48,0,0.114301847782097,82.6335,11.8661481402147,183.63,254.11,31422.26,-7.355
PIK,2024-12-14,2024,349,-1.72,-11.88,0,0.146805260849908,89.5635,12.8505786466356,199.03,246.08,31396.08,-6.8
PIK,2024-12-15,2024,350,1.54,-3.96,0.78,0.11363341121356,60.831,8.7219100184868,135.18,455.82,31374.04,-1.21
PIK,2024-12-16,2024,351,6.71,1.19,13.26,0.157900050059726,44.7975,6.4193806241235,99.55,665.44,31356.18,3.95
PIK,2024-12-17,2024,352,7.42,1.66,0,0.170581071895031,62.532,8.9567850897,138.96,688.6,31342.5,4.54
PIK,2024-12-18,2024,353,1.93,-0.88,1.16,0.0646518645685261,34.632,4.9590219292848,76.96,572.84,31333.02,0.525
PIK,2024-12-19,2024,354,-0.7,-5.96,0.65,0.0947869210486693,61.992,8.8752565094256,137.76,391.65,31327.74,-3.33
PIK,2024-12-20,2024,355,-4.64,-8.52,2.58,0.056587619249888,40.383,5.7813466597677,89.74,321.2,31326.67,-6.58
PIK,2024-12-21,2024,356,-8.48,-18.9,0,0.093342813200716,102.7125,14.7060914109863,228.25,137.29,31329.81,-13.69
PIK,2024-12-22,2024,357,-10.57,-21.11,0,0.0808193208760904,102.6945,14.7069589845848,228.21,113.38,31337.15,-15.84
PIK,2024-12-23,2024,358,-0.87,-10.94,10.72,0.154527702741426,74.3985,10.6585938942615,165.33,265.3,31348.7,-5.905
PIK,2024-12-24,2024,359,-0.4,-4.66,0,0.0810708042814461,56.646,8.1193796231346,125.88,432.09,31364.43,-2.53
PIK,2024-12-25,2024,360,-2.75,-5.35,0,0.0448081921686327,36.918,5.295018770181,82.04,410.3,31384.35,-4.05
PIK,2024-12-26,2024,361,-1.64,-4.72,0,0.0561899853915986,43.5375,6.2492194718775,96.75,430.27,31408.42,-3.18
PIK,2024-12-27,2024,362,1.26,-2.58,0,0.082116297369893,53.226,7.6467369649248,118.28,505.26,31436.64,-0.66
PIK,2024-12-28,2024,363,7.41,-0.08,0.35,0.211215330127562,86.9175,12.4998831938858,193.15,607.05,31468.97,3.665
PIK,2024-12-29,2024,364,10.92,1.42,23.1,0.313280600556513,70.803,10.194193141434,157.34,676.9,31505.4,6.17
PIK,2024-12-30,2024,365,8.82,1.06,2.09,0.236616627189374,64.449,9.2912718652677,143.22,659.42,31545.89,4.94
