site_id,date,year,yday,tmax_c,tmin_c,prcp_mm_day,vpd_kpa,par_w_m2,par_mol_m2_day,srad_w_m2,vp_Pa,dayl_s,temp
TPD,2010-01-01,2010,1,-0.86,-6.62,1.7,0.101279136510812,84.2625,12.3781766026275,187.25,372.14,32144.46,-3.74
TPD,2010-01-02,2010,2,-7.68,-12.64,1.72,0.0566738904403962,77.166,11.3519036637342,171.48,231.35,32190.41,-10.16
TPD,2010-01-03,2010,3,-5.54,-12.14,2.41,0.0824136904919031,70.4925,10.3861748105798,156.65,241.01,32240.11,-8.84
TPD,2010-01-04,2010,4,-6.61,-9.79,2.29,0.0416539085869495,39.987,5.9013368979768,88.86,290.75,32293.52,-8.2
TPD,2010-01-05,2010,5,-3.04,-8.58,2.3,0.0849515256167812,63.468,9.3832543157436,141.04,319.67,32350.61,-5.81
TPD,2010-01-06,2010,6,-2.68,-4.37,0,0.0302564970140067,30.2805,4.4851395569382,67.29,441.93,32411.32,-3.525
TPD,2010-01-07,2010,7,-2.46,-4.81,6.66,0.0418372610769679,30.6045,4.54212491179095,68.01,427.26,32475.63,-3.635
TPD,2010-01-08,2010,8,-4.11,-8.73,0.9,0.0679072191956946,75.258,11.1926450462382,167.24,316.08,32543.47,-6.42
TPD,2010-01-09,2010,9,-7.54,-16.96,0,0.093272224947705,115.0335,17.145701302806,255.63,161.89,32614.8,-12.25
TPD,2010-01-10,2010,10,-3.75,-19.23,0,0.165494279222938,124.659,18.6229801142154,277.02,133.44,32689.58,-11.49
TPD,2010-01-11,2010,11,-5.41,-8.69,1.13,0.0463179523460696,57.2445,8.5722821184051,127.21,317.09,32767.74,-7.05
TPD,2010-01-12,2010,12,-4.07,-8.21,0,0.0621894757499432,70.839,10.6344234174852,157.42,329.02,32849.24,-6.14
TPD,2010-01-13,2010,13,-1.23,-7.14,0,0.100936395762503,92.943,13.9887046098351,206.54,357.52,32934.01,-4.185
TPD,2010-01-14,2010,14,3.88,-3.37,0.66,0.16506466865049,104.256,15.73332925824,231.68,476.3,33022,0.255
TPD,2010-01-15,2010,15,2.72,0.47,0,0.0552867090153327,40.581,6.1410067170372,90.18,632.02,33113.16,1.595
TPD,2010-01-16,2010,16,0.92,-1.02,0,0.0431648756070578,36.0495,5.4707967549153,80.11,566.9,33207.42,-0.05
TPD,2010-01-17,2010,17,1.65,-1.01,0,0.0604294858488227,48.15,7.328555965215,107,567.4,33304.73,0.32
TPD,2010-01-18,2010,18,-0.17,-3.04,0,0.0579146018960791,52.5015,8.01492601559355,116.67,488.16,33405.01,-1.605
TPD,2010-01-19,2010,19,0.43,-2.82,0,0.0673851648915986,59.238,9.0712669091652,131.64,496.12,33508.22,-1.195
TPD,2010-01-20,2010,20,-1.21,-6.82,0,0.0967981189966533,94.4775,14.513374643859,209.95,366.53,33614.28,-4.015
TPD,2010-01-21,2010,21,1.54,-7.75,0,0.171063332455545,123.336,19.0078967813328,274.08,341.2,33723.14,-3.105
TPD,2010-01-22,2010,22,2.94,-2.45,0,0.122351987176182,83.0205,12.8370212429801,184.49,510.03,33834.73,0.245
TPD,2010-01-23,2010,23,4.05,-4.68,0,0.192427214295955,109.8855,17.0483879329803,244.19,431.47,33948.98,-0.315
TPD,2010-01-24,2010,24,6.74,1.01,16.62,0.163073280703024,65.3895,10.1798924898875,145.31,657,34065.83,3.875
TPD,2010-01-25,2010,25,6.81,-0.02,5.59,0.189263649146895,73.863,11.5393546752102,164.14,609.62,34185.22,3.395
TPD,2010-01-26,2010,26,-0.65,-3.27,1.63,0.0516103171887408,46.764,7.3318189783932,103.92,479.96,34307.09,-1.96
TPD,2010-01-27,2010,27,-1.85,-6.44,2.93,0.0785536447514745,65.3085,10.2763783687392,145.13,377.36,34431.36,-4.145
TPD,2010-01-28,2010,28,-4.26,-11.4,1.37,0.0956930458475185,119.682,18.9013745019852,265.96,255.67,34557.98,-7.83
TPD,2010-01-29,2010,29,-8.86,-14.49,0,0.0578246209725541,105.3585,16.7013284444136,234.13,198.91,34686.88,-11.675
TPD,2010-01-30,2010,30,-8.74,-17.04,0,0.078343651766312,132.2325,21.0405992724247,293.85,160.82,34817.99,-12.89
TPD,2010-01-31,2010,31,-4.64,-15.18,0.62,0.123247981518415,142.7625,22.8030626987775,317.25,187.93,34951.26,-9.91
TPD,2010-02-01,2010,32,-4.24,-11.13,0,0.0931208538986323,120.8565,19.3788386314371,268.57,261.37,35086.62,-7.685
TPD,2010-02-02,2010,33,-1.66,-9.84,1.45,0.126296406480975,132.606,21.3460818701742,294.68,289.51,35224.01,-5.75
TPD,2010-02-03,2010,34,-0.53,-6.85,0.5,0.111317763703439,115.3665,18.6444493887299,256.37,365.83,35363.37,-3.69
TPD,2010-02-04,2010,35,-0.72,-10.57,0,0.153762133589911,143.928,23.3532044669448,319.84,273.19,35504.63,-5.645
TPD,2010-02-05,2010,36,0.06,-7.3,0,0.130697631899729,126.45,20.59999122411,281,353.09,35647.74,-3.62
TPD,2010-02-06,2010,37,-3.72,-10.36,0,0.0937131627959334,119.9835,19.6259848319808,266.63,277.92,35792.64,-7.04
TPD,2010-02-07,2010,38,-3.38,-13.02,0,0.126481987156368,145.746,23.9376754829772,323.88,224.4,35939.26,-8.2
TPD,2010-02-08,2010,39,-1.03,-12.03,0,0.162233909810284,153.063,25.2431727969996,340.14,243.16,36087.56,-6.53
TPD,2010-02-09,2010,40,-2.61,-7.69,5.93,0.0813918396646701,77.436,12.8238072020244,172.08,342.62,36237.47,-5.15
TPD,2010-02-10,2010,41,-2.23,-6.94,2.75,0.0783670169149221,73.413,12.2083951226454,163.14,363.06,36388.94,-4.585
TPD,2010-02-11,2010,42,-2.68,-10.28,0,0.111600839623311,137.772,23.0074457520564,306.16,279.62,36541.91,-6.48
TPD,2010-02-12,2010,43,-3.13,-11.06,0.85,0.111704606237984,142.236,23.8532941160316,316.08,262.85,36696.33,-7.095
TPD,2010-02-13,2010,44,-2.47,-6.71,0.93,0.0703644693568695,91.953,15.4861982704494,204.34,369.74,36852.14,-4.59
TPD,2010-02-14,2010,45,-1.27,-4.46,1.62,0.0593221304681021,71.307,12.060331248807,158.46,438.86,37009.3,-2.865
TPD,2010-02-15,2010,46,-0.84,-6.11,0,0.0940951509283854,110.7045,18.8038919120288,246.01,387.16,37167.75,-3.475
TPD,2010-02-16,2010,47,-1.67,-5.57,1.25,0.0691474386239339,86.508,14.7570883604064,192.24,403.29,37327.44,-3.62
TPD,2010-02-17,2010,48,0.03,-5.34,1.06,0.101228686752249,113.319,19.4140001074239,251.82,410.5,37488.33,-2.655
TPD,2010-02-18,2010,49,0.66,-1.95,0,0.0559895902106108,60.201,10.3583132031852,133.78,529.3,37650.36,-0.645
TPD,2010-02-19,2010,50,0.29,-3.62,0,0.0784443836115786,88.587,15.3085112285391,196.86,467.52,37813.49,-1.665
TPD,2010-02-20,2010,51,1.75,-7.78,0,0.176634001101946,165.762,28.7693132228478,368.36,340.4,37977.67,-3.015
TPD,2010-02-21,2010,52,3.61,-7.68,0.39,0.224275539170346,175.4865,30.5895554963523,389.97,342.96,38142.86,-2.035
TPD,2010-02-22,2010,53,0.84,-3.32,11.72,0.0858470024260652,72.0495,12.6138627230972,160.11,478.05,38309.01,-1.24
TPD,2010-02-23,2010,54,0.48,-2.47,0.97,0.0616836116967472,71.487,12.5699656564872,158.86,509.49,38476.08,-0.995
TPD,2010-02-24,2010,55,1.22,-4.87,0.85,0.121216405782875,134.55,23.761962860805,299,425.4,38644.03,-1.825
TPD,2010-02-25,2010,56,-2.79,-6.74,2.47,0.0649344396813405,72.0945,12.7877288965907,160.21,368.77,38812.81,-4.765
TPD,2010-02-26,2010,57,-0.68,-6.46,2.71,0.102692495885186,99.4005,17.7081515913812,220.89,376.82,38982.39,-3.57
TPD,2010-02-27,2010,58,0.77,-3.46,2.76,0.0867684285713801,77.9625,13.9496723366963,173.25,473.01,39152.73,-1.345
TPD,2010-02-28,2010,59,3.31,-2.59,0,0.134762455134792,136.3095,24.4961421192329,302.91,504.98,39323.79,0.36
TPD,2010-03-01,2010,60,1.47,-2.44,0,0.0846368145762703,99.585,17.974547411544,221.3,510.45,39495.52,-0.485
TPD,2010-03-02,2010,61,2.42,-5.05,0,0.154039149123239,165.042,29.919193851726,366.76,419.56,39667.9,-1.315
TPD,2010-03-03,2010,62,4.29,-4,0,0.187700615551036,174.366,31.7473175796318,387.48,454.45,39840.89,0.145
TPD,2010-03-04,2010,63,2.67,-5.88,0,0.173210086573787,179.235,32.7759940520775,398.3,394.07,40014.45,-1.605
TPD,2010-03-05,2010,64,2.81,-6.21,0,0.181996780040353,184.617,33.9070587395526,410.26,384.07,40188.54,-1.7
TPD,2010-03-06,2010,65,3.35,-8.82,0,0.231805923938036,203.9985,37.6294714698753,453.33,313.68,40363.14,-2.735
TPD,2010-03-07,2010,66,5.82,-4.02,0,0.234823828958672,191.817,35.5359444719949,426.26,453.58,40538.21,0.9
TPD,2010-03-08,2010,67,8,-3.75,0,0.304414699388235,202.2345,37.6280949495438,449.41,463,40713.72,2.125
TPD,2010-03-09,2010,68,11.69,-3.04,0,0.466773543082691,210.879,39.4060424185692,468.62,463.45,40889.64,4.325
TPD,2010-03-10,2010,69,12.04,-0.37,0,0.435293678037214,205.0155,38.4755254256516,455.59,563.96,41065.93,5.835
TPD,2010-03-11,2010,70,14.78,2,0,0.542122800087445,204.8265,38.6053913163888,455.17,649.63,41242.56,8.39
TPD,2010-03-12,2010,71,10.72,3.98,0.35,0.236919014257662,137.268,25.9830699749676,305.04,812.04,41419.51,7.35
TPD,2010-03-13,2010,72,6.28,2.01,19.67,0.123034199642618,73.3545,13.9444778539881,163.01,706.13,41596.74,4.145
TPD,2010-03-14,2010,73,3.89,1.14,0,0.0714885187958222,67.4235,12.8716980383169,149.83,663.41,41774.22,2.515
TPD,2010-03-15,2010,74,9.84,1.67,0,0.261932461995344,161.46,30.955162883346,358.8,689.06,41951.93,5.755
TPD,2010-03-16,2010,75,13.65,-1.77,0,0.540785167952353,199.026,38.3191462587888,442.28,507.48,42129.84,5.94
TPD,2010-03-17,2010,76,13.91,-1.54,0,0.553722580572221,199.8225,38.6351106211058,444.05,512.4,42307.91,6.185
TPD,2010-03-18,2010,77,14.92,-0.51,0,0.594747343994608,199.71,38.776006825164,443.8,546.23,42486.12,7.205
TPD,2010-03-19,2010,78,14.64,1.33,0,0.537395896959927,192.8475,37.6007376226837,428.55,630.31,42664.45,7.985
TPD,2010-03-20,2010,79,7.52,0.52,2,0.201344865286534,138.6,27.1367468757,308,634.28,42842.85,4.02
TPD,2010-03-21,2010,80,8.06,0.05,0,0.231606178786333,152.5455,29.9915790791742,338.99,612.83,43021.32,4.055
TPD,2010-03-22,2010,81,4.05,1.73,5.8,0.061729057528472,40.482,7.992081367452,89.96,692.05,43199.8,2.89
TPD,2010-03-23,2010,82,7.27,1.39,1.91,0.171887636365632,125.8065,24.9397277428445,279.57,675.45,43378.29,4.33
TPD,2010-03-24,2010,83,11.36,-1.43,0,0.41126466555803,198.5625,39.524737949775,441.25,535.02,43556.76,4.965
TPD,2010-03-25,2010,84,8.98,-1.01,1.45,0.288985785394766,178.5375,35.684233207245,396.75,567.24,43735.16,3.985
TPD,2010-03-26,2010,85,1.38,-5.12,0,0.129089655898071,136.6425,27.4220521919753,303.65,417.39,43913.49,-1.87
TPD,2010-03-27,2010,86,7.7,-6.41,0,0.336107738011739,207.8505,41.8816822411845,461.89,378.24,44091.7,0.645
TPD,2010-03-28,2010,87,7.97,1.04,10.75,0.20527060224399,104.076,21.0559120621164,231.28,658.6,44269.77,4.505
TPD,2010-03-29,2010,88,9.71,1.53,0,0.260216559567757,156.1365,31.7153667106224,346.97,682.08,44447.68,5.62
TPD,2010-03-30,2010,89,10.42,-1.83,0,0.363476478012,197.019,40.1796671857137,437.82,534.21,44625.39,4.295
TPD,2010-03-31,2010,90,15.64,-1.76,0,0.65544746483142,217.3995,44.5123554221021,483.11,499.84,44802.87,6.94
TPD,2010-04-01,2010,91,23.6,6.11,0,1.11816317356834,212.2065,43.6209680292705,471.57,806.1,44980.1,14.855
TPD,2010-04-02,2010,92,24.94,9.76,0,1.14112874335102,200.9745,41.4746490416783,446.61,1037.33,45157.05,17.35
TPD,2010-04-03,2010,93,25.82,8.11,0,1.30569647436814,211.6485,43.8482702200001,470.33,893.82,45333.69,16.965
TPD,2010-04-04,2010,94,17.42,3.64,0,0.675843455212759,199.017,41.3916767817462,442.26,713.27,45509.98,10.53
TPD,2010-04-05,2010,95,21.13,9.27,9.18,0.666290379872664,134.55,28.091956802715,299,1168.31,45685.89,15.2
TPD,2010-04-06,2010,96,18.22,7.55,5.34,0.523687531938814,128.5245,26.937012714651,285.61,1040.01,45861.4,12.885
TPD,2010-04-07,2010,97,19.11,8.79,25.85,0.537619232203151,125.8965,26.4869508887424,279.77,1131.47,46036.48,13.95
TPD,2010-04-08,2010,98,15.37,6.02,6.2,0.403067976909039,121.6935,25.6997974523886,270.43,936.11,46211.08,10.695
TPD,2010-04-09,2010,99,4.05,0.79,0,0.0845259868627014,69.282,14.6864140800858,153.96,646.68,46385.17,2.42
TPD,2010-04-10,2010,100,13.97,-0.73,0,0.515381656952284,215.739,45.9035197012179,479.42,570.51,46558.73,6.62
TPD,2010-04-11,2010,101,16.4,4.36,0,0.519401647042291,193.968,41.4245742708672,431.04,828.08,46731.72,10.38
TPD,2010-04-12,2010,102,14.68,-0.17,0.46,0.546854862456416,214.812,46.045325328444,477.36,588.5,46904.1,7.255
TPD,2010-04-13,2010,103,14.26,4.87,0,0.378928145514069,162.7695,35.0176749906816,361.71,864.24,47075.84,9.565
TPD,2010-04-14,2010,104,15.81,2.07,0,0.558172128458263,205.4835,44.3676547790055,456.63,692.69,47246.9,8.94
TPD,2010-04-15,2010,105,23.39,4.89,0,1.09759438078737,225.909,48.9537544092012,502.02,770.2,47417.24,14.14
TPD,2010-04-16,2010,106,19.73,8.65,1.78,0.602811308454114,178.956,38.9178776068344,397.68,1104.35,47586.82,14.19
TPD,2010-04-17,2010,107,6.99,1.78,1.5,0.152762922991184,104.0175,22.70110082211,231.15,694.46,47755.6,4.385
TPD,2010-04-18,2010,108,10.23,2.45,0,0.25840397941715,149.3055,32.6994906469793,331.79,728.32,47923.55,6.34
TPD,2010-04-19,2010,109,13.58,1.69,0,0.431499903257811,198.432,43.6102299071712,440.96,689.81,48090.63,7.635
TPD,2010-04-20,2010,110,16.59,1.58,0,0.635867433391502,220.176,48.5561805052896,489.28,648.49,48256.78,9.085
TPD,2010-04-21,2010,111,17.11,1.88,0,0.663244447297524,219.114,48.4873871130306,486.92,660.12,48421.97,9.495
TPD,2010-04-22,2010,112,11.96,1.28,0,0.363114891444477,181.053,40.2007737468915,402.34,670.1,48586.15,6.62
TPD,2010-04-23,2010,113,14.86,-0.76,0,0.580306931040813,222.975,49.67530913556,495.5,552.09,48749.28,7.05
TPD,2010-04-24,2010,114,19.34,3.44,9.05,0.729271872216585,164.835,36.844699265154,366.3,781.28,48911.32,11.39
TPD,2010-04-25,2010,115,11.35,7.69,8.96,0.145235952721509,52.7085,11.8204081941874,117.13,1049.88,49072.21,9.52
TPD,2010-04-26,2010,116,15.84,6.86,1.74,0.401779798407528,157.5765,35.4531025408995,350.17,991.86,49231.9,11.35
TPD,2010-04-27,2010,117,10.1,2.35,0,0.255239798482424,143.334,32.3524826212968,318.52,723.52,49390.36,6.225
TPD,2010-04-28,2010,118,12.67,2.12,0,0.376003869015179,181.134,41.0145640286976,402.52,711.29,49547.52,7.395
TPD,2010-04-29,2010,119,16.58,0.7,0,0.680317756822872,226.7955,51.5152865160986,503.99,582.47,49703.33,8.64
TPD,2010-04-30,2010,120,25.25,9.02,0,1.20515866121053,222.1605,50.6192617494936,493.69,973.39,49857.76,17.135
TPD,2010-05-01,2010,121,23.19,14.64,3.65,0.584671163231312,109.6335,25.0566307492694,243.63,1664.92,50010.73,18.915
TPD,2010-05-02,2010,122,23.72,15.78,5.35,0.566522467278301,104.013,23.844070552302,231.14,1792.3,50162.2,19.75
TPD,2010-05-03,2010,123,21.09,12.73,2.15,0.51193517430323,113.994,26.2102235097438,253.32,1470.3,50312.11,16.91
TPD,2010-05-04,2010,124,19.26,10.81,0,0.465614024866453,157.5315,36.3274056360716,350.07,1295.75,50460.41,15.035
TPD,2010-05-05,2010,125,24.71,10.89,13.89,0.919972501767204,158.985,36.769124362608,353.3,1284.25,50607.04,17.8
TPD,2010-05-06,2010,126,15.5,8.35,0,0.328991375914197,141.21,32.751734214618,313.8,1098.31,50751.94,11.925
TPD,2010-05-07,2010,127,13.11,4.63,19.11,0.327688095544732,124.5735,28.9746032090787,276.83,849.88,50895.06,8.87
TPD,2010-05-08,2010,128,10.41,3.79,1.85,0.229285073562892,137.5605,32.0840583569352,305.69,801.15,51036.32,7.1
TPD,2010-05-09,2010,129,8.94,1.38,0,0.233645853671349,154.1655,36.0551330736962,342.59,674.66,51175.69,5.16
TPD,2010-05-10,2010,130,11.93,-0.27,0,0.39764702910645,215.568,50.5508631945408,479.04,598.71,51313.08,5.83
TPD,2010-05-11,2010,131,9.53,2.46,17.88,0.229736390403736,111.267,26.1610270308036,247.26,728.74,51448.44,5.995
TPD,2010-05-12,2010,132,10.89,4.36,0,0.233622257956166,140.5305,33.1270384042422,312.29,833.6,51581.72,7.625
TPD,2010-05-13,2010,133,15.95,3.42,21.92,0.513968619611892,164.358,38.8423446322104,365.24,780.56,51712.84,9.685
TPD,2010-05-14,2010,134,18.69,8.54,0,0.518536132526752,191.646,45.4041478154628,425.88,1112.51,51841.74,13.615
TPD,2010-05-15,2010,135,14.86,6.75,0,0.350683968948401,169.893,40.3488068756436,377.54,984.5,51968.36,10.805
TPD,2010-05-16,2010,136,19.04,4.55,0,0.681682567418145,234.9225,55.926440817228,522.05,839.79,52092.64,11.795
TPD,2010-05-17,2010,137,18.57,8.69,1.59,0.505179341001788,189.981,45.3333252470967,422.18,1123.49,52214.51,13.63
TPD,2010-05-18,2010,138,15.66,9.71,0,0.285684606375423,128.394,30.7074753852678,285.32,1203.34,52333.91,12.685
TPD,2010-05-19,2010,139,21.88,7.95,0,0.795493426828014,227.601,54.5559640016589,505.78,1048.01,52450.77,14.915
TPD,2010-05-20,2010,140,25.75,8.52,0,1.16318651081264,241.9155,58.1134705033901,537.59,1044.67,52565.03,17.135
TPD,2010-05-21,2010,141,25.02,10.95,2.48,0.928403946024208,167.8275,40.4014754747385,372.95,1307.43,52676.62,17.985
TPD,2010-05-22,2010,142,19.66,14.22,11.38,0.33103650693671,86.688,20.9117153443968,192.64,1620.57,52785.48,16.94
TPD,2010-05-23,2010,143,24.03,14.37,0,0.672770590526155,183.7395,44.4124799670982,408.31,1636.06,52891.55,19.2
TPD,2010-05-24,2010,144,26.93,14.3,0,1.00334001151996,213.633,51.7389331032756,474.74,1582.28,52994.76,20.615
TPD,2010-05-25,2010,145,27.49,15.33,0,0.998401924196185,205.8975,49.9598803317195,457.55,1702.2,53095.06,21.41
TPD,2010-05-26,2010,146,28.61,14.83,0,1.18817003401436,217.7055,52.92184078715,483.79,1608.48,53192.37,21.72
TPD,2010-05-27,2010,147,28.52,16.09,0,1.08456919179972,204.426,49.7817988934166,454.28,1772.7,53286.63,22.305
TPD,2010-05-28,2010,148,27.68,15.91,0,0.988322260364079,198.972,48.536542430712,442.16,1765.63,53377.8,21.795
TPD,2010-05-29,2010,149,26.98,14.28,0,1.03336286371448,211.275,51.62266011015,469.5,1556.42,53465.8,20.63
TPD,2010-05-30,2010,150,27.27,13.1,0,1.15046112184175,224.208,54.8695607737248,498.24,1409.86,53550.58,20.185
TPD,2010-05-31,2010,151,29.64,15.06,7.45,1.21831264234046,164.637,40.3522991301672,365.86,1710.87,53632.08,22.35
TPD,2010-06-01,2010,152,24.32,16.66,0,0.568395010247544,148.095,36.3507829950375,329.1,1895.76,53710.25,20.49
TPD,2010-06-02,2010,153,24.88,14,5.17,0.769831632956335,144.882,35.6116526353296,321.96,1597.53,53785.04,19.44
TPD,2010-06-03,2010,154,22.83,15.44,1.83,0.509669744690884,145.503,35.8117304062698,323.34,1753.26,53856.38,19.135
TPD,2010-06-04,2010,155,23.98,15.01,5.22,0.632986638036659,128.2545,31.606234965365,285.01,1705.8,53924.23,19.495
TPD,2010-06-05,2010,156,24.93,16.29,24.13,0.64702851685032,122.994,30.3460178536332,273.32,1851.5,53988.54,20.61
TPD,2010-06-06,2010,157,20.27,13.44,8.88,0.415059122314186,105.5745,26.0774418514059,234.61,1540.57,54049.26,16.855
TPD,2010-06-07,2010,158,19.48,9.74,0,0.526014739779662,187.9425,46.471802458851,417.65,1206.1,54106.36,14.61
TPD,2010-06-08,2010,159,19.96,7.18,5.58,0.656700733084968,165.3255,40.9197466773423,367.39,1013.67,54159.78,13.57
TPD,2010-06-09,2010,160,21.81,12.67,3.74,0.570819748752691,131.6655,32.6184585804558,292.59,1464.78,54209.48,17.24
TPD,2010-06-10,2010,161,21.59,12.38,0,0.566780721637672,176.058,43.6531164477264,391.24,1437.62,54255.44,16.985
TPD,2010-06-11,2010,162,24.41,12.92,0,0.780365303801919,199.7955,49.5772708941104,443.99,1489.34,54297.61,18.665
TPD,2010-06-12,2010,163,28.28,17.79,7.96,0.898662147400929,135.936,33.7549936776192,302.08,2035.47,54335.96,23.035
TPD,2010-06-13,2010,164,21.05,16.84,1.04,0.285068941461137,87.8355,21.8247503847381,195.19,1916.82,54370.46,18.945
TPD,2010-06-14,2010,165,24.33,17.18,0,0.537253876776588,139.9635,34.7967430081825,311.03,1959.52,54401.09,20.755
TPD,2010-06-15,2010,166,24.52,17.45,7.16,0.538911532777587,105.615,26.2701567098955,234.7,1992.07,54427.81,20.985
TPD,2010-06-16,2010,167,24.95,15.17,4.51,0.713194652539419,137.25,34.15319850915,305,1723.31,54450.62,20.06
TPD,2010-06-17,2010,168,22.6,13.38,0,0.599618166564315,177.768,44.2510006033224,395.04,1534.97,54469.49,17.99
TPD,2010-06-18,2010,169,26.12,12.65,0,0.957442111542594,220.1895,54.825800067666,489.31,1462.7,54484.4,19.385
TPD,2010-06-19,2010,170,27.46,19.05,0,0.725265623159195,160.2675,39.9136191229912,356.15,2202.74,54495.35,23.255
TPD,2010-06-20,2010,171,25.72,16.9,0,0.685755092777042,171.4995,42.716349111326,381.11,1925.04,54502.33,21.31
TPD,2010-06-21,2010,172,25.9,15.32,0,0.796484800821564,193.6755,48.2424971237262,430.39,1739.9,54505.32,20.61
TPD,2010-06-22,2010,173,27.74,18.2,4.34,0.811878122730586,132.2145,32.9326267584501,293.81,2089.35,54504.34,22.97
TPD,2010-06-23,2010,174,28.6,17.47,4.4,0.955296529021045,146.349,36.4499923315941,325.22,1994.54,54499.37,23.035
TPD,2010-06-24,2010,175,25.23,18.16,0.8,0.559655893763289,144.0585,35.8736233349349,320.13,2083.29,54490.42,21.695
TPD,2010-06-25,2010,176,24.15,14.32,0,0.686197502987016,190.674,47.4706224697518,423.72,1630.78,54477.51,19.235
TPD,2010-06-26,2010,177,27.35,15.4,0,0.940461088906391,209.124,52.0478432817084,464.72,1749.1,54460.63,21.375
TPD,2010-06-27,2010,178,27.7,18.5,11.42,0.787520392932156,131.931,32.8231044791127,293.18,2129.17,54439.81,23.1
TPD,2010-06-28,2010,179,27.6,18.01,23.93,0.809480740121423,136.98,34.063751378916,304.4,2064.23,54415.06,22.805
TPD,2010-06-29,2010,180,19.62,11.93,0,0.440860207343276,169.0965,42.028225258622,375.77,1395.51,54386.39,15.775
TPD,2010-06-30,2010,181,19.77,8.82,0,0.583229462307054,216.2295,53.7107696634996,480.51,1133.25,54353.84,14.295
TPD,2010-07-01,2010,182,22.28,9.32,0,0.755296892007323,229.5945,56.992393142357,510.21,1172.35,54317.43,15.8
TPD,2010-07-02,2010,183,23.78,7.51,0,0.950568572126165,246.1455,61.0555820962833,546.99,1036.99,54277.18,15.645
TPD,2010-07-03,2010,184,27.87,10.9,0,1.21998932654736,241.353,59.8182318157473,536.34,1303.43,54233.13,19.385
TPD,2010-07-04,2010,185,29.39,15,0,1.19124547384034,222.561,55.1120830796187,494.58,1704.95,54185.31,22.195
TPD,2010-07-05,2010,186,31.77,21.27,0,1.07859368545137,178.884,44.2543423039488,397.52,2526.65,54133.76,26.52
TPD,2010-07-06,2010,187,31.79,20.93,0,1.10651950109591,181.926,44.9609799509064,404.28,2475.32,54078.52,26.36
TPD,2010-07-07,2010,188,32.58,20.07,0,1.27720141325428,196.7895,48.5813576256543,437.31,2348,54019.62,26.325
TPD,2010-07-08,2010,189,32.73,20.76,22.81,1.24813618151661,143.316,35.3394314977932,318.48,2448.87,53957.11,26.745
TPD,2010-07-09,2010,190,25.98,19.53,14.53,0.539494265524491,95.598,23.5440716835744,212.44,2269.34,53891.04,22.755
TPD,2010-07-10,2010,191,27.59,15.99,0,0.932514053872573,199.035,48.9554500144275,442.3,1816.34,53821.45,21.79
TPD,2010-07-11,2010,192,28.61,17.23,0,0.970692386049565,194.382,47.746087203816,431.96,1965.29,53748.4,22.92
TPD,2010-07-12,2010,193,25.96,19.13,5.26,0.565503586133879,100.899,24.7485793773699,224.22,2213.49,53671.93,22.545
TPD,2010-07-13,2010,194,26.17,19.4,0,0.56639033840702,132.0255,32.3351437593735,293.39,2252.26,53592.1,22.785
TPD,2010-07-14,2010,195,28.89,18.61,0,0.913438741056569,179.7435,43.9537552398211,399.43,2143.51,53508.97,23.75
TPD,2010-07-15,2010,196,30.26,18.66,25.31,1.07389765122571,143.118,34.9409989162908,318.04,2149.66,53422.58,24.46
TPD,2010-07-16,2010,197,28.26,21.08,0,0.664740789336395,133.6275,32.5692785475518,296.95,2497.87,53333.01,24.67
TPD,2010-07-17,2010,198,29.65,20.21,0,0.890122330581065,165.6945,40.3148257397595,368.21,2367.95,53240.3,24.93
TPD,2010-07-18,2010,199,27.95,16.27,10.51,0.955355167616117,147.96,35.935105967172,328.8,1848.98,53144.51,22.11
TPD,2010-07-19,2010,200,25.69,19.26,2.52,0.529236575232688,94.275,22.85404560621,209.5,2232.18,53045.72,22.475
TPD,2010-07-20,2010,201,26.05,18.41,0,0.623008210692868,146.5065,35.4478253354788,325.57,2116.29,52943.97,22.23
TPD,2010-07-21,2010,202,28.3,19.31,0,0.799361628332702,163.7865,39.5504659783157,363.97,2238.46,52839.33,23.805
TPD,2010-07-22,2010,203,27.53,17.21,12.73,0.853087908947181,137.1105,33.041525291672,304.69,1962.4,52731.87,22.37
TPD,2010-07-23,2010,204,30.19,19.85,13.96,0.982151094515271,133.0065,31.9855282126133,295.57,2315.34,52621.65,25.02
TPD,2010-07-24,2010,205,29.04,21.67,8.9,0.706352725156574,101.988,24.4735398234468,226.64,2590.86,52508.73,25.355
TPD,2010-07-25,2010,206,26.26,18.7,0,0.624692623998971,145.17,34.759038354273,322.6,2154.98,52393.17,22.48
TPD,2010-07-26,2010,207,27.11,15,0,0.937107438417317,203.364,48.583045135674,451.92,1704.92,52275.05,21.055
TPD,2010-07-27,2010,208,28.22,15.59,0,1.02423526296543,204.957,48.8506101453909,455.46,1770.7,52154.41,21.905
TPD,2010-07-28,2010,209,29.53,17.42,2.81,1.06598921692314,147.1725,34.9951515047055,327.05,1988.71,52031.34,23.475
TPD,2010-07-29,2010,210,25.21,16.16,0,0.681741335908417,166.869,39.5829816899337,370.82,1835.65,51905.89,20.685
TPD,2010-07-30,2010,211,25.55,13.95,0,0.836254180416168,197.6985,46.7806159564888,439.33,1592.39,51778.13,19.75
TPD,2010-07-31,2010,212,23.67,15.24,0,0.593013516285699,160.893,37.9758818382012,357.54,1730.98,51648.12,19.455
TPD,2010-08-01,2010,213,27.71,17.72,0,0.840536156038376,177.399,41.7646563099399,394.22,2026.43,51515.93,22.715
TPD,2010-08-02,2010,214,28.2,18.11,0,0.869052633056915,179.4195,42.1302028835551,398.71,2076.83,51381.61,23.155
TPD,2010-08-03,2010,215,29.12,20.76,0,0.786881759037133,155.0115,36.3022518635627,344.47,2449.43,51245.23,24.94
TPD,2010-08-04,2010,216,29.43,20.94,8.72,0.8088372730128,117.351,27.4083059543202,260.78,2477.47,51106.86,25.185
TPD,2010-08-05,2010,217,28.97,19.46,6.19,0.864110306138388,129.087,30.0665681128386,286.86,2260.32,50966.54,24.215
TPD,2010-08-06,2010,218,24.54,14.98,2.22,0.686024567422084,136.6425,31.7375817390787,303.65,1701.9,50824.35,19.76
TPD,2010-08-07,2010,219,23.93,11.6,0,0.79900504772371,212.4045,49.1948362151978,472.01,1365.59,50680.35,17.765
TPD,2010-08-08,2010,220,27.61,18.65,2.64,0.768495078116465,124.884,28.8410894334504,277.52,2148.49,50534.58,23.13
TPD,2010-08-09,2010,221,27.93,20.06,2.59,0.704813290185109,112.6935,25.9498351482804,250.43,2345.32,50387.12,23.995
TPD,2010-08-10,2010,222,29.14,20.65,0,0.796837094987089,157.6935,36.204488868803,350.43,2433.55,50238.01,24.895
TPD,2010-08-11,2010,223,29.3,18.67,0,0.95707536078916,183.402,41.9805440082648,407.56,2151.58,50087.32,23.985
TPD,2010-08-12,2010,224,29.04,21.23,0,0.74170195519482,145.3005,33.1580691388035,322.89,2521.14,49935.1,25.135
TPD,2010-08-13,2010,225,27.44,19.59,0,0.68533469043014,149.6115,34.036765562277,332.47,2278.12,49781.4,23.515
TPD,2010-08-14,2010,226,29.66,19.34,1.18,0.954465654029359,178.434,40.4674215000264,396.52,2242.72,49626.28,24.5
TPD,2010-08-15,2010,227,29.44,22.26,0,0.707162009925441,134.2575,30.3525248123273,298.35,2684.29,49469.79,25.85
TPD,2010-08-16,2010,228,27.03,17.82,0,0.760612423658173,169.137,38.1159952509582,375.86,2040.3,49311.98,22.425
TPD,2010-08-17,2010,229,26.84,14.34,0,0.945154496215396,203.8275,45.7855264670243,452.95,1633.22,49152.91,20.59
TPD,2010-08-18,2010,230,25.78,16.81,0,0.69715720991152,166.1355,37.1971117370534,369.19,1914.05,48992.61,21.295
TPD,2010-08-19,2010,231,27.86,15.23,0,1.0048673280017,199.8135,44.5900520666993,444.03,1730.21,48831.15,21.545
TPD,2010-08-20,2010,232,26.35,16.27,0,0.787391672754789,176.49,39.254087751201,392.2,1848.36,48668.57,21.31
TPD,2010-08-21,2010,233,25.97,18.31,31.12,0.62065785868108,107.8695,23.9111557788497,239.71,2104.09,48504.91,22.14
TPD,2010-08-22,2010,234,25.23,18.89,0,0.509835529293916,123.741,27.3362189350014,274.98,2181.76,48340.22,22.06
TPD,2010-08-23,2010,235,22.61,17.76,0,0.351766316368014,99.63,21.934311003405,221.4,2031.82,48174.55,20.185
TPD,2010-08-24,2010,236,24.25,16.96,0,0.544310909355334,141.354,31.0125361230954,314.12,1931.67,48007.93,20.605
TPD,2010-08-25,2010,237,25.54,14.92,0,0.783319691599407,183.753,40.1740505819082,408.34,1695.79,47840.42,20.23
TPD,2010-08-26,2010,238,22.18,12.11,0,0.627370876681395,183.339,39.9424671055215,407.42,1411.58,47672.05,17.145
TPD,2010-08-27,2010,239,23.97,9.95,0,0.874097135560749,212.346,46.0977930589014,471.88,1223.22,47502.87,16.96
TPD,2010-08-28,2010,240,26.8,12.97,0,1.01116927847252,204.8895,44.3199249604935,455.31,1493.57,47332.9,19.885
TPD,2010-08-29,2010,241,29.26,14.37,0,1.21020838375207,205.1055,44.206645617297,455.79,1636.81,47162.2,21.815
TPD,2010-08-30,2010,242,31.51,17.98,0,1.27797298403254,190.0755,40.8183337971284,422.39,2059.82,46990.81,24.745
TPD,2010-08-31,2010,243,31.71,19.09,0,1.22996948988147,181.1835,38.7663274071563,402.63,2208.22,46818.75,25.4
TPD,2010-09-01,2010,244,30.15,20.19,0,0.952826705277257,157.815,33.641817172173,350.7,2364.34,46646.06,25.17
TPD,2010-09-02,2010,245,29.16,21.54,1.47,0.730902433421519,128.547,27.3008895795162,285.66,2570.03,46472.78,25.35
TPD,2010-09-03,2010,246,26.16,17.94,9.9,0.663954912671264,106.533,22.5409128043995,236.74,2055.6,46298.95,22.05
TPD,2010-09-04,2010,247,17.9,11.76,1.51,0.332247878533352,120.204,25.337731682088,267.12,1380.21,46124.6,14.83
TPD,2010-09-05,2010,248,20.07,9.76,0,0.567023346528426,176.238,37.0082886791616,391.64,1208,45949.76,14.915
TPD,2010-09-06,2010,249,23.14,11.45,0.39,0.737081743734673,184.8285,38.6641496917652,410.73,1351.83,45774.47,17.295
TPD,2010-09-07,2010,250,29.08,17.17,0,1.02802115924166,174.834,36.433008188775,388.52,1958.22,45598.75,23.125
TPD,2010-09-08,2010,251,19.04,14.02,0,0.298412536560462,96.759,20.0853793744695,215.02,1599.55,45422.65,16.53
TPD,2010-09-09,2010,252,18.03,12.69,0,0.297549134659329,103.797,21.4626290967522,230.66,1466.75,45246.18,15.36
TPD,2010-09-10,2010,253,20.17,9.58,0,0.581674347131256,175.1805,36.0814217162702,389.29,1193.38,45069.39,14.875
TPD,2010-09-11,2010,254,21.35,9.58,4.66,0.670561127816494,136.8,28.0655885448,304,1193.32,44892.3,15.465
TPD,2010-09-12,2010,255,21.07,13,1.72,0.496399264209056,140.868,28.7859920473944,313.04,1497.39,44714.94,17.035
TPD,2010-09-13,2010,256,23.58,11.53,0,0.771733269137086,179.0595,36.4449906110061,397.91,1358.81,44537.34,17.555
TPD,2010-09-14,2010,257,20.46,8.98,0,0.627191727129819,176.211,35.7220317335931,391.58,1145.59,44359.53,14.72
TPD,2010-09-15,2010,258,19.97,7.01,14,0.663070396736581,139.581,28.1827427749101,310.18,1002.16,44181.53,13.49
TPD,2010-09-16,2010,259,20.84,10.88,18.57,0.577517716514949,118.872,23.9046233606856,264.16,1301.33,44003.39,15.86
TPD,2010-09-17,2010,260,16.36,10.78,0,0.280949595398166,101.9205,20.4127191133272,226.49,1293.17,43825.12,13.57
TPD,2010-09-18,2010,261,21.72,9.45,0,0.705095063866388,176.9265,35.2907588824088,393.17,1182.64,43646.75,15.585
TPD,2010-09-19,2010,262,19.27,10.69,0,0.47164479011096,142.623,28.3320841514841,316.94,1285.27,43468.31,14.98
TPD,2010-09-20,2010,263,18.95,7.4,0,0.578076098352356,171.4455,33.9178387301411,380.99,1029.14,43289.83,13.175
TPD,2010-09-21,2010,264,26.74,9.95,9.31,1.14035012465522,141.5205,27.8822024535879,314.49,1223.12,43111.34,18.345
TPD,2010-09-22,2010,265,23.45,15.54,3.7,0.557416236525596,91.0395,17.8622385134229,202.31,1764.14,42932.86,19.495
TPD,2010-09-23,2010,266,25.78,12.59,0,0.925876344213473,167.1165,32.6525084667801,371.37,1457.73,42754.42,19.185
TPD,2010-09-24,2010,267,28.73,17.81,0,0.947578176283615,142.9425,27.8126865139613,317.65,2038.63,42576.05,23.27
TPD,2010-09-25,2010,268,16.87,10.76,1.35,0.312716135182955,99.558,19.2901444882668,221.24,1291.12,42397.78,13.815
TPD,2010-09-26,2010,269,15.59,8.12,0,0.34277945302788,120.78,23.303741185098,268.4,1081.11,42219.63,11.855
TPD,2010-09-27,2010,270,16.59,10.88,4.09,0.29008661777083,71.7885,13.7927456682498,159.53,1302.02,42041.64,13.735
TPD,2010-09-28,2010,271,15.89,12.28,20.24,0.186401227480904,48.006,9.1843976550186,106.68,1427.61,41863.83,14.085
TPD,2010-09-29,2010,272,19.04,10.2,0,0.476799632646554,138.186,26.3252719410246,307.08,1243.62,41686.23,14.62
TPD,2010-09-30,2010,273,20.27,10.66,0,0.544156738394091,144.486,27.4083492000474,321.08,1282.82,41508.87,15.465
TPD,2010-10-01,2010,274,17.13,8.1,0,0.434795076742424,140.9085,26.6156695486156,313.13,1079.4,41331.77,12.615
TPD,2010-10-02,2010,275,11.06,5.13,14.79,0.217415318899856,78.057,14.6808246315402,173.46,880.19,41154.98,8.095
TPD,2010-10-03,2010,276,10.05,6.12,8.87,0.143370579725096,53.982,10.1093058055674,119.96,942.65,40978.51,8.085
TPD,2010-10-04,2010,277,12.48,5.38,4.01,0.274571270842542,89.352,16.661196524736,198.56,895.35,40802.4,8.93
TPD,2010-10-05,2010,278,11.47,7.68,12.97,0.151184221580454,51.606,9.5813726477256,114.68,1048.92,40626.68,9.575
TPD,2010-10-06,2010,279,15.57,9.12,1.06,0.303538920843882,109.0575,20.1606805147073,242.35,1157.01,40451.39,12.345
TPD,2010-10-07,2010,280,18.4,8,0,0.519106507221232,148.9545,27.4171294798551,331.01,1072.61,40276.54,13.2
TPD,2010-10-08,2010,281,21.21,5.94,0,0.79145621567638,168.6375,30.9056901121913,374.75,930.73,40102.19,13.575
TPD,2010-10-09,2010,282,18.99,7.73,0,0.568802798301423,148.473,27.0922551118596,329.94,1052.85,39928.36,13.36
TPD,2010-10-10,2010,283,22.26,6.51,0,0.856030343366457,164.8305,29.9465231927058,366.29,968.09,39755.08,14.385
TPD,2010-10-11,2010,284,20.67,9.75,5.69,0.611778337700702,105.516,19.0869498670068,234.48,1207.06,39582.39,15.21
TPD,2010-10-12,2010,285,14.37,5,0,0.381059296097073,131.8365,23.7444342427476,292.97,871.83,39410.32,9.685
TPD,2010-10-13,2010,286,16.49,3.23,15.28,0.551148597243196,116.388,20.8709131537872,258.64,769.85,39238.92,9.86
TPD,2010-10-14,2010,287,14.65,7.73,8.61,0.305055638763001,77.6115,13.8568906784966,172.47,1052.88,39068.21,11.19
TPD,2010-10-15,2010,288,14.91,4.77,0,0.416997270393221,135.5535,24.0966682663838,301.23,857.93,38898.25,9.84
TPD,2010-10-16,2010,289,15.66,4.86,0,0.455916412875104,138.2805,24.4745151806781,307.29,863.44,38729.06,10.26
TPD,2010-10-17,2010,290,16.27,5.87,0,0.459423900159049,132.4845,23.3467243112322,294.41,926.54,38560.68,11.07
TPD,2010-10-18,2010,291,12.12,4.86,0,0.273618760368643,105.408,18.4945441764096,234.24,863.52,38393.16,8.49
TPD,2010-10-19,2010,292,13.5,4.9,0,0.339188303057665,117.657,20.5541234766846,261.46,865.84,38226.54,9.2
TPD,2010-10-20,2010,293,16.31,2.74,6.62,0.553337725032386,109.926,19.1203229003652,244.28,743.88,38060.86,9.525
TPD,2010-10-21,2010,294,10.88,3.88,5.62,0.246586935585139,76.1895,13.1949164160626,169.31,806.41,37896.17,7.38
TPD,2010-10-22,2010,295,11.78,2.53,0.42,0.323642531498171,122.256,21.0815220564,271.68,732.61,37732.5,7.155
TPD,2010-10-23,2010,296,17.34,5.18,1.11,0.546077996695322,136.314,23.4043625326518,302.92,883.1,37569.91,11.26
TPD,2010-10-24,2010,297,21.46,11.8,3.44,0.58378531507616,86.8005,14.8391158237254,192.89,1383.54,37408.44,16.63
TPD,2010-10-25,2010,298,19.03,14.35,0,0.28007696848087,64.44,10.969234547112,143.2,1634.45,37248.14,16.69
TPD,2010-10-26,2010,299,22.21,12.79,9.17,0.597087707485833,82.9575,14.0610477259215,184.35,1476.48,37089.06,17.5
TPD,2010-10-27,2010,300,18.86,10.91,0,0.434367752310391,99.5625,16.803737282025,221.25,1303.86,36931.24,14.885
TPD,2010-10-28,2010,301,13.28,6.88,3.7,0.264398024773612,64.1025,10.7731021627845,142.45,993.12,36774.74,10.08
TPD,2010-10-29,2010,302,8.68,3.82,2.3,0.159568881115971,51.5655,8.6295721990527,114.59,802.62,36619.62,6.25
TPD,2010-10-30,2010,303,13.03,4.03,0,0.341597086459998,109.764,18.2920837437468,243.92,814.58,36465.91,8.53
TPD,2010-10-31,2010,304,8.05,0.77,0,0.214607060514491,95.859,15.9081338628621,213.02,645.84,36313.67,4.41
TPD,2010-11-01,2010,305,7.16,-2.83,0,0.25818649470153,116.91,19.321104599739,259.8,495.85,36162.97,2.165
TPD,2010-11-02,2010,306,8.46,-1.54,0,0.280176548395123,114.0975,18.7785476584695,253.55,545.47,36013.86,3.46
TPD,2010-11-03,2010,307,9.63,-0.6,1.14,0.305683082922582,113.238,18.5607677226708,251.64,584.75,35866.38,4.515
TPD,2010-11-04,2010,308,9.7,2.61,0,0.232315439109482,85.9725,14.034421025595,191.05,736.88,35720.6,6.155
TPD,2010-11-05,2010,309,5.77,1.75,1.07,0.113363162026087,52.4385,8.52571437724755,116.53,692.83,35576.59,3.76
TPD,2010-11-06,2010,310,7.25,-0.64,0.5,0.217498329716413,93.429,15.1294360088214,207.62,583.05,35434.38,3.305
TPD,2010-11-07,2010,311,8.99,-0.28,0,0.273895740582988,103.833,16.7476247631486,230.74,598.23,35294.06,4.355
TPD,2010-11-08,2010,312,11.61,-0.47,0,0.387314033081637,117.0765,18.8096757903104,260.17,590.16,35155.67,5.57
TPD,2010-11-09,2010,313,11.63,-1.36,0,0.407108813263803,119.7585,19.1659239485316,266.13,552.68,35019.28,5.135
TPD,2010-11-10,2010,314,11.07,1.48,0,0.318420674027437,102.411,16.3267939480365,227.58,679.74,34884.95,6.275
TPD,2010-11-11,2010,315,13.67,0.58,0,0.46262062979691,116.244,18.4618746141192,258.32,636.8,34752.74,7.125
TPD,2010-11-12,2010,316,14.95,0.54,0,0.530749946376138,118.188,18.7003890421236,262.64,635.15,34622.71,7.745
TPD,2010-11-13,2010,317,15.35,1.16,0.32,0.538269328350405,115.488,18.2057449523904,256.64,664.22,34494.94,8.255
TPD,2010-11-14,2010,318,12.13,3.12,0.75,0.324174944231049,91.935,14.4400905157365,204.3,763.81,34369.47,7.625
TPD,2010-11-15,2010,319,10.84,0.36,0,0.335202772091011,100.6785,15.7567895525606,223.73,626.66,34246.39,5.6
TPD,2010-11-16,2010,320,11.19,1.26,16.43,0.329250081983134,72.3915,11.2897897279497,160.87,668.85,34125.74,6.225
TPD,2010-11-17,2010,321,10.87,4.74,1.47,0.221092703158334,66.6855,10.363909110786,148.19,856.48,34007.6,7.805
TPD,2010-11-18,2010,322,7.32,1.6,1.83,0.168820632368801,63.7695,9.8770366641123,141.71,685.38,33892.02,4.46
TPD,2010-11-19,2010,323,7.68,-0.85,0,0.237225368739197,87.8265,13.5578115491634,195.17,574.05,33779.08,3.415
TPD,2010-11-20,2010,324,7.93,1.15,0,0.201462187664336,73.1475,11.254957035723,162.55,663.57,33668.84,4.54
TPD,2010-11-21,2010,325,14.43,-0.93,7.38,0.535308112725623,82.8675,12.709837219086,184.15,570.45,33561.36,6.75
TPD,2010-11-22,2010,326,16.37,8.85,25.41,0.360253751103122,55.224,8.4435930233928,122.72,1136.13,33456.71,12.61
TPD,2010-11-23,2010,327,14.86,1.7,0,0.498160134130214,102.8025,15.6703984724295,228.45,690.45,33354.94,8.28
TPD,2010-11-24,2010,328,4.5,-0.6,1.19,0.128722792355567,55.125,8.3779258397625,122.5,584.55,33256.13,1.95
TPD,2010-11-25,2010,329,10.75,1.88,15.58,0.294700161408972,62.6085,9.4878587788704,139.13,699.48,33160.32,6.315
TPD,2010-11-26,2010,330,4.71,-2.4,0,0.171237693293664,72.2475,10.9179617379592,160.55,512.05,33067.59,1.155
TPD,2010-11-27,2010,331,2.64,-2.42,0,0.113675064403263,54.144,8.1600105278592,120.32,511.34,32977.99,0.11
TPD,2010-11-28,2010,332,3.62,-2.85,0,0.148239359717989,66.0825,9.93316232751975,146.85,495.23,32891.59,0.385
TPD,2010-11-29,2010,333,9.36,-2,13.13,0.323614290022775,70.3395,10.5463195282715,156.31,527.55,32808.43,3.68
TPD,2010-11-30,2010,334,12.4,3.97,19.9,0.312784344198569,57.222,8.5586722577532,127.16,811.41,32728.58,8.185
TPD,2010-12-01,2010,335,3.29,-1.56,2.94,0.114392632945824,37.9035,5.65596221444955,84.23,544.75,32652.09,0.865
TPD,2010-12-02,2010,336,-0.45,-2.74,0,0.0463802623905627,26.5185,3.9482366103459,58.93,499.12,32579.02,-1.595
TPD,2010-12-03,2010,337,0.77,-3.04,0.88,0.0791655694733833,42.0255,6.24364463949435,93.39,488.14,32509.41,-1.135
TPD,2010-12-04,2010,338,0.39,-3.83,0,0.0844416816380684,46.314,6.8667881291838,102.92,460.14,32443.31,-1.72
TPD,2010-12-05,2010,339,-0.48,-3.93,10.49,0.0668338830079357,28.7145,4.2491764364067,63.81,456.81,32380.78,-2.205
TPD,2010-12-06,2010,340,-2.25,-4.57,5.18,0.0418072959221459,20.4885,3.0263747787477,45.53,435.19,32321.86,-3.41
TPD,2010-12-07,2010,341,-3.1,-5.76,3.29,0.0447907500018775,23.445,3.4571602256535,52.1,397.61,32266.59,-4.43
TPD,2010-12-08,2010,342,-3.19,-8.43,1.6,0.0803523454406455,65.2455,9.60561186774435,144.99,323.44,32215.01,-5.81
TPD,2010-12-09,2010,343,-2.02,-11.49,0,0.1369427697567,98.8335,14.5289165626111,219.63,253.97,32167.17,-6.755
TPD,2010-12-10,2010,344,3.1,-5.17,0.23,0.1737809195771,90.432,13.2756456062016,200.96,415.87,32123.09,-1.035
TPD,2010-12-11,2010,345,4.56,-4.15,4.7,0.198142273315361,69.7455,10.2259797129567,154.99,449.37,32082.82,0.205
TPD,2010-12-12,2010,346,3.63,-3.61,10.42,0.162178567499327,56.6865,8.3018488378059,125.97,467.93,32046.38,0.01
TPD,2010-12-13,2010,347,-6.89,-11.17,0,0.0529638441059101,52.335,7.6567733508195,116.3,260.38,32013.81,-9.03
TPD,2010-12-14,2010,348,-6.47,-10.91,2.57,0.0560442269449741,45.513,6.6527261631792,101.14,266.01,31985.12,-8.69
TPD,2010-12-15,2010,349,-4.38,-9.08,0.85,0.0677544036354952,64.44,9.412026094872,143.2,307.43,31960.34,-6.73
TPD,2010-12-16,2010,350,-3.89,-9.19,0.26,0.0772830936795043,71.8335,10.4850668719616,159.63,304.86,31939.49,-6.54
TPD,2010-12-17,2010,351,-1.06,-5.92,0,0.086810923710377,66.4965,9.70092411212295,147.77,392.69,31922.59,-3.49
TPD,2010-12-18,2010,352,-4,-7.94,0,0.0597123048427163,56.061,8.1752130811305,124.58,336.18,31909.65,-5.97
TPD,2010-12-19,2010,353,-3.86,-6.89,0.8,0.0478847907145759,44.8425,6.537413530053,99.65,364.62,31900.68,-5.375
TPD,2010-12-20,2010,354,-0.96,-8.1,1.26,0.119405500726643,89.4915,13.0445725675104,198.87,331.81,31895.68,-4.53
TPD,2010-12-21,2010,355,-2,-9.33,0,0.113525499550025,92.439,13.4737830985941,205.42,301.53,31894.67,-5.665
TPD,2010-12-22,2010,356,-1.71,-7.13,0,0.0909856866955025,76.0275,11.082697060707,168.95,357.94,31897.64,-4.42
TPD,2010-12-23,2010,357,-1.38,-4.06,0,0.0505387807973877,42.4845,6.19440903111735,94.41,452.11,31904.59,-2.72
TPD,2010-12-24,2010,358,-2.25,-7,0,0.0786167037059222,70.7535,10.3196725481075,157.23,361.59,31915.51,-4.625
TPD,2010-12-25,2010,359,-3.84,-8.1,0,0.0647578163761908,65.988,9.629096184864,146.64,331.8,31930.4,-5.97
TPD,2010-12-26,2010,360,-4.59,-8.31,0,0.0547787384555531,59.5125,8.689302694935,132.25,326.48,31949.24,-6.45
TPD,2010-12-27,2010,361,-2.26,-9.65,0,0.112338403285448,96.831,14.1481837955934,215.18,293.95,31972.02,-5.955
TPD,2010-12-28,2010,362,-2.49,-6.49,0,0.0669558021141796,63.315,9.258815232576,140.7,375.92,31998.72,-4.49
TPD,2010-12-29,2010,363,-0.46,-6.09,0,0.101983856334999,83.727,12.2554590879987,186.06,387.64,32029.33,-3.275
TPD,2010-12-30,2010,364,5.61,-5.12,1.07,0.246387200969786,110.016,16.120816765056,244.48,417.3,32063.8,0.245
TPD,2010-12-31,2010,365,10.63,3.68,5.82,0.241661759082208,68.013,9.9779651063433,151.14,794.99,32102.13,7.155
TPD,2011-01-01,2011,1,11.45,0.76,12.89,0.352705221948745,69.606,10.2251340822132,154.68,645.1,32144.46,6.105
TPD,2011-01-02,2011,2,-1.75,-5.71,0,0.0697226381469153,49.4505,7.27467164455185,109.89,398.99,32190.41,-3.73
TPD,2011-01-03,2011,3,0.55,-6.52,4.34,0.130677237465476,65.772,9.6906690731844,146.16,375.11,32240.11,-2.985
TPD,2011-01-04,2011,4,0.74,-2.71,2.73,0.0723004844909938,36.36,5.366059209504,80.8,500.37,32293.52,-0.985
TPD,2011-01-05,2011,5,-3.03,-10.15,0,0.103720695284494,89.8155,13.2785289909193,199.59,282.51,32350.61,-6.59
TPD,2011-01-06,2011,6,-2.02,-9.64,2.87,0.116851571092818,70.6905,10.4706579432222,157.09,294.18,32411.32,-5.83
TPD,2011-01-07,2011,7,-4.74,-9.37,1.9,0.0653683549577594,65.7675,9.76079335183425,146.15,300.44,32475.63,-7.055
TPD,2011-01-08,2011,8,-4.66,-11.61,1.26,0.0911936151072228,90.738,13.4948872705302,201.64,251.42,32543.47,-8.135
TPD,2011-01-09,2011,9,-4.1,-12.05,1.43,0.10488252895045,99.198,14.785425791928,220.44,242.67,32614.8,-8.075
TPD,2011-01-10,2011,10,-3.75,-14.6,0,0.133614869328202,114.6555,17.1285434383833,254.79,197.16,32689.58,-9.175
TPD,2011-01-11,2011,11,-2.66,-9.63,7.8,0.104518449552834,69.7365,10.4429412773307,154.97,294.45,32767.74,-6.145
TPD,2011-01-12,2011,12,-5.14,-9.09,1.47,0.0556156690940257,59.724,8.9658282046032,132.72,307.13,32849.24,-7.115
TPD,2011-01-13,2011,13,-4.96,-12.32,1.15,0.0933119240903119,98.4465,14.817027730675,218.77,237.47,32934.01,-8.64
TPD,2011-01-14,2011,14,-3.78,-10.66,2.04,0.096039717446836,71.19,10.7433213426,158.2,271.28,33022,-7.22
TPD,2011-01-15,2011,15,-1.53,-6.75,2.66,0.0892795623369498,57.9825,8.774325964629,128.85,368.55,33113.16,-4.14
TPD,2011-01-16,2011,16,-6.32,-11.18,0,0.0611846391165063,74.3985,11.2905608224959,165.33,260.21,33207.42,-8.75
TPD,2011-01-17,2011,17,-1.13,-14.92,1.29,0.185725875104666,129.6045,19.7261439583325,288.01,192.06,33304.73,-8.025
TPD,2011-01-18,2011,18,2.59,-6.24,2.59,0.176650728866197,84.393,12.8835109708101,187.54,383.19,33405.01,-1.825
TPD,2011-01-19,2011,19,-1.78,-7.31,0,0.0921116894455424,84.2085,12.8950636334859,187.13,352.96,33508.22,-4.545
TPD,2011-01-20,2011,20,-5.57,-11.58,3.1,0.0764041872286865,68.787,10.5668704361052,152.86,252.11,33614.28,-8.575
TPD,2011-01-21,2011,21,-7.27,-13.03,0,0.0658559274948615,89.991,13.8689404492518,199.98,224.09,33723.14,-10.15
TPD,2011-01-22,2011,22,-9,-15.56,1.94,0.0646059463705193,100.377,15.5207651279697,223.06,181.99,33834.73,-12.28
TPD,2011-01-23,2011,23,-11.76,-20.04,0,0.0629149897225314,117.432,18.2192035504752,260.96,124.43,33948.98,-15.9
TPD,2011-01-24,2011,24,-2.32,-22.19,1.97,0.206594854708969,144.3555,22.4733859461221,320.79,103.14,34065.83,-12.255
TPD,2011-01-25,2011,25,-0.61,-7.37,0,0.117032329859771,103.8825,16.2291947530905,230.85,351.22,34185.22,-3.99
TPD,2011-01-26,2011,26,-1.15,-3.81,0.65,0.0508950352571454,47.1735,7.39602178122555,104.83,460.73,34307.09,-2.48
TPD,2011-01-27,2011,27,-1.18,-4.7,1.87,0.0651072649630213,61.5465,9.6844227209568,136.77,430.98,34431.36,-2.94
TPD,2011-01-28,2011,28,-2.75,-5.61,2.56,0.0488836551686511,38.601,6.0962547179286,85.78,402.21,34557.98,-4.18
TPD,2011-01-29,2011,29,-2.46,-6.48,4.16,0.0672958601470101,53.5455,8.4879813419928,118.99,376.29,34686.88,-4.47
TPD,2011-01-30,2011,30,-3.25,-12.73,0,0.126104313243646,133.497,21.2418042544071,296.66,229.77,34817.99,-7.99
TPD,2011-01-31,2011,31,-8.35,-18.89,2.22,0.0949040104813376,106.281,16.9759727287542,236.18,137.43,34951.26,-13.62
TPD,2011-02-01,2011,32,-5.15,-10.72,10.25,0.0741005127358504,73.944,11.8566137838096,164.32,269.92,35086.62,-7.935
TPD,2011-02-02,2011,33,-2.94,-9.67,5.46,0.0999154624385719,85.9815,13.8407623962746,191.07,293.42,35224.01,-6.305
TPD,2011-02-03,2011,34,-3.74,-15.7,0,0.142368979067236,151.875,24.5446100116875,337.5,179.99,35363.37,-9.72
TPD,2011-02-04,2011,35,-2.56,-9.54,0,0.105495819205485,117.828,19.1183187144348,261.84,296.39,35504.63,-6.05
TPD,2011-02-05,2011,36,-0.56,-9.37,8.74,0.143417145099303,102.8295,16.7519715111081,228.51,300.54,35647.74,-4.965
TPD,2011-02-06,2011,37,-0.52,-4.59,0,0.0771749040364438,77.319,12.6472516739712,171.82,434.55,35792.64,-2.555
TPD,2011-02-07,2011,38,0.53,-5.7,0.87,0.117912563914246,111.834,18.3678865969788,248.52,399.55,35939.26,-2.585
TPD,2011-02-08,2011,39,-7.09,-13.58,0,0.0731481289241702,118.962,19.6192307891304,264.36,214.36,36087.56,-10.335
TPD,2011-02-09,2011,40,-6.92,-14.69,0,0.0849172277421134,136.3095,22.5735671755301,302.91,195.62,36237.47,-10.805
TPD,2011-02-10,2011,41,-9,-18.44,0,0.0841386323706061,152.2755,25.3230282306729,338.39,142.83,36388.94,-13.72
TPD,2011-02-11,2011,42,-2.69,-17.93,3.83,0.176614083743602,130.662,21.8201004329994,290.36,149.21,36541.91,-10.31
TPD,2011-02-12,2011,43,-0.57,-9.1,4.55,0.13991532801865,107.883,18.0922194741123,239.74,307.05,36696.33,-4.835
TPD,2011-02-13,2011,44,6.58,-6.62,0,0.300248040731465,170.073,28.6427218084254,377.94,372.35,36852.14,-0.02
TPD,2011-02-14,2011,45,5.96,-4.56,0,0.248368304687101,157.9275,26.7106730516775,350.95,435.49,37009.3,0.7
TPD,2011-02-15,2011,46,-1.19,-14.04,1.65,0.177420277010478,173.385,29.4505896252375,385.3,206.35,37167.75,-7.615
TPD,2011-02-16,2011,47,6.61,-6.77,0.83,0.303498730881508,174.681,29.7982030781448,388.18,367.97,37327.44,-0.08
TPD,2011-02-17,2011,48,11.88,2.62,0,0.32604569081425,147.312,25.2377375711472,327.36,737.12,37488.33,7.25
TPD,2011-02-18,2011,49,10.64,3.27,0,0.253379113815783,127.9935,22.0228361816562,284.43,772.38,37650.36,6.955
TPD,2011-02-19,2011,50,0.58,-4.45,0,0.0993096219802304,98.478,17.0177516877654,218.84,439.14,37813.49,-1.935
TPD,2011-02-20,2011,51,-0.26,-8.84,12.15,0.143451845340394,113.2695,19.6588224327371,251.71,313.36,37977.67,-4.55
TPD,2011-02-21,2011,52,-4.89,-9.61,0,0.0657030933805797,96.903,16.8914400609906,215.34,294.87,38142.86,-7.25
TPD,2011-02-22,2011,53,-5.44,-15.17,0,0.110460755044949,167.3505,29.2984161394829,371.89,188.07,38309.01,-10.305
TPD,2011-02-23,2011,54,0.64,-15.45,3.95,0.228503143397569,149.1345,26.2231670541132,331.41,183.77,38476.08,-7.405
TPD,2011-02-24,2011,55,1.62,-8.47,3.74,0.182533290087132,129.654,22.8973135098834,288.12,322.4,38644.03,-3.425
TPD,2011-02-25,2011,56,-0.2,-7.75,4.4,0.13087882305399,109.557,19.4326226650269,243.46,341.13,38812.81,-3.975
TPD,2011-02-26,2011,57,-1.13,-10.87,4.73,0.148330888264407,129.1185,23.0023990950926,286.93,266.84,38982.39,-6.0
TPD,2011-02-27,2011,58,4.5,-3.46,17,0.184563530156691,112.167,20.0698142952087,249.26,473.1,39152.73,0.52
TPD,2011-02-28,2011,59,4.85,-3.6,0,0.19743954351368,155.7,27.98080345071,346,468.17,39323.79,0.625
TPD,2011-03-01,2011,60,2.05,-8.94,0,0.198962420420242,184.1805,33.2435721196152,409.29,310.86,39495.52,-3.445
TPD,2011-03-02,2011,61,0.81,-9.31,0.89,0.173259846465212,178.8975,32.4309508009425,397.55,302.01,39667.9,-4.25
TPD,2011-03-03,2011,62,-2.07,-12.69,0,0.147828736629025,184.8375,33.6538936095638,410.75,230.41,39840.89,-7.38
TPD,2011-03-04,2011,63,5.55,-4.91,9.86,0.241116373232065,135.7155,24.8177555766157,301.59,424.03,40014.45,0.32
TPD,2011-03-05,2011,64,7.57,0.24,28.16,0.209640353080456,107.955,19.827191029149,239.9,621.4,40188.54,3.905
TPD,2011-03-06,2011,65,0.36,-6.37,0,0.12409300914696,138.7305,25.5901655735289,308.29,379.53,40363.14,-3.005
TPD,2011-03-07,2011,66,-1.07,-11.86,0,0.159760847822634,192.33,35.630982656901,427.4,246.48,40538.21,-6.465
TPD,2011-03-08,2011,67,4.22,-7.07,0,0.233412655319153,194.454,36.1804418895816,432.12,359.41,40713.72,-1.425
TPD,2011-03-09,2011,68,5.61,-0.63,22.1,0.163152460423732,96.5295,18.0380482250166,214.51,583.28,40889.64,2.49
TPD,2011-03-10,2011,69,7.34,1.12,20.15,0.181060984049708,96.345,18.0811914081345,214.1,662.24,41065.93,4.23
TPD,2011-03-11,2011,70,0.85,-0.83,8.56,0.0377387939802625,32.787,6.1796445532704,72.86,574.65,41242.56,0.01
TPD,2011-03-12,2011,71,4.81,-3.04,8.18,0.186388566088567,121.0635,22.9157661794045,269.03,488.01,41419.51,0.885
TPD,2011-03-13,2011,72,2.24,-0.55,0,0.0654157017263858,68.076,12.9410503021368,151.28,586.9,41596.74,0.845
TPD,2011-03-14,2011,73,1.9,-4.49,0,0.131620666762894,145.3905,27.7562365293987,323.09,437.83,41774.22,-1.295
TPD,2011-03-15,2011,74,7.33,-4.79,5.05,0.298015372218907,161.73,31.006927369773,359.4,428.07,41951.93,1.27
TPD,2011-03-16,2011,75,8.03,1.34,0.39,0.200156524220379,151.56,29.180357375328,336.8,673.07,42129.84,4.685
TPD,2011-03-17,2011,76,15.37,0.95,0,0.544499814628794,225.576,43.6144764151512,501.28,654.13,42307.91,8.16
TPD,2011-03-18,2011,77,15.14,4.77,0,0.429696911055516,199.368,38.7096035687712,443.04,857.84,42486.12,9.955
TPD,2011-03-19,2011,78,3.29,-1.44,0,0.111865005016182,118.431,23.0912661942315,263.18,549.69,42664.45,0.925
TPD,2011-03-20,2011,79,9.16,-4.71,11.91,0.364477251340128,173.9925,34.0663090243163,386.65,430.55,42842.85,2.225
TPD,2011-03-21,2011,80,10.06,2,0,0.262746282991093,176.5125,34.703669411505,392.25,705.46,43021.32,6.03
TPD,2011-03-22,2011,81,5.97,0.64,8.34,0.146167181536168,97.8075,19.309458483945,217.35,639.88,43199.8,3.305
TPD,2011-03-23,2011,82,-0.19,-3.17,4.14,0.0599344434570663,59.445,11.7843045921585,132.1,483.35,43378.29,-1.68
TPD,2011-03-24,2011,83,-1.43,-7.67,0,0.103962314006961,156.501,31.1522115901932,347.78,343.25,43556.76,-4.55
TPD,2011-03-25,2011,84,-1.52,-10.59,0,0.137498558799124,207.6435,41.5016401482522,461.43,272.75,43735.16,-6.055
TPD,2011-03-26,2011,85,-1.89,-11.78,0,0.142498434460572,219.1275,43.9755254894857,486.95,248.03,43913.49,-6.835
TPD,2011-03-27,2011,86,-0.9,-9.21,0,0.134473484775126,199.323,40.163398930287,442.94,304.2,44091.7,-5.055
TPD,2011-03-28,2011,87,0.79,-9.14,0,0.170933432180737,221.0895,44.7292466068766,491.31,305.9,44269.77,-4.175
TPD,2011-03-29,2011,88,3.46,-7.46,0,0.217195367254861,230.2605,46.7718707443248,511.69,348.83,44447.68,-2.0
TPD,2011-03-30,2011,89,5.51,-5.77,2.23,0.253276269947022,174.744,35.6369475162312,388.32,397.21,44625.39,-0.13
TPD,2011-03-31,2011,90,3.52,-0.42,0,0.0969087365373772,109.7145,22.4639468764106,243.81,592.25,44802.87,1.55
TPD,2011-04-01,2011,91,7.39,0.04,0,0.207597823621221,185.6025,38.1522748768425,412.45,612.62,44980.1,3.715
TPD,2011-04-02,2011,92,9.08,-3.05,0,0.332527077727572,242.6175,50.0684199431738,539.15,487.93,45157.05,3.015
TPD,2011-04-03,2011,93,7.53,-0.95,12.11,0.234061812402734,154.71,32.052038572143,343.8,569.79,45333.69,3.29
TPD,2011-04-04,2011,94,15.59,1.77,16.19,0.536681433071364,186.0075,38.6859530541645,413.35,694.14,45509.98,8.68
TPD,2011-04-05,2011,95,5.11,0.95,1.76,0.111987433869633,116.4645,24.3159844150859,258.81,654.31,45685.89,3.03
TPD,2011-04-06,2011,96,3.17,-1.43,8.12,0.108504559145483,98.649,20.675508306102,219.22,549.99,45861.4,0.87
TPD,2011-04-07,2011,97,10.57,-0.51,0,0.342608985916073,238.563,50.1904855565568,530.14,588.53,46036.48,5.03
TPD,2011-04-08,2011,98,9.68,2.05,0,0.246261280308822,194.4315,41.0609454766614,432.07,707.74,46211.08,5.865
TPD,2011-04-09,2011,99,12.25,0.56,0,0.393937204404268,241.7715,51.2507774279533,537.27,635.81,46385.17,6.405
TPD,2011-04-10,2011,100,24.05,4.12,0,1.08363550267264,260.739,55.4783225257179,579.42,819.67,46558.73,14.085
TPD,2011-04-11,2011,101,19.62,8.76,0,0.574552563409003,219.4425,46.865009380077,487.65,1128.98,46731.72,14.19
TPD,2011-04-12,2011,102,12.09,3.92,0,0.299987234935786,189.792,40.682244868704,421.76,808.29,46904.1,8.005
TPD,2011-04-13,2011,103,13.17,3.42,0,0.365360174692132,211.4055,45.4810581235584,469.79,780.59,47075.84,8.295
TPD,2011-04-14,2011,104,13.87,1.07,0,0.461184398428957,242.3385,52.3253249417205,538.53,659.89,47246.9,7.47
TPD,2011-04-15,2011,105,9.31,0.84,10.85,0.260650614517989,146.718,31.7933191657224,326.04,649.22,47417.24,5.075
TPD,2011-04-16,2011,106,11.82,3.36,10.83,0.303332929865249,147.096,31.9892270974704,326.88,776.91,47586.82,7.59
TPD,2011-04-17,2011,107,6.39,1.98,1.56,0.127691224912269,118.152,25.785857805984,262.56,704.34,47755.6,4.185
TPD,2011-04-18,2011,108,3.33,-1.1,1.97,0.105986130302279,120.303,26.3476350389205,267.34,563.6,47923.55,1.115
TPD,2011-04-19,2011,109,5.23,-0.21,9.6,0.142187106467365,99.747,21.9218150426877,221.66,601.47,48090.63,2.51
TPD,2011-04-20,2011,110,10.35,2.58,5.1,0.259899326569579,130.878,28.8629813974788,290.84,735.21,48256.78,6.465
TPD,2011-04-21,2011,111,7.19,1.1,0,0.176230213259158,146.403,32.3972860497687,325.34,661.37,48421.97,4.145
TPD,2011-04-22,2011,112,9.37,0.27,17.79,0.276512017055442,145.2195,32.2443497933573,322.71,622.64,48586.15,4.82
TPD,2011-04-23,2011,113,20.88,5,8.7,0.795753917020424,175.032,38.9943657747072,388.96,871.85,48749.28,12.94
TPD,2011-04-24,2011,114,13.92,6.23,2.19,0.318613738214043,125.3385,28.0162546719174,278.53,949.57,48911.32,10.075
TPD,2011-04-25,2011,115,11.39,5.81,16.03,0.211205573948382,98.7165,22.1381622603851,219.37,922.18,49072.21,8.6
TPD,2011-04-26,2011,116,20.77,6.65,4.38,0.734406284231967,170.4735,38.3547957722505,378.83,977.57,49231.9,13.71
TPD,2011-04-27,2011,117,24.49,12.01,8.19,0.831400878577196,158.1075,35.687067590709,351.35,1402.53,49390.36,18.25
TPD,2011-04-28,2011,118,15.62,6.83,5.2,0.390580306254528,137.907,31.2265807717248,306.46,989.49,49547.52,11.225
TPD,2011-04-29,2011,119,7.73,3.91,0,0.121983435790743,96.129,21.8351465417349,213.62,807.73,49703.33,5.82
TPD,2011-04-30,2011,120,15.3,0.1,0,0.559997859834604,240.4215,54.7800299274888,534.27,615.25,49857.76,7.7
TPD,2011-05-01,2011,121,15.24,9.88,7.29,0.254426604052137,92.4705,21.1340436426851,205.49,1217.9,50010.73,12.56
TPD,2011-05-02,2011,122,15.06,8.35,5.48,0.304568063694216,114.5565,26.261075713851,254.57,1098.26,50162.2,11.705
TPD,2011-05-03,2011,123,7.75,4.63,8.58,0.10156443029608,60.606,13.9349159256762,134.68,849.75,50312.11,6.19
TPD,2011-05-04,2011,124,12.82,4.31,0,0.323275128278954,190.4085,43.9089757671065,423.13,830.76,50460.41,8.565
TPD,2011-05-05,2011,125,16.29,3.99,2.86,0.517967508479768,170.163,39.3543070661664,378.14,812.35,50607.04,10.14
TPD,2011-05-06,2011,126,14.94,5.76,3.6,0.387957874143228,145.5525,33.7589178831045,323.45,919.14,50751.94,10.35
TPD,2011-05-07,2011,127,15.44,5.78,0,0.414913824609384,200.943,46.7374176100206,446.54,920.49,50895.06,10.61
TPD,2011-05-08,2011,128,17.73,4.99,0,0.576830902886657,228.0915,53.1991450795896,506.87,871.16,51036.32,11.36
TPD,2011-05-09,2011,129,17.78,3.67,0,0.618197881801503,237.006,55.4292813195198,526.68,794.55,51175.69,10.725
TPD,2011-05-10,2011,130,19.36,8.01,0,0.584439758951818,216.693,50.8146765670908,481.54,1072.88,51313.08,13.685
TPD,2011-05-11,2011,131,22.58,8.67,0,0.805184399337237,231.7275,54.483623997057,514.95,1122.04,51448.44,15.625
TPD,2011-05-12,2011,132,23.5,10.37,0,0.815237178863705,224.3925,52.895698550307,498.65,1258.01,51581.72,16.935
TPD,2011-05-13,2011,133,25.6,11.8,4.13,0.946163816990525,168.7905,39.8898670684914,375.09,1383.02,51712.84,18.7
TPD,2011-05-14,2011,134,20.5,13.04,4.57,0.452344177277558,121.284,28.7342113253112,269.52,1500.44,51841.74,16.77
TPD,2011-05-15,2011,135,11.07,7.17,20.18,0.151112083271143,73.3095,17.4106694075094,162.91,1013.38,51968.36,9.12
TPD,2011-05-16,2011,136,8.5,5.87,1.97,0.0905828797910389,70.5555,16.7966797351464,156.79,926.46,52092.64,7.185
TPD,2011-05-17,2011,137,11.12,6.58,4.6,0.173474922039661,86.076,20.5394818638132,191.28,973.13,52214.51,8.85
TPD,2011-05-18,2011,138,17.63,9.24,7.93,0.422486052107308,138.0735,33.0224823792995,306.83,1166.2,52333.91,13.435
TPD,2011-05-19,2011,139,18.28,10.04,0,0.432135131931501,180.099,43.1697337038711,400.22,1230.65,52450.77,14.16
TPD,2011-05-20,2011,140,21.41,8.36,0,0.722570824029281,229.3335,55.0909949452979,509.63,1098.9,52565.03,14.885
TPD,2011-05-21,2011,141,23.46,9.79,2.8,0.835906401513568,171.954,41.3948567057436,382.12,1209.96,52676.62,16.625
TPD,2011-05-22,2011,142,24.91,14.9,11.2,0.724207175033811,143.379,34.5872650697244,318.62,1693.73,52785.48,19.905
TPD,2011-05-23,2011,143,23.1,15.42,10.86,0.533954053800907,121.986,29.485770785631,271.08,1750.72,52891.55,19.26
TPD,2011-05-24,2011,144,19.19,12.07,0,0.404823939957196,158.6025,38.411313502653,352.45,1407.93,52994.76,15.63
TPD,2011-05-25,2011,145,20.91,9.32,30.46,0.64690474525522,162.684,39.4743655065528,361.52,1172.87,53095.06,15.115
TPD,2011-05-26,2011,146,22.11,12.4,15.36,0.608094171204618,146.322,35.5692878115498,325.16,1438.75,53192.37,17.255
TPD,2011-05-27,2011,147,16.16,11.57,0,0.234540152413239,111.735,27.2096959259385,248.3,1362.54,53286.63,13.865
TPD,2011-05-28,2011,148,20.48,11.51,0,0.522552938916627,190.224,46.402585526304,422.72,1357.06,53377.8,15.995
TPD,2011-05-29,2011,149,26.46,14.51,9.53,0.896908411143454,159.6375,39.005620179075,354.75,1651.46,53465.8,20.485
TPD,2011-05-30,2011,150,28.08,15.71,0,1.00203998068721,214.2045,52.4214427261977,476.01,1784.19,53550.58,21.895
TPD,2011-05-31,2011,151,30,17.72,0,1.10375193499449,207.5625,50.87327932485,461.25,2026.45,53632.08,23.86
TPD,2011-06-01,2011,152,25.56,16.98,0,0.66550729137143,171.459,42.0856132992075,381.02,1934.58,53710.25,21.27
TPD,2011-06-02,2011,153,18.45,8.57,0,0.50138213660156,198.81,48.867027376968,441.8,1114.76,53785.04,13.51
TPD,2011-06-03,2011,154,21.83,5.97,0,0.839286064438661,244.242,60.1137341352972,542.76,932.48,53856.38,13.9
TPD,2011-06-04,2011,155,24.47,11.16,9.36,0.867970811628397,167.7555,41.3406137775461,372.79,1325.87,53924.23,17.815
TPD,2011-06-05,2011,156,26.09,11.96,0,0.986878738943491,226.197,55.8090492254766,502.66,1397.89,53988.54,19.025
TPD,2011-06-06,2011,157,26.81,11.56,17.87,1.07842003649718,173.5245,42.8614396330959,385.61,1361.33,54049.26,19.185
TPD,2011-06-07,2011,158,26.41,16.03,0,0.807518280478579,187.938,46.4706897615576,417.64,1820.29,54106.36,21.22
TPD,2011-06-08,2011,159,31.45,18.89,0,1.20951892190263,201.4605,49.8635275592133,447.69,2180.76,54159.78,25.17
TPD,2011-06-09,2011,160,26.82,16.57,0,0.816945374217,186.3945,46.1768745637602,414.21,1884.69,54209.48,21.695
TPD,2011-06-10,2011,161,20.45,11.7,0,0.511231148676668,177.507,44.0123921735256,394.46,1374.72,54255.44,16.075
TPD,2011-06-11,2011,162,23.23,13.88,0,0.627654114094193,183.645,45.5696845692165,408.1,1585.47,54297.61,18.555
TPD,2011-06-12,2011,163,17.95,12.86,0,0.28392921454463,116.703,28.9791447972516,259.34,1483.39,54335.96,15.405
TPD,2011-06-13,2011,164,19.48,10.25,0,0.505104661836377,190.017,47.2140944590374,422.26,1247.92,54370.46,14.865
TPD,2011-06-14,2011,165,20.61,10.76,0,0.565224737005526,195.066,48.4959398102658,433.48,1291.18,54401.09,15.685
TPD,2011-06-15,2011,166,24,9.19,0,0.907590264699744,234.2835,58.274527856297,520.63,1162.02,54427.81,16.595
TPD,2011-06-16,2011,167,22.83,14.66,1.6,0.552233394371211,161.127,40.0947352727418,358.06,1667.87,54450.62,18.745
TPD,2011-06-17,2011,168,23.58,14.91,0,0.603367363419515,167.9355,41.8034399431802,373.19,1694.59,54469.49,19.245
TPD,2011-06-18,2011,169,27.24,13.81,0,1.01465238700901,216.288,53.854351115904,480.64,1578.09,54484.4,20.525
TPD,2011-06-19,2011,170,24.64,15.58,0,0.660973624299319,171.756,42.774758239122,381.68,1769.55,54495.35,20.11
TPD,2011-06-20,2011,171,26.32,14.95,0,0.858719601352684,199.4535,49.6790097783134,443.23,1699.19,54502.33,20.635
TPD,2011-06-21,2011,172,27.83,16.71,10.41,0.915711465464167,144.972,36.1109757972528,322.16,1901.69,54505.32,22.27
TPD,2011-06-22,2011,173,26.8,16.4,15.26,0.825547460553783,139.3695,34.7148287442891,309.71,1863.9,54504.34,21.6
TPD,2011-06-23,2011,174,23.88,17.95,8.89,0.448507905369755,89.3655,22.257560965289,198.59,2056.46,54499.37,20.915
TPD,2011-06-24,2011,175,20.8,16.91,5.21,0.261101793046623,62.901,15.6636837214794,139.78,1926.06,54490.42,18.855
TPD,2011-06-25,2011,176,20.38,15.61,0,0.30675229491123,103.878,25.8616975618746,230.84,1772.67,54477.51,17.995
TPD,2011-06-26,2011,177,23.12,14.63,0,0.578366704892089,168.246,41.8739190182586,373.88,1664.7,54460.63,18.875
TPD,2011-06-27,2011,178,25.34,13.3,0,0.849237898990484,209.2455,52.0581736535324,464.99,1526.24,54439.81,19.32
TPD,2011-06-28,2011,179,25.7,17.48,0,0.648132326626758,159.7635,39.7294798030767,355.03,1996.61,54415.06,21.59
TPD,2011-06-29,2011,180,20.24,13.06,0,0.431552773666638,152.01,37.781447407623,337.8,1503.05,54386.39,16.65
TPD,2011-06-30,2011,181,24.56,11.92,0,0.84189626407548,218.5605,54.2897831842524,485.69,1394.33,54353.84,18.24
TPD,2011-07-01,2011,182,26.82,10.93,0,1.10726895259472,236.2455,58.6433752294271,524.99,1305.72,54317.43,18.875
TPD,2011-07-02,2011,183,28.48,16.47,4.83,1.00197345131534,151.686,37.6252136474436,337.08,1873.14,54277.18,22.475
TPD,2011-07-03,2011,184,28.06,18.17,0,0.849812595292564,180.0945,44.6355941286874,400.21,2084.48,54233.13,23.115
TPD,2011-07-04,2011,185,26.99,15.4,0,0.902729430135559,203.0265,50.2748160520676,451.17,1748.87,54185.31,21.195
TPD,2011-07-05,2011,186,27.44,12.77,0,1.08763981984813,228.2175,56.459020173696,507.15,1474.72,54133.76,20.105
TPD,2011-07-06,2011,187,29.8,17.08,0,1.11960816344784,208.5345,51.5369736792558,463.41,1946.29,54078.52,23.44
TPD,2011-07-07,2011,188,26.3,15.19,0,0.843363337617182,199.125,49.157921724525,442.5,1725.72,54019.62,20.745
TPD,2011-07-08,2011,189,27.77,15.21,0,0.996330149116397,211.005,52.0304553796635,468.9,1727.83,53957.11,21.49
TPD,2011-07-09,2011,190,28.09,15.86,0,0.994658680305808,206.5815,50.8773158905032,459.07,1801.26,53891.04,21.975
TPD,2011-07-10,2011,191,30.56,18.9,0,1.09394886246423,194.274,47.784415284261,431.72,2183.1,53821.45,24.73
TPD,2011-07-11,2011,192,29.94,19.59,0,0.969905946525856,180.1125,44.24106723615,400.25,2278.56,53748.4,24.765
TPD,2011-07-12,2011,193,29.71,20.36,0,0.885852549770633,165.78,40.662637778178,368.4,2390.41,53671.93,25.035
TPD,2011-07-13,2011,194,26.41,16.1,0,0.80287750739131,185.229,45.365526685413,411.62,1829,53592.1,21.255
TPD,2011-07-14,2011,195,26.68,13.34,0,0.98013580928987,215.55,52.709733269595,479,1530.46,53508.97,20.01
TPD,2011-07-15,2011,196,29.05,15.38,0,1.1308122807481,213.7365,52.1818835846769,474.97,1746.62,53422.58,22.215
TPD,2011-07-16,2011,197,30.38,16.3,0,1.23774522051518,212.6565,51.8311633716671,472.57,1852.11,53333.01,23.34
TPD,2011-07-17,2011,198,31.12,18.15,2.38,1.21624083806422,150.057,36.510094215747,333.46,2081.91,53240.3,24.635
TPD,2011-07-18,2011,199,31.58,22.11,0,0.985685808528979,159.363,38.7045572603841,354.14,2660.89,53144.51,26.845
TPD,2011-07-19,2011,200,31.45,20.82,0,1.0706466753675,174.258,42.2434397162232,387.24,2458,53045.72,26.135
TPD,2011-07-20,2011,201,32.28,19.78,0,1.25740087158987,192.4785,46.5709319984777,427.73,2305.74,52943.97,26.03
TPD,2011-07-21,2011,202,34.46,24.39,0,1.19700641858837,158.8455,38.3573343563636,352.99,3053.1,52839.33,29.425
TPD,2011-07-22,2011,203,32.88,21.24,0,1.23152727235174,181.4355,43.7231697211895,403.19,2523.06,52731.87,27.06
TPD,2011-07-23,2011,204,30.38,22.07,11.81,0.836187908235892,107.0775,25.7500979063888,237.95,2653.75,52621.65,26.225
TPD,2011-07-24,2011,205,29.42,21.64,0,0.75361933307743,135.153,32.4319756026033,300.34,2585.72,52508.73,25.53
TPD,2011-07-25,2011,206,28.92,20.11,0,0.811656720533629,150.678,36.0778561765182,334.84,2353.41,52393.17,24.515
TPD,2011-07-26,2011,207,26.76,16.79,0,0.797477484856017,170.433,40.7159287366905,378.74,1911.19,52275.05,21.775
TPD,2011-07-27,2011,208,26.95,14.12,1.5,0.967951954283684,202.1535,48.182408105243,449.23,1610.33,52154.41,20.535
TPD,2011-07-28,2011,209,27.68,19.97,21.19,0.683814908476307,101.2455,24.0744813852429,224.99,2332.58,52031.34,23.825
TPD,2011-07-29,2011,210,28.72,21.06,0,0.718444890543326,131.8725,31.2814648191442,293.05,2494.52,51905.89,24.89
TPD,2011-07-30,2011,211,29.31,17.96,0,1.00521757195781,181.4625,42.9387553421213,403.25,2057.84,51778.13,23.635
TPD,2011-07-31,2011,212,29.64,20.02,0.53,0.902396589116163,160.668,37.9227746588112,357.04,2340.67,51648.12,24.83
TPD,2011-08-01,2011,213,30.83,18.71,0,1.14092664387129,187.4835,44.1388279600484,416.63,2157.29,51515.93,24.77
TPD,2011-08-02,2011,214,29.37,16.46,3.87,1.10628626720203,148.023,34.7578664606271,328.94,1870.86,51381.61,22.915
TPD,2011-08-03,2011,215,27.31,19.67,4.54,0.665595190705029,101.6325,23.8013864295458,225.85,2289.67,51245.23,23.49
TPD,2011-08-04,2011,216,27.54,18.04,0,0.80078788089523,163.9665,38.2957452280683,364.37,2068.41,51106.86,22.79
TPD,2011-08-05,2011,217,29.08,17.77,0,0.99055427705934,183.3345,42.7017378332691,407.41,2033.41,50966.54,23.425
TPD,2011-08-06,2011,218,28.44,20.71,12.59,0.712847030461818,102.744,23.864069364948,228.32,2441.87,50824.35,24.575
TPD,2011-08-07,2011,219,29.24,21.02,5.97,0.780774588727577,107.964,25.005455614818,239.92,2489.26,50680.35,25.13
TPD,2011-08-08,2011,220,27.96,19.09,14.17,0.77625400826215,117.711,27.1845350749566,261.58,2208.7,50534.58,23.525
TPD,2011-08-09,2011,221,25.83,18.97,16.66,0.562413167516723,97.497,22.4505501865848,216.66,2192.77,50387.12,22.4
TPD,2011-08-10,2011,222,24.08,16.85,0,0.536100812014465,139.959,32.1328657020663,311.02,1917.84,50238.01,20.465
TPD,2011-08-11,2011,223,24.6,13.55,0,0.766487292182172,191.385,43.807845143574,425.3,1551.86,50087.32,19.075
TPD,2011-08-12,2011,224,26.38,15.95,0,0.808727425068827,180.6615,41.2275698137305,401.47,1811.41,49935.1,21.165
TPD,2011-08-13,2011,225,27.42,16.23,0,0.900324736467907,187.416,42.637327041168,416.48,1844.28,49781.4,21.825
TPD,2011-08-14,2011,226,23.67,17.05,21.44,0.486543705164689,98.0865,22.2452432774154,217.97,1943.18,49626.28,20.36
TPD,2011-08-15,2011,227,26.14,17.18,0,0.710241148792979,165.1095,37.3274505744629,366.91,1959.29,49469.79,21.66
TPD,2011-08-16,2011,228,27.74,15.54,0,0.974574097365247,198.369,44.7035944940334,440.82,1764.78,49311.98,21.64
TPD,2011-08-17,2011,229,26.92,14.55,0,0.942556324848993,200.1105,44.9505812222564,444.69,1655.27,49152.91,20.735
TPD,2011-08-18,2011,230,27.41,17.84,1.85,0.800258642287616,168.984,37.8348801416568,375.52,2042.11,48992.61,22.625
TPD,2011-08-19,2011,231,28.55,16.63,0,1.00066590629215,191.9835,42.8427221431343,426.63,1891.91,48831.15,22.59
TPD,2011-08-20,2011,232,27.63,15.74,6.57,0.951027218232935,144.3375,32.1028777312537,320.75,1787.77,48668.57,21.685
TPD,2011-08-21,2011,233,24.8,16.48,2.58,0.62371624324382,116.631,25.8532950430197,259.18,1873.89,48504.91,20.64
TPD,2011-08-22,2011,234,22.33,12.8,0,0.606444409075614,175.1715,38.6979778341261,389.27,1477.4,48340.22,17.565
TPD,2011-08-23,2011,235,25.09,12.36,6.29,0.870868667970528,151.0875,33.2630755166813,335.75,1435.31,48174.55,18.725
TPD,2011-08-24,2011,236,26.81,17.41,33.78,0.764374674743886,122.211,26.8126338988611,271.58,1987.65,48007.93,22.11
TPD,2011-08-25,2011,237,24.15,17.96,0,0.471863255622385,118.7955,25.9723456264827,263.99,2057.92,47840.42,21.055
TPD,2011-08-26,2011,238,24.25,14.84,0,0.667265999389677,168.6015,36.7317366610028,374.67,1686.55,47672.05,19.545
TPD,2011-08-27,2011,239,26.44,13.84,0,0.929872485176222,195.336,42.4051242074424,434.08,1581.46,47502.87,20.14
TPD,2011-08-28,2011,240,23.61,15.2,0,0.589630275471471,152.748,33.041126548044,339.44,1726.88,47332.9,19.405
TPD,2011-08-29,2011,241,24.36,11.84,0,0.827497427271414,196.074,42.260075096796,435.72,1386.74,47162.2,18.1
TPD,2011-08-30,2011,242,25.21,13.05,0,0.848633656274977,190.215,40.8482911433655,422.7,1502.08,46990.81,19.13
TPD,2011-08-31,2011,243,26.63,14.66,4.05,0.906479038081772,138.969,29.7340417501875,308.82,1667.27,46818.75,20.645
TPD,2011-09-01,2011,244,27.67,18.29,0,0.798727822786593,156.024,33.2600252350608,346.72,2100.82,46646.06,22.98
TPD,2011-09-02,2011,245,30.25,19.04,0,1.04611407572971,169.3305,35.9625139672203,376.29,2201.99,46472.78,24.645
TPD,2011-09-03,2011,246,31.29,20.82,7.2,1.04994520163415,118.665,25.1078766009975,263.7,2457.85,46298.95,26.055
TPD,2011-09-04,2011,247,25.29,19.15,7.71,0.498461254298757,82.9845,17.492254789959,184.41,2216.67,46124.6,22.22
TPD,2011-09-05,2011,248,18.29,13.57,0,0.270849046546888,93.3975,19.612578682872,207.55,1553.74,45949.76,15.93
TPD,2011-09-06,2011,249,17.78,11.67,1.02,0.3295264350608,119.223,24.9401792402217,264.94,1371.15,45774.47,14.725
TPD,2011-09-07,2011,250,17.45,13.67,4.33,0.212263544383869,57.7215,12.0283690939312,128.27,1563.39,45598.75,15.56
TPD,2011-09-08,2011,251,20,16,1.14,0.257062449302687,79.353,16.4722156027065,176.34,1816.97,45422.65,18.0
TPD,2011-09-09,2011,252,23.88,16.12,0,0.561061909859917,138.33,28.603191642858,307.4,1831.56,45246.18,20.0
TPD,2011-09-10,2011,253,24.65,15.11,0,0.688840753811698,159.8175,32.9171489700053,355.15,1716.37,45069.39,19.88
TPD,2011-09-11,2011,254,23.58,15.31,13.83,0.580773107099507,108.963,22.354610559993,242.14,1739.22,44892.3,19.445
TPD,2011-09-12,2011,255,24.9,15.72,0,0.678078416680996,154.5255,31.5768649666329,343.39,1784.61,44714.94,20.31
TPD,2011-09-13,2011,256,25.74,16.11,0,0.735590461140478,156.465,31.846204507167,347.7,1830.09,44537.34,20.925
TPD,2011-09-14,2011,257,20.63,9.42,3.68,0.622489728979606,133.3755,27.0382884353636,296.39,1180.15,44359.53,15.025
TPD,2011-09-15,2011,258,14.53,8.59,1.56,0.266834120466822,116.883,23.5997988534243,259.74,1116.3,44181.53,11.56
TPD,2011-09-16,2011,259,15.85,5.67,0,0.441833094391508,173.439,34.8778010890197,385.42,913.36,44003.39,10.76
TPD,2011-09-17,2011,260,18.43,8.84,0,0.48998975766897,163.5435,32.7546227531304,363.43,1135.08,43825.12,13.635
TPD,2011-09-18,2011,261,20.12,8,0,0.638604716729658,182.6505,36.4325002486988,405.89,1072.48,43646.75,14.06
TPD,2011-09-19,2011,262,17.89,11.25,18.67,0.354628872121936,93.285,18.5310817334595,207.3,1334.34,43468.31,14.57
TPD,2011-09-20,2011,263,21.14,11.41,0,0.57688741147467,159.4665,31.5479789779262,354.37,1348.07,43289.83,16.275
TPD,2011-09-21,2011,264,22.05,13.42,18.91,0.55313499745307,108.828,21.4411645565064,241.84,1538.43,43111.34,17.735
TPD,2011-09-22,2011,265,21.79,12.8,0,0.563071299827424,149.5935,29.3507189413137,332.43,1477.19,42932.86,17.295
TPD,2011-09-23,2011,266,16.46,12.94,4.94,0.188254056075472,52.5735,10.2722152144059,116.83,1490.62,42754.42,14.7
TPD,2011-09-24,2011,267,20.36,10.95,0,0.538029309768301,154.287,30.0200147904195,342.86,1308.03,42576.05,15.655
TPD,2011-09-25,2011,268,25.54,12.01,0,0.930556310868688,176.094,34.1195956479324,391.32,1402.43,42397.78,18.775
TPD,2011-09-26,2011,269,25.84,16.23,23.06,0.738828188662744,109.521,21.1313879643411,243.38,1843.69,42219.63,21.035
TPD,2011-09-27,2011,270,21.45,13.88,0,0.481497142031297,127.8045,24.5551162617666,284.01,1585.76,42041.64,17.665
TPD,2011-09-28,2011,271,21.57,12.48,11.34,0.56120386476272,109.1745,20.887014577091,242.61,1446.35,41863.83,17.025
TPD,2011-09-29,2011,272,18,11.18,16.22,0.365535741470074,91.296,17.3924422671456,202.88,1327.45,41686.23,14.59
TPD,2011-09-30,2011,273,16.12,8.49,7.2,0.359449507893943,101.0025,19.1597233647398,224.45,1108.61,41508.87,12.305
TPD,2011-10-01,2011,274,11.89,6.08,0,0.224980519716364,111.474,21.0558990214386,247.72,939.66,41331.77,8.985
TPD,2011-10-02,2011,275,10.02,3.97,7.86,0.207942491962059,87.759,16.5055598964774,195.02,811.39,41154.98,6.995
TPD,2011-10-03,2011,276,14.55,7.48,2.67,0.308684743224018,96.5925,18.0890504431898,214.65,1035.01,40978.51,11.015
TPD,2011-10-04,2011,277,19.44,9.08,0,0.549588907045992,155.997,29.088287607096,346.66,1153.58,40802.4,14.26
TPD,2011-10-05,2011,278,20.99,6.96,0,0.74056475542507,171.4365,31.8295739239974,380.97,998.58,40626.68,13.975
TPD,2011-10-06,2011,279,20.03,7.59,0,0.647281667745042,162.882,30.1108311083286,361.96,1042.53,40451.39,13.81
TPD,2011-10-07,2011,280,22.99,7.76,0,0.873181185148829,168.4575,31.0069255333185,374.35,1054.87,40276.54,15.375
TPD,2011-10-08,2011,281,24.09,9.53,0,0.901715217334593,162,29.6892553446,360,1189.39,40102.19,16.81
TPD,2011-10-09,2011,282,25.6,10.99,0,0.981860162770587,157.869,28.8067677103188,350.82,1311.27,39928.36,18.295
TPD,2011-10-10,2011,283,24.44,10.29,0,0.902545553476934,155.2725,28.210018913001,345.05,1251.31,39755.08,17.365
TPD,2011-10-11,2011,284,24.44,10.09,0,0.910491005762381,153.747,27.8115288790581,341.66,1235.07,39582.39,17.265
TPD,2011-10-12,2011,285,17.99,13.24,18.83,0.268278590700696,53.1045,9.5643945966708,118.01,1520.24,39410.32,15.615
TPD,2011-10-13,2011,286,18.6,14.56,21.47,0.239938503623255,45.468,8.1534065305392,101.04,1656.62,39238.92,16.58
TPD,2011-10-14,2011,287,16.44,10.99,8.39,0.276750346614824,61.8975,11.0512860951308,137.55,1311.18,39068.21,13.715
TPD,2011-10-15,2011,288,12.34,7.14,4.18,0.210298894793912,60.5835,10.7696260289588,134.63,1010.72,38898.25,9.74
TPD,2011-10-16,2011,289,13.71,8.98,4.28,0.209659417805421,55.1745,9.7654343008329,122.61,1145.65,38729.06,11.345
TPD,2011-10-17,2011,290,14.66,8.13,0,0.290845619516471,97.3125,17.148633308325,216.25,1082.13,38560.68,11.395
TPD,2011-10-18,2011,291,14.1,5.34,2.51,0.356100256371181,91.467,16.0485017473404,203.26,893.06,38393.16,9.72
TPD,2011-10-19,2011,292,12.72,8.2,18.63,0.189865426227914,52.8345,9.2299381832691,117.41,1087.06,38226.54,10.46
TPD,2011-10-20,2011,293,11.69,7.26,8.95,0.17581928282175,52.4925,9.1304472995235,116.65,1019.37,38060.86,9.475
TPD,2011-10-21,2011,294,9.85,6.66,3.17,0.117332101438858,39.204,6.7895642204676,87.12,978.35,37896.17,8.255
TPD,2011-10-22,2011,295,11.44,5.27,0,0.230046187051957,94.3155,16.2635313891375,209.59,888.63,37732.5,8.355
TPD,2011-10-23,2011,296,15.54,3.31,2.15,0.493522855110086,104.454,17.9341761226698,232.12,774.58,37569.91,9.425
TPD,2011-10-24,2011,297,14.77,8.56,1.29,0.281014858971153,89.505,15.301467869454,198.9,1113.87,37408.44,11.665
TPD,2011-10-25,2011,298,11.97,2.88,4.23,0.322995850104544,90.387,15.3860366699226,200.86,751.16,37248.14,7.425
TPD,2011-10-26,2011,299,11.36,5.73,6.49,0.21187719836081,63.1665,10.7065325157993,140.37,917.63,37089.06,8.545
TPD,2011-10-27,2011,300,6.29,1.39,0,0.138913326186627,76.311,12.8794475402748,169.58,675.27,36931.24,3.84
TPD,2011-10-28,2011,301,9.47,-1.89,0,0.32600009038503,133.3395,22.4091112801311,296.31,531.67,36774.74,3.79
TPD,2011-10-29,2011,302,8.04,-0.48,0,0.242455881369952,113.5575,19.0040365165455,252.35,589.67,36619.62,3.78
TPD,2011-10-30,2011,303,10.19,-1.38,0,0.344957892440339,130.3065,21.7154751134666,289.57,552.11,36465.91,4.405
TPD,2011-10-31,2011,304,11.06,3.72,1.82,0.259024659653043,97.5915,16.1956482529289,216.87,797.28,36313.67,7.39
TPD,2011-11-01,2011,305,13.21,4.21,0,0.344912063526001,109.197,18.0464174063613,242.66,825.29,36162.97,8.71
TPD,2011-11-02,2011,306,17.13,5.95,0,0.508865818276655,118.6785,19.5325039399257,263.73,931.47,36013.86,11.54
TPD,2011-11-03,2011,307,12.83,5.71,0,0.280713595064573,90.5175,14.8366651860405,201.15,916.32,35866.38,9.27
TPD,2011-11-04,2011,308,9.73,-0.02,0,0.297222478301424,113.625,18.54850200975,252.5,609.83,35720.6,4.855
TPD,2011-11-05,2011,309,11.51,-1.55,0,0.405172397589702,126.9855,20.6459395873636,282.19,545.39,35576.59,4.98
TPD,2011-11-06,2011,310,15.24,1.21,0,0.531210771466185,126.7245,20.5211466835767,281.61,666.35,35434.38,8.225
TPD,2011-11-07,2011,311,14.4,9.74,2.23,0.214994590515074,46.3455,7.4752443198261,102.99,1206.13,35294.06,12.07
TPD,2011-11-08,2011,312,18.62,10.66,0,0.428327126064787,93.447,15.0133269578193,207.66,1282.98,35155.67,14.64
TPD,2011-11-09,2011,313,16.99,8.04,11.11,0.428437713136143,76.5585,12.2522776138116,170.13,1074.96,35019.28,12.515
TPD,2011-11-10,2011,314,9.2,2.04,1.47,0.227094498663715,92.8215,14.7979953759623,206.27,707.61,34884.95,5.62
TPD,2011-11-11,2011,315,6.26,-0.25,0,0.175851834249509,86.3775,13.7184764330295,191.95,599.65,34752.74,3.005
TPD,2011-11-12,2011,316,12.77,2.62,0,0.36788948348567,108.4455,17.1588743346839,240.99,737.09,34622.71,7.695
TPD,2011-11-13,2011,317,16.64,9.52,0,0.350135251744891,83.61,13.180437235638,185.8,1188.52,34494.94,13.08
TPD,2011-11-14,2011,318,16.03,8.42,15.58,0.356815624209796,65.0925,10.2239798977057,144.65,1103.39,34369.47,12.225
TPD,2011-11-15,2011,319,12.74,6.31,0,0.257400013012428,77.1255,12.0706036803887,171.39,954.66,34246.39,9.525
TPD,2011-11-16,2011,320,11.12,3.17,0,0.276912891434853,89.9415,14.0267935160397,199.87,766.86,34125.74,7.145
TPD,2011-11-17,2011,321,5.31,-1.31,0,0.168108972450296,80.505,12.51166299966,178.9,554.81,34007.6,2.0
TPD,2011-11-18,2011,322,7.64,-3.05,0,0.27897980236602,105.2685,16.3046728306809,233.93,487.89,33892.02,2.295
TPD,2011-11-19,2011,323,13.8,5.05,0,0.349872270179268,90.216,13.9266796094496,200.48,874.91,33779.08,9.425
TPD,2011-11-20,2011,324,13.89,4.28,0,0.377449418435382,93.5145,14.3887580534826,207.81,829.06,33668.84,9.085
TPD,2011-11-21,2011,325,5.58,-0.9,0,0.1678551460375,73.08,11.208675342816,162.4,571.94,33561.36,2.34
TPD,2011-11-22,2011,326,4.22,-1.57,20.31,0.140590118183287,50.463,7.7156496222561,112.14,544.48,33456.71,1.325
TPD,2011-11-23,2011,327,8.43,0.99,0,0.223519586697275,79.731,12.1535618356098,177.18,656.12,33354.94,4.71
TPD,2011-11-24,2011,328,8.39,0.75,0,0.227785728936307,80.865,12.2899042726965,179.7,644.74,33256.13,4.57
TPD,2011-11-25,2011,329,13.28,6.03,0,0.292654466076413,74.8755,11.3468326185312,166.39,936.67,33160.32,9.655
TPD,2011-11-26,2011,330,14,7.61,3.88,0.275252373633017,49.8195,7.52866735602285,110.71,1044.15,33067.59,10.805
TPD,2011-11-27,2011,331,12.88,7.18,16.87,0.234223355109391,45.891,6.9162057316413,101.98,1013.97,32977.99,10.03
TPD,2011-11-28,2011,332,6.48,3.5,18.2,0.0905392822666402,26.64,4.004380046232,59.2,784.56,32891.59,4.99
TPD,2011-11-29,2011,333,7.13,5.01,30.32,0.0682396809871163,19.9485,2.99096887395735,44.33,872.65,32808.43,6.07
TPD,2011-11-30,2011,334,5.24,-0.17,0,0.14148026144882,62.5185,9.3508677002961,138.93,603.36,32728.58,2.535
TPD,2011-12-01,2011,335,6.07,-2.32,0,0.212043355318355,85.6035,12.7737586614596,190.23,515.04,32652.09,1.875
TPD,2011-12-02,2011,336,4.43,-1.58,0.08,0.146901644662088,68.499,10.1985504297786,152.22,544.08,32579.02,1.425
TPD,2011-12-03,2011,337,8.69,-3.24,0,0.321096769577034,98.901,14.6935241339337,219.78,480.96,32509.41,2.725
TPD,2011-12-04,2011,338,11.88,6.43,15.59,0.212990349292088,45.0045,6.67263389817015,100.01,962.66,32443.31,9.155
TPD,2011-12-05,2011,339,8.7,2.6,19.9,0.19363534110422,50.8995,7.5321163880577,113.11,736.18,32380.78,5.65
TPD,2011-12-06,2011,340,3.56,1.07,3.75,0.0638914127160548,24.0435,3.5514870289587,53.43,660.09,32321.86,2.315
TPD,2011-12-07,2011,341,1.94,-1.04,0,0.0682110878905531,38.1375,5.62369153789125,84.75,566.2,32266.59,0.45
TPD,2011-12-08,2011,342,3.8,-2.09,0,0.139151789327883,69.1065,10.174038309742,153.57,523.7,32215.01,0.855
TPD,2011-12-09,2011,343,1.97,-2.34,1.27,0.0948849265149071,53.9685,7.93358358764265,119.93,514.46,32167.17,-0.185
TPD,2011-12-10,2011,344,-1.8,-7.03,0,0.0879311769962804,64.5975,9.48307586967675,143.55,360.6,32123.09,-4.415
TPD,2011-12-11,2011,345,2.7,-6.19,0,0.17883809063783,89.3115,13.0947170374251,198.47,384.62,32082.82,-1.745
TPD,2011-12-12,2011,346,5.57,-4.15,0,0.229243821354904,91.6875,13.4278137707625,203.75,449.04,32046.38,0.71
TPD,2011-12-13,2011,347,6.94,-3.77,0,0.267339208761666,93.87,13.733473095279,208.6,462.34,32013.81,1.585
TPD,2011-12-14,2011,348,10.86,2.25,16.49,0.289999088269995,62.712,9.1667383636608,139.36,718.26,31985.12,6.555
TPD,2011-12-15,2011,349,12.48,3.88,14.63,0.319502562389837,61.758,9.0202965171804,137.24,805.92,31960.34,8.18
TPD,2011-12-16,2011,350,2.37,-0.47,1.69,0.0671254681120769,35.757,5.2192157717601,79.46,590.24,31939.49,0.95
TPD,2011-12-17,2011,351,-0.78,-4.48,1.87,0.0699514181585124,46.665,6.8077812169395,103.7,438.06,31922.59,-2.63
TPD,2011-12-18,2011,352,3.9,-4.29,0,0.181633750077737,84.465,12.3172860437325,187.7,444.43,31909.65,-0.195
TPD,2011-12-19,2011,353,7.56,0.94,0,0.193161371147192,73.3635,10.6953791049126,163.03,653.63,31900.68,4.25
TPD,2011-12-20,2011,354,4.01,-1.69,3.4,0.1372155501076,50.6655,7.3851683279328,112.59,539.43,31895.68,1.16
TPD,2011-12-21,2011,355,12.18,2.29,6.8,0.348134379477661,66.7575,9.73048253663925,148.35,720.34,31894.67,7.235
TPD,2011-12-22,2011,356,5.55,2.43,3.46,0.0888521597688345,29.655,4.322875029894,65.9,727.6,31897.64,3.99
TPD,2011-12-23,2011,357,0.96,-4.28,0,0.105442378072654,64.2735,9.37133187071805,142.83,444.68,31904.59,-1.66
TPD,2011-12-24,2011,358,2.73,-6.97,0.44,0.190878903604792,102.4695,14.9455742283887,227.71,362.19,31915.51,-2.12
TPD,2011-12-25,2011,359,5.86,0.47,0,0.146914669783207,64.665,9.43604147412,143.7,631.7,31930.4,3.165
TPD,2011-12-26,2011,360,4.98,0.81,0,0.111201006452065,52.6635,7.6892937193818,117.03,647.86,31949.24,2.895
TPD,2011-12-27,2011,361,3.66,-0.67,10.4,0.106244263786386,41.391,6.0477272307774,91.98,581.46,31972.02,1.495
TPD,2011-12-28,2011,362,-0.53,-8.32,0.46,0.131075435317927,94.2975,13.789514797344,209.55,326.4,31998.72,-4.425
TPD,2011-12-29,2011,363,3.32,-11.37,1.72,0.259683618790935,113.6925,16.6416303266843,252.65,256.3,32029.33,-4.025
TPD,2011-12-30,2011,364,6.71,1.91,10.26,0.140010495162067,42.9345,6.291259520427,95.41,700.94,32063.8,4.31
TPD,2011-12-31,2011,365,6.2,3.04,0,0.0934602755936916,40.023,5.8716436188843,88.94,759.88,32102.13,4.62
TPD,2012-01-01,2012,1,8.17,0.74,5.33,0.219927638775264,64.143,9.4226183868546,142.54,644.22,32144.46,4.455
TPD,2012-01-02,2012,2,0.04,-5.82,4.91,0.10882892806279,55.899,8.2233115996563,124.22,395.76,32190.41,-2.89
TPD,2012-01-03,2012,3,-5.56,-14.95,0,0.10682930188087,102.465,15.0969167211555,227.7,191.58,32240.11,-10.255
TPD,2012-01-04,2012,4,0.03,-13.91,0,0.202246470276197,115.524,17.0491920824736,256.72,208.67,32293.52,-6.94
TPD,2012-01-05,2012,5,4,-1.68,0,0.136548862413535,72.6795,10.7451035488922,161.51,540.01,32350.61,1.16
TPD,2012-01-06,2012,6,8.52,2.08,0,0.200098492932285,71.181,10.5433106719644,158.18,709.55,32411.32,5.3
TPD,2012-01-07,2012,7,7.28,1.47,0,0.170697915200814,66.5595,9.87833694608145,147.91,678.93,32475.63,4.375
TPD,2012-01-08,2012,8,1.9,-2.21,0,0.0908449904836974,50.814,7.5572439525306,112.92,519.23,32543.47,-0.155
TPD,2012-01-09,2012,9,4.62,-3.61,0,0.190589056681023,86.841,12.943619439876,192.98,467.98,32614.8,0.505
TPD,2012-01-10,2012,10,5.97,-1.06,0,0.183497613767838,78.5295,11.7316304228277,174.51,565.38,32689.58,2.455
TPD,2012-01-11,2012,11,7.44,-1.88,4.26,0.249802771940549,69.9255,10.4712437574009,155.39,532.07,32767.74,2.78
TPD,2012-01-12,2012,12,5.71,0.93,6.98,0.131396943663264,44.1765,6.6318215404302,98.17,653.1,32849.24,3.32
TPD,2012-01-13,2012,13,-1.05,-6.9,4.21,0.101148220892319,60.003,9.0309570672771,133.34,364.35,32934.01,-3.975
TPD,2012-01-14,2012,14,-5.18,-12.55,0,0.0919420493808293,96.2145,14.51978215083,213.81,233.16,33022,-8.865
TPD,2012-01-15,2012,15,-3.88,-17.84,0,0.15478518626697,125.388,18.9746075807856,278.64,150.33,33113.16,-10.86
TPD,2012-01-16,2012,16,5.41,-8.7,11.36,0.290546825108806,94.365,14.320635120531,209.7,316.61,33207.42,-1.645
TPD,2012-01-17,2012,17,10.35,0.16,7.69,0.318875764824027,84.6225,12.8797658809223,188.05,617.67,33304.73,5.255
TPD,2012-01-18,2012,18,-1.7,-6.31,0,0.0796246578570453,69.048,10.5409295262936,153.44,381.14,33405.01,-4.005
TPD,2012-01-19,2012,19,-1.63,-9.31,6.97,0.120579737777154,77.571,11.8786462306434,172.38,302,33508.22,-5.47
TPD,2012-01-20,2012,20,-6.58,-13.57,2.13,0.080308501941639,74.6235,11.4634575717606,165.83,214.47,33614.28,-10.075
TPD,2012-01-21,2012,21,-2.47,-9.47,0,0.106228487985243,99.7605,15.3745644974229,221.69,298.17,33723.14,-5.97
TPD,2012-01-22,2012,22,3.57,-9.66,7.12,0.247832457617829,99.765,15.4261348017165,221.7,293.7,33834.73,-3.045
TPD,2012-01-23,2012,23,8.85,-0.44,4.93,0.271967051765411,87.3045,13.5450171705537,194.01,591.31,33948.98,4.205
TPD,2012-01-24,2012,24,1.16,-0.42,0,0.036166418239057,28.62,4.455585729522,63.6,592.27,34065.83,0.37
TPD,2012-01-25,2012,25,-0.31,-2,3.24,0.0350713771011765,22.8105,3.5636035609017,50.69,527.51,34185.22,-1.155
TPD,2012-01-26,2012,26,2.99,-1.76,11.96,0.110033576829202,56.7045,8.89032437901585,126.01,537.02,34307.09,0.615
TPD,2012-01-27,2012,27,3.18,-0.09,4.03,0.0803071767584447,40.6665,6.3989272595808,90.37,606.73,34431.36,1.545
TPD,2012-01-28,2012,28,1.72,-1.53,3.4,0.0730345308840931,41.067,6.4857100204962,91.26,545.91,34557.98,0.095
TPD,2012-01-29,2012,29,1.4,-4.2,6.93,0.114406233982904,67.4325,10.689335272692,149.85,447.57,34686.88,-1.4
TPD,2012-01-30,2012,30,3.37,-6.95,0.61,0.20760340025203,132.453,21.0756848386779,294.34,362.95,34817.99,-1.79
TPD,2012-01-31,2012,31,10.74,-1.01,0,0.360568048335554,136.0845,21.7364040685179,302.41,567.27,34951.26,4.865
TPD,2012-02-01,2012,32,8.37,2.74,0,0.177573722977602,89.3925,14.3337167000595,198.65,743.51,35086.62,5.555
TPD,2012-02-02,2012,33,2.37,0.26,0,0.0510291192748643,39.249,6.3180577599993,87.22,622.4,35224.01,1.315
TPD,2012-02-03,2012,34,3.98,-1.6,0,0.134502414030027,95.9535,15.5071027934582,213.23,543.08,35363.37,1.19
TPD,2012-02-04,2012,35,3.92,-2.81,0,0.15587161125426,111.015,18.0128675024865,246.7,496.77,35504.63,0.555
TPD,2012-02-05,2012,36,3.13,-3.17,0,0.14069996380966,107.325,17.484334188435,238.5,483.5,35647.74,-0.02
TPD,2012-02-06,2012,37,6.42,-2.16,0,0.220348791118326,129.708,21.2166442934784,288.24,521.26,35792.64,2.13
TPD,2012-02-07,2012,38,2.27,-2.98,0,0.114535887822853,94.203,15.4721285216946,209.34,490.49,35939.26,-0.355
TPD,2012-02-08,2012,39,0.07,-6.81,0,0.123938119582325,118.1115,19.4789662022358,262.47,366.87,36087.56,-3.37
TPD,2012-02-09,2012,40,2.74,-4.68,0,0.156255940115687,124.308,20.5860559128732,276.24,431.65,36237.47,-0.97
TPD,2012-02-10,2012,41,0.12,-3.44,7.22,0.0716051165194772,47.9205,7.9690572306639,106.49,473.71,36388.94,-1.66
TPD,2012-02-11,2012,42,-3.61,-10.72,3.74,0.0995914284288701,95.139,15.8878827439893,211.42,270.04,36541.91,-7.165
TPD,2012-02-12,2012,43,-2.86,-9.93,1.66,0.104370524257142,127.467,21.3764999092227,283.26,287.45,36696.33,-6.395
TPD,2012-02-13,2012,44,1.13,-7.82,0,0.162227981751134,145.71,24.539644709658,323.8,339.22,36852.14,-3.345
TPD,2012-02-14,2012,45,1.53,-2.05,1.16,0.0786473637048578,75.4785,12.7658674767285,167.73,525.37,37009.3,-0.26
TPD,2012-02-15,2012,46,3.19,-1.41,2.73,0.108420743727391,72.9045,12.3833117705288,162.01,551.02,37167.75,0.89
TPD,2012-02-16,2012,47,4.89,-1.45,1.55,0.157890258794768,113.8545,19.4220293698836,253.01,549.37,37327.44,1.72
TPD,2012-02-17,2012,48,4.12,-1.3,1.99,0.132438584229656,102.7935,17.6107538898374,228.43,555.2,37488.33,1.41
TPD,2012-02-18,2012,49,2.36,-3.07,0,0.118499013330145,105.255,18.110401093026,233.9,487.2,37650.36,-0.355
TPD,2012-02-19,2012,50,-0.79,-5.78,0,0.0902937054422424,100.9125,17.4384519099862,224.25,396.95,37813.49,-3.285
TPD,2012-02-20,2012,51,2.11,-8.33,0,0.192929619794016,153.828,26.6980726248732,341.84,326,37977.67,-3.11
TPD,2012-02-21,2012,52,4.74,-3.94,5.86,0.200077098197069,108.558,18.9230565631716,241.24,456.35,38142.86,0.4
TPD,2012-02-22,2012,53,5.34,0.39,4.05,0.132232853816536,77.22,13.519073407554,171.6,628.19,38309.01,2.865
TPD,2012-02-23,2012,54,4.48,-0.59,2.11,0.127907956466945,79.101,13.9087785666456,175.78,584.99,38476.08,1.945
TPD,2012-02-24,2012,55,5.49,-0.53,5.88,0.157110395795866,89.5365,15.8124339478742,198.97,587.69,38644.03,2.48
TPD,2012-02-25,2012,56,0.31,-2.56,0,0.0595979905185449,65.493,11.6167908595581,145.54,506.02,38812.81,-1.125
TPD,2012-02-26,2012,57,2.85,-4.52,0,0.156497052576229,139.545,24.8598750893535,310.1,436.94,38982.39,-0.835
TPD,2012-02-27,2012,58,8.2,-2.39,0,0.287142324093165,161.8065,28.9517095648247,359.57,512.27,39152.73,2.905
TPD,2012-02-28,2012,59,3.6,-3.98,0,0.167847527793584,141.876,25.4964962772828,315.28,455.03,39323.79,-0.19
TPD,2012-02-29,2012,60,4.22,-0.94,6.06,0.127699351676267,82.71,14.928702278544,183.8,570.24,39495.52,1.64
TPD,2012-03-01,2012,61,5.45,0.28,0.99,0.137972650640821,113.031,20.490519990393,251.18,623.38,39667.9,2.865
TPD,2012-03-02,2012,62,10.08,-0.03,5.89,0.311854989525466,123.9525,22.5683870840033,275.45,609.25,39840.89,5.025
TPD,2012-03-03,2012,63,5.43,0.11,0,0.141355815346094,115.5915,21.1377594580898,256.87,615.56,40014.45,2.77
TPD,2012-03-04,2012,64,-0.54,-6.14,0,0.100888304416392,123.5655,22.6942408699209,274.59,386.28,40188.54,-3.34
TPD,2012-03-05,2012,65,-1.92,-9.84,0,0.121087496257753,156.6765,28.9004766542397,348.17,289.59,40363.14,-5.88
TPD,2012-03-06,2012,66,8.63,-7.43,0,0.384574989198804,188.7345,34.9648816942697,419.41,349.69,40538.21,0.6
TPD,2012-03-07,2012,67,15.66,3.9,4.69,0.484309108211932,130.923,24.3597560014692,290.94,807.01,40713.72,9.78
TPD,2012-03-08,2012,68,12.54,1.67,9.13,0.380888039850966,129.8475,24.264038111643,288.55,688.95,40889.64,7.105
TPD,2012-03-09,2012,69,2.43,-3.51,0.48,0.128230161531123,128.0295,24.027462716153,284.51,471.41,41065.93,-0.54
TPD,2012-03-10,2012,70,4.42,-7.21,0,0.24100044705477,184.3065,34.7378125128048,409.57,355.71,41242.56,-1.395
TPD,2012-03-11,2012,71,13.92,1.51,0,0.452920317735962,182.5245,34.5495443631872,405.61,681.31,41419.51,7.715
TPD,2012-03-12,2012,72,14.39,2.84,12.81,0.443694709652548,133.9335,25.4603701839303,297.63,748.91,41596.74,8.615
TPD,2012-03-13,2012,73,16.33,5.95,0,0.460494624494247,169.8615,32.4279507343221,377.47,931.57,41774.22,11.14
TPD,2012-03-14,2012,74,17.72,0.01,0,0.706648404134582,197.2305,37.813094593483,438.29,610.92,41951.93,8.865
TPD,2012-03-15,2012,75,20.82,6.99,5.28,0.726605865117759,138.3075,26.628808905306,307.35,1000.67,42129.84,13.905
TPD,2012-03-16,2012,76,19.75,8.26,0,0.602783362369826,173.0025,33.4495400929718,384.45,1091.21,42307.91,14.005
TPD,2012-03-17,2012,77,21.56,7.37,0,0.77053081628035,186.0705,36.1277401129722,413.49,1026.92,42486.12,14.465
TPD,2012-03-18,2012,78,21.88,9.27,0,0.725002286777506,177.534,34.614964430991,394.52,1168.36,42664.45,15.575
TPD,2012-03-19,2012,79,21.24,9.76,0,0.654879241288772,170.451,33.3729122778495,378.78,1207.72,42842.85,15.5
TPD,2012-03-20,2012,80,24.33,9.05,0,0.942274704316964,188.424,37.0455588425376,418.72,1151.66,43021.32,16.69
TPD,2012-03-21,2012,81,25.4,10.27,0,0.99381733229612,187.02,36.92206554372,415.6,1249.32,43199.8,17.835
TPD,2012-03-22,2012,82,25.15,10.22,0,0.971443085403293,186.7815,37.027337676512,415.07,1245.71,43378.29,17.685
TPD,2012-03-23,2012,83,20.13,10.59,3.79,0.536705599525871,113.4045,22.5736639336494,252.01,1277.07,43556.76,15.36
TPD,2012-03-24,2012,84,12.03,5.96,6.72,0.235183902132107,83.025,16.59418028163,184.5,932.02,43735.16,8.995
TPD,2012-03-25,2012,85,15.9,4.6,0,0.477368078644352,173.9565,34.9103991959554,386.57,847.96,43913.49,10.25
TPD,2012-03-26,2012,86,5.59,-1.74,0,0.185362237510937,132.741,26.747187918129,294.98,537.66,44091.7,1.925
TPD,2012-03-27,2012,87,10.82,-6.4,0,0.458543389149276,211.8015,42.8501648662934,470.67,378.57,44269.77,2.21
TPD,2012-03-28,2012,88,18.91,4.2,0,0.678165221106047,195.3585,39.6823706662896,434.13,824.21,44447.68,11.555
TPD,2012-03-29,2012,89,5.12,2.34,0,0.0779233034958067,55.476,11.3136662798748,123.28,722.89,44625.39,3.73
TPD,2012-03-30,2012,90,7.07,-1.76,9.86,0.234644276764086,114.5475,23.4534993535553,254.55,536.71,44802.87,2.655
TPD,2012-03-31,2012,91,6.51,-0.2,0,0.183169805677471,122.3775,25.1558034980175,271.95,601.68,44980.1,3.155
TPD,2012-04-01,2012,92,6.82,1.72,2.49,0.148592501194611,72.7065,15.0042745251203,161.57,691.35,45157.05,4.27
TPD,2012-04-02,2012,93,11.22,0.21,0,0.355034864120504,177.966,36.8700995186478,395.48,620,45333.69,5.715
TPD,2012-04-03,2012,94,13.94,-1.21,0,0.515185968514964,206.883,43.0276522489938,459.74,559.17,45509.98,6.365
TPD,2012-04-04,2012,95,12.49,1.97,0,0.37113704198156,170.2125,35.5377346509263,378.25,703.79,45685.89,7.23
TPD,2012-04-05,2012,96,8,-0.58,0,0.242946885282558,151.7715,31.809272358357,337.27,585.58,45861.4,3.71
TPD,2012-04-06,2012,97,11.99,-0.86,0,0.412913497904794,196.605,41.363079827328,436.9,573.6,46036.48,5.565
TPD,2012-04-07,2012,98,13.87,-1.7,0,0.521645172447472,213.4935,45.0865470004686,474.43,539.23,46211.08,6.085
TPD,2012-04-08,2012,99,13.24,0.37,0,0.44589579944284,194.904,41.3157941437176,433.12,627.17,46385.17,6.805
TPD,2012-04-09,2012,100,12.12,2.46,0,0.340874409949024,163.395,34.7661090557595,363.1,729.19,46558.73,7.29
TPD,2012-04-10,2012,101,8.29,1.19,1.08,0.213331605277557,131.166,28.0123304298264,291.48,665.85,46731.72,4.74
TPD,2012-04-11,2012,102,9.13,0.73,0,0.256289288783054,152.3565,32.6578804182405,338.57,643.97,46904.1,4.93
TPD,2012-04-12,2012,103,10.93,-1.05,0,0.369453079172901,194.499,41.8438513850112,432.22,565.74,47075.84,4.94
TPD,2012-04-13,2012,104,14.13,-1.24,0,0.525809014126183,218.934,47.271864317022,486.52,557.78,47246.9,6.445
TPD,2012-04-14,2012,105,13.74,2.6,2.63,0.41627879186015,140.238,30.3891239872584,311.64,736.26,47417.24,8.17
TPD,2012-04-15,2012,106,21.56,10.44,4.63,0.651202699054626,134.685,29.290184992269,299.3,1264.38,47586.82,16.0
TPD,2012-04-16,2012,107,23.36,10.88,0,0.812644941741899,192.4335,41.997282044382,427.63,1270.15,47755.6,17.12
TPD,2012-04-17,2012,108,10.66,2.73,0,0.269190010392046,151.416,33.161712567876,336.48,742.95,47923.55,6.695
TPD,2012-04-18,2012,109,13.53,-0.94,0,0.49490771622582,219.834,48.3138368882694,488.52,564.14,48090.63,6.295
TPD,2012-04-19,2012,110,20.38,4.83,0,0.837332085659197,222.111,48.9829127979906,493.58,787.77,48256.78,12.605
TPD,2012-04-20,2012,111,23.32,7.77,6.49,0.905240548899749,163.5255,36.186296728424,363.39,1051.4,48421.97,15.545
TPD,2012-04-21,2012,112,7.56,3.26,0.64,0.134006544612654,91.3185,20.2762415282018,202.93,771.58,48586.15,5.41
TPD,2012-04-22,2012,113,8.47,3.44,0,0.162303059154123,106.785,23.790011822136,237.3,781.38,48749.28,5.955
TPD,2012-04-23,2012,114,7.49,2.31,3.87,0.156679542461723,83.1105,18.5772522721302,184.69,721.31,48911.32,4.9
TPD,2012-04-24,2012,115,9.84,1.78,0.83,0.259352753896047,163.1295,36.5834216210612,362.51,694.36,49072.21,5.81
TPD,2012-04-25,2012,116,13.95,-0.81,0,0.545713243266724,229.6755,51.6746409054165,510.39,537.46,49231.9,6.57
TPD,2012-04-26,2012,117,15.27,2.58,0,0.565952642891781,215.829,48.7156150785708,479.62,667.53,49390.36,8.925
TPD,2012-04-27,2012,118,9.08,0.4,0,0.26191447120593,175.7745,39.8010008328768,390.61,628.82,49547.52,4.74
TPD,2012-04-28,2012,119,9.02,-1.98,0,0.328432721288921,203.859,46.3053931576479,453.02,509.83,49703.33,3.52
TPD,2012-04-29,2012,120,14.33,-2.87,0,0.652515519801257,243.8415,55.5592768016328,541.87,409.94,49857.76,5.73
TPD,2012-04-30,2012,121,12.44,2.46,11,0.356258250835505,139.5675,31.8980175958868,310.15,728.8,50010.73,7.45
TPD,2012-05-01,2012,122,13.6,6.92,0,0.279230823789398,133.65,30.6380935971,297,995.68,50162.2,10.26
TPD,2012-05-02,2012,123,23.4,8.37,0,1.09693756934547,225.423,51.8306859504621,500.94,888.56,50312.11,15.885
TPD,2012-05-03,2012,124,27.48,11.19,7.92,1.2980337644559,169.4115,39.0669820316276,376.47,1195.83,50460.41,19.335
TPD,2012-05-04,2012,125,23.44,14.15,0.17,0.725957901784671,165.573,38.2927586130144,367.94,1519.28,50607.04,18.795
TPD,2012-05-05,2012,126,17.16,9.22,0,0.39404570589863,152.226,35.3067452202708,338.28,1164.43,50751.94,13.19
TPD,2012-05-06,2012,127,19.69,6.95,0,0.76912690270585,212.6655,49.4639588577051,472.59,874.01,50895.06,13.32
TPD,2012-05-07,2012,128,17.45,11.08,7.75,0.334882215933755,96.318,22.4648233528032,214.04,1318.65,51036.32,14.265
TPD,2012-05-08,2012,129,18.32,10.7,4.14,0.407342809677152,113.607,26.5695989252031,252.46,1285.74,51175.69,14.51
TPD,2012-05-09,2012,130,18.35,7.84,5.77,0.521844242293012,145.2105,34.0519748752638,322.69,1060.77,51313.08,13.095
TPD,2012-05-10,2012,131,15.68,6.34,0,0.41295722571346,180.6075,42.464321761761,401.35,954.14,51448.44,11.01
TPD,2012-05-11,2012,132,19.66,3.94,0,0.852035165133684,237.789,56.0536348700556,528.42,695,51581.72,11.8
TPD,2012-05-12,2012,133,22.52,8.58,0,0.971522070327226,222.9705,52.6941007058754,495.49,947.33,51712.84,15.55
TPD,2012-05-13,2012,134,21.02,10.48,0,0.722606354894988,191.5335,45.3774946808853,425.63,1152.84,51841.74,15.75
TPD,2012-05-14,2012,135,22.87,6.95,0,1.07407569483694,237.024,56.2921109221248,526.72,815.46,51968.36,14.91
TPD,2012-05-15,2012,136,23.8,6.99,0,1.16955990385747,240.3135,57.2098404168648,534.03,801.67,52092.64,15.395
TPD,2012-05-16,2012,137,17.02,7.42,1.14,0.509413779745414,181.3185,43.266276805658,402.93,973.61,52214.51,12.22
TPD,2012-05-17,2012,138,17.31,0.41,0,0.775488587835637,245.7,58.76307850959,546,525.22,52333.91,8.86
TPD,2012-05-18,2012,139,23.39,4.01,0,1.21676249073263,251.2755,60.230742099107,558.39,625.22,52450.77,13.7
TPD,2012-05-19,2012,140,28.06,8.39,0,1.62733577725575,247.842,59.5371472952382,550.76,816.07,52565.03,18.225
TPD,2012-05-20,2012,141,30.11,11.39,0,1.80848880617219,241.3755,58.1068438930017,536.39,995.67,52676.62,20.75
TPD,2012-05-21,2012,142,27.58,13.96,0,1.33902613544603,208.197,50.2232881085892,462.66,1297.72,52785.48,20.77
TPD,2012-05-22,2012,143,22.19,11.92,0,0.781496478392892,175.0005,42.3001379696918,388.89,1249.5,52891.55,17.055
TPD,2012-05-23,2012,144,24.17,10.22,0,1.13816089901446,212.895,51.560199796014,473.1,988.24,52994.76,17.195
TPD,2012-05-24,2012,145,28.25,13.71,0,1.50205191132919,211.986,51.4372209084612,471.08,1195.28,53095.06,20.98
TPD,2012-05-25,2012,146,29.34,17.62,0,1.43232925493288,182.016,44.2461112498944,404.48,1612.5,53192.37,23.48
TPD,2012-05-26,2012,147,26.98,14.92,0,1.27717697743932,189.9675,46.2608664322793,422.15,1346.86,53286.63,20.95
TPD,2012-05-27,2012,148,24.95,13.86,7.15,0.870997924803623,132.948,32.430875917608,295.44,1495.72,53377.8,19.405
TPD,2012-05-28,2012,149,30.26,17.4,0,1.56419601932353,192.537,47.044241437122,427.86,1577.64,53465.8,23.83
TPD,2012-05-29,2012,150,26.15,17.92,4.45,0.664974307122564,102.591,25.1067005162046,227.98,2052.29,53550.58,22.035
TPD,2012-05-30,2012,151,21.77,12.1,0,0.744376512219436,166.3515,40.7725206894684,369.67,1261.17,53632.08,16.935
TPD,2012-05-31,2012,152,20.12,8.9,6.77,0.642422048433737,139.5585,34.2554491955363,310.13,1102.33,53710.25,14.51
TPD,2012-06-01,2012,153,17.81,10.85,34.36,0.367744261416529,95.8455,23.5585970145324,212.99,1298.64,53785.04,14.33
TPD,2012-06-02,2012,154,19.18,9.96,3.86,0.495814138489516,123.4755,30.3902415605133,274.39,1224.35,53856.38,14.57
TPD,2012-06-03,2012,155,20.02,11.73,0.75,0.47874253581177,149.8455,36.9269856535451,332.99,1377.11,53924.23,15.875
TPD,2012-06-04,2012,156,17.87,8.82,1.28,0.45427761039847,163.7595,40.4039929647141,363.91,1133.47,53988.54,13.345
TPD,2012-06-05,2012,157,20.07,9.86,0,0.597018663414956,179.046,44.2252783932372,397.88,1182.06,54049.26,14.965
TPD,2012-06-06,2012,158,21.99,9.19,4.35,0.736556294678004,153.594,37.9785840183288,341.32,1162.49,54106.36,15.59
TPD,2012-06-07,2012,159,24.02,10,0,1.04517575356501,214.83,53.172615105918,477.4,1058.66,54159.78,17.01
TPD,2012-06-08,2012,160,25.19,11.25,0.57,1.11890956229974,211.8735,52.4889738317646,470.83,1146.16,54209.48,18.22
TPD,2012-06-09,2012,161,26.14,16.28,2.24,0.76487503560987,120.1635,29.7942226894908,267.03,1850.35,54255.44,21.21
TPD,2012-06-10,2012,162,30.05,15.5,0,1.52051365159691,210.402,52.2091686282354,467.56,1482.66,54297.61,22.775
TPD,2012-06-11,2012,163,28.43,16.39,1.18,1.26222732918029,188.307,46.7595162021204,418.46,1602.51,54335.96,22.41
TPD,2012-06-12,2012,164,26.27,16.37,1.37,0.913957746978572,163.719,40.6797514471818,363.82,1719.62,54370.46,21.32
TPD,2012-06-13,2012,165,20.69,9.08,0,0.757312965620966,194.8905,48.4523082320477,433.09,1036.48,54401.09,14.885
TPD,2012-06-14,2012,166,23.73,9.69,0,1.07975866828504,218.376,54.3177743850792,485.28,985.71,54427.81,16.71
TPD,2012-06-15,2012,167,27.49,12.66,0,1.39834721405687,219.348,54.5824101026232,487.44,1164.08,54450.62,20.075
TPD,2012-06-16,2012,168,27.37,16.02,0,1.15300235726154,184.401,45.9021239044893,409.78,1574.02,54469.49,21.695
TPD,2012-06-17,2012,169,25.24,18.78,2.68,0.518563521856433,86.7825,21.60829646451,192.85,2166.53,54484.4,22.01
TPD,2012-06-18,2012,170,26.97,18.72,0,0.79702561307007,147.1455,36.6456670420523,326.99,2056.76,54495.35,22.845
TPD,2012-06-19,2012,171,30.5,21.03,0,1.17874461956926,163.296,40.6730570321376,362.88,2244.44,54502.33,25.765
TPD,2012-06-20,2012,172,31.33,20.99,0,1.3606383149237,175.311,43.6680964461564,389.58,2165.25,54505.32,26.16
TPD,2012-06-21,2012,173,30.79,19.79,5.1,1.14113388162835,135.918,33.8551124404284,302.04,2226.91,54504.34,25.29
TPD,2012-06-22,2012,174,25.95,17.13,0,0.844014748135508,163.917,40.8255156715653,364.26,1803.52,54499.37,21.54
TPD,2012-06-23,2012,175,25.14,13.6,0,1.08349621960826,204.5385,50.9344266842469,454.53,1287.93,54490.42,19.37
TPD,2012-06-24,2012,176,25.63,14.35,3.42,0.90799690009092,148.374,36.9395205341418,329.72,1549.29,54477.51,19.99
TPD,2012-06-25,2012,177,20.75,14.21,0,0.410656389238854,133.9425,33.3362897073517,297.65,1620.05,54460.63,17.48
TPD,2012-06-26,2012,178,25.06,12.35,0,1.13773935534156,218.1195,54.2659355074381,484.71,1165.13,54439.81,18.705
TPD,2012-06-27,2012,179,26.8,13.75,0,1.2844455412127,218.7675,54.4024071381735,486.15,1259.19,54415.06,20.275
TPD,2012-06-28,2012,180,30.6,17.35,0,1.61140313469093,212.9715,52.9331723345345,473.27,1569.59,54386.39,23.975
TPD,2012-06-29,2012,181,30.41,19.93,0,1.39991812011321,182.0025,45.208883874222,404.45,1930.5,54353.84,25.17
TPD,2012-06-30,2012,182,29.67,16.69,0,1.5663389944975,212.256,52.6884459289056,471.68,1460.21,54317.43,23.18
TPD,2012-07-01,2012,183,28.53,16.43,0,1.41100134235028,203.445,50.463863444907,452.1,1467.38,54277.18,22.48
TPD,2012-07-02,2012,184,30.01,15.28,0,1.70964505184794,224.433,55.6246875783753,498.74,1276.34,54233.13,22.645
TPD,2012-07-03,2012,185,27.03,18.13,6.79,0.751344359846038,117.8235,29.1762641286274,261.83,2069.61,54185.31,22.58
TPD,2012-07-04,2012,186,31.9,18.69,6.52,1.47141410650663,150.6195,37.2619513799424,334.71,1964.88,54133.76,25.295
TPD,2012-07-05,2012,187,30.22,20.88,0,1.12381487156285,158.7645,39.2368737916278,352.81,2253.26,54078.52,25.55
TPD,2012-07-06,2012,188,32.78,20.86,0,1.64536996598188,188.631,46.5672714768054,419.18,2066.16,54019.62,26.82
TPD,2012-07-07,2012,189,31.68,21.77,0,1.30587158983754,165.582,40.8298706792514,367.96,2326.64,53957.11,26.725
TPD,2012-07-08,2012,190,28.44,17.63,0,1.19827629566023,185.472,45.6784248969216,412.16,1743.59,53891.04,23.035
TPD,2012-07-09,2012,191,26.83,14.12,0,1.23425874511657,209.2635,51.4712930594827,465.03,1331.55,53821.45,20.475
TPD,2012-07-10,2012,192,27.61,15.58,0,1.24996725820201,201.4785,49.489201832958,447.73,1477.58,53748.4,21.595
TPD,2012-07-11,2012,193,28.98,14.98,0,1.49106115479811,218.0385,53.4806402895239,484.53,1356.14,53671.93,21.98
TPD,2012-07-12,2012,194,31.39,15.17,0,1.83709501657294,229.275,56.153092284675,509.5,1316.77,53592.1,23.28
TPD,2012-07-13,2012,195,31.01,18.32,0,1.55887034557064,199.4265,48.7669571880719,443.17,1736.31,53508.97,24.665
TPD,2012-07-14,2012,196,28.01,17.12,4.23,0.962367987167014,136.0035,33.2040564157671,302.23,1899.75,53422.58,22.565
TPD,2012-07-15,2012,197,28.22,20.73,6.04,0.685995744552097,99.9585,24.3630706979885,222.13,2445.61,53333.01,24.475
TPD,2012-07-16,2012,198,30.74,18.89,0,1.44498152453434,192.6135,46.8644383949085,428.03,1854.02,53240.3,24.815
TPD,2012-07-17,2012,199,33.13,22.46,0,1.47893994780038,170.9505,41.5188181443704,379.89,2408.34,53144.51,27.795
TPD,2012-07-18,2012,200,29.03,20.86,0,0.852182450433451,141.957,34.4130655223628,315.46,2381.22,53045.72,24.945
TPD,2012-07-19,2012,201,24.17,16.91,7.11,0.539734467839881,101.2005,24.4858599984515,224.89,1925.96,52943.97,20.54
TPD,2012-07-20,2012,202,24.32,15.97,0,0.674126134271262,153.927,37.1696359385187,342.06,1749.35,52839.33,20.145
TPD,2012-07-21,2012,203,26.69,14.11,0,1.18647295563322,206.046,49.6539223491114,457.88,1364.36,52731.87,20.4
TPD,2012-07-22,2012,204,29.98,19.04,0,1.27076066830205,180.414,43.386128399367,400.92,1944.29,52621.65,24.51
TPD,2012-07-23,2012,205,31.45,21.72,0,1.23772849643044,161.3205,38.7112570213001,358.49,2360.55,52508.73,26.585
TPD,2012-07-24,2012,206,28.32,19.04,0,0.996431432000416,161.55,38.681012923695,359,2024.98,52393.17,23.68
TPD,2012-07-25,2012,207,27.57,13.6,8.71,1.16217153096876,159.1785,38.0272626921623,353.73,1455.11,52275.05,20.585
TPD,2012-07-26,2012,208,27.46,19.82,10.14,0.670203220903351,100.9755,24.0670715551844,224.39,2311.74,52154.41,23.64
TPD,2012-07-27,2012,209,26.85,18.92,4.09,0.669675146402146,106.326,25.2825390537588,236.28,2185.17,52031.34,22.885
TPD,2012-07-28,2012,210,27.3,18.54,0,0.766346787140456,155.214,36.8183001038022,344.92,2110.11,51905.89,22.92
TPD,2012-07-29,2012,211,27.54,15.71,0,1.09637220646342,195.183,46.1853831174003,433.74,1631.02,51778.13,21.625
TPD,2012-07-30,2012,212,28.87,14.8,0,1.39776449924127,214.5555,50.6419441227162,476.79,1426.96,51648.12,21.835
TPD,2012-07-31,2012,213,29.66,18.45,0,1.22186472004159,184.05,43.330486608405,409,1914.79,51515.93,24.055
TPD,2012-08-01,2012,214,27.94,16.41,0,1.13781290477454,191.547,44.9779091555619,425.66,1673.69,51381.61,22.175
TPD,2012-08-02,2012,215,28.42,15.89,0,1.28467394539826,200.6595,46.9925889873755,445.91,1549.75,51245.23,22.155
TPD,2012-08-03,2012,216,32.41,19.43,0,1.64278466605738,197.0955,46.0332998118441,437.99,1913.39,51106.86,25.92
TPD,2012-08-04,2012,217,32.88,20.5,5.31,1.34679567461659,138.1905,32.1869288216259,307.09,2351.76,50966.54,26.69
TPD,2012-08-05,2012,218,28.05,20,3.82,0.722387537331112,105.1515,24.4232528403443,233.67,2336.6,50824.35,24.025
TPD,2012-08-06,2012,219,25.62,12.81,0,1.08815772471684,205.2405,47.5355879099798,456.09,1290.37,50680.35,19.215
TPD,2012-08-07,2012,220,28.02,13.87,0,1.35397061353065,212.382,49.0481427248892,471.96,1326.06,50534.58,20.945
TPD,2012-08-08,2012,221,29.4,16.67,0,1.39233080917226,197.2665,45.4243869901836,438.37,1600.91,50387.12,23.035
TPD,2012-08-09,2012,222,22.17,15.8,17,0.434937358456545,90.1125,20.6887221298913,200.25,1793.87,50238.01,18.985
TPD,2012-08-10,2012,223,23.83,16.83,7.67,0.51477799683632,97.875,22.40349475365,217.5,1915.64,50087.32,20.33
TPD,2012-08-11,2012,224,22.2,15.77,13.98,0.438578031987714,93.9735,21.4450728677145,208.83,1790.95,49935.1,18.985
TPD,2012-08-12,2012,225,24.47,16.15,0,0.612384958828852,154.4175,35.130135358665,343.15,1835.25,49781.4,20.31
TPD,2012-08-13,2012,226,25.59,15.86,1.2,0.737796585520708,172.323,39.0814949793708,382.94,1798.78,49626.28,20.725
TPD,2012-08-14,2012,227,23.11,16.6,17.85,0.465792083887644,94.977,21.4721095588731,211.06,1888.13,49469.79,19.855
TPD,2012-08-15,2012,228,25.2,13.94,0,0.803388372284576,190.2555,42.8751706277673,422.79,1591.1,49311.98,19.57
TPD,2012-08-16,2012,229,26.81,14.82,4.17,0.916077500790627,145.224,32.6214926624088,322.72,1684.85,49152.91,20.815
TPD,2012-08-17,2012,230,23.54,16.28,0,0.521992542098594,137.6595,30.8214427570682,305.91,1850.05,48992.61,19.91
TPD,2012-08-18,2012,231,22.53,10.39,0,0.731892040219908,199.7685,44.5800099407018,443.93,1259.82,48831.15,16.46
TPD,2012-08-19,2012,232,24.39,11.51,0,0.844585125214158,201.645,44.8489462552605,448.1,1357.46,48668.57,17.95
TPD,2012-08-20,2012,233,23.47,12.11,0,0.735419122397809,188.559,41.7973905738333,419.02,1411.99,48504.91,17.79
TPD,2012-08-21,2012,234,24.26,10.24,0,0.894383863743375,208.9125,46.1518642831275,464.25,1240.99,48340.22,17.25
TPD,2012-08-22,2012,235,25.36,12.32,0,0.89862706427092,198.0405,43.6001396995867,440.09,1431.42,48174.55,18.84
TPD,2012-08-23,2012,236,27.24,14.28,0,0.990175236117127,192.546,42.2438684462946,427.88,1626.94,48007.93,20.76
TPD,2012-08-24,2012,237,29.04,14.63,0,1.18775795600581,199.7595,43.6735631919843,443.91,1647.44,47840.42,21.835
TPD,2012-08-25,2012,238,30.1,16.69,0,1.17910662495129,187.8165,40.9179409352303,417.37,1899.48,47672.05,23.395
TPD,2012-08-26,2012,239,28.47,16.69,0,0.987819446167352,174.573,37.8977236570107,387.94,1899.33,47502.87,22.58
TPD,2012-08-27,2012,240,24.21,19.04,8.24,0.405381837324367,67.5765,14.6175641460045,150.17,2201.7,47332.9,21.625
TPD,2012-08-28,2012,241,25.81,15.66,0,0.768802685260508,161.5725,34.823923536915,359.05,1777.85,47162.2,20.735
TPD,2012-08-29,2012,242,23.58,11.68,0,0.765071535303824,183.5865,39.4248340140971,407.97,1372.23,46990.81,17.63
TPD,2012-08-30,2012,243,25.96,11.93,0,0.9754568571781,196.02,41.94076998375,435.6,1395.01,46818.75,18.945
TPD,2012-08-31,2012,244,31.08,17.03,0,1.42218420257573,187.56,39.982633012152,416.8,1799.93,46646.06,24.055
TPD,2012-09-01,2012,245,28.32,16.73,0,1.03815285808287,170.0595,36.1173394279737,377.91,1834.57,46472.78,22.525
TPD,2012-09-02,2012,246,27.17,16.16,0,0.919924253113097,165.4425,35.0053501416637,367.65,1794.05,46298.95,21.665
TPD,2012-09-03,2012,247,30.91,16.37,0,1.45579210572064,189.09,39.85817180598,420.2,1704.82,46124.6,23.64
TPD,2012-09-04,2012,248,25.04,18.16,12.2,0.540720945863348,84.6585,17.7774725493072,188.13,2084.19,45949.76,21.6
TPD,2012-09-05,2012,249,26.9,15.76,0,0.87765309754497,164.412,34.3932357786948,365.36,1784.93,45774.47,21.33
TPD,2012-09-06,2012,250,27.33,17.91,0,0.787396569116714,144.7425,30.1623522184688,321.65,2050.95,45598.75,22.62
TPD,2012-09-07,2012,251,26.75,15.73,29.11,0.858920680267201,122.355,25.3986357172275,271.9,1786.41,45422.65,21.24
TPD,2012-09-08,2012,252,21.56,14.69,12.07,0.447629790920971,87.435,18.079375849731,194.3,1670.83,45246.18,18.125
TPD,2012-09-09,2012,253,20.22,11.76,3.71,0.491566118629994,104.8995,21.6058470967139,233.11,1380.19,45069.39,15.99
TPD,2012-09-10,2012,254,21.09,8.56,0,0.690126601019365,180.0315,36.9348684510465,400.07,1114.1,44892.3,14.825
TPD,2012-09-11,2012,255,23.24,9.33,0,0.835070053678251,185.418,37.8896631842844,412.04,1173.4,44714.94,16.285
TPD,2012-09-12,2012,256,25.77,12.28,0,0.940078957015391,176.9895,36.0236718283401,393.31,1427.89,44537.34,19.025
TPD,2012-09-13,2012,257,27.32,13.84,0,1.02104216028242,171.909,34.8499171634589,382.02,1581.72,44359.53,20.58
TPD,2012-09-14,2012,258,20.87,11.54,7.22,0.550738151393316,105.1605,21.2329136600321,233.69,1359.44,44181.53,16.205
TPD,2012-09-15,2012,259,20.22,8.63,0,0.622431260165464,163.908,32.9611599519084,364.24,1119.32,44003.39,14.425
TPD,2012-09-16,2012,260,22.85,8.27,0,0.842959261258226,181.188,36.2884773004992,402.64,1091.85,43825.12,15.56
TPD,2012-09-17,2012,261,22.98,10.84,26.26,0.750215820122105,121.185,24.1722444922875,269.3,1298.32,43646.75,16.91
TPD,2012-09-18,2012,262,19.16,11.34,15.26,0.435378052021884,89.019,17.6836400796573,197.82,1342.22,43468.31,15.25
TPD,2012-09-19,2012,263,16.44,5.91,0,0.468289916565344,152.4645,30.16274164718,338.81,929,43289.83,11.175
TPD,2012-09-20,2012,264,19.43,9.13,4.22,0.54647314209158,110.385,21.747922865163,245.3,1157.94,43111.34,14.28
TPD,2012-09-21,2012,265,20.51,9.75,19.33,0.599705791249117,112.6575,22.1037586468065,250.35,1207.2,42932.86,15.13
TPD,2012-09-22,2012,266,17.13,9.8,2.8,0.368951325232998,85.302,16.6669615342188,189.56,1210.78,42754.42,13.465
TPD,2012-09-23,2012,267,14.57,6.44,0,0.345912202927172,127.152,24.740288686872,282.56,963.28,42576.05,10.505
TPD,2012-09-24,2012,268,15.56,4.27,0,0.467851818050705,159.7455,30.9519453620043,354.99,828.41,42397.78,9.915
TPD,2012-09-25,2012,269,19.39,10.9,0,0.470996522523856,126.873,24.4793472046443,281.94,1303.3,42219.63,15.145
TPD,2012-09-26,2012,270,19.77,11.7,0,0.462486795479109,119.709,22.9997254602132,266.02,1374.05,42041.64,15.735
TPD,2012-09-27,2012,271,17.04,6.24,0,0.494146868506207,150.408,28.7757130878648,334.24,950.06,41863.83,11.64
TPD,2012-09-28,2012,272,17.49,6.15,0,0.524950671808197,153.6255,29.266590425773,341.39,944.29,41686.23,11.82
TPD,2012-09-29,2012,273,17.66,6.89,1.69,0.510752447192528,147.9735,28.0699123814987,328.83,993.88,41508.87,12.275
TPD,2012-09-30,2012,274,17.39,8.69,0,0.428708918909418,127.4535,24.0742058769662,283.23,1123.64,41331.77,13.04
TPD,2012-10-01,2012,275,18.26,5.94,0,0.581337635825136,158.328,29.7780545276208,351.84,930.62,41154.98,12.1
TPD,2012-10-02,2012,276,20.12,9.97,5.68,0.561977542599839,103.1625,19.3194261080888,229.25,1225.22,40978.51,15.045
TPD,2012-10-03,2012,277,22,14.72,5.48,0.481619098124531,78.552,14.647353270336,174.56,1673.44,40802.4,18.36
TPD,2012-10-04,2012,278,21.79,14.01,0,0.501852345250597,109.791,20.3842282751316,243.98,1598.91,40626.68,17.9
TPD,2012-10-05,2012,279,18.36,10.84,12.73,0.403728856321161,82.44,15.240093543612,183.2,1298,40451.39,14.6
TPD,2012-10-06,2012,280,10.71,6.38,2.31,0.162368003948786,52.8075,9.7199484742485,117.35,959.85,40276.54,8.545
TPD,2012-10-07,2012,281,9.61,3.92,0,0.192789216426388,91.629,16.7925727035207,203.62,808.49,40102.19,6.765
TPD,2012-10-08,2012,282,12.66,2.41,0,0.367575434082988,141.012,25.7308270044624,313.36,726.66,39928.36,7.535
TPD,2012-10-09,2012,283,14.4,4.56,3.47,0.395984737215847,101.0385,18.3567469831506,224.53,845.32,39755.08,9.48
TPD,2012-10-10,2012,284,11.45,4.82,3.39,0.244450843019763,75.9555,13.7397060220576,168.79,860.98,39582.39,8.135
TPD,2012-10-11,2012,285,13.7,1,0.98,0.454151917278513,154.377,27.8040946558248,343.06,656.58,39410.32,7.35
TPD,2012-10-12,2012,286,10.53,0.68,0,0.314385861438359,135.774,24.3472468170456,301.72,641.57,39238.92,5.605
TPD,2012-10-13,2012,287,16.02,-2.01,13.86,0.645377248600001,125.8965,22.477777614211,279.77,526.81,39068.21,7.005
TPD,2012-10-14,2012,288,22.62,10.64,2.41,0.728716145334929,103.1535,18.3370821853837,229.23,1281.03,38898.25,16.63
TPD,2012-10-15,2012,289,14.96,8.56,0.62,0.291527578557193,92.079,16.2972283389318,204.62,1113.68,38729.06,11.76
TPD,2012-10-16,2012,290,11.92,5.41,4.18,0.247565240070003,72.1215,12.7094171575734,160.27,897.17,38560.68,8.665
TPD,2012-10-17,2012,291,19.44,5.81,1.4,0.665447765515776,146.763,25.7505577087356,326.14,922.41,38393.16,12.625
TPD,2012-10-18,2012,292,18.07,9.33,1.61,0.446815273300882,113.7555,19.8725498113329,252.79,1173.66,38226.54,13.7
TPD,2012-10-19,2012,293,15.83,6.52,14.81,0.412457313232601,89.7615,15.6129474739473,199.47,969.17,38060.86,11.175
TPD,2012-10-20,2012,294,11.52,7,5.81,0.177186555544058,50.49,8.744135738481,112.2,1001.36,37896.17,9.26
TPD,2012-10-21,2012,295,14.55,5.11,0,0.386855379924506,120.717,20.816140705425,268.26,878.94,37732.5,9.83
TPD,2012-10-22,2012,296,19.27,4.29,5.39,0.699957009507014,108.153,18.5692740363711,240.34,829.77,37569.91,11.78
TPD,2012-10-23,2012,297,15.69,9.36,3.82,0.300976008082359,63.756,10.8995071279248,141.68,1175.79,37408.44,12.525
TPD,2012-10-24,2012,298,17.76,9.83,0,0.407172844614483,100.575,17.120278779885,223.5,1213.33,37248.14,13.795
TPD,2012-10-25,2012,299,24.82,10.8,0,0.915485168232615,131.238,22.2444478371996,291.64,1295.1,37089.06,17.81
TPD,2012-10-26,2012,300,17.44,8,11.92,0.457673854415178,82.899,13.9913422919532,184.22,1072.16,36931.24,12.72
TPD,2012-10-27,2012,301,8.94,5.34,8.57,0.124088649250513,38.3445,6.4441982119401,85.21,892.99,36774.74,7.14
TPD,2012-10-28,2012,302,6.27,3.37,14.24,0.0872185162880725,32.4315,5.4274654715571,72.07,777.37,36619.62,4.82
TPD,2012-10-29,2012,303,6.46,3.46,19.06,0.0907608132726754,33.6195,5.60266307188965,74.71,782.57,36465.91,4.96
TPD,2012-10-30,2012,304,11.38,4.22,12.87,0.258947355097174,70.938,11.7724073896422,157.64,825.69,36313.67,7.8
TPD,2012-10-31,2012,305,8.79,4.91,7.09,0.131589613044576,42.354,6.9996241914066,94.12,866.59,36162.97,6.85
TPD,2012-11-01,2012,306,6.63,4.14,3.03,0.0770065176374258,28.926,4.7607376986252,64.28,821.15,36013.86,5.385
TPD,2012-11-02,2012,307,5.8,2.03,0,0.106965434159683,56.4255,9.2486674008333,125.39,707.18,35866.38,3.915
TPD,2012-11-03,2012,308,5.36,0.56,0,0.129015318300495,70.5645,11.519170693659,156.81,635.91,35720.6,2.96
TPD,2012-11-04,2012,309,4.37,0.64,0,0.0974441549506521,56.2725,9.14906532974175,125.05,639.53,35576.59,2.505
TPD,2012-11-05,2012,310,2.66,0.12,0,0.0618880876561981,39.618,6.4155454494588,88.04,615.94,35434.38,1.39
TPD,2012-11-06,2012,311,4.28,-1.88,0,0.148706907059209,85.9815,13.8682875248973,191.07,531.96,35294.06,1.2
TPD,2012-11-07,2012,312,6.46,-1.74,0,0.213693326403472,103.8825,16.6899091217017,230.85,537.44,35155.67,2.36
TPD,2012-11-08,2012,313,6.64,-3.6,0,0.254254974945756,115.6545,18.5091275467332,257.01,468.23,35019.28,1.52
TPD,2012-11-09,2012,314,8.25,-0.91,0,0.259310452843251,107.2485,17.0980086195428,238.33,571.42,34884.95,3.67
TPD,2012-11-10,2012,315,13.46,4.27,0,0.355897137968633,104.202,16.5493639116036,231.56,828.49,34752.74,8.865
TPD,2012-11-11,2012,316,18.6,9.57,0,0.472725725135487,98.6895,15.6152235791507,219.31,1192.23,34622.71,14.085
TPD,2012-11-12,2012,317,17.44,5.25,10.3,0.55057925695853,85.4415,13.4691583311657,189.87,887.01,34494.94,11.345
TPD,2012-11-13,2012,318,3.12,-0.12,0,0.0793040562153731,47.799,7.5077161751421,106.22,605.45,34369.47,1.5
TPD,2012-11-14,2012,319,4.86,-1.82,0,0.164443887279568,87.453,13.6869194191419,194.34,534.54,34246.39,1.52
TPD,2012-11-15,2012,320,7.24,-0.97,0,0.224409996437872,97.8885,15.2661649749543,217.53,568.85,34125.74,3.135
TPD,2012-11-16,2012,321,9.1,-2.57,0,0.324690364778515,113.184,17.590461026688,251.52,505.4,34007.6,3.265
TPD,2012-11-17,2012,322,10.54,-2.35,0,0.378849972319685,114.2955,17.7028335496287,253.99,513.84,33892.02,4.095
TPD,2012-11-18,2012,323,11.48,-0.46,0,0.38119228372459,110.1645,17.0061374460762,244.81,590.66,33779.08,5.51
TPD,2012-11-19,2012,324,10.49,-0.01,0,0.328526937527646,103.725,15.95981296053,230.5,610.12,33668.84,5.24
TPD,2012-11-20,2012,325,11.93,1.2,0,0.363607839149759,102.8835,15.7797995297292,228.63,666.31,33561.36,6.565
TPD,2012-11-21,2012,326,11.58,-1.72,0,0.41209765629199,109.9035,16.8039335406065,244.23,538.22,33456.71,4.93
TPD,2012-11-22,2012,327,14.2,1.22,2.48,0.474932651950687,79.875,12.175512054525,177.5,666.82,33354.94,7.71
TPD,2012-11-23,2012,328,11.87,-0.18,2.77,0.392632023458462,77.769,11.8193726010429,172.82,602.94,33256.13,5.845
TPD,2012-11-24,2012,329,1.53,-0.8,0.83,0.0532952399287533,31.194,4.7272218109056,69.32,575.98,33160.32,0.365
TPD,2012-11-25,2012,330,1.82,-2.3,0,0.09063745827054,52.668,7.9591295036484,117.04,515.72,33067.59,-0.24
TPD,2012-11-26,2012,331,2.21,-2.49,0,0.104068418017644,58.5855,8.82938639147265,130.19,508.51,32977.99,-0.14
TPD,2012-11-27,2012,332,2.64,-3.36,0,0.131201307677299,70.6635,10.62175335574,157.03,476.56,32891.59,-0.36
TPD,2012-11-28,2012,333,2.5,-3.83,0,0.135676585970871,72.522,10.8735516293022,161.16,460.2,32808.43,-0.665
TPD,2012-11-29,2012,334,7.58,-3.05,0,0.276775831866655,96.4755,14.4298029674403,214.39,487.96,32728.58,2.265
TPD,2012-11-30,2012,335,3.47,-1.73,3.9,0.122856821752374,44.9325,6.70482995503725,99.85,537.84,32652.09,0.87
TPD,2012-12-01,2012,336,11.48,-1.1,11.45,0.39489967349066,74.088,11.0306749622832,164.64,563.47,32579.02,5.19
TPD,2012-12-02,2012,337,11.86,6.13,9.85,0.22181080474283,44.7075,6.64210402541775,99.35,943.08,32509.41,8.995
TPD,2012-12-03,2012,338,14.64,3.93,0,0.427126300671577,89.064,13.2051564956088,197.92,808.72,32443.31,9.285
TPD,2012-12-04,2012,339,14.94,6.23,6.33,0.372545461218321,58.2795,8.6242100028057,129.51,949.71,32380.78,10.585
TPD,2012-12-05,2012,340,4.81,-2.07,0,0.16783024076598,67.95,10.03695566859,151,524.77,32321.86,1.37
TPD,2012-12-06,2012,341,4.91,-4.58,0,0.215944034725442,83.934,12.3767663203242,186.52,434.86,32266.59,0.165
TPD,2012-12-07,2012,342,7.1,1.27,2.64,0.169240225003066,43.5285,6.40837875692745,96.73,669.31,32215.01,4.185
TPD,2012-12-08,2012,343,6.63,1.02,2.43,0.159000114824769,42.3765,6.22951360333785,94.17,657.61,32167.17,3.825
TPD,2012-12-09,2012,344,6.44,-1.28,9.78,0.203531896280808,54.8775,8.05615536264075,121.95,556.18,32123.09,2.58
TPD,2012-12-10,2012,345,7.76,-0.09,1.62,0.223754643906628,73.4805,10.7735997633957,163.29,606.72,32082.82,3.835
TPD,2012-12-11,2012,346,2.24,-1.73,0,0.0900869858697204,42.66,6.247640468556,94.8,537.94,32046.38,0.255
TPD,2012-12-12,2012,347,4.69,-1.49,0,0.152884336544533,63.1845,9.24408896120865,140.41,547.58,32013.81,1.6
TPD,2012-12-13,2012,348,6.01,-4.83,0,0.254424847376679,89.046,13.0160317695264,197.88,426.65,31985.12,0.59
TPD,2012-12-14,2012,349,6.76,-1.93,0,0.227240276217048,78.264,11.4311423074032,173.92,530.2,31960.34,2.415
TPD,2012-12-15,2012,350,7.15,-2.81,7.92,0.25759920982751,63.1575,9.21868781231475,140.35,496.46,31939.49,2.17
TPD,2012-12-16,2012,351,12.51,3.59,2.67,0.328749482726613,57.8835,8.44440595887105,128.63,789.96,31922.59,8.05
TPD,2012-12-17,2012,352,8.94,4.79,0,0.140993497385724,43.0695,6.28070030498475,95.71,859.33,31909.65,6.865
TPD,2012-12-18,2012,353,5.52,1.14,1.66,0.120390881254058,47.124,6.8700245345424,104.72,663.09,31900.68,3.33
TPD,2012-12-19,2012,354,5.16,-1.79,0,0.172943128332392,70.0965,10.2174941863584,155.77,535.74,31895.68,1.685
TPD,2012-12-20,2012,355,6.9,-0.89,18.76,0.210973931856182,56.8935,8.29271929293765,126.43,572.25,31894.67,3.005
TPD,2012-12-21,2012,356,3.31,-0.22,4.14,0.0867834433246037,30.717,4.4776851220116,68.26,600.94,31897.64,1.545
TPD,2012-12-22,2012,357,0.47,-2.28,0,0.058142413745858,34.0155,4.95959515583265,75.59,516.41,31904.59,-0.905
TPD,2012-12-23,2012,358,1.27,-4.89,0,0.122634269998103,69.7725,10.1765898911408,155.05,424.86,31915.51,-1.81
TPD,2012-12-24,2012,359,1.02,-3.67,0,0.0964074918034891,55.854,8.150323366512,124.12,465.55,31930.4,-1.325
TPD,2012-12-25,2012,360,1.35,-3.42,0,0.0998671335325008,56.5785,8.2609151443038,125.73,474.37,31949.24,-1.035
TPD,2012-12-26,2012,361,-1.12,-5.07,17.3,0.0724947322372431,36.405,5.319212143617,80.9,418.88,31972.02,-3.095
TPD,2012-12-27,2012,362,-0.92,-5.22,0,0.0789238609728454,52.6545,7.6998860722368,117.01,414.23,31998.72,-3.07
TPD,2012-12-28,2012,363,-1.36,-6.37,4.13,0.08724248123676,50.571,7.4022814807551,112.38,379.47,32029.33,-3.865
TPD,2012-12-29,2012,364,-1.06,-5.51,3.72,0.0804619354754164,46.6875,6.841192487625,103.75,405.27,32063.8,-3.285
TPD,2012-12-30,2012,365,-0.52,-6.46,1.31,0.106022422581343,78.8445,11.5670190967475,175.21,376.9,32102.13,-3.49
TPD,2013-01-01,2013,1,-1.55,-8.35,0,0.110363435991402,81.666,11.9967502795452,181.48,325.6,32144.46,-4.95
TPD,2013-01-02,2013,2,-4.46,-11.25,0,0.0906684840522852,82.4715,12.1323966902996,183.27,258.91,32190.41,-7.855
TPD,2013-01-03,2013,3,-1.27,-8.47,0,0.117618996315341,85.878,12.6530328812706,190.84,322.49,32240.11,-4.87
TPD,2013-01-04,2013,4,-0.51,-3.99,0,0.0674943880572869,46.26,6.827114934864,102.8,454.48,32293.52,-2.25
TPD,2013-01-05,2013,5,1.63,-5.94,1.72,0.14780673052602,88.9965,13.1574461572931,197.77,392.15,32350.61,-2.155
TPD,2013-01-06,2013,6,2.11,-1.65,0.89,0.0852977879054444,49.8555,7.3845833186682,110.79,541.01,32411.32,0.23
TPD,2013-01-07,2013,7,1.4,-5.91,0,0.14161350586749,87.9255,13.0493425454321,195.39,393.18,32475.63,-2.255
TPD,2013-01-08,2013,8,3.72,-3.28,0,0.159022440064043,85.0815,12.6536318996189,189.07,479.44,32543.47,0.22
TPD,2013-01-09,2013,9,6.74,-3.68,0,0.258942107780773,107.073,15.959191675428,237.94,465.51,32614.8,1.53
TPD,2013-01-10,2013,10,5.9,-4.54,1.01,0.246029737150874,108.009,16.1356136272254,240.02,436.23,32689.58,0.68
TPD,2013-01-11,2013,11,8.49,0.72,1.79,0.232137304086556,91.224,13.6606637138832,202.72,643.43,32767.74,4.605
TPD,2013-01-12,2013,12,14.07,4.4,33.12,0.38333451024119,76.113,11.4261617128284,169.14,835.97,32849.24,9.235
TPD,2013-01-13,2013,13,14.68,4.84,9.29,0.40203929722572,76.7475,11.5511454014108,170.55,862.54,32934.01,9.76
TPD,2013-01-14,2013,14,0.56,-3.73,0,0.0866043657090163,59.013,8.90568369702,131.14,463.59,33022,-1.585
TPD,2013-01-15,2013,15,0.43,-6.65,0,0.129911733789647,90.1215,13.6378289556558,200.27,371.27,33113.16,-3.11
TPD,2013-01-16,2013,16,2.6,-4.08,0,0.142666165580513,86.5575,13.1357852428905,192.35,451.54,33207.42,-0.74
TPD,2013-01-17,2013,17,1.09,-4.95,0.56,0.119382227526158,80.955,12.3215627863755,179.9,422.85,33304.73,-1.93
TPD,2013-01-18,2013,18,2.81,-9.41,0,0.224352236800797,122.1435,18.646536113933,271.43,299.49,33405.01,-3.3
TPD,2013-01-19,2013,19,8.21,-0.99,0,0.259587079188444,106.974,16.3812030510996,237.72,568,33508.22,3.61
TPD,2013-01-20,2013,20,1.3,-6.26,0,0.144571186136473,98.217,15.0878263861332,218.26,382.62,33614.28,-2.48
TPD,2013-01-21,2013,21,-5.79,-10.9,0,0.0660486559798036,74.331,11.4555034673838,165.18,266.16,33723.14,-8.345
TPD,2013-01-22,2013,22,-11.39,-16.13,0,0.0420293492447883,70.7895,10.945806340361,157.31,173.65,33834.73,-13.76
TPD,2013-01-23,2013,23,-8.81,-15.49,0,0.0663674067059369,94.455,14.654394639963,209.9,183.08,33948.98,-12.15
TPD,2013-01-24,2013,24,-8.12,-14.36,0,0.0659955782710225,90.5175,14.0918407153043,201.15,201.11,34065.83,-11.24
TPD,2013-01-25,2013,25,-7.19,-15.08,2.69,0.0842668332840563,80.946,12.6459066588084,179.88,189.42,34185.22,-11.135
TPD,2013-01-26,2013,26,-4.12,-12.07,0,0.104788566541635,108.999,17.0892339582987,242.22,242.23,34307.09,-8.095
TPD,2013-01-27,2013,27,0.51,-13.51,5.75,0.209705879556761,104.3955,16.4267692259616,231.99,215.5,34431.36,-6.5
TPD,2013-01-28,2013,28,5.73,-3.25,6.12,0.218543162510858,87.7905,13.8647509083783,195.09,480.45,34557.98,1.24
TPD,2013-01-29,2013,29,13.71,1,27.71,0.454570502866269,99.7425,15.811085506788,221.65,656.67,34686.88,7.355
TPD,2013-01-30,2013,30,14.59,4.69,7.18,0.402067218188625,90.2925,14.3671813646828,200.65,853.2,34817.99,9.64
TPD,2013-01-31,2013,31,0.3,-6.19,0.82,0.120258109631865,98.5815,15.7461527042433,219.07,384.64,34951.26,-2.945
TPD,2013-02-01,2013,32,-5.29,-9.36,2.09,0.0563338309431203,51.3045,8.2264638357603,114.01,300.83,35086.62,-7.325
TPD,2013-02-02,2013,33,-5.67,-12.74,3.35,0.0862176047117904,82.3545,13.2569106931607,183.01,229.51,35224.01,-9.205
TPD,2013-02-03,2013,34,-5.64,-14.85,1.05,0.104959202854293,129.447,20.9200074547023,287.66,193.02,35363.37,-10.245
TPD,2013-02-04,2013,35,-6.56,-11.91,0,0.0651508562086994,89.6265,14.5424516435761,199.17,245.37,35504.63,-9.235
TPD,2013-02-05,2013,36,-2.93,-14.74,0,0.149322389006745,145.5165,23.7061180147347,323.37,194.93,35647.74,-8.835
TPD,2013-02-06,2013,37,-2.01,-10.56,0,0.127332304446077,125.6445,20.5519679891136,279.21,273.56,35792.64,-6.285
TPD,2013-02-07,2013,38,0.88,-11.73,12.81,0.201393781296591,113.643,18.6650011315026,252.54,249.1,35939.26,-5.425
TPD,2013-02-08,2013,39,-0.74,-7.54,11.19,0.116420557001793,83.241,13.7281181395572,184.98,346.78,36087.56,-4.14
TPD,2013-02-09,2013,40,-2.87,-15.36,0,0.155396562729749,156.834,25.9725318808086,348.52,185.08,36237.47,-9.115
TPD,2013-02-10,2013,41,5.16,-15.99,3.88,0.353256887992896,128.313,21.3381254460654,285.14,175.69,36388.94,-5.415
TPD,2013-02-11,2013,42,7.59,-2.27,0,0.262765858959975,138.96,23.205837628152,308.8,516.86,36541.91,2.66
TPD,2013-02-12,2013,43,0.89,-0.98,0,0.0418713386996136,36.8865,6.18594823681065,81.97,568.32,36696.33,-0.045
TPD,2013-02-13,2013,44,1.72,-4.65,0,0.129898967910785,108.0495,18.1970787252501,240.11,432.45,36852.14,-1.465
TPD,2013-02-14,2013,45,2.66,-6.25,2.64,0.178436337890117,103.644,17.529568933644,230.32,383.09,37009.3,-1.795
TPD,2013-02-15,2013,46,1.18,-5.63,0,0.132340463587339,116.3835,19.7685076428113,258.63,401.4,37167.75,-2.225
TPD,2013-02-16,2013,47,-2.71,-9.85,0,0.106114333823366,122.5575,20.906642816046,272.35,289.39,37327.44,-6.28
TPD,2013-02-17,2013,48,-6.48,-13.45,0,0.0805626300882468,123.894,21.2257267475814,275.32,216.71,37488.33,-9.965
TPD,2013-02-18,2013,49,4.18,-13.79,14.83,0.306580737441339,139.248,23.9593095948096,309.44,210.75,37650.36,-4.805
TPD,2013-02-19,2013,50,4.74,-6.65,5.68,0.242527450124269,124.0695,21.4401586448263,275.71,371.48,37813.49,-0.955
TPD,2013-02-20,2013,51,-6.13,-8.73,0,0.035960620051346,53.0865,9.21358421353935,117.97,316.05,37977.67,-7.43
TPD,2013-02-21,2013,52,-5.15,-9.65,0,0.0620079523299438,88.0245,15.3438032429199,195.61,293.96,38142.86,-7.4
TPD,2013-02-22,2013,53,1.63,-9.29,3.89,0.19277818480354,126.621,22.1678139593097,281.38,302.37,38309.01,-3.83
TPD,2013-02-23,2013,54,2.12,-2.11,0.67,0.0944300352121468,82.962,14.5876801487472,184.36,523.11,38476.08,0.005
TPD,2013-02-24,2013,55,-0.05,-3.74,0,0.073094025169075,75.2805,13.2947784848966,167.29,463.19,38644.03,-1.895
TPD,2013-02-25,2013,56,3.12,-6.59,0,0.195813095121462,164.0385,29.0962537586555,364.53,373.03,38812.81,-1.735
TPD,2013-02-26,2013,57,4.96,-5.72,14.96,0.235503395698148,130.572,23.2613394257556,290.16,398.81,38982.39,-0.38
TPD,2013-02-27,2013,58,2.94,-0.02,8.86,0.0723066871708455,47.9385,8.57753878226985,106.53,609.82,39152.73,1.46
TPD,2013-02-28,2013,59,2.77,-0.4,0,0.0759372038834656,70.5285,12.6746570081786,156.73,593.37,39323.79,1.185
TPD,2013-03-01,2013,60,-0.95,-4.5,0,0.0667499165899959,81.45,14.70127917528,181,437.37,39495.52,-2.725
TPD,2013-03-02,2013,61,-2.89,-6.67,0,0.0619977414143474,88.335,16.013572235505,196.3,370.86,39667.9,-4.78
TPD,2013-03-03,2013,62,-2.99,-6.33,0,0.0551775974263001,79.6275,14.4980072409307,176.95,380.75,39840.89,-4.66
TPD,2013-03-04,2013,63,-2.09,-6.01,0,0.0675675864036,93.8745,17.1664577434193,208.61,389.98,40014.45,-4.05
TPD,2013-03-05,2013,64,0.95,-10.43,0,0.189484954600085,198.6345,36.4815356072391,441.41,276.28,40188.54,-4.74
TPD,2013-03-06,2013,65,3.84,-3.72,0,0.170282494476706,160.065,29.525517838737,355.7,463.8,40363.14,0.06
TPD,2013-03-07,2013,66,3.29,-0.47,0,0.0914908637195938,92.0115,17.0460154980265,204.47,590.27,40538.21,1.41
TPD,2013-03-08,2013,67,4.75,-1.89,0,0.162651229854401,150.957,28.0873161072828,335.46,531.66,40713.72,1.43
TPD,2013-03-09,2013,68,6.8,-5.42,0,0.28989751676311,208.8315,39.0234349903662,464.07,407.97,40889.64,0.69
TPD,2013-03-10,2013,69,16.14,1.66,6.23,0.571149484091908,158.7375,29.7904729996238,352.75,688.57,41065.93,8.9
TPD,2013-03-11,2013,70,11.15,4,21.13,0.254920131427432,118.1745,22.2733524037104,262.61,813.24,41242.56,7.575
TPD,2013-03-12,2013,71,3.76,0.99,2.13,0.071733543020048,56.934,10.7768752072938,126.52,655.94,41419.51,2.375
TPD,2013-03-13,2013,72,0.64,-3.94,0.73,0.0919958101969394,124.011,23.5741316913198,275.58,456.42,41596.74,-1.65
TPD,2013-03-14,2013,73,0.41,-4.74,0,0.100059980732375,136.782,26.1128034153828,303.96,429.75,41774.22,-2.165
TPD,2013-03-15,2013,74,2.85,-3.72,1.82,0.143150543200745,165.3435,31.6997087464544,367.43,463.82,41951.93,-0.435
TPD,2013-03-16,2013,75,-0.86,-4.3,1.39,0.0651009086829558,99.1485,19.0893947164668,220.33,444.22,42129.84,-2.58
TPD,2013-03-17,2013,76,-0.47,-6.79,0,0.1119206308746,166.932,32.2758262267884,370.96,367.36,42307.91,-3.63
TPD,2013-03-18,2013,77,1.97,-6.1,4.41,0.158653199258724,146.664,28.4765122678176,325.92,387.37,42486.12,-2.065
TPD,2013-03-19,2013,78,1.03,-3.88,2.2,0.100229309584744,104.535,20.3818722430275,232.3,458.33,42664.45,-1.425
TPD,2013-03-20,2013,79,-0.69,-6.18,1.45,0.09836476704902,159.7725,31.2821492799263,355.05,385.02,42842.85,-3.435
TPD,2013-03-21,2013,80,-1.28,-9.03,2.62,0.124332894945719,152.9415,30.0694356224046,339.87,308.66,43021.32,-5.155
TPD,2013-03-22,2013,81,-0.68,-5,0,0.0804656768112612,134.091,26.472659024826,297.98,421.22,43199.8,-2.84
TPD,2013-03-23,2013,82,3.26,-3.83,0,0.1559518240491,192.69,38.198631539457,428.2,460.14,43378.29,-0.285
TPD,2013-03-24,2013,83,2.29,-5.85,1.28,0.163065145419827,211.1985,42.0399892622502,469.33,394.81,43556.76,-1.78
TPD,2013-03-25,2013,84,4.65,-1.65,0,0.154733272189999,180.054,35.9873355787848,400.12,541.34,43735.16,1.5
TPD,2013-03-26,2013,85,5.92,-0.62,0,0.173003119748741,183.8385,36.893564900338,408.53,583.5,43913.49,2.65
TPD,2013-03-27,2013,86,5.26,-0.38,0,0.146946079089712,168.2685,33.9059460920265,373.93,593.94,44091.7,2.44
TPD,2013-03-28,2013,87,5.47,-0.27,0,0.151178604873041,173.0925,35.0188367982232,384.65,598.61,44269.77,2.6
TPD,2013-03-29,2013,88,9.58,-1.04,0,0.313364841804962,234.927,47.7197577454752,522.06,565.82,44447.68,4.27
TPD,2013-03-30,2013,89,10.79,-4.05,0,0.420140760639762,251.541,51.2987765827743,558.98,452.63,44625.39,3.37
TPD,2013-03-31,2013,90,11.54,1.1,2.13,0.34842833870334,172.089,35.2350706061151,382.42,661.4,44802.87,6.32
TPD,2013-04-01,2013,91,4.28,-2.44,0,0.159243778566429,185.0625,38.0412729860625,411.25,510.64,44980.1,0.92
TPD,2013-04-02,2013,92,2.62,-5.22,0,0.161913036042056,204.9165,42.2881505880053,455.37,414.2,45157.05,-1.3
TPD,2013-04-03,2013,93,1.67,-5.48,0,0.141814543030193,193.5225,40.0930168352243,430.05,406.12,45333.69,-1.905
TPD,2013-04-04,2013,94,8.86,-5.81,0,0.370193179176744,256.6395,53.3760394007997,570.31,395.99,45509.98,1.525
TPD,2013-04-05,2013,95,6.39,-2.81,0,0.231784582954276,221.8635,46.3216637539886,493.03,496.58,45685.89,1.79
TPD,2013-04-06,2013,96,10.14,-7.08,0,0.439625487279559,263.0835,55.138775754933,584.63,359.16,45861.4,1.53
TPD,2013-04-07,2013,97,17.2,1.37,0,0.641871557209819,253.9035,53.4179229365376,564.23,674.52,46036.48,9.285
TPD,2013-04-08,2013,98,16.23,-2.03,2.33,0.65790748327602,196.0605,41.4049652480538,435.69,526.14,46211.08,7.1
TPD,2013-04-09,2013,99,14.78,4.16,31.35,0.427514419005365,168.9885,35.8222205734906,375.53,822.45,46385.17,9.47
TPD,2013-04-10,2013,100,8.87,4.41,16.61,0.149604251338982,91.8135,19.5354702028274,204.03,836.78,46558.73,6.64
TPD,2013-04-11,2013,101,3.83,0.87,14.9,0.0762434165456982,64.395,13.752451229958,143.1,650.58,46731.72,2.35
TPD,2013-04-12,2013,102,6.34,1,4.83,0.149951757073712,109.3185,23.4326103612345,242.93,656.55,46904.1,3.67
TPD,2013-04-13,2013,103,5.58,2.84,0.46,0.0793830831763941,80.388,17.2944001004544,178.64,748.75,47075.84,4.21
TPD,2013-04-14,2013,104,7.75,1.43,0,0.188187019808882,152.199,32.862554364267,338.22,677.09,47246.9,4.59
TPD,2013-04-15,2013,105,21.5,2.61,0,0.911074745014073,235.6785,51.0707736678438,523.73,736.89,47417.24,12.055
TPD,2013-04-16,2013,106,15.61,7.53,4.59,0.36523398900224,128.295,27.900540398583,285.1,1038.53,47586.82,11.57
TPD,2013-04-17,2013,107,13.77,2.61,6.57,0.417560333723214,157.0185,34.268202941202,348.93,736.77,47755.6,8.19
TPD,2013-04-18,2013,108,25.91,6.03,1.16,1.2003130336976,234.4725,51.3519684186037,521.05,936.43,47923.55,15.97
TPD,2013-04-19,2013,109,19.13,5.52,2.27,0.653315222892651,163.8585,36.0118673260573,364.13,903.84,48090.63,12.325
TPD,2013-04-20,2013,110,4.06,-1.39,0,0.132260053545794,125.163,27.6026325329898,278.14,551.83,48256.78,1.335
TPD,2013-04-21,2013,111,7.51,-5.14,0,0.310169529138332,221.5215,49.0201389430124,492.27,416.65,48421.97,1.185
TPD,2013-04-22,2013,112,15.74,-0.7,0,0.602220081312013,235.9035,52.3797077629193,524.23,580.45,48586.15,7.52
TPD,2013-04-23,2013,113,18.65,2.75,4.13,0.700595345428948,172.773,38.4910962452208,383.94,744.17,48749.28,10.7
TPD,2013-04-24,2013,114,12.32,2.75,10.37,0.342644163721692,136.467,30.5037496564308,303.26,744.34,48911.32,7.535
TPD,2013-04-25,2013,115,10.69,-0.21,2.1,0.341469633695411,148.941,33.4015086153177,330.98,601.27,49072.21,5.24
TPD,2013-04-26,2013,116,12.16,-1.87,0,0.441248362886127,223.7715,50.3463012265845,497.27,532.65,49231.9,5.145
TPD,2013-04-27,2013,117,19.9,0.57,0,0.841387345204532,241.3395,54.4736906775954,536.31,636.46,49390.36,10.235
TPD,2013-04-28,2013,118,18.11,6.41,7.92,0.556071914917599,146.5245,33.1778599656768,325.61,961.4,49547.52,12.26
TPD,2013-04-29,2013,119,16.75,9.97,0,0.338258519626479,130.7205,29.6924057621411,290.49,1225.2,49703.33,13.36
TPD,2013-04-30,2013,120,21.59,10.43,0,0.654081133979749,188.433,42.9344521156656,418.74,1263.44,49857.76,16.01
TPD,2013-05-01,2013,121,24.67,11.31,0,0.879957074365537,204.507,46.7398777257027,454.46,1338.93,50010.73,17.99
TPD,2013-05-02,2013,122,23.56,9.81,0,0.84350361169535,208.4805,47.792331254547,463.29,1211.89,50162.2,16.685
TPD,2013-05-03,2013,123,24.66,8.49,0,0.994297650541584,222.741,51.2140234993407,494.98,1108.58,50312.11,16.575
TPD,2013-05-04,2013,124,22.75,8.34,0,0.831559869874282,213.6825,49.2760549784003,474.85,1097.45,50460.41,15.545
TPD,2013-05-05,2013,125,23.84,5.95,0,1.00890524481841,232.722,53.8225880423616,517.16,931.34,50607.04,14.895
TPD,2013-05-06,2013,126,22.83,6.22,0,0.912864036174336,227.6595,52.8025170698451,505.91,948.9,50751.94,14.525
TPD,2013-05-07,2013,127,24.8,8.16,0,1.01978695772019,225.612,52.4751907846104,501.36,1083.85,50895.06,16.48
TPD,2013-05-08,2013,128,23.05,10.96,1.96,0.750708384470252,192.987,45.0115125354288,428.86,1308.96,51036.32,17.005
TPD,2013-05-09,2013,129,24.17,11.89,2.1,0.807721551796247,144.936,33.8966031126888,322.08,1391.57,51175.69,18.03
TPD,2013-05-10,2013,130,22.71,9.85,3.33,0.769695603329993,149.4945,35.0565761979342,332.21,1214.68,51313.08,16.28
TPD,2013-05-11,2013,131,12.69,5.07,1.57,0.294459014741475,139.8375,32.878505014245,310.75,875.94,51448.44,8.88
TPD,2013-05-12,2013,132,8.79,2.12,2.73,0.209135077885893,94.482,22.2720963955128,209.96,711.75,51581.72,5.455
TPD,2013-05-13,2013,133,9.71,1.28,0,0.26635823397959,152.8785,36.1294210434258,339.73,669.88,51712.84,5.495
TPD,2013-05-14,2013,134,11.96,0.58,1.7,0.379655640895479,190.431,45.1162939620258,423.18,637.1,51841.74,6.27
TPD,2013-05-15,2013,135,25.81,7.75,0,1.17257038049032,232.542,55.2276565160184,516.76,1012.91,51968.36,16.78
TPD,2013-05-16,2013,136,23.8,7.96,0,0.953833850485694,219.609,52.2808574803632,488.02,1051.62,52092.64,15.88
TPD,2013-05-17,2013,137,19.23,5.99,0,0.645109738354803,202.437,48.3055798371759,449.86,933.89,52214.51,12.61
TPD,2013-05-18,2013,138,21.02,10.89,0,0.590212460351356,167.319,40.0170107169153,371.82,1302.74,52333.91,15.955
TPD,2013-05-19,2013,139,26.99,10.84,0,1.17520494341026,219.654,52.6510679514606,488.12,1251.58,52450.77,18.915
TPD,2013-05-20,2013,140,29.15,14.43,2.02,1.19478925900593,151.533,36.4015886778243,336.74,1642.54,52565.03,21.79
TPD,2013-05-21,2013,141,28.94,16.69,0,1.06604312559943,178.668,43.0111323836712,397.04,1874.7,52676.62,22.815
TPD,2013-05-22,2013,142,28.42,17.26,2.39,0.947487536071439,126.153,30.4318432290708,280.34,1968.9,52785.48,22.84
TPD,2013-05-23,2013,143,21.33,8.66,5.15,0.704780214655169,147.9915,35.7716741857403,328.87,1121.73,52891.55,14.995
TPD,2013-05-24,2013,144,10.94,3.54,0,0.259238411350921,136.107,32.9632171428924,302.46,786.83,52994.76,7.24
TPD,2013-05-25,2013,145,16.06,1.9,0,0.560565726840858,217.35,52.73876559987,483,700.45,53095.06,8.98
TPD,2013-05-26,2013,146,18.34,2.68,0,0.699388313693879,227.367,55.2704464253403,505.26,722.91,53192.37,10.51
TPD,2013-05-27,2013,147,19.73,1.49,17.24,0.807372315023574,181.44,44.184250492704,403.2,680.09,53286.63,10.61
TPD,2013-05-28,2013,148,20.87,9.16,42.33,0.650459808605842,140.7015,34.322237927019,312.67,1160.01,53377.8,15.015
TPD,2013-05-29,2013,149,27.03,16.17,0.01,0.862839020354315,167.355,40.89130414263,371.9,1837.01,53465.8,21.6
TPD,2013-05-30,2013,150,28.21,16.26,0,0.985238433137843,178.2945,43.6333266581517,396.21,1847.23,53550.58,22.235
TPD,2013-05-31,2013,151,29.38,16.84,14.16,1.08386123249713,137.1465,33.6144159129204,304.77,1917.29,53632.08,23.11
TPD,2013-06-01,2013,152,26.75,17.53,12.68,0.750247579963673,110.3805,27.0935386230713,245.29,2003.12,53710.25,22.14
TPD,2013-06-02,2013,153,22.82,14.84,5.86,0.541878658141442,102.591,25.2166249465848,227.98,1687.1,53785.04,18.83
TPD,2013-06-03,2013,154,16.76,7.41,0,0.437114589593038,166.1625,40.8965220897975,369.25,1029.73,53856.38,12.085
TPD,2013-06-04,2013,155,19.44,6.33,0,0.648494895159681,210.6135,51.9022706250299,468.03,956.21,53924.23,12.885
TPD,2013-06-05,2013,156,21.04,8.73,0,0.679904148973002,201.7755,49.7835904631589,448.39,1126.93,53988.54,14.885
TPD,2013-06-06,2013,157,14.83,11.4,6.39,0.167522146198471,53.1135,13.1193063455157,118.03,1347.06,54049.26,13.115
TPD,2013-06-07,2013,158,16.13,11.44,0,0.238815205961129,95.2425,23.550238214811,211.65,1350.69,54106.36,13.785
TPD,2013-06-08,2013,159,18.52,12.96,0,0.316752746385377,111.645,27.633275676117,248.1,1492.81,54159.78,15.74
TPD,2013-06-09,2013,160,23.72,8.45,0,0.910759929524515,230.9535,57.2158019660526,513.23,1105.69,54209.48,16.085
TPD,2013-06-10,2013,161,20.72,14.79,15.67,0.378178180509939,87.2415,21.6312996772332,193.87,1681.14,54255.44,17.755
TPD,2013-06-11,2013,162,22.25,15.82,13.92,0.440491939052566,92.835,23.0360841132795,206.3,1795.97,54297.61,19.035
TPD,2013-06-12,2013,163,23.98,14.65,15.64,0.652586336782905,126.45,31.39947438894,281,1666.68,54335.96,19.315
TPD,2013-06-13,2013,164,22.33,14.17,8.78,0.537043724043245,115.632,28.7314301903904,256.96,1615.62,54370.46,18.25
TPD,2013-06-14,2013,165,22.27,12.23,0,0.628835701365033,184.9725,45.9865646835143,411.05,1423.03,54401.09,17.25
TPD,2013-06-15,2013,166,23.52,8.16,3.36,0.90397145888749,176.067,43.7940413903439,391.26,1084.19,54427.81,15.84
TPD,2013-06-16,2013,167,24.71,16.66,5.16,0.605084862029417,115.137,28.6506143296758,255.86,1894.91,54450.62,20.685
TPD,2013-06-17,2013,168,26.24,14.82,0,0.858480428548762,197.0415,49.048667563226,437.87,1684.3,54469.49,20.53
TPD,2013-06-18,2013,169,21.93,12.77,0,0.575492912174378,177.048,44.083838013984,393.44,1474.5,54484.4,17.35
TPD,2013-06-19,2013,170,21.41,9.17,0,0.691365964058357,216.324,53.874140066838,480.72,1160.98,54495.35,15.29
TPD,2013-06-20,2013,171,24.53,8.03,0,0.999489090547222,241.7715,60.2193930546091,537.27,1074.38,54502.33,16.28
TPD,2013-06-21,2013,172,27.27,10.22,0,1.18465644602775,239.3325,59.615167859973,531.85,1245.36,54505.32,18.745
TPD,2013-06-22,2013,173,29.85,16.87,0,1.13867623996735,205.4745,51.1805816826381,456.61,1920.41,54504.34,23.36
TPD,2013-06-23,2013,174,30.16,19.91,0,0.973913226184322,173.367,43.1791527140703,385.26,2324.2,54499.37,25.035
TPD,2013-06-24,2013,175,29.29,20.6,0,0.819411830098232,154.998,38.5977909645612,344.44,2424.79,54490.42,24.945
TPD,2013-06-25,2013,176,26.77,20.02,0,0.58381978580402,130.572,32.5074950812404,290.16,2339.95,54477.51,23.395
TPD,2013-06-26,2013,177,28.17,18.95,0.55,0.809707749858576,171.009,42.5615884918119,380.02,2188.84,54460.63,23.56
TPD,2013-06-27,2013,178,25.06,17.91,35.42,0.558964551286533,108.711,27.0462022650387,241.58,2051.62,54439.81,21.485
TPD,2013-06-28,2013,179,22.05,17.14,20.29,0.344245716864106,80.523,20.0242039150566,178.94,1954.55,54415.06,19.595
TPD,2013-06-29,2013,180,24.16,15.94,0,0.596550002794515,168.0255,41.7620327043587,373.39,1810.7,54386.39,20.05
TPD,2013-06-30,2013,181,24.73,14.75,0,0.715898869976365,193.5495,48.0771245967156,430.11,1677.1,54353.84,19.74
TPD,2013-07-01,2013,182,21.41,16.8,0,0.315354377246033,104.778,26.0091115800678,232.84,1911.9,54317.43,19.105
TPD,2013-07-02,2013,183,23.43,15.82,3.49,0.538848134029643,121.0905,30.0361004520903,269.09,1796.9,54277.18,19.625
TPD,2013-07-03,2013,184,29.58,16.57,9.91,1.12362899464623,161.5185,40.0316179021259,358.93,1884.97,54233.13,23.075
TPD,2013-07-04,2013,185,27.3,19.83,7.21,0.652544549554125,114.5025,28.3538953043167,254.45,2313.06,54185.31,23.565
TPD,2013-07-05,2013,186,26.87,19.62,3.95,0.62215475110575,113.4495,28.0664173833984,252.11,2283.36,54133.76,23.245
TPD,2013-07-06,2013,187,28.21,18.81,13.67,0.823458043429099,135.3105,33.4404795227022,300.69,2170.02,54078.52,23.51
TPD,2013-07-07,2013,188,25.6,20.55,0.96,0.428089985024651,108.8055,26.8607771610687,241.79,2417.27,54019.62,23.075
TPD,2013-07-08,2013,189,27.49,19.27,4.91,0.712258978730204,122.283,30.1530303793341,271.74,2234.14,53957.11,23.38
TPD,2013-07-09,2013,190,27.52,20.42,1.41,0.633678703387668,146.979,36.1982898384912,326.62,2398.32,53891.04,23.97
TPD,2013-07-10,2013,191,29.66,19.18,6,0.96449507928092,142.938,35.157606019857,317.64,2221.59,53821.45,24.42
TPD,2013-07-11,2013,192,25.28,14.94,0,0.757125043814494,196.8525,48.35291658327,437.45,1698.04,53748.4,20.11
TPD,2013-07-12,2013,193,25.95,14.38,0,0.852947761512839,208.584,51.1616337213384,463.52,1637.35,53671.93,20.165
TPD,2013-07-13,2013,194,27.7,15.06,0,0.997457400520661,213.9525,52.4003684528925,475.45,1710.83,53592.1,21.38
TPD,2013-07-14,2013,195,30.93,17.36,0,1.24226002542741,213.597,52.2321544754613,474.66,1981.09,53508.97,24.145
TPD,2013-07-15,2013,196,31.62,20.17,0,1.14141370792661,193.086,47.1402459281916,429.08,2361.34,53422.58,25.895
TPD,2013-07-16,2013,197,32.14,21.2,0,1.13219427520226,185.0265,45.0968521986761,411.17,2517.28,53333.01,26.67
TPD,2013-07-17,2013,198,33.12,22.85,0,1.13474912280538,174.492,42.455329374132,387.76,2783.6,53240.3,27.985
TPD,2013-07-18,2013,199,32.78,22.9,0,1.08265476719099,170.1225,41.3177214443108,378.05,2792.01,53144.51,27.84
TPD,2013-07-19,2013,200,32.22,23.37,32.69,0.966039550029771,118.782,28.7950065785928,263.96,2871.62,53045.72,27.795
TPD,2013-07-20,2013,201,28.02,19.47,5.95,0.755884639059487,124.7445,30.182423630089,277.21,2262.06,52943.97,23.745
TPD,2013-07-21,2013,202,26.54,16.82,0,0.772808013662605,188.2845,45.4661386102895,418.41,1915.09,52839.33,21.68
TPD,2013-07-22,2013,203,26.27,15.49,0,0.823333460020362,201.9375,48.6638369314313,448.75,1759.47,52731.87,20.88
TPD,2013-07-23,2013,204,26.62,15.6,4.26,0.852860512279064,152.5185,36.6777923236493,338.93,1771.71,52621.65,21.11
TPD,2013-07-24,2013,205,22.26,12.51,0,0.614797818099635,195.9075,47.0109228827108,435.35,1449.44,52508.73,17.385
TPD,2013-07-25,2013,206,24.17,10.02,0,0.889500490505443,231.282,55.3774189478058,513.96,1228.64,52393.17,17.095
TPD,2013-07-26,2013,207,25.36,10.77,0,0.968065137054516,230.6115,55.0923905573528,512.47,1292.37,52275.05,18.065
TPD,2013-07-27,2013,208,22.19,15.15,12.99,0.473207320725491,111.564,26.5907945093868,247.92,1720.67,52154.41,18.67
TPD,2013-07-28,2013,209,20.72,12.39,4.45,0.499306694670473,128.25,30.49569845235,285,1438.67,52031.34,16.555
TPD,2013-07-29,2013,210,21.52,12.52,0,0.555116416296551,179.604,42.6038499867492,399.12,1450.41,51905.89,17.02
TPD,2013-07-30,2013,211,24.05,12.13,0,0.785266584943704,209.5065,49.5746964033017,465.57,1414.3,51778.13,18.09
TPD,2013-07-31,2013,212,26.17,12.75,15.51,0.957194139837999,162.1665,38.2764684735486,360.37,1472.75,51648.12,19.46
TPD,2013-08-01,2013,213,25.05,16.4,0,0.652428804615636,164.034,38.6181637616034,364.52,1863.9,51515.93,20.725
TPD,2013-08-02,2013,214,24.57,13.57,0.61,0.762759065566825,195.813,45.9796254991101,435.14,1553.83,51381.61,19.07
TPD,2013-08-03,2013,215,24.48,14.01,0,0.732341400764341,188.5545,44.15771055056,419.01,1598.46,51245.23,19.245
TPD,2013-08-04,2013,216,23.11,12.09,0,0.705224146136845,195.5565,45.6738535108863,434.57,1410.24,51106.86,17.6
TPD,2013-08-05,2013,217,21.99,8.11,0,0.777918181176018,221.868,51.6768484360104,493.04,1080.24,50966.54,15.05
TPD,2013-08-06,2013,218,25.71,12.81,0,0.908749260078924,205.8075,47.8023481256962,457.35,1478.56,50824.35,19.26
TPD,2013-08-07,2013,219,26.34,17.5,10.42,0.711159191025042,117.648,27.248359102776,261.44,1998.45,50680.35,21.92
TPD,2013-08-08,2013,220,26.88,18.75,0,0.684406251091386,144.6165,33.3981727847649,321.37,2162.03,50534.58,22.815
TPD,2013-08-09,2013,221,25.32,16.49,0,0.672858735886256,157.9275,36.365829354666,350.95,1874.51,50387.12,20.905
TPD,2013-08-10,2013,222,23.6,12.36,0,0.735419115322915,190.8,43.80533424756,424,1435.02,50238.01,17.98
TPD,2013-08-11,2013,223,24.3,9.83,0,0.908565239677104,217.0935,49.6924964321994,482.43,1213.59,50087.32,17.065
TPD,2013-08-12,2013,224,23.42,13.32,7.56,0.672663450720749,132.417,30.218010544719,294.26,1528.55,49935.1,18.37
TPD,2013-08-13,2013,225,20,14.06,0,0.363347850517453,117.81,26.80189257438,261.8,1604.25,49781.4,17.03
TPD,2013-08-14,2013,226,21.38,10.41,0,0.63852556016053,191.2815,43.3811329996374,425.07,1261.72,49626.28,15.895
TPD,2013-08-15,2013,227,22.36,8.54,0,0.791948527463761,214.704,48.5396233901712,477.12,1112.22,49469.79,15.45
TPD,2013-08-16,2013,228,24.75,9.71,0,0.955305883286114,217.8495,49.0936371546357,484.11,1203.37,49311.98,17.23
TPD,2013-08-17,2013,229,26.42,10.32,0,1.09229966149815,219.636,49.3365708312732,488.08,1253.73,49152.91,18.37
TPD,2013-08-18,2013,230,26.73,12.28,0,1.03639681418997,206.91,46.326368473407,459.8,1428.13,48992.61,19.505
TPD,2013-08-19,2013,231,26.74,12.58,0,1.02305719054258,202.788,45.253836595134,450.64,1456.68,48831.15,19.66
TPD,2013-08-20,2013,232,28.01,13.59,0,1.10914871040221,200.952,44.6948124073848,446.56,1555.52,48668.57,20.8
TPD,2013-08-21,2013,233,28.86,15.65,0,1.09364918201768,188.2485,41.728562834117,418.33,1777.06,48504.91,22.255
TPD,2013-08-22,2013,234,28.31,16.71,1.52,0.969218904409102,172.9935,38.2168253879649,384.43,1901.18,48340.22,22.51
TPD,2013-08-23,2013,235,26.18,13.77,0,0.907771854646216,183.5505,40.4100547207718,407.89,1573.75,48174.55,19.975
TPD,2013-08-24,2013,236,25.4,12.07,0,0.913976237932413,192.555,42.2458430124555,427.9,1408.26,48007.93,18.735
TPD,2013-08-25,2013,237,27.65,10.64,0,1.20751321939058,212.6115,46.4834051977131,472.47,1280.84,47840.42,19.145
TPD,2013-08-26,2013,238,28.75,18.78,3.35,0.885796779012634,111.6855,24.3319447030568,248.19,2166.53,47672.05,23.765
TPD,2013-08-27,2013,239,28.88,18.44,6.53,0.923559281914373,114.7905,24.919653368219,255.09,2120.91,47502.87,23.66
TPD,2013-08-28,2013,240,27.66,20,0,0.679416501671826,118.4535,25.6228368525855,263.23,2336.98,47332.9,23.83
TPD,2013-08-29,2013,241,29.42,17.74,0,1.03235041378934,164.8215,35.524184581161,366.27,2029.55,47162.2,23.58
TPD,2013-08-30,2013,242,28.63,17.22,3.29,0.973632919238834,122.4315,26.2919199701336,272.07,1964,46990.81,22.925
TPD,2013-08-31,2013,243,26.63,19.01,0,0.641017305123584,118.7595,25.4099830266563,263.91,2197.28,46818.75,22.82
TPD,2013-09-01,2013,244,26.48,18.16,0,0.682547145476843,128.8755,27.4727117762721,286.39,2083.59,46646.06,22.32
TPD,2013-09-02,2013,245,25.18,17.97,2.36,0.566417677374128,86.31,18.330569983026,191.8,2059.42,46472.78,21.575
TPD,2013-09-03,2013,246,20.28,13.45,1.98,0.41564336978415,115.893,24.5213596504395,257.54,1541.22,46298.95,16.865
TPD,2013-09-04,2013,247,25.43,11.54,0,0.941296325462198,189.288,39.899908111536,420.64,1359.67,46124.6,18.485
TPD,2013-09-05,2013,248,20.19,8.74,0,0.616322681509821,174.4695,36.6369206511024,387.71,1127.41,45949.76,14.465
TPD,2013-09-06,2013,249,21.38,4.22,0.46,0.857440319720538,210.078,43.9460756265762,466.84,825.45,45774.47,12.8
TPD,2013-09-07,2013,250,22.63,10.52,3.92,0.73464571569459,129.6135,27.0096760748813,288.03,1270.84,45598.75,16.575
TPD,2013-09-08,2013,251,22.63,13.09,0,0.616784874610922,144.0225,29.8964080959863,320.05,1505.94,45422.65,17.86
TPD,2013-09-09,2013,252,23.61,8.52,0.02,0.898356697327701,191.574,39.6127220110524,425.72,1111.05,45246.18,16.065
TPD,2013-09-10,2013,253,31.92,19.62,0,1.22084969064308,155.7135,32.071859941126,346.03,2282.28,45069.39,25.77
TPD,2013-09-11,2013,254,30.35,20.72,16.07,0.937796761786984,97.7895,20.0622797587845,217.31,2443.26,44892.3,25.535
TPD,2013-09-12,2013,255,23.15,17.17,0,0.433989855540025,91.449,18.6873540246342,203.22,1958.04,44714.94,20.16
TPD,2013-09-13,2013,256,14.98,10.02,0,0.234688106504036,83.2005,16.9342673319819,184.89,1229.04,44537.34,12.5
TPD,2013-09-14,2013,257,18.05,4.14,0,0.622322825961585,185.7645,37.6587464118305,412.81,821.15,44359.53,11.095
TPD,2013-09-15,2013,258,19.51,6.98,1.38,0.631361163884856,173.331,34.9971915082851,385.18,1000.08,44181.53,13.245
TPD,2013-09-16,2013,259,17.57,8.03,0,0.464806037363372,146.3175,29.4237896946053,325.15,1074.31,44003.39,12.8
TPD,2013-09-17,2013,260,18.7,3.26,0,0.689916440404214,192.294,38.5127958475296,427.32,771.88,43825.12,10.98
TPD,2013-09-18,2013,261,22.82,5.1,0,0.94728041006404,196.6455,39.2240219854612,436.99,878.25,43646.75,13.96
TPD,2013-09-19,2013,262,22.77,9.84,0,0.774720255866181,169.092,33.5901556785564,375.76,1214.27,43468.31,16.305
TPD,2013-09-20,2013,263,24.75,15.97,27.05,0.649633395537947,94.266,18.6490691545446,209.48,1813.4,43289.83,20.36
TPD,2013-09-21,2013,264,19.18,13.23,28.04,0.347778513497986,70.4745,13.8848030978931,156.61,1519.82,43111.34,16.205
TPD,2013-09-22,2013,265,13.48,8.78,0,0.205289962883253,79.524,15.6028609069848,176.72,1130.72,42932.86,11.13
TPD,2013-09-23,2013,266,16.33,6.63,0,0.438033414022433,146.835,28.689752841399,326.3,976.36,42754.42,11.48
TPD,2013-09-24,2013,267,19.35,3.26,0,0.734758553649297,188.4645,36.6700180667783,418.81,771.56,42576.05,11.305
TPD,2013-09-25,2013,268,21.62,4.97,0,0.853944304715429,186.1965,36.0770343740289,413.77,869.94,42397.78,13.295
TPD,2013-09-26,2013,269,22.25,5.52,0,0.886924912170814,183.546,35.4140460304686,407.88,904.41,42219.63,13.885
TPD,2013-09-27,2013,270,21.33,6.88,0,0.769233925154524,171.0585,32.8655200330458,380.13,993.33,42041.64,14.105
TPD,2013-09-28,2013,271,23.01,9.51,0,0.807998697644629,161.6175,30.9202888807643,359.15,1187.96,41863.83,16.26
TPD,2013-09-29,2013,272,21.85,11.09,1.67,0.646712701230322,140.22,26.712761289642,311.6,1319.72,41686.23,16.47
TPD,2013-09-30,2013,273,21.63,13.07,0,0.53690605759319,116.298,22.0612114340982,258.44,1503.82,41508.87,17.35
TPD,2013-10-01,2013,274,23.03,11.62,0,0.720244747705747,141.408,26.7100181999712,314.24,1366.92,41331.77,17.325
TPD,2013-10-02,2013,275,24.22,11.62,0,0.824908329947674,147.0285,27.6528642445701,326.73,1366.63,41154.98,17.92
TPD,2013-10-03,2013,276,23.41,7.91,8.13,0.904084292050691,122.1075,22.8672901829003,271.35,1065.39,40978.51,15.66
TPD,2013-10-04,2013,277,24.36,15.11,10.77,0.661764734688623,85.2975,15.90516620298,189.55,1716.81,40802.4,19.735
TPD,2013-10-05,2013,278,20.16,15.7,0.49,0.285609423062288,60.624,11.2556899468224,134.72,1782.8,40626.68,17.93
TPD,2013-10-06,2013,279,25.12,14.9,27.75,0.743916249525761,92.4525,17.0910328522658,205.45,1693.83,40451.39,20.01
TPD,2013-10-07,2013,280,15.8,9.38,7.49,0.306486829830999,67.6305,12.4483260008079,150.29,1177.35,40276.54,12.59
TPD,2013-10-08,2013,281,18.47,5.8,0,0.599808823356795,147.906,27.1062901296198,328.68,921.54,40102.19,12.135
TPD,2013-10-09,2013,282,20.12,6.01,0,0.707530553410604,153.747,28.0546156316844,341.66,935.28,39928.36,13.065
TPD,2013-10-10,2013,283,20.04,5.72,0,0.711278407663801,153.216,27.8363925213696,340.48,916.45,39755.08,12.88
TPD,2013-10-11,2013,284,21.88,6.45,0,0.827051849260056,154.458,27.9401427514134,343.24,964.39,39582.39,14.165
TPD,2013-10-12,2013,285,23.27,6.3,2.25,0.947828075328391,117.3915,21.1428151718796,260.87,953.99,39410.32,14.785
TPD,2013-10-13,2013,286,19.46,11.28,3.12,0.459221473041797,73.17,13.120980818148,162.6,1336.59,39238.92,15.37
TPD,2013-10-14,2013,287,17.27,5.07,0,0.54530395037081,133.623,23.8572802114731,296.94,876.15,39068.21,11.17
TPD,2013-10-15,2013,288,19.87,5.23,8.12,0.714201043469287,108.2475,19.2426171081188,240.55,885.97,38898.25,12.55
TPD,2013-10-16,2013,289,20.05,11.69,0,0.482940377307596,96.111,17.0108592934662,213.58,1373.27,38729.06,15.87
TPD,2013-10-17,2013,290,16.57,9.34,9.02,0.353363928485217,65.619,11.5635316024044,145.82,1173.96,38560.68,12.955
TPD,2013-10-18,2013,291,15.97,6.29,0,0.428365751600364,112.752,19.7830984837824,250.56,953.72,38393.16,11.13
TPD,2013-10-19,2013,292,10.4,5.48,9.02,0.178299917247022,48.591,8.4886187294898,107.98,901.87,38226.54,7.94
TPD,2013-10-20,2013,293,13.87,2.73,2.08,0.419569581812286,93.3885,16.2438210721827,207.53,743.03,38060.86,8.3
TPD,2013-10-21,2013,294,15.95,6.71,10.07,0.413398029593647,79.4475,13.7591547649627,176.55,981.5,37896.17,11.33
TPD,2013-10-22,2013,295,9.27,2.46,0,0.218995303441538,83.7855,14.4477642508875,186.19,729.19,37732.5,5.865
TPD,2013-10-23,2013,296,8.39,1.14,1.01,0.218584204406506,88.3575,15.1704957853103,196.35,663.12,37569.91,4.765
TPD,2013-10-24,2013,297,7.96,-0.47,4.46,0.239097951347407,75.699,12.9412414529892,168.22,590.33,37408.44,3.745
TPD,2013-10-25,2013,298,9.05,1.29,1.72,0.240144953704532,94.8105,16.1390225330379,210.69,670.24,37248.14,5.17
TPD,2013-10-26,2013,299,8.03,2.39,6.54,0.174128157408186,54.936,9.3114874227312,122.08,725.3,37089.06,5.21
TPD,2013-10-27,2013,300,9.17,1.25,0,0.24564253504236,98.0685,16.5515862864258,217.93,668.45,36931.24,5.21
TPD,2013-10-28,2013,301,10.1,1.07,0,0.28704813379359,107.532,18.0718883314776,238.96,660.08,36774.74,5.585
TPD,2013-10-29,2013,302,9.72,-0.7,1.67,0.311509529245887,117.261,19.6238234019474,260.58,580.42,36619.62,4.51
TPD,2013-10-30,2013,303,15.72,0.45,14.43,0.575615293978213,100.998,16.8312367802826,224.44,631.19,36465.91,8.085
TPD,2013-10-31,2013,304,16.95,6.48,33.49,0.480689937452581,82.431,13.6797106421889,183.18,965.92,36313.67,11.715
TPD,2013-11-01,2013,305,14.14,9.21,2.57,0.222325994210551,45.252,7.4785615032708,100.56,1164.07,36162.97,11.675
TPD,2013-11-02,2013,306,9.22,4.43,5.62,0.162694220005568,46.3455,7.6276971932391,102.99,837.84,36013.86,6.825
TPD,2013-11-03,2013,307,4.95,-2.32,0,0.176904036561168,90.1755,14.7806081860833,200.39,515.11,35866.38,1.315
TPD,2013-11-04,2013,308,6.52,-3.66,0,0.251286198602224,111.267,18.163574680914,247.26,466.14,35720.6,1.43
TPD,2013-11-05,2013,309,14.05,0.43,0,0.485556916353615,123.1605,20.0240519000161,273.69,629.93,35576.59,7.24
TPD,2013-11-06,2013,310,16.18,7.22,16.4,0.409165045960814,70.839,11.4713217248274,157.42,1016.55,35434.38,11.7
TPD,2013-11-07,2013,311,7.92,2.83,1.22,0.158615344007691,61.947,9.9916703861274,137.66,748.32,35294.06,5.375
TPD,2013-11-08,2013,312,6.87,-0.14,0,0.193895997405045,83.061,13.3446975338259,184.58,604.38,35155.67,3.365
TPD,2013-11-09,2013,313,12.18,-1.06,0,0.426131791183765,119.214,19.0787831978544,264.92,565.02,35019.28,5.56
TPD,2013-11-10,2013,314,8.92,3.33,0,0.182173916096348,68.202,10.873050754743,151.56,775.57,34884.95,6.125
TPD,2013-11-11,2013,315,7.61,-1.44,6.55,0.246921995413918,75.2535,11.9517625105263,167.23,549.72,34752.74,3.085
TPD,2013-11-12,2013,316,1.24,-4.68,0,0.118501879298478,74.3265,11.7603687865046,165.17,431.67,34622.71,-1.72
TPD,2013-11-13,2013,317,3.64,-4.03,0,0.169869495973529,90.414,14.2530325585812,200.92,453.27,34494.94,-0.195
TPD,2013-11-14,2013,318,8.8,-0.41,0,0.269131135577767,99.99,15.705277105221,222.2,592.88,34369.47,4.195
TPD,2013-11-15,2013,319,11.2,4.2,0,0.251787038244536,81.315,12.7262855770245,180.7,824.31,34246.39,7.7
TPD,2013-11-16,2013,320,13.65,1.46,3.13,0.440797613467771,82.1745,12.8154938908491,182.61,678.42,34125.74,7.555
TPD,2013-11-17,2013,321,16.69,9.79,10.33,0.342620615285122,56.655,8.80502164146,125.9,1209.89,34007.6,13.24
TPD,2013-11-18,2013,322,9.47,3.3,0,0.204510987092849,71.4465,11.0661005656701,158.77,773.92,33892.02,6.385
TPD,2013-11-19,2013,323,4.14,-2.08,0,0.14849485526654,74.007,11.4244898671692,164.46,524.23,33779.08,1.03
TPD,2013-11-20,2013,324,7.06,-5.35,0,0.297740598626837,109.2735,16.8135417839718,242.83,410.09,33668.84,0.855
TPD,2013-11-21,2013,325,6.96,-1.15,6.26,0.218599553541932,65.07,9.980138267064,144.6,561.28,33561.36,2.905
TPD,2013-11-22,2013,326,8.17,1.06,1.32,0.212307059375986,77.6295,11.8693304470787,172.51,659.35,33456.71,4.615
TPD,2013-11-23,2013,327,0.43,-6.56,4.77,0.128609277943595,65.5695,9.9948949941681,145.71,373.86,33354.94,-3.065
TPD,2013-11-24,2013,328,-3.65,-10.79,0,0.099621777090374,88.947,13.5182107876527,197.66,268.56,33256.13,-7.22
TPD,2013-11-25,2013,329,1.24,-9.58,2.79,0.18673663056337,83.7045,12.6848027848608,186.01,295.53,33160.32,-4.17
TPD,2013-11-26,2013,330,0.85,-1.83,4.85,0.0578889454102705,27.3825,4.13801290410975,60.85,534.17,33067.59,-0.49
TPD,2013-11-27,2013,331,-0.38,-5.51,0,0.0948730532040805,66.5685,10.0324996458295,147.93,405.24,32977.99,-2.945
TPD,2013-11-28,2013,332,-2.89,-8.45,4.31,0.0860617313940298,54.315,8.1643356685845,120.7,322.93,32891.59,-5.67
TPD,2013-11-29,2013,333,0.01,-11.23,0,0.176623579780492,112.8735,16.9236346188748,250.83,259.13,32808.43,-5.61
TPD,2013-11-30,2013,334,3.13,-8.12,0,0.216971186178376,111.1905,16.6307197874193,247.09,331.34,32728.58,-2.495
TPD,2013-12-01,2013,335,4.11,-1.09,1.86,0.127687593593476,65.844,9.8252450577972,146.32,563.97,32652.09,1.51
TPD,2013-12-02,2013,336,2.64,-1.63,0,0.0984327851146157,55.206,8.2194072180084,122.68,541.93,32579.02,0.505
TPD,2013-12-03,2013,337,4.36,-6.07,1.71,0.222820808266405,104.7195,15.5579670634622,232.71,388.41,32509.41,-0.855
TPD,2013-12-04,2013,338,12.58,-0.52,2.64,0.433571354437102,82.314,12.2043614903838,182.92,587.8,32443.31,6.03
TPD,2013-12-05,2013,339,13.9,2.08,0,0.43780046434341,104.4495,15.4564542023877,232.11,709.56,32380.78,7.99
TPD,2013-12-06,2013,340,1.71,-2.39,0,0.0896182430415375,51.957,7.6746152416914,115.46,512.3,32321.86,-0.34
TPD,2013-12-07,2013,341,-2.68,-7.31,0,0.0748396611936858,58.6305,8.64555481382715,130.29,352.98,32266.59,-4.995
TPD,2013-12-08,2013,342,0.1,-10.42,1.03,0.16980826495852,102.9645,15.1587009549526,228.81,276.59,32215.01,-5.16
TPD,2013-12-09,2013,343,1.39,-4.32,0,0.116193106844919,69.462,10.2111895488078,154.36,443.53,32167.17,-1.465
TPD,2013-12-10,2013,344,-3.64,-8.25,0.46,0.0699108725067612,58.5675,8.59785666623775,130.15,328.19,32123.09,-5.945
TPD,2013-12-11,2013,345,-4.55,-9.68,1.32,0.0719965728067573,64.971,9.5259497448654,144.38,293.29,32082.82,-7.115
TPD,2013-12-12,2013,346,-4.43,-13.46,0.65,0.112402355745889,96.237,14.0940969473142,213.86,216.51,32046.38,-8.945
TPD,2013-12-13,2013,347,-3.52,-9.46,2.26,0.0869154857471794,54.3735,7.95501224401995,120.83,298.46,32013.81,-6.49
TPD,2013-12-14,2013,348,-4.92,-9.77,14.28,0.0671622215022765,47.1015,6.8849203826376,104.67,291.08,31985.12,-7.345
TPD,2013-12-15,2013,349,-2.77,-9.54,2.63,0.101394209107605,61.164,8.9335376174232,135.92,296.58,31960.34,-6.155
TPD,2013-12-16,2013,350,-5.06,-15.33,2.33,0.117710029730108,78.2415,11.420400783236,173.87,185.54,31939.49,-10.195
TPD,2013-12-17,2013,351,-2.58,-14.29,3.62,0.152124235313469,81.3825,11.8725866256847,180.85,202.29,31922.59,-8.435
TPD,2013-12-18,2013,352,0.29,-5.35,0,0.107122051399491,69.7545,10.1720964818272,155.01,410.27,31909.65,-2.53
TPD,2013-12-19,2013,353,4.66,-3,2.69,0.180938954064285,64.449,9.3957688487124,143.22,489.71,31900.68,0.83
TPD,2013-12-20,2013,354,8.95,1.43,17.25,0.232452759892853,62.91,9.169966535616,139.8,677.45,31895.68,5.19
TPD,2013-12-21,2013,355,7.71,1.09,37.57,0.194970247354781,57.924,8.4429235734156,128.72,660.71,31894.67,4.4
TPD,2013-12-22,2013,356,8.66,-0.1,8.01,0.257141787832118,68.9625,10.052816363145,153.25,606.3,31897.64,4.28
TPD,2013-12-23,2013,357,1.71,-3.34,4.06,0.107182116222579,47.736,6.9600986126568,106.08,477.27,31904.59,-0.815
TPD,2013-12-24,2013,358,-3.84,-10.96,2.61,0.0981591238558712,63.4995,9.26164849750965,141.11,264.92,31915.51,-7.4
TPD,2013-12-25,2013,359,-2.7,-15.77,2.49,0.161593966314491,83.8305,12.232708185204,186.29,178.92,31930.4,-9.235
TPD,2013-12-26,2013,360,-1,-6.62,3.3,0.0983285043978267,52.5375,7.670896708005,116.75,372.17,31949.24,-3.81
TPD,2013-12-27,2013,361,3.12,-8.13,0,0.216812217966425,105.516,15.4171676568024,234.48,331.1,31972.02,-2.505
TPD,2013-12-28,2013,362,6.57,0.2,0,0.176271210106044,74.2815,10.8624920429376,165.07,619.44,31998.72,3.385
TPD,2013-12-29,2013,363,5.61,-1.73,0,0.18590980519416,83.7225,12.2548004048273,186.05,537.94,32029.33,1.94
TPD,2013-12-30,2013,364,-5.03,-9.12,2.92,0.0576286795634476,41.1885,6.035415406191,91.53,306.5,32063.8,-7.075
TPD,2013-12-31,2013,365,-6.94,-9.87,2.4,0.0380416173733325,30.9105,4.53477850439805,68.69,288.78,32102.13,-8.405
TPD,2014-01-01,2014,1,-6.97,-10.87,3.53,0.0486516472042681,34.668,5.0927355165096,77.04,266.73,32144.46,-8.92
TPD,2014-01-02,2014,2,-10.87,-15.03,3.53,0.0391502471824949,37.188,5.4707331395556,82.64,190.28,32190.41,-12.95
TPD,2014-01-03,2014,3,-7.03,-19.75,0,0.117352473865619,109.6245,16.1517781398362,243.61,127.61,32240.11,-13.39
TPD,2014-01-04,2014,4,0.75,-12.07,0,0.201798896246506,109.0665,16.0961852797956,242.37,242.3,32293.52,-5.66
TPD,2014-01-05,2014,5,3.02,-1.87,9.55,0.113051391600277,42.2235,6.24241883470095,93.83,532.64,32350.61,0.575
TPD,2014-01-06,2014,6,-0.95,-18.84,1.8,0.216449136908483,119.7585,17.7385969726254,266.13,138.07,32411.32,-9.895
TPD,2014-01-07,2014,7,-14.62,-23.27,0.23,0.052445596035147,93.348,13.8541154492268,207.44,93.68,32475.63,-18.945
TPD,2014-01-08,2014,8,-7.55,-17.99,0.98,0.0998447778866178,103.779,15.4343924932041,230.62,148.42,32543.47,-12.77
TPD,2014-01-09,2014,9,-2.32,-17.71,2.01,0.182196153455464,89.451,13.332638989836,198.78,152,32614.8,-10.015
TPD,2014-01-10,2014,10,6.03,-7.07,12.36,0.288688523974458,85.4595,12.7669126903857,189.91,359.5,32689.58,-0.52
TPD,2014-01-11,2014,11,8.08,0.63,7.37,0.218839968457608,62.0775,9.2960169659145,137.95,639.46,32767.74,4.355
TPD,2014-01-12,2014,12,3.05,0.03,0,0.0739514779486568,38.1465,5.7265917488262,84.77,612.23,32849.24,1.54
TPD,2014-01-13,2014,13,7.04,0.94,2.07,0.17492873502896,53.613,8.0692082270541,119.14,653.71,32934.01,3.99
TPD,2014-01-14,2014,14,4.36,-1.84,0.39,0.150239849028814,73.926,11.15621258004,164.28,533.54,33022,1.26
TPD,2014-01-15,2014,15,0.44,-3.92,0.39,0.087181787452821,55.125,8.34190865865,122.5,456.99,33113.16,-1.74
TPD,2014-01-16,2014,16,-1.16,-5.65,3.54,0.0804728779317466,43.038,6.5313569047572,95.64,401.05,33207.42,-3.405
TPD,2014-01-17,2014,17,1.61,-4.76,2.98,0.128779683386153,58.482,8.9011133947602,129.96,429.07,33304.73,-1.575
TPD,2014-01-18,2014,18,-5.3,-10.82,0.03,0.0726631088518791,71.0325,10.8438850738103,157.85,267.93,33405.01,-8.06
TPD,2014-01-19,2014,19,-0.85,-9.89,0.2,0.143362338886958,103.2705,15.8140765951407,229.49,288.42,33508.22,-5.37
TPD,2014-01-20,2014,20,-1.68,-9.38,0,0.120465814290535,93.8565,14.4179783256474,208.57,300.29,33614.28,-5.53
TPD,2014-01-21,2014,21,-11.64,-17.99,0,0.0521728143688767,83.1195,12.8099409460011,184.71,148.36,33723.14,-14.815
TPD,2014-01-22,2014,22,-11.97,-21.32,0,0.0674052543697454,110.2635,17.0494623836924,245.03,111.28,33834.73,-16.645
TPD,2014-01-23,2014,23,-10.05,-17.73,7.2,0.0674402623817033,73.6875,11.4323826693375,163.75,151.7,33948.98,-13.89
TPD,2014-01-24,2014,24,-7.17,-18.89,10.71,0.110544302160672,95.274,14.8323366455094,211.72,137.39,34065.83,-13.03
TPD,2014-01-25,2014,25,-3.99,-14.06,4.65,0.125054475463252,89.3835,13.9640673762459,198.63,206.07,34185.22,-9.025
TPD,2014-01-26,2014,26,-2.28,-19.09,4.69,0.191378687098311,107.469,16.8493553543097,238.82,135.13,34307.09,-10.685
TPD,2014-01-27,2014,27,-5.18,-17.32,0,0.13001070576672,133.227,20.9634436701504,296.06,157.09,34431.36,-11.25
TPD,2014-01-28,2014,28,-13.45,-21.26,0,0.0533112294123226,106.4745,16.8155144417007,236.61,111.86,34557.98,-17.355
TPD,2014-01-29,2014,29,-9.86,-19.4,0,0.0796250786832879,121.869,19.3185570807504,270.82,131.57,34686.88,-14.63
TPD,2014-01-30,2014,30,-1.51,-13.98,3.2,0.17030330058243,103.9095,16.5338940888058,230.91,207.48,34817.99,-7.745
TPD,2014-01-31,2014,31,1.27,-4.37,2,0.114285801221359,82.4625,13.1715090293175,183.25,441.71,34951.26,-1.55
TPD,2014-02-01,2014,32,2.94,-2.27,12.97,0.11900268041151,57.6855,9.2496307263057,128.19,516.8,35086.62,0.335
TPD,2014-02-02,2014,33,-0.83,-7.06,0,0.108173725452196,93.402,15.0352679278314,207.56,359.68,35224.01,-3.945
TPD,2014-02-03,2014,34,-4,-12.2,0,0.107983002189644,118.098,19.0858887450882,262.44,239.81,35363.37,-8.1
TPD,2014-02-04,2014,35,-4.16,-15.43,4.54,0.133157701257738,105.885,17.1804934063035,235.3,184.06,35504.63,-9.795
TPD,2014-02-05,2014,36,-4.91,-12.5,10.9,0.0957674926624073,87.5565,14.2638444572067,194.57,234.1,35647.74,-8.705
TPD,2014-02-06,2014,37,-7.3,-17.24,3.54,0.0983387272827377,104.85,17.15056244928,233,158.18,35792.64,-12.27
TPD,2014-02-07,2014,38,-11.19,-17.22,2.06,0.0517638363977867,76.6755,12.5933695366941,170.39,158.38,35939.26,-14.205
TPD,2014-02-08,2014,39,-8.93,-18.72,2.61,0.0867391158451921,108.5805,17.9071122602106,241.29,139.39,36087.56,-13.825
TPD,2014-02-09,2014,40,-6.07,-16.39,2.44,0.110048390814701,112.7835,18.6775383486947,250.63,169.84,36237.47,-11.23
TPD,2014-02-10,2014,41,-7.69,-18.6,0,0.101722305778167,155.277,25.8221700442566,345.06,140.91,36388.94,-13.145
TPD,2014-02-11,2014,42,-9.27,-19.16,0,0.0852187491893602,148.878,24.8621091997986,330.84,134.23,36541.91,-14.215
TPD,2014-02-12,2014,43,-6,-23.98,0,0.151998477945621,177.579,29.7803939637699,394.62,87.9,36696.33,-14.99
TPD,2014-02-13,2014,44,-2.81,-17.59,0,0.172206003096507,171.9495,28.9587512044701,382.11,153.58,36852.14,-10.2
TPD,2014-02-14,2014,45,-2.2,-9.24,1.54,0.108569553550687,116.208,19.654549676208,258.24,303.69,37009.3,-5.72
TPD,2014-02-15,2014,46,-5.08,-14.39,0.4,0.109860406456569,142.6455,24.2292821315963,316.99,200.57,37167.75,-9.735
TPD,2014-02-16,2014,47,-6.53,-18.49,1.55,0.117174090750529,163.836,27.9481935614688,364.08,142.16,37327.44,-12.51
TPD,2014-02-17,2014,48,-1.94,-23.9,7.06,0.22121457533649,142.4655,24.4074271067005,316.59,88.55,37488.33,-12.92
TPD,2014-02-18,2014,49,2.17,-7.85,0,0.188184670217207,146.916,25.2786821242032,326.48,338.47,37650.36,-2.84
TPD,2014-02-19,2014,50,5.29,-3.76,0,0.213590750245343,137.025,23.6789681453325,304.5,462.64,37813.49,0.765
TPD,2014-02-20,2014,51,6.25,-4.46,20.37,0.256071688802663,114.669,19.9017167864211,254.82,438.85,37977.67,0.895
TPD,2014-02-21,2014,52,6.42,0.62,0,0.161606516331074,96.3405,16.7933890715031,214.09,638.67,38142.86,3.52
TPD,2014-02-22,2014,53,3.47,0.17,0,0.0826226519147835,59.247,10.3725011936979,131.66,618.12,38309.01,1.82
TPD,2014-02-23,2014,54,1.33,-5.91,0,0.140171493194322,123.5115,21.7177292819844,274.47,392.93,38476.08,-2.29
TPD,2014-02-24,2014,55,-4.89,-7.82,0.96,0.0434021429369839,57.501,10.1548615864671,127.78,339.33,38644.03,-6.355
TPD,2014-02-25,2014,56,-5.95,-10.71,1.07,0.0615726996453937,93.4785,16.5807060963035,207.73,270.26,38812.81,-8.33
TPD,2014-02-26,2014,57,-9.02,-15.19,0,0.0614744889933973,121.0635,21.567404692966,269.03,187.72,38982.39,-12.105
TPD,2014-02-27,2014,58,-9.26,-16.26,0.75,0.0665542648122994,135.7785,24.2945722028939,301.73,171.75,39152.73,-12.76
TPD,2014-02-28,2014,59,-8.26,-22.42,0,0.114237907764381,199.845,35.9140890533535,444.1,101.02,39323.79,-15.34
TPD,2014-03-01,2014,60,0.32,-13.02,3.69,0.200893588945555,147.3435,26.5946952506184,327.43,224.38,39495.52,-6.35
TPD,2014-03-02,2014,61,-9.71,-15.88,0,0.0585587970183405,124.8615,22.6351802760345,277.47,177.24,39667.9,-12.795
TPD,2014-03-03,2014,62,-12.78,-21.11,0,0.0585610114044298,158.1345,28.7920018340519,351.41,113.42,39840.89,-16.945
TPD,2014-03-04,2014,63,-7.95,-22.11,1.72,0.116796030854863,206.0505,37.6796382538433,457.89,103.87,40014.45,-15.03
TPD,2014-03-05,2014,64,-5.4,-14.21,0,0.10328449921064,163.4805,30.0250947435579,363.29,203.62,40188.54,-9.805
TPD,2014-03-06,2014,65,-2.82,-15.17,0,0.154857654550533,198.045,36.531291540141,440.1,188.01,40363.14,-8.995
TPD,2014-03-07,2014,66,4.9,-10.22,0,0.292732475098703,211.041,39.0973754011077,468.98,280.94,40538.21,-2.66
TPD,2014-03-08,2014,67,1.14,-6.45,0,0.143614372395969,146.871,27.3270679994484,326.38,376.98,40713.72,-2.655
TPD,2014-03-09,2014,68,1.24,-12.06,0,0.213175472593339,205.6005,38.4196720597074,456.89,242.59,40889.64,-5.41
TPD,2014-03-10,2014,69,7.02,-1.84,0,0.234308499537521,162.603,30.5159164101603,361.34,533.75,41065.93,2.59
TPD,2014-03-11,2014,70,9.73,0.57,2.7,0.284105897805154,124.713,23.5057190707296,277.14,636.25,41242.56,5.15
TPD,2014-03-12,2014,71,2.41,-12.17,15.15,0.243458246266412,164.3805,31.1151181194464,365.29,240.36,41419.51,-4.88
TPD,2014-03-13,2014,72,-2.81,-17.54,0,0.172002028244837,222.3855,42.2748390323439,494.19,154.11,41596.74,-10.175
TPD,2014-03-14,2014,73,9.48,-8.19,0,0.427637713587222,231.3045,44.1579223698543,514.01,329.58,41774.22,0.645
TPD,2014-03-15,2014,74,3.83,-4.96,0,0.190486006034027,171.162,32.8152334289562,380.36,422.64,41951.93,-0.565
TPD,2014-03-16,2014,75,-6.44,-11.21,0,0.059619591578088,105.9345,20.3959261571436,235.41,259.72,42129.84,-8.825
TPD,2014-03-17,2014,76,-2.31,-13.79,0,0.153051242212571,207.7965,40.1768607848396,461.77,210.7,42307.91,-8.05
TPD,2014-03-18,2014,77,5.48,-6.98,0,0.269880076110439,214.758,41.6977501064472,477.24,362.08,42486.12,-0.75
TPD,2014-03-19,2014,78,7.15,-0.35,7.52,0.20782118409124,119.583,23.3158791642795,265.74,595.48,42664.45,3.4
TPD,2014-03-20,2014,79,2.09,-0.18,1.14,0.0538177323165333,58.0095,11.3577858433328,128.91,602.69,42842.85,0.955
TPD,2014-03-21,2014,80,3.24,-4.6,1.62,0.168303811071608,172.6245,33.9392597143338,383.61,434.3,43021.32,-0.68
TPD,2014-03-22,2014,81,4.6,-3.37,0,0.185759973299675,176.139,34.773904944954,391.42,476.45,43199.8,0.615
TPD,2014-03-23,2014,82,-4.19,-9.71,0,0.0784587405995257,134.7165,26.7060353198674,299.37,292.47,43378.29,-6.95
TPD,2014-03-24,2014,83,-3.21,-10.29,0.86,0.101987951328945,165.159,32.8756245265188,367.02,279.43,43556.76,-6.75
TPD,2014-03-25,2014,84,-0.64,-10.18,1.2,0.151024283811223,203.526,40.6786767359112,452.28,281.92,43735.16,-5.41
TPD,2014-03-26,2014,85,-5.35,-12.98,0,0.0932944529630873,175.2885,35.177711148823,389.53,225.15,43913.49,-9.165
TPD,2014-03-27,2014,86,6.32,-9.08,4.62,0.324270004555027,186.6555,37.6109094737295,414.79,307.36,44091.7,-1.38
TPD,2014-03-28,2014,87,9.59,-0.04,2.37,0.292222966721213,147.645,29.8704805758405,328.1,608.76,44269.77,4.775
TPD,2014-03-29,2014,88,2.32,-1.14,3.63,0.0801477274513108,63.819,12.9632916589344,141.82,561.84,44447.68,0.59
TPD,2014-03-30,2014,89,5.7,-1.84,0,0.190961926050742,172.215,35.1211882325445,382.7,533.56,44625.39,1.93
TPD,2014-03-31,2014,90,9.52,-3.36,0,0.35538779470592,237.843,48.6981439730037,528.54,476.81,44802.87,3.08
TPD,2014-04-01,2014,91,17.48,1.29,0,0.661729217629958,249.759,51.340224517263,555.02,670.21,44980.1,9.385
TPD,2014-04-02,2014,92,7.85,-1.42,0,0.255003693527773,197.199,40.6955077204815,438.22,550.64,45157.05,3.215
TPD,2014-04-03,2014,93,3.96,-2.16,0,0.144850503370876,147.186,30.4932541482738,327.08,521.18,45333.69,0.9
TPD,2014-04-04,2014,94,11.02,0.81,10.25,0.332579308045894,158.958,33.0601815818388,353.24,647.43,45509.98,5.915
TPD,2014-04-05,2014,95,5,-1.37,0,0.159624193860658,154.7505,32.3095084444337,343.89,552.58,45685.89,1.815
TPD,2014-04-06,2014,96,9.92,-3.85,0,0.380395699725789,250.7445,52.552686722211,557.21,459.36,45861.4,3.035
TPD,2014-04-07,2014,97,10.3,-0.66,13.98,0.334748799766339,169.164,35.5898580194304,375.92,581.83,46036.48,4.82
TPD,2014-04-08,2014,98,11.43,1.35,0,0.337466209483461,215.6805,45.5484077985258,479.29,673.43,46211.08,6.39
TPD,2014-04-09,2014,99,9.29,0.21,0,0.274428885505949,203.8635,43.2150309866282,453.03,620.22,46385.17,4.75
TPD,2014-04-10,2014,100,17.59,1.73,3.5,0.657453981390633,192.9195,41.048137188914,428.71,692.16,46558.73,9.66
TPD,2014-04-11,2014,101,14.16,1.21,0,0.472702974728779,243.189,51.9364059657156,540.42,666.72,46731.72,7.685
TPD,2014-04-12,2014,102,17.82,2.75,4.7,0.64586617161115,190.5975,40.8549051928575,423.55,744.46,46904.1,10.285
TPD,2014-04-13,2014,103,22.27,5.64,0,0.94971932188398,258.2595,55.5610678551936,573.91,847.02,47075.84,13.955
TPD,2014-04-14,2014,104,20.05,5.94,24.59,0.704516226608473,183.6135,39.6455208362955,408.03,930.96,47246.9,12.995
TPD,2014-04-15,2014,105,1.66,-3.78,0.98,0.113483446485371,136.17,29.507601458556,302.6,462.01,47417.24,-1.06
TPD,2014-04-16,2014,106,3.09,-7.03,0,0.20116644372926,222.246,48.3322304175804,493.88,360.66,47586.82,-1.97
TPD,2014-04-17,2014,107,14.48,-2.18,0,0.563127223750503,266.886,58.246025851512,593.08,520.24,47755.6,6.15
TPD,2014-04-18,2014,108,14.14,2.56,0,0.4377735745676,229.8825,50.3467096567388,510.85,734.34,47923.55,8.35
TPD,2014-04-19,2014,109,11.78,-0.03,0,0.385335359936284,231.759,50.9346439740369,515.02,609.43,48090.63,5.875
TPD,2014-04-20,2014,110,19.09,0.76,0,0.804113698205983,267.372,58.9644788444712,594.16,621.2,48256.78,9.925
TPD,2014-04-21,2014,111,22.31,5.77,5.45,0.88416623047348,189.8235,42.0057391478882,421.83,919.96,48421.97,14.04
TPD,2014-04-22,2014,112,13.76,4.34,2.7,0.369086816394706,143.1495,31.7847296729723,318.11,832.51,48586.15,9.05
TPD,2014-04-23,2014,113,9.53,1.48,0,0.253999159737854,171.3645,38.1773046859992,380.81,679.86,48749.28,5.505
TPD,2014-04-24,2014,114,11.38,-2.33,0,0.414881662799802,242.829,54.2782872439596,539.62,514.64,48911.32,4.525
TPD,2014-04-25,2014,115,14.37,3.63,7.28,0.420923167507799,155.007,34.7618697734979,344.46,792.11,49072.21,9.0
TPD,2014-04-26,2014,116,9.39,2.35,0,0.226915687942911,153.81,34.60567852323,341.8,723.16,49231.9,5.87
TPD,2014-04-27,2014,117,11.62,0.54,0,0.365432519642693,216.288,48.8192177794176,480.64,634.92,49390.36,6.08
TPD,2014-04-28,2014,118,13.11,2.78,1.32,0.379736759884659,202.5945,45.8739115357248,450.21,746,49547.52,7.945
TPD,2014-04-29,2014,119,14.33,7.6,26.52,0.293126907595738,96.003,21.8065263702543,213.34,1043.15,49703.33,10.965
TPD,2014-04-30,2014,120,11.49,7.3,6.41,0.165670729537058,64.323,14.6559931829136,142.94,1021.91,49857.76,9.395
TPD,2014-05-01,2014,121,12.72,7.29,1.16,0.222862761795424,111.645,25.5163571353845,248.1,1021.43,50010.73,10.005
TPD,2014-05-02,2014,122,11.37,6.29,1.27,0.194668360957809,107.2215,24.579591115761,238.27,953.36,50162.2,8.83
TPD,2014-05-03,2014,123,12.84,6.07,4.96,0.269713127894317,103.6395,23.8294511942567,230.31,939.34,50312.11,9.455
TPD,2014-05-04,2014,124,12.12,3.35,0,0.317285365657875,172.8585,39.8618742736715,384.13,776.49,50460.41,7.735
TPD,2014-05-05,2014,125,11.62,1.81,0,0.33497895527443,187.3215,43.3226249601552,416.27,695.71,50607.04,6.715
TPD,2014-05-06,2014,126,15.35,3.09,0,0.489326438425709,212.8995,49.3791363106371,473.11,762.14,50751.94,9.22
TPD,2014-05-07,2014,127,17.02,4.91,2.38,0.534765938053861,157.401,36.6099653595042,349.78,866.4,50895.06,10.965
TPD,2014-05-08,2014,128,23.95,7.7,0,1.01457233548673,232.326,54.1867828470624,516.28,994.84,51036.32,15.825
TPD,2014-05-09,2014,129,25.93,10.84,1.78,1.09174540046389,221.706,51.8510258990298,492.68,1227.26,51175.69,18.385
TPD,2014-05-10,2014,130,18.04,9,0,0.458196262704239,170.64,40.015212348384,379.2,1147.45,51313.08,13.52
TPD,2014-05-11,2014,131,21.37,5.37,0,0.869662774302099,234.999,55.2528170186292,522.22,846.91,51448.44,13.37
TPD,2014-05-12,2014,132,23.43,11.46,5.51,0.761258050053821,150.498,35.4766618332792,334.44,1353.08,51581.72,17.445
TPD,2014-05-13,2014,133,28.59,15.13,7.21,1.0923172007276,155.115,36.657967897062,344.7,1718.47,51712.84,21.86
TPD,2014-05-14,2014,134,20.73,13.12,15.63,0.465305902676525,111.8835,26.5070754000153,248.63,1508.58,51841.74,16.925
TPD,2014-05-15,2014,135,18.85,10.57,14.77,0.447575112525346,121.167,28.7766057618684,269.26,1275.41,51968.36,14.71
TPD,2014-05-16,2014,136,9.9,4.13,1.21,0.198580527848868,125.811,29.9509899888528,279.58,820.42,52092.64,7.015
TPD,2014-05-17,2014,137,11.84,3.2,1.69,0.308182504792592,179.01,42.715421818407,397.8,768.61,52214.51,7.52
TPD,2014-05-18,2014,138,15.15,2.32,0.56,0.498463609194184,225.9495,54.0394310447806,502.11,721.64,52333.91,8.735
TPD,2014-05-19,2014,139,19.28,5.37,0,0.668173448528809,229.896,55.1060755450344,510.88,894.68,52450.77,12.325
TPD,2014-05-20,2014,140,16.49,8.44,25.46,0.383407897128171,126.324,30.3458275632204,280.72,1104.58,52565.03,12.465
TPD,2014-05-21,2014,141,22.94,10.76,8.88,0.75036029704461,161.0505,38.7700336711467,357.89,1291.35,52676.62,16.85
TPD,2014-05-22,2014,142,16.9,10.31,0,0.333676204322844,144.747,34.9172672221692,321.66,1252.94,52785.48,13.605
TPD,2014-05-23,2014,143,14.29,6.94,0,0.313672432433207,161.8425,39.1196601115988,359.65,997.5,52891.55,10.615
TPD,2014-05-24,2014,144,21.93,7.06,0,0.810257928036186,237.8205,57.5968082650506,528.49,1005.79,52994.76,14.495
TPD,2014-05-25,2014,145,23.2,7.54,0,0.906405400614415,239.9895,58.2321140415459,533.31,1031.71,53095.06,15.37
TPD,2014-05-26,2014,146,25.91,11.41,0,1.00475133666857,227.475,55.2967000514775,505.5,1337.25,53192.37,18.66
TPD,2014-05-27,2014,147,25.77,15.71,1.66,0.761549603783328,184.4325,44.9129837907607,409.85,1784.02,53286.63,20.74
TPD,2014-05-28,2014,148,23.29,13.64,0,0.645170869200397,183.699,44.810899563654,408.22,1560.87,53377.8,18.465
TPD,2014-05-29,2014,149,20.32,10.4,0,0.559385841223826,190.8,46.6198251048,424,1260.26,53465.8,15.36
TPD,2014-05-30,2014,150,23.46,9.35,0,0.853664122268694,226.4535,55.4190933448971,503.23,1174.61,53550.58,16.405
TPD,2014-05-31,2014,151,23.2,10.92,0,0.765526308178215,209.0385,51.2350448667156,464.53,1305.22,53632.08,17.06
TPD,2014-06-01,2014,152,26.42,10.68,0,1.10402477658171,230.076,56.47349841903,511.28,1257.21,53710.25,18.55
TPD,2014-06-02,2014,153,26.25,15.56,20.61,0.817698537954189,136.26,33.492385445328,302.8,1767.04,53785.04,20.905
TPD,2014-06-03,2014,154,26.1,15.94,0,0.781314071766276,174.8295,43.0296758215497,388.51,1810.1,53856.38,21.02
TPD,2014-06-04,2014,155,19.89,11.24,0,0.491701434319932,162.702,40.0952609174322,361.56,1332.86,53924.23,15.565
TPD,2014-06-05,2014,156,19.57,9.34,0,0.548715236897394,186.75,46.07638449165,415,1173.77,53988.54,14.455
TPD,2014-06-06,2014,157,22.04,8.46,0,0.768726973509391,219.6045,54.2434354797519,488.01,1106.42,54049.26,15.25
TPD,2014-06-07,2014,158,25.05,9.16,0,1.00497991727179,232.686,57.5353516471272,517.08,1160.01,54106.36,17.105
TPD,2014-06-08,2014,159,20.18,12.14,12.07,0.471103278126504,116.4915,28.8328338342459,258.87,1415.2,54159.78,16.16
TPD,2014-06-09,2014,160,24.19,11.94,0,0.807101177499785,205.191,50.8334691668076,455.98,1396.29,54209.48,18.065
TPD,2014-06-10,2014,161,24.87,13.89,0,0.774293520805189,191.277,47.4266273317416,425.06,1586.46,54255.44,19.38
TPD,2014-06-11,2014,162,25.82,16.92,10.53,0.694624496991896,121.7925,30.2216004132773,270.65,1927.2,54297.61,21.37
TPD,2014-06-12,2014,163,24.86,18.1,2.27,0.527536872266197,98.0865,24.3563823222678,217.97,2076.54,54335.96,21.48
TPD,2014-06-13,2014,164,21.95,13.97,0,0.517077305368668,156.2265,38.8180674781983,347.17,1594.4,54370.46,17.96
TPD,2014-06-14,2014,165,18.18,10.25,0,0.41704470227996,160.128,39.8098994696064,355.84,1247.87,54401.09,14.215
TPD,2014-06-15,2014,166,23.79,8.44,4.7,0.91760697995178,174.969,43.5209302596573,388.82,1104.65,54427.81,16.115
TPD,2014-06-16,2014,167,28.35,14.42,0,1.10366450981617,213.795,53.200605284253,475.1,1641.7,54450.62,21.385
TPD,2014-06-17,2014,168,29.47,17.05,0,1.08187677780989,197.4735,49.1562034091636,438.83,1942.74,54469.49,23.26
TPD,2014-06-18,2014,169,26.93,15.68,5.39,0.880754105387726,142.8165,35.560409898582,317.37,1780.39,54484.4,21.305
TPD,2014-06-19,2014,170,24.43,15.24,0,0.660854980166525,167.2065,41.6417337007718,371.57,1731.3,54495.35,19.835
TPD,2014-06-20,2014,171,23.69,11.41,0,0.786590738981279,207.0405,51.568746720448,460.09,1348.24,54502.33,17.55
TPD,2014-06-21,2014,172,24.36,14.23,0,0.709365869262322,179.289,44.6589737308836,398.42,1621.92,54505.32,19.295
TPD,2014-06-22,2014,173,26.13,12.3,0,0.974575825539462,214.9695,53.5456421795691,477.71,1429.98,54504.34,19.215
TPD,2014-06-23,2014,174,27.76,14.64,1.94,1.02691850131025,206.0055,51.308166747065,457.79,1665.08,54499.37,21.2
TPD,2014-06-24,2014,175,27.88,19.77,9.06,0.719778061812418,108.1935,26.9424773011539,240.43,2304.03,54490.42,23.825
TPD,2014-06-25,2014,176,24.91,19.09,1.46,0.465765743980747,112.0725,27.9018184794008,249.05,2209.23,54477.51,22.0
TPD,2014-06-26,2014,177,25.19,17.23,5.8,0.614856869654029,112.554,28.0130111930214,250.12,1965.07,54460.63,21.21
TPD,2014-06-27,2014,178,27.18,15.6,0,0.910940356248704,195.66,48.678238036422,434.8,1771.87,54439.81,21.39
TPD,2014-06-28,2014,179,29.71,17.12,0,1.1060812275624,200.2905,49.8076054574301,445.09,1951.46,54415.06,23.415
TPD,2014-06-29,2014,180,28.52,19.98,8.16,0.775177509390852,114.921,28.5631321461183,255.38,2334.83,54386.39,24.25
TPD,2014-06-30,2014,181,29.23,20.71,0,0.803968085273759,152.7705,37.9477413437004,339.49,2441.43,54353.84,24.97
TPD,2014-07-01,2014,182,27.81,21.79,0,0.559663310645361,115.848,28.7570249320248,257.44,2608.77,54317.43,24.8
TPD,2014-07-02,2014,183,27.75,18.49,0,0.794339317146507,170.3025,42.2429752725615,378.45,2127.11,54277.18,23.12
TPD,2014-07-03,2014,184,22.86,14.04,2.31,0.587822470251735,129.681,32.1408398490921,288.18,1602.09,54233.13,18.45
TPD,2014-07-04,2014,185,22.34,10.33,0,0.718544523756682,212.814,52.6984640098938,472.92,1255.01,54185.31,16.335
TPD,2014-07-05,2014,186,24.84,9.92,0,0.954847238468092,231.678,57.3151177092096,514.84,1220.74,54133.76,17.38
TPD,2014-07-06,2014,187,25.47,14.15,13.01,0.817585099808692,149.5485,36.9592422753654,332.33,1613.69,54078.52,19.81
TPD,2014-07-07,2014,188,26.28,18.62,13.19,0.632215300818148,111.8295,27.6073110231903,248.51,2144.1,54019.62,22.45
TPD,2014-07-08,2014,189,23.3,16.83,24,0.46758434767273,99.801,24.6093290554527,221.78,1916.5,53957.11,20.065
TPD,2014-07-09,2014,190,21.87,13.91,0,0.513059518223819,162.9675,40.135970439684,362.15,1588.92,53891.04,17.89
TPD,2014-07-10,2014,191,23.36,10.68,0,0.789527813484363,219.753,54.0513327154545,488.34,1284.68,53821.45,17.02
TPD,2014-07-11,2014,192,25.79,12.97,0,0.908655117443643,215.6625,52.97322041955,479.25,1494.26,53748.4,19.38
TPD,2014-07-12,2014,193,27.61,14.43,1.34,1.0216712494873,213.6555,52.4055748933256,474.79,1642.89,53671.93,21.02
TPD,2014-07-13,2014,194,27.29,19.5,0.79,0.674916760600988,146.862,35.968838465214,326.36,2266.22,53592.1,23.395
TPD,2014-07-14,2014,195,26.03,16.8,11.28,0.722779968937771,128.187,31.3463353218723,284.86,1912.52,53508.97,21.415
TPD,2014-07-15,2014,196,23.11,16.12,1.54,0.493753160662839,142.137,34.7014964083122,315.86,1831.8,53422.58,19.615
TPD,2014-07-16,2014,197,19.86,12.44,0,0.434088494676836,156.4515,38.1322144220486,347.67,1443.14,53333.01,16.15
TPD,2014-07-17,2014,198,22.38,10.3,0,0.723531519592293,215.694,52.480112635674,479.32,1252.05,53240.3,16.34
TPD,2014-07-18,2014,199,24.88,12.04,1.77,0.866336012843111,217.9395,52.9310558727527,484.31,1405.14,53144.51,18.46
TPD,2014-07-19,2014,200,20.33,15.38,5.18,0.315681755069839,81.2835,19.7046599420034,180.63,1747.11,53045.72,17.855
TPD,2014-07-20,2014,201,24.92,17.38,5.87,0.579939309495571,114.8715,27.7936123518374,255.27,1983.81,52943.97,21.15
TPD,2014-07-21,2014,202,27.42,15.88,0,0.920649743172353,202.302,48.8510247691062,449.56,1803.62,52839.33,21.65
TPD,2014-07-22,2014,203,28.95,16.19,13.75,1.07239377777715,157.968,38.0678625435312,351.04,1839.82,52731.87,22.57
TPD,2014-07-23,2014,204,23.8,16.64,0,0.523443780099596,149.751,36.0122613208155,332.78,1892.85,52621.65,20.22
TPD,2014-07-24,2014,205,22.21,12.89,0,0.592207216921534,186.093,44.6557874099373,413.54,1486.2,52508.73,17.55
TPD,2014-07-25,2014,206,23.37,11.17,0,0.769081255296444,214.9425,51.4651415682533,477.65,1327.21,52393.17,17.27
TPD,2014-07-26,2014,207,25.68,16.43,0,0.710509742285549,176.1345,42.0779998596083,391.41,1868.12,52275.05,21.055
TPD,2014-07-27,2014,208,26.81,17.75,24.22,0.74227123876389,128.889,30.7201329597393,286.42,2031.26,52154.41,22.28
TPD,2014-07-28,2014,209,20.48,13.54,4.33,0.425593177542358,112.0095,26.6339800062261,248.91,1550.54,52031.34,17.01
TPD,2014-07-29,2014,210,20.45,11.78,0,0.508193968223124,178.11,42.249458370303,395.8,1381.39,51905.89,16.115
TPD,2014-07-30,2014,211,22.27,12.61,1.57,0.610735750576268,188.712,44.6541759213192,419.36,1459.08,51778.13,17.44
TPD,2014-07-31,2014,212,23.45,13.37,4.2,0.672989129863889,142.938,33.7379289228792,317.64,1533.32,51648.12,18.41
TPD,2014-08-01,2014,213,26.71,15.22,1.28,0.884336272359039,199.7775,47.0331773344778,443.95,1728.19,51515.93,20.965
TPD,2014-08-02,2014,214,24.98,16.16,5.32,0.660054982824276,127.1565,29.85812101228,282.57,1835.55,51381.61,20.57
TPD,2014-08-03,2014,215,25.47,16.46,0.36,0.689066376998496,172.071,40.2974281289781,382.38,1870.95,51245.23,20.965
TPD,2014-08-04,2014,216,26.76,15.58,0,0.868391693511799,197.1045,46.0354018369959,438.01,1769.45,51106.86,21.17
TPD,2014-08-05,2014,217,23.91,16.17,7.55,0.561450156588983,117.756,27.4273845909768,261.68,1836.76,50966.54,20.04
TPD,2014-08-06,2014,218,24.78,14.53,0,0.732110581102331,189.9225,44.1127823908388,422.05,1653.74,50824.35,19.655
TPD,2014-08-07,2014,219,24.69,12.46,0,0.828932876045192,208.6245,48.3193534410878,463.61,1444.48,50680.35,18.575
TPD,2014-08-08,2014,220,24.13,12.11,0,0.793907712974577,206.109,47.5994370939354,458.02,1411.92,50534.58,18.12
TPD,2014-08-09,2014,221,25.68,13.47,0,0.873666015819293,204.858,47.1724751543472,455.24,1543.21,50387.12,19.575
TPD,2014-08-10,2014,222,27.63,15.44,0,0.968826871231571,200.655,46.0679210872335,445.9,1752.99,50238.01,21.535
TPD,2014-08-11,2014,223,25.75,17.29,11.75,0.66473710968427,120.5055,27.5835947589882,267.79,1973.01,50087.32,21.52
TPD,2014-08-12,2014,224,24.3,17.81,4.68,0.495260114496302,97.9695,22.3569736820865,217.71,2038.45,49935.1,21.055
TPD,2014-08-13,2014,225,20.8,14.32,0,0.409538845178068,135.828,30.901005556344,301.84,1630.71,49781.4,17.56
TPD,2014-08-14,2014,226,18.94,11.5,0,0.413580546731413,154.5615,35.0533271023254,343.47,1356.06,49626.28,15.22
TPD,2014-08-15,2014,227,21.06,10.85,0,0.595572399543693,190.1295,42.9838956207689,422.51,1298.71,49469.79,15.955
TPD,2014-08-16,2014,228,21.8,11.56,3.77,0.621911408795162,142.002,32.0009670126972,315.56,1361.37,49311.98,16.68
TPD,2014-08-17,2014,229,23.34,12.52,0,0.704620118574173,193.4595,43.4565750821027,429.91,1450.77,49152.91,17.93
TPD,2014-08-18,2014,230,23.02,12.36,0,0.68535243116197,189.981,42.5360292346737,422.18,1435.06,48992.61,17.69
TPD,2014-08-19,2014,231,26.25,11.83,5.28,1.00853725073234,160.4925,35.8152423700838,356.65,1386.3,48831.15,19.04
TPD,2014-08-20,2014,232,25.18,17.94,3.5,0.568330295837673,102.9465,22.8968833626779,228.77,2055.57,48668.57,21.56
TPD,2014-08-21,2014,233,26.3,17.19,0,0.726076682207477,163.9845,36.3500241015002,364.41,1960.14,48504.91,21.745
TPD,2014-08-22,2014,234,26.45,17.44,0,0.726063106216006,161.2485,35.6221809985419,358.33,1990.92,48340.22,21.945
TPD,2014-08-23,2014,235,23.49,17.13,0,0.466070215052602,124.803,27.4763406218805,277.34,1952.83,48174.55,20.31
TPD,2014-08-24,2014,236,24.71,16.97,0,0.585777685125668,147.042,32.2604619367842,326.76,1933.01,48007.93,20.84
TPD,2014-08-25,2014,237,26.44,15.81,0,0.823107410372441,180.7605,39.5197981541037,401.69,1795.06,47840.42,21.125
TPD,2014-08-26,2014,238,28.68,18.63,0,0.888315586951135,168.8355,36.7827161978318,375.19,2145.93,47672.05,23.655
TPD,2014-08-27,2014,239,24.61,15.24,0,0.678000589873428,166.7205,36.193039226906,370.49,1730.7,47502.87,19.925
TPD,2014-08-28,2014,240,21.57,10.8,0,0.637051303605259,186.183,40.273496635599,413.74,1294.63,47332.9,16.185
TPD,2014-08-29,2014,241,23.77,11.62,0,0.784027563844225,194.481,41.916733809174,432.18,1367.27,47162.2,17.695
TPD,2014-08-30,2014,242,29.45,15.83,0,1.15173979726536,194.1615,41.6957941320746,431.47,1798.07,46990.81,22.64
TPD,2014-08-31,2014,243,26.49,20.48,0,0.520933288337257,109.4895,23.4265581835313,243.31,2407.8,46818.75,23.485
TPD,2014-09-01,2014,244,27.32,19.16,10.33,0.702992845000731,106.1865,22.6360410553683,235.97,2217.65,46646.06,23.24
TPD,2014-09-02,2014,245,23.59,18.2,11.94,0.406139994334858,76.9635,16.3455546621321,171.03,2089.5,46472.78,20.895
TPD,2014-09-03,2014,246,25.92,14.45,0,0.846446534892979,182.07,38.523499707105,404.6,1644.59,46298.95,20.185
TPD,2014-09-04,2014,247,27.98,16.03,0,0.972811409907001,180.6615,38.081533162653,401.47,1820.8,46124.6,22.005
TPD,2014-09-05,2014,248,29.33,19.67,49.44,0.890848526678075,115.407,24.2343624621024,256.46,2290.38,45949.76,24.5
TPD,2014-09-06,2014,249,21.97,14.7,0,0.479990474198598,134.541,28.1445413649939,298.98,1671.58,45774.47,18.335
TPD,2014-09-07,2014,250,21.83,11.13,0,0.643178341903467,177.957,37.0837985646375,395.46,1323.41,45598.75,16.48
TPD,2014-09-08,2014,251,24.16,11.02,0,0.845828860173637,193.428,40.152076412994,429.84,1313.7,45422.65,17.59
TPD,2014-09-09,2014,252,24.01,16.08,0,0.57520644034363,140.6295,29.0786708533167,312.51,1826.68,45246.18,20.045
TPD,2014-09-10,2014,253,24.96,16.59,30.27,0.631977869865796,108.261,22.2982055447103,240.58,1887.18,45069.39,20.775
TPD,2014-09-11,2014,254,20.66,12.11,0,0.508350949585274,151.335,31.047557327685,336.3,1412.03,44892.3,16.385
TPD,2014-09-12,2014,255,14.9,9.23,1.2,0.262312363097556,111.753,22.8364211124774,248.34,1165.36,44714.94,12.065
TPD,2014-09-13,2014,256,16.1,8.76,7.39,0.347859302601219,103.1445,20.9935822119291,229.21,1129.24,44537.34,12.43
TPD,2014-09-14,2014,257,16.8,5.82,0,0.492848321535342,179.4465,36.3779421686626,398.77,923.15,44359.53,11.31
TPD,2014-09-15,2014,258,18.09,7.54,5.97,0.515484767820781,129.6495,26.177477660969,288.11,1039.37,44181.53,12.815
TPD,2014-09-16,2014,259,17.84,9.07,0,0.44257226945572,153.153,30.7983779322219,340.34,1152.88,44003.39,13.455
TPD,2014-09-17,2014,260,19.3,8.17,0,0.574048209164806,174.987,35.0465360696208,388.86,1084.95,43825.12,13.735
TPD,2014-09-18,2014,261,17.31,7.43,0,0.470291701830492,165.3615,32.9839386690713,367.47,1031.01,43646.75,12.37
TPD,2014-09-19,2014,262,18.4,6.52,0,0.571063013644032,179.5095,35.6595938943286,398.91,969.1,43468.31,12.46
TPD,2014-09-20,2014,263,23.77,11.06,4.59,0.808852438536424,132.615,26.2358252809065,294.7,1317.6,43289.83,17.415
TPD,2014-09-21,2014,264,22.24,13.23,2.39,0.57783405475257,108.3375,21.3445268234325,240.75,1519.68,43111.34,17.735
TPD,2014-09-22,2014,265,14.2,8.21,0,0.263825276700985,109.368,21.4583483184336,243.04,1087.71,42932.86,11.205
TPD,2014-09-23,2014,266,19.59,6.58,0,0.650929028522892,178.9155,34.9578879320007,397.59,972.62,42754.42,13.085
TPD,2014-09-24,2014,267,22.54,8.62,0,0.803846801818614,178.938,34.816422683493,397.64,1118.17,42576.05,15.58
TPD,2014-09-25,2014,268,21.97,9.77,0,0.712025977337789,167.0625,32.3696715841125,371.25,1208.48,42397.78,15.87
TPD,2014-09-26,2014,269,23.44,9.17,0,0.858940679578791,175.7115,33.9024285415247,390.47,1160.53,42219.63,16.305
TPD,2014-09-27,2014,270,24.52,10.36,0,0.906929993722831,171.828,33.0133642948944,381.84,1257.19,42041.64,17.44
TPD,2014-09-28,2014,271,24.56,11.27,0,0.871146070891275,165.177,31.6012842449487,367.06,1335.81,41863.83,17.915
TPD,2014-09-29,2014,272,23.23,11.38,10.64,0.748343957410273,117.0225,22.2934967052998,260.05,1345.16,41686.23,17.305
TPD,2014-09-30,2014,273,18.29,12.31,5.36,0.33222766342505,71.118,13.4907671221362,158.04,1431.02,41508.87,15.3
TPD,2014-10-01,2014,274,19.4,13.53,0,0.348343236903628,92.1285,17.4018012540736,204.73,1549.52,41331.77,16.465
TPD,2014-10-02,2014,275,21.81,14.36,0,0.485689403617828,109.962,20.6814614721732,244.36,1634.96,41154.98,18.085
TPD,2014-10-03,2014,276,22.78,13.4,27.35,0.613860306609094,97.722,18.3005739307854,217.16,1536.75,40978.51,18.09
TPD,2014-10-04,2014,277,12.21,5.1,1.42,0.270560689005612,113.2425,21.11598562374,251.65,878.04,40802.4,8.655
TPD,2014-10-05,2014,278,12.45,3.84,3.9,0.319080788987067,97.9965,18.1944150810534,217.77,803.79,40626.68,8.145
TPD,2014-10-06,2014,279,16.32,8.8,14.67,0.359588667263836,85.3875,15.7849768007663,189.75,1131.93,40451.39,12.56
TPD,2014-10-07,2014,280,16.16,9.76,10.26,0.311848246357467,74.556,13.7230597632168,165.68,1208.01,40276.54,12.96
TPD,2014-10-08,2014,281,14.46,8.74,0,0.257633187654221,91.917,16.8453536019111,204.26,1127.46,40102.19,11.6
TPD,2014-10-09,2014,282,14.3,3.94,0,0.40868735848314,143.487,26.1824467023324,318.86,809.38,39928.36,9.12
TPD,2014-10-10,2014,283,13.44,3.33,0,0.381241997764629,140.2605,25.4826280104138,311.69,775.66,39755.08,8.385
TPD,2014-10-11,2014,284,13.21,2.56,0,0.390511452192889,142.92,25.853016367116,317.6,734.38,39582.39,7.885
TPD,2014-10-12,2014,285,15.65,1.56,6.4,0.545529602574539,119.0475,21.441069320814,264.55,683.52,39410.32,8.605
TPD,2014-10-13,2014,286,19.82,9.68,5.66,0.552652042827606,96.3045,17.2695024901098,214.01,1201.14,39238.92,14.75
TPD,2014-10-14,2014,287,22.6,14.79,12.7,0.526848663948531,76.8825,13.7267337648352,170.85,1681.04,39068.21,18.695
TPD,2014-10-15,2014,288,17.71,12.13,2.92,0.303132362700209,59.877,10.6440350546925,133.06,1414.16,38898.25,14.92
TPD,2014-10-16,2014,289,17.62,10.56,5.46,0.367899061177172,73.4535,13.0006674898047,163.23,1273.98,38729.06,14.09
TPD,2014-10-17,2014,290,16.17,11.24,3.32,0.250108621178714,54.045,9.523934614242,120.1,1332.86,38560.68,13.705
TPD,2014-10-18,2014,291,11.85,5.9,2.47,0.228447221848239,66.078,11.5938305450136,146.84,928.56,38393.16,8.875
TPD,2014-10-19,2014,292,10.43,1.75,1.74,0.284579663677481,119.8755,20.9416849726689,266.39,692.78,38226.54,6.09
TPD,2014-10-20,2014,293,13.35,5.57,2.4,0.310706515382152,81.738,14.2173548862876,181.64,907.44,38060.86,9.46
TPD,2014-10-21,2014,294,10.84,7.17,2.73,0.141325136390516,42.8625,7.42316336087625,95.25,1013.19,37896.17,9.005
TPD,2014-10-22,2014,295,12.46,4.88,0,0.288770945327065,106.047,18.286482213675,235.66,864.91,37732.5,8.67
TPD,2014-10-23,2014,296,15.37,4.17,0,0.459861735253257,132.8265,22.8055780033106,295.17,822.83,37569.91,9.77
TPD,2014-10-24,2014,297,15.01,1.52,0,0.51081292337322,142.5555,24.3707994286794,316.79,681.56,37408.44,8.265
TPD,2014-10-25,2014,298,17.3,7.26,0,0.475128269751382,121.581,20.6960041196838,270.18,1019.6,37248.14,12.28
TPD,2014-10-26,2014,299,13,4.71,0,0.320066752956769,110.475,18.725181538995,245.5,854.49,37089.06,8.855
TPD,2014-10-27,2014,300,17.55,1.64,0,0.657365169766227,143.9775,24.299912964447,319.95,687.5,36931.24,9.595
TPD,2014-10-28,2014,301,20.61,9.89,1.89,0.601662342998213,120.5325,20.2567596651585,267.85,1218.37,36774.74,15.25
TPD,2014-10-29,2014,302,12.77,6.65,0,0.24750843861169,86.13,14.413998768642,191.4,977.29,36619.62,9.71
TPD,2014-10-30,2014,303,9.38,3.44,1.4,0.19747291684775,84.6675,14.1097718776073,188.15,781.23,36465.91,6.41
TPD,2014-10-31,2014,304,8.01,3.51,4.85,0.143243813091734,49.5405,8.22141797466195,110.09,785.38,36313.67,5.76
TPD,2014-11-01,2014,305,4.57,0.93,0.3,0.0965027945102904,55.1925,9.12137597828325,122.65,653.1,36162.97,2.75
TPD,2014-11-02,2014,306,7.41,-1.67,0,0.244734240271286,113.949,18.7541070324498,253.22,540.23,36013.86,2.87
TPD,2014-11-03,2014,307,13.2,1.5,0,0.416978686943154,124.1055,20.3420526555213,275.79,680.69,35866.38,7.35
TPD,2014-11-04,2014,308,14.47,8.74,6.63,0.258404294737307,57.1095,9.322734218049,126.91,1127.22,35720.6,11.605
TPD,2014-11-05,2014,309,11.65,3.74,0,0.284964741050505,98.7075,16.0483604964322,219.35,798.1,35576.59,7.695
TPD,2014-11-06,2014,310,10.61,2.43,3.05,0.274611136627429,75.051,12.1533924359466,166.78,727.57,35434.38,6.52
TPD,2014-11-07,2014,311,6.09,0.87,0.28,0.14500300803958,70.947,11.4433150739274,157.66,650.27,35294.06,3.48
TPD,2014-11-08,2014,312,7.15,0.11,2.67,0.197643234341672,67.554,10.8533210194926,150.12,615.77,35155.67,3.63
TPD,2014-11-09,2014,313,8.54,1.66,0,0.211467590746126,87.7995,14.0512660038252,195.11,688.45,35019.28,5.1
TPD,2014-11-10,2014,314,14.65,4.62,0,0.407342863408789,107.541,17.1446402043315,238.98,849.06,34884.95,9.635
TPD,2014-11-11,2014,315,17.62,5.45,3.22,0.555693694541836,85.698,13.6105582282164,190.44,899.45,34752.74,11.535
TPD,2014-11-12,2014,316,5.69,0.84,0,0.132603507744598,65.5245,10.3676654295752,145.61,649.15,34622.71,3.265
TPD,2014-11-13,2014,317,1.25,-2.1,0,0.0727803766016624,47.718,7.5223550294244,106.04,523.49,34494.94,-0.425
TPD,2014-11-14,2014,318,1.99,-3.8,2.14,0.122340443205749,57.591,9.0457307107389,127.98,461.02,34369.47,-0.905
TPD,2014-11-15,2014,319,2,-2.69,1.03,0.102415058715682,63.8685,9.99580360789755,141.93,501.1,34246.39,-0.345
TPD,2014-11-16,2014,320,1.39,-2.55,7.1,0.0847531217650938,40.7385,6.3533577675843,90.53,506.32,34125.74,-0.58
TPD,2014-11-17,2014,321,1.16,-4.71,3.36,0.117100007773552,57.1905,8.888246230446,127.09,430.67,34007.6,-1.775
TPD,2014-11-18,2014,322,-5.72,-9.74,0.22,0.054199806762698,62.2575,9.6428482286355,138.35,291.9,33892.02,-7.73
TPD,2014-11-19,2014,323,-0.2,-10.77,12.18,0.167117872411851,91.305,14.094788970258,202.9,268.86,33779.08,-5.485
TPD,2014-11-20,2014,324,-1.75,-7.72,2.17,0.0982330193051626,63.711,9.8029948761468,141.58,341.92,33668.84,-4.735
TPD,2014-11-21,2014,325,-1.79,-10.22,0,0.128062292610075,106.9605,16.4051110974996,237.69,280.88,33561.36,-6.005
TPD,2014-11-22,2014,326,8.13,-8.25,4.38,0.376810416096895,97.461,14.9015105688267,216.58,328.05,33456.71,-0.06
TPD,2014-11-23,2014,327,12.53,5.68,20.54,0.267238323947714,64.9305,9.8974908977319,144.29,914.46,33354.94,9.105
TPD,2014-11-24,2014,328,15.85,4.69,3.31,0.471783899638162,83.493,12.6893090637513,185.54,853.34,33256.13,10.27
TPD,2014-11-25,2014,329,3.59,0.57,0,0.0767207663079006,43.893,6.6516620807232,97.54,636.42,33160.32,2.08
TPD,2014-11-26,2014,330,2,-0.24,0.75,0.0528252377785655,34.7265,5.24783000509695,77.17,600.1,33067.59,0.88
TPD,2014-11-27,2014,331,1.8,-2.46,1.58,0.0930035683191468,62.9955,9.49401490853565,139.99,509.82,32977.99,-0.33
TPD,2014-11-28,2014,332,-1.02,-6.26,0.73,0.0925319253348952,75.5415,11.3549878101515,167.87,382.76,32891.59,-3.64
TPD,2014-11-29,2014,333,10.03,-4.44,0,0.39480636610944,119.3625,17.8965597522487,265.25,439.49,32808.43,2.795
TPD,2014-11-30,2014,334,13.45,5.1,1.21,0.330706879609664,85.0635,12.7229145712731,189.03,877.88,32728.58,9.275
TPD,2014-12-01,2014,335,4.41,-3.71,0,0.186251127375041,85.9455,12.8247919190042,190.99,464.39,32652.09,0.35
TPD,2014-12-02,2014,336,1.97,-7.44,0.74,0.177711954457033,103.4865,15.4077036022611,229.97,349.35,32579.02,-2.735
TPD,2014-12-03,2014,337,2.23,-2.22,0,0.0993914879043037,54.927,8.1603947392299,122.06,518.83,32509.41,0.005
TPD,2014-12-04,2014,338,1.43,-4.45,0,0.119432320497119,69.201,10.2601503935667,153.78,439.1,32443.31,-1.51
TPD,2014-12-05,2014,339,3.65,-3.44,0,0.159818012912548,78.3585,11.5955037278091,174.13,473.84,32380.78,0.105
TPD,2014-12-06,2014,340,4.73,-0.39,0,0.130863562991036,60.894,8.9947075567788,135.32,593.73,32321.86,2.17
TPD,2014-12-07,2014,341,0.97,-4.41,0,0.107641819183239,63.9945,9.43652122246035,142.21,440.55,32266.59,-1.72
TPD,2014-12-08,2014,342,5.23,-3.17,0,0.201335595298744,85.374,12.5689818852918,189.72,483.47,32215.01,1.03
TPD,2014-12-09,2014,343,4.82,0.78,0,0.107526932872749,48.8655,7.18342234455195,108.59,646.01,32167.17,2.8
TPD,2014-12-10,2014,344,1.5,-2.85,0,0.0929203492806738,53.712,7.8850570240656,119.36,495.25,32123.09,-0.675
TPD,2014-12-11,2014,345,1.83,-2.73,3.36,0.0987972519501036,42.6015,6.2461674909711,94.67,499.72,32082.82,-0.45
TPD,2014-12-12,2014,346,2.79,-2.57,0,0.120638102237469,64.4535,9.4393411847181,143.23,505.5,32046.38,0.11
TPD,2014-12-13,2014,347,3.77,-1.08,1.48,0.11764257289677,58.68,8.585066594556,130.4,564.56,32013.81,1.345
TPD,2014-12-14,2014,348,4.38,2.25,1.2,0.0583052538609142,27.99,4.091354235216,62.2,718.09,31985.12,3.315
TPD,2014-12-15,2014,349,6.43,2.97,3.67,0.103047332374478,32.4315,4.7369044738647,72.07,755.98,31960.34,4.7
TPD,2014-12-16,2014,350,7.2,3.2,5.16,0.123177592348373,36.864,5.3807973322752,81.92,768.15,31939.49,5.2
TPD,2014-12-17,2014,351,3.82,-1,2.13,0.117397684253358,44.0775,6.43030058051325,97.95,567.87,31922.59,1.41
TPD,2014-12-18,2014,352,-0.08,-1.92,0,0.0386536038859536,25.398,3.703716698499,56.44,530.52,31909.65,-1.0
TPD,2014-12-19,2014,353,-0.76,-4.86,0,0.0763670896090935,53.1765,7.7523949507914,118.17,425.87,31900.68,-2.81
TPD,2014-12-20,2014,354,-0.53,-5.65,0,0.0939490574775799,64.2555,9.3660909987168,142.79,400.79,31895.68,-3.09
TPD,2014-12-21,2014,355,1.16,-2.81,0,0.0839071365291059,52.119,7.5967946571861,115.82,496.8,31894.67,-0.825
TPD,2014-12-22,2014,356,4.54,-3.22,0,0.181557361311914,85.4415,12.4549966908342,189.87,481.56,31897.64,0.66
TPD,2014-12-23,2014,357,7.81,0.55,2.65,0.211091135633349,60.984,8.8917096906792,135.52,635.57,31904.59,4.18
TPD,2014-12-24,2014,358,12.35,4.07,6.51,0.307504416718906,64.0125,9.33647153830875,142.25,817.19,31915.51,8.21
TPD,2014-12-25,2014,359,4.79,2.51,0,0.0635823842439392,32.211,4.700291222808,71.58,731.64,31930.4,3.65
TPD,2014-12-26,2014,360,7.04,0.8,0,0.178369684880348,74.727,10.9107418186836,166.06,646.99,31949.24,3.92
TPD,2014-12-27,2014,361,10.62,2.63,5.37,0.269800120406674,63.306,9.2497745904084,140.68,738.01,31972.02,6.625
TPD,2014-12-28,2014,362,4.43,-0.49,0,0.124080550814669,63.2295,9.2463122127168,140.51,589.49,31998.72,1.97
TPD,2014-12-29,2014,363,-0.31,-5.07,0.57,0.0894812236610539,64.611,9.4573729756791,143.58,419.03,32029.33,-2.69
TPD,2014-12-30,2014,364,-3.08,-7.43,0,0.0692644242188433,61.461,9.005976577926,136.58,349.58,32063.8,-5.255
TPD,2014-12-31,2014,365,-5.02,-10.52,0,0.0739871336293619,74.7945,10.9728568236425,166.21,274.26,32102.13,-7.77
TPD,2015-01-01,2015,1,-0.8,-7.79,0,0.118459745333774,70.6275,10.3751926183305,156.95,340.15,32144.46,-4.295
TPD,2015-01-02,2015,2,0.34,-4.95,0,0.102077482093844,56.3085,8.28355321578645,125.13,422.76,32190.41,-2.305
TPD,2015-01-03,2015,3,5.08,-4.87,5.8,0.225969431588975,66.0015,9.72448298415405,146.67,425.28,32240.11,0.105
TPD,2015-01-04,2015,4,6.75,-3.26,0,0.252007932178906,88.0695,12.9974189095548,195.71,480.2,32293.52,1.745
TPD,2015-01-05,2015,5,-6.73,-13.51,0,0.0775968394119835,71.3385,10.5468470410864,158.53,215.57,32350.61,-10.12
TPD,2015-01-06,2015,6,-8.28,-13.06,2.9,0.0527946848126079,44.847,6.6427256389428,99.66,223.54,32411.32,-10.67
TPD,2015-01-07,2015,7,-10.19,-15.02,2.02,0.0465383882618882,45.8055,6.79816048774005,101.79,190.38,32475.63,-12.605
TPD,2015-01-08,2015,8,-8.49,-15.89,5.51,0.0733839754201323,65.1915,9.69551834398785,144.87,177.04,32543.47,-12.19
TPD,2015-01-09,2015,9,-6.78,-13.96,0,0.0807121892372142,85.3425,12.72026856033,189.65,207.85,32614.8,-10.37
TPD,2015-01-10,2015,10,-5.65,-16.33,0,0.115987278564383,108.5895,16.2223353236637,241.31,170.65,32689.58,-10.99
TPD,2015-01-11,2015,11,0.09,-10.31,5.36,0.168377897856317,80.649,12.0770725670982,179.22,279.01,32767.74,-5.11
TPD,2015-01-12,2015,12,-0.47,-7.94,2.05,0.127638586994,66.8655,10.0379175174954,148.59,336.02,32849.24,-4.205
TPD,2015-01-13,2015,13,-9.3,-19.47,0,0.0866324005399382,109.7775,16.5224387022818,243.95,130.69,32934.01,-14.385
TPD,2015-01-14,2015,14,-7.42,-19.68,0,0.111582008474207,119.1735,17.98453723869,264.83,128.42,33022,-13.55
TPD,2015-01-15,2015,15,-2.12,-16.6,0,0.178588401065309,124.92,18.903786478704,277.6,166.91,33113.16,-9.36
TPD,2015-01-16,2015,16,-2.84,-14.46,0,0.148810740451505,118.1025,17.9229884949135,262.45,199.37,33207.42,-8.65
TPD,2015-01-17,2015,17,6.18,-18.45,0.97,0.402035693171434,132.93,20.232293758173,295.4,142.68,33304.73,-6.135
TPD,2015-01-18,2015,18,4.97,-0.64,0,0.143761115397397,73.2375,11.1805023488288,162.75,582.69,33405.01,2.165
TPD,2015-01-19,2015,19,-0.02,-4.18,0,0.0811144527803553,57.411,8.7914937121794,127.58,448.31,33508.22,-2.1
TPD,2015-01-20,2015,20,-3.45,-8.21,0,0.0728318566086176,66.2805,10.1818287749178,147.29,329.12,33614.28,-5.83
TPD,2015-01-21,2015,21,-2.63,-11.48,0,0.125364964518453,107.946,16.6360707819108,239.88,254.03,33723.14,-7.055
TPD,2015-01-22,2015,22,-1.73,-6.39,0,0.0801154331809936,65.925,10.1936344088925,146.5,378.89,33834.73,-4.06
TPD,2015-01-23,2015,23,-1.77,-6.74,0,0.0843434325876278,70.5195,10.9408774846527,156.71,368.85,33948.98,-4.255
TPD,2015-01-24,2015,24,0.49,-5.49,0,0.113784420351311,82.9755,12.917695796644,184.39,405.98,34065.83,-2.5
TPD,2015-01-25,2015,25,-2.05,-9.15,0,0.110401309832687,96.4665,15.0706193598441,214.37,305.83,34185.22,-5.6
TPD,2015-01-26,2015,26,-5.49,-10.6,0,0.0673592106899002,75.006,11.7596957979078,166.68,272.65,34307.09,-8.045
TPD,2015-01-27,2015,27,-6.18,-11.67,0,0.0682659523794187,80.883,12.7270464273216,179.74,250.17,34431.36,-8.925
TPD,2015-01-28,2015,28,-2.61,-17.34,0,0.174292800365665,141.4845,22.3446426423867,314.41,156.85,34557.98,-9.975
TPD,2015-01-29,2015,29,0.89,-7.72,4.33,0.155177151063406,85.7025,13.585478162724,190.45,341.92,34686.88,-3.415
TPD,2015-01-30,2015,30,-4.2,-11.27,0,0.095378344396592,102.213,16.2639500382459,227.14,258.33,34817.99,-7.735
TPD,2015-01-31,2015,31,-2.04,-13.84,0,0.158654520405491,136.593,21.8176253793126,303.54,209.86,34951.26,-7.94
TPD,2015-02-01,2015,32,-2.9,-9,20.18,0.0925878007143793,69.507,11.1451592322738,154.46,309.42,35086.62,-5.95
TPD,2015-02-02,2015,33,-8.19,-14.32,1.55,0.0647566357164749,96.1065,15.4706213689871,213.57,201.78,35224.01,-11.255
TPD,2015-02-03,2015,34,-2.65,-16.67,3.85,0.16898305196965,114.0615,18.4335475545554,253.47,165.97,35363.37,-9.66
TPD,2015-02-04,2015,35,0.13,-8.34,2.06,0.145785834613958,91.116,14.7841321925556,202.48,325.87,35504.63,-4.105
TPD,2015-02-05,2015,36,-7.88,-16.35,0,0.0845317398443687,123.741,20.1586675687038,274.98,170.38,35647.74,-12.115
TPD,2015-02-06,2015,37,-3.17,-15.56,0,0.151461744520336,149.499,24.4539049652352,332.22,182.03,35792.64,-9.365
TPD,2015-02-07,2015,38,2.98,-5.93,0,0.182286675942476,125.6715,20.6405910588213,279.27,392.46,35939.26,-1.475
TPD,2015-02-08,2015,39,-0.07,-8.16,4.92,0.139136802253617,90.171,14.8710147735132,200.38,330.38,36087.56,-4.115
TPD,2015-02-09,2015,40,-7.99,-11.36,0,0.0400330220495935,59.238,9.8101230827202,131.64,256.48,36237.47,-9.675
TPD,2015-02-10,2015,41,-4.83,-10.76,0,0.0795878713519406,100.179,16.6595128245882,222.62,269.11,36388.94,-7.795
TPD,2015-02-11,2015,42,-0.86,-9.1,4.01,0.1337905698625,96.894,16.1809616518578,215.32,307.04,36541.91,-4.98
TPD,2015-02-12,2015,43,-5.01,-16.72,1.89,0.128590812656579,158.8995,26.647800193976,353.11,165.28,36696.33,-10.865
TPD,2015-02-13,2015,44,-6.83,-18.88,5.54,0.115157985350354,122.5845,20.6449802821431,272.41,137.57,36852.14,-12.855
TPD,2015-02-14,2015,45,-6.08,-18.56,1.19,0.124120423928913,167.7195,28.3668185014695,372.71,141.36,37009.3,-12.32
TPD,2015-02-15,2015,46,-18.38,-25.68,0,0.0349781837466323,129.0285,21.9163445710988,286.73,75.33,37167.75,-22.03
TPD,2015-02-16,2015,47,-13.94,-29.16,0,0.0775947808774962,183.033,31.2229406976264,406.74,54.56,37327.44,-21.55
TPD,2015-02-17,2015,48,-8.32,-23.87,3.12,0.119552096451115,138.366,23.7050939283246,307.48,88.8,37488.33,-16.095
TPD,2015-02-18,2015,49,-8.13,-16.58,0.34,0.0828239991005239,144.5985,24.8799281027022,321.33,167.21,37650.36,-12.355
TPD,2015-02-19,2015,50,-14.96,-22.26,0,0.045357581774246,132.318,22.8655625400774,294.04,102.45,37813.49,-18.61
TPD,2015-02-20,2015,51,-11.1,-27.35,0,0.0994624951045068,190.9485,33.1406305783771,424.33,64.64,37977.67,-19.225
TPD,2015-02-21,2015,52,-5.2,-17.4,0.44,0.130286046532944,175.644,30.6170097734088,390.32,155.97,38142.86,-11.3
TPD,2015-02-22,2015,53,-4.56,-16.03,0,0.131031244799354,171.2655,29.9838237073484,380.59,175.04,38309.01,-10.295
TPD,2015-02-23,2015,54,-14.85,-24.52,0,0.0555582921910768,158.3505,27.8436687326028,351.89,83.73,38476.08,-19.685
TPD,2015-02-24,2015,55,-6.31,-22.03,0.43,0.139080236060691,193.7565,34.2180212340362,430.57,104.6,38644.03,-14.17
TPD,2015-02-25,2015,56,-7.45,-16.28,0,0.0897139740773848,147.8835,26.230768037492,328.63,171.42,38812.81,-11.865
TPD,2015-02-26,2015,57,-10.96,-16.78,0,0.0511185342746873,107.3205,19.1190958079972,238.49,164.43,38982.39,-13.87
TPD,2015-02-27,2015,58,-10.84,-24.34,0,0.0919930732795595,190.5165,34.0887317586557,423.37,85.13,39152.73,-17.59
TPD,2015-02-28,2015,59,-6.31,-22.7,0.97,0.142132889810846,202.4325,36.3790879546297,449.85,98.53,39323.79,-14.505
TPD,2015-03-01,2015,60,-2.5,-14.83,1.35,0.158144011851006,182.7405,32.9836600015992,406.09,193.37,39495.52,-8.665
TPD,2015-03-02,2015,61,-3.11,-13.36,0,0.134509554904102,167.2515,30.3197371002045,371.67,218.15,39667.9,-8.235
TPD,2015-03-03,2015,62,2.28,-15.81,5.82,0.27108741628878,157.779,28.7272749297267,350.62,178.37,39840.89,-6.765
TPD,2015-03-04,2015,63,1.31,-6.82,0,0.152764617331273,139.986,25.598684985489,311.08,366.62,40014.45,-2.755
TPD,2015-03-05,2015,64,-8.95,-16.91,0,0.0748349117745563,143.217,26.3034673486326,318.26,162.64,40188.54,-12.93
TPD,2015-03-06,2015,65,-5.43,-21.78,0,0.151143188630431,211.8825,39.0837505604985,470.85,106.94,40363.14,-13.605
TPD,2015-03-07,2015,66,1.06,-9.14,0,0.177129589173425,168.696,31.2525568049112,374.88,306.05,40538.21,-4.04
TPD,2015-03-08,2015,67,2.8,-3.74,0,0.142038081627064,121.122,22.5361652758488,269.16,463.26,40713.72,-0.47
TPD,2015-03-09,2015,68,4.97,-6.13,0,0.242033087192267,180.6255,33.7527023310774,401.39,386.44,40889.64,-0.58
TPD,2015-03-10,2015,69,6.99,-4.59,0,0.283043097730693,184.725,34.6675809109725,410.5,434.53,41065.93,1.2
TPD,2015-03-11,2015,70,5.47,-0.61,0,0.158177147202082,112.788,21.2581129677696,250.64,584.29,41242.56,2.43
TPD,2015-03-12,2015,71,5.1,-4.23,0,0.215999474463644,161.6265,30.5938212788786,359.17,446.38,41419.51,0.435
TPD,2015-03-13,2015,72,8.87,-3.13,0.97,0.326153341444645,188.991,35.9266413662838,419.98,484.75,41596.74,2.87
TPD,2015-03-14,2015,73,5.59,2.03,0.01,0.100496095533219,70.5645,13.4713406486583,156.81,707,41774.22,3.81
TPD,2015-03-15,2015,74,3,-0.51,0,0.084440060103972,72.297,13.8608039822697,160.66,588.62,41951.93,1.245
TPD,2015-03-16,2015,75,10.06,-0.4,0.65,0.319197465333376,181.494,34.9436512369872,403.32,593,42129.84,4.83
TPD,2015-03-17,2015,76,5.81,-1.61,0,0.189834105074554,143.505,27.7462825741935,318.9,542.74,42307.91,2.1
TPD,2015-03-18,2015,77,3.2,-5.47,0,0.181183534417456,166.977,32.4205162067268,371.06,406.49,42486.12,-1.135
TPD,2015-03-19,2015,78,2.11,-7.28,0,0.17896757829018,180.7245,35.2370370706942,401.61,353.8,42664.45,-2.585
TPD,2015-03-20,2015,79,7.82,-1.74,1.79,0.260602542151972,180.9,35.41874105205,402,537.56,42842.85,3.04
TPD,2015-03-21,2015,80,4.77,-2.1,0,0.167471717330803,142.6995,28.0557822997638,317.11,523.35,43021.32,1.335
TPD,2015-03-22,2015,81,-2.1,-7.91,0,0.0939474726916663,129.8115,25.627786928289,288.47,336.86,43199.8,-5.005
TPD,2015-03-23,2015,82,-2.66,-8.67,0,0.092923556006241,136.935,27.1458280650555,304.3,317.57,43378.29,-5.665
TPD,2015-03-24,2015,83,3.2,-8.6,0,0.224869425105633,218.349,43.4633277008268,485.22,319.25,43556.76,-2.7
TPD,2015-03-25,2015,84,7.57,-3.51,4.53,0.284803209678182,157.4955,31.4785753754346,349.99,471.35,43735.16,2.03
TPD,2015-03-26,2015,85,4.31,-0.15,6.81,0.113166841842342,80.2485,16.1046420793511,178.33,604.28,43913.49,2.08
TPD,2015-03-27,2015,86,-0.63,-7.23,0,0.114636532079229,155.844,31.402420909236,346.32,355.1,44091.7,-3.93
TPD,2015-03-28,2015,87,-2.17,-10.33,0,0.121788393359421,184.0635,37.2384110635051,409.03,278.53,44269.77,-6.25
TPD,2015-03-29,2015,88,4.94,-9.56,0,0.312823105514788,245.7,49.90803304032,546,269.58,44447.68,-2.31
TPD,2015-03-30,2015,89,7.89,-2.12,0,0.323501210159061,210.4425,42.9172293622928,467.65,469.76,44625.39,2.885
TPD,2015-03-31,2015,90,5.82,-2.77,0,0.238086896005295,194.3595,39.7949357917661,431.91,472.51,44802.87,1.525
TPD,2015-04-01,2015,91,8.01,-2.55,0,0.34526202051224,220.1895,45.2619459813015,489.31,444.17,44980.1,2.73
TPD,2015-04-02,2015,92,14.58,0.64,5.06,0.581691826392431,183.3165,37.8306078684053,407.37,566.52,45157.05,7.61
TPD,2015-04-03,2015,93,12.88,2.9,0.46,0.477329692289397,212.5395,44.0328631123004,472.31,640.36,45333.69,7.89
TPD,2015-04-04,2015,94,5.86,-2.07,0.34,0.225026049042144,187.317,38.9583036611262,416.26,500.1,45509.98,1.895
TPD,2015-04-05,2015,95,4.58,-1.35,0,0.146670225544622,153.576,32.0642910288648,341.28,553.36,45685.89,1.615
TPD,2015-04-06,2015,96,11.72,-0.09,0,0.510215138093299,238.3605,49.957166292579,529.69,480.5,45861.4,5.815
TPD,2015-04-07,2015,97,8.18,1.57,0,0.233453869625986,166.7205,35.0757780847488,370.49,650.86,46036.48,4.875
TPD,2015-04-08,2015,98,5.8,0.85,0,0.135900994686971,133.308,28.1526014025648,296.24,649.58,46211.08,3.325
TPD,2015-04-09,2015,99,16.04,1.06,0.87,0.810069036819553,258.885,54.8785010410065,575.3,429.33,46385.17,8.55
TPD,2015-04-10,2015,100,14.91,4.37,0,0.65935822672355,226.269,48.1440235621509,502.82,603.75,46558.73,9.64
TPD,2015-04-11,2015,101,10.22,0.69,0,0.433949937274823,217.0305,46.3498931075922,482.29,509.24,46731.72,5.455
TPD,2015-04-12,2015,102,16.05,1.14,0,0.831781113394717,259.2315,55.5667223101155,576.07,410.1,46904.1,8.595
TPD,2015-04-13,2015,103,23,5.7,0,1.37303864928063,262.773,56.5320868487424,583.94,486.35,47075.84,14.35
TPD,2015-04-14,2015,104,15.35,2.95,0,0.758970064020252,238.608,51.519841600464,530.24,488.74,47246.9,9.15
TPD,2015-04-15,2015,105,15.81,1.07,0,0.822450429106603,254.475,55.14391482093,565.5,403.92,47417.24,8.44
TPD,2015-04-16,2015,106,17.77,4.07,0.67,0.92882574078198,245.52,53.393668332048,545.6,494.6,47586.82,10.92
TPD,2015-04-17,2015,107,18.45,6.93,0,0.863579771739687,201.834,44.048876230728,448.52,693.72,47755.6,12.69
TPD,2015-04-18,2015,108,19.37,5.29,0,0.999022688666744,221.5485,48.5214751204898,492.33,567.62,47923.55,12.33
TPD,2015-04-19,2015,109,15.55,4.22,5.98,0.591548990458011,149.76,32.913381062016,332.8,702.7,48090.63,9.885
TPD,2015-04-20,2015,110,17.84,6.04,0,0.812285112985807,203.625,44.906130801675,452.5,675.63,48256.78,11.94
TPD,2015-04-21,2015,111,10.49,4.27,0,0.243410525117976,128.142,28.3563385244118,284.76,804.11,48421.97,7.38
TPD,2015-04-22,2015,112,7.16,0.92,0.02,0.181547125382952,130.437,28.9620626293035,289.86,650.76,48586.15,4.04
TPD,2015-04-23,2015,113,1.73,-0.88,0,0.0597028761589354,62.2125,13.85996263974,138.25,572.81,48749.28,0.425
TPD,2015-04-24,2015,114,6.63,-2.19,0,0.284986256943588,179.6715,40.1610239574066,399.27,463.04,48911.32,2.22
TPD,2015-04-25,2015,115,9.95,-1.37,0,0.450407227555954,207.756,46.5913604976732,461.68,436.98,49072.21,4.29
TPD,2015-04-26,2015,116,11.29,0.11,0,0.496706895148696,204.9165,46.1041188681195,455.37,479.18,49231.9,5.7
TPD,2015-04-27,2015,117,9.31,3.09,0,0.230775176699296,131.9535,29.7837450679482,293.23,735.63,49390.36,6.2
TPD,2015-04-28,2015,118,14.64,1.36,0,0.699300123988393,224.8425,50.911574373792,499.65,469.13,49547.52,8.0
TPD,2015-04-29,2015,119,16.45,1.57,0,0.826014046172619,234.18,53.192632994658,520.4,449.75,49703.33,9.01
TPD,2015-04-30,2015,120,14.07,3.27,0,0.627237799449117,200.6145,45.7100064423864,445.81,560.16,49857.76,8.67
TPD,2015-05-01,2015,121,18.53,3.74,0,0.97709308591546,232.776,53.2007304272136,517.28,486.59,50010.73,11.135
TPD,2015-05-02,2015,122,19.72,3.54,0,1.08177052712071,240.093,55.039220396622,533.54,458.3,50162.2,11.63
TPD,2015-05-03,2015,123,23.26,6.51,0,1.51975132191591,242.757,55.8162291748239,539.46,388.15,50312.11,14.885
TPD,2015-05-04,2015,124,23.22,9.65,0.05,1.50292609332119,222.048,51.2051733569376,493.44,516.56,50460.41,16.435
TPD,2015-05-05,2015,125,16.65,8.08,2.22,0.670752079431123,122.373,28.3017143480544,271.94,813.49,50607.04,12.365
TPD,2015-05-06,2015,126,21.37,9.2,0,1.34058382561257,210.69,48.866672910402,468.2,509.82,50751.94,15.285
TPD,2015-05-07,2015,127,25.41,8.66,0,1.77245810914837,241.3485,56.1353499950337,536.33,407.65,50895.06,17.035
TPD,2015-05-08,2015,128,29.22,12.85,0,2.21625562101502,235.143,54.8438086094832,522.54,549.17,51036.32,21.035
TPD,2015-05-09,2015,129,28.91,13.66,0,2.18831736315532,228.4335,53.4244058559806,507.63,581.26,51175.69,21.285
TPD,2015-05-10,2015,130,27.31,15.1,2.03,1.76260054319298,148.905,34.918337990718,330.9,906.05,51313.08,21.205
TPD,2015-05-11,2015,131,27.02,15.26,5.57,1.67238738535353,144.639,34.0074306731412,321.42,974.54,51448.44,21.14
TPD,2015-05-12,2015,132,15.89,9.82,0,0.551738030325197,117.5895,27.7191917942058,261.31,954.89,51581.72,12.855
TPD,2015-05-13,2015,133,11.5,4.24,0,0.507830887290989,145.386,34.3587359100168,323.08,582.74,51712.84,7.87
TPD,2015-05-14,2015,134,16.5,1.18,0,1.01551501342697,239.8185,56.8170200415483,532.93,253.79,51841.74,8.84
TPD,2015-05-15,2015,135,19.92,7.75,0,1.30588810304665,214.236,50.8800656284272,476.08,381.7,51968.36,13.835
TPD,2015-05-16,2015,136,21.92,12.06,0,1.47073164897492,186.453,44.3876285570544,414.34,544.93,52092.64,16.99
TPD,2015-05-17,2015,137,25.46,13.65,0,1.82381446817496,209.2995,49.9431117193547,465.11,580.78,52214.51,19.555
TPD,2015-05-18,2015,138,26.28,17.12,0,1.92768650313723,175.4595,41.9639412851177,389.91,752.19,52333.91,21.7
TPD,2015-05-19,2015,139,17.29,8.37,0,1.07867026588251,178.056,42.6800265652584,395.68,455.41,52450.77,12.83
TPD,2015-05-20,2015,140,13.48,3.59,0,0.846578690137819,194.841,46.8051311567511,432.98,319.5,52565.03,8.535
TPD,2015-05-21,2015,141,15.94,6.83,0,0.991367358631658,181.7415,43.7510226571461,403.87,407.01,52676.62,11.385
TPD,2015-05-22,2015,142,14.91,4.48,0,0.95213939012168,199.773,48.1911695909028,443.94,314.19,52785.48,9.695
TPD,2015-05-23,2015,143,19.2,0.3,0,1.20432473327265,257.661,62.2803697669935,572.58,218.03,52891.55,9.75
TPD,2015-05-24,2015,144,25.51,6.47,0,1.7646345856808,254.178,61.5583666302696,564.84,347.4,52994.76,15.99
TPD,2015-05-25,2015,145,26.18,15.26,0,1.91194219184579,192.546,46.7202133020132,427.88,648.96,53095.06,20.72
TPD,2015-05-26,2015,146,26.88,16.61,0,1.99871377150369,184.194,44.7755593769946,409.32,711.54,53192.37,21.745
TPD,2015-05-27,2015,147,25.81,16,1.68,1.88365869851001,177.6015,43.2494993600087,394.67,682.5,53286.63,20.905
TPD,2015-05-28,2015,148,23.97,12.24,0,1.67140296842196,203.6925,49.688044896105,452.65,526.13,53377.8,18.105
TPD,2015-05-29,2015,149,27.21,12.74,0,1.99125858153193,228.0645,55.724984814537,506.81,545.21,53465.8,19.975
TPD,2015-05-30,2015,150,27.19,16.05,0,2.02445542631492,194.85,47.68489044441,433,685.22,53550.58,21.62
TPD,2015-05-31,2015,151,13.09,6.93,8.41,0.493222813469904,92.187,22.5949051544472,204.86,756.62,53632.08,10.01
TPD,2015-06-01,2015,152,13.67,7.52,0,0.589561355567245,126,30.927436155,280,709.74,53710.25,10.595
TPD,2015-06-02,2015,153,18.66,9.02,0,1.22626216221801,188.6715,46.3750080768252,419.27,421.08,53785.04,13.84
TPD,2015-06-03,2015,154,22.07,7.64,0,1.46917931704329,237.9915,58.5753382197189,528.87,378.44,53856.38,14.855
TPD,2015-06-04,2015,155,24.2,9.64,0,1.66784138657672,236.3175,58.2366032492243,525.15,437.58,53924.23,16.92
TPD,2015-06-05,2015,156,25.32,14.97,0,1.8243828474951,193.5945,47.7651117401271,430.21,636.25,53988.54,20.145
TPD,2015-06-06,2015,157,19.67,10.8,0,1.29015981073629,177.5565,43.8573642696783,394.57,499.54,54049.26,15.235
TPD,2015-06-07,2015,158,24.87,8.38,0,1.71872907568825,250.389,61.9127027993628,556.42,399.59,54106.36,16.625
TPD,2015-06-08,2015,159,21.86,14.89,0,1.35779306608779,145.4985,36.0123620490081,323.33,795.25,54159.78,18.375
TPD,2015-06-09,2015,160,21.67,14.43,0,1.38147508502483,152.739,37.8391510693404,339.42,731.77,54209.48,18.05
TPD,2015-06-10,2015,161,26.48,12.88,0,1.91722513024043,233.568,57.9125691673344,519.04,550.3,54255.44,19.68
TPD,2015-06-11,2015,162,22.81,13.08,0,1.57935117086077,192.7035,47.817461463062,428.23,557.93,54297.61,17.945
TPD,2015-06-12,2015,163,26.36,15.26,10.63,1.88506398309957,153.5535,38.1296891307402,341.23,693.96,54335.96,20.81
TPD,2015-06-13,2015,164,22.35,14.22,0,1.35986721046123,166.1265,41.2779501999783,369.17,797.05,54370.46,18.285
TPD,2015-06-14,2015,165,25.35,16.24,36.83,1.45394681666868,133.3665,33.1566431705465,296.37,1081.52,54401.09,20.795
TPD,2015-06-15,2015,166,26,18.85,2.72,0.780119376277152,103.3425,25.7049062140073,229.65,1983.7,54427.81,22.425
TPD,2015-06-16,2015,167,24.49,16.26,0,1.08190439028293,163.395,40.659102880893,363.1,1374.01,54450.62,20.375
TPD,2015-06-17,2015,168,22.91,13.07,0,1.11953249132802,190.818,47.4994792826874,424.04,1025.68,54469.49,17.99
TPD,2015-06-18,2015,169,24.93,15.64,0,1.22591250050795,180.135,44.85248159058,400.3,1235.04,54484.4,20.285
TPD,2015-06-19,2015,170,22.24,14.22,0,0.931157401611249,162.873,40.5625026123135,361.94,1216.77,54495.35,18.23
TPD,2015-06-20,2015,171,23.57,11.97,0,1.28898119019498,212.8005,53.0034224535041,472.89,860.68,54502.33,17.77
TPD,2015-06-21,2015,172,25.7,17.54,0,1.17968286499858,161.244,40.1641570886256,358.32,1468.84,54505.32,21.62
TPD,2015-06-22,2015,173,26.93,15.47,17.54,1.3377179594077,155.0565,38.6222225321097,344.57,1311.55,54504.34,21.2
TPD,2015-06-23,2015,174,24.06,16.73,0,0.84825085961214,153.3375,38.1905629635038,340.75,1596.63,54499.37,20.395
TPD,2015-06-24,2015,175,23.58,11.83,0,1.22393902771755,219.7215,54.7153158583971,488.27,920.18,54490.42,17.705
TPD,2015-06-25,2015,176,24.16,13.22,0,1.27808864721224,210.474,52.4000744396118,467.72,983.63,54477.51,18.69
TPD,2015-06-26,2015,177,23.01,13.86,0,1.06642201439773,187.074,46.5599272875534,415.72,1126.89,54460.63,18.435
TPD,2015-06-27,2015,178,17.59,14.06,62.31,0.200527116890697,61.5645,15.3166277501447,136.81,1603.97,54439.81,15.825
TPD,2015-06-28,2015,179,16.98,12.19,9.54,0.254634014990196,84.726,21.0693926071692,188.28,1419.87,54415.06,14.585
TPD,2015-06-29,2015,180,23.43,12.51,6.5,0.716778499730639,156.3345,38.8562837296694,347.41,1445.93,54386.39,17.97
TPD,2015-06-30,2015,181,21.51,14.63,0,0.447554117516567,150.858,37.4726819878704,335.24,1663.76,54353.84,18.07
TPD,2015-07-01,2015,182,21.36,14.87,0,0.421980995938563,143.2575,35.5609030729883,318.35,1690.58,54317.43,18.115
TPD,2015-07-02,2015,183,21.8,11.85,0,0.713353728703137,200.493,49.7316295493118,445.54,1283.07,54277.18,16.825
TPD,2015-07-03,2015,184,23.35,10.38,0,0.973620042887395,230.9175,57.2318411012618,513.15,1087.03,54233.13,16.865
TPD,2015-07-04,2015,185,24.25,11.28,0,1.03121379405635,230.0265,56.9607414529676,511.17,1147.86,54185.31,17.765
TPD,2015-07-05,2015,186,26.04,13.82,0,1.10372923024367,220.1175,54.455150779776,489.15,1366.37,54133.76,19.93
TPD,2015-07-06,2015,187,27.99,15.68,0,1.24093277025176,216.6525,53.543246753151,481.45,1533.67,54078.52,21.835
TPD,2015-07-07,2015,188,26.2,16.38,0.28,0.92715462854503,192.942,47.6315265957228,428.76,1699.98,54019.62,21.29
TPD,2015-07-08,2015,189,20.33,14.08,0,0.386577707952462,141.228,34.8245641210356,313.84,1606.11,53957.11,17.205
TPD,2015-07-09,2015,190,22.58,14.47,2.27,0.541582637040116,128.592,31.6699017336576,285.76,1647.49,53891.04,18.525
TPD,2015-07-10,2015,191,24.86,12.21,0,1.04410788751523,226.2105,55.6396454165782,502.69,1233.39,53821.45,18.535
TPD,2015-07-11,2015,192,26.38,13.53,0,1.15253980047098,224.532,55.151837372016,498.96,1336.96,53748.4,19.955
TPD,2015-07-12,2015,193,25.88,15.45,0,0.949614029494963,200.2725,49.1229830162273,445.05,1592.07,53671.93,20.665
TPD,2015-07-13,2015,194,27.83,15.72,1.88,1.19878875121571,214.119,52.441146949743,475.82,1560.57,53592.1,21.775
TPD,2015-07-14,2015,195,24.94,18.85,13.41,0.485873473981062,97.461,23.8327224040269,216.58,2175.55,53508.97,21.895
TPD,2015-07-15,2015,196,22.64,12.93,0,0.673307676408169,193.455,47.230334027523,429.9,1442.43,53422.58,17.785
TPD,2015-07-16,2015,197,23.49,11.5,0,0.867683362789399,217.62,53.040926437434,483.6,1253.66,53333.01,17.495
TPD,2015-07-17,2015,198,25.81,16.89,3.44,0.696323368572066,131.202,31.922518651542,291.56,1922.69,53240.3,21.35
TPD,2015-07-18,2015,199,28.79,20.39,0,0.77673155690153,161.0145,39.1056577436552,357.81,2393.9,53144.51,24.59
TPD,2015-07-19,2015,200,28.73,20.2,43.01,0.783555348565672,122.0895,29.5968072239658,271.31,2366.27,53045.72,24.465
TPD,2015-07-20,2015,201,26.84,16.5,0,0.823890132209284,191.9025,46.4315665273673,426.45,1875.64,52943.97,21.67
TPD,2015-07-21,2015,202,24.65,17.71,0,0.53321796080876,144.558,34.9072497482598,321.24,2026.2,52839.33,21.18
TPD,2015-07-22,2015,203,23.62,13.82,0,0.664210279726454,191.5155,46.1522949518615,425.59,1579.68,52731.87,18.72
TPD,2015-07-23,2015,204,25.91,13.66,0,0.902945671120282,212.9445,51.2090936343022,473.21,1546.11,52621.65,19.785
TPD,2015-07-24,2015,205,26.99,14.8,0,0.954113744370637,209.9565,50.3821897080197,466.57,1664.45,52508.73,20.895
TPD,2015-07-25,2015,206,28.59,17.89,0,0.926977212156544,190.6515,45.6489825776654,423.67,2048.44,52393.17,23.24
TPD,2015-07-26,2015,207,28.69,16.3,0,1.05925285562159,207.054,49.464574986339,460.12,1829.6,52275.05,22.495
TPD,2015-07-27,2015,208,30.25,17.17,0,1.203300838212,207.27,49.401903642399,460.6,1922.99,52154.41,23.71
TPD,2015-07-28,2015,209,31.6,17.49,0,1.37323769547205,210.3345,50.0140154863611,467.41,1945.13,52031.34,24.545
TPD,2015-07-29,2015,210,30.97,18.57,0,1.17191183419309,195.507,46.3761993015711,434.46,2134.74,51905.89,24.77
TPD,2015-07-30,2015,211,28.1,18.28,0,0.846221535624002,171.306,40.5354628236546,380.68,2099.7,51778.13,23.19
TPD,2015-07-31,2015,212,28,16.41,0,0.952233799526938,190.8225,45.040198840659,424.05,1865.86,51648.12,22.205
TPD,2015-08-01,2015,213,25.68,15.95,0,0.739429555853935,172.5975,40.6342497277598,383.55,1811.1,51515.93,20.815
TPD,2015-08-02,2015,214,27.83,15.04,22.83,1.01278117778936,151.929,35.6750497794033,337.62,1708.54,51381.61,21.435
TPD,2015-08-03,2015,215,24.79,17.1,7.04,0.58570822452574,108.63,25.440135860493,241.4,1948.5,51245.23,20.945
TPD,2015-08-04,2015,216,25.1,15.32,16.83,0.719247885958424,131.769,30.7757502475038,292.82,1739.74,51106.86,20.21
TPD,2015-08-05,2015,217,22.53,13.62,0,0.582288279063088,168.5565,39.2596891097607,374.57,1558.56,50966.54,18.075
TPD,2015-08-06,2015,218,23.2,11.11,0,0.757747101101718,204.8355,47.5765843300222,455.19,1321.27,50824.35,17.155
TPD,2015-08-07,2015,219,25.11,13.95,0,0.794342226570631,190.2285,44.0586706070858,422.73,1592.11,50680.35,19.53
TPD,2015-08-08,2015,220,22.62,16.46,0,0.432989978306594,120.195,27.758197562967,267.1,1871.3,50534.58,19.54
TPD,2015-08-09,2015,221,26.02,15.66,0,0.788730248568372,179.658,41.3696928666672,399.24,1778.68,50387.12,20.84
TPD,2015-08-10,2015,222,27.38,15.86,5.77,0.917161868404342,142.5825,32.7351890479703,316.85,1801.69,50238.01,21.62
TPD,2015-08-11,2015,223,24.11,17.27,0,0.512468826174049,131.589,30.1205974062636,292.42,1969.98,50087.32,20.69
TPD,2015-08-12,2015,224,23.14,14.48,0,0.588357889651209,163.0575,37.2102770369025,362.35,1648.41,49935.1,18.81
TPD,2015-08-13,2015,225,25.41,11.55,0,0.93916852644863,212.7285,48.395946053043,472.73,1360.32,49781.4,18.48
TPD,2015-08-14,2015,226,26.53,19.39,2.75,0.60393531149618,98.361,22.3074977087556,218.58,2250.41,49626.28,22.96
TPD,2015-08-15,2015,227,27.64,17.7,0,0.833317389927854,170.2665,38.49332935559,378.37,2024.8,49469.79,22.67
TPD,2015-08-16,2015,228,28.41,17.07,0,0.958529220563726,183.618,41.3793718464348,408.04,1944.99,49311.98,22.74
TPD,2015-08-17,2015,229,29.31,19.37,0,0.909894841240745,164.52,36.955929962124,365.6,2247.87,49152.91,24.34
TPD,2015-08-18,2015,230,27.49,20.28,0,0.64105426094466,128.916,28.8638060901732,286.48,2377.42,48992.61,23.885
TPD,2015-08-19,2015,231,29.76,19.43,5.55,0.958868195302251,125.6805,28.0466536984178,279.29,2256.6,48831.15,24.595
TPD,2015-08-20,2015,232,24.5,19.05,0.76,0.430514997240818,102.7035,22.8428364290071,228.23,2203.68,48668.57,21.775
TPD,2015-08-21,2015,233,22.88,14.03,0,0.589739472407212,160.6005,35.5999014889394,356.89,1601.34,48504.91,18.455
TPD,2015-08-22,2015,234,24.99,12.43,0,0.858015257590721,198.2115,43.7878549505421,440.47,1442.02,48340.22,18.71
TPD,2015-08-23,2015,235,25.86,13.6,1.86,0.884752636784535,193.401,42.5787180805935,429.78,1556.33,48174.55,19.73
TPD,2015-08-24,2015,236,23.91,14.67,0,0.645187263616667,162.9405,35.748533060014,362.09,1668.91,48007.93,19.29
TPD,2015-08-25,2015,237,19.67,13.68,0,0.360104080645548,118.7595,25.9644749205843,263.91,1564.36,47840.42,16.675
TPD,2015-08-26,2015,238,19.35,13.66,0,0.338002603528226,115.209,25.0995788826165,256.02,1562.94,47672.05,16.505
TPD,2015-08-27,2015,239,19.7,13.3,0,0.380814070284376,129.726,28.1619729232434,288.28,1526.69,47502.87,16.5
TPD,2015-08-28,2015,240,22.79,10.57,0,0.746251196803101,199.7685,43.2121945217805,443.93,1274.72,47332.9,16.68
TPD,2015-08-29,2015,241,25.56,13.97,0,0.835756449299598,188.586,40.646177066844,419.08,1594.89,47162.2,19.765
TPD,2015-08-30,2015,242,26.64,17.78,0,0.723627251120714,156.1995,33.5435304915392,347.11,2034.3,46990.81,22.21
TPD,2015-08-31,2015,243,27.17,17.51,0,0.795900849064551,164.5695,35.2115679310312,365.71,2000.02,46818.75,22.34
TPD,2015-09-01,2015,244,28.08,15.98,0,0.986413037380018,186.5745,39.7725515191179,414.61,1815.32,46646.06,22.03
TPD,2015-09-02,2015,245,29.46,18.44,0,0.990900015974943,172.3275,36.5990186392065,382.95,2121.28,46472.78,23.95
TPD,2015-09-03,2015,246,29.56,19.67,0,0.918383442997089,159.174,33.679022037561,353.72,2290.07,46298.95,24.615
TPD,2015-09-04,2015,247,28.51,19.04,49.48,0.8406203534887,116.6265,24.583632524883,259.17,2202.14,46124.6,23.775
TPD,2015-09-05,2015,248,29.41,18.15,0,1.00513192295081,172.125,36.1445981508,382.5,2082.05,45949.76,23.78
TPD,2015-09-06,2015,249,29.62,19.05,0,0.969385652460601,164.196,34.3480508838684,364.88,2202.97,45774.47,24.335
TPD,2015-09-07,2015,250,30.9,20,0,1.05947256363559,162.531,33.8692316936625,361.18,2337.62,45598.75,25.45
TPD,2015-09-08,2015,251,29.72,21.4,0,0.809106334658701,134.9325,28.0094921655413,299.85,2547.15,45422.65,25.56
TPD,2015-09-09,2015,252,25.71,18.56,3.48,0.578605359158465,94.464,19.5327976241664,209.92,2137.12,45246.18,22.135
TPD,2015-09-10,2015,253,25.02,11.99,0,0.88111026447828,188.388,38.8017323519724,418.64,1401.22,45069.39,18.505
TPD,2015-09-11,2015,254,23.02,11.27,38.62,0.734781957824022,134.802,27.655683238422,299.56,1335.91,44892.3,17.145
TPD,2015-09-12,2015,255,17.38,11.71,0,0.301675607700478,109.188,22.3122703500504,242.64,1375.51,44714.94,14.545
TPD,2015-09-13,2015,256,16.34,9.54,0,0.331323327952852,128.4615,26.1464941060137,285.47,1190.27,44537.34,12.94
TPD,2015-09-14,2015,257,22.46,7.81,0,0.827260041774764,196.9245,39.9211356732665,437.61,1058.27,44359.53,15.135
TPD,2015-09-15,2015,258,25.48,12.59,0,0.897177447667497,180.855,36.5163592792455,401.9,1457.21,44181.53,19.035
TPD,2015-09-16,2015,259,26.82,13.82,0,0.970412298619441,177.705,35.7356744591715,394.9,1578.87,44003.39,20.32
TPD,2015-09-17,2015,260,26.85,13.46,0,0.991150396351336,177.7725,35.604418233564,395.05,1543,43825.12,20.155
TPD,2015-09-18,2015,261,25.72,14.73,3.61,0.810881580788601,119.592,23.85449571582,265.76,1675.46,43646.75,20.225
TPD,2015-09-19,2015,262,23.59,14.12,11.85,0.646192632805936,108.666,21.5865201012822,241.48,1610.56,43468.31,18.855
TPD,2015-09-20,2015,263,19.45,8.84,0,0.559505368224124,160.3665,31.7260300487162,356.37,1135.11,43289.83,14.145
TPD,2015-09-21,2015,264,21.41,8.86,0,0.703483165971509,173.25,34.13351122335,385,1136.87,43111.34,15.135
TPD,2015-09-22,2015,265,22.13,9.22,0,0.746679070455184,173.5065,34.0425253503063,385.57,1164.84,42932.86,15.675
TPD,2015-09-23,2015,266,24.12,10.29,0,0.873468619107733,174.654,34.1252432510076,388.12,1251.34,42754.42,17.205
TPD,2015-09-24,2015,267,25.05,11.73,0,0.895853703810927,167.4765,32.5863294188603,372.17,1377.42,42576.05,18.39
TPD,2015-09-25,2015,268,24.44,14.24,0,0.716667575891268,140.2515,27.1748297444319,311.67,1622.45,42397.78,19.34
TPD,2015-09-26,2015,269,22.74,13,0,0.63060597829221,135.765,26.1950026659615,301.7,1496.89,42219.63,17.87
TPD,2015-09-27,2015,270,22.75,12.19,1.72,0.670629979539453,143.307,27.5336161569036,318.46,1419.05,42041.64,17.47
TPD,2015-09-28,2015,271,21.65,16.58,0,0.347338330798427,77.022,14.7356721281682,171.16,1885.5,41863.83,19.115
TPD,2015-09-29,2015,272,21.23,14.82,9.04,0.415236941088895,72.2565,13.7653019264372,160.57,1684.54,41686.23,18.025
TPD,2015-09-30,2015,273,17.33,11.36,0,0.31487678543514,93.5685,17.7495267508592,207.93,1343.48,41508.87,14.345
TPD,2015-10-01,2015,274,14.36,6.68,0,0.326289685490148,119.358,22.5450777347262,265.24,979.76,41331.77,10.52
TPD,2015-10-02,2015,275,12.95,6.58,0,0.258035339453819,102.879,19.3493031665094,228.62,973.14,41154.98,9.765
TPD,2015-10-03,2015,276,10.19,6.72,11.22,0.129400923803351,45.1125,8.44829865795375,100.25,982.26,40978.51,8.455
TPD,2015-10-04,2015,277,17.21,7.94,0,0.44571900458907,135.135,25.19821372068,300.3,1067.59,40802.4,12.575
TPD,2015-10-05,2015,278,19.15,10.2,0,0.483992732312691,129.2715,24.0010544167434,287.27,1243.99,40626.68,14.675
TPD,2015-10-06,2015,279,17.19,10.57,0,0.340375923243714,102.9195,19.0259923272898,228.71,1274.99,40451.39,13.88
TPD,2015-10-07,2015,280,20.52,9.58,0,0.607933353805619,144.567,26.6095496108826,321.26,1192.88,40276.54,15.05
TPD,2015-10-08,2015,281,19.49,6.22,16.35,0.655354357708665,118.7595,21.7646982722039,263.91,949.25,40102.19,12.855
TPD,2015-10-09,2015,282,17.69,9.41,0,0.419867019228197,118.341,21.5939905719732,262.98,1179.33,39928.36,13.55
TPD,2015-10-10,2015,283,16.11,4.91,0,0.480269690372454,145.584,26.4498052999104,323.52,866.49,39755.08,10.51
TPD,2015-10-11,2015,284,20.07,8.68,0,0.609874072021676,142.0785,25.7007961511006,315.73,1122.85,39582.39,14.375
TPD,2015-10-12,2015,285,22.12,13.42,0,0.559032043803926,114.84,20.683276850016,255.2,1538.19,39410.32,17.77
TPD,2015-10-13,2015,286,17.74,11.54,0,0.332663788269399,89.082,15.9743503244808,197.96,1359.6,39238.92,14.64
TPD,2015-10-14,2015,287,13.33,7.55,0,0.24353312088813,87.462,15.6156158884014,194.36,1039.74,39068.21,10.44
TPD,2015-10-15,2015,288,18.03,4.05,0,0.623593003608806,153.432,27.27483986358,340.96,816,38898.25,11.04
TPD,2015-10-16,2015,289,13.42,4.19,0,0.356358882527204,125.4375,22.2014094393375,278.75,823.71,38729.06,8.805
TPD,2015-10-17,2015,290,6.35,1.63,0,0.13496187650725,75.3255,13.2740334311238,167.39,687.05,38560.68,3.99
TPD,2015-10-18,2015,291,7.28,-0.56,0,0.216958308358335,115.2315,20.2181434735878,256.07,586.34,38393.16,3.36
TPD,2015-10-19,2015,292,15.4,-1.29,0,0.595470067289368,158.2155,27.6395023069209,351.59,555.72,38226.54,7.055
TPD,2015-10-20,2015,293,20.13,11.71,0.48,0.4880533430553,109.197,18.9935220034494,242.66,1374.87,38060.86,15.92
TPD,2015-10-21,2015,294,18.71,11.87,0,0.38113725421905,93.897,16.2615986024193,208.66,1389.67,37896.17,15.29
TPD,2015-10-22,2015,295,17.87,9.23,0,0.438138635795454,113.1075,19.5039773589375,251.35,1165.48,37732.5,13.55
TPD,2015-10-23,2015,296,12.78,2.55,0,0.369894007121236,128.9475,22.1395750816433,286.55,733.74,37569.91,7.665
TPD,2015-10-24,2015,297,17.4,7.88,7.05,0.459292576314833,89.928,15.3737824989024,199.84,1063.68,37408.44,12.64
TPD,2015-10-25,2015,298,14.29,5.89,0,0.348537954035121,111.9105,19.0498529296179,248.69,927.89,37248.14,10.09
TPD,2015-10-26,2015,299,12.23,2.89,0,0.334927995157838,120.0735,20.3520985338087,266.83,751.55,37089.06,7.56
TPD,2015-10-27,2015,300,12.99,4.85,42.2,0.31506902667978,81.5355,13.7612165339214,181.19,863.19,36931.24,8.92
TPD,2015-10-28,2015,301,16.29,8.66,39.75,0.362916215047077,74.88,12.584374867584,166.4,1121.51,36774.74,12.475
TPD,2015-10-29,2015,302,11.08,5.2,3.2,0.216154272158576,62.1495,10.4008222044783,138.11,884.47,36619.62,8.14
TPD,2015-10-30,2015,303,10.16,3.85,0,0.217320986592952,87.354,14.5574749767798,194.12,804.38,36465.91,7.005
TPD,2015-10-31,2015,304,11.96,2.33,5.06,0.336907253085349,86.6925,14.3869213626908,192.65,722.41,36313.67,7.145
TPD,2015-11-01,2015,305,15.55,7.3,0,0.369755142003952,100.8675,16.6698444804908,224.15,1022.53,36162.97,11.425
TPD,2015-11-02,2015,306,16.08,2.72,0,0.540632592404749,127.719,21.0204196270038,283.82,742.59,36013.86,9.4
TPD,2015-11-03,2015,307,21.31,7.2,0,0.756928989484689,124.542,20.4135990896772,276.76,1015.08,35866.38,14.255
TPD,2015-11-04,2015,308,22.6,6.57,0,0.881878140955234,127.0665,20.742734702943,282.37,972.23,35720.6,14.585
TPD,2015-11-05,2015,309,22.3,11.93,3.44,0.64504136252717,76.491,12.4362904818033,169.98,1395.38,35576.59,17.115
TPD,2015-11-06,2015,310,18.36,9.93,0,0.441609331490161,90.7515,14.6958547341249,201.67,1221.94,35434.38,14.145
TPD,2015-11-07,2015,311,11.7,5.13,0,0.246456400441196,78.255,12.622050560421,173.9,879.61,35294.06,8.415
TPD,2015-11-08,2015,312,9.98,0.42,0,0.297681171906433,103.023,16.5518206381737,228.94,629.41,35155.67,5.2
TPD,2015-11-09,2015,313,12.78,-0.35,0,0.439123407655662,118.3365,18.9383497566804,262.97,595.5,35019.28,6.215
TPD,2015-11-10,2015,314,10.27,3.94,11.27,0.219419983964818,55.7685,8.89084969672275,123.93,809.4,34884.95,7.105
TPD,2015-11-11,2015,315,12.7,5.4,0,0.284567386580742,81.828,12.9959247438504,181.84,896.47,34752.74,9.05
TPD,2015-11-12,2015,316,12.98,6.17,0,0.273165431700378,76.221,12.0601275356187,169.38,945.94,34622.71,9.575
TPD,2015-11-13,2015,317,8.24,3.21,0,0.159948694662428,59.49,9.378115191342,132.2,768.89,34494.94,5.725
TPD,2015-11-14,2015,318,8.24,1.84,0,0.195954814738215,74.367,11.6807114959893,165.26,697.24,34369.47,5.04
TPD,2015-11-15,2015,319,14.8,3.76,0,0.440585678891818,103.176,16.1476632933048,229.28,799.08,34246.39,9.28
TPD,2015-11-16,2015,320,15.95,3.57,0,0.510044568736212,106.245,16.569399855591,236.1,788.63,34125.74,9.76
TPD,2015-11-17,2015,321,14.76,4.23,0,0.424964494836069,97.164,15.100717020048,215.92,825.94,34007.6,9.495
TPD,2015-11-18,2015,322,16.87,9.84,4.37,0.350869485535678,54.36,8.419631846904,120.8,1214.56,33892.02,13.355
TPD,2015-11-19,2015,323,15.5,7.17,0,0.371615219666611,82.854,12.7902047570424,184.12,1013.33,33779.08,11.335
TPD,2015-11-20,2015,324,6.77,1.61,0,0.149609656803726,58.3785,8.9825012380458,129.73,685.93,33668.84,4.19
TPD,2015-11-21,2015,325,6.18,0.46,9.07,0.157312091802821,48.0645,7.3719126438804,106.81,631.41,33561.36,3.32
TPD,2015-11-22,2015,326,2.72,-3.22,0,0.130524871652029,67.1265,10.2634515262345,149.17,481.84,33456.71,-0.25
TPD,2015-11-23,2015,327,3.18,-5.83,5.01,0.186225979361466,68.067,10.3755941034786,151.26,395.41,33354.94,-1.325
TPD,2015-11-24,2015,328,4.84,-1.43,0,0.156149404337918,69.021,10.4898470636961,153.38,550.01,33256.13,1.705
TPD,2015-11-25,2015,329,11.31,-1.41,0,0.393661242665795,102.8565,15.5871478551456,228.57,550.81,33160.32,4.95
TPD,2015-11-26,2015,330,15.38,5.38,0,0.423985319513241,88.623,13.3926090605649,196.94,895.48,33067.59,10.38
TPD,2015-11-27,2015,331,14.11,6.31,8.48,0.325623096586306,56.3535,8.49300297875505,125.23,955.02,32977.99,10.21
TPD,2015-11-28,2015,332,3.61,0.41,0,0.0809096113890104,36.252,5.4492036575076,80.56,629.13,32891.59,2.01
TPD,2015-11-29,2015,333,2.94,-4.61,0,0.1603352483136,76.4685,11.4652682326094,169.93,434.02,32808.43,-0.835
TPD,2015-11-30,2015,334,6.62,-3.35,0,0.24904866752217,89.748,13.4235734121288,199.44,477.18,32728.58,1.635
TPD,2015-12-01,2015,335,10.11,2.05,2.23,0.26331729929843,57.5055,8.58097366003215,127.79,708.21,32652.09,6.08
TPD,2015-12-02,2015,336,7.76,1.15,1.19,0.195109855994878,67.3605,10.0290435805647,149.69,663.79,32579.02,4.455
TPD,2015-12-03,2015,337,6.37,0.8,0,0.155687350262244,59.7915,8.88310379322855,132.87,647.11,32509.41,3.585
TPD,2015-12-04,2015,338,5.02,0.9,0,0.110630589130106,47.169,6.9935554965123,104.82,651.75,32443.31,2.96
TPD,2015-12-05,2015,339,5.52,-1.82,0,0.184725579844319,76.3245,11.2945120730127,169.61,534.52,32380.78,1.85
TPD,2015-12-06,2015,340,7.64,-0.36,0,0.225418297436931,79.7535,11.7804612791007,177.23,594.87,32321.86,3.64
TPD,2015-12-07,2015,341,5.13,-2.51,0,0.186051192044372,77.571,11.4384890537073,172.38,507.84,32266.59,1.31
TPD,2015-12-08,2015,342,7.74,-0.11,0,0.22331709691882,78.039,11.4891041458323,173.42,606,32215.01,3.815
TPD,2015-12-09,2015,343,11.28,3.6,0,0.272107510835115,75.9195,11.1604676650645,168.71,790.51,32167.17,7.44
TPD,2015-12-10,2015,344,11.5,2.81,0,0.303450989443323,81.405,11.9504592464265,180.9,747.51,32123.09,7.155
TPD,2015-12-11,2015,345,12.81,5.97,0,0.271442678629963,68.508,10.0445393347992,152.24,932.93,32082.82,9.39
TPD,2015-12-12,2015,346,11.81,2.94,0.86,0.314105408311784,81.306,11.9074227833196,180.68,754.32,32046.38,7.375
TPD,2015-12-13,2015,347,12.4,7.13,0,0.213389268558818,54.7695,8.01294827625315,121.71,1010.11,32013.81,9.765
TPD,2015-12-14,2015,348,16.99,7.25,6.09,0.456798913208272,61.3845,8.9726950357848,136.41,1018.44,31985.12,12.12
TPD,2015-12-15,2015,349,8.7,4.54,0,0.139055693963143,45.513,6.6475720616994,101.14,844.66,31960.34,6.62
TPD,2015-12-16,2015,350,9.94,3.01,0,0.23166637776958,70.461,10.2847320103473,156.58,757.86,31939.49,6.475
TPD,2015-12-17,2015,351,9.31,2.31,0,0.224660872148091,71.631,10.4499769924053,159.18,721.23,31922.59,5.81
TPD,2015-12-18,2015,352,2.83,-2.29,0,0.116254031490372,57.933,8.4482014132665,128.74,516.24,31909.65,0.27
TPD,2015-12-19,2015,353,-0.93,-4.68,0,0.0699062613259601,45.054,6.5682472918104,100.12,431.68,31900.68,-2.805
TPD,2015-12-20,2015,354,6.93,-6.2,5.34,0.306218669890953,81.117,11.8238781667392,180.26,384.29,31895.68,0.365
TPD,2015-12-21,2015,355,10.09,2.59,8.03,0.248698397188932,61.722,8.9965148953518,137.16,735.87,31894.67,6.34
TPD,2015-12-22,2015,356,12.54,4.87,0,0.293036268782656,73.818,10.7606133521064,164.04,864.14,31897.64,8.705
TPD,2015-12-23,2015,357,16.54,4.02,0,0.532154164560842,91.4445,13.3329717107654,203.21,813.84,31904.59,10.28
TPD,2015-12-24,2015,358,13.48,5.04,0,0.333993492727756,77.3685,11.284495968938,171.93,874.27,31915.51,9.26
TPD,2015-12-25,2015,359,9.33,3.27,0,0.199961277157077,63.684,9.292892062752,141.52,772.11,31930.4,6.3
TPD,2015-12-26,2015,360,6.87,0.58,8.61,0.177693908123254,50.3865,7.3568334423582,111.97,636.76,31949.24,3.725
TPD,2015-12-27,2015,361,7.02,1.21,4.11,0.167688994535436,47.6775,6.9662611448235,105.95,666.67,31972.02,4.115
TPD,2015-12-28,2015,362,4.49,-3.06,22.36,0.17714337290585,57.9105,8.4684927667392,128.69,487.39,31998.72,0.715
TPD,2015-12-29,2015,363,7.02,-1.29,4.61,0.223328959330409,60.957,8.9225222404617,135.46,555.74,32029.33,2.865
TPD,2015-12-30,2015,364,3.34,0.84,0,0.063411389039499,30.861,4.522110658326,68.58,649.09,32063.8,2.09
TPD,2015-12-31,2015,365,1.06,-0.25,0,0.0302237006206305,19.1115,2.80378574875215,42.47,599.52,32102.13,0.405
TPD,2016-01-01,2016,1,-0.35,-3.25,0,0.0577236169343888,39.8295,5.8509608069349,88.51,480.64,32144.46,-1.8
TPD,2016-01-02,2016,2,1.12,-3.03,0,0.087144404690079,55.368,8.1451960974216,123.04,488.58,32190.41,-0.955
TPD,2016-01-03,2016,3,1.65,-5.5,0,0.141693378901295,86.679,12.7710500607333,192.62,405.44,32240.11,-1.925
TPD,2016-01-04,2016,4,-6.56,-12.7,0,0.0726847612408278,79.479,11.7296210096856,176.62,230.25,32293.52,-9.63
TPD,2016-01-05,2016,5,-3.32,-15.31,0,0.146783707902548,113.9355,16.8444849702434,253.19,185.93,32350.61,-9.315
TPD,2016-01-06,2016,6,2.77,-8.78,0,0.215656064721234,112.068,16.5994821706032,249.04,314.72,32411.32,-3.005
TPD,2016-01-07,2016,7,5.04,-5.9,0,0.240652701817095,109.9845,16.323198789749,244.41,393.37,32475.63,-0.43
TPD,2016-01-08,2016,8,5.69,-3.25,5.03,0.216995465992154,75.4515,11.2214230740419,167.67,480.73,32543.47,1.22
TPD,2016-01-09,2016,9,8.77,1.47,3.87,0.22502530899681,66.1365,9.857621251314,146.97,678.95,32614.8,5.12
TPD,2016-01-10,2016,10,7.92,-4.15,8.1,0.308455616437741,85.59,12.786408265554,190.2,449.21,32689.58,1.885
TPD,2016-01-11,2016,11,-5.29,-10.49,2.39,0.069223312168675,54.234,8.1214640430012,120.52,275.09,32767.74,-7.89
TPD,2016-01-12,2016,12,-1.74,-9.76,3.92,0.123676577338012,74.7405,11.2201206035454,166.09,291.46,32849.24,-5.75
TPD,2016-01-13,2016,13,-5.97,-10.68,4.04,0.0609468218865829,51.0075,7.67705852389275,113.35,270.91,32934.01,-8.325
TPD,2016-01-14,2016,14,2.02,-8.35,0,0.190921587779694,114.5025,17.27963410635,254.45,325.48,33022,-3.165
TPD,2016-01-15,2016,15,7.48,-1.61,5.96,0.245754474448843,79.821,12.0790837377252,177.38,542.87,33113.16,2.935
TPD,2016-01-16,2016,16,2.77,-2.14,0,0.111854023695267,70.2945,10.6677463623183,156.21,521.93,33207.42,0.315
TPD,2016-01-17,2016,17,-1.44,-6.95,2.74,0.0939168245488772,59.454,9.0490543376094,132.12,362.91,33304.73,-4.195
TPD,2016-01-18,2016,18,-7.33,-11.62,0,0.0514611706372162,65.5155,10.0016549122334,145.59,251.19,33405.01,-9.475
TPD,2016-01-19,2016,19,-6.51,-11.83,0,0.0650720187246138,79.4385,12.1646212965279,176.53,246.96,33508.22,-9.17
TPD,2016-01-20,2016,20,-5.67,-11.3,0,0.0719746880336117,83.7405,12.8639861275338,186.09,257.87,33614.28,-8.485
TPD,2016-01-21,2016,21,-3.27,-10.15,0,0.0994110158017043,98.001,15.1033995951498,217.78,282.49,33723.14,-6.71
TPD,2016-01-22,2016,22,-3.86,-9.85,0,0.0856882554789641,89.3475,13.8153318217448,198.55,289.25,33834.73,-6.855
TPD,2016-01-23,2016,23,-3.77,-10.64,0,0.0960388621448524,99.864,15.4935838899504,221.92,271.67,33948.98,-7.205
TPD,2016-01-24,2016,24,0.08,-11.53,0,0.18124131429457,131.0175,20.3969148608542,291.15,252.99,34065.83,-5.725
TPD,2016-01-25,2016,25,4.72,-2.87,1.43,0.180333721999051,106.227,16.5954676777758,236.06,494.48,34185.22,0.925
TPD,2016-01-26,2016,26,6.17,-0.51,1.53,0.178649761515543,97.5195,15.2894389030754,216.71,588.29,34307.09,2.83
TPD,2016-01-27,2016,27,0.42,-2.09,0.91,0.0530651293431474,42.561,6.6970293262272,94.58,524,34431.36,-0.835
TPD,2016-01-28,2016,28,2.81,-2.95,0,0.12819325079042,89.82,14.185269779652,199.6,491.44,34557.98,-0.07
TPD,2016-01-29,2016,29,-0.42,-7.52,0,0.122947874762899,107.082,16.9745360126112,237.96,347.35,34686.88,-3.97
TPD,2016-01-30,2016,30,7.11,-7.51,0,0.330677444685816,144.1395,22.9352198500948,320.31,347.58,34817.99,-0.2
TPD,2016-01-31,2016,31,11.49,2.46,2.4,0.312266316992882,89.784,14.3409521502288,199.52,729.08,34951.26,6.975
TPD,2016-02-01,2016,32,7.78,-1.45,0,0.253317521394992,123.273,19.7663143861782,273.94,549.2,35086.62,3.165
TPD,2016-02-02,2016,33,6.74,-3.89,11.59,0.262839797348792,99.882,16.0783776703674,221.96,457.98,35224.01,1.425
TPD,2016-02-03,2016,34,14.29,1.8,6.12,0.465173040988617,103.4415,16.7172429729974,229.87,695.45,35363.37,8.045
TPD,2016-02-04,2016,35,3.14,-1.36,2.97,0.106199662962517,55.9215,9.07360780111065,124.27,552.9,35504.63,0.89
TPD,2016-02-05,2016,36,1,-5.02,0,0.118273162424008,98.8065,16.0965838899567,219.57,420.71,35647.74,-2.01
TPD,2016-02-06,2016,37,2.67,-1.85,0,0.103405476474328,79.164,12.9490426870272,175.92,533.39,35792.64,0.41
TPD,2016-02-07,2016,38,7.62,-0.85,0,0.235266254065955,114.1605,18.7499965829211,253.69,573.87,35939.26,3.385
TPD,2016-02-08,2016,39,6.21,0.21,5.85,0.163902910795259,68.8275,11.351041569063,152.95,620.14,36087.56,3.21
TPD,2016-02-09,2016,40,1.05,-2.15,3.6,0.0688267291497614,41.841,6.9290887589739,92.98,521.71,36237.47,-0.55
TPD,2016-02-10,2016,41,-3.29,-9.25,2.29,0.0885302362227514,81.72,13.589828087976,181.6,303.41,36388.94,-6.27
TPD,2016-02-11,2016,42,-8.67,-13.27,0.6,0.0496831161292129,90.909,15.1814874275883,202.02,219.85,36541.91,-10.97
TPD,2016-02-12,2016,43,-5.32,-13.47,0.56,0.0982192018505998,138.051,23.1514602914331,306.78,216.29,36696.33,-9.395
TPD,2016-02-13,2016,44,-11.11,-18.84,0.26,0.0627738563007802,137.0745,23.0853031964451,304.61,138,36852.14,-14.975
TPD,2016-02-14,2016,45,-9.19,-19.41,0,0.0876032832796735,157.941,26.712956340441,350.98,131.37,37009.3,-14.3
TPD,2016-02-15,2016,46,-0.63,-13.44,2.4,0.183892253630914,126.135,21.4248644483625,280.3,216.77,37167.75,-7.035
TPD,2016-02-16,2016,47,-0.03,-3.82,2.38,0.0746917453040954,57.933,9.8825819575464,128.74,460.65,37327.44,-1.925
TPD,2016-02-17,2016,48,-1.15,-7.98,0,0.113769537384379,127.386,21.8239820125866,283.08,335.07,37488.33,-4.565
TPD,2016-02-18,2016,49,-2.05,-15.2,0,0.169656412270163,173.8755,29.9173915277226,386.39,187.54,37650.36,-8.625
TPD,2016-02-19,2016,50,10.29,-7.67,0,0.453877593035467,179.784,31.0680504217512,399.52,343.13,37813.49,1.31
TPD,2016-02-20,2016,51,14.26,0.03,0,0.505282171224984,171.2295,29.718241324861,380.51,612.17,37977.67,7.145
TPD,2016-02-21,2016,52,7.14,-1.66,0,0.235062169405117,143.4645,25.0077087668079,318.81,540.69,38142.86,2.74
TPD,2016-02-22,2016,53,1.19,-3.55,0,0.0981191517903482,82.584,14.4581605580088,183.52,469.98,38309.01,-1.18
TPD,2016-02-23,2016,54,3.01,-4.21,2.67,0.15566463990375,88.9875,15.64717807233,197.75,447.2,38476.08,-0.6
TPD,2016-02-24,2016,55,3.5,-1.02,19.3,0.109026402022609,61.3395,10.8327530353055,136.31,566.89,38644.03,1.24
TPD,2016-02-25,2016,56,2.13,-3.04,1.78,0.112155718533551,93.969,16.6677083090073,208.82,488.21,38812.81,-0.455
TPD,2016-02-26,2016,57,-2.03,-8.39,0,0.101557557577952,112.833,20.1011450496759,250.74,324.43,38982.39,-5.21
TPD,2016-02-27,2016,58,5.05,-5.25,0,0.230939715634669,151.3665,27.0837014943407,336.37,413.36,39152.73,-0.1
TPD,2016-02-28,2016,59,14.24,2.06,0,0.456091319689699,158.1075,28.4134546023323,351.35,708.42,39323.79,8.15
TPD,2016-02-29,2016,60,9.38,-4.49,0,0.369292075632283,169.5735,30.6070885724904,376.83,437.98,39495.52,2.445
TPD,2016-03-01,2016,61,0.03,-6.56,25.26,0.119536258671105,100.3275,18.1876002542325,222.95,373.94,39667.9,-3.265
TPD,2016-03-02,2016,62,-3.96,-8.39,0,0.0663711352382144,98.4555,17.9260751864552,218.79,324.42,39840.89,-6.175
TPD,2016-03-03,2016,63,-2.02,-9.47,5.97,0.114785211336778,114.8715,21.0060959118098,255.27,298.23,40014.45,-5.745
TPD,2016-03-04,2016,64,-0.01,-7.21,0,0.127696051338478,152.1405,27.9423718843059,338.09,355.77,40188.54,-3.61
TPD,2016-03-05,2016,65,-0.13,-6.6,0,0.116470028550465,141.3,26.06413438674,314,372.9,40363.14,-3.365
TPD,2016-03-06,2016,66,3.06,-7.75,0,0.210266082530454,191.8575,35.5434474865928,426.35,340.99,40538.21,-2.345
TPD,2016-03-07,2016,67,13.78,0.45,0,0.471074945211278,200.07,37.225364399028,444.6,630.97,40713.72,7.115
TPD,2016-03-08,2016,68,17.3,6.18,0,0.511742582719726,183.546,34.2984434759208,407.88,946.58,40889.64,11.74
TPD,2016-03-09,2016,69,18.77,8.78,1.93,0.515078045141599,171.7695,32.236205382527,381.71,1130.45,41065.93,13.775
TPD,2016-03-10,2016,70,13.36,5.84,5.56,0.302669422668056,109.7865,20.6923947524208,243.97,924.53,41242.56,9.6
TPD,2016-03-11,2016,71,6.57,-1.4,0,0.210528944368451,157.9455,29.8970552403419,350.99,551.07,41419.51,2.585
TPD,2016-03-12,2016,72,12.55,-3.04,0,0.481990856001356,212.319,40.3612265570742,471.82,488.16,41596.74,4.755
TPD,2016-03-13,2016,73,9.71,1.74,8.2,0.254960340830842,115.8075,22.1085996807105,257.35,692.5,41774.22,5.725
TPD,2016-03-14,2016,74,12.8,4.77,10.61,0.308285720265571,115.272,22.0999847385672,256.16,858.35,41951.93,8.785
TPD,2016-03-15,2016,75,9.19,6.5,1.83,0.0962539149670201,54.945,10.578745948716,122.1,967.77,42129.84,7.845
TPD,2016-03-16,2016,76,13.57,4.98,2.3,0.34048226722109,112.8015,21.809848394083,250.67,870.49,42307.91,9.275
TPD,2016-03-17,2016,77,10.9,3.39,0,0.261528653492815,138.4155,26.8749705708702,307.59,778.67,42486.12,7.145
TPD,2016-03-18,2016,78,6.83,-1.46,0,0.220249686754405,151.794,29.596268381481,337.32,548.89,42664.45,2.685
TPD,2016-03-19,2016,79,3.02,-4.88,0,0.166996141939167,151.227,29.6090102436615,336.06,425.12,42842.85,-0.93
TPD,2016-03-20,2016,80,3.93,-3.69,0,0.172192863463982,151.488,29.7836667194112,336.64,464.96,43021.32,0.12
TPD,2016-03-21,2016,81,3.77,-3.14,0,0.157771743200529,144.396,28.507103926056,320.88,484.61,43199.8,0.315
TPD,2016-03-22,2016,82,12.05,-1.49,0,0.428806471230657,201.069,39.8596743214857,446.82,547.54,43378.29,5.28
TPD,2016-03-23,2016,83,10.15,0.68,12.89,0.29861624641802,130.149,25.9067302205868,289.22,641.44,43556.76,5.415
TPD,2016-03-24,2016,84,10.68,0.8,22.49,0.317777809550816,133.2675,26.636132739321,296.15,647.34,43735.16,5.74
TPD,2016-03-25,2016,85,6.13,-1.73,0,0.202642479130333,156.465,31.4001236527245,347.7,537.85,43913.49,2.2
TPD,2016-03-26,2016,86,6.26,-2.36,0,0.219093455769474,166.5855,33.5668231588995,370.19,513.42,44091.7,1.95
TPD,2016-03-27,2016,87,18.36,-2.62,12.46,0.801952646656836,164.448,33.2699433759072,365.44,503.54,44269.77,7.87
TPD,2016-03-28,2016,88,11.22,1.47,5.52,0.325496641013319,130.914,26.5920237584064,290.92,679,44447.68,6.345
TPD,2016-03-29,2016,89,6.38,-0.99,0,0.195757402668979,148.7835,30.342614228707,330.63,567.94,44625.39,2.695
TPD,2016-03-30,2016,90,15.86,-2.61,11.82,0.64747078331027,165.7665,33.9405443208374,368.37,504.04,44802.87,6.625
TPD,2016-03-31,2016,91,16.48,7.48,38.5,0.417599113284964,122.7825,25.2390549161025,272.85,1034.92,44980.1,11.98
TPD,2016-04-01,2016,92,11.04,4.18,0,0.245392075127146,137.277,28.3295412925245,305.06,823.12,45157.05,7.61
TPD,2016-04-02,2016,93,4.95,-2.44,4.54,0.179216572783506,112.4685,23.3006573599061,249.93,510.52,45333.69,1.255
TPD,2016-04-03,2016,94,0.5,-5.53,2.82,0.114636726115707,97.047,20.1838941228042,215.66,404.74,45509.98,-2.515
TPD,2016-04-04,2016,95,0.23,-6.59,0,0.124313859554121,144.27,30.121342310871,320.6,373.2,45685.89,-3.18
TPD,2016-04-05,2016,96,1.24,-8.51,0,0.173787209259301,187.254,39.245928821892,416.12,321.42,45861.4,-3.635
TPD,2016-04-06,2016,97,10.15,-3.33,17.04,0.380609559409405,161.3385,33.9434767921536,358.53,477.71,46036.48,3.41
TPD,2016-04-07,2016,98,8.26,-0.37,3.4,0.24798940163294,129.1635,27.2773466803206,287.03,594.59,46211.08,3.945
TPD,2016-04-08,2016,99,3.8,-2.18,0,0.140646027834461,133.1145,28.21764191368,295.81,520.47,46385.17,0.81
TPD,2016-04-09,2016,100,-0.01,-5.36,0,0.100490495844897,123.318,26.2387896602598,274.04,410.04,46558.73,-2.685
TPD,2016-04-10,2016,101,4.27,-7.67,16.23,0.242894093673594,179.649,38.3665519218996,399.22,343.23,46731.72,-1.7
TPD,2016-04-11,2016,102,10.67,0.11,3.76,0.333452052056965,167.8815,35.9856911351655,373.07,615.5,46904.1,5.39
TPD,2016-04-12,2016,103,5.98,-1.67,0,0.196597893084628,185.724,39.9560278182912,412.72,540.23,47075.84,2.155
TPD,2016-04-13,2016,104,7.1,-3.24,0,0.263390356307346,224.5905,48.4932063676365,499.09,481.12,47246.9,1.93
TPD,2016-04-14,2016,105,10.78,-1.29,0,0.368034920549406,237.492,51.4637532907056,527.76,555.76,47417.24,4.745
TPD,2016-04-15,2016,106,17.92,1.54,0,0.683379175680337,256.6755,55.8196746332787,570.39,682.64,47586.82,9.73
TPD,2016-04-16,2016,107,20.06,4.09,0,0.761871803915072,251.2485,54.833249500362,558.33,818.12,47755.6,12.075
TPD,2016-04-17,2016,108,22.34,4.62,0,0.922222361767757,230.1165,50.3979581426378,511.37,849.04,47923.55,13.48
TPD,2016-04-18,2016,109,22.54,4.56,0,0.940469257507894,230.4315,50.6428937512817,512.07,845.49,48090.63,13.55
TPD,2016-04-19,2016,110,16.28,4.16,0,0.512330358586511,201.3345,44.4009988551987,447.41,822.27,48256.78,10.22
TPD,2016-04-20,2016,111,17.71,1.65,0,0.667139918138306,226.521,50.1264703133109,503.38,688.12,48421.97,9.68
TPD,2016-04-21,2016,112,17.09,5.92,1.66,0.5071568700218,190.26,42.24508410843,422.8,929.75,48586.15,11.505
TPD,2016-04-22,2016,113,18.01,7.11,0,0.525517917755334,186.5475,41.559837340356,414.55,1009.11,48749.28,12.56
TPD,2016-04-23,2016,114,13.26,2.88,0,0.384542901236402,185.346,41.4294150514104,411.88,751.25,48911.32,8.07
TPD,2016-04-24,2016,115,13.76,0.59,0,0.466940514424761,212.427,47.6388789562719,472.06,637.29,49072.21,7.175
TPD,2016-04-25,2016,116,14.63,5.27,2.22,0.386616168915824,127.5885,28.7061089282955,283.53,888.37,49231.9,9.95
TPD,2016-04-26,2016,117,7.08,3.12,0,0.120903565994567,85.7475,19.354406516037,190.55,764.11,49390.36,5.1
TPD,2016-04-27,2016,118,12.56,0.22,0,0.416315052622381,211.824,47.9637672155136,470.72,620.34,49547.52,6.39
TPD,2016-04-28,2016,119,9.4,3.49,0,0.196493458616094,123.417,28.0334579652477,274.26,784.38,49703.33,6.445
TPD,2016-04-29,2016,120,9.93,4.05,0,0.202360149090474,126.747,28.8792992857104,281.66,815.57,49857.76,6.99
TPD,2016-04-30,2016,121,14.54,1.56,7.01,0.4841948001596,165.069,37.7263608399909,366.82,683.75,50010.73,8.05
TPD,2016-05-01,2016,122,11.38,6.42,4.86,0.190638321614007,80.7165,18.503551678491,179.37,962.12,50162.2,8.9
TPD,2016-05-02,2016,123,11.01,4.77,0,0.226586865020156,133.6995,30.7410370558187,297.11,857.95,50312.11,7.89
TPD,2016-05-03,2016,124,13.26,4.03,0,0.352935062726591,181.2645,41.8003321171937,402.81,814.57,50460.41,8.645
TPD,2016-05-04,2016,125,16.52,4.26,0,0.52397592314571,212.4585,49.1361638418288,472.13,827.73,50607.04,10.39
TPD,2016-05-05,2016,126,16.42,6.8,0,0.437864849716547,182.673,42.3685117497834,405.94,987.58,50751.94,11.61
TPD,2016-05-06,2016,127,19.94,6.3,0,0.685071643660825,221.382,51.4913332902444,491.96,954.16,50895.06,13.12
TPD,2016-05-07,2016,128,18.67,5.69,0,0.616386143611888,216.7875,50.56264553454,481.75,914.83,51036.32,12.18
TPD,2016-05-08,2016,129,14.84,4.32,0,0.426306046215892,193.9815,45.367016591489,431.07,831.54,51175.69,9.58
TPD,2016-05-09,2016,130,15,2.41,0,0.487624163392008,214.4385,50.2859945685006,476.53,726.55,51313.08,8.705
TPD,2016-05-10,2016,131,15.68,5.06,0,0.450936848200819,193.185,45.421535647998,429.3,875.61,51448.44,10.37
TPD,2016-05-11,2016,132,21.75,8.91,0,0.728477435787258,209.745,49.442865926598,466.1,1140.54,51581.72,15.33
TPD,2016-05-12,2016,133,23.48,10.49,10.45,0.80852318842569,155.6505,36.7845213690594,345.89,1268.03,51712.84,16.985
TPD,2016-05-13,2016,134,18.48,11.3,6.64,0.391428539391818,103.77,24.584851334286,230.6,1338.34,51841.74,14.89
TPD,2016-05-14,2016,135,12.66,5.49,5.41,0.279835748530048,108.8505,25.8514936037226,241.89,902.09,51968.36,9.075
TPD,2016-05-15,2016,136,7.64,2.71,0,0.15162466864299,108.774,25.8951044427552,241.72,742.08,52092.64,5.175
TPD,2016-05-16,2016,137,16.7,2.79,1.63,0.575325199685456,230.535,55.0103333272245,512.3,746.45,52214.51,9.745
TPD,2016-05-17,2016,138,16.33,7.44,0,0.409981836571889,178.713,42.7420677642831,397.14,1032.24,52333.91,11.885
TPD,2016-05-18,2016,139,16.65,5.76,0,0.485999741112273,207.603,49.7624430236967,461.34,919.04,52450.77,11.205
TPD,2016-05-19,2016,140,18.16,4.51,0,0.619023770470164,231.5295,55.6185228681694,514.51,842.38,52565.03,11.335
TPD,2016-05-20,2016,141,21.43,5.48,0,0.822962874381103,242.046,58.2682548018564,537.88,901.71,52676.62,13.455
TPD,2016-05-21,2016,142,19.79,10.53,0,0.515166607112262,183.6135,44.2930191651486,408.03,1271.56,52785.48,15.16
TPD,2016-05-22,2016,143,20.51,9.37,0,0.615621546525916,206.73,49.969614500955,459.4,1176.1,52891.55,14.94
TPD,2016-05-23,2016,144,23.73,7.97,0,0.929892944901185,238.059,57.6545696387388,529.02,1069.74,52994.76,15.85
TPD,2016-05-24,2016,145,25.44,8.87,0,1.05387307085817,239.373,58.0825237540266,531.94,1137.13,53095.06,17.155
TPD,2016-05-25,2016,146,27.85,13.37,0,1.1045429894678,221.76,53.907445668384,492.8,1531.54,53192.37,20.61
TPD,2016-05-26,2016,147,27.44,16.97,0,0.858289589300825,181.503,44.1995922463473,403.34,1932.78,53286.63,22.205
TPD,2016-05-27,2016,148,27.08,18.19,0,0.742044583462904,161.514,39.399167290644,358.92,2088.07,53377.8,22.635
TPD,2016-05-28,2016,149,30.65,17.34,0,1.20838780189023,204.4575,49.956880981995,454.35,1978.26,53465.8,23.995
TPD,2016-05-29,2016,150,27.19,17.99,0,0.767080531500089,162.756,39.8306493670536,361.68,2061.6,53550.58,22.59
TPD,2016-05-30,2016,151,25.17,15.85,0,0.69513313441762,169.416,41.5236253663296,376.48,1800.49,53632.08,20.51
TPD,2016-05-31,2016,152,26.33,14.36,0,0.893052711390996,198.5085,48.7250711109113,441.13,1634.19,53710.25,20.345
TPD,2016-06-01,2016,153,24.8,13.22,2.22,0.802026521103957,146.5425,36.019799604594,325.65,1518.4,53785.04,19.01
TPD,2016-06-02,2016,154,25.71,15.16,0,0.787111736367047,181.116,44.5769321887656,402.48,1721.72,53856.38,20.435
TPD,2016-06-03,2016,155,25.63,13.28,0,0.892837668750155,202.41,49.880651511951,449.8,1509.68,53924.23,19.455
TPD,2016-06-04,2016,156,25.64,14.08,9.47,0.838513612575779,144.7875,35.7230764100925,321.75,1605.61,53988.54,19.86
TPD,2016-06-05,2016,157,23.17,15.67,4.7,0.525740345451639,105.9975,26.1819250164045,235.55,1779.03,54049.26,19.42
TPD,2016-06-06,2016,158,25.3,14.26,0.11,0.796203621102878,190.206,47.0314891974312,422.68,1624.48,54106.36,19.78
TPD,2016-06-07,2016,159,17.44,11.47,0,0.316751408127379,122.4945,30.3186375324297,272.21,1353.39,54159.78,14.455
TPD,2016-06-08,2016,160,15.69,8.06,0,0.350659064673783,156.195,38.695331259702,347.1,1076.71,54209.48,11.875
TPD,2016-06-09,2016,161,19.01,5.69,0,0.639179055641038,224.919,55.7680724437752,499.82,915.09,54255.44,12.35
TPD,2016-06-10,2016,162,23.58,8.32,0,0.941052467416909,233.874,58.0335125320098,519.72,1058.26,54297.61,15.95
TPD,2016-06-11,2016,163,30.03,16.74,0,1.22222292682578,206.9145,51.3800438390694,459.81,1850.83,54335.96,23.385
TPD,2016-06-12,2016,164,21,12.9,0,0.496451678830445,156.195,38.810240578629,347.1,1487.12,54370.46,16.95
TPD,2016-06-13,2016,165,18.99,9.45,0,0.503462939095321,180.045,44.7615242181585,400.1,1183.09,54401.09,14.22
TPD,2016-06-14,2016,166,22.48,8.74,0,0.843327396987399,221.1885,55.0173418304854,491.53,1078.28,54427.81,15.61
TPD,2016-06-15,2016,167,23.18,13.08,5.95,0.66401635501249,135.4095,33.6952097160273,300.91,1504.65,54450.62,18.13
TPD,2016-06-16,2016,168,24.4,14.51,9.62,0.698486816124879,131.6025,32.7592272338032,292.45,1651.24,54469.49,19.455
TPD,2016-06-17,2016,169,28.72,13.23,0,1.29896470564173,225.063,56.039270903604,500.14,1427.28,54484.4,20.975
TPD,2016-06-18,2016,170,29.42,13.63,0,1.36861015615484,225.549,56.1715686559755,501.22,1458.97,54495.35,21.525
TPD,2016-06-19,2016,171,29.92,15.27,0,1.33327378700665,216.162,53.8406902445922,480.36,1641.22,54502.33,22.595
TPD,2016-06-20,2016,172,29.66,18.05,0,1.05051877965729,185.0175,46.085881856967,411.15,2059.88,54505.32,23.855
TPD,2016-06-21,2016,173,24.74,12.61,0,0.834338677920384,199.8585,49.7817212560173,444.13,1450.85,54504.34,18.675
TPD,2016-06-22,2016,174,24.13,14.32,0,0.684215379831711,173.925,43.3181293775325,386.5,1630.96,54499.37,19.225
TPD,2016-06-23,2016,175,24.05,13.69,0,0.762519594379211,184.284,45.8906263959096,409.52,1512.87,54490.42,18.87
TPD,2016-06-24,2016,176,27.05,11.18,0,1.29366949867128,233.514,58.1361640045398,518.92,1154.19,54477.51,19.115
TPD,2016-06-25,2016,177,28.89,12.58,0,1.45865137840159,232.308,57.8179949555628,516.24,1255.5,54460.63,20.735
TPD,2016-06-26,2016,178,29.81,16.9,30.14,1.15291470156121,149.0265,37.0762927564901,331.17,1903.17,54439.81,23.355
TPD,2016-06-27,2016,179,29.31,18.8,0,0.989704369386008,173.52,43.150402535184,385.6,2128.89,54415.06,24.055
TPD,2016-06-28,2016,180,21.07,14.69,0,0.409839557004533,122.9265,30.552865566431,273.17,1670.62,54386.39,17.88
TPD,2016-06-29,2016,181,23.58,11.02,0,0.885602261023911,208.332,51.7490539706016,462.96,1222.4,54353.84,17.3
TPD,2016-06-30,2016,182,25.67,10.47,0,1.27932780272992,230.2155,57.146544379174,511.59,998.36,54317.43,18.07
TPD,2016-07-01,2016,183,23.45,13.86,5.35,0.647352522091677,127.7325,31.6836267171795,283.85,1583.75,54277.18,18.655
TPD,2016-07-02,2016,184,23.3,11.21,0,0.956464879359258,204.4305,50.6671598828651,454.29,1135.54,54233.13,17.255
TPD,2016-07-03,2016,185,24.9,11.49,0,1.14431746696862,215.865,53.4539735801955,479.7,1104.02,54185.31,18.195
TPD,2016-07-04,2016,186,27.41,11.99,0,1.43464304538874,228.402,56.5046638654464,507.56,1087.75,54133.76,19.7
TPD,2016-07-05,2016,187,27.92,18.27,0,1.02403118191435,163.2825,40.353447054483,362.85,1901.42,54078.52,23.095
TPD,2016-07-06,2016,188,29.26,18.38,0,1.36470417597336,179.91,44.414321142294,399.8,1719.93,54019.62,23.82
TPD,2016-07-07,2016,189,28.89,19.83,7.47,0.877838899047107,112.509,27.7429184346843,250.02,2263.58,53957.11,24.36
TPD,2016-07-08,2016,190,27.9,19.51,9.54,0.740839746548449,105.705,26.033244391224,234.9,2266.74,53891.04,23.705
TPD,2016-07-09,2016,191,23.22,17.9,0,0.394080547610383,98.4285,24.2098701823552,218.73,2050.01,53821.45,20.56
TPD,2016-07-10,2016,192,26.39,16.04,0,1.1282715403119,179.9505,44.201275145694,399.89,1498.09,53748.4,21.215
TPD,2016-07-11,2016,193,27.45,15.94,0,1.33427410077469,194.346,47.6693268285546,431.88,1396.66,53671.93,21.695
TPD,2016-07-12,2016,194,31.15,18.99,0,1.70530518035001,194.6025,47.6612458459425,432.45,1652.83,53592.1,25.07
TPD,2016-07-13,2016,195,31.46,21.23,3.9,1.20665910559536,123.291,30.1490871006339,273.98,2354.6,53508.97,26.345
TPD,2016-07-14,2016,196,27.02,20.71,0,0.590691366146393,113.211,27.6394683290166,251.58,2409.91,53422.58,23.865
TPD,2016-07-15,2016,197,26.12,17.67,0,0.897902166849339,152.793,37.2405214279701,339.54,1800.36,53333.01,21.895
TPD,2016-07-16,2016,198,23.39,14.5,0,0.806543005534183,163.9035,39.8790608054985,364.23,1452.8,53240.3,18.945
TPD,2016-07-17,2016,199,26.82,12.57,0,1.42091916071459,223.3575,54.2469277579253,496.35,1066.61,53144.51,19.695
TPD,2016-07-18,2016,200,28.58,19.26,0,1.16456960460762,164.952,39.9874890568608,366.56,1901.28,53045.72,23.92
TPD,2016-07-19,2016,201,25.27,14.35,0,1.10717034815671,193.7655,46.88232672299,430.59,1315.38,52943.97,19.81
TPD,2016-07-20,2016,202,26.44,11.94,0,1.39935740639293,226.989,54.8123363155809,504.42,1019.72,52839.33,19.19
TPD,2016-07-21,2016,203,29.78,14.92,29.65,1.50259643354771,165.2985,39.8344004903011,367.33,1435.72,52731.87,22.35
TPD,2016-07-22,2016,204,30.57,20.75,0,1.15506285481384,164.592,39.581238958776,365.76,2255.65,52621.65,25.66
TPD,2016-07-23,2016,205,31.17,18.79,0,1.48649693861806,194.9355,46.7776770037016,433.19,1860.62,52508.73,24.98
TPD,2016-07-24,2016,206,28.02,17.32,4.93,0.899039670103109,134.3475,32.1677337280478,298.55,1976.58,52393.17,22.67
TPD,2016-07-25,2016,207,29.21,20.56,0,0.906653411035011,152.2305,36.3674064855443,338.29,2325.19,52275.05,24.885
TPD,2016-07-26,2016,208,27.13,17.13,0,0.971544491128433,177.228,42.2415235139436,393.84,1796.47,52154.41,22.13
TPD,2016-07-27,2016,209,29.48,17.58,0,1.30188875369209,195.696,46.5332257647648,434.88,1756.95,52031.34,23.53
TPD,2016-07-28,2016,210,28.02,18.97,17.8,0.791340260497713,118.674,28.1506497256602,263.72,2191.99,51905.89,23.495
TPD,2016-07-29,2016,211,27.19,18.89,0,0.706821651089028,149.6835,35.4190159688774,332.63,2181.56,51778.13,23.04
TPD,2016-07-30,2016,212,25.98,19.11,25.81,0.567559136490642,97.947,23.1186173320548,217.66,2212.04,51648.12,22.545
TPD,2016-07-31,2016,213,26.17,19.06,11.08,0.590170029030606,101.3085,23.8508372864308,225.13,2204.93,51515.93,22.615
TPD,2016-08-01,2016,214,27.5,17.73,0,0.817321152637631,173.547,40.7512579169619,385.66,2027.64,51381.61,22.615
TPD,2016-08-02,2016,215,29.04,17.04,0,1.09962838805584,197.145,46.1695257683595,438.1,1873.96,51245.23,23.04
TPD,2016-08-03,2016,216,30.1,16.54,0,1.29621428939796,209.3895,48.9046661692029,465.31,1773.38,51106.86,23.32
TPD,2016-08-04,2016,217,30.38,17.65,0,1.24064328767936,200.2095,46.6322136898941,444.91,1931.8,50966.54,24.015
TPD,2016-08-05,2016,218,30.14,21.54,0,0.849296333583297,151.092,35.093727794214,335.76,2568.85,50824.35,25.84
TPD,2016-08-06,2016,219,27.12,17.37,0,0.799268107412998,172.7685,40.0147739838158,383.93,1982.6,50680.35,22.245
TPD,2016-08-07,2016,220,26.28,16.01,0,0.79500986719322,180.0405,41.5790987007393,400.09,1818.5,50534.58,21.145
TPD,2016-08-08,2016,221,27.75,14,0,1.12719868150342,210.1185,48.3838059569004,466.93,1530,50387.12,20.875
TPD,2016-08-09,2016,222,29.82,16.15,0,1.25417170354213,204.228,46.8882379596996,453.84,1758.38,50238.01,22.985
TPD,2016-08-10,2016,223,30.92,19.82,0,1.07557169473811,175.4685,40.1645733760494,389.93,2311.13,50087.32,25.37
TPD,2016-08-11,2016,224,30.46,21.77,0,0.870570152318175,146.412,33.411717225684,325.36,2605.28,49935.1,26.115
TPD,2016-08-12,2016,225,32.27,24.09,9.12,0.909198944016493,101.205,23.02423850259,224.9,2998.76,49781.4,28.18
TPD,2016-08-13,2016,226,29.45,23.05,8.55,0.641062009285074,84.222,19.1008842125112,187.16,2817.39,49626.28,26.25
TPD,2016-08-14,2016,227,26.22,19.88,0,0.53853467441355,117.243,26.5059387115929,260.54,2319.13,49469.79,23.05
TPD,2016-08-15,2016,228,26.43,19.5,9.01,0.586267106213886,95.2785,21.4715576929851,211.73,2265.61,49311.98,22.965
TPD,2016-08-16,2016,229,27.85,20.1,4.3,0.692893039941338,104.481,23.4694415169747,232.18,2351.39,49152.91,23.975
TPD,2016-08-17,2016,230,26.77,16.19,2.2,0.834729866486572,134.073,30.0184389364221,297.94,1839.25,48992.61,21.48
TPD,2016-08-18,2016,231,26.56,18.04,0,0.698043991809107,152.604,34.054857682722,339.12,2068.44,48831.15,22.3
TPD,2016-08-19,2016,232,28.59,17.21,0,0.970383887378192,184.2975,40.9905957126578,409.55,1962.09,48668.57,22.9
TPD,2016-08-20,2016,233,29.52,20.27,0.6,0.870286311317142,158.472,35.1280823456664,352.16,2376.68,48504.91,24.895
TPD,2016-08-21,2016,234,25.3,17.37,0,0.616517230019406,147.879,32.6686605077466,328.62,1982.63,48340.22,21.335
TPD,2016-08-22,2016,235,23.2,13.67,0,0.635856397147149,174.06,38.32064813061,386.8,1563.97,48174.55,18.435
TPD,2016-08-23,2016,236,25.92,13.72,0,0.884023020226567,196.452,43.1008301601252,436.56,1569.07,48007.93,19.82
TPD,2016-08-24,2016,237,27.95,15.63,9.37,0.992608437400385,144.0225,31.4877427847865,320.05,1774.76,47840.42,21.79
TPD,2016-08-25,2016,238,28.47,21.03,13.17,0.691573522402278,99.306,21.634931129661,220.68,2490.75,47672.05,24.75
TPD,2016-08-26,2016,239,26.77,18.15,0,0.712979890694329,153.5265,33.3287786257214,341.17,2082.24,47502.87,22.46
TPD,2016-08-27,2016,240,28.48,17.52,0,0.937885067621224,176.976,38.281918008528,393.28,2001.53,47332.9,23.0
TPD,2016-08-28,2016,241,28.49,18.63,0,0.86620175541715,163.575,35.25552487305,363.5,2146.51,47162.2,23.56
TPD,2016-08-29,2016,242,26.53,16.58,0,0.78723118277157,166.8735,35.835750661685,370.83,1885.19,46990.81,21.555
TPD,2016-08-30,2016,243,27.23,15.48,8.25,0.923009232510478,136.5885,29.2247059530937,303.53,1758.31,46818.75,21.355
TPD,2016-08-31,2016,244,25.69,17.04,3.61,0.67439244239729,111.8835,23.8504847548257,248.63,1942.03,46646.06,21.365
TPD,2016-09-01,2016,245,23.1,14.41,0,0.589318870269081,154.2915,32.7685220546409,342.87,1640.32,46472.78,18.755
TPD,2016-09-02,2016,246,23.12,12.85,0,0.669633644246133,173.6595,36.7439539593893,385.91,1482.69,46298.95,17.985
TPD,2016-09-03,2016,247,23.82,11.17,0,0.80842315560027,193.572,40.802929995384,430.16,1327.27,46124.6,17.495
TPD,2016-09-04,2016,248,25.74,11.55,0,0.971107737485851,198.927,41.7727609373664,442.06,1360.43,45949.76,18.645
TPD,2016-09-05,2016,249,27.49,13.8,0,1.04201764242465,191.0565,39.9669808259264,424.57,1576.84,45774.47,20.645
TPD,2016-09-06,2016,250,29.91,16.52,0,1.16618911999331,182.7585,38.0843653240688,406.13,1879.08,45598.75,23.215
TPD,2016-09-07,2016,251,30.59,21.81,0,0.883686359401376,136.152,28.262637817596,302.56,2611.59,45422.65,26.2
TPD,2016-09-08,2016,252,28.48,22.32,15.38,0.59139779612298,77.9715,16.1225602340859,173.27,2694.06,45246.18,25.4
TPD,2016-09-09,2016,253,27.43,19.37,0,0.698798075226745,134.082,27.6164823514086,297.96,2248.14,45069.39,23.4
TPD,2016-09-10,2016,254,27.97,17.61,23.16,0.875567497550477,119.5605,24.5287704620655,265.69,2012.78,44892.3,22.79
TPD,2016-09-11,2016,255,21.63,12.39,0,0.569393612650938,155.736,31.8242273439888,346.08,1438.63,44714.94,17.01
TPD,2016-09-12,2016,256,23.26,10.3,0,0.797532354812567,185.508,37.7574902100504,412.24,1252.01,44537.34,16.78
TPD,2016-09-13,2016,257,25.97,13.01,5.29,0.925007665510638,134.2485,27.2152656598469,298.33,1497.62,44359.53,19.49
TPD,2016-09-14,2016,258,22.47,14.11,0,0.551671254483191,136.521,27.5648994230841,303.38,1609.37,44181.53,18.29
TPD,2016-09-15,2016,259,21.61,11.09,0,0.627781727324074,160.9875,32.3738605666463,357.75,1319.62,44003.39,16.35
TPD,2016-09-16,2016,260,24.69,10.92,0,0.898774239558064,181.3185,36.3146139446904,402.93,1304.89,43825.12,17.805
TPD,2016-09-17,2016,261,23.51,17.86,15.52,0.42236359636004,69.498,13.862463569955,154.44,2044.24,43646.75,20.685
TPD,2016-09-18,2016,262,25.27,17.35,0,0.61471754699314,123.39,24.511445303013,274.2,1980.31,43468.31,21.31
TPD,2016-09-19,2016,263,26.29,15.5,0,0.824971011328437,152.955,30.2597794807605,339.9,1760.41,43289.83,20.895
TPD,2016-09-20,2016,264,26.85,14.64,0,0.929617557546643,162.252,31.9666981991976,360.56,1665.75,43111.34,20.745
TPD,2016-09-21,2016,265,26.48,12.3,0,1.009696669744,174.1005,34.1590700334051,386.89,1430.16,42932.86,19.39
TPD,2016-09-22,2016,266,28.08,14.68,0,1.05980890192141,165.1635,32.2709162898519,367.03,1669.4,42754.42,21.38
TPD,2016-09-23,2016,267,24.49,14.56,0,0.703413286249779,140.7915,27.3941609621378,312.87,1657.22,42576.05,19.525
TPD,2016-09-24,2016,268,18.85,9.72,0,0.483553641880128,137.25,26.59326554385,305,1204.27,42397.78,14.285
TPD,2016-09-25,2016,269,20.05,7.89,0,0.638023210480728,162.5625,31.3654117105688,361.25,1063.99,42219.63,13.97
TPD,2016-09-26,2016,270,18.62,10.92,14.85,0.417516975036202,88.4475,16.993444249323,196.55,1304.96,42041.64,14.77
TPD,2016-09-27,2016,271,21.01,10.28,0,0.615875452604427,147.6315,28.2445194852077,328.07,1250.42,41863.83,15.645
TPD,2016-09-28,2016,272,22.76,11.17,11.83,0.717294610619595,113.5035,21.6231058410989,252.23,1327.06,41686.23,16.965
TPD,2016-09-29,2016,273,18.13,13.54,16.56,0.261857227281556,54.45,10.328921929755,121,1550.74,41508.87,15.835
TPD,2016-09-30,2016,274,18.2,13.23,16.92,0.281640445738284,58.797,11.1059412487533,130.66,1520.05,41331.77,15.715
TPD,2016-10-01,2016,275,18.1,13.26,13,0.273598705232968,57.4785,10.8104561869401,127.73,1523.05,41154.98,15.68
TPD,2016-10-02,2016,276,18.68,13.12,9.58,0.319152014839741,65.3265,12.2338106351636,145.17,1508.95,40978.51,15.9
TPD,2016-10-03,2016,277,19.25,11.7,0,0.426073345145066,114.2685,21.307300732908,253.93,1373.89,40802.4,15.475
TPD,2016-10-04,2016,278,21.31,11.37,0,0.591727493633113,137.925,25.60769721423,306.5,1344.57,40626.68,16.34
TPD,2016-10-05,2016,279,22.25,12.73,0,0.603245067390378,132.615,24.5155871577645,294.7,1470.69,40451.39,17.49
TPD,2016-10-06,2016,280,24.06,14.03,0,0.69265265981109,134.5275,24.7616412132645,298.95,1601.08,40276.54,19.045
TPD,2016-10-07,2016,281,23.65,12.65,4.58,0.725630028640363,105.984,19.4233706076672,235.52,1462.96,40102.19,18.15
TPD,2016-10-08,2016,282,18.26,8.61,0,0.487747152845695,133.776,24.4104552332352,297.28,1117.36,39928.36,13.435
TPD,2016-10-09,2016,283,14.55,5.17,0,0.385061591556614,132.705,24.109939363698,294.9,882.57,39755.08,9.86
TPD,2016-10-10,2016,284,14.26,2.62,0,0.44248851903575,149.355,27.0170533131165,331.9,737.47,39582.39,8.44
TPD,2016-10-11,2016,285,18.22,4.53,0,0.622128212234042,155.601,28.0245433746024,345.78,843.79,39410.32,11.375
TPD,2016-10-12,2016,286,22.81,8.8,9.01,0.819611803507664,113.3505,20.3262229906722,251.89,1131.76,39238.92,15.805
TPD,2016-10-13,2016,287,16.92,5.87,0,0.498508920617954,138.3345,24.6984795238397,307.41,926.38,39068.21,11.395
TPD,2016-10-14,2016,288,15.4,3.52,0,0.479977592897859,142.9785,25.4165734099463,317.73,786.03,38898.25,9.46
TPD,2016-10-15,2016,289,21.2,4.86,0,0.824226175538508,155.8665,27.5870930493393,346.37,863.6,38729.06,13.03
TPD,2016-10-16,2016,290,21.97,13.99,9.59,0.517856123393321,76.4775,13.477041529479,169.95,1596.26,38560.68,17.98
TPD,2016-10-17,2016,291,24.53,17.02,0,0.566106859416563,92.6775,16.260892132563,205.95,1939.11,38393.16,20.775
TPD,2016-10-18,2016,292,23.63,15.22,4.06,0.59113175754704,76.401,13.3468946832078,169.78,1728.24,38226.54,19.425
TPD,2016-10-19,2016,293,20.23,10.52,0,0.547013645727833,116.064,20.1879551435328,257.92,1271.09,38060.86,15.375
TPD,2016-10-20,2016,294,15.85,11.2,9.67,0.233421346874555,48.4425,8.38953843357825,107.65,1329.24,37896.17,13.525
TPD,2016-10-21,2016,295,12.26,6.41,9.7,0.231048433024521,62.1765,10.7215617731625,138.17,961.53,37732.5,9.335
TPD,2016-10-22,2016,296,9.79,3.19,0,0.220427476004756,93.7665,16.0991912746886,208.37,767.85,37569.91,6.49
TPD,2016-10-23,2016,297,15.43,5.4,7.94,0.426257541880921,91.557,15.6522707527356,203.46,896.63,37408.44,10.415
TPD,2016-10-24,2016,298,11.55,6.6,0,0.191955345366551,71.199,12.1197785617602,158.22,974.39,37248.14,9.075
TPD,2016-10-25,2016,299,9.03,1.84,0,0.22560488921852,99.8415,16.9228351448343,221.87,697.47,37089.06,5.435
TPD,2016-10-26,2016,300,6.71,-1.12,29.97,0.209432159652464,79.7895,13.4665340450886,177.31,562.58,36931.24,2.795
TPD,2016-10-27,2016,301,9.02,1.2,22.4,0.241124076647222,78.5655,13.2037620680979,174.59,665.94,36774.74,5.11
TPD,2016-10-28,2016,302,12.85,0.55,0,0.422514252650167,132.12,22.110501768408,293.6,635.56,36619.62,6.7
TPD,2016-10-29,2016,303,19.79,8.52,0,0.596087117774001,119.673,19.9434107527551,265.94,1110.45,36465.91,14.155
TPD,2016-10-30,2016,304,12.59,4.76,3.93,0.298488250874429,73.1475,12.1390815858053,162.55,857.77,36313.67,8.675
TPD,2016-10-31,2016,305,10.8,0.16,0,0.3378462324608,117.801,19.4683555123929,261.78,617.79,36162.97,5.48
TPD,2016-11-01,2016,306,21.29,3.51,0,0.870290493413902,133.884,22.0350759193368,297.52,785.53,36013.86,12.4
TPD,2016-11-02,2016,307,20.31,12.45,24.15,0.466076997979816,64.3725,10.5512550577335,143.05,1444.28,35866.38,16.38
TPD,2016-11-03,2016,308,15.28,8.67,0,0.304651255285037,77.2965,12.618123525603,171.77,1122.35,35720.6,11.975
TPD,2016-11-04,2016,309,11.66,3.3,0,0.297785888263858,94.734,15.4023289341642,210.52,773.55,35576.59,7.48
TPD,2016-11-05,2016,310,16,5.04,0,0.469657049550462,109.1475,17.6748131390985,242.55,874.65,35434.38,10.52
TPD,2016-11-06,2016,311,14.95,3.39,0,0.458851828118749,111.699,18.0163622202858,248.22,778.69,35294.06,9.17
TPD,2016-11-07,2016,312,18.04,3.07,0,0.651881236741325,121.104,19.4567396267376,269.12,761.16,35155.67,10.555
TPD,2016-11-08,2016,313,16.97,5.08,10.56,0.526180736927081,81.4185,13.0300628264676,180.93,877.08,35019.28,11.025
TPD,2016-11-09,2016,314,10.42,3.03,0,0.251058662478188,81.3015,12.9614283442822,180.67,758.9,34884.95,6.725
TPD,2016-11-10,2016,315,14.73,0.78,0,0.51318060075811,116.2485,18.4625893042173,258.33,646.33,34752.74,7.755
TPD,2016-11-11,2016,316,11.67,2.13,0,0.328994245068637,96.1965,15.2207666978936,213.77,711.99,34622.71,6.9
TPD,2016-11-12,2016,317,9.32,-1.8,0,0.318273727015762,105.3855,16.6131679021209,234.19,535.23,34494.94,3.76
TPD,2016-11-13,2016,318,12.47,2.85,0,0.347165747673018,94.7565,14.8832592261314,210.57,749.54,34369.47,7.66
TPD,2016-11-14,2016,319,13.25,2.38,0,0.397545425470456,101.385,15.8673610431855,225.3,724.66,34246.39,7.815
TPD,2016-11-15,2016,320,14.06,1.69,1.23,0.455993686168323,106.173,16.5581711221014,235.94,689.89,34125.74,7.875
TPD,2016-11-16,2016,321,12.35,2.94,0,0.339286644350304,90.585,14.07824349822,201.3,754.15,34007.6,7.645
TPD,2016-11-17,2016,322,13.46,1.06,0,0.440572492543628,103.752,16.0697874058128,230.56,659.46,33892.02,7.26
TPD,2016-11-18,2016,323,20.66,7.13,0,0.7096329754563,102.2445,15.7835239129242,227.21,1010.43,33779.08,13.895
TPD,2016-11-19,2016,324,14.85,1.34,10,0.50645915507767,77.7735,11.9667439217718,172.83,672.82,33668.84,8.095
TPD,2016-11-20,2016,325,2.83,-0.77,0,0.0855917922327007,38.5605,5.9142326978196,85.69,577.41,33561.36,1.03
TPD,2016-11-21,2016,326,1.76,-1.07,0,0.0644135346010809,31.167,4.7653459322049,69.26,564.89,33456.71,0.345
TPD,2016-11-22,2016,327,3.03,-2.08,0,0.117627011183083,53.5095,8.1565641600201,118.91,524.24,33354.94,0.475
TPD,2016-11-23,2016,328,3.96,-3.33,4.75,0.16651723889731,53.685,8.1590738994585,119.3,477.83,33256.13,0.315
TPD,2016-11-24,2016,329,6.98,1.92,2.16,0.148730123989814,38.3985,5.8190109221664,85.33,701.64,33160.32,4.45
TPD,2016-11-25,2016,330,6.47,3.11,2.29,0.100404639790748,26.334,3.9795647518242,58.52,763.71,33067.59,4.79
TPD,2016-11-26,2016,331,5.65,1.9,0,0.105923116655013,39.3255,5.92672307205465,87.39,700.2,32977.99,3.775
TPD,2016-11-27,2016,332,8.42,1.2,0,0.218395743736793,69.993,10.5209674390359,155.54,665.86,32891.59,4.81
TPD,2016-11-28,2016,333,10.6,1.97,3.4,0.286243395811102,59.3235,8.89464079976985,131.83,703.79,32808.43,6.285
TPD,2016-11-29,2016,334,13.26,4.69,0,0.333745577756844,76.8825,11.4992855869545,170.85,853.01,32728.58,8.975
TPD,2016-11-30,2016,335,13.73,6.09,11.77,0.313423483120999,52.677,7.8604646423301,117.06,940.47,32652.09,9.91
TPD,2016-12-01,2016,336,6.04,2.31,0,0.107591921696406,40.149,5.9776288880886,89.22,721.38,32579.02,4.175
TPD,2016-12-02,2016,337,5.1,2.32,6.39,0.0779084975190882,23.364,3.4711428384468,51.92,721.78,32509.41,3.71
TPD,2016-12-03,2016,338,4.7,1.86,4.62,0.0774346460205754,23.922,3.5468174985174,53.16,698.55,32443.31,3.28
TPD,2016-12-04,2016,339,4.45,0.85,5.63,0.0946141445166817,30.0015,4.4396269082469,66.67,649.58,32380.78,2.65
TPD,2016-12-05,2016,340,5.28,0.45,0,0.12916281445824,52.848,7.8062256537696,117.44,630.77,32321.86,2.865
TPD,2016-12-06,2016,341,4.55,-1.27,5.43,0.144152348618045,47.16,6.954134196708,104.8,556.62,32266.59,1.64
TPD,2016-12-07,2016,342,4.45,0.28,0,0.108040762405178,48.2535,7.10400552160995,107.23,623.06,32215.01,2.365
TPD,2016-12-08,2016,343,0.5,-2.89,1.74,0.0701151453093865,41.292,6.0700878012348,91.76,493.7,32167.17,-1.195
TPD,2016-12-09,2016,344,-0.46,-4.57,2.82,0.0782408050930942,37.3635,5.48505600459255,83.03,435.1,32123.09,-2.515
TPD,2016-12-10,2016,345,-1.95,-5.8,0,0.0669487215143084,48.303,7.0821127968822,107.34,396.47,32082.82,-3.875
TPD,2016-12-11,2016,346,0.67,-6.56,14.66,0.134106776147946,66.9015,9.7978555744749,148.67,373.87,32046.38,-2.945
TPD,2016-12-12,2016,347,2.56,-1.92,0,0.101905780145794,62.2485,9.10714924865745,138.33,530.64,32013.81,0.32
TPD,2016-12-13,2016,348,-0.48,-7.41,11.04,0.120160433408886,66.708,9.7508416692672,148.24,350.33,31985.12,-3.945
TPD,2016-12-14,2016,349,-4.1,-11.78,0,0.102208454929826,95.724,13.9813281487512,212.72,248.01,31960.34,-7.94
TPD,2016-12-15,2016,350,-8.91,-13.4,0,0.0479203168871915,67.086,9.7921053014598,149.08,217.5,31939.49,-11.155
TPD,2016-12-16,2016,351,-4.25,-13.89,5.66,0.119253001793844,80.4285,11.7334111562546,178.73,208.92,31922.59,-9.07
TPD,2016-12-17,2016,352,1.74,-7.07,7.19,0.166890315327863,77.355,11.2804553591775,171.9,359.5,31909.65,-2.665
TPD,2016-12-18,2016,353,-1.22,-9.76,0,0.134144226331881,103.1535,15.0383472503166,229.23,291.46,31900.68,-5.49
TPD,2016-12-19,2016,354,-5.76,-15.61,0,0.109004889462034,109.989,16.0323549401664,244.42,181.25,31895.68,-10.685
TPD,2016-12-20,2016,355,1.71,-12.13,0,0.225353808435879,115.506,16.8359976913014,256.68,241.17,31894.67,-5.21
TPD,2016-12-21,2016,356,1.93,-5.67,0,0.151190048346153,94.878,13.8305761957944,210.84,400.29,31897.64,-1.87
TPD,2016-12-22,2016,357,1.81,-1.98,0,0.0840484117321023,56.151,8.1870390732213,124.78,528.23,31904.59,-0.085
TPD,2016-12-23,2016,358,3.72,-1.52,0.57,0.125387400287137,73.764,10.7587656559548,163.92,546.45,31915.51,1.1
TPD,2016-12-24,2016,359,4.39,1.32,0,0.0817281626481903,46.35,6.7634813628,103,671.87,31930.4,2.855
TPD,2016-12-25,2016,360,3.19,-1.65,0,0.113605388628271,69.4845,10.1452947381846,154.41,541.02,31949.24,0.77
TPD,2016-12-26,2016,361,12.09,-1.71,17.55,0.434914041501345,83.7495,12.2368179486843,186.11,538.89,31972.02,5.19
TPD,2016-12-27,2016,362,5.77,-1.45,0,0.185290411109098,89.8875,13.14462219408,199.75,549.22,31998.72,2.16
TPD,2016-12-28,2016,363,2.23,-2.76,4.52,0.109616240826649,52.9245,7.74677277942345,117.61,498.43,32029.33,-0.265
TPD,2016-12-29,2016,364,2.58,-0.58,4.9,0.0751748462352406,35.928,5.264586103248,79.84,585.28,32063.8,1.0
TPD,2016-12-30,2016,365,0.36,-2.7,0,0.0632659435854831,47.673,6.9939501347493,105.94,500.87,32102.13,-1.17
TPD,2017-01-01,2017,1,3.66,-3.79,0,0.166284505584916,95.7825,14.0704667015715,212.85,461.53,32144.46,-0.065
TPD,2017-01-02,2017,2,4.85,-3.12,0,0.188829657939165,99.0675,14.5738371330248,220.15,485.32,32190.41,0.865
TPD,2017-01-03,2017,3,5.23,2.05,10.82,0.0887689689865555,36.8415,5.42812723742205,81.87,708.03,32240.11,3.64
TPD,2017-01-04,2017,4,2.16,-6.68,0,0.17190366224973,105.3585,15.5489534990244,234.13,370.5,32293.52,-2.26
TPD,2017-01-05,2017,5,-6.3,-10.76,0,0.0570723811400207,69.7365,10.3100036961911,154.97,269.05,32350.61,-8.53
TPD,2017-01-06,2017,6,-9.04,-14.13,0,0.0526829051550668,78.507,11.6284358315268,174.46,204.85,32411.32,-11.585
TPD,2017-01-07,2017,7,-8.73,-14.87,0,0.0624331939059035,90.36,13.410655525476,200.8,192.83,32475.63,-11.8
TPD,2017-01-08,2017,8,-8.1,-12.27,2.68,0.0476765000602957,50.634,7.5304736941086,112.52,238.36,32543.47,-10.185
TPD,2017-01-09,2017,9,-1.77,-10.49,2.7,0.131458777190082,82.161,12.246067143396,182.58,274.9,32614.8,-6.13
TPD,2017-01-10,2017,10,7.72,-3.53,17.28,0.290677328193251,87.2595,13.0358171754657,193.91,470.47,32689.58,2.095
TPD,2017-01-11,2017,11,11.15,0.21,6.39,0.351817311361751,86.04,12.884367117672,191.2,620.14,32767.74,5.68
TPD,2017-01-12,2017,12,9.33,-0.09,6.76,0.282902212653991,83.2005,12.4901444902734,184.89,606.65,32849.24,4.62
TPD,2017-01-13,2017,13,-1.65,-5.55,0,0.0691224718795942,64.6965,9.73736836330005,143.77,404.02,32934.01,-3.6
TPD,2017-01-14,2017,14,-1.84,-6.11,0,0.0737485215824524,70.5915,10.65300138441,156.87,387.19,33022,-3.975
TPD,2017-01-15,2017,15,0.8,-7.39,0,0.148736356003614,110.196,16.6756456516752,244.88,350.68,33113.16,-3.295
TPD,2017-01-16,2017,16,2.31,-6.22,5.27,0.168935508433613,84.897,12.8837912343318,188.66,383.95,33207.42,-1.955
TPD,2017-01-17,2017,17,6.37,-1,9.68,0.195449616590703,78.3945,11.9318479878515,174.21,567.71,33304.73,2.685
TPD,2017-01-18,2017,18,3.19,1.61,0,0.0406833592481658,29.628,4.5230370177996,65.84,686.18,33405.01,2.4
TPD,2017-01-19,2017,19,2.01,-0.05,0.21,0.0488368473590345,37.485,5.740174214019,83.3,608.51,33508.22,0.98
TPD,2017-01-20,2017,20,5.58,-0.29,2.05,0.154670370810669,69.588,10.6899178610448,154.64,598.13,33614.28,2.645
TPD,2017-01-21,2017,21,12.42,2.26,0,0.360074594326551,108.5715,16.7324695579107,241.27,718.89,33723.14,7.34
TPD,2017-01-22,2017,22,8.22,1.94,0,0.19270546127976,87.957,13.6003261540077,195.46,702.25,33834.73,5.08
TPD,2017-01-23,2017,23,5.37,1.87,0,0.0978477279595601,56.016,8.6907053110176,124.48,698.76,33948.98,3.62
TPD,2017-01-24,2017,24,2.64,0.42,0,0.0546157976836517,37.7775,5.88123305021025,83.95,629.45,34065.83,1.53
TPD,2017-01-25,2017,25,7.02,1.78,0,0.153961647816463,79.911,12.4842122774694,177.58,694.29,34185.22,4.4
TPD,2017-01-26,2017,26,4.3,0.83,2.11,0.090917673554686,43.0335,6.74693849984355,95.63,648.43,34307.09,2.565
TPD,2017-01-27,2017,27,1,-2.06,0.82,0.0659731873982218,52.4115,8.2470184566048,116.47,525.12,34431.36,-0.53
TPD,2017-01-28,2017,28,-1.28,-3.03,0.98,0.034106189303832,32.2605,5.0948997520203,71.69,488.68,34557.98,-2.155
TPD,2017-01-29,2017,29,-1.77,-5.9,0,0.0720673859143842,70.677,11.2036503031632,157.06,393.38,34686.88,-3.835
TPD,2017-01-30,2017,30,-3.52,-9.05,1,0.0820510820272413,100.9575,16.0641771201923,224.35,308.21,34817.99,-6.285
TPD,2017-01-31,2017,31,-0.56,-6.37,2.88,0.103980947200664,79.155,12.643211122821,175.9,379.39,34951.26,-3.465
TPD,2017-02-01,2017,32,2.21,-2.92,0.22,0.112049816717201,97.038,15.5596409222292,215.64,492.54,35086.62,-0.355
TPD,2017-02-02,2017,33,-2.1,-7.89,0,0.093669282655001,107.9325,17.3742966491153,239.85,337.4,35224.01,-4.995
TPD,2017-02-03,2017,34,-6.47,-9.91,0,0.0451940974130826,73.1565,11.8228659247409,162.57,287.85,35363.37,-8.19
TPD,2017-02-04,2017,35,-1.32,-11.55,0,0.151531494417154,146.034,23.6949159380094,324.52,252.69,35504.63,-6.435
TPD,2017-02-05,2017,36,0.92,-5.12,0,0.117951361453672,113.3685,18.4688818117083,251.93,417.56,35647.74,-2.1
TPD,2017-02-06,2017,37,2.69,-6.95,0,0.189545586474687,144.6435,23.6596793479488,321.43,362.75,35792.64,-2.13
TPD,2017-02-07,2017,38,10.34,-0.8,25.05,0.339281739970363,110.8935,18.2134166026617,246.43,576.01,35939.26,4.77
TPD,2017-02-08,2017,39,4.69,-4.33,0,0.20513599661575,127.6515,21.0523044256038,283.67,443.21,36087.56,0.18
TPD,2017-02-09,2017,40,-4.24,-7.9,0,0.0551155353256716,71.244,11.7983795689476,158.32,337.24,36237.47,-6.07
TPD,2017-02-10,2017,41,0.51,-8.95,0,0.162194184984838,135.8145,22.5856058107491,301.81,310.47,36388.94,-4.22
TPD,2017-02-11,2017,42,4.72,-2.83,5.43,0.179819761509729,92.502,15.4475128978074,205.56,495.73,36541.91,0.945
TPD,2017-02-12,2017,43,3.5,-1.26,11.17,0.11392732568265,68.283,11.4512112413523,151.74,557.05,36696.33,1.12
TPD,2017-02-13,2017,44,0.08,-3.62,0,0.0738367438652782,75.1365,12.6540595341927,166.97,467.42,36852.14,-1.77
TPD,2017-02-14,2017,45,5.73,-3.79,0,0.228036772302313,140.319,23.732503407819,311.82,461.45,37009.3,0.97
TPD,2017-02-15,2017,46,2.04,-3.28,0,0.114381963807762,103.932,17.65353797001,230.96,479.38,37167.75,-0.62
TPD,2017-02-16,2017,47,-2.51,-7.04,0,0.0743559079922127,94.3425,16.093547517474,209.65,360.36,37327.44,-4.775
TPD,2017-02-17,2017,48,4.74,-9.11,0,0.274946776452801,157.5765,26.9962688333597,350.17,306.78,37488.33,-2.185
TPD,2017-02-18,2017,49,14.92,-0.11,0,0.543983410227163,155.736,26.7962702448672,346.08,605.68,37650.36,7.405
TPD,2017-02-19,2017,50,12.03,-0.29,0,0.402426664980095,152.7255,26.3921346431672,339.39,598.1,37813.49,5.87
TPD,2017-02-20,2017,51,7.62,-1.67,0,0.251940564081901,142.6635,24.7603848708857,317.03,540.45,37977.67,2.975
TPD,2017-02-21,2017,52,12.27,0.98,0,0.384938007983087,151.5015,26.4086613046053,336.67,655.52,38142.86,6.625
TPD,2017-02-22,2017,53,14.46,3.29,0,0.434962455627475,149.9715,26.2558367979926,333.27,773.46,38309.01,8.875
TPD,2017-02-23,2017,54,17.21,5.2,2.88,0.53779686839974,113.805,20.010980199708,252.9,883.91,38476.08,11.205
TPD,2017-02-24,2017,55,17.12,3.86,20.72,0.57176871688142,117.8235,20.8080091499818,261.83,804.87,38644.03,10.49
TPD,2017-02-25,2017,56,11.91,-1,0,0.412175459459696,159.984,28.3770886793328,355.52,567.74,38812.81,5.455
TPD,2017-02-26,2017,57,3.33,-3.58,0,0.153599832307804,118.404,21.0936160384092,263.12,468.75,38982.39,-0.125
TPD,2017-02-27,2017,58,9.07,-0.64,0,0.284571236488138,144.108,25.7849527798188,320.24,582.91,39152.73,4.215
TPD,2017-02-28,2017,59,14.68,1.35,29.35,0.497026646072319,121.338,21.8056180417614,269.64,673.31,39323.79,8.015
TPD,2017-03-01,2017,60,15.63,2.55,6.42,0.5194867836194,120.2985,21.7132207841304,267.33,733.43,39495.52,9.09
TPD,2017-03-02,2017,61,3.15,-4.31,0,0.16114936037502,122.94,22.28684633082,273.2,443.81,39667.9,-0.58
TPD,2017-03-03,2017,62,-2.33,-6.7,0,0.0730101138036325,79.848,14.5381543081704,177.44,369.89,39840.89,-4.515
TPD,2017-03-04,2017,63,-4.21,-8.75,0,0.0665331906668351,84.096,15.378302205504,186.88,315.52,40014.45,-6.48
TPD,2017-03-05,2017,64,3.25,-9.74,0,0.240040407111378,171.1575,31.4350650601785,380.35,291.77,40188.54,-3.245
TPD,2017-03-06,2017,65,12.43,-1.02,8.17,0.436891166079558,127.548,23.5274466578904,283.44,566.82,40363.14,5.705
TPD,2017-03-07,2017,66,12.58,4.79,4.81,0.297419063543087,93.456,17.3136230186832,207.68,859.26,40538.21,8.685
TPD,2017-03-08,2017,67,10.07,2.56,0,0.248891533802743,124.4475,23.154913460529,276.55,734.07,40713.72,6.315
TPD,2017-03-09,2017,68,4.47,-0.24,0,0.119813188044444,87.336,16.3200988276128,194.08,600.34,40889.64,2.115
TPD,2017-03-10,2017,69,-0.25,-7.91,0.91,0.131812505268895,150.111,28.1715265293111,333.58,337,41065.93,-4.08
TPD,2017-03-11,2017,70,-4.84,-10.06,0,0.0717188196017777,111.0285,20.9264850484272,246.73,284.51,41242.56,-7.45
TPD,2017-03-12,2017,71,-4.01,-9.13,0,0.0745998549986835,111.159,21.0409714962513,247.02,306.21,41419.51,-6.57
TPD,2017-03-13,2017,72,-5.22,-8.77,1.99,0.0503556978310905,81.504,15.4936741851072,181.12,315.03,41596.74,-6.995
TPD,2017-03-14,2017,73,-6.23,-10.17,0,0.0515353927772438,90.6705,17.3097406243107,201.49,282.07,41774.22,-8.2
TPD,2017-03-15,2017,74,-3.32,-8.94,0,0.0843999581130385,124.7355,23.9143299878336,277.19,310.74,41951.93,-6.13
TPD,2017-03-16,2017,75,0.63,-6.29,0,0.129043301933715,148.68,28.625861273184,330.4,381.92,42129.84,-2.83
TPD,2017-03-17,2017,76,4.82,-6.24,0,0.239031968568456,198.027,38.2879558156149,440.06,383.3,42307.91,-0.71
TPD,2017-03-18,2017,77,2.7,-1.39,0,0.0951593372087941,93.375,18.12983644935,207.5,551.6,42486.12,0.655
TPD,2017-03-19,2017,78,4.05,-0.32,0,0.10943838716147,91.998,17.937451404927,204.44,596.8,42664.45,1.865
TPD,2017-03-20,2017,79,5.78,-0.7,0,0.170129664756382,133.0515,26.0503959374618,295.67,580.2,42842.85,2.54
TPD,2017-03-21,2017,80,10.02,-1.8,0,0.346508625277117,190.5435,37.4622682955094,423.43,535.15,43021.32,4.11
TPD,2017-03-22,2017,81,-0.59,-7.09,0,0.113616768826561,138.8565,27.413478741159,308.57,358.9,43199.8,-3.84
TPD,2017-03-23,2017,82,5.2,-8.66,0.87,0.28335066330426,228.951,45.3869681332203,508.78,317.81,43378.29,-1.73
TPD,2017-03-24,2017,83,18.92,0.53,4.92,0.773752501103133,157.698,31.3904796988536,350.44,634.62,43556.76,9.725
TPD,2017-03-25,2017,84,7,2.24,7.81,0.141608645833577,79.1235,15.8143887204282,175.83,717.54,43735.16,4.62
TPD,2017-03-26,2017,85,12.67,1.72,10.21,0.385838875191461,142.272,28.5518064252096,316.16,691.44,43913.49,7.195
TPD,2017-03-27,2017,86,14.13,5.31,0,0.359083551415531,170.1765,34.2904063156785,378.17,890.71,44091.7,9.72
TPD,2017-03-28,2017,87,10.23,3.43,0,0.231830626414461,145.827,29.5026758165403,324.06,781.06,44269.77,6.83
TPD,2017-03-29,2017,88,11.01,-0.04,0,0.351461370167542,196.1955,39.8523870425808,435.99,608.81,44447.68,5.485
TPD,2017-03-30,2017,89,4.65,1.33,32.9,0.0892978435805104,61.8525,12.6140771428358,137.45,672.2,44625.39,2.99
TPD,2017-03-31,2017,90,5.93,1.97,9.67,0.11303486084933,74.8845,15.3325351696136,166.41,703.76,44802.87,3.95
TPD,2017-04-01,2017,91,8.56,1.44,0,0.217719555841252,162.3105,33.3643933211985,360.69,677.57,44980.1,5.0
TPD,2017-04-02,2017,92,14.03,0.48,0,0.483110526378301,215.28,44.42684243868,478.4,632.48,45157.05,7.255
TPD,2017-04-03,2017,93,15.36,5.4,15.51,0.422228798053056,142.47,29.516217021351,316.6,896.74,45333.69,10.38
TPD,2017-04-04,2017,94,13.45,5.3,3.45,0.32452023200834,129.933,27.0235444172238,288.74,890.21,45509.98,9.375
TPD,2017-04-05,2017,95,10.25,3.2,0,0.239206393128305,162.378,33.9020123501394,360.84,768.23,45685.89,6.725
TPD,2017-04-06,2017,96,9.41,1.35,27.13,0.25271739956627,134.3835,28.164980592333,298.63,673.22,45861.4,5.38
TPD,2017-04-07,2017,97,5.15,-0.12,0,0.137953948646248,133.785,28.146586478976,297.3,605.22,46036.48,2.515
TPD,2017-04-08,2017,98,11.33,0.44,0,0.354369008668676,208.989,44.1352658094084,464.42,630.73,46211.08,5.885
TPD,2017-04-09,2017,99,20.7,2.42,0,0.854675309892318,229.914,48.7372218874866,510.92,727.02,46385.17,11.56
TPD,2017-04-10,2017,100,22.5,10.51,6.33,0.724344811413457,152.154,32.3743233101994,338.12,1269.94,46558.73,16.505
TPD,2017-04-11,2017,101,18.72,7.94,0,0.542831795622191,197.532,42.1857162257328,438.96,1068.07,46731.72,13.33
TPD,2017-04-12,2017,102,9.78,3.26,0,0.218004971666046,147.654,31.649891374998,328.12,771.77,46904.1,6.52
TPD,2017-04-13,2017,103,10.73,0.97,0,0.316140684187537,193.995,41.735422544256,431.1,655.1,47075.84,5.85
TPD,2017-04-14,2017,104,16.24,4.04,0,0.513255585618919,210.9645,45.5511031621785,468.81,815.55,47246.9,10.14
TPD,2017-04-15,2017,105,22.38,5.49,3.95,0.898581658390987,170.694,36.9888413260392,379.32,902.45,47417.24,13.935
TPD,2017-04-16,2017,106,22.46,10.67,0,0.714186974225551,199.1115,43.3011298146651,442.47,1283.59,47586.82,16.565
TPD,2017-04-17,2017,107,15.79,4.96,0,0.460137953883157,197.01,42.99607155492,437.8,869.65,47755.6,10.375
TPD,2017-04-18,2017,108,15.01,1.29,0,0.516139271590441,220.0185,48.1863888665348,488.93,670.66,47923.55,8.15
TPD,2017-04-19,2017,109,20.15,7.03,6.64,0.675251076283034,157.2975,34.5699289369823,349.55,1003.71,48090.63,13.59
TPD,2017-04-20,2017,110,12.48,5.68,11.58,0.265144885326055,105.9975,23.3759980338885,235.55,914.18,48256.78,9.08
TPD,2017-04-21,2017,111,12,5.41,0,0.251264781210646,138.3435,30.6138121665962,307.43,897.15,48421.97,8.705
TPD,2017-04-22,2017,112,12.52,2.9,0,0.348367240602313,187.3215,41.5926233723183,416.27,752.04,48586.15,7.71
TPD,2017-04-23,2017,113,17.61,0.69,0,0.684164571046241,238.05,53.03378109528,529,641.82,48749.28,9.15
TPD,2017-04-24,2017,114,16.44,3.47,0,0.541499970193707,217.0035,48.5056492673634,482.23,783.1,48911.32,9.955
TPD,2017-04-25,2017,115,18.05,6.94,0,0.534065289681161,198.918,44.6093506203246,442.04,997.32,49072.21,12.495
TPD,2017-04-26,2017,116,21.24,8.69,0,0.696889295537204,208.341,46.874596380003,462.98,1123.79,49231.9,14.965
TPD,2017-04-27,2017,117,26.07,9.68,3.51,1.08364987691581,169.038,38.1542338687176,375.64,1200.94,49390.36,17.875
TPD,2017-04-28,2017,118,16.86,6.81,2.47,0.463748487154335,139.3245,31.5475483675968,309.61,988.45,49547.52,11.835
TPD,2017-04-29,2017,119,12.59,7.33,3.69,0.21548528975765,82.998,18.8525158138638,184.44,1023.98,49703.33,9.96
TPD,2017-04-30,2017,120,12.37,5.23,25.48,0.274256466163628,108.8595,24.8036330689704,241.91,885.83,49857.76,8.8
TPD,2017-05-01,2017,121,18.97,6.59,27.75,0.607199930380173,155.4705,35.5326329169851,345.49,973.62,50010.73,12.78
TPD,2017-05-02,2017,122,10.19,6.6,15.6,0.133251158878117,59.5395,13.648909642533,132.31,974.38,50162.2,8.395
TPD,2017-05-03,2017,123,12.19,4.58,0,0.285454745025162,156.816,36.0561293568432,348.48,846.59,50312.11,8.385
TPD,2017-05-04,2017,124,9.24,5.19,33.33,0.140530514937339,68.382,15.7691677677534,151.96,883.58,50460.41,7.215
TPD,2017-05-05,2017,125,9.41,5.99,9.19,0.12205991835529,59.1255,13.6742011038864,131.39,933.92,50607.04,7.7
TPD,2017-05-06,2017,126,7.32,5.41,3.66,0.0626066617239892,37.5795,8.7160526585811,83.51,897.18,50751.94,6.365
TPD,2017-05-07,2017,127,9.02,3.48,0,0.182224908808106,125.8335,29.2676671435707,279.63,783.5,50895.06,6.25
TPD,2017-05-08,2017,128,9.9,1.33,0,0.272715065820057,181.6875,42.3760625523,403.75,672.43,51036.32,5.615
TPD,2017-05-09,2017,129,13.71,-0.04,0,0.478637770541849,235.8855,55.1672267313722,524.19,608.84,51175.69,6.835
TPD,2017-05-10,2017,130,14.54,4.99,0.84,0.390159699170046,195.2325,45.782172672327,433.85,871.45,51313.08,9.765
TPD,2017-05-11,2017,131,14.21,6.71,0,0.317713783924106,165.303,38.8659373513524,367.34,981.46,51448.44,10.46
TPD,2017-05-12,2017,132,15.18,6.6,0,0.373411154809508,181.746,42.8427047638584,403.88,974.27,51581.72,10.89
TPD,2017-05-13,2017,133,18.06,5.97,0.94,0.567119902117002,220.572,52.1272687682736,490.16,932.74,51712.84,12.015
TPD,2017-05-14,2017,134,14.91,7.55,0,0.325930135167776,163.1385,38.6502435135243,362.53,1039.65,51841.74,11.23
TPD,2017-05-15,2017,135,17.97,4.88,0,0.5952962160827,231.7455,55.0384914257766,514.99,864.78,51968.36,11.425
TPD,2017-05-16,2017,136,23.51,6.4,4.59,0.96469137806691,184.176,43.8455582754048,409.28,961.21,52092.64,14.955
TPD,2017-05-17,2017,137,28.69,13.64,0,1.18289642746889,226.953,54.1555953742971,504.34,1560.46,52214.51,21.165
TPD,2017-05-18,2017,138,28.77,16.47,0,1.03486772759775,206.667,49.4277132533229,459.26,1873.18,52333.91,22.62
TPD,2017-05-19,2017,139,17.78,8.5,0,0.46070647186749,191.8215,45.9796171754263,426.27,1109.15,52450.77,13.14
TPD,2017-05-20,2017,140,17.43,9.28,0.54,0.408440366827513,174.7665,41.9827908618122,388.37,1169.2,52565.03,13.355
TPD,2017-05-21,2017,141,19.48,10.87,9.8,0.478784517343583,134.2395,32.3157639063393,298.31,1300.52,52676.62,15.175
TPD,2017-05-22,2017,142,17.96,10.56,0,0.389117035639165,161.631,38.9901885247116,359.18,1274.52,52785.48,14.26
TPD,2017-05-23,2017,143,22.23,9.36,0,0.74961693113497,226.4175,54.7283664261113,503.15,1175.53,52891.55,15.795
TPD,2017-05-24,2017,144,21.07,11.85,7.41,0.551023418557616,142.362,34.4780909056584,316.36,1388.42,52994.76,16.46
TPD,2017-05-25,2017,145,14.7,12.09,25.02,0.1288031123589,50.3595,12.2194518804999,111.91,1410.1,53095.06,13.395
TPD,2017-05-26,2017,146,15.9,10.85,0,0.251102357223614,125.118,30.4148258799462,278.04,1299.19,53192.37,13.375
TPD,2017-05-27,2017,147,20.79,9.8,0,0.61884913846371,219.2535,53.3925901973218,487.23,1211.03,53286.63,15.295
TPD,2017-05-28,2017,148,23.89,10.7,5.17,0.835282532438358,174.078,42.463986054588,386.84,1286.26,53377.8,17.295
TPD,2017-05-29,2017,149,24.53,14.66,3.27,0.701973151739059,148.6845,36.329378332257,330.41,1667.69,53465.8,19.595
TPD,2017-05-30,2017,150,22.75,12.96,0,0.633761569368409,199.71,48.874259536326,443.8,1492.62,53550.58,17.855
TPD,2017-05-31,2017,151,21.8,11.52,0,0.623076016384825,207.9855,50.9769560350188,462.19,1358.41,53632.08,16.66
TPD,2017-06-01,2017,152,18.71,9.95,0,0.46476360987049,190.4445,46.7457151969913,423.21,1222.94,53710.25,14.33
TPD,2017-06-02,2017,153,19.93,9.04,0,0.585490827791702,215.1495,52.8832377981036,478.11,1150.92,53785.04,14.485
TPD,2017-06-03,2017,154,22.33,11.1,4.18,0.684852460277984,159.9075,39.3570186177645,355.35,1320.82,53856.38,16.715
TPD,2017-06-04,2017,155,24.97,13.91,5.32,0.783128313532932,153.549,37.8396529766739,341.22,1588.04,53924.23,19.44
TPD,2017-06-05,2017,156,18.59,12.77,0,0.330316866206675,129.8115,32.0280834561597,288.47,1474.71,53988.54,15.68
TPD,2017-06-06,2017,157,17.56,11.28,7.19,0.332221766626757,104.8275,25.8929290281105,232.95,1337.03,54049.26,14.42
TPD,2017-06-07,2017,158,20.7,9.59,0,0.620632165448833,210.186,51.9718651801272,467.08,1194.02,54106.36,15.145
TPD,2017-06-08,2017,159,22.28,9.11,0,0.763045637751312,227.6865,56.3547299227929,505.97,1156.38,54159.78,15.695
TPD,2017-06-09,2017,160,24.42,11.02,0,0.869401798623373,225.333,55.8233943387588,500.74,1313.74,54209.48,17.72
TPD,2017-06-10,2017,161,27.47,13.77,0,1.04117219206506,220.8105,54.7493807119284,490.69,1574.01,54255.44,20.62
TPD,2017-06-11,2017,162,28.65,18.88,0,0.868293448458393,176.328,43.7540436206856,391.84,2179.41,54297.61,23.765
TPD,2017-06-12,2017,163,30,20.12,0,0.939011581044119,175.3875,43.551406203165,389.75,2354.73,54335.96,25.06
TPD,2017-06-13,2017,164,28.94,18.36,0,0.936357595776346,185.9085,46.1932431294987,413.13,2109.73,54370.46,23.65
TPD,2017-06-14,2017,165,26.43,16.49,0,0.781682534395291,183.8205,45.7001625290567,408.49,1875.19,54401.09,21.46
TPD,2017-06-15,2017,166,25.4,15.85,1.63,0.717096143608408,182.9745,45.5121790362616,406.61,1800.53,54427.81,20.625
TPD,2017-06-16,2017,167,29.2,18.2,0,0.97696752165094,194.8455,48.4852243359897,432.99,2088.8,54450.62,23.7
TPD,2017-06-17,2017,168,29.82,18.93,0,1.00195582199458,192.5865,47.9397041519945,427.97,2186.2,54469.49,24.375
TPD,2017-06-18,2017,169,27.35,19.74,8.08,0.66535361428046,113.8635,28.351295070858,253.03,2299.14,54484.4,23.545
TPD,2017-06-19,2017,170,25.07,15.07,9.39,0.730489183019338,143.6355,35.7715234813073,319.19,1711.82,54495.35,20.07
TPD,2017-06-20,2017,171,23.68,13.68,2.6,0.676800464577022,145.0755,36.1347741859316,322.39,1565.22,54502.33,18.68
TPD,2017-06-21,2017,172,22.15,12.89,0,0.587213670690991,185.103,46.1071789931772,411.34,1486.32,54505.32,17.52
TPD,2017-06-22,2017,173,27.51,13.27,9.52,1.07098761722874,170.244,42.4051984454472,378.32,1523.32,54504.34,20.39
TPD,2017-06-23,2017,174,24.18,18.87,14.12,0.414591620185571,84.8205,21.1255736257985,188.49,2178.18,54499.37,21.525
TPD,2017-06-24,2017,175,22.92,14.79,7.04,0.552726178426174,124.0425,30.8892146074245,275.65,1681.97,54490.42,18.855
TPD,2017-06-25,2017,176,21.02,13.27,1.46,0.480138140494315,160.875,40.0517972551125,357.5,1523.12,54477.51,17.145
TPD,2017-06-26,2017,177,20.45,12.3,4.22,0.483373004697514,126.9585,31.5980763149174,282.13,1430.24,54460.63,16.375
TPD,2017-06-27,2017,178,19.52,10.49,0,0.498095880735904,185.9625,46.2655976737613,413.25,1267.8,54439.81,15.005
TPD,2017-06-28,2017,179,22.59,12.67,0,0.633697349024503,193.8285,48.2006558194497,430.73,1465.33,54415.06,17.63
TPD,2017-06-29,2017,180,26.68,17.44,13.67,0.749663765426674,133.038,33.0660364463874,295.64,1990.83,54386.39,22.06
TPD,2017-06-30,2017,181,25.9,18.64,5.19,0.592572463759728,111.0735,27.5903295998868,246.83,2147.18,54353.84,22.27
TPD,2017-07-01,2017,182,24.2,17.55,6.68,0.50227988316805,105.2955,26.137570944082,233.99,2005.83,54317.43,20.875
TPD,2017-07-02,2017,183,25.44,15.92,0,0.717828021970436,185.7555,46.0760411223693,412.79,1807.68,54277.18,20.68
TPD,2017-07-03,2017,184,23.72,15.38,0,0.590124571025787,172.287,42.7005411361767,382.86,1746.07,54233.13,19.55
TPD,2017-07-04,2017,185,25.47,13.64,0,0.84433327009793,213.264,52.8098960999088,473.92,1560.72,54185.31,19.555
TPD,2017-07-05,2017,186,28.12,14.17,0,1.09091625919647,223.857,55.3802704833024,497.46,1615.69,54133.76,21.145
TPD,2017-07-06,2017,187,27.51,16.17,0,0.91371509039033,200.277,49.4962247376828,445.06,1837.01,54078.52,21.84
TPD,2017-07-07,2017,188,26.2,18.29,4.06,0.645906829918785,117.54,29.017060236036,261.2,2100.46,54019.62,22.245
TPD,2017-07-08,2017,189,23.47,15.88,0,0.538929818588066,157.8915,38.9335164833921,350.87,1803.74,53957.11,19.675
TPD,2017-07-09,2017,190,24.98,14.32,0,0.761775949086979,200.5155,49.3833689582184,445.59,1631.68,53891.04,19.65
TPD,2017-07-10,2017,191,23.02,16.62,0.69,0.457108217321938,140.1435,34.4702595478028,311.43,1890.35,53821.45,19.82
TPD,2017-07-11,2017,192,26.91,17.86,0,0.745624670177753,178.1955,43.770194165754,395.99,2045.33,53748.4,22.385
TPD,2017-07-12,2017,193,26.24,20.41,0,0.501110641939942,125.172,30.7022782963572,278.16,2397.15,53671.93,23.325
TPD,2017-07-13,2017,194,25.16,19.58,6.15,0.456178454767418,92.6145,22.6827633427065,205.81,2276.56,53592.1,22.37
TPD,2017-07-14,2017,195,25.32,18.46,0,0.547858235736551,149.157,36.4742550929853,331.46,2123.45,53508.97,21.89
TPD,2017-07-15,2017,196,24.49,16.46,0,0.596714524652257,171.6705,41.9118402608973,381.49,1871.02,53422.58,20.475
TPD,2017-07-16,2017,197,25.22,16.67,2.29,0.652459460084796,134.415,32.7612173839155,298.7,1896.12,53333.01,20.945
TPD,2017-07-17,2017,198,24.09,16.49,0,0.558631052748015,166.9095,40.6104451675245,370.91,1874.56,53240.3,20.29
TPD,2017-07-18,2017,199,26.38,14.23,0,0.903310690739115,217.9935,52.9441708749305,484.43,1622.15,53144.51,20.305
TPD,2017-07-19,2017,200,29.42,17.95,0,1.01880998212046,204.633,49.6069150308732,454.74,2056.57,53045.72,23.685
TPD,2017-07-20,2017,201,28.76,18.09,0,0.932453304930801,197.433,47.7696928085757,438.74,2075.26,52943.97,23.425
TPD,2017-07-21,2017,202,28.85,19.67,0,0.834908418000465,178.587,43.1244276400647,396.86,2290.51,52839.33,24.26
TPD,2017-07-22,2017,203,25.28,19.4,0.89,0.479153541748991,132.2325,31.8660021889718,293.85,2252.38,52731.87,22.34
TPD,2017-07-23,2017,204,26.86,19.25,0,0.648389833074186,160.6365,38.6300165986283,356.97,2230.17,52621.65,23.055
TPD,2017-07-24,2017,205,21.29,16.97,0,0.295686840975611,104.337,25.0372173643857,231.86,1932.59,52508.73,19.13
TPD,2017-07-25,2017,206,23.49,14.25,0,0.630737469485636,192.141,46.0056236717529,426.98,1624.08,52393.17,18.87
TPD,2017-07-26,2017,207,24.39,12.99,0,0.775258589946326,213.8985,51.0997053556822,475.33,1496.03,52275.05,18.69
TPD,2017-07-27,2017,208,26.64,18.71,0,0.662140131903733,165.5595,39.4603872537452,367.91,2156.82,52154.41,22.675
TPD,2017-07-28,2017,209,23.42,16.46,0,0.50120320410079,155.4885,36.9725567938263,345.53,1871.04,52031.34,19.94
TPD,2017-07-29,2017,210,26.42,14.49,0,0.894071548548995,214.281,50.8295782889613,476.18,1649.17,51905.89,20.455
TPD,2017-07-30,2017,211,27.99,15.49,0,1.0049516431008,214.2315,50.6927545089242,476.07,1758.9,51778.13,21.74
TPD,2017-07-31,2017,212,28.2,15.79,0,1.02623535977028,211.6035,49.9451779291194,470.23,1777.86,51648.12,21.995
TPD,2017-08-01,2017,213,28.6,16.97,0,1.02364411509586,203.274,47.8563506375274,451.72,1895.19,51515.93,22.785
TPD,2017-08-02,2017,214,28.31,17.3,0,0.946807403539227,196.173,46.0641585238821,435.94,1959.74,51381.61,22.805
TPD,2017-08-03,2017,215,28.8,17.65,17.84,0.966469320640273,147.1005,34.4495692271606,326.89,2017.54,51245.23,23.225
TPD,2017-08-04,2017,216,24.94,17.16,17.76,0.59578883591043,120.771,28.2070755120042,268.38,1956.16,51106.86,21.05
TPD,2017-08-05,2017,217,21.62,13.49,0,0.514994722669347,172.944,40.2816128324832,384.32,1545.79,50966.54,17.555
TPD,2017-08-06,2017,218,24.01,12.44,0,0.796682586538799,210.501,48.8924946020295,467.78,1413.83,50824.35,18.225
TPD,2017-08-07,2017,219,23.55,14.46,7.13,0.625013967758176,136.089,31.5194643507555,302.42,1646.12,50680.35,19.005
TPD,2017-08-08,2017,220,24.22,12.01,0,0.824756005624507,213.858,49.3890146380548,475.24,1384.57,50534.58,18.115
TPD,2017-08-09,2017,221,26.54,15.53,0,0.848450137225838,196.2855,45.1984929654132,436.19,1763.98,50387.12,21.035
TPD,2017-08-10,2017,222,27.23,15.23,0,0.957645169887208,203.6115,46.7466971391356,452.47,1709.71,50238.01,21.23
TPD,2017-08-11,2017,223,23.77,18.21,22.83,0.422246054913708,87.552,20.0405698357248,194.56,2089.88,50087.32,20.99
TPD,2017-08-12,2017,224,24.11,16.56,0,0.555494766810107,151.326,34.533108767682,336.28,1883.67,49935.1,20.335
TPD,2017-08-13,2017,225,24.8,13.95,0,0.764641498295136,193.365,43.99073047827,429.7,1592.66,49781.4,19.375
TPD,2017-08-14,2017,226,26.35,15.17,0,0.849465332737692,192.5595,43.6709733029262,427.91,1723.56,49626.28,20.76
TPD,2017-08-15,2017,227,26.37,16.16,0,0.794786080121908,180.738,40.8606940359414,401.64,1836.54,49469.79,21.265
TPD,2017-08-16,2017,228,26.29,13.65,0,0.924541480249241,203.4315,45.8444579713209,452.07,1561.93,49311.98,19.97
TPD,2017-08-17,2017,229,25.26,16.45,16.28,0.668538749404438,122.157,27.4399801627959,271.46,1870.71,49152.91,20.855
TPD,2017-08-18,2017,230,25.32,19.39,0,0.484984204104161,117.0765,26.2129867023191,260.17,2249.68,48992.61,22.355
TPD,2017-08-19,2017,231,23.85,16.21,0,0.553368808574887,149.4765,33.3569299258958,332.17,1841.85,48831.15,20.03
TPD,2017-08-20,2017,232,26.99,15.56,0,0.893849606380621,191.178,42.5209246308522,424.84,1766.75,48668.57,21.275
TPD,2017-08-21,2017,233,28.94,17.94,0,0.963350324291506,180.7785,40.072707067028,401.73,2055.32,48504.91,23.44
TPD,2017-08-22,2017,234,26.09,18.13,0.73,0.645384602240777,146.7945,32.4290784012903,326.21,2079.5,48340.22,22.11
TPD,2017-08-23,2017,235,22.14,13.62,0,0.550286848676188,159.426,35.098860443931,354.28,1558.62,48174.55,17.88
TPD,2017-08-24,2017,236,20.97,11.65,0.59,0.552603179211992,171.324,37.5878414388924,380.72,1370.12,48007.93,16.31
TPD,2017-08-25,2017,237,21.48,10.07,0,0.660506127498615,193.6935,42.3473492481039,430.43,1233.4,47840.42,15.775
TPD,2017-08-26,2017,238,22.24,9.34,0,0.751182303764953,203.589,44.3541577926465,452.42,1173.99,47672.05,15.79
TPD,2017-08-27,2017,239,24.17,11.13,0,0.842046276046855,199.557,43.3214531446563,443.46,1323.19,47502.87,17.65
TPD,2017-08-28,2017,240,23.67,14.89,0,0.612281318303542,155.1015,33.5502153173295,344.67,1692.48,47332.9,19.28
TPD,2017-08-29,2017,241,23.63,15.31,0,0.585523319879227,149.247,32.167393065738,331.66,1738.85,47162.2,19.47
TPD,2017-08-30,2017,242,24.08,14.23,0,0.684249756772336,168.858,36.2619180710586,375.24,1621.7,46990.81,19.155
TPD,2017-08-31,2017,243,21.45,11.59,0,0.592342693828019,172.485,36.9051816684375,383.3,1364.69,46818.75,16.52
TPD,2017-09-01,2017,244,17.87,7.5,0,0.502612648455123,181.962,38.7892933896204,404.36,1036.6,46646.06,12.685
TPD,2017-09-02,2017,245,19.94,8.74,12.57,0.597780706645717,140.445,29.827794013047,312.1,1127.83,46472.78,14.34
TPD,2017-09-03,2017,246,20.9,13.67,0,0.450290186609332,134.7975,28.5212909966963,299.55,1563.91,46298.95,17.285
TPD,2017-09-04,2017,247,25.58,14.9,17.71,0.78789200988259,128.637,27.115318877814,285.86,1694.01,46124.6,20.24
TPD,2017-09-05,2017,248,20.86,13.13,5.03,0.474630966217002,106.2675,22.315155172056,236.15,1509.55,45949.76,16.995
TPD,2017-09-06,2017,249,19.14,10.02,0,0.491203315531232,162.1395,33.9178530310421,360.31,1228.66,45774.47,14.58
TPD,2017-09-07,2017,250,18.57,8.65,3.78,0.506473382924482,129.0915,26.9008984328063,286.87,1120.68,45598.75,13.61
TPD,2017-09-08,2017,251,17.48,9.3,2.65,0.410327690550253,113.3595,23.5313362395248,251.91,1171.24,45422.65,13.39
TPD,2017-09-09,2017,252,17.55,7.12,0,0.496211822778932,178.083,36.8231199113358,395.74,1009.34,45246.18,12.335
TPD,2017-09-10,2017,253,19.39,7.25,0,0.61390935394005,188.6085,38.8471481002345,419.13,1018.44,45069.39,13.32
TPD,2017-09-11,2017,254,22.29,8.01,0,0.805650062619156,196.8975,40.3950600913725,437.55,1073.17,44892.3,15.15
TPD,2017-09-12,2017,255,24.86,7.47,0,1.05054562741343,205.524,41.9982695115192,456.72,1033.85,44714.94,16.165
TPD,2017-09-13,2017,256,25.31,12.37,0,0.891162951714753,180.126,36.6620613751188,400.28,1436.44,44537.34,18.84
TPD,2017-09-14,2017,257,23.21,15.08,0,0.562255061485529,133.245,27.0118330770645,296.1,1712.95,44359.53,19.145
TPD,2017-09-15,2017,258,25.1,12.15,0,0.881670484863184,178.596,36.0602455106916,396.88,1415.63,44181.53,18.625
TPD,2017-09-16,2017,259,25.66,14.15,0,0.836197969471378,164.4525,33.0706564474657,365.45,1613.52,44003.39,19.905
TPD,2017-09-17,2017,260,26.81,14.84,0,0.914621945969427,163.9755,32.8411440580392,364.39,1687.39,43825.12,20.825
TPD,2017-09-18,2017,261,26.61,16.15,0,0.81997006560189,148.5495,29.6305222033013,330.11,1835.21,43646.75,21.38
TPD,2017-09-19,2017,262,26.09,18.32,0,0.633128842011066,117.882,23.4172801297494,261.96,2104.21,43468.31,22.205
TPD,2017-09-20,2017,263,27.58,17.19,0,0.859686550756195,145.251,28.7356623147981,322.78,1959.94,43289.83,22.385
TPD,2017-09-21,2017,264,28.64,16.14,0,1.04039078337332,159.957,31.5145399985766,355.46,1833.39,43111.34,22.39
TPD,2017-09-22,2017,265,28.76,16.35,0,1.04092206558539,156.9735,30.7986983373897,348.83,1858.87,42932.86,22.555
TPD,2017-09-23,2017,266,29.83,15.54,0,1.21463162200788,166.05,32.44412748537,369,1764.1,42754.42,22.685
TPD,2017-09-24,2017,267,30.8,16.46,0,1.28055441557683,162.8505,31.6862368094993,361.89,1871.42,42576.05,23.63
TPD,2017-09-25,2017,268,30.43,17.78,0,1.15270840411126,150.7095,29.2011493878387,334.91,2034.23,42397.78,24.105
TPD,2017-09-26,2017,269,30.47,18.61,0,1.10277723990302,143.3475,27.6579983402122,318.55,2143.46,42219.63,24.54
TPD,2017-09-27,2017,270,27.64,15.92,0,0.942403704907496,145.323,27.9209508312204,322.94,1807.8,42041.64,21.78
TPD,2017-09-28,2017,271,17.72,10.01,0,0.397497354027971,114.2235,21.8529776600429,253.83,1227.8,41863.83,13.865
TPD,2017-09-29,2017,272,19.24,7.39,7.77,0.598514248082747,115.515,22.0063088031165,256.7,1028.29,41686.23,13.315
TPD,2017-09-30,2017,273,15.17,5.7,0,0.402275056713428,134.253,25.4671947811827,298.34,915.55,41508.87,10.435
TPD,2017-10-01,2017,274,18.27,4.3,0,0.632148213430429,166.194,31.3917512780466,369.32,830.32,41331.77,11.285
TPD,2017-10-02,2017,275,21.75,7.69,0,0.773843184581451,161.5005,30.3747328030293,358.89,1049.94,41154.98,14.72
TPD,2017-10-03,2017,276,25.73,9.19,0,1.0691728127106,166.6125,31.2018212280038,370.25,1162.4,40978.51,17.46
TPD,2017-10-04,2017,277,24.22,14.35,3.65,0.69068144542607,91.2465,17.014458195612,202.77,1634.2,40802.4,19.285
TPD,2017-10-05,2017,278,21.35,11.62,7.45,0.583653889733647,91.3815,16.9662481999794,203.07,1366.94,40626.68,16.485
TPD,2017-10-06,2017,279,20.12,13.74,10.2,0.388786684739176,63.5715,11.7520088149895,141.27,1571.05,40451.39,16.93
TPD,2017-10-07,2017,280,25.73,17.65,14.22,0.640661354284692,73.953,13.6120692991734,164.34,2017.76,40276.54,21.69
TPD,2017-10-08,2017,281,23.66,16.42,58.67,0.524011739905313,68.103,12.4810330662549,151.34,1866.81,40102.19,20.04
TPD,2017-10-09,2017,282,21.21,15,13.13,0.403598218531069,60.57,11.052365696964,134.6,1704.44,39928.36,18.105
TPD,2017-10-10,2017,283,22.2,13,0,0.586099620935226,113.112,20.5502691029472,251.36,1496.85,39755.08,17.6
TPD,2017-10-11,2017,284,15.46,10.58,28.7,0.23773249988572,51.3315,9.28543317694245,114.07,1275.98,39582.39,13.02
TPD,2017-10-12,2017,285,17.14,10.96,5,0.320735640596485,64.404,11.5994928792096,143.12,1308.27,39410.32,14.05
TPD,2017-10-13,2017,286,20.24,13.36,0,0.416553734048071,92.4975,16.586824152339,205.55,1532.88,39238.92,16.8
TPD,2017-10-14,2017,287,20.59,13.32,8.77,0.444698294604482,71.9685,12.8493797542295,159.93,1528.6,39068.21,16.955
TPD,2017-10-15,2017,288,22.42,9.51,4.29,0.759039133697067,105.687,18.7874498192175,234.86,1187.61,38898.25,15.965
TPD,2017-10-16,2017,289,12.32,3.94,0,0.309795265714091,112.8645,19.9760914851309,250.81,809.78,38729.06,8.13
TPD,2017-10-17,2017,290,18.12,3.81,0,0.636648149122275,148.8645,26.2332457097202,330.81,801.98,38560.68,10.965
TPD,2017-10-18,2017,291,19.3,9.27,0,0.532288005073004,120.2445,21.0977081172234,267.21,1168.53,38393.16,14.285
TPD,2017-10-19,2017,292,19.73,8.59,0,0.588704145645642,126.459,22.0917913999002,281.02,1116.19,38226.54,14.16
TPD,2017-10-20,2017,293,20.06,6.35,0,0.69187472903543,139.14,24.201751436028,309.2,957.67,38060.86,13.205
TPD,2017-10-21,2017,294,21.81,8.27,0,0.757556858142712,135.162,23.4080981319978,300.36,1092.09,37896.17,15.04
TPD,2017-10-22,2017,295,23.22,10.32,0,0.793400432625421,129.0555,22.2540110076375,286.79,1253.54,37732.5,16.77
TPD,2017-10-23,2017,296,19.79,13.93,13.92,0.354863265746002,54.3645,9.33408503093115,120.81,1590.93,37569.91,16.86
TPD,2017-10-24,2017,297,15.18,8.16,13.01,0.318087995117006,67.0185,11.4572529401598,148.93,1084.33,37408.44,11.67
TPD,2017-10-25,2017,298,10.51,4.38,3.32,0.216326528410345,61.6365,10.4920115636727,136.97,835.24,37248.14,7.445
TPD,2017-10-26,2017,299,11.92,1.51,0,0.355857369375447,121.2795,20.5565119208739,269.51,681.09,37089.06,6.715
TPD,2017-10-27,2017,300,17.84,4.2,4.37,0.607028044316791,100.062,16.8880407775416,222.36,824.62,36931.24,11.02
TPD,2017-10-28,2017,301,10.29,3.74,7.58,0.225515849620107,63.441,10.6619301011538,140.98,798.49,36774.74,7.015
TPD,2017-10-29,2017,302,8.61,3.88,0,0.155225350835645,64.215,10.746487065231,142.7,806.01,36619.62,6.245
TPD,2017-10-30,2017,303,7.88,3.15,5.54,0.148657654222295,48.402,8.0661549994974,107.56,765.4,36465.91,5.515
TPD,2017-10-31,2017,304,6.57,3.28,0,0.099345886219925,47.2095,7.83458043166305,104.91,772.71,36313.67,4.925
TPD,2017-11-01,2017,305,10.34,2.35,18.91,0.265500879137113,75.942,12.5505373835718,168.76,723.23,36162.97,6.345
TPD,2017-11-02,2017,306,16.4,7.19,15.98,0.423375127847343,80.9865,13.3290286811073,179.97,1014.25,36013.86,11.795
TPD,2017-11-03,2017,307,13.05,3.5,0,0.357398174961294,111.4155,18.2620429202673,247.59,784.86,35866.38,8.275
TPD,2017-11-04,2017,308,12.67,1.43,23.14,0.39275497063522,90.099,14.708043851058,200.22,677.42,35720.6,7.05
TPD,2017-11-05,2017,309,17.02,7.53,33.09,0.448244377339412,78.8895,12.8262506433988,175.31,1038.66,35576.59,12.275
TPD,2017-11-06,2017,310,10.97,4.05,0,0.245622312462575,86.5935,14.0225285193021,192.43,816.11,35434.38,7.51
TPD,2017-11-07,2017,311,7.74,1.49,0,0.186297529406078,80.307,12.9530255492394,178.46,680.08,35294.06,4.615
TPD,2017-11-08,2017,312,8.52,-1.51,0,0.281778287788904,109.6785,17.6211026650742,243.73,546.72,35155.67,3.505
TPD,2017-11-09,2017,313,8.78,-2.7,0,0.314579573308133,115.704,18.5170494331584,257.12,500.76,35019.28,3.04
TPD,2017-11-10,2017,314,-2.43,-8.42,0,0.0942415193586238,76.4145,12.1823221738117,169.81,323.7,34884.95,-5.425
TPD,2017-11-11,2017,315,2.2,-8.16,0,0.192929626499703,108.936,17.3012178948048,242.08,330.46,34752.74,-2.98
TPD,2017-11-12,2017,316,5.53,-1.57,7.13,0.180271254161303,62.2125,9.84362163064875,138.25,544.25,34622.71,1.98
TPD,2017-11-13,2017,317,5.48,1.48,0,0.11070919111875,49.8465,7.8578957620647,110.77,679.71,34494.94,3.48
TPD,2017-11-14,2017,318,7.93,1.48,0,0.19328363666298,76.1625,11.9627279480588,169.25,679.7,34369.47,4.705
TPD,2017-11-15,2017,319,8.71,0.93,9.05,0.235594851561868,65.2275,10.2084952650233,144.95,653.18,34246.39,4.82
TPD,2017-11-16,2017,320,7.52,1.99,0,0.165990637596469,67.2885,10.4939532418743,149.53,704.93,34125.74,4.755
TPD,2017-11-17,2017,321,6.77,-0.48,6.47,0.197942008143839,62.8335,9.765251563122,139.63,589.56,34007.6,3.145
TPD,2017-11-18,2017,322,10.04,2.52,25.79,0.248755815541653,63.432,9.8247624597648,140.96,731.93,33892.02,6.28
TPD,2017-11-19,2017,323,4.28,-0.03,0,0.109948330939666,55.5165,8.5701040673274,123.37,609.27,33779.08,2.125
TPD,2017-11-20,2017,324,6.98,-1.84,0,0.232897281272761,95.877,14.7522678931476,213.06,533.79,33668.84,2.57
TPD,2017-11-21,2017,325,10.47,2.12,2.03,0.276606765199003,68.508,10.5074429445216,152.24,711.71,33561.36,6.295
TPD,2017-11-22,2017,326,2.48,-1.07,0,0.0829006454962673,46.944,7.1776044996768,104.32,564.66,33456.71,0.705
TPD,2017-11-23,2017,327,3.82,-2.09,0,0.139415532721568,72.7965,11.0965216059747,161.77,524,33354.94,0.865
TPD,2017-11-24,2017,328,10.24,0.63,0.99,0.303564760825735,96.183,14.6179417876803,213.74,639.07,33256.13,5.435
TPD,2017-11-25,2017,329,10.25,1.71,0,0.278128862478353,89.8425,13.614971646672,199.65,690.71,33160.32,5.98
TPD,2017-11-26,2017,330,4.99,0.15,0,0.126695377674117,60.8715,9.19883328741045,135.27,617.59,33067.59,2.57
TPD,2017-11-27,2017,331,7.11,0.11,0,0.19651119195888,80.217,12.0894570869031,178.26,615.52,32977.99,3.61
TPD,2017-11-28,2017,332,15.68,2.41,0,0.525556001227797,102.717,15.4398613066371,228.26,726.57,32891.59,9.045
TPD,2017-11-29,2017,333,10.44,-0.53,0,0.337488265170369,97.497,14.6181663936747,216.66,587.73,32808.43,4.955
TPD,2017-11-30,2017,334,10.05,-1.75,5.81,0.34678877230397,74.124,11.0866978161144,164.72,537.09,32728.58,4.15
TPD,2017-12-01,2017,335,7.94,0.56,0,0.215558568186636,76.599,11.4301067095287,170.22,636.03,32652.09,4.25
TPD,2017-12-02,2017,336,8.44,-0.02,0,0.247278846859648,83.331,12.4068293823834,185.18,609.65,32579.02,4.21
TPD,2017-12-03,2017,337,8.79,-1.02,0,0.281694603982693,89.955,13.3644347728335,199.9,567.03,32509.41,3.885
TPD,2017-12-04,2017,338,11.86,-0.07,12.02,0.389871859975049,72.027,10.6791499024209,160.06,607.66,32443.31,5.895
TPD,2017-12-05,2017,339,11.47,1.49,0,0.336138087019083,88.425,13.085146054755,196.5,679.94,32380.78,6.48
TPD,2017-12-06,2017,340,3.61,-1.58,0,0.123572399561813,57.2265,8.4529778302953,127.17,543.99,32321.86,1.015
TPD,2017-12-07,2017,341,0.88,-3.4,0,0.0881099718926844,48.708,7.1823996703404,108.24,475.3,32266.59,-1.26
TPD,2017-12-08,2017,342,0,-4.59,0,0.0884634239289193,52.605,7.7446446467985,116.9,434.59,32215.01,-2.295
TPD,2017-12-09,2017,343,0.94,-4.27,0,0.104778958456725,59.3505,8.72475893749845,131.89,445.04,32167.17,-1.665
TPD,2017-12-10,2017,344,-1.1,-4.23,0,0.0589929464572024,37.872,5.5597050866736,84.16,446.51,32123.09,-2.665
TPD,2017-12-11,2017,345,-1.03,-4.84,5.06,0.0704137865438345,34.5555,5.0664751413507,76.79,426.5,32082.82,-2.935
TPD,2017-12-12,2017,346,-1.71,-9.29,0.83,0.11887678361469,88.839,13.0106453723874,197.42,302.35,32046.38,-5.5
TPD,2017-12-13,2017,347,-6.6,-11.29,2.9,0.0583190625451854,46.611,6.8193343394487,103.58,257.89,32013.81,-8.945
TPD,2017-12-14,2017,348,-5.82,-14.14,0,0.0963630270213071,93.8475,13.717876619844,208.55,204.7,31985.12,-9.98
TPD,2017-12-15,2017,349,-2.76,-15.31,3.07,0.157040389166223,82.341,12.0266238466458,182.98,185.85,31960.34,-9.035
TPD,2017-12-16,2017,350,-1.71,-5.82,0,0.0719787429217255,53.406,7.7953250414358,118.68,395.86,31939.49,-3.765
TPD,2017-12-17,2017,351,0.48,-6.37,0,0.126993918474349,81.027,11.8207240686801,180.06,379.36,31922.59,-2.945
TPD,2017-12-18,2017,352,4.93,-2.46,1.9,0.178964154144213,83.8305,12.2247587484653,186.29,509.79,31909.65,1.235
TPD,2017-12-19,2017,353,6.79,2.59,0,0.125376367978565,52.2945,7.6238116038882,116.21,735.66,31900.68,4.69
TPD,2017-12-20,2017,354,2.32,-1.84,0,0.0941853636674836,48.267,7.0355551545792,107.26,533.72,31895.68,0.24
TPD,2017-12-21,2017,355,0.77,-2.57,1.84,0.070400020754792,40.266,5.8691174747454,89.48,505.58,31894.67,-0.9
TPD,2017-12-22,2017,356,0.97,-2.21,0.11,0.0681424215169644,38.4975,5.611865839263,85.55,519.35,31897.64,-0.62
TPD,2017-12-23,2017,357,0.99,-2.62,4.42,0.0764504951457053,32.733,4.7726015562279,72.74,503.75,31904.59,-0.815
TPD,2017-12-24,2017,358,-1.17,-6.92,6.76,0.0990136588882591,55.6425,8.11567455684975,123.65,363.73,31915.51,-4.045
TPD,2017-12-25,2017,359,-2.28,-11.25,3.61,0.129496903770215,74.268,10.837329748704,165.04,258.87,31930.4,-6.765
TPD,2017-12-26,2017,360,-11.54,-15.24,0,0.0339295785583869,52.6005,7.6800952136934,116.89,186.9,31949.24,-13.39
TPD,2017-12-27,2017,361,-11.18,-17.65,0,0.0546663283129556,83.6325,12.2197228293105,185.85,152.75,31972.02,-14.415
TPD,2017-12-28,2017,362,-9.24,-18.58,1.91,0.0821619287848091,103.6845,15.1622147671488,230.41,141.07,31998.72,-13.91
TPD,2017-12-29,2017,363,-8.53,-13.64,2.18,0.0546294534197375,53.964,7.8989285920284,119.92,213.38,32029.33,-11.085
TPD,2017-12-30,2017,364,-8.33,-15.48,0,0.0722426618669247,92.7945,13.597323401187,206.21,183.28,32063.8,-11.905
TPD,2017-12-31,2017,365,-11.03,-19.63,0,0.0681448478838698,102.9375,15.1016244414188,228.75,128.93,32102.13,-15.33
TPD,2018-01-01,2018,1,-10.47,-18.23,0,0.065956333095286,78.4395,11.5227768416769,174.31,145.36,32144.46,-14.35
TPD,2018-01-02,2018,2,-8.52,-14.06,0,0.0583882969713973,60.642,8.9210551535154,134.76,206.14,32190.41,-11.29
TPD,2018-01-03,2018,3,-6.86,-13.39,1.3,0.07477180536476,77.229,11.3787125502183,171.62,217.62,32240.11,-10.125
TPD,2018-01-04,2018,4,-8.2,-16.19,0,0.0791825816551292,89.73,13.242477801672,199.4,172.73,32293.52,-12.195
TPD,2018-01-05,2018,5,-14.19,-18.55,0,0.0320999192486479,55.9215,8.26756249161555,124.27,141.51,32350.61,-16.37
TPD,2018-01-06,2018,6,-13.77,-20.62,0,0.0472377720453607,82.1565,12.1689987949206,182.57,118.36,32411.32,-17.195
TPD,2018-01-07,2018,7,-1.07,-21.95,8.6,0.230368325375346,92.1735,13.6798036418489,204.83,105.29,32475.63,-11.51
TPD,2018-01-08,2018,8,1.39,-5.33,6.99,0.132482964385503,60.102,8.9385892871058,133.56,410.94,32543.47,-1.97
TPD,2018-01-09,2018,9,0.41,-5.49,0,0.112160314869194,72.8865,10.863706294314,161.97,405.78,32614.8,-2.54
TPD,2018-01-10,2018,10,8,-9.51,1.95,0.387452934399472,121.617,18.1685315344302,270.26,297.24,32689.58,-0.755
TPD,2018-01-11,2018,11,12.72,2.91,20.46,0.357560673478576,74.9835,11.2286720335653,166.63,752.67,32767.74,7.815
TPD,2018-01-12,2018,12,10.77,-6.41,8.85,0.456619706616205,92.2095,13.8425848207146,204.91,378.2,32849.24,2.18
TPD,2018-01-13,2018,13,-8.41,-12.93,0,0.0499421430426224,61.2045,9.21179294075565,136.01,225.93,32934.01,-10.67
TPD,2018-01-14,2018,14,-7.45,-14.17,0,0.0732895153238474,85.869,12.95853715926,190.82,204.24,33022,-10.81
TPD,2018-01-15,2018,15,-4.73,-11.72,2.16,0.0911285184143504,66.573,10.0743017711076,147.94,249.24,33113.16,-8.225
TPD,2018-01-16,2018,16,-4.61,-11.41,0.61,0.0898534482748635,87.678,13.3058299803732,194.84,255.61,33207.42,-8.01
TPD,2018-01-17,2018,17,-6.56,-14.12,0,0.0852806428580893,95.8095,14.582456547233,212.91,205.06,33304.73,-10.34
TPD,2018-01-18,2018,18,-3.4,-11.51,0,0.111673068662493,100.845,15.3950880268665,224.1,253.4,33405.01,-7.455
TPD,2018-01-19,2018,19,2.11,-5.77,0,0.157316077295352,98.4285,15.0726087134739,218.73,397.18,33508.22,-1.83
TPD,2018-01-20,2018,20,3.95,-1.47,0,0.131006064418821,73.7505,11.3293497041298,163.89,548.33,33614.28,1.24
TPD,2018-01-21,2018,21,4.53,-1.73,1.33,0.152734798775121,83.7,12.89940455826,186,538.2,33723.14,1.4
TPD,2018-01-22,2018,22,10.56,1.08,14.88,0.306441174334343,82.0395,12.685334396486,182.31,660.16,33834.73,5.82
TPD,2018-01-23,2018,23,8.02,-1.49,1.46,0.262967917191458,111.78,17.342313618708,248.4,547.43,33948.98,3.265
TPD,2018-01-24,2018,24,-2.74,-6.76,0,0.0659763526758354,59.5305,9.26775843016455,132.29,368.37,34065.83,-4.75
TPD,2018-01-25,2018,25,-1.39,-10.3,0,0.136978308157043,112.824,17.6260936040496,250.72,279.07,34185.22,-5.845
TPD,2018-01-26,2018,26,7.56,-4.79,0,0.30632473195413,129.384,20.2852635937992,287.52,427.86,34307.09,1.385
TPD,2018-01-27,2018,27,7.52,0.51,1.12,0.201665901520036,95.157,14.9730791004864,211.46,633.73,34431.36,4.015
TPD,2018-01-28,2018,28,5.29,-2.64,0,0.193343042806996,105.7185,16.6961193854391,234.93,503.03,34557.98,1.325
TPD,2018-01-29,2018,29,-0.62,-4.71,6.22,0.0771003851124674,47.322,7.5014380865952,105.16,430.53,34686.88,-2.665
TPD,2018-01-30,2018,30,-6,-12.11,0,0.075160498524809,91.5975,14.5748306343443,203.55,241.59,34817.99,-9.055
TPD,2018-01-31,2018,31,3.1,-12.08,0,0.26088331174132,144.3915,23.0632584023853,320.87,242.02,34951.26,-4.49
TPD,2018-02-01,2018,32,3.57,-8.36,0,0.23195455235559,135.027,21.6510195470418,300.06,325.34,35086.62,-2.395
TPD,2018-02-02,2018,33,-7.82,-12.35,0,0.0520189007940504,70.965,11.4235004443005,157.7,236.9,35224.01,-10.085
TPD,2018-02-03,2018,34,0.45,-10.98,5.55,0.183801089480548,102.717,16.6001560926453,228.26,264.46,35363.37,-5.265
TPD,2018-02-04,2018,35,1.88,-8.04,4.51,0.183496040305598,95.9985,15.5763478893613,213.33,333.37,35504.63,-3.08
TPD,2018-02-05,2018,36,-6.69,-13.47,0.81,0.0778875722625394,101.88,16.597288302984,226.4,216.2,35647.74,-10.08
TPD,2018-02-06,2018,37,-5.88,-12.14,3.56,0.0773248074330231,75.222,12.3042404249856,167.16,240.93,35792.64,-9.01
TPD,2018-02-07,2018,38,-5.09,-13.82,6.43,0.104836388808032,96.1785,15.7965894188487,213.73,210.24,35939.26,-9.455
TPD,2018-02-08,2018,39,-6.72,-18.45,0,0.114173180785664,149.481,24.6524288225652,332.18,142.69,36087.56,-12.585
TPD,2018-02-09,2018,40,-3.33,-12.8,9.58,0.125454171459785,103.9185,17.2094479147112,230.93,228.34,36237.47,-8.065
TPD,2018-02-10,2018,41,-2.49,-5.52,5.48,0.052332662988217,41.9895,6.9827470203141,93.31,405,36388.94,-4.005
TPD,2018-02-11,2018,42,2.45,-4.7,7.17,0.149053880092397,90.7155,15.1491735992849,201.59,430.95,36541.91,-1.125
TPD,2018-02-12,2018,43,-3.47,-12.81,0,0.123017355854873,144.909,24.3015621717429,322.02,228.2,36696.33,-8.14
TPD,2018-02-13,2018,44,-0.34,-15.83,0,0.209529354242146,171.909,28.9519304261382,382.02,177.96,36852.14,-8.085
TPD,2018-02-14,2018,45,5.84,-3.73,0,0.230528494656278,144,24.355080144,320,463.5,37009.3,1.055
TPD,2018-02-15,2018,46,9.01,2.73,2.74,0.201815710834965,80.2485,13.6307387694488,178.33,743.29,37167.75,5.87
TPD,2018-02-16,2018,47,3.79,-5.46,0,0.197286235494084,144.378,24.6289233747024,320.84,406.85,37327.44,-0.835
TPD,2018-02-17,2018,48,-0.84,-8.48,0,0.126541504506134,130.761,22.4021926424241,290.58,322.34,37488.33,-4.66
TPD,2018-02-18,2018,49,2.37,-4.01,0,0.135588733481626,114.993,19.7859422629836,255.54,453.84,37650.36,-0.82
TPD,2018-02-19,2018,50,13.55,-1.23,31.44,0.495985904684541,130.0725,22.4775229635743,289.05,558.08,37813.49,6.16
TPD,2018-02-20,2018,51,17.89,7.93,20.48,0.48900965018452,108.054,18.7536309346026,240.12,1066.88,37977.67,12.91
TPD,2018-02-21,2018,52,14.05,1.57,3.49,0.458335047791903,123.75,21.57121768725,275,684.08,38142.86,7.81
TPD,2018-02-22,2018,53,3.5,-1.31,0,0.115188009188689,89.9685,15.7509810394655,199.93,554.77,38309.01,1.095
TPD,2018-02-23,2018,54,9.97,0.16,6.26,0.302833747743863,113.652,19.9840773398112,252.56,617.98,38476.08,5.065
TPD,2018-02-24,2018,55,6.33,1.17,4.23,0.145389165039835,71.685,12.6598016178135,159.3,664.82,38644.03,3.75
TPD,2018-02-25,2018,56,11.49,1.3,0,0.341391264394801,157.8195,27.9931614838232,350.71,670.98,38812.81,6.395
TPD,2018-02-26,2018,57,6.41,-0.37,0,0.18323476170668,123.3765,21.979464538046,274.17,594.6,38982.39,3.02
TPD,2018-02-27,2018,58,11.6,-0.18,0,0.380444722973574,171.1845,30.6296961246905,380.41,602.87,39152.73,5.71
TPD,2018-02-28,2018,59,12.13,1.87,0,0.356825911486561,143.5905,25.8046085927372,319.09,698.7,39323.79,7.0
TPD,2018-03-01,2018,60,4.48,0.07,5.47,0.113326817517475,57.888,10.4484671442432,128.64,613.95,39495.52,2.275
TPD,2018-03-02,2018,61,2.97,-2.6,0,0.125813806727516,99.315,18.004051922445,220.7,504.55,39667.9,0.185
TPD,2018-03-03,2018,62,2.65,-4.76,0,0.155259840141006,127.584,23.2295847016032,283.52,428.98,39840.89,-1.055
TPD,2018-03-04,2018,63,2.53,-5.78,0,0.16814933627742,138.375,25.3040878006875,307.5,396.98,40014.45,-1.625
TPD,2018-03-05,2018,64,1.7,-7.54,0,0.172251635703189,150.1605,27.5787218612619,333.69,346.74,40188.54,-2.92
TPD,2018-03-06,2018,65,1.22,-4.95,0,0.122592861552552,114.876,21.1899752428248,255.28,422.74,40363.14,-1.865
TPD,2018-03-07,2018,66,2.63,-2.73,3.45,0.119394534894433,77.193,14.3007458235021,171.54,499.55,40538.21,-0.05
TPD,2018-03-08,2018,67,-0.37,-5.12,1.26,0.0888685581162783,94.338,17.5526886923352,209.64,417.55,40713.72,-2.745
TPD,2018-03-09,2018,68,0.15,-2.72,0,0.0590456814992256,61.029,11.4042240467892,135.62,499.99,40889.64,-1.285
TPD,2018-03-10,2018,69,0.89,-3.76,0,0.0946321556569724,97.3575,18.2712085994857,216.35,462.7,41065.93,-1.435
TPD,2018-03-11,2018,70,0.37,-6.84,0,0.13129570169789,141.4485,26.6600009940912,314.33,365.83,41242.56,-3.235
TPD,2018-03-12,2018,71,0.19,-6.5,0,0.122148551748298,133.893,25.3442258076051,297.54,375.76,41419.51,-3.155
TPD,2018-03-13,2018,72,1,-4.88,0,0.116163344130296,122.3235,23.2533428320323,271.83,425.06,41596.74,-1.94
TPD,2018-03-14,2018,73,-0.32,-3.88,0,0.069616087925652,80.712,15.4085814600048,179.36,458.34,41774.22,-2.1
TPD,2018-03-15,2018,74,2.03,-4.78,0,0.139575236055265,143.5455,27.5205892089146,318.99,428.4,41951.93,-1.375
TPD,2018-03-16,2018,75,-1.97,-6.27,0,0.0735587547972187,101.781,19.5962388098328,226.18,382.48,42129.84,-4.12
TPD,2018-03-17,2018,76,3.67,-6.92,0,0.215537933474796,186.3315,36.0266642379941,414.07,363.74,42307.91,-1.625
TPD,2018-03-18,2018,77,8.4,-6.09,0,0.356882658217906,202.104,39.2408296199136,449.12,387.72,42486.12,1.155
TPD,2018-03-19,2018,78,2.15,-4.11,0,0.131632778262527,138.24,26.95355640576,307.2,450.47,42664.45,-0.98
TPD,2018-03-20,2018,79,2.25,-5.13,0,0.150801799670181,156.4245,30.6266382515003,347.61,417.16,42842.85,-1.44
TPD,2018-03-21,2018,80,3.19,-3.37,0,0.145774466341673,147.3075,28.961749348263,327.35,476.47,43021.32,-0.09
TPD,2018-03-22,2018,81,3.25,-4.17,0,0.16135211697691,162.333,32.048281819638,360.74,448.67,43199.8,-0.46
TPD,2018-03-23,2018,82,3.15,-5.34,0,0.17780633254625,178.5645,35.3984095777019,396.81,410.53,43378.29,-1.095
TPD,2018-03-24,2018,83,3.73,-5.44,0,0.19523968973447,185.4315,36.9109547126658,412.07,407.52,43556.76,-0.855
TPD,2018-03-25,2018,84,3.7,-6.54,0,0.210947265868218,196.038,39.1820525630856,435.64,374.56,43735.16,-1.42
TPD,2018-03-26,2018,85,8.89,-3.79,0,0.338315370476709,207.621,41.6663475723153,461.38,461.69,43913.49,2.55
TPD,2018-03-27,2018,86,8.3,1.87,5.84,0.197183062649326,110.9475,22.3558179578775,246.55,698.98,44091.7,5.085
TPD,2018-03-28,2018,87,7.24,1.67,0,0.164292635547627,134.0055,27.111034473269,297.79,688.84,44269.77,4.455
TPD,2018-03-29,2018,88,7.31,2.69,17.85,0.140766766857464,87.8805,17.8508054440368,195.29,740.77,44447.68,5.0
TPD,2018-03-30,2018,89,4.52,-1.22,0,0.142369825323892,144.675,29.5047348230025,321.5,558.54,44625.39,1.65
TPD,2018-03-31,2018,90,9.14,-1.99,3.95,0.314818262254646,155.6145,31.8619312962206,345.81,527.91,44802.87,3.575
TPD,2018-04-01,2018,91,3.3,-2.63,0,0.135351552935316,148.005,30.423768231285,328.9,503.37,44980.1,0.335
TPD,2018-04-02,2018,92,4.7,-3.48,0,0.190960676501625,184.455,38.0655575159175,409.9,472.27,45157.05,0.61
TPD,2018-04-03,2018,93,8.87,-0.81,16.94,0.280720809550932,149.4225,30.9566009536943,332.05,575.45,45333.69,4.03
TPD,2018-04-04,2018,94,9.3,-1.5,0,0.31158864416029,209.034,43.4750185380924,464.52,547.1,45509.98,3.9
TPD,2018-04-05,2018,95,2.14,-3.68,0,0.124012368706437,148.4505,30.9941659854437,329.89,465.22,45685.89,-0.77
TPD,2018-04-06,2018,96,5.28,-2.45,8.03,0.189601386835295,135.1125,28.317769222275,300.25,510.03,45861.4,1.415
TPD,2018-04-07,2018,97,0.21,-5.37,0,0.105659862575707,144.495,30.399828181632,321.1,409.62,46036.48,-2.58
TPD,2018-04-08,2018,98,0.51,-4.55,0,0.0994646659640739,133.0065,28.0889292349314,295.57,435.73,46211.08,-2.02
TPD,2018-04-09,2018,99,2.28,-4.45,0,0.140518596055436,166.041,35.1974088547029,368.98,439.21,46385.17,-1.085
TPD,2018-04-10,2018,100,4.3,-3.72,0,0.183190115391505,186.309,39.6415986539949,414.02,464.07,46558.73,0.29
TPD,2018-04-11,2018,101,7.46,-0.9,0,0.2305727834589,189.513,40.4731468272852,421.14,571.85,46731.72,3.28
TPD,2018-04-12,2018,102,18.99,1.23,4.85,0.761835479889646,175.41,37.59943818717,389.8,667.72,46904.1,10.11
TPD,2018-04-13,2018,103,11.41,3.53,0,0.279803370171288,175.635,37.785514773888,390.3,786.64,47075.84,7.47
TPD,2018-04-14,2018,104,4.63,-0.83,8.46,0.137377244772009,102.4515,22.1211570933495,227.67,574.87,47246.9,1.9
TPD,2018-04-15,2018,105,5.09,-1.77,30.13,0.170547641303065,122.877,26.6270510716236,273.06,536.39,47417.24,1.66
TPD,2018-04-16,2018,106,4.34,0.4,0,0.102012518911961,104.1435,22.6482710082219,231.43,628.59,47586.82,2.37
TPD,2018-04-17,2018,107,1.65,-1.8,0,0.0767680033028957,96.534,21.067878643128,214.52,535.08,47755.6,-0.075
TPD,2018-04-18,2018,108,2.67,-0.44,0,0.0744116374884709,88.4925,19.3807976000738,196.65,591.4,47923.55,1.115
TPD,2018-04-19,2018,109,3.58,-0.28,0,0.0954350375690449,109.278,24.0164827436898,242.84,598.42,48090.63,1.65
TPD,2018-04-20,2018,110,8.02,-1.57,0,0.264482811398378,212.769,46.9226889848574,472.82,544.31,48256.78,3.225
TPD,2018-04-21,2018,111,11.33,-2.44,0,0.414734500870338,238.6215,52.8041706326024,530.27,510.48,48421.97,4.445
TPD,2018-04-22,2018,112,15.62,-1.26,0,0.6074182673717,244.5795,54.3061155718373,543.51,556.78,48586.15,7.18
TPD,2018-04-23,2018,113,21.02,2.97,0,0.864711064668096,242.235,53.966133012456,538.3,755.66,48749.28,11.995
TPD,2018-04-24,2018,114,15.99,8.07,9.96,0.367745396803363,134.1675,29.989754534277,298.15,1077.21,48911.32,12.03
TPD,2018-04-25,2018,115,10.39,6.23,1.55,0.154042960069798,110.664,24.8175086068008,245.92,949.69,49072.21,8.31
TPD,2018-04-26,2018,116,11.95,1.74,0,0.35148718944312,215.28,48.43580048424,478.4,692.49,49231.9,6.845
TPD,2018-04-27,2018,117,16.19,1.66,0,0.574372414964357,239.3775,54.030839917113,531.95,688.27,49390.36,8.925
TPD,2018-04-28,2018,118,6.51,1.72,0,0.138169003417724,124.74,28.245148436736,277.2,691.36,49547.52,4.115
TPD,2018-04-29,2018,119,9.7,0.25,0,0.290118261207698,206.1405,46.823622691243,458.09,621.75,49703.33,4.975
TPD,2018-04-30,2018,120,16.72,-1.09,0,0.667859987538461,249.9345,56.9475666274104,555.41,564.16,49857.76,7.815
TPD,2018-05-01,2018,121,24.22,5.16,0,1.08727613326636,245.2365,56.0485656915377,544.97,862.21,50010.73,14.69
TPD,2018-05-02,2018,122,25.86,12.3,8.46,0.948246707539602,164.277,37.659065483358,365.06,1429.51,50162.2,19.08
TPD,2018-05-03,2018,123,20.5,12.29,4.6,0.487849842173433,128.034,29.4383893612518,284.52,1429,50312.11,16.395
TPD,2018-05-04,2018,124,23.64,9.18,0,0.876082168192097,228.951,52.7970332776887,508.78,1161.24,50460.41,16.41
TPD,2018-05-05,2018,125,22.66,7.76,0,0.845500348480448,231.6465,53.5738526695152,514.77,1054.81,50607.04,15.21
TPD,2018-05-06,2018,126,20.68,9.6,1.93,0.618432928062266,203.7825,47.2645724636385,452.85,1195.12,50751.94,15.14
TPD,2018-05-07,2018,127,18.26,7.38,0,0.532697948657966,203.67,47.371691696814,452.6,1027.63,50895.06,12.82
TPD,2018-05-08,2018,128,21.37,5.48,0,0.821628605152806,236.637,55.1922631671888,525.86,898.37,51036.32,13.425
TPD,2018-05-09,2018,129,26.46,7.5,8.91,1.20541810768225,181.1385,42.3633868944071,402.53,1036.15,51175.69,16.98
TPD,2018-05-10,2018,130,21.35,7.86,0,0.736435639402954,217.8045,51.0753241791702,484.01,1062.04,51313.08,14.605
TPD,2018-05-11,2018,131,10.41,3.93,10.39,0.225653576117473,102.105,24.006863355534,226.9,808.74,51448.44,7.17
TPD,2018-05-12,2018,132,13.54,5.57,4.58,0.320446897443768,122.904,28.9719706970016,273.12,907.22,51581.72,9.555
TPD,2018-05-13,2018,133,18.32,6.28,0,0.573956755424821,211.536,49.9918118626368,470.08,952.99,51712.84,12.3
TPD,2018-05-14,2018,134,21.26,7.61,23.17,0.738481178458762,165.366,39.1779755781588,367.48,1044.06,51841.74,14.435
TPD,2018-05-15,2018,135,21.18,11.24,5.35,0.587658240485881,135.3195,32.1377594839614,300.71,1332.84,51968.36,16.21
TPD,2018-05-16,2018,136,23.45,9.11,0,0.861720879658219,220.221,52.4265522596208,489.38,1156.28,52092.64,16.28
TPD,2018-05-17,2018,137,26.11,10.44,0,1.05574045670031,223.38,53.303005004166,496.4,1264.12,52214.51,18.275
TPD,2018-05-18,2018,138,18.77,10.14,7.16,0.461002234104755,117.0855,28.0028670282239,260.19,1238.56,52333.91,14.455
TPD,2018-05-19,2018,139,21.95,11.14,6.73,0.652673980631195,135.4365,32.4641316097499,300.97,1323.95,52450.77,16.545
TPD,2018-05-20,2018,140,18.24,9.58,0,0.448453209274907,155.6415,37.3885415335247,345.87,1193.05,52565.03,13.91
TPD,2018-05-21,2018,141,21.31,6.06,6.22,0.795119391449842,168.867,40.6517165481978,375.26,938.67,52676.62,13.685
TPD,2018-05-22,2018,142,19.9,10.77,0,0.51262181944451,163.107,39.3462434786652,362.46,1292.21,52785.48,15.335
TPD,2018-05-23,2018,143,22.93,10.46,0,0.763681776935661,202.716,48.999372965586,450.48,1264.43,52891.55,16.695
TPD,2018-05-24,2018,144,26.74,9.39,0,1.23960670275625,234.1485,56.7075010777002,520.33,1101.34,52994.76,18.065
TPD,2018-05-25,2018,145,27.62,11.85,0,1.23575749866653,220.5135,53.5063712358267,490.03,1302.75,53095.06,19.735
TPD,2018-05-26,2018,146,26.3,14.3,2.14,0.891893122951859,139.7655,33.975473924804,310.59,1629.16,53192.37,20.3
TPD,2018-05-27,2018,147,27.2,15.68,0,0.913252288536297,180.333,43.9146739644003,400.74,1776.21,53286.63,21.44
TPD,2018-05-28,2018,148,30.62,17.47,0,1.26193214061271,190.305,46.42234438653,422.9,1929.09,53377.8,24.045
TPD,2018-05-29,2018,149,29.07,17.87,0,0.983492424980141,170.4285,41.642279155521,378.73,2045.72,53465.8,23.47
TPD,2018-05-30,2018,150,30.08,18.06,0,1.12326731814877,180.1035,44.0760362645871,400.23,2038.57,53550.58,24.07
TPD,2018-05-31,2018,151,29.23,19.93,0,0.860827079582138,149.5665,36.6585405944724,332.37,2327.24,53632.08,24.58
TPD,2018-06-01,2018,152,26.93,17.38,0,0.77888681847426,158.7015,38.9542103885138,352.67,1983.72,53710.25,22.155
TPD,2018-06-02,2018,153,20.87,13.96,0,0.433089092297009,126.549,31.1054446332072,281.22,1593.68,53785.04,17.415
TPD,2018-06-03,2018,154,24.14,13.93,6.96,0.705309633284689,130.6665,32.1601167751239,290.37,1590.45,53856.38,19.035
TPD,2018-06-04,2018,155,19.57,13.43,0,0.365572576502817,118.2645,29.144361991676,262.81,1539.21,53924.23,16.5
TPD,2018-06-05,2018,156,16.18,10.96,0,0.263094203814388,105.777,26.0981082858006,235.06,1308.21,53988.54,13.57
TPD,2018-06-06,2018,157,16.26,9.53,0,0.327572154167581,135.216,33.3990440625312,300.48,1188.91,54049.26,12.895
TPD,2018-06-07,2018,158,23.28,10.21,0,0.863806865049478,215.865,53.376089164398,479.7,1183.71,54106.36,16.745
TPD,2018-06-08,2018,159,25.49,12.98,0,0.956308779950786,209.061,51.7447287932706,464.58,1417.86,54159.78,19.235
TPD,2018-06-09,2018,160,21.92,13.57,0.6,0.535352658672793,161.6625,40.049835076485,359.25,1553.3,54209.48,17.745
TPD,2018-06-10,2018,161,20.73,14.8,0,0.378350569258531,120.546,29.8890625549968,267.88,1682.26,54255.44,17.765
TPD,2018-06-11,2018,162,24.11,13.21,0,0.770830019290038,193.8645,48.1055520932716,430.81,1485.89,54297.61,18.66
TPD,2018-06-12,2018,163,26.25,11.73,1.49,1.12540565324235,226.1925,56.167066909611,502.65,1264.88,54335.96,18.99
TPD,2018-06-13,2018,164,27.3,16.05,8.47,0.897939367656044,143.8155,35.7342690478941,319.59,1823.38,54370.46,21.675
TPD,2018-06-14,2018,165,24.34,13.15,0,0.779666181389269,196.425,48.8338048518525,436.5,1494.91,54401.09,18.745
TPD,2018-06-15,2018,166,24.52,10.61,0,0.963129712770104,223.929,55.6990003492893,497.62,1211.54,54427.81,17.565
TPD,2018-06-16,2018,167,26.7,14.73,0,0.964957985558837,202.9005,50.4896251665267,450.89,1619.75,54450.62,20.715
TPD,2018-06-17,2018,168,30.21,15.79,0,1.37517071977874,218.0835,54.2865593924366,484.63,1664.07,54469.49,23.0
TPD,2018-06-18,2018,169,30.54,20.9,9.91,0.947348193780922,122.913,30.604563631404,273.14,2470.94,54484.4,25.72
TPD,2018-06-19,2018,170,24.68,17.12,0,0.573685170077745,143.6085,35.7647993000707,319.13,1951.53,54495.35,20.9
TPD,2018-06-20,2018,171,22.34,15.63,0,0.458371067802927,134.6895,33.547874504765,299.31,1774.61,54502.33,18.985
TPD,2018-06-21,2018,172,23.31,13.54,0,0.651922453653258,182.5065,45.4604185935306,405.57,1550.79,54505.32,18.425
TPD,2018-06-22,2018,173,21.33,14.41,19.01,0.444885209944976,106.1145,26.4315125962701,235.81,1640.67,54504.34,17.87
TPD,2018-06-23,2018,174,23.36,17.17,9.02,0.452119836490247,96.4305,24.0171848494475,214.29,1957.97,54499.37,20.265
TPD,2018-06-24,2018,175,21.74,16.19,6.4,0.377419736044062,91.053,22.6741290900282,202.34,1839.46,54490.42,18.965
TPD,2018-06-25,2018,176,22.51,13.05,0,0.608781550385836,189.4995,47.1782163415397,421.11,1502.03,54477.51,17.78
TPD,2018-06-26,2018,177,25.39,11.52,4.44,0.937787598974384,171.9495,42.7956649087054,382.11,1358.43,54460.63,18.455
TPD,2018-06-27,2018,178,22.86,16.58,2.71,0.445719970461418,102.5685,25.5180101095715,227.93,1885.81,54439.81,19.72
TPD,2018-06-28,2018,179,25.91,18.23,0,0.621072577936519,158.742,39.4754564271564,352.76,2092.48,54415.06,22.07
TPD,2018-06-29,2018,180,29.88,17.33,0,1.15582556590185,212.5035,52.816852899058,472.23,1935.22,54386.39,23.605
TPD,2018-06-30,2018,181,31.1,21.19,0,0.995707373628407,179.838,44.6712284620944,399.64,2515.76,54353.84,26.145
TPD,2018-07-01,2018,182,32.04,20.83,0,1.16168529298864,192.663,47.8248627035313,428.14,2446.05,54317.43,26.435
TPD,2018-07-02,2018,183,30.08,21.47,0,0.845978882882526,162.945,40.417971584607,362.1,2559.34,54277.18,25.775
TPD,2018-07-03,2018,184,30.13,18.11,0,1.18059743711557,206.046,51.0675541331886,457.88,1990.61,54233.13,24.12
TPD,2018-07-04,2018,185,31.86,20.78,0,1.1830518794216,189.801,46.9998269265267,421.78,2396.77,54185.31,26.32
TPD,2018-07-05,2018,186,30.63,21.74,0.51,0.892981754300686,162.279,40.1464100464128,360.62,2601.75,54133.76,26.185
TPD,2018-07-06,2018,187,24.7,16.03,0,0.640643060151942,170.568,42.1539770470752,379.04,1821.22,54078.52,20.365
TPD,2018-07-07,2018,188,24.92,11.87,0,0.950149804006236,222.7095,54.9802193009823,494.91,1317.26,54019.62,18.395
TPD,2018-07-08,2018,189,27.42,13.41,0,1.16012575500534,225.8595,55.6933372992257,501.91,1431.52,53957.11,20.415
TPD,2018-07-09,2018,190,28.77,14.51,0,1.26555588562349,223.8975,55.141935916788,497.55,1532.13,53891.04,21.64
TPD,2018-07-10,2018,191,28.62,17.6,0,0.98961864975018,190.7865,46.9266157418423,423.97,1970.69,53821.45,23.11
TPD,2018-07-11,2018,192,26.67,14.8,0,0.955923989451444,203.967,50.100452555796,453.26,1629.48,53748.4,20.735
TPD,2018-07-12,2018,193,28.16,14.09,0,1.21726976085964,221.9895,54.449744414639,493.31,1489.6,53671.93,21.125
TPD,2018-07-13,2018,194,29.7,17.42,0,1.18315481163901,202.212,49.524933364164,449.36,1891.84,53592.1,23.56
TPD,2018-07-14,2018,195,28.64,18.49,1.31,0.935737381946866,179.3835,43.8657222823772,398.63,2084.61,53508.97,23.565
TPD,2018-07-15,2018,196,30.22,19.51,0,1.21741471281191,186.21,45.461531101626,413.8,2059.63,53422.58,24.865
TPD,2018-07-16,2018,197,31.08,20.41,0,1.26905880395009,184.032,44.8544608681824,408.96,2181,53333.01,25.745
TPD,2018-07-17,2018,198,25.8,17.31,0,0.727269233296588,164.538,40.033439839998,365.64,1916.63,53240.3,21.555
TPD,2018-07-18,2018,199,24.69,13.6,0,0.916628456121343,202.338,49.1419131602166,449.64,1412.57,53144.51,19.145
TPD,2018-07-19,2018,200,26.75,12,0,1.26179607451825,230.319,55.8336879339876,511.82,1191.78,53045.72,19.375
TPD,2018-07-20,2018,201,29.34,16.88,13.1,1.09881765821808,151.056,36.5485947987024,335.68,1900.05,52943.97,23.11
TPD,2018-07-21,2018,202,25.47,19.08,11.72,0.520118132592056,93.357,22.5434504818017,207.46,2207.5,52839.33,22.275
TPD,2018-07-22,2018,203,22.24,16.04,13.22,0.426829399675827,94.2705,22.717743061316,209.49,1821.51,52731.87,19.14
TPD,2018-07-23,2018,204,27.46,18.43,9.13,0.766926685415873,122.5305,29.4662498799353,272.29,2119.27,52621.65,22.945
TPD,2018-07-24,2018,205,28.44,19.85,1.74,0.775851887726657,153.774,36.9003619328814,341.72,2315.79,52508.73,24.145
TPD,2018-07-25,2018,206,27.29,19.15,0,0.700507639122564,149.4,35.77185596286,332,2216.26,52393.17,23.22
TPD,2018-07-26,2018,207,27.67,17.39,8.82,0.857109411567003,134.9325,32.2349665514513,299.85,1984.68,52275.05,22.53
TPD,2018-07-27,2018,208,24.51,16.29,4.83,0.608735458834658,116.7435,27.825305822726,259.43,1850.78,52154.41,20.4
TPD,2018-07-28,2018,209,23.1,15.01,0,0.556862988499106,155.376,36.9458061811488,345.28,1705.09,52031.34,19.055
TPD,2018-07-29,2018,210,25.04,14.53,2.4,0.756752161414005,140.031,33.2167419294363,311.18,1653.49,51905.89,19.785
TPD,2018-07-30,2018,211,25.39,16.15,0,0.698780236647532,169.254,40.0499061606414,376.12,1835.26,51778.13,20.77
TPD,2018-07-31,2018,212,25.26,17.5,0,0.60479882404908,147.8925,34.907349013047,328.65,1998.68,51648.12,21.38
TPD,2018-08-01,2018,213,25.09,19.16,0,0.479122435630083,116.6715,27.4677145793672,259.27,2217.66,51515.93,22.125
TPD,2018-08-02,2018,214,26.53,18.16,0,0.68755235773359,156.753,36.8077923113481,348.34,2083.68,51381.61,22.345
TPD,2018-08-03,2018,215,27.5,18.6,0,0.759624613383343,163.1745,38.213950556642,362.61,2142.18,51245.23,23.05
TPD,2018-08-04,2018,216,29.47,17.6,0,1.07636905508409,194.337,45.3890291028174,431.86,1982.55,51106.86,23.535
TPD,2018-08-05,2018,217,30.5,18.04,0,1.19446817868922,196.7355,45.8230597268769,437.19,2017.94,50966.54,24.27
TPD,2018-08-06,2018,218,30.28,21.36,4.38,0.879256234812823,116.6985,27.1052431167308,259.33,2542.05,50824.35,25.82
TPD,2018-08-07,2018,219,26.92,20.62,29.04,0.55466492991779,91.593,21.2137814098035,203.54,2428.76,50680.35,23.77
TPD,2018-08-08,2018,220,26.41,19.56,6.48,0.580272432274304,101.1915,23.3694716809599,224.87,2273.8,50534.58,22.985
TPD,2018-08-09,2018,221,27.23,16.93,0,0.837774314831003,184.059,42.3831073447656,409.02,1928.52,50387.12,22.08
TPD,2018-08-10,2018,222,25.83,17.14,0,0.682285772454002,166.131,38.1416351356467,369.18,1954.02,50238.01,21.485
TPD,2018-08-11,2018,223,26.65,14.74,0,0.903817276387487,202.6215,46.3798693458666,450.27,1676.29,50087.32,20.695
TPD,2018-08-12,2018,224,27.37,16.73,0,0.86530123017004,188.307,42.972298961949,418.46,1903.72,49935.1,22.05
TPD,2018-08-13,2018,225,27.19,16.4,0,0.874065112161855,189.873,43.196296993254,421.94,1856.14,49781.4,21.795
TPD,2018-08-14,2018,226,28.04,18.61,0,0.817621776905997,171.6435,38.9273897476926,381.43,2143.57,49626.28,23.325
TPD,2018-08-15,2018,227,28.14,19.68,0,0.754222602151592,158.2335,35.77294553296,351.63,2291.8,49469.79,23.91
TPD,2018-08-16,2018,228,27.12,19.8,8.31,0.635899650169737,106.785,24.064613614251,237.3,2308.54,49311.98,23.46
TPD,2018-08-17,2018,229,26.92,21.18,21.81,0.51188483926542,86.9085,19.522151951819,193.13,2514.01,49152.91,24.05
TPD,2018-08-18,2018,230,25.3,18.48,0,0.544561216313268,140.5845,31.4763392230907,312.41,2126.16,48992.61,21.89
TPD,2018-08-19,2018,231,25.01,16.14,0,0.663353698774137,173.7945,38.7836948149448,386.21,1833.91,48831.15,20.575
TPD,2018-08-20,2018,232,26.19,15.81,4.59,0.797369644960393,141.0705,31.3762467341255,313.49,1795.57,48668.57,21.0
TPD,2018-08-21,2018,233,26.57,19.27,8.64,0.616783630420772,108.45,24.039833727015,241,2233.29,48504.91,22.92
TPD,2018-08-22,2018,234,22.16,15.31,3.74,0.46125532683356,108.324,23.9303753801496,240.72,1739.06,48340.22,18.735
TPD,2018-08-23,2018,235,24.7,12.68,0,0.81853299306472,203.4675,44.7949355022113,452.15,1466.29,48174.55,18.69
TPD,2018-08-24,2018,236,25.97,14.34,0,0.857287491780462,196.3935,43.0879954800793,436.43,1632.88,48007.93,20.155
TPD,2018-08-25,2018,237,25.21,19.33,4.34,0.477616513036068,89.91,19.657087981254,199.8,2242.35,47840.42,22.27
TPD,2018-08-26,2018,238,27.09,20.42,7.98,0.588260639843002,98.118,21.376111942683,218.04,2398.08,47672.05,23.755
TPD,2018-08-27,2018,239,29.22,20.62,0,0.809818150523667,155.4525,33.7468903369448,345.45,2427.67,47502.87,24.92
TPD,2018-08-28,2018,240,30.5,23.13,0,0.762906076569124,134.955,29.192298644115,299.9,2830.02,47332.9,26.815
TPD,2018-08-29,2018,241,28.92,19.99,0,0.820875295901538,159.966,34.477672577364,355.48,2335.5,47162.2,24.455
TPD,2018-08-30,2018,242,21.91,15.29,0,0.442841696958975,137.214,29.4664323052638,304.92,1736.21,46990.81,18.6
TPD,2018-08-31,2018,243,24.54,13.63,0,0.757459651106631,187.8615,40.1951635562813,417.47,1559.4,46818.75,19.085
TPD,2018-09-01,2018,244,29.3,16.09,0,1.1189125459114,195.1695,41.6047691067669,433.71,1828.23,46646.06,22.695
TPD,2018-09-02,2018,245,28.77,21.68,14.98,0.675902700185947,96.903,20.5803177275538,215.34,2591,46472.78,25.225
TPD,2018-09-03,2018,246,29.73,21.06,18.22,0.83631982265212,112.527,23.8091604961905,250.06,2494.89,46298.95,25.395
TPD,2018-09-04,2018,247,29.95,20.36,0,0.915466418253405,160.7805,33.890828663871,357.29,2389.76,46124.6,25.155
TPD,2018-09-05,2018,248,31.19,21.81,0,0.9588786348005,154.449,32.4328077838368,343.22,2612.75,45949.76,26.5
TPD,2018-09-06,2018,249,25.56,19.11,0,0.526884210153048,123.48,25.830698209092,274.4,2211.51,45774.47,22.335
TPD,2018-09-07,2018,250,24.04,17.18,0,0.51170105713014,131.958,27.498237725925,293.24,1958.88,45598.75,20.61
TPD,2018-09-08,2018,251,18.83,13.22,0,0.324277278816554,117.315,24.3524249043075,260.7,1518.88,45422.65,16.025
TPD,2018-09-09,2018,252,16.07,11.8,25.25,0.218404660522907,70.4565,14.5686457889469,156.57,1383.84,45246.18,13.935
TPD,2018-09-10,2018,253,17.65,12.36,12.72,0.288381008759792,85.806,17.6732140380138,190.68,1435.85,45069.39,15.005
TPD,2018-09-11,2018,254,19.89,13.35,0,0.392424318869435,135.5445,27.8080129130895,301.21,1531.14,44892.3,16.62
TPD,2018-09-12,2018,255,23.21,13.75,0,0.632833971892675,170.181,34.7760237429198,378.18,1571.92,44714.94,18.48
TPD,2018-09-13,2018,256,25.4,17.37,0,0.626046123698825,148.86,30.298315936068,330.8,1982.7,44537.34,21.385
TPD,2018-09-14,2018,257,27.71,19.13,0,0.746082588647919,150.534,30.5167119248214,334.52,2214.35,44359.53,23.42
TPD,2018-09-15,2018,258,28.76,18.61,0,0.898414905800073,163.35,32.981931869535,363,2143.62,44181.53,23.685
TPD,2018-09-16,2018,259,28.4,18.15,0,0.888772563651069,163.008,32.7801740088384,362.24,2082.06,44003.39,23.275
TPD,2018-09-17,2018,260,25.65,17.8,0,0.623269976799866,139.698,27.9788269748832,310.44,2036.9,43825.12,21.725
TPD,2018-09-18,2018,261,25.67,16.67,0,0.695359169174771,152.7255,30.4634907472613,339.39,1896.63,43646.75,21.17
TPD,2018-09-19,2018,262,23.19,14.13,0,0.611436809970638,156.744,31.1372232966648,348.32,1611.19,43468.31,18.66
TPD,2018-09-20,2018,263,23.62,13.3,0,0.691381548206411,166.689,32.9768388210159,370.42,1526.28,43289.83,18.46
TPD,2018-09-21,2018,264,29.31,15.26,0,1.16759046789703,179.1855,35.3029164520149,398.19,1733.52,43111.34,22.285
TPD,2018-09-22,2018,265,16.65,9.41,0,0.355435044373161,136.638,26.8088087697876,303.64,1179.45,42932.86,13.03
TPD,2018-09-23,2018,266,20.05,7.19,0,0.662640051028766,184.3965,36.0288079124121,409.77,1014.58,42754.42,13.62
TPD,2018-09-24,2018,267,20.2,11.55,2.21,0.499755754261779,110.8035,21.5593193777198,246.23,1361.05,42576.05,15.875
TPD,2018-09-25,2018,268,22.4,15.77,6.74,0.455527541796813,87.9075,17.0327686032495,195.35,1790.35,42397.78,19.085
TPD,2018-09-26,2018,269,22.47,13.4,0,0.588666165728687,147.0735,28.3769066003189,326.83,1536.16,42219.63,17.935
TPD,2018-09-27,2018,270,17.92,8.53,0,0.468431806171081,154.0935,29.6060295817638,342.43,1111.54,42041.64,13.225
TPD,2018-09-28,2018,271,20.69,8.86,2.53,0.648454756876752,126.8325,24.2653025784308,281.85,1136.85,41863.83,14.775
TPD,2018-09-29,2018,272,15.51,8.54,7.88,0.322679399710982,92.7675,17.6727719507693,206.15,1112.29,41686.23,12.025
TPD,2018-09-30,2018,273,15.89,8.81,5.6,0.334357404077129,93.753,17.7845255772327,208.34,1132.49,41508.87,12.35
TPD,2018-10-01,2018,274,15.15,10.35,18.58,0.22996145072079,68.2515,12.8917657217083,151.67,1256.79,41331.77,12.75
TPD,2018-10-02,2018,275,21.49,11.97,4.81,0.578406954141693,110.0025,20.6890786416465,244.45,1399.05,41154.98,16.73
TPD,2018-10-03,2018,276,22.61,11.7,3.75,0.681573316377235,116.226,21.7658511458982,258.28,1373.91,40978.51,17.155
TPD,2018-10-04,2018,277,22.87,9.52,0,0.795826453496227,166.959,31.132338510312,371.02,1188.69,40802.4,16.195
TPD,2018-10-05,2018,278,15.51,5.96,11.7,0.412861025271683,110.6955,20.5521612976458,245.99,932.24,40626.68,10.735
TPD,2018-10-06,2018,279,23.25,12.47,10.54,0.699651695321145,110.538,20.4343699675374,245.64,1445.61,40451.39,17.86
TPD,2018-10-07,2018,280,18.9,13.85,0,0.297512042403503,84.879,15.6231502446762,188.62,1582.13,40276.54,16.375
TPD,2018-10-08,2018,281,26.32,13.71,0,0.92448438659841,151.2945,27.7272903872444,336.21,1568.06,40102.19,20.015
TPD,2018-10-09,2018,282,27.76,17.57,0,0.855580839158998,129.789,23.6829369563028,288.42,2007.29,39928.36,22.665
TPD,2018-10-10,2018,283,26.61,18.98,0.68,0.640835708046389,104.6295,19.0091624328702,232.51,2193.36,39755.08,22.795
TPD,2018-10-11,2018,284,21.6,11.98,0,0.586663737125916,129.6,23.44354129008,288,1399.89,39582.39,16.79
TPD,2018-10-12,2018,285,9.68,5.57,0.7,0.145990804279381,68.9175,12.412397529702,153.15,907.4,39410.32,7.625
TPD,2018-10-13,2018,286,10.65,4.24,0,0.226666806899745,102.0285,18.2959408419354,226.73,826.77,39238.92,7.445
TPD,2018-10-14,2018,287,14.21,4.18,1.13,0.396805018479977,137.07,24.472713519279,304.6,823.41,39068.21,9.195
TPD,2018-10-15,2018,288,13.08,4.13,3.12,0.340953366816429,95.4945,16.9755800312363,212.21,820.54,38898.25,8.605
TPD,2018-10-16,2018,289,12.25,1.87,0,0.362379319755031,138.519,24.5167277259798,307.82,698.74,38729.06,7.06
TPD,2018-10-17,2018,290,10.58,2.92,0,0.260603277868739,113.139,19.9376156595564,251.42,753.17,38560.68,6.75
TPD,2018-10-18,2018,291,9.4,1.69,0,0.243701224090305,113.346,19.8873197880552,251.88,690.14,38393.16,5.545
TPD,2018-10-19,2018,292,14.77,5.77,4.27,0.378464986934145,91.4085,15.9686342148663,203.13,919.72,38226.54,10.27
TPD,2018-10-20,2018,293,12.92,4.24,7.56,0.329772125019936,89.415,15.552677911833,198.7,827.08,38060.86,8.58
TPD,2018-10-21,2018,294,5.79,2.71,0,0.0890334555114453,51.2415,8.87428463940135,113.87,742.31,37896.17,4.25
TPD,2018-10-22,2018,295,12.02,2.1,0,0.345804916396055,129.447,22.321520298675,287.66,710.41,37732.5,7.06
TPD,2018-10-23,2018,296,11.24,2.74,0,0.293886337916841,117.666,20.2026037073742,261.48,743.67,37569.91,6.99
TPD,2018-10-24,2018,297,6.75,2.07,0,0.137573147464403,74.124,12.6719848539792,164.72,708.75,37408.44,4.41
TPD,2018-10-25,2018,298,8.95,0.98,0,0.243515303589508,112.0815,19.0789612335837,249.07,655.62,37248.14,4.965
TPD,2018-10-26,2018,299,9.76,2.46,7.87,0.238873107185,78.066,13.2319531298772,173.48,728.84,37089.06,6.11
TPD,2018-10-27,2018,300,6.45,3.53,16.41,0.0885939275669066,35.6265,6.0128898559002,79.17,786.34,36931.24,4.99
TPD,2018-10-28,2018,301,7.77,2.54,6.49,0.160485101423506,60.687,10.1990913139566,134.86,733.42,36774.74,5.155
TPD,2018-10-29,2018,302,9.47,2.62,0,0.22275304730241,99.2295,16.6062218833503,220.51,737.5,36619.62,6.045
TPD,2018-10-30,2018,303,12.93,0.58,5.13,0.425496116450121,100.2105,16.7000005284314,222.69,637.15,36465.91,6.755
TPD,2018-10-31,2018,304,14.48,6.87,9.07,0.326511845476639,75.15,12.471403413285,167,992.32,36313.67,10.675
TPD,2018-11-01,2018,305,8.69,5.85,37.73,0.0986118633350497,32.8725,5.43266624715525,73.05,924.96,36162.97,7.27
TPD,2018-11-02,2018,306,7.88,4.53,2.29,0.109308880648792,38.88,6.399000266976,86.4,843.73,36013.86,6.205
TPD,2018-11-03,2018,307,7.16,1.74,0,0.15952573328714,81.4095,13.3437787661277,180.91,692.56,35866.38,4.45
TPD,2018-11-04,2018,308,10.32,0.07,2.68,0.319462421639041,91.0755,14.867450779221,202.39,613.82,35720.6,5.195
TPD,2018-11-05,2018,309,13.39,6.81,3.73,0.272137936774722,68.094,11.0710640999322,151.32,988.48,35576.59,10.1
TPD,2018-11-06,2018,310,14.63,7.49,0,0.312966873163309,94.2435,15.2613321612921,209.43,1035.36,35434.38,11.06
TPD,2018-11-07,2018,311,9.04,4.55,0,0.152351089607654,67.4415,10.8778994680293,149.87,844.7,35294.06,6.795
TPD,2018-11-08,2018,312,5.38,2.92,2.16,0.0709609809214726,30.0285,4.82442120723915,66.73,753.05,35155.67,4.15
TPD,2018-11-09,2018,313,4.53,0.38,6.69,0.107775531298626,48.6315,7.7828933270124,108.07,627.94,35019.28,2.455
TPD,2018-11-10,2018,314,1.69,-3.65,0,0.112002044270134,81.5625,13.0030380660938,181.25,466.49,34884.95,-0.98
TPD,2018-11-11,2018,315,4.42,-2.23,0,0.159311830220804,93.663,14.8755597018534,208.14,518.65,34752.74,1.095
TPD,2018-11-12,2018,316,5.52,-0.3,0.7,0.15299000697887,83.835,13.2648586603245,186.3,597.71,34622.71,2.61
TPD,2018-11-13,2018,317,2.82,-2.37,0,0.117495680777811,77.535,12.222762840153,172.3,513.21,34494.94,0.225
TPD,2018-11-14,2018,318,0.8,-4.01,0,0.0970420278221532,73.458,11.5379362495782,163.24,453.89,34369.47,-1.605
TPD,2018-11-15,2018,319,1.58,-2.7,8.7,0.0921895132490118,50.067,7.8357860171541,111.26,500.71,34246.39,-0.56
TPD,2018-11-16,2018,320,3.7,-0.27,1.37,0.0984495401949836,62.01,9.670746717918,137.8,598.97,34125.74,1.715
TPD,2018-11-17,2018,321,3.33,0.04,0,0.081536657991953,52.587,8.172794511684,116.86,612.46,34007.6,1.685
TPD,2018-11-18,2018,322,2.82,-0.62,0,0.0820839689839384,55.179,8.5464839161206,122.62,583.83,33892.02,1.1
TPD,2018-11-19,2018,323,4.57,-2.2,0,0.163328951205239,93.591,14.4476796945996,207.98,519.62,33779.08,1.185
TPD,2018-11-20,2018,324,2.61,-2.83,0,0.120582599334365,79.9245,12.2977109757906,177.61,495.99,33668.84,-0.11
TPD,2018-11-21,2018,325,2.11,-7.06,0,0.175945717523287,107.2575,16.450663595814,238.35,359.85,33561.36,-2.475
TPD,2018-11-22,2018,326,-2.74,-9.84,0,0.105432074959818,95.4135,14.5884536241034,212.03,289.63,33456.71,-6.29
TPD,2018-11-23,2018,327,5.83,-5.95,1.12,0.26603438878758,111.4965,16.9956429394347,247.77,391.86,33354.94,-0.06
TPD,2018-11-24,2018,328,8.34,0.63,4.99,0.228726502798758,70.119,10.6567216681779,155.82,639.16,33256.13,4.485
TPD,2018-11-25,2018,329,7.59,3.16,4.41,0.137916074134252,47.3445,7.1747115799968,105.21,766.02,33160.32,5.375
TPD,2018-11-26,2018,330,6.38,1.09,12.25,0.149262350053833,54.2385,8.19646171458255,120.53,660.69,33067.59,3.735
TPD,2018-11-27,2018,331,0.95,-2.5,0,0.0734683204469979,51.174,7.7124035673882,113.72,508.04,32977.99,-0.775
TPD,2018-11-28,2018,332,0.2,-2.42,0,0.0546289101730395,40.014,6.0146870559282,88.92,511.15,32891.59,-1.11
TPD,2018-11-29,2018,333,0.45,-2.44,0,0.0604954826747232,44.775,6.7133183613525,99.5,510.56,32808.43,-0.995
TPD,2018-11-30,2018,334,2.03,-1.18,0,0.0735969600236218,49.392,7.3875422067552,109.76,560.19,32728.58,0.425
TPD,2018-12-01,2018,335,5.83,-0.2,4.28,0.160613639434727,59.8815,8.93552050192095,133.07,602.07,32652.09,2.815
TPD,2018-12-02,2018,336,15.04,3.44,4.26,0.462472741398753,75.2625,11.2055417118675,167.25,781.37,32579.02,9.24
TPD,2018-12-03,2018,337,5.38,0.74,0,0.125173206958592,63.7785,9.47544442398045,141.73,644.53,32509.41,3.06
TPD,2018-12-04,2018,338,1.57,-2.94,0,0.0962695366341326,63.891,9.4728583227897,141.98,491.96,32443.31,-0.685
TPD,2018-12-05,2018,339,1.09,-3.12,0,0.08821946591159,60.624,8.9711494987104,134.72,485.16,32380.78,-1.015
TPD,2018-12-06,2018,340,1.23,-2.79,3.95,0.0852001952702384,43.74,6.460874774748,97.2,497.55,32321.86,-0.78
TPD,2018-12-07,2018,341,-1.16,-5.48,0,0.0778827315102429,62.1765,9.16844200342695,138.17,406.25,32266.59,-3.32
TPD,2018-12-08,2018,342,-2.1,-7.56,0,0.0893516409438198,73.872,10.8756275895504,164.16,346.09,32215.01,-4.83
TPD,2018-12-09,2018,343,0.21,-8.62,0,0.151316192919587,94.5135,13.8938594256032,210.03,318.61,32167.17,-4.205
TPD,2018-12-10,2018,344,0.37,-4.59,0,0.0968179509332424,66.9735,9.83187866028555,148.83,434.53,32123.09,-2.11
TPD,2018-12-11,2018,345,-0.14,-3.09,0,0.0595754898110271,42.9345,6.2949914472753,95.41,486.25,32082.82,-1.615
TPD,2018-12-12,2018,346,2.11,-2.42,0,0.100248476011233,62.199,9.1091652485634,138.22,511.11,32046.38,-0.155
TPD,2018-12-13,2018,347,5.32,-1.45,0.27,0.171251804449047,81.0585,11.8591107797344,180.13,549.14,32013.81,1.935
TPD,2018-12-14,2018,348,8.27,-0.46,0,0.250268196939239,89.9865,13.1535065340216,199.97,590.74,31985.12,3.905
TPD,2018-12-15,2018,349,4.71,1.56,0,0.0851005727114704,43.5915,6.3669201662727,96.87,683.77,31960.34,3.135
TPD,2018-12-16,2018,350,5.69,0.82,0,0.133106267506397,63.3105,9.24102022311765,140.69,648.18,31939.49,3.255
TPD,2018-12-17,2018,351,2.75,-0.12,0,0.0696490536581965,40.3155,5.88147655955265,89.59,605.23,31922.59,1.315
TPD,2018-12-18,2018,352,1.57,-3.11,0,0.0995272641017864,62.0865,9.05389427519325,137.97,485.61,31909.65,-0.77
TPD,2018-12-19,2018,353,5.73,-2.85,0,0.211027246362811,89.1945,13.0033189743282,198.21,495.23,31900.68,1.44
TPD,2018-12-20,2018,354,6.91,-0.77,17.97,0.208784439027467,62.9955,9.1824292941408,139.99,577.3,31895.68,3.07
TPD,2018-12-21,2018,355,5.02,0.84,0,0.112135285215725,55.737,8.1241494235803,123.86,648.84,31894.67,2.93
TPD,2018-12-22,2018,356,0.71,-0.91,0,0.0361530956756942,24.768,3.6104862161664,55.04,571.3,31897.64,-0.1
TPD,2018-12-23,2018,357,2.68,-0.76,0,0.0813742739961398,49.4415,7.20876729423645,109.87,577.88,31904.59,0.96
TPD,2018-12-24,2018,358,1.76,-0.78,0,0.0585454353977665,38.3715,5.59663218328005,85.27,576.81,31915.51,0.49
TPD,2018-12-25,2018,359,1.13,-1.9,0,0.0661633818324594,45.5625,6.6485678445,101.25,531.13,31930.4,-0.385
TPD,2018-12-26,2018,360,2.5,-1.54,0,0.0929202706506835,58.6305,8.5605236152974,130.29,545.59,31949.24,0.48
TPD,2018-12-27,2018,361,7.89,-1.93,10.14,0.266942099051323,71.5005,10.4470904511657,158.89,530.01,31972.02,2.98
TPD,2018-12-28,2018,362,11.87,1.87,0,0.344569527768395,93.69,13.700677550976,208.2,698.97,31998.72,6.87
TPD,2018-12-29,2018,363,2.28,-1.57,0.88,0.0879253948669524,54.4005,7.96282085965905,120.89,544.31,32029.33,0.355
TPD,2018-12-30,2018,364,1.6,-3.74,0.59,0.111561571042461,70.929,10.393337444814,157.62,463.15,32063.8,-1.07
TPD,2018-12-31,2018,365,12.01,-2.77,15.48,0.451688514357196,76.167,11.1742118161947,169.26,498.11,32102.13,4.62
TPD,2019-01-01,2019,1,8.36,-1.88,0,0.282922842602963,88.2765,12.9678339339783,196.17,532.25,32144.46,3.24
TPD,2019-01-02,2019,2,2.52,-4.91,0.39,0.154366890391346,74.646,10.9811860260102,165.88,424.06,32190.41,-1.195
TPD,2019-01-03,2019,3,1.71,-1.35,0,0.0691701238841441,34.857,5.1357363602139,77.46,553.16,32240.11,0.18
TPD,2019-01-04,2019,4,6.67,-0.74,0,0.199944038997831,73.9845,10.9187350821108,164.41,578.65,32293.52,2.965
TPD,2019-01-05,2019,5,4.52,-1.84,0,0.154729536019046,66.8835,9.88820964938295,148.63,533.74,32350.61,1.34
TPD,2019-01-06,2019,6,3.81,-3.19,0,0.159966713650489,72.72,10.771266940128,161.6,482.64,32411.32,0.31
TPD,2019-01-07,2019,7,8.66,-3.85,3.86,0.33060841550504,74.2005,11.0123654860346,164.89,459.59,32475.63,2.405
TPD,2019-01-08,2019,8,9.59,1.64,3.7,0.252882265768532,58.977,8.7712751719683,131.06,687.29,32543.47,5.615
TPD,2019-01-09,2019,9,2.25,-3.5,0,0.123348662864881,63.6075,9.48067472187,141.35,471.84,32614.8,-0.625
TPD,2019-01-10,2019,10,-3.15,-7.05,0,0.0627541611317984,46.08,6.883954818048,102.4,360.03,32689.58,-5.1
TPD,2019-01-11,2019,11,-4.08,-9.84,0,0.0818038575113962,65.862,9.8627404358916,146.36,289.49,32767.74,-6.96
TPD,2019-01-12,2019,12,-3.03,-6.66,0,0.0594726945806684,43.9335,6.5953421309178,97.63,370.97,32849.24,-4.845
TPD,2019-01-13,2019,13,-2.92,-8.11,0,0.0811972310834544,61.0155,9.18334684829835,135.59,331.58,32934.01,-5.515
TPD,2019-01-14,2019,14,-2.6,-10.27,0,0.113034351442525,83.5245,12.60472739823,185.61,279.79,33022,-6.435
TPD,2019-01-15,2019,15,-1.09,-6.32,0,0.0920264362611664,61.974,9.3783482487288,137.72,380.94,33113.16,-3.705
TPD,2019-01-16,2019,16,-0.08,-9.6,0,0.156536876542284,96.1785,14.5958480892279,213.73,295.14,33207.42,-4.84
TPD,2019-01-17,2019,17,-2.06,-13.24,0.66,0.153086465756605,116.4735,17.7275714063233,258.83,220.31,33304.73,-7.65
TPD,2019-01-18,2019,18,-0.13,-5.18,0,0.095143055915807,68.4315,10.4468140840946,152.07,415.56,33405.01,-2.655
TPD,2019-01-19,2019,19,-4.45,-10.21,6.27,0.0796780020812545,58.7835,9.0016681581909,130.63,281.24,33508.22,-7.33
TPD,2019-01-20,2019,20,-10.12,-16.93,0,0.0612935300246962,91.2645,14.0198023887642,202.81,162.37,33614.28,-13.525
TPD,2019-01-21,2019,21,-10.33,-18.91,0,0.071546387987385,107.7255,16.6020884795799,239.39,137.2,33723.14,-14.62
TPD,2019-01-22,2019,22,1.45,-17.81,8.85,0.264303585047524,103.3875,15.9862628357888,229.75,150.63,33834.73,-8.18
TPD,2019-01-23,2019,23,7,-1.69,19.68,0.230646276228792,80.2305,12.4475084342973,178.29,539.69,33948.98,2.655
TPD,2019-01-24,2019,24,1.12,-3.46,0,0.095095486292337,66.807,10.4005700849817,148.46,472.92,34065.83,-1.17
TPD,2019-01-25,2019,25,-4.18,-10.86,0,0.091246179161593,93.807,14.6551351017078,208.46,267.1,34185.22,-7.52
TPD,2019-01-26,2019,26,-5.07,-13.32,0.78,0.100755499137665,110.016,17.2486826774208,244.48,219.02,34307.09,-9.195
TPD,2019-01-27,2019,27,-3.5,-14.93,0,0.140645012824701,130.7925,20.580371893296,290.65,191.85,34431.36,-9.215
TPD,2019-01-28,2019,28,1.27,-19.58,6.84,0.270433021176544,110.664,17.4771620451504,245.92,129.55,34557.98,-9.155
TPD,2019-01-29,2019,29,-0.9,-14.15,0,0.184237451937502,140.319,22.2432333982704,311.82,204.61,34686.88,-7.525
TPD,2019-01-30,2019,30,-14.73,-21,0,0.0412073946108844,96.156,15.3001710142308,213.68,114.45,34817.99,-17.865
TPD,2019-01-31,2019,31,-14.65,-22.16,0,0.0473357425658424,111.492,17.8083114712344,247.76,103.41,34951.26,-18.405
TPD,2019-02-01,2019,32,-9.72,-21.86,0,0.0939368127370946,142.1955,22.8004587971397,315.99,106.16,35086.62,-15.79
TPD,2019-02-02,2019,33,2.86,-17.26,4.64,0.296498295708721,116.3475,18.7288905508808,258.55,157.87,35224.01,-7.2
TPD,2019-02-03,2019,34,9.27,-1.37,0,0.30777378460329,129.5145,20.9309161702631,287.81,552.36,35363.37,3.95
TPD,2019-02-04,2019,35,12.91,4.54,2.91,0.321012160020631,82.62,13.405603864842,183.6,844.12,35504.63,8.725
TPD,2019-02-05,2019,36,8.13,-1.25,1.26,0.262026832176285,122.121,19.8947530903878,271.38,557.26,35647.74,3.44
TPD,2019-02-06,2019,37,2.03,-2.68,2.97,0.102936709827678,55.683,9.1081999891584,123.74,501.52,35792.64,-0.325
TPD,2019-02-07,2019,38,12.24,-0.72,3.98,0.421503210226676,108.207,17.7721793461674,240.46,579.56,35939.26,5.76
TPD,2019-02-08,2019,39,3.59,-8.81,0,0.238312006693467,146.178,24.1076975697576,324.84,313.92,36087.56,-2.61
TPD,2019-02-09,2019,40,-6.53,-11.26,0,0.0589232640457688,75.978,12.5823547651662,168.84,258.6,36237.47,-8.895
TPD,2019-02-10,2019,41,-3.37,-10.29,0,0.0991181166962877,105.6375,17.5672474870725,234.75,279.44,36388.94,-6.83
TPD,2019-02-11,2019,42,-1.19,-5.08,0,0.0710469084691219,63.7605,10.6477821681764,141.69,418.73,36541.91,-3.135
TPD,2019-02-12,2019,43,2.28,-3.9,15.71,0.131338305718502,72.513,12.1605916662153,161.14,457.66,36696.33,-0.81
TPD,2019-02-13,2019,44,-0.51,-5.4,0,0.0903659269556033,80.6445,13.5816853873311,179.21,408.65,36852.14,-2.955
TPD,2019-02-14,2019,45,5.79,-6.36,1.53,0.270740933249703,152.5005,25.7927909687505,338.89,379.83,37009.3,-0.285
TPD,2019-02-15,2019,46,5.24,-4.61,0,0.226351446172614,138.321,23.4947371892175,307.38,434.02,37167.75,0.315
TPD,2019-02-16,2019,47,-2.03,-6.09,0,0.0699419566056298,70.56,12.036576440448,156.8,387.58,37327.44,-4.06
TPD,2019-02-17,2019,48,-2.86,-8.33,0,0.0849814023303877,93.42,16.004870233902,207.6,326.08,37488.33,-5.595
TPD,2019-02-18,2019,49,-4.63,-11.84,0,0.0939015589084353,119.007,20.4765997138164,264.46,246.9,37650.36,-8.235
TPD,2019-02-19,2019,50,-3.27,-16.96,0,0.159745651721655,170.6265,29.4855643732865,379.17,161.88,37813.49,-10.115
TPD,2019-02-20,2019,51,3.28,-10.72,2.16,0.251680243643222,128.619,22.3228502154261,285.82,270.04,37977.67,-3.72
TPD,2019-02-21,2019,52,3.97,-1.25,0,0.126918287462759,91.7325,15.9901553656215,203.85,557.45,38142.86,1.36
TPD,2019-02-22,2019,53,2.66,-4.48,0,0.150852751031566,121.887,21.3390222795459,270.86,438.23,38309.01,-0.91
TPD,2019-02-23,2019,54,5.12,-3.71,3.96,0.20743501236133,105.9615,18.6318129997044,235.47,464.44,38476.08,0.705
TPD,2019-02-24,2019,55,9.63,-2.64,3.99,0.346846393190949,125.487,22.1614079042277,278.86,502.87,38644.03,3.495
TPD,2019-02-25,2019,56,-3.19,-7.31,0,0.065557237223162,77.5935,13.763111501399,172.43,352.93,38812.81,-5.25
TPD,2019-02-26,2019,57,-6.08,-8.58,1.39,0.0349642871873158,51.777,9.2240478161271,115.06,319.65,38982.39,-7.33
TPD,2019-02-27,2019,58,-5.71,-10.66,6.21,0.0646606086829747,75.951,13.5897587127711,168.78,271.33,39152.73,-8.185
TPD,2019-02-28,2019,59,-5.1,-15.82,0,0.120798332205577,177.3315,31.8681942653795,394.07,178.11,39323.79,-10.46
TPD,2019-03-01,2019,60,-0.39,-13.63,0,0.190687715029642,190.9485,34.4651590742904,424.33,213.45,39495.52,-7.01
TPD,2019-03-02,2019,61,0.13,-8.42,0,0.146942767498669,156.3075,28.3357835761725,347.35,323.7,39667.9,-4.145
TPD,2019-03-03,2019,62,-1.23,-10.39,0,0.141031378531441,165.816,30.1905945642168,368.48,277.28,39840.89,-5.81
TPD,2019-03-04,2019,63,-6.48,-14.42,0,0.088993473877856,158.1525,28.9207208375663,351.45,200,40014.45,-10.45
TPD,2019-03-05,2019,64,-8.19,-14.47,0,0.0659988712440071,136.44,25.058792497032,303.2,199.3,40188.54,-11.33
TPD,2019-03-06,2019,65,-7.44,-14.34,0,0.0749373446221882,148.3065,27.3565502224137,329.57,201.31,40363.14,-10.89
TPD,2019-03-07,2019,66,-5.45,-13.86,0,0.0995347644660184,170.505,31.5876914569485,378.9,209.56,40538.21,-9.655
TPD,2019-03-08,2019,67,-0.86,-16.6,0,0.203950909258246,213.579,39.7388719097316,474.62,166.9,40713.72,-8.73
TPD,2019-03-09,2019,68,4.39,-13.68,7.19,0.311849668114351,164.169,30.6775476828612,364.82,212.53,40889.64,-4.645
TPD,2019-03-10,2019,69,7.19,-1.69,0,0.237227130565024,172.467,32.3671061143467,383.26,539.66,41065.93,2.75
TPD,2019-03-11,2019,70,2.62,-1.76,0,0.100348741672156,100.638,18.9680992024896,223.64,536.91,41242.56,0.43
TPD,2019-03-12,2019,71,1.91,-3.3,0,0.111278345197131,119.241,22.5707903290287,264.98,478.86,41419.51,-0.695
TPD,2019-03-13,2019,72,9.29,-3.17,0,0.343033140410214,204.615,38.896718484807,454.7,483.46,41596.74,3.06
TPD,2019-03-14,2019,73,16.64,2.93,4.25,0.567846112806006,153.972,29.3945151224088,342.16,754.04,41774.22,9.785
TPD,2019-03-15,2019,74,8.69,1.17,0.58,0.228841653060758,152.8695,29.308189473527,339.71,664.86,41951.93,4.93
TPD,2019-03-16,2019,75,1.3,-2.1,0,0.0739620636026744,80.766,15.5501500645008,179.48,523.51,42129.84,-0.4
TPD,2019-03-17,2019,76,1.25,-4.17,0,0.110174945524503,125.82,24.326938249434,279.6,448.69,42307.91,-1.46
TPD,2019-03-18,2019,77,3.15,-4.81,0,0.169366436947022,169.2585,32.8634958250314,376.13,427.38,42486.12,-0.83
TPD,2019-03-19,2019,78,5.74,-3.5,0,0.223207129882589,184.8195,36.0354659876618,410.71,471.66,42664.45,1.12
TPD,2019-03-20,2019,79,9.04,-1.78,4.71,0.306939299564531,149.67,29.304162372915,332.6,536.02,42842.85,3.63
TPD,2019-03-21,2019,80,7.87,1.32,0,0.195086052387482,146.502,28.8033820614648,325.56,671.85,43021.32,4.595
TPD,2019-03-22,2019,81,3.56,-1.08,0,0.111966407098169,113.9535,22.497051630501,253.23,564.37,43199.8,1.24
TPD,2019-03-23,2019,82,3.51,-4.6,0,0.175880902127444,178.74,35.433200484522,397.2,434.13,43378.29,-0.545
TPD,2019-03-24,2019,83,9.49,-2.11,0,0.331184802529947,192.15,38.24830165338,427,523,43556.76,3.69
TPD,2019-03-25,2019,84,4.84,-2.79,0,0.182589651773375,154.8135,30.9425248904562,344.03,497.29,43735.16,1.025
TPD,2019-03-26,2019,85,4.61,-5.7,0,0.224727658782173,187.9695,37.7225931865963,417.71,399.41,43913.49,-0.545
TPD,2019-03-27,2019,86,8.14,-4.67,0,0.325112631261082,203.2965,40.9640554809585,451.77,431.95,44091.7,1.735
TPD,2019-03-28,2019,87,12.5,-1.06,0,0.451437777700231,203.9715,41.2660552594064,453.27,554.76,44269.77,5.72
TPD,2019-03-29,2019,88,10.46,3.23,1.93,0.24695548623769,142.785,29.003331288816,317.3,770.09,44447.68,6.845
TPD,2019-03-30,2019,89,11.62,1.28,14.34,0.347600266440935,136.9665,27.932678501018,304.37,670.13,44625.39,6.45
TPD,2019-03-31,2019,90,0.44,-3.77,0,0.0844159561013149,95.805,19.6159890487995,212.9,462.34,44802.87,-1.665
TPD,2019-04-01,2019,91,2.5,-5.25,0,0.159163968942992,161.262,33.148864649934,358.36,413.35,44980.1,-1.375
TPD,2019-04-02,2019,92,8.59,-1.59,0,0.285950051254733,188.9415,38.9914262849678,419.87,543.58,45157.05,3.5
TPD,2019-04-03,2019,93,8.11,1.13,0,0.208267263446349,148.0095,30.6638627305514,328.91,662.85,45333.69,4.62
TPD,2019-04-04,2019,94,5.59,-2.17,0.4,0.193670638489517,162.162,33.7265514517932,360.36,520.96,45509.98,1.71
TPD,2019-04-05,2019,95,7.86,0.63,0,0.210884195467464,153.261,31.9985239059153,340.58,639.42,45685.89,4.245
TPD,2019-04-06,2019,96,15.16,2.85,0,0.533124113049789,206.01,43.17693505398,457.8,701.37,45861.4,9.005
TPD,2019-04-07,2019,97,17.36,3.84,5.16,0.587120956459717,159.138,33.4805208288768,353.64,803.85,46036.48,10.6
TPD,2019-04-08,2019,98,16.13,6.37,0,0.475442202312831,186.8535,39.4605883080846,415.23,918.57,46211.08,11.25
TPD,2019-04-09,2019,99,11.89,4.11,0,0.285176566886108,165.258,35.0314283370402,367.24,819.31,46385.17,8.0
TPD,2019-04-10,2019,100,6.59,1.89,0,0.136403069957752,111.4875,23.7215739976988,247.75,700.02,46558.73,4.24
TPD,2019-04-11,2019,101,8.5,0.77,0,0.23151413281516,167.5395,35.7803991434358,372.31,645.59,46731.72,4.635
TPD,2019-04-12,2019,102,18.33,5.17,1.13,0.721419169846719,217.305,46.579704208785,482.9,770.97,46904.1,11.75
TPD,2019-04-13,2019,103,13.93,4.35,0,0.416123653249684,191.835,41.270727512448,426.3,794.48,47075.84,9.14
TPD,2019-04-14,2019,104,7.71,1.8,22.83,0.177720749920365,104.49,22.56130661517,232.2,695.21,47246.9,4.755
TPD,2019-04-15,2019,105,8.07,0.9,0,0.212405918234599,161.883,35.0795259375444,359.74,651.81,47417.24,4.485
TPD,2019-04-16,2019,106,8.04,-0.22,16.57,0.236627204270632,134.2215,29.1893868280791,298.27,601.13,47586.82,3.91
TPD,2019-04-17,2019,107,14.83,1.89,3,0.491731654896149,165.663,36.154805349996,368.14,699.97,47755.6,8.36
TPD,2019-04-18,2019,108,20.41,7.03,10.8,0.694508973149201,163.26,35.75567439261,362.8,1003.52,47923.55,13.72
TPD,2019-04-19,2019,109,12.76,5.27,16.39,0.291156325118672,122.346,26.8884917161686,271.88,888.74,48090.63,9.015
TPD,2019-04-20,2019,110,9.13,4.19,7.36,0.166361015188256,88.2855,19.4699089546533,196.19,823.68,48256.78,6.66
TPD,2019-04-21,2019,111,11.63,4.46,0,0.263226950174983,159.5205,35.3000366748094,354.49,839.6,48421.97,8.045
TPD,2019-04-22,2019,112,16.77,3.59,0,0.557886256894021,223.2045,49.5600382417748,496.01,789.81,48586.15,10.18
TPD,2019-04-23,2019,113,18.91,6.73,3.46,0.5983708589484,160.5285,35.7632149907736,356.73,983.06,48749.28,12.82
TPD,2019-04-24,2019,114,12.39,2.98,0,0.339689857515159,192.1185,42.9432363015894,426.93,756.7,48911.32,7.685
TPD,2019-04-25,2019,115,16.65,0.82,6.31,0.621715118107733,178.3665,40.00047123649,396.37,648.06,49072.21,8.735
TPD,2019-04-26,2019,116,13.19,5.11,0.27,0.317227373144946,173.0925,38.9440440139275,384.65,878.73,49231.9,9.15
TPD,2019-04-27,2019,117,8.28,1.92,1.5,0.195381971138675,149.3505,33.7104905725926,331.89,701.29,49390.36,5.1
TPD,2019-04-28,2019,118,10.23,1.18,0,0.290120246576088,192.9825,43.697445552288,428.85,665.01,49547.52,5.705
TPD,2019-04-29,2019,119,8.45,-0.08,2.75,0.248837902323722,140.9445,32.0147282479955,313.21,607.14,49703.33,4.185
TPD,2019-04-30,2019,120,9.62,3.14,10.43,0.214902293690995,113.382,25.8340845275424,251.96,765.17,49857.76,6.38
TPD,2019-05-01,2019,121,21.35,4.68,3.19,0.841239111318009,180.2385,41.1933354431098,400.53,852.81,50010.73,13.015
TPD,2019-05-02,2019,122,17.52,6.47,8.96,0.515970381281058,156.5325,35.883706591755,347.85,965.68,50162.2,11.995
TPD,2019-05-03,2019,123,13.81,6.81,0,0.293611019458105,155.385,35.7271047604395,345.3,988.24,50312.11,10.31
TPD,2019-05-04,2019,124,12.02,7.24,0,0.191809280614512,113.049,26.0695599277113,251.22,1017.77,50460.41,9.63
TPD,2019-05-05,2019,125,17.6,5.8,0,0.543781476626954,216.9495,50.1748161518736,482.11,921.13,50607.04,11.7
TPD,2019-05-06,2019,126,21.02,5.32,2.36,0.796585034688526,178.9245,41.4990982825821,397.61,891.47,50751.94,13.17
TPD,2019-05-07,2019,127,14.79,5.86,0.16,0.376407059141463,187.524,43.6162867076808,416.72,925.73,50895.06,10.325
TPD,2019-05-08,2019,128,13.81,4.61,0,0.363832451079112,192.969,45.0073142877456,428.82,848.25,51036.32,9.21
TPD,2019-05-09,2019,129,24.6,8.31,15.82,0.995807918345019,178.0605,41.6435260980497,395.69,1094.81,51175.69,16.455
TPD,2019-05-10,2019,130,16.72,6.43,0,0.468403103838941,200.142,46.9334542301352,444.76,962.59,51313.08,11.575
TPD,2019-05-11,2019,131,12,2.32,2.62,0.339172308002228,147.258,34.6232083052664,327.24,721.73,51448.44,7.16
TPD,2019-05-12,2019,132,9.77,5.88,9.58,0.139876089510904,70.0155,16.5046460191362,155.59,926.98,51581.72,7.825
TPD,2019-05-13,2019,133,9.35,5.66,1.4,0.129985423562483,90.6255,21.4173140550894,201.39,913.09,51712.84,7.505
TPD,2019-05-14,2019,134,15.22,5.55,0,0.410103531938555,198.369,46.9969391378142,440.82,905.76,51841.74,10.385
TPD,2019-05-15,2019,135,19.81,4.86,0,0.7595871051067,239.4765,56.8745684033778,532.17,825.03,51968.36,12.335
TPD,2019-05-16,2019,136,20.28,5.81,0,0.767667330753181,235.188,55.9896466405824,522.64,880.41,52092.64,13.045
TPD,2019-05-17,2019,137,18.22,8.65,0,0.483655393486376,190.7775,45.5233863245693,423.95,1120.34,52214.51,13.435
TPD,2019-05-18,2019,138,19.56,6.22,0,0.694171596983241,229.41,54.867064879467,509.8,915.36,52333.91,12.89
TPD,2019-05-19,2019,139,26.66,10.22,1.31,1.23348411633105,238.32,57.125308504248,529.6,1132.88,52450.77,18.44
TPD,2019-05-20,2019,140,17.38,8.15,0,0.448300314117896,183.0195,43.9653445719485,406.71,1083.26,52565.03,12.765
TPD,2019-05-21,2019,141,17.48,3.84,0,0.610704406768247,229.6035,55.2729449831769,510.23,787.79,52676.62,10.66
TPD,2019-05-22,2019,142,18.75,6.68,0,0.603604822521402,214.884,51.8363907353424,477.52,965.3,52785.48,12.715
TPD,2019-05-23,2019,143,24.9,10.22,0,1.038888510358,229.059,55.3668549701265,509.02,1154.67,52891.55,17.56
TPD,2019-05-24,2019,144,18.22,8.6,0,0.485495527487102,185.5845,44.9459775900954,412.41,1116.61,52994.76,13.41
TPD,2019-05-25,2019,145,26.51,11.05,2.38,1.07034296131731,172.683,41.9005671041286,383.74,1316.01,53095.06,18.78
TPD,2019-05-26,2019,146,22.76,11.98,0,0.710268360331129,194.526,47.2871562774534,432.28,1370.52,53192.37,17.37
TPD,2019-05-27,2019,147,21.8,8.94,3.5,0.731316143600147,161.8425,39.4118692700917,359.65,1142.83,53286.63,15.37
TPD,2019-05-28,2019,148,18.83,11.11,2.32,0.423076695055167,114.8355,28.012575228183,255.19,1321.82,53377.8,14.97
TPD,2019-05-29,2019,149,16.7,10.86,0.43,0.298058794361116,122.0625,29.824593301125,271.25,1299.79,53465.8,13.78
TPD,2019-05-30,2019,150,20.46,12.68,0,0.466446175171849,153,37.4431010418,340,1465.93,53550.58,16.57
TPD,2019-05-31,2019,151,22.05,9.37,0,0.802172412710157,217.5165,53.3129908449924,483.37,1108.78,53632.08,15.71
TPD,2019-06-01,2019,152,22.67,13.31,13.84,0.609335993461349,132.597,32.5467083479725,294.66,1527.59,53710.25,17.99
TPD,2019-06-02,2019,153,18.77,9.98,0,0.4674172520838,173.061,42.5379841300008,384.58,1225.56,53785.04,14.375
TPD,2019-06-03,2019,154,14.74,6.16,0,0.364149663056294,172.764,42.5213074088424,383.92,944.97,53856.38,10.45
TPD,2019-06-04,2019,155,22.49,6.91,0,0.925521222422652,237.7215,58.5825962076887,528.27,930.95,53924.23,14.7
TPD,2019-06-05,2019,156,22.39,14.34,7.86,0.533335905466574,117.558,29.0048064689124,261.24,1633.17,53988.54,18.365
TPD,2019-06-06,2019,157,21.42,12.26,0,0.559376418655263,175.41,43.327167783462,389.8,1426.07,54049.26,16.84
TPD,2019-06-07,2019,158,25.11,11.13,0,0.994032632887939,223.461,55.2543221956572,496.58,1258.16,54106.36,18.12
TPD,2019-06-08,2019,159,25.89,12.54,0,1.02361268101395,218.0115,53.9600687900379,484.47,1368.44,54159.78,19.215
TPD,2019-06-09,2019,160,26.66,14.39,0,0.994869308622049,205.668,50.9516398701648,457.04,1567.57,54209.48,20.525
TPD,2019-06-10,2019,161,22.62,13.44,12.6,0.598410716439418,129.825,32.18976611586,288.5,1540.84,54255.44,18.03
TPD,2019-06-11,2019,162,21.38,10.14,0,0.649991691686429,199.7685,49.5705711120125,443.93,1239,54297.61,15.76
TPD,2019-06-12,2019,163,23.91,8.93,5.81,0.909203779235313,170.937,42.4462787949564,379.86,1142.29,54335.96,16.42
TPD,2019-06-13,2019,164,19.14,11.93,5.69,0.407498814610489,105.264,26.1552621035808,233.92,1395.35,54370.46,15.535
TPD,2019-06-14,2019,165,21.31,10.73,0,0.619949621399657,190.485,47.3570437429305,423.3,1288.43,54401.09,16.02
TPD,2019-06-15,2019,166,18.69,14.81,2.35,0.232700414142654,61.2405,15.2326613832539,136.09,1683.34,54427.81,16.75
TPD,2019-06-16,2019,167,18.21,12.86,0,0.300516217714441,112.365,27.960831697491,249.7,1483.71,54450.62,15.535
TPD,2019-06-17,2019,168,22.85,12.11,0,0.682584757838564,196.029,48.7966304243097,435.62,1411.77,54469.49,17.48
TPD,2019-06-18,2019,169,24.37,13.74,0,0.735744407888705,193.986,48.301293440088,431.08,1571.13,54484.4,19.055
TPD,2019-06-19,2019,170,25.51,13.96,0,0.846024436863765,202.248,50.368600248876,449.44,1579.26,54495.35,19.735
TPD,2019-06-20,2019,171,20.79,15.6,10.36,0.337935149637723,83.034,20.6817473643354,184.52,1771.49,54502.33,18.195
TPD,2019-06-21,2019,172,21.96,12.91,0,0.571304613843995,179.4645,44.7026889052098,398.81,1487.87,54505.32,17.435
TPD,2019-06-22,2019,173,23.62,11.31,0,0.793700603894418,217.197,54.1004786468586,482.66,1330.54,54504.34,17.465
TPD,2019-06-23,2019,174,24.89,11.15,0,0.941273481726329,226.737,56.4715981065033,503.86,1291.06,54499.37,18.02
TPD,2019-06-24,2019,175,27.22,16.04,21.18,0.890783874709838,149.1165,37.1331726626601,331.37,1821.48,54490.42,21.63
TPD,2019-06-25,2019,176,26.27,18.28,0,0.653373794806422,157.3695,39.1790601904487,349.71,2099.37,54477.51,22.275
TPD,2019-06-26,2019,177,27.71,17.79,0,0.835387022833948,184.1175,45.8240985511943,409.15,2036.05,54460.63,22.75
TPD,2019-06-27,2019,178,29.35,16.04,0,1.13375871927489,215.1,53.51471430867,478,1816.36,54439.81,22.695
TPD,2019-06-28,2019,179,29.45,16.66,5.74,1.10359212188887,156.294,38.8666955615148,347.32,1894.96,54415.06,23.055
TPD,2019-06-29,2019,180,28.36,18.35,0,0.870393848043282,178.983,44.4854733330609,397.74,2109.08,54386.39,23.355
TPD,2019-06-30,2019,181,24.97,15.89,0,0.674253133582593,173.7045,43.1476851632796,386.01,1804.75,54353.84,20.43
TPD,2019-07-01,2019,182,27.22,14.04,0,1.0121124548337,216.0045,53.618938539548,480.01,1590.36,54317.43,20.63
TPD,2019-07-02,2019,183,28.04,19.43,1.09,0.761094255140543,159.5115,39.5663031968949,354.47,2256.25,54277.18,23.735
TPD,2019-07-03,2019,184,28.1,19.73,0,0.746409125845286,155.6595,38.579491679504,345.91,2298.74,54233.13,23.915
TPD,2019-07-04,2019,185,30.16,19.12,0,1.02952249486608,188.9865,46.7981348435995,419.97,2213.01,54185.31,24.64
TPD,2019-07-05,2019,186,31,21.21,38.8,0.982382113327656,127.971,31.6589099023872,284.38,2517.8,54133.76,26.105
TPD,2019-07-06,2019,187,28.73,21.67,49.75,0.67123060079749,100.521,24.8426429737644,223.38,2590.31,54078.52,25.2
TPD,2019-07-07,2019,188,24.96,18.21,0,0.530930763770868,137.763,34.0095054389742,306.14,2089.71,54019.62,21.585
TPD,2019-07-08,2019,189,25.59,15.05,0,0.781074109970104,195.4935,48.2055677768975,434.43,1710,53957.11,20.32
TPD,2019-07-09,2019,190,26.95,13.74,0,0.987865301518785,219.33,54.017042640624,487.4,1570.84,53891.04,20.345
TPD,2019-07-10,2019,191,30.13,16.72,1.46,1.18160672180634,213.2145,52.4430969281843,473.81,1902.46,53821.45,23.425
TPD,2019-07-11,2019,192,28.36,18.42,0,0.866422839636173,180.774,44.403551605512,401.72,2117.68,53748.4,23.39
TPD,2019-07-12,2019,193,23.44,15.92,0,0.534446253431157,155.646,38.1769629606846,345.88,1807.92,53671.93,19.68
TPD,2019-07-13,2019,194,28.65,15.73,24.98,1.0650863545307,159.4845,39.0602893750965,354.41,1786.17,53592.1,22.19
TPD,2019-07-14,2019,195,25.74,14.69,0,0.815385436104351,199.6965,48.8329819061549,443.77,1670.76,53508.97,20.215
TPD,2019-07-15,2019,196,27.71,12.85,0,1.11324219028487,226.4535,55.2866271055371,503.23,1482.05,53422.58,20.28
TPD,2019-07-16,2019,197,28.55,20.43,2.05,0.746437677874198,111.9195,27.2783474240162,248.71,2399.83,53333.01,24.49
TPD,2019-07-17,2019,198,28.57,21.42,9.96,0.672368653675995,100.5615,24.4674346380165,223.47,2551.35,53240.3,24.995
TPD,2019-07-18,2019,199,28.78,19.93,0,0.808379390794517,161.379,39.1941840083553,358.62,2327.59,53144.51,24.355
TPD,2019-07-19,2019,200,30.61,22.82,3.7,0.801894032018024,106.3845,25.7896177649838,236.41,2778.53,53045.72,26.715
TPD,2019-07-20,2019,201,31.35,22.06,2.08,0.960429485998183,121.041,29.2863472025589,268.98,2651.99,52943.97,26.705
TPD,2019-07-21,2019,202,27.7,20.59,0,0.639811821503202,135.7425,32.7785203790393,301.65,2424.22,52839.33,24.145
TPD,2019-07-22,2019,203,24.68,17.19,0,0.568849742573192,148.9275,35.8892408522723,330.95,1960.69,52731.87,20.935
TPD,2019-07-23,2019,204,24.39,14.98,0,0.672426231775193,180.6165,43.4348257898182,401.37,1701.75,52621.65,19.685
TPD,2019-07-24,2019,205,25.34,14.26,0,0.799677188030593,199.5165,47.8769561927357,443.37,1624.84,52508.73,19.8
TPD,2019-07-25,2019,206,26.39,14.24,0,0.904617650282808,207.2115,49.6140557687294,460.47,1622.38,52393.17,20.315
TPD,2019-07-26,2019,207,27.9,16.1,0,0.959466196560856,199.8585,47.7455917775423,444.13,1829.44,52275.05,22.0
TPD,2019-07-27,2019,208,28.25,17.49,14.12,0.91458737734246,141.2955,33.6771683123684,313.99,1997.16,52154.41,22.87
TPD,2019-07-28,2019,209,28.33,20.15,14.74,0.741630647775522,115.587,27.4846494893706,256.86,2359.34,52031.34,24.24
TPD,2019-07-29,2019,210,28.81,20.14,17.53,0.797643478524673,120.6135,28.6107183602635,268.03,2356.96,51905.89,24.475
TPD,2019-07-30,2019,211,26.56,19.4,3.81,0.606407663574552,106.002,25.0828349867082,235.56,2251.7,51778.13,22.98
TPD,2019-07-31,2019,212,25.91,16.69,0,0.718052332375614,175.9275,41.524503565041,390.95,1898.71,51648.12,21.3
TPD,2019-08-01,2019,213,26.16,14.91,0,0.845245079006847,199.1115,46.8763824196112,442.47,1694.4,51515.93,20.535
TPD,2019-08-02,2019,214,26.97,15.14,0,0.915627797981152,202.131,47.4631800838587,449.18,1719.43,51381.61,21.055
TPD,2019-08-03,2019,215,27.19,14.14,0,0.99249224946923,211.6845,49.574541467003,470.41,1612.01,51245.23,20.665
TPD,2019-08-04,2019,216,27.15,15.58,0,0.909255721474056,197.3115,46.0837484154873,438.47,1769.26,51106.86,21.365
TPD,2019-08-05,2019,217,28.05,15.9,0,0.987863570464618,199.4265,46.4498396101467,443.17,1805.94,50966.54,21.975
TPD,2019-08-06,2019,218,27.45,18.68,0.14,0.748954189838882,159.0885,36.9510530947357,353.53,2152.86,50824.35,23.065
TPD,2019-08-07,2019,219,27.43,16.77,0,0.868669157607797,183.4605,42.4911395448698,407.69,1909.17,50680.35,22.1
TPD,2019-08-08,2019,220,25.57,16.28,8.42,0.708456402122224,127.7865,29.5114015797669,283.97,1850.6,50534.58,20.925
TPD,2019-08-09,2019,221,24.81,14.66,0,0.727903703729852,183.6,42.27741381024,408,1667.7,50387.12,19.735
TPD,2019-08-10,2019,222,23.64,13.37,0,0.689481386035838,186.489,42.8155816482873,414.42,1533.42,50238.01,18.505
TPD,2019-08-11,2019,223,26.09,13.04,0,0.935297302563636,208.134,47.6416753722216,462.52,1500.73,50087.32,19.565
TPD,2019-08-12,2019,224,27.95,17.78,0,0.861813516671117,175.581,40.068182404467,390.18,2035.16,49935.1,22.865
TPD,2019-08-13,2019,225,26.95,19.37,1.88,0.648580137481443,141.498,32.190936215004,314.44,2247.69,49781.4,23.16
TPD,2019-08-14,2019,226,25.74,17.23,0,0.667418863050816,159.6375,36.204523799895,354.75,1965.62,49626.28,21.485
TPD,2019-08-15,2019,227,24.69,16.08,0,0.637590366977117,162.522,36.7424764914366,361.16,1826.25,49469.79,20.385
TPD,2019-08-16,2019,228,25.62,15.92,0,0.734408478626587,174.303,39.2801830482258,387.34,1808.54,49311.98,20.77
TPD,2019-08-17,2019,229,27.06,17.44,8.42,0.78800216663556,127.3095,28.5973800480977,282.91,1991.95,49152.91,22.25
TPD,2019-08-18,2019,230,28.4,19.4,11.56,0.804107394472088,118.5075,26.5333822041577,263.35,2251.19,48992.61,23.9
TPD,2019-08-19,2019,231,26.65,18.62,0,0.66852268369274,147.2445,32.8588404764198,327.21,2145.42,48831.15,22.635
TPD,2019-08-20,2019,232,29.13,18.01,21.57,0.980525715821677,135.1395,30.0571012049036,300.31,2064.7,48668.57,23.57
TPD,2019-08-21,2019,233,27.78,19.22,0,0.747839377355682,150.4665,33.3535236651536,334.37,2226.41,48504.91,23.5
TPD,2019-08-22,2019,234,22.69,15.19,0,0.512198972819255,142.839,31.5552498885306,317.42,1725.07,48340.22,18.94
TPD,2019-08-23,2019,235,22.39,12.15,0,0.642042144302886,181.0035,39.8493130754273,402.23,1415.92,48174.55,17.27
TPD,2019-08-24,2019,236,22.03,11.76,0,0.631300785409091,181.8225,39.8911728655823,404.05,1379.44,48007.93,16.895
TPD,2019-08-25,2019,237,23.85,12.39,0,0.756082709811132,191.025,41.763933173385,424.5,1437.81,47840.42,18.12
TPD,2019-08-26,2019,238,24.18,14.07,0,0.701968884535875,175.545,38.2444563788325,390.1,1604.64,47672.05,19.125
TPD,2019-08-27,2019,239,22.96,17.81,4.84,0.378224822526131,75.6765,16.4284688029063,168.17,2037.92,47502.87,20.385
TPD,2019-08-28,2019,240,24.61,16.31,0,0.616784759467519,150.93,32.64787250829,335.4,1853.12,47332.9,20.46
TPD,2019-08-29,2019,241,23.69,13.83,0,0.669900856561344,171.2925,36.918887325795,380.65,1580.65,47162.2,18.76
TPD,2019-08-30,2019,242,23.39,13.86,0,0.642187346104015,166.968,35.8560443478456,371.04,1583.71,46990.81,18.625
TPD,2019-08-31,2019,243,21.8,10.68,0,0.660275213443553,186.1245,39.8235121050938,413.61,1284.46,46818.75,16.24
TPD,2019-09-01,2019,244,21.75,14.36,14,0.480928932873818,104.445,22.264801156719,232.1,1634.95,46646.06,18.055
TPD,2019-09-02,2019,245,23.55,15.7,0,0.556479691133169,144.6165,30.7137397051359,321.37,1782.86,46472.78,19.625
TPD,2019-09-03,2019,246,25.28,13.9,0,0.812894163670025,183.204,38.763438459606,407.12,1587.17,46298.95,19.59
TPD,2019-09-04,2019,247,23.02,13.21,0,0.643481560760265,170.3655,35.911245273741,378.59,1517.94,46124.6,18.115
TPD,2019-09-05,2019,248,21.58,8.89,0,0.715875612249207,197.118,41.3928882979776,438.04,1138.94,45949.76,15.235
TPD,2019-09-06,2019,249,21.09,10.5,0.6,0.61295366156628,178.6995,37.3820283010661,397.11,1268.69,45774.47,15.795
TPD,2019-09-07,2019,250,21.86,12.89,0,0.56348708192517,158.229,32.9727538848375,351.62,1486.71,45598.75,17.375
TPD,2019-09-08,2019,251,19.75,11.7,0,0.46041087902103,148.284,30.781016702982,329.52,1374.7,45422.65,15.725
TPD,2019-09-09,2019,252,20.73,10.77,0,0.573491879777805,170.3385,35.2217505939201,378.53,1292.33,45246.18,15.75
TPD,2019-09-10,2019,253,26.65,12.29,0,1.02816511577866,195.048,40.1734733198904,433.44,1428.6,45069.39,19.47
TPD,2019-09-11,2019,254,28.38,18.34,3.6,0.873386137080407,117.513,24.108709844043,261.14,2107.67,44892.3,23.36
TPD,2019-09-12,2019,255,20.3,15.27,0,0.320663691510342,96.0525,19.6280667087795,213.45,1733.79,44714.94,17.785
TPD,2019-09-13,2019,256,25.66,14.52,5.02,0.817064507640909,127.8045,26.0127711880371,284.01,1652.16,44537.34,20.09
TPD,2019-09-14,2019,257,22.52,14.57,0,0.531319769920534,138.1275,28.0016283789428,306.95,1658.11,44359.53,18.545
TPD,2019-09-15,2019,258,23.05,12.9,0,0.661742236716806,162.7515,32.8610889786632,361.67,1487.04,44181.53,17.975
TPD,2019-09-16,2019,259,23.15,14.74,0,0.575695982980169,141.903,28.5360536438469,315.34,1675.85,44003.39,18.945
TPD,2019-09-17,2019,260,23.15,13.22,0,0.654275870472711,158.2965,31.7037494039256,351.77,1518.72,43825.12,18.185
TPD,2019-09-18,2019,261,23.94,12.86,0,0.74100451187127,166.302,33.171536110545,369.56,1483.36,43646.75,18.4
TPD,2019-09-19,2019,262,24.15,12.34,0,0.784462337021398,170.757,33.9209082227619,379.46,1433.91,43468.31,18.245
TPD,2019-09-20,2019,263,26.93,11.72,0,1.08368395208824,184.968,36.5930560687608,411.04,1375.75,43289.83,19.325
TPD,2019-09-21,2019,264,27.83,15.67,0,0.977651947348215,162.8415,32.0828407958277,361.87,1778.86,43111.34,21.75
TPD,2019-09-22,2019,265,28.48,19.53,0.39,0.803058512235101,130.059,25.5179881130418,289.02,2270.36,42932.86,24.005
TPD,2019-09-23,2019,266,24.11,16.23,1.53,0.575913171449257,123.4935,24.1291108558539,274.43,1843.71,42754.42,20.17
TPD,2019-09-24,2019,267,21.48,12.41,0,0.557213950331549,141.03,27.440566514955,313.4,1439.97,42576.05,16.945
TPD,2019-09-25,2019,268,24.67,13.81,2.75,0.760174956331833,115.056,22.2930037188576,255.68,1577.85,42397.78,19.24
TPD,2019-09-26,2019,269,21.34,11.5,0,0.588594680642991,145.755,28.1225103198705,323.9,1355.83,42219.63,16.42
TPD,2019-09-27,2019,270,23.71,8.76,3.92,0.898432120528656,132.5835,25.4733069406158,294.63,1128.84,42041.64,16.235
TPD,2019-09-28,2019,271,22.63,13.73,0,0.584920651202964,130.392,24.9462979426152,289.76,1569.81,41863.83,18.18
TPD,2019-09-29,2019,272,18.25,12.25,0,0.332797908072225,96.9345,18.466610749043,215.41,1425.01,41686.23,15.25
TPD,2019-09-30,2019,273,22.8,12.66,0,0.651799946817404,141.786,26.8961712531174,315.08,1464.28,41508.87,17.73
TPD,2019-10-01,2019,274,28.94,17.22,11.98,1.00940501443439,108.081,20.4150081825009,240.18,1963.72,41331.77,23.08
TPD,2019-10-02,2019,275,21.5,13.43,8.26,0.509076556772497,88.4565,16.6367444818509,196.57,1539.27,41154.98,17.465
TPD,2019-10-03,2019,276,15.87,9.96,1.27,0.287501748655612,94.6305,17.7216231898364,210.29,1223.68,40978.51,12.915
TPD,2019-10-04,2019,277,14.36,6.61,0,0.328731131431922,120.2085,22.414914522828,267.13,974.97,40802.4,10.485
TPD,2019-10-05,2019,278,16.4,4.04,1.2,0.522840535457165,159.9345,29.6940674287422,355.41,815.4,40626.68,10.22
TPD,2019-10-06,2019,279,20.43,11.64,1.25,0.512788090465368,125.1855,23.1421485966017,278.19,1368.97,40451.39,16.035
TPD,2019-10-07,2019,280,17.79,10.72,0,0.371910435218578,106.875,19.671817321125,237.5,1287.61,40276.54,14.255
TPD,2019-10-08,2019,281,18.92,7.62,0,0.567959044661549,146.4165,26.833313920757,325.37,1044.99,40102.19,13.27
TPD,2019-10-09,2019,282,18.88,7.19,0,0.58042197384526,147.3795,26.8927213180734,327.51,1014.7,39928.36,13.035
TPD,2019-10-10,2019,283,19.35,7.47,0,0.603275092641767,147.456,26.7899115995136,327.68,1033.99,39755.08,13.41
TPD,2019-10-11,2019,284,22.06,9.93,1.23,0.712966053660929,144.441,26.1281523725343,320.98,1221.29,39582.39,15.995
TPD,2019-10-12,2019,285,15.45,5.59,0,0.421342844136784,130.8915,23.5742348642796,290.87,908.61,39410.32,10.52
TPD,2019-10-13,2019,286,17.46,3.99,0,0.588872796673364,152.154,27.2845389559176,338.12,812.62,39238.92,10.725
TPD,2019-10-14,2019,287,11.85,3.9,0,0.289514876983632,111.258,19.8641946503826,247.24,807.15,39068.21,7.875
TPD,2019-10-15,2019,288,16.53,1.95,3.17,0.586934979347459,115.65,20.558522539125,257,703.01,38898.25,9.24
TPD,2019-10-16,2019,289,14.39,5.58,7.39,0.363921602966406,86.4405,15.2992600509501,192.09,907.94,38729.06,9.985
TPD,2019-10-17,2019,290,9.53,6.44,0,0.112187924804934,46.9125,8.267029005285,104.25,963.27,38560.68,7.985
TPD,2019-10-18,2019,291,12.16,2.88,0,0.331998180646492,120.6135,21.1624516547262,268.03,750.95,38393.16,7.52
TPD,2019-10-19,2019,292,15.11,0.46,0,0.541434370409153,149.9715,26.1993143542977,333.27,631.41,38226.54,7.785
TPD,2019-10-20,2019,293,20.22,4.61,0,0.758044461184905,148.0635,25.7538883408677,329.03,848.75,38060.86,12.415
TPD,2019-10-21,2019,294,20.39,6.06,4.56,0.725861438074473,106.0515,18.3665817244903,235.67,938.34,37896.17,13.225
TPD,2019-10-22,2019,295,17.92,9.76,4.81,0.41996392862025,75.3165,12.9873908516625,167.37,1207.97,37732.5,13.84
TPD,2019-10-23,2019,296,14.48,7.18,0,0.31530500693737,92.925,15.9547103624475,206.5,1014.17,37569.91,10.83
TPD,2019-10-24,2019,297,14.71,5.86,0,0.372068900391928,107.1765,18.3225269103462,238.17,925.75,37408.44,10.285
TPD,2019-10-25,2019,298,11.85,4.32,0,0.277536456651622,95.706,16.2914581248588,212.68,831.19,37248.14,8.085
TPD,2019-10-26,2019,299,13.19,1.55,33.92,0.415225671180201,94.8645,16.0792485549309,210.81,683.17,37089.06,7.37
TPD,2019-10-27,2019,300,15.86,6.57,10.57,0.412987243077732,81.252,13.7133686040336,180.56,972.03,36931.24,11.215
TPD,2019-10-28,2019,301,17.41,3.6,0,0.597152444942901,131.922,22.1708854337796,293.16,790.22,36774.74,10.505
TPD,2019-10-29,2019,302,17.51,4.7,0,0.571458743932571,125.0775,20.9319276789135,277.95,853.87,36619.62,11.105
TPD,2019-10-30,2019,303,12.02,7.23,12.05,0.191761571071984,45.045,7.5067136058915,100.1,1017.47,36465.91,9.625
TPD,2019-10-31,2019,304,13.72,4.73,23.88,0.355167055123147,76.3515,12.6707965097729,169.67,855.89,36313.67,9.225
TPD,2019-11-01,2019,305,6.07,0.87,0,0.144354669488731,66.546,10.9977095774034,147.88,650.27,36162.97,3.47
TPD,2019-11-02,2019,306,7.74,0.84,8.03,0.201883573339997,62.7795,10.3324598060859,139.51,648.98,36013.86,4.29
TPD,2019-11-03,2019,307,6.69,1,8.09,0.161632359594946,52.929,8.6755583354814,117.62,656.52,35866.38,3.845
TPD,2019-11-04,2019,308,12.26,2.3,7.19,0.351586165037699,79.983,13.056676226586,177.74,720.88,35720.6,7.28
TPD,2019-11-05,2019,309,9.83,2.94,0,0.228922823631093,81.3915,13.2330383541815,180.87,754.25,35576.59,6.385
TPD,2019-11-06,2019,310,6.19,-1.76,1.2,0.205063473607183,91.5345,14.8226499304227,203.41,536.79,35434.38,2.215
TPD,2019-11-07,2019,311,4.56,-1.19,4.14,0.142714293081156,52.8165,8.5189768503543,117.37,559.99,35294.06,1.685
TPD,2019-11-08,2019,312,2.14,-4.33,0,0.134992208057519,78.93,12.681005241267,175.4,443.16,35155.67,-1.095
TPD,2019-11-09,2019,313,4.16,-4.43,0,0.191392859666557,97.2675,15.566506825518,216.15,439.77,35019.28,-0.135
TPD,2019-11-10,2019,314,7.34,0.71,0,0.190540236863394,79.0605,12.6041586639008,175.69,643.13,34884.95,4.025
TPD,2019-11-11,2019,315,2.31,-3.22,10.45,0.119917019473261,51.723,8.2146479875614,114.94,481.79,34752.74,-0.455
TPD,2019-11-12,2019,316,-3.29,-8.44,0,0.0786328785557661,66.609,10.5392612930823,148.02,323.24,34622.71,-5.865
TPD,2019-11-13,2019,317,-1.29,-10.61,0,0.142314161011856,102.7665,16.2003038294007,228.37,272.37,34494.94,-5.95
TPD,2019-11-14,2019,318,1.02,-4.02,0,0.102397668676722,64.8,10.17803736792,144,453.53,34369.47,-1.5
TPD,2019-11-15,2019,319,1.66,-2.74,0,0.0948424171008515,57.267,8.9626292337141,127.26,499.28,34246.39,-0.54
TPD,2019-11-16,2019,320,0.34,-7.56,0,0.140415101161033,91.062,14.2015406809716,202.36,346.14,34125.74,-3.61
TPD,2019-11-17,2019,321,5.25,-7.56,0,0.270664126571672,113.5845,17.652704626854,252.41,346.23,34007.6,-1.155
TPD,2019-11-18,2019,322,6.41,-1.67,0,0.210345586209502,89.478,13.8589370566092,198.84,540.52,33892.02,2.37
TPD,2019-11-19,2019,323,6.76,-0.5,0,0.19780477037171,83.6235,12.9089927764566,185.83,588.93,33779.08,3.13
TPD,2019-11-20,2019,324,7.55,0.27,0,0.208076711443507,84.033,12.9298718969604,186.74,622.93,33668.84,3.91
TPD,2019-11-21,2019,325,10.19,-0.42,1.13,0.324706796840717,102.186,15.6728201776272,227.08,592.43,33561.36,4.885
TPD,2019-11-22,2019,326,8.25,-0.88,0,0.258707721986345,94.2075,14.4040596434753,209.35,572.65,33456.71,3.685
TPD,2019-11-23,2019,327,5.53,-3.96,0,0.224426329848685,96.2595,14.6730354004701,213.91,455.83,33354.94,0.785
TPD,2019-11-24,2019,328,6.13,-1.03,0,0.188286054246846,79.767,12.1230296682147,177.26,566.39,33256.13,2.55
TPD,2019-11-25,2019,329,8.83,2.74,0,0.194815025495418,69.966,10.6028339174784,155.48,743.63,33160.32,5.785
TPD,2019-11-26,2019,330,11.7,4.91,3.04,0.252833104181007,55.917,8.4501147652371,124.26,866.55,33067.59,8.305
TPD,2019-11-27,2019,331,13.17,3.4,3.71,0.36614030685712,69.8805,10.5316492259911,155.29,779.26,32977.99,8.285
TPD,2019-11-28,2019,332,4.93,0.12,0,0.125939031924042,59.211,8.9002757851893,131.58,615.86,32891.59,2.525
TPD,2019-11-29,2019,333,0.82,-1.5,0,0.0505910046420711,31.032,4.6527681829032,68.96,547.33,32808.43,-0.34
TPD,2019-11-30,2019,334,1.92,-2.07,0,0.0884146061853976,51.0525,7.6359025451565,113.45,524.86,32728.58,-0.075
TPD,2019-12-01,2019,335,2.3,-1.56,11.92,0.0882181461461541,36.9855,5.51897820735615,82.19,544.73,32652.09,0.37
TPD,2019-12-02,2019,336,1.42,-3.04,0,0.094620549167675,56.4345,8.4023138181483,125.41,488.13,32579.02,-0.81
TPD,2019-12-03,2019,337,1.6,-4.98,0,0.13211499618221,76.518,11.3681265071166,170.04,421.95,32509.41,-1.69
TPD,2019-12-04,2019,338,2.12,-0.65,0,0.0647603297508499,36.603,5.4269777150001,81.34,582.37,32443.31,0.735
TPD,2019-12-05,2019,339,2.04,-1.11,0,0.072409239897643,41.5485,6.1483538688831,92.33,563.07,32380.78,0.465
TPD,2019-12-06,2019,340,4.35,-0.87,0,0.130186014861552,64.4895,9.5258020984479,143.31,572.99,32321.86,1.74
TPD,2019-12-07,2019,341,1.85,-3.79,0,0.118528117067832,68.904,10.1604678263352,153.12,461.5,32266.59,-0.97
TPD,2019-12-08,2019,342,8.41,-3.37,0,0.31275939600574,98.3025,14.4723492137992,218.45,476.44,32215.01,2.52
TPD,2019-12-09,2019,343,10.73,4.86,10.87,0.211751019619338,50.2065,7.38055466416485,111.57,863.4,32167.17,7.795
TPD,2019-12-10,2019,344,7.54,-3.24,0,0.279018677801085,95.067,13.9560752924271,211.26,480.87,32123.09,2.15
TPD,2019-12-11,2019,345,-3.26,-8.41,0,0.0787583452337244,62.8155,9.2099135952747,139.59,324.03,32082.82,-5.835
TPD,2019-12-12,2019,346,0.93,-10.2,0,0.186358651278142,96.48,14.129684772768,214.4,281.48,32046.38,-4.635
TPD,2019-12-13,2019,347,4.94,-3.01,0,0.189618351345996,81.9045,11.9828832122326,182.01,489.24,32013.81,0.965
TPD,2019-12-14,2019,348,3.85,0.28,12.95,0.0906066949162164,32.6655,4.7747814137352,72.59,623.22,31985.12,2.065
TPD,2019-12-15,2019,349,1.64,-3.44,0,0.107240900161121,59.8635,8.7435882081063,133.03,473.71,31960.34,-0.9
TPD,2019-12-16,2019,350,1.93,-4.38,2.38,0.130623481689052,53.262,7.7743063018566,118.36,441.4,31939.49,-1.225
TPD,2019-12-17,2019,351,0.32,-3.46,2.95,0.0765249521893694,35.7705,5.21842361556915,79.49,472.93,31922.59,-1.57
TPD,2019-12-18,2019,352,-2.6,-9.55,0,0.104819811495027,78.345,11.4248241886725,174.1,296.2,31909.65,-6.075
TPD,2019-12-19,2019,353,-2.97,-10.71,0,0.11085899751306,83.4075,12.159654769647,185.35,270.32,31900.68,-6.84
TPD,2019-12-20,2019,354,-0.31,-8.76,0,0.141368326183886,86.5935,12.6221506469856,192.43,315.34,31895.68,-4.535
TPD,2019-12-21,2019,355,4.38,-7.14,0,0.238914088755913,96.174,14.0181916260906,213.72,357.59,31894.67,-1.38
TPD,2019-12-22,2019,356,7.89,-1.52,0,0.258724518034915,88.5195,12.9036835679886,196.71,546.35,31897.64,3.185
TPD,2019-12-23,2019,357,9.88,-0.03,0,0.303682498317361,89.694,13.0777418502522,199.32,609.23,31904.59,4.925
TPD,2019-12-24,2019,358,4.3,-3.21,0,0.174231126291499,79.992,11.6671436249544,177.76,482.04,31915.51,0.545
TPD,2019-12-25,2019,359,6.8,-2.63,0,0.242269685353284,88.857,12.966184756296,197.46,503.15,31930.4,2.085
TPD,2019-12-26,2019,360,11.65,-0.08,0,0.380396888088341,93.9735,13.7208853064898,208.83,607.37,31949.24,5.785
TPD,2019-12-27,2019,361,12.73,3.08,0,0.353165608468796,87.0975,12.7260013646115,193.55,762.1,31972.02,7.905
TPD,2019-12-28,2019,362,5.01,-0.06,0,0.132046697852505,59.067,8.6376125616768,131.26,608.18,31998.72,2.475
TPD,2019-12-29,2019,363,6.85,-1.09,14.09,0.213366687067089,60.471,8.8513844579451,134.38,564,32029.33,2.88
TPD,2019-12-30,2019,364,11.05,1.98,3.04,0.305457076986252,63.567,9.314572055922,141.26,704.2,32063.8,6.515
TPD,2019-12-31,2019,365,2.58,-1.67,0,0.0976174945061236,50.202,7.3649714652882,111.56,540.38,32102.13,0.455
TPD,2020-01-01,2020,1,3.05,-2.62,0,0.128375076213729,67.041,9.8483351148702,148.98,503.76,32144.46,0.215
TPD,2020-01-02,2020,2,7.11,0.53,0,0.18667854723246,73.8945,10.8706327304747,164.21,634.85,32190.41,3.82
TPD,2020-01-03,2020,3,7.72,3.79,2.32,0.124984413577992,36.2475,5.34060887961825,80.55,800.98,32240.11,5.755
TPD,2020-01-04,2020,4,4.09,-0.42,0.6,0.11279115111933,55.9215,8.2529724995676,124.27,592.43,32293.52,1.835
TPD,2020-01-05,2020,5,2.03,-1.23,4.57,0.0746023295924914,31.6935,4.68563954521995,70.43,558.16,32350.61,0.4
TPD,2020-01-06,2020,6,3.48,-0.78,0,0.103370353458175,53.964,7.9931332392336,119.92,577.01,32411.32,1.35
TPD,2020-01-07,2020,7,4.34,-3.53,0,0.181015343840816,86.292,12.8069088822972,191.76,470.73,32475.63,0.405
TPD,2020-01-08,2020,8,0.08,-6.11,0,0.114015173303736,75.1455,11.1759136347245,166.99,387.13,32543.47,-3.015
TPD,2020-01-09,2020,9,5.98,-9.91,0,0.322894207046524,108.4905,16.170469534458,241.09,287.94,32614.8,-1.965
TPD,2020-01-10,2020,10,10.49,0.8,4.28,0.309852821433541,71.226,10.6405504746156,158.28,647.2,32689.58,5.645
TPD,2020-01-11,2020,11,15.27,4.13,20,0.45541561565025,73.9215,11.0696390503137,164.27,820.55,32767.74,9.7
TPD,2020-01-12,2020,12,6.19,-2.57,1.31,0.220780730838978,93.9285,14.1006428657838,208.73,505.48,32849.24,1.81
TPD,2020-01-13,2020,13,4.3,-1.71,1.8,0.145620101624576,75.015,11.2903895538855,166.7,538.98,32934.01,1.295
TPD,2020-01-14,2020,14,7.06,-1.76,0,0.234220121535476,95.2875,14.37988808025,211.75,536.79,33022,2.65
TPD,2020-01-15,2020,15,6.13,-0.61,0,0.179540822941993,82.2015,12.4393179973518,182.67,583.96,33113.16,2.76
TPD,2020-01-16,2020,16,3,-4.4,0.33,0.158492116632937,89.1,13.52162972754,198,440.93,33207.42,-0.7
TPD,2020-01-17,2020,17,-3.8,-8.48,6.03,0.0702458071880233,54.405,8.2805833289205,120.9,322.16,33304.73,-6.14
TPD,2020-01-18,2020,18,3.72,-7.09,16.78,0.219230741797684,91.764,14.0087744330148,203.92,359.08,33405.01,-1.685
TPD,2020-01-19,2020,19,-0.75,-8.75,0,0.131821664799179,109.251,16.7298859025154,242.78,315.59,33508.22,-4.75
TPD,2020-01-20,2020,20,-4.51,-14.47,0,0.119778536134685,123.21,18.927182555316,273.8,199.21,33614.28,-9.49
TPD,2020-01-21,2020,21,-3.63,-10.49,0,0.0967043584919421,102.222,15.7539179540556,227.16,275.07,33723.14,-7.06
TPD,2020-01-22,2020,22,-0.58,-8.85,0,0.136699564899452,114.3855,17.6868254634566,254.19,313.09,33834.73,-4.715
TPD,2020-01-23,2020,23,3.96,-6.15,0,0.212614265539115,125.172,19.4200400812392,278.16,385.91,33948.98,-1.095
TPD,2020-01-24,2020,24,5.63,-0.61,12.91,0.163528514887772,71.793,11.1767947686783,159.54,583.96,34065.83,2.51
TPD,2020-01-25,2020,25,4.72,0.36,0,0.113924893366715,72.135,11.269395360279,160.3,626.97,34185.22,2.54
TPD,2020-01-26,2020,26,2.01,0.26,0,0.0418006687023713,32.427,5.0840153539551,72.06,622.46,34307.09,1.135
TPD,2020-01-27,2020,27,1.36,-0.15,0,0.0350410840675811,29.34,4.616687587968,65.2,604.07,34431.36,0.605
TPD,2020-01-28,2020,28,1.24,-1.26,0,0.0558418672756482,45.0585,7.1160874901631,100.13,556.88,34557.98,-0.01
TPD,2020-01-29,2020,29,0.27,-3.75,0,0.0801597456418819,70.6365,11.1972302819784,156.97,463.09,34686.88,-1.74
TPD,2020-01-30,2020,30,0.46,-6.38,0,0.126631989538314,109.4625,17.4174775328137,243.25,379.12,34817.99,-2.96
TPD,2020-01-31,2020,31,0.36,-3.59,0,0.0796928822689903,71.28,11.385358964496,158.4,468.38,34951.26,-1.615
TPD,2020-02-01,2020,32,1.25,-4.26,2.29,0.111832197995725,71.7075,11.4980002826805,159.35,445.52,35086.62,-1.505
TPD,2020-02-02,2020,33,4.34,-0.95,0,0.131513534555847,92.214,14.8440311416998,204.92,569.7,35224.01,1.695
TPD,2020-02-03,2020,34,7.54,-0.39,0,0.222497242423275,121.2705,19.5985983764435,269.49,593.59,35363.37,3.575
TPD,2020-02-04,2020,35,3.87,-1.38,0,0.126855161940965,92.0835,14.9411150264848,204.63,552.03,35504.63,1.245
TPD,2020-02-05,2020,36,0.07,-5.05,2.09,0.0975722408949439,69.1245,11.2610841705891,153.61,419.61,35647.74,-2.49
TPD,2020-02-06,2020,37,-1.97,-4.27,2.64,0.0423803403439475,34.902,5.7090026762496,77.56,445,35792.64,-3.12
TPD,2020-02-07,2020,38,-1.74,-6.16,0,0.0764326214194783,85.1175,13.9799040311385,189.15,385.74,35939.26,-3.95
TPD,2020-02-08,2020,39,-3.32,-8.55,0,0.0795452828431398,102.429,16.8926059624068,227.62,320.41,36087.56,-5.935
TPD,2020-02-09,2020,40,2.41,-7.1,8.14,0.184215876766742,110.529,18.3041813398491,245.62,358.7,36237.47,-2.345
TPD,2020-02-10,2020,41,3.85,-2.2,0,0.142622365355145,116.46,19.367001702468,258.8,519.52,36388.94,0.825
TPD,2020-02-11,2020,42,2.14,-1.62,0,0.0854164927737525,81.3825,13.5905949969278,180.85,542.25,36541.91,0.26
TPD,2020-02-12,2020,43,1.45,-4.55,1.73,0.121658931825623,120.5775,20.2211154087278,267.95,435.71,36696.33,-1.55
TPD,2020-02-13,2020,44,0.67,-8.75,0,0.163186626812408,155.3805,26.1682950024639,345.29,315.61,36852.14,-4.04
TPD,2020-02-14,2020,45,-6.9,-14.25,0,0.081598466657613,142.0155,24.0194366957655,315.59,202.83,37009.3,-10.575
TPD,2020-02-15,2020,46,1.2,-13.03,0,0.221431647194821,173.394,29.452118334795,385.32,224.22,37167.75,-5.915
TPD,2020-02-16,2020,47,3.01,-6.59,0,0.19274333404053,158.2155,26.9894126957724,351.59,373.14,37327.44,-1.79
TPD,2020-02-17,2020,48,2.89,-8.22,2.12,0.211740812182147,126.0225,21.5903849181323,280.05,328.85,37488.33,-2.665
TPD,2020-02-18,2020,49,5.74,-2.69,0,0.208404387297338,151.461,26.0607045741372,336.58,501.13,37650.36,1.525
TPD,2020-02-19,2020,50,0.84,-6.05,0,0.130546299461221,139.2525,24.0638971841482,309.45,388.83,37813.49,-2.605
TPD,2020-02-20,2020,51,-4.1,-7.86,0,0.057040120306156,89.028,15.4515173417532,197.84,338.2,37977.67,-5.98
TPD,2020-02-21,2020,52,0.08,-9.59,0,0.160127624856475,169.218,29.4968752695036,376.04,295.21,38142.86,-4.755
TPD,2020-02-22,2020,53,4.59,-4.58,0,0.2064932087231,165.915,29.0471000312655,368.7,434.75,38309.01,0.005
TPD,2020-02-23,2020,54,8.52,-0.6,0,0.262921433091106,164.115,28.857273542244,364.7,584.41,38476.08,3.96
TPD,2020-02-24,2020,55,9.58,0.61,0.95,0.277018670070414,146.331,25.8425253614601,325.18,638.23,38644.03,5.095
TPD,2020-02-25,2020,56,5.23,1.31,0,0.107369501612352,82.251,14.5892334293667,182.78,671.18,38812.81,3.27
TPD,2020-02-26,2020,57,2.43,-2.24,4.77,0.104876825041162,72.738,12.9582399530574,161.64,518.1,38982.39,0.095
TPD,2020-02-27,2020,58,-2.88,-6.6,0,0.0613607036552384,81.171,14.5237627480131,180.38,372.68,39152.73,-4.74
TPD,2020-02-28,2020,59,-3.61,-7.29,0,0.0578273126023113,81.3555,14.6203741498667,180.79,353.48,39323.79,-5.45
TPD,2020-02-29,2020,60,-2.64,-9.67,0,0.105487707892234,137.8485,24.8808997224504,306.33,293.39,39495.52,-6.155
TPD,2020-03-01,2020,61,6.45,-9.94,0,0.338625427829239,181.0665,32.8241521161495,402.37,287.23,39667.9,-1.745
TPD,2020-03-02,2020,62,7.72,0.39,7.19,0.211557292143542,101.97,18.565970278581,226.6,628.22,39840.89,4.055
TPD,2020-03-03,2020,63,7.47,0.77,4.64,0.193700775734658,96.5205,17.6503212759983,214.49,645.93,40014.45,4.12
TPD,2020-03-04,2020,64,5.56,-0.5,0,0.158626754672207,122.067,22.4190239206626,271.26,589.01,40188.54,2.53
TPD,2020-03-05,2020,65,6.03,-4.75,0,0.253744738881774,170.4195,31.4355042471411,378.71,429.27,40363.14,0.64
TPD,2020-03-06,2020,66,3.28,-1.09,0,0.104386838475464,93.9015,17.3961561792595,208.67,564.04,40538.21,1.095
TPD,2020-03-07,2020,67,3.5,-4.65,0,0.176266640749268,151.281,28.1476000982124,336.18,432.65,40713.72,-0.575
TPD,2020-03-08,2020,68,12.61,-0.32,0,0.430355090791074,179.685,33.576955182738,399.3,596.76,40889.64,6.145
TPD,2020-03-09,2020,69,16.41,6.45,6.32,0.448903320589107,119.664,22.4574984551664,265.92,964.22,41065.93,11.43
TPD,2020-03-10,2020,70,11.94,0.43,4.76,0.382344019620062,131.292,24.7457191169664,291.76,630.06,41242.56,6.185
TPD,2020-03-11,2020,71,5.46,-2.81,0,0.20195725369923,152.019,28.7752448824533,337.82,496.54,41419.51,1.325
TPD,2020-03-12,2020,72,10.32,0.71,2.36,0.304710155059615,122.1075,23.2122818580435,271.35,643.11,41596.74,5.515
TPD,2020-03-13,2020,73,10.99,1.76,0,0.308323723799892,159.2415,30.4005058053741,353.87,693.23,41774.22,6.375
TPD,2020-03-14,2020,74,2.59,-0.72,0,0.0783418792452301,72.414,13.8832352597214,160.92,579.4,41951.93,0.935
TPD,2020-03-15,2020,75,4.78,-2.77,0,0.180470096185993,147.159,28.3330180192392,327.02,497.98,42129.84,1.005
TPD,2020-03-16,2020,76,8.79,-4.61,1.55,0.34838877816978,194.634,37.6319289400758,432.52,433.99,42307.91,2.09
TPD,2020-03-17,2020,77,8.01,-0.91,0,0.250383671005292,165.096,32.0552982965664,366.88,571.54,42486.12,3.55
TPD,2020-03-18,2020,78,8,-1.95,6.46,0.271013293115444,132.5655,25.8471620493907,294.59,529.54,42664.45,3.025
TPD,2020-03-19,2020,79,14.23,2.05,7.09,0.455794602593642,141.858,27.774636639921,315.24,707.94,42842.85,8.14
TPD,2020-03-20,2020,80,17.99,-1.19,0,0.749322486586575,207.801,40.8552210601524,461.78,559.99,43021.32,8.4
TPD,2020-03-21,2020,81,1.35,-5.36,0,0.132198345847115,137.205,27.08743451463,304.9,409.79,43199.8,-2.005
TPD,2020-03-22,2020,82,4.65,-7.27,1.79,0.24867971701417,215.487,42.7178811279411,478.86,353.99,43378.29,-1.31
TPD,2020-03-23,2020,83,5.03,-1.37,6.01,0.160605266126044,99.4275,19.791480679893,220.95,552.51,43556.76,1.83
TPD,2020-03-24,2020,84,5.9,0.88,0,0.138709915898716,109.2825,21.842258435739,242.85,650.67,43735.16,3.39
TPD,2020-03-25,2020,85,12.31,0.61,0,0.395308474431796,192.843,38.7006298249599,428.54,638.4,43913.49,6.46
TPD,2020-03-26,2020,86,15.01,2.3,0,0.49136107532571,196.794,39.653807784786,437.32,720.53,44091.7,8.655
TPD,2020-03-27,2020,87,11.04,2.26,1.54,0.297390550024241,164.2275,33.2253333927247,364.95,718.93,44269.77,6.65
TPD,2020-03-28,2020,88,10.63,3.74,18.09,0.240222499445728,103.032,20.9284674815232,228.96,798.11,44447.68,7.185
TPD,2020-03-29,2020,89,20.63,5.56,1.66,0.759759117023595,204.1335,41.6305843165121,453.63,906.32,44625.39,13.095
TPD,2020-03-30,2020,90,9.14,4.81,1.31,0.148081634997806,90.396,18.5085010808964,200.88,860.59,44802.87,6.975
TPD,2020-03-31,2020,91,8.88,3.43,0,0.178111231606429,115.956,23.835806013492,257.68,780.84,44980.1,6.155
TPD,2020-04-01,2020,92,10.37,1.77,0,0.281466062503958,166.6845,34.3982999743133,370.41,693.87,45157.05,6.07
TPD,2020-04-02,2020,93,12.82,0.41,0,0.424084491050025,202.329,41.9175031495257,449.62,629.34,45333.69,6.615
TPD,2020-04-03,2020,94,11.57,0.26,0,0.369227057368986,194.247,40.3996092787242,431.66,622.51,45509.98,5.915
TPD,2020-04-04,2020,95,13.89,2.18,0,0.434843452345777,196.7175,41.0715682819628,437.15,714.54,45685.89,8.035
TPD,2020-04-05,2020,96,11.04,1.43,0,0.318396199150801,177.246,37.148386149108,393.88,677.24,45861.4,6.235
TPD,2020-04-06,2020,97,14.19,-2.29,0,0.558380778970927,223.2945,46.9781960199552,496.21,507.59,46036.48,5.95
TPD,2020-04-07,2020,98,14.62,2.71,10.07,0.459283145464365,148.149,31.2867925795044,329.22,742.13,46211.08,8.665
TPD,2020-04-08,2020,99,13.96,6.55,6.92,0.309926884337672,108.7965,23.0627067559259,241.77,970.89,46385.17,10.255
TPD,2020-04-09,2020,100,9.5,1.75,2.59,0.246214379672698,116.658,24.8217188422338,259.24,693.08,46558.73,5.625
TPD,2020-04-10,2020,101,5.85,-0.01,0,0.1574031874829,126.3105,26.9753706201042,280.69,610.1,46731.72,2.92
TPD,2020-04-11,2020,102,9.23,-0.32,0,0.284053895892439,183.474,39.327970594338,407.72,596.54,46904.1,4.455
TPD,2020-04-12,2020,103,17.06,3.96,7.17,0.564861612001723,157.851,33.9595256786688,350.78,810.92,47075.84,10.51
TPD,2020-04-13,2020,104,14.7,4.23,4.01,0.421279547589625,141.0345,30.4519341354885,313.41,826.39,47246.9,9.465
TPD,2020-04-14,2020,105,6.62,-0.94,0,0.202449755759682,154.6425,33.510532852719,343.65,570.27,47417.24,2.84
TPD,2020-04-15,2020,106,3.97,-2.68,2.62,0.155041588624745,107.406,23.3577726493644,238.68,501.43,47586.82,0.645
TPD,2020-04-16,2020,107,4.42,-4.03,0,0.191999975086795,173.4975,37.86463085427,385.55,453.43,47755.6,0.195
TPD,2020-04-17,2020,108,3.37,-1.96,1.84,0.124534931794528,120.8295,26.4629441321933,268.51,528.89,47923.55,0.705
TPD,2020-04-18,2020,109,8.83,-1.07,0,0.284607939966294,194.418,42.7280563522638,432.04,564.61,48090.63,3.88
TPD,2020-04-19,2020,110,13.33,1.01,1.18,0.477143735700086,218.2455,48.1304406132693,484.99,615.21,48256.78,7.17
TPD,2020-04-20,2020,111,9.51,-3.77,0.05,0.378133117937446,226.674,50.1603274389546,503.72,446.47,48421.97,2.87
TPD,2020-04-21,2020,112,8.75,-0.55,0,0.270517383904479,190.0215,42.1921278771683,422.27,586.58,48586.15,4.1
TPD,2020-04-22,2020,113,5.77,-2.42,0.7,0.204173540565935,175.5585,39.1116616610616,390.13,511.38,48749.28,1.675
TPD,2020-04-23,2020,114,8.05,0.27,4.54,0.225974786508496,125.3835,28.0263132848754,278.63,623.02,48911.32,4.16
TPD,2020-04-24,2020,115,11.52,1.46,0,0.366436222367053,198.765,44.5750388403705,441.7,651.15,49072.21,6.49
TPD,2020-04-25,2020,116,14.88,0.37,12.72,0.541688589975972,174.879,39.345988261257,388.62,616.52,49231.9,7.625
TPD,2020-04-26,2020,117,9.95,4.07,8.47,0.202160030385015,100.1565,22.6067187524238,222.57,817.16,49390.36,7.01
TPD,2020-04-27,2020,118,14.3,1.65,0,0.50576954327286,222.5205,50.3857988834112,494.49,651.67,49547.52,7.975
TPD,2020-04-28,2020,119,17.25,6.97,0,0.525447793964795,198.648,45.1217446371288,441.44,956.16,49703.33,12.11
TPD,2020-04-29,2020,120,17.94,8.86,14.26,0.457397103578234,135.4455,30.8612521906056,300.99,1136.39,49857.76,13.4
TPD,2020-04-30,2020,121,15.56,8.08,6.35,0.342477719823788,118.341,27.0467214811101,262.98,1078.25,50010.73,11.82
TPD,2020-05-01,2020,122,14.15,5.31,0,0.359776299627247,181.1205,41.520290545107,402.49,891.06,50162.2,9.73
TPD,2020-05-02,2020,123,19.52,3.81,0,0.79676651787462,238.6395,54.8695074587566,530.31,736.7,50312.11,11.665
TPD,2020-05-03,2020,124,21.44,8.35,0,0.803889173122294,220.284,50.7983877709308,489.52,1019.55,50460.41,14.895
TPD,2020-05-04,2020,125,11.34,3.81,0,0.268855527141076,163.2645,37.7588621851056,362.81,802.3,50607.04,7.575
TPD,2020-05-05,2020,126,11.13,-0.97,0,0.376687117641632,222.5925,51.6272955043365,494.65,568.88,50751.94,5.08
TPD,2020-05-06,2020,127,13.75,2.2,0,0.43966562356819,217.4085,50.5671352396857,483.13,703.06,50895.06,7.975
TPD,2020-05-07,2020,128,15.85,0.69,0,0.624529102964321,242.0325,56.450687910228,537.85,595.23,51036.32,8.27
TPD,2020-05-08,2020,129,6.41,-0.73,0,0.190907479022292,160.6185,37.5643149186911,356.93,579.23,51175.69,2.84
TPD,2020-05-09,2020,130,7.23,-2.3,0,0.250592274227308,198.1575,46.468087440957,440.35,515.81,51313.08,2.465
TPD,2020-05-10,2020,131,13.85,0.86,1.02,0.503869691952536,228.816,53.7990739489728,508.48,611.23,51448.44,7.355
TPD,2020-05-11,2020,132,7.22,0.75,0,0.185404893967954,146.052,34.4286130983408,324.56,645.01,51581.72,3.985
TPD,2020-05-12,2020,133,11.51,-0.95,0,0.413782725524713,227.7945,53.8341454284066,506.21,549.04,51712.84,5.28
TPD,2020-05-13,2020,134,12.44,-2.55,0,0.503031865938605,244.3545,57.8916744277131,543.01,470.95,51841.74,4.945
TPD,2020-05-14,2020,135,16.3,3.22,6.7,0.540265691448876,169.7355,40.3114013493246,377.19,769.21,51968.36,9.76
TPD,2020-05-15,2020,136,23.35,9.25,3.47,0.863024179214531,168.2685,40.0585652998488,373.93,1151.78,52092.64,16.3
TPD,2020-05-16,2020,137,19.27,7.27,0,0.669148510377722,211.77,50.532623196939,470.6,955.54,52214.51,13.27
TPD,2020-05-17,2020,138,16.9,9.1,11.75,0.382901655514685,117.288,28.0512981368856,260.64,1154.94,52333.91,13.0
TPD,2020-05-18,2020,139,15.79,10.99,5.55,0.238546811191804,76.959,18.4470737545251,171.02,1311.49,52450.77,13.39
TPD,2020-05-19,2020,140,20.34,11.15,0,0.527870928245171,177.3585,42.6054467707754,394.13,1325.44,52565.03,15.745
TPD,2020-05-20,2020,141,21.12,8.08,0,0.780101438031978,222.021,53.4475934300214,493.38,1008.61,52676.62,14.6
TPD,2020-05-21,2020,142,22.95,7.55,0,0.977913537671371,236.16,56.968792632576,524.8,939.26,52785.48,15.25
TPD,2020-05-22,2020,143,22.73,11.13,0,0.779088424142756,203.184,49.112495297064,451.52,1261,52891.55,16.93
TPD,2020-05-23,2020,144,23.36,13.3,0,0.695142105722305,182.4615,44.1896305459518,405.47,1499.88,52994.76,18.33
TPD,2020-05-24,2020,145,28.17,13.84,0,1.27734419141686,219.6585,53.2989102531357,488.13,1417.73,53095.06,21.005
TPD,2020-05-25,2020,146,30.48,17.92,0,1.32105319757563,199.755,48.5582693429295,443.9,1881.1,53192.37,24.2
TPD,2020-05-26,2020,147,31.66,18.15,0,1.48884601583795,204.7545,49.861795180271,455.01,1879.75,53286.63,24.905
TPD,2020-05-27,2020,148,28.99,18.55,0,1.02614735895086,176.247,42.993084422862,391.66,2038.33,53377.8,23.77
TPD,2020-05-28,2020,149,23.96,18.48,9.12,0.42026606970481,79.2945,19.374715522917,176.21,2126.55,53465.8,21.22
TPD,2020-05-29,2020,150,24.68,13.19,4.78,0.791915793245307,147.4605,36.0874405305513,327.69,1515.87,53550.58,18.935
TPD,2020-05-30,2020,151,17.74,9.33,0,0.426172600356607,164.0205,40.2011958398148,364.49,1173.05,53632.08,13.535
TPD,2020-05-31,2020,152,16.04,5.58,0,0.455456535270053,194.9805,47.8591028985713,433.29,907.87,53710.25,10.81
TPD,2020-06-01,2020,153,21.52,7.59,0,0.841334709022211,226.467,55.6650525073176,503.26,960.74,53785.04,14.555
TPD,2020-06-02,2020,154,26.17,11.84,0.42,1.15706467678015,223.803,55.0832127180498,497.34,1230.2,53856.38,19.005
TPD,2020-06-03,2020,155,27.28,14.87,0,1.10335564701331,202.7295,49.9593870890375,450.51,1549.53,53924.23,21.075
TPD,2020-06-04,2020,156,26.84,14.43,0,1.07639277348538,203.535,50.217707724273,452.3,1506.74,53988.54,20.635
TPD,2020-06-05,2020,157,27.97,16.25,0,1.09188560228212,193.8735,47.8877467833477,430.83,1713.47,54049.26,22.11
TPD,2020-06-06,2020,158,25.87,14.35,0,0.954957905700726,196.281,48.5336305435212,436.18,1525.85,54106.36,20.11
TPD,2020-06-07,2020,159,23.18,11.13,0,0.842878982703168,204.8985,50.7144676082481,455.33,1235.3,54159.78,17.155
TPD,2020-06-08,2020,160,25.02,9.61,0,1.14404307023783,231.471,57.3440060310156,514.38,1035.91,54209.48,17.315
TPD,2020-06-09,2020,161,31.84,13.53,1.81,1.87555629762924,238.383,59.1064357095864,529.74,1251.11,54255.44,22.685
TPD,2020-06-10,2020,162,31.2,19.35,12.99,1.14520249920415,136.116,33.7758348162132,302.48,2244.24,54297.61,25.275
TPD,2020-06-11,2020,163,24.02,16.45,0,0.554633119583796,136.908,33.9963561853776,304.24,1869.9,54335.96,20.235
TPD,2020-06-12,2020,164,19.13,10.75,0,0.459620670716752,158.553,39.3961399178166,352.34,1290.18,54370.46,14.94
TPD,2020-06-13,2020,165,18.92,6.55,0,0.652424341866213,212.1705,52.7483405489117,471.49,923.65,54401.09,12.735
TPD,2020-06-14,2020,166,19.16,7.28,0,0.6406241699922,207.252,51.5508452250084,460.56,976.8,54427.81,13.22
TPD,2020-06-15,2020,167,22.94,10.12,0,0.876363189850293,212.823,52.9587334521882,472.94,1138.41,54450.62,16.53
TPD,2020-06-16,2020,168,25.07,9.16,0,1.15248091996179,233.703,58.1746523221179,519.34,1014.4,54469.49,17.115
TPD,2020-06-17,2020,169,27.34,11.15,0,1.34782139919102,230.4945,57.391680228606,512.21,1129.34,54484.4,19.245
TPD,2020-06-18,2020,170,29.27,14.57,0,1.44606659197194,215.1,53.56931051745,478,1412.75,54495.35,21.92
TPD,2020-06-19,2020,171,28.28,16.55,0,1.1448686504746,186.2145,46.3814972731175,413.81,1712.58,54502.33,22.415
TPD,2020-06-20,2020,172,29.42,16.46,0,1.33621981597268,199.1205,49.5987884297442,442.49,1646.83,54505.32,22.94
TPD,2020-06-21,2020,173,31.29,17.31,0,1.57605451756389,205.4475,51.1738563921255,456.55,1690.49,54504.34,24.3
TPD,2020-06-22,2020,174,27.1,19.52,0,0.654182552946054,128.808,32.0811936688872,286.24,2268.3,54499.37,23.31
TPD,2020-06-23,2020,175,25.8,17.49,14.21,0.658061918376569,108.1575,26.9335125372555,240.35,1997.11,54490.42,21.645
TPD,2020-06-24,2020,176,22.21,14.44,0,0.513489837343453,142.3125,35.4304360333688,316.25,1643.59,54477.51,18.325
TPD,2020-06-25,2020,177,25.33,12.13,0,1.05351392546514,210.843,52.4756767326813,468.54,1264.78,54460.63,18.73
TPD,2020-06-26,2020,178,27.38,15.25,19.28,0.952322051986612,144.8415,36.0351068923256,321.87,1732.07,54439.81,21.315
TPD,2020-06-27,2020,179,26.84,19.12,0,0.654912920919526,133.326,33.1550862632892,296.28,2212.59,54415.06,22.98
TPD,2020-06-28,2020,180,27.71,17.32,0,0.968798164982202,172.7325,42.9319377957848,383.85,1872.95,54386.39,22.515
TPD,2020-06-29,2020,181,29.2,15.88,0,1.3353883507346,203.7645,50.6145004502076,452.81,1587.88,54353.84,22.54
TPD,2020-06-30,2020,182,28.16,17.05,0,1.06760424853135,179.784,44.6279000964984,399.52,1806.78,54317.43,22.605
TPD,2020-07-01,2020,183,29.14,16.41,0,1.28153332063086,197.5725,49.0072091251635,439.05,1665.68,54277.18,22.775
TPD,2020-07-02,2020,184,31.09,16.83,0,1.55800684608659,209.2725,51.8672273295173,465.05,1653.19,54233.13,23.96
TPD,2020-07-03,2020,185,31.9,18.19,0,1.57936881075126,201.9105,49.9984644688304,448.69,1823.76,54185.31,25.045
TPD,2020-07-04,2020,186,30.48,17.99,0,1.35320375645058,191.6865,47.4215692071168,425.97,1853.47,54133.76,24.235
TPD,2020-07-05,2020,187,31.33,14.58,0,1.73255554144273,226.611,56.0043788554404,503.58,1381.42,54078.52,22.955
TPD,2020-07-06,2020,188,32.24,16.92,0,1.7261543145995,213.2685,52.6495228088229,473.93,1642.61,54019.62,24.58
TPD,2020-07-07,2020,189,33.46,17.6,0,1.93222345601485,215.1135,53.0435457136715,478.03,1649.85,53957.11,25.53
TPD,2020-07-08,2020,190,32.2,20.82,0,1.43613935323131,173.1555,42.6450919936104,384.79,2192.48,53891.04,26.51
TPD,2020-07-09,2020,191,33.82,20.04,0,1.8623287308502,198.5085,48.8259499544752,441.13,1937.56,53821.45,26.93
TPD,2020-07-10,2020,192,33.75,20.72,10.81,1.49614971168829,139.356,34.230040478928,309.68,2343.61,53748.4,27.235
TPD,2020-07-11,2020,193,27.9,19.02,82.12,0.775124176841557,108.9585,26.7254193410159,242.13,2198.45,53671.93,23.46
TPD,2020-07-12,2020,194,25.35,16.02,0,0.70331105929614,155.898,38.181898510506,346.44,1819.32,53592.1,20.685
TPD,2020-07-13,2020,195,24.82,14.66,0,0.729217193074374,168.7005,41.2533442702265,374.89,1667.32,53508.97,19.74
TPD,2020-07-14,2020,196,26.09,13.56,0,0.908718012312645,194.5665,47.5016969608749,432.37,1553.15,53422.58,19.825
TPD,2020-07-15,2020,197,28.96,15.45,0,1.11708609092864,198.801,48.4541366450157,441.78,1753.85,53333.01,22.205
TPD,2020-07-16,2020,198,27.85,19.72,3.67,0.719748319402786,101.7945,24.7674336128595,226.21,2297.22,53240.3,23.785
TPD,2020-07-17,2020,199,28.6,19.11,0,0.846272674672357,156.1635,37.9274933813494,347.03,2211.48,53144.51,23.855
TPD,2020-07-18,2020,200,30.67,17.96,0,1.17081511413842,191.1015,46.3266231388506,424.67,2057.72,53045.72,24.315
TPD,2020-07-19,2020,201,29.04,21.19,8.18,0.744487429422029,99.297,24.0253006681413,220.66,2515.27,52943.97,25.115
TPD,2020-07-20,2020,202,28.1,19.45,0,0.766570069207521,147.681,35.6613784783461,328.18,2258.8,52839.33,23.775
TPD,2020-07-21,2020,203,27.22,17.42,0.79,0.807193318665345,166.878,40.2150357385002,370.84,1988.35,52731.87,22.32
TPD,2020-07-22,2020,204,27.53,19.15,2.08,0.726058251123245,108.9855,26.2089355408628,242.19,2216.33,52621.65,23.34
TPD,2020-07-23,2020,205,27.81,19.91,0,0.702692482388719,137.3535,32.9600183564714,305.23,2323.5,52508.73,23.86
TPD,2020-07-24,2020,206,28.11,17.57,0,0.892919643225513,173.223,41.4759585371787,384.94,2008.33,52393.17,22.84
TPD,2020-07-25,2020,207,28.54,16.42,0,1.01263867171612,190.7325,45.5654179517513,423.85,1866.28,52275.05,22.48
TPD,2020-07-26,2020,208,31.18,17.39,0,1.32594104945922,201.3885,48.0000736801625,447.53,1931.36,52154.41,24.285
TPD,2020-07-27,2020,209,30.65,20.87,10.91,0.963618120087952,117.378,27.9105192431964,260.84,2466.19,52031.34,25.76
TPD,2020-07-28,2020,210,28.28,19.63,0,0.773445902908545,145.683,34.5574523820159,323.74,2284.6,51905.89,23.955
TPD,2020-07-29,2020,211,28.4,18.54,0,0.862856353629649,163.4175,38.6688381958868,363.15,2133.71,51778.13,23.47
TPD,2020-07-30,2020,212,27.03,16.77,0,0.827089504898452,171.2115,40.4113770850266,380.47,1908.44,51648.12,21.9
TPD,2020-07-31,2020,213,28.47,15.64,0,1.08755036278516,197.451,46.4854545575451,438.78,1738.21,51515.93,22.055
TPD,2020-08-01,2020,214,28.54,15.81,7.77,1.04760724634583,146.7585,34.4609442111155,326.13,1795.75,51381.61,22.175
TPD,2020-08-02,2020,215,26.05,18.49,3.89,0.617267438594567,101.3535,23.7360472239389,225.23,2127.34,51245.23,22.27
TPD,2020-08-03,2020,216,26.69,16.46,1.18,0.810778541359442,173.196,40.4513720212392,384.88,1870.88,51106.86,21.575
TPD,2020-08-04,2020,217,25.44,16.99,3.06,0.653890426779902,114.597,26.6915995106166,254.66,1935.2,50966.54,21.215
TPD,2020-08-05,2020,218,23.02,13.8,0,0.613997753320207,169.6365,39.4010083589018,376.97,1577.09,50824.35,18.41
TPD,2020-08-06,2020,219,24.91,12.51,0,0.846504348247085,204.1515,47.2833654917243,453.67,1449.8,50680.35,18.71
TPD,2020-08-07,2020,220,26.02,12.92,0,0.934073413886927,207.6075,47.9455052252895,461.35,1489.13,50534.58,19.47
TPD,2020-08-08,2020,221,27.02,13.15,0,1.03227255190757,211.6125,48.72782804967,470.25,1504.18,50387.12,20.085
TPD,2020-08-09,2020,222,28.49,16.59,5.91,0.99696086445525,143.3925,32.9211550895873,318.65,1886.44,50238.01,22.54
TPD,2020-08-10,2020,223,30.46,20,0,1.0042345016229,170.091,38.9336687217684,377.98,2337.45,50087.32,25.23
TPD,2020-08-11,2020,224,27.65,17.86,0,0.824871098251817,167.1435,38.1427161579045,371.43,2044.56,49935.1,22.755
TPD,2020-08-12,2020,225,28.18,13.44,0,1.13543590298689,212.2605,48.289475585979,471.69,1540.48,49781.4,20.81
TPD,2020-08-13,2020,226,30.31,14.88,0,1.33657557337394,211.932,48.0645032524272,470.96,1664.22,49626.28,22.595
TPD,2020-08-14,2020,227,29.87,17.72,0,1.08788034926761,186.0345,42.0581105502404,413.41,2026.55,49469.79,23.795
TPD,2020-08-15,2020,228,28.64,17.64,0,0.948446301415453,175.221,39.4870596254406,389.38,2016.67,49311.98,23.14
TPD,2020-08-16,2020,229,25.46,17.1,0,0.649254530000308,146.4975,32.9075574375533,325.55,1948.52,49152.91,21.28
TPD,2020-08-17,2020,230,25.69,13.57,3.15,0.869265046007377,143.721,32.1785897412717,319.38,1553.62,48992.61,19.63
TPD,2020-08-18,2020,231,24.71,12.52,0,0.82723432732638,192.1185,42.8728485211268,426.93,1450.88,48831.15,18.615
TPD,2020-08-19,2020,232,23.26,10.31,0,0.797099897554789,199.557,44.3845429733493,443.46,1252.86,48668.57,16.785
TPD,2020-08-20,2020,233,25.58,10.08,0,1.03621872927921,213.1065,47.2387720253216,473.57,1216.45,48504.91,17.83
TPD,2020-08-21,2020,234,28.6,13.35,0,1.20996226448543,204.5565,45.1895593908051,454.57,1508.59,48340.22,20.975
TPD,2020-08-22,2020,235,30.2,15.54,0,1.27121088889714,195.0885,42.9502341883748,433.53,1752.59,48174.55,22.87
TPD,2020-08-23,2020,236,30.1,15.89,0,1.22738780571,190.098,41.7067864505298,422.44,1804.1,48007.93,22.995
TPD,2020-08-24,2020,237,30.62,18.54,6.08,1.12601166605266,126.846,27.7324322330124,281.88,2134.31,47840.42,24.58
TPD,2020-08-25,2020,238,27.76,18.21,0,0.814325342768688,146.421,31.8994647950385,325.38,2089.73,47672.05,22.985
TPD,2020-08-26,2020,239,24.76,14.19,0,0.748357592441369,162.9,35.36365408011,362,1617.68,47502.87,19.475
TPD,2020-08-27,2020,240,30.84,17.93,29.08,1.1941663443202,130.752,28.283142027456,290.56,2053.92,47332.9,24.385
TPD,2020-08-28,2020,241,25.06,17.59,19.88,0.57964173848837,89.5005,19.290154998627,198.89,2010.51,47162.2,21.325
TPD,2020-08-29,2020,242,23.99,17.34,0,0.497017839022942,108.783,23.3609318689311,241.74,1979.03,46990.81,20.665
TPD,2020-08-30,2020,243,23.49,14.02,0,0.642759208717535,149.9265,32.0785269409688,333.17,1600.07,46818.75,18.755
TPD,2020-08-31,2020,244,25.92,12.73,0,0.933583553532597,184.473,39.3245695225566,409.94,1470.52,46646.06,19.325
TPD,2020-09-01,2020,245,27.66,17.1,0,0.873641824005104,154.2285,32.7551420765511,342.73,1949.06,46472.78,22.38
TPD,2020-09-02,2020,246,27.08,16.98,4.78,0.819644074839535,111.8565,23.6672919480847,248.57,1933.9,46298.95,22.03
TPD,2020-09-03,2020,247,27.19,14.04,1.8,0.997593340386698,177.705,37.45833423651,394.9,1601.71,46124.6,20.615
TPD,2020-09-04,2020,248,23.09,12.12,0,0.702059688155495,161.55,33.92394963696,359,1413.09,45949.76,17.605
TPD,2020-09-05,2020,249,20.67,10.43,3.84,0.583475575995417,117.0495,24.4855062360311,260.11,1263.4,45774.47,15.55
TPD,2020-09-06,2020,250,22.49,8.82,14.15,0.792044836894082,139.2075,29.0089341171563,309.35,1133.44,45598.75,15.655
TPD,2020-09-07,2020,251,22.66,15.65,0,0.483245794666217,111.159,23.0745531256695,247.02,1777.31,45422.65,19.155
TPD,2020-09-08,2020,252,23.92,15.17,0,0.619378191689648,134.0145,27.7108539465177,297.81,1722.86,45246.18,19.545
TPD,2020-09-09,2020,253,24.11,15.1,0,0.640314696737268,136.6335,28.142007438442,303.63,1715.07,45069.39,19.605
TPD,2020-09-10,2020,254,21.92,14.9,0,0.464785919079288,112.1085,22.9999344544935,249.13,1693.6,44892.3,18.41
TPD,2020-09-11,2020,255,19.1,10.91,0,0.450425599101361,132.732,27.1234226114856,294.96,1304.2,44714.94,15.005
TPD,2020-09-12,2020,256,25.15,10.05,9.01,0.9790455382623,142.101,28.9226185196238,315.78,1231.08,44537.34,17.6
TPD,2020-09-13,2020,257,23.89,15.44,7.25,0.601746912247411,97.623,19.7904325151583,216.94,1752.86,44359.53,19.665
TPD,2020-09-14,2020,258,18.71,9.32,0,0.48999691708818,147.3795,29.757334728902,327.51,1172.42,44181.53,14.015
TPD,2020-09-15,2020,259,19.35,5.15,0,0.679611898653004,187.1055,37.6260726345376,415.79,881.33,44003.39,12.25
TPD,2020-09-16,2020,260,22.55,10.04,0,0.748271019204349,170.2395,34.0957029792168,378.31,1230.56,43825.12,16.295
TPD,2020-09-17,2020,261,20.9,9.26,0,0.648946773755719,163.7415,32.6608043201213,363.87,1167.71,43646.75,15.08
TPD,2020-09-18,2020,262,16.52,6.45,0,0.455362662119786,152.37,30.268327423779,338.6,964.3,43468.31,11.485
TPD,2020-09-19,2020,263,15.95,1.96,0,0.55284587531751,184.599,36.5200551297369,410.22,703.3,43289.83,8.955
TPD,2020-09-20,2020,264,17.77,4.43,0,0.595694294738557,178.02,35.073291012876,395.6,838.16,43111.34,11.1
TPD,2020-09-21,2020,265,19.87,5.33,0,0.710997840898818,182.088,35.7262428553776,404.64,892.26,42932.86,12.6
TPD,2020-09-22,2020,266,21.71,5.46,0,0.84568158166648,186.894,36.5167886916636,415.32,900.38,42754.42,13.585
TPD,2020-09-23,2020,267,24.84,9.28,0,0.980292287189853,178.2945,34.6912152485333,396.21,1169.66,42576.05,17.06
TPD,2020-09-24,2020,268,25.17,12.32,0,0.880459604854605,159.363,30.8778329826198,354.14,1431.43,42397.78,18.745
TPD,2020-09-25,2020,269,25.45,11.09,0,0.962959641322992,166.995,32.2206347011545,371.1,1320,42219.63,18.27
TPD,2020-09-26,2020,270,25.28,11.63,0,0.922384457288834,161.289,30.9885031179972,358.42,1368.23,42041.64,18.455
TPD,2020-09-27,2020,271,25.24,17.16,0,0.624208514434275,108.468,20.7518486198508,241.04,1956.15,41863.83,21.2
TPD,2020-09-28,2020,272,25.42,14.71,16.82,0.783805845714554,100.7415,19.1918673617207,223.87,1672.33,41686.23,20.065
TPD,2020-09-29,2020,273,18.37,11.08,12.84,0.393503192988581,77.6565,14.7310913836183,172.57,1319.3,41508.87,14.725
TPD,2020-09-30,2020,274,17.31,9,6.83,0.411524768311545,87.9345,16.609612577827,195.41,1147.7,41331.77,13.155
TPD,2020-10-01,2020,275,16.58,8.16,6.01,0.399299479928899,88.983,16.7357676850038,197.74,1083.68,41154.98,12.37
TPD,2020-10-02,2020,276,13.42,5.93,3.57,0.302659385574199,81.882,15.3341887660974,181.96,930.42,40978.51,9.675
TPD,2020-10-03,2020,277,14.12,4.48,1.95,0.38360954091818,132.966,24.793766867088,295.48,840.64,40802.4,9.3
TPD,2020-10-04,2020,278,13.44,6.13,7.04,0.297194338725005,79.992,14.8516288965792,177.76,943.35,40626.68,9.785
TPD,2020-10-05,2020,279,14.99,5.82,0,0.388540666819043,126.414,23.3692526106522,280.92,923.2,40451.39,10.405
TPD,2020-10-06,2020,280,18.22,7.46,0,0.526826753748757,138.204,25.4383517291112,307.12,1033.69,40276.54,12.84
TPD,2020-10-07,2020,281,19.37,9.75,3.44,0.518088019497172,93.843,17.1983258598969,208.54,1206.73,40102.19,14.56
TPD,2020-10-08,2020,282,17.1,6.12,0,0.501532338318762,137.2995,25.0533974576574,305.11,942.45,39928.36,11.61
TPD,2020-10-09,2020,283,20.91,3.88,0,0.831155058907291,164.412,29.8704898132272,365.36,805.89,39755.08,12.395
TPD,2020-10-10,2020,284,23.62,9.34,0,0.868138329066902,147.438,26.6702842648674,327.64,1173.71,39582.39,16.48
TPD,2020-10-11,2020,285,16.23,7.54,0,0.400629197721329,109.629,19.7447488487496,243.62,1039.24,39410.32,11.885
TPD,2020-10-12,2020,286,20.42,9.96,2.12,0.584357834820212,91.9935,16.4964459326814,204.43,1224.42,39238.92,15.19
TPD,2020-10-13,2020,287,17.43,8.52,0,0.437737441995409,109.7505,19.5950430079349,243.89,1110.7,39068.21,12.975
TPD,2020-10-14,2020,288,17.86,5.87,1.21,0.55768021054353,133.4835,23.7286947112087,296.63,926.05,38898.25,11.865
TPD,2020-10-15,2020,289,18.08,7.54,15.75,0.51477432382749,91.305,16.160236682481,202.9,1039.43,38729.06,12.81
TPD,2020-10-16,2020,290,12.21,2.31,3.24,0.349296027781166,89.766,15.8187716640216,199.48,721.09,38560.68,7.26
TPD,2020-10-17,2020,291,13.49,2.81,0,0.398253738842081,124.281,21.8059392530772,276.18,747.16,38393.16,8.15
TPD,2020-10-18,2020,292,14.59,7.42,0.98,0.312978381976002,89.946,15.7131423564588,199.88,1030.74,38226.54,11.005
TPD,2020-10-19,2020,293,10.44,7.34,10.95,0.118319284591609,32.4765,5.6489016854403,72.17,1025.08,38060.86,8.89
TPD,2020-10-20,2020,294,13.51,6.87,5.86,0.276289512826031,64.746,11.2130681822874,143.88,992.38,37896.17,10.19
TPD,2020-10-21,2020,295,17.96,7.27,6.29,0.516611863678138,90.8145,15.6598276141125,201.81,1020.33,37732.5,12.615
TPD,2020-10-22,2020,296,16.53,7.87,2.4,0.406563637503726,79.3305,13.6206096358154,176.29,1062.86,37569.91,12.2
TPD,2020-10-23,2020,297,24.83,8.93,19.22,0.993294859187747,104.121,17.8001691082668,231.38,1142.11,37408.44,16.88
TPD,2020-10-24,2020,298,9.93,3.28,0,0.223499231585738,88.0785,14.9930745663843,195.73,772.92,37248.14,6.605
TPD,2020-10-25,2020,299,8.79,1.35,1.77,0.22827937706189,97.722,16.5635862444324,217.16,673.55,37089.06,5.07
TPD,2020-10-26,2020,300,9.02,4.87,0,0.141583936718384,58.8825,9.937939088601,130.85,864.23,36931.24,6.945
TPD,2020-10-27,2020,301,8.6,3.96,5.04,0.152568277124469,49.0725,8.2471519189305,109.05,810.56,36774.74,6.28
TPD,2020-10-28,2020,302,11.16,3.85,0,0.260110588686291,95.859,16.0421631018606,213.02,804.23,36619.62,7.505
TPD,2020-10-29,2020,303,10.91,4.35,0.74,0.234755457572854,87.111,14.5169792190657,193.58,833.04,36465.91,7.63
TPD,2020-10-30,2020,304,6.25,0.72,0,0.153461780989384,76.5225,12.6991745534678,170.05,643.53,36313.67,3.485
TPD,2020-10-31,2020,305,9.42,-1.46,2.53,0.315412261456806,91.08,15.052315515732,202.4,548.82,36162.97,3.98
TPD,2020-11-01,2020,306,10.94,0.91,8.97,0.326414686329796,85.32,14.042250585864,189.6,652.46,36013.86,5.925
TPD,2020-11-02,2020,307,6.62,0.16,0,0.178747263574035,84.1455,13.7922347657853,186.99,617.74,35866.38,3.39
TPD,2020-11-03,2020,308,11.87,2.4,0,0.331071060488597,107.3925,17.531089127235,238.65,725.92,35720.6,7.135
TPD,2020-11-04,2020,309,18.17,6.55,0,0.555226711192013,114.525,18.6200489917575,254.5,970.81,35576.59,12.36
TPD,2020-11-05,2020,310,18.79,9.78,0,0.476444562427703,97.0965,15.7233330489519,215.77,1209.74,35434.38,14.285
TPD,2020-11-06,2020,311,18.97,9.34,0,0.506533859799241,100.278,16.1742251114676,222.84,1174.3,35294.06,14.155
TPD,2020-11-07,2020,312,19.53,6.21,0,0.658620772368221,116.8515,18.7735269726329,259.67,948.47,35155.67,12.87
TPD,2020-11-08,2020,313,21.88,4.52,0,0.887662356396526,124.002,19.8450456666192,275.56,843.42,35019.28,13.2
TPD,2020-11-09,2020,314,22.86,6.81,0,0.895788754653187,119.331,19.0242517758165,265.18,988.14,34884.95,14.835
TPD,2020-11-10,2020,315,23.42,10.73,0.66,0.793222099263373,106.848,16.9696016892864,237.44,1288.32,34752.74,17.075
TPD,2020-11-11,2020,316,19.44,6.73,0,0.635062077031269,108.7875,17.2129875530513,241.75,982.97,34622.71,13.085
TPD,2020-11-12,2020,317,10.24,0.57,0,0.304593486461226,97.425,15.358259749815,216.5,636.66,34494.94,5.405
TPD,2020-11-13,2020,318,10.17,0.55,0,0.3023185934098,96.561,15.1666892945019,214.58,635.57,34369.47,5.36
TPD,2020-11-14,2020,319,8.3,-0.73,5.76,0.257313152704665,69.4845,10.8747413168143,154.41,579.05,34246.39,3.785
TPD,2020-11-15,2020,320,13.55,3.43,8.08,0.384363797242358,72.1755,11.2561035274809,160.39,780.81,34125.74,8.49
TPD,2020-11-16,2020,321,6.16,2.07,0,0.117754470657138,47.844,7.435662437808,106.32,709,34007.6,4.115
TPD,2020-11-17,2020,322,2.97,-1.32,0,0.101030879963345,50.58,7.834160758212,112.4,554.31,33892.02,0.825
TPD,2020-11-18,2020,323,5.8,-2.53,0,0.207523995453062,85.923,13.2639675011388,190.94,506.91,33779.08,1.635
TPD,2020-11-19,2020,324,16.02,1.83,0,0.55994721371832,107.2395,16.5005771220126,238.31,697,33668.84,8.925
TPD,2020-11-20,2020,325,15.41,7.55,0,0.353373046485898,76.0635,11.6662708940652,169.03,1039.83,33561.36,11.48
TPD,2020-11-21,2020,326,7.99,-0.29,0,0.236349656246644,81.5895,12.4748032192907,181.31,598.06,33456.71,3.85
TPD,2020-11-22,2020,327,3.06,-2.03,24.8,0.117562583628207,42.5205,6.4814880790539,94.49,526.08,33354.94,0.515
TPD,2020-11-23,2020,328,4.7,-0.21,0,0.126130357163223,54.2835,8.25003423714735,120.63,601.48,33256.13,2.245
TPD,2020-11-24,2020,329,4.3,-2.07,11.23,0.152694714878211,50.9535,7.7216290485984,113.23,524.85,33160.32,1.115
TPD,2020-11-25,2020,330,10.18,1.26,12.45,0.285910773639103,62.739,9.4810478075757,139.42,669.06,33067.59,5.72
TPD,2020-11-26,2020,331,11.5,6.25,0,0.201426030166786,53.5545,8.07116732812935,119.01,951.09,32977.99,8.875
TPD,2020-11-27,2020,332,8.16,5.08,0,0.103164896301224,33.4935,5.03456092636905,74.43,876.57,32891.59,6.62
TPD,2020-11-28,2020,333,6.73,1.15,0,0.15940917561957,58.14,8.717193289314,129.2,663.65,32808.43,3.94
TPD,2020-11-29,2020,334,10.64,1.2,0,0.306789329262729,84.2175,12.5963786807055,187.15,666.07,32728.58,5.92
TPD,2020-11-30,2020,335,6.6,1.02,19.4,0.158135423639173,43.155,6.4395913138515,95.9,657.47,32652.09,3.81
TPD,2020-12-01,2020,336,1.34,-1.04,0,0.0537520780389155,27.6165,4.1117135716431,61.37,565.9,32579.02,0.15
TPD,2020-12-02,2020,337,3.65,-0.75,0,0.107702223423085,47.7405,7.09271078063985,106.09,578.03,32509.41,1.45
TPD,2020-12-03,2020,338,5.48,-0.44,0,0.155000189495776,61.848,9.1699510345416,137.44,591.42,32443.31,2.52
TPD,2020-12-04,2020,339,5.66,0.96,0,0.129090766175123,51.1245,7.5654119250927,113.61,654.53,32380.78,3.31
TPD,2020-12-05,2020,340,2.88,-1.54,0,0.103047488577582,49.311,7.2837721997622,109.58,545.45,32321.86,0.67
TPD,2020-12-06,2020,341,0.09,-3.46,0,0.071042336585987,41.076,6.0569978003388,91.28,473.25,32266.59,-1.685
TPD,2020-12-07,2020,342,1.55,-4.92,0,0.129950274869045,70.065,10.3151511677205,155.7,423.85,32215.01,-1.685
TPD,2020-12-08,2020,343,2.74,-4.63,0,0.155631991906194,77.9085,11.4528585552286,173.13,433.09,32167.17,-0.945
TPD,2020-12-09,2020,344,3.94,-0.11,0,0.101850046643671,49.158,7.2165183420654,109.24,605.84,32123.09,1.915
TPD,2020-12-10,2020,345,7.24,-0.04,0,0.204194722488333,78.1065,11.4518568861081,173.57,609.01,32082.82,3.6
TPD,2020-12-11,2020,346,10.92,0.21,0,0.34200355950297,92.916,13.6077299994456,206.48,619.93,32046.38,5.565
TPD,2020-12-12,2020,347,12.05,2.86,10.65,0.327114478017946,64.8495,9.48768364218915,144.11,750.2,32013.81,7.455
TPD,2020-12-13,2020,348,4.7,0.22,0,0.116529194967917,54.864,8.0195805202176,121.92,620.61,31985.12,2.46
TPD,2020-12-14,2020,349,2.24,-1.42,0,0.0837786416114745,46.971,6.8605257247398,104.38,550.45,31960.34,0.41
TPD,2020-12-15,2020,350,-0.54,-4.35,0,0.0727426219938614,50.013,7.3000709901009,111.14,442.52,31939.49,-2.445
TPD,2020-12-16,2020,351,-1.6,-4.68,0,0.0564187190838055,41.427,6.0436291112001,92.06,431.49,31922.59,-3.14
TPD,2020-12-17,2020,352,-1.85,-4.45,0,0.0476726650705374,35.6895,5.20449630329475,79.31,439.06,31909.65,-3.15
TPD,2020-12-18,2020,353,0.83,-6.71,0,0.139804140452162,83.6955,12.2016411686358,185.99,369.75,31900.68,-2.94
TPD,2020-12-19,2020,354,3.3,-2.35,5.07,0.13016743181554,52.731,7.6862423365056,117.18,513.83,31895.68,0.475
TPD,2020-12-20,2020,355,4.12,0.28,0,0.0982605318973916,51.669,7.5312032683311,114.82,623.26,31894.67,2.2
TPD,2020-12-21,2020,356,4.1,-0.02,1.42,0.104214644854379,55.629,8.1091625371092,123.62,610.03,31897.64,2.04
TPD,2020-12-22,2020,357,3.58,-0.23,0,0.0945746256926775,52.461,7.6490224006743,116.58,600.37,31904.59,1.675
TPD,2020-12-23,2020,358,8.93,-1.06,4.37,0.288262377558663,70.056,10.2179394663192,155.68,565,31915.51,3.935
TPD,2020-12-24,2020,359,9.89,-1.72,12.66,0.339522577639842,72.4275,10.56876044022,160.95,538.4,31930.4,4.085
TPD,2020-12-25,2020,360,-2.29,-6.25,4.08,0.0671879652308275,45.747,6.6794292020196,101.66,382.97,31949.24,-4.27
TPD,2020-12-26,2020,361,-2.56,-7.62,0,0.0814500174243057,74.997,10.9579715186058,166.66,344.43,31972.02,-5.09
TPD,2020-12-27,2020,362,5.23,-5.68,8.36,0.243282093379671,81.198,11.8739205441792,180.44,399.88,31998.72,-0.225
TPD,2020-12-28,2020,363,4.93,-1.98,0,0.169750443079888,89.1,13.04192679471,198,528.21,32029.33,1.475
TPD,2020-12-29,2020,364,0.06,-5.41,0,0.102916674698149,78.417,11.490565811022,174.26,408.39,32063.8,-2.675
TPD,2020-12-30,2020,365,5.44,-4.18,10.5,0.225579267242869,78.786,11.5584367528026,175.08,448.13,32102.13,0.63
TPD,2021-01-01,2021,1,1.9,-5.19,17.74,0.143045874782576,64.5615,9.4840961131053,143.47,415.12,32144.46,-1.645
TPD,2021-01-02,2021,2,3.01,-1.21,1.93,0.0996375297580893,59.6835,8.78005005202395,132.63,559.02,32190.41,0.9
TPD,2021-01-03,2021,3,2.11,-0.35,2.57,0.057941969059647,27.801,4.0961243523627,61.78,595.37,32240.11,0.88
TPD,2021-01-04,2021,4,2.36,0.15,0,0.0534825582175003,33.6285,4.9629406525524,74.73,617.22,32293.52,1.255
TPD,2021-01-05,2021,5,2.27,-0.58,0,0.0670020565741106,42.7725,6.32358425064825,95.05,585.44,32350.61,0.845
TPD,2021-01-06,2021,6,2.84,-0.49,0,0.0800428698465676,49.68,7.358588305632,110.4,589.18,32411.32,1.175
TPD,2021-01-07,2021,7,0.98,-4.04,0,0.101652663315899,71.2125,10.5689055622838,158.25,452.99,32475.63,-1.53
TPD,2021-01-08,2021,8,-1.76,-6.81,0,0.0856211428054149,72.5085,10.7837293488422,161.13,366.78,32543.47,-4.285
TPD,2021-01-09,2021,9,4.37,-7.15,0,0.238754283322961,105.804,15.770047687344,235.12,357.32,32614.8,-1.39
TPD,2021-01-10,2021,10,2.79,-6.25,0,0.182060472944604,100.3545,14.9920973044227,223.01,382.89,32689.58,-1.73
TPD,2021-01-11,2021,11,0.83,-5.31,0,0.118896174029871,84.114,12.5959513683852,186.92,411.52,32767.74,-2.24
TPD,2021-01-12,2021,12,-0.17,-3.36,0,0.0636807070205445,50.2065,7.5370513320342,111.57,476.64,32849.24,-1.765
TPD,2021-01-13,2021,13,3.99,-1.16,0,0.125652355004813,74.6955,11.2423021118744,165.99,561.13,32934.01,1.415
TPD,2021-01-14,2021,14,5.8,-0.47,0,0.165663165833365,85.635,12.9232240929,190.3,590.21,33022,2.665
TPD,2021-01-15,2021,15,6.2,0.28,5.58,0.161881519293125,62.235,9.417844632582,138.3,623.41,33113.16,3.24
TPD,2021-01-16,2021,16,2.62,-2.2,0,0.108866007840518,73.143,11.1000287672442,162.54,519.82,33207.42,0.21
TPD,2021-01-17,2021,17,2.24,-0.77,1.56,0.0702951873505602,49.0635,7.46759305502235,109.03,577.35,33304.73,0.735
TPD,2021-01-18,2021,18,0.89,-1.94,1.03,0.0611793361305333,47.142,7.1967399450894,104.76,529.66,33405.01,-0.525
TPD,2021-01-19,2021,19,-0.2,-2.77,0,0.0522482312386522,43.5285,6.6656308730139,96.73,498.12,33508.22,-1.485
TPD,2021-01-20,2021,20,-0.96,-6.13,0,0.0920311650001519,80.9865,12.4409241945954,179.97,386.42,33614.28,-3.545
TPD,2021-01-21,2021,21,3.35,-3.78,0,0.157553743556929,99.1485,15.2802462705453,220.33,461.86,33723.14,-0.215
TPD,2021-01-22,2021,22,1.32,-5.2,0,0.128958585430928,95.778,14.8096460586258,212.84,414.81,33834.73,-1.94
TPD,2021-01-23,2021,23,-4.35,-7.38,0,0.0465268645759495,53.4375,8.2906591876875,118.75,350.92,33948.98,-5.865
TPD,2021-01-24,2021,24,-2.16,-9.9,0,0.117255067089359,107.9505,16.8058248530666,239.89,288.08,34065.83,-6.03
TPD,2021-01-25,2021,25,0.63,-7.43,0,0.145322278511891,110.0835,17.1979550030259,244.63,349.61,34185.22,-3.4
TPD,2021-01-26,2021,26,0.73,-4.11,0,0.0970751647092352,81.09,12.713566011417,180.2,450.53,34307.09,-1.69
TPD,2021-01-27,2021,27,-1.69,-8.31,0,0.10704921616826,102.24,16.087598466048,227.2,326.63,34431.36,-5.0
TPD,2021-01-28,2021,28,-5.19,-10.65,0.54,0.0727242141015942,102.1905,16.1389424562183,227.09,271.42,34557.98,-7.92
TPD,2021-01-29,2021,29,-4.01,-9.74,0,0.0818416335930403,106.5285,16.8867957230856,236.73,291.79,34686.88,-6.875
TPD,2021-01-30,2021,30,-1.5,-7.11,0,0.0948947939671414,105.5385,16.7930976599005,234.53,358.5,34817.99,-4.305
TPD,2021-01-31,2021,31,-0.72,-5.45,0,0.0866298344844079,94.2525,15.0546934034955,209.45,407.14,34951.26,-3.085
TPD,2021-02-01,2021,32,-2.09,-6.02,0,0.0676486709123579,82.224,13.1842774499616,182.72,389.75,35086.62,-4.055
TPD,2021-02-02,2021,33,-0.52,-7.28,0,0.117590432117366,121.77,19.601770578489,270.6,353.81,35224.01,-3.9
TPD,2021-02-03,2021,34,0.34,-6.55,0,0.126319233805659,123.0795,19.8909519534716,273.51,374.25,35363.37,-3.105
TPD,2021-02-04,2021,35,2.62,-9.13,7.83,0.215883818453805,112.7025,18.2866747709677,250.45,306.29,35504.63,-3.255
TPD,2021-02-05,2021,36,1.88,-6.86,4.77,0.167482530848835,104.1525,16.9675016683995,231.45,365.32,35647.74,-2.49
TPD,2021-02-06,2021,37,-5.21,-9.79,0,0.0626678018918927,94.0095,15.3773562286656,208.91,290.74,35792.64,-7.5
TPD,2021-02-07,2021,38,-7.13,-13.84,2.24,0.0748998696731042,94.4145,15.5068657931439,209.81,209.8,35939.26,-10.485
TPD,2021-02-08,2021,39,-6.5,-15.94,2.48,0.100429866999042,113.139,18.6589007603388,251.42,176.43,36087.56,-11.22
TPD,2021-02-09,2021,40,-4.39,-12.1,0,0.100489748825368,139.563,23.1123638170377,310.14,241.71,36237.47,-8.245
TPD,2021-02-10,2021,41,-6.1,-15.84,0,0.10554157375595,155.2725,25.8214217057055,345.05,177.9,36388.94,-10.97
TPD,2021-02-11,2021,42,-3.82,-13.76,0,0.125406347241559,156.4425,26.1253544411498,347.65,211.2,36541.91,-8.79
TPD,2021-02-12,2021,43,-4.51,-10.89,0,0.0860983088037214,125.973,21.1259527804413,279.94,266.43,36696.33,-7.7
TPD,2021-02-13,2021,44,-4.78,-11.4,5.42,0.0870086830162193,98.2395,16.5449346404121,218.31,255.79,36852.14,-8.09
TPD,2021-02-14,2021,45,-3.78,-13.88,0,0.1270448653845,162.081,27.413164894581,360.18,209.22,37009.3,-8.83
TPD,2021-02-15,2021,46,-3.8,-11.21,11.1,0.101600524413886,106.9245,18.1618338978788,237.61,259.55,37167.75,-7.505
TPD,2021-02-16,2021,47,-5.4,-11.39,0,0.0772226695064879,124.569,21.2497773612552,276.82,255.85,37327.44,-8.395
TPD,2021-02-17,2021,48,-5.08,-19.31,0,0.143851335404599,180.9135,30.9944026018094,402.03,132.56,37488.33,-12.195
TPD,2021-02-18,2021,49,-2.46,-9.99,2.19,0.112503299719488,107.109,18.4294043102268,238.02,286.09,37650.36,-6.225
TPD,2021-02-19,2021,50,-2.2,-7.47,0,0.086044703422227,110.8035,19.1476923692125,246.23,348.68,37813.49,-4.835
TPD,2021-02-20,2021,51,-3.11,-10.56,0,0.106777149018933,144.9225,25.1524522842278,322.05,273.48,37977.67,-6.835
TPD,2021-02-21,2021,52,-0.4,-18.26,5.38,0.224694819135795,144.3375,25.1598839024925,320.75,145,38142.86,-9.33
TPD,2021-02-22,2021,53,3,-4.04,6.15,0.15270120639386,102.2985,17.9096209658465,227.33,452.77,38309.01,-0.52
TPD,2021-02-23,2021,54,5.35,-0.57,0,0.153756342872044,120.024,21.1045023284544,266.72,585.83,38476.08,2.39
TPD,2021-02-24,2021,55,9.75,-0.96,0,0.318521415537556,171.8865,30.3557088760592,381.97,569.16,38644.03,4.395
TPD,2021-02-25,2021,56,3.47,-3.49,0,0.155859267653865,137.799,24.4420344717183,306.22,471.92,38812.81,-0.01
TPD,2021-02-26,2021,57,4.54,-8.05,9.49,0.255692621481345,141.1695,25.1492789883299,313.71,333.34,38982.39,-1.755
TPD,2021-02-27,2021,58,5.73,-3.4,1.32,0.22116827292278,164.0565,29.3542975110497,364.57,475.15,39152.73,1.165
TPD,2021-02-28,2021,59,9.07,-2.15,0,0.315236739892406,179.775,32.3073149669325,399.5,521.67,39323.79,3.46
TPD,2021-03-01,2021,60,5.84,-5.14,0,0.253927022829473,180.3285,32.5483072039224,400.73,416.74,39495.52,0.35
TPD,2021-03-02,2021,61,1.17,-8.24,0,0.168722645166073,169.11,30.65665026033,375.8,328.23,39667.9,-3.535
TPD,2021-03-03,2021,62,6.57,-2.3,0,0.228092455174816,160.731,29.2647540339963,357.18,515.82,39840.89,2.135
TPD,2021-03-04,2021,63,0.69,-5.83,0,0.123769363646765,132.066,24.150385976409,293.48,395.41,40014.45,-2.57
TPD,2021-03-05,2021,64,0.73,-7.52,0,0.148683086447941,158.3055,29.0746458196929,351.79,347.35,40188.54,-3.395
TPD,2021-03-06,2021,65,-0.38,-7.01,0,0.116885900115053,137.871,25.4316225904758,306.38,361.25,40363.14,-3.695
TPD,2021-03-07,2021,66,-0.18,-10.55,0,0.165010577935173,186.0075,34.4596787113478,413.35,273.78,40538.21,-5.365
TPD,2021-03-08,2021,67,10.58,-7.99,0,0.470190094119557,216.7155,40.3224544330362,481.59,334.81,40713.72,1.295
TPD,2021-03-09,2021,68,11.28,-1.45,0,0.392905997780203,196.2315,36.6689277398862,436.07,549.43,40889.64,4.915
TPD,2021-03-10,2021,69,18.51,0.38,0,0.772191893578456,213.156,40.0032636441156,473.68,605.15,41065.93,9.445
TPD,2021-03-11,2021,70,19.43,5.49,0,0.731402785700372,196.6545,37.0651450209264,437.01,845.65,41242.56,12.46
TPD,2021-03-12,2021,71,12.26,-0.85,0,0.451521081239402,198.1485,37.506966961964,440.33,547.74,41419.51,5.705
TPD,2021-03-13,2021,72,5.2,-5.17,0,0.234313939425863,180.387,34.2910459023966,400.86,415.83,41596.74,0.015
TPD,2021-03-14,2021,73,5.62,-4.14,0,0.230556195098678,173.799,33.1796517143346,386.22,449.47,41774.22,0.74
TPD,2021-03-15,2021,74,1.33,-7.69,0,0.16520988278385,167.121,32.0404916154321,371.38,342.75,41951.93,-3.18
TPD,2021-03-16,2021,75,7.73,-2.71,0,0.27610932599065,182.0745,35.0554168575756,404.61,500.22,42129.84,2.51
TPD,2021-03-17,2021,76,12.57,-1.58,0,0.495429132631471,209.2905,40.4657214249974,465.09,503.52,42307.91,5.495
TPD,2021-03-18,2021,77,7.11,0.59,0,0.185366292012064,127.17,24.691526653428,282.6,637.54,42486.12,3.85
TPD,2021-03-19,2021,78,5.09,-3.98,0,0.211287339872938,169.7895,33.1049686440668,377.31,455.02,42664.45,0.555
TPD,2021-03-20,2021,79,11.68,-6.45,0,0.542396375273763,230.4315,45.1166038072718,512.07,331.95,42842.85,2.615
TPD,2021-03-21,2021,80,15.98,-3.72,0,0.75362144697058,232.6725,45.745142815089,517.05,384.8,43021.32,6.13
TPD,2021-03-22,2021,81,19.13,0.62,0,0.911454592820328,227.3175,44.877722351805,505.15,513.37,43199.8,9.875
TPD,2021-03-23,2021,82,18.8,2.25,0,0.857066423969454,220.7115,43.753579661741,490.47,584.82,43378.29,10.525
TPD,2021-03-24,2021,83,21.06,7.13,0,0.926242789404306,201.9735,40.2037124849802,448.83,824.09,43556.76,14.095
TPD,2021-03-25,2021,84,19.15,6.36,16.79,0.695504810253594,143.6535,28.7119792482642,319.23,890.03,43735.16,12.755
TPD,2021-03-26,2021,85,14.09,4.54,13.63,0.380104792141368,108.675,21.8094042626775,241.5,844.35,43913.49,9.315
TPD,2021-03-27,2021,86,13.92,4.44,0,0.374299242132305,144.585,29.133742891365,321.3,838.42,44091.7,9.18
TPD,2021-03-28,2021,87,11.83,3.07,8.65,0.311322630712138,104.157,21.0722994028773,231.46,761.5,44269.77,7.45
TPD,2021-03-29,2021,88,6.55,0.03,0,0.179019800997713,111.339,22.6158343128864,247.42,612.23,44447.68,3.29
TPD,2021-03-30,2021,89,19.99,2.36,1.63,0.876711825209487,206.3475,42.0821031200243,458.55,651.18,44625.39,11.175
TPD,2021-03-31,2021,90,15.67,2.63,0,0.53869782983527,182.5605,37.379100973262,405.69,718.58,44802.87,9.15
TPD,2021-04-01,2021,91,2.3,-3.05,0,0.11653037638325,94.8825,19.5039572258025,210.85,487.99,44980.1,-0.375
TPD,2021-04-02,2021,92,4.97,-4.3,0,0.213123962244267,152.8425,31.5417580148363,339.65,444.13,45157.05,0.335
TPD,2021-04-03,2021,93,10.87,-5.19,0,0.478432108495954,208.188,43.1313412595004,462.64,379.13,45333.69,2.84
TPD,2021-04-04,2021,94,15.25,-0.64,0,0.655336008855549,204.939,42.6233379458754,455.42,501.02,45509.98,7.305
TPD,2021-04-05,2021,95,13.94,2.29,0,0.484346465461905,171.909,35.8919375845257,382.02,670.42,45685.89,8.115
TPD,2021-04-06,2021,96,20.47,3.21,0,0.969304722525017,209.241,43.854109352118,464.98,616.17,45861.4,11.84
TPD,2021-04-07,2021,97,20.78,6.57,0,0.902081189837397,191.4435,40.2771688050816,425.43,807.97,46036.48,13.675
TPD,2021-04-08,2021,98,26.28,8.85,9.78,1.26684571115353,153.9315,32.5079677348614,342.07,1006.19,46211.08,17.565
TPD,2021-04-09,2021,99,23.29,12.23,0,0.841553448494937,160.7265,34.0708399388429,357.17,1295.86,46385.17,17.76
TPD,2021-04-10,2021,100,25.09,10.6,14.83,1.01704751003675,142.4925,30.3186131437793,316.65,1210.38,46558.73,17.845
TPD,2021-04-11,2021,101,19.81,10.98,7.09,0.496978760619855,103.7205,22.1509607546682,230.49,1310.47,46731.72,15.395
TPD,2021-04-12,2021,102,15.36,7.96,1.72,0.335905739327257,123.282,26.425710840834,273.96,1069.21,46904.1,11.66
TPD,2021-04-13,2021,103,16.42,6.19,0,0.458303509443167,161.6445,34.7756463282816,359.21,946.86,47075.84,11.305
TPD,2021-04-14,2021,104,13.94,4.01,0,0.388022433864017,160.4205,34.6377269390265,356.49,813.29,47246.9,8.975
TPD,2021-04-15,2021,105,7.65,3.2,2.81,0.138725376684189,61.38,13.300848773784,136.4,768.43,47417.24,5.425
TPD,2021-04-16,2021,106,5.92,3.53,0,0.0713119739910973,50.1165,10.8989238309021,111.37,786.33,47586.82,4.725
TPD,2021-04-17,2021,107,11.55,3.68,0,0.281899807778705,140.031,30.560798415852,311.18,794.98,47755.6,7.615
TPD,2021-04-18,2021,108,14.54,3.86,0,0.437623820273687,176.346,38.621647411731,391.88,790.89,47923.55,9.2
TPD,2021-04-19,2021,109,16.49,4.03,4.56,0.528609084353305,146.7225,32.2458169929997,326.05,814.69,48090.63,10.26
TPD,2021-04-20,2021,110,6.35,0.49,8.61,0.162190612086192,87.0435,19.1960063667801,193.43,632.79,48256.78,3.42
TPD,2021-04-21,2021,111,2.73,-2.38,0,0.115217826707383,107.1855,23.718908109038,238.19,512.92,48421.97,0.175
TPD,2021-04-22,2021,112,6.53,-2.5,0,0.23071733752451,175.887,39.0537217942785,390.86,508.07,48586.15,2.015
TPD,2021-04-23,2021,113,14.99,-0.7,0,0.609771882389673,231.9435,51.6733493193576,515.43,530.98,48749.28,7.145
TPD,2021-04-24,2021,114,16.85,2.83,0,0.649777385138578,221.103,49.4219889078372,491.34,682.13,48911.32,9.84
TPD,2021-04-25,2021,115,10.44,0.85,0,0.306503099626792,181.8045,40.7714771154587,404.01,649.61,49072.21,5.645
TPD,2021-04-26,2021,116,9.39,-2.34,0,0.332647543571593,207.3735,46.6569187649505,460.83,513.16,49231.9,3.525
TPD,2021-04-27,2021,117,22.47,4.59,0,1.06850081173611,237.0555,53.5067321363586,526.79,712.56,49390.36,13.53
TPD,2021-04-28,2021,118,24.01,8.68,4.65,0.966658168381543,164.3715,37.2189948394176,365.27,1084.21,49547.52,16.345
TPD,2021-04-29,2021,119,13.41,8,11.67,0.231299345886537,82.2645,18.6859055298875,182.81,1072.13,49703.33,10.705
TPD,2021-04-30,2021,120,9.9,5.13,0,0.169041262678833,101.8035,23.1959237286312,226.23,879.62,49857.76,7.515
TPD,2021-05-01,2021,121,14.94,-0.33,0,0.584118971995343,232.542,53.1472499527662,516.76,561.83,50010.73,7.305
TPD,2021-05-02,2021,122,24.28,9.05,0,1.07154020903378,223.092,51.141889837368,495.76,1017.85,50162.2,16.665
TPD,2021-05-03,2021,123,16.89,9.39,5.16,0.370716194358311,109.5345,25.1848669844731,243.41,1177.89,50312.11,13.14
TPD,2021-05-04,2021,124,18.11,7.95,0,0.512818106468328,186.579,43.0258774668723,414.62,1058.04,50460.41,13.03
TPD,2021-05-05,2021,125,11.39,5.27,0,0.227998232808371,129.9825,30.061595165976,288.85,888.45,50607.04,8.33
TPD,2021-05-06,2021,126,13.87,0.67,4.39,0.47079549112628,169.11,39.222758820438,375.8,640.91,50751.94,7.27
TPD,2021-05-07,2021,127,10.8,3.98,1.24,0.240689827101808,148.158,34.4601320686236,329.24,811.7,50895.06,7.39
TPD,2021-05-08,2021,128,11.53,2.45,0,0.314139612938035,188.3205,43.9231168235592,418.49,728.74,51036.32,6.99
TPD,2021-05-09,2021,129,10.41,0.95,0,0.30292826136844,195.543,45.7322091299919,434.54,654.27,51175.69,5.68
TPD,2021-05-10,2021,130,12.85,0.64,0,0.458475503131552,226.008,52.9990512918048,502.24,601.67,51313.08,6.745
TPD,2021-05-11,2021,131,10.57,1.58,0,0.29460453455611,190.224,44.7253471910592,422.72,684.48,51448.44,6.075
TPD,2021-05-12,2021,132,16.8,2.97,0,0.659222864031709,234.8055,55.3503390084522,521.79,673.38,51581.72,9.885
TPD,2021-05-13,2021,133,18.68,1.43,0,0.83482606067622,250.074,59.0994079482312,555.72,578.54,51712.84,10.055
TPD,2021-05-14,2021,134,20.16,2.02,0,0.938572340218264,251.505,59.585747661459,558.9,592.99,51841.74,11.09
TPD,2021-05-15,2021,135,21.6,4.16,0,1.02464076707245,246.2985,58.4947620576522,547.33,673.74,51968.36,12.88
TPD,2021-05-16,2021,136,20.75,6.39,0,0.880973661249483,226.935,54.024909690888,504.3,820.84,52092.64,13.57
TPD,2021-05-17,2021,137,23.11,6.02,0,1.14801413819822,240.9795,57.5026031623307,535.51,730.97,52214.51,14.565
TPD,2021-05-18,2021,138,25.47,7.41,0,1.35643750896446,242.5635,58.0129344487625,539.03,783.84,52333.91,16.44
TPD,2021-05-19,2021,139,27.47,9.59,0,1.52660975979469,238.977,57.2827914166653,531.06,899.02,52450.77,18.53
TPD,2021-05-20,2021,140,30.37,14.59,0,1.72563374704538,220.491,52.9668302558661,489.98,1266.95,52565.03,22.48
TPD,2021-05-21,2021,141,30.24,15.37,0,1.65444424420664,211.185,50.839019815779,469.3,1364.73,52676.62,22.805
TPD,2021-05-22,2021,142,26.09,16.36,0,0.913978835158803,158.1615,38.1532422762414,351.47,1700.97,52785.48,21.225
TPD,2021-05-23,2021,143,27.29,16.27,0,1.15804547250746,176.265,42.6057858076275,391.7,1575.07,52891.55,21.78
TPD,2021-05-24,2021,144,24.8,14.03,0,1.01414696997038,178.092,43.1313985864944,395.76,1347.29,52994.76,19.415
TPD,2021-05-25,2021,145,30.34,15.05,0,1.77359550763715,217.224,52.7081924024208,482.72,1240.2,53095.06,22.695
TPD,2021-05-26,2021,146,24.45,13.67,4.58,0.813045641018968,131.229,31.9003435588761,291.62,1497.58,53192.37,19.06
TPD,2021-05-27,2021,147,18.45,7.32,2.55,0.566830877915542,141.525,34.4641537201275,314.5,1003.94,53286.63,12.885
TPD,2021-05-28,2021,148,11.21,4.86,26.6,0.232601211129527,93.258,22.749034406868,207.24,863.39,53377.8,8.035
TPD,2021-05-29,2021,149,15.18,4.79,0,0.468185331760088,184.356,45.045306483336,409.68,822.16,53465.8,9.985
TPD,2021-05-30,2021,150,19.16,4.29,0,0.81394411870278,225.864,55.2748272791184,501.92,708.17,53550.58,11.725
TPD,2021-05-31,2021,151,21.28,4.48,0,0.995337559801128,237.492,58.2089580411552,527.76,687.37,53632.08,12.88
TPD,2021-06-01,2021,152,23.91,11.22,0,0.998255837333452,201.096,49.36018810338,446.88,1147.63,53710.25,17.565
TPD,2021-06-02,2021,153,23.28,9.61,17.05,0.872749752732603,155.9565,38.3337385197732,346.57,1150.29,53785.04,16.445
TPD,2021-06-03,2021,154,22.24,15.08,1.24,0.481018921826615,124.425,30.623935972455,276.5,1713.07,53856.38,18.66
TPD,2021-06-04,2021,155,26.5,15.18,0,0.979300995128761,178.1325,43.8978566051708,395.85,1609.5,53924.23,20.84
TPD,2021-06-05,2021,156,28.83,18.31,0,1.034612505645,164.5335,40.5949601486313,365.63,1995.52,53988.54,23.57
TPD,2021-06-06,2021,157,29.8,17.58,0,1.27319052840556,183.024,45.2078647534368,406.72,1823.9,54049.26,23.69
TPD,2021-06-07,2021,158,28.72,18.74,0,0.957020570943659,155.421,38.4303391194492,345.38,2089.18,54106.36,23.73
TPD,2021-06-08,2021,159,28.98,19.99,0,0.837062249189654,140.535,34.783845198111,312.3,2326.24,54159.78,24.485
TPD,2021-06-09,2021,160,29.5,19.22,0,1.04338299477523,159.1965,39.4389148364874,353.77,2126.4,54209.48,24.36
TPD,2021-06-10,2021,161,28.21,17.41,0,1.02931094303595,168.147,41.6916048764376,373.66,1872.96,54255.44,22.81
TPD,2021-06-11,2021,162,28.62,16.8,0,1.16102775791633,181.1385,44.9477214644615,402.53,1749.73,54297.61,22.71
TPD,2021-06-12,2021,163,26.48,16.34,0,0.877232231652702,164.799,40.9221192552228,366.22,1775.83,54335.96,21.41
TPD,2021-06-13,2021,164,27.49,15.92,0,1.08232344654994,184.221,45.7739449382862,409.38,1651.74,54370.46,21.705
TPD,2021-06-14,2021,165,23.65,14.18,10.6,0.648723077806835,122.4495,30.4425352536944,272.11,1616.42,54401.09,18.915
TPD,2021-06-15,2021,166,23.16,12.49,0,0.748380183554655,182.3895,45.3666690076172,405.31,1390.11,54427.81,17.825
TPD,2021-06-16,2021,167,21.81,7.39,0,0.89463856736895,225.1395,56.0235631020093,500.31,923.29,54450.62,14.6
TPD,2021-06-17,2021,168,24.81,5.4,0,1.2581347861235,251.145,62.5164121018485,558.1,752.98,54469.49,15.105
TPD,2021-06-18,2021,169,26.01,15.92,4.14,0.773419453799534,129.132,32.153055501456,286.96,1807.88,54484.4,20.965
TPD,2021-06-19,2021,170,26.96,16.31,0,0.938562326396247,180.7155,45.0060657127672,401.59,1762.19,54495.35,21.635
TPD,2021-06-20,2021,171,28.31,14.14,29.42,1.13410389763869,160.6995,40.026332111846,357.11,1592.07,54502.33,21.225
TPD,2021-06-21,2021,172,27.87,14.47,0,1.12793159001496,208.404,51.9112090614096,463.12,1566.98,54505.32,21.17
TPD,2021-06-22,2021,173,18.76,10.73,0,0.434642158907851,153.1485,38.1469686692193,340.33,1289.07,54504.34,14.745
TPD,2021-06-23,2021,174,23.21,8.64,0,0.914396833201983,225.5445,56.1745915273301,501.21,1064.85,54499.37,15.925
TPD,2021-06-24,2021,175,27.54,14.48,0,1.13251931816887,206.82,51.502568596308,459.6,1527.16,54490.42,21.01
TPD,2021-06-25,2021,176,26.31,19.02,46.32,0.607160969397393,98.3835,24.4937746402385,218.63,2199.27,54477.51,22.665
TPD,2021-06-26,2021,177,28.65,20.55,3.35,0.748881009340774,105.8445,26.3431167548,235.21,2417.63,54460.63,24.6
TPD,2021-06-27,2021,178,30.42,22.17,0,0.832491617101814,139.2435,34.642380854669,309.43,2670.51,54439.81,26.295
TPD,2021-06-28,2021,179,30.77,22.29,0,0.866082591783758,142.488,35.4334633266096,316.64,2690.58,54415.06,26.53
TPD,2021-06-29,2021,180,32.23,21.12,0,1.15368297882835,176.058,43.7584768613334,391.24,2501.85,54386.39,26.675
TPD,2021-06-30,2021,181,27.85,20.29,10.47,0.679423177003213,103.3335,25.6677364421748,229.63,2378.73,54353.84,24.07
TPD,2021-07-01,2021,182,25.21,16.65,15.52,0.652624301222378,119.8575,29.7523057436483,266.35,1893.8,54317.43,20.93
TPD,2021-07-02,2021,183,22.58,13.75,13.03,0.579535586714602,127.3455,31.5876326394033,282.99,1572.06,54277.18,18.165
TPD,2021-07-03,2021,184,24.2,12.19,0,0.796173737677591,206.2845,51.1266652620665,458.41,1419.69,54233.13,18.195
TPD,2021-07-04,2021,185,27.23,14.1,0,0.999005697684323,211.3335,52.3318524337445,469.63,1607.64,54185.31,20.665
TPD,2021-07-05,2021,186,30.49,16.88,0.76,1.21663172099085,207.972,51.4504599496704,462.16,1921.63,54133.76,23.685
TPD,2021-07-06,2021,187,30.72,21.8,6.35,0.899640130252991,115.137,28.4548242065868,255.86,2611.19,54078.52,26.26
TPD,2021-07-07,2021,188,29.36,18.2,24.69,0.995389748383945,139.347,34.4005469857998,309.66,2089.16,54019.62,23.78
TPD,2021-07-08,2021,189,24.56,17.5,19.85,0.538506518146079,101.4165,25.0076854956596,225.37,1999.3,53957.11,21.03
TPD,2021-07-09,2021,190,20.92,16.02,0,0.323738801565991,101.007,24.8762113071696,224.46,1819.59,53891.04,18.47
TPD,2021-07-10,2021,191,23.66,14.95,0,0.608372463205959,166.3155,40.9076300493607,369.59,1698.78,53821.45,19.305
TPD,2021-07-11,2021,192,20.79,15.57,7.06,0.339977609981039,82.1835,20.186748555498,182.63,1767.75,53748.4,18.18
TPD,2021-07-12,2021,193,24.19,17.89,0,0.480780109891165,127.4265,31.2552636798227,283.17,2048.1,53671.93,21.04
TPD,2021-07-13,2021,194,28.53,18.45,3.89,0.883202919978046,135.126,33.094505498022,300.28,2122.02,53592.1,23.49
TPD,2021-07-14,2021,195,27.8,19.72,0,0.7151063520672,153.063,37.4294126812527,340.14,2296.41,53508.97,23.76
TPD,2021-07-15,2021,196,29.23,18.75,0,0.944019974975205,183.996,44.9210025056376,408.88,2161.81,53422.58,23.99
TPD,2021-07-16,2021,197,23.82,18.39,26.01,0.414507945129407,85.7385,20.8972037099345,190.53,2113.89,53333.01,21.105
TPD,2021-07-17,2021,198,22.92,15.96,18.47,0.48803143467725,111.996,27.249541919316,248.88,1812.1,53240.3,19.44
TPD,2021-07-18,2021,199,27.94,14.64,0,1.04650067610185,219.24,53.246908841868,487.2,1665.15,53144.51,21.29
TPD,2021-07-19,2021,200,28.12,14.98,0,1.04813885562806,216.8505,52.5686684352102,481.89,1701.76,53045.72,21.55
TPD,2021-07-20,2021,201,28.57,17.32,0,0.960425172346499,198.873,48.1181064863517,441.94,1976.62,52943.97,22.945
TPD,2021-07-21,2021,202,24.76,14.94,0,0.707910144301626,190.575,46.0192387884075,423.5,1698.19,52839.33,19.85
TPD,2021-07-22,2021,203,25.05,12.18,0,0.875715605105489,220.311,53.0915683228749,489.58,1418.25,52731.87,18.615
TPD,2021-07-23,2021,204,26.12,15.34,0,0.817373566494304,198.8595,47.8219195873598,441.91,1741.98,52621.65,20.73
TPD,2021-07-24,2021,205,25.28,15.7,10.74,0.714454514545413,139.9275,33.5776879990328,310.95,1783.08,52508.73,20.49
TPD,2021-07-25,2021,206,28.68,18.33,0,0.907512930814773,188.145,45.0488342713005,418.1,2106.79,52393.17,23.505
TPD,2021-07-26,2021,207,29.82,16.97,0,1.12877257810837,209.3085,50.0031682243673,465.13,1932.79,52275.05,23.395
TPD,2021-07-27,2021,208,28.05,16.88,2.87,0.930155450627157,147.1095,35.0629099429802,326.91,1921.67,52154.41,22.465
TPD,2021-07-28,2021,209,26.66,16.82,0,0.785376533306206,182.43,43.378793517834,405.4,1914.81,52031.34,21.74
TPD,2021-07-29,2021,210,27.7,16.81,32.29,0.896063235331371,144.612,34.3034005605876,321.36,1913.25,51905.89,22.255
TPD,2021-07-30,2021,211,22.49,13.69,0,0.574831545443789,174.339,41.2531496457399,387.42,1566.26,51778.13,18.09
TPD,2021-07-31,2021,212,22.65,9.51,0,0.777937871884218,220.896,52.1385044379264,490.88,1187.75,51648.12,16.08
TPD,2021-08-01,2021,213,23.03,13.73,8.2,0.618085003851729,133.7715,31.4935299610772,297.27,1570.28,51515.93,18.38
TPD,2021-08-02,2021,214,24.13,11.88,0,0.804607467516732,210.1005,49.3345299197489,466.89,1390.62,51381.61,18.005
TPD,2021-08-03,2021,215,24.97,11.93,0,0.879239099540877,215.145,50.3849583881595,478.1,1395.62,51245.23,18.45
TPD,2021-08-04,2021,216,26.62,12.03,0,1.03690936264292,222.7995,52.0366836453849,495.11,1404.68,51106.86,19.325
TPD,2021-08-05,2021,217,27.8,13.27,0,1.10241610050342,218.763,50.9536408783914,486.14,1523.24,50966.54,20.535
TPD,2021-08-06,2021,218,28.99,14.32,0,1.18123264155549,216.18,50.21154048231,480.4,1631.7,50824.35,21.655
TPD,2021-08-07,2021,219,28.42,18.08,0,0.894858590478009,175.7925,40.7151602031037,390.65,2073.66,50680.35,23.25
TPD,2021-08-08,2021,220,27.91,17.38,0,0.882856571118497,177.012,40.8796877325672,393.36,1984.43,50534.58,22.645
TPD,2021-08-09,2021,221,31.36,20.39,0,1.09044210913736,173.637,39.9832423843608,385.86,2394.36,50387.12,25.875
TPD,2021-08-10,2021,222,27.91,21.67,34.74,0.579181286228358,83.6235,19.198927507604,185.83,2590.66,50238.01,24.79
TPD,2021-08-11,2021,223,28.77,20.94,17.39,0.733218204928186,101.5155,23.2368017539122,225.59,2476.31,50087.32,24.855
TPD,2021-08-12,2021,224,29.48,20.56,0,0.843482567384479,150.021,34.235303321547,333.38,2420.16,49935.1,25.02
TPD,2021-08-13,2021,225,27.93,20.31,0,0.685793627562122,133.38,30.34408311324,296.4,2382.58,49781.4,24.12
TPD,2021-08-14,2021,226,24.33,14.13,0,0.711787803563315,175.914,39.8959054090344,390.92,1611.54,49626.28,19.23
TPD,2021-08-15,2021,227,23.96,10.61,0,0.8457531113389,205.9605,46.5629196626582,457.69,1278.19,49469.79,17.285
TPD,2021-08-16,2021,228,24.91,14,0,0.772393825161082,178.8435,40.3034108247441,397.43,1597.78,49311.98,19.455
TPD,2021-08-17,2021,229,26.38,18.96,0,0.619043967236728,129.744,29.1442388585328,288.32,2190.36,49152.91,22.67
TPD,2021-08-18,2021,230,26.14,19.47,0,0.559631052143032,119.4435,26.742949073285,265.43,2260.92,48992.61,22.805
TPD,2021-08-19,2021,231,28.37,18.82,0,0.839599381481353,158.3505,35.3372371726028,351.89,2172.42,48831.15,23.595
TPD,2021-08-20,2021,232,28.31,15.68,0,1.03013810660095,191.043,42.4908985565907,424.54,1779.94,48668.57,21.995
TPD,2021-08-21,2021,233,28.94,18.01,0,0.95836587814209,172.548,38.2482732128076,383.44,2064.83,48504.91,23.475
TPD,2021-08-22,2021,234,30.19,17.75,21.53,1.12424234012977,138.0645,30.5004921501483,306.81,2031.11,48340.22,23.97
TPD,2021-08-23,2021,235,29.78,18.94,0,0.996417357445193,167.796,36.941580338526,372.88,2187.6,48174.55,24.36
TPD,2021-08-24,2021,236,30.26,17.19,0,1.16904095008711,187.227,41.0768998452027,416.06,1959.72,48007.93,23.725
TPD,2021-08-25,2021,237,29.04,20.42,0,0.803188059493611,140.6025,30.7400257244385,312.45,2398.47,47840.42,24.73
TPD,2021-08-26,2021,238,31.07,20.38,0,1.05411066816338,161.8425,35.2592123472112,359.65,2392.45,47672.05,25.725
TPD,2021-08-27,2021,239,28.17,19.89,0,0.74325180050089,136.9125,29.7220766681588,304.25,2321.09,47502.87,24.03
TPD,2021-08-28,2021,240,30.34,19.59,0,1.01844568409952,163.089,35.278002249417,362.42,2279.05,47332.9,24.965
TPD,2021-08-29,2021,241,31.61,20.06,9.44,1.14696928476402,125.3745,27.022123204623,278.61,2346.47,47162.2,25.835
TPD,2021-08-30,2021,242,27.97,18.51,0,0.816431887780416,151.5285,32.5404425755985,336.73,2130.38,46990.81,23.24
TPD,2021-08-31,2021,243,25.74,15.89,0,0.748427951424468,159.4935,34.1254984052813,354.43,1804.51,46818.75,20.815
TPD,2021-09-01,2021,244,23.89,14.85,0,0.634549131593192,152.361,32.4791743888062,338.58,1687.49,46646.06,19.37
TPD,2021-09-02,2021,245,23.04,11.39,0,0.731182238300963,182.6415,38.7895121950509,405.87,1346.53,46472.78,17.215
TPD,2021-09-03,2021,246,23.11,9.6,0,0.813635483481971,197.1945,41.7236352116918,438.21,1194.43,46298.95,16.355
TPD,2021-09-04,2021,247,24.83,12.17,5.19,0.854978561073925,140.724,29.663130621528,312.72,1417.85,46124.6,18.5
TPD,2021-09-05,2021,248,24.92,15.93,0,0.66691903028506,149.994,31.4973005375808,333.32,1809.69,45949.76,20.425
TPD,2021-09-06,2021,249,23,12.76,0,0.664172884582416,167.1165,34.9589883160004,371.37,1473.59,45774.47,17.88
TPD,2021-09-07,2021,250,27.2,10.83,19.83,1.15124332292815,152.73,31.826837689875,339.4,1297.17,45598.75,19.015
TPD,2021-09-08,2021,251,25.44,15.27,0,0.75441553203442,159.4035,33.0892193089868,354.23,1734.29,45422.65,20.355
TPD,2021-09-09,2021,252,21.31,11.85,1.22,0.569900783427123,155.268,32.1055473144168,345.04,1388.03,45246.18,16.58
TPD,2021-09-10,2021,253,22.4,10.55,0,0.714406907267507,176.6925,36.3928439900678,392.65,1273.33,45069.39,16.475
TPD,2021-09-11,2021,254,25.08,11.98,0,0.887839707284217,181.1385,37.1619781478235,402.53,1399.7,44892.3,18.53
TPD,2021-09-12,2021,255,25.18,16.52,23.36,0.657707465009742,101.025,20.644183537695,224.5,1878.08,44714.94,20.85
TPD,2021-09-13,2021,256,23.46,14.91,0,0.592921883823171,135.2475,27.5276869848405,300.55,1694.57,44537.34,19.185
TPD,2021-09-14,2021,257,28.29,16.23,11.77,0.995710766565414,123.5115,25.0386282494492,274.47,1843.91,44359.53,22.26
TPD,2021-09-15,2021,258,23.31,14.03,0,0.627208093826406,143.6625,29.0068367750663,319.25,1600.54,44181.53,18.67
TPD,2021-09-16,2021,259,24.49,11.92,0,0.83498019267167,171.8955,34.5674101966547,381.99,1394.81,44003.39,18.205
TPD,2021-09-17,2021,260,27.27,14.27,0,0.993357082251563,168.4845,33.7442101780248,374.41,1626.41,43825.12,20.77
TPD,2021-09-18,2021,261,25.11,13.9,0,0.796077128750156,155.0475,30.9266499807563,344.55,1587.8,43646.75,19.505
TPD,2021-09-19,2021,262,23.58,9.17,0,0.870673968797794,180.2205,35.8008341699624,400.49,1161,43468.31,16.375
TPD,2021-09-20,2021,263,26.31,11.36,0.48,1.03617686558675,177.7905,35.1730987792106,395.09,1343.54,43289.83,18.835
TPD,2021-09-21,2021,264,24.44,17.88,19.4,0.503141338121056,73.3635,14.4539904798513,163.03,2047.83,43111.34,21.16
TPD,2021-09-22,2021,265,20.94,14.29,24.26,0.421589952742034,77.4765,15.2011349160003,172.17,1627.68,42932.86,17.615
TPD,2021-09-23,2021,266,16.35,12.05,2.56,0.223469842974368,54.1305,10.5764338623717,120.29,1406.66,42754.42,14.2
TPD,2021-09-24,2021,267,20.28,10.1,0,0.568443222019318,147.3795,28.6760049116558,327.51,1235.78,42576.05,15.19
TPD,2021-09-25,2021,268,20.21,9.79,1.94,0.57595707054317,148.689,28.8096616426194,330.42,1210.47,42397.78,15.0
TPD,2021-09-26,2021,269,20.8,7.37,0,0.71191585887242,169.6995,32.7424509624155,377.11,1027.02,42219.63,14.085
TPD,2021-09-27,2021,270,24.68,13.39,0,0.78250855721624,147.645,28.367077375746,328.1,1535.21,42041.64,19.035
TPD,2021-09-28,2021,271,19.98,11.3,0,0.495070439375941,126.315,24.1662956670765,280.7,1338.62,41863.83,15.64
TPD,2021-09-29,2021,272,20.44,8.24,0,0.65330448704648,157.4775,30.0004198116503,349.95,1090.05,41686.23,14.34
TPD,2021-09-30,2021,273,18.58,6.35,0,0.588823772394416,157.653,29.9060703212427,350.34,957.68,41508.87,12.465
TPD,2021-10-01,2021,274,21.38,6.03,0,0.801816188375843,171.1755,32.332687828052,380.39,936.44,41331.77,13.705
TPD,2021-10-02,2021,275,24.55,10,4.86,0.924408193944505,121.275,22.809190811715,269.5,1227.55,41154.98,17.275
TPD,2021-10-03,2021,276,21.1,16.25,37.38,0.323903574043428,52.1415,9.76463207478405,115.87,1846.58,40978.51,18.675
TPD,2021-10-04,2021,277,20.46,15.98,0,0.291989419536241,65.682,12.247523392176,145.96,1814.53,40802.4,18.22
TPD,2021-10-05,2021,278,19.6,15.34,0,0.265324692676785,63.2925,11.751134137623,140.65,1742.6,40626.68,17.47
TPD,2021-10-06,2021,279,21.79,14.63,0,0.468812022883093,100.6605,18.6083871439441,223.69,1664.61,40451.39,18.21
TPD,2021-10-07,2021,280,24.83,15.95,17.23,0.657475761496661,88.137,16.2228300653286,195.86,1811.86,40276.54,20.39
TPD,2021-10-08,2021,281,23.63,16.88,39.73,0.493179069733765,70.65,12.947814136395,157,1922.64,40102.19,20.255
TPD,2021-10-09,2021,282,22.98,17.11,6.4,0.423422514910396,62.5365,11.4111980750898,138.97,1950.43,39928.36,20.045
TPD,2021-10-10,2021,283,21.82,16.23,2.33,0.380854613148597,61.002,11.0828870130312,135.56,1844.73,39755.08,19.025
TPD,2021-10-11,2021,284,25.42,16.46,0,0.68388316789205,117.099,21.1822163698077,260.22,1871.31,39582.39,20.94
TPD,2021-10-12,2021,285,24.17,16.32,0,0.575343339429114,106.1955,19.1263577736492,235.99,1854.98,39410.32,20.245
TPD,2021-10-13,2021,286,21.69,13.42,0,0.524013631435166,112.5765,20.1874278676266,250.17,1538.79,39238.92,17.555
TPD,2021-10-14,2021,287,24.61,13.07,3.06,0.791154046075608,101.808,18.1769753992176,226.24,1504.25,39068.21,18.84
TPD,2021-10-15,2021,288,20.88,15.1,12,0.373025733577339,61.9965,11.0208079774913,137.77,1715.28,38898.25,17.99
TPD,2021-10-16,2021,289,17,10.87,1.41,0.316132393058224,90.9585,16.0989090223257,202.13,1300.37,38729.06,13.935
TPD,2021-10-17,2021,290,13.66,7.81,0,0.250892431604637,90.117,15.8806256939892,200.26,1058.25,38560.68,10.735
TPD,2021-10-18,2021,291,14.32,5.77,0,0.353935734222191,120.582,21.1569247673784,267.96,920.24,38393.16,10.045
TPD,2021-10-19,2021,292,21.12,4.17,0,0.838834143641961,155.808,27.2189234015424,346.24,822.52,38226.54,12.645
TPD,2021-10-20,2021,293,20.05,8.24,1.22,0.625116588079863,137.475,23.912144449245,305.5,1089.69,38060.86,14.145
TPD,2021-10-21,2021,294,18.05,10.8,10.54,0.384859583693079,75.546,13.0834715488074,167.88,1294.85,37896.17,14.425
TPD,2021-10-22,2021,295,11.45,5.07,0,0.236680522625712,94.059,16.219301163975,209.02,876.31,37732.5,8.26
TPD,2021-10-23,2021,296,10.52,3.78,0,0.234420035444095,97.2225,16.6925674276358,216.05,800.37,37569.91,7.15
TPD,2021-10-24,2021,297,13.22,1.84,15.69,0.409606464717912,100.377,17.1601077071916,223.06,697.43,37408.44,7.53
TPD,2021-10-25,2021,298,12.77,5.62,14.53,0.281082100754539,74.322,12.6513881131356,165.16,910.21,37248.14,9.195
TPD,2021-10-26,2021,299,9.88,5.52,5.34,0.155678409430685,49.68,8.420611168656,110.4,904.24,37089.06,7.7
TPD,2021-10-27,2021,300,15.27,5.29,0,0.420634043967114,122.3145,20.6437235282586,271.81,889.91,36931.24,10.28
TPD,2021-10-28,2021,301,14.3,3.95,0,0.408321605449094,123.768,20.8005196128624,275.04,810.03,36774.74,9.125
TPD,2021-10-29,2021,302,13.46,7.66,43.51,0.24628951266303,61.911,10.3609088327574,137.58,1047.39,36619.62,10.56
TPD,2021-10-30,2021,303,11.21,8.24,5,0.119370688732423,34.533,5.7548971240371,76.74,1089.54,36465.91,9.725
TPD,2021-10-31,2021,304,14.35,8.17,0,0.273303199393019,88.6275,14.7080413308172,196.95,1084.64,36313.67,11.26
TPD,2021-11-01,2021,305,9.89,3.58,0,0.21374591868832,93.411,15.4375477013619,207.58,789.3,36162.97,6.735
TPD,2021-11-02,2021,306,8.21,1.28,0,0.208612394782667,99.4995,16.3759600582299,221.11,669.77,36013.86,4.745
TPD,2021-11-03,2021,307,7.37,0.46,0,0.197431108296455,97.956,16.0559049351096,217.68,631.54,35866.38,3.915
TPD,2021-11-04,2021,308,6.1,-1.31,0,0.193140410325386,101.826,16.622396177292,226.28,554.81,35720.6,2.395
TPD,2021-11-05,2021,309,9.1,-2.04,0,0.314179213740291,123.525,20.0833141384575,274.5,526.02,35576.59,3.53
TPD,2021-11-06,2021,310,11.52,-1.36,0,0.402111405276992,127.035,20.571427537281,282.3,552.73,35434.38,5.08
TPD,2021-11-07,2021,311,15.31,-0.02,0,0.56353971258784,128.826,20.7788420611692,286.28,609.6,35294.06,7.645
TPD,2021-11-08,2021,312,18.15,2.19,0,0.682286731772518,126.3555,20.3004530313305,280.79,714.87,35155.67,10.17
TPD,2021-11-09,2021,313,15.44,6.35,2.56,0.396465373095985,74.4525,11.915237354994,165.45,957.4,35019.28,10.895
TPD,2021-11-10,2021,314,13.23,1.22,0,0.425226220026367,114.9165,18.3204735500047,255.37,667.16,34884.95,7.225
TPD,2021-11-11,2021,315,17.59,3.1,13.08,0.622042030444615,88.884,14.1165588176712,197.52,762.97,34752.74,10.345
TPD,2021-11-12,2021,316,12.99,4.5,3.05,0.325550133932133,68.5305,10.8432921383834,152.29,842.3,34622.71,8.745
TPD,2021-11-13,2021,317,7.29,1.26,0,0.175790609219094,72.18,11.378590595244,160.4,669.11,34494.94,4.275
TPD,2021-11-14,2021,318,4.2,0.53,12.22,0.0948990277930828,34.785,5.4636270037515,77.3,634.61,34369.47,2.365
TPD,2021-11-15,2021,319,4.77,0.43,0,0.114118770285831,53.847,8.4273787058481,119.66,629.86,34246.39,2.6
TPD,2021-11-16,2021,320,7.06,-0.57,0,0.209685027738189,85.0725,13.2674504138055,189.05,585.78,34125.74,3.245
TPD,2021-11-17,2021,321,16.93,2.27,5.25,0.603157965064391,84.3075,13.10262751809,187.35,719.03,34007.6,9.6
TPD,2021-11-18,2021,322,12.87,2.3,0,0.38093390609866,99.9,15.47316448686,222,720.59,33892.02,7.585
TPD,2021-11-19,2021,323,5.37,-1,0,0.163521350845601,73.35,11.32306851726,163,567.63,33779.08,2.185
TPD,2021-11-20,2021,324,6.55,-1.51,0,0.211723552941535,86.175,13.25945415159,191.5,546.99,33668.84,2.52
TPD,2021-11-21,2021,325,8.15,-0.57,6.64,0.248466443970571,66.8025,10.245861173898,148.45,585.76,33561.36,3.79
TPD,2021-11-22,2021,326,4.11,-1.63,0,0.138752062116285,65.2275,9.97309981046925,144.95,541.95,33456.71,1.24
TPD,2021-11-23,2021,327,3.6,-3.79,0,0.164582117275504,80.1495,12.2173546593321,178.11,461.56,33354.94,-0.095
TPD,2021-11-24,2021,328,8.69,-3.89,3.92,0.332657758795757,78.1965,11.8843442708207,173.77,457.99,33256.13,2.4
TPD,2021-11-25,2021,329,7.56,3.04,4.9,0.139905423423463,37.692,5.7119460311808,83.76,759.73,33160.32,5.3
TPD,2021-11-26,2021,330,2.45,-1.4,0,0.0888937706138244,44.793,6.7690682740359,99.54,551.14,33067.59,0.525
TPD,2021-11-27,2021,331,0.91,-3.04,4.33,0.0825383484354953,35.01,5.276336594643,77.8,488.04,32977.99,-1.065
TPD,2021-11-28,2021,332,1.6,-2.49,2.35,0.0889195651265089,35.9325,5.40117815357475,79.85,508.4,32891.59,-0.445
TPD,2021-11-29,2021,333,2.73,-3.79,3.71,0.141123704040696,52.7985,7.91631802349235,117.33,461.46,32808.43,-0.53
TPD,2021-11-30,2021,334,4.45,-1.48,2.91,0.14570423685481,48.249,7.2165841418394,107.22,547.87,32728.58,1.485
TPD,2021-12-01,2021,335,6.92,-1.52,0,0.224674697616374,82.026,12.2399239279338,182.28,546.32,32652.09,2.7
TPD,2021-12-02,2021,336,11.89,1.46,0,0.35564411662223,89.685,13.352851797759,199.3,678.71,32579.02,6.675
TPD,2021-12-03,2021,337,4.86,0.91,0,0.10557864892663,43.443,6.4542397847391,96.54,652.2,32509.41,2.885
TPD,2021-12-04,2021,338,5.76,-0.97,0,0.175036016852818,68.76,10.194765119892,152.8,568.99,32443.31,2.395
TPD,2021-12-05,2021,339,9.76,-0.82,24.72,0.315923843371874,67.644,10.0099702542024,150.32,575.09,32380.78,4.47
TPD,2021-12-06,2021,340,10.69,-0.94,0,0.35686550011491,93.2715,13.7772172280043,207.27,570.29,32321.86,4.875
TPD,2021-12-07,2021,341,-1.08,-5.7,3.82,0.0829894467038711,38.9835,5.74844127348105,86.63,399.42,32266.59,-3.39
TPD,2021-12-08,2021,342,-1.32,-6.46,4.6,0.0893507082826022,49.0185,7.21663080732045,108.93,376.87,32215.01,-3.89
TPD,2021-12-09,2021,343,3.3,-6.2,0,0.194970349840769,98.5545,14.487902455846,219.01,384.42,32167.17,-1.45
TPD,2021-12-10,2021,344,10.83,0.38,14.5,0.333905726732251,74.9475,11.0024819651318,166.55,627.98,32123.09,5.605
TPD,2021-12-11,2021,345,17.14,2.18,12.6,0.618098308649503,72.9495,10.6957453465863,162.11,714.68,32082.82,9.66
TPD,2021-12-12,2021,346,7.79,0.02,0,0.222323558855106,76.788,11.2457528434008,170.64,611.66,32046.38,3.905
TPD,2021-12-13,2021,347,9.13,1.4,0,0.240609172561268,75.609,11.0618319725253,168.02,675.54,32013.81,5.265
TPD,2021-12-14,2021,348,8.77,-2.79,0,0.316010614858783,92.1375,13.46792250258,204.75,497.28,31985.12,2.99
TPD,2021-12-15,2021,349,13.67,2.4,0,0.417754735936052,88.2585,12.8909265222573,196.13,726.03,31960.34,8.035
TPD,2021-12-16,2021,350,15.47,5.7,0,0.419198924353834,80.928,11.8125316435104,179.84,915.35,31939.49,10.585
TPD,2021-12-17,2021,351,5.9,-0.54,0,0.170488637370829,65.34,9.532206679842,145.2,587.08,31922.59,2.68
TPD,2021-12-18,2021,352,2.34,-1.09,6.42,0.0795022285195509,29.0565,4.23722514567825,64.57,564.03,31909.65,0.625
TPD,2021-12-19,2021,353,-0.32,-4.07,0,0.0726509955682759,42.777,6.2362923248052,95.06,452.06,31900.68,-2.195
TPD,2021-12-20,2021,354,4.26,-4.02,0,0.18733944629851,79.7805,11.6290655729568,177.29,453.6,31895.68,0.12
TPD,2021-12-21,2021,355,4.93,-2.26,0,0.175114928893112,72.747,10.6035039222993,161.66,517.44,31894.67,1.335
TPD,2021-12-22,2021,356,3.01,-3.88,0,0.149924701466114,70.938,10.3407893734824,157.64,458.55,31897.64,-0.435
TPD,2021-12-23,2021,357,1.16,-5.89,2.81,0.135563689536491,54.4545,7.93968262742835,121.01,393.76,31904.59,-2.365
TPD,2021-12-24,2021,358,7.84,-1.51,8.76,0.256819562987072,63.7065,9.29184025081455,141.57,546.65,31915.51,3.165
TPD,2021-12-25,2021,359,10.32,2.5,0,0.260871680003093,75.312,10.989672241536,167.36,730.9,31930.4,6.41
TPD,2021-12-26,2021,360,3.79,-1.7,0,0.130981044902033,59.292,8.6571079250256,131.76,539.23,31949.24,1.045
TPD,2021-12-27,2021,361,3.88,-2.15,2.63,0.142402664575696,47.9025,6.9991363743885,106.45,521.55,31972.02,0.865
TPD,2021-12-28,2021,362,3.32,-0.67,3.1,0.0967895869609023,33.5385,4.9044740531904,74.53,581.52,31998.72,1.325
TPD,2021-12-29,2021,363,3.54,0.13,0,0.085273955185423,39.087,5.7213220272147,86.86,616.51,32029.33,1.835
TPD,2021-12-30,2021,364,4.55,0.03,0,0.116429140810245,50.877,7.455086483382,113.06,612.02,32063.8,2.29
TPD,2021-12-31,2021,365,8.31,1.83,0.77,0.198786822503781,68.2785,10.0169157442468,151.73,696.75,32102.13,5.07
TPD,2022-01-01,2022,1,9.19,1.83,5.51,0.231950704932544,48.051,7.0587006548922,106.78,697.1,32144.46,5.51
TPD,2022-01-02,2022,2,2.15,-4.37,0,0.135889861893917,59.922,8.8151358284514,133.16,441.85,32190.41,-1.11
TPD,2022-01-03,2022,3,-2.96,-11.37,0,0.118075247481219,74.6595,11.0001293509306,165.91,256.35,32240.11,-7.165
TPD,2022-01-04,2022,4,2.32,-8.1,0,0.195352302137822,85.176,12.5703921680064,189.28,331.88,32293.52,-2.89
TPD,2022-01-05,2022,5,4.8,-7.04,0,0.249893437126128,91.2105,13.4847689822609,202.69,360.42,32350.61,-1.12
TPD,2022-01-06,2022,6,0.51,-8.05,0,0.150788380296091,76.293,11.3004987439932,169.54,333.18,32411.32,-3.77
TPD,2022-01-07,2022,7,-4.95,-8.44,0,0.0504413508453263,35.64,5.289461741124,79.2,323.34,32475.63,-6.695
TPD,2022-01-08,2022,8,1.8,-11.63,0,0.222593169455534,98.7975,14.6935255913753,219.55,251.11,32543.47,-4.915
TPD,2022-01-09,2022,9,4.72,-7.3,0,0.251043065282274,94.1445,14.032203456402,209.21,353.3,32614.8,-1.29
TPD,2022-01-10,2022,10,-1.03,-9.79,0,0.13845342901632,79.65,11.89902346479,177,290.72,32689.58,-5.41
TPD,2022-01-11,2022,11,-3.15,-12.07,0,0.121576811488896,81.6885,12.2327362074843,181.53,242.39,32767.74,-7.61
TPD,2022-01-12,2022,12,2.72,-9.86,0,0.227114088554133,98.7705,14.8275288775494,219.49,289.13,32849.24,-3.57
TPD,2022-01-13,2022,13,3.78,-0.56,0,0.107339890757226,44.1675,6.64758089210475,98.15,586.07,32934.01,1.61
TPD,2022-01-14,2022,14,0.95,-5.8,0,0.129302511710375,66.8565,10.08935051751,148.57,396.4,33022,-2.425
TPD,2022-01-15,2022,15,-5.29,-15.31,0,0.113869152257343,91.0215,13.7740233827358,202.27,185.91,33113.16,-10.3
TPD,2022-01-16,2022,16,-0.45,-14.01,0,0.192573886041108,105.6555,16.0340577966117,234.79,207,33207.42,-7.23
TPD,2022-01-17,2022,17,-0.59,-7.6,0,0.120430472721333,70.9695,10.801743563309,157.71,345.15,33304.73,-4.095
TPD,2022-01-18,2022,18,-0.38,-4.85,0,0.0845425619077169,48.096,7.3423784395872,106.88,425.97,33405.01,-2.615
TPD,2022-01-19,2022,19,5.15,-4.95,0,0.229324843780831,92.556,14.1733377231624,205.68,422.78,33508.22,0.1
TPD,2022-01-20,2022,20,0.61,-12.41,0,0.201919533185834,107.622,16.5325967126712,239.16,235.66,33614.28,-5.9
TPD,2022-01-21,2022,21,-6.7,-17.96,0,0.111391520178996,102.7485,15.8350593698253,228.33,148.8,33723.14,-12.33
TPD,2022-01-22,2022,22,-3.98,-18.49,0,0.15719139909899,114.66,17.729269948026,254.8,142.16,33834.73,-11.235
TPD,2022-01-23,2022,23,-3.74,-12.97,0,0.119828150996281,92.7945,14.3967733144677,206.21,225.19,33948.98,-8.355
TPD,2022-01-24,2022,24,-3.92,-16.07,0,0.142109181197898,109.3635,17.0258018843669,243.03,174.41,34065.83,-9.995
TPD,2022-01-25,2022,25,-4.46,-14.32,0,0.119401691697709,98.766,15.4298620940364,219.48,201.65,34185.22,-9.39
TPD,2022-01-26,2022,26,-6.61,-14.49,0,0.0877009751808534,85.77,13.447312329501,190.6,198.85,34307.09,-10.55
TPD,2022-01-27,2022,27,-3.01,-16.79,0,0.163196728708229,118.251,18.6069503737152,262.78,164.29,34431.36,-9.9
TPD,2022-01-28,2022,28,-3.51,-13.48,0,0.128316161553842,102.2445,16.1474706745227,227.21,216.14,34557.98,-8.495
TPD,2022-01-29,2022,29,-6.64,-20.36,0,0.126145367751553,121.068,19.1915833284288,269.04,121.02,34686.88,-13.5
TPD,2022-01-30,2022,30,-5.29,-17.18,0,0.127338758084097,115.218,18.3332824152174,256.04,158.97,34817.99,-11.235
TPD,2022-01-31,2022,31,-0.68,-15.1,0,0.196659341339005,123.9885,19.8043431533307,275.53,189.11,34951.26,-7.89
TPD,2022-02-01,2022,32,6,-11.83,0,0.343913658779631,130.3965,20.9085380728731,289.77,247.13,35086.62,-2.915
TPD,2022-02-02,2022,33,4.84,-2.85,0,0.183483406791953,84.8115,13.6524231372056,188.47,495.29,35224.01,0.995
TPD,2022-02-03,2022,34,-2.54,-7.35,0,0.0781422861996145,58.9455,9.52621767535095,130.99,351.75,35363.37,-4.945
TPD,2022-02-04,2022,35,-6.74,-12.47,0,0.0680019199561331,71.4105,11.5867934494105,158.69,234.53,35504.63,-9.605
TPD,2022-02-05,2022,36,-6.06,-17.24,0,0.116002274632747,117.6615,19.1682551792457,261.47,158.17,35647.74,-11.65
TPD,2022-02-06,2022,37,0,-11.7,0,0.181059668421468,119.304,19.5148374100992,265.12,249.68,35792.64,-5.85
TPD,2022-02-07,2022,38,2.36,-5.92,0,0.165741470175587,96.768,15.8934103243776,215.04,392.88,35939.26,-1.78
TPD,2022-02-08,2022,39,-0.29,-6.49,0,0.111623326163458,78.885,13.009725969642,175.3,375.83,36087.56,-3.39
TPD,2022-02-09,2022,40,5.99,-5.86,0,0.269727843025636,123.7095,20.4869411779901,274.91,394.65,36237.47,0.065
TPD,2022-02-10,2022,41,2.68,-0.48,0,0.0755839840869282,43.434,7.2229636952172,96.52,589.63,36388.94,1.1
TPD,2022-02-11,2022,42,5.36,-2.09,6.41,0.185118905005508,71.334,11.9125303782858,158.52,523.87,36541.91,1.635
TPD,2022-02-12,2022,43,1.81,-8.94,0,0.192949712535665,123.381,20.6912686052061,274.18,310.86,36696.33,-3.565
TPD,2022-02-13,2022,44,-6.25,-12.72,0,0.0773740069209911,87.7995,14.7866895593001,195.11,229.87,36852.14,-9.485
TPD,2022-02-14,2022,45,-7.47,-17.43,0,0.0973125090233685,122.4135,20.7041014111635,272.03,155.64,37009.3,-12.45
TPD,2022-02-15,2022,46,-0.65,-14.48,0,0.192346412444964,143.946,24.450180662655,319.88,199.03,37167.75,-7.565
TPD,2022-02-16,2022,47,10.53,-7.63,7.52,0.467313487928726,127.8315,21.8063154938652,284.07,340.31,37327.44,1.45
TPD,2022-02-17,2022,48,9.68,-1.84,23.17,0.333350232393546,107.5995,18.434125826726,239.11,533.7,37488.33,3.92
TPD,2022-02-18,2022,49,-2.08,-8.65,0,0.103767472947845,100.1565,17.2331422457238,222.57,317.99,37650.36,-5.365
TPD,2022-02-19,2022,50,-1.98,-9.77,0,0.11910882735082,117.666,20.3335848625338,261.48,291.2,37813.49,-5.875
TPD,2022-02-20,2022,51,7.02,-10.21,0,0.360897280286751,176.346,30.6062505857574,391.88,281.15,37977.67,-1.595
TPD,2022-02-21,2022,52,9.66,-2.96,0,0.354003328557972,157.9995,27.5413463351649,351.11,491.01,38142.86,3.35
TPD,2022-02-22,2022,53,11.6,1.74,16.76,0.335781011264817,102.501,17.9450730814257,227.78,692.27,38309.01,6.67
TPD,2022-02-23,2022,54,5.36,-8,0,0.280066968353116,166.797,29.3288648510232,370.66,334.42,38476.08,-1.32
TPD,2022-02-24,2022,55,-3.05,-9.36,0,0.0942680304505188,103.302,18.2434655328642,229.56,300.69,38644.03,-6.205
TPD,2022-02-25,2022,56,-3.69,-9.16,0,0.0803707587322364,92.592,16.4234635650864,205.76,305.59,38812.81,-6.425
TPD,2022-02-26,2022,57,-1.97,-10.88,0,0.131581102342632,140.67,25.060293301941,312.6,266.65,38982.39,-6.425
TPD,2022-02-27,2022,58,1.06,-5.22,0,0.122888966094604,107.892,19.3048971973812,239.76,414.35,39152.73,-2.08
TPD,2022-02-28,2022,59,-1.27,-8.94,0,0.123579691333611,131.0715,23.5548226043015,291.27,310.71,39323.79,-5.105
TPD,2022-03-01,2022,60,7.38,-4.5,0,0.294942894422952,170.892,30.8450706055488,379.76,437.63,39495.52,1.44
TPD,2022-03-02,2022,61,4.5,-4.07,0,0.195227945645799,130.2165,23.6059470085995,289.37,451.87,39667.9,0.215
TPD,2022-03-03,2022,62,-1.87,-8.65,0,0.107780249107777,114.507,20.8486178159211,254.46,318.07,39840.89,-5.26
TPD,2022-03-04,2022,63,1.32,-11.07,0,0.205172953019886,166.1985,30.3920609672452,369.33,262.54,40014.45,-4.875
TPD,2022-03-05,2022,64,11.07,-4.28,3.64,0.436080032444636,131.319,24.1182613010682,291.82,444.94,40188.54,3.395
TPD,2022-03-06,2022,65,18.08,1.35,2.08,0.698371589753507,131.5305,24.2620568149689,292.29,673.39,40363.14,9.715
TPD,2022-03-07,2022,66,6.77,-1.35,0,0.21593268607722,126.9405,23.5169487545278,282.09,553.4,40538.21,2.71
TPD,2022-03-08,2022,67,2.51,-2.97,0,0.1206281491425,94.734,17.6263691256936,210.52,490.77,40713.72,-0.23
TPD,2022-03-09,2022,68,4.99,-2.53,0,0.182161618228899,124.389,23.2440319349172,276.42,507.09,40889.64,1.23
TPD,2022-03-10,2022,69,3.33,-3.56,0,0.153220738834893,117.3195,22.017503092082,260.71,469.48,41065.93,-0.115
TPD,2022-03-11,2022,70,3.06,-3.81,0,0.1503534631732,119.592,22.5405206763264,265.76,460.67,41242.56,-0.375
TPD,2022-03-12,2022,71,-2.69,-8.31,0,0.0878894042875246,102.2895,19.3620890244227,227.31,326.57,41419.51,-5.5
TPD,2022-03-13,2022,72,0.63,-10.52,0,0.182883679224082,168.3675,32.0061737873115,374.15,274.44,41596.74,-4.945
TPD,2022-03-14,2022,73,10.08,-7.23,0,0.450102081928788,194.787,37.1864327095098,432.86,344.14,41774.22,1.425
TPD,2022-03-15,2022,74,7.61,-0.94,0,0.236678675925974,139.761,26.7950236574961,310.58,570.22,41951.93,3.335
TPD,2022-03-16,2022,75,15.02,-1.94,0,0.661797268564313,194.265,37.402494889932,431.7,455.37,42129.84,6.54
TPD,2022-03-17,2022,76,18.24,1.2,0,0.833846783008033,194.1525,37.5388322879768,431.45,544.76,42307.91,9.72
TPD,2022-03-18,2022,77,18.09,3.06,8.35,0.697500802483295,140.256,27.2323249375104,311.68,718.52,42486.12,10.575
TPD,2022-03-19,2022,78,14.06,3.82,6.02,0.399448525357477,118.017,23.0105459081205,262.26,802.68,42664.45,8.94
TPD,2022-03-20,2022,79,11.28,0.93,0,0.345007568909637,160.686,31.461005111607,357.08,649.22,42842.85,6.105
TPD,2022-03-21,2022,80,13.73,-1.18,0,0.551981131259141,192.4965,37.8462426109866,427.77,512.23,43021.32,6.275
TPD,2022-03-22,2022,81,6.87,0.66,3.69,0.175467964993023,84.1545,16.614041090787,187.01,640.83,43199.8,3.765
TPD,2022-03-23,2022,82,7.11,2.3,23.94,0.143757844931656,68.499,13.5791585542647,152.22,720.71,43378.29,4.705
TPD,2022-03-24,2022,83,10.73,3.61,0,0.248287262046834,129.303,25.7383302039396,287.34,790.68,43556.76,7.17
TPD,2022-03-25,2022,84,6.01,2.62,4.02,0.0989156577563013,52.281,10.4493868028172,116.18,737.12,43735.16,4.315
TPD,2022-03-26,2022,85,4.39,-1.5,0,0.144145460976821,117.054,23.4909409391622,260.12,547.27,43913.49,1.445
TPD,2022-03-27,2022,86,-1.13,-6.84,0,0.0985994992643368,116.352,23.444819676288,258.56,366.09,44091.7,-3.985
TPD,2022-03-28,2022,87,-4.3,-8.96,0,0.0676314134476773,99.3645,20.1027150745241,220.81,310.34,44269.77,-6.63
TPD,2022-03-29,2022,88,1.51,-9.75,0,0.195228761619757,191.286,38.8551404483136,425.08,291.6,44447.68,-4.12
TPD,2022-03-30,2022,89,11.22,-5.48,0,0.485012929628321,216.5445,44.1616592353874,481.21,383.29,44625.39,2.87
TPD,2022-03-31,2022,90,17.51,2.27,0,0.74574110570073,208.6065,42.7119964459934,463.57,612.41,44802.87,9.89
TPD,2022-04-01,2022,91,3.92,-0.89,0,0.118249490220126,98.856,20.320746138792,219.68,572.14,44980.1,1.515
TPD,2022-04-02,2022,92,5.74,-3.19,0,0.217567984149875,165.393,34.1317760658705,367.54,482.82,45157.05,1.275
TPD,2022-04-03,2022,93,4.43,-1,0,0.134922473763025,112.851,23.3799017833683,250.78,567.88,45333.69,1.715
TPD,2022-04-04,2022,94,7.08,-3.59,0,0.289366588311156,190.629,39.6471354368094,423.62,448.25,45509.98,1.745
TPD,2022-04-05,2022,95,14.63,2.64,0,0.568371118911582,200.763,41.9162060466999,446.14,631.74,45685.89,8.635
TPD,2022-04-06,2022,96,16.04,4.49,1.6,0.615888127122355,196.308,41.143525880184,436.24,714.29,45861.4,10.265
TPD,2022-04-07,2022,97,14.15,3.51,0.53,0.501521904529927,188.19,39.592675632384,418.2,696.63,46036.48,8.83
TPD,2022-04-08,2022,98,8.76,0.97,0,0.236448822006047,155.205,32.776911368298,344.9,655.17,46211.08,4.865
TPD,2022-04-09,2022,99,5.78,1.58,0,0.117543199421387,92.3085,19.5675767747986,205.13,684.78,46385.17,3.68
TPD,2022-04-10,2022,100,8.43,-0.08,0,0.261150263824396,168.2505,35.799230280523,373.89,594.08,46558.73,4.175
TPD,2022-04-11,2022,101,15.17,-0.03,4.92,0.597339301396179,166.347,35.5257241206588,369.66,567.81,46731.72,7.57
TPD,2022-04-12,2022,102,17.37,3.74,1.47,0.731350783248803,213.093,45.676854692541,473.54,657.43,46904.1,10.555
TPD,2022-04-13,2022,103,21.65,9.4,0,0.91935578032971,201.069,43.2572987734272,446.82,960.86,47075.84,15.525
TPD,2022-04-14,2022,104,16.58,7.28,0,0.526060245432803,174.1905,37.6109223844365,387.09,925.41,47246.9,11.93
TPD,2022-04-15,2022,105,13.79,3.81,8.03,0.385960924193995,140.13,30.365720734284,311.4,801.98,47417.24,8.8
TPD,2022-04-16,2022,106,9,1.39,0,0.235792829775837,161.406,35.1012480889644,358.68,675.07,47586.82,5.195
TPD,2022-04-17,2022,107,5.59,-1.87,0,0.188120313527065,164.25,35.846427861,365,532.34,47755.6,1.86
TPD,2022-04-18,2022,108,6.85,-2.29,11.68,0.237444740509471,142.326,31.170906000261,316.28,516.09,47923.55,2.28
TPD,2022-04-19,2022,109,4.3,0.58,0,0.0965135538790086,91.9485,20.2079061069764,204.33,637.04,48090.63,2.44
TPD,2022-04-20,2022,110,10.21,-1.2,4.15,0.342136195132929,162.5805,35.8544441930103,361.29,559.43,48256.78,4.505
TPD,2022-04-21,2022,111,17.12,5.22,3.3,0.535648320045476,160.5735,35.5330533630632,356.83,881.11,48421.97,11.17
TPD,2022-04-22,2022,112,13.26,1.54,0,0.46632468253157,215.955,47.9503686462525,479.9,635.29,48586.15,7.4
TPD,2022-04-23,2022,113,19.39,6.09,0,0.778004468724836,222.381,49.5429753150576,494.18,815.36,48749.28,12.74
TPD,2022-04-24,2022,114,25.97,6.23,0,1.39792464316455,241.5015,53.9815581616986,536.67,751.26,48911.32,16.1
TPD,2022-04-25,2022,115,21.07,10.29,8.38,0.619677159863914,143.379,32.1541744969863,318.62,1251.62,49072.21,15.68
TPD,2022-04-26,2022,116,10.82,3.55,0.83,0.253473135936686,151.7355,34.1389372183965,337.19,787.69,49231.9,7.185
TPD,2022-04-27,2022,117,3.44,-0.93,0,0.105402687162598,99.225,22.39646621247,220.5,570.73,49390.36,1.255
TPD,2022-04-28,2022,118,9.18,-2.61,0,0.333399583662264,214.461,48.5608688383104,476.58,499.06,49547.52,3.285
TPD,2022-04-29,2022,119,13.14,-2.19,0,0.536879894362108,238.401,54.1514087392581,529.78,477.72,49703.33,5.475
TPD,2022-04-30,2022,120,16.15,0.07,4.25,0.612970977337028,179.4555,40.8889290710376,398.79,610.09,49857.76,8.11
TPD,2022-05-01,2022,121,14.4,5.8,19.07,0.357644447375043,128.6505,29.402947768783,285.89,921.71,50010.73,10.1
TPD,2022-05-02,2022,122,12.59,6.01,0,0.260040858043711,140.1615,32.130798022521,311.47,935.06,50162.2,9.3
TPD,2022-05-03,2022,123,14.26,5.09,27.38,0.372565004701993,135.351,31.1207604107877,300.78,877.27,50312.11,9.675
TPD,2022-05-04,2022,124,15.87,7.16,0,0.393513795890628,173.2545,39.9531934868567,385.01,1012.14,50460.41,11.515
TPD,2022-05-05,2022,125,16.28,3.57,0,0.529042151352402,219.5865,50.7846861455472,487.97,788.87,50607.04,9.925
TPD,2022-05-06,2022,126,14.82,9.13,0,0.262190464533157,123.4485,28.6321964534613,274.33,1157.23,50751.94,11.975
TPD,2022-05-07,2022,127,15.06,5.58,0,0.399776779161951,188.397,43.8193381480074,418.66,908.2,50895.06,10.32
TPD,2022-05-08,2022,128,17.38,2.02,0,0.653460521636375,238.3515,55.5921462590136,529.67,690.18,51036.32,9.7
TPD,2022-05-09,2022,129,21.16,4.5,0,0.875867017375863,239.688,56.0565284461704,532.64,798.17,51175.69,12.83
TPD,2022-05-10,2022,130,24.68,6.8,0,1.13132466394224,240.417,56.3779729674252,534.26,913.15,51313.08,15.74
TPD,2022-05-11,2022,131,26.88,8.75,0,1.30067764205984,238.8195,56.1510905747706,530.71,1029.92,51448.44,17.815
TPD,2022-05-12,2022,132,28.05,9.26,0,1.41919394116606,239.787,56.5246203339348,532.86,1056.39,51581.72,18.655
TPD,2022-05-13,2022,133,27.16,12.26,0,1.18842308741073,219.1365,51.7880203853562,486.97,1319.99,51712.84,19.71
TPD,2022-05-14,2022,134,26.83,14.26,0,1.01625882230254,198.4725,47.0214600216255,441.05,1556.87,51841.74,20.545
TPD,2022-05-15,2022,135,27.21,14.08,4.63,0.99702154937805,151.092,35.8836557624784,335.76,1606.47,51968.36,20.645
TPD,2022-05-16,2022,136,20.28,11.31,0,0.516376450878128,161.9145,38.5459106799096,359.81,1339.58,52092.64,15.795
TPD,2022-05-17,2022,137,15.79,7.22,0,0.386794796762067,160.542,38.3085819203994,356.76,1016.35,52214.51,11.505
TPD,2022-05-18,2022,138,14.85,4.49,3.54,0.421790746525034,139.986,33.4798872944382,311.08,841.57,52333.91,9.67
TPD,2022-05-19,2022,139,21.83,10.1,0,0.754585039523548,194.4,46.59768367416,432,1168.2,52450.77,15.965
TPD,2022-05-20,2022,140,25.36,13.72,3.49,0.830011608564036,140.4495,33.7390860671015,312.11,1568.51,52565.03,19.54
TPD,2022-05-21,2022,141,27.17,16.74,0,0.910946756158293,170.865,41.132699390691,379.7,1837.48,52676.62,21.955
TPD,2022-05-22,2022,142,20.05,9.91,0,0.572125968095027,177.6555,42.8557729485798,394.79,1207.54,52785.48,14.98
TPD,2022-05-23,2022,143,16.26,7.46,0,0.405454327382352,164.034,39.649377183039,364.52,1033.35,52891.55,11.86
TPD,2022-05-24,2022,144,20.66,5.96,0,0.878799192772812,229.3335,55.5413752315422,509.63,802.24,52994.76,13.31
TPD,2022-05-25,2022,145,22.3,9.8,0,0.87696127040333,207.5895,50.3704346974659,461.31,1071.5,53095.06,16.05
TPD,2022-05-26,2022,146,25.85,15.53,1.11,0.914628959581163,175.5,42.66214247295,390,1628.6,53192.37,20.69
TPD,2022-05-27,2022,147,23.33,15.37,0,0.555603134739766,141.9795,34.5748335142684,315.51,1746.01,53286.63,19.35
TPD,2022-05-28,2022,148,20.8,12.19,0,0.530631482789953,156.8835,38.269619114391,348.63,1403.99,53377.8,16.495
TPD,2022-05-29,2022,149,24.66,12.16,0,1.01756169501929,205.1415,50.124008656899,455.87,1238.99,53465.8,18.41
TPD,2022-05-30,2022,150,29.26,14.79,0,1.48134153505912,217.692,53.2749251764152,483.76,1388.13,53550.58,22.025
TPD,2022-05-31,2022,151,30.21,18.29,0,1.35485049878468,189.342,46.4074601815152,420.76,1837.96,53632.08,24.25
TPD,2022-06-01,2022,152,29,16.18,6.67,1.13405829555138,147.5235,36.2105049810488,327.83,1783.35,53710.25,22.59
TPD,2022-06-02,2022,153,21.04,10.9,0,0.644392112250355,177.858,43.7170753745424,395.24,1250.52,53785.04,15.97
TPD,2022-06-03,2022,154,23.82,8.59,0,1.0750554499813,226.998,55.8695778008868,504.44,955.49,53856.38,16.205
TPD,2022-06-04,2022,155,20.68,7.34,0,0.817202943255868,214.1685,52.7783425390904,475.93,911.66,53924.23,14.01
TPD,2022-06-05,2022,156,23.04,9.03,0,0.985104110624002,215.8425,53.2543080034215,479.65,994.55,53988.54,16.035
TPD,2022-06-06,2022,157,25.38,12.6,14.81,0.906705701815845,147.9735,36.5502118579677,328.83,1438.52,54049.26,18.99
TPD,2022-06-07,2022,158,20.8,13.4,4.55,0.456267963395354,99.729,24.6595974163308,221.62,1536.77,54106.36,17.1
TPD,2022-06-08,2022,159,21.41,10.22,1.93,0.698234049799169,189.7965,46.9765686493989,421.77,1196.41,54159.78,15.815
TPD,2022-06-09,2022,160,21.34,12.16,0,0.558214174198433,164.844,40.8380113715184,366.32,1416.34,54209.48,16.75
TPD,2022-06-10,2022,161,22.61,10.21,0,0.836302931815013,206.9595,51.3150618174876,459.91,1154.53,54255.44,16.41
TPD,2022-06-11,2022,162,24.32,13.14,4.87,0.761273481014557,143.6355,35.6417241304784,319.19,1510.99,54297.61,18.73
TPD,2022-06-12,2022,163,24.38,14.78,0,0.70948825084044,173.025,42.96476121903,384.5,1652.9,54335.96,19.58
TPD,2022-06-13,2022,164,25.09,12.07,0,1.010301566156,213.624,53.0797966219728,474.72,1282.34,54370.46,18.58
TPD,2022-06-14,2022,165,26.86,16.22,0,0.932106470062656,184.203,45.7952569944039,409.34,1752.95,54401.09,21.54
TPD,2022-06-15,2022,166,31.88,17.81,0,1.57682283206126,210.78,52.428382628526,468.4,1799.03,54427.81,24.845
TPD,2022-06-16,2022,167,32.06,21.89,0,1.15904186715462,164.889,41.0308688449926,366.42,2533.8,54450.62,26.975
TPD,2022-06-17,2022,168,26.85,16.05,0,0.970557606679342,184.617,45.9558918274581,410.26,1703.54,54469.49,21.45
TPD,2022-06-18,2022,169,20.35,10.84,0,0.57874811924096,176.8635,44.037898674858,393.03,1261.82,54484.4,15.595
TPD,2022-06-19,2022,170,23.46,8.66,0,1.03580506831534,230.49,57.402093822255,512.2,965.79,54495.35,16.06
TPD,2022-06-20,2022,171,21.75,12.62,0.63,0.599426577372394,168.6915,42.0169446914612,374.87,1429.01,54502.33,17.185
TPD,2022-06-21,2022,172,31.61,16.07,0,1.73440250449554,223.281,55.6169107619844,496.18,1499.35,54505.32,23.84
TPD,2022-06-22,2022,173,31.5,18.9,0,1.63562906869627,197.6355,49.2280056704799,439.19,1761.88,54504.34,25.2
TPD,2022-06-23,2022,174,26.57,13.21,0,1.27979610155528,214.047,53.3109997922823,475.66,1213.07,54499.37,19.89
TPD,2022-06-24,2022,175,28.01,10.98,0,1.58524179296578,239.382,59.6111975424108,531.96,957,54490.42,19.495
TPD,2022-06-25,2022,176,29.73,14.3,0,1.68063258697467,225.189,56.0635535172123,500.42,1218.47,54477.51,22.015
TPD,2022-06-26,2022,177,29.11,16.95,0,1.40099013162937,193.4955,48.158142822994,429.99,1575.22,54460.63,23.03
TPD,2022-06-27,2022,178,22.58,12.87,0,0.769017467227885,170.1135,42.3225260462479,378.03,1338.82,54439.81,17.725
TPD,2022-06-28,2022,179,22.97,9.34,0,1.03869791351232,216.468,53.8305747809256,481.04,947.13,54415.06,16.155
TPD,2022-06-29,2022,180,25.32,11.82,0,1.19683449266112,212.769,52.8828418095687,472.82,1106.23,54386.39,18.57
TPD,2022-06-30,2022,181,29.83,13.87,0,1.70654116545473,226.503,56.2626767443464,503.34,1182.25,54353.84,21.85
TPD,2022-07-01,2022,182,29.08,18.99,0.35,1.17614164582802,165.429,41.0645490425379,367.62,1928.49,54317.43,24.035
TPD,2022-07-02,2022,183,27.16,15.21,0,1.22420571927209,192.456,47.7380781201456,427.68,1434.65,54277.18,21.185
TPD,2022-07-03,2022,184,26.75,12.7,0,1.33146973669798,215.397,53.3851565069277,478.66,1155.04,54233.13,19.725
TPD,2022-07-04,2022,185,28.99,13.41,0,1.60211168272161,224.46,55.582326499482,498.8,1164.11,54185.31,21.2
TPD,2022-07-05,2022,186,28.24,18.06,4.76,0.904160602788217,123.7275,30.609104992128,274.95,2042.92,54133.76,23.15
TPD,2022-07-06,2022,187,24.56,16.28,0,0.69655653068471,145.7865,36.0295059728286,323.97,1766.97,54078.52,20.42
TPD,2022-07-07,2022,188,26.43,13.36,0,1.23274058062406,205.6455,50.7676353647247,456.99,1253.31,54019.62,19.895
TPD,2022-07-08,2022,189,27.65,14.14,0,1.35177425250841,207.6255,51.1971247763338,461.39,1301.86,53957.11,20.895
TPD,2022-07-09,2022,190,25.5,12.76,0,1.13721054819873,201.4335,49.6094558826888,447.63,1227.26,53891.04,19.13
TPD,2022-07-10,2022,191,27.42,9.56,0,1.52227279316008,238.4415,58.6480314246998,529.87,896.81,53821.45,18.49
TPD,2022-07-11,2022,192,28.94,12.19,0,1.64326844031493,228.906,56.226223814328,508.68,1058.26,53748.4,20.565
TPD,2022-07-12,2022,193,27.11,18.47,0,0.854396019500363,141.021,34.5897324292221,313.38,1997.33,53671.93,22.79
TPD,2022-07-13,2022,194,24.51,14.25,0,0.902241318380294,169.605,41.538960710685,376.9,1443.82,53592.1,19.38
TPD,2022-07-14,2022,195,26.02,11.93,0,1.26746063706539,211.0545,51.6104217135131,469.01,1108.96,53508.97,18.975
TPD,2022-07-15,2022,196,27.05,10.41,0,1.50101773644989,230.0895,56.1743244745587,511.31,913.75,53422.58,18.73
TPD,2022-07-16,2022,197,27.98,15.85,0,1.32428079140454,186.5385,45.4653747644945,414.53,1458.94,53333.01,21.915
TPD,2022-07-17,2022,198,27.09,17.47,35.9,0.801464739237458,114.003,27.737861418513,253.34,1983.52,53240.3,22.28
TPD,2022-07-18,2022,199,27.2,17.92,11.44,0.772185802729946,110.025,26.7218169372675,244.5,2053.03,53144.51,22.56
TPD,2022-07-19,2022,200,31.1,19.19,0,1.33040525348639,176.166,42.7059750545064,391.48,2035.04,53045.72,25.145
TPD,2022-07-20,2022,201,30.93,21.65,0,0.98767520381318,140.931,34.0988111268399,313.18,2537.9,52943.97,26.29
TPD,2022-07-21,2022,202,29.4,20.31,0,0.908726416382211,142.9695,34.5236655382879,317.71,2326.96,52839.33,24.855
TPD,2022-07-22,2022,203,29.63,18.04,0,1.23462279642056,177.156,42.6918759290604,393.68,1871.54,52731.87,23.835
TPD,2022-07-23,2022,204,29.23,18.23,0,1.14532302436359,170.847,41.0854472416035,379.66,1925.92,52621.65,23.73
TPD,2022-07-24,2022,205,30.05,20.08,13.01,0.948159993569439,116.5185,27.9603497462279,258.93,2348.77,52508.73,25.065
TPD,2022-07-25,2022,206,23.67,15.37,0,0.585984333378457,144.513,34.6017283852797,321.14,1745.25,52393.17,19.52
TPD,2022-07-26,2022,207,25.74,13,0,1.06338514330888,199.989,47.7767678332365,444.42,1336.09,52275.05,19.37
TPD,2022-07-27,2022,208,26.16,14.82,6.23,0.850375385356329,135.5805,32.3150229014729,301.29,1684.38,52154.41,20.49
TPD,2022-07-28,2022,209,27.81,18.02,6.04,0.831127247334834,119.2275,28.3502993156145,264.95,2065.99,52031.34,22.915
TPD,2022-07-29,2022,210,25.98,14.89,0,0.903660861293506,180.504,42.8173389123192,401.12,1616.96,51905.89,20.435
TPD,2022-07-30,2022,211,25.24,14.62,0,0.841731201448503,177.2055,41.9314382298176,393.79,1592.31,51778.13,19.93
TPD,2022-07-31,2022,212,27.41,14.49,0,1.22819702744349,200.403,47.3015025390852,445.34,1418.09,51648.12,20.95
TPD,2022-08-01,2022,213,27.78,16.35,11.53,0.936505410640995,135.0585,31.7965255398059,300.13,1853.97,51515.93,22.065
TPD,2022-08-02,2022,214,25.35,15.82,0,0.886358875401079,163.8225,38.4678095853083,364.05,1624.74,51381.61,20.585
TPD,2022-08-03,2022,215,30.75,13.63,9.94,1.62618860304541,168.8355,39.539704115569,375.19,1363.99,51245.23,22.19
TPD,2022-08-04,2022,216,28.11,20.65,4.27,0.680233308405681,94.266,22.0166114399532,209.48,2433.17,51106.86,24.38
TPD,2022-08-05,2022,217,28.78,20.8,0,0.758332525522456,132.66,30.898780867548,294.8,2441.74,50966.54,24.79
TPD,2022-08-06,2022,218,30.02,19.82,0,1.14252257369636,164.043,38.1018213310185,364.54,2132.02,50824.35,24.92
TPD,2022-08-07,2022,219,30.82,21.45,0,1.07635128576451,151.5105,35.0912256208448,336.69,2419.53,50680.35,26.135
TPD,2022-08-08,2022,220,29.19,20.41,4.98,0.820711664253786,109.2195,25.2234823306167,242.71,2397.67,50534.58,24.8
TPD,2022-08-09,2022,221,24.86,16.05,0,0.701522646348702,156.96,36.143043963264,348.8,1776.41,50387.12,20.455
TPD,2022-08-10,2022,222,25.96,14.11,0,1.03755659453652,195.975,44.9934506245575,435.5,1439.57,50238.01,20.035
TPD,2022-08-11,2022,223,25.25,14.36,0,0.916087336137335,184.887,42.3204591010788,410.86,1505.08,50087.32,19.805
TPD,2022-08-12,2022,224,24.87,11.57,0,1.04964543877524,208.8405,47.6581136195835,464.09,1199.47,49935.1,18.22
TPD,2022-08-13,2022,225,25.03,10.3,0,1.12706080558405,218.871,49.793370933258,486.38,1082.06,49781.4,17.665
TPD,2022-08-14,2022,226,25.05,15.08,0,0.836837974867405,173.088,39.2549909355648,384.64,1604.13,49626.28,20.065
TPD,2022-08-15,2022,227,26.43,14.13,0,1.10128405721375,197.451,44.6391179391753,438.78,1424.02,49469.79,20.28
TPD,2022-08-16,2022,228,25.24,14.9,0.6,0.872133452947667,176.292,39.7284156321912,391.76,1577.03,49311.98,20.07
TPD,2022-08-17,2022,229,26.22,14.67,2.18,0.86436678983846,138.9285,31.207342060193,308.73,1668.31,49152.91,20.445
TPD,2022-08-18,2022,230,27.14,13.19,0,1.24114093525491,207.4725,46.4523101014883,461.05,1309.88,48992.61,20.165
TPD,2022-08-19,2022,231,27.96,13.94,0,1.31517402440743,205.2405,45.8011324619978,456.09,1361.86,48831.15,20.95
TPD,2022-08-20,2022,232,29.84,15.3,2.61,1.29365401851407,150.723,33.5231110438227,334.94,1672.83,48668.57,22.57
TPD,2022-08-21,2022,233,25.87,17.87,0,0.639722748892789,135.774,30.0966748220538,301.72,2046.51,48504.91,21.87
TPD,2022-08-22,2022,234,26.04,17.82,11.06,0.660251894916295,104.3145,23.0446174678983,231.81,2039.61,48340.22,21.93
TPD,2022-08-23,2022,235,26.57,16.23,0,0.861499253714497,166.4955,36.6552652581293,369.99,1794.27,48174.55,21.4
TPD,2022-08-24,2022,236,28,14.89,0,1.17151738448558,191.61,42.038513565561,425.8,1560.23,48007.93,21.445
TPD,2022-08-25,2022,237,28.04,15.94,1.7,1.09488731145791,181.278,39.6329395513932,402.84,1700.12,47840.42,21.99
TPD,2022-08-26,2022,238,25.66,15.91,0,0.741869876374078,157.5135,34.3160909158748,350.03,1804.4,47672.05,20.785
TPD,2022-08-27,2022,239,24.2,12.55,0,0.829629924799449,180.738,39.2360718915342,401.64,1403.19,47502.87,18.375
TPD,2022-08-28,2022,240,28.22,12.91,0,1.30386224075901,203.6655,44.0551598644215,452.59,1350.35,47332.9,20.565
TPD,2022-08-29,2022,241,28.91,17.87,5.84,0.964953131130848,122.0895,26.314103035233,271.31,2045.75,47162.2,23.39
TPD,2022-08-30,2022,242,25.62,18.55,9.63,0.570786328867262,87.7815,18.8509017112285,195.07,2135.49,46990.81,22.085
TPD,2022-08-31,2022,243,26.1,15.67,0,0.796825825115591,161.4735,34.5491425465313,358.83,1779.12,46818.75,20.885
TPD,2022-09-01,2022,244,24.69,11.74,0,0.893434968515848,187.245,39.915483676479,416.1,1346.59,46646.06,18.215
TPD,2022-09-02,2022,245,27.87,13.47,0,1.17382120816955,193.7655,41.1520340406213,430.59,1469.45,46472.78,20.67
TPD,2022-09-03,2022,246,29.27,16.86,0,1.10279393700204,172.593,36.5182972754895,383.54,1886.63,46298.95,23.065
TPD,2022-09-04,2022,247,22.88,17.54,22.35,0.388387121321137,67.482,14.224491775404,149.96,2003.83,46124.6,20.21
TPD,2022-09-05,2022,248,21.34,17.17,3.82,0.286812029571383,54.6345,11.4727206836304,121.41,1957.64,45949.76,19.255
TPD,2022-09-06,2022,249,23.69,14.92,0,0.612943939145606,141.129,29.5226806571991,313.62,1695.21,45774.47,19.305
TPD,2022-09-07,2022,250,23.36,12.99,0,0.683433886222646,159.75,33.289709428125,355,1496.32,45598.75,18.175
TPD,2022-09-08,2022,251,25.09,11.97,0,0.888706098818821,181.1925,37.6122128412713,402.65,1399.32,45422.65,18.53
TPD,2022-09-09,2022,252,26.78,11.68,0,1.09445825754729,191.133,39.5215342172658,424.74,1347.6,45246.18,19.23
TPD,2022-09-10,2022,253,27.34,15.75,0,0.919850866237264,161.334,33.2294980958082,358.52,1788.44,45069.39,21.545
TPD,2022-09-11,2022,254,23.42,18.17,4.48,0.393463490141246,64.098,13.150205369478,142.44,2085.4,44892.3,20.795
TPD,2022-09-12,2022,255,23.8,14.05,6.18,0.668638915205507,111.6765,22.8207885458787,248.17,1602.96,44714.94,18.925
TPD,2022-09-13,2022,256,20.78,11.72,10.95,0.534982132067594,107.8155,21.9442972041189,239.59,1376.52,44537.34,16.25
TPD,2022-09-14,2022,257,23.85,11.8,0,0.782761660763522,170.208,34.5050852518368,378.24,1383.78,44359.53,17.825
TPD,2022-09-15,2022,258,20.01,8.81,0,0.60044968543026,165.9285,33.5025557527648,368.73,1132.88,44181.53,14.41
TPD,2022-09-16,2022,259,26.06,9.23,0,1.10026375422256,193.608,38.9336960732184,430.24,1165.46,44003.39,17.645
TPD,2022-09-17,2022,260,26.14,13.35,0,0.924693107481919,168.426,33.7324937513184,374.28,1531.64,43825.12,19.745
TPD,2022-09-18,2022,261,26.95,18.75,0,0.691531634632039,120.4335,24.0223460581912,267.63,2162.19,43646.75,22.85
TPD,2022-09-19,2022,262,25.65,15.06,7.52,0.786383982219641,112.4055,22.3293724370519,249.79,1711.08,43468.31,20.355
TPD,2022-09-20,2022,263,24.69,12.63,0,0.820181258228291,162.522,32.1524623632582,361.16,1461.32,43289.83,18.66
TPD,2022-09-21,2022,264,24.94,16.08,2.2,0.660057740806353,96.4845,19.0092627049311,214.41,1827.12,43111.34,20.51
TPD,2022-09-22,2022,265,18.02,9.61,0.06,0.432789029021059,130.689,25.6415961102678,290.42,1195.57,42932.86,13.815
TPD,2022-09-23,2022,266,15.84,5.12,0,0.458280582421252,157.671,30.8069739520974,350.38,879.24,42754.42,10.48
TPD,2022-09-24,2022,267,17.19,6.26,4.04,0.502678334004937,118.224,23.003144973864,262.72,951.43,42576.05,11.725
TPD,2022-09-25,2022,268,18.57,11.01,6.09,0.410408443458465,88.4205,17.1321663826593,196.49,1312.63,42397.78,14.79
TPD,2022-09-26,2022,269,15.81,9.39,6.59,0.306925178939019,78.5205,15.1500365103866,174.49,1177.88,42219.63,12.6
TPD,2022-09-27,2022,270,14.7,9.98,0,0.221526709056947,80.9865,15.5599601198202,179.97,1225.37,42041.64,12.34
TPD,2022-09-28,2022,271,15.27,9.56,0,0.269214543313827,96.642,18.4893254629902,214.76,1191.87,41863.83,12.415
TPD,2022-09-29,2022,272,15.73,5.9,0,0.4275269795672,147.6315,28.1246970355997,328.07,928.12,41686.23,10.815
TPD,2022-09-30,2022,273,17.37,3.27,0,0.60336167891249,175.0815,33.2121789686759,389.07,772.42,41508.87,10.32
TPD,2022-10-01,2022,274,18.69,6.63,0,0.587034841818424,160.551,30.3258665140839,356.78,976.15,41331.77,12.66
TPD,2022-10-02,2022,275,16.29,5.46,0,0.474102184427367,152.757,28.7302705489602,339.46,900.08,41154.98,10.875
TPD,2022-10-03,2022,276,16.27,1.62,0,0.579672285101155,174.4425,32.6681593491848,387.65,686.68,40978.51,8.945
TPD,2022-10-04,2022,277,18.58,2.27,0,0.708453779005086,176.0535,32.828162350788,391.23,719.15,40802.4,10.425
TPD,2022-10-05,2022,278,22.17,4.17,0,0.921695202004163,175.2345,32.5347255210222,389.41,822.55,40626.68,13.17
TPD,2022-10-06,2022,279,21.95,9.25,0,0.731043111761744,149.1525,27.5727565776758,331.45,1167.14,40451.39,15.6
TPD,2022-10-07,2022,280,13.34,5.31,0,0.318353377676992,113.445,20.881116406971,252.1,891.19,40276.54,9.325
TPD,2022-10-08,2022,281,11.43,2.26,0,0.314797362800945,126.9225,23.2607068609568,282.05,718.72,40102.19,6.845
TPD,2022-10-09,2022,282,17.05,5.38,0,0.52225550220148,144.414,26.3515988073528,320.92,895.14,39928.36,11.215
TPD,2022-10-10,2022,283,16.64,4.44,0,0.52580233971112,146.997,26.7065201510532,326.66,838.33,39755.08,10.54
TPD,2022-10-11,2022,284,21.92,5.23,0,0.869651538934276,161.2035,29.1603465150881,358.23,886.01,39582.39,13.575
TPD,2022-10-12,2022,285,20.64,11.65,15.68,0.528164691089212,83.8485,15.1015477094964,186.33,1369.66,39410.32,16.145
TPD,2022-10-13,2022,286,15.21,6.5,0,0.378425982936186,112.383,20.1527290868652,249.74,967.58,39238.92,10.855
TPD,2022-10-14,2022,287,14.49,3.76,2.88,0.423482008053631,97.7715,17.4562917476486,217.27,799.55,39068.21,9.125
TPD,2022-10-15,2022,288,13.72,4.07,3.3,0.374708824792677,90.5625,16.0988430389062,201.25,817.05,38898.25,8.895
TPD,2022-10-16,2022,289,15.95,3.12,1.32,0.522372295819712,142.137,25.1570840735754,315.86,763.98,38729.06,9.535
TPD,2022-10-17,2022,290,9.6,2.9,13.78,0.220921234747547,68.9535,12.1511448870966,153.23,751.91,38560.68,6.25
TPD,2022-10-18,2022,291,6.53,2.51,3.76,0.118681034086176,43.767,7.6792151921004,97.26,731.54,38393.16,4.52
TPD,2022-10-19,2022,292,6.67,2.28,2.6,0.129371616749382,47.772,8.3455432887816,106.16,719.6,38226.54,4.475
TPD,2022-10-20,2022,293,6.75,0.45,2.48,0.176280776626848,66.6225,11.5881930792495,148.05,631.13,38060.86,3.6
TPD,2022-10-21,2022,294,17.47,0.06,0,0.689501814875339,152.892,26.4786769920348,339.76,613.35,37896.17,8.765
TPD,2022-10-22,2022,295,21.18,9.75,0,0.650418236641255,122.913,21.194813510325,273.14,1207.15,37732.5,15.465
TPD,2022-10-23,2022,296,22.62,7.93,0,0.836033071598319,136.5165,23.4391306666136,303.37,1067.08,37569.91,15.275
TPD,2022-10-24,2022,297,21.65,5.23,0,0.847998523600766,141.3765,24.1692416317062,314.17,886.19,37408.44,13.44
TPD,2022-10-25,2022,298,21.57,6.76,0,0.792102297225947,133.371,22.7029450773258,296.38,985.14,37248.14,14.165
TPD,2022-10-26,2022,299,16.13,8.61,4.62,0.355628205109446,64.6515,10.9582355670363,143.67,1117.53,37089.06,12.37
TPD,2022-10-27,2022,300,11.11,2.43,0,0.296460372682083,98.2485,16.5819659244498,218.33,727.29,36931.24,6.77
TPD,2022-10-28,2022,301,12.24,-0.07,0,0.407431461042671,121.5585,20.4291898015653,270.13,607.67,36774.74,6.085
TPD,2022-10-29,2022,302,16.45,-0.6,0,0.641679792707864,136.638,22.8665965836492,303.64,584.46,36619.62,7.925
TPD,2022-10-30,2022,303,16.75,0.11,1.55,0.644062825452763,133.488,22.2456695709456,296.64,615.53,36465.91,8.43
TPD,2022-10-31,2022,304,15.82,5.62,2.18,0.441293184829049,75.6,12.54608247564,168,910.6,36313.67,10.72
TPD,2022-11-01,2022,305,17.39,7.6,0,0.468809664085085,95.8455,15.839884790987,212.99,1043.5,36162.97,12.495
TPD,2022-11-02,2022,306,17.21,3.76,0,0.580053254100015,117.2925,19.3043914304085,260.65,799.33,36013.86,10.485
TPD,2022-11-03,2022,307,16.63,4.77,0,0.515043931839032,108.7965,17.8327643153319,241.77,858.26,35866.38,10.7
TPD,2022-11-04,2022,308,21.26,5.92,0,0.795984629655139,120.771,19.715037502482,268.38,929.42,35720.6,13.59
TPD,2022-11-05,2022,309,24.16,14.59,1.27,0.672511137928292,86.8005,14.1124607073481,192.89,1659.7,35576.59,19.375
TPD,2022-11-06,2022,310,19.38,9.68,0,0.521543351592358,90.4635,14.6492174205441,201.03,1201.15,35434.38,14.53
TPD,2022-11-07,2022,311,13.29,3.81,0,0.360769918885614,91.512,14.7603231855504,203.36,801.98,35294.06,8.55
TPD,2022-11-08,2022,312,10.45,-0.56,0,0.338767624889325,102.051,16.3956577458069,226.78,586.23,35155.67,4.945
TPD,2022-11-09,2022,313,16.13,0.97,0,0.587189236525581,116.7795,18.6891704200332,259.51,655.32,35019.28,8.55
TPD,2022-11-10,2022,314,20.14,9.19,0,0.595006009431416,94.6125,15.0835241566687,210.25,1162.44,34884.95,14.665
TPD,2022-11-11,2022,315,15.34,9.27,15.4,0.284704682307261,44.8335,7.1204574473703,99.63,1168.79,34752.74,12.305
TPD,2022-11-12,2022,316,9.6,1.85,0,0.247692562663526,76.347,12.0800639844909,169.66,698.08,34622.71,5.725
TPD,2022-11-13,2022,317,5.01,-0.3,0,0.137431304628595,55.782,8.7935791158756,123.96,597.54,34494.94,2.355
TPD,2022-11-14,2022,318,3.82,-0.59,0,0.109046284046161,47.3625,7.43915578453875,105.25,584.85,34369.47,1.615
TPD,2022-11-15,2022,319,3.62,0.65,6.12,0.0755885368766133,25.2045,3.94465553497035,56.01,640.23,34246.39,2.135
TPD,2022-11-16,2022,320,2.78,-0.6,0,0.0808113840800242,37.7325,5.8845581443935,83.85,584.47,34125.74,1.09
TPD,2022-11-17,2022,321,2.71,-1.59,0,0.0992591453167642,46.557,7.235643677724,103.46,543.74,34007.6,0.56
TPD,2022-11-18,2022,322,1.13,-3.21,0,0.0907587679921152,46.8135,7.2507806376939,104.03,481.95,33892.02,-1.04
TPD,2022-11-19,2022,323,-0.97,-5.71,0,0.0852980593111906,50.8545,7.8504292830402,113.01,399.24,33779.08,-3.34
TPD,2022-11-20,2022,324,-1.78,-7.7,0,0.0973255214260181,63.693,9.8002252773684,141.54,342.5,33668.84,-4.74
TPD,2022-11-21,2022,325,6.15,-7.02,0,0.291815060035477,106.0155,16.2601713301356,235.59,360.96,33561.36,-0.435
TPD,2022-11-22,2022,326,8.11,-5.19,0,0.332519922301444,104.8815,16.0360839794831,233.07,415.11,33456.71,1.46
TPD,2022-11-23,2022,327,10.05,-3.57,0,0.38064967911134,104.634,15.9495778192572,232.52,469.3,33354.94,3.24
TPD,2022-11-24,2022,328,12.2,-2.59,0.81,0.457010750860324,105.993,16.1088706310013,235.54,504.95,33256.13,4.805
TPD,2022-11-25,2022,329,8.42,-0.6,0,0.259046526764893,82.629,12.5218186514496,183.62,584.54,33160.32,3.91
TPD,2022-11-26,2022,330,11.17,-1.13,0,0.381830132785415,96.552,14.5908307100376,214.56,562.18,33067.59,5.02
TPD,2022-11-27,2022,331,9.43,3.01,7.56,0.210765903238845,46.5525,7.01590000920075,103.45,758.23,32977.99,6.22
TPD,2022-11-28,2022,332,5.43,0.98,0,0.121126166088573,46.6065,7.00563583426095,103.57,655.75,32891.59,3.205
TPD,2022-11-29,2022,333,10.04,1.66,3.16,0.270499275692089,59.2155,8.87844787105905,131.59,688.42,32808.43,5.85
TPD,2022-11-30,2022,334,10.6,-0.75,0,0.348917393719466,93.429,13.9741391487474,207.62,578.39,32728.58,4.925
TPD,2022-12-01,2022,335,0.51,-5.13,0,0.108854643342467,59.4855,8.87642936160615,132.19,416.99,32652.09,-2.31
TPD,2022-12-02,2022,336,10.37,-4.03,0,0.402137928024567,101.493,15.1108991192502,225.54,453.15,32579.02,3.17
TPD,2022-12-03,2022,337,11.12,-0.48,0,0.365748171427481,92.835,13.7923106234895,206.3,589.74,32509.41,5.32
TPD,2022-12-04,2022,338,3.75,-4.46,0,0.180254659909204,78.777,11.6799449076459,175.06,438.75,32443.31,-0.355
TPD,2022-12-05,2022,339,7.39,-1.62,0.3,0.242847558989519,82.2375,12.1695187862925,182.75,542.41,32380.78,2.885
TPD,2022-12-06,2022,340,7.19,3.58,0,0.112045387265117,38.646,5.7084354491292,85.88,789.37,32321.86,5.385
TPD,2022-12-07,2022,341,8.03,4.89,0,0.103665074091027,34.1505,5.03577523080315,75.89,865.55,32266.59,6.46
TPD,2022-12-08,2022,342,6.24,0.67,0,0.154266261625119,58.9635,8.68075952155695,131.03,641.24,32215.01,3.455
TPD,2022-12-09,2022,343,2.57,-2.46,0,0.112688980175615,56.088,8.2451584954872,124.64,509.74,32167.17,0.055
TPD,2022-12-10,2022,344,3.12,-2.21,1.33,0.122624576299268,59.5935,8.74847605309155,132.43,519.16,32123.09,0.455
TPD,2022-12-11,2022,345,3.23,-0.09,0,0.0817543555772225,39.024,5.7216398522976,86.72,606.64,32082.82,1.57
TPD,2022-12-12,2022,346,0.72,-2.27,0,0.0633570337530298,36.036,5.2775427080376,80.08,517.14,32046.38,-0.775
TPD,2022-12-13,2022,347,0.89,-5.48,0,0.123100614514406,69.5295,10.1723822049452,154.51,406.08,32013.81,-2.295
TPD,2022-12-14,2022,348,1.5,-6.78,3.67,0.156823605431411,68.3865,9.9961913685816,151.97,367.73,31985.12,-2.64
TPD,2022-12-15,2022,349,3.87,-1.75,9.38,0.134428313130493,50.877,7.4310312170826,113.06,537.05,31960.34,1.06
TPD,2022-12-16,2022,350,3.78,-0.22,1.87,0.0996250069590164,45.0045,6.56901295411185,100.01,601.13,31939.49,1.78
TPD,2022-12-17,2022,351,0.67,-2.2,0,0.0608501775065933,33.6105,4.90330934516115,74.69,519.83,31922.59,-0.765
TPD,2022-12-18,2022,352,-0.24,-3.29,0,0.0608086401620698,35.748,5.213027188674,79.44,479.23,31909.65,-1.765
TPD,2022-12-19,2022,353,-1.58,-4.11,0,0.0471751715613824,30.5325,4.451214330297,67.85,450.6,31900.68,-2.845
TPD,2022-12-20,2022,354,0.42,-4.06,0,0.089197617983519,51.291,7.4763432455616,113.98,452.13,31895.68,-1.82
TPD,2022-12-21,2022,355,1.46,-6.23,0,0.148032168277109,78.9435,11.5066973468327,175.43,383.47,31894.67,-2.385
TPD,2022-12-22,2022,356,4.79,-3.27,7.49,0.189841275106923,60.8265,8.8668136235322,135.17,479.81,31897.64,0.76
TPD,2022-12-23,2022,357,0.93,-13.75,7.15,0.221465425678094,84.537,12.3258307444731,187.86,211.39,31904.59,-6.41
TPD,2022-12-24,2022,358,-9.57,-16.39,0,0.0638311630082551,85.7475,12.5066056353233,190.55,169.89,31915.51,-12.98
TPD,2022-12-25,2022,359,-7.87,-11.56,0,0.0436606962022054,52.839,7.710368753592,117.42,252.38,31930.4,-9.715
TPD,2022-12-26,2022,360,-6.27,-10.16,0,0.0507709497725777,56.637,8.2694566138716,125.86,282.36,31949.24,-8.215
TPD,2022-12-27,2022,361,-0.25,-8.16,0,0.135240193340378,94.986,13.8786069131604,211.08,330.33,31972.02,-4.205
TPD,2022-12-28,2022,362,5.4,-2.42,0,0.192806528886692,92.232,13.4874681596928,204.96,511.11,31998.72,1.49
TPD,2022-12-29,2022,363,11.05,2.83,0,0.282951942641233,92.367,13.5201307771827,205.26,748.65,32029.33,6.94
TPD,2022-12-30,2022,364,13.68,7.88,11.1,0.249102638326637,49.3695,7.234190147637,109.71,1063.58,32063.8,10.78
TPD,2022-12-31,2022,365,10.44,3.94,0.8,0.226399147013101,73.3905,10.766880568966,163.09,809.54,32102.13,7.19
TPD,2023-01-01,2023,1,6.82,2.01,2.8,0.141088083184983,48.15,7.07324377293,107,706.09,32144.46,4.415
TPD,2023-01-02,2023,2,7.65,1.19,1.28,0.190150092232276,79.3305,11.6703236347079,176.29,665.77,32190.41,4.42
TPD,2023-01-03,2023,3,6.36,1.74,11.79,0.132814931007168,47.1825,6.95174228464275,104.85,692.24,32240.11,4.05
TPD,2023-01-04,2023,4,8,3.45,17.32,0.144792782435661,46.3275,6.837076678446,102.95,781.81,32293.52,5.725
TPD,2023-01-05,2023,5,5.36,1.43,3.2,0.108097558749205,41.6745,6.16125341875365,92.61,677.37,32350.61,3.395
TPD,2023-01-06,2023,6,2.64,0.93,0,0.0423935060758602,26.6895,3.9532415978898,59.31,653.47,32411.32,1.785
TPD,2023-01-07,2023,7,2.35,-1.92,0,0.0966975432091778,61.3575,9.10628924750325,136.35,530.41,32475.63,0.215
TPD,2023-01-08,2023,8,-0.06,-3.1,0,0.061525259689086,46.08,6.853186156032,102.4,485.88,32543.47,-1.58
TPD,2023-01-09,2023,9,2.39,-2.89,0,0.116055910224415,73.5075,10.95626611827,163.35,493.7,32614.8,-0.25
TPD,2023-01-10,2023,10,3.46,-1.56,0,0.118926328234286,70.884,10.5894586224504,157.52,544.88,32689.58,0.95
TPD,2023-01-11,2023,11,4.05,-2.31,0,0.150434234883904,84.303,12.6242538484554,187.34,515.29,32767.74,0.87
TPD,2023-01-12,2023,12,5.73,0.55,6.6,0.140914297412688,54.864,8.2362400143552,121.92,635.39,32849.24,3.14
TPD,2023-01-13,2023,13,0.73,-3.88,0,0.0930782167355156,68.571,10.3205132586747,152.38,458.45,32934.01,-1.575
TPD,2023-01-14,2023,14,-2.59,-10.02,0,0.110270261949429,95.9535,14.48039449989,213.23,285.54,33022,-6.305
TPD,2023-01-15,2023,15,0.54,-11.9,0,0.195290622095184,112.7025,17.054947131093,250.45,245.63,33113.16,-5.68
TPD,2023-01-16,2023,16,3.95,-8.75,5.74,0.247603351527533,94.671,14.3670730408074,210.38,315.49,33207.42,-2.4
TPD,2023-01-17,2023,17,9.14,-1.09,2.83,0.296816158709141,89.6355,13.6427575954316,199.19,563.96,33304.73,4.025
TPD,2023-01-18,2023,18,4.74,2.19,8.24,0.070524836728102,34.578,5.2787084515146,76.84,714.97,33405.01,3.465
TPD,2023-01-19,2023,19,6.85,1.42,12.64,0.156854146434863,59.85,9.16498403919,133,676.76,33508.22,4.135
TPD,2023-01-20,2023,20,3.75,-0.08,1.36,0.095623311256655,61.38,9.429027394248,136.4,607.36,33614.28,1.835
TPD,2023-01-21,2023,21,0.77,-0.86,0,0.0362429115695602,29.2185,4.5030018170313,64.93,573.65,33723.14,-0.045
TPD,2023-01-22,2023,22,-0.33,-2,0,0.0346573640469179,30.1545,4.66263100163745,67.01,527.49,33834.73,-1.165
TPD,2023-01-23,2023,23,0.55,-3.47,0,0.0818875768306856,66.9015,10.3795562225979,148.67,472.63,33948.98,-1.46
TPD,2023-01-24,2023,24,2.46,-3.96,0,0.137066932872435,95.6205,14.8862800576436,212.49,455.54,34065.83,-0.75
TPD,2023-01-25,2023,25,2.3,-5,20.21,0.150106169402409,77.8005,12.1544963433477,172.89,421.2,34185.22,-1.35
TPD,2023-01-26,2023,26,1.31,-2.24,0,0.0767889660034239,61.38,9.623365171794,136.4,518.23,34307.09,-0.465
TPD,2023-01-27,2023,27,1.81,-3.46,4.76,0.111691287919628,64.602,10.1652096645504,143.56,473.11,34431.36,-0.825
TPD,2023-01-28,2023,28,2.65,-2.53,0,0.116162449536958,85.617,13.5214901216262,190.26,507.04,34557.98,0.06
TPD,2023-01-29,2023,29,4.36,-4.1,0,0.191438371412299,115.074,18.2414201930784,255.72,451.05,34686.88,0.13
TPD,2023-01-30,2023,30,-1.03,-6.31,0,0.0931435368675217,89.8875,14.3027384878913,199.75,381.21,34817.99,-3.67
TPD,2023-01-31,2023,31,-5.77,-12.04,0,0.0780791788370647,102.8205,16.4232365517531,228.49,242.81,34951.26,-8.905
TPD,2023-02-01,2023,32,-3.93,-12.57,0,0.112777048813917,121.608,19.4993385402672,270.24,232.68,35086.62,-8.25
TPD,2023-02-02,2023,33,1.38,-9,0,0.183153522487251,128.4975,20.6847213181358,285.55,309.38,35224.01,-3.81
TPD,2023-02-03,2023,34,-8.11,-14.51,0,0.0674704092280553,105.813,17.1005025130317,235.14,198.53,35363.37,-11.31
TPD,2023-02-04,2023,35,0.29,-16.1,0,0.225359275109223,140.0895,22.7303842002395,311.31,174.08,35504.63,-7.905
TPD,2023-02-05,2023,36,5.32,-2.25,0,0.187010891993603,111.5685,18.1756435024683,247.93,517.66,35647.74,1.535
TPD,2023-02-06,2023,37,2.51,-2,0,0.102143762551369,77.6295,12.6980408932416,172.51,527.54,35792.64,0.255
TPD,2023-02-07,2023,38,8.9,-3.16,0,0.327593591063742,134.9775,22.1690310025905,299.95,483.92,35939.26,2.87
TPD,2023-02-08,2023,39,6.52,-1.31,7.53,0.206657999474478,85.833,14.1555911662836,190.74,555.1,36087.56,2.605
TPD,2023-02-09,2023,40,12.35,-0.22,16.89,0.415888001261906,102.483,16.9717215957057,227.74,601.08,36237.47,6.065
TPD,2023-02-10,2023,41,4.47,-0.56,0,0.126914609504672,84.0465,13.9767191188947,186.77,586.33,36388.94,1.955
TPD,2023-02-11,2023,42,1.99,-2.56,0,0.0997613447124391,78.903,13.1765271040161,175.34,505.93,36541.91,-0.285
TPD,2023-02-12,2023,43,7.48,-3.58,0,0.282898383952067,137.7405,23.0993887496081,306.09,468.84,36696.33,1.95
TPD,2023-02-13,2023,44,8.96,-4.24,0,0.348913421883428,145.3005,24.4706790620799,322.89,446.12,36852.14,2.36
TPD,2023-02-14,2023,45,10.54,-4.39,0,0.415175944320757,149.715,25.321672387215,332.7,441.22,37009.3,3.075
TPD,2023-02-15,2023,46,16.09,2.25,0,0.553539967415793,145.809,24.7666235410575,324.02,718.07,37167.75,9.17
TPD,2023-02-16,2023,47,7.64,0.2,0,0.212950532427431,115.9875,19.78589016279,257.75,619.68,37327.44,3.92
TPD,2023-02-17,2023,48,3.25,-6.6,0,0.199364199384903,137.7675,23.6025579099667,306.15,372.86,37488.33,-1.675
TPD,2023-02-18,2023,49,4.58,-8.22,0,0.259124189529568,152.0145,26.1559409715054,337.81,328.9,37650.36,-1.82
TPD,2023-02-19,2023,50,10.02,0,0,0.308401013921266,136.0935,23.5179978200096,302.43,610.9,37813.49,5.01
TPD,2023-02-20,2023,51,7.39,-2.15,0,0.25345682443963,133.7805,23.218669584158,297.29,521.41,37977.67,2.62
TPD,2023-02-21,2023,52,6.4,-2.92,0,0.233942920897423,131.967,23.0035465416834,293.26,492.73,38142.86,1.74
TPD,2023-02-22,2023,53,0.42,-2.83,25.52,0.0673232033845956,42.7185,7.47882073764045,94.93,495.77,38309.01,-1.205
TPD,2023-02-23,2023,54,5.47,-4.82,0,0.237050198914477,142.119,24.9895918017864,315.82,427.04,38476.08,0.325
TPD,2023-02-24,2023,55,-0.05,-8.18,0,0.139801169277669,126.0225,22.2559789269848,280.05,329.9,38644.03,-4.115
TPD,2023-02-25,2023,56,0.75,-9.09,0,0.169244159686176,141.5475,25.1069229412808,314.55,307.26,38812.81,-4.17
TPD,2023-02-26,2023,57,4.33,-5.85,0,0.218645054445037,143.271,25.5236602094433,318.38,395,38982.39,-0.76
TPD,2023-02-27,2023,58,2.39,-7.15,16.97,0.184349409748475,117.261,20.9812734054621,260.58,357.36,39152.73,-2.38
TPD,2023-02-28,2023,59,3.33,-2.49,0,0.133677282062912,109.089,19.6043536778067,242.42,508.49,39323.79,0.42
TPD,2023-03-01,2023,60,8.37,-2.55,0,0.296269896152188,168.021,30.3268708202544,373.38,506.42,39495.52,2.91
TPD,2023-03-02,2023,61,5.05,-3.09,0,0.194242062733279,141.8895,25.7220553315185,315.31,486.5,39667.9,0.98
TPD,2023-03-03,2023,62,3.67,-3.95,25.36,0.169421977002675,102.924,18.7396677939852,228.72,455.92,39840.89,-0.14
TPD,2023-03-04,2023,63,5.23,-0.85,0,0.156024782365031,115.6635,21.1509258127177,257.03,573.93,40014.45,2.19
TPD,2023-03-05,2023,64,4.93,-2.87,0,0.186697053151589,142.2585,26.1274276783863,316.13,494.42,40188.54,1.03
TPD,2023-03-06,2023,65,4.28,-4.17,0,0.190458008288257,154.638,28.5244558619724,343.64,448.52,40363.14,0.055
TPD,2023-03-07,2023,66,1.92,-3.07,0,0.107478318722489,103.2075,19.1201822001877,229.35,487.05,40538.21,-0.575
TPD,2023-03-08,2023,67,2.6,-3.68,0,0.135551408263644,126.225,23.48563813299,280.5,465.53,40713.72,-0.54
TPD,2023-03-09,2023,68,3.1,-6.51,0,0.193992221236033,173.5695,32.4341782708086,385.71,375.46,40889.64,-1.705
TPD,2023-03-10,2023,69,0.5,-2.1,0,0.0551770351716179,59.6745,11.1991909978175,132.61,523.52,41065.93,-0.8
TPD,2023-03-11,2023,70,-0.19,-5.03,0,0.0916028460092842,108.351,20.4218338668192,240.78,420.16,41242.56,-2.61
TPD,2023-03-12,2023,71,0.97,-6.44,0,0.139280053042291,153.864,29.1244796939448,341.92,377.43,41419.51,-2.735
TPD,2023-03-13,2023,72,1.42,-4.38,0,0.117890651098963,127.17,24.174648435906,282.6,441.56,41596.74,-1.48
TPD,2023-03-14,2023,73,-1.38,-5.14,0,0.0680336800805102,89.2755,17.0434237056777,198.39,416.92,41774.22,-3.26
TPD,2023-03-15,2023,74,4.02,-6.38,0,0.217767072154006,195.345,37.4516059299345,434.1,379.1,41951.93,-1.18
TPD,2023-03-16,2023,75,10.21,-1.97,5.81,0.357770949575611,155.1555,29.8726111028484,344.79,528.4,42129.84,4.12
TPD,2023-03-17,2023,76,8.57,0.91,7.74,0.230718544999606,112.14,21.681949255218,249.2,652.29,42307.91,4.74
TPD,2023-03-18,2023,77,0.89,-5.62,0,0.125149148369661,137.439,26.6853717993276,305.42,401.88,42486.12,-2.365
TPD,2023-03-19,2023,78,2.15,-6.51,0,0.169183244178203,168.156,32.786474471694,373.68,375.4,42664.45,-2.18
TPD,2023-03-20,2023,79,7.05,-3.3,0,0.262814684009583,184.023,36.0301989199635,408.94,478.9,42842.85,1.875
TPD,2023-03-21,2023,80,10.44,0.3,0,0.319421091678458,181.566,35.6972250711384,403.48,624.05,43021.32,5.37
TPD,2023-03-22,2023,81,9.53,1.56,5.44,0.252262011133103,120.5685,23.803005344391,267.93,683.55,43199.8,5.545
TPD,2023-03-23,2023,82,10.57,1.05,6.4,0.307143706548328,134.0055,26.5650875435192,297.79,659.17,43378.29,5.81
TPD,2023-03-24,2023,83,5.67,-0.81,0,0.16902935639308,141.786,28.2231261942552,315.08,575.49,43556.76,2.43
TPD,2023-03-25,2023,84,12.88,1.08,33.41,0.411618721801777,147.222,29.4252142056264,327.16,660.28,43735.16,6.98
TPD,2023-03-26,2023,85,10.41,1,0,0.30164721594404,179.6895,36.0609242903924,399.31,656.73,43913.49,5.705
TPD,2023-03-27,2023,86,5.91,1.16,0,0.13207182151423,111.915,22.550768307135,248.7,664.25,44091.7,3.535
TPD,2023-03-28,2023,87,7.49,-0.67,0,0.226864611072102,171.54,34.704746100306,381.2,581.46,44269.77,3.41
TPD,2023-03-29,2023,88,8.28,-4.06,0,0.32001606248339,208.3905,42.3295073638128,463.09,452.36,44447.68,2.11
TPD,2023-03-30,2023,89,4.84,-8.43,0,0.269483707612137,214.6725,43.7798872389218,477.05,323.62,44625.39,-1.795
TPD,2023-03-31,2023,90,10.54,-1.54,36.19,0.362928893616306,154.7235,31.6794998339537,343.83,545.58,44802.87,4.5
TPD,2023-04-01,2023,91,15.33,0.22,0.84,0.559205512299333,216.702,44.545058770014,481.56,620.4,44980.1,7.775
TPD,2023-04-02,2023,92,6.22,-2.9,0,0.22764206229154,183.0105,37.7674593465443,406.69,493.48,45157.05,1.66
TPD,2023-04-03,2023,93,14.27,-0.08,23.44,0.508554420730537,161.8605,33.5334431472197,359.69,606.99,45333.69,7.095
TPD,2023-04-04,2023,94,14.72,6.17,0,0.362697201369361,168.84,35.115445956024,375.2,945.67,45509.98,10.445
TPD,2023-04-05,2023,95,20.9,6.2,15.19,0.759022800004711,159.1155,33.2208528624481,353.59,947.88,45685.89,13.55
TPD,2023-04-06,2023,96,13.93,4.95,0,0.35938052721949,173.5695,36.377841021561,385.71,869.04,45861.4,9.44
TPD,2023-04-07,2023,97,6.31,-1.37,0,0.200961265341099,160.8525,33.841228849344,357.45,552.63,46036.48,2.47
TPD,2023-04-08,2023,98,8.61,-4.62,0,0.341951072128554,216.801,45.7850401827156,481.78,433.43,46211.08,1.995
TPD,2023-04-09,2023,99,11.88,-2,0,0.43121469859311,217.206,46.0433771640414,482.68,527.22,46385.17,4.94
TPD,2023-04-10,2023,100,17.27,-1.63,0,0.712573291182866,231.1245,49.1771447869145,513.61,542.17,46558.73,7.82
TPD,2023-04-11,2023,101,21.37,3.66,0,0.872488742958534,224.01,47.840462769204,497.8,793.71,46731.72,12.515
TPD,2023-04-12,2023,102,24.97,9.39,0,0.988251973083601,209.6955,44.9485946660835,465.99,1178.23,46904.1,17.18
TPD,2023-04-13,2023,103,26.2,11.98,0,0.996862281197407,198.207,42.6415778562816,440.46,1399.83,47075.84,19.09
TPD,2023-04-14,2023,104,27.08,8.08,0,1.24800277784109,221.265,47.775169951245,491.7,1078.47,47246.9,17.58
TPD,2023-04-15,2023,105,24.94,9.5,0,0.98112648259965,207.4545,44.9547235572006,461.01,1186.9,47417.24,17.22
TPD,2023-04-16,2023,106,26.78,7.99,5.38,1.22059162803289,165.69,36.032897140506,368.2,1071.35,47586.82,17.385
TPD,2023-04-17,2023,107,8.51,2.85,1.19,0.17981730556114,105.849,23.100813045108,235.22,749.41,47755.6,5.68
TPD,2023-04-18,2023,108,4.58,0.98,0,0.0954058077983463,71.9685,15.7618660573598,159.93,655.67,47923.55,2.78
TPD,2023-04-19,2023,109,9.52,1.32,0,0.257634332345109,150.219,33.0142574102229,333.82,671.95,48090.63,5.42
TPD,2023-04-20,2023,110,17.59,4.42,0,0.584792521268516,202.1895,44.5895549845317,449.31,837.32,48256.78,11.005
TPD,2023-04-21,2023,111,22.28,6.22,13.55,0.86708701491269,162.576,35.9761833898704,361.28,949.1,48421.97,14.25
TPD,2023-04-22,2023,112,12.44,6.03,11.01,0.252172380489044,88.8795,19.7346891254873,197.51,936.45,48586.15,9.235
TPD,2023-04-23,2023,113,9.1,2.66,0,0.207485453637752,121.446,27.0562511190816,269.88,739.27,48749.28,5.88
TPD,2023-04-24,2023,114,7.87,1.79,0,0.183344910985275,117.558,26.2771204914792,261.24,695.09,48911.32,4.83
TPD,2023-04-25,2023,115,9.8,0.25,1.98,0.294229221935949,172.0485,38.5835965583855,382.33,621.68,49072.21,5.025
TPD,2023-04-26,2023,116,9.71,0.3,0,0.289168633694598,169.182,38.064221467506,375.96,624.23,49231.9,5.005
TPD,2023-04-27,2023,117,13.97,-1.19,0,0.516613660243726,222.552,50.2330899321504,494.56,559.7,49390.36,6.39
TPD,2023-04-28,2023,118,13.37,4.75,14.64,0.337235738639271,116.3745,26.3509301487168,258.61,856.78,49547.52,9.06
TPD,2023-04-29,2023,119,13.14,7.44,1.6,0.238201466865027,109.6065,24.8964827411777,243.57,1031.78,49703.33,10.29
TPD,2023-04-30,2023,120,12.8,5.44,2.8,0.287937233242712,105.183,23.9659426792656,233.74,899.16,49857.76,9.12
TPD,2023-05-01,2023,121,9.53,3.22,0.84,0.20905098656334,127.0935,29.0470969195754,282.43,769.59,50010.73,6.375
TPD,2023-05-02,2023,122,6.44,2.03,3.11,0.127834071596904,70.299,16.115430914946,156.22,707.11,50162.2,4.235
TPD,2023-05-03,2023,123,9.47,2.19,4.18,0.233992376750008,111.681,25.6784038790787,248.18,715.16,50312.11,5.83
TPD,2023-05-04,2023,124,13.29,4.64,1.29,0.336158160787371,168.8445,38.9362295218397,375.21,850.6,50460.41,8.965
TPD,2023-05-05,2023,125,15.83,3.32,0,0.509968490289421,214.5285,49.6149013795248,476.73,774.91,50607.04,9.575
TPD,2023-05-06,2023,126,18.42,4.2,0,0.645028914263728,224.847,52.1501960410326,499.66,824.44,50751.94,11.31
TPD,2023-05-07,2023,127,19.2,8.75,0,0.545802534874475,187.1055,43.5189476151531,415.79,1127.97,50895.06,13.975
TPD,2023-05-08,2023,128,19.58,8.79,0,0.570839577123501,191.9565,44.7711628555656,426.57,1131.01,51036.32,14.185
TPD,2023-05-09,2023,129,17.52,7,0,0.498360311779918,192.4605,45.0112959055697,427.69,1001.17,51175.69,12.26
TPD,2023-05-10,2023,130,20.13,3.57,0,0.781908074273539,239.94,56.266116097464,533.2,788.49,51313.08,11.85
TPD,2023-05-11,2023,131,25.3,6.39,0,1.1290798762479,243.603,57.2757840849924,541.34,960.09,51448.44,15.845
TPD,2023-05-12,2023,132,26.93,9.34,0,1.1844653113082,236.088,55.6526607589152,524.64,1174.2,51581.72,18.135
TPD,2023-05-13,2023,133,23.82,12,0,0.771318392630838,200.718,47.4352190333784,446.04,1401.73,51712.84,17.91
TPD,2023-05-14,2023,134,19.6,6.91,0,0.640404898782399,217.3185,51.4863931260483,482.93,994.99,51841.74,13.255
TPD,2023-05-15,2023,135,21.09,2.6,0,0.879661600664673,249.1065,59.1616491554538,553.57,736.28,51968.36,11.845
TPD,2023-05-16,2023,136,23.14,5.38,0,0.966094588503838,244.5615,58.2211335905352,543.47,895.18,52092.64,14.26
TPD,2023-05-17,2023,137,13.43,1.93,0,0.417935182596776,210.3435,50.1922313237255,467.43,701.8,52214.51,7.68
TPD,2023-05-18,2023,138,17.39,-0.15,0,0.689034819451465,247.266,59.1376124165742,549.48,604.16,52333.91,8.62
TPD,2023-05-19,2023,139,22.63,6.51,10.49,0.886711779509638,174.861,41.9141850048729,388.58,967.89,52450.77,14.57
TPD,2023-05-20,2023,140,16.46,10.28,4.93,0.308240419082893,92.277,22.1669827590267,205.06,1250.65,52565.03,13.37
TPD,2023-05-21,2023,141,21.71,8.61,0,0.736894618006491,214.758,51.6991557998772,477.24,1117.52,52676.62,15.16
TPD,2023-05-22,2023,142,18.93,6.96,0,0.592083752172466,205.695,49.619731540302,457.1,998.52,52785.48,12.945
TPD,2023-05-23,2023,143,24.34,8.02,0,0.982207215038799,231.9435,56.0640801093322,515.43,1073.91,52891.55,16.18
TPD,2023-05-24,2023,144,20.75,7.8,0,0.692770315375326,208.953,50.6055023742996,464.34,1057.67,52994.76,14.275
TPD,2023-05-25,2023,145,16.96,4.11,0,0.554550884479171,211.3785,51.2898144207597,469.73,819.39,53095.06,10.535
TPD,2023-05-26,2023,146,20.31,2.26,0,0.830039191347287,243.369,59.1603586980021,540.82,718.59,53192.37,11.285
TPD,2023-05-27,2023,147,23.1,4.61,0,0.986211802347158,242.073,58.9495925348343,537.94,848.29,53286.63,13.855
TPD,2023-05-28,2023,148,26.17,8.66,0,1.13853958080652,231.4935,56.469724811451,514.43,1116.21,53377.8,17.415
TPD,2023-05-29,2023,149,28.32,8.29,0,1.42850219017507,240.219,58.694799616614,533.82,1040.07,53465.8,18.305
TPD,2023-05-30,2023,150,28.97,13.22,0,1.25717952655693,210.6495,51.5514412608147,468.11,1497.28,53550.58,21.095
TPD,2023-05-31,2023,151,29.59,12.88,0,1.35943835994916,215.037,52.7052688524072,477.86,1451.15,53632.08,21.235
TPD,2023-06-01,2023,152,30.67,12.98,0,1.49953876155452,217.737,53.4448187784225,483.86,1448.24,53710.25,21.825
TPD,2023-06-02,2023,153,31.47,14.58,0,1.57555773593685,209.574,51.5127930964272,465.72,1556.69,53785.04,23.025
TPD,2023-06-03,2023,154,24.83,13.08,0,0.811439745171051,168.741,41.5311519383406,374.98,1504.89,53856.38,18.955
TPD,2023-06-04,2023,155,23.97,9.08,0,0.926913074465366,202.473,49.8961768370103,449.94,1135.73,53924.23,16.525
TPD,2023-06-05,2023,156,23.87,8.1,0,0.966417481290376,210.285,51.883119211923,467.3,1050.35,53988.54,15.985
TPD,2023-06-06,2023,157,23.92,10.99,0,0.825791443666676,182.0025,44.9555490251955,404.45,1310.92,54049.26,17.455
TPD,2023-06-07,2023,158,22.06,6.95,0,0.834051501672918,205.0065,50.6911505954238,455.57,988.68,54106.36,14.505
TPD,2023-06-08,2023,159,20.53,9.11,0,0.626753628905455,167.481,41.4532549018026,372.18,1156.26,54159.78,14.82
TPD,2023-06-09,2023,160,21.87,8.8,0,0.742008595650142,185.859,46.0442112269724,413.02,1132.35,54209.48,15.335
TPD,2023-06-10,2023,161,25.45,8.25,0,1.13333300232444,219.6135,54.4525877210508,488.03,1035.29,54255.44,16.85
TPD,2023-06-11,2023,162,23.04,14.69,28.66,0.568842301891325,95.4405,23.6826130857268,212.09,1670.63,54297.61,18.865
TPD,2023-06-12,2023,163,18.19,11.94,26.76,0.343605631030789,76.1805,18.9167865455646,169.29,1395.9,54335.96,15.065
TPD,2023-06-13,2023,164,18.9,9.99,17.7,0.475488835648492,106.587,26.4839918854914,236.86,1226.71,54370.46,14.445
TPD,2023-06-14,2023,165,19.74,11.24,0,0.480394989996427,137.8305,34.2664515190696,306.29,1333.44,54401.09,15.49
TPD,2023-06-15,2023,166,21.71,9.2,0.21,0.713841400775243,189.441,47.1206245067397,420.98,1163.25,54427.81,15.455
TPD,2023-06-16,2023,167,20.94,14.13,0,0.42939460890094,113.0175,28.1231993625345,251.15,1611.5,54450.62,17.535
TPD,2023-06-17,2023,168,23.96,11.13,0,0.823278314663428,192.654,47.9565066279222,428.12,1323.11,54469.49,17.545
TPD,2023-06-18,2023,169,25.3,8.84,0,1.04138104362113,222.8985,55.500324022638,495.33,1135.02,54484.4,17.07
TPD,2023-06-19,2023,170,26.61,11.27,0,1.07045055789222,210.105,52.3253369886975,466.9,1335.78,54495.35,18.94
TPD,2023-06-20,2023,171,26.56,17.13,0,0.756651894527008,144.9855,36.1123573776026,322.19,1952.25,54502.33,21.845
TPD,2023-06-21,2023,172,27.89,16.75,0,0.920178903549541,165.4335,41.2077167629254,367.63,1906.19,54505.32,22.32
TPD,2023-06-22,2023,173,24.65,15.68,0,0.656071679811081,143.289,35.6911167503682,318.42,1781.05,54504.34,20.165
TPD,2023-06-23,2023,174,21.65,17.25,0,0.305593603243812,76.158,18.9680730035022,169.24,1968.09,54499.37,19.45
TPD,2023-06-24,2023,175,25.18,17.56,4.1,0.592866219982674,94.338,23.4921637957572,209.64,2006.77,54490.42,21.37
TPD,2023-06-25,2023,176,28.41,16.55,2.37,0.989843953792454,135.369,33.7017668539383,300.82,1882.16,54477.51,22.48
TPD,2023-06-26,2023,177,24.1,17.51,2.92,0.496511372031647,86.5035,21.5294304399269,192.23,2000.06,54460.63,20.805
TPD,2023-06-27,2023,178,22.52,16.55,3.12,0.419729218562545,82.098,20.4251558127066,182.44,1881.63,54439.81,19.535
TPD,2023-06-28,2023,179,23.55,12.43,0,0.727747586460122,189.504,47.1252528931968,421.12,1441.62,54415.06,17.99
TPD,2023-06-29,2023,180,25.71,9.92,0,1.07323830347095,229.8735,57.134093485009,510.83,1185.54,54386.39,17.815
TPD,2023-06-30,2023,181,27.19,16.73,0,0.869483277859573,177.1875,44.01285208425,393.75,1880.45,54353.84,21.96
TPD,2023-07-01,2023,182,28.01,18.96,6.47,0.79059657934654,118.782,29.4853336740882,263.96,2190.95,54317.43,23.485
TPD,2023-07-02,2023,183,24.35,19.49,47.12,0.386279249484414,71.5815,17.7555557579769,159.07,2264.74,54277.18,21.92
TPD,2023-07-03,2023,184,25.48,18.14,10.56,0.58410393038169,105.633,26.1806535712953,234.74,2081.54,54233.13,21.81
TPD,2023-07-04,2023,185,29.14,17.37,0,1.02254949622406,196.5375,48.6679653140513,436.75,1983.11,54185.31,23.255
TPD,2023-07-05,2023,186,30.64,17.47,0,1.27620437352234,208.899,51.6797916691968,464.22,1917.33,54133.76,24.055
TPD,2023-07-06,2023,187,30.2,19.5,0,1.00787153030963,183.2175,45.280159758117,407.15,2266.01,54078.52,24.85
TPD,2023-07-07,2023,188,25.13,15.04,0,0.737746514590967,187.4205,46.2684357492597,416.49,1708.6,54019.62,20.085
TPD,2023-07-08,2023,189,24.32,12.34,2.05,0.800487017569043,157.7925,38.9091046681148,350.65,1433.28,53957.11,18.33
TPD,2023-07-09,2023,190,24.39,15.21,0,0.659255890088975,177.039,43.6015283456592,393.42,1727.58,53891.04,19.8
TPD,2023-07-10,2023,191,27.01,14.68,0,0.983410815104121,211.7565,52.0844813775472,470.57,1630.77,53821.45,20.845
TPD,2023-07-11,2023,192,28.2,16.73,2.72,0.955045096750317,149.1345,36.631935272286,331.41,1904.3,53748.4,22.465
TPD,2023-07-12,2023,193,25.19,15.42,4.07,0.722035505610439,137.2545,33.6658825969655,305.01,1751.09,53671.93,20.305
TPD,2023-07-13,2023,194,23.95,16.15,0,0.566045991380878,155.6145,38.1124648537065,345.81,1834.56,53592.1,20.05
TPD,2023-07-14,2023,195,26.26,14.59,3.43,0.87247874541427,152.235,37.2269368791315,338.3,1659.93,53508.97,20.425
TPD,2023-07-15,2023,196,25.82,17.81,9.35,0.63956815381884,117.162,28.6040701730772,260.36,2037.89,53422.58,21.815
TPD,2023-07-16,2023,197,26.21,18.35,0,0.64256375541139,152.469,37.1615523067233,338.82,2108.76,53333.01,22.28
TPD,2023-07-17,2023,198,26.32,15.38,0,0.835001842034529,195.885,47.660421076335,435.3,1746.67,53240.3,20.85
TPD,2023-07-18,2023,199,25.47,15.32,0,0.754354315209763,189.6975,46.0719097337633,421.55,1740.03,53144.51,20.395
TPD,2023-07-19,2023,200,25.91,13.33,0,0.90377268312363,215.4195,52.2217669314978,478.71,1528.7,53045.72,19.62
TPD,2023-07-20,2023,201,28.19,14.7,5.78,1.07044001815363,162.9855,39.434984360528,362.19,1672.03,52943.97,21.445
TPD,2023-07-21,2023,202,25.05,15.44,0,0.708108852773515,183.069,44.2067218982289,406.82,1752.86,52839.33,20.245
TPD,2023-07-22,2023,203,26.07,13.34,0,0.955897382377827,214.866,51.7794069259494,477.48,1492.95,52731.87,19.705
TPD,2023-07-23,2023,204,26.89,14.45,2.08,0.943983971861108,155.709,37.4450467643145,346.02,1645.4,52621.65,20.67
TPD,2023-07-24,2023,205,26.59,16.1,0,0.821185596578932,186.084,44.6536277258724,413.52,1829.03,52508.73,21.345
TPD,2023-07-25,2023,206,27.99,16.69,0,0.935308891341711,192.7395,46.1489265887125,428.31,1898.41,52393.17,22.34
TPD,2023-07-26,2023,207,29.38,18.7,25.79,0.965131736866032,135.8595,32.4564240505208,301.91,2154.96,52275.05,24.04
TPD,2023-07-27,2023,208,27.31,18.87,0,0.72111837628566,153.729,36.6406389976473,341.62,2178.61,52154.41,23.09
TPD,2023-07-28,2023,209,29.55,17.49,0.72,1.06386513849455,194.5395,46.2582294664401,432.31,1997.61,52031.34,23.52
TPD,2023-07-29,2023,210,24.28,16.68,38.59,0.564513029459435,110.556,26.2249796170188,245.68,1897.21,51905.89,20.48
TPD,2023-07-30,2023,211,24.43,13.83,0,0.736513292765277,189.9675,44.9512599322417,422.15,1580.44,51778.13,19.13
TPD,2023-07-31,2023,212,23.73,12.41,5.36,0.744470809858684,148.8015,35.1219020177826,330.67,1439.75,51648.12,18.07
TPD,2023-08-01,2023,213,24.1,11.96,0,0.79805883829255,203.85,47.991957050385,453,1398.14,51515.93,18.03
TPD,2023-08-02,2023,214,25.6,12.53,0,0.91155325091992,208.116,48.8685416206932,462.48,1451.61,51381.61,19.065
TPD,2023-08-03,2023,215,27.27,17.35,0,0.815755852245558,170.802,40.0002401292822,379.56,1980.7,51245.23,22.31
TPD,2023-08-04,2023,216,26.45,17.07,0,0.748136959121381,165.96,38.761343799192,368.8,1945.86,51106.86,21.76
TPD,2023-08-05,2023,217,24.44,14.83,0,0.685249025528813,172.773,40.2417840104694,383.94,1685.33,50966.54,19.635
TPD,2023-08-06,2023,218,26.18,13.86,3.35,0.90284800372141,149.823,34.7989806165285,332.94,1583.28,50824.35,20.02
TPD,2023-08-07,2023,219,24.23,17.47,1.88,0.510713014498966,128.997,29.8768919079015,286.66,1995.07,50680.35,20.85
TPD,2023-08-08,2023,220,24.97,15.73,0,0.683724237534522,166.5225,38.4572108130885,370.05,1786.11,50534.58,20.35
TPD,2023-08-09,2023,221,27.16,15.98,0,0.887523352274952,186.687,42.9882546404808,414.86,1814.93,50387.12,21.57
TPD,2023-08-10,2023,222,26.47,17.42,7.56,0.728441866475835,121.194,27.8246524046058,269.32,1989.32,50238.01,21.945
TPD,2023-08-11,2023,223,24.91,14.03,3.47,0.7710968395486,140.139,32.0776843042836,311.42,1600.63,50087.32,19.47
TPD,2023-08-12,2023,224,27.06,17.16,8.12,0.805703835346091,127.485,29.092511341395,283.3,1956.81,49935.1,22.11
TPD,2023-08-13,2023,225,25.77,15.83,0,0.75529082205325,173.07,39.37359772386,384.6,1797.14,49781.4,20.8
TPD,2023-08-14,2023,226,24.17,15.19,0,0.640638842575315,162.1305,36.7699165041978,360.29,1725.12,49626.28,19.68
TPD,2023-08-15,2023,227,22.43,16.74,37.45,0.399962461257395,82.935,18.7496910437805,184.3,1905.38,49469.79,19.585
TPD,2023-08-16,2023,228,25.72,15.29,0,0.78100818241313,178.119,40.1401405848834,395.82,1736.01,49311.98,20.505
TPD,2023-08-17,2023,229,25.41,15.35,12.03,0.746531753681885,130.1355,29.2321810332239,289.19,1743.74,49152.91,20.38
TPD,2023-08-18,2023,230,19.9,12.65,0,0.426750549970142,141.9255,31.7765840644364,315.39,1463.34,48992.61,16.275
TPD,2023-08-19,2023,231,23.49,9.82,0,0.837242793979244,211.7385,47.2512154560368,470.53,1212.45,48831.15,16.655
TPD,2023-08-20,2023,232,27.38,13.05,0,1.06803017248152,208.4625,46.3652630054663,463.25,1501.53,48668.57,20.215
TPD,2023-08-21,2023,233,25.73,15.89,0,0.747938676825453,169.128,37.4901705724536,375.84,1804.02,48504.91,20.81
TPD,2023-08-22,2023,234,23.58,13.57,0,0.674369572007651,174.9375,38.6462837696625,388.75,1553.31,48340.22,18.575
TPD,2023-08-23,2023,235,19.64,15.27,14.62,0.272755975177978,66.7035,14.6852887083773,148.23,1734.1,48174.55,17.455
TPD,2023-08-24,2023,236,26.4,17.71,13.97,0.70339279836393,115.7355,25.3919335460936,257.19,2025.59,48007.93,22.055
TPD,2023-08-25,2023,237,23.78,17.46,0,0.471112564680502,121.797,26.6285657307618,270.66,1993.78,47840.42,20.62
TPD,2023-08-26,2023,238,23.85,14.83,0,0.631420629626785,163.0575,35.5239137884388,362.35,1685.98,47672.05,19.34
TPD,2023-08-27,2023,239,22.53,11.38,0,0.689265522046026,189.396,41.1156207989964,420.88,1345.22,47502.87,16.955
TPD,2023-08-28,2023,240,23.46,9.54,0,0.845864591968481,208.0395,45.0013057224435,462.31,1189.95,47332.9,16.5
TPD,2023-08-29,2023,241,24.32,10.17,8.96,0.896497324500401,154.944,33.395274619776,344.32,1241.42,47162.2,17.245
TPD,2023-08-30,2023,242,19.15,12.23,0,0.393983046684481,133.5645,28.6827094730597,296.81,1423.45,46990.81,15.69
TPD,2023-08-31,2023,243,21.6,8.95,0,0.714977739017026,198.945,42.5666079196875,442.1,1143.72,46818.75,15.275
TPD,2023-09-01,2023,244,23.87,9.17,0,0.896240645593741,208.1115,44.3636475267033,462.47,1161,46646.06,16.52
TPD,2023-09-02,2023,245,25.49,11,0,0.97059861403765,202.743,43.0586809184178,450.54,1312.3,46472.78,18.245
TPD,2023-09-03,2023,246,28.54,17.55,0,0.94260228043955,168.003,35.5471166106045,373.34,2005.48,46298.95,23.045
TPD,2023-09-04,2023,247,29.6,19.68,0,0.922940134141796,153.3285,32.320025891127,340.73,2290.99,46124.6,24.64
TPD,2023-09-05,2023,248,30.9,18.57,0,1.15960436960625,173.871,36.5112413947872,386.38,2138.12,45949.76,24.735
TPD,2023-09-06,2023,249,30.27,19.5,18.94,1.01645251844559,118.9035,24.8733432499576,264.23,2266.05,45774.47,24.885
TPD,2023-09-07,2023,250,26.61,18.53,0,0.670666117848706,132.246,27.558252976725,293.88,2133.16,45598.75,22.57
TPD,2023-09-08,2023,251,20.29,16.03,0,0.276194505767221,79.497,16.5021073402185,176.66,1820.69,45422.65,18.16
TPD,2023-09-09,2023,252,20.55,15.25,0,0.340001582800348,98.0775,20.2799792406015,217.95,1731.82,45246.18,17.9
TPD,2023-09-10,2023,253,21.74,15.77,0,0.401300067648112,108.918,22.4335259374914,242.04,1791.28,45069.39,18.755
TPD,2023-09-11,2023,254,24.08,14.57,0,0.666001033578432,155.8665,31.9772299482315,346.37,1657.94,44892.3,19.325
TPD,2023-09-12,2023,255,21.62,14.05,1.31,0.486722606327289,133.6815,27.3174503498577,297.07,1602.65,44714.94,17.835
TPD,2023-09-13,2023,256,19.79,10.72,0,0.507140552936479,155.16,31.580590492008,344.8,1287.67,44537.34,15.255
TPD,2023-09-14,2023,257,19.72,7.56,0,0.62561633100794,182.952,37.0885878277992,406.56,1040.89,44359.53,13.64
TPD,2023-09-15,2023,258,20.9,6.31,0,0.755426904598463,195.1245,39.3975082037165,433.61,955.08,44181.53,13.605
TPD,2023-09-16,2023,259,21.18,6.72,0,0.763020059637698,192.105,38.6314495482915,426.9,982.53,44003.39,13.95
TPD,2023-09-17,2023,260,22.51,10.95,0,0.70630800236891,168.0615,33.6594914003016,373.47,1307.64,43825.12,16.73
TPD,2023-09-18,2023,261,20.95,9.58,0,0.640154759115299,167.7735,33.4650498108413,372.83,1192.98,43646.75,15.265
TPD,2023-09-19,2023,262,20.44,8.71,0,0.636041281230363,170.946,33.9584531061582,379.88,1124.92,43468.31,14.575
TPD,2023-09-20,2023,263,22.2,7.38,0,0.820891599344514,186.8625,36.9678535727738,415.25,1028.07,43289.83,14.79
TPD,2023-09-21,2023,264,24.37,11.83,0,0.828852574155139,168.219,33.1423095208122,373.82,1385.84,43111.34,18.1
TPD,2023-09-22,2023,265,23.59,12.25,0,0.73910199547566,156.6225,30.7298310246495,348.05,1425.3,42932.86,17.92
TPD,2023-09-23,2023,266,21.97,9.71,0,0.71445283590872,164.205,32.083637179977,364.9,1203.63,42754.42,15.84
TPD,2023-09-24,2023,267,20.87,11.31,0,0.560893522967307,138.384,26.925727551624,307.52,1339.03,42576.05,16.09
TPD,2023-09-25,2023,268,22.38,14.34,22.62,0.531894722274584,88.443,17.1365259343878,196.54,1633.79,42397.78,18.36
TPD,2023-09-26,2023,269,19.16,14.43,0,0.285295963552724,75.1275,14.4953785054102,166.95,1642.4,42219.63,16.795
TPD,2023-09-27,2023,270,20.17,14.09,0,0.374152471480234,95.553,18.3586260590244,212.34,1607.34,42041.64,17.13
TPD,2023-09-28,2023,271,18.61,12.16,0,0.361234782633106,103.4775,19.7970776225303,229.95,1416.24,41863.83,15.385
TPD,2023-09-29,2023,272,21.65,12.12,0,0.583789175436999,136.7955,26.06037324916,303.99,1413.18,41686.23,16.885
TPD,2023-09-30,2023,273,22.51,10.76,0,0.714664307248744,154.701,29.3460890992659,343.78,1291.09,41508.87,16.635
TPD,2023-10-01,2023,274,24.8,10.84,0,0.911900125010478,164.9115,31.1495047407824,366.47,1298.54,41331.77,17.82
TPD,2023-10-02,2023,275,26.25,13.19,0,0.944107616376662,156.6045,29.4539016489237,348.01,1515.32,41154.98,19.72
TPD,2023-10-03,2023,276,27.25,12.81,0,1.0658944746809,160.911,30.1340911133277,357.58,1478.18,40978.51,20.03
TPD,2023-10-04,2023,277,27.61,14.39,0,1.02363345257372,151.5735,28.263450974148,336.83,1638.81,40802.4,21.0
TPD,2023-10-05,2023,278,25.45,16.7,21.28,0.672125289639179,87.741,16.2903386715516,194.98,1900.32,40626.68,21.075
TPD,2023-10-06,2023,279,21.54,11.16,0,0.618723749533366,136.737,25.2775918349451,303.86,1326.24,40451.39,16.35
TPD,2023-10-07,2023,280,13.89,7.64,22.03,0.268498629304027,72,13.2525927216,160,1046.3,40276.54,10.765
TPD,2023-10-08,2023,281,11.71,6.83,0,0.191304236515553,76.6845,14.0537388979814,170.41,990.01,40102.19,9.27
TPD,2023-10-09,2023,282,12.13,4.78,0,0.27677260834784,108.99,19.887689240748,242.2,858.43,39928.36,8.455
TPD,2023-10-10,2023,283,12.29,6.85,9.34,0.217262953000476,61.9785,11.2602982318146,137.73,991.47,39755.08,9.57
TPD,2023-10-11,2023,284,13.39,6.36,0,0.287394597272726,102.888,18.6115669464024,228.64,958.18,39582.39,9.875
TPD,2023-10-12,2023,285,16.64,5.05,0,0.507422713806617,142.4835,25.6620139068204,316.63,874.93,39410.32,10.845
TPD,2023-10-13,2023,286,14.21,5.46,0,0.358331827611721,118.8135,21.3058583358894,264.03,900.3,39238.92,9.835
TPD,2023-10-14,2023,287,11.48,7.82,12.78,0.146632767665556,42.2505,7.54347692818485,93.89,1058.94,39068.21,9.65
TPD,2023-10-15,2023,288,12.17,6.65,0,0.218523502542975,83.2635,14.8013362856588,185.03,977.85,38898.25,9.41
TPD,2023-10-16,2023,289,12.76,6.15,0,0.263358539924556,98.289,17.3963474430138,218.42,944.43,38729.06,9.455
TPD,2023-10-17,2023,290,12.53,7.66,0,0.200724081613542,75.393,13.2859284368868,167.54,1047.54,38560.68,10.095
TPD,2023-10-18,2023,291,15.23,5.83,0,0.401311120038943,125.856,22.0822836204672,279.68,923.97,38393.16,10.53
TPD,2023-10-19,2023,292,17.16,7.68,4.15,0.45193566832741,93.276,16.2948776648328,207.28,1048.92,38226.54,12.42
TPD,2023-10-20,2023,293,15.01,9.27,9.71,0.266948394812752,64.773,11.2664945074446,143.94,1168.3,38060.86,12.14
TPD,2023-10-21,2023,294,11.63,7.25,0,0.173619186800671,69.9615,12.1163171413694,155.47,1018.51,37896.17,9.44
TPD,2023-10-22,2023,295,11.39,2.34,0,0.311077094731873,125.1135,21.5742622840875,278.03,722.71,37732.5,6.865
TPD,2023-10-23,2023,296,13.91,-0.59,0,0.500941024649036,149.616,25.6882426213392,332.48,584.83,37569.91,6.66
TPD,2023-10-24,2023,297,21.65,5.56,0,0.838107253281534,145.935,24.948547159698,324.3,906.34,37408.44,13.605
TPD,2023-10-25,2023,298,21.06,14.02,3.61,0.444240285024512,69.633,11.8532077780734,154.74,1600.09,37248.14,17.54
TPD,2023-10-26,2023,299,22.34,14.84,0.11,0.502289709267884,94.9095,16.0868759201199,210.91,1686.86,37089.06,18.59
TPD,2023-10-27,2023,300,22.95,16.5,0,0.458641904173547,82.215,13.875899667462,182.7,1875.71,36931.24,19.725
TPD,2023-10-28,2023,301,17.66,8.1,4.43,0.467818567374974,85.6395,14.3926224822711,190.31,1079.56,36774.74,12.88
TPD,2023-10-29,2023,302,11.6,5.26,2.49,0.237651021896975,65.5245,10.9656340684533,145.61,887.89,36619.62,8.43
TPD,2023-10-30,2023,303,7.8,2.23,0.24,0.169610741608973,80.073,13.3441020882351,177.94,717.38,36465.91,5.015
TPD,2023-10-31,2023,304,6.02,-2.14,0,0.207125955367353,109.0845,18.1029515054756,242.41,521.79,36313.67,1.94
TPD,2023-11-01,2023,305,5.22,-2.55,0,0.189489735014571,105.678,17.4648506705262,234.84,506.41,36162.97,1.335
TPD,2023-11-02,2023,306,8.99,-1.28,0,0.294817285283292,122.265,20.122782089553,271.7,556.24,36013.86,3.855
TPD,2023-11-03,2023,307,14.4,5.55,0,0.365348231738643,109.521,17.9515166441886,243.38,906.1,35866.38,9.975
TPD,2023-11-04,2023,308,12.56,6.4,0,0.245680592192735,85.329,13.929374063718,189.62,960.73,35720.6,9.48
TPD,2023-11-05,2023,309,11.92,3.01,0,0.317309850745739,109.908,17.8693939715004,244.24,758.02,35576.59,7.465
TPD,2023-11-06,2023,310,15.78,3.85,2.04,0.492285995257773,91.1025,14.7526939600515,202.45,804.46,35434.38,9.815
TPD,2023-11-07,2023,311,14.25,3.45,0,0.419776679891734,115.389,18.6115365422838,256.42,781.95,35294.06,8.85
TPD,2023-11-08,2023,312,7.42,-0.82,13.72,0.227571149444613,75.8745,12.1901042972066,168.61,575.12,35155.67,3.3
TPD,2023-11-09,2023,313,13.01,3.04,0,0.367933842055125,108.4185,17.3510917856676,240.93,759.83,35019.28,8.025
TPD,2023-11-10,2023,314,11.19,3.57,0,0.268835232387427,91.296,14.554793726064,202.88,788.98,34884.95,7.38
TPD,2023-11-11,2023,315,7.48,0.58,0,0.198498476749585,86.319,13.7091854617542,191.82,637.09,34752.74,4.03
TPD,2023-11-12,2023,316,8.39,-2.26,0,0.291539760692956,111.0735,17.5746916968755,246.83,517.39,34622.71,3.065
TPD,2023-11-13,2023,317,12.77,-0.04,0,0.432122967973005,115.335,18.181625745393,256.3,608.8,34494.94,6.365
TPD,2023-11-14,2023,318,10.99,-0.08,0,0.351538845626622,107.55,16.892714798145,239,606.98,34369.47,5.455
TPD,2023-11-15,2023,319,14.4,-1.42,0,0.54358798282415,118.2375,18.5048784469462,262.75,550.52,34246.39,6.49
TPD,2023-11-16,2023,320,16.18,0.19,0,0.608405321497211,115.8525,18.0677339806095,257.45,619.09,34125.74,8.185
TPD,2023-11-17,2023,321,15.26,1.79,5.94,0.517842181203647,81.342,12.641745130344,180.76,694.97,34007.6,8.525
TPD,2023-11-18,2023,322,8.66,-2,0,0.296740483324302,98.604,15.2724315421656,219.12,527.35,33892.02,3.33
TPD,2023-11-19,2023,323,9.66,-1.67,0,0.329137027274956,99.846,15.4132665190776,221.88,540.47,33779.08,3.995
TPD,2023-11-20,2023,324,4.13,-4.42,0,0.190235208646311,83.772,12.8897127146736,186.16,440.23,33668.84,-0.145
TPD,2023-11-21,2023,325,8.14,-0.58,23.29,0.248145703219433,62.28,9.552220858656,138.4,585.5,33561.36,3.78
TPD,2023-11-22,2023,326,7.86,3.02,0,0.151252838365276,51.1605,7.82229539463435,113.69,758.58,33456.71,5.44
TPD,2023-11-23,2023,327,6.43,1.26,0,0.146485448454224,55.89,8.519428716462,124.2,669.18,33354.94,3.845
TPD,2023-11-24,2023,328,2.71,-2.18,0,0.110911981496149,53.8155,8.17890735654855,119.59,520.52,33256.13,0.265
TPD,2023-11-25,2023,329,3.91,-4.18,0,0.180133740280884,80.8425,12.251087685072,179.65,448.06,33160.32,-0.135
TPD,2023-11-26,2023,330,7.45,-3.79,8.05,0.285554153601797,71.901,10.8655990438563,159.78,461.47,33067.59,1.83
TPD,2023-11-27,2023,331,2.62,-4.25,0.5,0.145942194119839,70.0245,10.5533513816504,155.61,445.92,32977.99,-0.815
TPD,2023-11-28,2023,332,-1.56,-6.06,0,0.0785255716395059,48.789,7.3336973752107,108.42,388.71,32891.59,-3.81
TPD,2023-11-29,2023,333,0.93,-6.54,0,0.139776533182653,74.0925,11.1090238009717,164.65,374.55,32808.43,-2.805
TPD,2023-11-30,2023,334,9.55,-3,0,0.350206481361115,97.038,14.5139358734028,215.64,489.67,32728.58,3.275
TPD,2023-12-01,2023,335,8.6,1.58,12.26,0.2158227212987,50.22,7.493830976286,111.6,684.39,32652.09,5.09
TPD,2023-12-02,2023,336,5.9,3.2,0,0.0797028215886356,29.0565,4.3261095864591,64.57,768.25,32579.02,4.55
TPD,2023-12-03,2023,337,7.04,3.02,1.55,0.122255827707857,41.8545,6.21823951086165,93.01,758.69,32509.41,5.03
TPD,2023-12-04,2023,338,5.02,1.69,0,0.0913231165087502,35.5275,5.26751771083425,78.95,690.07,32443.31,3.355
TPD,2023-12-05,2023,339,2.52,-0.1,0,0.062805008467592,29.3085,4.3370766541791,65.13,606.49,32380.78,1.21
TPD,2023-12-06,2023,340,2.37,-1.94,0.7,0.0975114445522808,46.9935,6.9414521885487,104.43,529.72,32321.86,0.215
TPD,2023-12-07,2023,341,5.73,-0.68,0,0.168114441767145,65.97,9.727825126311,146.6,581.05,32266.59,2.525
TPD,2023-12-08,2023,342,12.18,-0.16,0,0.40666249785519,93.96,13.833035091972,208.8,603.66,32215.01,6.01
TPD,2023-12-09,2023,343,13.57,8.66,10.93,0.214358855702692,37.188,5.4667835210772,82.64,1121.62,32167.17,11.115
TPD,2023-12-10,2023,344,9.9,2.05,0,0.255062481630184,74.4435,10.9284934943965,165.43,707.85,32123.09,5.975
TPD,2023-12-11,2023,345,2.62,0.08,0,0.0618283123738309,29.115,4.268797260651,64.7,614.06,32082.82,1.35
TPD,2023-12-12,2023,346,6.2,-1.45,0,0.19895946190767,74.817,10.9570960369422,166.26,549.41,32046.38,2.375
TPD,2023-12-13,2023,347,2.96,-5.03,0,0.167809902870178,78.4485,11.4772596581975,174.33,420.3,32013.81,-1.035
TPD,2023-12-14,2023,348,6.53,-6.06,0,0.290487310551614,95.769,13.9987461147696,212.82,388.6,31985.12,0.235
TPD,2023-12-15,2023,349,11.25,0.13,0,0.358076020923565,90.243,13.1807801191734,200.54,616.49,31960.34,5.69
TPD,2023-12-16,2023,350,9.7,0.57,1.12,0.282506117248816,83.5065,12.1888984491005,185.57,636.64,31939.49,5.135
TPD,2023-12-17,2023,351,9.22,4.74,8.06,0.153432391644623,37.6335,5.49020967379605,83.63,856.27,31922.59,6.98
TPD,2023-12-18,2023,352,5.81,-0.33,2.06,0.163034402342601,50.4675,7.35952919448375,112.15,596.18,31909.65,2.74
TPD,2023-12-19,2023,353,0.46,-4.48,0,0.0969552742254103,58.608,8.5442321942208,130.24,438.25,31900.68,-2.01
TPD,2023-12-20,2023,354,3.82,-4.12,0,0.176281081532341,81.648,11.9012784565248,181.44,450.38,31895.68,-0.15
TPD,2023-12-21,2023,355,2.35,-2.66,0,0.110688821160928,59.5485,8.67970848718215,132.33,502.29,31894.67,-0.155
TPD,2023-12-22,2023,356,3.17,-2.53,0,0.129839364129589,65.754,9.5851062119592,146.12,507.22,31897.64,0.32
TPD,2023-12-23,2023,357,5.78,1.64,2.64,0.116456220804292,37.35,5.445778514805,83,687.34,31904.59,3.71
TPD,2023-12-24,2023,358,6.74,3.25,0,0.105995631839779,42.606,6.2142504411042,94.68,770.95,31915.51,4.995
TPD,2023-12-25,2023,359,10.19,4.12,1.28,0.210847900853068,67.6305,9.868772951604,150.29,819.79,31930.4,7.155
TPD,2023-12-26,2023,360,10.24,5.62,10.17,0.167687006371789,41.4585,6.0532737790878,92.13,910.19,31949.24,7.93
TPD,2023-12-27,2023,361,9.59,6.89,8.9,0.0992819746954606,25.8345,3.7747338586533,57.41,993.69,31972.02,8.24
TPD,2023-12-28,2023,362,8.76,5.63,1.71,0.108128325519052,40.023,5.8527294014592,88.94,911.12,31998.72,7.195
TPD,2023-12-29,2023,363,6.32,1.31,0.05,0.141707372182824,62.3655,9.12869007312555,138.59,671.53,32029.33,3.815
TPD,2023-12-30,2023,364,3.41,0.02,0,0.0841067438744829,46.422,6.802288356852,103.16,611.64,32063.8,1.715
TPD,2023-12-31,2023,365,2.88,0.57,0,0.0571512920983225,33.2235,4.87411118037135,73.83,636.68,32102.13,1.725
TPD,2024-01-01,2024,1,1.45,-1.8,0,0.0715765514084266,47.1825,6.9311178466515,104.85,535.38,32144.46,-0.175
TPD,2024-01-02,2024,2,1.12,-1.8,0,0.0636602506697281,42.9975,6.32536969366575,95.55,535.36,32190.41,-0.34
TPD,2024-01-03,2024,3,1.54,-0.41,0,0.045098747451974,29.8575,4.39912351536525,66.35,592.73,32240.11,0.565
TPD,2024-01-04,2024,4,0.17,-4.48,0,0.0904197677961756,65.5785,9.6781659480324,145.73,438.23,32293.52,-2.155
TPD,2024-01-05,2024,5,-0.86,-5,0,0.0767414533765344,60.219,8.9029147230063,133.82,421.15,32350.61,-2.93
TPD,2024-01-06,2024,6,0.66,-3.22,0,0.0797230043640784,56.9745,8.4390476936238,126.61,481.78,32411.32,-1.28
TPD,2024-01-07,2024,7,1.59,-2.07,0,0.080608099079416,54.279,8.0557433739189,120.62,524.49,32475.63,-0.24
TPD,2024-01-08,2024,8,3.42,-0.77,0,0.10145734761843,60.84,9.048347346636,135.2,577.48,32543.47,1.325
TPD,2024-01-09,2024,9,7.83,0.37,43.67,0.216004618742783,67.473,10.056826089828,149.94,627.27,32614.8,4.1
TPD,2024-01-10,2024,10,6.11,-0.16,2.38,0.168895640945127,61.875,9.243591674625,137.5,603.68,32689.58,2.975
TPD,2024-01-11,2024,11,2.39,-0.13,4.22,0.0601088208087275,29.565,4.427316525267,65.7,605.16,32767.74,1.13
TPD,2024-01-12,2024,12,5.82,-1.94,11.78,0.196556879015806,70.956,10.6519875776208,157.68,529.82,32849.24,1.94
TPD,2024-01-13,2024,13,5.68,-4.25,4.86,0.234349386625961,78.5025,11.8152876885143,174.45,445.72,32934.01,0.715
TPD,2024-01-14,2024,14,-4.39,-13.68,0,0.115058040394373,105.9525,15.98934898935,235.45,212.59,33022,-9.035
TPD,2024-01-15,2024,15,-9,-16.32,0.53,0.0700690790392348,108.18,16.370570135016,240.4,170.93,33113.16,-12.66
TPD,2024-01-16,2024,16,-8.28,-14.52,1.4,0.0653380968813838,99.918,15.1633467914292,222.04,198.4,33207.42,-11.4
TPD,2024-01-17,2024,17,-7.33,-15.3,0,0.0840092840362774,114.4305,17.4166214616311,254.29,186.05,33304.73,-11.315
TPD,2024-01-18,2024,18,-3.65,-8.72,2.3,0.0758274517625288,65.5875,10.0126464967238,145.75,316.19,33405.01,-6.185
TPD,2024-01-19,2024,19,-5.77,-12.64,2.3,0.0837323330841581,81.2115,12.4361253349821,180.47,231.41,33508.22,-9.205
TPD,2024-01-20,2024,20,-6.14,-14.9,0,0.0977114614901602,122.427,18.8069002410492,272.06,192.36,33614.28,-10.52
TPD,2024-01-21,2024,21,-3.78,-11.81,0,0.1079879192262,118.9125,18.3261701855925,264.25,247.41,33723.14,-7.795
TPD,2024-01-22,2024,22,0.45,-8.29,1.04,0.152393953111105,123.0255,19.0227830105606,273.39,327.12,33834.73,-3.92
TPD,2024-01-23,2024,23,1.9,-2.27,6.33,0.0921457527438497,57.915,8.985329157519,128.7,516.78,33948.98,-0.185
TPD,2024-01-24,2024,24,5.35,0.47,13.42,0.130474538038193,65.3535,10.1742879795359,145.23,632.08,34065.83,2.91
TPD,2024-01-25,2024,25,5.82,1.27,16.22,0.126655986449498,62.0685,9.6967417469949,137.93,669.42,34185.22,3.545
TPD,2024-01-26,2024,26,6.76,1.38,14,0.154806111040218,64.0395,10.0403306275514,142.31,674.79,34307.09,4.07
TPD,2024-01-27,2024,27,4.2,1.22,2.8,0.0784262974144597,39.5415,6.2219070299808,87.87,667.25,34431.36,2.71
TPD,2024-01-28,2024,28,2.36,0.7,6.67,0.0408237676995766,23.8635,3.7687618056861,53.03,642.4,34557.98,1.53
TPD,2024-01-29,2024,29,2.54,-0.43,0,0.070928618376817,54.108,8.5771483028928,120.24,591.7,34686.88,1.055
TPD,2024-01-30,2024,30,3.07,-0.08,0,0.0770865971793501,57.672,9.1766656551096,128.16,607.2,34817.99,1.495
TPD,2024-01-31,2024,31,3.82,-0.08,0,0.097813348466143,70.182,11.2099784349924,155.96,607.14,34951.26,1.87
TPD,2024-02-01,2024,32,4.95,1.54,0,0.0927974716268245,62.3475,9.9971630948565,138.55,682.79,35086.62,3.245
TPD,2024-02-02,2024,33,3.09,-0.27,0,0.0817333941947591,62.577,10.0732528331289,139.06,598.93,35224.01,1.41
TPD,2024-02-03,2024,34,3.6,-3.75,0,0.163914671383926,113.598,18.3586410410382,252.44,462.92,35363.37,-0.075
TPD,2024-02-04,2024,35,6.32,-6.18,0,0.285390855983121,134.838,21.8782959807258,299.64,384.97,35504.63,0.07
TPD,2024-02-05,2024,36,2.44,-4.41,0,0.144160043027938,109.449,17.8303553933382,243.22,440.35,35647.74,-0.985
TPD,2024-02-06,2024,37,4.43,-5.87,0,0.222004265655245,131.481,21.5066580962688,292.18,394.26,35792.64,-0.72
TPD,2024-02-07,2024,38,7.77,-4.8,0,0.313686748114645,137.6325,22.6050946229115,305.85,427.83,35939.26,1.485
TPD,2024-02-08,2024,39,11.96,-1.84,0,0.431515240247273,139.2615,22.9670273578158,309.47,533.72,36087.56,5.06
TPD,2024-02-09,2024,40,15.5,6.67,0,0.388707244252309,118.8135,19.6761379332317,264.03,979.18,36237.47,11.085
TPD,2024-02-10,2024,41,10.83,2.5,0,0.282467696656476,118.4985,19.7059990661163,263.33,730.94,36388.94,6.665
TPD,2024-02-11,2024,42,2.51,-0.3,0,0.0670812210729506,52.038,8.6901653604906,115.64,597.58,36541.91,1.105
TPD,2024-02-12,2024,43,4.34,-3.82,0,0.186042470533939,124.254,20.8376726503374,276.12,460.65,36696.33,0.26
TPD,2024-02-13,2024,44,3.33,-4.05,0,0.161546344189135,119.403,20.1091702509594,265.34,452.69,36852.14,-0.36
TPD,2024-02-14,2024,45,0.11,-6.91,0,0.126273430035881,118.1565,19.9841043544065,262.57,364.02,37009.3,-3.4
TPD,2024-02-15,2024,46,2.83,-7.15,0,0.195775664039156,141.111,23.9686371520425,313.58,357.44,37167.75,-2.16
TPD,2024-02-16,2024,47,-0.43,-4.48,0,0.077398331429923,78.444,13.3814796243552,174.32,438.07,37327.44,-2.455
TPD,2024-02-17,2024,48,-3.26,-7.51,0,0.0671227665336698,83.5515,14.3141823522572,185.67,347.4,37488.33,-5.385
TPD,2024-02-18,2024,49,-0.44,-7.65,0,0.124307838940526,125.7255,21.6325992363426,279.39,343.82,37650.36,-4.045
TPD,2024-02-19,2024,50,0.67,-9.84,0,0.176241983856393,151.0515,26.102854638239,335.67,289.6,37813.49,-4.585
TPD,2024-02-20,2024,51,6.15,-7.34,0,0.29632347039844,160.0515,27.7782105385228,355.67,352.05,37977.67,-0.595
TPD,2024-02-21,2024,52,12.69,-2.81,0,0.484542153626863,161.8065,28.2049554320163,359.57,496.51,38142.86,4.94
TPD,2024-02-22,2024,53,9.96,1.11,0,0.280356563206422,137.646,24.0979846964022,305.88,661.97,38309.01,5.535
TPD,2024-02-23,2024,54,9.29,-4.11,0,0.359504668070946,161.595,28.414167614532,359.1,450.57,38476.08,2.59
TPD,2024-02-24,2024,55,-1.29,-9.61,0,0.131018798877137,137.4885,24.2809114142533,305.53,294.89,38644.03,-5.45
TPD,2024-02-25,2024,56,6.19,-6.8,0,0.290121373892546,163.683,29.0331971090811,363.74,367.04,38812.81,-0.305
TPD,2024-02-26,2024,57,11.94,-1.75,0,0.428950685430937,163.548,29.1359980731204,363.44,537.14,38982.39,5.095
TPD,2024-02-27,2024,58,15.3,2.7,20.34,0.496505622949539,117.8415,21.0851410955882,261.87,741.79,39152.73,9.0
TPD,2024-02-28,2024,59,15.75,-3.61,0,0.659338179515998,174.51,31.361143289553,387.8,467.78,39323.79,6.07
TPD,2024-02-29,2024,60,-0.89,-6.18,0,0.0940844127332812,91.2105,16.4629960002072,202.69,385.09,39495.52,-3.535
TPD,2024-03-01,2024,61,9.87,-3.57,0,0.373355140947935,164.592,29.837616815376,365.76,469.23,39667.9,3.15
TPD,2024-03-02,2024,62,8.57,3.21,0,0.172489113132508,88.416,16.0981546351968,196.48,768.66,39840.89,5.89
TPD,2024-03-03,2024,63,11.57,2.86,0,0.305478107102233,129.7215,23.7216565538348,288.27,749.95,40014.45,7.215
TPD,2024-03-04,2024,64,20.94,3.71,0,0.837895858388322,173.1555,31.8020209925229,384.79,796.64,40188.54,12.325
TPD,2024-03-05,2024,65,18.86,7.27,0,0.576304543757068,150.102,27.6877473440796,333.56,1020.24,40363.14,13.065
TPD,2024-03-06,2024,66,9.72,3.94,0,0.196729949174387,94.275,17.4653506472175,209.5,809.54,40538.21,6.83
TPD,2024-03-07,2024,67,10.6,1.62,0,0.294969339835445,136.3455,25.3686755718882,302.99,686.37,40713.72,6.11
TPD,2024-03-08,2024,68,15.38,1.89,0,0.521982730011321,169.6095,31.6941902778006,376.91,700.01,40889.64,8.635
TPD,2024-03-09,2024,69,11.18,2.77,12.46,0.290286254197988,99.837,18.7365395880837,221.86,745.42,41065.93,6.975
TPD,2024-03-10,2024,70,2.9,-1.29,0,0.0982734659086739,76.7565,14.4669499238448,170.57,555.81,41242.56,0.805
TPD,2024-03-11,2024,71,8.5,-1.16,0,0.273759696990998,151.65,28.705397920155,337,561.1,41419.51,3.67
TPD,2024-03-12,2024,72,16.13,2.95,0,0.537415787269158,172.863,32.8607553084534,384.14,754.82,41596.74,9.54
TPD,2024-03-13,2024,73,18.56,4,0,0.660030596010981,178.461,34.0696656746694,396.58,813.01,41774.22,11.28
TPD,2024-03-14,2024,74,14.21,2.38,9.43,0.44603474079427,124.209,23.8133892393009,276.02,725.07,41951.93,8.295
TPD,2024-03-15,2024,75,9.9,0.58,0,0.290331834363114,145.602,28.0332435640176,323.56,637.15,42129.84,5.24
TPD,2024-03-16,2024,76,12.13,-1.03,3.29,0.42296712624877,133.416,25.7956031909592,296.48,566.48,42307.91,5.55
TPD,2024-03-17,2024,77,6.83,-1.31,0,0.217167818813591,133.155,25.853583640302,295.9,555.01,42486.12,2.76
TPD,2024-03-18,2024,78,1.77,-2.16,0,0.0865087918718728,71.3205,13.9058240714483,158.49,521.29,42664.45,-0.195
TPD,2024-03-19,2024,79,3.56,-1.69,0,0.124420677646851,93.861,18.3772164393945,208.58,539.56,42842.85,0.935
TPD,2024-03-20,2024,80,2.53,-4.57,0,0.149044729488446,125.0055,24.5770103908782,277.79,435.16,43021.32,-1.02
TPD,2024-03-21,2024,81,-1.48,-7.63,0,0.102396926785837,114.291,22.563681922026,253.98,344.34,43199.8,-4.555
TPD,2024-03-22,2024,82,-1.16,-8.15,1.95,0.11578374857041,145.6425,28.8719922880553,323.65,330.65,43378.29,-4.655
TPD,2024-03-23,2024,83,2.28,-5.03,0,0.149995653324031,151.3665,30.1301668083078,336.37,420.32,43556.76,-1.375
TPD,2024-03-24,2024,84,2.99,-7.14,0,0.199907060312862,192.987,38.5722501657444,428.86,357.71,43735.16,-2.075
TPD,2024-03-25,2024,85,15.34,-2.2,0,0.610019764916144,210.0195,42.1476897036613,466.71,519.81,43913.49,6.57
TPD,2024-03-26,2024,86,10.86,4.77,11.35,0.220227796833284,86.7285,17.4757120057665,192.73,857.81,44091.7,7.815
TPD,2024-03-27,2024,87,9.45,1.46,0,0.251509092897619,148.5945,30.062576625871,330.21,678.68,44269.77,5.455
TPD,2024-03-28,2024,88,7.77,-2.33,0,0.270320098118998,177.4395,36.0425577071952,394.31,514.59,44447.68,2.72
TPD,2024-03-29,2024,89,7.23,-2.71,0,0.25818438401348,179.928,36.6941622756744,399.84,500.5,44625.39,2.26
TPD,2024-03-30,2024,90,5.8,-3.79,3.2,0.230162718862492,132.3945,27.1076568250226,294.21,461.55,44802.87,1.005
TPD,2024-03-31,2024,91,8.06,2.32,0,0.177212041850275,120.978,24.868123597746,268.84,721.51,44980.1,5.19
TPD,2024-04-01,2024,92,11.85,2.42,0,0.329802960210488,174.24,35.95751127144,387.2,726.79,45157.05,7.135
TPD,2024-04-02,2024,93,9.86,4.4,8.63,0.188820307613912,86.8005,17.9828904019217,192.89,836.38,45333.69,7.13
TPD,2024-04-03,2024,94,9.97,1.79,2.75,0.264412576445367,123.93,25.775036823798,275.4,694.85,45509.98,5.88
TPD,2024-04-04,2024,95,6.34,0.59,5.07,0.159534473602802,96.975,20.2468785651675,215.5,637.41,45685.89,3.465
TPD,2024-04-05,2024,96,5.82,0.06,1.29,0.154528279412064,130.3695,27.323699987961,289.71,613.57,45861.4,2.94
TPD,2024-04-06,2024,97,12.13,1.94,0,0.354796835010648,192.5685,40.5138538578816,427.93,702.48,46036.48,7.035
TPD,2024-04-07,2024,98,14.17,-1.15,0,0.525841234603135,224.8515,47.4851820916134,499.67,561.68,46211.08,6.51
TPD,2024-04-08,2024,99,17.43,4.6,0,0.569609852042807,209.9385,44.5028108650457,466.53,847.72,46385.17,11.015
TPD,2024-04-09,2024,100,23.53,4.52,0,1.08759139369013,228.177,48.5499952019097,507.06,781.35,46558.73,14.025
TPD,2024-04-10,2024,101,18.35,8.47,11.99,0.498787716263368,135.2025,28.874381355981,300.45,1106.98,46731.72,13.41
TPD,2024-04-11,2024,102,16.26,8.99,19.43,0.348874563071488,111.5145,23.9033267756865,247.81,1146.41,46904.1,12.625
TPD,2024-04-12,2024,103,14.02,4.67,0,0.372312241978064,183.465,39.470034264192,407.7,852.36,47075.84,9.345
TPD,2024-04-13,2024,104,12.99,4.75,0,0.318652077783605,171.4275,37.0143400303575,380.95,856.61,47246.9,8.87
TPD,2024-04-14,2024,105,21.29,6.6,0,0.819054160042256,221.562,48.0117734769816,492.36,930.96,47417.24,13.945
TPD,2024-04-15,2024,106,17.28,5.47,0,0.535605737809924,208.053,45.2456536228722,462.34,898.81,47586.82,11.375
TPD,2024-04-16,2024,107,18.96,3.57,0.94,0.733121110904112,228.1815,49.799036097198,507.07,754.82,47755.6,11.265
TPD,2024-04-17,2024,108,15.97,7.16,14.97,0.398799868451967,130.482,28.576944175527,289.96,1012.62,47923.55,11.565
TPD,2024-04-18,2024,109,14.53,8.04,0.91,0.287756415655986,137.853,30.2965299114723,306.34,1074.97,48090.63,11.285
TPD,2024-04-19,2024,110,15.73,7.16,2.17,0.385225525322383,128.3535,28.3062446156061,285.23,1012.41,48256.78,11.445
TPD,2024-04-20,2024,111,8.52,4.17,0,0.143540066516467,99.828,22.0907786847012,221.84,822.59,48421.97,6.345
TPD,2024-04-21,2024,112,9.44,1.85,0,0.24166441957576,162.558,36.094167888669,361.24,697.73,48586.15,5.645
TPD,2024-04-22,2024,113,13.59,-0.97,0,0.492509179500137,230.8905,51.4387575466488,513.09,568.94,48749.28,6.31
TPD,2024-04-23,2024,114,16.62,6.44,0,0.46150104277146,191.9115,42.8969666819826,426.47,963.81,48911.32,11.53
TPD,2024-04-24,2024,115,9.25,1.27,0,0.24846371310371,171.648,38.4937804285056,381.44,669.24,49072.21,5.26
TPD,2024-04-25,2024,116,10.66,-1.36,0,0.376467414617986,218.664,49.197165909912,485.92,540.77,49231.9,4.65
TPD,2024-04-26,2024,117,17.07,-1.05,4.78,0.711099469411297,183.6675,41.456316030021,408.15,543.06,49390.36,8.01
TPD,2024-04-27,2024,118,22.18,8.2,6.64,0.838510543568656,165.348,37.4401058499072,367.44,1038.31,49547.52,15.19
TPD,2024-04-28,2024,119,21.53,13.6,0,0.547900624943741,154.827,35.1680578557687,344.06,1511.35,49703.33,17.565
TPD,2024-04-29,2024,120,23.86,11.53,5.95,0.845081819288075,154.3635,35.1717177944232,343.03,1310.14,49857.76,17.695
TPD,2024-04-30,2024,121,20.33,9.23,0,0.714691736113018,198.468,45.3596700966948,441.04,1058.22,50010.73,14.78
TPD,2024-05-01,2024,122,24.11,6.3,0,1.20140130727747,240.4935,55.131031518849,534.43,774.34,50162.2,15.205
TPD,2024-05-02,2024,123,21.49,7.81,0,0.893151465611525,218.268,50.1855629684436,485.04,914.44,50312.11,14.65
TPD,2024-05-03,2024,124,18.97,9.8,8.8,0.48833582956187,127.26,29.346674419062,282.8,1210.89,50460.41,14.385
TPD,2024-05-04,2024,125,23.25,11.38,3.03,0.749592583924661,146.745,33.938328487536,326.1,1345.63,50607.04,17.315
TPD,2024-05-05,2024,126,22.04,11.13,0,0.73813407815659,186.8895,43.3464714361791,415.31,1245.29,50751.94,16.585
TPD,2024-05-06,2024,127,19.64,6.47,0,0.742491998660461,213.075,49.559204636415,473.5,880.93,50895.06,13.055
TPD,2024-05-07,2024,128,22.24,4.68,17.04,0.942283588568525,178.5645,41.6476665792648,396.81,822.59,51036.32,13.46
TPD,2024-05-08,2024,129,23.16,9.31,0,0.919482209670122,214.4745,50.1597739988159,476.61,1081.34,51175.69,16.235
TPD,2024-05-09,2024,130,16.01,7.15,0,0.401919343453904,167.9445,39.3831155077542,373.21,1011.47,51313.08,11.58
TPD,2024-05-10,2024,131,16.71,5.8,0,0.494112877917691,194.823,45.8066611773684,432.94,915.81,51448.44,11.255
TPD,2024-05-11,2024,132,13.97,5.22,4.29,0.35299867387882,125.802,29.6551117752408,279.56,885.72,51581.72,9.595
TPD,2024-05-12,2024,133,17.25,7.82,0.74,0.452472700734384,174.9285,41.3404463609658,388.73,1058.98,51712.84,12.535
TPD,2024-05-13,2024,134,25.52,9.46,2.52,1.04251445005688,170.478,40.3890940133604,378.84,1179.25,51841.74,17.49
TPD,2024-05-14,2024,135,23.53,11.3,0,0.843275943469309,201.0375,47.745482522895,446.75,1272.65,51968.36,17.415
TPD,2024-05-15,2024,136,21.88,11.59,0,0.637411785915549,180.7875,43.03888056378,401.75,1353.6,52092.64,16.735
TPD,2024-05-16,2024,137,22.86,10.25,0,0.83784124321565,207.864,49.6005722633448,461.92,1175.57,52214.51,16.555
TPD,2024-05-17,2024,138,18.8,12.08,9.63,0.377668296515329,98.3655,23.5256800941599,218.59,1408.88,52333.91,15.44
TPD,2024-05-18,2024,139,22.16,11.67,0,0.646101366257924,183.7395,44.0423616226766,408.31,1371.07,52450.77,16.915
TPD,2024-05-19,2024,140,26.52,10.3,0,1.22359639402119,230.193,55.2974659151103,511.54,1131.77,52565.03,18.41
TPD,2024-05-20,2024,141,29.23,13.98,0,1.37136839575234,217.008,52.2408031450272,482.24,1451.76,52676.62,21.605
TPD,2024-05-21,2024,142,29.22,17.1,0,1.12679841130472,185.913,44.8477267306068,413.14,1871.45,52785.48,23.16
TPD,2024-05-22,2024,143,28.12,16.97,2.58,0.931419456241578,132.6015,32.0516898236753,294.67,1933.63,52891.55,22.545
TPD,2024-05-23,2024,144,25.1,12.33,0,0.931604943721942,200.538,48.5675067366216,445.64,1374.11,52994.76,18.715
TPD,2024-05-24,2024,145,26.39,10.33,0,1.19701629061524,225.486,54.7129206351612,501.08,1146.39,53095.06,18.36
TPD,2024-05-25,2024,146,23.34,12.24,0,0.722234424480605,181.944,44.2286088324696,404.32,1419.96,53192.37,17.79
TPD,2024-05-26,2024,147,24.02,11.13,22.91,0.828222235515947,151.821,36.9714346012611,337.38,1323.53,53286.63,17.575
TPD,2024-05-27,2024,148,23.85,15.03,10.22,0.620576726151425,115.0335,28.060874664291,255.63,1707.73,53377.8,19.44
TPD,2024-05-28,2024,149,18.99,12.42,5.1,0.37395293098541,92.385,22.57323135381,205.3,1441.42,53465.8,15.705
TPD,2024-05-29,2024,150,19.62,8.06,7.11,0.600600473436014,147.384,36.0687189800304,327.52,1076.81,53550.58,13.84
TPD,2024-05-30,2024,151,19.39,5.96,0,0.657264375800636,215.7075,52.869607467462,479.35,931.9,53632.08,12.675
TPD,2024-05-31,2024,152,21.78,4.73,0,0.907656279920632,240.1425,58.9443796575562,533.65,821.68,53710.25,13.255
TPD,2024-06-01,2024,153,24.35,7.15,0.72,1.06816897165296,237.6045,58.4026236426276,528.01,957.96,53785.04,15.75
TPD,2024-06-02,2024,154,19.22,13.91,4.44,0.316694090477128,75.537,18.5914426485942,167.86,1587.99,53856.38,16.565
TPD,2024-06-03,2024,155,23.62,14.3,0,0.639943029278665,162.963,40.1595801212493,362.14,1628.86,53924.23,18.96
TPD,2024-06-04,2024,156,28.48,14.41,0,1.16575204152164,209.313,51.6432999577014,465.14,1593.69,53988.54,21.445
TPD,2024-06-05,2024,157,26.84,17.47,19.27,0.763838468971993,118.998,29.3931150555636,264.44,1995.06,54049.26,22.155
TPD,2024-06-06,2024,158,24.55,16.88,0,0.576186101278485,139.3605,34.4591224793046,309.69,1922.32,54106.36,20.715
TPD,2024-06-07,2024,159,19.95,13.94,2.06,0.365834393153473,88.722,21.9595994853012,197.16,1591.95,54159.78,16.945
TPD,2024-06-08,2024,160,22.83,12.13,11.99,0.679400634118005,141.291,35.0030541887676,313.98,1414.2,54209.48,17.48
TPD,2024-06-09,2024,161,21.24,11.5,3.14,0.580390124148866,133.758,33.1649430858864,297.24,1356.29,54255.44,16.37
TPD,2024-06-10,2024,162,16.07,10.55,0,0.273780038202617,113.436,28.1480178539772,252.08,1273.53,54297.61,13.31
TPD,2024-06-11,2024,163,18.88,9.14,0,0.508411801711566,182.421,45.2979321273612,405.38,1158.45,54335.96,14.01
TPD,2024-06-12,2024,164,25.19,9.55,0,1.01974407382068,232.6005,57.7949445482211,516.89,1173.92,54370.46,17.37
TPD,2024-06-13,2024,165,29.47,17.6,0,1.04723905508409,191.8485,47.696027542933,426.33,2011.68,54401.09,23.535
TPD,2024-06-14,2024,166,25.47,13.51,0,0.85126064717479,200.16,49.786815954672,444.8,1547.23,54427.81,19.49
TPD,2024-06-15,2024,167,23.34,9.68,0,0.836795914660255,219.933,54.7279811126622,488.74,1194.23,54450.62,16.51
TPD,2024-06-16,2024,168,26.74,11.52,0,1.11411149716989,225.4365,56.1169091034995,500.97,1316.61,54469.49,19.13
TPD,2024-06-17,2024,169,31.45,16.92,4.47,1.33673507610067,156.8475,39.05404061553,348.55,1926.62,54484.4,24.185
TPD,2024-06-18,2024,170,32.82,21.33,1.05,1.21667420263223,176.7915,44.0288180397293,392.87,2536.47,54495.35,27.075
TPD,2024-06-19,2024,171,32.95,21.08,11.04,1.25366677118597,136.2015,33.9244768846922,302.67,2498.46,54502.33,27.015
TPD,2024-06-20,2024,172,30.75,20.05,0,1.03800324888346,173.6685,43.2589672505394,385.93,2343.68,54505.32,25.4
TPD,2024-06-21,2024,173,30.72,19.93,0,1.04274196188804,174.9105,43.5675528223749,388.69,2326.49,54504.34,25.325
TPD,2024-06-22,2024,174,31.33,20.37,0,1.08774259463112,175.986,43.8314464087074,391.08,2391.68,54499.37,25.85
TPD,2024-06-23,2024,175,27.27,17.88,1.79,0.782986442823092,166.023,41.3432499084462,368.94,2047.06,54490.42,22.575
TPD,2024-06-24,2024,176,27.13,15.68,0,0.901682831965699,192.78,47.994936906546,428.4,1780.4,54477.51,21.405
TPD,2024-06-25,2024,177,26.53,15.29,0,0.86107237494723,191.8755,47.754948994852,426.39,1736.89,54460.63,20.91
TPD,2024-06-26,2024,178,27.81,16.09,17.96,0.950355328898534,145.4535,36.187366330526,323.23,1828.14,54439.81,21.95
TPD,2024-06-27,2024,179,22.04,12.37,0,0.603455924696729,177.0795,44.0355676909239,393.51,1436.32,54415.06,17.205
TPD,2024-06-28,2024,180,23.82,10.32,9.3,0.844999610317679,162.8865,40.484755826339,361.97,1254.27,54386.39,17.07
TPD,2024-06-29,2024,181,27.28,18.48,24,0.743799745172477,117.297,29.1362286330936,260.66,2126.54,54353.84,22.88
TPD,2024-06-30,2024,182,23.84,12.47,0,0.750676598441514,198.603,49.2993527948253,441.34,1446.11,54317.43,18.155
TPD,2024-07-01,2024,183,23.28,10.02,0,0.810531792966162,219.5955,54.4699418767533,487.99,1229.14,54277.18,16.65
TPD,2024-07-02,2024,184,25.66,10.45,0,1.01137934518135,228.618,56.6619205945338,508.04,1264.49,54233.13,18.055
TPD,2024-07-03,2024,185,30.07,18.95,0,1.03039462188798,181.2645,44.8859601789421,402.81,2189.47,54185.31,24.51
TPD,2024-07-04,2024,186,28.55,18.74,0,0.866424580938738,168.939,41.7940359925248,375.42,2160.46,54133.76,23.645
TPD,2024-07-05,2024,187,28.2,18.26,0,0.858943263450685,171.1935,42.3085623892434,380.43,2096.75,54078.52,23.23
TPD,2024-07-06,2024,188,27.06,17.86,0,0.76158245552839,162.4545,40.1050877328153,361.01,2045.04,54019.62,22.46
TPD,2024-07-07,2024,189,27.24,15.85,0,0.90379836722093,189.045,46.6154708999715,420.1,1799.61,53957.11,21.545
TPD,2024-07-08,2024,190,29.84,16.02,0,1.18817972010634,207.4455,51.0901035841224,460.99,1819.22,53891.04,22.93
TPD,2024-07-09,2024,191,28.06,19.18,15.82,0.780642784563267,114.8895,28.2586840225717,255.31,2221.52,53821.45,23.62
TPD,2024-07-10,2024,192,26.08,18.72,5.18,0.604180601811926,98.9685,24.309651261078,219.93,2158.81,53748.4,22.4
TPD,2024-07-11,2024,193,25.83,17.74,0,0.643956192733355,144.675,35.4859881804675,321.5,2030.01,53671.93,21.785
TPD,2024-07-12,2024,194,27.55,16.31,0,0.909910140066517,186.741,45.735839521677,414.98,1853.33,53592.1,21.93
TPD,2024-07-13,2024,195,29.53,16.92,0,1.09626281799187,197.1585,48.2123495561747,438.13,1927.52,53508.97,23.225
TPD,2024-07-14,2024,196,29.75,17.73,0,1.07272064010225,190.44,46.494248337864,423.2,2027.88,53422.58,23.74
TPD,2024-07-15,2024,197,27.44,19.7,6.85,0.676638296135355,104.148,25.3841853074436,231.44,2294.61,53333.01,23.57
TPD,2024-07-16,2024,198,28.56,20.34,5.3,0.753951283938965,109.809,26.717426949339,244.02,2386.81,53240.3,24.45
TPD,2024-07-17,2024,199,26.73,17.26,0,0.765500271466719,170.001,41.2882126894107,377.78,1968.9,53144.51,21.995
TPD,2024-07-18,2024,200,23.2,14.05,0,0.616854954058725,172.161,41.7350871982044,382.58,1602.47,53045.72,18.625
TPD,2024-07-19,2024,201,24.58,11.45,0,0.864814266731855,215.3475,52.1041767186578,478.55,1351.98,52943.97,18.015
TPD,2024-07-20,2024,202,26.52,12.38,0,1.01016324248296,219.249,52.9433141026869,487.22,1437.53,52839.33,19.45
TPD,2024-07-21,2024,203,27.76,14.34,0,1.04241247173081,210.1815,50.6505143522309,467.07,1633.63,52731.87,21.05
TPD,2024-07-22,2024,204,27.11,15.83,0,0.891088576536048,189.7785,45.6381121666793,421.73,1797.46,52621.65,21.47
TPD,2024-07-23,2024,205,27.76,16.89,0,0.897743145181006,182.9835,43.9096165655144,406.63,1922.94,52508.73,22.325
TPD,2024-07-24,2024,206,26.7,17.32,3.06,0.758504585939819,124.5285,29.8167039174767,276.73,1976.54,52393.17,22.01
TPD,2024-07-25,2024,207,25.38,14.25,0,0.803803939500773,190.629,45.5406921144765,423.62,1624.03,52275.05,19.815
TPD,2024-07-26,2024,208,26.16,12.25,0,0.98007459247307,215.4375,51.3485917689938,478.75,1425.14,52154.41,19.205
TPD,2024-07-27,2024,209,27.74,12.7,0,1.12354458651892,219.5055,52.1947254318309,487.79,1467.77,52031.34,20.22
TPD,2024-07-28,2024,210,29.93,14.87,0,1.26656041144483,214.8345,50.9608739781869,477.41,1687.16,51905.89,22.4
TPD,2024-07-29,2024,211,29.85,16.75,0,1.14587369156134,197.5635,46.7486714391854,439.03,1905.94,51778.13,23.3
TPD,2024-07-30,2024,212,28.01,21.35,9.97,0.616123224481413,87.8355,20.7319806902682,195.19,2539.62,51648.12,24.68
TPD,2024-07-31,2024,213,30.43,21.23,0,0.908500386894228,152.7435,35.9600661845744,339.43,2521.32,51515.93,25.83
TPD,2024-08-01,2024,214,30.74,21.07,0,0.959464611965628,159.7905,37.5210397078618,355.09,2496.91,51381.61,25.905
TPD,2024-08-02,2024,215,26.88,21.4,0,0.491473062239364,101.826,23.8467023302086,226.28,2547.3,51245.23,24.14
TPD,2024-08-03,2024,216,28.49,18.58,4.52,0.870215099337834,126.711,29.5944121121922,281.58,2139.15,51106.86,23.535
TPD,2024-08-04,2024,217,28.96,17.38,0,1.00191870136146,186.9525,43.5444318569295,415.45,1983.48,50966.54,23.17
TPD,2024-08-05,2024,218,29.07,19.07,10.83,0.903130741971683,125.6355,29.1810157936223,279.19,2205.82,50824.35,24.07
TPD,2024-08-06,2024,219,22.09,16.9,24.38,0.362839441703027,77.0175,17.8379615224912,171.15,1924.47,50680.35,19.495
TPD,2024-08-07,2024,220,25.12,15.03,0,0.737179252377959,178.5195,41.2278343511967,396.71,1707.67,50534.58,20.075
TPD,2024-08-08,2024,221,27,16.5,5.72,0.840116747152302,134.379,30.9433365490536,298.62,1876.07,50387.12,21.75
TPD,2024-08-09,2024,222,27.28,16.5,0,0.869306961027176,180.5175,41.4445986636998,401.15,1876.36,50238.01,21.89
TPD,2024-08-10,2024,223,23.1,14.7,0,0.573060079337707,155.223,35.5303976106852,344.94,1672.06,50087.32,18.9
TPD,2024-08-11,2024,224,23.23,15.11,0.4,0.561753120457513,151.3395,34.5361895136765,336.31,1716.82,49935.1,19.17
TPD,2024-08-12,2024,225,23.87,13.43,0,0.706609099623744,182.61,41.54395724478,405.8,1539.6,49781.4,18.65
TPD,2024-08-13,2024,226,25.86,12.35,0,0.945485575728068,208.269,47.2337637915924,462.82,1434.62,49626.28,19.105
TPD,2024-08-14,2024,227,27.28,13.11,0,1.05387267565039,208.755,47.1946916723265,463.9,1508,49469.79,20.195
TPD,2024-08-15,2024,228,27.62,13.31,0,1.0801103392171,207.1575,46.6841334906045,460.35,1528.02,49311.98,20.465
TPD,2024-08-16,2024,229,26.14,16.87,21.26,0.729257245725111,118.062,26.5201252321194,262.36,1921.26,49152.91,21.505
TPD,2024-08-17,2024,230,27.69,19.38,0,0.72601564575076,140.9085,31.5488816008655,313.13,2249.59,48992.61,23.535
TPD,2024-08-18,2024,231,25.3,18.11,10.8,0.568704262737469,96.7095,21.5815329812273,214.91,2077.67,48831.15,21.705
TPD,2024-08-19,2024,232,20.55,12.47,0,0.482948573347688,151.1595,33.6201953506016,335.91,1446.1,48668.57,16.51
TPD,2024-08-20,2024,233,20.4,10.89,0,0.543651403967473,172.3365,38.2013905495226,382.97,1302.76,48504.91,15.645
TPD,2024-08-21,2024,234,21.54,8.07,0,0.743753376516475,209.6145,46.3069464765183,465.81,1077.19,48340.22,14.805
TPD,2024-08-22,2024,235,23.98,8.29,0,0.939757005427333,218.511,48.1068777643785,485.58,1093.81,48174.55,16.135
TPD,2024-08-23,2024,236,24.92,9.77,0,0.968264974516443,212.2605,46.5691556217461,471.69,1208.72,48007.93,17.345
TPD,2024-08-24,2024,237,26.69,11.7,0,1.05962317584109,206.9955,45.2555750775627,459.99,1374.06,47840.42,19.195
TPD,2024-08-25,2024,238,28.67,13.59,0,1.18286890892162,203.139,44.2561202218215,451.42,1555.68,47672.05,21.13
TPD,2024-08-26,2024,239,29.16,16.09,0,1.10350949221479,187.056,40.6076346077904,415.68,1827.24,47502.87,22.625
TPD,2024-08-27,2024,240,31.46,19.13,1.11,1.19405244412344,175.5675,37.9772434678275,390.15,2213.96,47332.9,25.295
TPD,2024-08-28,2024,241,27.32,18.44,0,0.751359774677324,145.584,31.377902082336,323.52,2120.57,47162.2,22.88
TPD,2024-08-29,2024,242,25.13,15.84,0,0.692689164789602,153.378,32.9376190047426,340.84,1798.56,46990.81,20.485
TPD,2024-08-30,2024,243,29.57,13.95,29.77,1.26894445427724,150.2145,32.1401479069688,333.81,1592.79,46818.75,21.76
TPD,2024-08-31,2024,244,26.88,16.72,0,0.814236574254362,157.563,33.5880977036346,350.14,1902.63,46646.06,21.8
TPD,2024-09-01,2024,245,25.01,12.94,0,0.835163031261817,178.209,37.8481351651614,396.02,1491.22,46472.78,18.975
TPD,2024-09-02,2024,246,20.46,8.6,0,0.641596435041702,180.9315,38.2826088166973,402.07,1116.68,46298.95,14.53
TPD,2024-09-03,2024,247,22.1,6.48,0,0.844106797312595,205.029,43.217944403238,455.62,966.02,46124.6,14.29
TPD,2024-09-04,2024,248,24.93,8.9,0,1.00404781064396,201.645,42.343514853264,448.1,1139.57,45949.76,16.915
TPD,2024-09-05,2024,249,26.84,11.4,0,1.08848140141561,192.573,40.2842164416867,427.94,1347.22,45774.47,19.12
TPD,2024-09-06,2024,250,23.51,13.67,18.94,0.663237842623544,109.8315,22.8873785355563,244.07,1563.39,45598.75,18.59
TPD,2024-09-07,2024,251,16.9,9.32,2.27,0.373571845557953,92.727,19.2484107241335,206.06,1172.88,45422.65,13.11
TPD,2024-09-08,2024,252,19.28,8.38,0,0.565211507748664,162.432,33.5868837196032,360.96,1100.17,45246.18,13.83
TPD,2024-09-09,2024,253,23.27,11.09,0,0.764185761778025,168.3405,34.6726066681382,374.09,1319.97,45069.39,17.18
TPD,2024-09-10,2024,254,23.81,9.06,0,0.895838048250009,185.4225,38.0408742101475,412.05,1151.8,44892.3,16.435
TPD,2024-09-11,2024,255,25.6,9.86,0,1.02992616533995,187.218,38.2574882807244,416.04,1215.68,44714.94,17.73
TPD,2024-09-12,2024,256,27.11,11.96,0,1.09076117039633,179.901,36.6162658552638,399.78,1398.47,44537.34,19.535
TPD,2024-09-13,2024,257,26.84,13.97,0,0.964846853769854,162.522,32.9469558733962,361.16,1594.22,44359.53,20.405
TPD,2024-09-14,2024,258,27.06,13.75,0,0.998826553136521,164.889,33.2926707317769,366.42,1571.89,44181.53,20.405
TPD,2024-09-15,2024,259,27.77,14.37,0,1.04264291956999,162.6435,32.7068747018951,361.43,1636.07,44003.39,21.07
TPD,2024-09-16,2024,260,27.48,13.2,0,1.07071560837659,167.2695,33.5008690079688,371.71,1516.91,43825.12,20.34
TPD,2024-09-17,2024,261,26.26,12.86,0,0.961302051055721,160.0335,31.9211856991913,355.63,1482.99,43646.75,19.56
TPD,2024-09-18,2024,262,25.31,13.7,0,0.825438446436615,143.8605,28.5779137451504,319.69,1567.27,43468.31,19.505
TPD,2024-09-19,2024,263,26.6,13.68,0,0.954446783149938,151.8795,30.0470084511665,337.51,1565.04,43289.83,20.14
TPD,2024-09-20,2024,264,26.76,13.05,0,1.00260467065324,156.834,30.8992502118492,348.52,1501.91,43111.34,19.905
TPD,2024-09-21,2024,265,27.93,15.08,0,1.02113305633955,147.753,28.9896070065606,328.34,1713.32,42932.86,21.505
TPD,2024-09-22,2024,266,25.76,13.58,9.06,0.875361233613303,108.4185,21.1836412873989,240.93,1554.88,42754.42,19.67
TPD,2024-09-23,2024,267,23.4,17.58,5.49,0.429524090920424,58.0455,11.2940608639568,128.99,2009.67,42576.05,20.49
TPD,2024-09-24,2024,268,21.19,17.63,0,0.245949315608442,50.625,9.808991389125,112.5,2015.71,42397.78,19.41
TPD,2024-09-25,2024,269,23.74,16.58,0,0.521365685874544,96.345,18.5891616532395,214.1,1886.03,42219.63,20.16
TPD,2024-09-26,2024,270,23.21,14.71,0,0.582518506217474,113.427,21.7927629482796,252.06,1672.55,42041.64,18.96
TPD,2024-09-27,2024,271,23.33,13.96,0,0.632684437360478,121.923,23.3260283150613,270.94,1593.17,41863.83,18.645
TPD,2024-09-28,2024,272,21.66,17.83,1.9,0.270650715150045,53.901,10.2684677383611,119.78,2040.43,41686.23,19.745
TPD,2024-09-29,2024,273,23.23,17.01,0,0.451597101677171,85.563,16.2309191382117,190.14,1937.44,41508.87,20.12
TPD,2024-09-30,2024,274,23.46,15.82,0,0.541534160330079,103.041,19.4630217904449,228.98,1796.82,41331.77,19.64
TPD,2024-10-01,2024,275,22.17,12.84,4.57,0.591093213204879,92.5245,17.4018468378357,205.61,1481.64,41154.98,17.505
TPD,2024-10-02,2024,276,18.81,9.06,0,0.506773804705148,130.41,24.422114225187,289.8,1152.23,40978.51,13.935
TPD,2024-10-03,2024,277,22.92,7.44,0,0.87867163176696,165.6315,30.884803610292,368.07,1032.08,40802.4,15.18
TPD,2024-10-04,2024,278,22.38,8.85,1.77,0.781785934012,154.8945,28.7583212336382,344.21,1135.79,40626.68,15.615
TPD,2024-10-05,2024,279,19.94,6.15,0,0.68959592129928,157.716,29.1558296133468,350.48,944.73,40451.39,13.045
TPD,2024-10-06,2024,280,25.55,8.86,0,1.06476832587342,163.0395,30.0096679310181,362.31,1136.49,40276.54,17.205
TPD,2024-10-07,2024,281,17.73,6.23,0,0.537387730943821,139.3785,25.5434807163416,309.73,949.67,40102.19,11.98
TPD,2024-10-08,2024,282,17.59,4.57,0.29,0.580414081029723,148.3515,27.0700846903278,329.67,846.11,39928.36,11.08
TPD,2024-10-09,2024,283,15.2,3.79,0,0.461088536230226,137.6325,25.005171089817,305.85,801.32,39755.08,9.495
TPD,2024-10-10,2024,284,15.47,1.86,0,0.527980674377466,150.957,27.3068415318411,335.46,698.31,39582.39,8.665
TPD,2024-10-11,2024,285,21.41,2.94,0,0.895222076943076,164.277,29.5871357635848,365.06,754.43,39410.32,12.175
TPD,2024-10-12,2024,286,18.24,7.5,12.94,0.526939632310197,95.0625,17.046784734525,211.25,1036.3,39238.92,12.87
TPD,2024-10-13,2024,287,11.45,8.06,23.71,0.136589072088782,36.387,6.4965975547239,80.86,1076.35,39068.21,9.755
TPD,2024-10-14,2024,288,11.3,3.94,0,0.263642192045082,99.369,17.6643305334225,220.82,809.42,38898.25,7.62
TPD,2024-10-15,2024,289,11.25,2.63,0,0.297157456263787,112.9905,19.9983924524601,251.09,737.95,38729.06,6.94
TPD,2024-10-16,2024,290,11.67,1.94,0,0.33355251291725,123.057,21.6853885063332,273.46,702.64,38560.68,6.805
TPD,2024-10-17,2024,291,15.56,-0.4,0,0.585791834128147,154.0755,27.0335851287606,342.39,593.07,38393.16,7.58
TPD,2024-10-18,2024,292,17.97,0.97,0,0.700193899451862,153.594,26.8321480343532,341.32,655.37,38226.54,9.47
TPD,2024-10-19,2024,293,20.3,2.5,0,0.822880687975559,152.0235,26.4426833364597,337.83,731.2,38060.86,11.4
TPD,2024-10-20,2024,294,22.03,4.39,0,0.903986816796827,148.3515,25.6923282433604,329.67,835.32,37896.17,13.21
TPD,2024-10-21,2024,295,24.33,10.17,0,0.897287177232569,131.8815,22.7413194532875,293.07,1241.54,37732.5,17.25
TPD,2024-10-22,2024,296,24.8,8.39,0,1.01095040923856,138.4695,23.7744500030446,307.71,1101.2,37569.91,16.595
TPD,2024-10-23,2024,297,21.58,7.4,0,0.770725798430118,129.8385,22.1967447178158,288.53,1029.35,37408.44,14.49
TPD,2024-10-24,2024,298,13.59,2.27,0,0.417142293946012,116.316,19.7997747607368,258.48,719.25,37248.14,7.93
TPD,2024-10-25,2024,299,14.52,1.33,0,0.4891608300805,124.929,21.1750912377018,277.62,672.13,37089.06,7.925
TPD,2024-10-26,2024,300,13.14,1.21,0,0.421253936775429,116.4735,19.6579042743798,258.83,666.45,36931.24,7.175
TPD,2024-10-27,2024,301,13.13,-1.32,0,0.476690871963255,127.8225,21.4819211606805,284.05,554.62,36774.74,5.905
TPD,2024-10-28,2024,302,15.3,1.89,0,0.517648038383661,118.9035,19.8986985090819,264.23,699.88,36619.62,8.595
TPD,2024-10-29,2024,303,22.51,4.9,9.52,0.927573146063902,96.6015,16.098563534233,214.67,866.05,36465.91,13.705
TPD,2024-10-30,2024,304,23.26,16.53,0,0.482479638890349,60.6195,10.060016489842,134.71,1880.11,36313.67,19.895
TPD,2024-10-31,2024,305,23.71,16.25,0,0.538367412395754,66.051,10.9159035148179,146.78,1846.82,36162.97,19.98
TPD,2024-11-01,2024,306,16.79,3.77,0,0.554119153497612,109.08,17.952750749016,242.4,799.82,36013.86,10.28
TPD,2024-11-02,2024,307,10.97,0.59,0,0.335118151484736,95.256,15.6133496722896,211.68,637.62,35866.38,5.78
TPD,2024-11-03,2024,308,13.92,-0.43,0,0.497835560884552,115.4565,18.847481824323,256.57,591.88,35720.6,6.745
TPD,2024-11-04,2024,309,19.76,8.43,0.91,0.596615074459769,94.968,15.4403738279784,211.04,1104.41,35576.59,14.095
TPD,2024-11-05,2024,310,23.85,16.49,6.6,0.53639781085858,47.484,7.6893270766344,105.52,1875.36,35434.38,20.17
TPD,2024-11-06,2024,311,21.6,12.01,0,0.585426369209832,81.7875,13.1918211003825,181.75,1402.51,35294.06,16.805
TPD,2024-11-07,2024,312,14.4,7.17,0,0.311675728988891,67.7115,10.8786251918669,150.47,1013.21,35155.67,10.785
TPD,2024-11-08,2024,313,12.82,2.51,0,0.37293460549054,91.2915,14.6101190825484,202.87,731.59,35019.28,7.665
TPD,2024-11-09,2024,314,10.47,-0.89,0,0.346663914224925,98.19,15.653864309085,218.2,572.2,34884.95,4.79
TPD,2024-11-10,2024,315,15.24,4.67,10.8,0.438078519514617,68.5305,10.8840155039649,152.29,852.01,34752.74,9.955
TPD,2024-11-11,2024,316,13.49,6.4,2.37,0.290924465173472,49.725,7.8677771442075,110.5,960.98,34622.71,9.945
TPD,2024-11-12,2024,317,9.24,-0.33,0,0.284458910680276,85.203,13.4315607437874,189.34,596.31,34494.94,4.455
TPD,2024-11-13,2024,318,10.09,-2.38,0,0.360439093480173,100.035,15.7123451867265,222.3,512.88,34369.47,3.855
TPD,2024-11-14,2024,319,9,3.99,10.05,0.166860470301878,35.2125,5.51096760598875,78.25,812.4,34246.39,6.495
TPD,2024-11-15,2024,320,9.58,5.57,1.26,0.141818425212413,38.0925,5.9407018118415,84.65,907.56,34125.74,7.575
TPD,2024-11-16,2024,321,9.65,5.45,0,0.148837796609136,40.6125,6.31178080335,90.25,899.59,34007.6,7.55
TPD,2024-11-17,2024,322,11.62,5.35,0,0.235594769072516,59.1885,9.1675014637689,131.53,893.63,33892.02,8.485
TPD,2024-11-18,2024,323,13.7,3.23,0,0.397066450102696,89.2215,13.7731582510254,198.27,770.23,33779.08,8.465
TPD,2024-11-19,2024,324,13.14,4.78,1.14,0.324643112705939,76.554,11.7791036045352,170.12,858.87,33668.84,8.96
TPD,2024-11-20,2024,325,12.71,3.81,13.94,0.33235993364959,60.534,9.2844273837168,134.52,802.06,33561.36,8.26
TPD,2024-11-21,2024,326,5.03,-0.61,7.82,0.14464990544728,43.5645,6.66088853157315,96.81,584.26,33456.71,2.21
TPD,2024-11-22,2024,327,7.66,1.29,3.75,0.188454752181275,48.573,7.4040832178334,107.94,670.22,33354.94,4.475
TPD,2024-11-23,2024,328,8.53,4.3,1.28,0.140118099104185,44.757,6.8021918695737,99.46,830.15,33256.13,6.415
TPD,2024-11-24,2024,329,7.68,1.08,0,0.194160341252675,67.8285,10.2789114765984,150.73,660.21,33160.32,4.38
TPD,2024-11-25,2024,330,8.93,1.24,3.88,0.236688604851983,57.069,8.6242037222547,126.82,667.86,33067.59,5.085
TPD,2024-11-26,2024,331,9.15,1.54,0,0.23776533461266,76.041,11.4600945727863,168.98,682.57,32977.99,5.345
TPD,2024-11-27,2024,332,5.7,-0.98,4.81,0.173214135066966,52.704,7.9221789022752,117.12,568.7,32891.59,2.36
TPD,2024-11-28,2024,333,4.87,0.99,0,0.104062871169717,45.144,6.7686442011144,100.32,655.9,32808.43,2.93
TPD,2024-11-29,2024,334,1.82,-3.05,0,0.104725483140356,56.097,8.3904064458282,124.66,487.67,32728.58,-0.615
TPD,2024-11-30,2024,335,-1.37,-4.6,0,0.0596739756066015,39.1005,5.83457861585565,86.89,434.17,32652.09,-2.985
TPD,2024-12-01,2024,336,-1.08,-5.37,0,0.0778559734349837,51.732,7.7021768322648,114.96,409.63,32579.02,-3.225
TPD,2024-12-02,2024,337,0.8,-4.08,0,0.0980420345983534,58.176,8.6430921832512,129.28,451.7,32509.41,-1.64
TPD,2024-12-03,2024,338,1.76,-4.3,0,0.124820818956026,70.4565,10.4462982645386,156.57,444.3,32443.31,-1.27
TPD,2024-12-04,2024,339,2.18,-2.47,5.29,0.102961245166094,42.984,6.3607793951664,95.52,509.23,32380.78,-0.145
TPD,2024-12-05,2024,340,1.01,-6.54,0,0.141662260447702,82.5525,12.1939040887605,183.45,374.55,32321.86,-2.765
TPD,2024-12-06,2024,341,-1.37,-8.04,0,0.110047726770809,76.653,11.3031223193439,170.34,333.52,32266.59,-4.705
TPD,2024-12-07,2024,342,4.54,-2.6,0,0.170061607949235,78.5115,11.5586668223005,174.47,504.42,32215.01,0.97
TPD,2024-12-08,2024,343,6.28,1.82,2.47,0.127778665780064,40.77,5.993351730513,90.6,696.63,32167.17,4.05
TPD,2024-12-09,2024,344,7.61,2.51,9.46,0.156016718230352,46.134,6.7725875176542,102.52,731.39,32123.09,5.06
TPD,2024-12-10,2024,345,8.46,2.04,0,0.198988489186779,73.3995,10.7617236659163,163.11,707.4,32082.82,5.25
TPD,2024-12-11,2024,346,4.75,-1.57,0,0.156088546262775,73.6155,10.7811340110873,163.59,544.56,32046.38,1.59
TPD,2024-12-12,2024,347,-1.73,-8.71,0,0.111305993547722,80.451,11.7702316393767,178.78,316.56,32013.81,-5.22
TPD,2024-12-13,2024,348,-4.27,-11.91,0,0.100655286241825,85.761,12.5358567547824,190.58,245.41,31985.12,-8.09
TPD,2024-12-14,2024,349,0.64,-13.24,0,0.210233714450513,101.673,14.8502316751074,225.94,220.36,31960.34,-6.3
TPD,2024-12-15,2024,350,3.65,-4.11,6.53,0.171600758826825,61.83,9.024921306819,137.4,450.46,31939.49,-0.23
TPD,2024-12-16,2024,351,11.27,3.04,0,0.287434844880444,81.621,11.9073804930423,181.38,759.43,31922.59,7.155
TPD,2024-12-17,2024,352,9.7,2.46,0,0.236241398100412,76.05,11.090150993025,169,729.05,31909.65,6.08
TPD,2024-12-18,2024,353,3.1,0.48,0,0.06538111407938,33.9435,4.9484907433206,75.43,632.28,31900.68,1.79
TPD,2024-12-19,2024,354,1.15,-2.02,24.11,0.0686789317780491,31.104,4.5338203643904,69.12,526.75,31895.68,-0.435
TPD,2024-12-20,2024,355,0.29,-5.15,0,0.103998398026708,67.113,9.7822997338347,149.14,416.53,31894.67,-2.43
TPD,2024-12-21,2024,356,-4.75,-11.7,0,0.0905743396977223,80.2845,11.7032493791106,178.41,249.67,31897.64,-8.225
TPD,2024-12-22,2024,357,-6.31,-14.08,0,0.0885661065601848,85.572,12.4767378599436,190.16,205.73,31904.59,-10.195
TPD,2024-12-23,2024,358,1.82,-7.64,1.71,0.176498510887288,101.637,14.8241508727059,225.86,344.13,31915.51,-2.91
TPD,2024-12-24,2024,359,2.45,-2.46,0,0.109540657764532,67.2705,9.816241057524,149.49,509.77,31930.4,-0.005
TPD,2024-12-25,2024,360,0.63,-3.97,0,0.0924220192799596,58.356,8.5204444119408,129.68,455.25,31949.24,-1.67
TPD,2024-12-26,2024,361,3.14,-1.26,0,0.10420498685478,56.3805,8.2378750243977,125.29,556.93,31972.02,0.94
TPD,2024-12-27,2024,362,6.03,-0.43,1.6,0.172175176024986,75.087,10.9802836510848,166.86,591.94,31998.72,2.8
TPD,2024-12-28,2024,363,13.94,3.21,1.83,0.409899714085978,92.385,13.5227655098685,205.3,769.14,32029.33,8.575
TPD,2024-12-29,2024,364,13,3.36,38.85,0.358778624151857,66.834,9.793290682044,148.52,777.18,32063.8,8.18
TPD,2024-12-30,2024,365,7.71,-0.66,0,0.234446731540237,85.41,12.530222159481,189.8,581.91,32102.13,3.525
